GEOID,REGION6,peak_prevalence_A,peak_prevalence_C,final_attack_rate_A,final_attack_rate_C,time_to_peak_A,time_to_peak_C,peak_prevalence_ratio,attack_rate_ratio,time_to_peak_diff
01001,2,0.0067236191400446435,0.0012528510830226798,0.17329617582853576,0.05486122043066004,82,126,5.366654689576485,3.1588100750979016,-44
01003,2,0.00659157569902123,0.0010709965104535547,0.16718191516098777,0.04706815266853081,81,121,6.15461921181216,3.55191155128473,-40
01005,2,0.008267060406787829,0.0017996469899432147,0.1860302627958116,0.05815034694639717,81,113,4.593712240781557,3.1991255867706827,-32
01007,2,0.0070200318373249805,0.0013207643856075297,0.17620017227870113,0.05522361930502335,81,124,5.315128052984168,3.1906668649418513,-43
01009,2,0.007289603183322936,0.0016302071008531046,0.1831299456846542,0.06438270612101353,82,126,4.4715810521915955,2.8443965269251614,-44
01011,2,0.007449459658720705,0.0015886875623003995,0.18112448585240404,0.059096442968510805,82,121,4.689065260845865,3.0648965784440727,-39
01013,2,0.006060574196035735,9.505153545037748e-4,0.15585134092071978,0.038626449805569604,84,117,6.376092892470647,4.034834723491657,-33
01015,2,0.006321817874820561,8.684808980439247e-4,0.1611711646086908,0.04138559293972763,81,116,7.279167439444161,3.8943785303116045,-35
01017,2,0.008215747762288953,0.0017424985475153246,0.19175293512883407,0.06560886495793698,79,122,4.714923736380732,2.9226680762084563,-43
01019,2,0.005725994536451148,7.456530996864847e-4,0.14827005581940195,0.03275761708463941,83,112,7.679166812098929,4.526277214740636,-29
01021,2,0.0063973259329168485,0.0010901629206609348,0.16607251195167272,0.048819235092309066,82,123,5.868229245073142,3.401784391698419,-41
01023,2,0.006751992961284317,0.0010169059391861499,0.1649322861146915,0.04124871524824144,82,116,6.6397418887021855,3.998482986005802,-34
01025,2,0.006643411667207775,0.0010707574659985348,0.16328850077625645,0.04096964884015423,83,116,6.204403777855018,3.985596786863789,-33
01027,2,0.006780012549007901,0.0013042252042556048,0.16935590676422918,0.049902214227478287,83,119,5.198498332101807,3.393755355067483,-36
01029,2,0.008337443810021737,0.0019001274193552195,0.19246232694301896,0.0670157813376455,80,120,4.3878340605447015,2.871895590880845,-40
01031,2,0.007237417944041865,0.0014634112580002398,0.17881228296267268,0.057579103695529404,82,123,4.94558033804649,3.1055065377225755,-41
01033,2,0.005716883989972068,6.829292124282949e-4,0.14830608895988937,0.0330161510320731,81,102,8.371122344649036,4.491925446301096,-21
01035,2,0.006057825871847996,6.839403400186649e-4,0.14838504690962145,0.027169479137651747,83,110,8.857243121063274,5.4614608604692725,-27
01037,2,0.005996097364978264,7.586309422255648e-4,0.1514092565738395,0.03306260058300312,82,111,7.903839708129697,4.579472089430141,-29
01039,2,0.0071553831099809995,0.0013934479201681998,0.17513793332750632,0.05289894886153674,82,120,5.135020122687679,3.3108017663248988,-38
01041,2,0.0066475021997831245,0.0011370831878466498,0.16472369590175037,0.04334718444988365,83,117,5.84610015417766,3.800101390488178,-34
01043,2,0.007407837832215176,0.0016411026463858545,0.1836880123921089,0.06399169740830246,81,125,4.5139393617633905,2.870497577522873,-44
01045,2,0.006099317562022665,8.968945472322698e-4,0.15669477455827874,0.03869815760600071,83,117,6.800484606406151,4.04915335126913,-34
01047,2,0.00685113285284103,8.198776316334547e-4,0.1643568004204642,0.03756331910042262,79,112,8.35628707078081,4.375460006105133,-33
01049,2,0.008599661520391003,0.0022746661885937347,0.19942264887690606,0.0776957764983222,80,121,3.7806257302780613,2.5667115751293443,-41
01051,2,0.006083805525647571,0.0010287317626556949,0.1624355521339998,0.0478940302954361,82,123,5.913889068557664,3.3915615606373084,-41
01053,2,0.006324794954622836,8.934291323397348e-4,0.15798081570252584,0.036988356911302686,82,115,7.07923519133443,4.27109579593818,-33
01055,2,0.0063102957776940884,8.678913951617698e-4,0.16075816297321754,0.04125940931645053,81,115,7.270835743817792,3.8962788279453555,-34
01057,2,0.005934776320045541,8.036530964230147e-4,0.15432385318538708,0.03787369437899273,82,113,7.384748900316168,4.0746976421446055,-31
01059,2,0.007621854391774587,0.0016607758872534946,0.18659268375968935,0.0648415217635386,81,125,4.589333485795736,2.8776728041662545,-44
01061,2,0.006634162744565567,0.0012080308159650797,0.1680952352440583,0.048695879664076805,83,121,5.491716483462073,3.451939597428877,-38
01063,2,0.005813849470197974,5.034492995255449e-4,0.13917946276845083,0.018397549553555145,81,3,11.548033686166606,7.565108731643871,78
01065,2,0.006880958154738083,9.869403938493448e-4,0.16408216763488323,0.03800320468598723,82,114,6.9720098575562535,4.317587661110712,-32
01067,2,0.0069980970353535924,0.0012851508698871349,0.1718915863376435,0.049575696105451456,82,119,5.445350580487241,3.467255123801316,-37
01069,2,0.00639985679788692,9.272906661071697e-4,0.16285023712908347,0.04284250729086003,81,118,6.90167283226732,3.8011369414839487,-37
01071,2,0.006099491297136029,8.264374737688097e-4,0.1564161496423779,0.038260451532246,81,114,7.38046312120924,4.088194032695877,-33
01073,2,0.0060754882971801715,7.104660752755648e-4,0.1543303264381524,0.035396180519671055,80,100,8.551412246986885,4.360084172143515,-20
01075,2,0.004777554499988881,5.402305684822949e-4,0.13049075186244685,0.02495923260590603,83,97,8.843547142122626,5.2281556056963545,-14
01077,2,0.00530175891820654,5.700070454773949e-4,0.13868810297010786,0.027236752628811815,81,80,9.301216467888016,5.091947078279795,1
01079,2,0.005720115960044479,7.969579254958998e-4,0.14985283273852704,0.0350737194423786,83,114,7.177437825823978,4.272510447165863,-31
01081,2,0.006130099594468593,8.192966590767248e-4,0.1578607153591769,0.03972822171636427,81,112,7.482148897539355,3.973515766353902,-31
01083,2,0.006871843134483651,0.0014454981206220498,0.1766475390394303,0.059333099051290084,82,126,4.753961998599105,2.977217469910489,-44
01085,2,0.007818762457633343,0.0015352875535789296,0.17995671924932394,0.05214154410787967,82,115,5.092702301537533,3.4513116619062445,-33
01087,2,0.005778023380169459,6.310106814732049e-4,0.14483981946938426,0.02702780581699615,82,107,9.156775867374625,5.358918901892631,-25
01089,2,0.005629248003120129,6.320880917757649e-4,0.14573015568934275,0.031039859426330467,81,88,8.905796638733579,4.6949360719631,-7
01091,2,0.006264100024904348,7.592762536141098e-4,0.1522529057018713,0.029460375287863674,83,111,8.250093421317478,5.1680572366840325,-28
01093,2,0.0072445899267686,0.0012955125614392549,0.17671611330558976,0.05308689876806233,80,122,5.592064594665292,3.3288083765764096,-42
01095,2,0.007240610742508215,0.0015936134328651047,0.18227377700836597,0.06352839122365748,82,126,4.543517639337767,2.869170358283662,-44
01097,2,0.006903065685871742,0.0010912501247804548,0.17253179553136722,0.04984428680354075,80,123,6.32583266577912,3.4614156726004395,-43
01099,2,0.007018899787746404,0.0011233173126876848,0.16585275207938974,0.03992816481825954,83,113,6.248367855163526,4.1537784877992605,-30
01101,2,0.007173168561219245,0.0011036637648615347,0.17584943438574005,0.05060232682216577,79,124,6.4994147580075605,3.4751254621894425,-45
01103,2,0.007392450934365105,0.0014436575114151748,0.18131204838047657,0.058571841786935364,81,124,5.120640370664164,3.0955497189251577,-43
01105,2,0.006315108207324323,8.978439912626498e-4,0.15692107496101282,0.035555992532411575,83,115,7.033636432141517,4.413350993309192,-32
01107,2,0.006214318263251024,8.865212598322298e-4,0.15709893789261,0.0377625212649517,82,115,7.009779172613476,4.1601813817028495,-33
01109,2,0.005317543071369501,5.229027733001949e-4,0.13473139488905628,0.02177232089881786,81,9,10.169276857739547,6.1881962660384815,72
01111,2,0.006863428604458892,0.0012886747367301399,0.17352145503110153,0.05353806900548705,82,123,5.325958838825406,3.2410854230345425,-41
01113,2,0.006212621300931463,8.481384417553197e-4,0.15852949584455847,0.03923521061603398,81,115,7.325008506952863,4.04049050216576,-34
01115,2,0.006733346573260848,0.0013191365980499148,0.17565479333219264,0.058905292628102686,81,130,5.104358853521904,2.9819866007828097,-49
01117,2,0.005784263126155768,8.542902827433248e-4,0.1552308009833012,0.04188648608171351,82,115,6.770840360704038,3.7059876705931343,-33
01119,2,0.00536892574199827,5.714887009767849e-4,0.13890929230660656,0.02583747422788163,82,101,9.39463148234031,5.37627211860776,-19
01121,2,0.0060819409084866575,8.760020834644398e-4,0.15768415947670963,0.040632000437207404,82,116,6.942838405627544,3.8807875019689066,-34
01123,2,0.005192605861461845,5.286458035063099e-4,0.13420238193823844,0.023330181888668675,81,11,9.82246681430408,5.7523075721676955,70
01125,2,0.006506415735542783,0.0010068043811577447,0.16689343056678824,0.04726352797367265,81,122,6.4624428114435934,3.5311251132110453,-41
01127,2,0.006054919927344165,8.278655111813898e-4,0.15687767752352472,0.03967587375536245,81,114,7.313893193477291,3.9539816688302096,-33
01129,2,0.006845815576414336,0.0014837972701292046,0.17304757068760301,0.05574001673024587,84,121,4.613713553886121,3.104548237311584,-37
01131,2,0.00851174272836225,0.0020247971822449644,0.19012627728003442,0.06358048205171553,81,113,4.203750777114861,2.9903245641545815,-32
01133,2,0.005971699564631178,8.575906399959948e-4,0.15607075369820608,0.04038016431848258,82,115,6.963345081120601,3.865035131290198,-33
04001,4,0.014996441131801859,0.008514750662782723,0.24657361499789543,0.15771234290301236,73,90,1.7612308011965723,1.5634389196128402,-17
04003,4,0.0043812073433624,0.0013417993559254498,0.14011377098693006,0.056872435033316085,92,128,3.2651732347424227,2.4636499370011307,-36
04005,4,0.007177442746935548,0.0030416972838080442,0.18413528917364594,0.09500974026268585,88,120,2.3596834521118977,1.938067493549009,-32
04007,4,0.0055980008004393525,0.0019234880537172445,0.16139061461895898,0.07207937757941849,89,126,2.9103382210359525,2.239067817159431,-37
04009,4,0.010148262707373455,0.005474683606425724,0.2126865166409276,0.12914960308199383,85,106,1.8536710862089412,1.6468228439378036,-21
04011,4,0.007285841105196018,0.0032341921706103343,0.18443699966591778,0.09693502406717072,90,118,2.252754542974818,1.9026868919753188,-28
04012,4,0.009450211740898403,0.004104875261247569,0.19915824146150352,0.10205406498689433,83,106,2.3021921835515804,1.9514973900067498,-23
04013,4,0.006006036856728245,0.0024351224886954297,0.17111264192252754,0.08581308256096919,91,127,2.4664208410911863,1.9940157935819869,-36
04015,4,0.0032635804421443653,7.208512753941699e-4,0.11059907481602724,0.03576240276945016,86,101,4.527397749778276,3.0926074942175275,-15
04017,4,0.011455978071545041,0.006141487086729943,0.22294621750002608,0.1357352637574886,80,101,1.8653426946542386,1.6425077119115703,-21
04019,4,0.004377855270161414,0.0013120802064169447,0.14160127768930117,0.05831597941269895,90,129,3.3365759568285465,2.4281728458540806,-39
04021,4,0.007522304905455776,0.0035771066136685943,0.1884446430491824,0.10444349187412297,90,118,2.1029020708278754,1.8042736762985578,-28
04023,4,0.008377887835445184,0.004132500719908874,0.19573282862529565,0.11062922926118975,89,113,2.027316727395495,1.76926866373787,-24
04025,4,0.002756780438516673,5.650374851158099e-4,0.0946216177660706,0.027009742731181497,83,59,4.878933718798574,3.503240245855223,24
04027,4,0.011344624055724766,0.006086210218219029,0.21631852649579922,0.12948000350207992,82,99,1.8639882043122191,1.670671305568233,-17
05001,2,0.008319082357039993,0.0020465012831457894,0.18493493213805023,0.060211650167661494,83,111,4.065026699740093,3.0714144459268646,-28
05003,2,0.007700073987401443,0.0016261494135153495,0.17595421473672157,0.05046518553633099,84,112,4.7351577434423495,3.486645553102114,-28
05005,2,0.005977208322648765,6.035646269295699e-4,0.14733688160276895,0.02776216818616605,80,98,9.903178642286878,5.307110043234564,-18
05007,2,0.008867190090715698,0.0026530936919201445,0.20624667292322682,0.08847181577601698,80,123,3.3422076716401885,2.3312132922125053,-43
05009,2,0.006661622262687547,0.0011808864110198999,0.16961473209662217,0.050078289009272955,82,122,5.641204946150649,3.3869913579758038,-40
05011,2,0.010039992630970685,0.0027208513364619046,0.20526389139707768,0.07507921720366308,79,108,3.6900188174287845,2.733964191984982,-29
05013,2,0.0075497115871559495,0.0019231670696831346,0.18308272159189085,0.0645296347704449,85,119,3.9256660048780145,2.8371882506879493,-34
05015,2,0.010913258466054666,0.003690318173039999,0.21701118469486805,0.09460674719453878,78,106,2.957267626889899,2.293823549906334,-28
05017,2,0.009724757022889123,0.0025700721377307596,0.20051018434988246,0.07022551846728761,80,107,3.783845939622372,2.855232524104239,-27
05019,2,0.007474247256115371,0.0015006032102359245,0.1784198563864578,0.054474561269160005,82,118,4.9808285129153305,3.27528762471131,-36
05021,2,0.00800157174573339,0.0019595125079096744,0.18148768529979917,0.05855385510742274,84,112,4.0834502017387635,3.0995001945959384,-28
05023,2,0.006643328297430399,9.299163169253397e-4,0.16542899576182882,0.04319212249776055,80,117,7.144006591255214,3.8300733141883936,-37
05025,2,0.007001482614354254,0.0015295463507056996,0.1707444094259017,0.05149231649123589,86,116,4.57748966621634,3.315920142279145,-30
05027,2,0.008518699627288812,0.0018520480957977946,0.19618950416001177,0.06905270924730636,78,123,4.599610370063996,2.841155782278953,-45
05029,2,0.0077434569125383575,0.0018841337380030346,0.18312712469034018,0.062317429617205565,84,117,4.109823393293478,2.9386180690575143,-33
05031,2,0.007502763320874753,0.0016983941733361395,0.18485605282423118,0.06467629177473723,82,124,4.417563036110249,2.858173339128211,-42
05033,2,0.00872016468512741,0.0023558811176148746,0.20323690775757308,0.08256899040615372,79,125,3.701445128078373,2.4614193144164473,-46
05035,2,0.00770152145287648,0.0016875265273590795,0.18546703537370887,0.06281343799837417,81,122,4.563792822225493,2.9526649278218042,-41
05037,2,0.012194834060467357,0.004621221038573759,0.23053370891298255,0.11097766487769989,76,104,2.638877032428432,2.0772982488596816,-28
05039,2,0.008164357492134101,0.0015487836598945895,0.18537540194510238,0.05547802249235945,80,117,5.2714641195851515,3.3414205052213726,-37
05041,2,0.011375384000574126,0.003709189811151104,0.21732609740109868,0.09018792847798039,78,103,3.066810969440226,2.4097027292755637,-25
05043,2,0.007769493380029212,0.0018247710577285596,0.18415868024996926,0.062277583730746586,83,118,4.257790777162221,2.957062063392959,-35
05045,2,0.006614524385932792,0.0011978104584621898,0.17173373313383647,0.05396062368133195,81,127,5.5221795228143655,3.1825750226317147,-46
05047,2,0.008571114289956005,0.0021337503631090795,0.19442445860085367,0.06972119238055101,81,117,4.016924584123827,2.788599161351823,-36
05049,2,0.00995788175073335,0.0025815643320629797,0.209270756630946,0.07931096544103915,77,114,3.8573052885247328,2.6386106317987106,-37
05051,2,0.006683140731990429,0.0010134658310361748,0.16683371892238172,0.045114221351125146,81,119,6.59434243101964,3.698029444505106,-38
05053,2,0.006552376196082902,0.0013022386900616999,0.1672140932841016,0.050003912066289825,84,120,5.031624575501171,3.3440202251061297,-36
05055,2,0.007716335340219676,0.0017926624463038097,0.18549597666000273,0.06418687504293318,82,120,4.304399501495419,2.889936245313837,-38
05057,2,0.008652761270748963,0.0022231140277142844,0.18908221089364516,0.06375622926311092,83,110,3.892180591224725,2.965705674238287,-27
05059,2,0.006969439894093113,0.0012800775650442697,0.1751004223683285,0.054325184293317945,81,124,5.4445449904061745,3.223190581791842,-43
05061,2,0.010597412560451951,0.003426091437224834,0.21032965680207355,0.08616741305915171,80,105,3.09314936703381,2.440941991117775,-25
05063,2,0.007703258303788431,0.0017347738391715445,0.18828033360873037,0.06689283852635723,81,125,4.440497158676998,2.8146560641845664,-44
05065,2,0.007813036007444239,0.0016133163233154695,0.18090502758702867,0.055050554086470645,82,115,4.842841973722762,3.286161794173264,-33
05067,2,0.007812498523477377,0.0018568260621124595,0.18023342487768576,0.05735268691666675,85,113,4.2074476887669885,3.142545442370717,-28
05069,2,0.006650607251779855,9.817276491068897e-4,0.1653436953080322,0.042887283692405936,81,118,6.774391306825405,3.855308172322176,-37
05071,2,0.00935601731111886,0.0026786838716399497,0.20602139446254472,0.08287595490387678,80,116,3.49276650752778,2.4859007018561354,-36
05073,2,0.008030203894306089,0.0020034752020018248,0.17894709401411388,0.056286356127223214,86,109,4.0081374035887745,3.1792268380216764,-23
05075,2,0.008633511399670174,0.0023241864275118894,0.19370896527904796,0.07113479922105398,82,114,3.7146380761342814,2.723125212978957,-32
05077,2,0.010055068474971146,0.0028753948601433245,0.19678577145410137,0.06830951928658884,82,102,3.4969348434009335,2.8807957296331934,-20
05079,2,0.00712783830690132,0.0015683291358785047,0.17281173929692176,0.05309499895308226,85,116,4.544861243624501,3.254764906382764,-31
05081,2,0.006987050522504255,0.0013556902039952548,0.17382566650576203,0.05286907921813404,83,121,5.153869594921637,3.2878512180734183,-38
05083,2,0.008943052172709734,0.0025393210318761347,0.20078390516081507,0.07923657548750547,81,116,3.5218281030430836,2.533980096003467,-35
05085,2,0.007630860297475316,0.0019410622002999996,0.18857366513707666,0.07111237924211183,82,124,3.9312806649348655,2.6517698767334417,-42
05087,2,0.00853453934903067,0.0023353435987684746,0.19487688571425624,0.07391517824271499,82,116,3.654511204917038,2.636493482763983,-34
05089,2,0.0052154097141887895,5.165144915125648e-4,0.13392443530221898,0.022123020904368962,82,7,10.09731537040896,6.053623322110179,75
05091,2,0.0070935041830779,0.0010736051188767798,0.17355312767081293,0.048582260008596986,79,121,6.607181782533991,3.5723559924981143,-42
05093,2,0.008594735654326563,0.0021904113571736147,0.19336625373378083,0.06921545098393252,81,115,3.9237998041686257,2.7936862504683866,-34
05095,2,0.012602153062510448,0.003629378624999579,0.22365814059115896,0.08445071262981943,74,99,3.4722618840881916,2.648386658044441,-25
05097,2,0.006668210708746756,0.0013430363386219399,0.16274786635065247,0.04401722208688657,87,114,4.9650262744110565,3.697367953602362,-27
05099,2,0.007604760091003974,0.0013150010079867797,0.18035272563885274,0.05291183660281466,80,120,5.783083088770095,3.4085516061874674,-40
05101,2,0.005458581843225399,6.580285655305199e-4,0.14104261664896225,0.02724800632241643,84,110,8.295356963454234,5.176254547949408,-26
05103,2,0.00569153850456922,6.521382373947149e-4,0.14605481614391858,0.030186898920506817,82,104,8.727503124654756,4.838351118097109,-22
05105,2,0.008975061663227785,0.0026822386758987744,0.20139896469601154,0.08174526688509483,81,115,3.346108511473308,2.4637385425520457,-34
05107,2,0.00857115603575344,0.0018663126419214097,0.19142003850675385,0.06211007152966338,80,115,4.592561740850262,3.081948447206873,-35
05109,2,0.008985474541655433,0.0024740718691873497,0.19931221058901422,0.0754027620376363,81,114,3.6318567191044706,2.6433011895443586,-33
05111,2,0.00791257806029204,0.0019673578523379696,0.18384541123893755,0.06207878256043581,84,115,4.02193126730294,2.961485448912562,-31
05113,2,0.008429544256609793,0.0020920865222972497,0.18998770609155147,0.06527013873796925,82,114,4.029252216277172,2.9107905968189853,-32
05115,2,0.007143108115703031,0.0014057765013777799,0.17779356397142868,0.05678592972305411,81,124,5.0812544588006565,3.130943965142963,-43
05117,2,0.007251033919646136,0.0015731544196309246,0.17074784498002726,0.04903718149136214,86,113,4.609232144767638,3.4820077293819254,-27
05119,2,0.006274647492448139,6.669025274903099e-4,0.15465992720564622,0.03281461822657949,79,93,9.408642543402731,4.713141141479847,-14
05121,2,0.009231123242655199,0.0025624255949991646,0.2041793407843976,0.07998017534178443,80,116,3.602494160482427,2.552874383081368,-36
05123,2,0.007971684591430496,0.0017729862891728695,0.18576306919999994,0.060439339465888337,82,117,4.496190771531253,3.073545654893262,-35
05125,2,0.006122097931657427,9.832222661288498e-4,0.1615355058923853,0.04589319926320455,82,121,6.226565592092822,3.5198135777363078,-39
05127,2,0.008751511464062455,0.0023218262100786445,0.1942643058121513,0.07058169676234538,82,113,3.769236227101608,2.7523326120404255,-31
05129,2,0.007469218939276789,0.0017795524474542646,0.17719841504470904,0.05731310264271751,85,115,4.19724574567154,3.091760991362501,-30
05131,2,0.007832169802626547,0.0016899360742386046,0.18965219093164495,0.06667044763680485,80,127,4.6345953092665395,2.84462153253864,-47
05133,2,0.018294326028814287,0.009162210102659968,0.2692918304848493,0.1585939434149971,68,86,1.996715402051639,1.6979956780580578,-18
05135,2,0.007736636151256127,0.0017225478657802596,0.18465412018866034,0.062031888637719745,82,120,4.491391098587369,2.976761214978995,-38
05137,2,0.01170516209034106,0.003982801142352494,0.22404869082267365,0.09928912937111352,76,105,2.9389270696621455,2.256527902316936,-29
05139,2,0.006505991474999403,8.364719433705748e-4,0.16052628514600023,0.03782638153586584,80,113,7.777895632438577,4.243765293642852,-33
05141,2,0.006234789737503317,8.175479309910348e-4,0.15580420941137546,0.03552300161518409,81,113,7.626206979626847,4.38600913006118,-32
05143,2,0.008132246954108895,0.0018579373520155795,0.19377710078126517,0.07055950494847384,79,126,4.37702969117158,2.7462933721370515,-47
05145,2,0.007525121874875549,0.0016610902125589095,0.186394841060203,0.06590965076741599,81,127,4.530230699079913,2.8280356349931037,-46
05147,2,0.007934017910201182,0.0018367069626228846,0.17962695026139638,0.05516675452941543,84,111,4.3196971926709065,3.256072462367124,-27
05149,2,0.01265094370614049,0.004932189383698979,0.2348859862843735,0.11576014902031843,75,103,2.5649752517517284,2.0290746709659633,-28
06001,6,0.010844648744167748,0.0027774934502368294,0.22516661875159488,0.09193432532825263,74,123,3.9044732016354726,2.4492116295805153,-49
06003,6,0.009800002700127469,0.0020616531530159594,0.19541868752462663,0.055923791366044986,79,105,4.753468198950537,3.494374804553723,-26
06005,6,0.008890508287832097,0.0016563068485206346,0.1925748736667818,0.056477256621670364,78,114,5.36766982263754,3.409777407511162,-36
06007,6,0.009619776334280142,0.0021234898867893495,0.20456378933887526,0.0696415626506844,77,115,4.530172897985845,2.937380804691994,-38
06009,6,0.007592899818489312,0.0012941572588336897,0.17809254244107986,0.049463866995794296,80,117,5.867061183377456,3.6004573289068222,-37
06011,6,0.019417488343050678,0.008879738741639338,0.26493040822451747,0.1412282367059692,67,82,2.186718428099373,1.8759025418981232,-15
06013,6,0.010744192602368039,0.003057304585975104,0.22547005424816766,0.09683947426652323,75,121,3.5142696124080355,2.328286640916959,-46
06015,6,0.010485461322889201,0.0027511590732440397,0.2135600025095001,0.0801558280823152,77,111,3.8112886400731565,2.6643103517087603,-34
06017,6,0.007802113482463666,0.0012885012179899497,0.18320749572722628,0.05337942883697284,79,122,6.055185182234358,3.43217414871118,-43
06019,6,0.01935813105328595,0.009079271945223658,0.27549773037917735,0.15562143153285843,66,85,2.13212371763682,1.7703071335711742,-19
06021,6,0.016145936670286902,0.006612673556019453,0.24863134488111707,0.12187055009141749,71,89,2.4416654676064287,2.0401265498072654,-18
06023,6,0.010520261974759654,0.0023219978368922848,0.20979518455446552,0.06951297483530083,76,109,4.530694132273509,3.0180723102635088,-33
06025,6,0.019327987309593352,0.009234328213096103,0.27511290446587555,0.15693366407263212,66,85,2.093058299810315,1.7530521962359054,-19
06027,6,0.0072910412469022225,5.539372266068949e-4,0.15955018698046314,0.024003948947819605,78,96,13.162215674803088,6.646830791354264,-18
06029,6,0.01938069427972598,0.009263838946888429,0.2733100023413787,0.15503773334337168,66,84,2.092080226225828,1.7628611851287976,-18
06031,6,0.019460317710159658,0.009531980620699832,0.2707400995439595,0.1546573475859867,67,83,2.041581753523424,1.7505802586807773,-16
06033,6,0.011419846489063372,0.0028934836499323745,0.21994340677990834,0.08075744946712779,75,108,3.9467465072181325,2.723506106633989,-33
06035,6,0.00907358209810945,0.0018215779818599896,0.19595076671854375,0.06115475427929778,78,114,4.981165883902776,3.2041787924389937,-36
06037,6,0.014919670571231555,0.005432477637192639,0.25854150672863235,0.1292042097042687,69,105,2.7463841671590656,2.0010300540547368,-36
06039,6,0.023163803728835402,0.01243480150978707,0.2894842660600052,0.17920382222671427,62,76,1.8628205452739914,1.615391136544917,-14
06041,6,0.008178882180319764,0.0011056870974013198,0.18443963889227497,0.04850665924780655,77,119,7.397103755250894,3.8023570732840204,-42
06043,6,0.009732827170812267,0.0017929359531999246,0.19933821407812197,0.057708507455532534,76,111,5.428429918783044,3.4542257782654078,-35
06045,6,0.011481144367674712,0.0028777990776895747,0.21845346166228455,0.0778013051276958,75,106,3.9895573171467853,2.807838008677816,-31
06047,6,0.019919699705099752,0.009912815591740969,0.2763955198056975,0.16160177960342784,66,83,2.009489586560673,1.7103494805810584,-17
06049,6,0.012674438183946193,0.003830528663966264,0.21785372360137917,0.08012102734997266,76,95,3.3087960685882543,2.7190580401544677,-19
06051,6,0.008479858702712836,0.0013112375157120048,0.1849676626449916,0.047230163853420826,78,113,6.4670653494140256,3.916303640593756,-35
06053,6,0.02458377361600318,0.013119716596101746,0.2952259355521612,0.18238224248364665,61,74,1.8738037087864947,1.6187208334091665,-13
06055,6,0.012942828436949296,0.004188818027831629,0.23593081418155132,0.10346161126494699,73,104,3.0898521613862617,2.280370577038221,-31
06057,6,0.006699332464476077,6.999281854711349e-4,0.15860876878788688,0.03126081828645143,79,107,9.571456905920469,5.073724153171915,-28
06059,6,0.01295714729014225,0.004445187614202739,0.24452995104797565,0.11718549515201926,72,111,2.9148707354315264,2.0866912814658365,-39
06061,6,0.007837441573413245,0.0013464121714419248,0.18712588525685678,0.058417979656899224,78,128,5.82098241508009,3.2032241846754284,-50
06063,6,0.008771263143109028,0.0016642094001760345,0.1860126592354721,0.050089339413955186,80,108,5.2705285417695835,3.7136177360655687,-28
06065,6,0.015011179670336416,0.006270052987000839,0.25884725416915616,0.1385289116460781,70,101,2.394107306821458,1.8685431877965988,-31
06067,6,0.011571157147425678,0.003337393846384809,0.23189736026888205,0.10040796055686005,73,118,3.4671236539732915,2.3095515433515934,-45
06069,6,0.016396721849400622,0.007599534134388399,0.2616694265925515,0.14627641671785033,70,93,2.1575956577659627,1.7888695420894842,-23
06071,6,0.015542605911930974,0.006765598562552879,0.2631502955118172,0.1448998728999295,70,100,2.2972994581674158,1.816083687620303,-30
06073,6,0.011055762015756775,0.0029770908272323793,0.22681047096858079,0.09456682700162149,74,120,3.7136126028222813,2.3984147312534003,-46
06075,6,0.010002203462872849,0.0011942262166297047,0.20292597384598415,0.053774179084496346,72,124,8.375468000611015,3.773669394880448,-52
06077,6,0.017320967868328246,0.007955744109834958,0.26843526746575613,0.15059956387333978,68,92,2.177165030599202,1.782443856819671,-24
06079,6,0.00917808743017117,0.0018856808301525496,0.19911035491405926,0.06460782553866076,78,116,4.867253929408972,3.0818303085423198,-38
06081,6,0.0106892131971125,0.0027694487119562846,0.22333276520417553,0.09117159957180308,74,122,3.8596898909753947,2.449587001358769,-48
06083,6,0.018217011761526968,0.007931198974811489,0.26906886603902885,0.14428059704571577,67,88,2.296879931947484,1.864899865598515,-21
06085,6,0.011327903218897773,0.003376178823461689,0.23080861528360958,0.1019681246061939,74,119,3.355243845550504,2.263536925632439,-45
06087,6,0.012596989830251638,0.003974400127930539,0.2342625765369683,0.10192051425513593,73,106,3.1695323633181496,2.298483070351693,-33
06089,6,0.008798807705216176,0.0016176806320990296,0.19569446742237648,0.06131669953789161,77,120,5.4391500588093455,3.191536219287929,-43
06091,6,0.012622670012961298,0.003187852304272154,0.21240985099195217,0.06526546774396703,75,93,3.9596156936270885,3.2545518837806346,-18
06093,6,0.011147815430134916,0.0025638162830646646,0.21020401316884454,0.06699229175065004,76,103,4.348133485137767,3.1377343224984524,-27
06095,6,0.011155621638147975,0.003272323349042384,0.22813859112340001,0.09880767386013707,74,118,3.409082920064292,2.3089157168736887,-44
06097,6,0.009722348453728116,0.0021059270108669597,0.20760925532262833,0.07229743060078901,76,118,4.616659743456948,2.8715993583368453,-42
06099,6,0.015946973991271728,0.006863387570029123,0.2598367580134702,0.13910955876095024,70,95,2.323484405996332,1.8678569634454882,-25
06101,6,0.016499106753714028,0.007105749649051174,0.2583111780847103,0.13595602120404263,70,91,2.3219375250459526,1.899961294814867,-21
06103,6,0.014244354730285036,0.0050891226087854645,0.24051554512344397,0.10925398793922718,72,96,2.7989804579859587,2.201434928464409,-24
06105,6,0.014165910017742239,0.0035497300407600642,0.23043458717497897,0.07719029571543075,71,94,3.990700660354738,2.9852792380080735,-23
06107,6,0.02127896218792989,0.011010301535060609,0.28057593134456793,0.16801292350155098,65,80,1.932641183365443,1.6699663662597828,-15
06109,6,0.00791195294288677,9.080914471070498e-4,0.17504800916108154,0.03761991162708315,78,111,8.712727080617547,4.653068058646417,-33
06111,6,0.013707939506300814,0.005098220532430509,0.24430717040635308,0.118328287338574,73,102,2.6887694282941768,2.064655678716234,-29
06113,6,0.011494001179923758,0.003552722284390749,0.22712052681989653,0.09776925318034689,75,110,3.23526587778162,2.3230260990226244,-35
06115,6,0.014084862802061594,0.005439003144233739,0.24821148973379883,0.12372639903839897,72,101,2.589603724902039,2.006132011138265,-29
08001,5,0.009790239760794345,0.0032055396861226343,0.21781138343904013,0.09908790448483953,79,120,3.0541627056367693,2.1981631821910748,-41
08003,5,0.009686488198392455,0.0029465182615567493,0.2019872251509236,0.07781134189085606,82,107,3.2874353180742695,2.5958583959938104,-25
08005,5,0.007550730535514737,0.0015744116758789897,0.18800698579193736,0.065659028332316835,80,130,4.795906084283315,2.8633836132997095,-50
08007,5,0.006954225535903513,0.0014376867064430448,0.17016440360760016,0.05009848036121443,84,116,4.837093856914654,3.39659810798052,-32
08009,5,0.014474829165779537,0.005394390064859164,0.23149653802851136,0.10074298217772781,75,90,2.6833115499142988,2.2978924489262385,-15
08011,5,0.013380906906493874,0.005004315430065519,0.22836257992620485,0.10129143621973079,77,94,2.6738735983951925,2.2545102374777226,-17
08013,5,0.005717215719718376,7.140417430870999e-4,0.15018257146865618,0.034671622974528034,82,105,8.00683682021232,4.331570275178344,-23
08014,5,0.006095703134526304,9.146452564067148e-4,0.16153485948111407,0.044725337035373854,81,119,6.664554472707756,3.611708042654973,-38
08015,5,0.004746925674772271,5.092659067413199e-4,0.12528834159413996,0.018412941669624976,82,4,9.321114199744493,6.804363139911677,78
08017,5,0.011327223718534682,0.003718224751805034,0.2083797004935599,0.08044683543342421,81,98,3.0464064102192356,2.5902784040027247,-17
08019,5,0.004806037489496231,5.069878149320099e-4,0.12422755307502772,0.016256345744421596,81,4,9.479591713936458,7.641788322425211,77
08021,5,0.017304511963882906,0.007133389681545193,0.26155153932582453,0.13318884334164047,68,89,2.4258470007115194,1.9637646274539908,-21
08023,5,0.01035994911647364,0.0029807153343224943,0.20721596910164208,0.07785351647708341,79,106,3.4756586773585405,2.6616134823227564,-27
08025,5,0.010046297965061408,0.0027552025217267044,0.20969770029996124,0.0789707610151748,79,111,3.646301092511096,2.655384063725387,-32
08027,5,0.008994545789900481,0.0020718296193555545,0.1937275804804928,0.06402336412709603,79,111,4.341353992563465,3.0258888004684406,-32
08029,5,0.008058299225696747,0.0018330014598903046,0.18609619751366388,0.060149479374594625,83,115,4.396231755417693,3.093895399404994,-32
08031,5,0.007183933243115042,8.126138894581798e-4,0.16976691343553457,0.03943960585193146,78,110,8.84052480065904,4.304477942119714,-32
08033,5,0.0059535591860953255,9.360311701766548e-4,0.15107847478909048,0.03387931705395546,86,114,6.360428344466055,4.459312876599201,-28
08035,5,0.0066226928006343075,0.0014891329634144745,0.17729108558203993,0.06338706961490041,83,131,4.447348197469855,2.7969598004632172,-48
08037,5,0.006913429926512801,0.0013379615781721047,0.1764318458013674,0.05645372495118597,82,125,5.167136365722688,3.125247199434994,-43
08039,5,0.007006671058476945,0.0018765760561224945,0.1808883194301686,0.06884936049033209,85,124,3.733752775762573,2.62730573155533,-39
08041,5,0.007181873358606224,0.0015198539760226345,0.18346204260222362,0.06409314086864787,81,130,4.725370642119679,2.86242864861639,-49
08043,5,0.0071330771384117446,0.0012614629548780847,0.1748721605205973,0.05084095527960659,81,120,5.654606907660739,3.4395923435911975,-39
08045,5,0.007681094919703688,0.0018736021383766795,0.18968687512963303,0.07003364497954863,82,125,4.099640346460491,2.708510676333151,-43
08047,5,0.004395291983448358,5.057485439342849e-4,0.11301713468571614,0.011838969339492586,80,3,8.690666609253682,9.546197092403316,77
08049,5,0.0060130098102710765,8.510280187954597e-4,0.15070850837386054,0.031201525397900384,85,113,7.065583832106793,4.83016475803462,-28
08051,5,0.005970664089285327,9.216956609222698e-4,0.15403413510953848,0.036778729882814505,84,116,6.477912767117666,4.18813090066804,-32
08053,5,0.003461637860948546,4.999999999999998e-4,0.0931316022396518,0.0064764982719331034,78,0,6.923275721897095,14.379931612620336,78
08055,5,0.007770928987678698,0.0015216316806916795,0.1766296468048669,0.04849310660066985,83,112,5.106971079983239,3.6423660843050025,-29
08057,5,0.009386177134671592,0.0026807216374996196,0.19046623152880152,0.06429373043037674,85,103,3.501362097194966,2.9624386429879994,-18
08059,5,0.0056142699516076216,7.118787971978449e-4,0.1490584208811316,0.03504135801530533,82,103,7.886553123519012,4.253785507286162,-21
08061,5,0.011368133765580732,0.003955446284862599,0.20910819311458792,0.08496400652840964,81,98,2.8740457958148276,2.461138565124843,-17
08063,5,0.011387975893659934,0.003948540545649004,0.2123451696926297,0.08726414741242555,81,99,2.884097494252308,2.4333609619658514,-18
08065,5,0.0071292201813577885,0.0011052065688595897,0.16972812402077095,0.041946386500526456,82,115,6.450577097740283,4.04631097409644,-33
08067,5,0.006710255561546986,0.0010864040628475148,0.16797075115768695,0.045617739685933335,82,119,6.176574435812674,3.682136649341316,-37
08069,5,0.005832461719166613,8.998543476628198e-4,0.15629945714846522,0.04197630683998133,83,118,6.481561970906949,3.723516166972414,-35
08071,5,0.007957783334119709,0.0015324776189177896,0.18096866640291098,0.051152311074784,82,113,5.192756641848619,3.537839495430367,-31
08073,5,0.010454113482562142,0.003038263609829199,0.20646605142321342,0.07648099430638607,80,104,3.440818449308234,2.6995733161640363,-24
08075,5,0.010200114033727906,0.0028439544073573146,0.21121263887832348,0.08123920670798111,78,110,3.5865954838587406,2.59988554094994,-32
08077,5,0.007264865779744629,0.0014002889121454449,0.1792085838161216,0.055982714936159486,81,123,5.188119192212845,3.2011413526565136,-42
08079,5,0.004065769045360577,4.999999999999998e-4,0.10785888952271598,0.009628308937466714,81,0,8.131538090721158,11.202267212573938,81
08081,5,0.00765053733117211,0.0015930563664934446,0.18417229364490265,0.060040975825358445,81,121,4.802427266281913,3.067443377013154,-40
08083,5,0.008153022968496869,0.0019035168457733245,0.19010361162427297,0.06553460139822045,81,118,4.283136756367719,2.9008128159521407,-37
08085,5,0.006223036453696344,0.0011035331235445798,0.16220972307363554,0.045182223528534925,84,120,5.639193170484791,3.5901226280108074,-36
08087,5,0.012782371375444265,0.005126452024341404,0.23341436802246332,0.11424393924059505,77,100,2.493414805161747,2.0431225461413596,-23
08089,5,0.010762965622989057,0.0033160708156138043,0.21734094976177712,0.08987588118750449,78,109,3.245698364555835,2.4182344238533506,-31
08091,5,0.004973116190884251,5.069889178653049e-4,0.12892614918608603,0.019215811684169436,82,4,9.8091220846083491,6.709378261252387,78
08093,5,0.0037864382567775264,5.046997645677699e-4,0.10687341866282034,0.01499303126935543,82,3,7.502357882057407,7.128206214127036,79
08095,5,0.014073250010571657,0.005803019733316109,0.23350906848384806,0.11192675957756297,76,93,2.4251597715194335,2.086266674432141,-17
08097,5,0.005356899630257163,5.144938717916149e-4,0.13486479261477283,0.020076215626159712,81,6,10.411979469459773,6.717640173133092,75
08099,5,0.01472981306171852,0.006162099226374449,0.24359547774705664,0.1220023998834242,74,93,2.390388814038134,1.9966449674745506,-19
08101,5,0.007494512528094742,0.0013912520901597399,0.1836175457913389,0.05842331701880084,80,126,5.386883211966453,3.142881218679352,-46
08103,5,0.006270156881235905,0.0011129864776584899,0.16411700643023044,0.046505288066511705,84,121,5.633632579640242,3.5289966636807164,-37
08105,5,0.007116231948783385,0.0016008344520239645,0.17212704458516978,0.051950513515625685,86,115,4.445326585635511,3.313288607501394,-29
08107,5,0.005330705057983135,8.039677572354248e-4,0.1448615765286125,0.03423847232668485,85,116,6.630496074013763,4.230959113666704,-31
08109,5,0.010255488849024486,0.0031462703582515743,0.1990187064197208,0.07212276978565603,83,101,3.2595701199446836,2.7594434741093674,-18
08111,5,0.003269509204899958,4.999999999999999e-4,0.0941165510763834,0.009676541885282313,81,0,6.539018409799917,9.726258842482917,81
08113,5,0.005928091728898393,6.759940658197549e-4,0.14835694943652042,0.028082449518289723,83,109,8.76944344431426,5.282906298465792,-26
08115,5,0.011773317653018867,0.003628539830895584,0.21411428178779504,0.08082868353904417,78,98,3.2446433556478325,2.648988854115971,-20
08117,5,0.005206028541969316,5.215894854113249e-4,0.13374215020570304,0.021522474698826028,81,8,9.981084142951708,6.214069342732143,73
08119,5,0.00556374672325209,6.048838197526399e-4,0.14339038752492933,0.02810345639909924,82,99,9.198041907497739,5.102233173337541,-17
08121,5,0.012489157445622904,0.004511855898445869,0.21989997984559578,0.09400347726479433,78,96,2.7680754276582404,2.3392749528421066,-18
08123,5,0.009253811770812104,0.003015002126283094,0.21020544331744448,0.09301037802711899,81,119,3.069255470880957,2.260021384454055,-38
08125,5,0.016504095508753786,0.0074127963117816935,0.24942641110226474,0.13014027439911985,71,87,2.226433158904236,1.91659662816841,-16
09110,1,0.005639038249260082,7.946309929056548e-4,0.151442245220573,0.03935064091985438,82,110,7.096423748387065,3.8485331288254256,-28
09120,1,0.007006969917467643,0.0014990585767844595,0.1807882668738443,0.06417446507827852,81,131,4.674246908014677,2.8171371066875737,-50
09130,1,0.0049391206283379945,5.694426674538649e-4,0.13357551734518214,0.02733966731863724,82,71,8.673604755369253,4.885776984349943,11
09140,1,0.005826407075222848,8.909883998684647e-4,0.15651370540509238,0.043613774711568166,82,117,6.539262549414776,3.5886301160623573,-35
09150,1,0.005598554169407131,0.0010199153401158048,0.15428784196668383,0.045318081534825375,85,122,5.489234203273628,3.4045536955954097,-37
09160,1,0.005532721059025444,8.267602261970048e-4,0.14944920363634392,0.03847715026720896,83,115,6.692050347505564,3.8841027102703003,-32
09170,1,0.006032961079487754,8.539174024877148e-4,0.15768420163844232,0.04189707318656531,81,114,7.065040555341709,3.7636089980864162,-33
09180,1,0.005050470303338653,5.906906753936049e-4,0.13614983191170374,0.028615582486496222,82,82,8.55011008930061,4.757891333365422,0
09190,1,0.006774939118464526,0.0014961147615578246,0.17854105771481105,0.06443558286699862,82,132,4.528355238878963,2.7708457000123263,-50
10001,1,0.006822474864644344,0.0015039261551432145,0.17713381659294325,0.062182543866469486,82,128,4.53644272447317,2.848610004976953,-46
10003,1,0.005965931831994043,9.159875612229247e-4,0.15807032081214364,0.04366285076488334,82,118,6.51311446197915,3.6202473737531276,-36
10005,1,0.006161847255446499,0.0010541880931001098,0.1598554238711512,0.04445325528302361,83,119,5.845111793404923,3.5960341453823492,-36
12001,2,0.006113074147999302,6.642591425060299e-4,0.15186444913722402,0.031508918467415506,80,101,9.202845330719418,4.819729033044167,-21
12003,2,0.008034423416365264,0.0022871773971565095,0.1975052624837837,0.08280882289287055,81,128,3.5128116543797216,2.385075111371834,-47
12005,2,0.006649674800223303,0.0010304728146709847,0.16801610170292208,0.047249967827192985,80,121,6.453032729782832,3.5558987535696605,-41
12007,2,0.007478565780539912,0.0015072590576552696,0.1852162569321328,0.06305962833345351,80,129,4.961699014218404,2.937160618085573,-49
12009,2,0.0058883552322226244,6.717629542021899e-4,0.15028365385195352,0.033135287391168264,80,95,8.7655253916403435,4.535456478099221,-15
12011,2,0.00753980422062431,0.0013790728850686799,0.18452279434558705,0.06025240737870967,79,129,5.467299301043698,3.0624966266623996,-50
12013,2,0.009239487975407822,0.0023115321576833744,0.20010954788489152,0.07153889128394333,79,113,3.997127162906385,2.7972134358448666,-34
12015,2,0.004524685360970856,5.068853632814849e-4,0.1163469331562713,0.01385150040479237,80,4,8.926447060295557,8.399590640449128,76
12017,2,0.005075892925439999,5.175075154390199e-4,0.12997812807302542,0.0201324568934285,81,8,9.808346302244404,6.456148336045959,73
12019,2,0.007679414015828635,0.0020472036550872896,0.19308110647462498,0.07792216007318543,81,130,3.751172481909816,2.477871587405699,-49
12021,2,0.0068791642567444106,0.0010252870471496697,0.16809467161315966,0.044317121861206996,80,118,6.70950079382033,3.792996127763012,-38
12023,2,0.007725257338179229,0.0015887567336529196,0.18516019784654558,0.06106256487885109,80,122,4.862454505805349,3.0323029865172844,-42
12027,2,0.013612189750149089,0.0053435463456083295,0.23528914039752902,0.11319888088563247,74,96,2.547407446243348,2.078546524106075,-22
12029,2,0.011692021498873424,0.004234339384789164,0.22939265822589708,0.10906287135661286,76,108,2.7612386340297075,2.1033066099628983,-32
12031,2,0.006387649449097514,8.092956671941197e-4,0.16101427553373834,0.040189454570529755,80,110,7.8928501758126375,4.006381207567006,-30
12033,2,0.005986511483572883,7.169501679474299e-4,0.1528858253676792,0.03505324820138667,81,103,8.349968730339766,4.361530905476291,-22
12035,2,0.005146329738890102,6.028934485413499e-4,0.13803528422009556,0.029456812469328138,82,78,8.536051853509463,4.686022439251517,4
12037,2,0.006825097083787856,0.0011447638052169298,0.16630155922208303,0.0432331067769489,83,116,5.962013345184789,3.846625228209414,-33
12039,2,0.007562465226042073,0.0015128475907472245,0.17932008405626598,0.0545817046396484,82,118,4.998828217921692,3.285351478854456,-36
12041,2,0.007108101858196586,0.0015944540038419646,0.1768548240789389,0.05849378322450425,84,121,4.4580162494929585,3.023480690249674,-37
12043,2,0.013267619823629066,0.005111447425013554,0.23012517522776962,0.10777085312638306,75,96,2.5956678647817424,2.135319231053144,-21
12045,2,0.006455796493645006,0.0010600371942281247,0.16220707808081286,0.042758846904516715,83,117,6.09016035361462,3.7935325628175103,-34
12047,2,0.008364811912314528,0.0023265599759840746,0.19166128152099612,0.07244905345443588,83,115,3.5953562335208784,2.6454628788426384,-32
12049,2,0.01567290700867921,0.007410328436675913,0.2523372662122738,0.14077197303657316,72,92,2.115008415971058,1.7925248951843242,-20
12051,2,0.013240236516513433,0.005712350877673239,0.23218326652387436,0.11832012562666164,77,96,2.317826198012973,1.9623311359260034,-19
12053,2,0.0060270091700528475,8.703919791567498e-4,0.15781993449473744,0.04168272487342612,81,116,6.924476918884195,3.786219230483945,-35
12055,2,0.006895518332631841,0.0011820106451736598,0.16688554812887366,0.04373516163435785,83,116,5.833719316139288,3.8158209983102074,-33
12057,2,0.007159566738126243,0.0013371373031672597,0.17873626058394995,0.057065246534979165,80,126,5.354399074176953,3.132138585862244,-46
12059,2,0.00950832806693014,0.0027120094129849995,0.20737486451412915,0.08321209711997914,79,116,3.5060085047657363,2.4921240022965203,-37
12061,2,0.005337327439259011,5.131560267713699e-4,0.13615779430218064,0.02274312559442965,82,7,10.400983640082998,5.986767022714284,75
12063,2,0.007070062247093413,0.0013883312092956197,0.1719271322635682,0.049978786089733704,83,117,5.092489601728727,3.4400021632154907,-34
12065,2,0.006227183487845731,0.0010286406881279547,0.15895956008877754,0.04117723478232687,84,118,6.05379853209843,3.860374814605143,-34
12067,2,0.013825643627324294,0.0054989295310071745,0.23620020767061894,0.11442953995671658,74,95,2.5142427356751402,2.064154131528997,-21
12069,2,0.006372770943833987,0.0010605825158865247,0.16470147571972038,0.04702691622048657,82,121,6.008745994183287,3.502281011740478,-39
12071,2,0.005725277074371322,6.137622993451849e-4,0.1455824952414004,0.029596253692258743,80,88,9.328166751981257,4.9189501061574985,-8
12073,2,0.005874976550205261,6.317749485371548e-4,0.1482618449848916,0.030412830541005742,80,94,9.299160347855661,4.8749768550806065,-14
12075,2,0.008116136116907318,0.0017666406228053896,0.18819549018521056,0.06251089408306475,80,118,4.594107036902082,3.0106030788031215,-38
12077,2,0.006100362363416041,0.0010253536212431497,0.15856064397127606,0.042208185301660865,84,119,5.949520474721585,3.756632578208398,-35
12079,2,0.00867340146865932,0.0021132294068132947,0.19337597437036463,0.06687795668040807,81,114,4.1043350242502195,2.891475517029578,-33
12081,2,0.005851527573491097,6.869472147424949e-4,0.14955473576912087,0.03290329525647339,81,102,8.518161873157267,4.545281395172646,-21
12083,2,0.006914125762171505,0.0011659981206816347,0.17030063984976668,0.04778923644391097,81,119,5.92979151469777,3.563577335026984,-38
12085,2,0.0057565149068878356,6.662301530876048e-4,0.1464566905444526,0.02976263415813758,82,107,8.640429857774528,4.920824204144209,-25
12086,2,0.009174017078125558,0.0025521292303107147,0.20909880180851836,0.08717495217621396,78,124,3.5946522492548882,2.398611029758291,-46
12087,2,0.005845907310199644,6.063613065673399e-4,0.14549237458641864,0.027404367422727362,81,101,9.640963641452974,5.309094435281762,-20
12089,2,0.005789867726469314,8.626607456784698e-4,0.15462786478000476,0.04138760701874696,82,116,6.7116392573486925,3.7360909682447794,-34
12091,2,0.006616220358357068,0.0010440604500209297,0.16876018483363261,0.04873266456836946,80,123,6.33700889467122,3.4629788116114733,-43
12093,2,0.010361955953238267,0.0032157814625034193,0.2101312964269339,0.08520724410921376,79,107,3.2222201894191214,2.466120089010268,-28
12095,2,0.007792407350154292,0.0018278924817424845,0.19225863561783593,0.07246456175484015,80,130,4.2630556381117035,2.653140113760425,-50
12097,2,0.008962393201497859,0.0027202862872853346,0.20897868674843953,0.09179371722587507,79,125,3.2946507297368814,2.2766120935511265,-46
12099,2,0.0071409753652235475,0.0011670938939252699,0.1753986990254325,0.051301772092338806,80,123,6.118595429547154,3.418959850153516,-43
12101,2,0.006355092238016359,9.584301572518098e-4,0.16399977163552723,0.045387348036916256,81,120,6.630730669242366,3.6133367277184023,-39
12103,2,0.005334601213004503,5.177247459645549e-4,0.13058223132027616,0.017251617991952937,80,7,10.303933228197918,7.569274451891213,73
12105,2,0.008265457253249743,0.0020898481247762844,0.19751737811677908,0.07700318780846657,80,126,3.955051640001136,2.5650545612224884,-46
12107,2,0.00847829130263739,0.0019621041915936794,0.19087004254969822,0.06416175147572392,81,115,4.321019922877322,2.9748259385019336,-34
12109,2,0.005875593719425639,0.0010483007203274848,0.15988363990340726,0.04804233750209719,83,124,5.604874255538171,3.3279737876290443,-41
12111,2,0.006447124065553246,0.0010593239145308697,0.16657435379170385,0.048464395155624986,81,123,6.086074313170215,3.437045964502675,-42
12113,2,0.006999145926117595,0.0015728375843818596,0.1808900667439801,0.06496899603370429,82,129,4.450011873837773,2.7842521477496565,-47
12115,2,0.004766278159272368,5.100494160969348e-4,0.12143813102351618,0.015522467558083557,80,5,9.344737997634601,7.82337798865461,75
12117,2,0.006558024783260578,0.0011260406661166848,0.17054293838676163,0.052495694724363835,81,127,5.823967979661766,3.248703332382241,-46
12119,2,0.004295102724401281,4.999999999999998e-4,0.11244492269604986,0.010968449274727713,82,0,8.590205448802564,10.251670029156537,82
12121,2,0.006405448294357873,0.0010863248332130349,0.1636734020511291,0.045326490744053614,83,120,5.896439166738377,3.610987732876749,-37
12123,2,0.0060290103173285346,6.987819120628599e-4,0.15163419983063112,0.03290911352246158,81,105,8.627885486518126,4.607665889484859,-24
12125,2,0.012304011610755339,0.005051550935188534,0.2381804313916421,0.12444547800659728,75,108,2.4356899036782904,1.9139339991045343,-33
12127,2,0.005803975069107559,6.668631585549048e-4,0.14866705042362402,0.03226636827680112,81,99,8.703397383182477,4.607492518162098,-18
12129,2,0.006398386482297389,0.0010784092889320248,0.16572204678140234,0.04805925158578855,82,122,5.933170780301669,3.448286049265226,-40
12131,2,0.006010023164942022,8.569584063184898e-4,0.15779174011615224,0.042072036475037794,81,115,7.013202881994237,3.7505134844084225,-34
12133,2,0.006638168255205547,0.0011751584474014797,0.17040538285198026,0.05154021904567237,82,124,5.648743171513527,3.3062603537050457,-42
13001,2,0.008587522525130621,0.0024472703136773997,0.19531507894918088,0.07534672660988816,82,115,3.509020837271772,2.5922171770040587,-33
13003,2,0.010308966299649737,0.003616725781177324,0.21584453849101692,0.09804040383105725,80,111,2.8503588392852777,2.2015876113990633,-31
13005,2,0.008505542735358869,0.0023752418355182095,0.19117275660353145,0.0700302757857375,84,113,3.580916523181398,2.7298586855267826,-29
13007,2,0.007942090954769223,0.0019617881958630995,0.18106945588763498,0.05877769984958043,85,112,4.048393690775092,3.080580838498523,-27
13009,2,0.0071840120418201195,0.0011893798048922398,0.17722681395459675,0.05319703498540053,80,125,6.04013285938633,3.3315167659858322,-45
13011,2,0.006926606953620243,0.0015620815770398297,0.17783362050181817,0.061763706142169465,83,125,4.434215892070296,2.8792576030407835,-42
13013,2,0.009264562067581798,0.0031960901439984993,0.21257675201531573,0.09957185989953836,80,121,2.898717385984389,2.134907917053996,-41
13015,2,0.007292101164577607,0.0017700025405937396,0.18678155504263258,0.07106451155761256,82,131,4.11982525298043,2.6283379840190317,-49
13017,2,0.006805649587626244,0.0010227895529991897,0.1662614313023709,0.04239876809312346,81,117,6.654007725899832,3.9213741054268128,-36
13019,2,0.007419730499078893,0.0017243004429295247,0.1827848909357503,0.0637929920590461,82,122,4.303038098437786,2.865281671795024,-40
13021,2,0.006536347396458096,8.390330857132248e-4,0.1625455006932726,0.04001653787117456,80,113,7.79033331075596,4.061958113831739,-33
13023,2,0.006891283189580899,0.0014676341802381946,0.17617594079141854,0.05887147214486733,83,125,4.695504698904229,2.992551984395694,-42
13025,2,0.00817203378077501,0.0016908981136068795,0.18694343513734915,0.058675496039262906,81,117,4.83295457899774,3.186056322595983,-36
13027,2,0.009221184543388319,0.0023483696717028746,0.19736006604393738,0.06897508101899931,80,111,3.926632443989006,2.8613241641510245,-31
13029,2,0.00787354674919598,0.0023652067992811147,0.1972654532206134,0.08526877860553689,82,129,3.328904158227974,2.313454660036658,-47
13031,2,0.006693073349712292,0.0012836301193948198,0.17158315844820066,0.05314748358287113,83,123,5.214175990874854,3.2284342904148353,-40
13033,2,0.008545407636914254,0.0021614211482330445,0.19373924589795402,0.06943959327738838,81,116,3.953606007741758,2.790040044215543,-35
13035,2,0.006961352050482839,0.0014714978348783646,0.1799200429586242,0.06351093288731433,81,131,4.730793267567581,2.8328987589877057,-50
13037,2,0.011839950502680685,0.004449941029897874,0.22040554867852735,0.10041160332131101,79,100,2.660698293108035,2.195020708645026,-21
13039,2,0.007115972554006143,0.0015477188076405846,0.18124242124674322,0.06349166810410622,82,128,4.597716664601412,2.854585911171259,-46
13043,2,0.010414033531591106,0.002939341196193684,0.21151745018286078,0.0817514981293122,78,109,3.542982197873733,2.5873220066045572,-31
13045,2,0.00732189961115141,0.0017449870872370196,0.18634709059876806,0.06969249917275068,82,130,4.1959620588051285,2.6738471544385165,-48
13047,2,0.006550387613004944,0.0012241723235089698,0.1712860473253578,0.05469653038361909,82,127,5.350870532858398,3.131570615613596,-45
13049,2,0.008714649906227695,0.0022404418805325945,0.1982497758874549,0.07418371580696355,80,118,3.8897013941535774,2.6724163616086405,-38
13051,2,0.005887447810860751,6.831265022030049e-4,0.15071173876088814,0.03371247464705744,80,97,8.618385894668709,4.470503584762588,-17
13053,2,0.007778625422174882,0.0023106509747267546,0.19687108114125576,0.08504027479437536,82,130,3.3664216306379813,2.3150334546458566,-48
13055,2,0.008814812109565258,0.0018908101666939895,0.19961257853076322,0.07059148252080016,77,124,4.661923372761225,2.8277147809149112,-47
13057,2,0.006496693232873216,0.0013932174214630398,0.17410627330908868,0.06112327694260135,83,131,4.663086416225642,2.8484446845444094,-48
13059,2,0.00566898647467026,5.974854238400949e-4,0.14438662639630132,0.02841854266654196,81,92,9.488074936180286,5.080718884515222,-11
13061,2,0.008680136996759265,0.0019383912367402895,0.182441993706764,0.05192413209210876,83,106,4.4780108536583585,3.513626253456259,-23
13063,2,0.009101314355887288,0.0025345027749233244,0.2091028270542909,0.08762038511169085,78,126,3.590966419897736,2.3864632275667907,-48
13065,2,0.010382593527702672,0.0035676363028106692,0.20915359415208196,0.08910357615990362,81,105,2.910216357963119,2.3473086397423466,-24
13067,2,0.006628989502436219,0.0011897810621949497,0.17278375736143814,0.055054461597487316,81,129,5.57160448512,3.138415168323506,-48
13069,2,0.007917300403212674,0.0020714592540623444,0.18697465594734322,0.06739280589239077,84,117,3.822088408297694,2.7744008202580903,-33
13071,2,0.012766461011354908,0.005052213891382334,0.23035870559443128,0.11110954306981335,77,99,2.526904300930514,2.0732576089318466,-22
13073,2,0.006469330548099005,0.0013308386275277847,0.17329775587206805,0.05941115010974032,83,131,4.861093159068184,2.916923095276964,-48
13075,2,0.008880617490851672,0.0025358995119854648,0.20347368807605254,0.08308818815927446,80,120,3.5019595409356956,2.4488882545616133,-40
13077,2,0.0069312814645739315,0.0015369991924304046,0.17958894297702435,0.06387728161893069,82,129,4.509619457648336,2.811468153081225,-47
13079,2,0.006389911708368931,0.0011575850507498447,0.1635952741198423,0.04665196434618251,83,120,5.520036479591509,3.5067178073334255,-37
13081,2,0.006467836357390005,0.0013016205679683749,0.16544476870842026,0.04889541960261719,85,119,4.9690643468282625,3.383645544981981,-34
13083,2,0.006942527148570127,0.0012454198314979497,0.1753133973900179,0.055070501004329274,80,126,5.5744472450064375,3.183435672325478,-46
13085,2,0.007235576246789637,0.0015635921585608046,0.18473456945904784,0.06654635888723497,81,132,4.627534237220505,2.7760282087271935,-51
13087,2,0.009602937778392714,0.0027376257609577096,0.20620000502523073,0.0812109643457895,79,113,3.50776132930357,2.53906608160997,-34
13089,2,0.0072569044889460544,0.0011065053500367498,0.1770117279384132,0.05129248105152744,79,125,6.558399820394031,3.4510268232217234,-46
13091,2,0.006771480141319389,0.0012673401813232947,0.17185824172302197,0.052652450030323504,82,123,5.343064349343789,3.2640122468003994,-41
13093,2,0.01118158204876658,0.003869473212812684,0.21482379136872523,0.09255965576364684,79,103,2.8896910338445765,2.3209225401322,-24
13095,2,0.006513636250982632,8.204993300107848e-4,0.1603747815216945,0.03703329491690368,80,113,7.938624704174975,4.330556648592782,-33
13097,2,0.008420532175187376,0.0023182568685259494,0.20232905742224797,0.08416359862553449,80,129,3.632268835049985,2.4039972235795433,-49
13099,2,0.009825122443597374,0.0028632176838849347,0.2087088680899741,0.08377383661123947,79,113,3.431496843183168,2.4913371111139107,-34
13101,2,0.013059616736206238,0.005684347185386124,0.23191649566035458,0.11876654398157831,78,97,2.2974699310733833,1.9527089690875132,-19
13103,2,0.006875720057189198,0.0014764251388829745,0.17803884809725662,0.06165584281853915,82,128,4.65700554407465,2.8876232966476056,-46
13105,2,0.008766310201366086,0.0021953741213212945,0.19661360871582104,0.07134534180606955,80,116,3.993082598646124,2.7558016226238693,-36
13107,2,0.00798051966004058,0.0019976866838416194,0.1888433107632011,0.06772364831747099,83,119,3.994880540873291,2.788439717215948,-36
13109,2,0.0113395729809135,0.0038281465015398593,0.2174428048790504,0.09225054808096604,79,103,2.9621575288072686,2.3570895718495484,-24
13111,2,0.006064771813763069,7.949616761992048e-4,0.15385322243489974,0.03551325094573871,82,112,7.629011555323497,4.332276497862013,-30
13113,2,0.006781302626655934,0.0015695650257588547,0.1794853383900899,0.06636399434508673,82,132,4.320498045869303,2.704559003136286,-50
13115,2,0.008032817742520385,0.0019004960048105695,0.19463690068660752,0.07346320642759764,80,129,4.22669541119138,2.649447392123209,-49
13117,2,0.006876867496281835,0.0018524303983154496,0.18371623319696778,0.07404935985859067,84,132,3.712348654251989,2.4809969127053075,-48
13119,2,0.007391781364061857,0.0017890634024817545,0.1794274766581,0.061029692840232956,84,118,4.131648634591776,2.940002944596421,-34
13121,2,0.006398490800461275,6.533959351244699e-4,0.15560433948397967,0.03227396416497377,79,88,9.792670043535521,4.821358129065956,-9
13123,2,0.0086270360748395,0.0020764823822112346,0.19754604345645635,0.07291707588086424,79,121,4.154639667904438,2.709187677509415,-42
13125,2,0.011121433948133008,0.0033223119134331743,0.22567265664615693,0.09849603522347755,74,116,3.3474984402173313,2.291185184602898,-42
13127,2,0.005555970529504195,6.167823872308299e-4,0.14398600647175955,0.030026175098700633,81,87,9.007991545363115,4.795349590763909,-6
13129,2,0.007295547082316311,0.0017401908522169545,0.1838075832246354,0.06661934281020072,83,125,4.1923833084296405,2.759072297490315,-42
13131,2,0.010505293494322549,0.003471882961284429,0.21443882143115975,0.09222286325686871,79,108,3.025820170630434,2.325224069804496,-29
13133,2,0.0054350328973645735,7.058921485971349e-4,0.143299504729362,0.030877483179091683,84,111,7.699523090270895,4.64090625191873,-27
13135,2,0.009084515508026116,0.002964486689764384,0.2111755031173316,0.09642650729107884,80,124,3.0644480676511816,2.1900150596543395,-44
13137,2,0.007920156172899961,0.0019489142815947496,0.19049133037314583,0.06985826664120093,82,122,4.063881232590224,2.726825893799061,-40
13139,2,0.010176564687705367,0.003559363356092374,0.22073813838248194,0.10457269510918281,78,118,2.8590968860447132,2.1108582709091745,-40
13141,2,0.004712066146171164,5.072420965777399e-4,0.1196092934753932,0.014124666906148551,80,4,9.289580218129613,8.46811427626138,76
13143,2,0.008391774277478678,0.0023737434960744096,0.19985580031165737,0.0820023027754223,81,124,3.5352489817693518,2.4371974145530713,-43
13145,2,0.00661763495701332,0.0013790071396210248,0.174740120074161,0.05994022092519997,82,130,4.798840243011331,2.9152398402438497,-48
13147,2,0.009725315053057754,0.0027738286696858644,0.2065933121190924,0.081481575180695,79,112,3.50609796464435,2.535460460367235,-33
13149,2,0.00642939889267153,0.0012187702256265798,0.16973742587943697,0.05407063455238344,82,127,5.275316673711916,3.139179469310573,-45
13151,2,0.007481550394861974,0.0019203857863279595,0.19050359559804758,0.075094742681971,82,131,3.8958580344253235,2.53684331012142,-49
13153,2,0.007605107224963532,0.0017638473626606745,0.18918534896588726,0.06981656549336679,81,129,4.311658358856864,2.7097487197914596,-48
13155,2,0.008251900902292957,0.0018767145185794197,0.18851154254507468,0.06233718789394074,81,116,4.396993160440427,3.0240623440666665,-35
13157,2,0.00751967938831263,0.0021016378931578046,0.18979157721811565,0.0769839168420846,83,127,3.57800904370542,2.465340619228701,-44
13159,2,0.009373570940613337,0.003105743032174309,0.20932150242345074,0.09349376139430925,80,117,3.0181411802286053,2.2388820312901827,-37
13161,2,0.01010477195833369,0.003374567494290639,0.21187208561000087,0.09188375349754369,80,110,2.994390236802122,2.305871033181778,-30
13163,2,0.007530466225016537,0.0018192223120674746,0.18103222858973228,0.06135541590178151,84,118,4.13938756965797,2.9505501010624857,-34
13165,2,0.00929091329992011,0.0026579937297754944,0.20076858432034173,0.0762719021634949,82,112,3.495460954569242,2.632274515587382,-30
13167,2,0.009312957944677631,0.0022344900179603446,0.20525978922293675,0.07640849831903099,77,120,4.167822576884256,2.6863476411473055,-43
13169,2,0.008146932351455293,0.0020580471837575746,0.19619822856838975,0.07601795384678693,80,126,3.958574135594236,2.58094592974476,-46
13171,2,0.006098787395469682,9.089980923373548e-4,0.15987411804834473,0.04335675436555533,82,119,6.70935114922799,3.687409733219245,-37
13173,2,0.009845689120701934,0.003007031029974289,0.21279412038675033,0.091239256838179,78,116,3.2742226543588804,2.332264945605155,-38
13175,2,0.00699245888391864,0.0013415980622235397,0.17595317203461663,0.055666368590448295,81,124,5.212037107693393,3.160852351069442,-43
13177,2,0.008322500892404843,0.0025976170576092797,0.19969901228615267,0.08627522519411138,82,123,3.20389830672904,2.314673903624686,-41
13179,2,0.007035634445016514,0.0013973169970968148,0.1791615580184195,0.05990599861781404,81,128,5.035102599935698,2.990711483860363,-47
13181,2,0.00492124950038588,5.446792547682899e-4,0.13049992198059585,0.023986897448239473,81,23,9.035132983868483,5.440466915831749,58
13183,2,0.009775881238426083,0.0030873299273806143,0.21518688836691105,0.0950027847625173,79,119,3.166451745803611,2.2650587443812653,-40
13185,2,0.007235155772785366,0.0013314799609964948,0.1792795500482672,0.05651864850471917,80,125,5.433920137536649,3.172042410626606,-45
13187,2,0.00546663697929952,7.820753092828948e-4,0.1479460972557469,0.0367914429521005,83,113,6.989911220074218,4.021209427647641,-30
13189,2,0.005470050328935324,7.972026759130248e-4,0.1475161973355006,0.03624044527077084,84,115,6.861555403926052,4.070485233647983,-31
13191,2,0.006007496592773941,8.969921318349698e-4,0.1559486001860521,0.03940702561357896,83,117,6.697379363277638,3.957380638550782,-34
13193,2,0.010133625136939649,0.0028385719511470797,0.2055729900728828,0.07646219308364868,79,107,3.569972969275838,2.6885573351000867,-28
13195,2,0.006829576922302881,0.0014323405915074299,0.17657802760231842,0.060117928161497206,82,127,4.768123561390709,2.93719416158138,-45
13197,2,0.008819347412345965,0.0025578200443323647,0.1986055693988858,0.07826258136449084,82,115,3.447993705377333,2.5376823245060605,-33
13199,2,0.008596135591244218,0.0024070893243113844,0.20159306464968998,0.08224591673043735,80,123,3.5711743242861935,2.4511011933931663,-43
13201,2,0.009104269286833711,0.0022649154852913997,0.1943393214650113,0.06564349801760305,81,110,4.019694927231412,2.960526591878102,-29
13205,2,0.008960654866170861,0.0026570315830376297,0.19658201622521895,0.07573587811218808,83,111,3.3724306942285818,2.5956260246170335,-28
13207,2,0.007685188314079745,0.0018250503920725096,0.18956102390174362,0.07025672606570088,81,127,4.210945816872771,2.6981192338008295,-46
13209,2,0.007283506179885724,0.0016870474534770646,0.1789476650487107,0.05995527035958895,84,120,4.317309607903535,2.984686149782172,-36
13211,2,0.008534357103985634,0.0024004064658547848,0.1989390663512676,0.07968921302722347,81,120,3.555379984758768,2.4964365789797163,-39
13213,2,0.007235401884915636,0.0017252910094862997,0.1836504318819234,0.06710855594250091,82,127,4.193728388505285,2.7366172509996547,-45
13215,2,0.007229349418892601,0.0011177769713363798,0.17666408793964875,0.05116605881676459,79,124,6.46761349023805,3.4527593491677075,-45
13217,2,0.008108449963290134,0.0023208173268373746,0.1989260643895936,0.08362655290987298,81,128,3.493790687240208,2.3787428450384964,-47
13219,2,0.007123965815601417,0.0019779736848552294,0.1847421760518915,0.07406263743194143,84,127,3.601648429474849,2.494404499457059,-43
13221,2,0.008302709155073534,0.0021855525769385394,0.19449748700201325,0.07364238796693706,82,120,3.7989061634489416,2.6411078235178365,-38
13223,2,0.007871093339932925,0.0023959176795644295,0.1972156898136532,0.08561162689642945,82,128,3.2852102587113365,2.303608714879805,-46
13225,2,0.007353086703055353,0.0015253311654946145,0.1820962054244546,0.060709717224273506,81,125,4.820649357591136,2.9994573150745505,-44
13227,2,0.007155431091708486,0.0013745260313818347,0.17859488269271925,0.057844036838032555,81,126,5.205744328112147,3.0875245307100143,-45
13229,2,0.00806359822574335,0.0020559888793417447,0.19292461306473857,0.07263456725187525,82,122,3.922004786487478,2.6560991600009527,-40
13231,2,0.0074278726317980074,0.0019741352148183898,0.18931558105756427,0.07531622961456155,83,129,3.762595680398383,2.513609377771643,-46
13233,2,0.009319767701517424,0.0028762318928655848,0.2120802768177278,0.09389338094110264,79,123,3.2402699256046965,2.25873511734295,-44
13235,2,0.009863876827688333,0.0024834220858056645,0.20842790034979544,0.07755666858696786,77,114,3.9718889849883587,2.687427195458707,-37
13237,2,0.006832528390441412,0.0010565928259040247,0.1688360527969087,0.046119908786551735,80,119,6.466567085192421,3.660806303375435,-39
13239,2,0.00583794532833219,5.099247032670299e-4,0.13338123000128266,0.013505797684095506,78,5,11.448641909146849,9.875849847680826,73
13241,2,0.005648488619533184,6.184256471024699e-4,0.14390351006844,0.028258954473864593,82,102,9.133658421183265,5.0923154358569676,-20
13243,2,0.009119842725827327,0.0021531666796160195,0.18990820594569574,0.058412711397317844,82,106,4.2355488834954915,3.2511451943046734,-24
13245,2,0.006284867515392706,6.932765445662349e-4,0.15610252900069146,0.034549673502097436,80,96,9.065455285704184,4.518205620415337,-16
13247,2,0.008910996377008328,0.0025368758902523146,0.20756018228618298,0.0879974870704601,79,126,3.5125866469258185,2.358705790314084,-47
13249,2,0.006507254858781206,0.0013463010734999898,0.16969867482828935,0.05424271266949372,84,124,4.833432125151801,3.1285064200656842,-40
13251,2,0.007903849704768371,0.0018713428270391295,0.1833055093414435,0.06034010069660933,83,115,4.223624656351171,3.0378721153135877,-32
13253,2,0.006313622446426172,9.955237811937899e-4,0.15886951889364248,0.039479695755097695,83,116,6.342010673873751,4.024081641336584,-33
13255,2,0.006525929993877342,0.0011771369450571348,0.16905191733463637,0.05119922135201055,82,124,5.543900411315858,3.3018454748042343,-42
13257,2,0.0067199828256114145,0.0011718278737961848,0.1696849192192958,0.04945589224708197,82,122,5.734615958435732,3.431035444099336,-40
13259,2,0.006849858251290378,0.0011284317166622047,0.16411435429841,0.03955447324905356,84,114,6.070246121361793,4.1490719207678195,-30
13261,2,0.007493342086912412,0.0013092818297427199,0.1761442321822588,0.04944949983033325,80,117,5.723246070240576,3.562103414324297,-37
13263,2,0.005079797874384061,5.273283001656099e-4,0.13107292983575985,0.02175874706481868,81,11,9.633084120060932,6.023918998888004,70
13265,2,0.0074380818046763195,0.0013054956388517949,0.1813489992104505,0.055365787349728725,80,125,5.6975156280247985,3.2754704284240446,-45
13267,2,0.01049758581110108,0.0035573916647582493,0.21073259012388323,0.08923417080027313,81,106,2.950922136321604,2.361568312160953,-25
13269,2,0.007000172483949831,0.0012826266682663247,0.17572056752168502,0.054474514746452256,81,125,5.457685121588565,3.225739014648664,-44
13271,2,0.0077551831804070865,0.0016865456396350296,0.17864764209962442,0.054383665935288414,83,113,4.598264641142659,3.2849503435865977,-30
13273,2,0.008047371077068929,0.0018944164365534847,0.18822204319296923,0.0651316997115112,81,118,4.247941963441536,2.8898684362094635,-37
13275,2,0.006794977223492555,0.0013548380668745997,0.17064705446555392,0.051550797098177295,84,120,5.015342711153303,3.3102699486985734,-36
13277,2,0.007794757748988478,0.0018782338771228845,0.18738380263889887,0.06650221930147802,82,121,4.15004640472604,2.8177075082174623,-39
13279,2,0.011405790070207577,0.003947328923276794,0.2207691543738901,0.09725071984702942,78,105,2.8894957303784286,2.2701030359584906,-27
13281,2,0.005260334072882692,5.096866262787249e-4,0.13475704748470063,0.022211267647563628,83,5,10.320722188237385,6.067057928568172,78
13283,2,0.006201935331170931,9.047209731246948e-4,0.1588840717653195,0.03993102589853648,82,117,6.8550807546230486,3.978962928952516,-35
13285,2,0.00803594009151437,0.0018304597134327747,0.19371444572597402,0.07132969863281521,79,128,4.390121253444073,2.715761449142808,-49
13287,2,0.007933471005526993,0.0018034210419706946,0.18588876623783757,0.06137956225321021,82,117,4.399123011705389,3.0285124138062,-35
13289,2,0.008300336504993802,0.0016794235126237145,0.1917479893888758,0.06361315056605683,79,122,4.942372452572387,3.014282230680618,-43
13291,2,0.008452943376215131,0.0018296423324908695,0.1954343018855721,0.06890638070469862,78,124,4.619997704528032,2.8362293866966333,-46
13293,2,0.0052257784429252975,6.151292674552399e-4,0.1396205520317706,0.029218600519888824,82,99,8.495415060551567,4.77848184195996,-17
13295,2,0.00680218197971305,0.0012586069112957947,0.17239372198178604,0.052956988891830224,82,123,5.404532518187021,3.2553535536908433,-41
13297,2,0.008348618728967434,0.0025061326901604296,0.20203827789810241,0.08746401196475088,81,127,3.331275619102594,2.3099589575141652,-46
13299,2,0.006549801384620488,9.128277831764997e-4,0.1622563935877525,0.039694256691839805,81,116,7.175287064366283,4.087654162349098,-35
13301,2,0.006218597553497594,0.0010425263139140597,0.1567134823192624,0.038697814025338693,85,116,5.964931024283213,4.049672733882306,-31
13303,2,0.006672455223112425,0.0011574708867058048,0.1675193615343567,0.04725471980656891,82,120,5.764685142191717,3.5450291996244094,-38
13305,2,0.008266279846938989,0.0021228351856627647,0.19667696322896522,0.07582040433226431,81,124,3.8939809848488998,2.593984626711785,-43
13307,2,0.007177456442547017,0.0014642101269442397,0.1698791598642936,0.0471965598288283,85,113,4.901930611234155,3.5993970848809433,-28
13309,2,0.013532004513045731,0.004936256625773929,0.23714338040465674,0.1102337902299507,73,99,2.741349475712098,2.151276663080977,-26
13311,2,0.007149338425102232,0.0014945048352478845,0.18020095891931504,0.061556856481487926,81,127,4.783750615244021,2.9273905332301546,-46
13313,2,0.010111654866884418,0.003432064723412394,0.21899719694757067,0.1012813904300904,78,117,2.946230820737762,2.1622649137971077,-39
13315,2,0.008347555826600581,0.0023761292031375947,0.18632977588304475,0.06682908603698044,85,111,3.513090035498881,2.7881538852699195,-26
13317,2,0.00601621588357166,8.004971854031797e-4,0.15369790226038368,0.03508721395042926,83,114,7.515599046786808,4.380453303517514,-31
13319,2,0.006699521967668321,9.073414123713598e-4,0.16472727867143816,0.04071035975961149,80,116,7.383683667825709,4.046323334996983,-36
13321,2,0.007521540548514431,0.0018232950067664645,0.18073064711725728,0.06105634993342351,84,117,4.125246063089681,2.9600630780308337,-33
16001,5,0.006899718626018015,0.0013695951226175497,0.17725960436685018,0.058062579300015675,82,127,5.037779787672854,3.052906131691644,-45
16003,5,0.00857607179722367,0.0022664119174446444,0.18524956937267759,0.061185394886585164,84,108,3.783986366826513,3.027676289677643,-24
16005,5,0.008650875842443574,0.0021497612716694947,0.20217829385967956,0.07767299119659567,79,125,4.024110005352057,2.602942036157104,-46
16007,5,0.010150481649624437,0.0033065072066416692,0.20925166055280653,0.08683200693715198,81,108,3.069850151614824,2.4098448018627567,-27
16009,5,0.01022776943855518,0.003078144066428224,0.21207896767665302,0.08584489029457454,79,110,3.3227065458385585,2.470490287178532,-31
16011,5,0.014452491481061785,0.006559587329715383,0.24823263235364865,0.1350490626720478,74,97,2.203262302125471,1.8380922269446256,-23
16013,5,0.007306308378303042,0.0012725971026826299,0.1780742279325657,0.052896216871665874,80,122,5.741258064238377,3.3664832470836314,-42
16015,5,0.008110146776959941,0.0017955120954812245,0.18938701665305516,0.06394234050956354,80,119,4.51689899353549,2.9618405448378833,-39
16017,5,0.006772575902352046,0.0011720336013212747,0.1698466619731445,0.048274036451902085,82,120,5.778482711346401,3.518385336232894,-38
16019,5,0.011059969908182535,0.004008955105295134,0.2280251236205116,0.10925503914683274,77,113,2.7588161048683815,2.087090219372476,-36
16021,5,0.011706427363735105,0.004189279019371134,0.22291054686641495,0.0998941366459043,78,103,2.7943775789592538,2.231467775296643,-25
16023,5,0.014423322654438,0.005389704957918424,0.23468786850918374,0.10489645923034097,74,92,2.6760876090717365,2.237328792898865,-18
16025,5,0.015416891519797112,0.006265266139703968,0.24999156983207285,0.12511620177911145,71,93,2.460692199824979,1.998075119587028,-22
16027,5,0.011330738971095228,0.004416498674618204,0.22863068880381257,0.11308723796351869,78,109,2.565547916093226,2.0217196292084485,-31
16029,5,0.012597856532228448,0.004861067571824914,0.2265836874167057,0.10497620623877534,78,98,2.5915822699619526,2.1584289958176437,-20
16031,5,0.01604248359844295,0.007639004359462413,0.2541656786697941,0.1417018437943812,72,91,2.1000751987490585,1.7936652894834977,-19
16033,5,0.01812532019422604,0.007862507053883598,0.25136485833119154,0.12407446130521466,70,82,2.305285078920627,2.0259194010349257,-12
16035,5,0.008155385397177414,0.0017456479508332495,0.18010817868212226,0.051274612380373785,83,109,4.671838553291691,3.512619019838006,-26
16037,5,0.008434863791358837,0.0021284502135361645,0.1816459330004024,0.05614769884483001,86,107,3.9629133618988077,3.2351447474704136,-21
16039,5,0.011205809794504605,0.003828797329101794,0.21889864626234493,0.09474343798087602,79,105,2.9267179302837114,2.3104359618713612,-26
16041,5,0.01349302550800556,0.005947158019636804,0.24118271119637108,0.12809853572350158,75,99,2.2688190667631845,1.8827905395964846,-24
16043,5,0.014874421590024984,0.006864835898683899,0.249539528585109,0.13695743273185804,73,95,2.1667555946787678,1.822022533626705,-22
16045,5,0.012637266345825873,0.004801572464724544,0.23532520493724274,0.1140388327314377,75,103,2.6319016194522526,2.063553259015158,-28
16047,5,0.015372778404995718,0.006712622165771458,0.24238533002234525,0.12304720703951569,73,90,2.290130149643091,1.9698564140875219,-17
16049,5,0.010193322884048879,0.0031839039438146042,0.20539495556030676,0.08039381259307422,81,105,3.2015170884321207,2.5548602427893954,-24
16051,5,0.01616878622349867,0.008044423840976653,0.25818517765454,0.15010384152040113,72,91,2.0099371369691106,1.720043771294482,-19
16053,5,0.01826427255251284,0.009421605996162869,0.26282584637831213,0.15430189992954693,70,84,1.9385519368939135,1.7033221658211364,-14
16055,5,0.006815915997845586,0.0013523763713819699,0.17528769547091605,0.056588791231184016,82,125,5.0399549578646665,3.0975691768146727,-43
16057,5,0.00765398176935369,0.0017608583714996046,0.18244203945262807,0.059980003684316205,83,117,4.3467333280389315,3.041714375558361,-34
16059,5,0.01250432316504611,0.003785577312497369,0.2238874685137041,0.08696311412389757,76,99,3.303148273782561,2.574510708008093,-23
16061,5,0.010045345300211152,0.0028264233041021347,0.2007501552226126,0.07088971635478954,81,104,3.5540838081938473,2.8318656858195945,-23
16063,5,0.013902130253443437,0.005993471569862128,0.23823837779260884,0.1216377663665349,76,95,2.319545540742965,1.9585888898577575,-19
16065,5,0.018814288300192838,0.010026579331812403,0.27758215576701994,0.17269343708595764,67,87,1.8764413742280708,1.6073694545140953,-20
16067,5,0.014785484595828392,0.006539642837171588,0.24290058764824965,0.12580847970134285,75,92,2.2609009335780716,1.9307171362762838,-17
16069,5,0.007417962089397047,0.0014824284950045047,0.18131828984783838,0.057385931017127405,82,122,5.003925730242055,3.159629662429318,-40
16071,5,0.015523106735999565,0.006765256709814794,0.25645325917656386,0.13762875817373707,71,95,2.2945332899901927,1.8633697097871613,-24
16073,5,0.01811533272082121,0.008785341637659953,0.2595367461567677,0.14445322202712538,69,84,2.06199524935565,1.7966836773501111,-15
16075,5,0.016183472291028685,0.007369394247734318,0.2554886855161493,0.13868208635239251,71,91,2.196038337344241,1.8422616232276032,-20
16077,5,0.02153002884874394,0.011067457047278153,0.27336858512232237,0.15915850337771634,65,77,1.94534559806933,1.7175870551733052,-12
16079,5,0.00648475199827272,7.536551975297948e-4,0.157941427331285,0.033173721705103396,81,110,8.604401614328884,4.761040341970058,-29
16081,5,0.008883535786740044,0.0025838607782864447,0.19980955786549887,0.07875057277295179,82,115,3.4380860847430776,2.5372457726952153,-33
16083,5,0.011817526963157209,0.0044929949411620495,0.2266650815157644,0.10714134869340546,78,104,2.630211499882253,2.1155705456386102,-26
16085,5,0.004456305479029163,5.113282276525549e-4,0.12479202126028567,0.023004300332984735,84,6,8.71515640645836,5.424725788393248,78
16087,5,0.012618638709517535,0.004752537657695014,0.22824527345672752,0.10563138082510863,77,99,2.6551370274965036,2.160771464633486,-22
17001,3,0.00272809915156072,7.993554939064598e-4,0.10213804506095155,0.0389373709915659,91,115,3.4128734616290273,2.623136654066227,-24
17003,3,0.0019344508114820672,5.171454993835348e-4,0.06993359231993629,0.019793791375951487,76,8,3.740631628406389,3.5331074775751286,68
17005,3,0.0033489107977809655,0.0011092091999983398,0.11913562778094375,0.04960435466975942,96,127,3.0191877220149075,2.4017171188716837,-31
17007,3,0.005093806682498567,0.0023766824403413144,0.15633343167028094,0.08419791697808778,100,128,2.1432424441891564,1.8567375213209394,-28
17009,3,0.0031721287098544423,9.849195077976899e-4,0.11369153293861631,0.044889125638037396,95,124,3.2206984273744554,2.5327188115751196,-29
17011,3,0.0036033192338880073,0.0013417735981391399,0.12490510664052322,0.05556586164212131,101,129,2.6854897419991928,2.2478749172466674,-28
17013,3,0.005992137375775156,0.002994427784447944,0.16187791862367817,0.08938919274742102,100,119,2.0010959712891765,1.8109338908684633,-19
17015,3,0.0031908507452558157,0.0010789159248221747,0.11423996976341909,0.04698108005941207,99,127,2.957460050264553,2.4316165064522086,-28
17017,3,0.0042285028496536385,0.0017323130204919795,0.13728053390001105,0.06547167753139989,102,128,2.440957725095628,2.0967926754919635,-26
17019,3,0.0020977275855494867,5.390053909124799e-4,0.07797338979074593,0.024710324206356483,80,21,3.8918489887424927,3.1554984523710967,59
17021,3,0.002149420749297617,5.560659824781749e-4,0.08265591602532482,0.027349969578942993,87,95,3.8654059356741532,3.022157512341894,-8
17023,3,0.0023552167599310754,7.199877794798299e-4,0.09221177057492796,0.035281286326342906,93,114,3.2711899105185513,2.613617024107131,-21
17025,3,0.0028702730989028807,9.257125479509748e-4,0.10666323656086187,0.042200474207673894,98,125,3.1006094767280703,2.5275364451109845,-27
17027,3,0.0035931003558686654,0.0013375963093287299,0.12620099568712007,0.056934018639669515,99,130,2.6862367448306252,2.2166184418815624,-31
17029,3,0.002198702444374922,5.588741930895248e-4,0.0819390856446757,0.026727786371804767,82,54,3.9341634871709252,3.0656891859594295,28
17031,3,0.004046606379478246,0.0014931491736631195,0.13767082684343368,0.06406746338566269,95,131,2.710115272374809,2.148841542464475,-36
17033,3,0.002479623483206898,7.199851668296349e-4,0.09507461523306807,0.035770226846283934,90,108,3.4439924562968587,2.6579259796599555,-18
17035,3,0.0030228536930757394,0.0010289451119227999,0.11214308790089442,0.04714268107530534,98,127,2.937818216004645,2.3788016579234847,-29
17037,3,0.003335639069519563,0.0011597472413224098,0.12102949064672176,0.053105667530443205,96,128,2.8761776279080236,2.279031528552781,-32
17039,3,0.0023438298797991267,6.389891440957949e-4,0.0897055245197313,0.03154862899815645,89,104,3.66802769883638,2.843404844152602,-15
17041,3,0.006148062613512589,0.002967516478364004,0.16844868112886344,0.09260225953158367,96,121,2.071787185795856,1.8190558414118498,-25
17043,3,0.003654854369963525,0.0013999370839582748,0.13042272573067676,0.06180388162894475,98,132,2.6107275904353844,2.1102675478168607,-34
17045,3,0.002450655769682892,7.126387978122349e-4,0.09381209372436407,0.03465913201713778,92,112,3.4388469687677423,2.70670637908581,-20
17047,3,0.0035576833921476757,0.0013722927250398248,0.12293257418552418,0.05509150311120858,104,129,2.592510568067341,2.231425305956357,-25
17049,3,0.0046572232103350205,0.0019925264804235344,0.1472421645079666,0.07393721969055557,99,128,2.337345704607687,1.9914484900055647,-29
17051,3,0.004054632553654462,0.0015835208883969746,0.13388655968048704,0.06184976571998479,100,128,2.5605172520073523,2.1647060117678967,-28
17053,3,0.0038843841054992663,0.0015040064081918295,0.13067349067552686,0.059390571798194576,102,129,2.58269119356294,2.200239646109944,-27
17055,3,0.002981733820510798,9.321072320898247e-4,0.11031035740256685,0.044383265620250745,94,122,3.198917160878177,2.485404259037568,-28
17057,3,0.0025033880472669916,7.247462538129899e-4,0.09565041651679168,0.035606598501345385,91,112,3.4541579678353935,2.686311541754755,-21
17059,3,0.004061795054264062,0.0015920105960514645,0.13224235600754503,0.06029376965687071,102,127,2.5513618215470455,2.193300514466597,-25
17061,3,0.00250233351904575,7.750000972351098e-4,0.09625481798796444,0.036679916678630395,96,120,3.228817038827575,2.6241831144628036,-24
17063,3,0.003607540899549371,0.0014025553931373948,0.1293031202519118,0.061324764367933333,99,132,2.572120086807848,2.108497628725081,-33
17065,3,0.003273870499305973,0.0012492501639365199,0.11634464624829524,0.05115905783590312,105,129,2.6206684568202574,2.2741749197469634,-24
17067,3,0.0027891813424622833,9.048266395669048e-4,0.10382025916372475,0.04055934146684463,100,125,3.0825588245250213,2.5597126434755597,-25
17069,3,0.0030352979033713375,9.486749461909097e-4,0.11006790718218733,0.043215182707671516,96,124,3.199513084601392,2.546973084129717,-28
17071,3,0.0032644254260688075,0.0011997569419469648,0.11549034951128363,0.049334380014625215,104,128,2.7209056367461395,2.340970930962271,-24
17073,3,0.0027970675668068505,9.036308827856648e-4,0.10571242487590952,0.042850173170138985,96,123,3.0953651763031833,2.467024449496913,-27
17075,3,0.004261012023763378,0.0017469360553340645,0.1377351802611364,0.06567542987071515,102,128,2.4391345125386112,2.0972101824422604,-26
17077,3,0.002247705478009518,5.441125545067099e-4,0.08200790343863049,0.02535303945909455,81,36,4.13095683860351,3.234637944335818,45
17079,3,0.004192144243607068,0.0017721124677415045,0.13631336363995,0.0661203651734923,103,128,2.365619744750066,2.0615942347305443,-25
17081,3,0.0035679489483381294,0.0013113966324478697,0.1263842507912191,0.05725841373661768,98,130,2.7207245009300887,2.2072607769501364,-32
17083,3,0.0026779792934007347,8.988466438210597e-4,0.1032268704816121,0.04270751099487249,97,124,2.979350606479942,2.417065946409418,-27
17085,3,0.0024398861892419308,6.979693256706549e-4,0.09311027867314077,0.033804601752581126,92,112,3.495692574881464,2.754366975082953,-20
17087,3,0.002939363397885813,9.851249331495097e-4,0.11016630972532672,0.04624943542568742,96,125,2.9837468314688507,2.3820033414751522,-29
17089,3,0.0057728893054562426,0.0028530596766030447,0.16741791456736171,0.09460743193562235,98,125,2.0234029287216493,1.7696063738553311,-27
17091,3,0.0032590706610741075,0.0011246262425192348,0.11929383754182879,0.05200623076880695,96,128,2.8979144695873185,2.2938374071396956,-32
17093,3,0.005136175743586594,0.0025344281890613846,0.1585651135933174,0.08904982337043553,101,129,2.0265619541932085,1.7806336676683505,-28
17095,3,0.0025594245858496117,6.806559914231748e-4,0.09547567208311421,0.033492923015035876,89,106,3.760232214364475,2.8506222654932984,-17
17097,3,0.004039222907124492,0.0016695657855774846,0.1389555213328074,0.06928934632716563,99,132,2.419325397068657,2.00543847933991,-33
17099,3,0.0029599121720098264,9.447974104186447e-4,0.10986945430079495,0.044748453173708264,94,123,3.13285381539972,2.4552682050102286,-29
17101,3,0.003037454689232773,9.885028161185998e-4,0.1119582088974742,0.04593105287614741,96,125,3.072783040881435,2.4375275959679894,-29
17103,3,0.00253647160252187,7.295411753780749e-4,0.09647550965551242,0.03599549920156986,91,110,3.4768038982959086,2.6802103539462756,-19
17105,3,0.0037160595765886625,0.0014418878836353348,0.12774466296636702,0.058538700642638906,102,129,2.5772181171393242,2.1822258021442877,-27
17107,3,0.00293117073049995,9.515215041344848e-4,0.10853683819496764,0.043784654749763355,97,124,3.0805091821505153,2.478878475010797,-27
17109,3,0.0021126724829898225,5.193832734790699e-4,0.07886067225159789,0.023937732464601992,82,9,4.067655989069811,3.2944086232149763,73
17111,3,0.0037853407242478634,0.0015497957600244096,0.13369009351796093,0.0659156443547159,100,133,2.4424771456261074,2.0281997517694923,-33
17113,3,0.0026357853344696255,7.753742597921397e-4,0.100119483618677,0.03853857341750535,91,112,3.399371724277022,2.5979032107400166,-21
17115,3,0.0023413407898885755,6.014563637998399e-4,0.08782952823871139,0.029700960908952082,85,87,3.892785795958019,2.9571274986001863,-2
17117,3,0.0024114658723438363,7.269264856154399e-4,0.09360159652170105,0.035657850286165714,92,113,3.3173449035939444,2.6249926950311964,-21
17119,3,0.002565855802014198,7.526587701361398e-4,0.09805153750529196,0.03786820415805355,89,106,3.40905587474931,2.589284062588403,-17
17121,3,0.0034945163713642406,0.0012275448486537648,0.12439225560718921,0.05479858525520666,97,129,2.846752503744885,2.2699902748925465,-32
17123,3,0.003344922688412109,0.0011978581634076349,0.11934415472028517,0.05163000564717522,100,129,2.7924196625221156,2.3115270514562636,-29
17125,3,0.0030133438999296364,0.0010062035604774299,0.109350360360308,0.04381354777646457,100,126,2.994765689856877,2.495811590474488,-26
17127,3,0.003396918755892029,0.0012455527135126797,0.1212966159275923,0.0538005152112004,100,129,2.7272380518622255,2.254562348546809,-29
17129,3,0.002311691746137692,7.211761513413299e-4,0.0912561875878243,0.03546602637100542,93,113,3.2054467439586434,2.5730592605217564,-20
17131,3,0.0029845266562628274,0.0010597423545705947,0.11116599271106951,0.04749419347298175,101,128,2.8162757139891337,2.3406228126456985,-27
17133,3,0.0027553491721312405,9.504982053060147e-4,0.10583808568161511,0.044966090860922514,98,125,2.8988473168596363,2.3537310816936725,-27
17135,3,0.0038640302336725857,0.0014502405922268947,0.13081463876810337,0.059125425411961766,99,129,2.6644063435979497,2.2124938274294097,-30
17137,3,0.0023299885255821584,6.192111150138249e-4,0.08855843012985172,0.030474654117041384,88,101,3.7628338204654765,2.905969983768576,-13
17139,3,0.0057942704322321605,0.0027312959251976346,0.16329665465107143,0.08797663284140403,97,122,2.1214363404481302,1.8561366737625344,-25
17141,3,0.0033073841976303,0.0011606189486078648,0.11976440997026608,0.052164682291508266,98,129,2.8496727557286827,2.295890719720959,-31
17143,3,0.003012975193712204,8.926524489223548e-4,0.11045927549175905,0.043389431542825783,92,119,3.3753060301907944,2.545764522928462,-27
17145,3,0.0021504631690698107,5.763584798542648e-4,0.08251406052791349,0.028431757183121652,84,80,3.7311208982534034,2.9021794184742644,4
17147,3,0.0023570234042446297,7.174263806866999e-4,0.09224563850405293,0.03517614022950682,93,114,3.285387138940381,2.622392277896211,-21
17149,3,0.003211318671006642,0.0011164875567194748,0.1146122385262871,0.047473912006380126,101,128,2.8762691099239075,2.414215169604816,-27
17151,3,0.0024501857736655515,7.099313227603249e-4,0.09386680303075962,0.03402442087701762,94,116,3.4512997174696323,2.7588067808720167,-22
17153,3,0.0026771391532191898,7.718916921694498e-4,0.10001522081069636,0.03670039890915219,93,118,3.468283413823153,2.7251807550722558,-25
17155,3,0.0027516710014417467,8.734529687382298e-4,0.10386177070682168,0.04129633146509685,95,122,3.150336766748584,2.5150362519393368,-27
17157,3,0.0021000365537976263,5.653140877816949e-4,0.08107135373211684,0.027882692650676878,84,80,3.714813763156366,2.907586966144346,4
17159,3,0.00318542888978386,0.0011107553916645547,0.11600052464823252,0.049562618132491916,99,128,2.8678041211307947,2.340484199969769,-29
17161,3,0.002694916967027606,7.690013819598197e-4,0.10105070669807979,0.03824751013731841,90,109,3.504437092374972,2.642020521996902,-19
17163,3,0.0033764147468619225,0.0011629969950947498,0.12230712376601605,0.05375738669130717,95,129,2.90320160851907,2.2751687032024885,-34
17165,3,0.002750811816464653,8.296323782143948e-4,0.1032192450542191,0.03992127764618124,93,118,3.315699686631305,2.585569679634058,-25
17167,3,0.0026011375704718498,7.115760301965199e-4,0.09734808721762603,0.0354339646212605,88,104,3.6554597964092177,2.747310052886852,-16
17169,3,0.003032567997781349,0.0010248048218968347,0.11060285495753698,0.04502968258582917,100,127,2.959166402211398,2.456221065887408,-27
17171,3,0.002737347191891934,9.517209963190948e-4,0.10400580035676257,0.04305414421709,101,127,2.876207630680611,2.4156977742337356,-26
17173,3,0.00324098069043459,0.0011488222053516798,0.1171147832769293,0.05047949636816395,99,128,2.8211333967404073,2.3200465872870795,-29
17175,3,0.0035152214377256134,0.0012896250137630447,0.12276675709131989,0.053471279550312056,102,129,2.7257702046802104,2.295938270484186,-27
17177,3,0.0027026302849181266,8.283599206773098e-4,0.10164869828355114,0.03902179618292073,95,121,3.26262801646453,2.6049210499449353,-26
17179,3,0.0027419489391132743,8.351684887153397e-4,0.10373953562216373,0.04106705360277029,92,116,3.28310870939462,2.526101254441241,-24
17181,3,0.0031689620625387303,0.0010452969613553148,0.11545239051648548,0.04805458319784164,96,126,3.0316380700369647,2.4025261033097673,-30
17183,3,0.0028466962813172274,8.575442650219048e-4,0.10582952875076626,0.041119424596504674,93,119,3.3195910665258923,2.573711324738776,-26
17185,3,0.0030074366694498636,9.629912259468398e-4,0.11105946424949982,0.04543193351273464,94,123,3.1230156500053967,2.444524273182643,-29
17187,3,0.002826558307145392,9.206518789549298e-4,0.10604931089626456,0.042765810719979744,97,124,3.070170573435353,2.479768513933945,-27
17189,3,0.003594437511482758,0.0013863429522555698,0.12488252847841158,0.05658292096515013,103,129,2.592747707653892,2.2070710798993165,-26
17191,3,0.004548544841088211,0.0019174482212778595,0.14296432637796339,0.06980197775430104,101,127,2.3721865292700786,2.0481414850620654,-26
17193,3,0.002760724928357522,8.450566975373148e-4,0.10384727238071127,0.040402355998299465,94,120,3.2669108905981044,2.57032714589917,-26
17195,3,0.002699785623982274,8.139253023808747e-4,0.10217444207228206,0.03971497290710277,92,117,3.3169943434427287,2.5726932336395683,-25
17197,3,0.004783563931138457,0.0022168051474468547,0.15285529816718996,0.08237611619235517,100,130,2.157863958701015,1.8555778693214906,-30
17199,3,0.0024251825197112026,6.836285189469799e-4,0.09284465750713498,0.034171167662242145,88,102,3.5475151379682157,2.717046675865421,-14
17201,3,0.0032847321208773397,0.0011008824871012598,0.11976214000751345,0.051783882452116826,94,127,2.9837263825736633,2.312730029816793,-33
17203,3,0.0030448645771806206,0.0010620188104314698,0.11391206336401763,0.04949891282671567,97,127,2.8670533396141766,2.301304349103537,-30
18001,3,0.008697359175619536,0.004864777099930104,0.1959771621469193,0.12103294890096417,90,109,1.7878227505520239,1.6192050505790667,-19
18003,3,0.004057945275150175,0.0015813354332357545,0.13842834779759644,0.06650296321470908,97,132,2.5661508557022215,2.0815365377129385,-35
18005,3,0.002894697874129297,9.055987265789547e-4,0.1087156834823941,0.04456965085072066,92,119,3.196446493541886,2.4392312124346884,-27
18007,3,0.005392199806232139,0.0024674754370046744,0.15417839507832545,0.07942035730914765,101,122,2.18531042918014,1.9412956614911523,-21
18009,3,0.00321206459429524,0.0010762460568076947,0.11660288268255845,0.048925253029047586,97,127,2.9845076541536417,2.383286247151951,-30
18011,3,0.00324877302712079,0.0012346720952445048,0.12079024703906964,0.056102840155423175,99,131,2.631284079095858,2.153014833196345,-32
18013,3,0.002913108275501798,9.444067835439497e-4,0.10876050228418643,0.04496719471895313,94,122,3.0845905877234006,2.41866327139027,-28
18015,3,0.0035544493720666885,0.0013133657306517248,0.12556940429069127,0.05660358837765358,99,130,2.7063667713507966,2.2184000677290023,-31
18017,3,0.003224364841030554,0.0010893612904660948,0.11785677892996735,0.050476724849576216,96,127,2.959867281176271,2.334873732025758,-31
18019,3,0.002744819648056463,8.190884102731148e-4,0.10365965169390161,0.04103801842908154,90,111,3.351066397266245,2.5259419353553225,-21
18021,3,0.003853530057301215,0.0015101861481325845,0.13324387453819603,0.0634793886170083,99,131,2.551692095750106,2.0990100478455997,-32
18023,3,0.0034163715626593363,0.0012070314095924948,0.12224585767195362,0.05358091975069951,98,129,2.830391600010422,2.2815184629292906,-31
18025,3,0.0021307982825286725,5.462188586797349e-4,0.07789555100265846,0.024408911612376044,79,27,3.9009972809782205,3.191275065421725,52
18027,3,0.008561352374229747,0.004767147958436504,0.19469431708683885,0.1195720599615005,91,109,1.795906577449222,1.6282592869063728,-18
18029,3,0.0032076737703698945,0.0011650047101572098,0.11942003651584975,0.05428949083034674,97,129,2.753356911266942,2.199689750066625,-32
18031,3,0.0034568775053459913,0.0013343918244055248,0.12326986234708881,0.056558776242882865,102,130,2.5906015325641247,2.1795001684217064,-28
18033,3,0.0038269180628443572,0.0015043890934371795,0.13299051673793133,0.06350542067646796,99,131,2.5438352880508717,2.0941600783255843,-32
18035,3,0.002490574447298761,7.009661381735449e-4,0.09470569942439132,0.03514279077174818,88,101,3.5530595725897185,2.6948827154765027,-13
18037,3,0.0026212085797856174,7.996740752975098e-4,0.10001299117262781,0.038824110618871394,93,117,3.2778461385164026,2.576053632095672,-24
18039,3,0.0045207208212630304,0.0019072007104772445,0.1465727519367087,0.07380132611131601,98,130,2.370343507334263,1.9860449623307597,-32
18041,3,0.0028307306608848335,8.454566631460597e-4,0.10590776103879643,0.04173922500737196,91,116,3.348167664030582,2.53736769238267,-25
18043,3,0.002421767708977717,6.971210574927199e-4,0.0932212649223004,0.0352913271882827,87,96,3.473955754095131,2.64147801597134,-9
18045,3,0.0033416856965730744,0.0011973594699530798,0.12026627574030503,0.052845485172788524,99,129,2.7908792475696735,2.275809851060525,-30
18047,3,0.00388009553365764,0.0014868389234499746,0.13337300930554874,0.06262974341267089,98,131,2.609627359401173,2.1295474328666257,-33
18049,3,0.005315760287984649,0.0024289911795239596,0.1573172793972428,0.08309088155534002,98,125,2.1884642203708813,1.8933158061690158,-27
18051,3,0.0038295999235768777,0.0014715410007424996,0.13126175697303682,0.06087356983518709,99,130,2.602441876675244,2.1563012868872833,-31
18053,3,0.0032595639544699467,0.0010664972014221797,0.11839730700488071,0.050129112317395086,94,126,3.0563267771573153,2.3618472686139342,-32
18055,3,0.0035128724138858963,0.0012283546140198548,0.12383183095351102,0.054109142580678206,96,128,2.859819447732473,2.2885565183161862,-32
18057,3,0.0033209816623433345,0.0012798972545046297,0.12311162956320683,0.058171108093626904,99,132,2.5947252020856033,2.1163707138784016,-33
18059,3,0.002628565119566881,8.423769082946448e-4,0.10195980102379987,0.04211011166634347,92,116,3.1204145005450066,2.4212664604566054,-24
18061,3,0.0030078708637423213,9.968243379658947e-4,0.11283641006297192,0.04811763842900399,94,124,3.0174532755491694,2.34501138765275,-30
18063,3,0.0038198799955502195,0.0015822775796966995,0.13455011415640686,0.06696667470142562,100,133,2.414165532372921,2.0092100250804674,-33
18065,3,0.0029333530296612224,9.272033587044398e-4,0.10956392796876607,0.044774420228320566,93,121,3.1636566046955763,2.447020584745954,-28
18067,3,0.002638162515156295,7.674669881144448e-4,0.09998835130990992,0.03838268422973848,90,109,3.4374931508622644,2.605038009104117,-19
18069,3,0.003401877609768497,0.0012045379022162148,0.12222828671551351,0.05392709768027939,97,129,2.824217987254219,2.266546726474605,-32
18071,3,0.0034736491389963232,0.0013138075949016747,0.12460714212102814,0.057267466051651485,99,130,2.6439557454805938,2.1758801412418127,-31
18073,3,0.003505395187004768,0.0013442635608032797,0.12441794023584565,0.057058637645844845,101,130,2.6076695740454943,2.1805277056927084,-29
18075,3,0.005333218076631007,0.0024235052444418295,0.15616475208681563,0.08139570095765356,99,124,2.2006216363106446,1.9185872257315035,-25
18077,3,0.002911013917706691,8.931686986097948e-4,0.10848952759562311,0.043519821183666166,92,119,3.259198315209261,2.492876226162927,-27
18079,3,0.005918923829957236,0.0029160782228557195,0.16843815684141408,0.09469739346839967,98,124,2.029754820555131,1.778698976520632,-26
18081,3,0.00382194593930222,0.0015423936488670597,0.13427811044961482,0.06565854258485833,99,133,2.4779315851757873,2.0450973348376,-34
18083,3,0.0035452775111819708,0.0012938248212136848,0.12582537097549154,0.05659496991845127,98,130,2.7401526489933072,2.223260674169376,-32
18085,3,0.003781579787762389,0.0014543362780371097,0.13151314026161667,0.061620737602582076,99,131,2.6002100373005312,2.134235086730054,-32
18087,3,0.013184121048857198,0.008499246337251524,0.23060652279942428,0.16011104819819358,80,93,1.5512106045299852,1.4402911316523757,-13
18089,3,0.003609624845355251,0.0013075085039296148,0.12856777179831252,0.05878100767485744,96,131,2.7606893832864605,2.187233204804435,-35
18091,3,0.0032499276635696104,0.0011109513802725099,0.11900818507182466,0.051795844594373565,95,127,2.9253554397424866,2.2976396273447808,-32
18093,3,0.003509025113180203,0.0012098710296966498,0.12471840381952552,0.054766793247380444,95,129,2.9003298922365457,2.277263217807461,-34
18095,3,0.002784849689403276,8.386851474329548e-4,0.10474640686280873,0.04151371686024796,91,115,3.320494822076123,2.523175826809912,-24
18097,3,0.003096368178617834,9.061730750577648e-4,0.1126210954487197,0.04442585834832673,91,118,3.4169721699361384,2.5350347665924504,-27
18099,3,0.0052861638650333635,0.0024445958481998944,0.15909479633792806,0.0853611409575919,98,127,2.16238764740024,1.863784791922681,-29
18101,3,0.004716357436385719,0.0019207471761881346,0.14676763614336624,0.07081451479586304,98,127,2.4554806040353947,2.0725643120828154,-29
18103,3,0.002851591214315396,9.367692125567198e-4,0.10799344772969517,0.04492447461861212,95,123,3.0440701680754017,2.4038889413066995,-28
18105,3,0.002307579657049138,5.968021851254999e-4,0.08598873035526305,0.029080152418508802,83,66,3.8665737401143785,2.956955971817168,17
18107,3,0.0036930990498898614,0.0013770871240323947,0.12984981765831408,0.05983586768354133,98,131,2.681819461847633,2.1701000200257985,-33
18109,3,0.003289333545794555,0.0012212843597501199,0.1213522175469281,0.05586725195352245,98,130,2.693339613771495,2.17215297519707,-32
18111,3,0.004506311484071045,0.0019689312426966147,0.1428978104042258,0.07173832373353958,102,128,2.2887094208019563,1.9919312714219062,-26
18113,3,0.004804691491682543,0.0021119375746681047,0.15161839749230657,0.07855425339755466,99,129,2.275015866620778,1.9301106042594804,-30
18115,3,0.002792604711975116,8.435196350296348e-4,0.10473308486308602,0.04123373588136667,92,117,3.310657625506258,2.5399853451167496,-25
18117,3,0.004175120582262398,0.0016690473850639745,0.13815938874356276,0.06620447247978353,99,129,2.501499130357144,2.086858841534485,-30
18119,3,0.0031123152214478224,0.0010262070679304999,0.1145882720338044,0.04816073314304243,95,125,3.032833546668385,2.379288365346624,-30
18121,3,0.005982915993000632,0.0028537998876134994,0.16428105818566793,0.08889112414814138,97,120,2.096473554073852,1.848115430646209,-23
18123,3,0.0031887683124869103,0.0010285484588201197,0.11532129004141352,0.04722684922575492,95,125,3.1002606490168163,2.441858644648342,-30
18125,3,0.0030906845968228115,0.0010251514974150048,0.11351254767854047,0.047278392716998706,96,126,3.0148564427952365,2.400939227312768,-30
18127,3,0.00300844968778046,0.0010146469685817848,0.1131999018203831,0.048784386523094275,95,125,2.9650211166406955,2.3204125313084516,-30
18129,3,0.0026341829701879236,8.628564351636698e-4,0.10198616925931582,0.04206957355759479,95,120,3.0528635620458253,2.4242263620688482,-25
18131,3,0.003521301967232836,0.0012982858208588199,0.12223735088039545,0.053375274562378575,102,129,2.712270218666861,2.29014936002885,-27
18133,3,0.004087909414207509,0.0016494806942667845,0.1378174278504512,0.06679475321182873,99,131,2.478300854575711,2.063297208590405,-32
18135,3,0.003828548831649726,0.0014613901133612597,0.1302191895595659,0.05942334848342372,100,129,2.6197993243870386,2.1913808777687924,-29
18137,3,0.0034450722611879653,0.0012408195610189947,0.1233829614707338,0.05502503075110897,98,129,2.7764490256413903,2.242306088456791,-31
18139,3,0.00298330638529901,0.0010405321031893148,0.11140275410080824,0.04745145508787395,99,127,2.8670969171973986,2.34772050497724,-28
18141,3,0.003158624903134897,9.896532014633498e-4,0.11554420517636835,0.047720448090187446,92,123,3.191648244520807,2.4212724272412522,-31
18143,3,0.003369870894365176,0.0010749679676268797,0.12036971218798788,0.050281024481050894,93,125,3.1348570337445207,2.393939133705418,-32
18145,3,0.003709802034286311,0.0013937908468032497,0.12993967045380578,0.060047100417399045,98,131,2.661663364194839,2.163962448653972,-33
18147,3,0.0027728721576184513,9.056641146522147e-4,0.10538774928463898,0.04313462164911825,96,123,3.061700372972452,2.4432287859604607,-27
18149,3,0.00421216304408606,0.0017227074777941846,0.14104764474064263,0.069517713903784,99,131,2.445083160305,2.028945384134174,-32
18151,3,0.0023807196357072723,6.643631121711848e-4,0.09092827107168809,0.03332528311303804,87,93,3.583461501838829,2.728507084643902,-6
18153,3,0.003880048670865481,0.0015444015098231695,0.13329196818072486,0.06339482674919232,100,131,2.512331570635241,2.102568537777778,-31
18155,3,0.004397552557902087,0.0018115925034298246,0.14285681978643686,0.07003525412216197,99,129,2.4274512891703597,2.0397844139646124,-30
18157,3,0.0028332337950918176,8.460784865260598e-4,0.10604619346005224,0.041844417674792043,91,115,3.3486654491415817,2.5342972695719146,-24
18159,3,0.003389433239263455,0.0013027024110549548,0.1223099783723495,0.056561801477912975,100,130,2.601847674879655,2.162413062817859,-30
18161,3,0.002475290139156121,7.971824345502497e-4,0.09674739849891735,0.03876771499664046,95,118,3.105048520734927,2.4955661819970896,-23
18163,3,0.0025150587023290024,6.897381660589998e-4,0.09483643396131716,0.03471866589490885,87,95,3.646396308180901,2.7315690714724146,-8
18165,3,0.004012921661141514,0.0016213845036403796,0.135125523224163,0.06487348042186115,100,130,2.474996925239871,2.0829084911964766,-30
18167,3,0.0030285972950835245,8.861540548634048e-4,0.11070283237830882,0.04345920383313742,90,117,3.4176871148554007,2.547281648401908,-27
18169,3,0.0026821791577685975,8.155378224253648e-4,0.1017109286740776,0.0398720747887591,92,116,3.2888470454894954,2.550931427896307,-24
18171,3,0.004574951916039209,0.0020181312861219094,0.14432003180011965,0.07308093991262579,102,127,2.266924826694773,1.9747971491973966,-25
18173,3,0.0027943498981167314,9.376948128162798e-4,0.10716253513838364,0.04542123476285617,95,123,2.9800206420297446,2.3593047546566757,-28
18175,3,0.005096248641953573,0.0023238939838375995,0.1537058123129139,0.08076825160839067,100,126,2.1929781123396177,1.9030474134585085,-26
18177,3,0.0026387868768689695,7.739400103675198e-4,0.09999839118714332,0.038618104307747855,90,109,3.4095496311347087,2.5894173983853706,-19
18179,3,0.003941397814966746,0.0015617176031366296,0.13498425305227568,0.06434590889323939,100,131,2.5237583331651323,2.0977907589468834,-31
18181,3,0.004035572817903409,0.0016273729637430495,0.13526251902804678,0.06461459911346161,101,130,2.4798081987434304,2.0933739570298844,-29
18183,3,0.0026736286681413968,8.686442282343847e-4,0.10260634119948109,0.041950445621891846,95,121,3.0779329226372023,2.4458939512655844,-26
19001,3,0.004110826199224655,0.0016435179629915946,0.12952168662690103,0.058025836347777304,106,125,2.5012359413109,2.232138212547494,-19
19003,3,0.004668586503542105,0.0020148264904138744,0.14228977587762015,0.06944160615914334,103,125,2.3171159034062088,2.0490565202585675,-22
19005,3,0.004189824120082512,0.0017184351190428345,0.13411406318231822,0.06285357153240657,104,127,2.438162531510783,2.1337540558561665,-23
19007,3,0.0024797621231350806,7.225148009167148e-4,0.09473476671466673,0.035021965440699625,92,114,3.4321264007170504,2.705009999369534,-22
19009,3,0.003587416308846836,0.0013581924982548148,0.1195349018329292,0.05095819262897962,106,127,2.641316539044666,2.345744534215494,-21
19011,3,0.003072659814556101,0.0010840670880180349,0.11397943391146016,0.04933479931318885,99,128,2.8343816065606666,2.310325277455616,-29
19013,3,0.0030649151056490907,9.585271125349848e-4,0.11283866384041064,0.04612254825695601,93,122,3.1975257304338647,2.446496737599332,-29
19015,3,0.002945878003349666,0.0010037926983068248,0.10966476118370747,0.045661190851737074,99,127,2.9347473918855034,2.4017061127422505,-28
19017,3,0.003213980753301358,0.0011682296288544798,0.11720919520966094,0.051386366383505105,100,129,2.751154973233183,2.2809395460054325,-29
19019,3,0.004243537777408721,0.0017758816542128696,0.13705725911266753,0.06607138538958995,103,128,2.3895386088041994,2.0743814936603697,-25
19021,3,0.007392796507675376,0.003749764372064609,0.18145129761997222,0.10339490918858589,93,114,1.9715362817864004,1.7549345421737963,-21
19023,3,0.003023115747653716,0.0010878238670035249,0.11134994540783898,0.04755217583215254,102,128,2.779048924511159,2.341637232350352,-26
19025,3,0.004591786516938078,0.0019310031277881097,0.14187725607658633,0.06828531945825067,102,126,2.377928057629712,2.0777124161120666,-24
19027,3,0.0034164616872789694,0.0012259778708856247,0.11970373467698456,0.05103639488865465,102,128,2.7867237805939986,2.3454582742009977,-26
19029,3,0.0032691524347644423,0.0011184279387579897,0.11601397872177772,0.047676844304776006,100,128,2.922988885984755,2.4333401342621177,-28
19031,3,0.003121729858886777,0.0011103497020297048,0.11438589251418048,0.04912765401604607,100,128,2.8114834931556207,2.3283402150002885,-28
19033,3,0.0023692482391200116,6.202248499511949e-4,0.08940020139384304,0.030636365734900164,87,97,3.8199827680339578,2.918107264008819,-10
19035,3,0.003267774645333059,0.0011579200410519698,0.11615331343380288,0.04878787327342812,102,128,2.8221073385726076,2.3807824699148084,-26
19037,3,0.004796796872453207,0.0020877115320079398,0.14620220452344285,0.07281803755296724,101,126,2.2976339397999572,2.0077745766918884,-25
19039,3,0.005399955068366332,0.0023451484549059597,0.15730514501741602,0.08012334358566989,96,124,2.302606923271674,1.9632873264858377,-28
19041,3,0.002097282350943844,5.531531504570299e-4,0.08146439831818691,0.027179484920334212,88,98,3.7915039428249004,2.9972752815944532,-10
19043,3,0.004319876595773669,0.0017540928235878395,0.1364536336857424,0.06361229713768735,103,126,2.462741160378132,2.145082630649097,-23
19045,3,0.0030668898359156017,9.909702663997498e-4,0.11240713121163028,0.046076803702709265,95,125,3.094835374887466,2.4395600861745725,-30
19047,3,0.0061515206481510204,0.003086938736513199,0.16640956165707085,0.09308466131213625,99,120,1.9927576065534005,1.787722695783979,-21
19049,3,0.003441692817464403,0.0012842962271373249,0.12480161531901694,0.05735253645821304,98,131,2.6798278658311405,2.17604352006205,-33
19051,3,0.012898629806839092,0.008004393182109474,0.2218705040471784,0.14824142446456418,80,91,1.6114438050930169,1.4966835676907206,-11
19053,3,0.004619545284939743,0.0020123680680073997,0.145242762915846,0.07308730503291469,101,127,2.2955767179877338,1.9872502187683112,-26
19055,3,0.0036630151209518327,0.0014468382406192298,0.12529063283352207,0.057160789160233004,104,129,2.531737839182427,2.1918982343352122,-25
19057,3,0.0024025434681920863,6.550986660906249e-4,0.09139538509175037,0.03260058916704818,88,100,3.6674528472627412,2.803488753636711,-12
19059,3,0.001959140446897229,5.189351993776849e-4,0.07347720368822087,0.02251856859568865,79,9,3.775308457099577,3.2629606707012737,70
19061,3,0.002798032207702301,8.719398944821048e-4,0.10569114052130185,0.04253655123286009,93,119,3.2089737210203153,2.484713439571329,-26
19063,3,0.0034234036036053994,0.0011971089647409298,0.11972517276811075,0.050454731640625985,100,128,2.859725976863158,2.3729225956621365,-28
19065,3,0.0032336840960370756,0.0011292237127916798,0.11576568539136964,0.048406721971327143,101,128,2.8636346008380613,2.3915208606759486,-27
19067,3,0.0034801982219883026,0.0012309684974872398,0.12115411615318505,0.05142729769788561,100,128,2.827203319250157,2.355832827633994,-28
19069,3,0.0034681739329663532,0.0012804838510518599,0.1197148045828606,0.05156178235631081,103,128,2.7084870536378918,2.321773978944084,-25
19071,3,0.004465539108245795,0.0018966922039821545,0.1389980502808633,0.0669957961023398,103,126,2.3543825924260564,2.074727943653898,-23
19073,3,0.004107992581950262,0.0015422099110750046,0.13223948732142607,0.05826955158718328,101,126,2.6637052144780773,2.2694440530157247,-25
19075,3,0.004638647451356683,0.0020637838413614944,0.1436400564406025,0.07234234290486845,103,126,2.2476421020413313,1.9855599179237515,-23
19077,3,0.0032917699358699084,0.0012104001378444797,0.11858627015192386,0.052383076350193736,100,129,2.7195716796034084,2.2638279080660615,-29
19079,3,0.0031189386642812914,0.0010954406878542849,0.113529494733377,0.047618025117981404,101,128,2.847199943239804,2.3841705835571556,-27
19081,3,0.0028969847701460546,0.0010204355328818698,0.10707786275869502,0.044267808179142325,103,127,2.838968927281977,2.4188652468487684,-24
19083,3,0.0041468132339913194,0.0016321198876963496,0.133177852452705,0.06058208260983377,102,127,2.5407528363889527,2.198304295849469,-25
19085,3,0.003674488213331403,0.0014508109895228147,0.1272231645689315,0.05910804611604743,102,130,2.5327132478779864,2.1523831851784267,-28
19087,3,0.0027860030476227833,9.149418541805498e-4,0.10547518372357637,0.0430383777362781,97,124,3.0450055759204653,2.4507239647805954,-27
19089,3,0.006017473524045265,0.0029040586774047496,0.1615760998539124,0.08674381857819798,99,119,2.0720908881300084,1.8626814279366142,-20
19091,3,0.004373531949935339,0.0017423433154766146,0.1392474727067726,0.06505824674838594,100,127,2.510143615834384,2.140350834311828,-27
19093,3,0.003503132621247016,0.0013184820983487297,0.12115061032046216,0.052916730778342656,104,129,2.656943636651835,2.289457578699207,-25
19095,3,0.003136597200381625,0.0011059516037149849,0.11472391018043161,0.048993512976190735,100,128,2.8361071043665294,2.3416142915937406,-28
19097,3,0.0030984616831558048,0.0010871753097809148,0.11361892988397164,0.048447284368447384,99,128,2.8500110840267334,2.345207401510601,-29
19099,3,0.0034915290165537026,0.0013215399862171098,0.12337150506310413,0.05566364626400769,101,130,2.642015416081474,2.2163748396568224,-29
19101,3,0.0020681971516734064,5.284893410397899e-4,0.07575821027114273,0.022595194907450655,79,11,3.9134131780298143,3.3528460622467047,68
19103,3,0.002568676190809803,7.327392545030248e-4,0.09729219484153077,0.03651851198998973,89,106,3.505580156957729,2.6641883674833196,-17
19105,3,0.0026107363736000725,8.360616517457897e-4,0.09969934206545063,0.03909313250658418,97,122,3.122660115014921,2.55030322905587,-25
19107,3,0.0043412732674528495,0.0017901059250951445,0.13608981633904166,0.06377266293170462,103,126,2.4251488175048133,2.1339835923863313,-23
19109,3,0.003691036756950492,0.0013802762796640848,0.12342944425475084,0.053135295367402545,104,127,2.674128948915048,2.3229276021014154,-23
19111,3,0.00232512488489557,6.535593756666249e-4,0.08968909132426017,0.03238916825404533,89,104,3.557633738363806,2.7691075800644627,-15
19113,3,0.0026993631397431166,8.082549161302648e-4,0.10227478744491791,0.04008425374860916,91,114,3.3397423088584914,2.5514953599071712,-23
19115,3,0.00608086803597399,0.003044012170216184,0.16621937868396267,0.09302441843516586,99,120,1.9976490552408435,1.7868359886582967,-21
19117,3,0.002794861370896557,9.202673917281598e-4,0.10567996544132645,0.04314908711640616,97,124,3.037010108168799,2.4491819527079817,-27
19119,3,0.005650430095696102,0.0027420630311793047,0.15822651726476916,0.08550332622770371,101,121,2.0606492379812176,1.8505305494595203,-20
19121,3,0.0038526085154243377,0.0015775535653106145,0.13133494846514443,0.06263669503966915,103,130,2.442141173612557,2.0967732793367726,-27
19123,3,0.004074377589518838,0.0016907707944059046,0.13464996028525977,0.06469621037372712,103,129,2.4097752356495334,2.081265030941296,-26
19125,3,0.0036573942781419366,0.0014180902033815298,0.12936396266160705,0.060975299011318686,99,131,2.5790984730171878,2.121579799675825,-32
19127,3,0.006558611547886945,0.003230841002343969,0.1742887982737414,0.09776869176677613,95,119,2.0300013349863657,1.782664727574563,-24
19129,3,0.0024029012862145168,6.850829993733749e-4,0.09231532477866759,0.034285711702583765,88,101,3.507460101056922,2.6925305089032388,-13
19131,3,0.0047209870813768665,0.0020265150410858647,0.142373504273934,0.0690345756751696,103,124,2.3296087054193424,2.0623506827049707,-21
19133,3,0.003880533337288499,0.0015117598595845846,0.12805062702624204,0.057366450025738994,104,128,2.5668979849450615,2.232151840819655,-24
19135,3,0.0030843585601576518,9.962737483617799e-4,0.1123586689911748,0.045250009245360476,97,125,3.095894642641552,2.483064000759183,-28
19137,3,0.0032399063228158898,0.0011710808450263498,0.11679953328113489,0.05041321760621029,101,129,2.7665949251718747,2.316843455489868,-28
19139,3,0.004304902115395488,0.0017951776025350995,0.14223719965164672,0.07050310493898952,100,130,2.3980368902309306,2.0174600788820993,-30
19141,3,0.004288066405761342,0.0017253986433813046,0.13637173801079513,0.06336393984731176,102,126,2.4852612595996466,2.1521978958286123,-24
19143,3,0.003918784872978035,0.0015320374663070496,0.12566138291258713,0.05513115765412711,106,126,2.557891017133021,2.2793169644820646,-20
19145,3,0.003581302334459725,0.0013049138951821849,0.12387862043473626,0.05385255875552749,101,129,2.744474058926105,2.300329330628532,-28
19147,3,0.005520574471349871,0.0024627385377086948,0.15451300469672707,0.07784720826279101,99,121,2.241640509871646,1.9848239666493006,-22
19149,3,0.004321832698985627,0.0018630341638338596,0.13873934199814614,0.0682595646213901,104,128,2.3197817747431473,2.0325260315925044,-24
19151,3,0.0034926555823832587,0.0012646877335764598,0.11935906884549252,0.05007296414280891,104,127,2.76167427710099,2.383702880162607,-23
19153,3,0.0036272126090549444,0.0013110966588187147,0.128270106126343,0.058118394290440266,96,130,2.766548587136991,2.207048348330604,-34
19155,3,0.0029296294936660286,9.379931248504798e-4,0.10953596055292382,0.04493494839007643,94,122,3.1232952737612276,2.437656311565144,-28
19157,3,0.0027237911624178974,8.154071987273748e-4,0.10200043834641033,0.03839497598898741,95,121,3.340406077686072,2.6566089890423807,-26
19159,3,0.00864856920810311,0.004667545131739654,0.1878392187778653,0.11063313748610985,91,106,1.8529160327325376,1.697856745692029,-15
19161,3,0.004194732891072783,0.0016625188393673445,0.13381911880236,0.061157902288433805,102,126,2.5231190117936033,2.1880920338183003,-24
19163,3,0.002601557143579488,7.522285367169698e-4,0.09877417932289276,0.03770922849916013,89,107,3.458466432201227,2.61936356839262,-18
19165,3,0.0041765045818427885,0.0017284348032981746,0.13429008722538635,0.06343477155143669,104,127,2.4163506623872895,2.116979125817391,-23
19167,3,0.00658898714839516,0.003383733846297734,0.17168558045946197,0.09773338659547849,98,118,1.9472533738445208,1.7566727854225894,-20
19169,3,0.002142179265905707,5.666838672140449e-4,0.08204978774318984,0.027898990457545292,84,77,3.7802016077097425,2.940959023877491,7
19171,3,0.0045944677501048485,0.0019520820444460046,0.1437486679473494,0.07075412269244775,101,127,2.3536243075319847,2.0316649048450857,-26
19173,3,0.00434460523008536,0.0018200392517899295,0.1362222896112323,0.06439756127378204,105,126,2.3870942485513043,2.115333048593131,-21
19175,3,0.0029178972913136187,9.476226276154548e-4,0.1081055649810461,0.043170858820989616,98,125,3.0791764635845116,2.504132832504257,-27
19177,3,0.004523962894676623,0.0019048277719589345,0.14119311777700363,0.06840560073287037,102,126,2.3749983915995494,2.0640578587764273,-24
19179,3,0.004006228130198023,0.0015625895035226345,0.13532541284343952,0.06379359669899812,99,130,2.563839140840608,2.1213008804309164,-31
19181,3,0.003970349138513865,0.0016068282654854245,0.13615269388892653,0.06621759187069237,100,131,2.470923137087347,2.0561408236470036,-31
19183,3,0.003602770300115739,0.0014198759892062747,0.126208859799704,0.05851615348322935,103,130,2.5373837768252736,2.156820848381213,-27
19185,3,0.0072372661565490186,0.003653615802271594,0.1761221343139119,0.09859016528374258,95,113,1.9808503543392084,1.786406725326327,-18
19187,3,0.002988867865448153,9.349466310614298e-4,0.10914941480263342,0.04265894168894165,96,124,3.196832595733234,2.5586526641594554,-28
19189,3,0.002465489217252115,6.971763442006299e-4,0.09387867494840738,0.033672295188288744,92,114,3.5363925321921266,2.788009383484452,-22
19191,3,0.002915658531140856,9.793005290438647e-4,0.10809709847689629,0.04384667850663074,100,126,2.977286792633049,2.4653429212556945,-26
19193,3,0.004072526466486828,0.0016408147167039496,0.13775827053748363,0.06663476940026282,99,131,2.482014833867211,2.0673632065865646,-32
19195,3,0.0038688853903595722,0.0015329026451076696,0.13027331675759343,0.06032248089799957,102,129,2.5238950449379813,2.1596147044727,-27
19197,3,0.004679544043878399,0.0020388526084019194,0.14251909714673106,0.06999672683963494,103,125,2.295185058789654,2.03608230815203,-22
20001,3,0.0026478363964041072,7.776929875325298e-4,0.1000548469277834,0.03812369145550748,91,114,3.404732251482918,2.6244795062553976,-23
20003,3,0.005205913245268535,0.0023664769096783246,0.15358134096020198,0.07941835338634502,101,125,2.1998580353679325,1.9338268096931905,-24
20005,3,0.003739875696303888,0.0014307876980290497,0.1288775493516303,0.0591078511959441,100,130,2.6138578780455495,2.1803795391647345,-30
20007,3,0.008700846849703363,0.004460531872414389,0.1860824917234069,0.10491518779539757,89,104,1.950629902122812,1.7736468440231872,-15
20009,3,0.00284547858754661,9.158216234778297e-4,0.10591079940739968,0.04188732899171177,98,125,3.1070227155599515,2.5284686791166897,-27
20011,3,0.004525793077734856,0.0018383937849058445,0.14395548083640708,0.0696354391345307,98,128,2.461819178727614,2.0672732537565444,-30
20013,3,0.004368843040561668,0.0018067566852335497,0.1382580260514041,0.06563442130975741,103,127,2.41805832310892,2.106486555261976,-24
20015,3,0.00469310034789736,0.0021150302960689744,0.14970886978012143,0.0785995222729237,100,130,2.2189281905890534,1.9047045764512716,-30
20017,3,0.0047885468094944796,0.0020620865990539946,0.14427228881993964,0.0705178896221846,102,124,2.3221851166150245,2.045896290897399,-22
20019,3,0.004973743556058082,0.0021521007091962548,0.15029674491929365,0.07552337292052326,99,125,2.3111109692982845,1.9900692872583678,-26
20021,3,0.0037919562299883135,0.0013997998698257947,0.1305712740294076,0.059374350343693434,97,130,2.7089274057871022,2.1991192033863913,-33
20023,3,0.006197145056917158,0.0026680711676917847,0.15651784103712782,0.07430817360871796,98,114,2.32270605520559,2.106334114216002,-16
20025,3,0.004061785158691764,0.0016099503390421695,0.12976047881841063,0.05818059874424342,105,126,2.522925745093665,2.230304974839221,-21
20027,3,0.005623411210105821,0.0025228452511300045,0.15639336612506505,0.07942820522297107,99,120,2.228995697451933,1.9689903062273302,-21
20029,3,0.005810221095319402,0.0026577702467161595,0.1608634733846285,0.08344529319392587,99,121,2.1861261719286276,1.9277716840275665,-22
20031,3,0.00322139374121829,0.0011508684896790247,0.11686161823732391,0.05080391853144082,99,128,2.7990980464820363,2.300248122888439,-29
20033,3,0.006551790921547835,0.0028654611091578344,0.16115244303930396,0.07787885219988322,97,113,2.2864700206918602,2.069270905864039,-16
20035,3,0.0036640847663347996,0.0013349463686003298,0.12741148714372869,0.05673743995407229,99,129,2.744743049248139,2.2456333462853717,-30
20037,3,0.0034350204904023086,0.0011325044040335897,0.12170941225133591,0.051226369147428064,95,127,3.0331188807460276,2.3759133094336553,-32
20039,3,0.003217615871110745,0.0011194423865274947,0.10979124251909282,0.04248180167986685,109,127,2.874302340017493,2.5844299953767154,-18
20041,3,0.004131990166123207,0.0016449428789214046,0.13625116733467155,0.0640909736908995,101,129,2.5119353498965076,2.125902595766279,-28
20043,3,0.0042472764188561775,0.0017722288264515546,0.13754260923460446,0.06624666663617428,103,128,2.396573374421568,2.076219321192211,-25
20045,3,0.0022190261007526474,5.809527005492399e-4,0.08337847565750331,0.028177597984210365,82,63,3.819632990181047,2.9590341839721535,19
20047,3,0.004146260871610036,0.0017039193542855346,0.12792632862063652,0.05747293662386991,108,125,2.4333668498933108,2.2258533517757573,-17
20049,3,0.003858697600319355,0.0014617522440325897,0.1288698736574513,0.057666256220052316,101,128,2.6397753901675047,2.2347535995000025,-27
20051,3,0.003772807960368747,0.0014215064863942147,0.13014992942742692,0.05937111962873331,99,130,2.654091273222981,2.1921420758324293,-31
20053,3,0.00397413210505969,0.0015366430047276947,0.12973671571014922,0.058151930088148306,102,127,2.5862429287952526,2.2309958674370862,-25
20055,3,0.009498765133611647,0.005438918967649694,0.20208623777446474,0.12680320063827805,88,105,1.746443583754351,1.593699817963909,-17
20057,3,0.007443535027342378,0.003995550057234074,0.18412429496917243,0.10965203569822243,94,115,1.8629562690287447,1.679168962041963,-21
20059,3,0.003406557437741105,0.0012702420535642698,0.12344704834711301,0.056492747445463495,99,131,2.6818175545222926,2.185184009085154,-32
20061,3,0.004183666686295134,0.0017635255846834297,0.141396940025586,0.07115904377872134,100,132,2.372331154495921,1.9870550883915596,-32
20063,3,0.006393963040180763,0.003062336202964619,0.1617022298060698,0.08465769082595546,99,115,2.0879363389267405,1.91007135002663,-16
20065,3,0.003217471382645696,0.0011426563145370198,0.11453473419230958,0.047677241941350146,103,128,2.8157822625338986,2.4022936212040906,-25
20067,3,0.007098157498986298,0.0036313789656902042,0.1728754257127233,0.09675495347728817,97,113,1.95467274719899,1.7867346270111464,-16
20069,3,0.009692842734118592,0.005556982522872879,0.1953982964410827,0.12062015446904405,89,101,1.7442636708361527,1.6199473239045612,-12
20071,3,0.006878096315166724,0.003507156276517894,0.16746125164969464,0.09261499034199494,98,113,1.9611604881193638,1.8081441355370065,-15
20073,3,0.004197796269877658,0.0016630784278432145,0.13506882315630128,0.062110512220241165,102,127,2.524112031999372,2.174653183946594,-25
20075,3,0.012902259850365522,0.007601326669272423,0.21482887562338251,0.13549060248633854,81,90,1.6973694740053171,1.5855629223070553,-9
20077,3,0.005761484064855135,0.0025999701777148147,0.15808422981877618,0.08070291036145585,98,120,2.215980827102818,1.958841745740536,-22
20079,3,0.0038237252230028354,0.0014746189718481196,0.13229550346477587,0.06209776394368052,99,131,2.5930259246635172,2.1304390860959352,-32
20081,3,0.007776730166012478,0.004166107172883244,0.1739306350544105,0.09963220429037659,96,108,1.8666658929540751,1.7457270597716803,-12
20083,3,0.007713345295119401,0.0038856299366160393,0.17206654618756584,0.0933778253383067,95,108,1.9850951894397038,1.8426917264797171,-13
20085,3,0.0037764129889600695,0.0014234593762749949,0.1298759880427986,0.059401076705340734,99,130,2.652982622407141,2.1864248132579975,-31
20087,3,0.0027248571080353444,8.948224822867148e-4,0.10404961805770992,0.042703983697252965,96,122,3.045137065702668,2.4365318888130605,-26
20089,3,0.003972693403564118,0.0015754438472305495,0.12684914852324167,0.05627560457431426,106,126,2.521634401979899,2.254069938168894,-20
20091,3,0.0029936575102751353,0.0010019455763950447,0.11278609069006085,0.048455996076109224,94,124,2.987844430678741,2.3275982298023377,-30
20093,3,0.0065971432821936744,0.003476335948481594,0.16393962981873852,0.09291334408940731,101,114,1.8977289249260265,1.7644357914939006,-13
20095,3,0.004137798070416295,0.0016586293094887545,0.13436856063184452,0.06249669816938366,102,128,2.4947093643797382,2.1500105536402554,-26
20097,3,0.004033877659638144,0.0015680752920838846,0.12867695865028236,0.05670578369438158,104,126,2.572502532245978,2.269203426299383,-22
20099,3,0.004089711939353292,0.0015772261280492545,0.13746043648304418,0.06458806884777182,98,130,2.5929775487624793,2.128263608670912,-32
20101,3,0.005358963977494509,0.0024235740890373894,0.15119838286819481,0.07613928823547333,102,121,2.211182237726851,1.9858129274940004,-19
20103,3,0.0042590565490024206,0.0017782779732516095,0.14222448153440256,0.07108560762900971,99,131,2.395045438939261,2.0007493257518614,-32
20105,3,0.003966870435533596,0.0015026613725628796,0.12652921972268463,0.054209560221532366,105,125,2.6398964583536606,2.3340757461527324,-20
20107,3,0.004179742622287002,0.0016926568587611046,0.13701171652272753,0.06514710640706774,101,129,2.4693384253594397,2.1031128484298005,-28
20109,3,0.005791143597473249,0.0027570628290728696,0.1546157869558142,0.08039802347712065,102,118,2.100475744116671,1.9231292047846693,-16
20111,3,0.003436394557134283,0.0011628334497098497,0.12250944701164015,0.0526329123233065,95,128,2.9551906663776593,2.327620524950345,-33
20113,3,0.00341183015168242,0.0012420531407508649,0.12177987836519175,0.053974843223212485,99,129,2.746927679454881,2.2562340359484168,-30
20115,3,0.0043819487499381785,0.0018038783090336796,0.13849438960698118,0.06563787743857251,102,127,2.429182017430847,2.1099766630417287,-25
20117,3,0.004131499443459015,0.0016370907180279896,0.13445419724090488,0.061973169453743183,102,128,2.5236838728373865,2.1695549610587785,-26
20119,3,0.006719618934262095,0.003371494026699604,0.16656765021458056,0.09107797615782927,98,114,1.993068616182604,1.828846634953054,-16
20121,3,0.0033392277325480267,0.0012361271189491247,0.12164501296142002,0.055321034682327984,99,130,2.701362733136073,2.1988925850708805,-31
20123,3,0.003787968414312893,0.0015049285678457795,0.12726333860349565,0.058366545828036236,104,128,2.5170420013590125,2.1804157980917385,-24
20125,3,0.00341978535536369,0.0011481554869337497,0.12162034587694262,0.05152143333389721,96,128,2.978503690729666,2.360577685965224,-32
20127,3,0.0024147782055342296,7.057021922788049e-4,0.09249889487132021,0.03338208920377277,95,117,3.421809131322937,2.770913896571404,-22
20129,3,0.005817171401344267,0.0027365415207719996,0.1532905922967498,0.07824655768144544,103,118,2.125738402720525,1.9590713871506134,-15
20131,3,0.0056259905628307065,0.0026488573611990647,0.1576601447585153,0.08319349341145309,100,122,2.1239311128040415,1.895101867868077,-22
20133,3,0.004012563992203541,0.0015444706757283297,0.13380640456628604,0.061574072238223636,100,129,2.598018891042607,2.173096560003423,-29
20135,3,0.003542737126282796,0.0013788189387038449,0.11919874260250336,0.05205641923105266,107,127,2.569399815187581,2.289799113408842,-20
20137,3,0.004791586170350553,0.0020469623749872845,0.14859558282298865,0.07381700225152915,100,127,2.340827671725191,2.0130265154449623,-27
20139,3,0.003515004380603689,0.0012587005592752398,0.1238419954009209,0.05439442645657606,98,129,2.7925659957024487,2.2767405314915115,-31
20141,3,0.005025055697482904,0.0021661401166886847,0.14473323914111633,0.0696041031578199,102,122,2.319820245591758,2.079377975935544,-20
20143,3,0.004075863658664596,0.0017432412760552895,0.1340704849408815,0.06540725982600709,105,129,2.3380949697839326,2.0497798760799437,-24
20145,3,0.004567539444775316,0.0017890288943600546,0.13737511679314085,0.06101955404950685,103,124,2.553083105127349,2.251329412890901,-21
20147,3,0.005362370240198182,0.0022504702667701195,0.1497842431756953,0.0709441793335544,100,120,2.3827776440229393,2.1112971435114196,-20
20149,3,0.007885212017850746,0.004321192161631534,0.18936263674175505,0.11498138955156981,93,113,1.8247769881341172,1.6468981413450812,-20
20151,3,0.00337801084258068,0.0012066817151972198,0.1191382036121033,0.050919884079393476,101,128,2.7994215873475623,2.339718673089375,-27
20153,3,0.008050364656387905,0.004116528449877019,0.1793216999083642,0.10014138823727513,93,107,1.9556198273398084,1.7906851808712612,-14
20155,3,0.003091130124948456,9.842360227663347e-4,0.11306225849181803,0.045958699264385276,95,124,3.1406390880313415,2.4600839514932322,-29
20157,3,0.004149860498693654,0.0016162244111921145,0.13084341255752086,0.05779199606387895,104,125,2.5676264199182275,2.2640403770255024,-21
20159,3,0.0037269181887472306,0.0014387796140597699,0.12720014005165503,0.05763072571121269,102,129,2.590332912926862,2.2071583947954148,-27
20161,3,0.002776888187094077,7.959989454346997e-4,0.10326880569943324,0.03924139456323005,90,112,3.488557620610417,2.6316293508130855,-22
20163,3,0.004905501116012621,0.0021607685908285094,0.1490654167035513,0.07504090077211165,102,126,2.270257507830439,1.9864555884828914,-24
20165,3,0.0022637892526067922,5.819505575660049e-4,0.08641310077887862,0.02782983787446334,92,111,3.890002721322306,3.1050522525023863,-19
20167,3,0.002410728154541035,6.250264839122199e-4,0.09061308220582685,0.0307583604339104,88,101,3.8570016096783557,2.9459659399116727,-13
20169,3,0.0026119592269651312,7.373183036418748e-4,0.09847358391227362,0.03650165681414044,90,110,3.542512391274901,2.6977839502925183,-20
20171,3,0.007302515415467382,0.003663012582719159,0.17325439985444901,0.09559424582288112,95,111,1.9935818538866485,1.8123936055257777,-16
20173,3,0.004304346139630957,0.0017115571506962496,0.142949571602323,0.06957725995414488,97,131,2.5148714069407374,2.054544425815768,-34
20175,3,0.00677395960995277,0.003524090075330989,0.17495935522970893,0.10078776340204637,98,117,1.9221868525356995,1.7359186207137978,-19
20177,3,0.0029681686206412187,8.933185243099698e-4,0.10975648337499495,0.04370308126211839,91,118,3.3226318942998914,2.511412930285337,-27
20179,3,0.005416299734552734,0.0022925367384507797,0.14270344186710057,0.06525840064703202,103,116,2.3625792528031155,2.186744395391351,-13
20181,3,0.003628831928745178,0.0013108815862440599,0.12186973155846388,0.05145705758930673,102,127,2.7682377774048326,2.3683773862691595,-25
20183,3,0.0038679599026714617,0.0014878256616894046,0.1260934417950927,0.055180916919678066,105,127,2.599740011393169,2.285091456139369,-22
20185,3,0.005195813097954983,0.0023798150119193197,0.1470548735340146,0.07420061686697163,103,121,2.183284445190789,1.9818551346770819,-18
20187,3,0.006256399756337648,0.0029012799810103546,0.15365791256693345,0.07681090518912055,100,113,2.156427437988557,2.0004700138424805,-13
20189,3,0.0075211294419354115,0.004092716418119144,0.17570409088325056,0.10312377203556049,97,111,1.8376864345250274,1.7038175331936265,-14
20191,3,0.0042888508508974075,0.0017233949458150095,0.14041877805991038,0.06735312339233561,99,129,2.488605912018136,2.0848146453723215,-30
20193,3,0.0034087707307582055,0.0012859552437124097,0.11942582337747612,0.05240255527721817,104,129,2.650769338532703,2.27900763132053,-25
20195,3,0.0039059435974399255,0.0015677950041513697,0.12800840084477003,0.0583626955038971,105,127,2.491361171006008,2.1933257149889935,-22
20197,3,0.004927475165021497,0.0021785712764019944,0.14908103011573196,0.0754021265745727,101,125,2.2617920370085103,1.9771462276768923,-24
20199,3,0.008423267429366353,0.004362895891335769,0.17942116696541469,0.10016336915605313,92,105,1.9306597359093611,1.7912852620390496,-13
20201,3,0.006511405710923486,0.0030506193045324943,0.16373992294423417,0.08485185165136,97,114,2.134453716086136,1.9297153775383729,-17
20203,3,0.00863493909334622,0.004685044844473309,0.18048562814917943,0.10464475808006696,92,104,1.8430856864758478,1.7247460021942453,-12
20205,3,0.005526681221931491,0.0025519088036928895,0.1592398562845508,0.08423277412265681,98,123,2.16570483002127,1.8904738439775393,-25
20207,3,0.004468311245226635,0.0018767795742260145,0.13827486901782396,0.06557974147864291,104,126,2.3808396609758344,2.10849975770117,-22
20209,3,0.005817811924021239,0.0027035904902956744,0.16712857677274046,0.0906250782319659,96,125,2.151883558143816,1.8441758068881833,-29
21001,1,0.007198026638281906,0.0015741706752804496,0.17968336593428605,0.061163184338170334,82,124,4.572583361711732,2.937769965357255,-42
21003,1,0.008566614319887858,0.0026135357623215997,0.19652965548791376,0.08067969787163404,82,116,3.2777872961945422,2.435924534578743,-34
21005,1,0.005990272651483642,0.0011658960043278298,0.1619294536809724,0.05066867568724322,84,124,5.137913355262929,3.1958493385636513,-40
21007,1,0.007663779394711017,0.0018905130904223345,0.18484182678755634,0.06618911857990435,83,120,4.05380921906177,2.792631640265959,-37
21009,1,0.006911244365527916,0.0015115699263683695,0.17430292003318057,0.057500186643822476,83,122,4.572229339156385,3.0313452913270984,-39
21011,1,0.007985360402655496,0.0023352801463522844,0.19341897915204775,0.07915676605558301,83,122,3.4194443074115353,2.443492689130719,-39
21013,1,0.006077091287839144,0.0010150897747414898,0.15827207803182788,0.043017203494549155,83,119,5.986752540568917,3.6792739921339384,-36
21015,1,0.006818229081628655,0.0015927171550718295,0.1795074471575899,0.0663671640798707,83,131,4.280878786240713,2.7047629599112986,-48
21017,1,0.009510059495071102,0.0028831664262504845,0.19803104959888213,0.075805259263217,82,107,3.2984774685514058,2.612365573624161,-25
21019,1,0.00541201190985921,6.780584260616249e-4,0.1445461305915151,0.033713609503332305,81,95,7.981630641025826,4.287471223667936,-14
21021,1,0.005479048059009074,8.431410616805948e-4,0.1487161162940022,0.03817176878287201,84,117,6.498376497152132,3.8959713169155616,-33
21023,1,0.008084966547584716,0.0023200789265093846,0.19678007380072046,0.08194040000811915,81,126,3.484780821551078,2.401502479622046,-45
21025,1,0.006803312288583681,0.0011412151057002098,0.17176340092101253,0.05126323593149647,80,124,5.961463579129025,3.350615656618742,-44
21027,1,0.00672009123846928,0.0013530467389853698,0.17056591309119198,0.053426612615243806,83,122,4.966636439705386,3.1925271834008377,-39
21029,1,0.006775613409306038,0.0015863239180154397,0.17842505960306088,0.0657906594107837,83,130,4.271267256552889,2.7120120272546675,-47
21031,1,0.007551992334152475,0.0019428110656786845,0.18563959896534185,0.06944298691647267,83,122,3.8871470662096157,2.6732663326914876,-39
21033,1,0.0066976282067294545,0.0012822852719435297,0.16717909246027884,0.048554227878156185,83,118,5.2231967045663845,3.4431418182532814,-35
21035,1,0.005973862697004728,9.672315478524898e-4,0.15534477829254745,0.040286473222000116,84,118,6.176248810606194,3.8560034142605195,-34
21037,1,0.00640647291257763,0.0010419832017569848,0.16666171982645023,0.04922220628515909,81,124,6.148345675606938,3.385905110813778,-43
21039,1,0.007485779398694609,0.0018331925341313546,0.18464353096616684,0.06770663180691187,82,123,4.083466007699891,2.727111451840341,-41
21041,1,0.00791077847182728,0.0020312004700568445,0.19443516646841705,0.07693641424411275,80,129,3.894632060421831,2.5272189817878785,-49
21043,1,0.006771019959633363,0.0014256784618290397,0.17477336901628993,0.05899598842383401,82,126,4.749331732869589,2.9624619179307214,-44
21045,1,0.010335463675048019,0.003495140219922724,0.21282592907569853,0.09352979723007263,79,109,2.957095574058694,2.2754879768655014,-30
21047,1,0.0077489651149334525,0.0019876330755730694,0.1882461095334989,0.07049322098222031,82,122,3.898589337319862,2.670414359147783,-40
21049,1,0.005617170704584775,8.098107341385498e-4,0.15033228346385383,0.038351326551461784,82,113,6.936399417525798,3.919871800578534,-31
21051,1,0.00623436007836016,0.0012725905976882247,0.1691639876016087,0.05716421769654439,83,129,4.898951862197816,2.959263581627476,-46
21053,1,0.006189487813845235,0.0010590321890459498,0.15975065783870107,0.043340562938092846,84,119,5.844475623938455,3.685938691356802,-35
21055,1,0.007460098707183903,0.0016067377541003995,0.18178519612471833,0.060869808882858006,81,122,4.643009531671058,2.9864591241703766,-41
21057,1,0.0073735732778683625,0.0013375200635380947,0.17738250819941298,0.052538439262045954,81,120,5.5128692861349,3.3762424367934174,-39
21059,1,0.007452450033615669,0.0017046895036811345,0.18443349092642997,0.06575937569984533,81,125,4.371734569563974,2.8046721697642845,-44
21061,1,0.0058764956342931265,0.0010839421953294048,0.1569851502371707,0.045269050620482455,85,121,5.421410532419847,3.467825105352245,-36
21063,1,0.005416038873542023,7.510966842010848e-4,0.1445102258005216,0.034022191365154233,83,111,7.210841143977188,4.247528451342791,-28
21065,1,0.0052055693882152865,6.824211385967899e-4,0.14213797722444427,0.033762861957762624,82,99,7.628089304090285,4.20989125276936,-17
21067,1,0.0062282657633342476,9.281891786534698e-4,0.15980928885529322,0.0419830913840522,81,117,6.710125378071779,3.8065155181973753,-36
21069,1,0.007978084451843536,0.0021834195374070948,0.1885147460035985,0.07125773086220312,83,118,3.6539402140359414,2.6455339473010278,-35
21071,1,0.005452120459872889,8.288270890920448e-4,0.15018856893334498,0.04106685384639562,82,113,6.578115666858239,3.6571725093697873,-31
21073,1,0.006292266391917212,0.0010129787350878997,0.16102010335587594,0.04342967904179405,82,119,6.211647070134409,3.707605188629649,-37
21075,1,0.009401458145908457,0.0024327072999722698,0.20045564607362146,0.07318727346147733,79,112,3.8646071995655307,2.7389413021258786,-33
21077,1,0.008686671013434316,0.0025806961978599844,0.2023758029199904,0.08567329454443028,80,122,3.3660184490672123,2.362180700486989,-42
21079,1,0.007799109056259364,0.0022781114205083345,0.18977357347090182,0.07623756999782995,84,121,3.4234976331926212,2.489239537360695,-37
21081,1,0.006479216480510187,0.0014168709777971898,0.17181663217976761,0.05893136828471027,84,127,4.572905071838954,2.9155378057689765,-43
21083,1,0.00801720705416747,0.0020747709617295494,0.18704763556561138,0.06728294896034213,83,116,3.8641407664025946,2.7800154192982958,-33
21085,1,0.006526077282236415,0.0011867649542958649,0.1667041921620375,0.048934791594928945,83,121,5.499047859993883,3.406659898380212,-38
21087,1,0.005558140209891068,8.937324652152748e-4,0.15097247551536933,0.04056179314536398,84,118,6.2190201500090625,3.7220365227523176,-34
21089,1,0.0061007506439302315,0.0010616801337393947,0.1626783707427962,0.04872058622551049,82,124,5.746317040371174,3.3390068417858343,-42
21091,1,0.006419137795729009,0.0013790846508154398,0.1709862938181865,0.058506607535449624,83,128,4.6546365315090945,2.9225125335558815,-45
21093,1,0.006787729241878746,0.0013831823375311798,0.1758164355290709,0.05954446216014573,82,129,4.907327875509209,2.9526916383291857,-47
21095,1,0.005980124589491679,9.260519373592998e-4,0.15761648348153287,0.04297426726496063,82,118,6.45765571912134,3.6676944951670314,-36
21097,1,0.006862594960697927,0.0016184631361976496,0.17488046886942615,0.060202445143602124,84,122,4.240192320240685,2.9048731899888818,-38
21099,1,0.008832612823450619,0.0025461912867779444,0.2014003363986005,0.08230112562164918,80,119,3.4689510051021233,2.4471152110904115,-39
21101,1,0.005610271426749646,8.280420235472298e-4,0.15089247225029248,0.03904313591596273,83,115,6.775346259258601,3.864763132118194,-32
21103,1,0.008466873916202617,0.0024242838730814545,0.19906955333189982,0.08163129478707014,81,122,3.4925257764638586,2.438642604544736,-41
21105,1,0.006404959792024445,0.0014188635992822298,0.1648371719949227,0.051652961852254785,86,119,4.514147656804055,3.1912433688974824,-33
21107,1,0.006502722906505802,0.0011837571796924247,0.16761156832583213,0.050824204640412166,82,123,5.493291207066133,3.297868988048228,-41
21109,1,0.005313320594086322,6.740495880225399e-4,0.14259215643807652,0.03312335058090223,82,97,7.882685025702659,4.304883230028371,-15
21111,1,0.005632340799821781,6.434392763839349e-4,0.14589297736512927,0.03183321963859278,81,86,8.75349237534112,4.583041835587907,-5
21113,1,0.006326610721894695,0.0012974043763264948,0.16917325477424497,0.05647160652695776,83,128,4.87635993629683,2.9957223670179634,-45
21115,1,0.005882947351701027,0.0010821626055251398,0.16148640316032079,0.050742851369902926,83,126,5.4362877830603065,3.1824463702901626,-43
21117,1,0.006504869045085159,0.0011702805240898899,0.17001000402445182,0.05365936752727746,81,127,5.558384431069551,3.168319193065929,-46
21119,1,0.008987519490484036,0.0025821965495352196,0.20598172189528324,0.08640673291084508,79,122,3.480571412002598,2.3838619394140994,-43
21121,1,0.005911276289693087,9.156414474769798e-4,0.15733445499416512,0.04347231036138724,82,119,6.455885440727282,3.6191877930166774,-37
21123,1,0.005884656599703798,0.0011168522819146947,0.16007372412763637,0.04900674279582619,84,124,5.2689659098115795,3.266361218792724,-40
21125,1,0.006401187787524723,0.0013671549944014299,0.17126173355427474,0.05890186418682183,83,128,4.682122958799783,2.907577475155554,-45
21127,1,0.0060438010086206265,0.0010418186191098748,0.16279095749115166,0.04940369325130601,82,125,5.801202721625788,3.2951171618500044,-43
21129,1,0.008004261266780815,0.0016227901387404796,0.18791986877318637,0.06262774953508025,79,123,4.932406893348071,3.000584727508452,-44
21131,1,0.008581533510119713,0.0021820786625597346,0.19964421135371505,0.07794055410249028,79,124,3.9327333415436816,2.5614933541681895,-45
21133,1,0.006217566470024848,9.983722852170349e-4,0.16388760964626545,0.048073305058044906,81,123,6.2277033949046565,3.4091188331732853,-42
21135,1,0.005908178487707522,9.675582389858947e-4,0.15655235901952402,0.042781730822824944,83,119,6.106276862362238,3.659327381303612,-36
21137,1,0.007905842984820074,0.0022533353538479444,0.19105797415520684,0.07595429495831445,83,121,3.5085070543625627,2.515433449287681,-38
21139,1,0.005295622009177647,7.523076843514147e-4,0.14323950609714167,0.03374009716370079,84,113,7.039170434292652,4.245379181991377,-29
21141,1,0.007023260156943763,0.0017411815632033896,0.17406420364173064,0.05913181367639587,86,118,4.0336173466152,2.943664210847862,-32
21143,1,0.004792082240526535,5.202943344248449e-4,0.1260708334203837,0.020414361230110166,81,8,9.210329468268961,6.1755953076031345,73
21145,1,0.005831092723581228,7.223553022830899e-4,0.1508966040429045,0.035582455112642825,81,102,8.072333248127848,4.240758642572961,-21
21147,1,0.007329060128969658,0.0017086789559597195,0.1813965198287368,0.063133623924828,83,122,4.289313743466291,2.873215705860987,-39
21149,1,0.0069243875521073275,0.0017519545656367896,0.17576505579113375,0.062306974158323855,86,121,3.9523784965225364,2.8209531623941415,-35
21151,1,0.005760696179066802,8.873803136855298e-4,0.1546720209166965,0.042404668791560976,82,117,6.49180074227822,3.647523381847001,-35
21153,1,0.008596262122862911,0.0022379194383930897,0.19801885017637877,0.07622199416137877,80,120,3.8411847966410044,2.5979227171245243,-40
21155,1,0.007187539737087074,0.0013958529534771197,0.1781263805181689,0.057346920378825494,81,124,5.149209821265668,3.1061193755739924,-43
21157,1,0.005217472608858811,7.790857796396397e-4,0.14397594042059847,0.03619481988087547,84,114,6.696916751929568,3.9778051360513085,-30
21159,1,0.0060112662428768995,0.0010405046046818448,0.16255672739409358,0.049577043636031576,82,125,5.777260586669835,3.2788709344489972,-43
21161,1,0.0063236394458366955,0.0010893033726756248,0.16322836944925925,0.046801388749133074,82,121,5.8052142355018335,3.487682178069616,-39
21163,1,0.006579462875331841,0.0014941398228078397,0.17477777265823735,0.0625407142301243,83,129,4.403512157896632,2.794623867183967,-46
21165,1,0.006770951128242373,0.0012586812182439349,0.16989711611492797,0.05087617089534409,82,121,5.379401098626825,3.339424196534335,-39
21167,1,0.007127866392752468,0.0014954452883634995,0.1755876089810471,0.05578469783025081,83,120,4.766383931405914,3.1475945162479637,-37
21169,1,0.008435855548110141,0.0024971496725777445,0.19534488539187472,0.07843504577473401,83,117,3.378193802617374,2.4905306481608562,-34
21171,1,0.0089706682867925509,0.0027483625425095397,0.19909321527711163,0.08070484778102181,82,113,3.2640047111839188,2.466930063697233,-31
21173,1,0.00576260574188291,9.864926860266698e-4,0.1567906535156094,0.04595683271132745,83,122,5.841508835806126,3.411694067353854,-39
21175,1,0.006584888226320434,0.0013456256686191848,0.17350440634885653,0.058921237888811845,82,129,4.893551289845358,2.944683658484407,-47
21177,1,0.004696958920295782,5.819514290443749e-4,0.13083533358065844,0.028101333375376448,83,84,8.07104972318511,4.655840768584375,-1
21179,1,0.006125846211935786,0.0011616228089286447,0.16399039199389231,0.05107760260438741,83,125,5.273524387477897,3.210612550946274,-42
21181,1,0.007578846694166234,0.0021453154936269194,0.1824013807765303,0.06816665563487337,86,117,3.53274225477823,2.675815309959487,-31
21183,1,0.006083550981622921,0.0012280162900253698,0.1639107746394462,0.052427894883521044,84,125,4.953966027191089,3.12640389250048,-41
21185,1,0.007013968058473382,0.0021204750913116147,0.18595240247828274,0.07949585029068766,85,130,3.3077342371114153,2.3391460283564722,-45
21187,1,0.008754399087235049,0.0026871412825826197,0.20225907082031433,0.08594562036746232,81,120,3.257885673514408,2.3533377262919433,-39
21189,1,0.006880203474763114,0.0013498872142412297,0.17317559473646624,0.053994489584435555,82,122,5.096872836617295,3.2072827443929723,-40
21191,1,0.009196837902875864,0.0028444278551027946,0.20786759257042642,0.09060841181129066,79,120,3.233282182347177,2.2941312888625665,-41
21193,1,0.0057494516974161336,9.938220625598448e-4,0.15707562242678066,0.04652578176682486,83,122,5.785192253235896,3.3760985084356645,-39
21195,1,0.0048865511093293705,5.443829786959548e-4,0.13001087340546197,0.02420887407000516,81,22,8.976311348005197,5.370380837601435,59
21197,1,0.006201323559819558,0.0011087315355724798,0.16303294485616973,0.047925936257477306,83,122,5.593169636523039,3.4017685951984644,-39
21199,1,0.006062321768547285,0.0010778526418494699,0.16119444449497022,0.04770443738220559,83,122,5.624443948242354,3.379024118940725,-39
21201,1,0.013054713611949436,0.005669857324511019,0.2399334129705216,0.12841891853851556,75,102,2.3024765641832623,1.8683650018323466,-27
21203,1,0.006117219881806573,0.0011396188021900848,0.16418020663083852,0.05096461544516766,83,125,5.36777725152541,3.221454830900832,-42
21205,1,0.006781150041075188,0.0014397869040818948,0.17565098921961433,0.05980705920793711,82,127,4.709828948888313,2.9369608127514044,-45
21207,1,0.005825661742330277,9.349543845689148e-4,0.15385983053401897,0.04049738312738131,83,118,6.230958256874052,3.7992536468360205,-35
21209,1,0.005877585761673831,0.0011849194987253898,0.16171893279920657,0.05219605294872674,84,126,4.960324957093129,3.098298121470342,-42
21211,1,0.00711462927098874,0.0018597354742547246,0.18230974515044432,0.0696466552128084,84,126,3.8256135721882036,2.617638199471158,-42
21213,1,0.0061864440571460216,0.0011036043292147247,0.16397401724184504,0.049420375654676184,83,124,5.60567215384885,3.317943562137406,-41
21215,1,0.006464119456525862,0.0016664380915393147,0.1751429987737196,0.0673772911120787,85,130,3.8790036601688906,2.59943663336625,-45
21217,1,0.005522256734120674,8.248156956579197e-4,0.14914109810480883,0.03805293642744317,83,115,6.695140215191721,3.919305896121348,-32
21219,1,0.015694139774960612,0.007586159602321783,0.2469932025784539,0.13793372069270093,73,89,2.068785867642086,1.7906658454369098,-16
21221,1,0.007959656407976742,0.0019309498604669396,0.18684122876529669,0.06573491768344843,82,118,4.122145567286739,2.8423436941846503,-36
21223,1,0.0076200699101868835,0.0018838513332740745,0.18957578186962337,0.07283096133631024,81,128,4.044942281588346,2.6029559186267313,-47
21225,1,0.007653553584735755,0.0020818355753053595,0.1830383255142385,0.06672408026640705,85,117,3.676348735472611,2.7432124172177024,-32
21227,1,0.007879816498631642,0.0019274730127620745,0.19192822171066024,0.07290879504847328,80,127,4.088159183790513,2.632442650890844,-47
21229,1,0.007102189240434303,0.0016934884517757446,0.17713086936120187,0.06054083040761091,85,120,4.193822067689417,2.925808386978019,-35
21231,1,0.0060380245911486365,0.0011749274629789198,0.15901423237726547,0.045960535333668125,86,120,5.139061585844444,3.4597993957825057,-34
21233,1,0.007118740599594821,0.0017053227192841446,0.17961157838602063,0.06422251752098057,83,124,4.174424300511932,2.7967072191983773,-41
21235,1,0.008693422447809055,0.0026350590127269397,0.20341621779862587,0.08770576171736286,80,123,3.2991376685763503,2.319302789412479,-43
21237,1,0.005764804589274899,6.075796184795049e-4,0.14528537436947264,0.029430005821063317,79,72,9.488146761245183,4.93664103407994,7
21239,1,0.008091135488263979,0.0023435092076425747,0.1876277672371748,0.07160131499666267,84,115,3.452572518971735,2.6204514155350376,-31
22001,2,0.0077780405467066955,0.0017515937402127195,0.18884160051202298,0.06728437148727501,80,125,4.440550550130479,2.8066190756903655,-45
22003,2,0.009676836137721162,0.0028633082888195795,0.21263317960146222,0.09044356489365017,78,119,3.3795998061076795,2.351003964201224,-41
22005,2,0.007207515387022868,0.0017056785248858995,0.1858458964796239,0.07028496052840646,81,132,4.225600124446083,2.6441772903110925,-51
22007,2,0.007373131748862236,0.0015303285246954896,0.18061649090156967,0.05889474598437261,82,122,4.818005826774593,3.066767465972181,-40
22009,2,0.007184433707324624,0.0013371942981959448,0.1741390492679132,0.050730510604973904,82,118,5.37276723137198,3.4326295397239632,-36
22011,2,0.008889101424744146,0.0026101606700961446,0.2039487064437419,0.0846303442097525,81,120,3.4055763411747058,2.409876839662429,-39
22013,2,0.011332034042181595,0.0031296330551124642,0.21845498567652874,0.08419010726431524,75,106,3.620882653852969,2.594782127913061,-31
22015,2,0.006898569199791143,0.0012302646380611198,0.17577352665274637,0.05541730985585955,81,128,5.607386399940093,3.171816299093792,-47
22017,2,0.006302621220674503,7.213950063636199e-4,0.1563701749941315,0.03469468033779968,80,105,8.736713125371512,4.507036049090413,-25
22019,2,0.007148116108503601,0.0013625521665540847,0.17984653453095614,0.058978764664697626,80,128,5.246122889064347,3.0493438706864815,-48
22021,2,0.009720093039596462,0.003016247713761369,0.20867669451283544,0.08675174768164007,80,112,3.2225778390976907,2.405446577037655,-32
22023,2,0.011442489175502025,0.004331767539295099,0.23134432456552553,0.11547543666715482,76,112,2.6415289074731927,2.0034072287801776,-36
22025,2,0.007665680615370186,0.0020356344869239744,0.18256796326949914,0.06481017102469253,85,116,3.765745110240156,2.816964689075441,-31
22027,2,0.006639326747094654,9.797247321196097e-4,0.16111120159482573,0.03728265190886438,83,114,6.776726696212555,4.321345004873961,-31
22029,2,0.009945935233928201,0.0028434972446299248,0.21146056822249473,0.08554844517736616,78,114,3.4977826170612816,2.4718224601753667,-36
22031,2,0.006613181501936653,0.0011926797744607998,0.16994827006867091,0.05113786615719291,82,123,5.544808961757077,3.3233351885717366,-41
22033,2,0.00647114279446438,8.217444257420398e-4,0.16195288962524698,0.04018560745898956,80,112,7.87488492985018,4.0301217243144585,-32
22035,2,0.0076269665905439425,0.0018748948986133346,0.18569511944855838,0.06615797845006444,83,121,4.067943539760452,2.8068439181333162,-38
22037,2,0.0075226267092924634,0.0014912896401149296,0.18221893920874183,0.05858944534773847,81,123,5.044376697146984,3.11009838251994,-42
22039,2,0.007646941239472955,0.0014314743628524348,0.18514913530433183,0.05989161127353573,79,126,5.34200362780877,3.0914034765022853,-47
22041,2,0.009171699700731608,0.0028671090359745997,0.1989275730958212,0.07920982230407622,83,110,3.1989364846788697,2.5114003201795363,-27
22043,2,0.0078120246373479165,0.0018613222435029846,0.18792190419845384,0.0670137327806693,82,122,4.197029646325929,2.8042297660616446,-40
22045,2,0.008886103196308025,0.0023963719145358945,0.20519315742533784,0.0837485637221837,78,125,3.7081486151656042,2.450109569711765,-47
22047,2,0.007618585764128535,0.0017177788195924396,0.1851298095759312,0.06378508577963256,82,122,4.435137793779599,2.9023996332861506,-40
22049,2,0.007555866864929989,0.0015682486317099395,0.18104172807822694,0.057654248429955424,82,119,4.818028667234641,3.140128143343606,-37
22051,2,0.006728571202903874,9.408378013896348e-4,0.1678984604105474,0.04505598234615271,80,119,7.151680335298656,3.726441011109906,-39
22053,2,0.009425549796286513,0.002941121924005584,0.20855630716524676,0.0889791659377742,80,116,3.204746365444664,2.343877973761818,-36
22055,2,0.006911853135008574,0.0011332213743231747,0.1739638755304278,0.052132056006202375,80,126,6.099296476062968,3.336984743316676,-46
22057,2,0.006866810353089979,0.0013036407792679848,0.17435309954713388,0.05488385900557645,82,125,5.267409904855694,3.1767645844549453,-43
22059,2,0.00885050574540977,0.0028440538103200494,0.20257197522661927,0.08668856992102945,83,117,3.1119332951066063,2.33677837125651,-34
22061,2,0.006182590329453284,8.254885248666198e-4,0.15627657284604074,0.03663289427867694,82,114,7.489613899178369,4.266017630417078,-32
22063,2,0.007471843477137453,0.0017875341634686446,0.18813270952072708,0.07063820395872515,81,129,4.179972405472024,2.663328043145824,-48
22065,2,0.012171435297164237,0.0041679893846124395,0.22479069993562587,0.09824561194996931,76,101,2.9202174415556956,2.2880482443337877,-25
22067,2,0.008018939017338236,0.0015641746456909746,0.18667550166652327,0.058709383385152455,80,120,5.126626390108674,3.1796535903276633,-40
22069,2,0.006710487088660771,8.984702312256848e-4,0.16284174406858853,0.038261831515526305,81,114,7.468791792362877,4.255984034703326,-33
22071,2,0.006103276693093547,5.200803237670148e-4,0.14195200687961473,0.018923108289028906,79,8,11.735257832649113,7.5015163847006345,71
22073,2,0.006583971350036732,9.461142208304498e-4,0.16625994813700964,0.04498497819441435,80,119,6.958960350746726,3.695899271496227,-39
22075,2,0.008724131019243927,0.0026858337725140895,0.20007774768307252,0.08293834876912891,82,117,3.248202144348515,2.4123671456254616,-35
22077,2,0.0061704609037404245,8.342501454638398e-4,0.15498494249836364,0.03559476590650691,82,114,7.396415736085575,4.354149790040664,-32
22079,2,0.00693035763170329,0.0012719220730639698,0.1741035085637129,0.05321552239876683,81,123,5.44872817169416,3.2716677524854556,-42
22081,2,0.007038313135091132,0.0014036799799682699,0.17660739337366418,0.05649740883245118,82,124,5.0141864495711,3.1259379327892964,-42
22083,2,0.009786805025667866,0.0029160134203474646,0.20880318518668117,0.08561366091302079,79,113,3.3562277036782966,2.438900322213937,-34
22085,2,0.006669109524857438,0.0012238628716483048,0.1654226787376652,0.04500069147159504,84,117,5.449229386193771,3.6760030419106315,-33
22087,2,0.009092775110354603,0.0024931504982774848,0.2069826918028996,0.08451463542533504,79,123,3.6471023777492744,2.449075130729987,-44
22089,2,0.006420850231428453,0.0012388521402908797,0.17097161738519082,0.05647179719767868,82,129,5.1829028038171305,3.0275575750973043,-47
22091,2,0.008861178148559861,0.0020945114550027094,0.19419030838708096,0.06508694598303355,81,113,4.230665880291593,2.9835523153552366,-32
22093,2,0.0059779397664093395,0.0010536125193419698,0.16025096416981835,0.046655586303476076,84,122,5.6737554429809185,3.4347647702345743,-38
22095,2,0.008366980465244422,0.0021805743207753197,0.20017091932379041,0.08037611143313159,79,128,3.837053562232852,2.4904280109435426,-49
22097,2,0.00853568358493472,0.0020708377710962596,0.19843211857664927,0.07431644604939205,79,123,4.121850443367228,2.670096985595459,-44
22099,2,0.007576897518153094,0.0015426036272746845,0.18499425094211408,0.061921131711371986,80,125,4.911759174026569,2.9875786476967665,-45
22101,2,0.006552231090827644,0.0011185523555737099,0.1665466773035372,0.04712586815669777,82,121,5.8577777411831375,3.5340818921309727,-39
22103,2,0.006525841280123562,0.0011838198119259648,0.17121061420659112,0.05435414162591719,81,128,5.512529199445162,3.149909263307257,-47
22105,2,0.006895826847392545,0.0012540302986205649,0.17490611276170984,0.054603954153349565,81,126,5.498931608732232,3.2031766833314688,-45
22107,2,0.012193671406242524,0.003492086607811944,0.2156245235572177,0.07718145788258797,76,97,3.4918009705042166,2.7937347838808093,-21
22109,2,0.007695118206067189,0.0017996696647244197,0.18893089306667424,0.0690153578078882,81,126,4.275850372376827,2.7375195763323297,-45
22111,2,0.009440672129968295,0.0025395922380573198,0.19838260632662083,0.07090799671438329,81,109,3.717396827921481,2.797746594445532,-28
22113,2,0.007748286688628727,0.0020320937248139944,0.1889137882904029,0.07146856910600201,83,122,3.812957342475903,2.643312866810114,-39
22115,2,0.007360065504478954,0.0016512446871845097,0.18269224122071875,0.06318518421324512,82,124,4.457283382409177,2.891377836363451,-42
22117,2,0.007400426326905346,0.0014314467908717247,0.18194842942689143,0.05900060672759383,80,125,5.1698927086200825,3.08383997247602,-45
22119,2,0.006608947035892921,0.0010172650737833898,0.16700605499313814,0.045793271634994005,81,120,6.496779655781428,3.6469561800322765,-39
22121,2,0.005948086205816541,8.619287271299048e-4,0.15687239681116022,0.041765456276939096,81,115,6.900902613633483,3.7560321565977413,-34
22123,2,0.0097509630704933,0.002951140186929429,0.20056125622042664,0.07622430332147169,82,106,3.3041341491265714,2.6311982855988973,-24
22125,2,0.006045497999341994,0.0010155907422931547,0.16362189834188678,0.04929617195129807,82,125,5.952691126045076,3.31916032959996,-43
22127,2,0.006655005138733253,0.0012674811855226348,0.16320588632825053,0.04340429999322821,86,115,5.2505750891987555,3.7601317462489514,-29
23001,1,0.005890952731210003,8.689073347101348e-4,0.15454509685938728,0.03983933660429747,82,116,6.779724944058861,3.879208592110856,-34
23003,1,0.0074658176792930155,0.0016496047985400646,0.17532296646376064,0.053567036420010976,84,114,4.52582199439552,3.2729637138982257,-30
23005,1,0.00511712469376549,6.032258317210249e-4,0.1372620375879153,0.02869891173546357,82,96,8.482933628963053,4.7828307516726865,-14
23007,1,0.006529750515137276,0.0011176104315929398,0.1639840521027467,0.04487222382699275,83,118,5.842599827768578,3.65446679743344,-35
23009,1,0.006166112578148027,0.0010863444384337647,0.15443520199271524,0.03779319749277002,86,114,5.6760198331185,4.086322731022144,-28
23011,1,0.005481597026105599,7.255289274333899e-4,0.1448175341124109,0.03268380065492392,83,111,7.555311468416756,4.430865787042233,-28
23013,1,0.006252385795293032,0.0011562393160185697,0.15803454252211213,0.041798642004472,86,116,5.4075187624848216,3.780853514456382,-30
23015,1,0.005810945497805531,9.384601033750748e-4,0.15102113538172035,0.03682500289316589,85,116,6.192000572967424,4.101048839557522,-31
23017,1,0.006242650613770199,0.0011198406931354498,0.16014408114563786,0.04415806695423686,84,118,5.574588110645772,3.626609862963497,-34
23019,1,0.005560500630750111,7.427139294185347e-4,0.14657875559647068,0.033818253037036373,83,111,7.486732657758804,4.334308914063172,-28
23021,1,0.0061035465180043266,0.0010142424638351648,0.15642776197438796,0.04070367822728259,84,117,6.017837682446195,3.8430866395150156,-33
23023,1,0.004488130131158818,5.270632444302399e-4,0.12454607443320528,0.023750166249094148,83,11,8.515354046383043,5.244008531433146,72
23025,1,0.005990087155266885,0.0010057204409240647,0.15513006786433928,0.040338888674241596,84,117,5.956016116927225,3.845670343501496,-33
23027,1,0.005665970795186029,9.605788191624048e-4,0.15011847085737168,0.03840958700057789,85,117,5.898496492069835,3.908359411808127,-32
23029,1,0.008421121181788952,0.0022330076786333296,0.18454852953869338,0.06247347424253136,84,109,3.7712011751535672,2.9540301988368443,-25
23031,1,0.005457376183433848,7.630610382058498e-4,0.14689711847923087,0.03615370505800764,83,111,7.151952347436746,4.063127644691973,-28
24001,1,0.0051571509212042675,5.545389982015699e-4,0.1359194849379222,0.026212316253331893,82,84,9.29988862447811,5.18532905006612,-2
24003,1,0.006470493575291447,0.0013289481280766547,0.1726838205881081,0.05923460178085493,82,130,4.868883471513664,2.9152524942595432,-48
24005,1,0.006504365882697192,0.0011697154316117448,0.17002861946451156,0.053585769248238525,81,127,5.560639542674803,3.1730181697466393,-46
24009,1,0.006928776000397163,0.0018291583730600496,0.18340640832407226,0.07292547276868028,83,132,3.7879584963470507,2.514984152462579,-49
24011,1,0.009885560041158127,0.0034140975607456193,0.2102622133995327,0.09402956472856089,80,111,2.895511878400797,2.236128753828708,-31
24013,1,0.006376919761181214,0.0014922347566114047,0.17277610425208595,0.06260032553845725,84,130,4.273402514536015,2.7599873126209933,-46
24015,1,0.007067551188781858,0.0016747121635671896,0.1813497504621257,0.06659348700417213,82,128,4.220158748789256,2.723235538796219,-46
24017,1,0.0076178877891314315,0.0021623920520685647,0.19309297170707998,0.08079013250690903,82,130,3.5228985335217486,2.390056380840408,-48
24019,1,0.005916223972830357,0.0010740417899294198,0.15467379794332334,0.041177276701169746,86,118,5.50837409521946,3.7562901273393203,-32
24021,1,0.006920243868250548,0.0017880807327495195,0.18211777581113123,0.07073090458530783,84,130,3.870207726923681,2.5747977758644502,-46
24023,1,0.0053679024119547,7.390527607905847e-4,0.14434286270649344,0.033919627639819296,83,111,7.263219484103557,4.2554377140934445,-28
24025,1,0.006270087294278814,0.0012917813490859297,0.16966179911975843,0.057890761295095884,83,130,4.853830176999812,2.930723233279211,-47
24027,1,0.006731508792801821,0.0016809871976712046,0.17985882293253688,0.06920491184255399,83,132,4.004497358532817,2.5989314651787763,-49
24029,1,0.00576948423347214,9.598119549348948e-4,0.14887229835121452,0.035011134808200686,87,115,6.01105685734399,4.252141473470435,-28
24031,1,0.00785761595689917,0.0021266021801682046,0.19502733601979402,0.07970999109381713,81,129,3.69491578169908,2.44671130109964,-48
24033,1,0.009800769695332124,0.003168460326911899,0.21681779029286286,0.09902568424951884,78,121,3.0932278406920513,2.1895106500505332,-43
24035,1,0.005904591730587732,0.0012223034968675097,0.16171517406889555,0.05214486809476711,85,125,4.830708368027972,3.1012672958534946,-40
24037,1,0.00703830598211002,0.0017898392818024996,0.18328663976732837,0.07078645695777107,83,130,3.932367589464194,2.589289641614233,-47
24039,1,0.007918697998460622,0.0019300907980604096,0.18686727202170003,0.0663075406603721,82,119,4.102759313923622,2.818190362071127,-37
24041,1,0.005477342133839503,6.876053826080999e-4,0.14316965476287205,0.030532601722591094,83,109,7.965822072340161,4.689074847393065,-26
24043,1,0.006762407811153865,0.0014488924513407098,0.17584662465550296,0.06057003856868161,82,128,4.667294528932342,2.903194860213055,-46
24045,1,0.006928606254160649,0.0015904134164298946,0.178205297867791,0.06317533790377831,83,126,4.35648126618156,2.8208048232241127,-43
24047,1,0.00535541797648162,0.00071776986307324985,0.14232959819889682,0.03148818893261311,84,112,7.461190908115752,4.520094772788995,-28
24510,1,0.006300534878339555,6.378787366616449e-4,0.15330435363819186,0.03129124968027559,79,84,9.87732388026221,4.8992723270757415,-5
25001,1,0.00493829887674956,5.282419380065799e-4,0.12971216145049902,0.022603179680508973,81,11,9.348555124920898,5.738668775099442,70
25003,1,0.0045749729422127775,5.132005931683949e-4,0.12139863501775483,0.0183226341509541,82,6,8.91459012930565,6.625610379904536,76
25005,1,0.0062668749003208755,0.0011369376973935697,0.16629722136700845,0.051779080007955246,82,126,5.512065361793957,3.2116681358853585,-44
25007,1,0.006745700912212916,0.0012055792530775097,0.1701585803586038,0.05096450578606763,82,123,5.595402288976864,3.338766416628742,-41
25009,1,0.006861731405692379,0.0014498268351167598,0.17825278405260067,0.06233032791199879,82,130,4.732793765084214,2.859808218950288,-48
25011,1,0.005845821414643761,8.834900725068797e-4,0.15180877999060663,0.037085503791513263,84,116,6.616736957843111,4.093480321692351,-32
25013,1,0.006208783245525948,0.0010087952904904599,0.16327780179287035,0.047532276199142624,81,122,6.154651299479539,3.435093263970715,-41
25015,1,0.004905777311986923,5.412603910047049e-4,0.13179533324014242,0.025505253118336003,82,59,9.063617795642985,5.167379936543085,23
25017,1,0.005941861813263872,0.0010064553378154749,0.16065093042813652,0.04816405115634904,82,123,5.90375110549939,3.335494556025513,-41
25019,1,0.007314284921227468,0.0018524846863502895,0.1868075445865338,0.07212066135570142,82,129,3.9483645803506513,2.590208423979822,-47
25021,1,0.006064621420736541,0.0010796207996681098,0.16395455786931482,0.05112115780470516,82,126,5.617362524509428,3.2071761460423054,-44
25023,1,0.006530297389759394,0.0014277858807323447,0.1743695356510665,0.06162677642396278,83,130,4.573723187688235,2.8294443709255113,-47
25025,1,0.007109532996874466,0.0010525286743182597,0.17403297128646963,0.04969644413471053,79,123,6.754716684065095,3.501919992801178,-44
25027,1,0.006084035472834456,0.0010713595830020798,0.16341783181675987,0.050160213531731446,82,125,5.678798761277002,3.257917387320958,-43
26001,3,0.001570800388078067,5.031911666467999e-4,0.05618922097813016,0.015075712981950666,67,3,3.1216771918825112,3.7271352303803122,64
26003,3,0.00230519375798968,6.387205105509698e-4,0.08836950182841727,0.0311611825338834,90,106,3.6090805288234526,2.835884091764742,-16
26005,3,0.004583044695109877,0.0020454637978746695,0.14742619771158946,0.07673507431590441,100,130,2.2405894936257833,1.9212361364851553,-30
26007,3,0.0020852557474341843,5.333791316044048e-4,0.07788285479927093,0.024729165799914677,81,17,3.9095188091850037,3.1494331603995978,64
26009,3,0.0027354242207582417,8.393827851819848e-4,0.10291555949831971,0.04042675132163813,93,118,3.258851943413612,2.5457291554178108,-25
26011,3,0.002174155591700046,5.825886569482899e-4,0.08376954916769372,0.028739873396784493,87,95,3.731887955197559,2.9147501108013274,-8
26013,3,0.0022234550927216776,5.573255222625849e-4,0.08322944225424338,0.027129990577560593,83,72,3.98950883084463,3.0678021069083243,11
26015,3,0.00392206954374268,0.0015443910863271496,0.13428526955384323,0.06374418051348434,99,131,2.5395572264471515,2.1066279066123808,-32
26017,3,0.0022105028797019797,5.826154986843399e-4,0.08354645723815196,0.028475309116971527,83,68,3.7941024306660722,2.933996498333272,15
26019,3,0.0020799865701294795,5.567355702001999e-4,0.07892667362581744,0.026683143263269104,81,55,3.7360403779868503,2.9579226422872225,26
26021,3,0.0027352748660638745,8.106947105519048e-4,0.1028466976727946,0.04002674984970495,91,114,3.373988790677756,2.5694491323669815,-23
26023,3,0.004734500973780172,0.0020325350565061347,0.1482115790388092,0.07481029611535825,99,128,2.3293575963794857,1.9811655177820096,-29
26025,3,0.0027678008347546286,8.296037447577597e-4,0.1040307115248316,0.04060390189462878,92,117,3.3362926002254403,2.5620865648528506,-25
26027,3,0.00399132214871299,0.0015736376058162697,0.13580833104358667,0.06495400350435714,98,131,2.5363667809925214,2.0908384967290985,-33
26029,3,0.0022269235866606116,5.965507933998299e-4,0.08457080988442155,0.029401110711602823,84,77,3.732999119771595,2.876449489067997,7
26031,3,0.002067513752026639,5.436747443905399e-4,0.07786331540952293,0.025575225832656548,81,38,3.8028504604243194,3.0444820279983866,43
26033,3,0.002673210103845863,7.528372030165647e-4,0.09999514775059452,0.037421005702696554,89,108,3.550847504791875,2.6721662305133846,-19
26035,3,0.003073394415683009,9.635829484145298e-4,0.1119640161280422,0.045101634335624446,94,123,3.1895483629509456,2.4824824593907264,-29
26037,3,0.003364696181420896,0.0012572192172082648,0.12251775213201009,0.05613858434498373,99,130,2.676300310531697,2.1824161325321643,-31
26039,3,0.002047546073099803,5.316470820190249e-4,0.07700747923122979,0.024682490948783564,81,15,3.8513257052477,3.119923325041267,66
26041,3,0.0026284668118114057,7.480912893457948e-4,0.09870553663376622,0.03683681577917613,90,110,3.513564252445711,2.679534985474084,-20
26043,3,0.002138167953396285,5.523592253008899e-4,0.07963905492448575,0.025925979026589812,81,44,3.870973553906967,3.0717858269810194,37
26045,3,0.0026815364241965537,7.983857431966898e-4,0.10152641194802606,0.03968538245939138,91,112,3.358697781175098,2.5582823109217703,-21
26047,3,0.002518417280867435,7.256991114867649e-4,0.09589324554396016,0.036372027697448975,89,103,3.4703325951548516,2.6364558594759298,-14
26049,3,0.002630199063875486,7.628046282058048e-4,0.09968017999884325,0.03824155817338228,89,108,3.448063850978442,2.6065930563526254,-19
26051,3,0.003696823691156241,0.0013021361877790098,0.12789785767300937,0.056600214761842405,96,129,2.8390453516707286,2.2596708901400313,-33
26053,3,0.0015686444119723992,5.009489739934299e-4,0.055541281739284694,0.014186933610944436,67,2,3.131345692691193,3.9149602910975534,65
26055,3,0.0024222666444601105,6.701589244297199e-4,0.09202029916281851,0.03355657899994544,87,95,3.6144659962879233,2.7422431578310804,-8
26057,3,0.0035820735967839338,0.0013574010167735299,0.12623777641927234,0.057811276908137706,100,130,2.6389206671572505,2.1836185459086908,-30
26059,3,0.0046393704974640945,0.0019553923291987744,0.14674591997928935,0.07312635401103756,99,128,2.372603404537792,2.006744654015429,-29
26061,3,0.003714842126234001,0.0012821876077104147,0.12903818413289195,0.05690037308550001,95,129,2.897268780243123,2.2677915299253972,-34
26063,3,0.0029447047547141447,9.583727505181498e-4,0.10735485483165205,0.04195534770230185,100,126,3.0726090168173843,2.558788347873997,-26
26065,3,0.0024047992198176016,6.243282898516399e-4,0.08979027258429523,0.030979770051435023,84,80,3.8518184405660323,2.8983518094297804,4
26067,3,0.004238652475519228,0.0018008875524208095,0.13947012884670013,0.06914791771341093,102,130,2.3536463838741617,2.016982339580278,-28
26069,3,0.0016938447628046035,5.063655874618099e-4,0.05916232943400806,0.015364924673771057,69,4,3.3451024412916945,3.850479627472699,65
26071,3,0.0018375916246849806,5.114910009735248e-4,0.06728023324350152,0.01915075005362959,75,6,3.592617702339783,3.5131905045541583,69
26073,3,0.002443249999601456,6.966553286495998e-4,0.09345800756480668,0.03476957467028286,89,103,3.507114492811623,2.687924958848695,-14
26075,3,0.00261171282187043,7.458524385439998e-4,0.09870531612881217,0.03731907801282992,89,106,3.5016481637692713,2.6449023230123285,-17
26077,3,0.002701766322609104,8.137345856538047e-4,0.10257031801816778,0.04046417097587452,91,114,3.3202058389079503,2.534842937455016,-23
26079,3,0.003024001782893505,9.899844408225297e-4,0.11189525533870284,0.04642224482562368,95,125,3.054595262508378,2.4103801046032145,-30
26081,3,0.003817529568723021,0.0014895461533576946,0.13358768814100871,0.06389411792747722,98,132,2.562881022597151,2.090766606914222,-34
26083,3,0.001703992390164823,5.148777079787049e-4,0.05790867655493785,0.015451348434429576,67,7,3.3095089644768603,3.7478073063126605,60
26085,3,0.002179511248758186,5.270570207372849e-4,0.08018106555869346,0.02440938571136853,82,13,4.1352475405968985,3.284845694471926,69
26087,3,0.003618457654692462,0.0014012036185078649,0.12830522610748984,0.06038073745643994,99,131,2.582392456669317,2.124936387205476,-32
26089,3,0.0021359081320930576,5.890550787190898e-4,0.08281910381455093,0.02916582974887462,86,91,3.625990521527504,2.8395936110045543,-5
26091,3,0.0031864313495009646,0.0011171042852738049,0.11706001015863657,0.05096183741318005,97,128,2.852402762665943,2.2970131396471554,-31
26093,3,0.0027914523995226327,9.268061341883348e-4,0.10707626098277419,0.04550726059445579,94,121,3.011905399145088,2.35294894889409,-27
26095,3,0.00226035440983961,6.131064141781249e-4,0.08647697004780357,0.029936860455555356,89,103,3.686724453649106,2.8886452597856205,-14
26097,3,0.0024291920630512332,6.546584728214049e-4,0.0914671067857939,0.03229462340372641,88,101,3.710624950108807,2.8322704260189546,-13
26099,3,0.0031480062913088677,0.0010332429378284997,0.11629884346545495,0.04956838819903728,94,125,3.0467242272420756,2.346230081124843,-31
26101,3,0.0022304092306575903,5.800383098420998e-4,0.0842086862252319,0.028469685622335233,84,78,3.845279170034063,2.9578368845481005,6
26103,3,0.001982192576760591,5.357681349048049e-4,0.07415273314890997,0.023793461814547924,78,17,3.6997209195966576,3.1165172065702147,61
26105,3,0.0031407618760433756,0.0010319867695388599,0.11476578357704552,0.04789576131135816,95,125,3.043412928100634,2.3961574142434516,-30
26107,3,0.0032426115209421083,0.0011004620262664497,0.11746576609632704,0.050076983905064924,96,127,2.946591016814414,2.3457036933178044,-31
26109,3,0.002431954950775271,6.629940174013598e-4,0.09198659801244596,0.03245893916523098,89,107,3.668140114306683,2.833937287481631,-18
26111,3,0.0029865662516800405,9.718038090150698e-4,0.11176437998156988,0.04699516265857097,94,123,3.0732193308718836,2.3782103020593826,-29
26113,3,0.005048238992410912,0.0022880392456005594,0.15035676998073433,0.07733700399782091,101,124,2.206360315767163,1.9441762960583637,-23
26115,3,0.0025347051681282413,7.554470125364498e-4,0.0974652269890219,0.03798764343649164,90,107,3.355238853374834,2.56570869293237,-17
26117,3,0.004006435135157364,0.0016174712694076345,0.1353514619190931,0.06516986963116331,100,130,2.4769745286570917,2.0769024502447366,-30
26119,3,0.0021252872423222994,5.244846841537549e-4,0.07980452308629725,0.025254105960555714,83,12,4.052143573556216,3.1600613068997023,71
26121,3,0.003467105893841275,0.0012558717468538598,0.12495600194600329,0.05679731710404991,97,130,2.7607165321832237,2.2000335282930705,-33
26123,3,0.0052233608216605805,0.0023629459942160294,0.15538838240108455,0.08123442329274559,99,125,2.210529074488463,1.912839115520145,-26
26125,3,0.0025402957419848114,7.203185581295249e-4,0.09652442568087717,0.03639875814901367,88,99,3.5266282026403455,2.6518604092401645,-11
26127,3,0.00594326557848189,0.0028544424434528994,0.1611816434965244,0.08637244797416282,99,119,2.082110848692598,1.8661233677751006,-20
26129,3,0.0027891029744635553,8.549509983933298e-4,0.10387489158611578,0.040427711174661984,94,120,3.2622957101693415,2.5693982807322326,-26
26131,3,0.001847305647685723,5.019279008535199e-4,0.071009708102608,0.02102582676195758,82,3,3.6804203244019926,3.3772611610729704,79
26133,3,0.0042256773114144825,0.0017421479309399045,0.13930899203736724,0.06790918782655828,100,130,2.425555968220616,2.0514012388598406,-30
26135,3,0.0030303540986900846,9.482194921916548e-4,0.11052357922992634,0.04412652995417747,94,123,3.195836115629637,2.5046968194575436,-29
26137,3,0.0022849374928706552,6.404805614578299e-4,0.08809566887721983,0.032000234271393126,87,94,3.5675360508518703,2.7529694979756343,-7
26139,3,0.004117427214686854,0.0017515743342283246,0.14006260817971442,0.07076309680344636,100,132,2.350700814819162,1.9793171088704102,-32
26141,3,0.0025526112891482784,7.140165863118149e-4,0.09552133234615207,0.03448090276234489,91,111,3.5750027913686857,2.7702677335486356,-20
26143,3,0.001825359008682806,5.133411789948249e-4,0.06370870657705996,0.016922902953052415,71,6,3.5558398261698927,3.764644089362263,65
26145,3,0.0029624274840822393,9.405752866688698e-4,0.110540489952858,0.045427990777802144,93,122,3.1495910280334254,2.433312327052605,-29
26147,3,0.002733363769744141,8.550317154291798e-4,0.10415320884919547,0.042239266206256336,92,117,3.1967981075089598,2.4657911513095523,-25
26149,3,0.004382350899818939,0.0018334056643107895,0.14276037320334942,0.07066118425274985,100,130,2.3902789137865703,2.02035070191728,-30
26151,3,0.004263484180853499,0.0017468044852174446,0.13697505550473107,0.06499802365401136,102,127,2.4407334747155605,2.107372621571666,-25
26153,3,0.0019903773659416717,5.184706194592449e-4,0.07589323609629307,0.02416654250386887,82,10,3.8389395488168603,3.140425904290743,72
26155,3,0.0025096977689917843,7.301432502400399e-4,0.09599329599366821,0.036547508341463635,89,105,3.4372676432558995,2.626534621643756,-16
26157,3,0.003193325974340153,0.0010921115771609048,0.11603480913025135,0.04913500810344534,97,127,2.9239924208492014,2.361550625695633,-30
26159,3,0.0037241503417899295,0.0014486707349805547,0.12999559497978097,0.06102743390560344,100,131,2.5707362286433697,2.13011733675148,-31
26161,3,0.0025622822873367043,7.295309883180549e-4,0.09715338344120332,0.03673686436776579,88,102,3.512232281241522,2.6445747374794757,-14
26163,3,0.0039205572709401695,0.0014214118258717148,0.13490124084638205,0.06197324270195373,95,131,2.7582134885755534,2.1767658906466942,-36
26165,3,0.004649007562242762,0.0019749656315160395,0.1479146063462323,0.074614327120098,98,129,2.3539688428269265,1.982388799246978,-31
27001,3,0.0019245412406952889,5.167804476573699e-4,0.0714068809339585,0.021282599435526295,78,8,3.7240984046890198,3.3551766620557406,70
27003,3,0.004080786262000849,0.0016829465683971545,0.13929263422761243,0.06926765414531726,99,132,2.4247865848096457,2.010933327341924,-33
27005,3,0.005517548492235626,0.0024999715869434194,0.15918668622888987,0.08328242439761724,98,123,2.20704448044613,1.9114079276664802,-25
27007,3,0.004768147259491879,0.0020283821785484447,0.1497179621110667,0.07554528216906035,98,128,2.3507144313918547,1.9818307353200122,-30
27009,3,0.004207162758928632,0.0016676996457898445,0.1400467572082022,0.06734656015066065,98,130,2.5227340963642555,2.0794938434109227,-32
27011,3,0.0036205862512074492,0.0013624215046926897,0.12230651926966987,0.05296442282338003,104,128,2.657464109849114,2.3092202793849808,-24
27013,3,0.0033060643978567385,0.0011631100756064998,0.11990146478848321,0.052533057965130206,97,128,2.842434664778226,2.28240025296205,-31
27015,3,0.004013565320744699,0.0015722841831664796,0.1320984630991593,0.06046534189130712,102,128,2.552697129256644,2.1846971995398676,-26
27017,3,0.002665756588918291,8.312513900307547e-4,0.10225240862957725,0.041275804337053454,92,115,3.206919857083984,2.477296572941278,-23
27019,3,0.0034714813392900507,0.0013790178666466249,0.1261243760481171,0.06035685262517768,101,132,2.51735776834545,2.08964468096709,-31
27021,3,0.003505845592616674,0.0012269973355391347,0.12357588659258317,0.05391726878771809,97,128,2.857256076335511,2.2919537537986856,-31
27023,3,0.0037945415571090137,0.0014019241815280098,0.1281682464450922,0.05633972831560079,101,128,2.7066667421152553,2.2749177228389597,-27
27025,3,0.003301851562903369,0.0012477565957940847,0.12208304712108943,0.05688417903816868,98,131,2.6462305020331613,2.1461687447255415,-33
27027,3,0.0038617466408666585,0.0014612043708230299,0.1328730192233988,0.061606740182292334,98,130,2.6428518268745065,2.1567935396392,-32
27029,3,0.0062336416632505325,0.0029745715864908343,0.16869847904320018,0.09186015666756953,96,120,2.0956435177290498,1.836470621900842,-24
27031,3,0.002778649135627341,7.200990439435599e-4,0.10044971570922916,0.0353983431036143,87,103,3.8587041032721143,2.8376954089405633,-16
27033,3,0.005808096268529064,0.0027074766263011146,0.15868558113665907,0.08277912104193431,99,119,2.145206430263421,1.916975912999511,-20
27035,3,0.0023126191197679357,6.213416700452699e-4,0.08779817590371689,0.030908573296891527,85,85,3.721976540861073,2.8405767895002367,0
27037,3,0.0034112421059253654,0.0012557950859473698,0.12427618385349763,0.057078803027296524,97,131,2.7164002663316125,2.177273826048273,-34
27039,3,0.004427717747927413,0.0019779792603875647,0.1431477616889329,0.07342166537476114,103,129,2.2385056489721977,1.9496665045429529,-26
27041,3,0.0025735913764941606,7.613914824535448e-4,0.09807689096251561,0.03745394568740755,91,113,3.3801157956231593,2.6185997005781476,-22
27043,3,0.0033681591981529323,0.0012386517814231648,0.11777252598884544,0.05041460245316327,104,128,2.7192139458944973,2.336079632845658,-24
27045,3,0.004605400567798804,0.0019962726458664995,0.1431475183307206,0.07097384951660982,102,126,2.3069997864944893,2.0169050897714116,-24
27047,3,0.00358410691620945,0.0013022988282060297,0.12492250172554238,0.055005452318566996,99,129,2.7521386325339052,2.2710930727748058,-30
27049,3,0.003151490468587665,0.0010941475227148648,0.11498696547425763,0.048711002904846125,99,128,2.880315865239083,2.360595319683264,-29
27051,3,0.004454782119101457,0.0018937965368290145,0.13842375217406522,0.06653115439824658,104,126,2.352302389654051,2.0805854554315886,-22
27053,3,0.003216309620221126,0.0010066043147116397,0.11678755089707184,0.048229868702496403,92,123,3.195207464556216,2.4214776867312278,-31
27055,3,0.0024508821272740586,7.207201830853799e-4,0.09425012997758617,0.035259211756564594,92,113,3.4006014883361684,2.6730640102877112,-21
27057,3,0.0032755037135854532,0.0011193105029482797,0.11747180761080096,0.0497843973805235,97,127,2.9263584188281357,2.359610918113833,-30
27059,3,0.003447566606702491,0.0012793548326932647,0.12471046436708555,0.05733836278692145,98,131,2.69476967499686,2.174991721171559,-33
27061,3,0.00265689546624205,7.807059785056697e-4,0.10006565197663284,0.03812329582132517,91,114,3.4031960038624898,2.6247901662441984,-23
27063,3,0.0036403145719956513,0.0013332723309973397,0.12346954585471141,0.0529012860354103,102,128,2.730360847789104,2.333961139849514,-26
27065,3,0.004180102393585801,0.0016681688924687096,0.13946113346673805,0.06731929253995442,98,130,2.5058028671183896,2.0716369439558058,-32
27067,3,0.004565032831524453,0.0019344179512963695,0.14483252046073752,0.07195397094203353,100,128,2.3598999525749593,2.0128495837625877,-28
27069,3,0.005106726697558946,0.0022633535566560746,0.14732175325062533,0.07295021347413506,102,122,2.2562655677638497,2.019483511214935,-20
27071,3,0.0017360185076715146,5.100450354509149e-4,0.06412112294738431,0.018486406725134165,73,5,3.4036572988829406,3.4685552417390597,68
27073,3,0.003849592865508984,0.0015421431569644347,0.12529835137901868,0.05617303864840831,107,127,2.496261678511449,2.230578127761103,-20
27075,3,0.0023321168745666044,6.219001028068249e-4,0.08825359613973856,0.03088804277545192,86,89,3.7499863145882264,2.857209075412106,-3
27077,3,0.0019227411774930662,5.138976964449399e-4,0.07227610288958128,0.02208719897599403,79,8,3.7414862740079875,3.2723073200968664,71
27079,3,0.00362253737926552,0.0014354925811846998,0.12799014545114884,0.06049029798453,101,131,2.5235500529552515,2.1158789048101814,-30
27081,3,0.004483012186305045,0.0018725966950304046,0.13713940507009906,0.06427817148375843,104,125,2.39400838322651,2.133529966774972,-21
27083,3,0.005061296899455618,0.0022345676563453897,0.15097573317004107,0.07635872546682343,100,125,2.2650005181464556,1.9771903243151623,-25
27085,3,0.0028917197205022478,9.214996332327398e-4,0.10807489700606154,0.04372651359819039,95,123,3.1380584605961497,2.4716101996875004,-28
27087,3,0.008756860346775683,0.004754645829199474,0.19312234102359543,0.1156099143432495,90,107,1.8417481893178256,1.6704652202250498,-17
27089,3,0.004441859257520434,0.0018208303812846196,0.1363530423756169,0.06300752292019966,104,125,2.4394689934746387,2.1640755905975047,-21
27091,3,0.004061397077647774,0.0016400009564699245,0.13156451286198168,0.06070646909736629,104,127,2.4764601884073687,2.167223935409044,-23
27093,3,0.004658450548704514,0.0020283308001774044,0.14578642720782015,0.0733304639550379,101,127,2.2966917172963455,1.9880745238051154,-26
27095,3,0.004539073841683837,0.0018747654196720096,0.14592274195668006,0.07214273392496418,98,129,2.4211422901527317,2.0226949273707127,-31
27097,3,0.0037178923974102982,0.0014415409717723998,0.12774825325818512,0.05851425082672348,102,129,2.5791097653222335,2.1831989891912356,-27
27099,3,0.00476657743809156,0.0020500977127332295,0.1491097773560104,0.07532331208361455,99,128,2.3250489030284647,1.9795966644494776,-29
27101,3,0.004120944945960919,0.0016400979415136547,0.1312550321018421,0.05939381256428341,104,126,2.5126212536781054,2.2099108717727374,-22
27103,3,0.0028612028241893493,9.343429241738798e-4,0.10769342326181597,0.044167142578760324,96,124,3.0622619919973664,2.438315385012138,-28
27105,3,0.006578464849240827,0.0032875890631337843,0.17165549160491517,0.0959620937655675,97,118,2.000999736557745,1.788784350873631,-21
27107,3,0.005354161265299829,0.0024003032316198794,0.14993035163748186,0.07474562797161496,102,120,2.23061869632467,2.005874533483332,-18
27109,3,0.0032115076646364303,0.0010839577423874998,0.11781727877852576,0.050776716831436676,95,127,2.9627609445021714,2.320301235104338,-32
27111,3,0.00379878130100907,0.0014315212331876097,0.1292038171720245,0.05845359830084192,100,129,2.653667450359932,2.210365502343481,-29
27113,3,0.0025883324932747588,7.504627828504698e-4,0.09817532868953377,0.03672909687446469,92,113,3.4489818181836283,2.672957873837311,-21
27115,3,0.0031700697007836743,0.0010533508169227148,0.1152700394172681,0.048154263836235736,96,126,3.0095098896346753,2.393765997737634,-30
27117,3,0.003814937752327091,0.0014762871754249846,0.12796037248298192,0.057572644515216084,103,128,2.584143394207072,2.22258980042445,-25
27119,3,0.004184469161828273,0.0016706349630366646,0.1362517569905726,0.06370856685288843,101,128,2.5047178195183255,2.1386724536622532,-27
27121,3,0.0031118402985972396,0.0011160793545621848,0.11305617290134928,0.047973899575178607,102,128,2.7881891066947935,2.356618367539249,-26
27123,3,0.005177011573736122,0.0021676689667031747,0.15727942385011393,0.07964230849027665,95,128,2.3882851363646544,1.9748225137059634,-33
27125,3,0.0037858954732562277,0.0014306994180413848,0.12783888832947043,0.057043281405679686,101,128,2.646185093469239,2.241085806763244,-27
27127,3,0.005714859033432351,0.0026569490491875096,0.1573612213158099,0.08187756881739643,100,120,2.1509102838008674,1.9219088156703494,-20
27129,3,0.004999586512459108,0.0021998353383756745,0.14676908439413391,0.07265596780057904,102,123,2.2727094274932083,2.0200554591327626,-21
27131,3,0.004277480172265837,0.0017579837924129097,0.14070591762789847,0.06869008846898104,100,130,2.433173838533977,2.0484166022211228,-30
27133,3,0.005166628555669117,0.0023170151121544094,0.1512117601053454,0.07681153946025926,101,123,2.229863986888319,1.968607336448182,-22
27135,3,0.004044369325107451,0.0016196065529568045,0.13393123341553806,0.0629581239828962,101,129,2.4971307492698913,2.127306611803158,-28
27137,3,0.002434959388685084,6.446840421639899e-4,0.09138049598143996,0.0321618221204675,86,89,3.7769810161761335,2.84127235201908,-3
27139,3,0.004436675696716196,0.0020183567263924247,0.1465710205074637,0.07769024357042659,101,131,2.1981623162552797,1.8866078129179291,-30
27141,3,0.00398396076805726,0.0016996055474910897,0.13796054105828992,0.06992593894460894,101,133,2.3440502262058818,1.972952285525602,-32
27143,3,0.004869469440723446,0.0021100419062160198,0.14604266685540396,0.0720372595246989,101,124,2.307759588270909,2.0273212476292404,-23
27145,3,0.0048314855569506696,0.0020959016527470698,0.15043496096771833,0.07665979707971178,99,128,2.305206234566449,1.962370977988557,-29
27147,3,0.0038568703372859913,0.0014981194956413945,0.1323550609751276,0.06182337256862076,100,130,2.5744744317840533,2.140857987458065,-30
27149,3,0.006776251280148114,0.003387380531056134,0.16848158595166546,0.09239664330771227,98,114,2.0004399322786983,1.8234600297173613,-16
27151,3,0.004419575835077371,0.0018630193090862395,0.13594882427250837,0.06409269369584909,105,125,2.3722651791757614,2.121128266470613,-20
27153,3,0.006556106978272285,0.003197431872529894,0.16952647354990494,0.09273134700580345,96,117,2.0504289816454846,1.8281463498992998,-21
27155,3,0.004995918017628238,0.0021611024175593394,0.1424882260955558,0.06784884898596691,104,121,2.3117451431433884,2.1000831734820804,-17
27157,3,0.003437545370351946,0.0012710608830590099,0.12106264778151492,0.053174333085898945,101,129,2.704469483852691,2.2767121044272947,-28
27159,3,0.005908859647908029,0.0026957679919114895,0.16209306506617263,0.08443523075156144,97,120,2.1919021464893316,1.9197326000459245,-23
27161,3,0.0044594837486493615,0.0019122004757733996,0.14285762912927655,0.07105940227385696,102,128,2.3321214512540585,2.0103972811186233,-26
27163,3,0.0033491834843778693,0.0012607305822382097,0.123103136433607,0.057221163896042766,98,131,2.6565417953389945,2.1513567367706132,-33
27165,3,0.00599076705923033,0.0028218462436001897,0.16278805361990148,0.08634488220330648,98,120,2.1229955646297523,1.88532370959292,-22
27167,3,0.005787758129755632,0.0027078364844803447,0.1583721715274685,0.08277564034921976,100,120,2.1374104983545004,1.9132702671862967,-20
27169,3,0.0030996276362746547,9.676394484332697e-4,0.11211404795142,0.04449086370277123,95,124,3.2032877961862165,2.519934175708904,-29
27171,3,0.0049698772403463645,0.0023251196008554345,0.15484534241999462,0.0836585218577073,100,129,2.13747165458409,1.8509213285332393,-29
27173,3,0.004959411982963999,0.0021904986711414848,0.1461606798887135,0.07253276932552635,102,123,2.264056147717092,2.0150985719674623,-21
28001,2,0.0065659469481430125,7.715559878641048e-4,0.16019058996487273,0.036330549156027465,80,109,8.510007117331169,4.409253195620802,-29
28003,2,0.005924736726607832,7.210984807038998e-4,0.1510110977804575,0.03329427732857925,81,108,8.216265718413945,4.535647261243664,-27
28005,2,0.006129701298508775,8.889758041556347e-4,0.15260654811829585,0.032824342667210044,85,113,6.895239746520296,4.64918824622016,-28
28007,2,0.007783585428220725,0.0014828214048987296,0.18568658260157228,0.05991352917329062,79,124,5.249172558816894,3.099242945020023,-45
28009,2,0.008439732595398434,0.0018979088368021345,0.18634948609340118,0.05786173527325135,82,111,4.4468587909727475,3.220599679794738,-29
28011,2,0.010954163034344658,0.003557270138299594,0.21787101967658193,0.09288990662786895,78,107,3.0793733982713056,2.3454757097496746,-29
28013,2,0.008259177807207684,0.0019407203136790245,0.18595464733161002,0.06024759155728747,82,113,4.2557280144869285,3.0865075686020047,-31
28015,2,0.006403075395553191,8.871692325613197e-4,0.15865753704695376,0.037279504877309654,82,114,7.217422742521248,4.255891744515132,-32
28017,2,0.00715818761523852,0.0014697466425658545,0.17456206237280922,0.05304106933210505,83,118,4.870354799887073,3.2910735882760407,-35
28019,2,0.007086062629409999,0.0013503360681791398,0.17219979570736682,0.04959528966201544,83,118,5.24762893948704,3.472099807882622,-35
28021,2,0.006967291774180018,0.0012540573730653898,0.1688570144083142,0.04580586175662115,83,116,5.555799857186219,3.6863625731024747,-33
28023,2,0.006248325409618788,0.0010640909798168249,0.1621589405808605,0.045255443002775356,83,120,5.871984189448153,3.5831919835789887,-37
28025,2,0.006507040746443465,0.0010518117048016347,0.16264131273898413,0.04171323589519585,83,117,6.186507258607331,3.899033705934947,-34
28027,2,0.008937179912360815,0.0022272207963825097,0.19952492632952332,0.07313961105658402,79,117,4.012704949090246,2.7280009210762968,-38
28029,2,0.0075578568504860305,0.0016526787304712496,0.18399675744080693,0.06236838255419529,81,122,4.57309500699568,2.950160801122622,-41
28031,2,0.006024522760865853,9.676775554028948e-4,0.15855193853223218,0.04275581397137939,83,120,6.225754361283629,3.708312947529577,-37
28033,2,0.007664829004108232,0.0020007451081420044,0.19183276937115515,0.07568098724447468,82,128,3.830987252157367,2.5347551129515753,-46
28035,2,0.006552208968116566,9.687092942039348e-4,0.16743404798611938,0.04684455143426771,80,121,6.763854757376965,3.574248079225668,-41
28037,2,0.005883899475253465,9.526589227864798e-4,0.15615051262664661,0.04203766668165926,83,119,6.176291781368459,3.7145380548624503,-36
28039,2,0.00909131881678892,0.0027710702637317795,0.20650085544172583,0.08828934987235175,80,120,3.2807969309828002,2.338910137409366,-40
28041,2,0.006857492389005696,0.0013448873856790299,0.17125225621198722,0.05155668771791719,83,120,5.0989342765999455,3.3216303023375366,-37
28043,2,0.006052142816215042,8.006564151615848e-4,0.15459787757863747,0.03638376606995153,82,113,7.558976237008763,4.249089478021796,-31
28045,2,0.006922910233516642,0.0012437217485386299,0.17459118250756195,0.05404314952958961,81,125,5.566285418463611,3.2305885949887156,-44
28047,2,0.007044229867042951,0.0012667720518420747,0.1769508093317494,0.05570094866518958,80,127,5.560771455921841,3.176800639345936,-47
28049,2,0.007157766177477545,0.0010919955720301198,0.17542875631126112,0.050243192047771466,79,124,6.554757510756754,3.4915925752580095,-45
28051,2,0.006810089316493399,8.876681827739948e-4,0.16456711172809413,0.039071149121327094,80,114,7.671886239305803,4.211985452925026,-34
28053,2,0.008624884039621658,0.0022355476973151597,0.18945296559938268,0.06488351132552815,83,111,3.8580630822504665,2.919893848667885,-28
28055,2,0.027319874570611125,0.012641884764396857,0.29432283988630814,0.16014593170898214,57,69,2.161060243766156,1.8378415033430435,-12
28057,2,0.006298657611887958,0.0011806919146143248,0.16461481780549647,0.049025903592500565,84,122,5.33471732458287,3.3577110413662505,-38
28059,2,0.007392091628784027,0.0014856238220921747,0.18375413429333534,0.06212492943875711,80,128,4.975749256883812,2.957816386326532,-48
28061,2,0.006552714662296302,0.0011229251192637398,0.16299980548659823,0.042584810926522,84,117,5.835397703626644,3.827651266735607,-33
28063,2,0.007261946216664494,0.0016109422223612145,0.18351337237544127,0.06468915033578994,82,127,4.507887443672812,2.836849323616956,-45
28065,2,0.008304553558200046,0.0017551265300530996,0.19216425340691676,0.0651681002187678,79,122,4.731598215855583,2.948747205485902,-43
28067,2,0.006856807979963162,0.0013917453897202047,0.17421808788215545,0.055833372587316424,83,123,4.926768955449279,3.120321768306224,-40
28069,2,0.008264296777744694,0.0019326887445863896,0.1887497676494254,0.06385617793076985,81,116,4.276061937491812,2.955857581298709,-35
28071,2,0.0053624522603509415,5.673383552640399e-4,0.13943767801827764,0.02704386322499033,81,81,9.45194734428849,5.155982222592663,0
28073,2,0.007229504928711118,0.0016796750409774845,0.18470979258300851,0.06792294436338525,82,130,4.304109278485152,2.7194020270207653,-48
28075,2,0.006587662074574806,0.0010067889100834448,0.16675929479497892,0.04595389115308821,81,120,6.54324060247029,3.628839486942387,-39
28077,2,0.008215259013307132,0.0020145997154302144,0.19191155934048676,0.0689680066005645,81,119,4.077861696487323,2.782617169899702,-38
28079,2,0.008452176210105203,0.0021165010529512894,0.19478761006815207,0.07165642086031238,80,119,3.9934665746182016,2.718355281069266,-39
28081,2,0.007214559986491005,0.0014025231718650998,0.17984620719636285,0.058386499867624966,81,125,5.143986303553871,3.080270398193311,-44
28083,2,0.008784512904871427,0.0020784346839086945,0.19471934307675776,0.06652462397341205,80,115,4.226504192256508,2.927026587246572,-35
28085,2,0.010901440586779628,0.003662399135174459,0.22238798027734097,0.10057907247960551,77,111,2.9765845240841933,2.211076069750342,-34
28087,2,0.006226472309028275,8.204820239779548e-4,0.15837085000204942,0.03878997867217315,81,113,7.5887979590831,4.082777444671818,-32
28089,2,0.006368273637267343,0.0010272282283665698,0.16617144197476474,0.04838488853331913,81,123,6.19947297144837,3.434366534922048,-42
28091,2,0.0071717735866943105,0.0012635271152045848,0.17237371535807047,0.047856584956418306,82,117,5.675994998756389,3.6018808177609527,-35
28093,2,0.008226555038270095,0.0020421181247883445,0.1965148063999925,0.07577130104576144,80,127,4.028442301359397,2.59352556558728,-47
28095,2,0.006484075195663367,9.645738625008748e-4,0.16538200333775624,0.04560744204387932,80,120,6.7222173933387985,3.6262065120565357,-40
28097,2,0.0066561281363239294,7.800073314966898e-4,0.16002949748139814,0.03520688962431715,79,110,8.533417402054479,4.545402879636004,-31
28099,2,0.011130521774774419,0.003616924883967709,0.2255375337423002,0.10158887041086827,75,113,3.077343912811486,2.2201008125214035,-38
28101,2,0.009669419902871661,0.0028942808832934344,0.20771108942682928,0.08477460557966601,80,113,3.340871288162164,2.4501569545096267,-33
28103,2,0.008043580988307259,0.0022014713840767548,0.18615947020242798,0.06709914722259838,85,114,3.653729522212503,2.77439398126555,-29
28105,2,0.005481859428678068,6.114054096143099e-4,0.14255256535445784,0.029261212055921273,81,94,8.965997589285585,4.871724557479875,-13
28107,2,0.00760320707734649,0.0015390446760309845,0.18536240249013403,0.06195255308602666,80,125,4.940212065158673,2.9920058699234198,-45
28109,2,0.006804355439947006,0.0012884217808074299,0.1742057898778437,0.05524921500641597,82,126,5.281155240702965,3.1530907698437627,-44
28111,2,0.009131871105336649,0.0024092092428624847,0.20095430807495993,0.07632428373405145,79,116,3.790401822668869,2.6329013289554895,-37
28113,2,0.007830373574851442,0.0013720932819484548,0.18133289877774866,0.051989098735436896,80,118,5.7068813599406605,3.4879023331510117,-38
28115,2,0.00853835027098503,0.0023809940406202797,0.20274827842863802,0.08394042778841836,80,126,3.586044368578377,2.415382953964551,-46
28117,2,0.00631278186470458,9.973279672922197e-4,0.16409131959055206,0.04633685725503922,81,121,6.329695016819795,3.541269937393236,-40
28119,2,0.009238988506982909,0.0022564685954255597,0.2027871887545446,0.07399145827888848,79,117,4.0944458636440615,2.7406837690669574,-38
28121,2,0.006458016542539458,0.0011251427238275497,0.16922526122933332,0.052087644564555106,82,127,5.739730974369502,3.2488560894628873,-45
28123,2,0.006900150074149148,0.0015377651143471196,0.17631467973787204,0.05955402770010883,84,124,4.487128762235386,2.9605836338345566,-40
28125,2,0.010971413085276997,0.003800389611225034,0.21760408619218932,0.09573120675310975,79,106,2.886917976217818,2.2730736775667,-27
28127,2,0.008464317045035672,0.0022640535822209245,0.19782080433104549,0.07743482256532687,81,122,3.738567457724475,2.5546749870080294,-41
28129,2,0.009057262926964594,0.0022945604932046748,0.19765762383852792,0.0705691777412595,80,113,3.947275721772259,2.800905865209819,-33
28131,2,0.007744024057014108,0.0018437050912762946,0.19090580185852613,0.0715346280984994,81,128,4.200250947755072,2.6687187301184947,-47
28133,2,0.008828219629220212,0.0023521726937009197,0.19600935294709107,0.07158647078532161,82,114,3.7532191632281258,2.7380781703137353,-32
28135,2,0.007886178445391419,0.0020677411904064247,0.18477011922839096,0.06482912853707401,85,115,3.8139098268102654,2.8501095633689717,-30
28137,2,0.009996294986197288,0.003357115553817309,0.21658526567929837,0.09869252185012393,79,116,2.977644000019809,2.1945458644598044,-37
28139,2,0.008131709085794234,0.0019441836568035995,0.1925389201675564,0.07027809059095383,80,122,4.182582780869295,2.739672044993492,-42
28141,2,0.006181710102033779,7.204416422824799e-4,0.1557105286447929,0.03553164014558651,80,102,8.580445298038416,4.382306248931607,-22
28143,2,0.012755776904931997,0.004314639331405354,0.23443885497106323,0.10587540716836367,74,104,2.9563947123193763,2.2142899965263627,-30
28145,2,0.0075907641701927165,0.0017760390944411045,0.18703999236760088,0.06740092843971583,82,125,4.273984842986481,2.775035844422998,-43
28147,2,0.007988411932036546,0.0014587750748273098,0.18297488845480478,0.05269128279482788,80,116,5.476109422134332,3.472583675126721,-36
28149,2,0.005596170042305235,6.002510715776549e-4,0.14374736894878545,0.028710866540694477,81,92,9.323048816217323,5.0067234559096105,-11
28151,2,0.008030966144355408,0.0016563026361150447,0.18669447356379912,0.059783680579694305,80,119,4.848731125123674,3.1228333845208325,-39
28153,2,0.007045935853073792,0.0013174336768877499,0.17329583623822412,0.0510585640404841,82,120,5.348228132226599,3.3940601247778655,-38
28155,2,0.005780372354202385,9.039905923380948e-4,0.1538988231129198,0.03994756011930337,84,118,6.394283749404895,3.852521221654114,-34
28157,2,0.005014102592334452,5.099261984227549e-4,0.12624384210502168,0.016513263319120015,81,5,9.832996633323603,7.644996610624457,76
28159,2,0.007485908565598483,0.0014662870113733295,0.17564835671962525,0.050494338679143935,83,115,5.105350117360144,3.478575248519388,-32
28161,2,0.005174123073225071,5.259582085218349e-4,0.13025906516118793,0.019293315139442366,80,10,9.837517485973926,6.751512854050277,70
28163,2,0.009914771275091517,0.0029001384159076044,0.20886372780246132,0.0830454712455956,79,111,3.418723472199746,2.515052593112218,-32
29001,3,0.0024867175420042764,7.000663006790548e-4,0.09445001928389136,0.03411485405992869,91,111,3.552117191746259,2.768589281313455,-20
29003,3,0.002696107873580032,8.664825172870747e-4,0.1030010486188643,0.04171867205174513,95,121,3.1115548436239058,2.468943606141358,-26
29005,3,0.0036158834243249383,0.0013228269089051647,0.12187530525843024,0.051852562057624646,103,127,2.7334516707991807,2.3504201224037513,-24
29007,3,0.004348182857448572,0.0017619542386633246,0.1403824309187866,0.06726184651144956,100,128,2.4678182679405136,2.087103435301768,-28
29009,3,0.006121345692800221,0.002930956904096609,0.16701140450459737,0.09088988744824239,97,120,2.088514397548594,1.8375136023763115,-23
29011,3,0.003753859626643021,0.0015577153627395646,0.1268095783058695,0.05978579357890253,106,129,2.4098495247816536,2.1210654022432953,-23
29013,3,0.006073013798800018,0.0028876722671559996,0.16512566780233282,0.08895100633003519,97,120,2.1030827728872383,1.8563664944909846,-23
29015,3,0.0026096570439972143,7.267602360699498e-4,0.09717421191107681,0.035109932248719944,91,112,3.5908087901303913,2.7677128859916738,-21
29017,3,0.0030320752113684457,9.595270882819447e-4,0.11104393238475134,0.044981315128265635,94,123,3.1599683306465542,2.4686679806516567,-29
29019,3,0.002690786932446378,7.744036917866647e-4,0.10116734170300905,0.03862146545956973,90,109,3.474656643537341,2.619458907091821,-19
29021,3,0.0033648216017402787,0.0011175375645035947,0.12106107088435589,0.051837422078558466,94,127,3.0109248302851617,2.335399138886392,-33
29023,3,0.0037243079254336412,0.0013480542449157298,0.12927640517577263,0.058047730672269066,97,130,2.762728532238298,2.2270707860338694,-33
29025,3,0.0034693272225507716,0.0012647848589695447,0.12279096553073368,0.05425873395800176,100,129,2.7430176744662558,2.263063594992437,-29
29027,3,0.0031642239232884564,0.0011533968648516147,0.11729828952756365,0.05237182050342937,99,129,2.7433956339872103,2.2397214456175494,-30
29029,3,0.0019397612437329294,5.313040557675399e-4,0.07139471300435742,0.022095115054651466,76,12,3.650943791367608,3.231244228770259,64
29031,3,0.002460337954869447,7.018712444488199e-4,0.09410495156526759,0.03524847697931803,88,101,3.50539785513161,2.6697593663545653,-13
29033,3,0.002973114924854741,0.0010829193522186547,0.10911817808742534,0.04597024060416581,105,129,2.7454629181420636,2.37366993631826,-24
29035,3,0.0018353421706633847,5.174077397124999e-4,0.06846374796058677,0.02072212292807635,76,8,3.5471873143668113,3.3038964298308167,68
29037,3,0.0034642645542785062,0.0013081754229359848,0.12503031062184594,0.05795377703974157,99,131,2.6481651417235264,2.1574143568952704,-32
29039,3,0.005308739359082506,0.0023563855449031247,0.15642659951208993,0.08069320284802302,98,125,2.2529162812789014,1.938535018949522,-27
29041,3,0.004102679135519252,0.0016773324687439546,0.1335293711076791,0.0628065890051045,103,128,2.445954640460446,2.1260408059547182,-25
29043,3,0.004321881477706498,0.0018540347761210145,0.14382710591614986,0.0733137973602891,100,131,2.3310681834936653,1.9618013401943186,-31
29045,3,0.004998667583282935,0.0020945039883576697,0.14960181363360167,0.0733543791045006,98,124,2.386563888666768,2.0394394371531526,-26
29047,3,0.0037247570065480572,0.0014123835649512747,0.13136571008454506,0.061716960875769264,97,132,2.6372135013313867,2.1285187770177556,-35
29049,3,0.004336786875516107,0.0017875323849544445,0.14240766588230458,0.07016283007155065,99,130,2.4261305204977477,2.029673913339586,-31
29051,3,0.002271755300076991,6.005777465589499e-4,0.0857770948140802,0.029576834245045577,83,71,3.782616510673537,2.90014455581732,12
29053,3,0.003029560067949341,0.0010532233990624997,0.11196060599010131,0.047451921034099086,99,127,2.8764648322910675,2.3594536016707544,-28
29055,3,0.0023827087266306136,6.561320123229649e-4,0.09067185951993056,0.03264602244429235,87,98,3.6314471506959234,2.7774244067452427,-11
29057,3,0.0045730464412686396,0.0019325066916720196,0.1423772129384563,0.069225251691784645,102,126,2.3663806500519824,2.056723658765014,-24
29059,3,0.004162047080800599,0.0017026860706520046,0.13713346318407896,0.06607916713000156,101,129,2.444400733957281,2.075290430254485,-28
29061,3,0.007922603767106698,0.004255187185954844,0.1856388123454688,0.11010671919445969,93,111,1.8618696242686918,1.6859898624134986,-18
29063,3,0.0034415214595113998,0.0012447505483418099,0.12083313063400607,0.052298703320399466,101,129,2.764828233332382,2.3104421900050105,-28
29065,3,0.004949250334892762,0.0020527601350640544,0.15141959339027156,0.07481291032626362,97,127,2.411022237987063,2.023976780610747,-30
29067,3,0.0032238896678545063,0.0011703632446321847,0.11634578623183368,0.050571172649437744,101,128,2.754606044440239,2.3006345341910364,-27
29069,3,0.003957111981602354,0.0015566655048141146,0.13203853342988128,0.061013542751833995,101,128,2.54204385551338,2.164085668110337,-27
29071,3,0.002837903180533643,9.265726530444448e-4,0.1079041487843485,0.045189291143182556,94,121,3.062796178161668,2.3878256563585722,-27
29073,3,0.003584441423356618,0.0013008263998894947,0.12583461603256582,0.056217541290215126,98,129,2.7555109764539805,2.2383514672575657,-31
29075,3,0.0055123799785486965,0.0024973542804396297,0.15641201407628502,0.08032237780694292,100,122,2.207287937367984,1.9473030847297086,-22
29077,3,0.0024128832604280123,6.219692910907649e-4,0.0896558856876609,0.030743962877224484,84,78,3.879425069679038,2.9162110963280896,6
29079,3,0.0040644165927007855,0.0015694883008188995,0.1336431513317407,0.061012260185562286,101,128,2.589644402306234,2.1904310859043625,-27
29081,3,0.0044858729234560765,0.0018675167619648246,0.1403084947130133,0.06723809698337192,102,126,2.4020522946934437,2.086741014513123,-24
29083,3,0.0036257529808885417,0.0013086285865896447,0.12642240142465633,0.0561322306498617,98,129,2.770650907403334,2.2522247906598705,-31
29085,3,0.0025187557737649377,6.236136119680499e-4,0.09250274572849654,0.029953910385774902,89,107,4.038968562305826,3.0881692753019,-18
29087,3,0.0031450610667268955,0.0011032316561914697,0.11339652392657516,0.047182332080569406,102,128,2.850771231115815,2.403368356887006,-26
29089,3,0.0033810287685187243,0.0012552920523098599,0.1212668881751731,0.054445062728405685,100,129,2.6934200390238283,2.2273257132625983,-29
29091,3,0.003638573955510912,0.0013197762755885697,0.12761511250013147,0.05751161347243441,97,130,2.7569626934597284,2.2189450929123735,-33
29093,3,0.004118204305258639,0.0016436303137984897,0.13847867476739276,0.06693768236365226,98,131,2.5055538771010606,2.068770084017547,-33
29095,3,0.0031086472741285406,9.420478411800048e-4,0.11365524339429807,0.045852989845601405,92,120,3.2998825943220287,2.478687731748878,-28
29097,3,0.003757418031652841,0.0014039817577593749,0.13140132930622475,0.06096930553736388,97,131,2.6762584420251536,2.1552046254766335,-34
29099,3,0.002927621570208435,9.981394817831248e-4,0.11138999654478578,0.04839404159950082,95,124,2.933078616405785,2.3017295696570783,-29
29101,3,0.0037025340737119328,0.0014050529841532749,0.13004067211248685,0.06065445166577896,98,131,2.6351561937311465,2.143959240272143,-33
29103,3,0.0055039338162878836,0.0024507427640760044,0.1544195174916648,0.07792945299930289,99,121,2.2458227346283786,1.9815295956593735,-22
29105,3,0.004180500118851476,0.0017163578840165645,0.1391942423812031,0.06810765924301644,100,130,2.4356809018573715,2.0437384565595047,-30
29107,3,0.002866130887984598,9.817671656383348e-4,0.10896624830920519,0.04657188353812539,97,125,2.919359078505207,2.3397432105145923,-28
29109,3,0.004998240461656674,0.0021952407429509896,0.15252177293341251,0.07815413205820695,99,127,2.276852995602525,1.951550979029729,-28
29111,3,0.002464829414117021,6.350317957759599e-4,0.09164005315777936,0.031028753364729697,88,102,3.88142677345028,2.953391394123696,-14
29113,3,0.004164493300540087,0.0017975463631779546,0.1409793422508518,0.07203623806810998,101,132,2.3167654453026243,1.9570614184149424,-31
29115,3,0.003744387292697118,0.0014581248982187397,0.1293435183766543,0.05995344513339509,101,130,2.5679468866290533,2.1573992635263552,-29
29117,3,0.0028090341512319503,8.955000162175548e-4,0.1057325917330453,0.04259092173124044,95,122,3.136833166231364,2.482514757493272,-27
29119,3,0.00795225676474137,0.004268665915299159,0.1880761524335453,0.11215173562624409,92,111,1.8629372554642885,1.6769794188502467,-19
29121,3,0.003153442683131572,0.0010270092158653047,0.1142314748640154,0.04656621610672752,96,126,3.070510599532103,2.453097640620023,-30
29123,3,0.004570648825082174,0.0019874583113870595,0.1470772679652265,0.07536275182941773,99,130,2.2997457601474367,1.9515909968114395,-31
29125,3,0.0049518689841904695,0.0020890795373076196,0.15171711248947134,0.07581642822334071,98,127,2.370359239922659,2.001111316435822,-29
29127,3,0.003630864498924419,0.0013564596544593799,0.1281606153887771,0.05868983258246674,99,131,2.676721336302117,2.1836936612264997,-32
29129,3,0.004678267316260244,0.0019500056525649995,0.1361590961563326,0.06235164587913255,105,122,2.3991044898288076,2.1837289815937555,-17
29131,3,0.0035244551306621848,0.0012419975593305048,0.12484290291386711,0.05509738054818444,96,129,2.8377311244975654,2.2658591328981235,-33
29133,3,0.0031101948753007327,0.0011170387037974798,0.11195940498447687,0.046791279353272076,104,128,2.7843214964059237,2.3927408382914335,-24
29135,3,0.005622309987709437,0.0025853763723806345,0.16064761461921,0.0848592170666131,98,123,2.174658222985294,1.8931074333752602,-25
29137,3,0.004488151224503783,0.0018089704880680695,0.1406001667253976,0.0663033704649662,100,126,2.481052761284682,2.1205583628616407,-26
29139,3,0.0046473889950168846,0.0019992490203278846,0.14446322421395877,0.07130668086317579,102,127,2.3245673489211938,2.025942344605223,-25
29141,3,0.007370900970829127,0.0036969592537839393,0.17945561757388676,0.1009791929956289,93,113,1.9937739273931157,1.777154404290544,-20
29143,3,0.0034224754145728065,0.0012399474955812448,0.12074041333652807,0.052243607619082866,101,129,2.7601776904016955,2.3111040534732443,-28
29145,3,0.004423343024145003,0.0018896231658170946,0.14399452200792842,0.07245548678110458,100,130,2.3408598625177732,1.9873515230523613,-30
29147,3,0.0030263108387515746,0.0010318024849423548,0.11054578640267917,0.04518769734726187,101,127,2.933033097822642,2.446369098056678,-26
29149,3,0.004901724993479199,0.0021611491846962546,0.14827145617195894,0.0748215025230516,101,125,2.268110423930834,1.9816690546447968,-24
29151,3,0.0035265734932229697,0.0013435112605102697,0.12451302975258938,0.05654629141493232,101,130,2.624893141486262,2.201966329479017,-29
29153,3,0.002435077895312398,6.874201155175849e-4,0.09250228764721781,0.03281611791145772,93,114,3.5423430888095773,2.818806535763961,-21
29155,3,0.005650232628993846,0.0026145325353071447,0.15931093766044868,0.08365558247172022,99,122,2.1610871361101958,1.904367084101097,-23
29157,3,0.0035076767995165913,0.0013229279615023547,0.12335931771921323,0.05535997955530909,101,129,2.65144958878424,2.22831219791126,-28
29159,3,0.004424055824443736,0.0018799285153592595,0.14334861048605563,0.07154292308130675,100,129,2.353310664899557,2.003672820624669,-29
29161,3,0.0032909706677164935,0.0011173014145220547,0.1190899106712746,0.051180742239109525,96,127,2.945463618807163,2.326850011570809,-31
29163,3,0.0039259514270224075,0.0015328964388069345,0.13257840295233927,0.061770676216013724,100,129,2.5611328512694613,2.146300009549985,-29
29165,3,0.0035294977322167472,0.0013103506046379047,0.12691841989059646,0.058746579092566496,97,131,2.693552183457091,2.1604393285711523,-34
29167,3,0.004731070053400579,0.0020895587611948594,0.14757480944742232,0.07529664468724864,101,127,2.2641478867506173,1.9599121589067814,-26
29169,3,0.004469440997477196,0.0018856282139652597,0.14627255511178153,0.07373748463952269,99,131,2.370266293416598,1.983693311846179,-32
29171,3,0.004073338320811958,0.0013979609930139098,0.1302366984630532,0.05354920927388201,98,125,2.9137710860087123,2.432093773727759,-27
29173,3,0.002993972861898626,0.0010662691822433449,0.11139472154074544,0.04781425180831707,100,128,2.807895896981236,2.329738881773506,-28
29175,3,0.002660757659896986,8.000075607500998e-4,0.1010234158502381,0.03943528698500686,91,114,3.3259156418499565,2.561751760260976,-23
29177,3,0.003923193651928935,0.0015625332598112245,0.13472652942612562,0.06466680460549584,99,131,2.510790491847137,2.0833954955410863,-32
29179,3,0.0030835660845482254,0.0010111457728053097,0.1116125684173279,0.04499694530670664,98,126,3.0495762010587453,2.480447676093524,-28
29181,3,0.003224233869669051,0.0011451742989422849,0.11779965519195983,0.051551153206711935,98,129,2.8154961848576625,2.2851022307804043,-31
29183,3,0.0029751406374246767,0.0010261564613344798,0.11284132357527406,0.04940855917703493,95,126,2.8993050762995853,2.2838416147889338,-31
29185,3,0.004094666319278445,0.0015769238737647396,0.1340421913953827,0.061121815564218966,100,128,2.596616353776711,2.193033537339027,-28
29186,3,0.0033528956656629174,0.0012277067028352749,0.12177298628863595,0.054960722790058106,98,130,2.731023344516826,2.215636551101973,-32
29187,3,0.0035053651122199637,0.0012902754067559397,0.12580921482853374,0.05752754727821532,97,130,2.716757285976091,2.1869386195120386,-33
29189,3,0.002421059291125854,6.613607991698549e-4,0.0917168504102245,0.033221416369015745,86,88,3.6607239107077194,2.7607748384793447,-2
29195,3,0.002935281204287655,9.930358999471348e-4,0.10831141665677325,0.043902227764389554,101,127,2.955866151912451,2.467105251197024,-26
29197,3,0.005744977287508424,0.0025875530708931844,0.1601329085978801,0.0825163586948419,97,121,2.2202355391788524,1.9406201525454614,-24
29199,3,0.007498575518926622,0.003847500087467854,0.17759916193084058,0.10036174518327845,94,111,1.9489474589880105,1.7695902119528992,-17
29201,3,0.002984532814451405,9.766422815615798e-4,0.11075197695595168,0.045748707676388244,95,124,3.055911945240948,2.420876623212525,-29
29203,3,0.007302579617295873,0.003644501684931039,0.18014701262665983,0.10143578454723169,92,114,2.003725131336865,1.7759710089566836,-22
29205,3,0.004180420363265771,0.0017019372935109145,0.13462179463883706,0.06283023978321356,104,127,2.456271672995667,2.1426274211801455,-23
29207,3,0.004134957108209862,0.0016753350751798496,0.13661611916312244,0.06507394580651894,101,129,2.468137371126172,2.0993981150200454,-28
29209,3,0.0026664136600833607,7.650876348702698e-4,0.09980960151721241,0.037740372527861756,90,110,3.4851088144111553,2.644637422259893,-20
29211,3,0.003367171858173441,0.0011357689658287498,0.11750411906963681,0.04766160898004498,100,127,2.9646626730256513,2.465382969316743,-27
29213,3,0.0029225194038697837,8.913850175755148e-4,0.10849878408134736,0.04350174314192005,92,118,3.278627468766266,2.494124976265457,-26
29215,3,0.003643410425793072,0.0013620488920975198,0.12532785576899755,0.055842357285114684,100,128,2.6749483421129727,2.2443152807663598,-28
29217,3,0.005684049715599264,0.0025732877634533895,0.15828201780565515,0.08134809718860794,98,121,2.2088667254109144,1.9457371871732128,-23
29219,3,0.004309422077504446,0.0018388077637722746,0.14341333840413437,0.07285896530447811,99,131,2.3435957593869188,1.968369133500717,-32
29221,3,0.003967892374773341,0.0016100764968058495,0.1353969525096398,0.06545441918806741,100,131,2.464412332361254,2.068568542646593,-31
29223,3,0.006202039936033529,0.0028023342906725044,0.1666438958116322,0.08704704226587458,94,119,2.2131691985059936,1.9144119257106833,-25
29225,3,0.005159182967235489,0.0024049584990234094,0.15608813464185745,0.0839164417612472,99,126,2.1452274412762207,1.8600423393302086,-27
29227,3,0.0033035925170728122,0.0012028633849534799,0.11401384301053122,0.046826726514219555,107,128,2.7464403342866546,2.4348027611092866,-21
29229,3,0.004551880169518462,0.0019437064109796946,0.14358714174107026,0.07118342253784282,101,127,2.341855819276821,2.0171429895034323,-26
29510,3,0.0022693089993889473,5.317032658038349e-4,0.07854416196015823,0.021243351526518427,78,13,4.2679989861604115,3.697352645231627,65
30001,5,0.010284801092574774,0.0028356388506285547,0.20237636817137142,0.07008872170588161,81,103,3.62697848151397,2.8874312905950554,-22
30003,5,0.01994057899351821,0.010342053322965594,0.276408179053803,0.16612078014820017,66,82,1.928106379923424,1.6638988741036065,-16
30005,5,0.01672072120021108,0.007505270936140619,0.2516337202988259,0.13147420680018865,71,87,2.2278637696734847,1.9139398245714676,-16
30007,5,0.006999805878189794,0.0015894086243867646,0.1714162235321013,0.052807455345233435,86,116,4.404031644719748,3.2460610421663474,-30
30009,5,0.007145687878859096,0.0014739157850978896,0.1686070112366705,0.0456361481911098,86,112,4.848097802537963,3.694593385283032,-26
30011,5,0.019067875124644015,0.007528606355420899,0.24639849929784582,0.10819937032341961,68,77,2.532723086380307,2.2772637082945497,-9
30013,5,0.007117058318909021,0.0012688520538274898,0.17345564189104445,0.048972070573728564,82,119,5.609052921056027,3.5419299175823706,-37
30015,5,0.01565810919044149,0.0063036708224034135,0.23939424164431167,0.11146294148488456,73,88,2.483966823710425,2.147747389896182,-15
30017,5,0.010771646315431859,0.003360395117256444,0.2149924885090501,0.08772939880482182,79,107,3.2054701722773142,2.4506321875903883,-28
30019,5,0.010705167438193955,0.0028329686168577146,0.19823946600807432,0.06163781977872865,81,98,3.7787808076984497,3.2161985404371363,-17
30021,5,0.006746253473169462,0.0013327444364664848,0.16553900597712656,0.04469128616546402,86,115,5.0619258190683984,3.7040555370064454,-29
30023,5,0.005224389823868825,5.004661902488599e-4,0.13247268293618797,0.017827424116575296,83,1,10.439046484380823,7.430837010996987,82
30025,5,0.011999627699379,0.004421707898567134,0.2186216612821136,0.09612345102538265,79,98,2.7137992772583437,2.274384231423232,-19
30027,5,0.013185895456576282,0.004705204417795559,0.2247144782228622,0.09540500559442455,76,94,2.8024065026178016,2.355374089889414,-18
30029,5,0.007343634559419718,0.0014877228042919695,0.17849548610851132,0.05517769214686111,82,119,4.936157823375349,3.2349212002819403,-37
30031,5,0.006369179178962493,0.0011730427580370648,0.16430418140365138,0.046727109757070937,84,120,5.429622352061991,3.516249608799915,-36
30033,5,0.020416255203828018,0.009693828942274548,0.25803814237997236,0.13625733151579872,67,76,2.1061084660565066,1.8937560240569766,-9
30035,5,0.0148930404581004,0.006260223722705553,0.24778588234589088,0.12685034034278966,72,94,2.3789949237890657,1.9533718370506157,-22
30037,5,0.015505187875031811,0.005683291365543724,0.23149422122975635,0.09657737552775664,73,86,2.728205695916915,2.3969819014519005,-13
30039,5,0.009636352763687368,0.0025891544576569195,0.19304200719602171,0.063297004786533,83,103,3.7218145619662564,3.049781073323285,-20
30041,5,0.008606453076456647,0.0024123599281358644,0.19344580699980538,0.07152200068149495,83,113,3.567648830540486,2.7047035199877465,-30
30043,5,0.007684233938694058,0.0019487091845126197,0.18545269616771934,0.06633629057220397,83,119,3.9432430450703277,2.7956446549549328,-36
30045,5,0.013682064194777502,0.005014029813946239,0.21810521019817822,0.08913133774262309,77,89,2.7287560510154165,2.447009275547753,-12
30047,5,0.007811287518424455,0.0018321891037684495,0.18480220915410062,0.062289968801101527,83,117,4.263363155232278,2.966805293227769,-34
30049,5,0.006267990983261027,9.384244416654048e-4,0.16007803157014341,0.04017929239377693,83,117,6.679270812828934,3.9840928506480293,-34
30051,5,0.017430388391182664,0.007285191296679588,0.2455751320287999,0.116502191384048,71,83,2.3925779957386992,2.1079013974875767,-12
30053,5,0.006619513603402188,0.0011486208092900848,0.16117022513109733,0.03907292497072542,85,114,5.763010342371768,4.1248569246313345,-29
30055,5,0.014679503534264187,0.0053769206648595245,0.22576322123456938,0.09352532682901489,75,87,2.7300948719963487,2.4139260336113533,-12
30057,5,0.009431387183194894,0.0024934310248485945,0.19182409324030172,0.06243633978905699,83,104,3.782493716170707,3.072314839216794,-21
30059,5,0.008750694114455369,0.0023192329918904795,0.18024028239893697,0.05523419912714147,87,103,3.773098323908545,3.263200793118206,-16
30061,5,0.007843235032440167,0.0016990240935972547,0.1788653284999528,0.05245364997103059,84,112,4.616317721448021,3.4099691556019,-28
30063,5,0.005899756432477342,8.087831406998597e-4,0.1522004355320753,0.03466470570553904,83,114,7.2946085737792945,4.390645540883831,-31
30065,5,0.008929162461964863,0.0022699575724387596,0.18912499091215823,0.06113130476093861,83,107,3.933625267000782,3.0937502749492176,-24
30067,5,0.006391224949848431,0.0010345811770022047,0.1586487289204787,0.03770276249216765,85,115,6.1775963954492195,4.2078807608178925,-30
30069,5,0.015009578787863652,0.005924240292307463,0.22232154174546734,0.09584976939443061,75,85,2.53358710100827,2.319479151072276,-10
30071,5,0.01340728122625421,0.0049314536165393896,0.22208369607127393,0.09447745346888257,77,92,2.7187280402046383,2.3506528586147826,-15
30073,5,0.013942110206577398,0.0055574354404907544,0.231529818135544,0.10827633020011111,76,93,2.508730934595657,2.1383234702140506,-17
30075,5,0.013221132406779985,0.005168183742705234,0.21694442788047347,0.09440487121606066,79,91,2.558177701294249,2.298021543654897,-12
30077,5,0.00985963408841697,0.0028611946679339994,0.20016616061205766,0.07314310897349109,81,105,3.4459850631332185,2.736637304884086,-24
30079,5,0.0150806188763446,0.006137029874890513,0.2325983927795205,0.10814112292572729,74,88,2.457315539239353,2.1508782828089554,-14
30081,5,0.006480547428034664,0.0011600263989801998,0.16508295120749228,0.046075464980790605,84,119,5.586551679971965,3.582881936759993,-35
30083,5,0.009942202617438833,0.0026967316144884145,0.20369496069876925,0.0732806160119505,80,107,3.686760137354242,2.779656773976231,-27
30085,5,0.013266086963883929,0.004837072303810209,0.2378058258135027,0.11033939059270598,75,101,2.7425860377224676,2.1552214901323095,-26
30087,5,0.012922580764788328,0.004782438126711614,0.23521711898773323,0.11039017935597487,75,101,2.702090528387838,2.1307793896160754,-26
30089,5,0.007986407768612716,0.0016176531154166796,0.17966271786814614,0.0503949137853571,83,111,4.937033590514586,3.565096244302922,-28
30091,5,0.010936198235413204,0.003504908002654274,0.20641899252424598,0.07886840877971539,81,100,3.120252579277744,2.6172582370818165,-19
30093,5,0.006155611267714589,7.107975732972699e-4,0.15351537151363062,0.03145354967945307,82,109,8.660146712600254,4.8807010044374755,-27
30095,5,0.009147685666955181,0.0025494414571216794,0.19706940996129402,0.07207679319585393,82,110,3.588113640108027,2.7341589605103302,-28
30097,5,0.009830092070444657,0.003111538220180354,0.20205485302240495,0.07912618668987781,83,106,3.159238734941484,2.5535775382974792,-23
30099,5,0.014900722084137057,0.006128123458022178,0.23632797108040082,0.11258155176855299,74,90,2.4315309876192,2.099171377263015,-16
30101,5,0.012148607270587905,0.004030671825057409,0.22190574431473398,0.091682387135347,77,100,3.01404028853549,2.420374853319902,-23
30103,5,0.018481034743242142,0.008374911352111334,0.2482533317806825,0.12563878294577013,69,80,2.206714073287836,1.975929135574617,-11
30105,5,0.010459715142558123,0.003139080519228349,0.20424967471468047,0.07539937940093727,81,102,3.332095203830368,2.7089039238450483,-21
30107,5,0.012798740647776146,0.004879035258851764,0.221049784054894,0.09712674657212132,79,95,2.6232113458405735,2.2758899258584124,-16
30109,5,0.015855253540948584,0.006348282889489073,0.24414320597977554,0.11560438761741722,72,88,2.4975656909052235,2.111885292691022,-16
30111,5,0.00710059217820552,0.0012659636896431797,0.17693569461737113,0.053596737131744066,81,124,5.6088434733913015,3.3012400397145885,-43
31001,3,0.0043036920535638006,0.0017399092577672845,0.13853822856250508,0.06556096052293374,101,128,2.473515233252139,2.113120788003759,-27
31003,3,0.007242054014993637,0.0035782836253955043,0.16972507107456136,0.09119367470204591,96,111,2.0238904383084444,1.8611495986876119,-15
31005,3,0.011249198291585992,0.006638533672444168,0.20098813471452032,0.1256355336557171,86,95,1.6945305765759977,1.5997714091404605,-9
31007,3,0.00770216026068644,0.004089141886949274,0.16785591906808386,0.0945266971411236,96,106,1.8835639539112883,1.775751445303155,-10
31009,3,0.0060514000947377135,0.0025906377506671697,0.1455064323503043,0.06594619202678424,101,111,2.3358727375833577,2.2064417652986914,-10
31011,3,0.00456604731089097,0.0019996093126265248,0.13542190593805056,0.06480854616496468,107,123,2.283469716838526,2.0895686441313703,-16
31013,3,0.004651571128667549,0.0019306963148202697,0.14502537918227246,0.07035845124168823,100,127,2.4092712525328293,2.0612360935020577,-27
31015,3,0.003252750590459451,0.0011716639261577049,0.11220633139320776,0.045705218414615056,107,127,2.77618053935172,2.455000441641644,-20
31017,3,0.0037247614850098136,0.0013914778806745698,0.11904604805404634,0.04882231928153174,109,125,2.6768384440319664,2.4383529870339133,-16
31019,3,0.0032864987811242964,0.0011753110177043949,0.11869540622038381,0.05167944476008698,99,129,2.7962800753314228,2.2967624124331643,-30
31021,3,0.004146934705193148,0.0016762792389095746,0.13340889978053425,0.061707236641820616,104,127,2.4738925406549472,2.161965225487338,-23
31023,3,0.004396580614068096,0.0018241684103034997,0.13805788555186865,0.06562531659203318,102,126,2.410183505664702,2.1037290594744147,-24
31025,3,0.004296127378345759,0.0018402649123731147,0.14169592651163213,0.07142113466930244,101,130,2.33451572621992,1.9839495293335703,-29
31027,3,0.007213099245071999,0.003727161773628849,0.17373617294469684,0.09809304392111955,97,113,1.935279358172093,1.7711365250772002,-16
31029,3,0.005668886847157485,0.0026776657216425947,0.15333694891796007,0.07936348885469044,102,119,2.1171002792984734,1.9320842761677273,-17
31031,3,0.004800652672220555,0.0021133690562893746,0.1404833576251983,0.0681964965119838,104,122,2.271563813208034,2.059979101719865,-18
31033,3,0.004136706177142331,0.0015628353312538746,0.1331419155995666,0.058876637942494155,101,127,2.646923891734275,2.2613708977338116,-26
31035,3,0.0064531780688380615,0.0032287086245361843,0.16482358881916612,0.09051042622366401,99,116,1.998687035366991,1.8210453281024643,-17
31037,3,0.01145616900583569,0.007033341621052548,0.21487456564438637,0.14213482923120527,84,97,1.6288372758042229,1.5117657424758162,-13
31039,3,0.00505378465672049,0.0022506676778122946,0.14769344699966871,0.07380788589688857,102,123,2.2454601834567134,2.001052397111063,-21
31041,3,0.005733769054360409,0.0026564034099021494,0.15327621766274707,0.07798394183520964,101,118,2.158470747698527,1.9654843555695087,-17
31043,3,0.011192357635093998,0.0066913013427900335,0.21672118673006976,0.14170390350419487,83,99,1.6726727824257852,1.5293946134917458,-16
31045,3,0.002957059297146141,9.956759325459648e-4,0.10775186636762117,0.042964752369807,102,127,2.9699013509193466,2.5079131246975974,-25
31047,3,0.008239660285706437,0.0044851066501957896,0.18876203989345533,0.11306935247420155,92,109,1.8371157986503508,1.669435932575312,-17
31049,3,0.002910085209659172,0.0010329517198847398,0.1061369041331448,0.0431505263781871,106,128,2.8172519137524543,2.4596896733755202,-22
31051,3,0.005140934046093278,0.0022556645721013647,0.15110878575612915,0.07575064923367693,100,124,2.2791216875406315,1.994818358453749,-24
31053,3,0.003947546637075884,0.0015261947651766595,0.1336799089618785,0.062277083072554855,99,130,2.586528749244497,2.1465345254872807,-31
31055,3,0.0041516435345279115,0.0016143328537157895,0.13980162289540296,0.06686532302811776,97,131,2.571739480474469,2.0907941002036963,-34
31057,3,0.005287540305422809,0.0022646951619855445,0.14789094108340842,0.07047237057610833,102,120,2.3347691089634424,2.098566287389042,-18
31059,3,0.003948329392528879,0.0016017351646498846,0.1284542196540148,0.05864418459777033,106,127,2.465032596941158,2.190399960968997,-21
31061,3,0.005113521713900372,0.0022749022625962196,0.14287881814850809,0.06942439201138886,104,120,2.2477984210471504,2.05804925342478,-16
31063,3,0.007065100137421688,0.0033851191565361692,0.16893921410372656,0.08907867980511315,95,111,2.0871053013835614,1.8965168149475582,-16
31065,3,0.005115903476453388,0.0023081906402748396,0.14634406938122327,0.07307901874802145,103,122,2.2164128851350986,2.0025456264789465,-19
31067,3,0.003070332430167606,0.0010049572650716247,0.11186566938502479,0.045141184472791515,98,126,3.055187058077319,2.478128801703263,-28
31069,3,0.004473524092358017,0.0018557983840532645,0.13394534640362618,0.061103376446613664,106,123,2.4105657871020214,2.192110390506078,-17
31071,3,0.0031161902052232945,0.0012100482019461248,0.10942089686027913,0.04690504080835159,111,129,2.5752612170420277,2.3328174322960273,-18
31073,3,0.006445326681205144,0.003140160546705024,0.15956460215380883,0.0842522653755267,99,113,2.0525468635570996,1.8938909410044016,-14
31075,3,0.008430527920946592,0.004394003021312214,0.18034288183452862,0.1014534233517182,92,105,1.9186440883303992,1.7775928684960867,-13
31077,3,0.005912089354834788,0.0027236893849429096,0.1544236596502172,0.07782909531324003,101,116,2.170618054877322,1.984137924624535,-15
31079,3,0.00440674614769469,0.0018548937308824195,0.14379832932519754,0.07169130817653867,100,130,2.375740493552852,2.005798652342855,-30
31081,3,0.005982231851628656,0.002966909963424004,0.16301444302653778,0.08991223261798893,100,120,2.0163172881474223,1.8130396530040467,-20
31083,3,0.0070770351839462954,0.0034071775576131292,0.1706951226205548,0.09075645683599216,95,112,2.0770960903205924,1.8808041716417094,-17
31085,3,0.01050880604632013,0.0058012354078236595,0.1933159535890884,0.11377653268418292,86,96,1.8114772643336883,1.699084591773317,-10
31087,3,0.0072915662993945,0.003548796961523319,0.1734993297341028,0.09335903738198732,94,111,2.054658628952556,1.8584095830402994,-17
31089,3,0.00534230022718048,0.0024334014967958995,0.1489739173312017,0.07479182624260947,103,120,2.195404348281521,1.991847569652339,-17
31091,3,0.008703219131057384,0.004193204377460729,0.18367241998195558,0.09703953703713725,90,104,2.0755532875618563,1.8927586176721323,-14
31093,3,0.00468977983672827,0.0020696339070484346,0.14353169610852598,0.07158809232285451,103,125,2.2659948799430434,2.004966069792915,-22
31095,3,0.003970632653081342,0.0015678730269042995,0.12734477172364622,0.056431443280418464,106,126,2.532496308659121,2.2566279421712836,-20
31097,3,0.0016929879777123362,5.099518746521349e-4,0.06421883863396576,0.019602231048440628,75,5,3.3198975469346252,3.276098443859247,70
31099,3,0.007154537258211814,0.003637315695299804,0.174305379287497,0.09774126599932172,95,113,1.9669827580424262,1.7833345773187204,-18
31101,3,0.0029468600007235488,9.547670152043198e-4,0.10585723635663666,0.040183444345805175,102,126,3.086470263211724,2.634349495918393,-24
31103,3,0.009464067981981628,0.0052008265475729995,0.18606755183727672,0.10902812715635991,90,100,1.8197238257057617,1.706601376087408,-10
31105,3,0.003204985298184651,0.0010437693314039398,0.11512765151597097,0.04639841435434371,98,127,3.070587726383693,2.4812841800313157,-29
31107,3,0.006817237640028505,0.003347050264295364,0.1669628243932817,0.08979722880297486,97,113,2.036789740731217,1.859331592065238,-16
31109,3,0.003502355716083154,0.0012358337736693347,0.1248408409404617,0.05534603935435747,96,129,2.834002266894075,2.2556418200254256,-33
31111,3,0.0034710368265778394,0.0012670582090834098,0.12258659658950695,0.05379618185135816,101,129,2.739445434861898,2.2787229942864817,-28
31113,3,0.010302506636440764,0.005959595793126963,0.1994058924525877,0.12393124484709465,87,99,1.728725738131831,1.6090041917888667,-12
31115,3,0.006704917361904844,0.0031081441895118643,0.16006985352692527,0.08029874305896682,98,111,2.1572092390468716,1.9934291301344416,-13
31117,3,0.006314303445132042,0.002948034921618904,0.15441775633598873,0.07763503521227622,99,112,2.14186860502472,1.9890215276359027,-13
31119,3,0.0036209089968263198,0.0012809882964609947,0.1254664476954143,0.05429256118669901,98,128,2.8266526765543905,2.3109325652176453,-30
31121,3,0.004037418063723085,0.0016090553540743947,0.13068387506011406,0.059467743764081316,104,127,2.5091853139170595,2.1975589922926835,-23
31123,3,0.004357470974919312,0.0018300210543621795,0.135079950570958,0.06320980100466056,106,126,2.3811042854028965,2.137009584336428,-20
31125,3,0.004284253879576686,0.0018359828749596246,0.1324343994879639,0.06254127751332669,107,125,2.333493377312085,2.117551875395317,-18
31127,3,0.003331832630051194,0.0011411056659770898,0.11712674404981309,0.048152990666890896,100,127,2.9198283116036055,2.4323877380755765,-27
31129,3,0.0034206180389955445,0.0012813011999823398,0.11581863645122988,0.048587202325756286,108,127,2.6696439830405927,2.3837272143128505,-19
31131,3,0.0036595497829388294,0.0013592631188937398,0.12620188607810948,0.05611817844710466,100,129,2.6923041845770217,2.248859274665582,-29
31133,3,0.005790568852600957,0.0026091674998999547,0.15639426017466757,0.07886685504841157,99,118,2.219316641351308,1.9830163137437982,-19
31135,3,0.005702627474310452,0.0026849971461302548,0.15220693050300504,0.07804873621344444,102,118,2.1238858605601685,1.9501524033234294,-16
31137,3,0.005281554171059466,0.0023464124325419146,0.15264349002880154,0.0768669335867051,100,123,2.250906148386648,1.9858147438211682,-23
31139,3,0.004183301507693617,0.0017797382736997496,0.13357360959008785,0.06382977536997901,106,127,2.3505149996000814,2.0926536058735903,-21
31141,3,0.00480649182818668,0.0021149092383763797,0.1475603856051433,0.07441432184884285,101,126,2.272670496194264,1.9829568010427001,-25
31143,3,0.005370341361246586,0.0025006065963197044,0.1496865713043008,0.07648162960538274,103,120,2.1476154502473306,1.9571571902511598,-17
31145,3,0.0017485639843094905,5.024801604369399e-4,0.0672629228817079,0.019801245669438472,79,3,3.4798667131235548,3.3969036092270937,76
31147,3,0.0028925314839452817,9.532542623694297e-4,0.10540390863047908,0.040643441909903745,103,126,3.0343756100870105,2.593380473635401,-23
31149,3,0.0055641426744449584,0.0025790513778368796,0.14563970658088668,0.07218295473378362,104,117,2.157437700644706,2.0176467854220888,-13
31151,3,0.006109218445396228,0.003081322694435349,0.1693009320211072,0.09611116367020255,98,122,1.9826610359340306,1.7615116242068323,-24
31153,3,0.004126470651901452,0.0017540047538947097,0.14053322324717676,0.07112619096212502,100,132,2.3525994685811202,1.9758294567188515,-32
31155,3,0.004749799726170422,0.0021202864108524847,0.14868239924155752,0.07666474316371641,101,128,2.2401689233393296,1.939384299821477,-27
31157,3,0.004123420587091153,0.0016285101785064946,0.13607328464615578,0.06369879045505505,100,129,2.53202015038846,2.136198877153988,-29
31159,3,0.00420058015552079,0.0017606663170598095,0.13847711341343263,0.06798121916530853,101,129,2.3857900357493445,2.036990732347719,-28
31161,3,0.004581769389924694,0.0019724255782749794,0.1375232025828859,0.06561707580002096,105,124,2.322911160953289,2.095844731057673,-19
31163,3,0.0034489215838916965,0.0012724796314693748,0.11609072141515452,0.04806315532969686,107,127,2.710394334492499,2.4153786953605465,-20
31165,3,0.009916541549791586,0.005560630068858674,0.1913289563111339,0.11442791696833479,89,99,1.7833485462964753,1.672047882896266,-10
31167,3,0.003335377805390562,0.0012491649290477399,0.11847252063289886,0.05222981592811558,102,129,2.670086013328263,2.268292899901347,-27
31169,3,0.005795209114155359,0.0026889032797031095,0.15276058171858992,0.07732816520087493,101,117,2.1552315242797526,1.9754843700450493,-16
31171,3,0.0030621154062867736,0.0011313362762183999,0.10393089174398455,0.04123810341761507,114,127,2.7066359230715986,2.520263618612245,-13
31173,3,0.015862145992608923,0.010509735761060868,0.24422740148279212,0.17357807350960144,74,85,1.5092811420986454,1.4070175831815688,-11
31175,3,0.0053425450001529755,0.0023573299390130345,0.14843196997286282,0.07279534310316683,101,120,2.266354366325907,2.0390311199234605,-19
31177,3,0.003051995700087922,0.0010895979650151148,0.11365104959932876,0.04951878238251228,99,128,2.801029185150493,2.2951099387182223,-29
31179,3,0.0036148970895488767,0.0013336300730120297,0.12446936902136527,0.05460865436625881,101,129,2.7105695670048595,2.279297493517282,-28
31181,3,0.005123991173908304,0.0023086986153348444,0.14614995307313622,0.07272908770345989,103,121,2.2194283566827284,2.009511705537089,-18
31183,3,0.0063593652886855005,0.0028384953775125246,0.1510837720685771,0.07181820403908509,100,111,2.2404000862803732,2.1036974411996416,-11
31185,3,0.004835296081039018,0.0020930450098052495,0.14488943969913454,0.07102626078093992,102,124,2.3101730055432133,2.0399418201952706,-22
32001,5,0.008395974072345474,0.0019647305554319895,0.19315761103169132,0.0666432516096925,81,118,4.273346311601203,2.898382152223778,-37
32003,5,0.008954570833971099,0.0022879645198961344,0.20730744165234044,0.08275158977270397,78,127,3.9137717198418818,2.5051777521345198,-49
32005,5,0.005268882183586999,6.492883102842649e-4,0.14097792234600143,0.03020379680529892,83,104,8.114857606600417,4.667556309386521,-21
32007,5,0.008172523511769251,0.0020897010085989894,0.19634204136669162,0.07522172260443093,81,124,3.910857810825485,2.6101774137664604,-43
32009,5,0.010120198730084637,0.0023026894553732948,0.19518125644527032,0.05520612902430946,81,101,4.394947267626249,3.5354997695876165,-20
32011,5,0.01216376304534327,0.0048935391552837795,0.22290795116063963,0.10745935829891805,78,99,2.4856780868320008,2.07434656868674,-21
32013,5,0.010093767753859848,0.003117799388144289,0.2109901842664628,0.08592725868752947,80,110,3.237465435474233,2.4554511279560183,-30
32015,5,0.006751447691157812,0.0012624174147891547,0.1725783333793907,0.05317860155828839,82,123,5.348031175794117,3.24525896361208,-41
32017,5,0.008566499507888547,0.0020414880715475896,0.19469174358110905,0.06840202603547454,80,117,4.196203557238787,2.846286212050771,-37
32019,5,0.007451872089178951,0.0016327580667762696,0.1864779497721505,0.06549190053420384,81,127,4.563978118259728,2.84734369061042,-46
32021,5,0.006839480390977844,8.179816958551598e-4,0.1665527190069255,0.039559429214408005,79,112,8.36141007266367,4.210190144661265,-33
32023,5,0.0062530394124459075,8.276910024439547e-4,0.15780792466786361,0.03755368514082067,81,113,7.554799307932936,4.202195445696145,-32
32027,5,0.009704092159538073,0.0029678930494848443,0.20683217906390972,0.08334353564052802,81,111,3.2696906518321045,2.4816823221419955,-30
32029,5,0.006381923617125674,6.524473872075899e-4,0.15681530987714717,0.032717018979581985,79,83,9.781514559265343,4.793080628006249,-4
32031,5,0.007813032398502038,0.0016253458119850146,0.19072385122543295,0.0666749097346578,79,129,4.806996973130339,2.860504078437382,-50
32033,5,0.007457489558488678,0.0013564498341043648,0.17918684397909532,0.05375103435712408,80,121,5.497799749750938,3.3336445730247823,-41
32510,5,0.0075908973003614355,0.0013902140718715598,0.18598168236456603,0.060129938679698146,79,128,5.460236271484633,3.0929963749881484,-49
33001,1,0.005197173865165743,6.135783347832499e-4,0.13889758800774038,0.029916197841698182,82,86,8.470269516608136,4.642889071088451,-4
33003,1,0.005253926839404941,5.928372277769799e-4,0.13785282087367573,0.0270474533971302,82,102,8.862342972464985,5.096702408527017,-20
33005,1,0.005530854100927883,7.402886967697348e-4,0.1468768161482631,0.03491102914702776,82,109,7.471212413564979,4.207175203277209,-27
33007,1,0.00511453125090349,5.725037381726648e-4,0.13519206322333707,0.025786422890042054,83,103,8.933620708273818,5.242761425259345,-20
33009,1,0.004975065085293054,5.695088991989799e-4,0.13370480146511943,0.026385278485953918,83,98,8.735710877021473,5.067401563955316,-15
33011,1,0.0057765996091153,8.972990113218448e-4,0.15565100373863427,0.043375516214263346,82,118,6.437764375339693,3.5884530565529253,-36
33013,1,0.0056112267096396305,8.510476451316248e-4,0.15181398934151727,0.040800806014498876,82,115,6.593316768736004,3.7208576048122435,-33
33015,1,0.005279544267362615,7.837630622502548e-4,0.1465617706778836,0.03892303201390429,83,110,6.736148361221011,3.765425330316714,-27
33017,1,0.005200377593388395,6.809669981371699e-4,0.14147314044547288,0.03307550559350726,82,102,7.636754215129912,4.277278242822813,-20
33019,1,0.0049534897383024905,5.666367986514999e-4,0.13352797077502754,0.026767038239552888,82,91,8.741913250411836,4.988522434944524,-9
34001,1,0.007250205536849793,0.0015726862287872246,0.18360398832352065,0.06566515842359144,81,130,4.6100775883570755,2.7960640426561048,-49
34003,1,0.006969241556053598,0.0016372288277422995,0.18237142311795485,0.06849698968669907,82,132,4.256730298148989,2.6624735474085837,-50
34005,1,0.006159486891154961,0.0011605825623546649,0.1662594673863758,0.05349413496660463,83,128,5.307237150503275,3.1079943154547394,-45
34007,1,0.006929456365083126,0.0014500398692304747,0.17931009992559316,0.06284925831277906,81,131,4.778804026099321,2.853018551678505,-50
34009,1,0.005161012672189418,6.088088860129449e-4,0.13806390409900954,0.02919342702512345,82,94,8.47722953912286,4.729280463721977,-12
34011,1,0.008636686671020983,0.0026224302002578097,0.20142155767650355,0.08534189683125569,81,121,3.293390485730341,2.3601720275185487,-40
34013,1,0.008613800251010975,0.0022668573393990346,0.20308974977559266,0.08266888640505393,79,128,3.7998863454259437,2.456664878495047,-49
34015,1,0.006493652990937986,0.0014497463003738198,0.17487442984823193,0.06306982705563526,83,132,4.4791650713394375,2.7727114218019246,-49
34017,1,0.008569434392248299,0.0019525875418908596,0.19981002103990161,0.07530451484704806,77,129,4.388758100929894,2.6533604451969213,-52
34019,1,0.005476644795555541,9.744941943202448e-4,0.1528856417710456,0.045039588925337055,84,122,5.619987094305633,3.394472405698172,-38
34021,1,0.007009249815862235,0.0014840298047979796,0.180434165560423,0.06352195240433264,81,131,4.723119302052294,2.840500940712838,-50
34023,1,0.008251923148069207,0.0024409230852782396,0.20093061834103182,0.08670907849963813,81,128,3.3806567678590227,2.3172962026331576,-47
34025,1,0.006254115497760735,0.0012034462065484098,0.16825531513057396,0.05511952259630892,82,129,5.196838432602726,3.052553926543645,-47
34027,1,0.006071382321502593,0.0011596961813810597,0.16576986631349575,0.054141956101610184,83,129,5.235321473829725,3.061763524066057,-46
34029,1,0.008664244254752356,0.0024617394205417994,0.20373705646262497,0.08603513630213531,79,126,3.519561892885259,2.3680680384714914,-47
34031,1,0.01081388167187182,0.004121102321880779,0.2271771889674301,0.11402055190603043,77,115,2.6240264927313444,1.9924231655592868,-38
34033,1,0.006548951818683919,0.0012459219442370747,0.16949920547734873,0.05295785644104006,82,124,5.256309874768352,3.200643244804639,-42
34035,1,0.006422312030236968,0.0013587059064919698,0.17231921951883977,0.05984196972341273,83,130,4.726785980358822,2.879571316173123,-47
34037,1,0.005705469106414279,0.0010480434874416647,0.15798828874862345,0.048686744855468256,84,124,5.4439240115328245,3.2449959268714386,-40
34039,1,0.009052629071504167,0.0029887987584997842,0.21042606573708392,0.09676926704603653,80,123,3.028851991375993,2.174513377650953,-43
34041,1,0.00613707615863452,0.0010867668248228499,0.1635140798911357,0.04948192507233905,83,124,5.647095603635953,3.3045213914391924,-41
35001,4,0.0034826495945890056,8.283734092748848e-4,0.11819010339826212,0.04066992972341408,88,114,4.204202543919821,2.906080836678184,-26
35003,4,0.0034629780457546954,9.812705059197198e-4,0.1125446895886223,0.03673230262061393,103,123,3.5290758510151434,3.063915996528433,-20
35005,4,0.006343386236084503,0.0027560922163963448,0.17134796003313815,0.08717889818026353,94,121,2.301587079832412,1.9654751735773794,-27
35006,4,0.009541036708711042,0.004769867089051689,0.20487071263867576,0.11712164970823463,85,107,2.0002730748222843,1.749213003309256,-22
35007,4,0.0034546151288361907,8.496014494115898e-4,0.11585052650176322,0.03844236365810406,91,120,4.066159646065529,3.0136161119567553,-29
35009,4,0.006154218774114156,0.0025246698663283595,0.1663696262473219,0.08032899558496197,94,120,2.4376330767809526,2.0711030311757965,-26
35011,4,0.0121095491111252,0.006127399665605513,0.21537758919973712,0.12025802879245602,82,96,1.9762949655624475,1.7909622447865046,-14
35013,4,0.005559393835958343,0.0021649205721489544,0.16181655198687261,0.07721046236636112,93,126,2.5679435575966414,2.095785299394509,-33
35015,4,0.005927488646141524,0.0024293724695609847,0.16819469317079086,0.0835258596509339,93,125,2.439925832868555,2.013684071899406,-32
35017,4,0.0026187729024094632,5.177815534674349e-4,0.08959854954555456,0.023206680067398937,83,9,5.057679024817108,3.8608947632894646,74
35019,4,0.0036502368927157996,9.837710263379147e-4,0.12214695453191413,0.04342594970039732,93,123,3.710453748880771,2.812764150804434,-30
35021,4,0.007241130133630158,0.0027621245189128497,0.1730621722021575,0.07726561170328204,90,112,2.6215799049060284,2.239834363400326,-22
35023,4,0.0064322758545621765,0.0026214747772767047,0.1676137344579371,0.0798976130257387,93,118,2.453685959643025,2.0978565955899207,-25
35025,4,0.006586606029812164,0.0029225603023037496,0.17785795731200874,0.09360480421772269,92,122,2.2537109070496095,1.9000943252689797,-30
35027,4,0.002381154779281333,5.175642212432949e-4,0.08483318596868922,0.02310598852744122,83,7,4.600694332311675,3.6714804851538516,76
35028,4,0.002411841165980836,5.475367205864499e-4,0.08438159110771024,0.02400538697731453,80,25,4.404893909941942,3.515110636935458,55
35029,4,0.005491032213012958,0.0020701579265952398,0.1577391734495322,0.0716690134567393,95,124,2.6524702016546065,2.2009396507843153,-29
35031,4,0.015084365439678801,0.008993705909731062,0.24765461450975912,0.16397586646289786,74,90,1.677213552575444,1.5103113638115455,-16
35033,4,0.0016267374545506504,4.999999999999999e-4,0.054838573581577475,0.011645020215850179,65,0,3.2534749091013015,4.7091866364419035,65
35035,4,0.005149262105022195,0.0017010081397134896,0.1550703036217138,0.06769312124581256,90,129,3.02718251888525,2.29078377193763,-39
35037,4,0.0023178292140592477,5.008576357888399e-4,0.08173795846939493,0.019447353502973306,83,2,4.627720630451639,4.203037624471525,81
35039,4,0.002817036849237224,6.270690148698648e-4,0.09932038095503025,0.03076639131741917,86,98,4.492387253134875,3.228210287333812,-12
35041,4,0.008150729751210502,0.0037966673820313992,0.18940712872986948,0.10113330176694961,90,112,2.146811645862291,1.8728462872332303,-22
35043,4,0.004812949086818658,0.0018131030442760446,0.15172965085600904,0.07166194768819599,94,130,2.654536983991676,2.117297334928585,-36
35045,4,0.008394383640171863,0.004037391767790054,0.1976078464064012,0.11079733682419962,87,114,2.079160042664548,1.7835071859167737,-27
35047,4,0.004604741475507602,0.0012948340013677498,0.14201493740608823,0.05450884806061856,90,126,3.5562407773070173,2.605355689192979,-36
35049,4,0.002920562347139842,5.827558678749099e-4,0.09868688096158325,0.028079445512408718,83,65,5.011639535763111,3.51455946371776,18
35051,4,0.002944885332351512,6.442692248380149e-4,0.10092202693755863,0.02820001614297543,93,117,4.570892444989792,3.5787932328080636,-24
35053,4,0.007149918554055392,0.002957404650050649,0.17984318360491866,0.08935996579032446,89,117,2.4176328234057998,2.0125699692735486,-28
35055,4,0.002448710384531123,5.163220533484949e-4,0.08216565871392817,0.019370260065493156,79,7,4.742602739221658,4.241845924428288,72
35057,4,0.005009817990506228,0.0018744444010296497,0.14869608255503577,0.06651401134475239,97,124,2.672694899754983,2.235560290963674,-27
35059,4,0.008171451218496528,0.003479020039493749,0.18099751874679915,0.08744033953323378,89,107,2.348779577505854,2.0699544365104705,-18
35061,4,0.005163377196221546,0.0018809838474189945,0.156274944498082,0.07190732577964144,93,128,2.745040688842975,2.173282663535332,-35
36001,1,0.005433892201866808,5.912763891090849e-4,0.1409884373935671,0.028586080899226384,81,76,9.190105172395624,4.932065990108585,5
36003,1,0.006644492575330251,0.0012509849871180198,0.16875032569240095,0.050835199865942204,83,121,5.311408724926129,3.3195566484918597,-38
36005,1,0.01302941359616573,0.004862694302978969,0.24376049062973434,0.12235229706170453,72,108,2.6794638495337226,1.9922837289013169,-36
36007,1,0.00633972950255252,9.155095966640398e-4,0.1617805114086624,0.0430138574401668,81,117,6.924809445639247,3.761125391595082,-36
36009,1,0.0071830067534065485,0.0015095970027637596,0.1786057547005368,0.059308355453694506,82,123,4.758228017315846,3.011477106964882,-41
36011,1,0.006623874967209069,0.0013286208371709697,0.16833239830720956,0.05136048065748212,84,120,4.985526932810474,3.2774692945301935,-36
36013,1,0.006495700949757001,0.0010768554767303848,0.16458331194553283,0.04557034621138469,82,120,6.032100955162201,3.6116318094685775,-38
36015,1,0.005863629057692429,7.648141181251348e-4,0.15267545730261356,0.037213881693745496,81,109,7.666737470885773,4.102647999987424,-28
36017,1,0.006674486342278,0.0013325805008067998,0.16979595982814183,0.052747224948739506,83,122,5.008692786842512,3.2190501015579858,-39
36019,1,0.00525745688574213,6.558250761866499e-4,0.1407056354984646,0.030858683134723192,83,104,8.016553615656258,4.559677251429373,-21
36021,1,0.005408780557153373,8.144923826390647e-4,0.1452649563675698,0.03489826646710185,85,115,6.6406766624731315,4.162526425331448,-30
36023,1,0.006553943921878582,0.0012689891546033298,0.17008435969378571,0.054091496282662355,82,125,5.1646965603321195,3.1443825995307493,-43
36025,1,0.006456330085852514,0.0011442360666837747,0.1626491558701686,0.0444866861975402,84,118,5.642480842754985,3.656131075889441,-34
36027,1,0.005906953265272525,9.569772625525998e-4,0.15780201033445482,0.044401239751630475,82,120,6.172511611735239,3.5540000958793074,-38
36029,1,0.005803790814005662,7.101261712953899e-4,0.150403724280221,0.035031196106337495,81,101,8.172900885230815,4.293422463328663,-20
36031,1,0.005747360711904397,8.552778986456798e-4,0.15045417529346744,0.036459228319669086,84,116,6.71987516689635,4.126641792149511,-32
36033,1,0.006889165067417882,0.0014542740301702647,0.17297752953901785,0.05510763839956405,84,121,4.737184962734504,3.1389029645005846,-37
36035,1,0.00543707995917259,7.471573576532048e-4,0.14659036390474328,0.03592941581720634,82,109,7.277021237199977,4.079954003441999,-27
36037,1,0.006232907265556634,0.0011083015281711348,0.16184055607345418,0.04619695664845611,83,120,5.623837112127666,3.5032731117984337,-37
36039,1,0.0062120165000488356,9.374725566792248e-4,0.15889535078450442,0.0414340487802514,82,117,6.626344905554822,3.8348979996431893,-35
36041,1,0.0051205658204755405,7.261078960226648e-4,0.13859448400059599,0.03050361378988097,85,114,7.0520729061397045,4.543543101328284,-29
36043,1,0.005754462894467162,8.633598142404798e-4,0.15171212499942235,0.03815347671337222,83,116,6.665196595384177,3.976364359640377,-33
36045,1,0.005981793769303385,0.0010175914736112299,0.15887341698828422,0.04526857787573627,83,121,5.8783843265462785,3.509573846662401,-38
36047,1,0.011772461430500461,0.004102484332383074,0.23351996090487695,0.11236278274507146,73,113,2.8695932700033024,2.0782678677039064,-40
36049,1,0.00804545224380731,0.0023904200626969196,0.18949887453036252,0.07446581542003677,85,117,3.365706458608898,2.544776733612097,-32
36051,1,0.005890650926564344,9.990491564883948e-4,0.15619226760442587,0.04288441397823687,84,120,5.896257344603215,3.6421686369246147,-36
36053,1,0.006017388195416829,0.0011303953994596847,0.15885644589892362,0.045697025274783955,85,120,5.3232596295889625,3.4762973069623873,-35
36055,1,0.005521607127672762,0.00066800410833615985,0.14533689617544493,0.03283393313184991,81,96,8.26582809711422,4.426423590247973,-15
36057,1,0.006700373006010662,0.0012639363420087447,0.16974847621112724,0.05128288323594245,83,122,5.30119499164168,3.310041586978406,-39
36059,1,0.009131993228687468,0.003364498775305719,0.21227093607396133,0.10358999986530858,81,122,2.7142209994883055,2.049145055989609,-41
36061,1,0.006636068870102409,5.287342849574399e-4,0.14661831701798508,0.018423742487288355,77,9,12.550857886275663,7.9581180164207055,68
36063,1,0.005547121058121191,7.079794708225849e-4,0.14676264332403452,0.03422720684041025,82,105,7.835143936696527,4.287894247647449,-23
36065,1,0.006684796123503206,0.0011899033152870898,0.1707716667768237,0.052183859622171536,81,124,5.6179321778680436,3.272499734846507,-43
36067,1,0.005839664804660185,7.620463095055048e-4,0.15263301918103345,0.03762971268960198,81,107,7.663136389243285,4.0561834856424435,-26
36069,1,0.005573432892313753,8.476346847916048e-4,0.14968549307412965,0.03825471612020331,83,116,6.5752770530903994,3.912863778776726,-33
36071,1,0.010081617029665037,0.003717256667875669,0.21985569403666433,0.10735513118363199,79,117,2.7121121650785716,2.047929070671052,-38
36073,1,0.007236506175280405,0.0017408086781712997,0.17794450730632472,0.06082045068824859,84,119,4.156979607249129,2.9257347700106116,-35
36075,1,0.006902762595626626,0.0014833529801473245,0.17644342103849703,0.060063591202792206,82,125,4.653486181651149,2.937610247825052,-43
36077,1,0.005978203288607592,9.982824055232598e-4,0.15499664768594498,0.040167314357012665,84,117,5.988489084382947,3.858775478696765,-33
36079,1,0.006439818583713752,0.0015165680580763946,0.17492260891754155,0.0648015988460454,84,132,4.246310311903824,2.699356374417858,-48
36081,1,0.011670446511150302,0.004397081872772559,0.23376311875226663,0.11719856914600572,75,112,2.6541344575400316,1.9945902109184033,-37
36083,1,0.005318435251532141,6.494533185697099e-4,0.14183833208634,0.03147777523210188,82,98,8.189095504577486,4.50598338162379,-16
36085,1,0.009760568997459095,0.003497575407146424,0.21806626502062265,0.10532935695293573,79,120,2.7906672083511923,2.0703275072500547,-41
36087,1,0.015043787749823189,0.007609664863287013,0.25674733659651844,0.15359992316315366,72,97,1.9769317072558945,1.6715329754677137,-25
36089,1,0.007955717359649929,0.0018993922817020046,0.18875054654965187,0.06754103894806857,81,121,4.1885593809620945,2.7946053168471354,-40
36091,1,0.005114400025584397,6.527261732230899e-4,0.13947438419478086,0.03191041246875957,82,97,7.8354449926989345,4.370811074013126,-15
36093,1,0.005742859526386311,7.245665504627749e-4,0.14989923420177398,0.03528433528767383,81,105,7.925924157992654,4.2483224632019505,-24
36095,1,0.006111749218248346,0.0010046862460750647,0.15863459173960287,0.04279548274187084,83,119,6.083241650937968,3.7068069239091854,-36
36097,1,0.006116115401112127,0.0010602788294701198,0.159679723874672,0.04448475764687246,84,120,5.7684028305730575,3.589537907393735,-36
36099,1,0.007990806904885546,0.0019721084617946045,0.1881672071093154,0.06738515657695326,82,119,4.051910460144758,2.792413294972908,-37
36101,1,0.006313400159907792,0.0011407426167118798,0.1634095794263407,0.04732182036681495,83,121,5.534465064613592,3.453154975013046,-38
36103,1,0.008347145238627805,0.0026418214462412544,0.20236048897376957,0.09019074676332137,81,126,3.1596174868305362,2.2436945721804937,-45
36105,1,0.007470435659417286,0.0015397713754653646,0.1836285304291373,0.062339746823481944,80,126,4.851652510529037,2.945609178508384,-46
36107,1,0.0052401904973445,7.731105862836297e-4,0.1436589658479713,0.03519504168540599,84,114,6.778060720309475,4.081795587346642,-30
36109,1,0.005527660912757884,7.274393477560449e-4,0.14592036191718985,0.03348979734350905,83,110,7.5987928475538675,4.35715870181197,-27
36111,1,0.005808117636535295,7.536533226650648e-4,0.1511152581365259,0.03612911473366455,81,108,7.706617169810465,4.182644918108637,-27
36113,1,0.004518767153465922,5.191626985855249e-4,0.1196184304949189,0.01799054994699814,81,8,8.703951893649997,6.648959083926066,73
36115,1,0.005824023217905281,9.561587919036298e-4,0.15294854230858168,0.03942811182221699,84,117,6.091062768256465,3.8791749145440457,-33
36117,1,0.0072498867271050035,0.0017283280166125545,0.1791282388028873,0.061989648392945344,84,121,4.194740036277637,2.8896476016029924,-37
36119,1,0.007799355749694224,0.0019634905123777895,0.19327758716716653,0.0759195183035714,80,130,3.9721891705242793,2.5458220953711503,-50
36121,1,0.0070468273035043565,0.0016879129076004145,0.17367186385432026,0.057508286672671265,85,118,4.174876127656567,3.0199450184081305,-33
36123,1,0.01012347089772774,0.003347717826772024,0.20963042066866938,0.08983156361811835,80,109,3.023991692719548,2.3335942537950936,-29
37001,1,0.005967141843654497,9.079822763810147e-4,0.15785844807674654,0.04330812551071871,82,118,6.571870397556657,3.6450076334446004,-36
37003,1,0.006921307244847688,0.0015632648136829695,0.1764612087032733,0.061018332867431545,83,124,4.427469475591568,2.8919375605795885,-41
37005,1,0.00643688298835886,0.0011648845377482447,0.15977488123857236,0.04161774286969577,85,115,5.525769103950457,3.8391049158726354,-30
37007,1,0.0065624099098690655,0.0011104402429123548,0.16460488870374423,0.04481720243493528,83,118,5.909737108102111,3.6728059709374836,-35
37009,1,0.005279157375975035,7.375475267044648e-4,0.1414968785976274,0.03171646407543208,84,113,7.157718228089717,4.461306855048588,-29
37011,1,0.0066779955659371,0.0013782437112280599,0.1660503266101371,0.04868503839037076,85,117,4.845293696270009,3.4107054672258323,-32
37013,1,0.005185718903378377,6.738848232646699e-4,0.1393441302280632,0.030260224272144337,84,109,7.695259967802649,4.604861119827675,-25
37015,1,0.006963663752627853,0.0014383027035744897,0.16872998425034053,0.04884452162829243,85,115,4.841584275216657,3.4544300696478993,-30
37017,1,0.007750507595574082,0.0018102398686353446,0.18007942796096627,0.058113618432723606,84,114,4.281480995895217,3.0987474677633235,-30
37019,1,0.004309611162895011,5.140548007840649e-4,0.11660095527000063,0.01784865501754862,81,6,8.383563690722765,6.532758639536689,75
37021,1,0.005196707845681575,5.471513900187549e-4,0.13575310877446392,0.025742909644338237,81,75,9.49775133624982,5.273417443871608,6
37023,1,0.00602341047352731,9.967994092755247e-4,0.15929637178032816,0.04507406126565975,82,120,6.042750845834804,3.5341029254377423,-38
37025,1,0.006795684128577601,0.0015684692240714646,0.17880004762255944,0.06556797981898382,82,130,4.332685668474403,2.7269415363441114,-48
37027,1,0.00601466227723433,9.070398309574948e-4,0.1584278195826682,0.04349332568883285,81,118,6.631089475844844,3.6425777305722424,-37
37029,1,0.006214212599412698,0.0015282312397598646,0.17189265534624512,0.06442494679511468,85,131,4.066277692627953,2.6681070594113345,-46
37031,1,0.004898731758374697,5.335630526444749e-4,0.13131881755314362,0.024615478657689434,83,94,9.181167500439415,5.33480658163525,-11
37033,1,0.005388855216506574,8.526917500598698e-4,0.14816152356231074,0.03922982948447988,84,117,6.319816294843016,3.776756756511686,-33
37035,1,0.006147812205783054,0.0010253685907024197,0.16290991927026757,0.048336465011361004,82,123,5.995709505370697,3.3703316788262696,-41
37037,1,0.005880291859241058,9.822536997250997e-4,0.1573220220600785,0.04470638796742607,83,120,5.986530629395193,3.51900543105174,-37
37039,1,0.004598304200839815,5.133285658980549e-4,0.12305708681020118,0.019731514877525416,82,6,8.957818649338561,6.236575730450662,76
37041,1,0.004982657876617527,5.211727067678498e-4,0.13174379214983067,0.02393283983636158,82,92,9.560473547278432,5.504728776468475,-10
37043,1,0.004533536959322462,5.059961265016299e-4,0.11935424072134274,0.016236966736511812,82,4,8.959627795308545,7.350772016607802,78
37045,1,0.006947407801755673,0.0013613814181598198,0.1759185366205813,0.05744656115189668,81,126,5.103204516443665,3.0622988233434594,-45
37047,1,0.006599564235012344,0.0012421019808055449,0.16580321320138847,0.04744936728156304,84,119,5.313222534861675,3.4943187380669896,-35
37049,1,0.00643475942445359,0.0011023858021828347,0.16604838839316563,0.048789716769743585,82,122,5.837121098359685,3.403348069774792,-40
37051,1,0.006802148150460963,0.0011679688090266147,0.1722218177901986,0.052297030014166065,80,125,5.823912503391143,3.2931471967633277,-45
37053,1,0.00552175652623365,9.912819327522148e-4,0.15441173600111333,0.04680451963298661,84,123,5.570318941356003,3.299077465422547,-39
37055,1,0.005832808556841824,9.327248248033147e-4,0.15285700633974142,0.03882450517546529,84,117,6.253514864978316,3.937126967849617,-33
37057,1,0.005534705080807991,8.222131192774198e-4,0.150317804864937,0.039830004577605445,82,113,6.731472596389632,3.7739841222477213,-31
37059,1,0.006158225831972067,0.0010342036777083899,0.16182159417208655,0.04680611295085602,82,122,5.954558047615526,3.4572747867781883,-40
37061,1,0.009116008378329259,0.0028173672118331845,0.19822240365382676,0.07914052425272444,82,111,3.235647926916037,2.504689039218778,-29
37063,1,0.005905309993287543,6.664334377604598e-4,0.14971363415830868,0.032631573310153,80,94,8.861064974669118,4.5879992587340785,-14
37065,1,0.0062346196760383115,0.0011292526557105597,0.1639391320054527,0.049112033361327405,83,123,5.521013959551241,3.338064437269753,-40
37067,1,0.0060292203134263075,8.117645093628897e-4,0.15630545159845793,0.039854182652506044,81,111,7.4273021841744695,3.921933438236737,-30
37069,1,0.006649867311921857,0.0014696687683184346,0.17498534576958094,0.06146992101969968,83,128,4.524738808684423,2.846682456505877,-45
37071,1,0.00590377891653089,9.211356103466398e-4,0.15778141358728517,0.04431931664177511,82,119,6.409239693066684,3.560104837865695,-37
37073,1,0.005472873957001931,7.565133828556798e-4,0.14458135435964964,0.032856899826567657,84,113,7.234338586771561,4.400334636645879,-29
37075,1,0.0056679309197439015,8.540025261378648e-4,0.1492702759933874,0.03615002268724784,84,116,6.63690181968959,4.129188998989024,-32
37077,1,0.005600794983448125,9.608528541727998e-4,0.15313431279854572,0.04327708111505768,84,120,5.828983032235317,3.538462134066262,-36
37079,1,0.01020220912714722,0.003265362400511504,0.20949443895895511,0.08741891034155265,79,108,3.1243726961359912,2.396443036643258,-29
37081,1,0.006358203828033322,9.946912131325197e-4,0.16428087350223014,0.04670177739157307,81,121,6.3921383280443616,3.517657842544408,-40
37083,1,0.006093608308510511,9.537448850448597e-4,0.15670708081063986,0.04027730073483517,83,117,6.389138651290272,3.890704638881287,-34
37085,1,0.007205836463349698,0.0017711129005281896,0.18419240879345972,0.06924864153053747,83,128,4.068535925180568,2.659870355900541,-45
37087,1,0.004827835926913969,5.227273640635198e-4,0.12856969155987172,0.02262066408647323,82,9,9.23585842031279,5.683727545238346,73
37089,1,0.00515924214593058,6.282710364326648e-4,0.1384557281988764,0.029785936192878698,82,100,8.211809627935192,4.648359121644085,-18
37091,1,0.007023839531648762,0.0013869636640026148,0.17228801392671422,0.05154140742651481,83,119,5.064184242129879,3.3427106966831275,-36
37093,1,0.007871947299447426,0.0019745635497867044,0.19169521240596502,0.0728576233861976,81,125,3.9866771065928805,2.631093405145033,-44
37095,1,0.008867260939111096,0.0026299269057141698,0.18436320086549518,0.06429006938347843,86,105,3.3716758134398215,2.867677739866831,-19
37097,1,0.006434593678629359,0.0013439831503865747,0.17097501373333132,0.05777128066468384,83,128,4.787704129161555,2.9595157276451043,-45
37099,1,0.005329805326177582,5.354613219809999e-4,0.13674845622293388,0.02483319481941769,81,82,9.953670054933871,5.5066799587142485,-1
37101,1,0.00787831761857339,0.0022698392941252195,0.1949950619897052,0.08147368825717578,82,127,3.4708702237043787,2.3933501251863487,-45
37103,1,0.006225188557141845,0.0011105582514249848,0.15938303989522598,0.0431451774973629,84,118,5.605458830416281,3.6941101912251426,-34
37105,1,0.007480647955031344,0.0018687106584447345,0.1870856612971317,0.07108860898387202,82,127,4.003106591823711,2.6317248849189903,-45
37107,1,0.007820891767487598,0.0017444578538423595,0.18503267609156182,0.06208050339379929,81,119,4.483279289471641,2.980527959282676,-38
37109,1,0.006270646216939608,0.0012206081916107398,0.16659450044438368,0.05331934163571179,83,125,5.137312906826173,3.1244665694222187,-42
37111,1,0.006185581804546443,0.0011740812945335247,0.16287517471372287,0.049220318372677443,84,122,5.268444215359075,3.309104453175095,-38
37113,1,0.005289108664285064,5.910389025555849e-4,0.13869758709949376,0.027631231544202738,82,97,8.948833387135029,5.019594833390395,-15
37115,1,0.0055107485263116715,7.176575213628649e-4,0.1451306160464999,0.03269677192959182,83,110,7.678799932099234,4.438683315864316,-27
37117,1,0.007774069873107255,0.0018305360266683195,0.18151206668814207,0.05992786670532613,83,115,4.246881656438364,3.028842451219944,-32
37119,1,0.006202979848737221,8.818846845612498e-4,0.16049047507489095,0.04311763365512258,81,116,7.03377658930917,3.7221540578636074,-35
37121,1,0.0046267283245982945,5.153114850549199e-4,0.12213268729873111,0.018615886316219965,81,7,8.97850806508843,6.560670022588034,74
37123,1,0.0064599473693347665,0.0012807273571981798,0.1653018080162747,0.049369024853744885,84,120,5.043967658711575,3.3482899146981175,-36
37125,1,0.005717231841074038,9.340918609937848e-4,0.15251218678008643,0.04018340836502057,84,118,6.120631256749682,3.7954019578102147,-34
37127,1,0.006750619936999508,0.0012399659137195247,0.17048390645918687,0.05138765119086105,82,122,5.444197991499362,3.3176045705219215,-40
37129,1,0.004497154078292322,5.150464612102399e-4,0.11818223259046495,0.016655209413398646,81,7,8.731550291065103,7.095811866249528,74
37131,1,0.007372896033381321,0.0014780845707477845,0.17580155182681367,0.052698093160258634,82,117,4.988142207351008,3.3360135307398826,-35
37133,1,0.0060955249240375944,0.0012092174154702399,0.16561742827964207,0.05446883428587448,83,128,5.040884166944593,3.0405906506170997,-45
37135,1,0.0056640281401384735,7.975886071955848e-4,0.15112408613519818,0.03855862775778926,82,112,7.101440628714421,3.919332583215944,-30
37137,1,0.00531542951041575,7.796463467697398e-4,0.1412607160862622,0.03074969537772535,86,115,6.817744394543549,4.59388993455166,-29
37139,1,0.005147780150618034,7.299365534434948e-4,0.1421638267276641,0.034746378905009145,83,110,7.052366573962142,4.09147172188263,-27
37141,1,0.006720116563037677,0.0014375044325380998,0.17219882581215432,0.056471258810145024,83,123,4.674849281106176,3.0493179971617512,-40
37143,1,0.006211304553176392,0.0011093391360199548,0.15934329490298718,0.04374374937404972,84,118,5.599103422476445,3.6426528860261587,-34
37145,1,0.005104231346696024,6.567038082080249e-4,0.13866558919821043,0.030842204761848277,83,105,7.772501518796051,4.495968763223418,-22
37147,1,0.005926465622853464,8.256151972561298e-4,0.15478482092479318,0.03942406822762709,81,113,7.178241924990756,3.926150391966019,-32
37149,1,0.006547179578845194,0.0011390059648241997,0.16286532251294628,0.043671364355222717,83,117,5.7481521440984915,3.729339005491112,-34
37151,1,0.006611696840962252,0.0012932540700650549,0.17202023353556087,0.055987949871416406,82,127,5.112450054481299,3.072451017239025,-45
37153,1,0.0073389851627516395,0.0015486617524925396,0.17628160544457444,0.05472317994052397,83,117,4.738920652582587,3.221333366156107,-34
37155,1,0.008341803676551457,0.0021357703856388645,0.19533796997855313,0.07429132085754984,80,121,3.9057586586285615,2.6293511506290836,-41
37157,1,0.0059042608316663935,8.677074016905798e-4,0.15523798059702074,0.04066259084306286,82,116,6.8044375559813695,3.8177100223682556,-34
37159,1,0.007292350029170483,0.0016397746268089946,0.18379907555046368,0.06629839213635458,81,128,4.447166037299537,2.7723006490481366,-47
37161,1,0.006949496176215364,0.0012926063394388598,0.17480341142512626,0.05512742146592146,81,125,5.376343875299456,3.1708976545036816,-44
37163,1,0.01055726389448502,0.003682606610130279,0.2118759472658021,0.09280908938111995,80,106,2.866791110797343,2.282922380541143,-26
37165,1,0.009265282768005825,0.0024333612040010446,0.2032338205359717,0.07801800734331274,78,116,3.8076068414222353,2.6049604117887246,-38
37167,1,0.007324297989502149,0.0017028380184643047,0.18223396515779128,0.06462990389381251,82,124,4.3012300113592294,2.819653970972992,-42
37169,1,0.0063931881013111385,9.951622383031547e-4,0.1644763499173978,0.04661527390049387,81,121,6.42426717498056,3.5283789229361413,-40
37171,1,0.007004430395860417,0.0014915691930696396,0.17556838838562158,0.057590178901654826,83,122,4.696014391022213,3.0485820973995397,-39
37173,1,0.009732569145309834,0.003024119039373559,0.2077063397213006,0.08688997212538192,79,112,3.2183154891038672,2.3904523691362343,-33
37175,1,0.004830844567940947,5.154559255979649e-4,0.1280973018667822,0.02188419904014199,82,7,9.371983768227768,5.85341513444538,75
37177,1,0.004668731854295602,6.533086845474399e-4,0.13052628272967207,0.027378430095165798,87,113,7.146287757570109,4.767486020051933,-26
37179,1,0.007805374167899013,0.0025357416303652645,0.1958886407163706,0.08766235229093534,83,126,3.078142534093537,2.2345811582405632,-43
37181,1,0.006169076237353793,0.0010179687996239297,0.16148381148333948,0.045884887597470385,82,121,6.060182040582037,3.519324551908503,-39
37183,1,0.005908354660627335,9.822817578860749e-4,0.15970810812642822,0.047211657055534643,82,122,6.014928622254417,3.3828109006757594,-40
37185,1,0.006617321568309355,0.0011360362422896148,0.1633651585656308,0.043147280128009245,83,116,5.8249211794269256,3.7862214740062283,-33
37187,1,0.005451884883086393,7.418050477091548e-4,0.14173244039773975,0.028474900078455902,86,113,7.349484746596056,4.977451720892058,-27
37189,1,0.00509101342815045,5.418399394749149e-4,0.13402126904414438,0.02545174281994454,81,70,9.395788418779242,5.265701056004794,11
37191,1,0.007428463233734072,0.0017663995518981846,0.18265558071835442,0.06451981639910703,83,122,4.205426357672813,2.830999697650758,-39
37193,1,0.006469038363955328,0.0012503429531664047,0.1662360512632435,0.050143004539010425,83,121,5.173811191219936,3.3152391403653247,-38
37195,1,0.006785242727119765,0.0012375301389317547,0.17135362135153293,0.05184782305033329,82,123,5.482890891834632,3.3049337709933306,-41
37197,1,0.006410354088379713,0.0011426681499948797,0.16496015963273636,0.04822976043996781,82,121,5.6099875439850475,3.420298133930488,-39
37199,1,0.006092487934785735,9.651387176429448e-4,0.15840065350592228,0.04275261858738594,82,119,6.312551577730471,3.7050514971884794,-37
38001,3,0.004627244034403702,0.0019215713671123695,0.13582206702115027,0.06197006416096203,106,122,2.4080521356629427,2.1917367499953504,-16
38003,3,0.003415222958435359,0.0011828163737606647,0.1176427928177642,0.04778080102541519,103,127,2.887365303861111,2.4621352152549423,-24
38005,3,0.014616801234943529,0.009419799380069168,0.23692360215031313,0.16431091243732474,77,88,1.5517104606145231,1.4419225031124212,-11
38007,3,0.005934954385455375,0.0029004172967761047,0.1535255049676733,0.08096933428515969,102,116,2.0462415501563322,1.8960944451757946,-14
38009,3,0.00307840600115936,0.0010605791308580849,0.10946100857113371,0.043470500999712065,105,127,2.902570785707152,2.518052611628717,-22
38011,3,0.004975684299780565,0.0021353714765570044,0.1434232938393078,0.0683932860358034,103,122,2.330125860725263,2.0970376209768125,-19
38013,3,0.004545304901495405,0.0018525259813939646,0.13626603433616796,0.062053377906748905,104,123,2.453571473300047,2.1959486966357025,-19
38015,3,0.002716319796829759,8.129651759917098e-4,0.1027841904962208,0.04015224756779672,91,115,3.3412498801270405,2.5598614454314315,-24
38017,3,0.002784345297603122,8.065016031149448e-4,0.10364794441006134,0.03936693109928903,91,115,3.4523741637328027,2.6328682860405452,-24
38019,3,0.005893481817880658,0.0026805238525735094,0.15178532286935542,0.07479978114355168,102,116,2.1986306192434966,2.0292214836572486,-14
38021,3,0.006610580862836534,0.003249975526210654,0.16649917393653607,0.0900002088230681,98,115,2.0340401980024185,1.849986529074146,-17
38023,3,0.006542182921817988,0.003165650847680094,0.16207973519393384,0.08518036592674393,99,114,2.0666154407433597,1.902782800127018,-15
38025,3,0.004671246880795473,0.0019251657345011495,0.14197208254020402,0.06708506147685467,101,125,2.426412852193159,2.116299507144172,-24
38027,3,0.004797200357203799,0.0018874612644164596,0.13945041658156546,0.06170773379561856,102,121,2.5416152625982154,2.259853149743556,-19
38029,3,0.005356940256997728,0.0023024980963974747,0.14602227148385752,0.06894210615157816,102,119,2.3265774965804673,2.118041928727977,-17
38031,3,0.0036146753711313226,0.0013590699307878997,0.12327437617311518,0.05372825733927543,104,129,2.659668416794249,2.2944048863278774,-25
38033,3,0.004096124520719473,0.0017732638523561795,0.12944725626518444,0.0617287648164886,108,126,2.309935160115541,2.097032990211515,-18
38035,3,0.0029851038968569973,9.009639887180798e-4,0.10909796245841516,0.042272130324605244,94,122,3.313233308141758,2.5808484602185464,-28
38037,3,0.005599604049225952,0.0024635350931266446,0.15000147011325182,0.0724739034855807,101,118,2.2729954466039706,2.0697307982465145,-17
38039,3,0.004332533428902983,0.0017837264553193896,0.12967714120122104,0.05809440981562475,108,123,2.4289225603974183,2.232179337268072,-15
38041,3,0.006164497063001538,0.0027749171802543145,0.15780717155981058,0.07851186346292723,98,115,2.2215066838270743,2.0099786783729323,-17
38043,3,0.005616829172287442,0.0023810569287487896,0.1487973221507103,0.06928749744619637,101,117,2.358964670046341,2.147534946925388,-16
38045,3,0.005953218219118469,0.0027980169004818596,0.1561856184263813,0.08046837084086078,101,117,2.1276562761623197,1.9409566366798157,-16
38047,3,0.0069687634273497955,0.003386429907260604,0.16463297254596673,0.086436024033881,98,111,2.0578495991925196,1.9046800727603375,-13
38049,3,0.004862374043687011,0.0021621968825014195,0.14090121781466053,0.06870521921207653,105,122,2.248811883431165,2.050808067138717,-17
38051,3,0.005489367391215456,0.0023775115220947595,0.14663314165849436,0.06941222593446172,102,117,2.3088709939790015,2.112497325715268,-15
38053,3,0.01134982944294211,0.006650981176711248,0.21583321795161292,0.1383267628440352,83,98,1.7064894849926986,1.5603142408166308,-15
38055,3,0.003903311196774552,0.0015755368631585795,0.12857951081624866,0.059127483364665036,105,128,2.4774483466856716,2.174614975970525,-23
38057,3,0.002263138104662866,6.217887034574449e-4,0.08697892041089127,0.030884215248236962,87,95,3.6397221308118453,2.816290448430821,-8
38059,3,0.0029452245956574086,0.0010063697655943698,0.11067357330909165,0.047188343075724865,97,126,2.9265829482843575,2.345358325709587,-29
38061,3,0.005107464108896569,0.0021786620376060594,0.1528822914731913,0.07608663073297543,98,125,2.344312252536751,2.0093187199960103,-27
38063,3,0.004789922103399925,0.0019047908083124597,0.14003690901823723,0.06292245646054213,102,122,2.5146709457525858,2.225547394292411,-20
38065,3,0.0062087677983454145,0.003122375381365444,0.16448064806022866,0.09146554043323915,99,118,1.9884757724518896,1.7982799563763947,-19
38067,3,0.004810068500528266,0.0020302546260801595,0.14259700438123613,0.06770378300786987,103,123,2.369194700378608,2.106189610773458,-20
38069,3,0.003985840261720829,0.0015753148149206646,0.12642188506730562,0.05569028357011001,106,125,2.530186489690039,2.27008872935886,-19
38071,3,0.003628420066852262,0.0012712476753938397,0.12325786736746934,0.051402136602179786,101,127,2.854219627759128,2.3979133070169385,-26
38073,3,0.005852224525962459,0.0027455505386703646,0.15818466198110487,0.08231366331398456,100,119,2.131530432070144,1.921730313200996,-19
38075,3,0.004250836021267718,0.0017766223500071245,0.13421358760849414,0.06344442506694808,104,126,2.3926503126850065,2.115451238889291,-22
38077,3,0.004258545469275594,0.0017279489548080445,0.13502663104169346,0.06270746142652871,103,126,2.4645088371540873,2.1532785408622805,-23
38079,3,0.010293345315184771,0.006121312561965838,0.2091284940900498,0.13528706834220117,87,102,1.6815585237619528,1.545812889973126,-15
38081,3,0.002826038814097001,9.416651598846448e-4,0.1032284732683234,0.03971226645054129,104,127,3.0011079675531316,2.599410270297388,-23
38083,3,0.004516514597844704,0.0018416462445371695,0.13174263514441312,0.05844713198873452,106,122,2.452433311360383,2.254047900413763,-16
38085,3,0.020053670291809468,0.014072525392893246,0.2641908533513101,0.19740498893438838,68,76,1.425022853533933,1.3383190302202512,-8
38087,3,0.008028273079931713,0.004240301970971579,0.16953294816960646,0.09428263460649704,96,105,1.8933257902130487,1.798135455984849,-9
38089,3,0.005275958943350777,0.0023545373014534597,0.15556250003446664,0.08002219938397666,99,125,2.2407625226807486,1.9439918076735079,-26
38091,3,0.00954812451651311,0.0050586034946008196,0.1880581573629472,0.10705174140185131,89,100,1.8875020599467964,1.7567033931471852,-11
38093,3,0.0022884917157353973,5.864236463921499e-4,0.08672295324174387,0.027913741021881038,91,110,3.9024547011616417,3.106819439707613,-19
38095,3,0.004291030982407073,0.0017873114691822046,0.1280764373108173,0.05756651551025128,109,123,2.400829993202282,2.2248426220622965,-14
38097,3,0.004076297794670327,0.0016471740692544845,0.13192010209448024,0.06086940136409012,104,127,2.474721931796359,2.1672646541305802,-23
38099,3,0.004660025230300087,0.0019531983060325745,0.13897664724215092,0.06512999179292078,104,123,2.385843370797174,2.133834864957818,-19
38101,3,0.0036840667105604023,0.0013461818400416598,0.12724015742858974,0.056409730654646106,99,129,2.7366783602179576,2.2556419956617857,-30
38103,3,0.006103932289217373,0.0026764052221431344,0.15838382404053664,0.0776790526752699,97,116,2.280645785143717,2.038951539517939,-19
38105,3,0.007663612242896165,0.0038891572448962793,0.18460196102504542,0.10559257370248769,91,113,1.9705071716894664,1.748247576057485,-22
39001,3,0.003180430283842862,0.0011468011449608548,0.11788666542455102,0.052533660280350294,98,129,2.7733058148903607,2.244021543434037,-31
39003,3,0.0032434357312010977,0.0010664066893047099,0.11833574838799836,0.05017272249335902,94,126,3.041462289884731,2.3585674148669438,-32
39005,3,0.0035928385158859252,0.0013143012165581348,0.12637687416453297,0.05709299870895457,98,129,2.733649235519067,2.2135266498922186,-31
39007,3,0.002979778910785331,9.326977229795248e-4,0.11026097209282645,0.04468119248329887,93,122,3.1947959530407744,2.4677267092645363,-29
39009,3,0.001860658971023165,5.240673471315198e-4,0.06691664949907812,0.01946698819619497,73,9,3.5504195810089545,3.4374423421162645,64
39011,3,0.0035487737892796983,0.0013290357653164549,0.12626116626385978,0.057767267283349945,99,131,2.6701868240804676,2.185687019684443,-32
39013,3,0.002037658264378141,5.433991076609649e-4,0.07657303271163744,0.025007056019107767,80,28,3.7498373399049956,3.062057071137377,52
39015,3,0.0040275953370371995,0.0016126725886036245,0.1370424073133036,0.06634005960225893,99,131,2.4974662343114544,2.06575646954404,-32
39017,3,0.003558380648650951,0.0013323078744098447,0.12799806490794058,0.059698416693618965,97,131,2.6708396137245387,2.144078050927974,-34
39019,3,0.003659764123232028,0.0013494774705226148,0.12781233746596243,0.057806866244309606,98,130,2.7119860858549227,2.2110234608772625,-32
39021,3,0.004276873393629273,0.0017989910376691196,0.14032684828733655,0.0693654167253645,101,130,2.377373374339122,2.023008797639414,-29
39023,3,0.0029795978261359848,9.521797250183098e-4,0.11121512049609758,0.046018306090171976,93,122,3.1292388903562185,2.4167582413436453,-29
39025,3,0.0031145019239032985,0.0010531300640742348,0.11587972281767572,0.05025145486038344,95,126,2.957376329998835,2.3059973714120545,-31
39027,3,0.003291586035771406,0.0011764083434959648,0.11979355980917121,0.05299789153948175,98,129,2.7979961668664384,2.260345767150544,-31
39029,3,0.002422177168992863,6.645702316654199e-4,0.09201024933145262,0.033321524225582856,87,94,3.64472715385229,2.761285729564887,-7
39031,3,0.003900211796432033,0.0015399455642909246,0.13370112971397086,0.06355015887522622,100,131,2.5326945879596106,2.103867749197581,-31
39033,3,0.002987024112746208,9.795857702117698e-4,0.11106843440726513,0.046051322391409105,95,125,3.049272665629334,2.411840282527587,-30
39035,3,0.002285888328957211,5.674277349471149e-4,0.08351119484408602,0.026604373286022578,81,47,4.028510043081097,3.1390025221139557,34
39037,3,0.004097792277194295,0.0016554207045704696,0.1373055555989847,0.06603861403671742,100,130,2.4753781717726824,2.0791707639812507,-30
39039,3,0.0032291472740862107,0.0011409052247433298,0.11822722814859303,0.051933439275224876,97,128,2.8303378791281055,2.276514511623996,-31
39041,3,0.003485162820159744,0.0013912660851568748,0.12741476785883682,0.061771365927676965,100,133,2.5050296685459474,2.0626833476212316,-33
39043,3,0.0023262308159898706,6.264350678882649e-4,0.08827871150243322,0.031182127571974954,86,87,3.7134428374702555,2.8310676139293975,-1
39045,3,0.003842333167731507,0.0015545428902955796,0.1346429174380331,0.0659755799245753,99,133,2.471680383807827,2.0407993016804062,-34
39047,3,0.004171368705772204,0.0016886588882075945,0.13816083405675791,0.06642614529321826,100,130,2.4702257720029235,2.0799164763646667,-30
39049,3,0.0032104852819391286,0.0010162129784936397,0.11705327538446948,0.04882907700856041,92,124,3.159264199418235,2.3972043412565105,-32
39051,3,0.0036616014180604916,0.0014225761311172248,0.12907791844231595,0.060619088231125946,100,131,2.5739229964338297,2.129327942877877,-31
39053,3,0.0034303135646894683,0.0012023430998238248,0.12326283651071755,0.054739630400850774,96,129,2.8530238708003566,2.251802498629983,-33
39055,3,0.004791752615174975,0.0021683747805316595,0.1514140373114933,0.08004889263162657,99,129,2.209835983242756,1.891519449348023,-30
39057,3,0.002806794018135459,8.769203644533798e-4,0.10635157418276782,0.043365391011546496,92,118,3.200739921104521,2.4524527901627957,-26
39059,3,0.0033208669219145512,0.0011293971208655347,0.11989853686709626,0.0514965489702115,96,128,2.9403890452364023,2.328282948367129,-32
39061,3,0.002752743035678851,7.667501442814898e-4,0.10240241427514851,0.03856971525775708,88,105,3.590143485735377,2.6549953400175417,-17
39063,3,0.002537896461799893,7.290199560562499e-4,0.09683520175018646,0.03660047984581392,89,105,3.4812441562355163,2.6457358525932477,-16
39065,3,0.0051146054455629,0.0022904448110809845,0.15455909158288847,0.08042983289479642,99,126,2.2330184166930622,1.9216637163110157,-27
39067,3,0.003506944358594621,0.0011777044848425748,0.1241316964045403,0.05361260610284216,94,128,2.9777795735093924,2.315345315734609,-34
39069,3,0.003010031256105755,0.0010300419220837097,0.1126916435069444,0.04815709038148309,97,127,2.9222415045172645,2.3400841415924813,-30
39071,3,0.004247276269243706,0.0017772906882172245,0.14035878962413076,0.06944941404704938,100,130,2.3897476633403674,2.021021941654438,-30
39073,3,0.0034847347383219884,0.0013025522218429798,0.1253695065866329,0.057895429645063556,98,130,2.6753128818063363,2.1654473825521134,-32
39075,3,0.013901423369320652,0.009157360123861478,0.235219639623886,0.16619880835534362,79,91,1.51806013756055,1.4152907710443474,-12
39077,3,0.003397132985738783,0.0012284378588881349,0.12229097573908003,0.05440951762666411,98,130,2.7654088981053913,2.2476026451509967,-32
39079,3,0.004846616547290934,0.0021162501710661145,0.15265967309843717,0.07926499766489291,97,129,2.2901907409412416,1.9259405487379626,-32
39081,3,0.002283715151707768,5.971138858025899e-4,0.08583514310946339,0.029364032344193065,84,74,3.8245889201491123,2.9231388285961297,10
39083,3,0.003479233616909538,0.0012623571628531149,0.12456771109770678,0.056234088210396244,97,130,2.756140432590372,2.215163703404324,-33
39085,3,0.0023437706595178026,6.266028668126399e-4,0.08841021543173513,0.031139358088344532,84,79,3.740440370852328,2.839179124402924,5
39087,3,0.002699082095489122,8.214167104933598e-4,0.10284336393898381,0.041151406824261966,91,112,3.2858865189971573,2.4991457613631236,-21
39089,3,0.003429918659643971,0.0012832088393267198,0.12457866602792869,0.0576289561923914,98,131,2.6729231864110266,2.1617373323929208,-33
39091,3,0.004507431752363739,0.0019228783217061895,0.14538155631429178,0.07326738918427984,99,129,2.3441065934761016,1.9842600907838088,-30
39093,3,0.002644077884679787,7.623791845663498e-4,0.1000433067678077,0.038373918165910195,89,106,3.468192650332878,2.6070652033829074,-17
39095,3,0.002664407330719386,7.374275841575298e-4,0.09966157980303043,0.037100619162693436,88,103,3.6131104775031218,2.6862511206617605,-15
39097,3,0.003300450746080923,0.0012103883739077647,0.12021124920254199,0.054019189638707686,99,130,2.72677003284933,2.2253434382585424,-31
39099,3,0.0022267599571323357,5.746664442228599e-4,0.08277635866544886,0.027394006019718708,81,54,3.8748738150939985,3.0216960091877367,27
39101,3,0.003099109372761102,9.963887825201498e-4,0.11411811408487074,0.04738424130627573,94,124,3.1103414923264947,2.4083558360099047,-30
39103,3,0.0029552422147044242,0.0010092899104703849,0.11207249600508051,0.048741250788596535,95,125,2.9280409761820745,2.2993356590533147,-30
39105,3,0.0026093132270897917,7.934827300694547e-4,0.09970895803818319,0.03878767798924445,93,116,3.2884310246568247,2.570634882186858,-23
39107,3,0.004963924179986235,0.0022232775058607795,0.15188571764553732,0.07862963646886205,100,127,2.2327056190245433,1.931659924508048,-27
39109,3,0.00331023394863542,0.0011621037091858247,0.12066657605674194,0.05335335962329989,96,129,2.848484109008296,2.2616490678132624,-33
39111,3,0.0036620127198496544,0.0013424230290134149,0.12645714598893248,0.056107569799196885,99,129,2.7279126182310596,2.2538339557658507,-30
39113,3,0.002555496186291706,6.738153582377299e-4,0.09498687173932817,0.03380490326592365,86,89,3.7925763416483265,2.8098548601698785,-3
39115,3,0.003133273971365004,9.994897827838248e-4,0.11447846005882432,0.047448695630041254,93,123,3.134873437763481,2.412678758367057,-30
39117,3,0.004689459553478117,0.0020909708026864795,0.14917277368047815,0.07772464718952908,100,129,2.2427188114980363,1.919246713551817,-29
39119,3,0.002798257779362179,8.449379276562998e-4,0.10544633695281207,0.0420529991388232,91,115,3.311790946731465,2.5074629422914176,-24
39121,3,0.0015008131983041215,5.037406374617799e-4,0.04884997497325592,0.011965759719758447,61,3,2.9793371562523423,4.082480019433489,58
39123,3,0.0019395279884409796,5.312685825131649e-4,0.07124865991229867,0.02197928792558812,76,13,3.650748514557452,3.2416273062855474,63
39125,3,0.00327292920491723,0.0011717896160890848,0.11832013639045257,0.051617473692599655,99,129,2.7931030963056482,2.292249657453034,-30
39127,3,0.004114873446409693,0.0017092761493644646,0.13979132314855142,0.0696851195738628,99,132,2.407377794360301,2.0060426674073435,-33
39129,3,0.00389854023158025,0.0015471813789686996,0.13443388972963513,0.06453928571003022,99,131,2.519769359025565,2.0829776507542355,-32
39131,3,0.004493601632370111,0.0019045332280494295,0.14633789616719087,0.07395660197316545,99,130,2.3594241183034304,1.9786995651894388,-31
39133,3,0.0026841529184702486,7.964055950563098e-4,0.10164410024988418,0.03967075608415745,90,112,3.370334079936324,2.562192160750771,-22
39135,3,0.0033071233034012056,0.0012032832638636398,0.12036205882885477,0.05381215008473612,99,130,2.748416272974923,2.2367078557412188,-31
39137,3,0.004676832515962505,0.0020773531791317746,0.1492411221022852,0.07748262699519759,100,129,2.2513420264517454,1.9261236730078246,-29
39139,3,0.0026663301787660677,7.602125713600498e-4,0.10008739929451918,0.037759474127130536,90,109,3.5073481802542408,2.650656599653369,-19
39141,3,0.002710094038312037,8.143103816680147e-4,0.1027748194283058,0.04056685682014462,91,113,3.3280848424905773,2.533467650302896,-22
39143,3,0.0027535581574717445,8.555926054132647e-4,0.1044584337313258,0.041861518380017955,93,118,3.2183052308425837,2.4953331310884237,-25
39145,3,0.0029111758054212733,9.041793502216048e-4,0.108983120841702,0.04441708945204734,92,119,3.2196884442315286,2.4536303973577582,-27
39147,3,0.002860649318368229,8.987338510507548e-4,0.10749286956587897,0.04355740429848063,93,121,3.182977157279322,2.4678437867710254,-28
39149,3,0.005216943285756788,0.0024066368305681995,0.1573204736768044,0.08393415020971981,99,127,2.167731840339651,1.8743321196881106,-28
39151,3,0.002590085086439776,7.418234631764348e-4,0.09819015863487551,0.03733453083669907,89,104,3.4915114107461873,2.63000917473313,-15
39153,3,0.0023595906982420223,6.314599886444149e-4,0.08895311269148957,0.03142707078039588,84,78,3.7367224221244286,2.8304614614919275,6
39155,3,0.002464378220450717,6.560963537495149e-4,0.09234884127214993,0.032814717637338536,86,88,3.7561224145921246,2.814250675345441,-2
39157,3,0.003141025145262548,0.0010464896807600198,0.11550864417282507,0.04910171411318941,95,126,3.001486974034334,2.3524360861731672,-31
39159,3,0.003669392085990318,0.0015205620732655196,0.13083633796010943,0.06449068970535446,102,133,2.4131813824015924,2.028763199120299,-31
39161,3,0.0028172902809993064,9.338236154639348e-4,0.1070162330052073,0.044473427062324544,96,124,3.016940495341449,2.4062960755247396,-28
39163,3,0.0028144757857525007,9.198006634695298e-4,0.10713090592518565,0.044521405256534675,94,122,3.059875794322838,2.4062786272780867,-28
39165,3,0.0032834841636835287,0.0012410762700985549,0.12193174783240245,0.056989740405717665,98,131,2.645674760522804,2.1395385724580223,-33
39167,3,0.0024549414773414623,6.771862682612899e-4,0.09306553149551004,0.03394817093966585,87,96,3.625208590901657,2.7414004619250356,-9
39169,3,0.0052488917728191874,0.0023941304142392544,0.15686722496530545,0.0828097970847185,99,126,2.192400105525181,1.8943075636910758,-27
39171,3,0.0031611560070124983,0.0010539946035429749,0.11643391291688267,0.04962431314702573,95,126,2.9992146035533356,2.3463077981939024,-31
39173,3,0.0025153902222475777,7.112888013357048e-4,0.09574129577331202,0.035869384303690535,88,100,3.5363838394812523,2.6691647384497026,-12
39175,3,0.002614570652239662,7.997382786467297e-4,0.10018043969801894,0.03948015785574915,92,115,3.269282866719704,2.5374883267704704,-23
40001,4,0.006724592488081812,0.002937980150993039,0.17635356163939805,0.09079071192869213,92,120,2.288848849373232,1.9424185348156293,-28
40003,4,0.007422275709436209,0.003452368970454484,0.17891394773903627,0.0939925631998535,93,113,2.149908011848198,1.9034904640127437,-20
40005,4,0.004793387175333614,0.0017781792737085495,0.1463678141912663,0.06546032297477071,97,126,2.6956714917369284,2.23597757450232,-29
40007,4,0.0045349283693418485,0.0017387778491631195,0.1378682797914666,0.06039428808421385,102,124,2.6081125725891474,2.2828032942324437,-22
40009,4,0.004037142626850106,0.0011935092745008098,0.1322696855635703,0.051776001249762664,92,126,3.3825816967686806,2.5546523943692274,-34
40011,4,0.0053189519699457025,0.0020558275469662944,0.15177668030513922,0.0684972808519304,98,122,2.5872559095701755,2.2158059183872236,-24
40013,4,0.004487710746643529,0.0015319791493292397,0.14442561313396482,0.063379685163485,94,130,2.929354977584665,2.2787366766090043,-36
40015,4,0.006115193089652595,0.0025263282946013294,0.1661525819388964,0.08077015084413812,94,121,2.4205852828868433,2.0571037716584244,-27
40017,4,0.004739133942690593,0.0017863247800430446,0.15137858246067792,0.07164608921196801,95,131,2.6530080059553307,2.11286595159183,-36
40019,4,0.004242779765233715,0.0013248687344752548,0.1391193979830972,0.05783766152732719,92,130,3.2024151939204506,2.405342718037899,-38
40021,4,0.004826986458132001,0.0017011302046254745,0.14920558076312462,0.06625696466406823,94,128,2.8375173428860045,2.2519229717150053,-34
40023,4,0.004454705454533307,0.0013893041971005848,0.14022161227076166,0.056315188020809544,93,127,3.2064291346920823,2.4899430721770313,-34
40025,4,0.009369599562475399,0.0046722455622459245,0.18627500323943438,0.10033618975300769,89,101,2.005373955124799,1.856508640581008,-12
40027,4,0.004070828660254924,0.0012771194468379247,0.13674428768054045,0.057597902369159924,92,130,3.1875081616947143,2.374119231011414,-38
40029,4,0.008040439999007349,0.003597966534001934,0.18736667723774714,0.09736813667627105,89,112,2.2347178393747194,1.9243120350623804,-23
40031,4,0.004612973246759448,0.0015278995371582396,0.1474802273420913,0.06447936144536263,92,131,3.0191600524594553,2.2872470203828,-39
40033,4,0.002507675313543403,5.842145290311749e-4,0.09182309976079722,0.0285010159043437,88,101,4.2923877940899144,3.2217483078139297,-13
40035,4,0.004180064936954154,0.0013839182059461098,0.1350733452437581,0.055547912595890814,96,127,3.020456641869575,2.431654745092082,-31
40037,4,0.0050269244528808,0.0018553973277469047,0.15528733418248056,0.07253142991252275,93,130,2.709351995771832,2.1409661214423372,-37
40039,4,0.004276418539477478,0.0014331102781264648,0.1385318972051009,0.058446553795148404,95,128,2.9840121899538183,2.3702320874323357,-33
40041,4,0.004825626610354403,0.0016417265578062945,0.1477040486441072,0.063656995731553645,93,127,2.93936075250101,2.3203113333683905,-34
40043,4,0.004739149726880057,0.0017013223379619845,0.1450602357345699,0.06313842455336792,97,126,2.7855683906184927,2.297495332845332,-29
40045,4,0.0046865363380153985,0.0017293100812901495,0.14029990294682615,0.0598455564699194,101,124,2.710061306367343,2.344366252444258,-23
40047,4,0.005451398403386266,0.0020409768242373944,0.1603653668386585,0.07508845093359154,92,127,2.6709751618189816,2.135686178697256,-35
40049,4,0.004584158526891575,0.0015469147648379095,0.14496225045979377,0.062381086721585766,94,129,2.9634202420790245,2.3238173311532324,-35
40051,4,0.004877065911153244,0.0018439039099133645,0.15207851136200043,0.07134766698167232,95,129,2.644967497998522,2.131513443895315,-34
40053,4,0.0047480307461367135,0.0016133535643738195,0.1434567683787254,0.059297114728143745,96,125,2.9429573597400123,2.41928749883403,-29
40055,4,0.008009479354550634,0.003657627955580724,0.18954733986528038,0.10017054224501981,90,114,2.189801546745605,1.8922463192985672,-24
40057,4,0.008388069247928303,0.004252018235669574,0.1828847585740382,0.10096717132573588,93,107,1.972726546081573,1.8113289316982386,-14
40059,4,0.012433540817022018,0.0070708962564667984,0.2221615521261865,0.13843117260334825,81,95,1.7584108670312804,1.604852057150118,-14
40061,4,0.006619683171926543,0.0029044663046301844,0.174207244476792,0.08955826001765516,93,120,2.2791392557640306,1.9451834419566603,-27
40063,4,0.004641363547660383,0.0015411252176058296,0.14264873083224686,0.05910833931267539,95,126,3.011671922980301,2.413343573698691,-31
40065,4,0.004557987679143579,0.0016304894563278246,0.14361808912440582,0.0628353520308339,97,128,2.7954720353782863,2.285625599008836,-31
40067,4,0.005023360609636295,0.0018481142700899746,0.14672722221072845,0.0634501801842404,98,123,2.7181006558602756,2.3124792047032234,-25
40069,4,0.008450999194055002,0.003913543686819069,0.1937937101761583,0.10460853119393303,87,111,2.159423752574481,1.8525612391678217,-24
40071,4,0.004423207054544931,0.0014511557503479198,0.14241633645229526,0.06061512595707306,93,129,3.0480581105676983,2.3495181145569655,-36
40073,4,0.005498903366149607,0.0022950391533561546,0.16003646620815143,0.07875001771657782,97,125,2.3959954487522688,2.0322086375157964,-28
40075,4,0.006515273660923422,0.0028774734079081146,0.17037234949099567,0.0865984374172106,95,118,2.26423418649764,1.9673836453905325,-23
40077,4,0.004145889561316197,0.0013617048994319398,0.13608680770206757,0.056838454805831586,95,128,3.044631449182368,2.3942735277895904,-33
40079,4,0.00527755266320721,0.0020370031109105697,0.15792695907849294,0.07496735055013007,94,128,2.5908417296663178,2.1066098497490375,-34
40081,4,0.00457934198031019,0.0016043723838617195,0.1458545198676676,0.0648500556581089,94,129,2.854288709013881,2.2491040044223896,-35
40083,4,0.0044411169966470775,0.0016559648427065495,0.14556965704400374,0.06798926806404984,96,132,2.6818908723861594,2.141068159564075,-36
40085,4,0.006063319517981238,0.0024568480402293444,0.1665991428415463,0.08065590093439629,93,122,2.4679261471194747,2.0655542980922665,-29
40087,4,0.004911998919094844,0.0019156502746433446,0.15325598920235928,0.07334282876141211,96,130,2.5641417873152026,2.08958383240042,-34
40089,4,0.007294983503382694,0.003260898267522459,0.18303239865256218,0.09603571085287002,90,117,2.237108583250965,1.9058785219278904,-27
40091,4,0.0031648179661052,7.674012095677948e-4,0.10990789082748822,0.03666149723528722,89,114,4.124072162835977,2.997910590560941,-25
40093,4,0.004278055515942227,0.0014886196872159947,0.1363483367414332,0.057621779143217464,98,127,2.873840479661406,2.3662639156375733,-29
40095,4,0.005361742115304356,0.0020193631318755996,0.15921974686078522,0.0748169127748071,93,127,2.6551649035626053,2.128125058300973,-34
40097,4,0.005268624451792019,0.0020317377048879597,0.15779080888186026,0.07474349229856644,94,127,2.5931617251167554,2.1110976224064744,-33
40099,4,0.00554511638883468,0.0020254287331887247,0.16258862175705577,0.07592026394870094,91,128,2.737749444338508,2.1415708178638098,-37
40101,4,0.005270494378963068,0.0018781195607717445,0.15814683783942873,0.07232905788415939,91,129,2.8062613739017506,2.1864910516699,-38
40103,4,0.004518189698748427,0.0015774226034960296,0.1418850199525724,0.06117571319846805,96,127,2.864286139132784,2.3193030785315876,-31
40105,4,0.0045978436018125285,0.0016030188239288996,0.14424510374215815,0.06275643507058029,95,128,2.868240555368838,2.2984910404794343,-33
40107,4,0.007039193172349371,0.003166474505712829,0.18100452777440482,0.0954926007192731,92,119,2.223038006353607,1.8954822301522363,-27
40109,4,0.004294642982931188,0.0013182291730299647,0.14053464251865255,0.05847677061573984,91,130,3.2578879839686015,2.403255874749446,-39
40111,4,0.004937223514102333,0.0017262831583680696,0.1526764458287585,0.06876459376447848,92,129,2.8600310963872837,2.2202769982424604,-37
40113,4,0.004549416606628545,0.0015166492763970345,0.14495426576961704,0.06289149171426185,93,129,2.999649739349218,2.3048310958848806,-36
40115,4,0.005159683044416723,0.0019095732056545645,0.15443968197707425,0.0705251771540873,94,127,2.7020085059520325,2.1898517410264122,-33
40117,4,0.005310156723130698,0.0020266327411106798,0.15816830912980764,0.07476226184521716,93,127,2.6201869808046765,2.1156169600281602,-34
40119,4,0.0030711817411873802,6.978617470152149e-4,0.10670626152205143,0.03446434550160259,87,104,4.400845517501079,3.0961348596360136,-17
40121,4,0.0035801155387029694,0.0010316123804601349,0.12333379779793625,0.04740687263411036,92,125,3.4704076904409713,2.6016016443403753,-33
40123,4,0.0036245737456218397,0.0010604101014462148,0.12558852358663997,0.04950987434431801,92,126,3.4180867766900294,2.5366358781933185,-34
40125,4,0.004321838009265416,0.0014530874091222999,0.14188841244935202,0.061972019531209156,93,131,2.974245033116013,2.2895560532426558,-38
40127,4,0.004628044898708804,0.0016053111374424696,0.1425553345008886,0.060567380795796884,96,126,2.8829581946849614,2.353665168079735,-30
40129,4,0.005931651564394047,0.0025064202919428996,0.1589182267023076,0.0761293033926008,98,119,2.3665829643423506,2.087477746680042,-21
40131,4,0.004517646118028466,0.0016359498535061096,0.14665005848124613,0.06741986453890117,94,131,2.7614820273044476,2.1751758103374597,-37
40133,4,0.0058970051501783,0.0023670997244507395,0.16831109652553744,0.0830161003128431,92,126,2.4912364651415935,2.027451252121737,-34
40135,4,0.005345264529054772,0.0019945620086111045,0.15919499405915186,0.07442462903362963,93,128,2.6799189526210316,2.1390095741991235,-35
40137,4,0.003637962575862309,0.0010633757413005247,0.12533887220641163,0.049158699592317674,92,126,3.4211449768574043,2.549678352883018,-34
40139,4,0.01016149256706854,0.005346664932775094,0.20678071680654858,0.12139626969331305,85,103,1.9005291513179587,1.7033531370357982,-18
40141,4,0.007065023483113232,0.003062193686569394,0.17613638668956952,0.08827091139468429,93,116,2.3071772089727767,1.995406911593036,-23
40143,4,0.004344103244917437,0.0013441765644091749,0.14163885549394478,0.05937101409628399,91,130,3.231795107830096,2.3856566651235607,-39
40145,4,0.005439703212359809,0.0021967880005384697,0.16293712603538466,0.08090450385404799,94,129,2.4762076317907993,2.0139438260362343,-35
40147,4,0.0036639544750003534,0.0010484574308404647,0.12592271753338122,0.049057047832782384,91,126,3.494614437577359,2.5668629299220354,-35
40149,4,0.0038559677016320663,0.0012440549143814849,0.12925939634160277,0.052397810543194916,96,128,3.0995156701335516,2.46688544810562,-32
40151,4,0.003172739675023631,8.853094162618598e-4,0.10933400291658127,0.036836100894419355,99,124,3.5837636161380075,2.968120953679582,-25
40153,4,0.003718711134356416,0.0011050880314908398,0.12648553688400854,0.0496550836635925,93,126,3.3650813585770347,2.5472827261944326,-33
41001,5,0.008659271823221957,0.0020400026178895897,0.18958817085865104,0.060605875036005376,82,111,4.24473564263368,3.1282143974658974,-29
41003,5,0.006677547775348558,0.0012782269388207648,0.16981142242861946,0.05040535151479682,83,121,5.224070603228693,3.368916540117178,-38
41005,5,0.006881508235035825,0.0014644452013880848,0.17718952279720535,0.05936284083947189,83,125,4.699054787787988,2.984855850756176,-42
41007,5,0.007116505678187088,0.0011983577418721598,0.1724460953261785,0.04668450114935299,82,118,5.9385485898970165,3.69386179739801,-36
41009,5,0.007501637784082084,0.0018125288964981495,0.18712325407902966,0.06841968064157333,82,125,4.1387686555372625,2.734933170169306,-43
41011,5,0.008533360049370805,0.0020564223323013644,0.19099104597660146,0.06411960975092026,82,113,4.149614558902902,2.9786682532617927,-31
41013,5,0.006558093343990232,0.0013879397158198048,0.16709290044547787,0.05032638862121039,86,119,4.725056332952191,3.320184599438066,-33
41015,5,0.00678648444334168,0.0012869166872939747,0.164854542549102,0.043484875268796144,85,114,5.273445056969271,3.7910777374909075,-29
41017,5,0.006556260120296126,0.0011741607638407448,0.16798067142310125,0.048984810767837644,82,121,5.583784028730645,3.4292399784749947,-39
41019,5,0.007658793211907391,0.0017575349927326696,0.18128068565720465,0.05852741738922403,84,116,4.357690312611792,3.0973634878101035,-32
41021,5,0.010485094920207471,0.0027692623072593596,0.2025869356862015,0.06733170423444573,80,102,3.7862411562537015,3.0087896629023914,-22
41023,5,0.009968025950221171,0.0028832825062174144,0.1942915859725333,0.0662816314475352,83,101,3.457179769490659,2.931303616543047,-18
41025,5,0.013959721920147935,0.005314231571617549,0.23464564626611728,0.1076155891897693,75,94,2.6268561563452653,2.1804057203305667,-19
41027,5,0.0126789733925435,0.0047812327267972195,0.22565098675728887,0.10190319075374575,78,97,2.651821008728998,2.21436625377694,-19
41029,5,0.00811139309847727,0.0018549341031758946,0.19097584377856908,0.06596046828936034,81,120,4.372873992984162,2.8953075793940988,-39
41031,5,0.01153698517517231,0.004312304424819024,0.22451236710398317,0.10539705455397791,78,105,2.6753642689909323,2.1301578877519933,-27
41033,5,0.009823514467638848,0.0027860313243373348,0.2108101586836486,0.08457353526683314,78,115,3.5259885205976276,2.492625595211711,-37
41035,5,0.008492913223716602,0.0021090730569557747,0.19311455734051014,0.06763947670566223,82,115,4.026846389083946,2.855056939320528,-33
41037,5,0.013059074534674045,0.004378163063943709,0.22274771085604342,0.0896386795531214,76,94,2.982774817644834,2.4849508266578084,-18
41039,5,0.006950370861944338,0.0012285753664971048,0.17304126535531036,0.050259779625381105,82,121,5.6572604754083,3.4429372083423306,-39
41041,5,0.006530926095635983,9.366927898896797e-4,0.1604427037830971,0.03711145192148847,82,114,6.9723245082362295,4.323266686588371,-32
41043,5,0.008840644334923117,0.0024684087459110747,0.20057856511541347,0.07811841209155708,81,117,3.5815155612163774,2.567622148800586,-36
41045,5,0.016161156362442072,0.006996213105780938,0.24954260261445735,0.12723208330079117,72,89,2.309986290881875,1.9613182158191198,-17
41047,5,0.01136785930276771,0.004026365753237814,0.226317725653486,0.1044610649017089,77,108,2.823354856330728,2.1665270774947234,-31
41049,5,0.01887853524778441,0.009680912832160942,0.2656621084716068,0.15599229730537795,68,83,1.9500780117622858,1.7030463238292723,-15
41051,5,0.0068032744990565875,8.999083730218398e-4,0.16724426081392796,0.0419030066617597,80,116,7.559963550746382,3.9912234022708812,-36
41053,5,0.008941350443934088,0.0025879581705263548,0.203074798814482,0.08189616509001836,81,118,3.4549825981598232,2.479661881496733,-37
41055,5,0.010160085601693014,0.003077485271931524,0.19824885762688851,0.0711505590541368,83,101,3.3014246061090757,2.7863288814926332,-18
41057,5,0.009612773908473616,0.0025987852371367197,0.20204301733784008,0.07354306834184597,80,109,3.698948943955347,2.747274785962088,-29
41059,5,0.011141826088804643,0.004079065483120164,0.22186266394859605,0.10244918220372665,79,106,2.7314653650232708,2.1655874568857776,-27
41061,5,0.009690380464393028,0.0028582043639835395,0.20674715371494665,0.08222370930956543,80,112,3.3903735458885595,2.5144469332630175,-32
41063,5,0.010441342161479817,0.0031323179384575143,0.20411523824366956,0.07536625255658834,81,102,3.333423479553156,2.7083108330271664,-21
41065,5,0.011179824467477367,0.0036457000242431843,0.21718455388233496,0.09032665058599411,78,104,3.0665782684076435,2.4044349311454623,-26
41067,5,0.007236616897075232,0.0015444888489199496,0.18330223860957529,0.06332687211467215,81,128,4.685444574194076,2.8945411716790943,-47
41069,5,0.00859789665524152,0.0022803913906932196,0.1831646870086435,0.058560282288423166,86,106,3.7703600751745654,3.1277972006096952,-20
41071,5,0.009393734922242658,0.0029083366836550745,0.20711074588903894,0.08640283043717618,81,115,3.2299337882837587,2.397036588282023,-34
42001,1,0.006170087289693841,0.0012439673495768847,0.16387792910424184,0.05134497609809595,84,123,4.960007424465358,3.191703289356853,-39
42003,1,0.005025346545564344,5.301927119222499e-4,0.12941839225737706,0.02104068486651588,80,12,9.47833954062591,6.1508640559192695,68
42005,1,0.0052768493009860955,7.065415194922749e-4,0.1429886485641248,0.033807539396802165,83,107,7.468562222327814,4.229489963343798,-24
42007,1,0.005089385671399331,5.705975411073999e-4,0.1357395879141203,0.027393136111282346,82,73,8.919396430489329,4.955240880879409,9
42009,1,0.005786525220778119,9.609376386817248e-4,0.15370824894030344,0.04091108495576685,84,119,6.021748954194822,3.7571296167406247,-35
42011,1,0.006948564775806513,0.0015988117359952295,0.178218491850179,0.06294155160272195,83,126,4.346080666890505,2.8314918732075203,-43
42013,1,0.005454350696888287,7.200101319696398e-4,0.14590858349303926,0.03471348440895626,82,107,7.575380476893451,4.2032249420456935,-25
42015,1,0.007406390184889428,0.0017690652481582546,0.18162965488416866,0.06354566217949363,83,121,4.186612219419325,2.858254185331018,-38
42017,1,0.006008692105736524,0.0011571007225378647,0.16449132813433734,0.05349317850786463,83,128,5.19288596809246,3.0749963401436995,-45
42019,1,0.005235967844395576,6.920985143876999e-4,0.14253717307413494,0.03376492155557399,82,103,7.5653505036459165,4.221457255262142,-21
42021,1,0.0052184570438675365,5.550570336957649e-4,0.13658443786944435,0.026316217972286192,81,65,9.401659157656672,5.190124128523425,16
42023,1,0.006278257987789506,9.928685482545148e-4,0.15688868733704034,0.03813736784471432,84,115,6.32335267224128,4.113778590485092,-31
42025,1,0.005250096349363702,7.018017209033899e-4,0.14271865734402614,0.03381090375400758,83,106,7.480882695194233,4.22108377765885,-23
42027,1,0.006080283614343703,8.412285312921998e-4,0.15655605296463393,0.03951193764351224,81,114,7.227861856996055,3.962246913252558,-33
42029,1,0.0064550718264065965,0.0014869082062373795,0.17215483136422505,0.06060085453978343,84,127,4.341271236064499,2.840798742387508,-43
42031,1,0.006190932884140404,0.0011615352025395697,0.16400934014203994,0.05025875273206887,83,124,5.329957172718146,3.2632990519358755,-41
42033,1,0.005331992961596669,7.269371859292498e-4,0.14371565145998477,0.03371603280024912,83,110,7.334874408413621,4.26253148795498,-27
42035,1,0.005822801721563382,9.852956116529648e-4,0.1557486112900443,0.04359602303386243,83,120,5.909700249039834,3.5725417240253625,-37
42037,1,0.005895938829283067,9.861035867158197e-4,0.15628328566705624,0.04274834806780097,84,120,5.979025843440308,3.655890642117522,-36
42039,1,0.0069148748707318925,0.0014920611279317345,0.17390575275802966,0.056786170842654825,83,122,4.6344447565074995,3.062466621316905,-39
42041,1,0.0056332998489786925,8.030849157967648e-4,0.15066783863455882,0.03838560317475752,82,113,7.014575592407591,3.925113224054752,-31
42043,1,0.0063454177398162845,0.0010535573617601447,0.16438864436305778,0.04745294534235456,82,122,6.022849794542935,3.4642453313921315,-40
42045,1,0.006573642067977673,0.0012940971248852498,0.17304078330703349,0.05764135501848343,82,129,5.079713061382909,3.0020249047154732,-47
42047,1,0.004987111560790942,5.274362818053949e-4,0.13159707638702392,0.023584627528534432,82,12,9.455382067612495,5.579781840006081,70
42049,1,0.006087582976508748,9.231140819324698e-4,0.1592402188672789,0.04335421711958173,82,118,6.594616088798962,3.6730041377071747,-36
42051,1,0.005547954380184026,7.011374837151299e-4,0.1468998236190714,0.03446958271744687,81,101,7.9127910132360615,4.261723294512575,-20
42053,1,0.006060810945698842,8.556866824979748e-4,0.14885243743697757,0.029851996655836772,85,112,7.082979167100905,4.98634778614962,-27
42055,1,0.007567823717925005,0.0019458444928650346,0.18559077305028746,0.06924188994125732,83,122,3.8892232887440277,2.6803250634512854,-39
42057,1,0.0062743271119851726,0.0012066637601146199,0.1643342833326203,0.0497626616763629,84,122,5.199731125917944,3.3023612040968966,-38
42059,1,0.005720293062878801,8.461831065506798e-4,0.1536667116156156,0.041411058772777544,82,115,6.760112579175202,3.7107650992162444,-33
42061,1,0.006628757909707846,0.0013910640179873898,0.16985185512860457,0.054087139127491045,84,122,4.765242881703189,3.140337201570963,-38
42063,1,0.005648667666190069,7.800991920288798e-4,0.14862103679940283,0.03521288764909504,83,113,7.24096079563809,4.220643256538557,-30
42065,1,0.0070733634758935165,0.0013757166220752647,0.1764300016687029,0.05653302077060045,81,124,5.1415846566012755,3.1208309632810907,-43
42067,1,0.009662628367526783,0.0031163368361650443,0.20777287140291673,0.08923078430613529,80,113,3.1006367012038365,2.3284886826735063,-33
42069,1,0.005982343271382831,8.587364787682498e-4,0.1569629031894759,0.0416107574001521,81,115,6.966448286864156,3.7721712604275295,-34
42071,1,0.007992041309973531,0.0022547268663913947,0.19346458143766837,0.07816960207841575,82,123,3.544571818920352,2.4749336864168066,-41
42073,1,0.005968437417126633,8.861125209307848e-4,0.15661077231478523,0.041524373514230765,82,117,6.735529942469726,3.7715384739305784,-35
42075,1,0.007146908314947744,0.0016676747019337896,0.18045865827750843,0.06430515418938823,83,125,4.285552995833291,2.806286067614905,-42
42077,1,0.006797625412532146,0.0014458451887638599,0.17746343243505297,0.06220876166348475,82,130,4.70148911194555,2.8527080059081182,-48
42079,1,0.005846707369710393,8.046843221200197e-4,0.15368003264820873,0.03915839991732685,81,112,7.265839794550327,3.9245738582951706,-31
42081,1,0.005826793198466445,8.598355026735848e-4,0.15430504221815305,0.040575978918115506,82,116,6.776637136229582,3.802866778138585,-34
42083,1,0.005904089389973145,9.294612399877248e-4,0.1563803701935297,0.0422910644747178,83,119,6.352163098324702,3.697716577624006,-36
42085,1,0.005698501990940093,7.706423183645448e-4,0.14999766727669653,0.03625809760323947,82,111,7.394483608210668,4.1369425643361675,-29
42087,1,0.007305897466484956,0.0016481499817111596,0.1808009210022099,0.06282507174970894,82,123,4.43278678976761,2.877846629805839,-41
42089,1,0.007357391187782641,0.0019574467201997296,0.18825147503992912,0.07524948028848706,82,130,3.7586674068104005,2.5016980093180923,-48
42091,1,0.006003263846717445,0.0010516189918477648,0.16243900506372896,0.049880356219339186,82,125,5.708592078742615,3.2565726746103207,-43
42093,1,0.006302953406119849,0.0010893828198617298,0.16361462656850975,0.047492638066350366,82,121,5.7858020993206525,3.4450523961193578,-39
42095,1,0.005993934051039947,0.0010279749534903848,0.1613222409280025,0.04850256299797435,82,124,5.830817210758055,3.326056005220589,-42
42097,1,0.006123441122760968,0.0010019070998890447,0.15986876981727197,0.04421537771263978,83,120,6.111785337621725,3.6156825540714657,-37
42099,1,0.007593766953322163,0.0019776792925844996,0.18610279428394644,0.069975429151918,83,122,3.8397362918223035,2.659544879387788,-39
42101,1,0.0071335772818987495,0.0011168967423094598,0.1755882350626379,0.05178622292468363,79,125,6.386962206683777,3.390636063920095,-46
42103,1,0.006074429250534948,0.0010722159827068049,0.16218355454849692,0.04873191985333861,83,124,5.665303771354048,3.3280764442812276,-41
42105,1,0.007075676811270954,0.0015394596161270645,0.17364537874764963,0.055124232788557104,84,118,4.596208135080394,3.150073388117895,-34
42107,1,0.0056385901177083584,8.246748057464898e-4,0.15058963660909055,0.03848620840687506,83,114,6.837349799481684,3.9128207958825496,-31
42109,1,0.007179631347998616,0.0017778823092486995,0.1805560358540047,0.06547585316773004,84,123,4.03830518513489,2.7575972991367186,-39
42111,1,0.00611249101436885,0.0011102477799700898,0.16012585992662912,0.045945906797057554,84,120,5.505519690868935,3.4850952149862415,-36
42113,1,0.0070217411583798845,0.0013469876279292147,0.16920712480260547,0.04768053814096325,83,116,5.2129217914011035,3.5487670944979635,-33
42115,1,0.006122462700366641,0.0011075656161211897,0.1594211265332383,0.0447302047361946,84,120,5.527855515963148,3.5640598444263007,-36
42117,1,0.00645787230935158,0.0013282485006506498,0.16697154248083187,0.052123458750689675,84,122,4.861945867951785,3.2033857016179415,-38
42119,1,0.006548507018446124,0.0012042505464372698,0.1681412984419828,0.05085042682260077,82,123,5.437827732625605,3.306585784000763,-41
42121,1,0.005820606253099778,8.398809620242947e-4,0.1538357438962893,0.040203821964678414,82,114,6.930275260759403,3.8263960086044473,-32
42123,1,0.005197680397614815,6.170962243469399e-4,0.13824152256348723,0.028637145387845012,83,102,8.422803758223301,4.827349957239928,-19
42125,1,0.005353314064847344,6.787260667909198e-4,0.14323330656390887,0.03268738907125285,82,103,7.887296991786852,4.381913350487708,-21
42127,1,0.00623782368358798,9.972805453087748e-4,0.1610082935830868,0.04420203613134405,82,119,6.254833419673944,3.642553775230151,-37
42129,1,0.004840235263861706,5.380472222534049e-4,0.12929405823240483,0.023803864969482637,81,18,8.995930215177458,5.431641390932279,63
42131,1,0.005081127185296302,6.688746393670149e-4,0.13892938994337317,0.031709304217108145,83,105,7.596531377097498,4.381344636014324,-22
42133,1,0.006248354494606527,0.0012119852063283197,0.16709635384015392,0.05395197315866239,83,127,5.155470926527039,3.0971314681810735,-44
44001,1,0.004785317492114482,5.785619972072699e-4,0.13213995285631916,0.028035976435154767,82,75,8.271053949642914,4.71322813250145,7
44003,1,0.005532194516087208,7.393302921955498e-4,0.14814787773739876,0.036576599604539,82,105,7.48271046714256,4.050345831464723,-23
44005,1,0.004932731022557166,5.689002484438299e-4,0.13322734003147751,0.026344091451502308,83,99,8.670643115467364,5.057200028201391,-16
44007,1,0.006564564407562585,0.0010923019814583698,0.16925061079274067,0.050985367358457316,81,125,6.009843906717088,3.319591866482175,-44
44009,1,0.00472354513201013,5.896758749224749e-4,0.13159402425806896,0.02829069493184813,83,93,8.010409333146177,4.651494937649182,-10
45001,2,0.006083521596601077,7.156705881227949e-4,0.15337593973017366,0.03444423285267139,80,104,8.500449365340225,4.452877217100752,-24
45003,2,0.006291432769794024,9.253672799180848e-4,0.16138519645181776,0.042826166351523,81,118,6.798849393454838,3.7683783116879086,-37
45005,2,0.010736921876167461,0.002974534241296994,0.21484543659730873,0.08321530169653504,77,109,3.6096144825301497,2.581802051031374,-32
45007,2,0.006566146486270532,0.0010467658886945598,0.16867453299704135,0.0493754740540364,81,124,6.2727937136538605,3.416160274480491,-43
45009,2,0.007785890667660449,0.0015421498523016995,0.18505409240525056,0.059099464165486046,80,122,5.0487251002487215,3.1312313067183735,-42
45011,2,0.007960991632549819,0.0014141853193137298,0.18142083721595192,0.05140650981938143,80,116,5.6293835919701785,3.5291413062933157,-36
45013,2,0.005355840376326739,5.920588944861499e-4,0.13984348257583223,0.027984443543561083,82,94,9.046127718383646,4.997186467479668,-12
45015,2,0.00637526943501608,0.0011168904750911198,0.16793686409377098,0.051576033551006414,82,126,5.7080524699576864,3.2561027386429173,-44
45017,2,0.007681098661018565,0.0014657504352610295,0.18341898106278687,0.057738549948689905,80,122,5.240386409744214,3.176716097404325,-42
45019,2,0.005406103190065324,5.366268561792449e-4,0.13740246662159786,0.023994167149714796,81,16,10.074231521986238,5.726494516948928,65
45021,2,0.006667303574204651,9.095892307204998e-4,0.1655726726027266,0.042341114410641985,80,117,7.330015955579615,3.9104467349851255,-37
45023,2,0.006789000530901134,0.0010574789529032398,0.16960218805901908,0.04740815469559922,80,121,6.419986433074979,3.5774897620042325,-41
45025,2,0.008354128777227141,0.0019790939590351095,0.19203413736718708,0.067070316477475,81,118,4.221188559081917,2.8631762522200135,-37
45027,2,0.00849217784908955,0.0020285159626698044,0.19260088376602547,0.06675042874072518,81,116,4.186399321163184,2.8853879652838472,-35
45029,2,0.007738039637727174,0.0014112246183630398,0.18382871104274603,0.057377668582861745,79,123,5.483209077448613,3.2038372346424375,-44
45031,2,0.007284417218456448,0.0012490759641746098,0.17750778675385656,0.05284268505471498,80,123,5.831844841614573,3.3591742465406402,-43
45033,2,0.009472155754019863,0.0026126884833607244,0.20660352104033408,0.08147211364747423,79,116,3.625443987809731,2.5358802146007555,-37
45035,2,0.007194751692688626,0.0014925343006577745,0.18277368939780902,0.06380202488128624,81,131,4.820493364553048,2.86470045014854,-50
45037,2,0.007646148202872136,0.0018638953730003996,0.18318933350713623,0.06335313764696276,83,118,4.102241098739235,2.8915589710483514,-35
45039,2,0.0062537775624733815,6.774160237513749e-4,0.15441842491877003,0.033253050722364924,79,94,9.231812273706478,4.643737087704654,-15
45041,2,0.006881139779568415,0.0010833950297470898,0.17131265818027175,0.048498054707708425,80,122,6.351459615958146,3.5323614362009206,-42
45043,2,0.005168215373379527,5.353617653852199e-4,0.1352948957087094,0.02492865669500295,82,87,9.653687856585602,5.42728384300907,-5
45045,2,0.0066266196213544725,0.0010424310413629449,0.1691793521468935,0.04899490629122127,80,123,6.3568901523599886,3.4529987901457924,-43
45047,2,0.006332697038407018,7.580025090571048e-4,0.15772913640133537,0.03609392191288445,80,109,8.354453926919573,4.369963917526812,-29
45049,2,0.008146343279979542,0.0018471788945885845,0.18875268074521076,0.06337306553410796,81,118,4.41015394006759,2.9784369614189226,-37
45051,2,0.005015666953461486,5.304215347522449e-4,0.12996181957765926,0.021529968437838536,81,12,9.456001736061223,6.036321880957971,69
45053,2,0.007397061923765221,0.0013134934300677347,0.17773761110351133,0.05267007393587236,80,120,5.631594155277782,3.3745464515564008,-40
45055,2,0.006409242183877402,0.0011237978040516297,0.16662841882168522,0.04938720541569175,82,123,5.703198707783689,3.373918759305675,-41
45057,2,0.006023793867875201,8.688636604360747e-4,0.1582213170741836,0.04210380717884446,81,116,6.932956391399674,3.757886226347809,-35
45059,2,0.006884115956774074,0.0012344098359861647,0.17407077518881414,0.05353731623295176,81,125,5.576847944730109,3.2513915047851256,-44
45061,2,0.010996221296742386,0.003113910970334459,0.22424805182648,0.09404036300624609,75,116,3.5313216728098373,2.3845936431741084,-41
45063,2,0.006696830936703008,0.0011850767180385097,0.1724408497706844,0.05354446568858619,81,127,5.650968274684636,3.2205167714922736,-46
45065,2,0.00536032719084158,5.210307667611749e-4,0.13575028563445202,0.021735036041918128,83,105,10.287928338977718,6.245689465278291,-22
45067,2,0.008510647782163039,0.0015918961965495347,0.19066583485852373,0.05852172225921039,78,118,5.346232876622251,3.2580352644784982,-40
45069,2,0.007144903087881007,7.589324912870948e-4,0.165113548475395,0.03450766501395122,78,107,9.41441191398166,4.784836887938975,-29
45071,2,0.006356799394156631,0.0011079850927504797,0.1638333790797861,0.046257521831076225,83,120,5.737260758965999,3.541767319011918,-37
45073,2,0.005414312840232736,6.229949873592549e-4,0.14201013723452977,0.02953058690355042,82,99,8.690780744774324,4.808916859605526,-17
45075,2,0.007245123230244366,0.0011126166754625048,0.17293680568298891,0.046158344621913434,80,118,6.511787383765961,3.7465989540900493,-38
45077,2,0.005911290904319893,8.080977004850848e-4,0.1553836799067316,0.03984431721707299,81,111,7.31506957731901,3.8997701745068647,-30
45079,2,0.006467005501899321,8.432083097021898e-4,0.16232273544659143,0.040720064778902325,80,114,7.6695229725420795,3.9863083796146923,-34
45081,2,0.009436674196311697,0.0027782405170596546,0.20394861170395243,0.08126828411752925,80,112,3.396636878040704,2.5095720171599085,-32
45083,2,0.00691833759913859,0.0013048940805300347,0.17663177931721413,0.057326388155134966,81,128,5.301838442188681,3.0811600905191945,-47
45085,2,0.006591433692548305,0.0010921449417380547,0.1665840593375737,0.04632984016487373,82,120,6.035310370122308,3.5956104908791393,-38
45087,2,0.006939145722454884,0.0010371127585154848,0.16991431731498688,0.04551886863943523,80,119,6.690830544199962,3.732832611920011,-39
45089,2,0.007956686671301089,0.0014446003717998098,0.18576699831394797,0.05691956648893839,79,121,5.507880813700713,3.263675564887682,-42
45091,2,0.006236729611498379,0.0010666901942781297,0.16522870491269007,0.04956158563649585,82,124,5.846805047007124,3.333805865787716,-42
46003,3,0.005731620510655045,0.0027003259556012595,0.1520210773059886,0.07780883909040723,102,118,2.122566166045992,1.9537764485774307,-16
46005,3,0.0065568919741468175,0.003169969081009534,0.17175542888434794,0.09399504284927135,95,118,2.0684403559099245,1.8272817765482767,-23
46007,3,0.014699946203219277,0.009433907823094143,0.23332181510627184,0.16065908384044364,76,87,1.5582032895460254,1.4522790092466367,-11
46009,3,0.003473111710128212,0.0012769945534846748,0.11997674455631577,0.051609204234232514,103,128,2.7197545209967826,2.3247160334383707,-25
46011,3,0.004030291706756029,0.0015811286526531995,0.13343279602960795,0.061412824543676366,102,129,2.548996692959192,2.172718760634621,-27
46013,3,0.0031043911334993775,0.0010247788625437747,0.11252663261210834,0.04545688459085678,99,127,3.029327835464375,2.4754585278979278,-28
46015,3,0.0058393677457687695,0.0027635851983626395,0.15683033784577313,0.08159340049143034,102,119,2.1129682375012213,1.9220958668372308,-17
46017,3,0.021691054756628914,0.015398028505237726,0.27242227771794325,0.20597514513593762,66,73,1.408690388464379,1.322597818965742,-7
46019,3,0.005498481717661113,0.0025621496278097197,0.15549127110584648,0.08121010510370315,101,122,2.1460423926769443,1.9146788556336463,-21
46021,3,0.006307887873527997,0.002959808984521254,0.15752347886805881,0.08042373002952473,99,114,2.1311807304174026,1.9586691491457762,-15
46023,3,0.010565727255109094,0.0060703763336485885,0.20431012829087167,0.12721194008483575,86,99,1.740539082650018,1.6060609417215106,-13
46025,3,0.008524624814444371,0.004447716873269429,0.17884655064041619,0.10019342425350661,92,104,1.9166293757763604,1.7850128586074034,-12
46027,3,0.0034294698815749924,0.0011614395257852647,0.12036609848003296,0.05004876018136416,98,127,2.9527752460949546,2.4049766276698246,-29
46029,3,0.0038178231202951793,0.0014273549669261947,0.12897624431614257,0.057438433711292924,100,128,2.674753798991467,2.24546938317339,-28
46031,3,0.019167698795471505,0.013122566597058861,0.25363457366168224,0.18438240238957768,69,76,1.460666909457143,1.3755899173381152,-7
46033,3,0.0028453368044071914,9.118583332108748e-4,0.1049373340781113,0.041079088124682944,98,124,3.120371554195342,2.554519558944597,-26
46035,3,0.002938755123188773,9.190657541811848e-4,0.10838887634848303,0.04230253568097872,97,124,3.1975461057266488,2.5622311902503743,-27
46037,3,0.004206508079153768,0.0016973793776766245,0.1324486105147042,0.06024559897932827,105,126,2.4782368246464985,2.198477776943516,-21
46039,3,0.0050530393227893305,0.0023032559289410995,0.1474623850401603,0.07471138966791357,104,123,2.193867932476101,1.9737604359337892,-19
46041,3,0.015737029836664397,0.010389479309509033,0.24255333795353728,0.17163932112745317,75,85,1.5147082320343992,1.413157173777365,-10
46043,3,0.010826868960032324,0.006245145187063628,0.20334940765560985,0.12645988961553226,85,97,1.733645677679265,1.608015065281488,-12
46045,3,0.005189009445572946,0.0023789701485373745,0.14517393378078852,0.07268563905616494,104,120,2.181199898100119,1.9972849611821,-16
46047,3,0.001456955340581338,4.999999999999999e-4,0.05667532663665,0.015224527023219447,72,0,2.913910681162677,3.7226329954429795,72
46049,3,0.01071167421755089,0.005911636292343903,0.1977468811782553,0.11718833544062825,86,96,1.811964350957021,1.6874280228891967,-10
46051,3,0.004168966725513221,0.0017178811438586495,0.13582040996259787,0.06480471061465379,102,128,2.426807431012964,2.0958416243878086,-26
46053,3,0.003624329459073542,0.0013092075532691947,0.12097463593597785,0.05015889614351387,104,127,2.7683383356774143,2.41182811499374,-23
46055,3,0.005210729163892473,0.0023693438260451046,0.14338635778087677,0.07048283669705163,105,120,2.1992287934800046,2.0343443099087803,-15
46057,3,0.009553141994289648,0.005555249475256814,0.19945459754820058,0.12571120024927715,90,104,1.7196603027171908,1.5866096032230625,-14
46059,3,0.007584045542343866,0.003827437498992414,0.16982058465453662,0.09209552053553742,95,108,1.9814942881080075,1.8439613964612642,-13
46061,3,0.005697924076278676,0.0028077878711265996,0.15799194617928963,0.08609212903901756,102,121,2.0293285453905874,1.8351497162729775,-19
46063,3,0.011390602748212941,0.006408739357891883,0.1980361425974117,0.11835371267354747,84,93,1.777354657774663,1.6732566991257012,-9
46065,3,0.0030891766124302236,0.0010242319669439548,0.1126093516438438,0.0461251261647123,97,126,3.016090799867859,2.441388479713141,-29
46067,3,0.004740504717648796,0.0020562309861323095,0.14022066746339681,0.06735579668430333,105,123,2.305433946681983,2.081790645586321,-18
46069,3,0.005851020785859693,0.0028994804176631648,0.15497056134875312,0.08304440919014629,103,118,2.0179549239981833,1.8661167303137522,-15
46071,3,0.01982570065516741,0.013707803770500102,0.26126339185304054,0.19267832571150723,68,76,1.4463075914344017,1.3559563115792492,-8
46073,3,0.0063439723226877956,0.0029220817951291144,0.16141281255064355,0.08208417261548107,98,115,2.17104542838695,1.966430401957918,-17
46075,3,0.0063121053568418505,0.002935066839173194,0.1598049166035106,0.08169651348803769,98,114,2.150583173301759,1.9560800061181292,-16
46077,3,0.006346352664880023,0.002989545220563199,0.1620376144297438,0.08435493342167347,98,115,2.122848860498065,1.9209026414584447,-17
46079,3,0.0035399509466479823,0.0013410547501624098,0.12207115419841102,0.05384457167566547,103,129,2.6396766770478783,2.267102335472378,-26
46081,3,0.0022194984269942445,5.710612103099799e-4,0.08445110611667953,0.028087910061805034,86,92,3.886620885683113,3.006671052807137,-6
46083,3,0.003575221019928718,0.0014227892784171598,0.1280790225108923,0.061266551001173904,101,132,2.5128253875416595,2.0905211802838095,-31
46085,3,0.010565909468475953,0.006059923751761588,0.20390399991141248,0.1268918784809098,85,98,1.7435713552343788,1.6069113512421422,-13
46087,3,0.004996600633603034,0.0022957463077025197,0.14615779224047815,0.07447764944510286,104,123,2.1764602721297237,1.9624383063835869,-19
46089,3,0.005666118560237682,0.0024803399474566394,0.14763742316809791,0.07005499550554477,102,116,2.2844120887734625,2.1074503267424034,-14
46091,3,0.004573761380310547,0.0019014019716364445,0.13902575306413495,0.06514905238276973,104,124,2.405467885559271,2.133964316891641,-20
46093,3,0.003386918277368397,0.0012917537268000649,0.12152714745424024,0.0551732196455466,102,130,2.621953555929332,2.2026473755741662,-28
46095,3,0.017098933645886643,0.010954937181564263,0.24398977666887503,0.16794125823611084,71,80,1.5608426924311285,1.4528280854359599,-9
46097,3,0.0054639368672053466,0.0024382759507632994,0.15213425048358825,0.07598682254321493,100,120,2.24090175908714,2.0021135953811866,-20
46099,3,0.003660408599513014,0.0013167323810328647,0.1288000794596511,0.05812701149213811,96,130,2.7799184194450617,2.215838663528604,-34
46101,3,0.007691933162622689,0.004055386204149064,0.18097244812729668,0.10473993251908237,94,111,1.8967202568162498,1.72782666338195,-17
46102,3,0.03736600671276252,0.029891088495488737,0.3309488840802078,0.2790132379623794,51,55,1.2500717970977178,1.1861404372678226,-4
46103,3,0.002513847663709757,6.906039921356949e-4,0.09476996469160476,0.03447909596631174,88,100,3.640071144007835,2.748620926262133,-12
46105,3,0.006767299797587993,0.003300678820182529,0.1606026619763336,0.08401074465002907,99,111,2.050275160433137,1.911691922805472,-12
46107,3,0.005533799385254823,0.0025513181663570548,0.1460237890270467,0.07231825720201118,104,117,2.1689961911557103,2.0191829100520104,-13
46109,3,0.009163156150610493,0.005071276400581834,0.19515246807371345,0.11828121799206559,89,105,1.806873738840027,1.6499024222662675,-16
46111,3,0.004337775206099245,0.0018011559617025195,0.13443711753030751,0.062412710488494644,105,125,2.4083284836694645,2.1540022293229852,-20
46115,3,0.0055900135234802605,0.0025343438955203095,0.15064708017745748,0.0749466536025894,102,118,2.2057044165794286,2.010057460020505,-16
46117,3,0.0038447695852212595,0.0014104064146524247,0.1278783560117447,0.05532790295793082,101,127,2.726001204531355,2.311281454295826,-26
46119,3,0.00413003554420226,0.0015961524092408797,0.12333791711534225,0.051466353076848964,108,122,2.5874944775270428,2.3964767220085617,-14
46121,3,0.019164372102396608,0.01324018764748922,0.2620682247923012,0.19355591211668763,69,78,1.4474396143494845,1.3539665201975852,-9
46123,3,0.005450436219033834,0.0024874310484410897,0.1487841773330429,0.07436274302912864,103,119,2.191190876406284,2.0007892564528262,-16
46125,3,0.004219318828055352,0.0018033750315293296,0.13559610692915422,0.06566591688514922,105,128,2.3396790763356705,2.0649389114038272,-23
46127,3,0.0028302358291641106,9.565594564669998e-4,0.10636566860368997,0.04382034060889789,98,125,2.9587662429447223,2.4273126846050124,-27
46129,3,0.004431401476367542,0.0017868689714532946,0.1379300814320085,0.06398103983198081,102,125,2.4799812113606734,2.155796182653855,-23
46135,3,0.0032913450501983457,0.0011141766313624648,0.1176745108246841,0.04912433171070488,98,127,2.9540603864340094,2.3954424768091283,-29
46137,3,0.01436054759200025,0.009222458482593593,0.2272048924333516,0.15523672060208835,78,87,1.5571279197520111,1.463602758111183,-9
47001,1,0.005915070479599602,8.778356011854598e-4,0.15708635835630477,0.04308687493302144,81,116,6.738244007889045,3.6458053316815286,-35
47003,1,0.007381373844982867,0.0018543746579580197,0.18646395894160975,0.07127696999210206,82,127,3.9805191541557243,2.616047777595921,-45
47005,1,0.004914488019810843,5.292253162296949e-4,0.13074303583199412,0.023770125967348663,82,12,9.286192230603442,5.5003089176551505,70
47007,1,0.011227561476464613,0.004472721127485414,0.2199293887915835,0.10706782471565668,80,104,2.510230608268842,2.054112796030523,-24
47009,1,0.005930280222938901,9.327422182094648e-4,0.15772498789843858,0.044216871573323734,82,119,6.357898363733275,3.567077051954867,-37
47011,1,0.006262322439308187,0.0011582344653113398,0.16671303805846843,0.05271039121872763,82,126,5.40678301920919,3.1628116241193154,-44
47013,1,0.006636551788216783,0.0012230168221382999,0.17194628345179624,0.055374570459043385,81,128,5.426378172471543,3.1051488440704498,-47
47015,1,0.005692415963809499,7.858976139905348e-4,0.1501918218272249,0.03653282727602258,82,113,7.24320301076529,4.111146960854016,-31
47017,1,0.005680249311051089,9.705767957848747e-4,0.15335124851718293,0.04197321461727526,84,120,5.852447055936105,3.6535502442566528,-36
47019,1,0.0056890197919712985,6.918764971190848e-4,0.1478033089361883,0.03352240744844301,81,102,8.222594372926231,4.409089924806495,-21
47021,1,0.006931340398899505,0.0016673520062751245,0.1804538183753075,0.06747196148381028,83,129,4.157094826295357,2.674500850528955,-46
47023,1,0.005854305404226975,0.0011320477439196199,0.1602605349329981,0.04972087245306809,84,125,5.171429770229422,3.223204401416513,-41
47025,1,0.008019720058338934,0.0019856874132112745,0.19203191304134504,0.0719581498251975,81,124,4.038762599280094,2.668661069077424,-43
47027,1,0.007614084344318531,0.0019257850802841645,0.18175588937539053,0.0630266779267103,85,117,3.953756014765165,2.883792948547008,-32
47029,1,0.005574628085066018,8.147392624898248e-4,0.1496769335745826,0.03834513377315277,82,114,6.842223447081808,3.903414041011338,-32
47031,1,0.005849914064046783,8.909035152598648e-4,0.15542237771764436,0.041815672211582076,82,117,6.566271166121104,3.7168451323997984,-35
47033,1,0.006498236592810092,0.0015076993043241396,0.16936817574690044,0.057161697468917895,85,122,4.31003488173862,2.9629661687180593,-37
47035,1,0.0055121075571645025,8.069248450021248e-4,0.14708941744217924,0.03565903023889764,84,115,6.831004883918264,4.12488551866817,-31
47037,1,0.006311895923364246,7.625834687557197e-4,0.15802562327013736,0.03776424709418331,79,105,8.276990233820753,4.184529957025874,-26
47039,1,0.008423663502307215,0.0023417397091693745,0.19766878112775227,0.07938531930396887,81,122,3.5971818171435994,2.489991636499846,-41
47041,1,0.007714310409177279,0.0019849798912375148,0.1867760885043133,0.06952511105294625,82,121,3.8863418431749825,2.686455090479116,-39
47043,1,0.005800098125723766,9.897415296577197e-4,0.15730951175624894,0.046200610668236476,83,121,5.860214967163802,3.4049227809103675,-38
47045,1,0.005811108993900835,8.508341330051698e-4,0.15327264379798117,0.03899442105340736,83,116,6.829896413976525,3.9306300659793507,-33
47047,1,0.0061190438723868765,0.0011741130606688598,0.16356178365265997,0.0509383305798406,83,124,5.211630870455547,3.2109765237848475,-41
47049,1,0.008730340624947834,0.0024279623850854545,0.19533230362926826,0.07372220869123336,82,114,3.5957478907320723,2.6495720502266518,-32
47051,1,0.006123095950953841,0.0010081238370956897,0.16019798453472864,0.04474693052648298,82,120,6.073753764809199,3.5800887937982075,-38
47053,1,0.006728296556275037,0.0014650442454188296,0.1728232289332349,0.05727283318700452,84,123,4.592555192318809,3.017542861358731,-39
47055,1,0.005513195337089969,8.691916583004398e-4,0.1480970965732261,0.03727772639730199,85,117,6.342899502590842,3.972803893532111,-32
47057,1,0.005550327725986231,8.320732641608998e-4,0.14838749241820182,0.03685998970840002,84,115,6.670479590019554,4.025706289993504,-31
47059,1,0.006181512761637697,0.0010227411177843547,0.16175120655719866,0.046205965026112475,82,121,6.044063990532813,3.5006563863732283,-39
47061,1,0.005391324526089133,8.570534333320448e-4,0.14659021152540824,0.03729768683654293,85,117,6.290534891306355,3.930276217070503,-32
47063,1,0.006285538588571138,0.0010310809952566798,0.16510508555874553,0.04931325591775913,81,124,6.09606676632266,3.3480872938930486,-43
47065,1,0.005550828488614789,6.998635869260749e-4,0.14690486727660196,0.03465543602353878,81,99,7.931300602443132,4.239013676723639,-18
47067,1,0.007071778899711135,0.0013209362084879198,0.17553134838622272,0.05402443148280078,81,123,5.353611214735513,3.2491105147882005,-42
47069,1,0.005989621157254274,8.267629257575848e-4,0.1532804033819149,0.0360917739876889,82,114,7.244665877785733,4.246962297674802,-32
47071,1,0.0056849600546409395,8.744278973815148e-4,0.15121259723410344,0.038644570937419534,83,117,6.5013479918294275,3.9129066144627394,-34
47073,1,0.005109722899410456,6.353623259548399e-4,0.13861350958833613,0.031162801645054018,82,90,8.04221888940523,4.44804389435685,-8
47075,1,0.007008049405641882,0.0014235082308155598,0.17359162966202066,0.05409311034207841,83,120,4.9230831644906,3.2091264222790628,-37
47077,1,0.007654658108393299,0.0017287256305047345,0.18554584550389222,0.06505272248771969,81,123,4.427919603504909,2.8522379757268204,-42
47079,1,0.006086826550973392,9.731139835789998e-4,0.15612417067452217,0.03965990507266589,84,117,6.254998544555647,3.936574492260319,-33
47081,1,0.006880214443592376,0.0015512495099148445,0.17559911057818722,0.06034358547867993,83,124,4.4352725977461,2.909988015879971,-41
47083,1,0.006857073686933478,0.0013911099490284148,0.16712002052345673,0.047808115321216246,85,116,4.929210442152776,3.495641260915641,-31
47085,1,0.005377849398919227,7.356772021659748e-4,0.14414828104722094,0.033731470355286904,83,111,7.310066674739691,4.273406392574519,-28
47087,1,0.00671004370228853,0.0010734350193549998,0.1684242107914203,0.047636545729777546,81,121,6.2510013007777845,3.535609230501752,-40
47089,1,0.006364950630553911,0.0012604603898217347,0.169368473290471,0.05585444780879627,82,128,5.049703014827858,3.0323184622693184,-46
47091,1,0.007723395602792379,0.0017414829111509096,0.1864243756506121,0.06556424747971479,81,123,4.434953425806601,2.843384661866069,-42
47093,1,0.005629483077919543,7.455894177339448e-4,0.14968298835754776,0.037048394950743406,81,105,7.550379530639154,4.0402017025718475,-24
47095,1,0.007083861622167483,0.0010253872773212098,0.1660045031328625,0.038796097810175983,81,113,6.908474270008338,4.278896912393094,-32
47097,1,0.006872345564446277,0.0014003152294648998,0.17402112732034278,0.055985276770395366,83,123,4.907713220452794,3.1083373586600533,-40
47099,1,0.007546483490501691,0.0019193074938644746,0.1843066392518234,0.06746546810199412,83,121,3.931878302265703,2.7318663078597347,-38
47101,1,0.007414186030212642,0.0015094101250083547,0.1843303348836327,0.06390431385544813,80,130,4.911975815831767,2.884474048193191,-50
47103,1,0.006780723498642791,0.0013964694226941297,0.1711718304004548,0.053722507792814254,83,121,4.855619026416721,3.1862218915876857,-38
47105,1,0.006703010676687653,0.0013695570006754048,0.17020009846528597,0.053633194100636904,83,121,4.894291127263798,3.1734097011996685,-38
47107,1,0.008138391448816331,0.0021858458527706697,0.19606369451936362,0.0785724472974738,81,125,3.723222952112799,2.495323758684392,-44
47109,1,0.005702764855471635,9.281129264574998e-4,0.15336948681982177,0.04161800970315721,84,119,6.144473040838287,3.685171105339689,-35
47111,1,0.007713979769213397,0.0020538276914493394,0.1883551089749468,0.07204671010518814,83,122,3.7559040621220845,2.6143471186949205,-39
47113,1,0.006426847810595333,0.0010713090148364599,0.16561698052154003,0.047977423144788145,81,122,5.999060701992152,3.451977402407266,-41
47115,1,0.005972972234319168,0.0010730746394017998,0.1608524517603307,0.04845132299453848,83,123,5.566222530101805,3.319877390725993,-40
47117,1,0.007084681253726143,0.0016501158631911045,0.1808253182015733,0.06515813153729771,82,127,4.293444728193396,2.775176542594159,-45
47119,1,0.005715204100077444,9.613231790976148e-4,0.1566978961395825,0.04613727298421987,83,121,5.945143344449734,3.396340659171104,-38
47121,1,0.0076120434218053664,0.0018105769857401745,0.18804462519617468,0.06995466583955745,81,127,4.204208648268838,2.688092680300398,-46
47123,1,0.006505848349151668,0.0012511904452606947,0.1680667039553627,0.051985192138133705,83,123,5.199726687327865,3.2329726416857363,-40
47125,1,0.007448142148230682,0.0019164345191923897,0.1889977601028103,0.0744959830574565,82,130,3.886457937195488,2.5370194787152758,-48
47127,1,0.006144158976441117,0.0011340383535900149,0.1619438896624769,0.048251761777302664,83,122,5.417946365738521,3.3562274971409294,-39
47129,1,0.006571782210518242,0.0012944573527769148,0.1714759750080476,0.055990497332830305,82,127,5.0768626686852425,3.062590674784055,-45
47131,1,0.0059241432213585805,9.473608092025448e-4,0.15537793331367963,0.040749745596236876,83,118,6.253312532893689,3.8129792233114785,-35
47133,1,0.007147228693953736,0.0017154594558140945,0.18047701970452018,0.06464779889038802,83,124,4.166364101308312,2.7916962804955436,-41
47135,1,0.005142366523870056,8.590150626613748e-4,0.14444976886842137,0.03864793676230292,85,118,5.986351983093439,3.7375803463153363,-33
47137,1,0.004116279152763939,5.014820093302649e-4,0.10899673331774568,0.012131527284139876,81,2,8.208228961715452,8.984584608752625,79
47139,1,0.006575198176322225,0.0013429749391939648,0.1700875608072559,0.054758493710083025,83,124,4.895994693890989,3.1061402402297382,-41
47141,1,0.005849506553961942,8.696587030309798e-4,0.1552165655331747,0.04168258344358504,82,116,6.7262094124682905,3.7237750808620422,-34
47143,1,0.00617065135441595,0.0013120691162217249,0.16736489654172737,0.056637386333452146,84,128,4.7029926077256885,2.9550250704784986,-44
47145,1,0.005408753148673439,7.219592095898849e-4,0.14564078771091302,0.035333098699672695,82,105,7.491771109542223,4.121936458187353,-23
47147,1,0.0063742214606125926,0.0014565062770334847,0.17155427284780972,0.06087822701458371,84,128,4.376377610672014,2.8179906226032663,-44
47149,1,0.006906440007854486,0.0016580645629695446,0.18126081044063366,0.0683351859959421,82,131,4.16536253297957,2.65252531033423,-49
47151,1,0.006447225351263337,0.0014585663087117947,0.17193891537528502,0.059938832745880334,84,127,4.420248371812129,2.868572968450117,-43
47153,1,0.00574808986442879,0.0010784953473264298,0.1581259075811067,0.04883005964163337,84,124,5.329730794553912,3.2382902814701002,-40
47155,1,0.006142062013702231,0.0010750538212044797,0.16403093819333664,0.050427734491400825,82,125,5.713260017829364,3.252792136067663,-43
47157,1,0.006669483130129984,0.0010951017378562598,0.1704691019667528,0.05115724311189106,80,125,6.090286317311463,3.3322574008513905,-45
47159,1,0.0080222256215576,0.0022050731913229797,0.19429919635652176,0.07808735149866881,81,124,3.638076800863239,2.4882287928517344,-43
47161,1,0.006395674220846285,9.282592956987298e-4,0.15969521092043498,0.03986389877410136,81,115,6.8899651751206665,4.0060108476942355,-34
47163,1,0.005469564993402035,6.545001340067649e-4,0.14424854996108366,0.03238709321859794,81,91,8.356858477504149,4.453889979797585,-10
47165,1,0.006119994689740302,0.0011840055529665798,0.16577141625950245,0.05392638068464108,83,127,5.168890191778559,3.0740319330704917,-44
47167,1,0.006284756032952898,0.0014443720421591997,0.1700518435749398,0.060184581866808105,84,128,4.351203048459579,2.825505109452686,-44
47169,1,0.005320567524964284,7.428217263182248e-4,0.14658393562045036,0.037783202939220197,82,103,7.162643924452141,3.8796058623259664,-21
47171,1,0.005058960697778405,5.581534846120799e-4,0.1339399625379598,0.02609399789453689,81,46,9.063744717628008,5.132979740371706,35
47173,1,0.005758244738559453,0.0010519396899979197,0.15923142416752287,0.049899858633731975,83,125,5.473930486044158,3.191019544489921,-42
47175,1,0.011829788791075876,0.004500053685418819,0.22702360406389072,0.10936298867850143,77,105,2.628810591617393,2.0758723477398804,-28
47177,1,0.009165862688776238,0.0026437657357614697,0.20360454315290838,0.08233899544593594,80,116,3.466972343575004,2.4727596207631146,-36
47179,1,0.005438022328687343,6.303401847070399e-4,0.14267665910897107,0.030922037168361206,81,86,8.627123037086308,4.61407695528401,-5
47181,1,0.007207087760874099,0.0017537566704454745,0.1785723053987597,0.062130787012027386,84,120,4.109514097553462,2.874135577329664,-36
47183,1,0.005363853474070079,8.081579870909197e-4,0.14514238499939583,0.03526720125655388,84,115,6.637134767891161,4.115506187847081,-31
47185,1,0.007303505281740021,0.0016345577454606496,0.18279436112694775,0.06511825035985161,81,127,4.4681843159243995,2.8071141364640972,-46
47187,1,0.006053707468539071,0.0013960049175462798,0.1689900657805939,0.061437189339331705,84,132,4.336451392434569,2.7506151827230076,-48
47189,1,0.006028102893221187,0.0012360494651839798,0.1662301994527263,0.056549556430151415,83,130,4.8769107248664465,2.939549130823858,-47
48001,4,0.004650873835654344,0.0016182883559378645,0.14763076469537975,0.06576908793185256,93,130,2.8739463017139313,2.244683168608772,-37
48003,4,0.009034207739348625,0.0048030227172155045,0.2044103454026329,0.12262046724383036,88,111,1.8809421215034559,1.6670165266632337,-23
48005,4,0.005878736993963479,0.0024155525064396546,0.16796060240987426,0.08391870060019134,93,126,2.433702839533098,2.001468101967862,-33
48007,4,0.004395274652607553,0.0012028424709518547,0.13846611171308265,0.05297309750931289,89,125,3.6540733793091014,2.613894943348173,-36
48009,4,0.0036685326695517968,0.0011874392253137498,0.12546895466851252,0.050785504867733984,97,128,3.089448783016649,2.4705662569523423,-31
48011,4,0.004177840535891188,0.0015738607974184647,0.13298810858469232,0.057880211658170186,103,126,2.6545171864906463,2.2976437848931077,-23
48013,4,0.010368498027532048,0.005514296421558834,0.2149062258301317,0.12959688603899694,83,105,1.8802939187300676,1.6582668951278996,-22
48015,4,0.006524458701761894,0.0028643066708430647,0.17668510468764428,0.09244220752947493,92,122,2.2778492150219094,1.9113033906217431,-30
48017,4,0.010034180090863655,0.005153052285638484,0.2007587712695746,0.11434520073644429,86,101,1.9472304053325513,1.755725382233628,-15
48019,4,0.005221236829054932,0.0018556031167482796,0.15445453994305272,0.06899737426356473,92,126,2.8137680853891425,2.2385567797558226,-34
48021,4,0.006758112044057627,0.003042136924295914,0.18005361198005107,0.09593421575717276,92,122,2.2215015997748866,1.8768445706149313,-30
48023,4,0.003957493175409873,0.0012652410637322897,0.12562473539376398,0.04715638577576171,100,124,3.1278570454675285,2.6640026229137956,-24
48025,4,0.006598338411019768,0.0028345964982336444,0.17738746434075178,0.09148976553983343,91,122,2.327787540530537,1.9388776798593896,-31
48027,4,0.005004380381491378,0.0017914039816758795,0.15540440936346298,0.07176068705743806,92,131,2.7935521148109324,2.1655925512401457,-39
48029,4,0.006208094431409091,0.0025490230095550495,0.17442052371467054,0.08837136162916978,91,126,2.435479949823112,1.9737222613654681,-35
48031,4,0.0038921780156182606,0.0012548727914751799,0.12928291756445878,0.052151256843169284,96,127,3.101651451891603,2.4789990767287158,-31
48033,4,0.013662337033796252,0.007979660084494944,0.22054815853154666,0.13822968503139899,79,89,1.7121452404148343,1.5955195042327484,-10
48035,4,0.004777559742384522,0.0017102989376397346,0.14823967927000228,0.06607193838817345,95,128,2.793406250358608,2.2436102661177024,-33
48037,4,0.004724998710080998,0.0015686976158932446,0.14880379423007756,0.06482660924693347,92,130,3.0120519481955728,2.2954122691079437,-38
48039,4,0.005349649877849834,0.0022041435780312695,0.16242740276725207,0.0817444377381802,95,130,2.4270877501673986,1.9870147408376808,-35
48041,4,0.0045837330691054405,0.0015071140950902195,0.14671050367589508,0.06376663850511023,92,131,3.0413975186338145,2.3007407496341172,-39
48043,4,0.0027732941326176503,5.698034940141649e-4,0.09667590601276067,0.026782865160737013,89,108,4.8671062247798504,3.6096177698898715,-19
48045,4,0.006125495105517222,0.0023633362764775147,0.15685289542667,0.06857987745806095,96,116,2.59188468711998,2.2871562510824135,-20
48047,4,0.003829977382925596,0.0011239871325498198,0.12609324905112151,0.04646814053711138,96,126,3.407492196318213,2.713541957858594,-30
48049,4,0.004522121293095512,0.0014722190158659445,0.14340990062584816,0.060693726436400405,93,128,3.071636247298195,2.3628455368632566,-35
48051,4,0.00562331401586047,0.0021929555401758896,0.16134747851211598,0.07662848237618723,94,125,2.5642626641712227,2.1055810256038123,-31
48053,4,0.006203818632263009,0.0025493873099963348,0.1722184730996105,0.08668086783328499,91,125,2.4334547394730417,1.986810670041302,-34
48055,4,0.009470061561934156,0.004771280331987664,0.20788969831256648,0.12089010675806915,84,109,1.9848051053393103,1.7196584889167559,-25
48057,4,0.004168213778331798,0.0013695515837447297,0.13721777534167914,0.058092218373927584,94,129,3.043487976505973,2.362068090745592,-35
48059,4,0.003894754451612197,0.0011762978233449597,0.12943468290022123,0.0507833317869831,94,127,3.3110275087791488,2.5487631146997374,-33
48061,4,0.01137595013583231,0.006356596325872513,0.2239696051670918,0.14032869659893082,82,102,1.789629158851901,1.5960356690778117,-20
48063,4,0.0065337397731339095,0.0027748085636857245,0.1753021816821829,0.08973512509532652,91,122,2.354663258086269,1.9535514270020533,-31
48065,4,0.005325478561446538,0.0019953688232600395,0.15262427464075806,0.06801359434081673,96,123,2.6689193994450386,2.244026008623459,-27
48067,4,0.0044312939400758785,0.0014296114916686948,0.1429411087442184,0.06089600243555777,92,130,3.0996490766197677,2.347298722859248,-38
48069,4,0.010944536375530698,0.0061105884785935686,0.20858230160702335,0.12702071924947697,85,99,1.7910773101267206,1.6421124273226175,-14
48071,4,0.0050898855694138986,0.0021398632394396197,0.15861221082653523,0.0805798371448562,96,131,2.3786032095896097,1.9683858449776008,-35
48073,4,0.006924633606187303,0.003160792731053054,0.17933661025555808,0.09532656078802042,92,119,2.190790157847611,1.8812869023393437,-27
48075,4,0.004695059832502889,0.0018864491407546147,0.13915659919614498,0.06268349683397484,104,123,2.4888345681160415,2.219987815368993,-19
48077,4,0.004381078596907262,0.0015182906225898595,0.13974247742354723,0.06005456219375416,96,128,2.8855335939796136,2.3269252546158907,-32
48079,4,0.0101228246616559,0.005250238142619109,0.20318722507303594,0.11676158448934663,86,102,1.9280696202108034,1.7401890010457575,-16
48081,4,0.002470097126763756,5.148542199285049e-4,0.08615971829385831,0.022351533580650375,83,7,4.797663165908915,3.854756452525763,76
48083,4,0.004077525705013372,0.0012968897414901998,0.13069852832116735,0.050801533717510776,98,126,3.144080467725856,2.572728001637417,-28
48085,4,0.0049816039536947415,0.0019722265103054347,0.1567144356170273,0.07693809296414544,95,132,2.52587820296729,2.036890044702032,-37
48087,4,0.010214015936870276,0.005497431103178789,0.20731313482424255,0.12382079479569794,86,103,1.857961608825658,1.6742998231137625,-17
48089,4,0.005577022667474298,0.0020875582525089645,0.15769182342391455,0.07153919435491807,94,122,2.6715530743975484,2.204271726091556,-28
48091,4,0.0036160201235213244,0.0010963710375215647,0.12648474692490014,0.051788088453472915,92,127,3.2981718777391547,2.442352106479768,-35
48093,4,0.005784708556647467,0.0023379242701625095,0.15959241920175724,0.0753130443585676,96,121,2.474292529691465,2.1190541500610847,-25
48095,4,0.0031643483996162533,8.255264007360148e-4,0.10873941416550326,0.0358960305345053,95,121,3.8331280462926616,3.0292879894053124,-26
48097,4,0.005747254260350486,0.0023500731549169294,0.16491718922290338,0.08155754508722701,94,125,2.4455639809874943,2.0220960433093222,-31
48099,4,0.005515386759092462,0.0022242327044013294,0.16279563929232785,0.08015734597387698,94,127,2.4796806324169998,2.0309509666822354,-33
48101,4,0.006848622488059803,0.0026705407204428095,0.1683843703121057,0.07560226188610411,93,114,2.5645077926107094,2.227239848534944,-21
48103,4,0.00328379917467379,7.893316026245898e-4,0.11378953981996337,0.03965924210444452,87,107,4.1602276707975445,2.8691808966064745,-20
48105,4,0.003067565317773108,8.871808360955798e-4,0.1067001216163953,0.0370370361938497,99,123,3.4576550720744224,2.880903349229486,-24
48107,4,0.010193845363936844,0.005429462119396569,0.2070435564405889,0.12262319825104753,86,103,1.877505568649181,1.6884534035452805,-17
48109,4,0.002592637151779098,5.086878509635599e-4,0.0871424595682556,0.020437206154339436,82,6,5.096715297737321,4.263912538248415,76
48111,4,0.015236786876352083,0.009011388610334682,0.23779054389264392,0.1533099698258673,75,87,1.6908367328513414,1.551044228648218,-12
48113,4,0.007033597849350918,0.002997351775135939,0.18482402216667773,0.09627468239000352,88,122,2.3466040615242507,1.9197572775983374,-34
48115,4,0.005765287433857908,0.0023142295283346895,0.16103307838226805,0.07632907299241758,95,122,2.491234064413043,2.1097213953884237,-27
48117,4,0.011682874435191334,0.006605681722319543,0.21823954896333375,0.13595729157730127,82,98,1.7686099522047463,1.6052066529969762,-16
48119,4,0.0056821290906611775,0.0024557672507736746,0.16037243737617482,0.08000457295210009,98,123,2.3137897489556702,2.00454088383413,-25
48121,4,0.004515140486169106,0.0016511753176876446,0.14776642736413736,0.06883274439965383,94,132,2.734500956865225,2.146746125741872,-38
48123,4,0.00437239094646932,0.0014252161037461898,0.14125081159567277,0.059617303260949744,93,129,3.067879274572089,2.369292199907241,-36
48125,4,0.0038376596400479085,0.0011730920149755897,0.12361286088170644,0.045249591214244995,99,124,3.271405474640252,2.731800610008427,-25
48127,4,0.011982383917659552,0.006810713791584984,0.22890544318418302,0.14520485685543288,81,100,1.7593433352704462,1.576431037786037,-19
48129,4,0.00649346550977538,0.0026432740293937896,0.1592805516723021,0.07235891599207259,96,113,2.456599443556216,2.2012567420130003,-17
48131,4,0.008301663076079015,0.003796724786090444,0.1943785859891087,0.10427054340630733,87,113,2.186532746985695,1.8641754386153007,-26
48133,4,0.004517736965097992,0.0015112618603544095,0.14163701234992032,0.059470541135875764,95,127,2.98938065176774,2.3816331522242935,-32
48135,4,0.007890541905629472,0.003753295564159964,0.19489476289859745,0.10890213016614793,88,118,2.1022969736185635,1.789632237691345,-30
48137,4,0.005086638209391792,0.0016597503118506746,0.14238516519055833,0.05368814228269456,99,120,3.0647008607698516,2.652078450411455,-21
48139,4,0.006212898811749531,0.0028395739909269696,0.17455051621861764,0.09405332778933582,94,125,2.1879686289566807,1.8558675202814987,-31
48141,4,0.0069796315667510584,0.003204481146921434,0.18474850655795189,0.10052067871244487,91,122,2.178084765284525,1.8379154311766428,-31
48143,4,0.005484234460604194,0.0021718757482547544,0.15626604697946217,0.07300505081140987,96,123,2.525114277375738,2.140482682261753,-27
48145,4,0.011178377939002533,0.0055109218941766696,0.21618522329268344,0.12282839953681687,80,100,2.0284043493366513,1.7600589449012853,-20
48147,4,0.006288874880233586,0.0026965979596495996,0.17219015954230996,0.08764031984383026,93,123,2.3321514643031076,1.9647367769668387,-30
48149,4,0.003745295333304796,0.0010995955453692399,0.12652578519874727,0.049011590332496045,93,126,3.4060663023576914,2.581548248901794,-33
48151,4,0.004926659491975185,0.0019255973142758595,0.1449073761185703,0.06494143791907447,101,123,2.558509744197429,2.2313545982634975,-22
48153,4,0.005991927215618791,0.0026305503237126545,0.16125739116477353,0.08005431543841793,98,119,2.2778226904102796,2.0143497609297696,-21
48155,4,0.002911680552109882,7.939634986407848e-4,0.10027840373152005,0.03106589293631195,105,123,3.667272559877746,3.227926006733506,-18
48157,4,0.0065063694229869915,0.003137969651231544,0.17909975901487676,0.10012552298427405,95,124,2.0734328709754943,1.788752294886955,-29
48159,4,0.003995331582989512,0.0013685861798482198,0.13176899619070434,0.055167914921876365,98,128,2.919313114379546,2.388507819759062,-30
48161,4,0.006129946391357766,0.0023897890761340897,0.1711868593520227,0.08316100500261508,91,125,2.5650574992476107,2.058499164922785,-34
48163,4,0.009601094052105434,0.004869274772574429,0.19833526483299022,0.11171982519046915,87,104,1.9717708489531902,1.7752915786867007,-17
48165,4,0.012770803754695309,0.007482900720570098,0.22680713057912602,0.14560928566308942,80,94,1.706664865884034,1.55764194258814,-14
48167,4,0.004289624378921928,0.0014151445381836148,0.14178506141504008,0.06177508261758052,92,131,3.031227032418755,2.2951820605852102,-39
48169,4,0.00533459391411719,0.0020537363275050496,0.1596732121281691,0.07671826002188373,93,129,2.5975067211270693,2.081293450641642,-36
48171,4,0.0061740622364573365,0.0024428777449464344,0.16716662325187065,0.07971133941522121,92,121,2.5273725831059615,2.097149846913117,-29
48173,4,0.024102935538313185,0.016037488788896936,0.2718303651577186,0.19393273095933686,62,68,1.5029120740523987,1.4016734762257075,-6
48175,4,0.003797934707993045,0.0011856210907025197,0.12768668855372228,0.05028661122464634,96,127,3.2033292404933884,2.5391786291445473,-31
48177,4,0.007641299971711115,0.003469090104737749,0.18613725865591285,0.0984445794498457,90,115,2.2026813201753868,1.890782201479602,-25
48179,4,0.005312579987397453,0.0020174175627984494,0.15795601122649633,0.07387999375636081,94,127,2.6333566661470607,2.1380079124992735,-33
48181,4,0.004194233570064402,0.0013470337172789048,0.1389976815490904,0.05915094340203464,92,130,3.1136812065380406,2.3498810594508495,-38
48183,4,0.0047926652629125,0.0016674307360285546,0.15166307058838727,0.06885266173305651,92,131,2.874281467503443,2.202719063736254,-39
48185,4,0.006001146682105796,0.0024554406383056294,0.1682126943872755,0.08302579829743974,93,124,2.4440202660516657,2.0260292323195004,-31
48187,4,0.006260318870405395,0.0028200091137879197,0.17528171861266678,0.09368794166860718,93,125,2.219964056072269,1.8709101245139206,-32
48189,4,0.007103567273739705,0.003293834455664869,0.1791088502701848,0.09509565024395668,93,117,2.1566254677804784,1.8834599669985133,-24
48191,4,0.009085149921776444,0.004303546884188349,0.19152789509552942,0.10176031093003493,87,105,2.111084221054073,1.8821473062048129,-18
48193,4,0.00606368428339981,0.0022131816622428394,0.16167550575526493,0.07123946439695558,92,119,2.739804141181465,2.269465486915903,-27
48195,4,0.010116077028755527,0.0052760994775761395,0.1993026670151667,0.11363365723867239,87,101,1.9173400865070291,1.7539052412663085,-14
48197,4,0.0032549374195222657,9.684585771683248e-4,0.11342060279320552,0.04123503029046311,99,125,3.360946452701544,2.7505885649716033,-26
48199,4,0.00431334173409633,0.0014674187868383196,0.1427483655764227,0.06336069039916647,93,132,2.939407463488863,2.252948392404206,-39
48201,4,0.007188670941309044,0.003207483564541234,0.18681864070843815,0.10006572264672893,89,121,2.241218324788903,1.866959391958632,-32
48203,4,0.004848693398647985,0.0017722172827953145,0.15249357714320938,0.07082177213594978,93,131,2.7359474742285275,2.153201939800123,-38
48205,4,0.007752733834580642,0.003711855984367194,0.17858749074654973,0.09450301514825628,94,110,2.0886407951256616,1.889754421765081,-16
48207,4,0.004501600380182879,0.0016026847941644445,0.13892674250334833,0.05894722641255107,99,125,2.8087871030995686,2.3567986308812654,-26
48209,4,0.005170655900343028,0.0019994093897460897,0.158801861985797,0.07702277782054395,93,130,2.586091636290486,2.0617519450647555,-37
48211,4,0.006899739374012258,0.003003815118301444,0.17209115355097765,0.08528665441700138,94,115,2.2969920258986605,2.0177969780541924,-21
48213,4,0.004272810014583019,0.0013684636607189699,0.13903094569009883,0.05826705002277609,93,129,3.122340868253783,2.3860989295966215,-36
48215,4,0.014713652722464504,0.009017699269735648,0.24575634062938073,0.16556732610352812,76,91,1.6316415398598485,1.4843287405373145,-15
48217,4,0.00554900139142162,0.0021585447856547544,0.1606834908347048,0.07603414041866338,94,125,2.570714042302548,2.1133071269030004,-31
48219,4,0.005791568820718369,0.0024104351065478394,0.16404447086770055,0.08091738074912252,95,124,2.402706799691819,2.027308216714361,-29
48221,4,0.003573991725467598,9.926279554241647e-4,0.12322005892488695,0.0473457382537014,90,123,3.6005350302071415,2.6025586139266474,-33
48223,4,0.005538208363553978,0.0021958513982642544,0.16212008967323627,0.07844809443747286,94,126,2.5221234769947287,2.0665905378040033,-32
48225,4,0.0035660985283227056,0.0010101769824423098,0.1215793873206671,0.04521317816808519,93,124,3.530172029559545,2.689025462193384,-31
48227,4,0.005192283522449575,0.0019108599573343546,0.15778188661895715,0.07319471321612614,93,129,2.717249635443091,2.1556459433492923,-36
48229,4,0.005882043969309376,0.0023810680245640098,0.15852493542041826,0.07356487361349653,97,119,2.470338481987057,2.154899854151786,-22
48231,4,0.005815684901327411,0.0023483621389437646,0.1681081715444461,0.08365035517869046,92,127,2.4764855491764837,2.0096528124159225,-35
48233,4,0.002763490880697678,6.672691838547498e-4,0.09997009907837433,0.03302948809897032,88,103,4.141493339664297,3.0266923537785875,-15
48235,4,0.006326580675513767,0.0022885522725292298,0.17073425135422285,0.0778454355232336,89,122,2.764446655405361,2.1932467871319936,-33
48237,4,0.004971613842877907,0.0017773099293476996,0.15242393197792245,0.06883896654561886,93,128,2.797268929174647,2.2142100561157134,-35
48239,4,0.006455056981362598,0.0029025868629510695,0.17196490756797428,0.08955998620977819,94,120,2.2238979524629006,1.9201086874352276,-26
48241,4,0.005122406386190737,0.0017987089155829296,0.15484604483694847,0.06946161180082581,92,128,2.847823981864601,2.2292319573717054,-36
48243,4,0.008679224149416392,0.0032466378620796842,0.18581441479638652,0.08229869350113367,85,106,2.6732960428967525,2.2578051593714172,-21
48245,4,0.004691527134534298,0.0015583233391409496,0.14889201001494148,0.06537823661885836,91,131,3.010624956127896,2.277394094963913,-40
48247,4,0.015455453982928746,0.009195697373671433,0.2496930769274784,0.16478762253592513,74,89,1.6807266871547852,1.5152416976769183,-15
48249,4,0.008538822372612082,0.0043239769651051045,0.1983207630014359,0.11464315766367864,88,112,1.9747612999609319,1.7298962017710375,-24
48251,4,0.007267860209928867,0.003485172397689534,0.1869245445010555,0.10434264874857996,91,119,2.085366053841995,1.79144910295944,-28
48253,4,0.004608161298945052,0.0016868153437147046,0.14555328821330754,0.06571602212056839,96,129,2.7318706319074377,2.214882817256691,-33
48255,4,0.007203589806351358,0.003037442802713534,0.1827344664304239,0.0934000859148503,88,118,2.3715968576975173,1.9564700036466427,-30
48257,4,0.009320214600331054,0.005054512586571784,0.20783940307942844,0.12688494816110463,87,110,1.8439393394907888,1.6380146431201335,-23
48259,4,0.00570156940105425,0.0023999040825403344,0.16679001391647988,0.08501568400331666,94,128,2.3757488653542573,1.961873457490185,-34
48261,4,0.011414450459635173,0.006822269359679573,0.20038796627967195,0.1263285084049088,86,94,1.6731163573071357,1.5862450115961741,-8
48263,4,0.0021893643278475625,5.058045422516799e-4,0.08181674933847566,0.023390948685882738,87,4,4.328478977474607,3.497795255643263,83
48265,4,0.0031973861162246857,7.751847787711897e-4,0.11113276052138571,0.0378759518324038,88,112,4.124676082124742,2.9341245604370245,-24
48267,4,0.0054806493566540776,0.0020462007049795844,0.15320353742006368,0.06730994457733742,96,121,2.6784515044474877,2.2760906784589117,-25
48269,4,0.007606388743177414,0.004168571267997009,0.16804714032553186,0.09699195563257844,98,108,1.8246992204675128,1.7325884319945275,-10
48271,4,0.0017973526629219943,5.003898907427798e-4,0.06191338065814705,0.013412158587350821,70,1,3.591904425275259,4.616212987262047,69
48273,4,0.006711842075640285,0.0027183582893613445,0.17845705428448877,0.08873660728612791,89,122,2.469079260783234,2.011087190983768,-33
48275,4,0.0055854409584897725,0.0023363496300696247,0.15554672768320485,0.07423484271901251,99,121,2.3906699950226726,2.095333161436972,-22
48277,4,0.004347867946825678,0.0014919989324159745,0.1395186981283306,0.059673452913213014,96,128,2.9141226929601296,2.338036284430226,-32
48279,4,0.009641222807590749,0.004834762632190599,0.20163835083064702,0.11359371127283227,86,105,1.9941460503971784,1.7750837486623436,-19
48281,4,0.0041373706223611076,0.0014217554612465997,0.13842199018009502,0.060949223602620804,95,131,2.910043769927529,2.271103420161416,-36
48283,4,0.011878307102947924,0.0069562846421553385,0.22048613789339777,0.14107790991196392,83,97,1.7075648444523028,1.5628679077467658,-14
48285,4,0.004019108602262043,0.0012214745915228398,0.13169976530894031,0.05159091306900459,94,126,3.290374298536435,2.552770584478461,-32
48287,4,0.0049928293175974196,0.0018177749267936096,0.1540263488862426,0.07099251954084644,93,129,2.7466708028613414,2.1696137830074,-36
48289,4,0.005031306299039009,0.0018676493855398996,0.14904802245728838,0.06632321230337614,96,124,2.6939244260691684,2.2472980014223647,-28
48291,4,0.00885605327456747,0.004423777017455014,0.20214757985347834,0.11628902614665602,87,112,2.0019212631251317,1.7383203433017247,-25
48293,4,0.007649373301366485,0.003466135627703819,0.18901604463667532,0.10126808231191946,89,117,2.206888051415893,1.8664917940726893,-28
48295,4,0.008800508914979556,0.004468909780442614,0.19914597024651437,0.11455564187298169,89,110,1.9692742407764443,1.7384213207702657,-21
48297,4,0.004495984445023641,0.0013459385508278697,0.14015157742612702,0.055401010610790447,91,126,3.3404084029380225,2.5297657187291405,-35
48299,4,0.0026753374384672086,5.464975074353899e-4,0.09252077407423688,0.026102330473005378,83,60,4.895424776998644,3.544540751635967,23
48301,4,0.03188913161598279,0.020802608628004426,0.3112762148307191,0.22350856196864086,54,61,1.53293907443193,1.392681390319143,-7
48303,4,0.004121433185980725,0.0012654617043201747,0.1368646620523958,0.056517932066063564,92,129,3.256861248278407,2.4216148229276206,-37
48305,4,0.006224870122631679,0.0027710888955653997,0.16650328906304235,0.08448305382409953,97,120,2.246362479599048,1.9708483716712646,-23
48307,4,0.0023681577135064536,5.202190510514599e-4,0.08468680972966468,0.023472444972971226,83,9,4.552231812195198,3.6079245186082,74
48309,4,0.005150462568771316,0.0019370850222608996,0.15800529508861993,0.07503149631078078,93,130,2.6588727441399924,2.1058529132107577,-37
48311,4,0.009209615891334599,0.004590403648843159,0.19325913184592414,0.10721171253991141,87,104,2.0062758301561434,1.802593459870162,-17
48313,4,0.009157507829731796,0.004545530561222209,0.19529234873706441,0.10834931469949916,88,106,2.014618031139034,1.8024327083073572,-18
48315,4,0.004235194983795191,0.0010842082449210898,0.13403468537504956,0.048619846194688246,88,124,3.906256020127789,2.7567895800890656,-36
48317,4,0.010556685205276318,0.005618925588652354,0.21204392923080054,0.126678695357544,83,102,1.878772914629083,1.6738720637461384,-19
48319,4,0.004293370887944075,0.0015633559878822946,0.13734626568584105,0.05956753960280296,100,127,2.7462528824032137,2.30572332853879,-27
48321,4,0.00607116840881049,0.0024425919712679147,0.1677949303605002,0.08145221333019494,93,123,2.485543422816965,2.0600413850055244,-30
48323,4,0.012679456470776564,0.007431689353395693,0.23277473699264836,0.15105905070409847,80,97,1.7061338099369099,1.5409519383821522,-17
48325,4,0.005832137677339243,0.0024851295204161346,0.167584254671354,0.08565153287415427,94,126,2.346814373024168,1.9565820837973968,-32
48327,4,0.0039715511714390256,8.930144275331398e-4,0.1223925166126499,0.03608970261082388,92,120,4.4473538713254905,3.391341788888624,-28
48329,4,0.006188967322857073,0.0025918429753360897,0.17473732013945723,0.08947404706764187,92,126,2.3878635325330757,1.9529385991376562,-34
48331,4,0.0059472644990581774,0.0023279098997481145,0.16588408403601776,0.07905458151371002,92,123,2.554765757773394,2.0983487719462453,-31
48333,4,0.003530399091957207,0.0010920532825976397,0.12109240564613505,0.046756527417274034,97,126,3.2328084611032306,2.5898502804850705,-29
48335,4,0.0066326729638013626,0.0024599877823089896,0.17510344134208783,0.08158028091972239,88,121,2.6962219127673124,2.146394194381302,-33
48337,4,0.0037529904758805623,0.0012188577298612147,0.12809537190990772,0.052680996866329426,96,128,3.0791046271724403,2.4315290053248537,-32
48339,4,0.005511883993834812,0.0022854202413463594,0.16487504152127855,0.08351759628400218,94,129,2.4117595066838633,1.9741353781377973,-35
48341,4,0.011640122723617382,0.006566217824119193,0.21938868728829214,0.13631594011287113,83,98,1.772728690306404,1.609413301970671,-15
48343,4,0.004288679787768263,0.0013463792401807548,0.13943406098697533,0.058081250534417005,92,129,3.1853430740602455,2.4006725010914045,-37
48345,4,0.003629425729163108,0.0012301564645620599,0.1193402995686316,0.04636292991615025,104,126,2.9503773168035146,2.574045682282476,-22
48347,4,0.004388624389589592,0.0013697717140843248,0.14121543627500602,0.05853072602621388,92,129,3.203909340851977,2.412671871040187,-37
48349,4,0.008360900840403852,0.0040259977473022495,0.19657182202274967,0.10997355523457722,88,113,2.0767276499363034,1.7874462783662444,-25
48351,4,0.006314268057289585,0.0025641613885453445,0.17206706068945316,0.08498566092534318,91,122,2.462508048634055,2.0246599110479098,-31
48353,4,0.00870506147887075,0.004028405888530529,0.19953393134586273,0.10872853525433225,86,112,2.1609196589785937,1.8351569887253896,-26
48355,4,0.005042234750594173,0.0018441685009174447,0.15603089418641283,0.0729815861093316,92,131,2.7341507829060854,2.1379487964630894,-39
48357,4,0.00998853372592991,0.0052095522301428545,0.21048794521403302,0.12430985786986833,85,106,1.917349761489196,1.6932522393709015,-21
48359,4,0.009987599019294581,0.005499743274851509,0.2065080252240513,0.125366232711263,88,104,1.8160118609471352,1.6472380222166352,-16
48361,4,0.004765805913052445,0.0017442164570380546,0.1515383712964037,0.0706259705456107,94,131,2.7323477506602076,2.1456465677670122,-37
48363,4,0.005320503029264466,0.0020426147080000244,0.15747792558424675,0.07407509660549563,94,126,2.604751159592846,2.1259226487807705,-32
48365,4,0.0064122657771115196,0.0026607099472130695,0.1758519831235905,0.08931002568980047,91,124,2.4099830136794784,1.9690060747980886,-33
48367,4,0.0047510895971302845,0.0018542478397725695,0.15091906341948433,0.07236102925741528,96,130,2.562273227570821,2.085640087879468,-34
48369,4,0.008731646066604313,0.004462044237683669,0.19021520001070924,0.10739997397749514,90,107,1.9568712458882018,1.7710916768989853,-17
48371,4,0.006266747765512408,0.0026614591034563747,0.17319036970356874,0.08864526838697867,92,124,2.3546286160752685,1.953746351666629,-32
48373,4,0.00613975580094436,0.0024795103680496046,0.17082749942912978,0.08447721083728661,91,124,2.476196865340766,2.022172580462728,-33
48375,4,0.005945542651445381,0.0022579979872006245,0.16999220178748342,0.0819311578711199,90,128,2.6331036099887877,2.0748175200317087,-38
48377,4,0.012470930403584901,0.005337802346776074,0.21959527945643562,0.11106241223766944,75,95,2.3363417364296177,1.9772241123892562,-20
48379,4,0.0025291214708281187,5.703280744445499e-4,0.09023045381539949,0.027519019702323684,83,62,4.434502848717844,3.2788396822064305,21
48381,4,0.003938048347433119,0.0011990537950717797,0.13278928911224167,0.054126166964275295,92,128,3.284296637581113,2.45332888988585,-36
48383,4,0.006437879654864926,0.003063254868272169,0.17593726068461363,0.09640266514507957,96,122,2.101646755399173,1.8250248623296856,-26
48385,4,0.0027472840314858764,5.456263785387149e-4,0.09258893295348154,0.02529393094786392,82,40,5.03510119661662,3.6605197169363155,42
48387,4,0.003416783049678022,9.030377495883498e-4,0.11785003911455522,0.04219346271678923,91,121,3.7836547267659233,2.793087637902291,-30
48389,4,0.006754727949255089,0.0027432315355663097,0.17858975263877291,0.08865740425590557,90,121,2.462325130664062,2.0143805713427128,-31
48391,4,0.0038136347078446082,0.0010642665568324097,0.12783347213669882,0.048838547532397886,91,125,3.583345434808342,2.617470801151453,-34
48393,4,0.007867067061813346,0.0035746373759026643,0.18051361023449458,0.09221425424527223,92,110,2.2008014336913715,1.9575456279716041,-18
48395,4,0.005825546984105119,0.0022258202115848897,0.16550092128215982,0.07865949342744921,91,125,2.6172585520539653,2.1040171258515405,-34
48397,4,0.005913690088351196,0.0027377189088037194,0.17151005946247896,0.0932322304801756,96,127,2.1600793526809725,1.8396005177517225,-31
48399,4,0.004606229019867512,0.0017219042826440295,0.14241041637441984,0.06310982940574758,99,126,2.675078438619437,2.2565489039564754,-27
48401,4,0.004623628901274586,0.0016774036559765745,0.14835510099703142,0.06820942453460403,94,131,2.756419949843698,2.1749941743280337,-37
48403,4,0.0021313125775043727,5.134768910343099e-4,0.07569786525016828,0.019853838597954556,78,6,4.150746829543222,3.812757159110131,72
48405,4,0.004553075980671552,0.0016274472940689896,0.14155892167950315,0.06130225896948602,97,126,2.7976795299390758,2.309195844641972,-29
48407,4,0.008092373171491633,0.003767263908157839,0.19359246996468532,0.10619211889573789,87,115,2.1480770577203168,1.823039901433357,-28
48409,4,0.008364165687673007,0.004107771570798714,0.1970104321917637,0.1117712911641111,88,113,2.03618082055295,1.7626210643169364,-25
48411,4,0.004835779913487758,0.0017567945653190996,0.1422356349103334,0.06030549537752371,99,122,2.752615478753715,2.3585849684164213,-23
48413,4,0.00738056222051375,0.0033631083531891243,0.1818007939876631,0.09528130535215629,92,115,2.194565695010988,1.9080426460965652,-23
48415,4,0.005606384702828263,0.0022180042847317295,0.16247805329353773,0.07779501911791145,95,126,2.5276708171491937,2.0885405664246304,-31
48417,4,0.0062725197693506984,0.0025050318433509394,0.16611715304731245,0.07799159090156717,94,119,2.5039680776912014,2.1299367166002314,-25
48419,4,0.007823760449293468,0.003668137444041869,0.18981483293174678,0.10339753242727313,89,115,2.132897299691305,1.8357772035348823,-26
48421,4,0.012378863092914244,0.007071445521546563,0.21668640697227098,0.13447623531808178,81,93,1.750542099942095,1.611336058447311,-12
48423,4,0.005220637456146614,0.0019978572427510844,0.15897949699988959,0.0762428151075789,93,130,2.6131183672351406,2.085173491765341,-37
48425,4,0.006340873362159551,0.0027494286135335945,0.1730613372574542,0.08941812761638769,92,122,2.3062513174365322,1.935416697606372,-30
48427,4,0.010764891576036072,0.005906739647977848,0.2189509873420948,0.13507105853881163,83,104,1.822476055758001,1.6210059335485323,-21
48429,4,0.0036228024728664093,0.0010115482768178698,0.12263459024100812,0.04569050194665363,92,124,3.581442977949631,2.6840280805886367,-32
48431,4,0.0074482790362238125,0.003931341184872294,0.18288632211344805,0.10661849718037775,96,115,1.8945898323159054,1.715333895618881,-19
48433,4,0.005369400823937173,0.0022089580315358447,0.1575085118469288,0.07645138927903172,97,125,2.4307391753404817,2.060243944973392,-28
48435,4,0.007340761804217666,0.003424304964824899,0.18790474837829424,0.10242902845233046,91,119,2.14372314371043,1.8344872661341645,-28
48437,4,0.006911729242940239,0.0028961248778613946,0.1716240631706458,0.08252534161865223,93,115,2.386543928328158,2.0796528654642445,-22
48439,4,0.00582284072370887,0.0023583726588500896,0.1691817302627029,0.08481806624642224,92,128,2.4690078990942883,1.9946426244991082,-36
48441,4,0.004147195329244214,0.0013459754399461198,0.1383114627086426,0.05918951575898314,93,130,3.0811820232100433,2.3367561118736,-37
48443,4,0.0032154015570982396,7.433785071804998e-4,0.10460490616238304,0.02818480869626174,100,120,4.325389456434079,3.7113931582674597,-20
48445,4,0.0074905666100014276,0.003486397464262639,0.1800605561228773,0.09500563521319881,92,113,2.148511948733205,1.8952618517713158,-21
48447,4,0.003708356495090637,0.0010058503734177197,0.11969727752193696,0.03994597912341585,97,123,3.6867874120185804,2.9964787482645994,-26
48449,4,0.010774547205075882,0.005761923015600399,0.21811570800012914,0.1322514503335637,82,103,1.8699568140538863,1.649250026748283,-21
48451,4,0.004784864807960251,0.0016583000355580896,0.14998824051079235,0.06686308043324725,93,130,2.8854035490326315,2.243214634128816,-37
48453,4,0.004224287550054506,0.0012061754773252699,0.1380861246186099,0.055275719832133995,89,128,3.5022164100218562,2.4981334487902025,-39
48455,4,0.003129228544173662,7.536629894794898e-4,0.10867158915959374,0.03583461117633576,89,114,4.152026287419041,3.0325873671362062,-25
48457,4,0.005563889513436855,0.0022146719306269397,0.15776461031269323,0.07427442742260085,96,123,2.5122861027374848,2.1240770987712425,-27
48459,4,0.004357233220823123,0.0015209096937751196,0.14177811204123264,0.06276089765705248,95,130,2.8648862182000006,2.2590198249865368,-35
48461,4,0.006075058003497486,0.0024516244243841796,0.16712922997153354,0.08098404165197817,93,122,2.477972540603756,2.063730416046124,-29
48463,4,0.007947685351227411,0.0038247428980667693,0.19100476099234778,0.10589207888438006,90,114,2.0779659085698543,1.8037681666529501,-24
48465,4,0.011654921387874639,0.006400581869624928,0.22644983468429553,0.14040036464597203,80,101,1.820915914408515,1.612886371451402,-21
48467,4,0.005954478073685986,0.0025107832385110346,0.1668736375200327,0.08367711883371645,94,123,2.371561982075824,1.9942564926457942,-29
48469,4,0.004964760891089229,0.0018425630167816995,0.1543724365271417,0.0723255233729254,93,130,2.6944863463942177,2.1344116064140373,-37
48471,4,0.004162403708883547,0.0012022556879310998,0.13592230646645367,0.05326137394736392,91,127,3.4621617935918554,2.5519864846291846,-36
48473,4,0.005480440489996094,0.0023042637153021447,0.16253749215857627,0.08226823532736621,95,127,2.37839117701746,1.9757016971592776,-32
48475,4,0.007003006262665891,0.003306891079303419,0.18436474266372702,0.10190641395500062,92,121,2.1177009144616403,1.809157397542592,-29
48477,4,0.0034899362913261714,9.087337868024747e-4,0.11957924917240673,0.04307450995191298,90,121,3.8404385772934346,2.7761023701929797,-31
48479,4,0.013298497787954344,0.008083435829462618,0.23814306118897077,0.15911497009993522,79,95,1.6451541236319085,1.4966728840121104,-16
48481,4,0.00786785539939005,0.003668615767029339,0.18884612318845434,0.10179800444098686,90,114,2.144638713626051,1.8551063375503594,-24
48483,4,0.009253167475034726,0.004772367506817429,0.199522668923838,0.115133278438061,88,107,1.938905053271019,1.7329713149024633,-19
48485,4,0.0033721495716347995,8.475443799701047e-4,0.1165395462520499,0.04142133069407596,89,116,3.9787291985273323,2.8135152661504734,-27
48487,4,0.00561887198655807,0.0020714686979316295,0.16051877255137287,0.07302235457661932,93,124,2.712506344975687,2.1982141425328487,-31
48489,4,0.015897836794240502,0.009666658289198753,0.24841699924426613,0.16579080482369263,73,87,1.644605231572558,1.4983762188044198,-14
48491,4,0.004503952051995503,0.0016313335074535395,0.14735338081687785,0.06821892697352104,94,132,2.7609020665713113,2.1600073081488453,-38
48493,4,0.00721754683073452,0.003501649965977994,0.18578613144133455,0.10423722917187621,92,119,2.061184556097883,1.7823395049670094,-27
48495,4,0.009161252725728755,0.004828379888897679,0.20443117774138542,0.12177627838831961,87,110,1.897376125435787,1.6787438444250715,-23
48497,4,0.007694591083251721,0.0037651445115942043,0.19041325051032656,0.1075152906292666,90,117,2.0436376504427303,1.7710341421752565,-27
48499,4,0.0033303658458894935,8.907060104610048e-4,0.11596824127563225,0.04196480093661333,91,121,3.7390180449841,2.763464586685376,-30
48501,4,0.013355785900308038,0.008025913993560183,0.2319165905004741,0.1518234717801616,80,93,1.6640828584787262,1.527541082951168,-13
48503,4,0.0033610604670090507,9.814975373127698e-4,0.11727667796472194,0.04375411733325865,95,125,3.4244206829201604,2.680357532331634,-30
48505,4,0.014573120178369463,0.008442002189088058,0.24487539260131289,0.1585443352678238,74,92,1.7262634919955777,1.5445231277904243,-18
48507,4,0.005643418518390462,0.0024406307395420496,0.1645517549429311,0.08432887820565395,96,126,2.31227871834859,1.9513096633591704,-30
49001,5,0.012136624442854935,0.005164235843276834,0.22651379447789327,0.11395098260326034,80,101,2.350129779346783,1.9878178257272203,-21
49003,5,0.01199967054967469,0.004972181362113844,0.23589780777913555,0.1224202057815708,77,108,2.413361395283703,1.9269515703971127,-31
49005,5,0.01261548700209935,0.005544412828153159,0.2416389354160875,0.13113844506386138,76,106,2.2753513118722006,1.8426246803400401,-30
49007,5,0.008421132167879831,0.0021126983536649845,0.2007544849007933,0.07785060972425031,80,127,3.9859604913646796,2.5787143557625685,-47
49009,5,0.01137024536535861,0.003301485809007004,0.22550065435891142,0.0936122102387035,75,112,3.4439782640708874,2.408880783648876,-37
49011,5,0.011687863507460497,0.005003411942852364,0.23647163658022316,0.12651201378220991,78,111,2.3359786563561333,1.869163485037148,-33
49013,5,0.014226586255653394,0.006482605339158463,0.24997234932871945,0.13797170613712134,74,99,2.194578492958236,1.8117652983162198,-25
49015,5,0.011843726164990423,0.004604937204252509,0.23336651274933762,0.11594639678569438,77,108,2.5719625783502824,2.0127103490820226,-31
49017,5,0.007529087783188745,0.0017788336416039545,0.18378206682331538,0.06334504353765034,83,120,4.2325980390160884,2.901285665927137,-37
49019,5,0.009313701564312537,0.0020781494477604546,0.20435676265863953,0.07201194447480785,77,119,4.481728479320663,2.837817589138011,-42
49021,5,0.010745468742129567,0.004130047784205984,0.2248437890229064,0.11055481120722743,79,112,2.601778309496102,2.0337766087940947,-33
49023,5,0.014134412842193234,0.006719253135887623,0.2492348611453247,0.14106344929222353,75,98,2.1035690360735395,1.766828064929959,-23
49025,5,0.0076327059837804755,0.0014730036305334745,0.18141697055468559,0.054626640803523266,81,119,5.181729240556017,3.321034716507494,-38
49027,5,0.015163799810904568,0.007086253880593228,0.2497885679979926,0.13743902702827035,74,93,2.1398894347312214,1.817450060575681,-19
49029,5,0.015597932020723224,0.008172430250189749,0.2609820217161896,0.15927852220143623,73,95,1.9086038721910252,1.6385261371657571,-22
49031,5,0.013719056966206535,0.0049301411092112345,0.2386959617469644,0.10934251416850549,73,98,2.7826905279799234,2.1830114623038113,-25
49033,5,0.00940278934936405,0.003150582487657364,0.20994460954520966,0.09340723119203564,81,116,2.9844606152037474,2.2476269435027483,-35
49035,5,0.010314094419962724,0.003538227807099639,0.22381150559573587,0.10540840465227336,78,119,2.9150453227649598,2.123279508252276,-41
49037,5,0.017896507672046695,0.008570318639453709,0.2712916219465766,0.15661038363092397,67,89,2.088196299920473,1.732270974994329,-22
49039,5,0.015373025614966144,0.007365028331154899,0.25656190076816293,0.14658015402283797,72,95,2.0873002687493427,1.7503181278427993,-23
49041,5,0.011720329080506086,0.0045974996759886345,0.2324157688431576,0.11623797108697581,77,108,2.549283285808123,1.9994823263841297,-31
49043,5,0.006468132387438966,0.0013576265300689198,0.17283429250636018,0.058392192957269044,83,128,4.764294335873513,2.9598869943596564,-45
49045,5,0.013712440258827459,0.006518983592395123,0.2509798279526931,0.14397627168577462,74,103,2.103462919407258,1.7432027167674657,-29
49047,5,0.013433667169626478,0.005722208163151224,0.24622494459410604,0.1308690047646262,74,103,2.3476369238249712,1.8814611224174334,-29
49049,5,0.014727029585121947,0.0074029182022571785,0.25728837197673193,0.15306933295638958,73,99,1.9893546278319836,1.6808616527389912,-26
49051,5,0.011841564222029309,0.004911551102650574,0.236384824375907,0.12377905326426514,77,110,2.4109622346469886,1.9097320438477696,-33
49053,5,0.010072864231494323,0.003377751109600274,0.2204608806550001,0.10206872214910333,78,119,2.9821215076697447,2.1599259402204325,-41
49055,5,0.01221676094652711,0.005101833465608739,0.23100961176245538,0.11745016952833781,78,103,2.3945824631242516,1.9668733786435149,-25
49057,5,0.010278976707793378,0.003683141988360474,0.22379336747251946,0.10767784617246705,78,118,2.7908173891414365,2.0783603631342213,-40
50001,1,0.005869723567612412,0.0010519738832873399,0.15320552589526312,0.04013398264980488,86,117,5.579723661266156,3.8173516750650203,-31
50003,1,0.005855853924644805,8.517009922869797e-4,0.1527307507080556,0.037777387295397494,83,115,6.875480923088652,4.042914601631626,-32
50005,1,0.006087900746384951,0.0010636670465123648,0.15875099025483252,0.0438190031192541,84,119,5.723502261677128,3.6228800053435544,-35
50007,1,0.0050066568496484045,5.862752298866399e-4,0.1350718175998335,0.027785077375798214,82,94,8.539772097512074,4.861307952213436,-12
50009,1,0.006710420275840342,0.0012096681826773048,0.16469874608813054,0.04451156756204627,83,116,5.547323118798138,3.700133585692102,-33
50011,1,0.0061672546289536735,0.0012775084467727248,0.16225680343395904,0.04959535230107127,86,121,4.8275646587962315,3.2716130827939347,-35
50013,1,0.004725346617235524,6.358174708276499e-4,0.13128305914235794,0.027277000264787517,86,112,7.431923207590527,4.812958091723676,-26
50015,1,0.006138651262933049,0.0010282111280032799,0.15954117174654608,0.04394694177394608,83,119,5.97022449548267,3.630313403084853,-36
50017,1,0.007063855929214775,0.0016309000327433896,0.17436185675562735,0.05709590566360779,85,118,4.331262362741164,3.053841684952261,-33
50019,1,0.006397903025013284,0.0012430223888621097,0.16275877028508798,0.046675851967379896,85,118,5.147053731566385,3.4870015955752525,-33
50021,1,0.005982390612427595,6.665212008038999e-4,0.14846697017450944,0.029694986123521377,81,106,8.975544371600117,4.999731926357388,-25
50023,1,0.0051931226081257074,6.336456473114599e-4,0.13840835580684965,0.028753305588717477,83,106,8.195625788893171,4.813650221182213,-23
50025,1,0.005064892074747219,5.233840421053599e-4,0.13267457542501154,0.022791481187772373,83,103,9.677200042961246,5.821235326126651,-20
50027,1,0.005598485090081252,7.011993099204999e-4,0.14430294616371203,0.029969324997712987,83,111,7.98415658839709,4.815021565374731,-28
51001,1,0.007149016055290491,0.0015125984655892995,0.17231488077802234,0.051779209516334586,84,116,4.726314496494796,3.327877779278628,-32
51003,1,0.005362549406141916,7.191098353442099e-4,0.14469717052522538,0.03450754525266275,83,107,7.45720492555226,4.193203818636155,-24
51005,1,0.0051168679423438624,5.246448068116899e-4,0.13407040396969727,0.024098769961764067,82,93,9.753013612084514,5.563371250168285,-11
51007,1,0.009825470551682066,0.0031504447901212593,0.21242745598462331,0.0937742343549252,78,116,3.1187566220780805,2.2653072823885574,-38
51009,1,0.006488192249859656,0.0011483792358115098,0.16817277879573195,0.05137449048387378,81,124,5.649869004532054,3.2734685485303374,-43
51011,1,0.0059328436377906095,0.0010710413446181498,0.15886783624679932,0.046400382789167936,84,122,5.539322704583174,3.42384753523815,-38
51013,1,0.0057133480906143026,5.343203198747399e-4,0.13831746424461308,0.02118614093439438,79,12,10.69273968834589,6.528676679388236,67
51015,1,0.0066165520820216355,0.0014644133231422848,0.17073406666797153,0.05650628352722808,84,123,4.518227181806895,3.0215058575866474,-39
51017,1,0.005989710511151903,0.0010157119701353148,0.15164502148018968,0.0360069340681393,87,115,5.8970561411754785,4.211550508388679,-28
51019,1,0.006563250826951447,0.0013264205714566047,0.1705750740752167,0.05554515074185805,83,125,4.948091855770929,3.0709264768755715,-42
51021,1,0.007684678666158264,0.0016676485090907245,0.1768635668260616,0.052991513129800195,83,113,4.608092547240839,3.3375828765795514,-30
51023,1,0.005068632609263418,6.836382523240998e-4,0.1393042645707199,0.03226324062313764,83,107,7.414202748357147,4.317739380179238,-24
51025,1,0.007293223115913921,0.0016207596281518197,0.1782015539006831,0.058412355080467736,83,119,4.499879556002089,3.050751055238161,-36
51027,1,0.004423729983753138,5.272285322656299e-4,0.12298047369866133,0.02304045500800926,82,11,8.390536006735616,5.337588760981985,71
51029,1,0.007727272375758693,0.0020408325407786894,0.18635611868029742,0.06933241587195677,83,120,3.7863333817728693,2.687864202286853,-37
51031,1,0.006772809288212737,0.0013734827210775647,0.17388087049441608,0.056944059109722785,82,125,4.931120853780479,3.053538388602986,-43
51033,1,0.0064758845748251435,0.0013619718411225798,0.17244686889568178,0.059466194753537704,82,129,4.7547859502642265,2.899914306109569,-47
51035,1,0.005086740561820159,5.922438864230849e-4,0.13597775754021463,0.02736048139533092,83,101,8.588928781590349,4.969859834535634,-18
51036,1,0.005376553081383992,6.318098293154099e-4,0.14063481675991435,0.028389066665355504,83,106,8.509764856317117,4.95383727889644,-23
51037,1,0.0075709486417215996,0.0016928152745629345,0.17913048684364974,0.057295860539490456,83,116,4.4724009497588755,3.126412364819729,-33
51041,1,0.006629893688831262,0.0015134649731503446,0.17705993486021196,0.064852466207091,83,132,4.380605964755725,2.730195861708836,-49
51043,1,0.007456713057101721,0.0018623067972018746,0.18335200324990156,0.06665199992915723,83,122,4.004019675117693,2.750885246425942,-39
51045,1,0.010631253321966355,0.0039024232598801893,0.21838976430282542,0.10301783571160769,79,110,2.7242696688653787,2.119921883373619,-31
51047,1,0.007886634221252428,0.0024740711743597397,0.19566545472748062,0.08535031125350094,83,125,3.187715172864174,2.292498432095111,-42
51049,1,0.005954245169873198,9.903270668610697e-4,0.15683781795701449,0.04362090863650273,83,119,6.012402739577452,3.595473429129119,-36
51051,1,0.0047003634980290355,5.476703448905949e-4,0.1274500874154029,0.024211920076208402,81,26,8.58246852669739,5.263939704668051,55
51053,1,0.005893195028094556,0.0010369331896700348,0.16012078301146718,0.04859250280315524,83,124,5.6832928937011316,3.295174641654188,-41
51057,1,0.00531510192913968,5.782170386084299e-4,0.13838169464818514,0.02666418123702031,82,98,9.192226403309226,5.189797257155499,-16
51059,1,0.007303582929310318,0.0018437318758745646,0.18770915353233353,0.0736240264350309,82,132,3.9613042573481034,2.549563812541228,-50
51061,1,0.0075023224667610505,0.0021877541896403695,0.18908337073405765,0.07756155495856284,84,125,3.429234647240835,2.4378491487835072,-41
51063,1,0.005378401107003941,8.154211557369198e-4,0.14359830104459131,0.0330388336750033,86,115,6.595856716696692,4.34634898002576,-29
51065,1,0.00702914253023307,0.0017437706916192946,0.1812327841130569,0.06788877971978496,83,127,4.031001647186587,2.66955430427688,-44
51067,1,0.006470779168467426,0.0012488075685144848,0.1688497936880753,0.05363133744120411,82,125,5.181566264980858,3.14834202807612,-43
51069,1,0.006789662879239603,0.0015975897764095696,0.1778112409645566,0.06484256198997917,83,128,4.249941367613607,2.742199498410253,-45
51071,1,0.005274847942707295,6.329024024374449e-4,0.14029630410578453,0.03008197621247786,82,100,8.33437813222498,4.6637994497047135,-18
51073,1,0.0056197025207624035,0.0010018678137271898,0.15358651484642472,0.04400375435194679,84,121,5.609225532314244,3.4903047957686324,-37
51075,1,0.005254010140522006,7.502801615135448e-4,0.1427392318149333,0.03427264551051191,83,112,7.0027309930773844,4.164815108047412,-29
51077,1,0.005800692699783311,9.807951108207248e-4,0.15221059851314575,0.03915709444751455,85,117,5.914275709357195,3.887178062130377,-32
51079,1,0.007901212509152995,0.0023533611480132445,0.19472711167534681,0.08255019713297974,82,125,3.357416058229465,2.3588933574763216,-43
51081,1,0.00700225438692102,0.0015603212687260496,0.17540383832956155,0.058482085695590005,83,121,4.487700403288182,2.9992746709235156,-38
51083,1,0.005740695501355182,7.658150808234448e-4,0.14889266143166535,0.03383369650804452,83,112,7.496190196701902,4.4007210798342316,-29
51085,1,0.005385583133653966,9.149444645251998e-4,0.15091636479460804,0.04346666437842418,84,120,5.8862404686482845,3.4720024403234246,-36
51087,1,0.005623377972485272,7.493308254613848e-4,0.1499990896976932,0.037481475107578585,81,105,7.504533086601361,4.0019526784143045,-24
51089,1,0.005319768749032468,5.293513229490199e-4,0.13432844939487112,0.022121755894838318,80,12,10.049599421790427,6.072232694069916,68
51091,1,0.0062188083845646,0.0012916110121244297,0.15626473172405944,0.042290832602574165,89,115,4.814768785794078,3.695002488897509,-26
51093,1,0.005237711731424964,8.611515333010598e-4,0.1467138642819195,0.03995892921781422,84,118,6.082218435293493,3.671616511097912,-34
51095,1,0.00461601178421353,5.548146617836249e-4,0.12758980344398313,0.025800978269748347,82,40,8.319916725657391,4.945153711228935,42
51097,1,0.006767972707453382,0.0015452223341014095,0.16810353623390456,0.05266007079717241,86,117,4.379934562225409,3.1922390853096028,-31
51099,1,0.00776016228599352,0.0022071394721097947,0.19339548218208572,0.08021196574460046,82,127,3.515936525105781,2.411055263224294,-45
51101,1,0.004805006185027991,6.619801826780799e-4,0.1354815431038211,0.03217910917143594,83,101,7.258534788139813,4.210232868226273,-18
51103,1,0.00525515713080232,5.020804147471299e-4,0.12782917151745352,0.014258525894145056,80,2,10.466763841901804,8.965104279815048,78
51105,1,0.0068266030062891295,0.0013162143472124897,0.17201475202894137,0.05359102350912909,82,122,5.1865435297424565,3.2097679940678705,-40
51107,1,0.007847222380800968,0.0026479422165611548,0.19767782634288128,0.09077073723548082,84,127,2.963517229236235,2.177770417684921,-43
51109,1,0.0064460884018745805,0.0014970121320237995,0.16914750111763785,0.057126027596024566,86,123,4.3059693799275776,2.960953320853854,-37
51111,1,0.007232584299344279,0.0014091632273190249,0.1771994952268638,0.056066338582764406,81,122,5.132538345543182,3.1605326780040075,-41
51113,1,0.008597536717042576,0.0026273698736799995,0.19887874813147222,0.08280774265649547,82,118,3.27229782268932,2.4016926648570114,-36
51115,1,0.004467578970649075,5.144978036914099e-4,0.11684640018749093,0.015916289249187292,80,7,8.683378118614243,7.341309168118898,73
51117,1,0.005439237868259526,6.259195499103999e-4,0.14140476646281014,0.028585509394412418,82,104,8.689995174360908,4.946728935691116,-22
51119,1,0.005750871555575546,7.037842589400249e-4,0.14685527067998436,0.03132823581918759,82,109,8.171355756431637,4.687632956019821,-27
51121,1,0.005315423591829937,6.638666782132499e-4,0.14228859888945622,0.03224549235995136,82,99,8.006763656425749,4.412666344216766,-17
51125,1,0.007989238225508575,0.0020538019194828896,0.18449932683096001,0.06444068443108376,84,115,3.8899750505248925,2.8630876357043236,-31
51127,1,0.005770217689163094,0.0012748909190953448,0.16279093988402907,0.056688292134491856,85,129,4.526048152619682,2.8716853825444373,-44
51131,1,0.007687256724521663,0.0017461257248145095,0.17779593999899304,0.05533956281871727,84,113,4.402464619400919,3.212817936083475,-29
51133,1,0.00675113638464125,0.0010629138113314447,0.16140401683758224,0.038713586174893067,82,113,6.351536985096214,4.169182780133596,-31
51135,1,0.007768434557138359,0.0020196867357700344,0.18550034172463145,0.06704748464559196,84,118,3.846356179675821,2.7667009837158325,-34
51137,1,0.007531506475833942,0.0020124492711276346,0.18662829586505247,0.07157824230701468,83,123,3.7424578019866397,2.60733275713258,-40
51139,1,0.0059698999067554015,9.601038277490148e-4,0.15697019667319023,0.04222431602953046,83,119,6.217973238115265,3.7175308313676374,-36
51141,1,0.004993023123791976,5.613107107695799e-4,0.13355091695754276,0.025949909077634704,83,97,8.895292799501968,5.14648882036529,-14
51143,1,0.005622395721977838,8.284127561562598e-4,0.14928446397638823,0.036881449334445794,83,115,6.786949718236003,4.047684314752852,-32
51145,1,0.0048887471266061515,8.393016791527097e-4,0.14174582717357717,0.040086202649340444,85,117,5.824779394628914,3.5360253105917323,-32
51147,1,0.005477754334397887,7.807149298405948e-4,0.14828735183170172,0.03752030401203548,83,112,7.0163309615666325,3.9521895074233733,-29
51149,1,0.0059760884064764055,0.0012784535314728097,0.1654909592813392,0.05684485238761006,84,129,4.674466657847005,2.911274325296862,-45
51153,1,0.00988639287121729,0.003927698395591259,0.2197616347961851,0.11217247134178035,80,117,2.5170957327870473,1.9591405285757624,-37
51155,1,0.004603024133429453,5.204038955075699e-4,0.123998267586999,0.020941817129763115,82,8,8.84509930299416,5.92108444165378,74
51157,1,0.006795504977672223,0.0014584359473042599,0.17421211183793286,0.05886687017606443,83,125,4.659446985130119,2.959425417333779,-42
51159,1,0.005310610747681667,8.673299599751648e-4,0.14526374546163295,0.03704419784698511,85,117,6.122941663209387,3.9213629638212137,-32
51161,1,0.0054103861373390565,6.974028132493198e-4,0.14548020142298088,0.034783915989148456,82,99,7.757906957861462,4.182398596764274,-17
51163,1,0.004998675942094485,6.819803280140399e-4,0.13621398152299743,0.029172534321337703,85,112,7.329648285678378,4.669254306896685,-27
51165,1,0.00697849879904326,0.0016931734484418495,0.17757932691698589,0.06321359577417447,84,123,4.121549865706466,2.8091951540199336,-39
51167,1,0.005250088270708452,6.392305334411149e-4,0.139802271891312,0.029496881115928242,83,105,8.213137508382308,4.73956115366445,-22
51169,1,0.005806341229717089,6.832335058693849e-4,0.1484404294166481,0.0323874947055189,81,103,8.498326238155975,4.5832637184917395,-22
51171,1,0.006422756408151351,0.0012820377030480648,0.16651364998765775,0.05133933993700219,84,122,5.009803060300915,3.243392887247565,-38
51173,1,0.006057860074552875,9.146258195469697e-4,0.15788506209080616,0.04203848103056529,82,118,6.623320646637157,3.7557270914715324,-36
51175,1,0.006639734390072974,0.0013772792193703749,0.1676159034475064,0.051253283918461096,84,119,4.820906535646663,3.2703446615082603,-35
51177,1,0.007992708723812698,0.0025100029985668498,0.19785418119257359,0.08735663522416962,82,127,3.1843423009360303,2.264901580570857,-45
51179,1,0.00891919796765334,0.003306195960063274,0.21025766065651805,0.10281894582371733,82,122,2.6977221179239006,2.044931106539489,-40
51181,1,0.005362356600357776,7.236789548779249e-4,0.14366787116511134,0.03361600494337799,83,109,7.409855660736099,4.273793730310968,-26
51183,1,0.006374979606019978,0.0010073596102879198,0.16033274703032388,0.040974193729163895,83,117,6.3284050113920145,3.9130177420966565,-34
51185,1,0.004508231398877146,5.303088067778999e-4,0.12356760417512329,0.022458526427620248,82,12,8.50114375106965,5.5020352547777005,70
51187,1,0.0073725616472548475,0.0018235439987615745,0.18715548449024022,0.0719064370743148,81,130,4.0429853363899,2.6027639819897677,-49
51191,1,0.005133808972959281,6.117065464500749e-4,0.1375723316637474,0.02904837646386261,82,97,8.392600999208502,4.735973173402415,-15
51193,1,0.00845480188831878,0.0021538627913848395,0.19002136628972158,0.06639126992027104,82,113,3.9254134117255965,2.862143870992637,-31
51195,1,0.005163901855914683,6.786067207717949e-4,0.14110480395497646,0.033138889430554465,83,101,7.609564859660776,4.257982279420507,-18
51197,1,0.005844274203863315,9.356038834511898e-4,0.15400061707589735,0.03996563588144635,84,118,6.2465262353394335,3.8533258305390956,-34
51199,1,0.00580932338148071,0.0011088034913021099,0.16136229828053833,0.051981020715274606,83,127,5.239272266953815,3.1042541308374516,-44
51510,1,0.00622863609802642,5.379826089995249e-4,0.14513017635260747,0.021984696021306333,78,13,11.57776477126219,6.601418378127923,65
51520,1,0.006105165483985966,6.094632064521799e-4,0.1494894970737183,0.029355804343321894,79,83,10.01728310971467,5.092331837527233,-4
51530,1,0.005739318098398085,9.955543679751348e-4,0.1551975882583398,0.04425349906818385,84,121,5.764946931096617,3.5070128131386435,-37
51540,1,0.005706910406666114,5.963466468070449e-4,0.14456478992547805,0.02888951812129509,80,71,9.569787031120264,5.004056811142038,9
51550,1,0.006396911382290198,0.0014095094200350898,0.1733085831676333,0.06204880121326701,83,132,4.538395622876324,2.793101232882114,-49
51570,1,0.005586280618245371,7.347507424822647e-4,0.14837104548063249,0.03634918436998397,81,104,7.602960154041915,4.081825990108122,-23
51580,1,0.004678513322392177,5.268637798940099e-4,0.12311925701595451,0.019392404262393248,81,11,8.879929691377459,6.348839233653649,70
51590,1,0.005865007147812804,5.433957009393699e-4,0.14301457057291364,0.024509978404163944,79,25,10.793252757933026,5.834952940987383,54
51595,1,0.007059384594914346,0.0014184734648045698,0.17713891614250254,0.057821900440805186,82,125,4.976747729212511,3.0635263592528825,-43
51600,1,0.007291237418972168,0.0017820769456407346,0.18672722598215002,0.07192324012466461,81,131,4.091426824642888,2.5962015289980758,-50
51610,1,0.006062125084473963,8.441998960968548e-4,0.158716567132194,0.04235209287186012,81,113,7.180911905464695,3.7475495629555913,-32
51620,1,0.00871191322565378,0.0023086630025032496,0.2048721556622441,0.08396994540064294,79,129,3.7735751022161224,2.439827186795758,-50
51630,1,0.007400876611779903,0.0012419451013708797,0.179191363511214,0.05435651023499827,79,125,5.959101254645388,3.2965943313233326,-46
51640,1,0.006018534870411223,7.853948358525248e-4,0.15482040819043474,0.03753844807043034,81,111,7.663069064973246,4.124315632334022,-30
51650,1,0.006217971873243647,8.821424515332248e-4,0.16059427471432744,0.04300074711644877,81,116,7.048716295691676,3.7346856853307195,-35
51660,1,0.008001744523861687,0.0021651877100443344,0.19363380312498107,0.07663879409426742,82,124,3.6956354808137366,2.5265768520157974,-42
51670,1,0.007873165485985564,0.0019098430905585095,0.19392008655191645,0.07513783861594836,80,131,4.122414833400348,2.580857928893845,-51
51678,1,0.004122401556949086,5.015120939567349e-4,0.10634453422506215,0.009900831524413163,80,2,8.219944457221251,10.740969984474647,78
51680,1,0.006011657133698691,8.417469399416748e-4,0.1563132614638234,0.04054068823286953,81,114,7.141881779950685,3.8557130694463133,-33
51683,1,0.0123747307726024,0.005441005523501849,0.23994511380335942,0.13121556257749178,76,107,2.2743462985198333,1.8286330454259598,-31
51685,1,0.01678496180987548,0.008592319186546338,0.2670418188953904,0.16171344988601338,69,92,1.9534844371420697,1.6513272030472395,-23
51690,1,0.005512712966353121,5.308699747609099e-4,0.1392916058967273,0.02457300933818284,81,85,10.384299787977092,5.668479752713423,-4
51700,1,0.006266154153077776,8.248552895988898e-4,0.15949093044755322,0.04052000416963735,80,112,7.596670873172042,3.9361035053166096,-32
51710,1,0.006073250048726661,7.650020177774497e-4,0.15565482533000413,0.03819731168111687,80,105,7.938868012886024,4.0750204262922844,-25
51720,1,0.005154853710851938,5.179688476848349e-4,0.1326691171433812,0.02143830989484035,82,7,9.95205355281999,6.188413069600754,75
51730,1,0.006375132320391455,5.274248696772999e-4,0.1465062601215949,0.021190660410338846,78,11,12.08728045814757,6.913718462975086,67
51735,1,0.005878606023905442,0.0014259851767168049,0.1656077577037986,0.06038571565214616,86,129,4.12248747033989,2.7424988826461436,-43
51740,1,0.0055784184718162405,6.504550742632399e-4,0.14561642972983085,0.03243986245904394,81,83,8.576177959922639,4.488811563664146,-2
51750,1,0.005529068204948476,7.350926663390898e-4,0.14820850682513942,0.03644396083125146,82,105,7.52159347811801,4.066750798888125,-23
51760,1,0.005630761012587653,5.234773538371399e-4,0.13545816959744097,0.0189396726178991,79,9,10.756455788036726,7.152086117340015,70
51770,1,0.006085265854639528,6.122511826347048e-4,0.14955241251366283,0.029656825463368557,79,80,9.939165537341651,5.042765372793747,-1
51775,1,0.0055046277561526715,6.449641982423299e-4,0.1442261080410194,0.03202027023343258,81,83,8.53478033533334,4.504212706188592,-2
51790,1,0.00559643424940509,6.289080659089699e-4,0.14367241187822427,0.02907510575824796,82,102,8.898652367125365,4.941423535062039,-20
51800,1,0.006893031940221701,0.0015934991132042946,0.17994992605831375,0.06594479931035276,82,130,4.325720600095482,2.7287963257181858,-48
51810,1,0.005458414039242338,8.272586256798948e-4,0.15039830114599684,0.04116172757400348,82,113,6.598195376634797,3.653838407914247,-31
51820,1,0.006712783368125102,9.831671906226998e-4,0.16777842276655602,0.04581610402264339,80,120,6.82771295884425,3.6619967224545324,-40
51830,1,0.004222583039431502,5.059798012899399e-4,0.10961990233640549,0.011967952856665806,80,4,8.3453589029967,9.159453053439323,76
51840,1,0.008145164899027372,0.0017737900818391946,0.1908191120674227,0.06639047741676647,79,123,4.591955374213093,2.8741940032989217,-44
53001,5,0.023769527945380644,0.013238379916929067,0.28401566034551856,0.17686391878399943,63,73,1.7955012693799852,1.6058428553332098,-10
53003,5,0.007385774726268762,0.0013093067600278248,0.17914201813007313,0.053402169464157406,80,122,5.640981129671859,3.3545831550965377,-42
53005,5,0.009740743687627574,0.003083554954562074,0.21073021356573876,0.08941834237046872,80,114,3.1589330597842236,2.3566777014570834,-34
53007,5,0.01077708111941997,0.003631488621317379,0.21295108540735025,0.089221406008142,80,104,2.967675860570483,2.3867712350096473,-24
53009,5,0.006464044623903133,9.807653792670249e-4,0.16067681974691075,0.03889367088011032,83,115,6.5908164792012105,4.131181657863995,-32
53011,5,0.008150000115145243,0.0020670804213394297,0.19744331623973327,0.07689921877529188,80,127,3.9427590871690392,2.5675594548845124,-47
53013,5,0.00782237266085641,0.0019405834747063546,0.17826610528044454,0.055825755312323186,86,111,4.030938510408617,3.193259173711411,-25
53015,5,0.009048654688279137,0.0024335835567613246,0.20455349911183277,0.08028947103112165,79,120,3.718242861700347,2.5477001714526697,-41
53017,5,0.01440995381714477,0.0065223610654414985,0.23804837366164774,0.12401108069082922,76,92,2.209315564189693,1.9195734150170318,-16
53019,5,0.009939334053033004,0.0026999058760360296,0.20057428836555444,0.06984564936974118,81,105,3.681363169454566,2.8716790548223905,-24
53021,5,0.017625304852376195,0.009041320439699109,0.2614912530835306,0.15361036688424407,70,86,1.9494171199801826,1.7023021192351047,-16
53023,5,0.012221956087329941,0.004179039204335144,0.2204443273159591,0.09154751156813688,78,98,2.9245851713119713,2.407977273657373,-20
53025,5,0.019389812699514702,0.009779804823148958,0.2648103959397865,0.15178476310548944,68,81,1.982638002510919,1.744644129765153,-13
53027,5,0.009242208142320187,0.0023804113716031144,0.2017526288835861,0.07382873115110883,80,114,3.882609641583051,2.7327115844731136,-34
53029,5,0.006133362175294116,9.306124337460048e-4,0.15896157539752817,0.04122704809889551,82,117,6.590672929874173,3.855759331015184,-35
53031,5,0.005286284189831748,5.379087176931799e-4,0.1360373570094692,0.02200755283785494,84,107,9.827474469092012,6.181394088281951,-23
53033,5,0.007117419015076449,0.0011570168383867048,0.17704136474433504,0.05255444153515593,80,125,6.151525871482282,3.3687231673065057,-45
53035,5,0.006706442983336914,0.0012559395910273748,0.17405501141057,0.05555811965212141,81,127,5.339781492078736,3.1328456128540694,-46
53037,5,0.006665813837767613,0.0013922216584157697,0.16844393311020156,0.050649812813157266,85,119,4.787896954104811,3.325657564255499,-34
53039,5,0.008955393412546319,0.0022913566688493397,0.19037404568965863,0.06243305916976356,83,108,3.9083367222107275,3.0492506409466014,-25
53041,5,0.00986187516351643,0.003062363803506009,0.21069520046932258,0.08785538689486581,80,112,3.220347351358406,2.398204685177198,-32
53043,5,0.011256075225815213,0.0037881759423168343,0.21148687164744284,0.08585965819506622,80,100,2.971370759229055,2.4631692705666466,-20
53045,5,0.009387325052676053,0.0026985064776799445,0.20509004795333835,0.08129501163067508,80,114,3.4787113280331483,2.522787608236858,-34
53047,5,0.013812003403230291,0.005515943444380374,0.2293905322407732,0.10651362681103327,76,92,2.5040146880588336,2.153626151963982,-16
53049,5,0.010148963186544456,0.0028244902902385895,0.20491613182856563,0.07429656523615882,80,106,3.593201655399267,2.7580835153983214,-26
53051,5,0.007790580699329281,0.0018858940235057745,0.18383545728704562,0.062105237225441035,83,116,4.13097480676407,2.960063683835967,-33
53053,5,0.007804116293600306,0.0018641570027775245,0.19289063368441933,0.07252337974369656,81,129,4.186405051705657,2.6597027657303105,-48
53055,5,0.006310454018384126,8.225172696398798e-4,0.15581934282094204,0.033812809794575696,82,112,7.67212343291833,4.608293240567627,-30
53057,5,0.009454587139448696,0.0028159406566174144,0.20805101913445706,0.08539459494439641,80,115,3.357523574664321,2.4363488025199582,-35
53059,5,0.006554781431128149,0.0011783183089232947,0.16759953740457817,0.048415538222641705,83,121,5.562827447803705,3.4616890270611433,-38
53061,5,0.00789309890058898,0.0019872212510285295,0.19483310281953364,0.07551559058779907,81,128,3.9719275830528358,2.580038125941804,-47
53063,5,0.007353471519995869,0.0014316487438799147,0.1827254659605968,0.05969227483138834,81,126,5.136365712211787,3.0611241819270254,-45
53065,5,0.009339502400286767,0.0025938846384193546,0.20408896583247443,0.07904842941496198,80,114,3.6005851077394158,2.5818218950450804,-34
53067,5,0.007040673421618116,0.0014738200098341197,0.1785995814880127,0.05902007433699893,82,125,4.777159608798196,3.0260819474442937,-43
53069,5,0.008774747122186153,0.0023726975997911998,0.19555912707139889,0.07157663831148285,82,113,3.6982155344862915,2.7321641765344804,-31
53071,5,0.009180536539593631,0.0025993340554139946,0.20071354421598625,0.07610292574343507,82,112,3.5318802215790814,2.6373958984527026,-30
53073,5,0.007561294788436675,0.0015921663769143445,0.18406372735148643,0.06079141701991472,81,122,4.749060712543522,3.027791362244259,-41
53075,5,0.007195594992403588,0.0013721090014207047,0.1724944183607579,0.047990679365908985,84,116,5.244186128764659,3.5943316627289157,-32
53077,5,0.01787432315149644,0.008775658417746348,0.2619601281223444,0.1486893428087101,70,85,2.0368070748230758,1.761794915317892,-15
54001,1,0.0048748191815832795,5.609070183849349e-4,0.13236640181151965,0.026757123441798477,82,58,8.690957719908269,4.946959343347958,24
54003,1,0.007106208696458413,0.0016129335300237295,0.18199909216589671,0.06610783200670946,82,129,4.405766613552801,2.7530639962209795,-47
54005,1,0.004539153704637752,5.458756957346549e-4,0.1257481093797876,0.02482307939323529,82,28,8.315361427712643,5.065773967352982,54
54007,1,0.004420086929795512,5.246496121366349e-4,0.12359257199834564,0.02360128834130984,83,10,8.424835981093578,5.236687515148015,73
54009,1,0.00477595066906563,5.122578963755998e-4,0.12280656374287775,0.01685507155125665,81,6,9.323332451987794,7.286030401557195,75
54011,1,0.005343792732616356,5.419541147500749e-4,0.1366543768110728,0.02452990761001303,80,23,9.860230944239024,5.570929127971558,57
54013,1,0.005521747260322459,7.138479839027549e-4,0.14566389273875252,0.03330807376550699,82,108,7.735186461036035,4.373230759732447,-26
54015,1,0.008354764385070133,0.0024515522693564448,0.19740280391329698,0.0810606660811098,82,121,3.4079487064182956,2.4352477404487956,-39
54017,1,0.006659063924654798,0.0011025852242905897,0.16921887119923176,0.050466909295748166,80,124,6.039500419515672,3.3530658714915287,-44
54019,1,0.005244541978015447,6.266843452100149e-4,0.14011955974885276,0.030764826484131407,81,86,8.36871387980482,4.554537625009095,-5
54021,1,0.003790291728674665,5.083330593883749e-4,0.10266124323994155,0.012422010252109521,80,4,7.456315615661777,8.264462929621837,76
54023,1,0.005217111582109192,5.802133817613799e-4,0.13798226635395638,0.027885128551339934,82,84,8.991711922036979,4.948238488480128,-2
54025,1,0.005374679787345145,5.725860223087499e-4,0.13880790721018202,0.026028922229143978,82,100,9.38667654804715,5.332833453041019,-18
54027,1,0.005792796994703336,7.073133387842799e-4,0.14859686093367694,0.03303536980094915,81,106,8.189859680378591,4.498114046521361,-25
54029,1,0.004926373112042706,5.291332843546749e-4,0.12789801108314355,0.020863128349064956,81,12,9.310268806943144,6.130337164362778,69
54031,1,0.007704263763873757,0.0019380350237034295,0.18393091998083558,0.06509982257822992,83,118,3.975296457311451,2.82536745410953,-35
54033,1,0.006046242564419272,7.594762527106448e-4,0.1550744670239109,0.03769009502631852,80,105,7.961068621750375,4.11446208654089,-25
54035,1,0.006438366574662678,0.0010456622176996347,0.16543612954888282,0.047408705744177305,81,122,6.15721450548966,3.4895727894702446,-41
54037,1,0.00716390903450854,0.0017519241877968696,0.18477175716954275,0.07065169607743317,82,131,4.089166120548576,2.6152487120342554,-49
54039,1,0.004960534605655146,5.305729556637898e-4,0.12814825367822394,0.020830186592355332,80,12,9.349392110363247,6.152045403436486,68
54041,1,0.00527792605128735,6.180300009371699e-4,0.14037205029126004,0.03045823522274072,81,77,8.539918844204966,4.608673131083298,4
54043,1,0.005270171617352246,7.289722009674299e-4,0.1446112315609433,0.03650194286086223,82,102,7.229592034316429,3.96174066986437,-20
54045,1,0.005684336950234607,8.865682761104698e-4,0.15434288035163662,0.04335360868419813,82,117,6.411617811515644,3.5600930357590452,-35
54047,1,0.004729324304639284,5.204947360160599e-4,0.12166489220764828,0.017194308766140306,80,8,9.086209672048174,7.07588155257718,72
54049,1,0.005274260940333917,6.293139764097699e-4,0.14064793474786927,0.03111352230413235,81,80,8.380969020302908,4.520476125237324,1
54051,1,0.00492866539990634,5.584022767043999e-4,0.1319833681725351,0.02587842774211514,81,42,8.826370531643473,5.100130869146365,39
54053,1,0.005736724454854923,8.266263900148398e-4,0.1515153224558229,0.03792480743871184,83,115,6.93992415939193,3.9951507387526837,-32
54055,1,0.005909402881009978,8.476874990556598e-4,0.1550865351800707,0.0403259424447383,82,115,6.971204468147951,3.845825435886528,-33
54057,1,0.004835699804137807,5.585996231972099e-4,0.1316091606561302,0.026222731504809096,83,93,8.656826111804582,5.018895938891562,-10
54059,1,0.005520826714076265,8.019582991235098e-4,0.14866390387292586,0.037413832259061856,83,114,6.884181783654066,3.9735011063165966,-31
54061,1,0.004855220463407437,5.371442037306499e-4,0.12830087472170426,0.02260622964499984,81,15,9.0389516068241509,5.675465424199231,66
54063,1,0.006635114820606459,0.0014170686456627247,0.16259455553995167,0.045942483094790224,87,114,4.6822818646893385,3.5390894132665967,-27
54065,1,0.0061164627928415065,0.0010047849935685598,0.15976943769880955,0.04430858468346223,82,120,6.087334934331063,3.605834825016246,-38
54067,1,0.00506497843332555,6.786052231192649e-4,0.13854133041988193,0.031181048169541797,84,109,7.463807027661766,4.443126147222067,-25
54069,1,0.004794145282145112,5.206147899005599e-4,0.12392589084349435,0.018301570431110952,80,8,9.20862291111787,6.771325516024132,72
54071,1,0.006452129813559765,0.0014732082588132446,0.16186522295206457,0.04849158750077633,88,116,4.379645426884405,3.3380062665400088,-28
54073,1,0.005594816258897447,7.942809231506398e-4,0.14955814365151684,0.038389574588432,82,111,7.0438759081670135,3.895801015116835,-29
54075,1,0.005622627258066702,7.724583053796598e-4,0.1443854508676271,0.02990411311885754,85,113,7.2788747546745665,4.828280654696213,-28
54077,1,0.005635940601297027,9.265890370494247e-4,0.1532523097037553,0.04275875622831211,83,119,6.082459834884063,3.5841152367823423,-36
54079,1,0.00544601630690863,8.224242370750348e-4,0.15005006581873828,0.04101358172059032,82,112,6.621906385295107,3.6585457676184294,-30
54081,1,0.005125493971267334,5.752108524227849e-4,0.13604489809414216,0.027495876554893557,81,58,8.910635030056861,4.9478290980299615,23
54083,1,0.004954679508402702,5.306368194701899e-4,0.13099139023652118,0.0237053108616412,82,13,9.337232786352184,5.525824613778222,69
54085,1,0.005056829222674074,7.666142720767548e-4,0.14047574547479694,0.03426717483419127,85,114,6.596315000730609,4.099425942013532,-29
54087,1,0.005659066803230342,8.204397495638248e-4,0.14900700597978,0.03555492025346812,84,115,6.897601933888388,4.19089692558783,-31
54089,1,0.007292689557931625,0.0011957859338577947,0.1739821342485406,0.04858104425990278,80,119,6.098658088746917,3.5812761314424817,-39
54091,1,0.005252699973451942,6.268218988828399e-4,0.14038582762819804,0.030863662754251977,82,85,8.379892251393295,4.54857962731133,-3
54093,1,0.005540831340228639,6.862987754315999e-4,0.1437890582843165,0.029974934516888763,83,110,8.07349734340429,4.796976560642744,-27
54095,1,0.0056112587544451115,7.065423280815499e-4,0.1473053874473523,0.03350183926824586,82,107,7.941857878042735,4.396934337481977,-25
54097,1,0.005528993010546208,7.570580260594448e-4,0.14815730271738542,0.03673269608723449,82,109,7.303261863988306,4.033390371497226,-27
54099,1,0.00585541438790682,8.414497824606798e-4,0.15589654961295957,0.042143240612502075,81,113,6.9587211381570935,3.699206500192864,-32
54101,1,0.0084579994436177,0.0023951209177134796,0.18513206501044374,0.0657128864200748,85,109,3.5313454870129037,2.817287066451052,-24
54103,1,0.006311281016334022,8.954609078181648e-4,0.1620484220792835,0.043673886345554594,80,117,7.048081006363274,3.7104191002635107,-37
54105,1,0.005842595695673004,9.705522412434898e-4,0.15770043282043766,0.046203337302255135,82,121,6.019867295538219,3.413182727229976,-39
54107,1,0.004959793375715335,5.331933707409799e-4,0.1304911060466423,0.023201638461844382,81,14,9.302053716126855,5.624219438693429,67
54109,1,0.005377025360397092,8.165491609903498e-4,0.1469192229249029,0.038096853384534786,83,114,6.5850601743017885,3.856466082433568,-31
55001,3,0.0017684573517124727,5.077505359448849e-4,0.06540700941624601,0.018655337845029013,75,5,3.4829256229567713,3.506074773857535,70
55003,3,0.003457375327953096,0.0011156329941524698,0.12096596816813526,0.04973208820998218,95,126,3.099025706549324,2.4323524815082083,-31
55005,3,0.0033544814607536304,0.0011692958031012748,0.11941669703383088,0.05113682973938462,98,128,2.8688048412186875,2.335238567631783,-30
55007,3,0.002611841420679829,7.556206689411098e-4,0.09801613130298363,0.03638940880140568,92,114,3.4565510553594794,2.6935345896358003,-22
55009,3,0.003141768947821565,0.0010278990581542198,0.115368929904765,0.04847289504529899,94,125,3.056495599347259,2.380070961244427,-31
55011,3,0.003039776271524199,0.0010739140765297199,0.11053772913674446,0.045875635890146184,103,128,2.8305581777520126,2.409508380471023,-25
55013,3,0.0019529919315203741,5.208898564560749e-4,0.07195839015936915,0.021482281942008616,77,9,3.7493376139204284,3.349662310252733,68
55015,3,0.0031393638006040566,0.0011429896477110448,0.11669410459831349,0.05211096190423867,99,129,2.7466248770415005,2.239338909397903,-30
55017,3,0.0031888348230119197,0.0010881555067469848,0.11653273711957662,0.04983923096960426,97,127,2.9304955066072,2.3381728580572823,-30
55019,3,0.009410511822536752,0.005307030388926824,0.1967092541952573,0.12090638027687166,89,104,1.773216117656286,1.6269551180409136,-15
55021,3,0.0035446381734241445,0.0013037102089082998,0.12517442609375065,0.056281295911493855,99,130,2.7188850322744287,2.224085712073793,-31
55023,3,0.0034595189424234084,0.0012287536923454598,0.1208882970263179,0.051700029244271806,100,128,2.815469824403813,2.338263610164436,-28
55025,3,0.0023066048978608953,6.053201546904699e-4,0.08683204130683878,0.029893334330772087,84,77,3.8105536053733027,2.904729206385458,7
55027,3,0.0031038302594798956,0.0010562913297432097,0.1138819940604891,0.047894250426873654,98,127,2.9384225469638703,2.377780068494181,-29
55029,3,0.001818577658683292,5.132643541667449e-4,0.06788766060757419,0.02020457380850538,76,7,3.5431598627877596,3.3600144824136793,69
55031,3,0.0020146731629272488,5.334751739120299e-4,0.07498391517481312,0.023568867042880602,79,14,3.7765078141376986,3.181481529782033,65
55033,3,0.003468186061824447,0.0012305330484244797,0.12311834180234692,0.053948443097675124,98,129,2.8184420290580245,2.282148190624108,-31
55035,3,0.002708580391966432,8.086884571485347e-4,0.10229830047241122,0.03984329599525253,91,114,3.3493496389412876,2.56751601284694,-23
55037,3,0.0023712139779699277,6.665829716924049e-4,0.09041225142103684,0.03185438623427202,92,113,3.5572675550795885,2.838298335309397,-21
55039,3,0.002988004015188398,9.589917588425097e-4,0.11049251126437655,0.044997280879040376,95,124,3.1157765305458716,2.455537514842229,-29
55041,3,0.0033018860707395305,0.0011617190720387299,0.11652604685337205,0.048893983549606626,101,127,2.8422414249814874,2.3832389671246075,-26
55043,3,0.0046192385392321055,0.0019747005689839795,0.14322218144503227,0.0702951756992249,102,126,2.3392096056410163,2.037439696542525,-24
55045,3,0.0036157051532018543,0.0013373738622091797,0.1255167914787671,0.055914660575313,100,129,2.7035859271461664,2.2447921562486295,-29
55047,3,0.003580403359678259,0.0013146067769386747,0.12467895714153938,0.05544576784251175,99,129,2.7235546191355757,2.248664992712838,-30
55049,3,0.003152986386400088,0.0011278606246578947,0.11390453655747176,0.048298047371432194,102,128,2.7955461140036335,2.358367320349376,-26
55051,3,0.0017958345704154168,5.066420870938199e-4,0.06717211234529158,0.019551749620507403,76,5,3.5445822922383163,3.435606206558426,71
55053,3,0.00488306234976141,0.0020989001687284647,0.14732492597344593,0.07271134493933636,101,125,2.3264862343212918,2.0261614758516746,-24
55055,3,0.0027809476933707534,8.627298807392048e-4,0.10493362256730539,0.04189246019734191,93,119,3.223428045621858,2.504833138779552,-26
55057,3,0.003061585002322603,0.0010133479677496347,0.11219639644640572,0.04628987959330539,97,126,3.0212573565638423,2.4237781007888377,-29
55059,3,0.003243202743537025,0.0011237337546150547,0.1190822676990437,0.052221352098723015,96,128,2.8860953319392046,2.2803367380055954,-32
55061,3,0.0037110159904770092,0.0014886871129134696,0.1278920270344521,0.059898234195633046,103,130,2.4928112551564174,2.1351552137037157,-27
55063,3,0.002260868092167955,5.983314056620099e-4,0.08534351827282867,0.029429328131518852,84,72,3.7786217985105934,2.8999478986210914,12
55065,3,0.005891798762679836,0.0028223168568902745,0.15888018084255548,0.08431115452139955,100,119,2.087575230362909,1.8844503048790429,-19
55067,3,0.0024874703884614144,7.239100574415549e-4,0.0945169534982997,0.03427303993499703,94,117,3.43615945501937,2.757763935663791,-23
55069,3,0.001975427798753043,5.254516411923099e-4,0.07362139801214772,0.022767986305925563,79,11,3.759485448119586,3.2335489411721543,68
55071,3,0.0031126315295794474,0.0010479058770376448,0.11362017919171918,0.04731017105002783,98,127,2.9703350251061047,2.4016015302834623,-29
55073,3,0.0032110987016218282,0.0011240890961469949,0.11722431234650486,0.05081394280551282,98,128,2.8566229426372085,2.3069320323198217,-30
55075,3,0.0026750833721407154,7.970157581822348e-4,0.10021359464359492,0.03755876457461665,94,119,3.356374506624331,2.668181336063495,-25
55077,3,0.0025603173197965554,7.617684867571697e-4,0.0969226200446891,0.0360703436295172,94,118,3.361017637649682,2.6870445438555532,-24
55078,3,0.01952696516323683,0.013738727423809922,0.2645390385849649,0.19848500311496411,68,77,1.4213081430959607,1.332791064480281,-9
55079,3,0.0032228222445795907,9.682206668225048e-4,0.11619130284546654,0.04669754441391896,91,121,3.328603029262132,2.488167296669112,-30
55081,3,0.004933849974830395,0.0021221830591348946,0.14964627331131877,0.07480515976586205,99,126,2.3248936766282893,2.000480632348186,-27
55083,3,0.002515635708840555,7.683123250724598e-4,0.09674642624016494,0.037472928253778355,92,115,3.2742357850413297,2.581768512590422,-23
55085,3,0.0016357166739684368,5.081604187093148e-4,0.057869973458112824,0.01587117810178016,68,5,3.2188982332056106,3.6462304869240896,63
55087,3,0.0031953357015687836,0.0010933019762143499,0.11740505560932459,0.050742967808450744,96,127,2.9226469640463857,2.3137207120505066,-31
55089,3,0.002624410006199023,7.901009456696698e-4,0.10036584053842933,0.039596911773181934,90,111,3.3216135489809324,2.5346885917099415,-21
55091,3,0.004092322046484062,0.0016614416687515845,0.13466256546921068,0.06378058565778527,102,128,2.46311509061829,2.111340999465616,-26
55093,3,0.003693296900472036,0.0014282421565037248,0.12881778920706421,0.059967532669007007,100,130,2.5859038564672168,2.148125551839505,-30
55095,3,0.00284328715074623,9.075973113593098e-4,0.10669222282815767,0.043234030140842795,94,122,3.1327628620757313,2.4677834215452075,-28
55097,3,0.002641503967592206,7.980469425833547e-4,0.1000986941433121,0.03863573664676396,93,117,3.3099606384574365,2.5908317746983127,-24
55099,3,0.002680045224808756,7.468742048168848e-4,0.09878922846625156,0.0348866682049624,93,117,3.5883488913180996,2.8317186349196697,-24
55101,3,0.002929890838042625,9.379914814801098e-4,0.10997237447517404,0.045570710833263035,93,122,3.123579367074192,2.4132249083747634,-29
55103,3,0.004456996686807077,0.0018209970865925846,0.14076305972998776,0.06724019749475961,100,127,2.447558384152566,2.093436143475905,-27
55105,3,0.0028024819860159944,8.650384236236498e-4,0.1056440006658221,0.042333887485112506,92,118,3.2397196580891574,2.495494908256979,-26
55107,3,0.0028427512720035227,8.771072417465548e-4,0.10477856900865755,0.04019533883671159,96,122,3.2410532449177434,2.6067343140035972,-26
55109,3,0.003244178009433532,0.0012035931365557899,0.12016358451204051,0.054932585931896524,98,130,2.6954108584542893,2.1874736547268148,-32
55111,3,0.00291869535097206,9.499115798551948e-4,0.10901257830089818,0.044750896062028624,95,124,3.0725968741395784,2.4359864917519705,-29
55113,3,0.002475669198490522,6.538987471015999e-4,0.09259530170191407,0.032099055404236534,88,103,3.786013063129273,2.884673724376732,-15
55115,3,0.003524441264953054,0.0013244792884696847,0.12267579135114878,0.054496511831334624,102,129,2.661001418168815,2.251076027229548,-27
55117,3,0.0031098319758884616,9.878197114788299e-4,0.11369045973890046,0.046586841956674535,94,124,3.1481776884496893,2.4403985109064026,-30
55119,3,0.004106783675007214,0.0016728987907933146,0.13513878461777634,0.06427638043359787,102,128,2.454890694887593,2.1024641354437255,-26
55121,3,0.0036844435310379995,0.0014079008051966597,0.12651896249918348,0.057086603569925974,102,129,2.6169766488082558,2.21626361680826,-27
55123,3,0.004899267625876679,0.0021042671196001748,0.14900508282639632,0.07441351532509244,99,126,2.328253661449395,2.0023927397520946,-27
55125,3,0.0017939262997145543,5.152983478309299e-4,0.06376255171409752,0.01784726245869566,72,7,3.4813352444575347,3.572679667913479,65
55127,3,0.003164592825279427,0.0010874312538507948,0.11629410928756724,0.05011321302383521,96,127,2.9101543790221402,2.320627680213891,-31
55129,3,0.0024272802777657956,6.653486790600249e-4,0.09200940042682185,0.03280888302275023,89,104,3.6481327071918885,2.804405147320041,-15
55131,3,0.002311155904784398,6.730563491570299e-4,0.08979914786344048,0.033887555492421846,87,96,3.433822305783175,2.6499151844553066,-9
55133,3,0.002383109018470041,6.868471477765749e-4,0.0918618533504418,0.03473314131983614,87,93,3.4696351672777777,2.644789669455535,-6
55135,3,0.0028012473390204963,8.946346566100797e-4,0.10518360811091387,0.04218709359571735,95,122,3.1311634512739435,2.49326509948511,-27
55137,3,0.0034485759035869173,0.0012386320172350347,0.12047779032008328,0.051751853751831604,100,128,2.784181141454006,2.327989851297246,-28
55139,3,0.0023529342561314326,6.265865886655199e-4,0.08872532699294149,0.03115833482335748,85,82,3.7551621734238227,2.8475631799947663,3
55141,3,0.002804785174968983,8.511947472771597e-4,0.10462790532202158,0.04071385088730012,93,119,3.295115699363814,2.5698356466363683,-26
56001,5,0.00536520051245502,7.252221122444848e-4,0.1439014801466305,0.032091642150115875,84,112,7.398010101829767,4.48407967013651,-28
56003,5,0.010519875208831084,0.003240845079878249,0.2136422325570236,0.08682920064055875,79,108,3.246028412202379,2.4604883032543925,-29
56005,5,0.006477799712671921,0.0013992728799213747,0.1701374886147157,0.05505216258215968,85,123,4.629404175285602,3.0904778420067154,-38
56007,5,0.009228409118242627,0.0025599769110000894,0.20023494593886668,0.0748497662511247,81,112,3.604879824731476,2.6751579325855,-31
56009,5,0.009814957038348011,0.003070862120521429,0.20717639438011776,0.0845683404519956,81,110,3.1961568618656973,2.4498103341370334,-29
56011,5,0.010312213026612093,0.003318940889583054,0.20385377046207925,0.07931205818686969,82,103,3.1070794478378243,2.57027462308156,-21
56013,5,0.010043226104441087,0.0028791358819203745,0.21103770326924287,0.08342885623506231,79,112,3.4882779126570043,2.5295528764608775,-33
56015,5,0.009477606696480567,0.0027941339388383494,0.1959550361819714,0.07101751983957018,83,106,3.391965776852074,2.7592492194128613,-23
56017,5,0.007532364577707901,0.0016787071566577295,0.17760863748760763,0.054097642240338625,85,115,4.487003315518521,3.2831123526335757,-30
56019,5,0.010419656982388021,0.0028887754331462746,0.2046696993131486,0.07175702138587339,80,103,3.60694599615851,2.8522602438099716,-23
56021,5,0.006652769981777071,0.0011039906986950799,0.16933679084750652,0.048196609835462444,82,122,6.0261105366563905,3.5134585487569026,-40
56023,5,0.011239914800264974,0.003809208261876909,0.22701150713636212,0.1034910506991341,77,111,2.950722047086692,2.193537562936942,-34
56025,5,0.00634515525820016,9.256655879820448e-4,0.16247743227987324,0.042215307402284595,81,118,6.854694979028688,3.8487800344924255,-37
56027,5,0.010814226243673944,0.003426237361878069,0.2066732408598414,0.07856306478085695,81,101,3.1562980323541265,2.630666731705716,-20
56029,5,0.008275221186284425,0.0018435335398758795,0.19001423245976798,0.06263198651951674,81,117,4.488782551166156,3.033820943880771,-36
56031,5,0.007690349404461377,0.0016601658852777646,0.18002720259156854,0.05486246174316701,83,115,4.632277697463163,3.2814277170854536,-32
56033,5,0.006696178155408797,0.0010586488169624698,0.16464841038674666,0.040822311614099806,83,116,6.325211957088677,4.033294634149968,-33
56035,5,0.008298862663324195,0.0021325743296053148,0.18588862270128562,0.06210849420711188,84,111,3.8914763945696107,2.9929661807836903,-27
56037,5,0.007645298489349988,0.0015754015637421245,0.18869466217313516,0.0650285682916137,80,129,4.852920465046229,2.901719461621145,-49
56039,5,0.007314717897182283,0.0014640011411847797,0.1802861531029119,0.05751150352775371,81,122,4.996388111598509,3.1347842091436546,-41
56041,5,0.00830926560458799,0.0019670566597851246,0.19710514543421837,0.07242550758889972,80,124,4.224212639353088,2.7214879397604337,-44
56043,5,0.01187762328800493,0.003928919918079824,0.22430272495863976,0.09580266048386543,77,103,3.0231268480040345,2.3412995403861006,-26
56045,5,0.00825411611116842,0.0020008210761105344,0.18738995759438334,0.06290960156509809,82,114,4.125364436491185,2.978717921150311,-32
