t,subpop,S_indiv,I_indiv,R_indiv,REGION6,parset,parset_name,sens_type,sens_value
0,A,0.9990000000000001,9.999999999999998e-4,0,1,10,sar_0.2,sar,0.2
0,C,0.9990000000000002,0.0010000000000000002,0,1,10,sar_0.2,sar,0.2
1,A,0.9985721461597882,0.0012074426293872842,2.2041121082391163e-4,1,10,sar_0.2,sar,0.2
1,C,0.9986570528392589,0.0011300970557481947,2.1285010499295722e-4,1,10,sar_0.2,sar,0.2
2,A,0.9980789375906379,0.001436566796168397,4.844956131929554e-4,1,10,sar_0.2,sar,0.2
2,C,0.9982763904787078,0.0012708256347269023,4.527838865657359e-4,1,10,sar_0.2,sar,0.2
3,A,0.9975153646675278,0.0016879707442026104,7.96664588270084e-4,1,10,sar_0.2,sar,0.2
3,C,0.9978550862966328,0.0014229034205641862,7.220102828042905e-4,1,10,sar_0.2,sar,0.2
4,A,0.9968751229914701,0.0019633938249035573,0.0011614831836269897,1,10,sar_0.2,sar,0.2
4,C,0.9973896487270911,0.0015874692331063773,0.0010228820398033118,1,10,sar_0.2,sar,0.2
5,A,0.9961503974331629,0.0022655804247143124,0.0015840221421225943,1,10,sar_0.2,sar,0.2
5,C,0.9968759290376961,0.0017660262052169176,0.0013580447570860294,1,10,sar_0.2,sar,0.2
6,A,0.9953317846036488,0.0025981247885083067,0.0020700906078432277,1,10,sar_0.2,sar,0.2
6,C,0.9963090840059428,0.001960386090281213,0.0017305299037759887,1,10,sar_0.2,sar,0.2
7,A,0.9944089237866154,0.0029650321432079904,0.002626044070176708,1,10,sar_0.2,sar,0.2
7,C,0.9956838712810224,0.0021724964846292255,0.002143632234348476,1,10,sar_0.2,sar,0.2
8,A,0.9933694189162976,0.0033710120175625717,0.0032595690661396085,1,10,sar_0.2,sar,0.2
8,C,0.9949940836929765,0.0024046128590099014,0.0026013034480130066,1,10,sar_0.2,sar,0.2
9,A,0.9922006436165689,0.003820701876199166,0.003978654507233083,1,10,sar_0.2,sar,0.2
9,C,0.9942334292519718,0.0026589535352785952,0.0031076172127488273,1,10,sar_0.2,sar,0.2
10,A,0.9908884549918385,0.0043191348642271175,0.004792410143934356,1,10,sar_0.2,sar,0.2
10,C,0.9933948754531028,0.002937933372760295,0.003667191174136177,1,10,sar_0.2,sar,0.2
11,A,0.9894175641494615,0.0048715762223941,0.005710859628143588,1,10,sar_0.2,sar,0.2
11,C,0.9924708242672502,0.0032440941350122287,0.004285081597736289,1,10,sar_0.2,sar,0.2
12,A,0.9877705441409056,0.005483826788180203,0.006745629070914567,1,10,sar_0.2,sar,0.2
12,C,0.9914526073539489,0.0035802618718139023,0.004967130774236282,1,10,sar_0.2,sar,0.2
13,A,0.9859290484710185,0.00616178934195558,0.007909162187025882,1,10,sar_0.2,sar,0.2
13,C,0.9903310761225803,0.003949347231085171,0.005719576646335868,1,10,sar_0.2,sar,0.2
14,A,0.9838730940586086,0.006911695401654639,0.009215210539736588,1,10,sar_0.2,sar,0.2
14,C,0.9890962288580615,0.004354464528767553,0.0065493066131726545,1,10,sar_0.2,sar,0.2
15,A,0.9815808194965556,0.007740161489576157,0.010679019013867705,1,10,sar_0.2,sar,0.2
15,C,0.9877370692581824,0.004798971285147379,0.007463959456668226,1,10,sar_0.2,sar,0.2
16,A,0.9790289813073009,0.008654004864440882,0.01231701382825778,1,10,sar_0.2,sar,0.2
16,C,0.9862418275821278,0.005286391565170685,0.00847178085270196,1,10,sar_0.2,sar,0.2
17,A,0.9761928853310134,0.009660217842619768,0.014146896826366698,1,10,sar_0.2,sar,0.2
17,C,0.9845978903555701,0.005820424439849888,0.009581685204580604,1,10,sar_0.2,sar,0.2
18,A,0.9730461467738512,0.010765994237831594,0.01618785898831648,1,10,sar_0.2,sar,0.2
18,C,0.982791634897246,0.006404981797353259,0.010803383305400238,1,10,sar_0.2,sar,0.2
19,A,0.9695608455615172,0.011978614347429795,0.018460540091053242,1,10,sar_0.2,sar,0.2
19,C,0.9808084513994719,0.007044161608154751,0.012147386992374288,1,10,sar_0.2,sar,0.2
20,A,0.9657073203214357,0.013305408196176217,0.020987271482387684,1,10,sar_0.2,sar,0.2
20,C,0.9786325588435003,0.00774227406612397,0.013625167090375154,1,10,sar_0.2,sar,0.2
21,A,0.9614556586855718,0.014753315640945936,0.023791025673482274,1,10,sar_0.2,sar,0.2
21,C,0.9762477306148803,0.00850362314244498,0.01524864624267491,1,10,sar_0.2,sar,0.2
22,A,0.9567733024944512,0.016329297826269823,0.02689739967927844,1,10,sar_0.2,sar,0.2
22,C,0.9736358727328567,0.009332842831980825,0.017031284435162664,1,10,sar_0.2,sar,0.2
23,A,0.9516284222024934,0.018039430165912116,0.030332147631594353,1,10,sar_0.2,sar,0.2
23,C,0.97077874045811,0.010234404867559678,0.018986854674328483,1,10,sar_0.2,sar,0.2
24,A,0.9459886127139541,0.019889058344966775,0.034122328941078826,1,10,sar_0.2,sar,0.2
24,C,0.9676570992928947,0.01121279533133551,0.021130105375769443,1,10,sar_0.2,sar,0.2
25,A,0.9398201340622062,0.021882752601277655,0.03829711333651635,1,10,sar_0.2,sar,0.2
25,C,0.964250097106829,0.012272612313427805,0.023477290579743525,1,10,sar_0.2,sar,0.2
26,A,0.9330912756485457,0.024023435690232717,0.04288528866122156,1,10,sar_0.2,sar,0.2
26,C,0.9605369970883019,0.013418069293145679,0.02604493361855299,1,10,sar_0.2,sar,0.2
27,A,0.9257712155680217,0.026312378104468376,0.04791640632751057,1,10,sar_0.2,sar,0.2
27,C,0.9564963042607371,0.014653133377879182,0.028850562361383336,1,10,sar_0.2,sar,0.2
28,A,0.9178311702489577,0.02874875915346368,0.0534200705975795,1,10,sar_0.2,sar,0.2
28,C,0.9521062034942306,0.015981336964788602,0.0319124595409798,1,10,sar_0.2,sar,0.2
29,A,0.9092452362412186,0.03132928304924291,0.05942548070953831,1,10,sar_0.2,sar,0.2
29,C,0.9473448202060286,0.017405622697780124,0.03524955709619083,1,10,sar_0.2,sar,0.2
30,A,0.899991254319182,0.03404783090134443,0.06596091477947387,1,10,sar_0.2,sar,0.2
30,C,0.9421905182470138,0.018928181663343955,0.03888130008964068,1,10,sar_0.2,sar,0.2
31,A,0.8900516898885255,0.03689510832719454,0.07305320178428035,1,10,sar_0.2,sar,0.2
31,C,0.936622207107033,0.020550275763698785,0.04282751712926853,1,10,sar_0.2,sar,0.2
32,A,0.8794150818622835,0.03985789517688142,0.08072702296083406,1,10,sar_0.2,sar,0.2
32,C,0.9306196930691868,0.022271928338201543,0.04710837859261199,1,10,sar_0.2,sar,0.2
33,A,0.8680768164512811,0.04291948687576141,0.08900369667295775,1,10,sar_0.2,sar,0.2
33,C,0.9241645981385862,0.02409181123605173,0.051743590625361345,1,10,sar_0.2,sar,0.2
34,A,0.8560397133011092,0.04606030172890851,0.09789998496998224,1,10,sar_0.2,sar,0.2
34,C,0.9172413615067885,0.026007151798239633,0.05675148669497152,1,10,sar_0.2,sar,0.2
35,A,0.8433147590052468,0.049254648239360634,0.10743059275539282,1,10,sar_0.2,sar,0.2
35,C,0.9098348249938116,0.028013164510801245,0.062152010495387586,1,10,sar_0.2,sar,0.2
36,A,0.8299223691333301,0.05247456033285204,0.11760307053381863,1,10,sar_0.2,sar,0.2
36,C,0.9019345257791683,0.030103226045269885,0.06796224817556006,1,10,sar_0.2,sar,0.2
37,A,0.8158924467254572,0.05568811214916522,0.12841944112537804,1,10,sar_0.2,sar,0.2
37,C,0.8935333298143286,0.03226849800396235,0.07419817218171071,1,10,sar_0.2,sar,0.2
38,A,0.8012646614618792,0.0588603692932088,0.1398749692449116,1,10,sar_0.2,sar,0.2
38,C,0.8846284054840483,0.03449785156284178,0.08087374295311013,1,10,sar_0.2,sar,0.2
39,A,0.786088299636997,0.0619539955307976,0.1519577048322043,1,10,sar_0.2,sar,0.2
39,C,0.8752217473095382,0.036777786008491936,0.08800046668197055,1,10,sar_0.2,sar,0.2
40,A,0.7704218168592275,0.06493012282261962,0.1646480603181528,1,10,sar_0.2,sar,0.2
40,C,0.8653206623808117,0.03909242634948351,0.09558691126970237,1,10,sar_0.2,sar,0.2
41,A,0.7543317759589424,0.06774928118314173,0.1779189428579154,1,10,sar_0.2,sar,0.2
41,C,0.8549379045218376,0.04142368481583565,0.10363841066232554,1,10,sar_0.2,sar,0.2
42,A,0.7378933100391903,0.0703723268269353,0.19173436313387388,1,10,sar_0.2,sar,0.2
42,C,0.8440929221001097,0.04375098094729965,0.11215609695258975,1,10,sar_0.2,sar,0.2
43,A,0.7211883397598029,0.07276150757448957,0.20605015266570836,1,10,sar_0.2,sar,0.2
43,C,0.8328116646615485,0.046051611087398074,0.12113672425105358,1,10,sar_0.2,sar,0.2
44,A,0.7042972148393781,0.07488431465465586,0.22081847050596526,1,10,sar_0.2,sar,0.2
44,C,0.8211240245100406,0.04830300104366438,0.13057297444629481,1,10,sar_0.2,sar,0.2
45,A,0.6873049443005856,0.07671101212658098,0.23598404357283315,1,10,sar_0.2,sar,0.2
45,C,0.8090662656040166,0.050480912560167956,0.1404528218358153,1,10,sar_0.2,sar,0.2
46,A,0.6703036950175137,0.07821433893974368,0.25148196604274253,1,10,sar_0.2,sar,0.2
46,C,0.7966827634057154,0.0525587873780464,0.15075844921623704,1,10,sar_0.2,sar,0.2
47,A,0.653377945213949,0.07937540793554632,0.2672466468505042,1,10,sar_0.2,sar,0.2
47,C,0.7840204073307568,0.05451199994980648,0.1614675927194363,1,10,sar_0.2,sar,0.2
48,A,0.6366108532618475,0.08018094239729862,0.2832082043408545,1,10,sar_0.2,sar,0.2
48,C,0.7711309024646695,0.05631620368151481,0.17255289385381647,1,10,sar_0.2,sar,0.2
49,A,0.6200809779456703,0.08062425147717833,0.299294770577151,1,10,sar_0.2,sar,0.2
49,C,0.7580692568668048,0.05794847675665588,0.18398226637654017,1,10,sar_0.2,sar,0.2
50,A,0.6038608140635442,0.08070541455124804,0.3154337713852088,1,10,sar_0.2,sar,0.2
50,C,0.7448928482928671,0.059387995207934,0.19571915649919994,1,10,sar_0.2,sar,0.2
51,A,0.5880159692654041,0.0804307684915689,0.33155326224302756,1,10,sar_0.2,sar,0.2
51,C,0.7316602654469541,0.06061652580773971,0.20772320874530625,1,10,sar_0.2,sar,0.2
52,A,0.5726041711286537,0.07981285664054368,0.3475829722308024,1,10,sar_0.2,sar,0.2
52,C,0.7184304833436297,0.06161904644764898,0.21995047020872105,1,10,sar_0.2,sar,0.2
53,A,0.5576743533029436,0.07886952554319124,0.3634561211538656,1,10,sar_0.2,sar,0.2
53,C,0.705261191097373,0.06238424346612751,0.2323545654364992,1,10,sar_0.2,sar,0.2
54,A,0.5432665536448926,0.07762300177978,0.37911044457532656,1,10,sar_0.2,sar,0.2
54,C,0.6922076581813497,0.06290476329857553,0.24488757852007437,1,10,sar_0.2,sar,0.2
55,A,0.5294132733609546,0.07609917756252847,0.39448754907651606,1,10,sar_0.2,sar,0.2
55,C,0.6793229689662317,0.06317693062487416,0.257500100408893,1,10,sar_0.2,sar,0.2
56,A,0.516138787831621,0.0743268880022484,0.4095343241661307,1,10,sar_0.2,sar,0.2
56,C,0.6666568404586628,0.06320110889744282,0.2701420506438938,1,10,sar_0.2,sar,0.2
57,A,0.5034590448509868,0.07233662425394165,0.4242043308950719,1,10,sar_0.2,sar,0.2
57,C,0.6542539577102701,0.06298164992546666,0.28276439236426204,1,10,sar_0.2,sar,0.2
58,A,0.4913833709307329,0.07015979801328139,0.43845683105598665,1,10,sar_0.2,sar,0.2
58,C,0.6421546221992138,0.0625263137708169,0.2953190640299698,1,10,sar_0.2,sar,0.2
59,A,0.47991409039780464,0.06782804491222587,0.4522578646899692,1,10,sar_0.2,sar,0.2
59,C,0.6303936355064604,0.061846392269979976,0.3077599722235584,1,10,sar_0.2,sar,0.2
60,A,0.4690479628005038,0.06537235052293042,0.4655796866765664,1,10,sar_0.2,sar,0.2
60,C,0.6190004870500005,0.06095592272613547,0.3200435902238642,1,10,sar_0.2,sar,0.2
61,A,0.4587770655899809,0.06282244944440721,0.47840048496561277,1,10,sar_0.2,sar,0.2
61,C,0.6079994507106685,0.05987114932261578,0.3321293999667158,1,10,sar_0.2,sar,0.2
62,A,0.44908929763308747,0.06020645294585144,0.49070424942106095,1,10,sar_0.2,sar,0.2
62,C,0.5974095653160485,0.058610124904529055,0.34398030977942223,1,10,sar_0.2,sar,0.2
63,A,0.4399691731095826,0.057550427043458974,0.5024803998469592,1,10,sar_0.2,sar,0.2
63,C,0.5872448578548242,0.05719215363993528,0.35556298850523993,1,10,sar_0.2,sar,0.2
64,A,0.4313984354738337,0.0548782169515549,0.5137233475746118,1,10,sar_0.2,sar,0.2
64,C,0.5775146716958446,0.05563735421894822,0.3668479740852075,1,10,sar_0.2,sar,0.2
65,A,0.42335706202984463,0.05221081616618764,0.5244321218039679,1,10,sar_0.2,sar,0.2
65,C,0.5682238601692823,0.05396577255722693,0.37781036727349204,1,10,sar_0.2,sar,0.2
66,A,0.4158229917020021,0.04956746340032785,0.5346095448976695,1,10,sar_0.2,sar,0.2
66,C,0.5593736985214729,0.05219791756111677,0.38842838391740997,1,10,sar_0.2,sar,0.2
67,A,0.4087734916332195,0.04696445588754805,0.5442620524792314,1,10,sar_0.2,sar,0.2
67,C,0.5509618341426774,0.050353371558335074,0.39868479429898757,1,10,sar_0.2,sar,0.2
68,A,0.4021850878753978,0.044415718208932975,0.553399193915669,1,10,sar_0.2,sar,0.2
68,C,0.542982840913786,0.04845099890641576,0.4085661601797984,1,10,sar_0.2,sar,0.2
69,A,0.39603316745406897,0.04193324094984789,0.5620335915960829,1,10,sar_0.2,sar,0.2
69,C,0.5354283280633224,0.04650920682148257,0.41806246511519424,1,10,sar_0.2,sar,0.2
70,A,0.39029718017767023,0.03952534519115904,0.5701774746311719,1,10,sar_0.2,sar,0.2
70,C,0.5282895511597898,0.044542398385422205,0.42716805045478695,1,10,sar_0.2,sar,0.2
71,A,0.3849473960714807,0.037201310706503565,0.5778512932220153,1,10,sar_0.2,sar,0.2
71,C,0.5215510836986426,0.04256964603091188,0.43587927027044565,1,10,sar_0.2,sar,0.2
72,A,0.37996964260417276,0.034964479884408546,0.5850658775114198,1,10,sar_0.2,sar,0.2
72,C,0.5152045268060451,0.040599298480466325,0.444196174713488,1,10,sar_0.2,sar,0.2
73,A,0.3753368131860337,0.0328203783208323,0.5918428084931343,1,10,sar_0.2,sar,0.2
73,C,0.5092329147585029,0.03864661771116087,0.4521204675303366,1,10,sar_0.2,sar,0.2
74,A,0.37102827826507384,0.030771339340317578,0.598200382394609,1,10,sar_0.2,sar,0.2
74,C,0.5036214730555394,0.03672170507453117,0.4596568218699294,1,10,sar_0.2,sar,0.2
75,A,0.3670234497838814,0.028818746750458986,0.604157803465659,1,10,sar_0.2,sar,0.2
75,C,0.4983545500083922,0.034833754806407914,0.4668116951852003,1,10,sar_0.2,sar,0.2
76,A,0.3633026276103842,0.02696284503949565,0.6097345273501206,1,10,sar_0.2,sar,0.2
76,C,0.49341611730590207,0.03299047834863211,0.4735934043454662,1,10,sar_0.2,sar,0.2
77,A,0.35984728462521715,0.025203017149342123,0.614949698225442,1,10,sar_0.2,sar,0.2
77,C,0.4887902953618271,0.031198225434879125,0.48001147920329357,1,10,sar_0.2,sar,0.2
78,A,0.3566401597316178,0.023537911908345654,0.6198219283600365,1,10,sar_0.2,sar,0.2
78,C,0.48446156446225025,0.02946202756872477,0.4860764079690236,1,10,sar_0.2,sar,0.2
79,A,0.3536637613157496,0.021965514876000063,0.6243707238082494,1,10,sar_0.2,sar,0.2
79,C,0.48041358505050313,0.027786193061191164,0.4918002218883048,1,10,sar_0.2,sar,0.2
80,A,0.3509025691560284,0.02048334223230429,0.6286140886116661,1,10,sar_0.2,sar,0.2
80,C,0.47663119545368043,0.02617364701517115,0.49719515753114846,1,10,sar_0.2,sar,0.2
81,A,0.34834163515939875,0.019088530643858685,0.632569834196743,1,10,sar_0.2,sar,0.2
81,C,0.47309935848923657,0.02462656433627652,0.5022740771744865,1,10,sar_0.2,sar,0.2
82,A,0.3459669951801398,0.017777894254376828,0.6362551105654826,1,10,sar_0.2,sar,0.2
82,C,0.4698035471714725,0.02314623075270238,0.5070502220758258,1,10,sar_0.2,sar,0.2
83,A,0.3437655904603797,0.016548020879557274,0.639686388660063,1,10,sar_0.2,sar,0.2
83,C,0.466729772287864,0.02173319194757432,0.511537035764563,1,10,sar_0.2,sar,0.2
84,A,0.3417251468288367,0.015395380903531373,0.6428794722676312,1,10,sar_0.2,sar,0.2
84,C,0.46386458568649613,0.02038743556716428,0.5157479787463397,1,10,sar_0.2,sar,0.2
85,A,0.33983418843039465,0.01431636209052275,0.6458494494790826,1,10,sar_0.2,sar,0.2
85,C,0.46119511989118195,0.019108424836502172,0.519696455272317,1,10,sar_0.2,sar,0.2
86,A,0.3380820023473396,0.013307317337262257,0.6486106803153976,1,10,sar_0.2,sar,0.2
86,C,0.45870910394047654,0.017895179403948986,0.5233957166555745,1,10,sar_0.2,sar,0.2
87,A,0.33645860085386375,0.012364602675259196,0.6511767964708768,1,10,sar_0.2,sar,0.2
87,C,0.45639486608710106,0.01674634211222023,0.5268587918006776,1,10,sar_0.2,sar,0.2
88,A,0.33495467736713525,0.011484618676310697,0.6535607039565535,1,10,sar_0.2,sar,0.2
88,C,0.45424133507436415,0.01566025796395149,0.5300984069616849,1,10,sar_0.2,sar,0.2
89,A,0.3335615656119586,0.01066383963973986,0.6557745947483028,1,10,sar_0.2,sar,0.2
89,C,0.4522380328776669,0.014635038249986394,0.5331269288723467,1,10,sar_0.2,sar,0.2
90,A,0.33227120146144334,0.009898834138449919,0.6578299644001071,1,10,sar_0.2,sar,0.2
90,C,0.45037506170760105,0.013668613255978622,0.53595632503642,1,10,sar_0.2,sar,0.2
91,A,0.3310760864701227,0.009186280441184986,0.6597376330886926,1,10,sar_0.2,sar,0.2
91,C,0.448643087765544,0.012758777647181602,0.5385981345872746,1,10,sar_0.2,sar,0.2
92,A,0.3299692524826636,0.008522978612293812,0.6615077689050424,1,10,sar_0.2,sar,0.2
92,C,0.44703332298674914,0.011903230853312503,0.5410634461599372,1,10,sar_0.2,sar,0.2
93,A,0.32894422741325335,0.007905859571632954,0.6631499130151136,1,10,sar_0.2,sar,0.2
93,C,0.44553750512663026,0.011099612676402188,0.5433628821969674,1,10,sar_0.2,sar,0.2
94,A,0.32799500251851293,0.007331991119507555,0.6646730063619801,1,10,sar_0.2,sar,0.2
94,C,0.4441478764292227,0.010345533842540762,0.545506589728236,1,10,sar_0.2,sar,0.2
95,A,0.3271160013601221,0.006798581239102148,0.6660854174007762,1,10,sar_0.2,sar,0.2
95,C,0.44285716129312536,0.009638601642707106,0.5475042370641672,1,10,sar_0.2,sar,0.2
96,A,0.3263020504855537,0.006302979201769879,0.66739497031267625,1,10,sar_0.2,sar,0.2
96,C,0.44165854342143146,0.008976441201789438,0.5493650153767803,1,10,sar_0.2,sar,0.2
97,A,0.32554835177918706,0.005842674970564386,0.6686089732502488,1,10,sar_0.2,sar,0.2
97,C,0.44054564285764364,0.008356712982577575,0.5510976441597779,1,10,sar_0.2,sar,0.2
98,A,0.32485045642973137,0.005415297269147806,0.669734246301121,1,10,sar_0.2,sar,0.2
98,C,0.43951249318423125,0.007777127023611547,0.5527103797921574,1,10,sar_0.2,sar,0.2
99,A,0.324204240468883,0.005018610585130912,0.6707771489459857,1,10,sar_0.2,sar,0.2
99,C,0.4385535190755042,0.007235454306748023,0.5542110266177478,1,10,sar_0.2,sar,0.2
100,A,0.3236058818350203,0.0046505113318091144,0.6717436068331716,1,10,sar_0.2,sar,0.2
100,C,0.43766351435512973,0.006729535604431755,0.5556069500404388,1,10,sar_0.2,sar,0.2
101,A,0.32305183890624595,0.0043090233700714,0.6726391377236823,1,10,sar_0.2,sar,0.2
101,C,0.4368376206830012,0.006257288139694972,0.5569050911773046,1,10,sar_0.2,sar,0.2
102,A,0.32253883043785797,0.003992293068558851,0.673468876493583,1,10,sar_0.2,sar,0.2
102,C,0.43607130696949165,0.005816710372278004,0.5581119826582306,1,10,sar_0.2,sar,0.2
103,A,0.32206381683459745,0.0036985840512002268,0.6742375991142018,1,10,sar_0.2,sar,0.2
103,C,0.4353603495867714,0.005405885194336431,0.5592337652188906,1,10,sar_0.2,sar,0.2
104,A,0.32162398275761067,0.003426271776688507,0.6749497454657015,1,10,sar_0.2,sar,0.2
104,C,0.43470081350018697,0.0050229817817889245,0.560276204718025,1,10,sar_0.2,sar,0.2
105,A,0.32121672065641266,0.003173837937396896,0.6756094414061902,1,10,sar_0.2,sar,0.2
105,C,0.4340890339732516,0.004666256347328663,0.5612447096794199,1,10,sar_0.2,sar,0.2
106,A,0.320839617488878,0.0029398655889488093,0.6762205169221732,1,10,sar_0.2,sar,0.2
106,C,0.43352160148761454,0.004334051945047611,0.5621443465673388,1,10,sar_0.2,sar,0.2
107,A,0.32049043748663514,0.0027230324665989463,0.6767865300467649,1,10,sar_0.2,sar,0.2
107,C,0.4329953418925075,0.004024797539759135,0.5629798605677352,1,10,sar_0.2,sar,0.2
108,A,0.32016710842813073,0.0025221053591861866,0.6773107862126819,1,10,sar_0.2,sar,0.2
108,C,0.43250730017832556,0.0037370063841358704,0.5637556934375387,1,10,sar_0.2,sar,0.2
109,A,0.3198677117583479,0.002335935669612396,0.6777963525720387,1,10,sar_0.2,sar,0.2
109,C,0.4320547283818137,0.003469273869950929,0.5644759977482352,1,10,sar_0.2,sar,0.2
110,A,0.31959047283790365,0.0021634548747372097,0.6782460722873591,1,10,sar_0.2,sar,0.2
110,C,0.43163507358259645,0.003220275092790531,0.5651446513246136,1,10,sar_0.2,sar,0.2
111,A,0.3193337494466082,0.002003669255862566,0.6786625812975293,1,10,sar_0.2,sar,0.2
111,C,0.43124596388779224,0.0029887622196194323,0.5657652738925876,1,10,sar_0.2,sar,0.2
112,A,0.31909602070783333,0.0018556547044162428,0.6790483245877516,1,10,sar_0.2,sar,0.2
112,C,0.43088519476275966,0.0027735616004376817,0.5663412436368038,1,10,sar_0.2,sar,0.2
113,A,0.31887587800216555,0.00171855219809237,0.6794055697997416,1,10,sar_0.2,sar,0.2
113,C,0.43055071747704315,0.0025735706531873214,0.5668757118697697,1,10,sar_0.2,sar,0.2
114,A,0.3186720172743352,0.0015915637651029526,0.6797364189605621,1,10,sar_0.2,sar,0.2
114,C,0.4302406290860469,0.0023877546521562667,0.5673716162617962,1,10,sar_0.2,sar,0.2
115,A,0.3184832316060806,0.0014739485505850546,0.6800428198433336,1,10,sar_0.2,sar,0.2
115,C,0.4299531627465922,0.002215143522126973,0.5678316937312816,1,10,sar_0.2,sar,0.2
116,A,0.3183084038354166,0.00136501891462305,0.6803265772499603,1,10,sar_0.2,sar,0.2
116,C,0.429686678112801,0.0020548286563499734,0.5682584932308494,1,10,sar_0.2,sar,0.2
117,A,0.31814649966018643,0.0012641367273949454,0.6805893636124194,1,10,sar_0.2,sar,0.2
117,C,0.42943965227664527,0.0019059597480604023,0.5686543879752942,1,10,sar_0.2,sar,0.2
118,A,0.31799656147798966,0.001170709963465215,0.680832728558545,1,10,sar_0.2,sar,0.2
118,C,0.429210671540643,0.0017677416546279432,0.5690215868047289,1,10,sar_0.2,sar,0.2
119,A,0.3178577028046236,0.0010841895480531965,0.6810581076473233,1,10,sar_0.2,sar,0.2
119,C,0.4289984238739651,0.0016394313353765891,0.5693621447906583,1,10,sar_0.2,sar,0.2
120,A,0.3177291030400136,0.001004066376026392,0.6812668305839613,1,10,sar_0.2,sar,0.2
120,C,0.428801691810345,0.0015203348904922658,0.5696779732991617,1,10,sar_0.2,sar,0.2
121,A,0.3176100025315598,9.298684859605078e-4,0.6814601289824791,1,10,sar_0.2,sar,0.2
121,C,0.42861934572845956,0.0014098047052408982,0.5699708495663005,1,10,sar_0.2,sar,0.2
122,A,0.31749969799943956,8.611584134105151e-4,0.6816391435871496,1,10,sar_0.2,sar,0.2
122,C,0.42845033757965023,0.0013072366977599653,0.5702424257225904,1,10,sar_0.2,sar,0.2
123,A,0.31739753834582723,7.975307333908269e-4,0.6818049309207823,1,10,sar_0.2,sar,0.2
123,C,0.42829369508902737,0.0012120676760154915,0.5704942372349568,1,10,sar_0.2,sar,0.2
124,A,0.31730292079596634,7.386097744714954e-4,0.6819584694295626,1,10,sar_0.2,sar,0.2
124,C,0.42814851637831974,0.0011237728130834284,0.5707277108085973,1,10,sar_0.2,sar,0.2
125,A,0.3172152873120415,6.840474823131225e-4,0.6821006652056457,1,10,sar_0.2,sar,0.2
125,C,0.4280139649473864,0.0010418632448358112,0.5709441718077762,1,10,sar_0.2,sar,0.2
126,A,0.3171341212576866,6.335214225641984e-4,0.6822323573197477,1,10,sar_0.2,sar,0.2
126,C,0.4278892649873382,9.658837878375395e-4,0.5711448512248238,1,10,sar_0.2,sar,0.2
127,A,0.3170589443108663,5.867329213470847e-4,0.6823543227677872,1,10,sar_0.2,sar,0.2
127,C,0.42777369701941337,8.954107748832093e-4,0.571330892205702,1,10,sar_0.2,sar,0.2
128,A,0.31698931361540955,5.434053376922953e-4,0.6824672810468978,1,10,sar_0.2,sar,0.2
128,C,0.4276665938481656,8.300500054194658e-4,0.5715033561464159,1,10,sar_0.2,sar,0.2
129,A,0.3169248191480773,5.032824583823591e-4,0.6825718983935405,1,10,sar_0.2,sar,0.2
129,C,0.42756733680310643,7.694348099065993e-4,0.5716632283869871,1,10,sar_0.2,sar,0.2
130,A,0.316865081278755,4.6612700519410116e-4,0.6826687917160507,1,10,sar_0.2,sar,0.2
130,C,0.427475352242828,7.132242254289896e-4,0.5718114235317432,1,10,sar_0.2,sar,0.2
131,A,0.3168097485094585,4.317192471035822e-4,0.6827585322434385,1,10,sar_0.2,sar,0.2
131,C,0.4273901083033842,6.61101278230265e-4,0.5719487904183852,1,10,sar_0.2,sar,0.2
132,A,0.3167584953821221,3.9985571160390244e-4,0.6828416489062731,1,10,sar_0.2,sar,0.2
132,C,0.42731111187752285,6.127713684701706e-4,0.5720761167540077,1,10,sar_0.2,sar,0.2
133,A,0.3167110205439455,3.703479890686218e-4,0.6829186314669862,1,10,sar_0.2,sar,0.2
133,C,0.4272379058104979,5.679607529771603e-4,0.5721941334365254,1,10,sar_0.2,sar,0.2
134,A,0.3166670449574328,3.4302162356982137e-4,0.6829899334189974,1,10,sar_0.2,sar,0.2
134,C,0.4271700662965958,5.264151219526383e-4,0.5723035185814525,1,10,sar_0.2,sar,0.2
135,A,0.3166263102431828,3.177150838319711e-4,0.6830559746729856,1,10,sar_0.2,sar,0.2
135,C,0.42710720046125655,4.878982652764892e-4,0.5724049012734663,1,10,sar_0.2,sar,0.2
136,A,0.3165885771456167,2.9427880876654487e-4,0.683117144045617,1,10,sar_0.2,sar,0.2
136,C,0.4270489441158823,4.521908237906747e-4,0.572498865060328,1,10,sar_0.2,sar,0.2
137,A,0.3165536241130942,2.725743225894806e-4,0.6831738015643161,1,10,sar_0.2,sar,0.2
137,C,0.4269949596738192,4.19089121001771e-4,0.5725859512051779,1,10,sar_0.2,sar,0.2
138,A,0.31652124598408493,2.5247341472798776e-4,0.6832262806011874,1,10,sar_0.2,sar,0.2
138,C,0.42694493421650775,3.884040708753003e-4,0.5726666617126179,1,10,sar_0.2,sar,0.2
139,A,0.3164912527712468,2.3385737986883902e-4,0.6832748898488847,1,10,sar_0.2,sar,0.2
139,C,0.426898577698981,3.599601575508397e-4,0.5727414621434664,1,10,sar_0.2,sar,0.2
140,A,0.31646346853590307,2.1661631378715301e-4,0.6833199151503091,1,10,sar_0.2,sar,0.2
140,C,0.42685562128470217,3.3359448287096873e-4,0.572810784232425,1,10,sar_0.2,sar,0.2
141,A,0.3164377303461944,2.0064846095767448e-4,0.6833616211928476,1,10,sar_0.2,sar,0.2
141,C,0.42681581580054884,3.0915587770667934e-4,0.5728750283217445,1,10,sar_0.2,sar,0.2
142,A,0.3164138873127769,1.858596102583116e-4,0.683400253076966,1,10,sar_0.2,sar,0.2
142,C,0.42677893030353303,2.86504073228476e-4,0.572934565623237,1,10,sar_0.2,sar,0.2
143,A,0.3163917996963108,1.7216253530478456e-4,0.6834360377683848,1,10,sar_0.2,sar,0.2
143,C,0.4267447507513398,2.6550892846814576e-4,0.5729897403201921,1,10,sar_0.2,sar,0.2
144,A,0.3163713380813353,1.594764761629337e-4,0.683469185442501,1,10,sar_0.2,sar,0.2
144,C,0.4267130787692166,2.460497106899204e-4,0.5730408715200942,1,10,sar_0.2,sar,0.2
145,A,0.31635238261153176,1.477266594085401e-4,0.6834998907290601,1,10,sar_0.2,sar,0.2
145,C,0.4266837305062937,2.280144252425093e-4,0.573088255068464,1,10,sar_0.2,sar,0.2
146,A,0.3163348222818157,1.3684385372505323e-4,0.6835283338644582,1,10,sar_0.2,sar,0.2
146,C,0.4266565355749471,2.1129919171061472e-4,0.5731321652333425,1,10,sar_0.2,sar,0.2
147,A,0.3163185542830178,1.2676395846829497e-4,0.6835546817585134,1,10,sar_0.2,sar,0.2
147,C,0.42663133606718273,1.9580766341691926e-4,0.5731728562693997,1,10,sar_0.2,sar,0.2
148,A,0.3163034833952563,1.1742762274131514e-4,0.6835790889820026,1,10,sar_0.2,sar,0.2
148,C,0.42660798564259894,1.8145048737327855e-4,0.5732105638700273,1,10,sar_0.2,sar,0.2
149,A,0.3162895214263675,1.087798927434567e-4,0.6836016986808888,1,10,sar_0.2,sar,0.2
149,C,0.4265863486827219,1.6814480203952925e-4,0.5732455065152376,1,10,sar_0.2,sar,0.2
150,A,0.31627658669201036,1.0076988531193463e-4,0.6836226434226771,1,10,sar_0.2,sar,0.2
150,C,0.4265662995069234,1.558137703856028e-4,0.5732778867226901,1,10,sar_0.2,sar,0.2
151,A,0.3162646035343471,9.335048572139138e-5,0.6836420459799313,1,10,sar_0.2,sar,0.2
151,C,0.42654772164544835,1.4438614588702274e-4,0.5733078922086644,1,10,sar_0.2,sar,0.2
152,A,0.31625350187642787,8.647806794239762e-5,0.6836600200556314,1,10,sar_0.2,sar,0.2
152,C,0.4265305071654472,1.3379586921604094e-4,0.5733356969653366,1,10,sar_0.2,sar,0.2
153,A,0.31624321680963036,8.01122356927297e-5,0.6836766709546772,1,10,sar_0.2,sar,0.2
153,C,0.4265145560461758,1.2398169353468146e-4,0.5733614622602904,1,10,sar_0.2,sar,0.2
154,A,0.3162336882116897,7.421558274007545e-5,0.6836920962055701,1,10,sar_0.2,sar,0.2
154,C,0.4264997755997924,1.1488683643443377e-4,0.5733853375637744,1,10,sar_0.2,sar,0.2
155,A,0.31622486039303366,6.875347102821456e-5,0.6837063861359385,1,10,sar_0.2,sar,0.2
155,C,0.42648607993443777,1.0645865669106652e-4,0.5734074614088717,1,10,sar_0.2,sar,0.2
156,A,0.31621668176932205,6.369382530238778e-5,0.683719624405375,1,10,sar_0.2,sar,0.2
156,C,0.426473389456538,9.864835411650563e-5,0.5734279621893451,1,10,sar_0.2,sar,0.2
157,A,0.31620910455824974,5.900694300643708e-5,0.6837318884987446,1,10,sar_0.2,sar,0.2
157,C,0.42646163040946494,9.141069089961696e-5,0.5734469588996355,1,10,sar_0.2,sar,0.2
158,A,0.31620208449879045,5.466531831532407e-5,0.6837432501828942,1,10,sar_0.2,sar,0.2
158,C,0.4264507344459202,8.470373293453783e-5,0.5734645618211459,1,10,sar_0.2,sar,0.2
159,A,0.3161955805912409,5.064347925124322e-5,0.6837537759295074,1,10,sar_0.2,sar,0.2
159,C,0.4264406382315864,7.848860973598254e-5,0.5734808731586786,1,10,sar_0.2,sar,0.2
160,A,0.3161895548564928,4.691783690952586e-5,0.6837635273065971,1,10,sar_0.2,sar,0.2
160,C,0.42643128307776634,7.272929163436964e-5,0.5734959876305978,1,10,sar_0.2,sar,0.2
161,A,0.3161839721131199,4.3466545892573305e-5,0.6837725613409871,1,10,sar_0.2,sar,0.2
161,C,0.4264226146009021,6.739238303086227e-5,0.5735099930160656,1,10,sar_0.2,sar,0.2
162,A,0.3161787997709584,4.02693751169366e-5,0.6837809308539248,1,10,sar_0.2,sar,0.2
162,C,0.4264145824069977,6.244693057485272e-5,0.5735229706624274,1,10,sar_0.2,sar,0.2
163,A,0.31617400763994663,3.730758822083319e-5,0.6837886847718326,1,10,sar_0.2,sar,0.2
163,C,0.42640713979915024,5.7864245204297005e-5,0.5735349959556449,1,10,sar_0.2,sar,0.2
164,A,0.31616956775310373,3.4563832856993584e-5,0.6837958684140394,1,10,sar_0.2,sar,0.2
164,C,0.42640024350649547,5.361773706225729e-5,0.5735461387564426,1,10,sar_0.2,sar,0.2
165,A,0.31616545420258985,3.2022038208988815e-5,0.6838025237592018,1,10,sar_0.2,sar,0.2
165,C,0.4263938534329925,4.968276237102628e-5,0.5735564638046372,1,10,sar_0.2,sar,0.2
166,A,0.3161616429878817,2.9667320118195138e-5,0.6838086896920008,1,10,sar_0.2,sar,0.2
166,C,0.4263879324246121,4.603648140822369e-5,0.5735660310939782,1,10,sar_0.2,sar,0.2
167,A,0.3161581118751655,2.7485893255802525e-5,0.6838144022315784,1,10,sar_0.2,sar,0.2
167,C,0.42638244605358616,4.2657726791883724e-5,0.573574896219622,1,10,sar_0.2,sar,0.2
168,A,0.3161548402671168,2.5464989813426675e-5,0.6838196947430701,1,10,sar_0.2,sar,0.2
168,C,0.42637736241844276,3.952688133104489e-5,0.5735831107002272,1,10,sar_0.2,sar,0.2
169,A,0.31615180908229434,2.3592784227583565e-5,0.6838245981334793,1,10,sar_0.2,sar,0.2
169,C,0.4263726519587236,3.662576475537353e-5,0.5735907222765221,1,10,sar_0.2,sar,0.2
170,A,0.31614900064344115,2.1858323489166508e-5,0.6838291410330694,1,10,sar_0.2,sar,0.2
170,C,0.4263682872832512,3.393752868511361e-5,0.5735977751880627,1,10,sar_0.2,sar,0.2
171,A,0.316146398574032,2.025146262227465e-5,0.6838333499633462,1,10,sar_0.2,sar,0.2
171,C,0.42636424301101045,3.144655924718713e-5,0.5736043104297416,1,10,sar_0.2,sar,0.2
172,A,0.3161439877024493,1.8762804947466495e-5,0.6838372494926044,1,10,sar_0.2,sar,0.2
172,C,0.4263604956236688,2.9138386784783202e-5,0.5736103659895476,1,10,sar_0.2,sar,0.2
173,A,0.316141753973238,1.7383646773364852e-5,0.6838408623799886,1,10,sar_0.2,sar,0.2
173,C,0.4263570233289222,2.6999602147316225e-5,0.573615977068931,1,10,sar_0.2,sar,0.2
174,A,0.31613968436490464,1.6105926187309697e-5,0.6838442097089091,1,10,sar_0.2,sar,0.2
174,C,0.42635380593386407,2.5017779084591035e-5,0.5736211762870509,1,10,sar_0.2,sar,0.2
175,A,0.31613776681377387,1.492217564034871e-5,0.6838473110105856,1,10,sar_0.2,sar,0.2
175,C,0.4263508247276289,2.3181402303041446e-5,0.5736259938700682,1,10,sar_0.2,sar,0.2
176,A,0.31613599014347105,1.3825478044503433e-5,0.6838501843784842,1,10,sar_0.2,sar,0.2
176,C,0.4263480623726471,2.1479800773365097e-5,0.573630457826579,1,10,sar_0.2,sar,0.2
177,A,0.31613434399959583,1.2809426121241837e-5,0.6838528465742831,1,10,sar_0.2,sar,0.2
177,C,0.42634550280387834,1.990308590822168e-5,0.5736345941102128,1,10,sar_0.2,sar,0.2
178,A,0.3161328187892141,1.1868084759585713e-5,0.6838553131260259,1,10,sar_0.2,sar,0.2
178,C,0.4263431311354281,1.844209425610635e-5,0.5736384267703155,1,10,sar_0.2,sar,0.2
179,A,0.3161314056248121,1.0995956160328679e-5,0.6838575984190273,1,10,sar_0.2,sar,0.2
179,C,0.4263409335740206,1.7088334383043027e-5,0.5736419780915957,1,10,sar_0.2,sar,0.2
180,A,0.3161300962723792,1.0187947559507252e-5,0.683859715780061,1,10,sar_0.2,sar,0.2
180,C,0.42633889733881675,1.583393763740273e-5,0.573645268723546,1,10,sar_0.2,sar,0.2
181,A,0.31612888310331716,9.439341339668523e-6,0.6838616775553437,1,10,sar_0.2,sar,0.2
181,C,0.4263370105871114,1.4671612515103952e-5,0.5736483178003744,1,10,sar_0.2,sar,0.2
182,A,0.31612775904989115,8.745767351734853e-6,0.6838634951827579,1,10,sar_0.2,sar,0.2
182,C,0.426335262345485,1.3594602362862446e-5,0.5736511430521531,1,10,sar_0.2,sar,0.2
183,A,0.3161267175639639,8.103177283469562e-6,0.6838651792587527,1,10,sar_0.2,sar,0.2
183,C,0.4263336424460073,1.2596646176145738e-5,0.5736537609078173,1,10,sar_0.2,sar,0.2
184,A,0.31612575257877024,7.507820922764993e-6,0.6838667396003077,1,10,sar_0.2,sar,0.2
184,C,0.42633214146711756,1.1671942266121142e-5,0.5736561865906171,1,10,sar_0.2,sar,0.2
185,A,0.31612485847350436,6.956224175272276e-6,0.68386818530232,1,10,sar_0.2,sar,0.2
185,C,0.4263307506788436,1.0815114586247553e-5,0.5736584342065691,1,10,sar_0.2,sar,0.2
186,A,0.31612403004051787,6.445168706330112e-6,0.6838695247907755,1,10,sar_0.2,sar,0.2
186,C,0.4263294619920479,1.002118152431898e-5,0.5736605168264275,1,10,sar_0.2,sar,0.2
187,A,0.3161232624549292,5.971673086894982e-6,0.6838707658719833,1,10,sar_0.2,sar,0.2
187,C,0.4263282679113853,9.285526980012389e-6,0.5736624465616358,1,10,sar_0.2,sar,0.2
188,A,0.31612255124647537,5.532975331979743e-6,0.6838719157781928,1,10,sar_0.2,sar,0.2
188,C,0.4263271614917203,8.603873560788534e-6,0.5736642346347192,1,10,sar_0.2,sar,0.2
189,A,0.3161218922734301,5.126516728508861e-6,0.6838729812098413,1,10,sar_0.2,sar,0.2
189,C,0.42632613629774635,7.972257741380343e-6,0.5736658914445135,1,10,sar_0.2,sar,0.2
190,A,0.31612128169844717,4.749926857146264e-6,0.6838739683746952,1,10,sar_0.2,sar,0.2
190,C,0.42632518636655786,7.387006843340771e-6,0.5736674266265985,1,10,sar_0.2,sar,0.2
191,A,0.31612071596617825,4.401009719728156e-6,0.6838748830241014,1,10,sar_0.2,sar,0.2
191,C,0.4263243061729805,6.844717701546105e-6,0.5736688491093176,1,10,sar_0.2,sar,0.2
192,A,0.31612019178253864,4.077730890481411e-6,0.6838757304865709,1,10,sar_0.2,sar,0.2
192,C,0.42632349059743596,6.3422368942217425e-6,0.5736701671656688,1,10,sar_0.2,sar,0.2
193,A,0.31611970609549883,3.7782056152878767e-6,0.683876515698886,1,10,sar_0.2,sar,0.2
193,C,0.4263227348961736,5.876642422069778e-6,0.5736713884614041,1,10,sar_0.2,sar,0.2
194,A,0.31611925607728925,3.500687788885011e-6,0.6838772432349226,1,10,sar_0.2,sar,0.2
194,C,0.4263220346736775,5.445226730444089e-6,0.5736725200995927,1,10,sar_0.2,sar,0.2
195,A,0.3161188391079144,3.2435597450955044e-6,0.6838779173323408,1,10,sar_0.2,sar,0.2
195,C,0.42632138585710955,5.045480976260125e-6,0.5736735686619139,1,10,sar_0.2,sar,0.2
196,A,0.3161184527598808,3.0053227999881004e-6,0.683878541917319,1,10,sar_0.2,sar,0.2
196,C,0.4263207846726209,4.675080448496407e-6,0.5736745402469302,1,10,sar_0.2,sar,0.2
197,A,0.3161180947840455,2.784588492325102e-6,0.6838791206274617,1,10,sar_0.2,sar,0.2
197,C,0.42632022762340416,4.331871057797404e-6,0.5736754405055383,1,10,sar_0.2,sar,0.2
198,A,0.31611776309650724,2.5800704697774644e-6,0.6838796568330229,1,10,sar_0.2,sar,0.2
198,C,0.4263197114693555,4.013856816864063e-6,0.5736762746738278,1,10,sar_0.2,sar,0.2
199,A,0.31611745576646255,2.390576973207169e-6,0.6838801536565641,1,10,sar_0.2,sar,0.2
199,C,0.4263192332082334,3.719188239046356e-6,0.5736770476035281,1,10,sar_0.2,sar,0.2
200,A,0.3161171710049547,2.2150038748499127e-6,0.6838806139911705,1,10,sar_0.2,sar,0.2
200,C,0.42631879005819306,3.4461515878595783e-6,0.5736777637902191,1,10,sar_0.2,sar,0.2
201,A,0.31611690715444574,2.0523282295009328e-6,0.6838810405173252,1,10,sar_0.2,sar,0.2
201,C,0.42631837944161394,3.193158915065757e-6,0.5736784273994712,1,10,sar_0.2,sar,0.2
202,A,0.31611666267916233,1.9016023008339103e-6,0.6838814357185371,1,10,sar_0.2,sar,0.2
202,C,0.4263179989700992,2.9587388295225667e-6,0.5736790422910699,1,10,sar_0.2,sar,0.2
203,A,0.31611643615614754,1.7619480277856945e-6,0.6838818018958246,1,10,sar_0.2,sar,0.2
203,C,0.42631764643059583,2.741527943232991e-6,0.5736796120414617,1,10,sar_0.2,sar,0.2
204,A,0.3161162262669691,1.6325518985344361e-6,0.6838821411811321,1,10,sar_0.2,sar,0.2
204,C,0.4263173197725094,2.540262944949817e-6,0.5736801399645459,1,10,sar_0.2,sar,0.2
205,A,0.31611603179004133,1.5126602020004563e-6,0.6838824555497566,1,10,sar_0.2,sar,0.2
205,C,0.4263170170957907,2.3537732553244495e-6,0.5736806291309551,1,10,sar_0.2,sar,0.2
206,A,0.31611585159350564,1.4015746290221275e-6,0.6838827468318655,1,10,sar_0.2,sar,0.2
206,C,0.426316736639875,2.1809742209568178e-6,0.5736810823859049,1,10,sar_0.2,sar,0.2
207,A,0.3161156846286424,1.2986481974212422e-6,0.6838830167231604,1,10,sar_0.2,sar,0.2
207,C,0.42631647677344686,2.020860807833553e-6,0.573681502365745,1,10,sar_0.2,sar,0.2
208,A,0.31611552992376,1.2032814770711082e-6,0.6838832667947623,1,10,sar_0.2,sar,0.2
208,C,0.42631623598495155,1.87250175752239e-6,0.5736818915132902,1,10,sar_0.2,sar,0.2
209,A,0.31611538657853644,1.1149190928512233e-6,0.6838834985023714,1,10,sar_0.2,sar,0.2
209,C,0.4263160128738015,1.7350341721855517e-6,0.5736822520920255,1,10,sar_0.2,sar,0.2
210,A,0.31611525375877453,1.033046485005622e-6,0.68388371319474,1,10,sar_0.2,sar,0.2
210,C,0.42631580614223175,1.6076584969607042e-6,0.5736825861992711,1,10,sar_0.2,sar,0.2
211,A,0.31611513069154673,9.571869079340162e-7,0.6838839121215462,1,10,sar_0.2,sar,0.2
211,C,0.42631561458774875,1.4896338705613985e-6,0.5736828957783818,1,10,sar_0.2,sar,0.2
212,A,0.3161150166606925,8.868986498449387e-7,0.6838840964406586,1,10,sar_0.2,sar,0.2
212,C,0.42631543709613906,1.3802738170840538e-6,0.5736831826300438,1,10,sar_0.2,sar,0.2
213,A,0.31611491100264694,8.217724569976436e-7,0.6838842672248948,1,10,sar_0.2,sar,0.2
213,C,0.4263152726349882,1.278942253989372e-6,0.5736834484227565,1,10,sar_0.2,sar,0.2
214,A,0.31611481310258216,7.614291474610002e-7,0.6838844254682706,1,10,sar_0.2,sar,0.2
214,C,0.4263151202476767,1.1850497930621267e-6,0.5736836947025301,1,10,sar_0.2,sar,0.2
215,A,0.31611472239082006,7.055174004298929e-7,0.6838845720917802,1,10,sar_0.2,sar,0.2
215,C,0.4263149790478097,1.0980503128541356e-6,0.5736839229018774,1,10,sar_0.2,sar,0.2
216,A,0.3161146383395209,6.537117081694327e-7,0.6838847079487709,1,10,sar_0.2,sar,0.2
216,C,0.42631484821406995,1.0174377826910015e-6,0.5736841343481477,1,10,sar_0.2,sar,0.2
217,A,0.3161145604596096,6.057104786108437e-7,0.6838848338299114,1,10,sar_0.2,sar,0.2
217,C,0.42631472698543593,9.427433197836903e-7,0.5736843302712467,1,10,sar_0.2,sar,0.2
218,A,0.3161144882979269,5.612342775062717e-7,0.6838849504677956,1,10,sar_0.2,sar,0.2
218,C,0.42631461465675086,8.735324623399536e-7,0.5736845118107872,1,10,sar_0.2,sar,0.2
219,A,0.3161144214345919,5.200241998678131e-7,0.6838850585412077,1,10,sar_0.2,sar,0.2
219,C,0.42631451057463415,8.094026428253599e-7,0.5736846800227229,1,10,sar_0.2,sar,0.2
220,A,0.31611435948055894,4.818403611735986e-7,0.6838851586790802,1,10,sar_0.2,sar,0.2
220,C,0.42631441413366544,7.499808466862517e-7,0.5736848358854865,1,10,sar_0.2,sar,0.2
221,A,0.31611430207535024,4.4646049952525307e-7,0.6838852514641501,1,10,sar_0.2,sar,0.2
221,C,0.42631432477287706,6.949214429244054e-7,0.5736849803056796,1,10,sar_0.2,sar,0.2
222,A,0.3161142488849611,4.1367868059082534e-7,0.6838853374363579,1,10,sar_0.2,sar,0.2
222,C,0.4263142419724797,6.439041739114106e-7,0.5736851141233478,1,10,sar_0.2,sar,0.2
223,A,0.3161141995999127,3.833040977690164e-7,0.6838854170959896,1,10,sar_0.2,sar,0.2
223,C,0.42631416525084403,5.966322927562356e-7,0.5736852381168629,1,10,sar_0.2,sar,0.2
224,A,0.3161141539334525,3.5515996056790714e-7,0.6838854909065865,1,10,sar_0.2,sar,0.2
224,C,0.42631409416170235,5.528308373967542e-7,0.5736853530074599,1,10,sar_0.2,sar,0.2
225,A,0.3161141116198846,3.290824647075745e-7,0.6838855592976508,1,10,sar_0.2,sar,0.2
225,C,0.4263140282915474,5.122450313806144e-7,0.5736854594634211,1,10,sar_0.2,sar,0.2
226,A,0.316114072413023,3.0491983793405134e-7,0.6838856226671387,1,10,sar_0.2,sar,0.2
226,C,0.42631396725722887,4.7463880203702975e-7,0.5736855581039688,1,10,sar_0.2,sar,0.2
227,A,0.3161140360847599,2.825314559750738e-7,0.6838856813837846,1,10,sar_0.2,sar,0.2
227,C,0.4263139107037273,4.3979340742370877e-7,0.5736856495028662,1,10,sar_0.2,sar,0.2
228,A,0.3161140024237368,2.617870234778961e-7,0.6838857357892391,1,10,sar_0.2,sar,0.2
228,C,0.42631385830208296,4.0750616406462865e-7,0.5736857341917528,1,10,sar_0.2,sar,0.2
229,A,0.3161139712341159,2.4256581514963334e-7,0.6838857862000688,1,10,sar_0.2,sar,0.2
229,C,0.4263138097474917,3.775892680809007e-7,0.5736858126632421,1,10,sar_0.2,sar,0.2
230,A,0.31611394233443796,2.2475597267243398e-7,0.683885832909589,1,10,sar_0.2,sar,0.2
230,C,0.42631376475751975,3.4986870285970186e-7,0.5736858853737777,1,10,sar_0.2,sar,0.2
231,A,0.3161139155565699,2.0825385329171767e-7,0.6838858761895773,1,10,sar_0.2,sar,0.2
231,C,0.4263137230704753,3.2418322690932993e-7,0.5736859527462973,1,10,sar_0.2,sar,0.2
232,A,0.31611389074472185,1.9296342627758484e-7,0.6838859162918521,1,10,sar_0.2,sar,0.2
232,C,0.426313684443874,3.0038343601445283e-7,0.5736860151726905,1,10,sar_0.2,sar,0.2
233,A,0.3161138677545445,1.7879571373920986e-7,0.6838859534497415,1,10,sar_0.2,sar,0.2
233,C,0.42631364865303334,2.783308942376739e-7,0.5736860730160716,1,10,sar_0.2,sar,0.2
234,A,0.3161138464522885,1.6566827253108066e-7,0.6838859878794399,1,10,sar_0.2,sar,0.2
234,C,0.4263136154897689,2.5789732871384617e-7,0.5736861266129017,1,10,sar_0.2,sar,0.2
235,A,0.3161138267140227,1.5350471422994374e-7,0.6838860197812642,1,10,sar_0.2,sar,0.2
235,C,0.4263135847611764,2.3896388355445736e-7,0.5736861762749397,1,10,sar_0.2,sar,0.2
236,A,0.31611380842491427,1.4223425859668017e-7,0.6838860493408269,1,10,sar_0.2,sar,0.2
236,C,0.4263135562885113,2.2142042574534951e-7,0.5736862222910625,1,10,sar_0.2,sar,0.2
237,A,0.3161137914785731,1.3179133044297107e-7,0.6838860767300959,1,10,sar_0.2,sar,0.2
237,C,0.4263135299061678,2.051649184680263e-7,0.5736862649289117,1,10,sar_0.2,sar,0.2
238,A,0.31611377577639765,1.2211515558315464e-7,0.6838861021084464,1,10,sar_0.2,sar,0.2
238,C,0.42631350546066366,1.9010279295576125e-7,0.5736863044365426,1,10,sar_0.2,sar,0.2
239,A,0.31611376122700985,1.131494138782207e-7,0.6838861256235764,1,10,sar_0.2,sar,0.2
239,C,0.4263134828097585,1.7614640907595675e-7,0.573686341043833,1,10,sar_0.2,sar,0.2
240,A,0.3161137477457694,1.0484193778206847e-7,0.6838861474122941,1,10,sar_0.2,sar,0.2
240,C,0.42631346182169655,1.632145866153402e-7,0.5736863749637169,1,10,sar_0.2,sar,0.2
241,A,0.3161137352541353,9.714432089842394e-8,0.6838861676015439,1,10,sar_0.2,sar,0.2
241,C,0.42631344237422125,1.5123199654501768e-7,0.573686406393783,1,10,sar_0.2,sar,0.2
242,A,0.31611372367990953,9.001206498979469e-8,0.6838861863080252,1,10,sar_0.2,sar,0.2
242,C,0.4263134243549421,1.4012938996736738e-7,0.5736864355156679,1,10,sar_0.2,sar,0.2
243,A,0.3161137129556084,8.340357911456598e-8,0.683886203640812,1,10,sar_0.2,sar,0.2
243,C,0.42631340765881054,1.29842041228484e-7,0.5736864624991489,1,10,sar_0.2,sar,0.2
244,A,0.31611370301919806,7.728063101357892e-8,0.6838862197001715,1,10,sar_0.2,sar,0.2
244,C,0.426313392189257,1.2031045024975612e-7,0.5736864875002917,1,10,sar_0.2,sar,0.2
245,A,0.31611369380648313,7.160365726165998e-8,0.6838862345898593,1,10,sar_0.2,sar,0.2
245,C,0.42631337784635365,1.1147304424694783e-7,0.5736865106806034,1,10,sar_0.2,sar,0.2
246,A,0.3161136852808035,6.63500638798086e-8,0.6838862483691336,1,10,sar_0.2,sar,0.2
246,C,0.4263133645730253,1.0329465942419517e-7,0.5736865321323137,1,10,sar_0.2,sar,0.2
247,A,0.3161136773673245,6.147373137760575e-8,0.6838862611589444,1,10,sar_0.2,sar,0.2
247,C,0.4263133522527817,9.570351746652381e-8,0.5736865520437013,1,10,sar_0.2,sar,0.2
248,A,0.3161136698225335,5.6824597753515436e-8,0.6838862733528688,1,10,sar_0.2,sar,0.2
248,C,0.42631334050651626,8.84660335315483e-8,0.5736865710274502,1,10,sar_0.2,sar,0.2
249,A,0.31611366328843216,5.279828242134779e-8,0.6838862839132853,1,10,sar_0.2,sar,0.2
249,C,0.4263133303337162,8.21980420474254e-8,0.5736865874682414,1,10,sar_0.2,sar,0.2
250,A,0.31611365721770385,4.9057508986997734e-8,0.6838862937247868,1,10,sar_0.2,sar,0.2
250,C,0.4263133208823119,7.637453919616746e-8,0.5736866027431495,1,10,sar_0.2,sar,0.2
251,A,0.3161136515770813,4.558177622013e-8,0.6838863028411426,1,10,sar_0.2,sar,0.2
251,C,0.4263133121005126,7.096361512401472e-8,0.5736866169358736,1,10,sar_0.2,sar,0.2
252,A,0.3161136463360921,4.235230488195207e-8,0.6838863113116036,1,10,sar_0.2,sar,0.2
252,C,0.42631330394088013,6.593603981409734e-8,0.5736866301230807,1,10,sar_0.2,sar,0.2
253,A,0.3161136414664214,3.9351646387650505e-8,0.6838863191819327,1,10,sar_0.2,sar,0.2
253,C,0.4263132963593351,6.126465410833251e-8,0.5736866423760115,1,10,sar_0.2,sar,0.2
254,A,0.316113636941761,3.656358851216652e-8,0.6838863264946504,1,10,sar_0.2,sar,0.2
254,C,0.42631328931492185,5.692422299378124e-8,0.5736866537608571,1,10,sar_0.2,sar,0.2
255,A,0.31611363273766846,3.397306777872719e-8,0.6838863332892636,1,10,sar_0.2,sar,0.2
255,C,0.42631328276958536,5.289129928312593e-8,0.5736866643391156,1,10,sar_0.2,sar,0.2
256,A,0.3161136288314305,3.1566088056417603e-8,0.6838863396024808,1,10,sar_0.2,sar,0.2
256,C,0.4263132766879677,4.91440969528985e-8,0.573686674167935,1,10,sar_0.2,sar,0.2
257,A,0.3161136252019443,2.9329644926686044e-8,0.6838863454684105,1,10,sar_0.2,sar,0.2
257,C,0.4263132710372164,4.566237345524544e-8,0.5736866833004092,1,10,sar_0.2,sar,0.2
258,A,0.31611362182960334,2.7251655409875588e-8,0.6838863509187416,1,10,sar_0.2,sar,0.2
258,C,0.42631326578680534,4.242732036749543e-8,0.5736866917858731,1,10,sar_0.2,sar,0.2
259,A,0.3161136186961873,2.5320892671869122e-8,0.6838863559829191,1,10,sar_0.2,sar,0.2
259,C,0.4263132609083719,3.942146178882865e-8,0.5736866996701658,1,10,sar_0.2,sar,0.2
260,A,0.31611361578476954,2.352692535786657e-8,0.6838863606883046,1,10,sar_0.2,sar,0.2
260,C,0.4263132563755612,3.6628559935197475e-8,0.5736867069958779,1,10,sar_0.2,sar,0.2
261,A,0.31611361307962166,2.1860061225338552e-8,0.6838863650603173,1,10,sar_0.2,sar,0.2
261,C,0.4263132521638884,3.403352742253049e-8,0.5736867138025828,1,10,sar_0.2,sar,0.2
262,A,0.31611361056612924,2.0311294771449038e-8,0.6838863691225763,1,10,sar_0.2,sar,0.2
262,C,0.4263132482506014,3.1622345764380674e-8,0.5736867201270539,1,10,sar_0.2,sar,0.2
263,A,0.31611360823071366,1.8872258571841304e-8,0.6838863728970275,1,10,sar_0.2,sar,0.2
263,C,0.4263132446145604,2.938198964374821e-8,0.5736867260034522,1,10,sar_0.2,sar,0.2
264,A,0.31611360606075783,1.7535178067749753e-8,0.6838863764040631,1,10,sar_0.2,sar,0.2
264,C,0.4263132412361217,2.730035654999907e-8,0.5736867314635224,1,10,sar_0.2,sar,0.2
265,A,0.31611360404454086,1.6292829557046232e-8,0.6838863796626291,1,10,sar_0.2,sar,0.2
265,C,0.4263132380970359,2.536620140078185e-8,0.5736867365367619,1,10,sar_0.2,sar,0.2
266,A,0.31611360217116896,1.5138501162153473e-8,0.6838863826903294,1,10,sar_0.2,sar,0.2
266,C,0.4263132351803464,2.3569075795774174e-8,0.5736867412505775,1,10,sar_0.2,sar,0.2
267,A,0.3161136004305222,1.4065956563853186e-8,0.6838863855035207,1,10,sar_0.2,sar,0.2
267,C,0.42631323247029673,2.1899271574108714e-8,0.5736867456304323,1,10,sar_0.2,sar,0.2
268,A,0.3161135988131975,1.3069401304971086e-8,0.6838863881174008,1,10,sar_0.2,sar,0.2
268,C,0.4263132299522462,2.034776837058013e-8,0.5736867496999855,1,10,sar_0.2,sar,0.2
269,A,0.3161135973104567,1.2143451481426405e-8,0.6838863905460911,1,10,sar_0.2,sar,0.2
269,C,0.4263132276125922,1.8906184885402302e-8,0.5736867534812222,1,10,sar_0.2,sar,0.2
270,A,0.316113595914183,1.1283104650647856e-8,0.6838863928027124,1,10,sar_0.2,sar,0.2
270,C,0.4263132254386966,1.7566733600552704e-8,0.5736867569945691,1,10,sar_0.2,sar,0.2
271,A,0.3161135946168319,1.0483712810001119e-8,0.6838863948994549,1,10,sar_0.2,sar,0.2
271,C,0.42631322341881633,1.6322178747600407e-8,0.5736867602590058,1,10,sar_0.2,sar,0.2
272,A,0.316113593411396,9.74095727531103e-9,0.6838863968476467,1,10,sar_0.2,sar,0.2
272,C,0.42631322154203827,1.5165797177659714e-8,0.5736867632921641,1,10,sar_0.2,sar,0.2
273,A,0.31611359229136327,9.050825349718205e-9,0.6838863986578118,1,10,sar_0.2,sar,0.2
273,C,0.42631321979822495,1.4091342058057076e-8,0.5736867661104329,1,10,sar_0.2,sar,0.2
274,A,0.3161135912506821,8.40958864313287e-9,0.6838864003397293,1,10,sar_0.2,sar,0.2
274,C,0.42631321817795664,1.3093009126695206e-8,0.5736867687290356,1,10,sar_0.2,sar,0.2
275,A,0.31611359028373126,7.81378292793e-9,0.6838864019024862,1,10,sar_0.2,sar,0.2
275,C,0.42631321667247846,1.216540533719541e-8,0.5736867711621155,1,10,sar_0.2,sar,0.2
276,A,0.316113589385287,7.260189422022053e-9,0.6838864033545237,1,10,sar_0.2,sar,0.2
276,C,0.42631321527366073,1.130351972543825e-8,0.5736867734228204,1,10,sar_0.2,sar,0.2
277,A,0.3161135885504955,6.745817398161131e-9,0.6838864047036876,1,10,sar_0.2,sar,0.2
277,C,0.42631321397394467,1.0502696340123455e-8,0.5736867755233591,1,10,sar_0.2,sar,0.2
278,A,0.31611358777484716,6.267888025491088e-9,0.6838864059572645,1,10,sar_0.2,sar,0.2
278,C,0.42631321276631057,9.758609091120229e-9,0.5736867774750811,1,10,sar_0.2,sar,0.2
279,A,0.316113587054152,5.8238193560298605e-9,0.6838864071220283,1,10,sar_0.2,sar,0.2
279,C,0.42631321164423336,9.067238379738114e-9,0.5736867792885288,1,10,sar_0.2,sar,0.2
280,A,0.3161135863845164,5.411212374951251e-9,0.683886408204272,1,10,sar_0.2,sar,0.2
280,C,0.42631321060165245,8.424849384674875e-9,0.5736867809734987,1,10,sar_0.2,sar,0.2
281,A,0.31611358576232335,5.0278380392844865e-9,0.6838864092098386,1,10,sar_0.2,sar,0.2
281,C,0.4263132096329354,7.827971886342035e-9,0.5736867825390924,1,10,sar_0.2,sar,0.2
282,A,0.3161135851842104,4.671625234992148e-9,0.6838864101441637,1,10,sar_0.2,sar,0.2
282,C,0.42631320873284895,7.273381520578364e-9,0.5736867839937687,1,10,sar_0.2,sar,0.2
283,A,0.3161135846470567,4.340649587350759e-9,0.6838864110122945,1,10,sar_0.2,sar,0.2
283,C,0.4263132078965329,6.7580823604837845e-9,0.5736867853453858,1,10,sar_0.2,sar,0.2
284,A,0.31611358414795854,4.03312306416944e-9,0.6838864118189177,1,10,sar_0.2,sar,0.2
284,C,0.4263132071194661,6.279290732280109e-9,0.5736867866012443,1,10,sar_0.2,sar,0.2
285,A,0.3161135836842202,3.747384315667482e-9,0.683886412568395,1,10,sar_0.2,sar,0.2
285,C,0.4263132063974514,5.83442017777186e-9,0.5736867877681263,1,10,sar_0.2,sar,0.2
286,A,0.3161135832533367,3.4818896988122987e-9,0.6838864132647732,1,10,sar_0.2,sar,0.2
286,C,0.4263132057265923,5.421067482173734e-9,0.5736867888523411,1,10,sar_0.2,sar,0.2
287,A,0.31611358285298075,3.2352049376185282e-9,0.6838864139118143,1,10,sar_0.2,sar,0.2
287,C,0.42631320510325954,5.0369996918264e-9,0.5736867898597413,1,10,sar_0.2,sar,0.2
288,A,0.3161135824809889,3.0059973743457106e-9,0.6838864145130135,1,10,sar_0.2,sar,0.2
288,C,0.42631320452408805,4.68014205167071e-9,0.5736867907957692,1,10,sar_0.2,sar,0.2
289,A,0.3161135821353517,2.7930287698645735e-9,0.6838864150716193,1,10,sar_0.2,sar,0.2
289,C,0.42631320398594974,4.348566797926854e-9,0.5736867916654821,1,10,sar_0.2,sar,0.2
290,A,0.3161135818142022,2.595148614567238e-9,0.6838864155906497,1,10,sar_0.2,sar,0.2
290,C,0.42631320348593693,4.0404827466078135e-9,0.5736867924735781,1,10,sar_0.2,sar,0.2
291,A,0.3161135815158052,2.411287910125661e-9,0.6838864160729068,1,10,sar_0.2,sar,0.2
291,C,0.42631320302135034,3.75422560596756e-9,0.5736867932244245,1,10,sar_0.2,sar,0.2
292,A,0.3161135812385497,2.2404533971461056e-9,0.683886416520998,1,10,sar_0.2,sar,0.2
292,C,0.42631320258967653,3.488248999305203e-9,0.5736867939220746,1,10,sar_0.2,sar,0.2
293,A,0.3161135809809359,2.0817221880540028e-9,0.683886416937342,1,10,sar_0.2,sar,0.2
293,C,0.4263132021885862,3.241116106451462e-9,0.5736867945702974,1,10,sar_0.2,sar,0.2
294,A,0.31611358074157425,1.934236781217029e-9,0.6838864173241884,1,10,sar_0.2,sar,0.2
294,C,0.42631320181591226,3.011491901991649e-9,0.5736867951725964,1,10,sar_0.2,sar,0.2
295,A,0.3161135805191701,1.7972004283280444e-9,0.6838864176836298,1,10,sar_0.2,sar,0.2
295,C,0.4263132014696409,2.798135943388895e-9,0.5736867957322225,1,10,sar_0.2,sar,0.2
296,A,0.3161135803125233,1.669872830017982e-9,0.6838864180176035,1,10,sar_0.2,sar,0.2
296,C,0.4263132011479022,2.5998956700486432e-9,0.5736867962522025,1,10,sar_0.2,sar,0.2
297,A,0.31611358012051693,1.5515661364420824e-9,0.6838864183279177,1,10,sar_0.2,sar,0.2
297,C,0.42631320084895785,2.415700177125748e-9,0.5736867967353422,1,10,sar_0.2,sar,0.2
298,A,0.3161135799421135,1.4416412312309077e-9,0.6838864186162454,1,10,sar_0.2,sar,0.2
298,C,0.4263132005711929,2.244554430440033e-9,0.5736867971842531,1,10,sar_0.2,sar,0.2
299,A,0.31611357977634935,1.3395042787286664e-9,0.6838864188841461,1,10,sar_0.2,sar,0.2
299,C,0.42631320031310665,2.0855338912489436e-9,0.57368679760136,1,10,sar_0.2,sar,0.2
300,A,0.31611357962232955,1.2446035158640235e-9,0.683886419133067,1,10,sar_0.2,sar,0.2
300,C,0.4263132000733049,1.937779521840184e-9,0.5736867979889159,1,10,sar_0.2,sar,0.2
301,A,0.3161135794792218,1.156426271320351e-9,0.6838864193643526,1,10,sar_0.2,sar,0.2
301,C,0.42631319985049265,1.800493144964225e-9,0.5736867983490143,1,10,sar_0.2,sar,0.2
302,A,0.31611357934625245,1.0744961959005959e-9,0.6838864195792516,1,10,sar_0.2,sar,0.2
302,C,0.4263131996434664,1.6729331320381755e-9,0.5736867986836015,1,10,sar_0.2,sar,0.2
303,A,0.3161135792227037,9.983706891229976e-10,0.6838864197789252,1,10,sar_0.2,sar,0.2
303,C,0.42631319945110696,1.5544103968284633e-9,0.5736867989944829,1,10,sar_0.2,sar,0.2
304,A,0.3161135791079084,9.276385081442174e-10,0.6838864199644538,1,10,sar_0.2,sar,0.2
304,C,0.42631319927237543,1.4442846729700185e-9,0.5736867992833402,1,10,sar_0.2,sar,0.2
305,A,0.3161135790012461,8.619175460914956e-10,0.6838864201368376,1,10,sar_0.2,sar,0.2
305,C,0.4263131991063071,1.341961055212912e-9,0.5736867995517324,1,10,sar_0.2,sar,0.2
306,A,0.31611357890214004,8.008527678008917e-10,0.6838864202970079,1,10,sar_0.2,sar,0.2
306,C,0.42631319895200337,1.2468867857121248e-9,0.5736867998011096,1,10,sar_0.2,sar,0.2
307,A,0.316113578810055,7.441142918090357e-10,0.6838864204458297,1,10,sar_0.2,sar,0.2
307,C,0.42631319880863217,1.158548267999814e-9,0.5736868000328196,1,10,sar_0.2,sar,0.2
308,A,0.3161135787244952,6.913956082360635e-10,0.6838864205841089,1,10,sar_0.2,sar,0.2
308,C,0.42631319867541884,1.0764682925093849e-9,0.5736868002481127,1,10,sar_0.2,sar,0.2
309,A,0.3161135786449966,6.424119230266401e-10,0.6838864207125918,1,10,sar_0.2,sar,0.2
309,C,0.4263131985516434,1.0002034586603421e-9,0.5736868004481543,1,10,sar_0.2,sar,0.2
310,A,0.3161135785711297,5.968986197835851e-10,0.6838864208319714,1,10,sar_0.2,sar,0.2
310,C,0.4263131984366368,9.293417795716064e-10,0.5736868006340219,1,10,sar_0.2,sar,0.2
311,A,0.3161135785024972,5.546098284358896e-10,0.6838864209428942,1,10,sar_0.2,sar,0.2
311,C,0.42631319832977793,8.635004565456003e-10,0.5736868008067223,1,10,sar_0.2,sar,0.2
312,A,0.31611357843872623,5.153170991106421e-10,0.6838864210459562,1,10,sar_0.2,sar,0.2
312,C,0.42631319823048974,8.023238111004779e-10,0.5736868009671885,1,10,sar_0.2,sar,0.2
313,A,0.3161135783794735,4.788081672012143e-10,0.6838864211417184,1,10,sar_0.2,sar,0.2
313,C,0.4263131981382357,7.454813636000749e-10,0.5736868011162835,1,10,sar_0.2,sar,0.2
314,A,0.31611357832441833,4.4488580666203537e-10,0.6838864212306949,1,10,sar_0.2,sar,0.2
314,C,0.42631319805251755,6.926660479848715e-10,0.5736868012548161,1,10,sar_0.2,sar,0.2
315,A,0.316113578273264,4.133667645467985e-10,0.6838864213133684,1,10,sar_0.2,sar,0.2
315,C,0.4263131979728723,6.435925529843383e-10,0.5736868013835348,1,10,sar_0.2,sar,0.2
316,A,0.3161135782257341,3.840807710339568e-10,0.683886421390185,1,10,sar_0.2,sar,0.2
316,C,0.42631319789886957,5.979957808498264e-10,0.5736868015031338,1,10,sar_0.2,sar,0.2
317,A,0.31611357818157115,3.5686961959119906e-10,0.6838864214615585,1,10,sar_0.2,sar,0.2
317,C,0.42631319783011085,5.556294152820007e-10,0.57368680161426,1,10,sar_0.2,sar,0.2
318,A,0.31611357814053725,3.3158631230954885e-10,0.6838864215278768,1,10,sar_0.2,sar,0.2
318,C,0.426313197766223,5.162645908166695e-10,0.5736868017175125,1,10,sar_0.2,sar,0.2
319,A,0.3161135781024108,3.0809426578979747e-10,0.683886421589495,1,10,sar_0.2,sar,0.2
319,C,0.426313197706861,4.796886564809761e-10,0.57368680181345,1,10,sar_0.2,sar,0.2
320,A,0.3161135780669848,2.862665732911412e-10,0.6838864216467481,1,10,sar_0.2,sar,0.2
320,C,0.42631319765170456,4.4570402704114784e-10,0.5736868019025912,1,10,sar_0.2,sar,0.2
321,A,0.3161135780340688,2.659853191558435e-10,0.6838864216999447,1,10,sar_0.2,sar,0.2
321,C,0.4263131976004565,4.1412711563618354e-10,0.5736868019854171,1,10,sar_0.2,sar,0.2
322,A,0.31611357800348516,2.47140941806167e-10,0.6838864217493735,1,10,sar_0.2,sar,0.2
322,C,0.4263131975528382,3.8478734203151863e-10,0.5736868020623748,1,10,sar_0.2,sar,0.2
323,A,0.31611357797506834,2.2963164187224882e-10,0.6838864217953001,1,10,sar_0.2,sar,0.2
323,C,0.42631319750859453,3.575262111351913e-10,0.5736868021338796,1,10,sar_0.2,sar,0.2
324,A,0.3161135779486647,2.133628322534031e-10,0.6838864218379734,1,10,sar_0.2,sar,0.2
324,C,0.4263131974674846,3.321964567986041e-10,0.5736868022003192,1,10,sar_0.2,sar,0.2
325,A,0.3161135779241316,1.9824662714188028e-10,0.6838864218776222,1,10,sar_0.2,sar,0.2
325,C,0.42631319742928875,3.0866124627665775e-10,0.5736868022620516,1,10,sar_0.2,sar,0.2
326,A,0.31611357790133615,1.8420136724862083e-10,0.6838864219144617,1,10,sar_0.2,sar,0.2
326,C,0.42631319739379697,2.8679344104969816e-10,0.5736868023194099,1,10,sar_0.2,sar,0.2
327,A,0.31611357788015676,1.711511786661053e-10,0.6838864219486934,1,10,sar_0.2,sar,0.2
327,C,0.42631319736082013,2.664749100142003e-10,0.5736868023727042,1,10,sar_0.2,sar,0.2
328,A,0.31611357786047684,1.5902556298513778e-10,0.6838864219804976,1,10,sar_0.2,sar,0.2
328,C,0.4263131973301805,2.4759589133201007e-10,0.5736868024222238,1,10,sar_0.2,sar,0.2
329,A,0.316113577842192,1.4775901643391723e-10,0.6838864220100498,1,10,sar_0.2,sar,0.2
329,C,0.42631319730171124,2.3005439946546475e-10,0.5736868024682359,1,10,sar_0.2,sar,0.2
330,A,0.31611357782520194,1.372906759484637e-10,0.683886422037507,1,10,sar_0.2,sar,0.2
330,C,0.4263131972752587,2.1375567414653866e-10,0.5736868025109854,1,10,sar_0.2,sar,0.2
331,A,0.31611357780941596,1.2756399070738794e-10,0.6838864220630203,1,10,sar_0.2,sar,0.2
331,C,0.4263131972506804,1.9861166895444492e-10,0.5736868025507078,1,10,sar_0.2,sar,0.2
332,A,0.3161135777947481,1.1852641625649377e-10,0.683886422086726,1,10,sar_0.2,sar,0.2
332,C,0.4263131972278426,1.8454057512626056e-10,0.5736868025876163,1,10,sar_0.2,sar,0.2
333,A,0.3161135777811197,1.1012913079476754e-10,0.6838864221087515,1,10,sar_0.2,sar,0.2
333,C,0.426313197206624,1.7146637982605447e-10,0.5736868026219094,1,10,sar_0.2,sar,0.2
334,A,0.3161135777684564,1.0232677143218683e-10,0.6838864221292169,1,10,sar_0.2,sar,0.2
334,C,0.4263131971869093,1.5931845551932942e-10,0.573686802653774,1,10,sar_0.2,sar,0.2
335,A,0.316113577756691,9.507718913320161e-11,0.6838864221482326,1,10,sar_0.2,sar,0.2
335,C,0.42631319716858906,1.4803117843916505e-10,0.5736868026833792,1,10,sar_0.2,sar,0.2
336,A,0.31611357774575854,8.834122102203038e-11,0.6838864221659005,1,10,sar_0.2,sar,0.2
336,C,0.4263131971515679,1.3754357408298897e-10,0.5736868027108885,1,10,sar_0.2,sar,0.2
337,A,0.31611357773560045,8.208247881970949e-11,0.6838864221823168,1,10,sar_0.2,sar,0.2
337,C,0.4263131971357532,1.277989878249259e-10,0.5736868027364479,1,10,sar_0.2,sar,0.2
338,A,0.3161135777261627,7.626715226998043e-11,0.6838864221975697,1,10,sar_0.2,sar,0.2
338,C,0.42631319712105903,1.1874477886436329e-10,0.5736868027601979,1,10,sar_0.2,sar,0.2
339,A,0.31611357771739285,7.086382649207841e-11,0.6838864222117425,1,10,sar_0.2,sar,0.2
339,C,0.42631319710740484,1.1033203585741961e-10,0.5736868027822642,1,10,sar_0.2,sar,0.2
340,A,0.3161135777092448,6.584331227372174e-11,0.6838864222249115,1,10,sar_0.2,sar,0.2
340,C,0.4263131970947181,1.0251531269514454e-10,0.5736868028027662,1,10,sar_0.2,sar,0.2
341,A,0.31611357770167386,6.117848838750719e-11,0.6838864222371472,1,10,sar_0.2,sar,0.2
341,C,0.4263131970829311,9.525238300110958e-11,0.573686802821817,1,10,sar_0.2,sar,0.2
342,A,0.31611357769463944,5.68441550788741e-11,0.6838864222485164,1,10,sar_0.2,sar,0.2
342,C,0.4263131970719777,8.85040120221692e-11,0.5736868028395172,1,10,sar_0.2,sar,0.2
343,A,0.3161135776881034,5.2816897934146656e-11,0.6838864222590794,1,10,sar_0.2,sar,0.2
343,C,0.4263131970618025,8.223374468014e-11,0.5736868028559652,1,10,sar_0.2,sar,0.2
344,A,0.31611357768203,4.907496139324688e-11,0.6838864222688943,1,10,sar_0.2,sar,0.2
344,C,0.4263131970523467,7.640770863943434e-11,0.5736868028712461,1,10,sar_0.2,sar,0.2
345,A,0.3161135776763873,4.5598131223767255e-11,0.6838864222780138,1,10,sar_0.2,sar,0.2
345,C,0.4263131970435611,7.099443132681517e-11,0.5736868028854448,1,10,sar_0.2,sar,0.2
346,A,0.31611357767114484,4.2367625321506903e-11,0.6838864222864885,1,10,sar_0.2,sar,0.2
346,C,0.4263131970353978,6.596466991479862e-11,0.5736868028986375,1,10,sar_0.2,sar,0.2
347,A,0.31611357766627285,3.936599224755712e-11,0.6838864222943615,1,10,sar_0.2,sar,0.2
347,C,0.4263131970278127,6.129125335026708e-11,0.5736868029108958,1,10,sar_0.2,sar,0.2
348,A,0.3161135776617468,3.657701695381556e-11,0.6838864223016764,1,10,sar_0.2,sar,0.2
348,C,0.4263131970207645,5.694893557492245e-11,0.5736868029222848,1,10,sar_0.2,sar,0.2
349,A,0.3161135776575407,3.398563318631551e-11,0.6838864223084731,1,10,sar_0.2,sar,0.2
349,C,0.4263131970142169,5.291425914601641e-11,0.573686802932869,1,10,sar_0.2,sar,0.2
350,A,0.3161135776536327,3.15778420906721e-11,0.6838864223147887,1,10,sar_0.2,sar,0.2
350,C,0.42631319700813264,4.91654285232224e-11,0.5736868029427017,1,10,sar_0.2,sar,0.2
351,A,0.3161135776500024,2.934063661417859e-11,0.6838864223206563,1,10,sar_0.2,sar,0.2
351,C,0.4263131970024802,4.568219230257085e-11,0.5736868029518386,1,10,sar_0.2,sar,0.2
352,A,0.31611357764662856,2.7261931210427957e-11,0.6838864223261093,1,10,sar_0.2,sar,0.2
352,C,0.42631319699722664,4.244573384670242e-11,0.5736868029603276,1,10,sar_0.2,sar,0.2
353,A,0.31611357764349385,2.5330496563248792e-11,0.6838864223311765,1,10,sar_0.2,sar,0.2
353,C,0.4263131969923461,3.9438569625574133e-11,0.5736868029682156,1,10,sar_0.2,sar,0.2
354,A,0.3161135776405813,2.3535898924886418e-11,0.6838864223358833,1,10,sar_0.2,sar,0.2
354,C,0.42631319698781206,3.664445476945102e-11,0.5736868029755445,1,10,sar_0.2,sar,0.2
355,A,0.3161135776378749,2.1868443751934762e-11,0.6838864223402564,1,10,sar_0.2,sar,0.2
355,C,0.42631319698359804,3.4048295313209974e-11,0.5736868029823536,1,10,sar_0.2,sar,0.2
356,A,0.31611357763536074,2.0319123334532198e-11,0.683886422344321,1,10,sar_0.2,sar,0.2
356,C,0.42631319697968295,3.1636066657895067e-11,0.5736868029886815,1,10,sar_0.2,sar,0.2
357,A,0.31611357763302417,1.88795681359067e-11,0.6838864223480954,1,10,sar_0.2,sar,0.2
357,C,0.4263131969760455,2.939473780904772e-11,0.57368680299456,1,10,sar_0.2,sar,0.2
358,A,0.31611357763085335,1.7542001579400088e-11,0.6838864223516049,1,10,sar_0.2,sar,0.2
358,C,0.4263131969726652,2.731220098254472e-11,0.5736868030000216,1,10,sar_0.2,sar,0.2
359,A,0.31611357762883596,1.6299198038724677e-11,0.6838864223548644,1,10,sar_0.2,sar,0.2
359,C,0.42631319696952513,2.5377206197669483e-11,0.573686803005098,1,10,sar_0.2,sar,0.2
360,A,0.3161135776269616,1.5144443804510534e-11,0.6838864223578927,1,10,sar_0.2,sar,0.2
360,C,0.4263131969666072,2.3579300504085885e-11,0.5736868030098129,1,10,sar_0.2,sar,0.2
361,A,0.316113577625221,1.407150081627919e-11,0.683886422360708,1,10,sar_0.2,sar,0.2
361,C,0.42631319696389625,2.190877151441456e-11,0.5736868030141947,1,10,sar_0.2,sar,0.2
362,A,0.3161135776236032,1.3074572963920113e-11,0.6838864223633231,1,10,sar_0.2,sar,0.2
362,C,0.42631319696137726,2.035659493737185e-11,0.5736868030182671,1,10,sar_0.2,sar,0.2
363,A,0.3161135776220992,1.2148274776626027e-11,0.6838864223657524,1,10,sar_0.2,sar,0.2
363,C,0.4263131969590359,1.8914385828042458e-11,0.5736868030220493,1,10,sar_0.2,sar,0.2
364,A,0.3161135776207025,1.1287602330140983e-11,0.6838864223680103,1,10,sar_0.2,sar,0.2
364,C,0.4263131969568608,1.7574353291937095e-11,0.5736868030255643,1,10,sar_0.2,sar,0.2
365,A,0.31611357761940495,1.0487906215158987e-11,0.6838864223701074,1,10,sar_0.2,sar,0.2
365,C,0.42631319695484077,1.6329258398143676e-11,0.5736868030288306,1,10,sar_0.2,sar,0.2
0,A,0.9989999999999998,0.001,0,2,10,sar_0.2,sar,0.2
0,C,0.9989999999999999,0.0010000000000000002,0,2,10,sar_0.2,sar,0.2
1,A,0.9985730420527613,0.0012066192587222755,2.203386885157871e-4,2,10,sar_0.2,sar,0.2
1,C,0.998659876642202,0.0011275230112555473,2.1260034654320078e-4,2,10,sar_0.2,sar,0.2
2,A,0.9980815031714546,0.0014343695748298387,4.841272537161137e-4,2,10,sar_0.2,sar,0.2
2,C,0.9982830584195287,0.0012652196354578714,4.5172194501232266e-4,2,10,sar_0.2,sar,0.2
3,A,0.9975204767899717,0.0016838392347894586,7.956839752390495e-4,2,10,sar_0.2,sar,0.2
3,C,0.9978667225458294,0.0014137881490190172,7.194893051508758e-4,2,10,sar_0.2,sar,0.2
4,A,0.9968838379897903,0.0019567260659439038,0.0011594359442657395,2,10,sar_0.2,sar,0.2
4,C,0.9974075416627562,0.0015743143634166642,0.0010181439738274115,2,10,sar_0.2,sar,0.2
5,A,0.9961639781179774,0.0022557016193515103,0.0015803202626712357,2,10,sar_0.2,sar,0.2
5,C,0.9969015575618245,0.0017482276053668964,0.0013502148328083715,2,10,sar_0.2,sar,0.2
6,A,0.9953516771824606,0.00258428811170393,0.0020640347058361133,2,10,sar_0.2,sar,0.2
6,C,0.9963441200289438,0.0019372604795670218,0.0017186194914892157,2,10,sar_0.2,sar,0.2
7,A,0.9944368334502042,0.0029463801255812314,0.0026167864242146134,2,10,sar_0.2,sar,0.2
7,C,0.9957302241436139,0.002143262305421841,0.002126513550964426,2,10,sar_0.2,sar,0.2
8,A,0.9934074489001249,0.0033465117222450597,0.0032460393776294395,2,10,sar_0.2,sar,0.2
8,C,0.9950539865689919,0.002368355543210905,0.002577657887796303,2,10,sar_0.2,sar,0.2
9,A,0.9922512752949885,0.0037891632738551143,0.003959561431156546,2,10,sar_0.2,sar,0.2
9,C,0.9943094308280792,0.0026146341585137805,0.0030759350134076523,2,10,sar_0.2,sar,0.2
10,A,0.9909555635943536,0.004278855294272321,0.004765581111374705,2,10,sar_0.2,sar,0.2
10,C,0.993490346622756,0.0028842193141367504,0.0036254340631081527,2,10,sar_0.2,sar,0.2
11,A,0.9895040779384809,0.0048211543140628706,0.005674767747457005,2,10,sar_0.2,sar,0.2
11,C,0.9925888351538633,0.003179735971173559,0.004231428874964055,2,10,sar_0.2,sar,0.2
12,A,0.9878803628540543,0.005421480366705114,0.006698156779239552,2,10,sar_0.2,sar,0.2
12,C,0.991596879693673,0.00350377017723348,0.004899350129091928,2,10,sar_0.2,sar,0.2
13,A,0.9860670471688558,0.006085370216181448,0.007847582614962557,2,10,sar_0.2,sar,0.2
13,C,0.9905059964389606,0.0038589949791072212,0.005635008581932761,2,10,sar_0.2,sar,0.2
14,A,0.984044108343233,0.006819032096638111,0.009136859560129171,2,10,sar_0.2,sar,0.2
14,C,0.989306374937303,0.004248443373761437,0.006445181688933743,2,10,sar_0.2,sar,0.2
15,A,0.981788989677121,0.00762920114822462,0.01058180917465368,2,10,sar_0.2,sar,0.2
15,C,0.9879868955017341,0.0046754694399009315,0.0073376350583646876,2,10,sar_0.2,sar,0.2
16,A,0.9792854260961718,0.008520621422535315,0.01219395248129311,2,10,sar_0.2,sar,0.2
16,C,0.9865395010199917,0.005142468496686514,0.008318030483323205,2,10,sar_0.2,sar,0.2
17,A,0.9765032190324933,0.009501824441351392,0.01399495652615556,2,10,sar_0.2,sar,0.2
17,C,0.9849491133246222,0.0056538399248572575,0.009397046750520836,2,10,sar_0.2,sar,0.2
18,A,0.9734201056399899,0.010578775177079926,0.016001119182930013,2,10,sar_0.2,sar,0.2
18,C,0.9832044545242743,0.006212779463765437,0.010582766011961951,2,10,sar_0.2,sar,0.2
19,A,0.9700081344963023,0.011758726370812166,0.018233139132884522,2,10,sar_0.2,sar,0.2
19,C,0.9812912220749532,0.006823273326919336,0.011885504598125715,2,10,sar_0.2,sar,0.2
20,A,0.9662394597035616,0.013048504853314657,0.020712035443122313,2,10,sar_0.2,sar,0.2
20,C,0.9791949136926356,0.007489252466712134,0.013315833840650803,2,10,sar_0.2,sar,0.2
21,A,0.9620845618520951,0.014454838895526192,0.023460599252380077,2,10,sar_0.2,sar,0.2
21,C,0.9768998060265156,0.008214839466691147,0.014885354506793907,2,10,sar_0.2,sar,0.2
22,A,0.9575131169943131,0.015984177046081405,0.026502705959605702,2,10,sar_0.2,sar,0.2
22,C,0.9743894043350806,0.009004234545348284,0.016606361119571502,2,10,sar_0.2,sar,0.2
23,A,0.9524940394274752,0.017642473855288405,0.029863486717236105,2,10,sar_0.2,sar,0.2
23,C,0.9716463039770252,0.009861694998380483,0.01849200102459442,2,10,sar_0.2,sar,0.2
24,A,0.9469958056747837,0.019434961614637043,0.033569232710578975,2,10,sar_0.2,sar,0.2
24,C,0.9686522231281867,0.010791480994931857,0.020556295876881535,2,10,sar_0.2,sar,0.2
25,A,0.9409869023707437,0.02136603913332599,0.037647058495930225,2,10,sar_0.2,sar,0.2
25,C,0.9653882133692406,0.011797793105681962,0.022813993525076223,2,10,sar_0.2,sar,0.2
26,A,0.9344362350989434,0.02343875067081212,0.04212501423024347,2,10,sar_0.2,sar,0.2
26,C,0.9618345200958096,0.012884680985292886,0.025280798918897653,2,10,sar_0.2,sar,0.2
27,A,0.9273137990823238,0.02565442705900446,0.04703177385867188,2,10,sar_0.2,sar,0.2
27,C,0.957970729446074,0.014055934715029913,0.02797333583889536,2,10,sar_0.2,sar,0.2
28,A,0.919591531308659,0.02801247833761339,0.05239599035372774,2,10,sar_0.2,sar,0.2
28,C,0.9537761476981991,0.015314962754815283,0.030908889546986243,2,10,sar_0.2,sar,0.2
29,A,0.9112440494281976,0.030510078006128108,0.05824587256567505,2,10,sar_0.2,sar,0.2
29,C,0.9492300373451334,0.016664660554371567,0.03410530210049551,2,10,sar_0.2,sar,0.2
30,A,0.9022494294069969,0.03314178175683105,0.06460878883617138,2,10,sar_0.2,sar,0.2
30,C,0.9443118256632358,0.01810726107812117,0.03758091325864321,2,10,sar_0.2,sar,0.2
31,A,0.8925900827161123,0.03589916333629127,0.07151075394759676,2,10,sar_0.2,sar,0.2
31,C,0.9390013886109899,0.019644166199755432,0.04135444518925632,2,10,sar_0.2,sar,0.2
32,A,0.8822536988339519,0.03877050543585036,0.07897579573019728,2,10,sar_0.2,sar,0.2
32,C,0.9332794200743074,0.021275762831328673,0.045444817094361885,2,10,sar_0.2,sar,0.2
33,A,0.8712341860479368,0.04174056096036789,0.08702525299169397,2,10,sar_0.2,sar,0.2
33,C,0.9271278592235049,0.023001229314696368,0.049870911461799554,2,10,sar_0.2,sar,0.2
34,A,0.859532556053491,0.04479039981164721,0.09567704413486193,2,10,sar_0.2,sar,0.2
34,C,0.9205303557301953,0.024818337716333974,0.05465130655347234,2,10,sar_0.2,sar,0.2
35,A,0.847157711498744,0.04789736302657205,0.10494492547468415,2,10,sar_0.2,sar,0.2
35,C,0.913472765728456,0.026723258425357468,0.05980397584618721,2,10,sar_0.2,sar,0.2
36,A,0.8341270956727327,0.05103514909943403,0.1148377552278344,2,10,sar_0.2,sar,0.2
36,C,0.9059436737512154,0.028710375180976314,0.06534595106780824,2,10,sar_0.2,sar,0.2
37,A,0.8204671581189591,0.054174054282915995,0.12535878759812472,2,10,sar_0.2,sar,0.2
37,C,0.8979349303158672,0.030772120608253867,0.07129294907587945,2,10,sar_0.2,sar,0.2
38,A,0.8062135891407062,0.05728138124242935,0.13650502961686414,2,10,sar_0.2,sar,0.2
38,C,0.8894421884084415,0.03289884386947692,0.07765896772208106,2,10,sar_0.2,sar,0.2
39,A,0.7914112829548187,0.0603220204580891,0.14826669658709238,2,10,sar_0.2,sar,0.2
39,C,0.8804654179132361,0.035078722898403206,0.08445585918836035,2,10,sar_0.2,sar,0.2
40,A,0.7761140349801349,0.06325912644198375,0.16062683857788218,2,10,sar_0.2,sar,0.2
40,C,0.871009330829424,0.03729773650065173,0.09169293266992343,2,10,sar_0.2,sar,0.2
41,A,0.7603839146567353,0.06605508195121128,0.1735610033920531,2,10,sar_0.2,sar,0.2
41,C,0.8610838508239829,0.03953969161315222,0.09937645756286634,2,10,sar_0.2,sar,0.2
42,A,0.7442902516614057,0.06867260267478291,0.18703714566381113,2,10,sar_0.2,sar,0.2
42,C,0.8507044704653905,0.041786337480302777,0.10750919205430719,2,10,sar_0.2,sar,0.2
43,A,0.7279083147466319,0.07107578376425125,0.20101590148911608,2,10,sar_0.2,sar,0.2
43,C,0.8398923682245412,0.04401758688940149,0.11609004488605752,2,10,sar_0.2,sar,0.2
44,A,0.7113179244825342,0.0732310715780028,0.21545100393946245,2,10,sar_0.2,sar,0.2
44,C,0.828674390396034,0.04621181737899303,0.12511379222497299,2,10,sar_0.2,sar,0.2
45,A,0.694601860430913,0.07510831146445995,0.23028982810462664,2,10,sar_0.2,sar,0.2
45,C,0.8170829619233474,0.0483462465113123,0.13457079156534,2,10,sar_0.2,sar,0.2
46,A,0.6778441301074092,0.0766817484026414,0.2454741214899489,2,10,sar_0.2,sar,0.2
46,C,0.8051558575055843,0.050397386951220646,0.14444675554319433,2,10,sar_0.2,sar,0.2
47,A,0.6611281874205294,0.07793084821219018,0.26094096436728137,2,10,sar_0.2,sar,0.2
47,C,0.7929357697756394,0.05234157694086709,0.15472265328349377,2,10,sar_0.2,sar,0.2
48,A,0.6445352172447477,0.07884088074452925,0.2766239020107235,2,10,sar_0.2,sar,0.2
48,C,0.7804696884740868,0.054155563235789336,0.1653747482901252,2,10,sar_0.2,sar,0.2
49,A,0.6281425732396699,0.07940326802494091,0.29245415873538916,2,10,sar_0.2,sar,0.2
49,C,0.7678081416108978,0.05581710637167414,0.17637475201742697,2,10,sar_0.2,sar,0.2
50,A,0.6120224174808071,0.07961570529371825,0.308361877225474,2,10,sar_0.2,sar,0.2
50,C,0.7550043353179461,0.05730558022488114,0.18769008445717167,2,10,sar_0.2,sar,0.2
51,A,0.5962405928869591,0.07948205164418236,0.32427735546885905,2,10,sar_0.2,sar,0.2
51,C,0.7421132123166974,0.05860253994904589,0.1992842477342579,2,10,sar_0.2,sar,0.2
52,A,0.5808557566201767,0.07901199463986089,0.3401322487399624,2,10,sar_0.2,sar,0.2
52,C,0.7291904550419206,0.059692231912772266,0.21111731304530723,2,10,sar_0.2,sar,0.2
53,A,0.5659187942793077,0.07822051569352007,0.355860690027172,2,10,sar_0.2,sar,0.2
53,C,0.7162914743728297,0.060562019785224346,0.22314650584194576,2,10,sar_0.2,sar,0.2
54,A,0.551472514665453,0.07712720065761072,0.37140028467693603,2,10,sar_0.2,sar,0.2
54,C,0.7034704295704033,0.06120270518852619,0.23532686524107074,2,10,sar_0.2,sar,0.2
55,A,0.5375516034414731,0.07575544509433066,0.38669295146419636,2,10,sar_0.2,sar,0.2
55,C,0.6907793181164927,0.061608728562581816,0.2476119533209257,2,10,sar_0.2,sar,0.2
56,A,0.5241828013756906,0.07413160107240771,0.401685597551902,2,10,sar_0.2,sar,0.2
56,C,0.6782671648197879,0.06177824384516933,0.2599545913350424,2,10,sar_0.2,sar,0.2
57,A,0.5113852690368322,0.07228410837190168,0.4163306225912659,2,10,sar_0.2,sar,0.2
57,C,0.6659793328353593,0.06171306799133464,0.2723075991733067,2,10,sar_0.2,sar,0.2
58,A,0.4991710990619561,0.0702426489550852,0.4305862519829582,2,10,sar_0.2,sar,0.2
58,C,0.653956973413904,0.0614185130846145,0.2846245135014812,2,10,sar_0.2,sar,0.2
59,A,0.4875459363903881,0.0680373579216109,0.44441670568799974,2,10,sar_0.2,sar,0.2
59,C,0.6422366237189048,0.06090311477332799,0.2968602615077675,2,10,sar_0.2,sar,0.2
60,A,0.47650966740238065,0.065698116341815,0.45779221625580424,2,10,sar_0.2,sar,0.2
60,C,0.630849953399354,0.06017827555716986,0.30897177104347584,2,10,sar_0.2,sar,0.2
61,A,0.46605714347980576,0.06325394161111265,0.47068891490908116,2,10,sar_0.2,sar,0.2
61,C,0.6198236515087158,0.05925784580050126,0.3209185026907828,2,10,sar_0.2,sar,0.2
62,A,0.4561789064643521,0.060732486633741464,0.4830886069019068,2,10,sar_0.2,sar,0.2
62,C,0.6091794456140459,0.05815766092390353,0.3326628934620494,2,10,sar_0.2,sar,0.2
63,A,0.44686189305571145,0.058159649027943496,0.4949784579163451,2,10,sar_0.2,sar,0.2
63,C,0.5989342345088534,0.056895059619305355,0.34417070587184134,2,10,sar_0.2,sar,0.2
64,A,0.43809010565539463,0.055559281812030736,0.506350612532575,2,10,sar_0.2,sar,0.2
64,C,0.5891003084206354,0.055488410573466686,0.35541128100589703,2,10,sar_0.2,sar,0.2
65,A,0.4298452323809181,0.05295300283003691,0.5172017647890456,2,10,sar_0.2,sar,0.2
65,C,0.5796856460831965,0.053956655726592306,0.3663576981902117,2,10,sar_0.2,sar,0.2
66,A,0.422107208352584,0.050360092175972225,0.5275326994714438,2,10,sar_0.2,sar,0.2
66,C,0.5706942667857061,0.05231888656416126,0.3769868466501316,2,10,sar_0.2,sar,0.2
67,A,0.4148547143622413,0.047797464980144075,0.5373478206576144,2,10,sar_0.2,sar,0.2
67,C,0.5621266179478063,0.05059396524052528,0.3872794168116668,2,10,sar_0.2,sar,0.2
68,A,0.4080656126591555,0.045279706020016415,0.5466546813208284,2,10,sar_0.2,sar,0.2
68,C,0.5539799806658997,0.04880019843791251,0.3972198208961876,2,10,sar_0.2,sar,0.2
69,A,0.40171732151890244,0.0428191534727853,0.5554635250083121,2,10,sar_0.2,sar,0.2
69,C,0.5462488790413974,0.046955067168732254,0.4067960537898692,2,10,sar_0.2,sar,0.2
70,A,0.3957871316247834,0.04042602021829736,0.5637868481569198,2,10,sar_0.2,sar,0.2
70,C,0.5389254819581518,0.04507501249511809,0.415999505546731,2,10,sar_0.2,sar,0.2
71,A,0.39025246848552436,0.0381085420429472,0.5716389894715281,2,10,sar_0.2,sar,0.2
71,C,0.5319999882404366,0.04317527520696523,0.4248247365525983,2,10,sar_0.2,sar,0.2
72,A,0.38509110597244317,0.03587314320067748,0.5790357508268796,2,10,sar_0.2,sar,0.2
72,C,0.5254609882556901,0.04126978600476861,0.43326922573954346,2,10,sar_0.2,sar,0.2
73,A,0.3802813364233997,0.0337246112199892,0.5859940523566106,2,10,sar_0.2,sar,0.2
73,C,0.5192957971811696,0.039371101370713125,0.44133310144811577,2,10,sar_0.2,sar,0.2
74,A,0.3758021027194565,0.03166627440187018,0.5925316228786738,2,10,sar_0.2,sar,0.2
74,C,0.5134907571454961,0.03749037931880218,0.4490188635357021,2,10,sar_0.2,sar,0.2
75,A,0.3716330974899117,0.029700176874959416,0.5986667256351289,2,10,sar_0.2,sar,0.2
75,C,0.5080315070837423,0.035637388793472564,0.4563311041227858,2,10,sar_0.2,sar,0.2
76,A,0.36775483426869576,0.027827247283808854,0.6044179184474959,2,10,sar_0.2,sar,0.2
76,C,0.5029032203680246,0.03382054654809875,0.4632762330838758,2,10,sar_0.2,sar,0.2
77,A,0.3641486950414692,0.026047458232867735,0.6098038467256629,2,10,sar_0.2,sar,0.2
77,C,0.4980908111707829,0.03204697566355234,0.46986221316566373,2,10,sar_0.2,sar,0.2
78,A,0.36079695819079743,0.0243599745302405,0.6148430672789617,2,10,sar_0.2,sar,0.2
78,C,0.49357911117478087,0.03032258032054869,0.47609830850467033,2,10,sar_0.2,sar,0.2
79,A,0.3576828103852196,0.02276328905923949,0.61955390055554,2,10,sar_0.2,sar,0.2
79,C,0.48935301870997844,0.028652131980110823,0.48199484930991177,2,10,sar_0.2,sar,0.2
80,A,0.3547903454994401,0.02125534573430265,0.6239543087662568,2,10,sar_0.2,sar,0.2
80,C,0.48539762268865616,0.027039362743397424,0.4875630145679467,2,10,sar_0.2,sar,0.2
81,A,0.35210455312953975,0.01983364956577525,0.6280617973046851,2,10,sar_0.2,sar,0.2
81,C,0.4816983038187816,0.025487062341614495,0.49281463383960206,2,10,sar_0.2,sar,0.2
82,A,0.3496112992607967,0.01849536385133345,0.631893336887871,2,10,sar_0.2,sar,0.2
82,C,0.4782408156578934,0.023997175780213497,0.4977620085618942,2,10,sar_0.2,sar,0.2
83,A,0.34729730089637967,0.017237395189979698,0.635465303913641,2,10,sar_0.2,sar,0.2
83,C,0.47501134796928557,0.02257089928938694,0.5024177527413278,2,10,sar_0.2,sar,0.2
84,A,0.34515009576848077,0.01605646752921405,0.6387934367023057,2,10,sar_0.2,sar,0.2
84,C,0.4719965745834848,0.021208772893885727,0.5067946525226296,2,10,sar_0.2,sar,0.2
85,A,0.3431580090324448,0.014949185510321511,0.6418928054572339,2,10,sar_0.2,sar,0.2
85,C,0.46918368795617765,0.019910768230799035,0.5109055438130219,2,10,sar_0.2,sar,0.2
86,A,0.34131011793999977,0.013912088133875592,0.6447777939261251,2,10,sar_0.2,sar,0.2
86,C,0.4665604224264632,0.01867637065944913,0.5147632069140874,2,10,sar_0.2,sar,0.2
87,A,0.3395962153167849,0.012941693767387148,0.6474620909158273,2,10,sar_0.2,sar,0.2
87,C,0.46411506796115054,0.0175046550827775,0.5183802769560721,2,10,sar_0.2,sar,0.2
88,A,0.3380067724916714,0.012034537489883456,0.6499586900184455,2,10,sar_0.2,sar,0.2
88,C,0.4618364759580685,0.016394355200309015,0.5217691688416229,2,10,sar_0.2,sar,0.2
89,A,0.33653290225401,0.011187201637954508,0.6522798961080349,2,10,sar_0.2,sar,0.2
89,C,0.4597140584977764,0.015343926127698799,0.5249420153745246,2,10,sar_0.2,sar,0.2
90,A,0.3351663223147202,0.010396340347740765,0.6544373373375396,2,10,sar_0.2,sar,0.2
90,C,0.45773778226909556,0.014351600475498296,0.5279106172554079,2,10,sar_0.2,sar,0.2
91,A,0.3338993196173145,0.009658698868867624,0.6564419815138176,2,10,sar_0.2,sar,0.2
91,C,0.4558981582350099,0.013415438107052551,0.5306864036579373,2,10,sar_0.2,sar,0.2
92,A,0.33272471573675017,0.008971128389047614,0.6583041558742027,2,10,sar_0.2,sar,0.2
92,C,0.45418622795294816,0.0125333698955084,0.5332804021515429,2,10,sar_0.2,sar,0.2
93,A,0.3316358335373011,0.008330597031193482,0.6600335694315063,2,10,sar_0.2,sar,0.2
93,C,0.4525935473257721,0.011703235867087894,0.5357032168071405,2,10,sar_0.2,sar,0.2
94,A,0.3306264652170337,0.0077341975995358515,0.6616393371834304,2,10,sar_0.2,sar,0.2
94,C,0.45111216844081664,0.0109228181543801,0.5379650134048028,2,10,sar_0.2,sar,0.2
95,A,0.32969084182533853,0.00717915258387027,0.6631300055907913,2,10,sar_0.2,sar,0.2
95,C,0.44973462005111126,0.010189869199132865,0.5400755107497565,2,10,sar_0.2,sar,0.2
96,A,0.32882360429922664,0.006662816878495297,0.6645135788222778,2,10,sar_0.2,sar,0.2
96,C,0.448453887161659,0.009502135647040557,0.5420439771912989,2,10,sar_0.2,sar,0.2
97,A,0.328019776031092,0.006182678620676922,0.6657975453482307,2,10,sar_0.2,sar,0.2
97,C,0.4472633901030986,0.008857378370261303,0.5438792315266396,2,10,sar_0.2,sar,0.2
98,A,0.32727473695830894,0.005736358498971271,0.66698890454272,2,10,sar_0.2,sar,0.2
98,C,0.44615696340520666,0.008253389037636736,0.5455896475571577,2,10,sar_0.2,sar,0.2
99,A,0.3265841991499784,0.005321607830596836,0.6680941930194259,2,10,sar_0.2,sar,0.2
99,C,0.44512883472351955,0.0076880036297778155,0.5471831616467026,2,10,sar_0.2,sar,0.2
100,A,0.32594418385397145,0.004936305663955941,0.6691195104820715,2,10,sar_0.2,sar,0.2
100,C,0.4441736040221014,0.007159113269334907,0.5486672827085645,2,10,sar_0.2,sar,0.2
101,A,0.32535099995633143,0.0045784551268086456,0.6700705449168599,2,10,sar_0.2,sar,0.2
101,C,0.44328622316685623,0.006664672713779459,0.550049104119364,2,10,sar_0.2,sar,0.2
102,A,0.32480122380087,0.004246179204595442,0.6709525969945352,2,10,sar_0.2,sar,0.2
102,C,0.4424619760727817,0.006202706804802403,0.5513353171224152,2,10,sar_0.2,sar,0.2
103,A,0.3242916803077527,0.003937716107820247,0.6717706035844266,2,10,sar_0.2,sar,0.2
103,C,0.4416964594895834,0.005771315168559801,0.5525322253418561,2,10,sar_0.2,sar,0.2
104,A,0.32381942532508456,0.0036514143627253024,0.6725291603121901,2,10,sar_0.2,sar,0.2
104,C,0.44098556446261616,0.005368675451668075,0.5536457600857161,2,10,sar_0.2,sar,0.2
105,A,0.32338172915689256,0.0033857277265065427,0.6732325431166012,2,10,sar_0.2,sar,0.2
105,C,0.44032545855695576,0.004993045278561257,0.5546814961644843,2,10,sar_0.2,sar,0.2
106,A,0.3229760612025062,0.003139210017689734,0.6738847287798039,2,10,sar_0.2,sar,0.2
106,C,0.4397125688665381,0.004642763141150697,0.5556446679923103,2,10,sar_0.2,sar,0.2
107,A,0.322600075643589,0.0029105099350803,0.6744894144213308,2,10,sar_0.2,sar,0.2
107,C,0.43914356582002284,0.004316248404938491,0.5565401857750388,2,10,sar_0.2,sar,0.2
108,A,0.32225159811660403,0.002698365923813448,0.6750500359595824,2,10,sar_0.2,sar,0.2
108,C,0.4386153477839387,0.004012000592024963,0.5573726516240374,2,10,sar_0.2,sar,0.2
109,A,0.3219286133112178,0.002501601133728812,0.6755697855550529,2,10,sar_0.2,sar,0.2
109,C,0.43812502645977897,0.0037285980748748854,0.5581463754653458,2,10,sar_0.2,sar,0.2
110,A,0.3216292534373842,0.002319118505080921,0.6760516280575345,2,10,sar_0.2,sar,0.2
110,C,0.43766991306562314,0.0034646962956964267,0.558865390638682,2,10,sar_0.2,sar,0.2
111,A,0.32135178750578125,0.002149896008652136,0.6764983164855666,2,10,sar_0.2,sar,0.2
111,C,0.4372475052852064,0.003219025613013163,0.5595334691017807,2,10,sar_0.2,sar,0.2
112,A,0.3210946113685285,0.001992982060430109,0.6769124065710407,2,10,sar_0.2,sar,0.2
112,C,0.4368554749615851,0.002990388864201985,0.5601541361742123,2,10,sar_0.2,sar,0.2
113,A,0.3208562384698136,0.0018474911248332992,0.6772962704053522,2,10,sar_0.2,sar,0.2
113,C,0.43649165650954935,0.0027776587190503125,0.5607306847714018,2,10,sar_0.2,sar,0.2
114,A,0.32063529125886214,0.0017125995153257432,0.677652109225812,2,10,sar_0.2,sar,0.2
114,C,0.43615403601953645,0.002579774886763791,0.5612661890937002,2,10,sar_0.2,sar,0.2
115,A,0.32043049322034944,0.0015875413972699047,0.6779819653823808,2,10,sar_0.2,sar,0.2
115,C,0.4358407410244854,0.002395741228742912,0.561763517746772,2,10,sar_0.2,sar,0.2
116,A,0.32024066147987257,0.0014716049947487814,0.6782877335253787,2,10,sar_0.2,sar,0.2
116,C,0.43555003089979694,0.002224622821278921,0.5622253462789228,2,10,sar_0.2,sar,0.2
117,A,0.3200646999445866,0.0013641290005290737,0.6785711710548838,2,10,sar_0.2,sar,0.2
117,C,0.4352802878659473,0.002065543004995209,0.5626541691290581,2,10,sar_0.2,sar,0.2
118,A,0.3199015929415771,0.0012644991862265057,0.6788339078721953,2,10,sar_0.2,sar,0.2
118,C,0.4350300085632484,0.0019176804510802649,0.5630523109856712,2,10,sar_0.2,sar,0.2
119,A,0.31975039931893845,0.0011721452080868037,0.6790774554729755,2,10,sar_0.2,sar,0.2
119,C,0.4347977961687456,0.0017802662684346464,0.5634219375628212,2,10,sar_0.2,sar,0.2
120,A,0.31961024697678325,0.0010865376025845793,0.6793032154206321,2,10,sar_0.2,sar,0.2
120,C,0.434582353025757,0.0016525811709586938,0.5637650658032832,2,10,sar_0.2,sar,0.2
121,A,0.31948032779774654,0.0010071849649936537,0.6795124872372593,2,10,sar_0.2,sar,0.2
121,C,0.4343824737575955,0.0015339527199223282,0.5640835735224821,2,10,sar_0.2,sar,0.2
122,A,0.31935989294780087,9.336313041880661e-4,0.6797064757480102,2,10,sar_0.2,sar,0.2
122,C,0.4341970388367842,0.0014237526537832336,0.5643792085094326,2,10,sar_0.2,sar,0.2
123,A,0.3192482485209472,8.654535656735582e-4,0.6798862979133785,2,10,sar_0.2,sar,0.2
123,C,0.4340250085831511,0.001321394313756796,0.564653597103092,2,10,sar_0.2,sar,0.2
124,A,0.31914475150389887,8.022593139264243e-4,0.680052989182175,2,10,sar_0.2,sar,0.2
124,C,0.4338654175661794,0.001226330170010941,0.5649082522638095,2,10,sar_0.2,sar,0.2
125,A,0.31904880603653296,7.436845671208802e-4,0.6802075093963458,2,10,sar_0.2,sar,0.2
125,C,0.4337173693855255,0.001138049453879054,0.5651445811605953,2,10,sar_0.2,sar,0.2
126,A,0.31895985994679094,6.893917759475649e-4,0.6803507482772613,2,10,sar_0.2,sar,0.2
126,C,0.43358003180638666,0.0010560758980440496,0.5653638922955689,2,10,sar_0.2,sar,0.2
127,A,0.3188774015401268,6.390679383913433e-4,0.6804835305214824,2,10,sar_0.2,sar,0.2
127,C,0.4334526322274265,9.79965585282445e-4,0.565567402187291,2,10,sar_0.2,sar,0.2
128,A,0.3188009566250506,5.924228425186765e-4,0.6806066205324308,2,10,sar_0.2,sar,0.2
128,C,0.4333344534601498,9.093049051858025e-4,0.5657562416346646,2,10,sar_0.2,sar,0.2
129,A,0.3187300857574839,5.491874297157365e-4,0.680720726812801,2,10,sar_0.2,sar,0.2
129,C,0.43322482979956695,8.437086175320928e-4,0.5659314615829023,2,10,sar_0.2,sar,0.2
130,A,0.3186643816878435,5.091122711181394e-4,0.6808265060410377,2,10,sar_0.2,sar,0.2
130,C,0.43312314336708047,7.828180202769098e-4,0.5660940386126424,2,10,sar_0.2,sar,0.2
131,A,0.3186034669959699,4.719661501919071e-4,0.6809245668538386,2,10,sar_0.2,sar,0.2
131,C,0.43302882070762805,7.262992194620079e-4,0.5662448800729111,2,10,sar_0.2,sar,0.2
132,A,0.31854699190012276,4.375347446821044e-4,0.6810154733551953,2,10,sar_0.2,sar,0.2
132,C,0.432941329624202,6.738414978250067e-4,0.5663848288779721,2,10,sar_0.2,sar,0.2
133,A,0.318494632227271,4.0561940147695137e-4,0.681099748371252,2,10,sar_0.2,sar,0.2
133,C,0.4328601762339193,6.251557785737445e-4,0.5665146679875065,2,10,sar_0.2,sar,0.2
134,A,0.3184460875328055,3.760359982892284e-4,0.6811778764689047,2,10,sar_0.2,sar,0.2
134,C,0.43278490223068006,5.799731805896733e-4,0.5666351245887301,2,10,sar_0.2,sar,0.2
135,A,0.31840107935867773,3.486138863872334e-4,0.6812503067549348,2,10,sar_0.2,sar,0.2
135,C,0.43271508234043304,5.380436611792732e-4,0.5667468739983872,2,10,sar_0.2,sar,0.2
136,A,0.3183593496197491,3.2319490891556077e-4,0.6813174554713344,2,10,sar_0.2,sar,0.2
136,C,0.4326503219558994,4.991347423908847e-4,0.5668505433017097,2,10,sar_0.2,sar,0.2
137,A,0.31832065910892376,2.9963248965158824e-4,0.6813797084014244,2,10,sar_0.2,sar,0.2
137,C,0.4325902549384718,4.6303031687220693e-4,0.5669467147446563,2,10,sar_0.2,sar,0.2
138,A,0.31828478611228833,2.777907873517651e-4,0.6814374231003602,2,10,sar_0.2,sar,0.2
138,C,0.43253454157579324,4.2952952926018635e-4,0.5670359288949471,2,10,sar_0.2,sar,0.2
139,A,0.3182515251261709,2.5754391114264646e-4,0.6814909309626862,2,10,sar_0.2,sar,0.2
139,C,0.43248286668424496,3.9844572915153335e-4,0.567118687586606,2,10,sar_0.2,sar,0.2
140,A,0.3182206856685859,2.387751926966078e-4,0.6815405391387167,2,10,sar_0.2,sar,0.2
140,C,0.432434937846304,3.696054917821878e-4,0.5671954566619153,2,10,sar_0.2,sar,0.2
141,A,0.3181920911781169,2.2137651119090573e-4,0.6815865323106914,2,10,sar_0.2,sar,0.2
141,C,0.43239048377339767,3.4284770262319586e-4,0.5672666685239781,2,10,sar_0.2,sar,0.2
142,A,0.31816557799375894,2.052476673514232e-4,0.6816291743388901,2,10,sar_0.2,sar,0.2
142,C,0.4323492527854194,3.1802270229794565e-4,0.5673327245122824,2,10,sar_0.2,sar,0.2
143,A,0.3181409944097493,1.9029580307770405e-4,0.6816687097871724,2,10,sar_0.2,sar,0.2
143,C,0.4323110113987632,2.9499148826445e-4,0.567393997112972,2,10,sar_0.2,sar,0.2
144,A,0.3181181997999328,1.7643486333932912e-4,0.6817053653367277,2,10,sar_0.2,sar,0.2
144,C,0.43227554301536586,2.7362496977482645e-4,0.5674508320148578,2,10,sar_0.2,sar,0.2
145,A,0.31809706380644154,1.6358509738370646e-4,0.6817393510961738,2,10,sar_0.2,sar,0.2
145,C,0.4322426467055132,2.5380327300393216e-4,0.5675035500214815,2,10,sar_0.2,sar,0.2
146,A,0.3180774655879861,1.5167259641548557e-4,0.6817708618155982,2,10,sar_0.2,sar,0.2
146,C,0.43221213607781495,2.3541509323006171e-4,0.5675524488289542,2,10,sar_0.2,sar,0.2
147,A,0.31805929312333964,1.406288651069125e-4,0.6818000780115538,2,10,sar_0.2,sar,0.2
147,C,0.43218383823019757,2.1835709110723167e-4,0.567597804678695,2,10,sar_0.2,sar,0.2
148,A,0.31804244256597963,1.3039042448278652e-4,0.6818271670095374,2,10,sar_0.2,sar,0.2
148,C,0.43215759277618493,2.0253333022026657e-4,0.5676398738935959,2,10,sar_0.2,sar,0.2
149,A,0.3180268176460981,1.2089844390602309e-4,0.6818522839099967,2,10,sar_0.2,sar,0.2
149,C,0.43213325094111804,1.8785475328075447e-4,0.5676788943056015,2,10,sar_0.2,sar,0.2
150,A,0.3180123291164942,1.1209840005268329e-4,0.6818755724834529,2,10,sar_0.2,sar,0.2
150,C,0.43211067472333525,1.7423869446991965e-4,0.5677150865821954,2,10,sar_0.2,sar,0.2
151,A,0.3179988942391167,1.0393976091093819e-4,0.6818971659999727,2,10,sar_0.2,sar,0.2
151,C,0.43208973611568036,1.6160842556614712e-4,0.5677486554587546,2,10,sar_0.2,sar,0.2
152,A,0.31798643630925755,9.637569297549212e-5,0.6819171879977665,2,10,sar_0.2,sar,0.2
152,C,0.43207031638304605,1.4989273362484186e-4,0.5677797908833299,2,10,sar_0.2,sar,0.2
153,A,0.3179748842146364,8.93627899406706e-5,0.6819357529954233,2,10,sar_0.2,sar,0.2
153,C,0.43205230539194717,1.3902552811089546e-4,0.5678086690799413,2,10,sar_0.2,sar,0.2
154,A,0.3179641720267963,8.286082131921568e-5,0.6819529671518842,2,10,sar_0.2,sar,0.2
154,C,0.4320356009884058,1.2894547551318795e-4,0.5678354535360828,2,10,sar_0.2,sar,0.2
155,A,0.31795423862244576,7.683249952774202e-5,0.6819689288780265,2,10,sar_0.2,sar,0.2
155,C,0.4320201084206803,1.1959565959125303e-4,0.5678602959197291,2,10,sar_0.2,sar,0.2
156,A,0.31794502733253316,7.124326408466743e-5,0.6819837294033819,2,10,sar_0.2,sar,0.2
156,C,0.4320057398036508,1.1092326551722626e-4,0.5678833369308315,2,10,sar_0.2,sar,0.2
157,A,0.3179364856170212,6.60610816642119e-5,0.6819974533013147,2,10,sar_0.2,sar,0.2
157,C,0.43199241362184015,1.0287928628417588e-4,0.5679047070918761,2,10,sar_0.2,sar,0.2
158,A,0.317928564763474,6.125626084162605e-5,0.6820101789756853,2,10,sar_0.2,sar,0.2
158,C,0.43198005426831587,9.541824985575871e-5,0.5679245274818276,2,10,sar_0.2,sar,0.2
159,A,0.3179212196076994,5.680128045008989e-5,0.6820219791118507,2,10,sar_0.2,sar,0.2
159,C,0.43196859161690315,8.84979656307542e-5,0.5679429104174665,2,10,sar_0.2,sar,0.2
160,A,0.31791440827483886,5.2670630548659004e-5,0.6820329210946127,2,10,sar_0.2,sar,0.2
160,C,0.4319579606252885,8.207928888873587e-5,0.5679599600858225,2,10,sar_0.2,sar,0.2
161,A,0.31790809193939096,4.884066507320188e-5,0.6820430673955356,2,10,sar_0.2,sar,0.2
161,C,0.43194810096682296,7.612590196921402e-5,0.5679757731312075,2,10,sar_0.2,sar,0.2
162,A,0.31790223460278844,4.528946531241897e-5,0.6820524759319005,2,10,sar_0.2,sar,0.2
162,C,0.4319389566889306,7.060411102320642e-5,0.5679904392000464,2,10,sar_0.2,sar,0.2
163,A,0.3178968028872302,4.199671341158906e-5,0.6820612003993574,2,10,sar_0.2,sar,0.2
163,C,0.43193047589621636,6.548265724875152e-5,0.5680040414465334,2,10,sar_0.2,sar,0.2
164,A,0.3178917658445972,3.8943575163241175e-5,0.6820692905802401,2,10,sar_0.2,sar,0.2
164,C,0.4319226104565127,6.07325415909671e-5,0.5680166570018967,2,10,sar_0.2,sar,0.2
165,A,0.31788709477931354,3.6112591404714774e-5,0.6820767926292802,2,10,sar_0.2,sar,0.2
165,C,0.4319153157281711,5.632686196843256e-5,0.568028357409861,2,10,sar_0.2,sar,0.2
166,A,0.31788276308416924,3.348757738851927e-5,0.6820837493384427,2,10,sar_0.2,sar,0.2
166,C,0.4319085503071072,5.2240662143215496e-5,0.5680392090307507,2,10,sar_0.2,sar,0.2
167,A,0.31787874608811323,3.10535295382399e-5,0.6820902003823476,2,10,sar_0.2,sar,0.2
167,C,0.4319022757921378,4.845079141237103e-5,0.5680492734164502,2,10,sar_0.2,sar,0.2
168,A,0.3178750209151806,2.8796539046041595e-5,0.6820961825457734,2,10,sar_0.2,sar,0.2
168,C,0.43189645656732084,4.493577435522244e-5,0.5680586076583243,2,10,sar_0.2,sar,0.2
169,A,0.31787156635370706,2.6703711808411667e-5,0.6821017299344844,2,10,sar_0.2,sar,0.2
169,C,0.43189105960004065,4.1675689924492594e-5,0.5680672647100353,2,10,sar_0.2,sar,0.2
170,A,0.3178683627350939,2.476309423402187e-5,0.6821068741706727,2,10,sar_0.2,sar,0.2
170,C,0.431886054253732,3.865205921882139e-5,0.5680752936870486,2,10,sar_0.2,sar,0.2
171,A,0.31786539182142043,2.2963604491745898e-5,0.6821116445740877,2,10,sar_0.2,sar,0.2
171,C,0.4318814121141529,3.584774131973841e-5,0.5680827401445279,2,10,sar_0.2,sar,0.2
172,A,0.31786263670125703,2.1294968798572757e-5,0.6821160683299439,2,10,sar_0.2,sar,0.2
172,C,0.43187710682825,3.3246836618817463e-5,0.5680896463351323,2,10,sar_0.2,sar,0.2
173,A,0.31786008169307717,1.974766237671044e-5,0.6821201706445457,2,10,sar_0.2,sar,0.2
173,C,0.4318731139546992,3.083459710093947e-5,0.5680960514482006,2,10,sar_0.2,sar,0.2
174,A,0.31785771225571313,1.8312854736606566e-5,0.6821239748895501,2,10,sar_0.2,sar,0.2
174,C,0.4318694108252695,2.8597343087197494e-5,0.568101991831642,2,10,sar_0.2,sar,0.2
175,A,0.31785551490534486,1.6982358967947643e-5,0.6821275027356875,2,10,sar_0.2,sar,0.2
175,C,0.431865976416246,2.652238597588665e-5,0.5681075011977779,2,10,sar_0.2,sar,0.2
176,A,0.3178534771385367,1.574858474410688e-5,0.6821307742767192,2,10,sar_0.2,sar,0.2
176,C,0.4318627912291494,2.459795655244164e-5,0.5681126108142989,2,10,sar_0.2,sar,0.2
177,A,0.3178515873608884,1.4604494767200305e-5,0.6821338081443442,2,10,sar_0.2,sar,0.2
177,C,0.4318598371801239,2.2813138469417725e-5,0.5681173496814074,2,10,sar_0.2,sar,0.2
178,A,0.31784983482088297,1.3543564401032752e-5,0.6821366216147162,2,10,sar_0.2,sar,0.2
178,C,0.43185709749733064,2.1157806525843782e-5,0.5681217446961446,2,10,sar_0.2,sar,0.2
179,A,0.31784820954855564,1.2559744257858665e-5,0.6821392307071857,2,10,sar_0.2,sar,0.2
179,C,0.4318545566257814,1.962256940157368e-5,0.5681258208048171,2,10,sar_0.2,sar,0.2
180,A,0.3178467022986349,1.1647425522135606e-5,0.6821416502758428,2,10,sar_0.2,sar,0.2
180,C,0.4318522001390744,1.8198716526715678e-5,0.5681296011443986,2,10,sar_0.2,sar,0.2
181,A,0.317845304497819,1.0801407810389776e-5,0.6821438940943714,2,10,sar_0.2,sar,0.2
181,C,0.4318500146575267,1.6878168788898548e-5,0.5681331071736851,2,10,sar_0.2,sar,0.2
182,A,0.3178440081958994,1.0016869381212527e-5,0.6821459749347192,2,10,sar_0.2,sar,0.2
182,C,0.43184798777224115,1.565343280250923e-5,0.5681363587949549,2,10,sar_0.2,sar,0.2
183,A,0.31784280602043963,9.289339522985116e-6,0.6821479046400362,2,10,sar_0.2,sar,0.2
183,C,0.43184610797468953,1.4517558483472301e-5,0.5681393744668266,2,10,sar_0.2,sar,0.2
184,A,0.31784169113475585,8.614672959522003e-6,0.6821496941922841,2,10,sar_0.2,sar,0.2
184,C,0.43184436459138537,1.34640996912578e-5,0.5681421713089234,2,10,sar_0.2,sar,0.2
185,A,0.31784065719895493,7.989026125890113e-6,0.6821513537749199,2,10,sar_0.2,sar,0.2
185,C,0.43184274772331105,1.248707771746063e-5,0.5681447651989715,2,10,sar_0.2,sar,0.2
186,A,0.3178396983338117,7.408835177331606e-6,0.6821528928310097,2,10,sar_0.2,sar,0.2
186,C,0.4318412481897276,1.1580947415680014e-5,0.568147170862857,2,10,sar_0.2,sar,0.2
187,A,0.31783880908727574,6.870795604307172e-6,0.6821543201171196,2,10,sar_0.2,sar,0.2
187,C,0.4318398574760641,1.0740565782148654e-5,0.5681494019581544,2,10,sar_0.2,sar,0.2
188,A,0.3178379844034105,6.371843336013625e-6,0.6821556437532542,2,10,sar_0.2,sar,0.2
188,C,0.4318385676855855,9.9611628102312408e-06,0.568151471151605,2,10,sar_0.2,sar,0.2
189,A,0.31783721959359795,5.909137223402629e-6,0.6821568712691783,2,10,sar_0.2,sar,0.2
189,C,0.43183737149456614,9.238314454659438e-6,0.5681533901909803,2,10,sar_0.2,sar,0.2
190,A,0.31783651030983984,5.480042800739233e-6,0.6821580096473595,2,10,sar_0.2,sar,0.2
190,C,0.43183626211071413,8.567917553172155e-6,0.5681551699717333,2,10,sar_0.2,sar,0.2
191,A,0.31783585251999436,5.082117232144595e-6,0.6821590653627728,2,10,sar_0.2,sar,0.2
191,C,0.4318352332346157,7.94616656415879e-6,0.5681568205988194,2,10,sar_0.2,sar,0.2
192,A,0.31783524248482187,4.713095356429695e-6,0.6821600444198214,2,10,sar_0.2,sar,0.2
192,C,0.43183427902397054,7.369531989059572e-6,0.5681583514440389,2,10,sar_0.2,sar,0.2
193,A,0.3178346767366955,4.37087674989118e-6,0.682160952386554,2,10,sar_0.2,sar,0.2
193,C,0.4318333940604258,6.83474035772889e-6,0.568159771199216,2,10,sar_0.2,sar,0.2
194,A,0.31783415205986143,4.053513732639797e-6,0.6821617944264061,2,10,sar_0.2,sar,0.2
194,C,0.43183257331881286,6.338755663748747e-6,0.5681610879255223,2,10,sar_0.2,sar,0.2
195,A,0.3178336654721376,3.7592002494921074e-6,0.6821625753276129,2,10,sar_0.2,sar,0.2
195,C,0.4318318121386205,5.878762144826356e-6,0.5681623090992334,2,10,sar_0.2,sar,0.2
196,A,0.3178332142079389,3.4862615615117877e-6,0.6821632995304997,2,10,sar_0.2,sar,0.2
196,C,0.4318311061975351,5.4521483109655845e-6,0.5681634416541547,2,10,sar_0.2,sar,0.2
197,A,0.31783279570253886,3.233144688970792e-6,0.6821639711527705,2,10,sar_0.2,sar,0.2
197,C,0.43183045148689614,5.056492130119855e-6,0.5681644920209745,2,10,sar_0.2,sar,0.2
198,A,0.3178324075774784,2.9984095508415773e-6,0.6821645940129715,2,10,sar_0.2,sar,0.2
198,C,0.43182984428894144,4.689547287550534e-6,0.5681654661637705,2,10,sar_0.2,sar,0.2
199,A,0.31783204762702666,2.78072074995303e-6,0.6821651716522228,2,10,sar_0.2,sar,0.2
199,C,0.43182928115569874,4.349230441165059e-6,0.568166369613861,2,10,sar_0.2,sar,0.2
200,A,0.3178317138056389,2.5788399566689357e-6,0.6821657073544051,2,10,sar_0.2,sar,0.2
200,C,0.43182875888940453,4.0336094007228935e-6,0.568167207501196,2,10,sar_0.2,sar,0.2
201,A,0.3178314042163145,2.3916188473969463e-6,0.6821662041648385,2,10,sar_0.2,sar,0.2
201,C,0.4318282745243514,3.740892164004212e-6,0.568167984583484,2,10,sar_0.2,sar,0.2
202,A,0.31783111709980816,2.2179925574395667e-6,0.6821666649076341,2,10,sar_0.2,sar,0.2
202,C,0.43182782531005054,3.4694167478816707e-6,0.5681687052732026,2,10,sar_0.2,sar,0.2
203,A,0.31783085082462303,2.056973610655321e-6,0.6821670922017663,2,10,sar_0.2,sar,0.2
203,C,0.43182740869560726,3.217641756710635e-6,0.5681693736626368,2,10,sar_0.2,sar,0.2
204,A,0.3178306038777307,1.907646291138993e-6,0.6821674884759779,2,10,sar_0.2,sar,0.2
204,C,0.43182702231524595,2.984137634607459e-6,0.5681699935471204,2,10,sar_0.2,sar,0.2
205,A,0.3178303748559652,1.7691614246892286e-6,0.6821678559826102,2,10,sar_0.2,sar,0.2
205,C,0.43182666397486963,2.767578552081302e-6,0.5681705684465764,2,10,sar_0.2,sar,0.2
206,A,0.3178301624580454,1.6407315401786054e-6,0.682168196810414,2,10,sar_0.2,sar,0.2
206,C,0.4318263316396096,2.566734881048492e-6,0.56817110162551,2,10,sar_0.2,sar,0.2
207,A,0.3178299654771741,1.5216263831258692e-6,0.6821685128964434,2,10,sar_0.2,sar,0.2
207,C,0.4318260234222604,2.3804662155856943e-6,0.5681715961115256,2,10,sar_0.2,sar,0.2
208,A,0.31782978279417523,1.4111687557944127e-6,0.6821688060370684,2,10,sar_0.2,sar,0.2
208,C,0.43182573757257287,2.207714898865244e-6,0.568172054712529,2,10,sar_0.2,sar,0.2
209,A,0.3178296133711306,1.308730660018129e-6,0.6821690778982078,2,10,sar_0.2,sar,0.2
209,C,0.43182547246731295,2.047500019582134e-6,0.5681724800326688,2,10,sar_0.2,sar,0.2
210,A,0.3178294562454806,1.2137297206941447e-6,0.6821693300247987,2,10,sar_0.2,sar,0.2
210,C,0.4318252266010423,1.8989118438395e-6,0.5681728744871127,2,10,sar_0.2,sar,0.2
211,A,0.31782931052454677,1.125625869492543e-6,0.6821695638495839,2,10,sar_0.2,sar,0.2
211,C,0.43182499857757584,1.7611066509229677e-6,0.5681732403157743,2,10,sar_0.2,sar,0.2
212,A,0.31782917538046285,1.0439182698256362e-6,0.6821697807012673,2,10,sar_0.2,sar,0.2
212,C,0.4318247871020451,1.6333019436801082e-6,0.5681735795960114,2,10,sar_0.2,sar,0.2
213,A,0.3178290500454645,9.681424655031296e-7,0.68216998181207,2,10,sar_0.2,sar,0.2
213,C,0.43182459097355264,1.5147720063427063e-6,0.5681738942544402,2,10,sar_0.2,sar,0.2
214,A,0.3178289338075261,8.978677367822542e-7,0.6821701683247369,2,10,sar_0.2,sar,0.2
214,C,0.4318244090783505,1.4048437845980047e-6,0.568174186077864,2,10,sar_0.2,sar,0.2
215,A,0.31782882600631335,8.326946487104159e-7,0.6821703412990374,2,10,sar_0.2,sar,0.2
215,C,0.4318242403835162,1.3028930645406312e-6,0.5681744567234207,2,10,sar_0.2,sar,0.2
216,A,0.31782872602943035,7.722527777595505e-7,0.6821705017177926,2,10,sar_0.2,sar,0.2
216,C,0.43182408393108324,1.2083409288301816e-6,0.5681747077279884,2,10,sar_0.2,sar,0.2
217,A,0.3178286333089371,7.161986037723484e-7,0.6821706504924586,2,10,sar_0.2,sar,0.2
217,C,0.4318239388326093,1.12065046995015e-6,0.5681749405169193,2,10,sar_0.2,sar,0.2
218,A,0.3178285473181248,6.642135551869869e-7,0.6821707884683204,2,10,sar_0.2,sar,0.2
218,C,0.4318238042641273,1.0393237419211324e-6,0.5681751564121307,2,10,sar_0.2,sar,0.2
219,A,0.3178284675685178,6.160021963842721e-7,0.6821709164292853,2,10,sar_0.2,sar,0.2
219,C,0.4318236794614605,9.63898933172989e-7,0.568175356639605,2,10,sar_0.2,sar,0.2
220,A,0.31782839360710197,5.712905468143528e-7,0.6821710351023514,2,10,sar_0.2,sar,0.2
220,C,0.4318235637158964,8.939477445345269e-7,0.56817554233636,2,10,sar_0.2,sar,0.2
221,A,0.3178283250137483,5.2982452231374e-7,0.6821711451617296,2,10,sar_0.2,sar,0.2
221,C,0.4318234563701462,8.290729574620005e-7,0.5681757145568946,2,10,sar_0.2,sar,0.2
222,A,0.3178282613988231,4.913684897224797e-7,0.6821712472326859,2,10,sar_0.2,sar,0.2
222,C,0.431823356814629,7.68906178707109e-7,0.5681758742791929,2,10,sar_0.2,sar,0.2
223,A,0.3178282024009792,4.55703926558629e-7,0.6821713418950937,2,10,sar_0.2,sar,0.2
223,C,0.43182326448399583,7.131057486250783e-7,0.5681760224102554,2,10,sar_0.2,sar,0.2
224,A,0.31782814768509676,4.2262817810738507e-7,0.6821714296867256,2,10,sar_0.2,sar,0.2
224,C,0.43182317885392907,6.61354801251135e-7,0.5681761597912711,2,10,sar_0.2,sar,0.2
225,A,0.3178280969403825,3.9195330483967687e-7,0.682171511106313,2,10,sar_0.2,sar,0.2
225,C,0.4318230994381581,6.133594651360915e-7,0.5681762872023766,2,10,sar_0.2,sar,0.2
226,A,0.31782804987860364,3.6350501359046007e-7,0.6821715866163832,2,10,sar_0.2,sar,0.2
226,C,0.43182302578570464,5.688471947292025e-7,0.5681764053670993,2,10,sar_0.2,sar,0.2
227,A,0.317828006232448,3.3712166640530076e-7,0.6821716566458852,2,10,sar_0.2,sar,0.2
227,C,0.4318229574783185,5.275652228370592e-7,0.5681765149564592,2,10,sar_0.2,sar,0.2
228,A,0.3178279657540081,3.126533614073703e-7,0.6821717215926307,2,10,sar_0.2,sar,0.2
228,C,0.4318228941280991,4.892791253742746e-7,0.5681766165927766,2,10,sar_0.2,sar,0.2
229,A,0.3178279282133697,2.8996108044811355e-7,0.6821717818255499,2,10,sar_0.2,sar,0.2
229,C,0.4318228353752986,4.5377149025895986e-7,0.5681767108532124,2,10,sar_0.2,sar,0.2
230,A,0.31782789339730844,2.6891589868606683e-7,0.6821718376867933,2,10,sar_0.2,sar,0.2
230,C,0.4318227808862761,4.2084068289698797e-7,0.5681767982730417,2,10,sar_0.2,sar,0.2
231,A,0.3178278611080742,2.49398251591612e-7,0.6821718894936739,2,10,sar_0.2,sar,0.2
231,C,0.4318227303516028,3.902997012470433e-7,0.5681768793486961,2,10,sar_0.2,sar,0.2
232,A,0.3178278311622734,2.3129725520307007e-7,0.6821719375404726,2,10,sar_0.2,sar,0.2
232,C,0.43182268348430686,3.6197511396679766e-7,0.5681769545405784,2,10,sar_0.2,sar,0.2
233,A,0.317827803389821,2.1451007576327331e-7,0.6821719821001038,2,10,sar_0.2,sar,0.2
233,C,0.431822640018241,3.357060756120766e-7,0.568177024275683,2,10,sar_0.2,sar,0.2
234,A,0.31782777763297926,1.9894134514739137e-7,0.6821720234256752,2,10,sar_0.2,sar,0.2
234,C,0.4318225997065731,3.113434132981692e-7,0.5681770889500127,2,10,sar_0.2,sar,0.2
235,A,0.3178277537454585,1.8450261875388022e-7,0.6821720617519232,2,10,sar_0.2,sar,0.2
235,C,0.4318225623203852,2.8874877963807363e-7,0.5681771489308358,2,10,sar_0.2,sar,0.2
236,A,0.3178277315915869,1.7111187277250624e-7,0.6821720972965387,2,10,sar_0.2,sar,0.2
236,C,0.4318225276473686,2.677938671486099e-7,0.5681772045587642,2,10,sar_0.2,sar,0.2
237,A,0.31782771104554125,1.5869303796784238e-7,0.6821721302614213,2,10,sar_0.2,sar,0.2
237,C,0.4318224954906264,2.4835967966423935e-7,0.5681772561496936,2,10,sar_0.2,sar,0.2
238,A,0.31782769199062805,1.4717556732473865e-7,0.6821721608338045,2,10,sar_0.2,sar,0.2
238,C,0.4318224656675483,2.3033585662200847e-7,0.5681773039965953,2,10,sar_0.2,sar,0.2
239,A,0.31782767431862624,1.364940350952503e-7,0.6821721891873378,2,10,sar_0.2,sar,0.2
239,C,0.4318224380087769,2.1362004638116145e-7,0.5681773483711782,2,10,sar_0.2,sar,0.2
240,A,0.3178276579291683,1.2658776496538427e-7,0.6821722154830671,2,10,sar_0.2,sar,0.2
240,C,0.4318224123572443,1.981173250193299e-7,0.568177389525431,2,10,sar_0.2,sar,0.2
241,A,0.3178276427291709,1.1740048522594627e-7,0.6821722398703443,2,10,sar_0.2,sar,0.2
241,C,0.4318223885672842,1.8373965730533905e-7,0.5681774276930582,2,10,sar_0.2,sar,0.2
242,A,0.31782762863230735,1.0888000898556695e-7,0.6821722624876838,2,10,sar_0.2,sar,0.2
242,C,0.43182236650379763,1.704053967881407e-7,0.5681774630908051,2,10,sar_0.2,sar,0.2
243,A,0.3178276155585164,1.0097793760656601e-7,0.6821722834635457,2,10,sar_0.2,sar,0.2
243,C,0.43182234604149333,1.5803882216333714e-7,0.5681774959196852,2,10,sar_0.2,sar,0.2
244,A,0.31782760343354505,9.364938448583827e-8,0.68217230291707,2,10,sar_0.2,sar,0.2
244,C,0.4318223270641665,1.4656970542099325e-7,0.5681775263661294,2,10,sar_0.2,sar,0.2
245,A,0.31782759218850937,8.685270812454055e-8,0.6821723209587827,2,10,sar_0.2,sar,0.2
245,C,0.431822309464013,1.3593289450108785e-7,0.5681775546030916,2,10,sar_0.2,sar,0.2
246,A,0.31782758175953896,8.054929948578491e-8,0.682172337691162,2,10,sar_0.2,sar,0.2
246,C,0.43182229314107917,1.2606798080401727e-7,0.5681775807909398,2,10,sar_0.2,sar,0.2
247,A,0.3178275720874246,7.470336719212384e-8,0.6821723532092091,2,10,sar_0.2,sar,0.2
247,C,0.43182227800270145,1.1691896331020328e-7,0.5681776050783359,2,10,sar_0.2,sar,0.2
248,A,0.31782756311725624,6.928171810974377e-8,0.6821723676010271,2,10,sar_0.2,sar,0.2
248,C,0.43182226396294177,1.0843390547837022e-7,0.5681776276031506,2,10,sar_0.2,sar,0.2
249,A,0.3178275547982506,6.425365519691403e-8,0.6821723809480951,2,10,sar_0.2,sar,0.2
249,C,0.4318222509423277,1.0056477556856562e-7,0.5681776484928973,2,10,sar_0.2,sar,0.2
250,A,0.317827547083396,5.959076080407768e-8,0.6821723933258438,2,10,sar_0.2,sar,0.2
250,C,0.4318222388672815,9.326710770847804e-8,0.5681776678656124,2,10,sar_0.2,sar,0.2
251,A,0.31782753992868373,5.5266433108648594e-8,0.6821724048048828,2,10,sar_0.2,sar,0.2
251,C,0.4318222276689257,8.649927679044174e-8,0.5681776858317971,2,10,sar_0.2,sar,0.2
252,A,0.31782753329325975,5.125597648159008e-8,0.6821724154507643,2,10,sar_0.2,sar,0.2
252,C,0.43182221728332476,8.022263988529539e-8,0.5681777024940358,2,10,sar_0.2,sar,0.2
253,A,0.3178275271336705,4.7533125552475496e-8,0.6821724253332039,2,10,sar_0.2,sar,0.2
253,C,0.43182220764246954,7.439609714082867e-8,0.5681777179614338,2,10,sar_0.2,sar,0.2
254,A,0.3178275214173555,4.4078198426913145e-8,0.6821724345044456,2,10,sar_0.2,sar,0.2
254,C,0.43182219869539956,6.89888499999694e-8,0.5681777323157495,2,10,sar_0.2,sar,0.2
255,A,0.31782751611237725,4.087189115695675e-8,0.6821724430157307,2,10,sar_0.2,sar,0.2
255,C,0.4318221903921332,6.397069067792781e-8,0.5681777456371775,2,10,sar_0.2,sar,0.2
256,A,0.3178275113743562,3.800826070902236e-8,0.6821724506173839,2,10,sar_0.2,sar,0.2
256,C,0.43182218297623665,5.948882215898393e-8,0.5681777575349412,2,10,sar_0.2,sar,0.2
257,A,0.31782750696829293,3.534526979466338e-8,0.6821724576864381,2,10,sar_0.2,sar,0.2
257,C,0.4318221760799084,5.532095894785856e-8,0.5681777685991334,2,10,sar_0.2,sar,0.2
258,A,0.31782750287093037,3.286886029741242e-8,0.6821724642602094,2,10,sar_0.2,sar,0.2
258,C,0.431822169666745,5.144510146041101e-8,0.568177778888153,2,10,sar_0.2,sar,0.2
259,A,0.3178274990606394,3.056595914178988e-8,0.6821724703734009,2,10,sar_0.2,sar,0.2
259,C,0.4318221637028973,4.784079142484132e-8,0.5681777884563108,2,10,sar_0.2,sar,0.2
260,A,0.3178274955173075,2.8424409269032614e-8,0.6821724760582826,2,10,sar_0.2,sar,0.2
260,C,0.4318221581568844,4.4489003898478876e-8,0.5681777973541123,2,10,sar_0.2,sar,0.2
261,A,0.31782749222223083,2.6432905449108478e-8,0.6821724813448639,2,10,sar_0.2,sar,0.2
261,C,0.4318221529994311,4.137204684741046e-8,0.5681778056285212,2,10,sar_0.2,sar,0.2
262,A,0.3178274891580141,2.4580934590961665e-8,0.6821724862610514,2,10,sar_0.2,sar,0.2
262,C,0.43182214820331705,3.847346776162203e-8,0.5681778133232154,2,10,sar_0.2,sar,0.2
263,A,0.3178274863084845,2.2858720235714668e-8,0.6821724908327947,2,10,sar_0.2,sar,0.2
263,C,0.4318221437432242,3.577796681274341e-8,0.5681778204788072,2,10,sar_0.2,sar,0.2
264,A,0.31782748365860003,2.125717093965571e-8,0.6821724950842304,2,10,sar_0.2,sar,0.2
264,C,0.43182213959561166,3.327131609602398e-8,0.5681778271330707,2,10,sar_0.2,sar,0.2
265,A,0.31782748119437126,1.9767832274391802e-8,0.6821724990377954,2,10,sar_0.2,sar,0.2
265,C,0.431822135738587,3.094028453027282e-8,0.5681778333211279,2,10,sar_0.2,sar,0.2
266,A,0.3178274789027936,1.838284219065751e-8,0.6821725027143644,2,10,sar_0.2,sar,0.2
266,C,0.4318221321517896,2.8772568019368156e-8,0.5681778390756417,2,10,sar_0.2,sar,0.2
267,A,0.3178274767717684,1.7094889510039903e-8,0.6821725061333419,2,10,sar_0.2,sar,0.2
267,C,0.4318221288162887,2.675672450670733e-8,0.5681778444269874,2,10,sar_0.2,sar,0.2
268,A,0.3178274747900475,1.5897175325405547e-8,0.6821725093127776,2,10,sar_0.2,sar,0.2
268,C,0.4318221257144763,2.4882113579795727e-8,0.5681778494034095,2,10,sar_0.2,sar,0.2
269,A,0.31782747294717,1.4783377106179878e-8,0.6821725122694522,2,10,sar_0.2,sar,0.2
269,C,0.43182212282998217,2.3138840306191258e-8,0.5681778540311783,2,10,sar_0.2,sar,0.2
270,A,0.3178274712334091,1.374761531891887e-8,0.682172515018976,2,10,sar_0.2,sar,0.2
270,C,0.4318221201475779,2.1517703004351555e-8,0.5681778583347173,2,10,sar_0.2,sar,0.2
271,A,0.31782746963971753,1.2784422386898678e-8,0.6821725175758602,2,10,sar_0.2,sar,0.2
271,C,0.43182211765310846,2.0010144673704944e-8,0.5681778623367482,2,10,sar_0.2,sar,0.2
272,A,0.31782746815768254,1.1888713824805593e-8,0.6821725199536026,2,10,sar_0.2,sar,0.2
272,C,0.43182211533340326,1.8608207827575115e-8,0.5681778660583893,2,10,sar_0.2,sar,0.2
273,A,0.31782746677948304,1.1055761396095577e-8,0.6821725221647553,2,10,sar_0.2,sar,0.2
273,C,0.4318221131762195,1.7304492490555858e-8,0.5681778695192873,2,10,sar_0.2,sar,0.2
274,A,0.3178274654978431,1.0281168151278364e-8,0.6821725242209891,2,10,sar_0.2,sar,0.2
274,C,0.4318221111701722,1.6092117138630518e-8,0.568177872737711,2,10,sar_0.2,sar,0.2
275,A,0.31782746430599695,9.560845215314404e-9,0.6821725261331586,2,10,sar_0.2,sar,0.2
275,C,0.4318221093046701,1.496468237586641e-8,0.5681778757306477,2,10,sar_0.2,sar,0.2
276,A,0.31782746319765415,8.890990204796592e-9,0.6821725279113563,2,10,sar_0.2,sar,0.2
276,C,0.4318221075698678,1.3916237161525527e-8,0.5681778785138942,2,10,sar_0.2,sar,0.2
277,A,0.31782746216696334,8.268067144712014e-9,0.6821725295649699,2,10,sar_0.2,sar,0.2
277,C,0.43182210595660836,1.294124738145807e-8,0.5681778811021444,2,10,sar_0.2,sar,0.2
278,A,0.3178274612084854,7.688787810788279e-9,0.6821725311027272,2,10,sar_0.2,sar,0.2
278,C,0.4318221044563769,1.2034566652894652e-8,0.5681778835090584,2,10,sar_0.2,sar,0.2
279,A,0.3178274603171596,7.150094368227378e-9,0.682172532532746,2,10,sar_0.2,sar,0.2
279,C,0.43182210306125096,1.1191409155876309e-8,0.5681778857473396,2,10,sar_0.2,sar,0.2
280,A,0.31782745948828195,6.649143228616055e-9,0.6821725338625741,2,10,sar_0.2,sar,0.2
280,C,0.43182210176387137,1.0407324371016702e-8,0.5681778878288036,2,10,sar_0.2,sar,0.2
281,A,0.31782745871747753,6.183290038426143e-9,0.6821725350992323,2,10,sar_0.2,sar,0.2
281,C,0.4318221005573875,9.678173587937933e-9,0.568177889764438,2,10,sar_0.2,sar,0.2
282,A,0.3178274580006765,5.750075719359427e-9,0.6821725362492475,2,10,sar_0.2,sar,0.2
282,C,0.43182209943543165,9.000108059551723e-9,0.5681778915644606,2,10,sar_0.2,sar,0.2
283,A,0.31782745733409584,5.347213486830644e-9,0.6821725373186903,2,10,sar_0.2,sar,0.2
283,C,0.43182209839208086,8.369548686876286e-9,0.5681778932383703,2,10,sar_0.2,sar,0.2
284,A,0.3178274567142173,4.972576778047591e-9,0.6821725383132053,2,10,sar_0.2,sar,0.2
284,C,0.43182209742182914,7.783167127158457e-9,0.5681778947950044,2,10,sar_0.2,sar,0.2
285,A,0.31782745613776847,4.624188025950888e-9,0.6821725392380438,2,10,sar_0.2,sar,0.2
285,C,0.43182209651955467,7.2378682255824756e-9,0.5681778962425786,2,10,sar_0.2,sar,0.2
286,A,0.3178274556017068,4.300208219741994e-9,0.682172540098085,2,10,sar_0.2,sar,0.2
286,C,0.4318220956804954,6.7307736778337126e-9,0.5681778975887324,2,10,sar_0.2,sar,0.2
287,A,0.317827455103202,3.998927196882209e-9,0.6821725408978707,2,10,sar_0.2,sar,0.2
287,C,0.4318220949002194,6.2592068372826405e-9,0.5681778988405733,2,10,sar_0.2,sar,0.2
288,A,0.31782745463962414,3.7187546153075335e-9,0.6821725416416221,2,10,sar_0.2,sar,0.2
288,C,0.43182209417461226,5.820678586595336e-9,0.5681779000047089,2,10,sar_0.2,sar,0.2
289,A,0.3178274542085249,3.4582115581960367e-9,0.6821725423332635,2,10,sar_0.2,sar,0.2
289,C,0.43182209349984185,5.412874199195851e-9,0.5681779010872838,2,10,sar_0.2,sar,0.2
290,A,0.31782745380762933,3.2159227269646754e-9,0.6821725429764487,2,10,sar_0.2,sar,0.2
290,C,0.4318220928723467,5.033641121230379e-9,0.5681779020940126,2,10,sar_0.2,sar,0.2
291,A,0.31782745343482055,2.990609181278094e-9,0.6821725435745697,2,10,sar_0.2,sar,0.2
291,C,0.43182209228881535,4.680977609541754e-9,0.568177903030208,2,10,sar_0.2,sar,0.2
292,A,0.3178274530881321,2.7810815877405685e-9,0.682172544130787,2,10,sar_0.2,sar,0.2
292,C,0.43182209174616615,4.353022165681264e-9,0.5681779039008125,2,10,sar_0.2,sar,0.2
293,A,0.3178274527657332,2.5862339416278466e-9,0.6821725446480338,2,10,sar_0.2,sar,0.2
293,C,0.4318220912415353,4.048043710186531e-9,0.5681779047104211,2,10,sar_0.2,sar,0.2
294,A,0.31782745246592153,2.405037728513542e-9,0.6821725451290411,2,10,sar_0.2,sar,0.2
294,C,0.4318220907722599,3.764432445261542e-9,0.5681779054633073,2,10,sar_0.2,sar,0.2
295,A,0.317827452187115,2.23653649496708e-9,0.682172545576348,2,10,sar_0.2,sar,0.2
295,C,0.4318220903358633,3.5006913576285936e-9,0.568177906163446,2,10,sar_0.2,sar,0.2
296,A,0.31782745192784295,2.0798407980193574e-9,0.6821725459923159,2,10,sar_0.2,sar,0.2
296,C,0.431822089930041,3.2554283165647203e-9,0.5681779068145312,2,10,sar_0.2,sar,0.2
297,A,0.3178274516867354,1.9341235149721372e-9,0.6821725463791402,2,10,sar_0.2,sar,0.2
297,C,0.4318220895526498,3.027348726086682e-9,0.5681779074200008,2,10,sar_0.2,sar,0.2
298,A,0.3178274514625205,1.7986154724743504e-9,0.6821725467388643,2,10,sar_0.2,sar,0.2
298,C,0.43182208920170023,2.81524869118835e-9,0.5681779079830505,2,10,sar_0.2,sar,0.2
299,A,0.31782745125401457,1.6726013874631779e-9,0.6821725470733833,2,10,sar_0.2,sar,0.2
299,C,0.4318220888753395,2.6180086632948977e-9,0.5681779085066538,2,10,sar_0.2,sar,0.2
300,A,0.31782745106011645,1.5554160916404896e-9,0.6821725473844675,2,10,sar_0.2,sar,0.2
300,C,0.4318220885718424,2.4345875308609357e-9,0.56817790899357,2,10,sar_0.2,sar,0.2
301,A,0.3178274508798034,1.446441020249913e-9,0.6821725476737556,2,10,sar_0.2,sar,0.2
301,C,0.43182208828960944,2.264017123971362e-9,0.5681779094463737,2,10,sar_0.2,sar,0.2
302,A,0.31782745071212337,1.3451009468672697e-9,0.6821725479427765,2,10,sar_0.2,sar,0.2
302,C,0.4318220880271502,2.1053971039566697e-9,0.5681779098674531,2,10,sar_0.2,sar,0.2
303,A,0.31782745055619066,1.2508609469670454e-9,0.6821725481929477,2,10,sar_0.2,sar,0.2
303,C,0.43182208778307896,1.9578902110483845e-9,0.5681779102590313,2,10,sar_0.2,sar,0.2
304,A,0.3178274504111835,1.163223574235288e-9,0.682172548425593,2,10,sar_0.2,sar,0.2
304,C,0.4318220875561074,1.820717844989729e-9,0.5681779106231751,2,10,sar_0.2,sar,0.2
305,A,0.31782745027633597,1.0817262347226102e-9,0.6821725486419379,2,10,sar_0.2,sar,0.2
305,C,0.4318220873450386,1.69315595527436e-9,0.5681779109618055,2,10,sar_0.2,sar,0.2
306,A,0.31782745015093533,1.00593874497541e-9,0.6821725488431256,2,10,sar_0.2,sar,0.2
306,C,0.43182208714875686,1.5745312193201773e-9,0.5681779112767126,2,10,sar_0.2,sar,0.2
307,A,0.31782745003432106,9.3546106125468e-10,0.6821725490302178,2,10,sar_0.2,sar,0.2
307,C,0.4318220869662275,1.4642174884051963e-9,0.5681779115695561,2,10,sar_0.2,sar,0.2
308,A,0.31782744992587647,8.699211678550676e-10,0.6821725492042024,2,10,sar_0.2,sar,0.2
308,C,0.43182208679648515,1.361632482605673e-9,0.5681779118418808,2,10,sar_0.2,sar,0.2
309,A,0.3178274498250298,8.089731133767082e-10,0.6821725493659967,2,10,sar_0.2,sar,0.2
309,C,0.431822086638636,1.266234717291111e-9,0.5681779120951286,2,10,sar_0.2,sar,0.2
310,A,0.31782744973124877,7.522951845834717e-10,0.6821725495164558,2,10,sar_0.2,sar,0.2
310,C,0.43182208649184634,1.1775206449529667e-9,0.5681779123306319,2,10,sar_0.2,sar,0.2
311,A,0.31782744964403836,6.995882082076113e-10,0.6821725496563733,2,10,sar_0.2,sar,0.2
311,C,0.4318220863553412,1.0950219972805178e-9,0.5681779125496379,2,10,sar_0.2,sar,0.2
312,A,0.3178274495629376,6.505739717362318e-10,0.6821725497864879,2,10,sar_0.2,sar,0.2
312,C,0.4318220862283989,1.0183033134543132e-9,0.5681779127532984,2,10,sar_0.2,sar,0.2
313,A,0.31782744948751934,6.049937548431262e-10,0.6821725499074869,2,10,sar_0.2,sar,0.2
313,C,0.43182208611035044,9.469596416105834e-10,0.5681779129426902,2,10,sar_0.2,sar,0.2
314,A,0.3178274494173846,5.626069637136462e-10,0.6821725500200085,2,10,sar_0.2,sar,0.2
314,C,0.4318220860005728,8.806144013440051e-10,0.568177913118813,2,10,sar_0.2,sar,0.2
315,A,0.3178274493521637,5.231898610534224e-10,0.6821725501246462,2,10,sar_0.2,sar,0.2
315,C,0.43182208589848653,8.189173959662985e-10,0.5681779132825961,2,10,sar_0.2,sar,0.2
316,A,0.3178274492915126,4.865343852159664e-10,0.6821725502219533,2,10,sar_0.2,sar,0.2
316,C,0.431822085803552,7.615429642151057e-10,0.5681779134349038,2,10,sar_0.2,sar,0.2
317,A,0.31782744923511014,4.5244705152134367e-10,0.6821725503124426,2,10,sar_0.2,sar,0.2
317,C,0.43182208571526914,7.081882607226665e-10,0.5681779135765425,2,10,sar_0.2,sar,0.2
318,A,0.3178274491826601,4.207479313325529e-10,0.682172550396593,2,10,sar_0.2,sar,0.2
318,C,0.43182208563317115,6.585716580142283e-10,0.5681779137082568,2,10,sar_0.2,sar,0.2
319,A,0.31782744913388405,3.912697021967856e-10,0.6821725504748463,2,10,sar_0.2,sar,0.2
319,C,0.431822085556826,6.12431259831662e-10,0.5681779138307429,2,10,sar_0.2,sar,0.2
320,A,0.3178274490885256,3.63856764606905e-10,0.6821725505476175,2,10,sar_0.2,sar,0.2
320,C,0.43182208548582895,5.695235187125599e-10,0.5681779139446477,2,10,sar_0.2,sar,0.2
321,A,0.3178274490463452,3.3836442066422143e-10,0.6821725506152906,2,10,sar_0.2,sar,0.2
321,C,0.43182208541980577,5.296219504496051e-10,0.5681779140505724,2,10,sar_0.2,sar,0.2
322,A,0.3178274490071198,3.1465811028654207e-10,0.6821725506782225,2,10,sar_0.2,sar,0.2
322,C,0.4318220853584077,4.925159386165693e-10,0.5681779141490747,2,10,sar_0.2,sar,0.2
323,A,0.3178274489706427,2.926127009296561e-10,0.6821725507367453,2,10,sar_0.2,sar,0.2
323,C,0.43182208530131333,4.5800962285080035e-10,0.5681779142406775,2,10,sar_0.2,sar,0.2
324,A,0.3178274489367215,2.721118270729018e-10,0.6821725507911673,2,10,sar_0.2,sar,0.2
324,C,0.43182208524821714,4.259208650240491e-10,0.5681779143258607,2,10,sar_0.2,sar,0.2
325,A,0.3178274489051763,2.530472759821793e-10,0.6821725508417765,2,10,sar_0.2,sar,0.2
325,C,0.4318220851988424,3.960802878447598e-10,0.5681779144050779,2,10,sar_0.2,sar,0.2
326,A,0.31782744887584174,2.3531841650804403e-10,0.6821725508888408,2,10,sar_0.2,sar,0.2
326,C,0.43182208515292586,3.683303808170981e-10,0.5681779144787438,2,10,sar_0.2,sar,0.2
327,A,0.3178274488485622,2.1883166790370174e-10,0.6821725509326065,2,10,sar_0.2,sar,0.2
327,C,0.4318220851102264,3.425246688376829e-10,0.5681779145472482,2,10,sar_0.2,sar,0.2
328,A,0.3178274488231937,2.0350000585897595e-10,0.6821725509733063,2,10,sar_0.2,sar,0.2
328,C,0.43182208507051933,3.18526939041509e-10,0.5681779146109546,2,10,sar_0.2,sar,0.2
329,A,0.31782744879960234,1.8924250314277927e-10,0.6821725510111553,2,10,sar_0.2,sar,0.2
329,C,0.4318220850335933,2.9621052181605285e-10,0.5681779146701956,2,10,sar_0.2,sar,0.2
330,A,0.3178274487776644,1.759839024293063e-10,0.6821725510463513,2,10,sar_0.2,sar,0.2
330,C,0.4318220849992541,2.7545762218847924e-10,0.5681779147252876,2,10,sar_0.2,sar,0.2
331,A,0.3178274487572631,1.6365421905306057e-10,0.6821725510790829,2,10,sar_0.2,sar,0.2
331,C,0.43182208496732244,2.561586980567225e-10,0.5681779147765191,2,10,sar_0.2,sar,0.2
332,A,0.3178274487382911,1.5218837159580505e-10,0.6821725511095196,2,10,sar_0.2,sar,0.2
332,C,0.43182208493762547,2.382118819825262e-10,0.5681779148241615,2,10,sar_0.2,sar,0.2
333,A,0.31782744872064855,1.4152583835546039e-10,0.6821725511378255,2,10,sar_0.2,sar,0.2
333,C,0.43182208491001145,2.2152244349441027e-10,0.5681779148684664,2,10,sar_0.2,sar,0.2
334,A,0.31782744870424207,1.3161033788357353e-10,0.6821725511641477,2,10,sar_0.2,sar,0.2
334,C,0.43182208488433055,2.0600228906240032e-10,0.5681779149096667,2,10,sar_0.2,sar,0.2
335,A,0.3178274486889852,1.2238953190505912e-10,0.6821725511886253,2,10,sar_0.2,sar,0.2
335,C,0.43182208486044915,1.915694971051846e-10,0.5681779149479799,2,10,sar_0.2,sar,0.2
336,A,0.31782744867479706,1.1381474906916932e-10,0.6821725512113891,2,10,sar_0.2,sar,0.2
336,C,0.4318220848382416,1.7814788552629937e-10,0.5681779149836098,2,10,sar_0.2,sar,0.2
337,A,0.3178274486616027,1.0584072798657719e-10,0.6821725512325565,2,10,sar_0.2,sar,0.2
337,C,0.43182208481758966,1.6566660974173113e-10,0.568177915016743,2,10,sar_0.2,sar,0.2
338,A,0.3178274486493334,9.842537837018763e-11,0.6821725512522424,2,10,sar_0.2,sar,0.2
338,C,0.4318220847983844,1.5405978859344606e-10,0.5681779150475554,2,10,sar_0.2,sar,0.2
339,A,0.3178274486379227,9.15295588497452e-11,0.6821725512705471,2,10,sar_0.2,sar,0.2
339,C,0.43182208478052486,1.432661566372918e-10,0.5681779150762083,2,10,sar_0.2,sar,0.2
340,A,0.317827448627312,8.511687036286165e-11,0.6821725512875706,2,10,sar_0.2,sar,0.2
340,C,0.4318220847639157,1.3322874076680748e-10,0.5681779151028538,2,10,sar_0.2,sar,0.2
341,A,0.3178274486174449,7.915346402403834e-11,0.6821725513034019,2,10,sar_0.2,sar,0.2
341,C,0.431822084748473,1.2389455948640172e-10,0.5681779151276337,2,10,sar_0.2,sar,0.2
342,A,0.3178274486082691,7.360786245477582e-11,0.682172551318123,2,10,sar_0.2,sar,0.2
342,C,0.4318220847341093,1.1521434325383966e-10,0.5681779151506758,2,10,sar_0.2,sar,0.2
343,A,0.31782744859973616,6.845079363165378e-11,0.6821725513318134,2,10,sar_0.2,sar,0.2
343,C,0.43182208472075195,1.0714227441591079e-10,0.5681779151721043,2,10,sar_0.2,sar,0.2
344,A,0.31782744859180084,6.365503637534139e-11,0.6821725513445445,2,10,sar_0.2,sar,0.2
344,C,0.4318220847083313,9.963574536454055e-11,0.5681779151920301,2,10,sar_0.2,sar,0.2
345,A,0.3178274485844215,5.919527666494848e-11,0.6821725513563839,2,10,sar_0.2,sar,0.2
345,C,0.43182208469678207,9.265513363680524e-11,0.5681779152105629,2,10,sar_0.2,sar,0.2
346,A,0.31782744857755907,5.504797401927004e-11,0.6821725513673924,2,10,sar_0.2,sar,0.2
346,C,0.4318220846860413,8.616359277173273e-11,0.5681779152277963,2,10,sar_0.2,sar,0.2
347,A,0.31782744857117734,5.1191237239614245e-11,0.6821725513776312,2,10,sar_0.2,sar,0.2
347,C,0.431822084676052,8.012685781995323e-11,0.5681779152438206,2,10,sar_0.2,sar,0.2
348,A,0.3178274485652429,4.760470885831988e-11,0.6821725513871528,2,10,sar_0.2,sar,0.2
348,C,0.4318220846667633,7.451306447959877e-11,0.568177915258723,2,10,sar_0.2,sar,0.2
349,A,0.3178274485597245,4.426945768302586e-11,0.6821725513960063,2,10,sar_0.2,sar,0.2
349,C,0.43182208465812566,6.929258090377777e-11,0.5681779152725824,2,10,sar_0.2,sar,0.2
350,A,0.3178274485545925,4.116787886948528e-11,0.68217255140424,2,10,sar_0.2,sar,0.2
350,C,0.4318220846500924,6.44378512918406e-11,0.56817791528547,2,10,sar_0.2,sar,0.2
351,A,0.3178274485498197,3.8283600995459167e-11,0.682172551411896,2,10,sar_0.2,sar,0.2
351,C,0.43182208464262267,5.992325043884629e-11,0.5681779152974544,2,10,sar_0.2,sar,0.2
352,A,0.31782744854538203,3.560139964517954e-11,0.6821725514190161,2,10,sar_0.2,sar,0.2
352,C,0.4318220846356759,5.5724948475484486e-11,0.5681779153085991,2,10,sar_0.2,sar,0.2
353,A,0.3178274485412554,3.3107117048238006e-11,0.6821725514256389,2,10,sar_0.2,sar,0.2
353,C,0.4318220846292152,5.182078508449695e-11,0.5681779153189634,2,10,sar_0.2,sar,0.2
354,A,0.3178274485374165,3.0787587348714596e-11,0.6821725514317943,2,10,sar_0.2,sar,0.2
354,C,0.4318220846232087,4.819015252966173e-11,0.5681779153286016,2,10,sar_0.2,sar,0.2
355,A,0.3178274485338479,2.863056711008184e-11,0.6821725514375214,2,10,sar_0.2,sar,0.2
355,C,0.4318220846176222,4.4813886879920006e-11,0.5681779153375643,2,10,sar_0.2,sar,0.2
356,A,0.31782744853052874,2.6624670701908667e-11,0.6821725514428464,2,10,sar_0.2,sar,0.2
356,C,0.4318220846124264,4.1674166852195004e-11,0.5681779153458991,2,10,sar_0.2,sar,0.2
357,A,0.3178274485274424,2.4759310162680325e-11,0.6821725514477986,2,10,sar_0.2,sar,0.2
357,C,0.43182208460759464,3.875441975048933e-11,0.5681779153536491,2,10,sar_0.2,sar,0.2
358,A,0.317827448524572,2.302463934944396e-11,0.6821725514524031,2,10,sar_0.2,sar,0.2
358,C,0.43182208460310295,3.603923398183276e-11,0.5681779153608584,2,10,sar_0.2,sar,0.2
359,A,0.3178274485219027,2.141150195621079e-11,0.6821725514566855,2,10,sar_0.2,sar,0.2
359,C,0.4318220845989249,3.351427770944924e-11,0.5681779153675607,2,10,sar_0.2,sar,0.2
360,A,0.3178274485194205,1.9911383181095216e-11,0.6821725514606684,2,10,sar_0.2,sar,0.2
360,C,0.43182208459503946,3.116622320394609e-11,0.5681779153737939,2,10,sar_0.2,sar,0.2
361,A,0.31782744851711253,1.8516364781558997e-11,0.6821725514643716,2,10,sar_0.2,sar,0.2
361,C,0.4318220845914266,2.898267649422641e-11,0.5681779153795907,2,10,sar_0.2,sar,0.2
362,A,0.317827448514966,1.7219083278558238e-11,0.6821725514678149,2,10,sar_0.2,sar,0.2
362,C,0.4318220845880668,2.6952111947151847e-11,0.56817791538498,2,10,sar_0.2,sar,0.2
363,A,0.31782744851296996,1.6012691088975748e-11,0.6821725514710174,2,10,sar_0.2,sar,0.2
363,C,0.4318220845849429,2.5063811430640552e-11,0.5681779153899951,2,10,sar_0.2,sar,0.2
364,A,0.31782744851111366,1.4890820381177607e-11,0.6821725514739962,2,10,sar_0.2,sar,0.2
364,C,0.4318220845820371,2.3307807739077986e-11,0.5681779153946551,2,10,sar_0.2,sar,0.2
365,A,0.31782744850938716,1.3847549462907454e-11,0.6821725514767648,2,10,sar_0.2,sar,0.2
365,C,0.4318220845793347,2.1674831982419357e-11,0.5681779153989904,2,10,sar_0.2,sar,0.2
0,A,0.9989999999999999,9.999999999999998e-4,0,3,10,sar_0.2,sar,0.2
0,C,0.9990000000000001,0.0010000000000000002,0,3,10,sar_0.2,sar,0.2
1,A,0.9986055858042039,0.0011769574465210866,2.1745674927567803e-4,3,10,sar_0.2,sar,0.2
1,C,0.9986592024932273,0.0011281343420758642,2.1266316469694934e-4,3,10,sar_0.2,sar,0.2
2,A,0.9981577655639416,0.001370294592603199,4.7193984345356784e-4,3,10,sar_0.2,sar,0.2
2,C,0.9982812613224352,0.0012667448291244585,4.519938484398109e-4,3,10,sar_0.2,sar,0.2
3,A,0.9976525964046663,0.0015805825340147273,7.668210613186638e-4,3,10,sar_0.2,sar,0.2
3,C,0.9978633243196996,0.0014164943787638889,7.20181301537028e-4,3,10,sar_0.2,sar,0.2
4,A,0.997085210381988,0.0018092159707683707,0.0011055736472434686,3,10,sar_0.2,sar,0.2
4,C,0.9974020162637938,0.0015784583086120635,0.001019525427594695,3,10,sar_0.2,sar,0.2
5,A,0.9964495815611653,0.002058312735914954,0.0014921057029186676,3,10,sar_0.2,sar,0.2
5,C,0.9968932819790799,0.0017540849225191227,0.0013526330984016404,3,10,sar_0.2,sar,0.2
6,A,0.9957387692779286,0.002330482420132241,0.0019307483019396947,3,10,sar_0.2,sar,0.2
6,C,0.9963325383539422,0.0019450699644410197,0.0017223916816177006,3,10,sar_0.2,sar,0.2
7,A,0.9949448075807233,0.002628746017770093,0.0024264464015074476,3,10,sar_0.2,sar,0.2
7,C,0.9957145810236514,0.00215333483761622,0.00213208413873294,3,10,sar_0.2,sar,0.2
8,A,0.9940589470325448,0.002956353570255756,0.0029846993972002266,3,10,sar_0.2,sar,0.2
8,C,0.9950337239017502,0.002380933905973753,0.0025853421922745912,3,10,sar_0.2,sar,0.2
9,A,0.9930710061643387,0.0033169701324705925,0.0036120237031903087,3,10,sar_0.2,sar,0.2
9,C,0.994283364512402,0.0026301865510558113,0.003086448936543542,3,10,sar_0.2,sar,0.2
10,A,0.9919708428081108,0.0037141176115040434,0.004315039580384105,3,10,sar_0.2,sar,0.2
10,C,0.9934569246271641,0.0029033351273963872,0.0036397402454376245,3,10,sar_0.2,sar,0.2
11,A,0.9907476021107104,0.0041514595571181,0.00510093833217105,3,10,sar_0.2,sar,0.2
11,C,0.9925473574914345,0.003202726025493578,0.004249916483073525,3,10,sar_0.2,sar,0.2
12,A,0.9893879576487165,0.004633351467947153,0.005978690883335466,3,10,sar_0.2,sar,0.2
12,C,0.991545998606252,0.0035311703262652454,0.004922831067483348,3,10,sar_0.2,sar,0.2
13,A,0.9878784117984964,0.005164057746810408,0.006957530454693024,3,10,sar_0.2,sar,0.2
13,C,0.9904440460930791,0.0038914487707239456,0.005664505136196812,3,10,sar_0.2,sar,0.2
14,A,0.9862039397582395,0.005748205770857397,0.008047854470903873,3,10,sar_0.2,sar,0.2
14,C,0.9892316733428239,0.004286605120035673,0.006481721537139014,3,10,sar_0.2,sar,0.2
15,A,0.9843486978662459,0.006390542290221721,0.009260759843532786,3,10,sar_0.2,sar,0.2
15,C,0.9878984773209014,0.004719794836237059,0.007381727842861675,3,10,sar_0.2,sar,0.2
16,A,0.9822954195288577,0.007096087522533096,0.01060849294860886,3,10,sar_0.2,sar,0.2
16,C,0.9864330606225873,0.005194399150718615,0.008372540226694983,3,10,sar_0.2,sar,0.2
17,A,0.9800257944739016,0.007870041231261032,0.012104164294837282,3,10,sar_0.2,sar,0.2
17,C,0.9848232776159311,0.0057139606493357255,0.00946276173473411,3,10,sar_0.2,sar,0.2
18,A,0.9775202639839602,0.008717791465724432,0.01376194455031436,3,10,sar_0.2,sar,0.2
18,C,0.98305606924756594,0.006282207668451157,0.010661723083982154,3,10,sar_0.2,sar,0.2
19,A,0.9747579926712558,0.009644882863672523,0.015597124465071279,3,10,sar_0.2,sar,0.2
19,C,0.9811174141476602,0.006903049480032178,0.011979536372307097,3,10,sar_0.2,sar,0.2
20,A,0.9717170918272153,0.010656945970534197,0.01762596220225023,3,10,sar_0.2,sar,0.2
20,C,0.9789924641300277,0.007580533231743131,0.0134270026382294,3,10,sar_0.2,sar,0.2
21,A,0.9683743414478712,0.011759661924852711,0.019865996627275298,3,10,sar_0.2,sar,0.2
21,C,0.9766652853676348,0.008318863597312473,0.015015851035052812,3,10,sar_0.2,sar,0.2
22,A,0.9647052502349399,0.012958673149092837,0.022336076615967523,3,10,sar_0.2,sar,0.2
22,C,0.9741188413387633,0.009122371779782657,0.01675878688145532,3,10,sar_0.2,sar,0.2
23,A,0.9606844635175511,0.014259439419201096,0.02505609706324713,3,10,sar_0.2,sar,0.2
23,C,0.9713352244537624,0.00999543254623217,0.01866934300000557,3,10,sar_0.2,sar,0.2
24,A,0.9562859798262218,0.015667101773453665,0.028046918400324476,3,10,sar_0.2,sar,0.2
24,C,0.9682957410193049,0.010942399661825926,0.02076185931886879,3,10,sar_0.2,sar,0.2
25,A,0.9514833052308146,0.017186335490278648,0.03133035927890605,3,10,sar_0.2,sar,0.2
25,C,0.9649809359411212,0.011967543272312213,0.023051520786567373,3,10,sar_0.2,sar,0.2
26,A,0.9462496964365107,0.018821173025377412,0.03492913053811291,3,10,sar_0.2,sar,0.2
26,C,0.9613706685026434,0.01307496805075073,0.025554363446605784,3,10,sar_0.2,sar,0.2
27,A,0.9405585176945827,0.020574795289790226,0.038866687015627094,3,10,sar_0.2,sar,0.2
27,C,0.9574442600041071,0.014268507924373262,0.028287232071519695,3,10,sar_0.2,sar,0.2
28,A,0.9343836825590245,0.022449297157944605,0.04316702028303037,3,10,sar_0.2,sar,0.2
28,C,0.9531806949638567,0.015551600619633545,0.03126770441650827,3,10,sar_0.2,sar,0.2
29,A,0.9277001585431531,0.02444543313332147,0.04785440832352587,3,10,sar_0.2,sar,0.2
29,C,0.9485588627720507,0.016927144790138484,0.034513992437810746,3,10,sar_0.2,sar,0.2
30,A,0.9204844797699646,0.026562372502850484,0.05295314772718528,3,10,sar_0.2,sar,0.2
30,C,0.9435578149141792,0.01839735499748788,0.038044830088332905,3,10,sar_0.2,sar,0.2
31,A,0.9127154252838858,0.028797393649436887,0.058487181066677295,3,10,sar_0.2,sar,0.2
31,C,0.9381571205381383,0.01996357041208601,0.04187930904977509,3,10,sar_0.2,sar,0.2
32,A,0.9043747619353808,0.03114557671239088,0.0644796613522284,3,10,sar_0.2,sar,0.2
32,C,0.932337278985701,0.021626047508937804,0.04603667350536101,3,10,sar_0.2,sar,0.2
33,A,0.8954479445644539,0.03359955685193727,0.07095249858360901,3,10,sar_0.2,sar,0.2
33,C,0.9260801456789494,0.023383768581651004,0.05053608573939923,3,10,sar_0.2,sar,0.2
34,A,0.8859247898519542,0.03614932496128037,0.07792588518676483,3,10,sar_0.2,sar,0.2
34,C,0.9193693751808785,0.025234257911950723,0.05539636690717106,3,10,sar_0.2,sar,0.2
35,A,0.8758002087729907,0.03878203973512023,0.08541775149188985,3,10,sar_0.2,sar,0.2
35,C,0.912190928690559,0.027173382425224428,0.06063568888421574,3,10,sar_0.2,sar,0.2
36,A,0.8650749498284603,0.041481883600619295,0.09344316657092003,3,10,sar_0.2,sar,0.2
36,C,0.9045336300773767,0.029195152665469886,0.06627121725715275,3,10,sar_0.2,sar,0.2
37,A,0.8537562658360937,0.044230010042881476,0.10201372412102463,3,10,sar_0.2,sar,0.2
37,C,0.8963897335219639,0.03129154998767608,0.07231871649036052,3,10,sar_0.2,sar,0.2
38,A,0.8418584465452267,0.0470046084594833,0.11113694499528928,3,10,sar_0.2,sar,0.2
38,C,0.8877554727422547,0.03345239727112665,0.0787921299866188,3,10,sar_0.2,sar,0.2
39,A,0.8294032069675294,0.04978108598210059,0.1208157070503703,3,10,sar_0.2,sar,0.2
39,C,0.8786315765974927,0.03566528028251238,0.08570314311999391,3,10,sar_0.2,sar,0.2
40,A,0.8164199104370718,0.05253237116371656,0.13104771839921098,3,10,sar_0.2,sar,0.2
40,C,0.8690237399405247,0.03791552630082462,0.09306073375865075,3,10,sar_0.2,sar,0.2
41,A,0.8029455932315894,0.05522934653549243,0.14182506023291883,3,10,sar_0.2,sar,0.2
41,C,0.8589430228495019,0.04018625376099879,0.10087072338949997,3,10,sar_0.2,sar,0.2
42,A,0.7890247582697307,0.05784141169164645,0.15313383003862244,3,10,sar_0.2,sar,0.2
42,C,0.8484061476456691,0.04245850611007973,0.10913534624425043,3,10,sar_0.2,sar,0.2
43,A,0.7747089229915667,0.06033716521769539,0.16495391179073712,3,10,sar_0.2,sar,0.2
43,C,0.8374356670681633,0.04471147770245872,0.11785285522937651,3,10,sar_0.2,sar,0.2
44,A,0.7600559250095366,0.0626851818577989,0.17725889313266383,3,10,sar_0.2,sar,0.2
44,C,0.8260599837244132,0.046922833360916044,0.12701718291467015,3,10,sar_0.2,sar,0.2
45,A,0.7451290024369587,0.0648548533725717,0.19001614419046994,3,10,sar_0.2,sar,0.2
45,C,0.8143132065535359,0.04906911809957135,0.13661767534689265,3,10,sar_0.2,sar,0.2
46,A,0.7299956769433188,0.0668172557944848,0.20318706726219538,3,10,sar_0.2,sar,0.2
46,C,0.8022348357558902,0.05112624841305988,0.14663891583105085,3,10,sar_0.2,sar,0.2
47,A,0.714726479550767,0.06854600119017933,0.21672751925905295,3,10,sar_0.2,sar,0.2
47,C,0.7898692754655433,0.05307007060611651,0.15706065392834054,3,10,sar_0.2,sar,0.2
48,A,0.6993935706117557,0.07001802974831903,0.23058839963992442,3,10,sar_0.2,sar,0.2
48,C,0.7772651832047491,0.05487696549148744,0.16785785130376296,3,10,sar_0.2,sar,0.2
49,A,0.6840693131410992,0.07121429952793637,0.24471638733096546,3,10,sar_0.2,sar,0.2
49,C,0.7644746751735836,0.05652447368069017,0.17900085114572495,3,10,sar_0.2,sar,0.2
50,A,0.6688248611203614,0.07212033679038124,0.25905480208925685,3,10,sar_0.2,sar,0.2
50,C,0.7515524152271541,0.057991912475096254,0.19045567229775068,3,10,sar_0.2,sar,0.2
51,A,0.6537288219068038,0.07272661866159601,0.2735445594315992,3,10,sar_0.2,sar,0.2
51,C,0.7385546223035819,0.059260954313436115,0.2021844233829818,3,10,sar_0.2,sar,0.2
52,A,0.6388460454347987,0.07302877079477996,0.28812518377042234,3,10,sar_0.2,sar,0.2
52,C,0.7255380357623927,0.06031613789583827,0.21414582634176865,3,10,sar_0.2,sar,0.2
53,A,0.6242365832740278,0.07302757467182874,0.3027358420541424,3,10,sar_0.2,sar,0.2
53,C,0.7125588802161751,0.06114528646632266,0.22629583331750144,3,10,sar_0.2,sar,0.2
54,A,0.6099548485801849,0.07272879115302298,0.31731636026679166,3,10,sar_0.2,sar,0.2
54,C,0.6996718706990867,0.06173981311068254,0.23858831619023121,3,10,sar_0.2,sar,0.2
55,A,0.5960489946457745,0.07214281777145948,0.3318081875827663,3,10,sar_0.2,sar,0.2
55,C,0.6869292954529949,0.06209489985851035,0.25097580468849584,3,10,sar_0.2,sar,0.2
56,A,0.5825605134023173,0.07128420891183661,0.34615527768584553,3,10,sar_0.2,sar,0.2
56,C,0.6743802053006435,0.062209547354827345,0.26341024734453033,3,10,sar_0.2,sar,0.2
57,A,0.5695240543107164,0.07017108338231913,0.36030486230696473,3,10,sar_0.2,sar,0.2
57,C,0.66206973911783,0.062086491870550396,0.27584376901161944,3,10,sar_0.2,sar,0.2
58,A,0.5569674488211533,0.06882445318102316,0.37420809799782323,3,10,sar_0.2,sar,0.2
58,C,0.6500386032554852,0.061731997521005784,0.2882293992235089,3,10,sar_0.2,sar,0.2
59,A,0.5449118891019169,0.06726753485984449,0.38782057603823944,3,10,sar_0.2,sar,0.2
59,C,0.6383226920620438,0.061155558472360524,0.30052174946559573,3,10,sar_0.2,sar,0.2
60,A,0.5333722575100444,0.06552504981913736,0.40110269267081755,3,10,sar_0.2,sar,0.2
60,C,0.6269528657022613,0.0603695128752884,0.31267762142245,3,10,sar_0.2,sar,0.2
61,A,0.522357569421356,0.06362254859549202,0.41401988198315187,3,10,sar_0.2,sar,0.2
61,C,0.6159548731044621,0.059388595038038096,0.3246565318574992,3,10,sar_0.2,sar,0.2
62,A,0.5118714970141235,0.061585784630002124,0.4265427183558749,3,10,sar_0.2,sar,0.2
62,C,0.6053494054623344,0.058229450615101604,0.3364211439225644,3,10,sar_0.2,sar,0.2
63,A,0.5019129423505098,0.059440157576470753,0.43864690007302004,3,10,sar_0.2,sar,0.2
63,C,0.5951522608553746,0.05691013944994377,0.34793759969468036,3,10,sar_0.2,sar,0.2
64,A,0.492476633216759,0.05721023741867563,0.45031312936456575,3,10,sar_0.2,sar,0.2
64,C,0.5853745995354522,0.055449646802717314,0.35917575366182997,3,10,sar_0.2,sar,0.2
65,A,0.4835537201035267,0.05491937398567048,0.46152690591080214,3,10,sar_0.2,sar,0.2
65,C,0.5760232693906626,0.05386741980580376,0.3701093108035344,3,10,sar_0.2,sar,0.2
66,A,0.47513235671046755,0.052589392248884634,0.4722782510406466,3,10,sar_0.2,sar,0.2
66,C,0.567101181497136,0.05218294272045211,0.380715875782411,3,10,sar_0.2,sar,0.2
67,A,0.4671982500808081,0.05024037055213993,0.4825613793670529,3,10,sar_0.2,sar,0.2
67,C,0.558607716817239,0.05041536120831856,0.39097692197444306,3,10,sar_0.2,sar,0.2
68,A,0.45973517029704186,0.04789049591066817,0.49237433379228995,3,10,sar_0.2,sar,0.2
68,C,0.5505391471435997,0.048583162089340846,0.40087769076705987,3,10,sar_0.2,sar,0.2
69,A,0.45272541338296396,0.04555598806556164,0.5017185985514743,3,10,sar_0.2,sar,0.2
69,C,0.542889056046109,0.04670391136737378,0.41040703258651484,3,10,sar_0.2,sar,0.2
70,A,0.4461502142594353,0.04325108256651405,0.510598703174051,3,10,sar_0.2,sar,0.2
70,C,0.5356487484200319,0.0447940501997894,0.4195572013801772,3,10,sar_0.2,sar,0.2
71,A,0.4399901090778872,0.040988062759326684,0.5190218281627859,3,10,sar_0.2,sar,0.2
71,C,0.5288076399338572,0.04286874614929806,0.4283236139168461,3,10,sar_0.2,sar,0.2
72,A,0.43422524804913826,0.038777330821273936,0.5269974211295867,3,10,sar_0.2,sar,0.2
72,C,0.5223536200977634,0.04094179538348416,0.4367045845187514,3,10,sar_0.2,sar,0.2
73,A,0.42883566116503274,0.03662750859995268,0.5345368302350144,3,10,sar_0.2,sar,0.2
73,C,0.5162733848012387,0.039025570338299495,0.4447010448604608,3,10,sar_0.2,sar,0.2
74,A,0.42380148011913527,0.0345455598317404,0.5416529600491242,3,10,sar_0.2,sar,0.2
74,C,0.5105527360082378,0.03713100666754864,0.4523162573242125,3,10,sar_0.2,sar,0.2
75,A,0.41910312032682956,0.03253692630331678,0.5483599533698531,3,10,sar_0.2,sar,0.2
75,C,0.50517684783208,0.03526762302906216,0.4595555291388575,3,10,sar_0.2,sar,0.2
76,A,0.414721427299158,0.030605671567512243,0.5546729011333289,3,10,sar_0.2,sar,0.2
76,C,0.5001304996401861,0.033443567145725876,0.46642593321408693,3,10,sar_0.2,sar,0.2
77,A,0.41063779141515605,0.028754627190115012,0.5606075813947289,3,10,sar_0.2,sar,0.2
77,C,0.49539827686041377,0.031665682771955625,0.4729360403676307,3,10,sar_0.2,sar,0.2
78,A,0.406834235200074,0.02698553735613073,0.5661802274437951,3,10,sar_0.2,sar,0.2
78,C,0.4909647412966713,0.029939592144376855,0.4790956665589518,3,10,sar_0.2,sar,0.2
79,A,0.4032934775447532,0.02529919810156153,0.5714073243536856,3,10,sar_0.2,sar,0.2
79,C,0.4868145753022594,0.028269787120135996,0.484915637577605,3,10,sar_0.2,sar,0.2
80,A,0.3999989776854113,0.0236955895956196,0.5763054327189693,3,10,sar_0.2,sar,0.2
80,C,0.48293270008646344,0.026659727184047344,0.4904075727294898,3,10,sar_0.2,sar,0.2
81,A,0.3969349624174989,0.022173999607135893,0.5808910379753653,3,10,sar_0.2,sar,0.2
81,C,0.4793043713290767,0.02511194026552915,0.4955836884053928,3,10,sar_0.2,sar,0.2
82,A,0.3940864394794167,0.020733137081959608,0.5851804234386248,3,10,sar_0.2,sar,0.2
82,C,0.47591525484478003,0.02362812332538727,0.500456621829832,3,10,sar_0.2,sar,0.2
83,A,0.39143919968690766,0.01937123528404772,0.5891895650290448,3,10,sar_0.2,sar,0.2
83,C,0.4727514849713182,0.022209240304113857,0.5050392747245672,3,10,sar_0.2,sar,0.2
84,A,0.38897981000127607,0.018086144424861485,0.5929340455738626,3,10,sar_0.2,sar,0.2
84,C,0.46979970798728726,0.0208556158390781,0.5093446761736343,3,10,sar_0.2,sar,0.2
85,A,0.3866955994009131,0.016875414002883324,0.5964289865962037,3,10,sar_0.2,sar,0.2
85,C,0.4670471126257763,0.019567023672704055,0.5133858637015201,3,10,sar_0.2,sar,0.2
86,A,0.38457463917165496,0.015736365256137474,0.5996889955722087,3,10,sar_0.2,sar,0.2
86,C,0.46448144962804216,0.018342768953366735,0.5171757814185899,3,10,sar_0.2,sar,0.2
87,A,0.38260571899405327,0.014666154269501613,0.602728126736445,3,10,sar_0.2,sar,0.2
87,C,0.46209104214097707,0.017181763887400902,0.5207271939716214,3,10,sar_0.2,sar,0.2
88,A,0.380778319977344,0.013661826391162079,0.6055598536314936,3,10,sar_0.2,sar,0.2
88,C,0.4598647885562962,0.016082596495984126,0.524052614947719,3,10,sar_0.2,sar,0.2
89,A,0.3790825855856298,0.012720362682157664,0.6081970517322128,3,10,sar_0.2,sar,0.2
89,C,0.45779215916625715,0.015043592491315578,0.5271642483424279,3,10,sar_0.2,sar,0.2
90,A,0.3775092912303135,0.011838719145661102,0.6106519896240253,3,10,sar_0.2,sar,0.2
90,C,0.4558631878190276,0.014062870456592753,0.5300739417243802,3,10,sar_0.2,sar,0.2
91,A,0.3760498131599747,0.011013859473877697,0.612936327366148,3,10,sar_0.2,sar,0.2
91,C,0.45406845960126985,0.013138390613054772,0.5327931497856752,3,10,sar_0.2,sar,0.2
92,A,0.37469609715702545,0.0102427820263963,0.615061120816578,3,10,sar_0.2,sar,0.2
92,C,0.45239909543687606,0.012267997528142718,0.5353329070349822,3,10,sar_0.2,sar,0.2
93,A,0.3734406274454829,0.00952254172062085,0.6170368308338958,3,10,sar_0.2,sar,0.2
93,C,0.45084673435862077,0.011449457177923353,0.5377038084634562,3,10,sar_0.2,sar,0.2
94,A,0.3722763961250689,0.008850267472859701,0.6188733364020716,3,10,sar_0.2,sar,0.2
94,C,0.44940351408694484,0.010680488816312141,0.5399159970967418,3,10,sar_0.2,sar,0.2
95,A,0.37119687337281815,0.008223175779385417,0.620579950847796,3,10,sar_0.2,sar,0.2
95,C,0.4480620504435586,0.009958792117337072,0.5419791574391045,3,10,sar_0.2,sar,0.2
96,A,0.37019597858408754,0.007638580982099893,0.6221654404338135,3,10,sar_0.2,sar,0.2
96,C,0.44681541602279595,0.009282070064917994,0.5439025139122868,3,10,sar_0.2,sar,0.2
97,A,0.36926805260717016,0.007093902680146616,0.6236380447126841,3,10,sar_0.2,sar,0.2
97,C,0.4456571185237861,0.008648047995152102,0.5456948334810623,3,10,sar_0.2,sar,0.2
98,A,0.3684078311659735,0.006586670719393824,0.6250054981146322,3,10,sar_0.2,sar,0.2
98,C,0.44458107904842953,0.008054489212119396,0.5473644317394505,3,10,sar_0.2,sar,0.2
99,A,0.3676104194504714,0.006114528219450544,0.6262750523300794,3,10,sar_0.2,sar,0.2
99,C,0.443581610467995,0.007499207709279046,0.5489191818227258,3,10,sar_0.2,sar,0.2
100,A,0.36687126798747055,0.005675232892002767,0.6274534991205276,3,10,sar_0.2,sar,0.2
100,C,0.44265339618878463,0.006980078222107049,0.5503665255891084,3,10,sar_0.2,sar,0.2
101,A,0.3661861497808148,0.005266656967872209,0.6285471932513133,3,10,sar_0.2,sar,0.2
101,C,0.44179146943159175,0.0064950439879130975,0.5517134865804941,3,10,sar_0.2,sar,0.2
102,A,0.36555113870671,0.004886785999827491,0.6295620752934626,3,10,sar_0.2,sar,0.2
102,C,0.44099119312761326,0.006042122538537641,0.5529666843338502,3,10,sar_0.2,sar,0.2
103,A,0.364962589135873,0.004533716771916255,0.6305036940922096,3,10,sar_0.2,sar,0.2
103,C,0.4402482405021813,0.005619409820161271,0.5541323496776572,3,10,sar_0.2,sar,0.2
104,A,0.36441711675296845,0.0042056545035898405,0.6313772287434405,3,10,sar_0.2,sar,0.2
104,C,0.4395585764083101,0.005225082886782298,0.5552163407049067,3,10,sar_0.2,sar,0.2
105,A,0.36391158053882505,0.003900909506853832,0.6321875099543209,3,10,sar_0.2,sar,0.2
105,C,0.4389184394563186,0.004857401382599585,0.5562241591610811,3,10,sar_0.2,sar,0.2
106,A,0.3634430658725057,0.0036178934345959183,0.6329390406928993,3,10,sar_0.2,sar,0.2
106,C,0.4383243249643703,0.004514708010538203,0.557160967025092,3,10,sar_0.2,sar,0.2
107,A,0.3630088687041644,0.0033551152393436296,0.6336360160564933,3,10,sar_0.2,sar,0.2
107,C,0.4377729687372105,0.004195428165341495,0.5580316030974483,3,10,sar_0.2,sar,0.2
108,A,0.3626064807478192,0.0031111769413283874,0.6342823423108515,3,10,sar_0.2,sar,0.2
108,C,0.43726133167028874,0.0038980688857939826,0.5588405994439177,3,10,sar_0.2,sar,0.2
109,A,0.36223357564344555,0.0028847692859945272,0.6348816550705599,3,10,sar_0.2,sar,0.2
109,C,0.4367865851703373,0.0036212172572285734,0.5595921975724361,3,10,sar_0.2,sar,0.2
110,A,0.3618879960379567,0.0026746673564067894,0.6354373366056378,3,10,sar_0.2,sar,0.2
110,C,0.4363460973776236,0.0033635383769763496,0.5602903642453994,3,10,sar_0.2,sar,0.2
111,A,0.36156774153461313,0.0024797261945410185,0.635952532270845,3,10,sar_0.2,sar,0.2
111,C,0.4359374201692519,0.0031237729808529274,0.5609388068498944,3,10,sar_0.2,sar,0.2
112,A,0.3612709574608418,0.0022988764753431043,0.6364301660638145,3,10,sar_0.2,sar,0.2
112,C,0.4355582769182636,0.002900734815346915,0.5615409882663884,3,10,sar_0.2,sar,0.2
113,A,0.3609959244057939,0.002131120268118916,0.6368729553260869,3,10,sar_0.2,sar,0.2
113,C,0.43520655098060024,0.002693307827082086,0.5621001411923178,3,10,sar_0.2,sar,0.2
114,A,0.36074104848083355,0.0019755269117530524,0.6372834246074144,3,10,sar_0.2,sar,0.2
114,C,0.4348802748803632,0.0025004432293190843,0.56261928189032,3,10,sar_0.2,sar,0.2
115,A,0.36050485225799533,0.00183122902375406,0.6376639187182506,3,10,sar_0.2,sar,0.2
115,C,0.4345776201627863,0.002321156495419681,0.5631012233417945,3,10,sar_0.2,sar,0.2
116,A,0.3602859663436864,0.0016974186576011656,0.63801661499871265,3,10,sar_0.2,sar,0.2
116,C,0.4342968878838474,0.002154524320719719,0.563548587795434,3,10,sar_0.2,sar,0.2
117,A,0.3600831215456728,0.001573343619544703,0.6383435348347821,3,10,sar_0.2,sar,0.2
117,C,0.43403649970414626,0.0019996815879435564,0.5639638187079105,3,10,sar_0.2,sar,0.2
118,A,0.3598951415940246,0.0014583039516150127,0.6386465544543617,3,10,sar_0.2,sar,0.2
118,C,0.4337949895553075,0.0018558183643426745,0.5643491920803494,3,10,sar_0.2,sar,0.2
119,A,0.35972093638173547,0.0013516485816516012,0.6389274150366132,3,10,sar_0.2,sar,0.2
119,C,0.43357099585019376,0.0017221769507089542,0.5647068271990963,3,10,sar_0.2,sar,0.2
120,A,0.35955949568750467,0.001252772144054183,0.6391877321684416,3,10,sar_0.2,sar,0.2
120,C,0.43336325420457256,0.0015980490021698034,0.5650386967932576,3,10,sar_0.2,sar,0.2
121,A,0.3594098833483283,0.0011611119696816436,0.6394290046819886,3,10,sar_0.2,sar,0.2
121,C,0.43317059064127605,0.0014827727340614937,0.565346636624662,3,10,sar_0.2,sar,0.2
122,A,0.35927123185111315,0.0010761452420800888,0.6396526229068068,3,10,sar_0.2,sar,0.2
122,C,0.43299191524858,0.0013757302230528899,0.5656323545283665,3,10,sar_0.2,sar,0.2
123,A,0.35914273731449553,9.97386315936323e-4,0.6398598763695686,3,10,sar_0.2,sar,0.2
123,C,0.432826216265707,0.0012763448107615627,0.5658974389235316,3,10,sar_0.2,sar,0.2
124,A,0.35902365483363025,9.243841930194834e-4,0.6400519609733512,3,10,sar_0.2,sar,0.2
124,C,0.4326725545693146,0.0011840786149468503,0.5661433668157381,3,10,sar_0.2,sar,0.2
125,A,0.35891329416235535,8.567201502636287e-4,0.6402299856873801,3,10,sar_0.2,sar,0.2
125,C,0.43253005853597054,0.0010984301514582145,0.5663715113125719,3,10,sar_0.2,sar,0.2
126,A,0.3588110157088621,7.940055140253571e-4,0.6403949787771129,3,10,sar_0.2,sar,0.2
126,C,0.43239791925682775,0.0010189320683889637,0.5665831486747843,3,10,sar_0.2,sar,0.2
127,A,0.3587162268226469,7.358795741182707e-4,0.6405478936032345,3,10,sar_0.2,sar,0.2
127,C,0.43227538608202243,9.451489924574571e-4,0.566779464925521,3,10,sar_0.2,sar,0.2
128,A,0.35862837835202976,6.820076310451879e-4,0.6406896140169264,3,10,sar_0.2,sar,0.2
128,C,0.43216176247347815,8.766754865512769e-4,0.566961562039972,3,10,sar_0.2,sar,0.2
129,A,0.3585469614528508,6.320791698185759e-4,0.6408209593773316,3,10,sar_0.2,sar,0.2
129,C,0.43205640214597035,8.131341165386506e-4,0.5671304637374915,3,10,sar_0.2,sar,0.2
130,A,0.35847150463031696,5.858061537788074e-4,0.6409426892159049,3,10,sar_0.2,sar,0.2
130,C,0.4319587054774128,7.541736247794219e-4,0.5672871208978071,3,10,sar_0.2,sar,0.2
131,A,0.3584015709971594,5.429214318729827e-4,0.6410555075709659,3,10,sar_0.2,sar,0.2
131,C,0.4318681161704476,6.994672072235498e-4,0.5674324166223305,3,10,sar_0.2,sar,0.2
132,A,0.3583367557325049,5.031772529699248e-4,0.6411600670145253,3,10,sar_0.2,sar,0.2
132,C,0.43178411814847745,6.487108905730245e-4,0.5675671709609502,3,10,sar_0.2,sar,0.2
133,A,0.35827668372689686,4.6634388096270733e-4,0.6412569723921396,3,10,sar_0.2,sar,0.2
133,C,0.43170623267033376,6.016220056971999e-4,0.567692145323969,3,10,sar_0.2,sar,0.2
134,A,0.35822100739998486,4.322083046248783e-4,0.6413467842953912,3,10,sar_0.2,sar,0.2
134,C,0.4316340156486976,5.579377533045442e-4,0.5678080465979979,3,10,sar_0.2,sar,0.2
135,A,0.3581694046782866,4.0057303641747384e-4,0.6414300222852959,3,10,sar_0.2,sar,0.2
135,C,0.4315670551583678,5.174138577593354e-4,0.5679155309838736,3,10,sar_0.2,sar,0.2
136,A,0.358121577121414,3.7125499466118464e-4,0.6415071678839251,3,10,sar_0.2,sar,0.2
136,C,0.4315049691213503,4.7982330484392933e-4,0.5680152075738051,3,10,sar_0.2,sar,0.2
137,A,0.35807724818583314,3.440844638269893e-4,0.6415786673503404,3,10,sar_0.2,sar,0.2
137,C,0.43144740315649344,4.449551593794052e-4,0.5681076416841279,3,10,sar_0.2,sar,0.2
138,A,0.3580361616161089,3.1890412790595103e-4,0.6416449342559847,3,10,sar_0.2,sar,0.2
138,C,0.43139402858220266,4.12613458585524e-4,0.5681933579592128,3,10,sar_0.2,sar,0.2
139,A,0.35799807995450506,2.955681718579496e-4,0.6417063518736371,3,10,sar_0.2,sar,0.2
139,C,0.43134454056189503,3.826161768349031e-4,0.5682728432612703,3,10,sar_0.2,sar,0.2
140,A,0.35796278316006125,2.739414468369634e-4,0.6417632753931005,3,10,sar_0.2,sar,0.2
140,C,0.4312986563819183,3.547942581426885e-4,0.5683465493599401,3,10,sar_0.2,sar,0.2
141,A,0.35793006732917493,2.538986948670309e-4,0.6418160339759569,3,10,sar_0.2,sar,0.2
141,C,0.4312561138527112,3.28990712478432e-4,0.5684148954348095,3,10,sar_0.2,sar,0.2
142,A,0.3578997435102297,2.3532382891876038e-4,0.6418649326608508,3,10,sar_0.2,sar,0.2
142,C,0.43121666982456086,3.050597721558526e-4,0.5684782704032829,3,10,sar_0.2,sar,0.2
143,A,0.3578716366054079,2.1810926457547394e-4,0.6419102541300159,3,10,sar_0.2,sar,0.2
143,C,0.4311800988098913,2.828661046976603e-4,0.5685370350854129,3,10,sar_0.2,sar,0.2
144,A,0.35784558435326264,2.021552997372615e-4,0.6419522603470004,3,10,sar_0.2,sar,0.2
144,C,0.43114619170455726,2.6228407875998345e-4,0.568591524216683,3,10,sar_0.2,sar,0.2
145,A,0.3578214363861126,1.8736953904001467e-4,0.6419911940748478,3,10,sar_0.2,sar,0.2
145,C,0.4311147546011227,2.4319707986401203e-4,0.5686420483190127,3,10,sar_0.2,sar,0.2
146,A,0.35779905335674816,1.7366635986731704e-4,0.6420272802833853,3,10,sar_0.2,sar,0.2
146,C,0.43108560768756476,2.2549687282302165e-4,0.5686888954396115,3,10,sar_0.2,sar,0.2
147,A,0.3577783061293648,1.609664170265412e-4,0.6420607274536086,3,10,sar_0.2,sar,0.2
147,C,0.4310585842253555,2.0908300789754827e-4,0.5687323327667484,3,10,sar_0.2,sar,0.2
148,A,0.3577590750299876,1.4919618335413625e-4,0.6420917287866589,3,10,sar_0.2,sar,0.2
148,C,0.43103352960124347,1.938622678686689e-4,0.5687726081308871,3,10,sar_0.2,sar,0.2
149,A,0.3577412491520161,1.3828752370139915e-4,0.642120463324282,3,10,sar_0.2,sar,0.2
149,C,0.4310103004475053,1.797481533776836e-4,0.5688099513991169,3,10,sar_0.2,sar,0.2
150,A,0.3577247257128328,1.2817729992431267e-4,0.6421470969872436,3,10,sar_0.2,sar,0.2
150,C,0.43098876382572276,1.6666040402964525e-4,0.568844575770248,3,10,sar_0.2,sar,0.2
151,A,0.3577094094577053,1.1880700466029647e-4,0.6421717835376346,3,10,sar_0.2,sar,0.2
151,C,0.4309687964695767,1.5452455289859828e-4,0.5688766789775254,3,10,sar_0.2,sar,0.2
152,A,0.3576952121075217,1.1012242182503798e-4,0.6421946654706527,3,10,sar_0.2,sar,0.2
152,C,0.43095028408240943,1.4327151220869602e-4,0.5689064444053826,3,10,sar_0.2,sar,0.2
153,A,0.35768205184710167,1.0207331190552109e-4,0.6422158748409924,3,10,sar_0.2,sar,0.2
153,C,0.43093312068561723,1.3283718809890333e-4,0.5689340421262836,3,10,sar_0.2,sar,0.2
154,A,0.3576698528511266,9.461312025992384e-5,0.6422355340286126,3,10,sar_0.2,sar,0.2
154,C,0.4309172080142352,1.231621225074909e-4,0.5689596298632573,3,10,sar_0.2,sar,0.2
155,A,0.357658544844903,8.769870676041298e-5,0.6422537564483372,3,10,sar_0.2,sar,0.2
155,C,0.4309024549562996,1.1419116033420177e-4,0.568983353883367,3,10,sar_0.2,sar,0.2
156,A,0.35764806269738936,8.12900952303881e-5,0.6422706472073811,3,10,sar_0.2,sar,0.2
156,C,0.4308887770328564,1.0587314015135758e-4,0.5690053498269919,3,10,sar_0.2,sar,0.2
157,A,0.35763834604413164,7.53502412414192e-5,0.642286303714628,3,10,sar_0.2,sar,0.2
157,C,0.4308760959156698,9.816060685120917e-5,0.5690257434774798,3,10,sar_0.2,sar,0.2
158,A,0.3576293389378786,6.98448169346793e-5,0.6423008162451869,3,10,sar_0.2,sar,0.2
158,C,0.43086433897990156,9.100954471702318e-5,0.5690446514753797,3,10,sar_0.2,sar,0.2
159,A,0.3576209895248703,6.474201161573722e-5,0.6423142684635146,3,10,sar_0.2,sar,0.2
159,C,0.4308534388892767,8.437912948732277e-5,0.5690621819812369,3,10,sar_0.2,sar,0.2
160,A,0.35761324974488695,6.0012346982946106e-5,0.642326737908131,3,10,sar_0.2,sar,0.2
160,C,0.43084333321133894,7.823149810864034e-5,0.5690784352905517,3,10,sar_0.2,sar,0.2
161,A,0.3576060750533157,5.562850591811795e-5,0.6423382964407652,3,10,sar_0.2,sar,0.2
161,C,0.43083396406065616,7.253153493863457e-5,0.5690935044044035,3,10,sar_0.2,sar,0.2
162,A,0.35759942416362756,5.1565173846652336e-5,0.6423490106625259,3,10,sar_0.2,sar,0.2
162,C,0.43082527776793866,6.72466732458589e-5,0.5691074755588158,3,10,sar_0.2,sar,0.2
163,A,0.3575932588087382,4.77988917459399e-5,0.6423589422995165,3,10,sar_0.2,sar,0.2
163,C,0.43081722457317856,6.234671092991166e-5,0.569120428715891,3,10,sar_0.2,sar,0.2
164,A,0.35758754351988953,4.4307919948964846e-5,0.642368148560161,3,10,sar_0.2,sar,0.2
164,C,0.4308097583411213,5.780363946055191e-5,0.569132438019419,3,10,sar_0.2,sar,0.2
165,A,0.357582245421754,4.1072111952343516e-5,0.6423766824662931,3,10,sar_0.2,sar,0.2
165,C,0.4308028362973861,5.359148510305113e-5,0.5691435722175098,3,10,sar_0.2,sar,0.2
166,A,0.3575773340425592,3.8072797495025446e-5,0.6423845931599468,3,10,sar_0.2,sar,0.2
166,C,0.4307964187837964,4.9686161560064736e-5,0.5691538950546441,3,10,sar_0.2,sar,0.2
167,A,0.3575727811381428,3.5292674226943e-5,0.6423919261876302,3,10,sar_0.2,sar,0.2
167,C,0.43079046903147866,4.606533321948502e-5,0.5691634656353011,3,10,sar_0.2,sar,0.2
168,A,0.35756856052891084,3.2715707336659074e-5,0.6423987237637536,3,10,sar_0.2,sar,0.2
168,C,0.43078495295048513,4.270828825388609e-5,0.5691723387612608,3,10,sar_0.2,sar,0.2
169,A,0.35756464794874243,3.0327036553419423e-5,0.6424050250147038,3,10,sar_0.2,sar,0.2
169,C,0.4307798389347017,3.959582086986988e-5,0.5691805652444282,3,10,sar_0.2,sar,0.2
170,A,0.3575610209049758,2.8112889981852498e-5,0.6424108662050431,3,10,sar_0.2,sar,0.2
170,C,0.4307750976809587,3.671012205457597e-5,0.5691881921969872,3,10,sar_0.2,sar,0.2
171,A,0.35755765854864896,2.606050426713512e-5,0.6424162809470829,3,10,sar_0.2,sar,0.2
171,C,0.43077070202130413,3.4034678212074235e-5,0.5691952633004829,3,10,sar_0.2,sar,0.2
172,A,0.3575545415542609,2.4158050625189948e-5,0.6424213003951137,3,10,sar_0.2,sar,0.2
172,C,0.430766626767479,3.155417712482948e-5,0.5692018190553958,3,10,sar_0.2,sar,0.2
173,A,0.3575516520083241,2.23945663066434e-5,0.6424259534253699,3,10,sar_0.2,sar,0.2
173,C,0.43076284856671015,2.925442071517238e-5,0.569207897012575,3,10,sar_0.2,sar,0.2
174,A,0.35754897330609653,2.075989109498314e-5,0.6424302668028079,3,10,sar_0.2,sar,0.2
174,C,0.43075934576800623,2.7122244118805834e-5,0.5692135319878748,3,10,sar_0.2,sar,0.2
175,A,0.3575464900558725,1.9244608468715067e-5,0.6424342653356608,3,10,sar_0.2,sar,0.2
175,C,0.430756098298185,2.5145440616877864e-5,0.5692187562611988,3,10,sar_0.2,sar,0.2
176,A,0.3575441879902761,1.7839991084452916e-5,0.6424379720186403,3,10,sar_0.2,sar,0.2
176,C,0.43075308754692027,2.3312692005169635e-5,0.569223599761075,3,10,sar_0.2,sar,0.2
177,A,0.35754205388406024,1.6537950263303176e-5,0.6424414081656766,3,10,sar_0.2,sar,0.2
177,C,0.43075029626016853,2.161350400917365e-5,0.5692280902358214,3,10,sar_0.2,sar,0.2
178,A,0.35754007547791705,1.533098918615413e-5,0.6424445935328957,3,10,sar_0.2,sar,0.2
178,C,0.4307477084413507,2.0038146381497185e-5,0.5692322534122681,3,10,sar_0.2,sar,0.2
179,A,0.35753824140786555,1.4212159524601591e-5,0.6424475464326099,3,10,sar_0.2,sar,0.2
179,C,0.4307453092597268,1.857759734312348e-5,0.5692361131429304,3,10,sar_0.2,sar,0.2
180,A,0.357536541139808,1.3175021255401971e-5,0.6424502838389362,3,10,sar_0.2,sar,0.2
180,C,0.430743084965451,1.7223492055821704e-5,0.5692396915424927,3,10,sar_0.2,sar,0.2
181,A,0.3575349649088799,1.221360542425406e-5,0.6424528214856955,3,10,sar_0.2,sar,0.2
181,C,0.4307410228108097,1.5968074834365677e-5,0.5692430091143558,3,10,sar_0.2,sar,0.2
182,A,0.3575335036632316,1.1322379642010519e-05,0.6424551739571268,3,10,sar_0.2,sar,0.2
182,C,0.4307391109771981,1.4804154828176785e-5,0.5692460848679747,3,10,sar_0.2,sar,0.2
183,A,0.3575321490119249,1.0496216112385988e-5,0.6424573547719629,3,10,sar_0.2,sar,0.2
183,C,0.4307373385074083,1.3725064921386634e-5,0.569248936427669,3,10,sar_0.2,sar,0.2
184,A,0.3575308931766433,9.730362005087592e-6,0.642459376461352,3,10,sar_0.2,sar,0.2
184,C,0.43073569524286814,1.2724623618437472e-5,0.569251580133513,3,10,sar_0.2,sar,0.2
185,A,0.35752972894693247,9.02041200201289e-6,0.6424612506410662,3,10,sar_0.2,sar,0.2
185,C,0.43073417176542744,1.1797099699101372e-5,0.5692540311348725,3,10,sar_0.2,sar,0.2
186,A,0.3575286496387126,8.3622828568244e-6,0.6424629880784309,3,10,sar_0.2,sar,0.2
186,C,0.4307327593434099,1.0937179442310243e-5,0.5692563034771488,3,10,sar_0.2,sar,0.2
187,A,0.35752764905583106,7.752189819947534e-6,0.64246459875435,3,10,sar_0.2,sar,0.2
187,C,0.4307314498815738,1.0139936232601376e-5,0.5692584101821937,3,10,sar_0.2,sar,0.2
188,A,0.357526721454416,7.186624791935149e-6,0.6424660919207925,3,10,sar_0.2,sar,0.2
188,C,0.43073023587473874,9.400802376414666e-6,0.5692603633228859,3,10,sar_0.2,sar,0.2
189,A,0.3575258615098479,6.662336078243421e-6,0.6424674761540737,3,10,sar_0.2,sar,0.2
189,C,0.4307291103647741,8.715542967957397e-6,0.5692621740922593,3,10,sar_0.2,sar,0.2
190,A,0.3575250642861346,6.1763096278112805e-6,0.6424687594042359,3,10,sar_0.2,sar,0.2
190,C,0.4307280669007316,8.080231655930026e-6,0.5692638528676127,3,10,sar_0.2,sar,0.2
191,A,0.35752432520753513,5.725751646486852e-6,0.6424699490408174,3,10,sar_0.2,sar,0.2
191,C,0.43072709950188076,7.491228173141055e-6,0.569265409269946,3,10,sar_0.2,sar,0.2
192,A,0.35752364003224796,5.3080724843585226e-6,0.6424710518952675,3,10,sar_0.2,sar,0.2
192,C,0.43072620262343575,6.945157501009141e-6,0.5692668522190639,3,10,sar_0.2,sar,0.2
193,A,0.35752300482802796,4.920871703476596e-6,0.6424720743002676,3,10,sar_0.2,sar,0.2
193,C,0.4307253711247811,6.438890550210957e-6,0.5692681899846681,3,10,sar_0.2,sar,0.2
194,A,0.3575224159495878,4.561924239332776e-6,0.6424730221261725,3,10,sar_0.2,sar,0.2
194,C,0.4307246002400169,5.969526247331835e-6,0.5692694302337361,3,10,sar_0.2,sar,0.2
195,A,0.35752187001764,4.229167575837575e-6,0.6424739008147838,3,10,sar_0.2,sar,0.2
195,C,0.4307238855506409,5.534374925351998e-6,0.5692705800744344,3,10,sar_0.2,sar,0.2
196,A,0.3575213638994838,3.920689859434553e-6,0.6424747154106566,3,10,sar_0.2,sar,0.2
196,C,0.4307232229602319,5.130942923198941e-6,0.5692716460968448,3,10,sar_0.2,sar,0.2
197,A,0.3575208946909979,3.6347188834673772e-6,0.6424754705901173,3,10,sar_0.2,sar,0.2
197,C,0.43072260867097134,4.756918306479418e-6,0.5692726344107208,3,10,sar_0.2,sar,0.2
198,A,0.357520459699961,3.3696118789744364e-6,0.6424761706881588,3,10,sar_0.2,sar,0.2
198,C,0.4307220391618824,4.410157627869871e-6,0.5692735506804883,3,10,sar_0.2,sar,0.2
199,A,0.3575200564305756,3.123846052750857e-6,0.6424768197233713,3,10,sar_0.2,sar,0.2
199,C,0.43072151116864427,4.088673651517505e-6,0.5692744001577048,3,10,sar_0.2,sar,0.2
200,A,0.35751968256913824,2.896009817915667e-6,0.6424774214210422,3,10,sar_0.2,sar,0.2
200,C,0.43072102166488824,3.7906239713718216e-6,0.5692751877111408,3,10,sar_0.2,sar,0.2
201,A,0.3575193359707451,2.6847946662142977e-6,0.6424779792345896,3,10,sar_0.2,sar,0.2
201,C,0.43072056784485385,3.5143004584054117e-6,0.5692759178546888,3,10,sar_0.2,sar,0.2
202,A,0.3575190146469711,2.4889876350188024e-6,0.642478496365394,3,10,sar_0.2,sar,0.2
202,C,0.430720147107305,3.258119476409804e-6,0.5692765947732169,3,10,sar_0.2,sar,0.2
203,A,0.35751871675445507,2.307464325442936e-6,0.6424789757812192,3,10,sar_0.2,sar,0.2
203,C,0.4307197570406298,3.0206128104331854e-6,0.5692772223465601,3,10,sar_0.2,sar,0.2
204,A,0.3575184405843064,2.1391824311922495e-6,0.6424794202332617,3,10,sar_0.2,sar,0.2
204,C,0.43071939540900417,2.80041925599516e-6,0.5692778041717396,3,10,sar_0.2,sar,0.2
205,A,0.357518184552297,1.9831757407349807e-6,0.6424798322719617,3,10,sar_0.2,sar,0.2
205,C,0.43071906013959277,2.5962768209844422e-6,0.5692783435835861,3,10,sar_0.2,sar,0.2
206,A,0.3575179471897631,1.83854857812446e-6,0.6424802142616596,3,10,sar_0.2,sar,0.2
206,C,0.43071874931065807,2.407015495638917e-6,0.5692788436738462,3,10,sar_0.2,sar,0.2
207,A,0.3575177271351692,1.7044706503470834e-6,0.6424805683941801,3,10,sar_0.2,sar,0.2
207,C,0.4307184611405526,2.231550549248709e-6,0.5692793073088989,3,10,sar_0.2,sar,0.2
208,A,0.3575175231262992,1.5801722714272708e-6,0.6424808967014298,3,10,sar_0.2,sar,0.2
208,C,0.4307181939775027,2.068876315230853e-6,0.5692797371461816,3,10,sar_0.2,sar,0.2
209,A,0.3575173339929989,1.4649399357051959e-6,0.6424812010670657,3,10,sar_0.2,sar,0.2
209,C,0.43071794629014526,1.9180604290141944e-6,0.5692801356494271,3,10,sar_0.2,sar,0.2
210,A,0.35751715865046824,1.3581122147264447e-6,0.642481483237317,3,10,sar_0.2,sar,0.2
210,C,0.43071771665874486,1.7782384857602446e-6,0.569280505102768,3,10,sar_0.2,sar,0.2
211,A,0.3575169960930297,1.2590759540568985e-6,0.6424817448310164,3,10,sar_0.2,sar,0.2
211,C,0.43071750376706597,1.6486090873444026e-6,0.5692808476238473,3,10,sar_0.2,sar,0.2
212,A,0.35751684538835504,1.1672627480727258e-6,0.6424819873488964,3,10,sar_0.2,sar,0.2
212,C,0.4307173063948167,1.528429250246213e-6,0.5692811651759325,3,10,sar_0.2,sar,0.2
213,A,0.3575167056721174,1.0821456723844387e-6,0.6424822121822097,3,10,sar_0.2,sar,0.2
213,C,0.4307171234106654,1.4170101480610532e-6,0.5692814595791863,3,10,sar_0.2,sar,0.2
214,A,0.3575165761430267,1.0032362550449612e-6,0.6424824206207185,3,10,sar_0.2,sar,0.2
214,C,0.43071695376574864,1.3137131642585796e-6,0.5692817325210862,3,10,sar_0.2,sar,0.2
215,A,0.35751645605823346,9.300816690730262e-7,0.6424826138600966,3,10,sar_0.2,sar,0.2
215,C,0.4307167964876645,1.2179462325879792e-6,0.5692819855661038,3,10,sar_0.2,sar,0.2
216,A,0.35751634472906524,8.622621301029566e-7,0.6424827930088057,3,10,sar_0.2,sar,0.2
216,C,0.430716650674893,1.12916044417476e-6,0.5692822201646627,3,10,sar_0.2,sar,0.2
217,A,0.3575162415170723,7.993884841582682e-7,0.6424829590944433,3,10,sar_0.2,sar,0.2
217,C,0.43071651549163664,1.046846901880329e-6,0.5692824376614608,3,10,sar_0.2,sar,0.2
218,A,0.3575161458303694,7.410999716452011e-7,0.6424831130696594,3,10,sar_0.2,sar,0.2
218,C,0.43071639016302454,9.705338039097995e-7,0.5692826393031726,3,10,sar_0.2,sar,0.2
219,A,0.3575160571202333,6.870621546792151e-7,0.6424832558176131,3,10,sar_0.2,sar,0.2
219,C,0.43071627397066864,8.997837399632087e-7,0.5692828262455918,3,10,sar_0.2,sar,0.2
220,A,0.3575159748779577,6.369649958035581e-7,0.6424833881570462,3,10,sar_0.2,sar,0.2
220,C,0.4307161662485549,8.341911844458841e-7,0.569282999560261,3,10,sar_0.2,sar,0.2
221,A,0.35751589863193395,5.905210770317021e-7,0.6424835108469882,3,10,sar_0.2,sar,0.2
221,C,0.43071606637921656,7.733801723788144e-7,0.5692831602406112,3,10,sar_0.2,sar,0.2
222,A,0.35751582794494613,5.474639489558176e-7,0.6424836245911042,3,10,sar_0.2,sar,0.2
222,C,0.4307159737902006,7.17002144696092e-7,0.5692833092076555,3,10,sar_0.2,sar,0.2
223,A,0.35751576241166,5.075466004142277e-7,0.6424837300417398,3,10,sar_0.2,sar,0.2
223,C,0.4307158879507844,6.647339505860282e-7,0.5692834473152665,3,10,sar_0.2,sar,0.2
224,A,0.3575157016562991,4.705400399066714e-7,0.6424838278036608,3,10,sar_0.2,sar,0.2
224,C,0.4307158083689321,6.16275995432063e-7,0.5692835753550726,3,10,sar_0.2,sar,0.2
225,A,0.35751564533048996,4.3623198059095664e-7,0.6424839184375284,3,10,sar_0.2,sar,0.2
225,C,0.43071573458847895,5.713505237432312e-7,0.569283694060998,3,10,sar_0.2,sar,0.2
226,A,0.3575155931112627,4.0442562129200945e-7,0.6424840024631161,3,10,sar_0.2,sar,0.2
226,C,0.43071566618651314,5.297000272368113e-7,0.5692838041134606,3,10,sar_0.2,sar,0.2
227,A,0.3575155446991977,3.749385165079679e-7,0.6424840803622863,3,10,sar_0.2,sar,0.2
227,C,0.43071560277094934,4.910857689524406e-7,0.5692839061432828,3,10,sar_0.2,sar,0.2
228,A,0.357515499816708,3.476015289111269e-7,0.6424841525817628,3,10,sar_0.2,sar,0.2
228,C,0.4307155439782878,4.5528641494147856e-7,0.569284000735297,3,10,sar_0.2,sar,0.2
229,A,0.3575154582064505,3.222578583170829e-7,0.6424842195356928,3,10,sar_0.2,sar,0.2
229,C,0.43071548947152755,4.2209676569157066e-7,0.5692840884317063,3,10,sar_0.2,sar,0.2
230,A,0.3575154196298423,2.987621415361632e-7,0.6424842816080175,3,10,sar_0.2,sar,0.2
230,C,0.43071543893823233,3.9132658001762176e-7,0.5692841697351873,3,10,sar_0.2,sar,0.2
231,A,0.35751538386570114,2.769796179296437e-7,0.6424843391546813,3,10,sar_0.2,sar,0.2
231,C,0.4307153920887423,3.627994846800376e-7,0.5692842451117726,3,10,sar_0.2,sar,0.2
232,A,0.3575153507089708,2.5678535587178203e-7,0.642484392505673,3,10,sar_0.2,sar,0.2
232,C,0.43071534865451394,3.363519634821102e-7,0.5692843149935225,3,10,sar_0.2,sar,0.2
233,A,0.3575153199695472,2.3806353566952188e-7,0.6424844419669181,3,10,sar_0.2,sar,0.2
233,C,0.43071530838658006,3.1183242005374567e-7,0.569284379781,3,10,sar_0.2,sar,0.2
234,A,0.35751529147118677,2.2070678481686788e-7,0.6424844878220278,3,10,sar_0.2,sar,0.2
234,C,0.43071527105412166,2.8910030895088244e-7,0.5692844398455686,3,10,sar_0.2,sar,0.2
235,A,0.35751526505049736,2.0461556176227876e-7,0.6424845303339399,3,10,sar_0.2,sar,0.2
235,C,0.43071523644314824,2.680253300913066e-7,0.5692844955315213,3,10,sar_0.2,sar,0.2
236,A,0.3575152405560009,1.896975846467096e-7,0.642484569746414,3,10,sar_0.2,sar,0.2
236,C,0.43071520435526683,2.4848668191044723e-7,0.5692845471580508,3,10,sar_0.2,sar,0.2
237,A,0.35751521784726187,1.7586730172882455e-7,0.642484606285436,3,10,sar_0.2,sar,0.2
237,C,0.43071517460654807,2.3037236895719067e-7,0.5692845950210829,3,10,sar_0.2,sar,0.2
238,A,0.3575151967940858,1.6304540045380773e-7,0.6424846401605128,3,10,sar_0.2,sar,0.2
238,C,0.4307151470264701,2.1357855996164238e-7,0.5692846393949713,3,10,sar_0.2,sar,0.2
239,A,0.35751517727577137,1.5115835234378787e-7,0.642484671565876,3,10,sar_0.2,sar,0.2
239,C,0.43071512145694185,1.9800899269498374e-7,0.5692846805340662,3,10,sar_0.2,sar,0.2
240,A,0.35751515918041366,1.4013798947246113e-7,0.6424847006815974,3,10,sar_0.2,sar,0.2
240,C,0.43071509775139344,1.8357442008532397e-7,0.5692847186741866,3,10,sar_0.2,sar,0.2
241,A,0.3575151424042346,1.299210954435633e-7,0.6424847276746696,3,10,sar_0.2,sar,0.2
241,C,0.4307150757738988,1.7019207527303369e-7,0.5692847540340255,3,10,sar_0.2,sar,0.2
242,A,0.3575151268510462,1.2044907728208345e-7,0.6424847526998771,3,10,sar_0.2,sar,0.2
242,C,0.43071505539846744,1.577852424456824e-7,0.56928478681629,3,10,sar_0.2,sar,0.2
243,A,0.35751511243171047,1.1166763827893986e-7,0.6424847759006509,3,10,sar_0.2,sar,0.2
243,C,0.4307150365083449,1.462828288936328e-7,0.5692848172088262,3,10,sar_0.2,sar,0.2
244,A,0.35751509906359086,1.0352644224191246e-7,0.6424847974099678,3,10,sar_0.2,sar,0.2
244,C,0.4307150189952906,1.3561892581011233e-7,0.5692848453857835,3,10,sar_0.2,sar,0.2
245,A,0.3575150866702795,9.597894820684574e-8,0.6424848173507717,3,10,sar_0.2,sar,0.2
245,C,0.43071500275922164,1.257325921804036e-7,0.5692848715081874,3,10,sar_0.2,sar,0.2
246,A,0.3575150751810866,8.898209744105477e-8,0.6424848358368151,3,10,sar_0.2,sar,0.2
246,C,0.4307149877075412,1.1656744521286834e-7,0.5692848957250144,3,10,sar_0.2,sar,0.2
247,A,0.3575150645298688,8.249560261210032e-8,0.6424848529745294,3,10,sar_0.2,sar,0.2
247,C,0.430714973753611,1.0807073004825211e-7,0.5692849181756605,3,10,sar_0.2,sar,0.2
248,A,0.35751505465518274,7.648203900830395e-8,0.6424848688627777,3,10,sar_0.2,sar,0.2
248,C,0.43071496081694527,1.0019343924689721e-7,0.5692849389896149,3,10,sar_0.2,sar,0.2
249,A,0.35751504549219487,7.09019166631997e-8,0.6424848836058882,3,10,sar_0.2,sar,0.2
249,C,0.43071494881261946,9.28838596136577e-8,0.5692849583035201,3,10,sar_0.2,sar,0.2
250,A,0.3575150369913457,6.572505020996135e-8,0.6424848972836046,3,10,sar_0.2,sar,0.2
250,C,0.43071493767571306,8.610246160715731e-8,0.5692849762218243,3,10,sar_0.2,sar,0.2
251,A,0.357515029099139,6.091885713647064e-8,0.6424849099820044,3,10,sar_0.2,sar,0.2
251,C,0.43071492733614997,7.980657422045823e-8,0.5692849928572753,3,10,sar_0.2,sar,0.2
252,A,0.35751502205963315,5.6631969059652574e-8,0.6424849213083982,3,10,sar_0.2,sar,0.2
252,C,0.4307149181136611,7.419088628005136e-8,0.5692850076954536,3,10,sar_0.2,sar,0.2
253,A,0.35751501551549053,5.2646759745341944e-8,0.6424849318377499,3,10,sar_0.2,sar,0.2
253,C,0.430714909540123,6.897035285113752e-8,0.5692850214895238,3,10,sar_0.2,sar,0.2
254,A,0.3575150094318525,4.8941998443528476e-8,0.6424849416261498,3,10,sar_0.2,sar,0.2
254,C,0.43071490156987385,6.4117168455407e-8,0.569285034312957,3,10,sar_0.2,sar,0.2
255,A,0.3575150037763121,4.549794861877707e-8,0.6424849507257391,3,10,sar_0.2,sar,0.2
255,C,0.4307148941604618,5.96054841729319e-8,0.5692850462340548,3,10,sar_0.2,sar,0.2
256,A,0.35751499851874535,4.2296262776365354e-8,0.6424849591849915,3,10,sar_0.2,sar,0.2
256,C,0.4307148872724218,5.5411269967758054e-8,0.5692850573163084,3,10,sar_0.2,sar,0.2
257,A,0.35751499363114686,3.931988469432521e-8,0.6424849670489683,3,10,sar_0.2,sar,0.2
257,C,0.43071488086906784,5.151218670086184e-8,0.5692850676187453,3,10,sar_0.2,sar,0.2
258,A,0.3575149890874817,3.655295853777845e-8,0.6424849743595604,3,10,sar_0.2,sar,0.2
258,C,0.43071487491629384,4.788746714894592e-8,0.5692850771962392,3,10,sar_0.2,sar,0.2
259,A,0.3575149848635461,3.398074437100307e-8,0.6424849811557081,3,10,sar_0.2,sar,0.2
259,C,0.43071486938239417,4.451780539538508e-8,0.5692850860997998,3,10,sar_0.2,sar,0.2
260,A,0.3575149809368431,3.15895396167934e-8,0.6424849874736173,3,10,sar_0.2,sar,0.2
260,C,0.43071486423789523,4.138525400421886e-8,0.5692850943768512,3,10,sar_0.2,sar,0.2
261,A,0.3575149772864561,2.936660604439627e-8,0.6424849933469384,3,10,sar_0.2,sar,0.2
261,C,0.43071485945539556,3.8473128429538465e-8,0.5692851020714766,3,10,sar_0.2,sar,0.2
262,A,0.35751497389293935,2.7300101896797313e-8,0.6424849988069588,3,10,sar_0.2,sar,0.2
262,C,0.4307148550094215,3.576591815115315e-8,0.5692851092246608,3,10,sar_0.2,sar,0.2
263,A,0.35751497073821886,2.5379018795536095e-8,0.6424850038827622,3,10,sar_0.2,sar,0.2
263,C,0.43071485087629474,3.3249204063240023e-8,0.5692851158745007,3,10,sar_0.2,sar,0.2
264,A,0.3575149678054898,2.3593123086710168e-8,0.6424850086013877,3,10,sar_0.2,sar,0.2
264,C,0.43071484703400065,3.090958167598937e-8,0.5692851220564175,3,10,sar_0.2,sar,0.2
265,A,0.35751496507913155,2.193290131551146e-8,0.6424850129879673,3,10,sar_0.2,sar,0.2
265,C,0.4307148434620749,2.873458972121092e-8,0.5692851278033348,3,10,sar_0.2,sar,0.2
266,A,0.3575149625446212,2.038950953865469e-8,0.6424850170658684,3,10,sar_0.2,sar,0.2
266,C,0.4307148401414921,2.6712643781653824e-8,0.5692851331458637,3,10,sar_0.2,sar,0.2
267,A,0.35751496018845963,1.895472620452078e-8,0.6424850208568145,3,10,sar_0.2,sar,0.2
267,C,0.43071483705456654,2.4832974590543688e-8,0.5692851381124592,3,10,sar_0.2,sar,0.2
268,A,0.3575149579980958,1.7620908349863763e-8,0.6424850243809974,3,10,sar_0.2,sar,0.2
268,C,0.43071483418485595,2.3085570672717293e-8,0.5692851427295724,3,10,sar_0.2,sar,0.2
269,A,0.3575149559618633,1.6380950879611707e-8,0.6424850276571868,3,10,sar_0.2,sar,0.2
269,C,0.4307148315170772,2.146112502185694e-8,0.5692851470217986,3,10,sar_0.2,sar,0.2
270,A,0.35751495406891537,1.5228248712731227e-8,0.6424850307028359,3,10,sar_0.2,sar,0.2
270,C,0.43071482903701885,1.9950985529822268e-8,0.5692851510119946,3,10,sar_0.2,sar,0.2
271,A,0.35751495230917035,1.4156661592405017e-8,0.642485033534169,3,10,sar_0.2,sar,0.2
271,C,0.43071482673147377,1.8547108904062543e-8,0.5692851547214164,3,10,sar_0.2,sar,0.2
272,A,0.35751495067325395,1.3160481362356476e-8,0.6424850361662641,3,10,sar_0.2,sar,0.2
272,C,0.43071482458816196,1.7242017819017493e-8,0.5692851581698207,3,10,sar_0.2,sar,0.2
273,A,0.35751494915245347,1.2234401587142241e-8,0.6424850386131445,3,10,sar_0.2,sar,0.2
273,C,0.4307148225956661,1.602876111575208e-8,0.5692851613755721,3,10,sar_0.2,sar,0.2
274,A,0.3575149477386679,1.1373489254412716e-8,0.6424850408878429,3,10,sar_0.2,sar,0.2
274,C,0.430714820743375,1.4900876756610619e-8,0.5692851643557483,3,10,sar_0.2,sar,0.2
275,A,0.3575149464243671,1.057315849885079e-8,0.6424850430024744,3,10,sar_0.2,sar,0.2
275,C,0.4307148190214226,1.3852357410880593e-8,0.5692851671262188,3,10,sar_0.2,sar,0.2
276,A,0.3575149452025504,9.82914617390066e-9,0.6424850449683044,3,10,sar_0.2,sar,0.2
276,C,0.43071481742063805,1.2877618460830406e-8,0.569285169701743,3,10,sar_0.2,sar,0.2
277,A,0.357514944066709,9.137489140297e-9,0.642485046795802,3,10,sar_0.2,sar,0.2
277,C,0.4307148159324956,1.1971468257041145e-8,0.5692851720960378,3,10,sar_0.2,sar,0.2
278,A,0.3575149430107946,8.494503153022052e-9,0.6424850484947018,3,10,sar_0.2,sar,0.2
278,C,0.4307148145490665,1.1129080466750909e-8,0.5692851743218527,3,10,sar_0.2,sar,0.2
279,A,0.35751494202918177,7.89676323418326e-9,0.6424850500740545,3,10,sar_0.2,sar,0.2
279,C,0.4307148132629855,1.0345968367935212e-8,0.5692851763910468,3,10,sar_0.2,sar,0.2
280,A,0.3575149411166427,7.341085427224347e-9,0.6424850515422713,3,10,sar_0.2,sar,0.2
280,C,0.4307148120674009,9.617960952210273e-9,0.5692851783146399,3,10,sar_0.2,sar,0.2
281,A,0.3575149402683159,6.824509835245106e-9,0.6424850529071731,3,10,sar_0.2,sar,0.2
281,C,0.43071481095594377,8.941180709279863e-9,0.5692851801028753,3,10,sar_0.2,sar,0.2
282,A,0.35751493947968427,6.344284853048959e-9,0.6424850541760307,3,10,sar_0.2,sar,0.2
282,C,0.4307148099226968,8.31202297460286e-9,0.5692851817652781,3,10,sar_0.2,sar,0.2
283,A,0.35751493874654644,5.897852508899785e-9,0.6424850553556017,3,10,sar_0.2,sar,0.2
283,C,0.43071480896215697,7.727136730283518e-9,0.5692851833107078,3,10,sar_0.2,sar,0.2
284,A,0.35751493806499646,5.482834837883433e-9,0.6424850564521678,3,10,sar_0.2,sar,0.2
284,C,0.4307148080692053,7.183406756927745e-9,0.5692851847473884,3,10,sar_0.2,sar,0.2
285,A,0.35751493743140633,5.0970212142672975e-9,0.6424850574715725,3,10,sar_0.2,sar,0.2
285,C,0.4307148072390871,6.677937041403375e-9,0.5692851860829758,3,10,sar_0.2,sar,0.2
286,A,0.3575149368423993,4.7383565753621975e-9,0.6424850584192441,3,10,sar_0.2,sar,0.2
286,C,0.4307148064673829,6.2080353521313456e-9,0.5692851873245837,3,10,sar_0.2,sar,0.2
287,A,0.357514936294839,4.40493047414148e-9,0.642485059300229,3,10,sar_0.2,sar,0.2
287,C,0.4307148057499783,5.771198899753405e-9,0.5692851884788223,3,10,sar_0.2,sar,0.2
288,A,0.3575149357858095,4.094966902289113e-9,0.6424850601192238,3,10,sar_0.2,sar,0.2
288,C,0.4307148050830562,5.365101006803271e-9,0.5692851895518426,3,10,sar_0.2,sar,0.2
289,A,0.3575149353125987,3.806814829453765e-9,0.6424850608805855,3,10,sar_0.2,sar,0.2
289,C,0.4307148044630633,4.987578715380978e-9,0.5692851905493593,3,10,sar_0.2,sar,0.2
290,A,0.3575149348726864,3.538939408302766e-9,0.6424850615883738,3,10,sar_0.2,sar,0.2
290,C,0.43071480388669575,4.6366212668275234e-9,0.5692851914766827,3,10,sar_0.2,sar,0.2
291,A,0.3575149344637298,3.289913798517433e-9,0.6424850622463577,3,10,sar_0.2,sar,0.2
291,C,0.43071480335088613,4.310359392040337e-9,0.5692851923387546,3,10,sar_0.2,sar,0.2
292,A,0.35751493408354923,3.058411566609034e-9,0.6424850628580391,3,10,sar_0.2,sar,0.2
292,C,0.43071480285277947,4.007055354172253e-9,0.5692851931401661,3,10,sar_0.2,sar,0.2
293,A,0.35751493373012144,2.8431996188598108e-9,0.6424850634266798,3,10,sar_0.2,sar,0.2
293,C,0.43071480238972204,3.7250936966609448e-9,0.5692851938851837,3,10,sar_0.2,sar,0.2
294,A,0.35751493340156304,2.643131634052017e-9,0.6424850639553057,3,10,sar_0.2,sar,0.2
294,C,0.4307148019592485,3.462972635837687e-9,0.5692851945777792,3,10,sar_0.2,sar,0.2
295,A,0.35751493309612464,2.457141957001767e-9,0.642485064446735,3,10,sar_0.2,sar,0.2
295,C,0.4307148015590655,3.219296062656931e-9,0.5692851952216378,3,10,sar_0.2,sar,0.2
296,A,0.35751493281217817,2.2842399219080104e-9,0.6424850649035819,3,10,sar_0.2,sar,0.2
296,C,0.4307148011870428,2.9927661070547226e-9,0.5692851958201922,3,10,sar_0.2,sar,0.2
297,A,0.3575149325482124,2.1235045752979428e-9,0.6424850653282822,3,10,sar_0.2,sar,0.2
297,C,0.43071480084119756,2.782176225240966e-9,0.5692851963766264,3,10,sar_0.2,sar,0.2
298,A,0.3575149323028216,1.974079770333379e-9,0.6424850657230984,3,10,sar_0.2,sar,0.2
298,C,0.4307148005196878,2.5864047734126346e-9,0.5692851968939076,3,10,sar_0.2,sar,0.2
299,A,0.35751493207469787,1.8351696063432644e-9,0.6424850660901333,3,10,sar_0.2,sar,0.2
299,C,0.43071480022080183,2.404409033660386e-9,0.5692851973747894,3,10,sar_0.2,sar,0.2
300,A,0.35751493186262606,1.706034189286882e-9,0.642485066431339,3,10,sar_0.2,sar,0.2
300,C,0.43071479994294776,2.2352196602494067e-9,0.5692851978218336,3,10,sar_0.2,sar,0.2
301,A,0.35751493166547776,1.585985690562172e-9,0.6424850667485369,3,10,sar_0.2,sar,0.2
301,C,0.43071479968464405,2.0779355166944815e-9,0.569285198237421,3,10,sar_0.2,sar,0.2
302,A,0.3575149314822017,1.4743846831631688e-9,0.6424850670434131,3,10,sar_0.2,sar,0.2
302,C,0.4307147994445177,1.93171887613053e-9,0.5692851986237648,3,10,sar_0.2,sar,0.2
303,A,0.3575149313118226,1.3706367356682585e-9,0.6424850673175407,3,10,sar_0.2,sar,0.2
303,C,0.4307147992212863,1.7957909594149097e-9,0.5692851989829223,3,10,sar_0.2,sar,0.2
304,A,0.35751493115343247,1.274189245914587e-9,0.642485067572379,3,10,sar_0.2,sar,0.2
304,C,0.430714799013764,1.6694277871966692e-9,0.5692851993168072,3,10,sar_0.2,sar,0.2
305,A,0.35751493100618736,1.1845284974909457e-9,0.6424850678092849,3,10,sar_0.2,sar,0.2
305,C,0.4307147988208442,1.5519563238599652e-9,0.5692851996271989,3,10,sar_0.2,sar,0.2
306,A,0.35751493086930286,1.101176923368586e-9,0.6424850680295195,3,10,sar_0.2,sar,0.2
306,C,0.4307147986414993,1.4427508928037296e-9,0.5692851999157491,3,10,sar_0.2,sar,0.2
307,A,0.35751493074205104,1.0236905620929618e-9,0.6424850682342577,3,10,sar_0.2,sar,0.2
307,C,0.4307147984747748,1.34122984396458e-9,0.5692852001839948,3,10,sar_0.2,sar,0.2
308,A,0.35751493062375395,9.516566929852594e-10,0.6424850684245891,3,10,sar_0.2,sar,0.2
308,C,0.4307147983197811,1.2468524558336222e-9,0.5692852004333652,3,10,sar_0.2,sar,0.2
309,A,0.35751493051378114,8.846916377562762e-10,0.642485068601528,3,10,sar_0.2,sar,0.2
309,C,0.4307147981756943,1.1591160554666917e-9,0.5692852006651886,3,10,sar_0.2,sar,0.2
310,A,0.3575149304115464,8.224387168217829e-10,0.6424850687660163,3,10,sar_0.2,sar,0.2
310,C,0.430714798041747,1.077553341148672e-9,0.569285200880699,3,10,sar_0.2,sar,0.2
311,A,0.35751493031650494,7.645663494326195e-10,0.6424850689189281,3,10,sar_0.2,sar,0.2
311,C,0.43071479791722495,1.0017298934518674e-9,0.5692852010810461,3,10,sar_0.2,sar,0.2
312,A,0.3575149302281514,7.107662877987167e-10,0.6424850690610807,3,10,sar_0.2,sar,0.2
312,C,0.4307147978014643,9.312418619753264e-10,0.5692852012672943,3,10,sar_0.2,sar,0.2
313,A,0.35751493014601543,6.607519743333913e-10,0.6424850691932317,3,10,sar_0.2,sar,0.2
313,C,0.4307147976938492,8.657138127755582e-10,0.5692852014404367,3,10,sar_0.2,sar,0.2
314,A,0.3575149300696591,6.142570160645038e-10,0.6424850693160845,3,10,sar_0.2,sar,0.2
314,C,0.43071479759380804,8.047967301321914e-10,0.569285201601397,3,10,sar_0.2,sar,0.2
315,A,0.3575149299986759,5.710337655710006e-10,0.6424850694302908,3,10,sar_0.2,sar,0.2
315,C,0.43071479750080444,7.481661573928328e-10,0.5692852017510297,3,10,sar_0.2,sar,0.2
316,A,0.35751492993268713,5.30852001818907e-10,0.6424850695364615,3,10,sar_0.2,sar,0.2
316,C,0.4307147974143461,6.955204687172328e-10,0.5692852018901339,3,10,sar_0.2,sar,0.2
317,A,0.3575149298713418,4.934977038941836e-10,0.6424850696351597,3,10,sar_0.2,sar,0.2
317,C,0.4307147973339717,6.465792625578291e-10,0.5692852020194494,3,10,sar_0.2,sar,0.2
318,A,0.3575149298143132,4.5877191102726463e-10,0.6424850697269138,3,10,sar_0.2,sar,0.2
318,C,0.43071479725925155,6.010818681850767e-10,0.569285202139666,3,10,sar_0.2,sar,0.2
319,A,0.3575149297612974,4.2648966283687586e-10,0.6424850698122125,3,10,sar_0.2,sar,0.2
319,C,0.4307147971897909,5.587859573030453e-10,0.5692852022514227,3,10,sar_0.2,sar,0.2
320,A,0.35751492971201243,3.964790141480406e-10,0.6424850698915089,3,10,sar_0.2,sar,0.2
320,C,0.43071479712521776,5.194662533604284e-10,0.5692852023553167,3,10,sar_0.2,sar,0.2
321,A,0.35751492966619514,3.685801191364412e-10,0.6424850699652243,3,10,sar_0.2,sar,0.2
321,C,0.4307147970651877,4.829133316825545e-10,0.5692852024518995,3,10,sar_0.2,sar,0.2
322,A,0.35751492962360215,3.426443799206215e-10,0.6424850700337528,3,10,sar_0.2,sar,0.2
322,C,0.43071479700938203,4.4893250403363365e-10,0.5692852025416856,3,10,sar_0.2,sar,0.2
323,A,0.35751492958400594,3.185336550668095e-10,0.6424850700974597,3,10,sar_0.2,sar,0.2
323,C,0.4307147969575034,4.17342781668214e-10,0.5692852026251543,3,10,sar_0.2,sar,0.2
324,A,0.3575149295471961,2.9611952379030725e-10,0.6424850701566835,3,10,sar_0.2,sar,0.2
324,C,0.43071479690927444,3.8797591134885046e-10,0.5692852027027488,3,10,sar_0.2,sar,0.2
325,A,0.35751492951297725,2.7528260193408213e-10,0.6424850702117411,3,10,sar_0.2,sar,0.2
325,C,0.4307147968644409,3.6067547919562493e-10,0.5692852027748846,3,10,sar_0.2,sar,0.2
326,A,0.35751492948116564,2.5591190608099727e-10,0.6424850702629233,3,10,sar_0.2,sar,0.2
326,C,0.43071479682276065,3.352960775944499e-10,0.5692852028419433,3,10,sar_0.2,sar,0.2
327,A,0.35751492945159186,2.379042624125434e-10,0.6424850703105041,3,10,sar_0.2,sar,0.2
327,C,0.4307147967840138,3.117025307269395e-10,0.5692852029042847,3,10,sar_0.2,sar,0.2
328,A,0.35751492942409996,2.2116375716526255e-10,0.6424850703547365,3,10,sar_0.2,sar,0.2
328,C,0.4307147967479927,2.897691745968603e-10,0.5692852029622378,3,10,sar_0.2,sar,0.2
329,A,0.3575149293985415,2.0560122575766861e-10,0.6424850703958568,3,10,sar_0.2,sar,0.2
329,C,0.4307147967145072,2.6937918771845727e-10,0.5692852030161135,3,10,sar_0.2,sar,0.2
330,A,0.35751492937478263,1.9113377786644061e-10,0.642485070434083,3,10,sar_0.2,sar,0.2
330,C,0.43071479668337753,2.5042396890174574e-10,0.5692852030661985,3,10,sar_0.2,sar,0.2
331,A,0.3575149293526953,1.776843559221606e-10,0.6424850704696204,3,10,sar_0.2,sar,0.2
331,C,0.43071479665443785,2.3280255882075254e-10,0.5692852031127589,3,10,sar_0.2,sar,0.2
332,A,0.35751492933216245,1.6518132470820054e-10,0.6424850705026575,3,10,sar_0.2,sar,0.2
332,C,0.4307147966275358,2.1642110234000824e-10,0.569285203156043,3,10,sar_0.2,sar,0.2
333,A,0.3575149293130735,1.5355808970363862e-10,0.6424850705333676,3,10,sar_0.2,sar,0.2
333,C,0.4307147966025252,2.0119234845859996e-10,0.5692852031962805,3,10,sar_0.2,sar,0.2
334,A,0.35751492929532847,1.4275274246805164e-10,0.642485070561918,3,10,sar_0.2,sar,0.2
334,C,0.4307147965792765,1.8703518574107963e-10,0.5692852032336886,3,10,sar_0.2,sar,0.2
335,A,0.35751492927883183,1.3270773088127388e-10,0.6424850705884607,3,10,sar_0.2,sar,0.2
335,C,0.4307147965576622,1.7387421027703008e-10,0.5692852032684632,3,10,sar_0.2,sar,0.2
336,A,0.35751492926349615,1.2336955259259341e-10,0.6424850706131343,3,10,sar_0.2,sar,0.2
336,C,0.4307147965375688,1.616393240503647e-10,0.5692852033007904,3,10,sar_0.2,sar,0.2
337,A,0.3575149292492397,1.1468847004934663e-10,0.6424850706360725,3,10,sar_0.2,sar,0.2
337,C,0.43071479651888983,1.5026536158318706e-10,0.5692852033308445,3,10,sar_0.2,sar,0.2
338,A,0.3575149292359857,1.0661824557832272e-10,0.6424850706573964,3,10,sar_0.2,sar,0.2
338,C,0.430714796501525,1.3969174285133922e-10,0.5692852033587824,3,10,sar_0.2,sar,0.2
339,A,0.3575149292236649,9.911589510889168e-11,0.6424850706772185,3,10,sar_0.2,sar,0.2
339,C,0.4307147964853828,1.298621506229964e-10,0.5692852033847555,3,10,sar_0.2,sar,0.2
340,A,0.35751492921221134,9.214145922606771e-11,0.6424850706956473,3,10,sar_0.2,sar,0.2
340,C,0.43071479647037597,1.207242305017459e-10,0.5692852034089001,3,10,sar_0.2,sar,0.2
341,A,0.3575149292015631,8.565779033402768e-11,0.6424850707127788,3,10,sar_0.2,sar,0.2
341,C,0.4307147964564253,1.1222931207652398e-10,0.5692852034313465,3,10,sar_0.2,sar,0.2
342,A,0.35751492919166433,7.963035479642233e-11,0.6424850707287042,3,10,sar_0.2,sar,0.2
342,C,0.43071479644345567,1.0433214969319578e-10,0.5692852034522119,3,10,sar_0.2,sar,0.2
343,A,0.35751492918246336,7.402704899958747e-11,0.6424850707435107,3,10,sar_0.2,sar,0.2
343,C,0.4307147964313988,9.699068146708292e-11,0.5692852034716099,3,10,sar_0.2,sar,0.2
344,A,0.3575149291739087,6.881802835892667e-11,0.6424850707572742,3,10,sar_0.2,sar,0.2
344,C,0.4307147964201902,9.016580525288175e-11,0.5692852034896431,3,10,sar_0.2,sar,0.2
345,A,0.3575149291659557,6.397554835768254e-11,0.6424850707700689,3,10,sar_0.2,sar,0.2
345,C,0.4307147964097712,8.38211703787514e-11,0.569285203506408,3,10,sar_0.2,sar,0.2
346,A,0.3575149291585625,5.947381677139714e-11,0.6424850707819634,3,10,sar_0.2,sar,0.2
346,C,0.430714796400085,7.792298403530244e-11,0.5692852035219926,3,10,sar_0.2,sar,0.2
347,A,0.35751492915168986,5.528885629095057e-11,0.6424850707930216,3,10,sar_0.2,sar,0.2
347,C,0.43071479639108007,7.243983128827469e-11,0.569285203536481,3,10,sar_0.2,sar,0.2
348,A,0.357514929145301,5.139837681245016e-11,0.6424850708033012,3,10,sar_0.2,sar,0.2
348,C,0.4307147963827091,6.734250775625753e-11,0.5692852035499484,3,10,sar_0.2,sar,0.2
349,A,0.35751492913936045,4.778165671373567e-11,0.6424850708128566,3,10,sar_0.2,sar,0.2
349,C,0.4307147963749275,6.260386406225907e-11,0.5692852035624706,3,10,sar_0.2,sar,0.2
350,A,0.3575149291338392,4.441943248513217e-11,0.6424850708217414,3,10,sar_0.2,sar,0.2
350,C,0.43071479636769167,5.8198661230641936e-11,0.5692852035741085,3,10,sar_0.2,sar,0.2
351,A,0.3575149291287067,4.1293796126580755e-11,0.6424850708300004,3,10,sar_0.2,sar,0.2
351,C,0.430714796360967,5.4103436259243973e-11,0.5692852035849302,3,10,sar_0.2,sar,0.2
352,A,0.35751492912393407,3.838809973654819e-11,0.6424850708376775,3,10,sar_0.2,sar,0.2
352,C,0.4307147963547141,5.0296377139469604e-11,0.5692852035949894,3,10,sar_0.2,sar,0.2
353,A,0.35751492911949756,3.56868669230104e-11,0.6424850708448155,3,10,sar_0.2,sar,0.2
353,C,0.4307147963489021,4.6757206713871226e-11,0.569285203604341,3,10,sar_0.2,sar,0.2
354,A,0.3575149291153734,3.317571029848727e-11,0.6424850708514498,3,10,sar_0.2,sar,0.2
354,C,0.43071479634349846,4.34670746467857e-11,0.5692852036130339,3,10,sar_0.2,sar,0.2
355,A,0.3575149291115406,3.084125486108973e-11,0.642485070857619,3,10,sar_0.2,sar,0.2
355,C,0.43071479633847565,4.040845702842685e-11,0.5692852036211158,3,10,sar_0.2,sar,0.2
356,A,0.3575149291079763,2.8671066762794177e-11,0.6424850708633525,3,10,sar_0.2,sar,0.2
356,C,0.43071479633380605,3.756506304181516e-11,0.5692852036286291,3,10,sar_0.2,sar,0.2
357,A,0.3575149291046627,2.6653587083469037e-11,0.6424850708686832,3,10,sar_0.2,sar,0.2
357,C,0.4307147963294653,3.4921748194594034e-11,0.5692852036356131,3,10,sar_0.2,sar,0.2
358,A,0.35751492910158317,2.4778070265024327e-11,0.642485070873639,3,10,sar_0.2,sar,0.2
358,C,0.43071479632542975,3.24644336564019e-11,0.5692852036421071,3,10,sar_0.2,sar,0.2
359,A,0.35751492909871957,2.3034526877765378e-11,0.6424850708782469,3,10,sar_0.2,sar,0.2
359,C,0.43071479632167753,3.018003127217509e-11,0.569285203648142,3,10,sar_0.2,sar,0.2
360,A,0.3575149290960576,2.1413670414104676e-11,0.6424850708825293,3,10,sar_0.2,sar,0.2
360,C,0.43071479631818976,2.8056373851987977e-11,0.5692852036537526,3,10,sar_0.2,sar,0.2
361,A,0.3575149290935836,1.9906867826237097e-11,0.6424850708865102,3,10,sar_0.2,sar,0.2
361,C,0.43071479631494747,2.6082150366138485e-11,0.5692852036589704,3,10,sar_0.2,sar,0.2
362,A,0.35751492909128274,1.8506093544326356e-11,0.6424850708902111,3,10,sar_0.2,sar,0.2
362,C,0.4307147963119337,2.4246845700316385e-11,0.5692852036638187,3,10,sar_0.2,sar,0.2
363,A,0.3575149290891443,1.720388673028906e-11,0.6424850708936527,3,10,sar_0.2,sar,0.2
363,C,0.4307147963091321,2.2540684649977676e-11,0.5692852036683272,3,10,sar_0.2,sar,0.2
364,A,0.35751492908715604,1.599331153949614e-11,0.6424850708968508,3,10,sar_0.2,sar,0.2
364,C,0.4307147963065268,2.095457985562743e-11,0.5692852036725178,3,10,sar_0.2,sar,0.2
365,A,0.35751492908530813,1.4867920178733465e-11,0.6424850708998245,3,10,sar_0.2,sar,0.2
365,C,0.4307147963041056,1.9480083401704748e-11,0.5692852036764146,3,10,sar_0.2,sar,0.2
0,A,0.999,0.0010000000000000002,0,4,10,sar_0.2,sar,0.2
0,C,0.9990000000000002,0.0010000000000000005,0,4,10,sar_0.2,sar,0.2
1,A,0.99859252729881,0.0011888739569647633,2.185987442256586e-4,4,10,sar_0.2,sar,0.2
1,C,0.9986444706948174,0.0011415608316397623,2.139684735410711e-4,4,10,sar_0.2,sar,0.2
2,A,0.9981258440645724,0.0013972339295933527,4.769220058345924e-4,4,10,sar_0.2,sar,0.2
2,C,0.9982464757053986,0.0012959930948071533,4.5753119979345766e-4,4,10,sar_0.2,sar,0.2
3,A,0.9975951309099906,0.0016258775694678574,7.789915205421066e-4,4,10,sar_0.2,sar,0.2
3,C,0.9978024480390596,0.0014641691077818312,7.333828531580101e-4,4,10,sar_0.2,sar,0.2
4,A,0.9969944373804716,0.0018765940785748468,0.0011289685409523196,4,10,sar_0.2,sar,0.2
4,C,0.9973081490519992,0.0016474875616681911,0.001044363386331557,4,10,sar_0.2,sar,0.2
5,A,0.9963163508204352,0.0021520764859561483,0.0015315726936090412,4,10,sar_0.2,sar,0.2
5,C,0.9967584383116932,0.0018478449692350529,0.0013937167190724604,4,10,sar_0.2,sar,0.2
6,A,0.9955522957459352,0.0024556448808784733,0.0019920593731863646,4,10,sar_0.2,sar,0.2
6,C,0.996147469932787,0.0020674761599458976,0.0017850539072665184,4,10,sar_0.2,sar,0.2
7,A,0.9946923913403245,0.0027911591331083473,0.002516449526568012,4,10,sar_0.2,sar,0.2
7,C,0.9954685724039319,0.0023089303695113185,0.0022224972265574012,4,10,sar_0.2,sar,0.2
8,A,0.9937256186502094,0.0031628469081242316,0.0031115344416672423,4,10,sar_0.2,sar,0.2
8,C,0.9947143422357926,0.0025749832929603863,0.002710674471247281,4,10,sar_0.2,sar,0.2
9,A,0.9926392382773309,0.0035754596606473632,0.0037853020620216156,4,10,sar_0.2,sar,0.2
9,C,0.9938762371959434,0.002868756923655119,0.003255005880400041,4,10,sar_0.2,sar,0.2
10,A,0.9914204308187954,0.004033630028570737,0.004545939152633689,4,10,sar_0.2,sar,0.2
10,C,0.9929456611752376,0.003193309820921335,0.0038610290038409278,4,10,sar_0.2,sar,0.2
11,A,0.9900549095605029,0.004542384198397309,0.005402706241099462,4,10,sar_0.2,sar,0.2
11,C,0.9919130272023687,0.003551977379719298,0.004534995417910964,4,10,sar_0.2,sar,0.2
12,A,0.9885256629927671,0.005107532011210601,0.006366804996022023,4,10,sar_0.2,sar,0.2
12,C,0.9907669021721354,0.0039486419980355155,0.005284455829827949,4,10,sar_0.2,sar,0.2
13,A,0.9868153032364778,0.00573483526920582,0.007449861494316435,4,10,sar_0.2,sar,0.2
13,C,0.9894955684196773,0.004387188053264174,0.0061172435270600125,4,10,sar_0.2,sar,0.2
14,A,0.9849040380514094,0.006430699556413594,0.008665262392179022,4,10,sar_0.2,sar,0.2
14,C,0.9880856499682339,0.0048719682716149805,0.007042381760149953,4,10,sar_0.2,sar,0.2
15,A,0.9827710776577999,0.007201673575341375,0.01002724876685813,4,10,sar_0.2,sar,0.2
15,C,0.9865230399406137,0.0054074786275868985,0.008069481431799577,4,10,sar_0.2,sar,0.2
16,A,0.9803935499083511,0.00805475100304391,0.011551699088605026,4,10,sar_0.2,sar,0.2
16,C,0.9847921333223292,0.005998583137923996,0.009209283539745523,4,10,sar_0.2,sar,0.2
17,A,0.9777471233164262,0.008997193680509857,0.01325568300306164,4,10,sar_0.2,sar,0.2
17,C,0.9828762433334366,0.006650391891919384,0.01047336477464186,4,10,sar_0.2,sar,0.2
18,A,0.9748056942859586,0.01003654616690422,0.015157759547137072,4,10,sar_0.2,sar,0.2
18,C,0.9807573412412577,0.007368300784629803,0.011874357974112439,4,10,sar_0.2,sar,0.2
19,A,0.9715413676936726,0.011180576407155784,0.01727805589917241,4,10,sar_0.2,sar,0.2
19,C,0.9784159954479645,0.008157977236432959,0.013426027315602397,4,10,sar_0.2,sar,0.2
20,A,0.9679248001979989,0.012437155477838578,0.019638044324163176,4,10,sar_0.2,sar,0.2
20,C,0.9758315854726977,0.009025285198550339,0.015143129328753236,4,10,sar_0.2,sar,0.2
21,A,0.9639248148349759,0.013814182816961541,0.022261002348061713,4,10,sar_0.2,sar,0.2
21,C,0.9729819181781967,0.00997630480204882,0.017041777019756097,4,10,sar_0.2,sar,0.2
22,A,0.9595085627271552,0.015319420925409695,0.02517201634743385,4,10,sar_0.2,sar,0.2
22,C,0.9698432479248813,0.011017264523928531,0.01913948755119147,4,10,sar_0.2,sar,0.2
23,A,0.954642163578753,0.016960246446731792,0.02839758997451349,4,10,sar_0.2,sar,0.2
23,C,0.9663906503558868,0.012154393260038206,0.021454956384074995,4,10,sar_0.2,sar,0.2
24,A,0.949291082937827,0.01874340770222141,0.03196550935995208,4,10,sar_0.2,sar,0.2
24,C,0.9625981837606814,0.01339379734699971,0.024008018892319787,4,10,sar_0.2,sar,0.2
25,A,0.9434204516896028,0.02067475659815433,0.03590479171224347,4,10,sar_0.2,sar,0.2
25,C,0.9584389829482991,0.014741332894533138,0.026819684157166793,4,10,sar_0.2,sar,0.2
26,A,0.9369955366912629,0.022758928168470534,0.04024553514026821,4,10,sar_0.2,sar,0.2
26,C,0.9538854460493634,0.016202441735145783,0.029912112215490973,4,10,sar_0.2,sar,0.2
27,A,0.9299823930400077,0.02499896828150928,0.04501863867848278,4,10,sar_0.2,sar,0.2
27,C,0.948909542690808,0.017781945630293026,0.03330851167889872,4,10,sar_0.2,sar,0.2
28,A,0.9223486537454891,0.027395921907946465,0.050255424346564236,4,10,sar_0.2,sar,0.2
28,C,0.9434832168004459,0.019483804685612272,0.03703297851394274,4,10,sar_0.2,sar,0.2
29,A,0.9140644218161552,0.029948395420540848,0.055987182763304,4,10,sar_0.2,sar,0.2
29,C,0.9375788651393377,0.02131084559302112,0.04111028926764036,4,10,sar_0.2,sar,0.2
30,A,0.9051031601700059,0.032652148789694656,0.06224469104029979,4,10,sar_0.2,sar,0.2
30,C,0.9311698394716713,0.023264491271561213,0.04556566925676629,4,10,sar_0.2,sar,0.2
31,A,0.8954428575128498,0.03549959948435039,0.06905754300279976,4,10,sar_0.2,sar,0.2
31,C,0.9242311355563252,0.02534440843460909,0.05042445600906597,4,10,sar_0.2,sar,0.2
32,A,0.8850672614286041,0.03847935528837548,0.07645338328302106,4,10,sar_0.2,sar,0.2
32,C,0.9167401712720494,0.027548139543592257,0.05571168918435803,4,10,sar_0.2,sar,0.2
33,A,0.8739669708738715,0.041575889766873195,0.0844571393592561,4,10,sar_0.2,sar,0.2
33,C,0.9086775545671133,0.02987078416595127,0.0614516612669355,4,10,sar_0.2,sar,0.2
34,A,0.8621404261731468,0.044769338466080104,0.09309023536077171,4,10,sar_0.2,sar,0.2
34,C,0.9000278550175522,0.03230471564333454,0.06766742933911311,4,10,sar_0.2,sar,0.2
35,A,0.8495949246779124,0.048035363051570246,0.10236971227051625,4,10,sar_0.2,sar,0.2
35,C,0.89078045784235,0.03483929657820083,0.07438024557944833,4,10,sar_0.2,sar,0.2
36,A,0.8363475600422604,0.051345144076605176,0.11230729588113539,4,10,sar_0.2,sar,0.2
36,C,0.8809304547534211,0.037460629326437136,0.08160891592014208,4,10,sar_0.2,sar,0.2
37,A,0.822425915768985,0.054665585954212746,0.12290849827680313,4,10,sar_0.2,sar,0.2
37,C,0.8704794838722083,0.040151396439188254,0.08936911968860314,4,10,sar_0.2,sar,0.2
38,A,0.8078684186640854,0.05795976783647188,0.13417181349944282,4,10,sar_0.2,sar,0.2
38,C,0.8594364529681958,0.042890825278794474,0.09767272175301049,4,10,sar_0.2,sar,0.2
39,A,0.7927243555029458,0.0611876185788573,0.14608802591819703,4,10,sar_0.2,sar,0.2
39,C,0.8478181204048395,0.04565478500568808,0.10652709458947394,4,10,sar_0.2,sar,0.2
40,A,0.7770535235653229,0.064306808928008,0.15863966750666822,4,10,sar_0.2,sar,0.2
40,C,0.8356495026527895,0.048416027482827084,0.11593446986438324,4,10,sar_0.2,sar,0.2
41,A,0.76092548993292,0.06727384243587867,0.1718006676312007,4,10,sar_0.2,sar,0.2
41,C,0.8229640629039229,0.051144586810003896,0.12589135028607282,4,10,sar_0.2,sar,0.2
42,A,0.7444184476512519,0.07004531197258715,0.18553624037616184,4,10,sar_0.2,sar,0.2
42,C,0.8098036362052657,0.05380834557509206,0.13638801821964194,4,10,sar_0.2,sar,0.2
43,A,0.7276176979405562,0.07257926335028708,0.1998030387091568,4,10,sar_0.2,sar,0.2
43,C,0.7962180644698783,0.05637376005270532,0.14740817547741716,4,10,sar_0.2,sar,0.2
44,A,0.7106138233197011,0.07483659014123083,0.21454958653906803,4,10,sar_0.2,sar,0.2
44,C,0.7822645361329171,0.058806720939579796,0.15892874292750162,4,10,sar_0.2,sar,0.2
45,A,0.6935006380592879,0.07678237734182115,0.22971698459888978,4,10,sar_0.2,sar,0.2
45,C,0.7680066433001179,0.06107351424169392,0.1709198424581875,4,10,sar_0.2,sar,0.2
46,A,0.6763730149891923,0.07838711277409453,0.24523987223671323,4,10,sar_0.2,sar,0.2
46,C,0.7535131856008186,0.06314183745663438,0.18334497694254623,4,10,sar_0.2,sar,0.2
47,A,0.6593246957897383,0.07962769192159733,0.2610476122886646,4,10,sar_0.2,sar,0.2
47,C,0.7388567667926828,0.0649818185286244,0.19616141467869316,4,10,sar_0.2,sar,0.2
48,A,0.6424461935009743,0.08048815490552526,0.27706565159350005,4,10,sar_0.2,sar,0.2
48,C,0.7241122458470847,0.06656698067316609,0.20932077347974964,4,10,sar_0.2,sar,0.2
49,A,0.6258228877127201,0.08096011376518213,0.29321699852209754,4,10,sar_0.2,sar,0.2
49,C,0.7093551153240082,0.06787509691959392,0.22276978775639994,4,10,sar_0.2,sar,0.2
50,A,0.6095333949669445,0.08104285205223874,0.3094237529808167,4,10,sar_0.2,sar,0.2
50,C,0.6946598842166343,0.06888888459584595,0.23645123118752054,4,10,sar_0.2,sar,0.2
51,A,0.5936482728161679,0.08074310350791301,0.32560862367591864,4,10,sar_0.2,sar,0.2
51,C,0.680098540072808,0.0695965010894743,0.2503049588377178,4,10,sar_0.2,sar,0.2
52,A,0.5782290896897239,0.08007453907118492,0.3416963712390901,4,10,sar_0.2,sar,0.2
52,C,0.6657391570808489,0.06999181656659337,0.26426902635255745,4,10,sar_0.2,sar,0.2
53,A,0.5633278670704175,0.07905700950519481,0.35761512342438884,4,10,sar_0.2,sar,0.2
53,C,0.6516447041353857,0.07007445531188057,0.2782808405527324,4,10,sar_0.2,sar,0.2
54,A,0.54898687745421,0.07771560328387032,0.3732975192619193,4,10,sar_0.2,sar,0.2
54,C,0.6378720910275563,0.06984961333971058,0.2922782956327328,4,10,sar_0.2,sar,0.2
55,A,0.5352387627865803,0.07607958549722023,0.38868165171619945,4,10,sar_0.2,sar,0.2
55,C,0.6244714735050481,0.0693276743213176,0.3062008521736338,4,10,sar_0.2,sar,0.2
56,A,0.5221069221884801,0.07418128589152524,0.4037117919199949,4,10,sar_0.2,sar,0.2
56,C,0.611485816833957,0.06852366101557232,0.319990522150471,4,10,sar_0.2,sar,0.2
57,A,0.5096061215217489,0.07205498818763524,0.4183388902906161,4,10,sar_0.2,sar,0.2
57,C,0.5989507186353915,0.06745655135957876,0.3335927300050283,4,10,sar_0.2,sar,0.2
58,A,0.49774326269014,0.06973587664815913,0.4325208606617017,4,10,sar_0.2,sar,0.2
58,C,0.5868944638495378,0.0661485083714157,0.3469570277790454,4,10,sar_0.2,sar,0.2
59,A,0.48651824051114695,0.06725909531691235,0.44622266417194145,4,10,sar_0.2,sar,0.2
59,C,0.5753382554336688,0.06462409133367214,0.3600376532326596,4,10,sar_0.2,sar,0.2
60,A,0.47592485843104604,0.0646589252158141,0.45941621635313984,4,10,sar_0.2,sar,0.2
60,C,0.5642966111782557,0.06290946017913009,0.37279392864261585,4,10,sar_0.2,sar,0.2
61,A,0.46595175502269276,0.06196810096608885,0.4720801440112176,4,10,sar_0.2,sar,0.2
61,C,0.5537778821973897,0.06103161372303917,0.3851905040795737,4,10,sar_0.2,sar,0.2
62,A,0.45658330537593544,0.05921727448204741,0.4841994201420181,4,10,sar_0.2,sar,0.2
62,C,0.5437848537397199,0.059017691834944146,0.3971974544253346,4,10,sar_0.2,sar,0.2
63,A,0.4478004698984959,0.05643462415431651,0.49576490594718864,4,10,sar_0.2,sar,0.2
63,C,0.5343153914091089,0.05689436378389755,0.40879024480699444,4,10,sar_0.2,sar,0.2
64,A,0.43958157314511337,0.05364559860232757,0.5067728282525604,4,10,sar_0.2,sar,0.2
64,C,0.5253631030009231,0.05468731387828969,0.4199495831207875,4,10,sar_0.2,sar,0.2
65,A,0.43190300294275136,0.050872779070010726,0.5172242179872382,4,10,sar_0.2,sar,0.2
65,C,0.5169179924980138,0.0524208275894188,0.43066117991256664,4,10,sar_0.2,sar,0.2
66,A,0.4247398252965246,0.0481358430003456,0.5271243317031302,4,10,sar_0.2,sar,0.2
66,C,0.5089670876664593,0.050117476669176916,0.4409154356643642,4,10,sar_0.2,sar,0.2
67,A,0.4180663145095796,0.04545161108216803,0.5364820744082521,4,10,sar_0.2,sar,0.2
67,C,0.5014950271343258,0.04779789825719,0.4507070746084835,4,10,sar_0.2,sar,0.2
68,A,0.41185640124351613,0.04283416018945934,0.545309438567024,4,10,sar_0.2,sar,0.2
68,C,0.4944845973363569,0.0454806597016427,0.46003474296200114,4,10,sar_0.2,sar,0.2
69,A,0.40608404380875324,0.04029498536882853,0.5536209708224178,4,10,sar_0.2,sar,0.2
69,C,0.48791721394989346,0.043182198294831595,0.4689005877552755,4,10,sar_0.2,sar,0.2
70,A,0.4007235296069579,0.03784319562057702,0.561433274772465,4,10,sar_0.2,sar,0.2
70,C,0.4817733459348698,0.04091682391355906,0.4773098301515716,4,10,sar_0.2,sar,0.2
71,A,0.3957497143884048,0.03548573040638233,0.5687645552052119,4,10,sar_0.2,sar,0.2
71,C,0.4760328828307247,0.038696772540709704,0.4852703446285657,4,10,sar_0.2,sar,0.2
72,A,0.3911382070929721,0.03322758613142869,0.5756342067756007,4,10,sar_0.2,sar,0.2
72,C,0.47067544769382486,0.036532299319738566,0.49279225298643714,4,10,sar_0.2,sar,0.2
73,A,0.386865507800482,0.031072043990616815,0.5820624482089011,4,10,sar_0.2,sar,0.2
73,C,0.4656806592305071,0.03443180076407103,0.4998875400054211,4,10,sar_0.2,sar,0.2
74,A,0.38290910589600985,0.029020892478387145,0.5880700016256041,4,10,sar_0.2,sar,0.2
74,C,0.4610283474637817,0.03240195687488679,0.5065696956613323,4,10,sar_0.2,sar,0.2
75,A,0.3792475450100782,0.027074639574563963,0.5936778154153576,4,10,sar_0.2,sar,0.2
75,C,0.45669872772048864,0.03044788519165312,0.5128533870878597,4,10,sar_0.2,sar,0.2
76,A,0.3758604604674841,0.02523271129500604,0.5989068282375112,4,10,sar_0.2,sar,0.2
76,C,0.4526725378059523,0.02857330020122163,0.5187541619928254,4,10,sar_0.2,sar,0.2
77,A,0.3727285949217646,0.023493633948404195,0.6037777711298316,4,10,sar_0.2,sar,0.2
77,C,0.4489311432761307,0.026780672697872848,0.524288184025997,4,10,sar_0.2,sar,0.2
78,A,0.36983379655793236,0.021855199088651647,0.6083110043534161,4,10,sar_0.2,sar,0.2
78,C,0.4454566153839214,0.025071384962513172,0.529471999653566,4,10,sar_0.2,sar,0.2
79,A,0.36715900268483725,0.02031461177345222,0.6125263855417108,4,10,sar_0.2,sar,0.2
79,C,0.4422317855943864,0.02344587899588346,0.5343223354097287,4,10,sar_0.2,sar,0.2
80,A,0.3646882130030533,0.018868621268163306,0.6164431657287844,4,10,sar_0.2,sar,0.2
80,C,0.4392402805726493,0.02190379552957065,0.5388559238977799,4,10,sar_0.2,sar,0.2
81,A,0.36240645510574027,0.017513635030842623,0.6200799098634167,4,10,sar_0.2,sar,0.2
81,C,0.4364665410823541,0.020444102366611813,0.543089356551035,4,10,sar_0.2,sar,0.2
82,A,0.36029974435759815,0.016245817095472268,0.6234544385469292,4,10,sar_0.2,sar,0.2
82,C,0.43389582777172125,0.01906521129568701,0.5470389609325923,4,10,sar_0.2,sar,0.2
83,A,0.3583550398543551,0.015061172164631162,0.6265837879810129,4,10,sar_0.2,sar,0.2
83,C,0.4315142163883815,0.017765083360103358,0.5507207002515151,4,10,sar_0.2,sar,0.2
84,A,0.35656019794267485,0.013955616658411359,0.6294841853989142,4,10,sar_0.2,sar,0.2
84,C,0.4293085846101645,0.016541322617049957,0.5541500927727866,4,10,sar_0.2,sar,0.2
85,A,0.35490392453588504,0.012925037951937538,0.6321710375121787,4,10,sar_0.2,sar,0.2
85,C,0.4272665923751417,0.015391258766846364,0.557342148858011,4,10,sar_0.2,sar,0.2
86,A,0.3533757271730036,0.01196534308574015,0.6346589297412564,4,10,sar_0.2,sar,0.2
86,C,0.42537665730573343,0.014312019225341022,0.5603113234689268,4,10,sar_0.2,sar,0.2
87,A,0.3519658675180838,0.011072498238451321,0.6369616342434659,4,10,sar_0.2,sar,0.2
87,C,0.42362792655040615,0.01330059135862707,0.5630714820909665,4,10,sar_0.2,sar,0.2
88,A,0.35066531482493757,0.01024256016799694,0.639092125007066,4,10,sar_0.2,sar,0.2
88,C,0.42201024612995586,0.012353875684042365,0.5656358781860027,4,10,sar_0.2,sar,0.2
89,A,0.3494657007728844,0.009471700707449356,0.641062598519666,4,10,sar_0.2,sar,0.2
89,C,0.4205141286790243,0.011468730870840134,0.5680171404501347,4,10,sar_0.2,sar,0.2
90,A,0.3483592759753752,0.00875622529764052,0.6428844987269846,4,10,sar_0.2,sar,0.2
90,C,0.41913072030936316,0.010642011369512054,0.5702272683211241,4,10,sar_0.2,sar,0.2
91,A,0.3473388683664036,0.008092586453415781,0.6445685451801813,4,10,sar_0.2,sar,0.2
91,C,0.4178517671796568,0.009870598477080975,0.5722776343432604,4,10,sar_0.2,sar,0.2
92,A,0.3463978435889823,0.007477392973326272,0.6461247634376908,4,10,sar_0.2,sar,0.2
92,C,0.41666958223433065,0.009151425611322985,0.5741789921543461,4,10,sar_0.2,sar,0.2
93,A,0.3455300674512708,0.006907415606818696,0.6475625169419096,4,10,sar_0.2,sar,0.2
93,C,0.4155770124707469,0.008481498520036346,0.5759414890092162,4,10,sar_0.2,sar,0.2
94,A,0.3447298704741538,0.006379589798838201,0.6488905397270068,4,10,sar_0.2,sar,0.2
94,C,0.4145674070099494,0.007857911095344111,0.5775746818947064,4,10,sar_0.2,sar,0.2
95,A,0.3439920145214141,0.0058910160489167845,0.6501169694296713,4,10,sar_0.2,sar,0.2
95,C,0.4136345861772983,0.007277857403255335,0.5790875564194465,4,10,sar_0.2,sar,0.2
96,A,0.34331166147431147,0.005438958352371513,0.651249380173318,4,10,sar_0.2,sar,0.2
96,C,0.41277281173547303,0.006738640486118582,0.5804885477784082,4,10,sar_0.2,sar,0.2
97,A,0.3426843439014249,0.005020841116778531,0.6522948149817968,4,10,sar_0.2,sar,0.2
97,C,0.4119767583952823,0.0062376784097692385,0.5817855631949482,4,10,sar_0.2,sar,0.2
98,A,0.3421059376484488,0.004634244898706855,0.6532598174528437,4,10,sar_0.2,sar,0.2
98,C,0.41124148666024973,0.00577250800460964,0.5829860053351409,4,10,sar_0.2,sar,0.2
99,A,0.3415726362527702,0.0042769012610336075,0.6541504624861965,4,10,sar_0.2,sar,0.2
99,C,0.41056241699540796,0.005340786728937961,0.584096796275654,4,10,sar_0.2,sar,0.2
100,A,0.34108092711664567,0.003946686969780219,0.6549723859135738,4,10,sar_0.2,sar,0.2
100,C,0.40993530538591033,0.004940292935126939,0.5851244016789633,4,10,sar_0.2,sar,0.2
101,A,0.3406275693439308,0.003641617735934941,0.6557308129201341,4,10,sar_0.2,sar,0.2
101,C,0.40935622026489454,0.00456892484542898,0.5860748548896779,4,10,sar_0.2,sar,0.2
102,A,0.34020957314622585,0.003359841670748211,0.6564305851830261,4,10,sar_0.2,sar,0.2
102,C,0.4088215207819148,0.0042246984988510115,0.5869537807192333,4,10,sar_0.2,sar,0.2
103,A,0.33982418072501686,0.0030996325914154437,0.6570761866835667,4,10,sar_0.2,sar,0.2
103,C,0.40832783637260583,0.003905744892253016,0.5877664187351413,4,10,sar_0.2,sar,0.2
104,A,0.3394688485405908,0.0028593832847885734,0.6576717681746197,4,10,sar_0.2,sar,0.2
104,C,0.4078720475889061,0.0036103064981655216,0.5885176459129282,4,10,sar_0.2,sar,0.2
105,A,0.33914123088133263,0.002637598814654246,0.6582211703040141,4,10,sar_0.2,sar,0.2
105,C,0.40745126814483906,0.003336733312432181,0.589211998542729,4,10,sar_0.2,sar,0.2
106,A,0.33883916464886177,0.0024328899413421736,0.6587279454097972,4,10,sar_0.2,sar,0.2
106,C,0.4070628281261079,0.0030834785639004335,0.5898536933099923,4,10,sar_0.2,sar,0.2
107,A,0.3385606552771479,0.0022439667076710585,0.659195378015181,4,10,sar_0.2,sar,0.2
107,C,0.40670425830738915,0.002849094198845791,0.5904466474937649,4,10,sar_0.2,sar,0.2
108,A,0.338303863707768,0.0020696322316207574,0.6596265040606126,4,10,sar_0.2,sar,0.2
108,C,0.4063732755203741,0.0026322262327436005,0.5909944982468814,4,10,sar_0.2,sar,0.2
109,A,0.33806709434790144,0.001908776734594754,0.6600241289175037,4,10,sar_0.2,sar,0.2
109,C,0.40606776901649805,0.0024316100439999884,0.5915006209395026,4,10,sar_0.2,sar,0.2
110,A,0.3378487839418025,0.0017603718252062086,0.6603908442329907,4,10,sar_0.2,sar,0.2
110,C,0.40578578776901786,0.0022460656700801778,0.5919681465609015,4,10,sar_0.2,sar,0.2
111,A,0.3376474912902852,0.0016234650515668356,0.6607290436581492,4,10,sar_0.2,sar,0.2
111,C,0.40552552865975866,0.002074493155231718,0.5923999781850111,4,10,sar_0.2,sar,0.2
112,A,0.33746188775660807,0.0014971747292654928,0.6610409375141265,4,10,sar_0.2,sar,0.2
112,C,0.40528532549691104,0.001915867989134644,0.5927988065139544,4,10,sar_0.2,sar,0.2
113,A,0.337290748501048,0.0013806850473157366,0.6613285664516358,4,10,sar_0.2,sar,0.2
113,C,0.4050636388122072,0.0017692366668734865,0.5931671245209184,4,10,sar_0.2,sar,0.2
114,A,0.33713294439028485,0.00127324145042173,0.661593814159294,4,10,sar_0.2,sar,0.2
114,C,0.40485904638791587,0.0016337123930034016,0.5935072412190792,4,10,sar_0.2,sar,0.2
115,A,0.3369874345313329,0.0011741462929531314,0.661838419175713,4,10,sar_0.2,sar,0.2
115,C,0.40467023446641104,0.0015084709463591285,0.5938212945872301,4,10,sar_0.2,sar,0.2
116,A,0.3368532593834754,0.0010827547575323348,0.6620639858589924,4,10,sar_0.2,sar,0.2
116,C,0.4044959895975564,0.0013927467169963033,0.5941112636854466,4,10,sar_0.2,sar,0.2
117,A,0.33672953440363634,9.984710306219875e-4,0.6622719945657409,4,10,sar_0.2,sar,0.2
117,C,0.40433519108004917,0.0012858289238493609,0.5943789799961019,4,10,sar_0.2,sar,0.2
118,A,0.3366154441848824,9.207447250401557e-4,0.6624638110900769,4,10,sar_0.2,sar,0.2
118,C,0.40418680395641804,0.0011870580168353768,0.5946261380267472,4,10,sar_0.2,sar,0.2
119,A,0.3365102370522101,8.490675370138976e-4,0.6626406954107763,4,10,sar_0.2,sar,0.2
119,C,0.4040498725255509,0.0010958222626153845,0.5948543052118334,4,10,sar_0.2,sar,0.2
120,A,0.3364132200787065,7.829701286918488e-4,0.662803809792602,4,10,sar_0.2,sar,0.2
120,C,0.4039235143345013,0.0010115545153613036,0.5950649311501363,4,10,sar_0.2,sar,0.2
121,A,0.33632375449012014,7.220192242494417e-4,0.6629542262856306,4,10,sar_0.2,sar,0.2
121,C,0.40380691461619794,9.337291692786374e-4,0.5952593562145229,4,10,sar_0.2,sar,0.2
122,A,0.33624125142803485,6.658149078004921e-4,0.6630929336641654,4,10,sar_0.2,sar,0.2
122,C,0.4036993211415697,8.6185928842567e-4,0.5954388195700054,4,10,sar_0.2,sar,0.2
123,A,0.3361651680441268,6.139881114175817e-4,0.6632208438444557,4,10,sar_0.2,sar,0.2
123,C,0.40360003945661316,7.95493908312226e-4,0.5956044666350752,4,10,sar_0.2,sar,0.2
124,A,0.3360950038998332,5.661982820498161e-4,0.6633387978181164,4,10,sar_0.2,sar,0.2
124,C,0.40350842847665713,7.342155032930486e-4,0.5957573560200492,4,10,sar_0.2,sar,0.2
125,A,0.33603029764761344,5.221312164869114e-4,0.6634475711358991,4,10,sar_0.2,sar,0.2
125,C,0.4034238964117824,6.776376132880794e-4,0.5958984659749289,4,10,sar_0.2,sar,0.2
126,A,0.33597062397188426,4.8149705376432627e-4,0.6635478789743511,4,10,sar_0.2,sar,0.2
126,C,0.4033458969992094,6.254026228566181e-4,0.5960287003779345,4,10,sar_0.2,sar,0.2
127,A,0.33591559076941446,4.4402841473310215e-4,0.6636403808158517,4,10,sar_0.2,sar,0.2
127,C,0.40327392602017714,5.771796853339968e-4,0.5961488942944889,4,10,sar_0.2,sar,0.2
128,A,0.33586483655055505,4.0947867898891214e-4,0.6637256847704565,4,10,sar_0.2,sar,0.2
128,C,0.4032075180804048,5.326627846661324e-4,0.5962598191349294,4,10,sar_0.2,sar,0.2
129,A,0.33581802804402766,3.7762038987681525e-4,0.6638043515660957,4,10,sar_0.2,sar,0.2
129,C,0.40314624363461143,4.915689276393782e-4,0.5963621874377484,4,10,sar_0.2,sar,0.2
130,A,0.33577485798938056,3.4824377878024817e-4,0.6638768982318397,4,10,sar_0.2,sar,0.2
130,C,0.4030897062369828,4.536364592995432e-4,0.5964566573037179,4,10,sar_0.2,sar,0.2
131,A,0.33573504310239427,3.2115540036486387e-4,0.6639438014972419,4,10,sar_0.2,sar,0.2
131,C,0.40303754000071573,4.1862349447584625e-4,0.5965438365048069,4,10,sar_0.2,sar,0.2
132,A,0.33569832219991463,2.9617687091287154e-4,0.664005500929174,4,10,sar_0.2,sar,0.2
132,C,0.4029894072510363,3.863064585026847e-4,0.5966242862904612,4,10,sar_0.2,sar,0.2
133,A,0.33566445447162746,2.7314370235853114e-4,0.6640624018260142,4,10,sar_0.2,sar,0.2
133,C,0.4029449963571765,3.564787304665032e-4,0.5966985249123572,4,10,sar_0.2,sar,0.2
134,A,0.3356332178872547,2.5190422510258914e-4,0.6641148778876432,4,10,sar_0.2,sar,0.2
134,C,0.4029040197298695,3.2894938257139404e-4,0.5967670308875594,4,10,sar_0.2,sar,0.2
135,A,0.335604407728554,2.3231859312728814e-4,0.6641632736783195,4,10,sar_0.2,sar,0.2
135,C,0.4028662119718901,3.035420094926467e-4,0.5968302460186174,4,10,sar_0.2,sar,0.2
136,A,0.33557783523634876,2.1425786534008112e-4,0.6642079068983119,4,10,sar_0.2,sar,0.2
136,C,0.4028313281700913,2.800936418479205e-4,0.5968885781880601,4,10,sar_0.2,sar,0.2
137,A,0.3355533263635182,1.9760315753497104e-4,0.6642490704789471,4,10,sar_0.2,sar,0.2
137,C,0.40279914231819014,2.584537382850896e-4,0.5969424039435242,4,10,sar_0.2,sar,0.2
138,A,0.33553072062564443,1.82244859686621e-4,0.6642870345146691,4,10,sar_0.2,sar,0.2
138,C,0.40276944586038527,2.3848325089301762e-4,0.5969920708887214,4,10,sar_0.2,sar,0.2
139,A,0.3355098700417417,1.6808191358867194e-4,0.6643220480446701,4,10,sar_0.2,sar,0.2
139,C,0.4027420463467764,2.2005375883302913e-4,0.5970378998943906,4,10,sar_0.2,sar,0.2
140,A,0.33549063815790103,1.550211463852212e-4,0.6643543406957134,4,10,sar_0.2,sar,0.2
140,C,0.4027167661919281,2.0304666564584502e-4,0.5970801871424253,4,10,sar_0.2,sar,0.2
141,A,0.3354728991473651,1.429766557410558e-4,0.6643841241968937,4,10,sar_0.2,sar,0.2
141,C,0.4026934415287665,1.8735245578432438e-4,0.5971192060154499,4,10,sar_0.2,sar,0.2
142,A,0.3354565369810295,1.3186924270920712e-4,0.6644115937762612,4,10,sar_0.2,sar,0.2
142,C,0.40267192115052985,1.728700062016873e-4,0.5971552088432694,4,10,sar_0.2,sar,0.2
143,A,0.33544144466287307,1.216258886418535e-4,0.6644369294484854,4,10,sar_0.2,sar,0.2
143,C,0.40265206553408617,1.5950594908561722e-4,0.5971884285168273,4,10,sar_0.2,sar,0.2
144,A,0.33542752352520766,1.1217927277310917e-4,0.6644602972020195,4,10,sar_0.2,sar,0.2
144,C,0.4026337459383876,1.4717408209774158e-4,0.5972190799795138,4,10,sar_0.2,sar,0.2
145,A,0.3354146825790511,1.0346732735511197e-4,0.6644818500935935,4,10,sar_0.2,sar,0.2
145,C,0.4026168435722977,1.3579482271866377e-4,0.5972473616049838,4,10,sar_0.2,sar,0.2
146,A,0.3354028379153041,9.543282745529138e-5,0.6645017292572408,4,10,sar_0.2,sar,0.2
146,C,0.4026012488264949,1.252947035141922e-4,0.5972734564699915,4,10,sar_0.2,sar,0.2
147,A,0.33539191215274344,8.802301273517761e-5,0.664520064834522,4,10,sar_0.2,sar,0.2
147,C,0.40258686056453535,1.1560590534526733e-4,0.5972975335301194,4,10,sar_0.2,sar,0.2
148,A,0.3353818339291618,8.118923873415512e-5,0.6645369768321043,4,10,sar_0.2,sar,0.2
148,C,0.4025735854685405,1.0666582574757135e-4,0.5973197487057125,4,10,sar_0.2,sar,0.2
149,A,0.3353725374322778,7.48866553717347e-5,0.66455257591235,4,10,sar_0.2,sar,0.2
149,C,0.40256133743531675,9.841667990088539e-5,0.5973402458847831,4,10,sar_0.2,sar,0.2
150,A,0.33536396196729035,6.907391055639341e-5,0.6645669641221534,4,10,sar_0.2,sar,0.2
150,C,0.4025500370190369,9.080513178788172e-5,0.597359157849175,4,10,sar_0.2,sar,0.2
151,A,0.3353560515582132,6.371287694923681e-5,0.6645802355648384,4,10,sar_0.2,sar,0.2
151,C,0.4025396109169053,8.378195330850371e-5,0.5973766071297878,4,10,sar_0.2,sar,0.2
152,A,0.3353487545803373,5.876840007956474e-5,0.6645924770195839,4,10,sar_0.2,sar,0.2
152,C,0.4025299914944907,7.730170927279878e-5,0.5973927067962359,4,10,sar_0.2,sar,0.2
153,A,0.33534202342139136,5.420806614823876e-5,0.6646037685124595,4,10,sar_0.2,sar,0.2
153,C,0.4025211163477029,7.132246634329386e-5,0.5974075611859552,4,10,sar_0.2,sar,0.2
154,A,0.3353358141691476,5.000198798349605e-5,0.6646141838428691,4,10,sar_0.2,sar,0.2
154,C,0.40251292789855075,6.580552413697908e-5,0.5974212665773125,4,10,sar_0.2,sar,0.2
155,A,0.3353300863233968,4.612260773256861e-5,0.6646237910688693,4,10,sar_0.2,sar,0.2
155,C,0.40250537302213324,6.0715166826258534e-5,0.5974339118110406,4,10,sar_0.2,sar,0.2
156,A,0.33532480253040986,4.25445149814121e-5,0.6646326529546093,4,10,sar_0.2,sar,0.2
156,C,0.4024984027024074,5.6018433697606736e-5,0.5974455788638943,4,10,sar_0.2,sar,0.2
157,A,0.3353199283380908,3.924427909846717e-5,0.6646408273828104,4,10,sar_0.2,sar,0.2
157,C,0.4024919717145554,5.168490724244258e-5,0.5974563433782022,4,10,sar_0.2,sar,0.2
158,A,0.33531543197023556,3.620029468972396e-5,0.6646483677350751,4,10,sar_0.2,sar,0.2
158,C,0.4024860383318654,4.768651745587805e-5,0.5974662751506791,4,10,sar_0.2,sar,0.2
159,A,0.33531128411838373,3.339263913615787e-5,0.6646553232424797,4,10,sar_0.2,sar,0.2
159,C,0.4024805640552751,4.3997361112348864e-5,0.5974754385836124,4,10,sar_0.2,sar,0.2
160,A,0.3353074577498969,3.080294127228897e-5,0.6646617393088302,4,10,sar_0.2,sar,0.2
160,C,0.40247551336380033,4.059353488952706e-5,0.5974838931013116,4,10,sar_0.2,sar,0.2
161,A,0.33530392793099073,2.841426033321338e-5,0.6646676578086756,4,10,sar_0.2,sar,0.2
161,C,0.40247085348424133,3.745298128834342e-5,0.5974916935344693,4,10,sar_0.2,sar,0.2
162,A,0.3353006716635533,2.6210974365859214e-5,0.6646731173620826,4,10,sar_0.2,sar,0.2
162,C,0.4024665541787039,3.4555346375705926e-5,0.5974988904749203,4,10,sar_0.2,sar,0.2
163,A,0.33529766773467307,2.4178677363109435e-5,0.6646781535879627,4,10,sar_0.2,sar,0.2
163,C,0.40246258754851416,3.1881848449292494e-5,0.5975055306030377,4,10,sar_0.2,sar,0.2
164,A,0.3352948965778946,2.230408443799457e-5,0.6646827993376682,4,10,sar_0.2,sar,0.2
164,C,0.4024589278533147,2.941515679217448e-5,0.5975116569898948,4,10,sar_0.2,sar,0.2
165,A,0.3352923401452569,2.0574944408731675e-5,0.6646870849103346,4,10,sar_0.2,sar,0.2
165,C,0.4024555513441315,2.7139279747750822e-05,0.5975173093761205,4,10,sar_0.2,sar,0.2
166,A,0.3352899817893173,1.8979959214417916e-5,0.6646910382514695,4,10,sar_0.2,sar,0.2
166,C,0.4024524361093494,2.5039461403051134e-5,0.5975225244292485,4,10,sar_0.2,sar,0.2
167,A,0.3352878061543364,1.750870962645615e-5,0.6646946851360376,4,10,sar_0.2,sar,0.2
167,C,0.40244956193258846,2.310208622192644e-5,0.5975273359811881,4,10,sar_0.2,sar,0.2
168,A,0.3352857990759446,1.6151586762749433e-5,0.6646980493372918,4,10,sar_0.2,sar,0.2
168,C,0.4024469101615864,2.131459101951535e-5,0.5975317752473941,4,10,sar_0.2,sar,0.2
169,A,0.33528394748860685,1.4899728950439211e-5,0.6647011527824424,4,10,sar_0.2,sar,0.2
169,C,0.4024444635871932,1.9665383715635985e-5,0.597535871029091,4,10,sar_0.2,sar,0.2
170,A,0.33528223934028745,1.3744963518589364e-5,0.6647040156961949,4,10,sar_0.2,sar,0.2
170,C,0.4024422063317483,1.8143768347463486e-5,0.5975396498999045,4,10,sar_0.2,sar,0.2
171,A,0.3352806635137526,1.2679753134991397e-5,0.6647066567331125,4,10,sar_0.2,sar,0.2
171,C,0.4024401237460746,1.6739875861269833e-5,0.5975431363780658,4,10,sar_0.2,sar,0.2
172,A,0.3352792097539928,1.169714633148484e-5,0.6647090930996745,4,10,sar_0.2,sar,0.2
172,C,0.4024382023144389,1.544460023950898e-5,0.5975463530853211,4,10,sar_0.2,sar,0.2
173,A,0.33527786860128794,1.079073189007836e-5,0.6647113406668215,4,10,sar_0.2,sar,0.2
173,C,0.4024364295668751,1.4249539553359043e-5,0.5975493208935715,4,10,sar_0.2,sar,0.2
174,A,0.335276631329469,9.954596787869073e-6,0.6647134140737434,4,10,sar_0.2,sar,0.2
174,C,0.4024347939982694,1.3146941562137014e-5,0.5975520590601674,4,10,sar_0.2,sar,0.2
175,A,0.33527548988899175,9.183287422439193e-6,0.6647153268235853,4,10,sar_0.2,sar,0.2
175,C,0.40243328499372044,1.2129653509924237e-5,0.5975545853527695,4,10,sar_0.2,sar,0.2
176,A,0.33527443685442093,8.471773861196002e-6,0.6647170913717175,4,10,sar_0.2,sar,0.2
176,C,0.40243189275966373,1.1191075796428021e-5,0.597556916164539,4,10,sar_0.2,sar,0.2
177,A,0.33527346537600383,7.815416878316488e-6,0.664718719207118,4,10,sar_0.2,sar,0.2
177,C,0.40243060826032845,1.0325119223955427e-5,0.5975590666204469,4,10,sar_0.2,sar,0.2
178,A,0.33527256913500014,7.209937561392437e-6,0.664720220927438,4,10,sar_0.2,sar,0.2
178,C,0.4024294231591044,9.526165545074468e-6,0.5975610506753519,4,10,sar_0.2,sar,0.2
179,A,0.3352717423024856,6.651389286837018e-6,0.6647216063082275,4,10,sar_0.2,sar,0.2
179,C,0.40242832976444753,8.789031056484441e-6,0.5975628812044965,4,10,sar_0.2,sar,0.2
180,A,0.33527097950135454,6.136131879153218e-6,0.6647228843667664,4,10,sar_0.2,sar,0.2
180,C,0.40242732097997486,8.108933004594901e-6,0.5975645700870208,4,10,sar_0.2,sar,0.2
181,A,0.33527027577127083,5.660807783458018e-6,0.6647240634209469,4,10,sar_0.2,sar,0.2
181,C,0.40242639025841,7.4814585860195256e-6,0.5975661282830035,4,10,sar_0.2,sar,0.2
182,A,0.33526962653634446,5.222320094027648e-6,0.6647251511435621,4,10,sar_0.2,sar,0.2
182,C,0.40242553155910027,6.902536342859825e-6,0.5975675659045575,4,10,sar_0.2,sar,0.2
183,A,0.3352690275753141,4.817812293942478e-6,0.6647261546123934,4,10,sar_0.2,sar,0.2
183,C,0.4024247393088137,6.368409768037626e-6,0.597568892281419,4,10,sar_0.2,sar,0.2
184,A,0.3352684749940441,4.44464957227792e-6,0.6647270803563832,4,10,sar_0.2,sar,0.2
184,C,0.40242400836557607,5.875612950177961e-6,0.597570116021475,4,10,sar_0.2,sar,0.2
185,A,0.3352679652001635,4.100401595746148e-6,0.6647279343982413,4,10,sar_0.2,sar,0.2
185,C,0.40242333398529834,5.420948100669818e-6,0.5975712450666005,4,10,sar_0.2,sar,0.2
186,A,0.3352674948796604,3.7828266213154824e-6,0.6647287222937188,4,10,sar_0.2,sar,0.2
186,C,0.40242271179099504,5.001464817630951e-6,0.5975722867441892,4,10,sar_0.2,sar,0.2
187,A,0.33526706097530484,3.48985684520479e-6,0.6647294491678503,4,10,sar_0.2,sar,0.2
187,C,0.40242213774436997,4.614440952678253e-6,0.597573247814676,4,10,sar_0.2,sar,0.2
188,A,0.3352666606667418,3.219584891832204e-6,0.6647301197483673,4,10,sar_0.2,sar,0.2
188,C,0.4024216081196213,4.257364956739366e-6,0.5975741345154214,4,10,sar_0.2,sar,0.2
189,A,0.3352662913521241,2.9702513538409222e-6,0.6647307383965219,4,10,sar_0.2,sar,0.2
189,C,0.40242111947925047,3.927919590683366e-6,0.5975749526011593,4,10,sar_0.2,sar,0.2
190,A,0.3352659506311793,2.7402333012729932e-6,0.6647313091355204,4,10,sar_0.2,sar,0.2
190,C,0.40242066865175863,3.623966895356316e-6,0.5975757073813454,4,10,sar_0.2,sar,0.2
191,A,0.33526563628958,2.5280336843627067e-6,0.6647318356767348,4,10,sar_0.2,sar,0.2
191,C,0.402420252711064,3.3435343237312104e-6,0.597576403754611,4,10,sar_0.2,sar,0.2
192,A,0.335265346284538,2.3322715603212833e-6,0.6647323214439012,4,10,sar_0.2,sar,0.2
192,C,0.4024198689575118,3.0848019453850797e-6,0.5975770462405426,4,10,sar_0.2,sar,0.2
193,A,0.33526507873150396,2.1516730799229825e-6,0.6647327695954164,4,10,sar_0.2,sar,0.2
193,C,0.40241951490035,2.84609064044304e-6,0.5975776390090107,4,10,sar_0.2,sar,0.2
194,A,0.33526483189190676,1.9850631747165504e-6,0.6647331830449176,4,10,sar_0.2,sar,0.2
194,C,0.4024191882415682,2.6258512065245577e-6,0.5975781859072252,4,10,sar_0.2,sar,0.2
195,A,0.3352646041618412,1.831357890305358e-6,0.6647335644802685,4,10,sar_0.2,sar,0.2
195,C,0.4024188868609816,2.4226543081291267e-6,0.5975786904847098,4,10,sar_0.2,sar,0.2
196,A,0.33526439406163216,1.6895573153968516e-6,0.6647339163810527,4,10,sar_0.2,sar,0.2
196,C,0.4024186088024736,2.235181203343884e-6,0.5975791560163239,4,10,sar_0.2,sar,0.2
197,A,0.33526420022620756,1.5587390602499705e-6,0.6647342410347328,4,10,sar_0.2,sar,0.2
197,C,0.40241835226129286,2.0622151877892514e-6,0.5975795855235202,4,10,sar_0.2,sar,0.2
198,A,0.33526402139622224,1.4380522417633208e-6,0.6647345405515377,4,10,sar_0.2,sar,0.2
198,C,0.4024181155723472,1.9026337003530023e-6,0.5975799817939524,4,10,sar_0.2,sar,0.2
199,A,0.33526385640985984,1.3267119357773824e-6,0.6647348168782047,4,10,sar_0.2,sar,0.2
199,C,0.40241789719939547,1.755401039538838e-6,0.5975803473995648,4,10,sar_0.2,sar,0.2
200,A,0.3352637041952843,1.2239940602497183e-6,0.6647350718106552,4,10,sar_0.2,sar,0.2
200,C,0.40241769572507435,1.619561643227929e-6,0.5975806847132827,4,10,sar_0.2,sar,0.2
201,A,0.33526356376366445,1.129230655787729e-6,0.66473530700568,4,10,sar_0.2,sar,0.2
201,C,0.4024175098417003,1.4942338882861893e-6,0.5975809959244112,4,10,sar_0.2,sar,0.2
202,A,0.3352634342027428,1.0418055326362224e-6,0.6647355239917243,4,10,sar_0.2,sar,0.2
202,C,0.4024173383427847,1.3786043698171654e-6,0.597581283052846,4,10,sar_0.2,sar,0.2
203,A,0.3352633146709088,9.61150255624918e-7,0.664735724178836,4,10,sar_0.2,sar,0.2
203,C,0.4024171801151994,1.2719226229670691e-6,0.5975815479621768,4,10,sar_0.2,sar,0.2
204,A,0.33526320439171886,8.867404408018348e-7,0.6647359088678396,4,10,sar_0.2,sar,0.2
204,C,0.40241703413195556,1.1734962530568293e-6,0.5975817923717914,4,10,sar_0.2,sar,0.2
205,A,0.33526310264885734,8.180923395252091e-7,0.6647360792588028,4,10,sar_0.2,sar,0.2
205,C,0.40241689944553394,1.082686442461775e-6,0.5975820178680245,4,10,sar_0.2,sar,0.2
206,A,0.3352630087814714,7.547596876727275e-7,0.6647362364588414,4,10,sar_0.2,sar,0.2
206,C,0.402416775181741,9.9890380510003e-7,0.5975822259144543,4,10,sar_0.2,sar,0.2
207,A,0.3352629221798801,6.96330799366121e-7,0.6647363814893215,4,10,sar_0.2,sar,0.2
207,C,0.40241666053402897,9.216045616428874e-7,0.59758241786141,4,10,sar_0.2,sar,0.2
208,A,0.3352628422816089,6.424258862128349e-7,0.6647365152925055,4,10,sar_0.2,sar,0.2
208,C,0.4024165547582649,8.502870106392632e-7,0.5975825949547247,4,10,sar_0.2,sar,0.2
209,A,0.3352627685677335,5.926945845451774e-7,0.664736638737681,4,10,sar_0.2,sar,0.2
209,C,0.40241645716790064,7.844882726646979e-7,0.5975827583438262,4,10,sar_0.2,sar,0.2
210,A,0.33526270055950974,5.468136745006703e-7,0.6647367526268153,4,10,sar_0.2,sar,0.2
210,C,0.40241636712951484,7.237812863753159e-7,0.5975829090891991,4,10,sar_0.2,sar,0.2
211,A,0.33526263781525756,5.044849760440709e-7,0.6647368576997659,4,10,sar_0.2,sar,0.2
211,C,0.4024162840587014,6.677720369801896e-7,0.597583048169261,4,10,sar_0.2,sar,0.2
212,A,0.335262579927494,4.6543340819049605e-7,0.6647369546390981,4,10,sar_0.2,sar,0.2
212,C,0.40241620741628187,6.160969991523678e-7,0.5975831764867193,4,10,sar_0.2,sar,0.2
213,A,0.3352625265202837,4.294051987576265e-7,0.6647370440745173,4,10,sar_0.2,sar,0.2
213,C,0.4024161367047968,5.684207777894041e-7,0.5975832948744247,4,10,sar_0.2,sar,0.2
214,A,0.3352624772467964,3.961662329603582e-7,0.6647371265869713,4,10,sar_0.2,sar,0.2
214,C,0.4024160714652867,5.244339313172033e-7,0.5975834041007828,4,10,sar_0.2,sar,0.2
215,A,0.33526243178705256,3.655005300698251e-7,0.664737202712417,4,10,sar_0.2,sar,0.2
215,C,0.4024160112743034,4.838509634149029e-7,0.597583504874732,4,10,sar_0.2,sar,0.2
216,A,0.33526238984584505,3.372088381964393e-7,0.664737272945318,4,10,sar_0.2,sar,0.2
216,C,0.4024159557411725,4.4640847013069464e-7,0.5975835978503572,4,10,sar_0.2,sar,0.2
217,A,0.33526235115081937,3.1110733802932784e-7,0.664737337741843,4,10,sar_0.2,sar,0.2
217,C,0.40241590450544745,4.1186343036656636e-7,0.597583683631122,4,10,sar_0.2,sar,0.2
218,A,0.33526231545070606,2.870264470767589e-7,0.6647373975228456,4,10,sar_0.2,sar,0.2
218,C,0.40241585723457524,3.799916286396853e-7,0.5975837627737945,4,10,sar_0.2,sar,0.2
219,A,0.3352622825136892,2.6480971660894716e-7,0.6647374526765942,4,10,sar_0.2,sar,0.2
219,C,0.402415813621739,3.5058619988589164e-7,0.5975838357920612,4,10,sar_0.2,sar,0.2
220,A,0.3352622521258942,2.443128141109294e-7,0.6647375035612922,4,10,sar_0.2,sar,0.2
220,C,0.4024157733838631,3.2345628686318876e-7,0.5975839031598494,4,10,sar_0.2,sar,0.2
221,A,0.33526222409000606,2.2540258461156946e-7,0.6647375505074092,4,10,sar_0.2,sar,0.2
221,C,0.4024157362597789,2.984258014431101e-7,0.5975839653144199,4,10,sar_0.2,sar,0.2
222,A,0.33526219822398284,2.0795618476997023e-7,0.6647375938198328,4,10,sar_0.2,sar,0.2
222,C,0.40241570200852494,2.75332281751799e-7,0.5975840226591925,4,10,sar_0.2,sar,0.2
223,A,0.33526217435987515,1.9186028407573705e-7,0.6647376337798416,4,10,sar_0.2,sar,0.2
223,C,0.4024156704077909,2.54025837744545e-7,0.5975840755663708,4,10,sar_0.2,sar,0.2
224,A,0.3352621523427333,1.770103279577593e-7,0.6647376706469392,4,10,sar_0.2,sar,0.2
224,C,0.4024156412524672,2.3436817837128036e-7,0.5975841243793555,4,10,sar_0.2,sar,0.2
225,A,0.33526213202960187,1.6330985800030595e-7,0.6647377046605398,4,10,sar_0.2,sar,0.2
225,C,0.40241561435331485,2.1623171401995903e-7,0.5975841694149704,4,10,sar_0.2,sar,0.2
226,A,0.335262113288592,1.5066988483792053e-7,0.6647377360415223,4,10,sar_0.2,sar,0.2
226,C,0.4024155895357442,1.9949872841312637e-7,0.5975842109655275,4,10,sar_0.2,sar,0.2
227,A,0.33526209599802453,1.3900830964413804e-7,0.6647377649936659,4,10,sar_0.2,sar,0.2
227,C,0.4024155666386706,1.8406061458338674e-7,0.5975842493007147,4,10,sar_0.2,sar,0.2
228,A,0.3352620800456338,1.2824938843982768e-7,0.6647377917049783,4,10,sar_0.2,sar,0.2
228,C,0.40241554551347525,1.6981716731209987e-7,0.5975842846693582,4,10,sar_0.2,sar,0.2
229,A,0.3352620653278068,1.183232164048706e-7,0.6647378163489761,4,10,sar_0.2,sar,0.2
229,C,0.40241552602298586,1.5667590193698332e-7,0.5975843173011112,4,10,sar_0.2,sar,0.2
230,A,0.335262051748979,1.091653195850294e-7,0.6647378390857013,4,10,sar_0.2,sar,0.2
230,C,0.40241550804068565,1.4455151493850368e-7,0.5975843474077991,4,10,sar_0.2,sar,0.2
231,A,0.335262039221026,1.0071624533704395e-7,0.6647378600627296,4,10,sar_0.2,sar,0.2
231,C,0.40241549144990313,1.3336534281240248e-7,0.5975843751847539,4,10,sar_0.2,sar,0.2
232,A,0.3352620276626444,9.292114478149884e-8,0.6647378794162112,4,10,sar_0.2,sar,0.2
232,C,0.40241547614299766,1.2304481035598738e-7,0.5975844008121914,4,10,sar_0.2,sar,0.2
233,A,0.33526201699904334,8.572956280904138e-8,0.6647378972713933,4,10,sar_0.2,sar,0.2
233,C,0.40241546202094747,1.1352315338479294e-7,0.5975844244558997,4,10,sar_0.2,sar,0.2
234,A,0.33526200716136084,7.909504495199172e-8,0.6647379137435941,4,10,sar_0.2,sar,0.2
234,C,0.402415448992578,1.047388990246974e-7,0.5975844462685227,4,10,sar_0.2,sar,0.2
235,A,0.33526199808542156,7.297430003119886e-8,0.66473792894027806,4,10,sar_0.2,sar,0.2
235,C,0.40241543697292104,9.663475855167461e-8,0.5975844663923207,4,10,sar_0.2,sar,0.2
236,A,0.335261989711914,6.732731701437439e-8,0.6647379429607695,4,10,sar_0.2,sar,0.2
236,C,0.40241542588344464,8.915778212059622e-8,0.5975844849587738,4,10,sar_0.2,sar,0.2
237,A,0.3352619819781981,6.211184297993189e-8,0.6647379559099584,4,10,sar_0.2,sar,0.2
237,C,0.40241541564121047,8.225205066297315e-8,0.5975845021067383,4,10,sar_0.2,sar,0.2
238,A,0.33526197483737286,5.729623988119148e-8,0.6647379678663865,4,10,sar_0.2,sar,0.2
238,C,0.4024154061841166,7.587569159766127e-8,0.5975845179401919,4,10,sar_0.2,sar,0.2
239,A,0.33526196824331383,5.284939613638801e-8,0.6647379789072904,4,10,sar_0.2,sar,0.2
239,C,0.402415397451088,6.998752654275541e-8,0.5975845325613841,4,10,sar_0.2,sar,0.2
240,A,0.33526196240106454,4.890959448641953e-8,0.6647379886893406,4,10,sar_0.2,sar,0.2
240,C,0.4024153897136705,6.47706420255967e-8,0.5975845455156875,4,10,sar_0.2,sar,0.2
241,A,0.3352619569943943,4.526355401753375e-8,0.6647379977420514,4,10,sar_0.2,sar,0.2
241,C,0.40241538255309045,5.994268493101595e-8,0.5975845575042247,4,10,sar_0.2,sar,0.2
242,A,0.3352619519907595,4.18893244814796e-8,0.6647380061199166,4,10,sar_0.2,sar,0.2
242,C,0.40241537592625504,5.5474600082080355e-8,0.5975845685991437,4,10,sar_0.2,sar,0.2
243,A,0.3352619473601141,3.876664127516349e-8,0.664738013873244,4,10,sar_0.2,sar,0.2
243,C,0.40241536979337955,5.1339562901302144e-8,0.5975845788670564,4,10,sar_0.2,sar,0.2
244,A,0.3352619430746549,3.587675073143704e-8,0.6647380210485947,4,10,sar_0.2,sar,0.2
244,C,0.4024153641176448,4.751274828959692e-8,0.5975845883696067,4,10,sar_0.2,sar,0.2
245,A,0.33526193910864827,3.320229744956431e-8,0.6647380276890544,4,10,sar_0.2,sar,0.2
245,C,0.4024153588649754,4.397118158749778e-8,0.5975845971638426,4,10,sar_0.2,sar,0.2
246,A,0.33526193543828187,3.072722002883637e-8,0.6647380338344981,4,10,sar_0.2,sar,0.2
246,C,0.40241535400383593,4.0693600645484096e-8,0.5975846053025632,4,10,sar_0.2,sar,0.2
247,A,0.335261932041516,2.8436654578448558e-8,0.664738039521829,4,10,sar_0.2,sar,0.2
247,C,0.40241534950504343,3.766032817538454e-8,0.5975846128346288,4,10,sar_0.2,sar,0.2
248,A,0.3352619288979565,2.6316845423545233e-8,0.6647380447851985,4,10,sar_0.2,sar,0.2
248,C,0.40241534534158696,3.485315361652418e-8,0.5975846198052597,4,10,sar_0.2,sar,0.2
249,A,0.33526192598872706,2.4355062470622635e-8,0.6647380496562105,4,10,sar_0.2,sar,0.2
249,C,0.40241534148847236,3.2255223807406187e-8,0.5975846262563052,4,10,sar_0.2,sar,0.2
250,A,0.3352619232963594,2.253952473553981e-8,0.6647380541641152,4,10,sar_0.2,sar,0.2
250,C,0.40241533792256606,2.985094180657977e-8,0.597584632226493,4,10,sar_0.2,sar,0.2
251,A,0.33526192080468836,2.0859329574452038e-8,0.6647380583359807,4,10,sar_0.2,sar,0.2
251,C,0.40241533462245965,2.76258732552693e-8,0.5975846377516671,4,10,sar_0.2,sar,0.2
252,A,0.3352619184987535,1.930438719228262e-8,0.6647380621968578,4,10,sar_0.2,sar,0.2
252,C,0.4024153315683419,2.55666597196147e-8,0.5975846428649992,4,10,sar_0.2,sar,0.2
253,A,0.3352619163647093,1.7865360035086785e-8,0.6647380657699313,4,10,sar_0.2,sar,0.2
253,C,0.4024153287418748,2.366093849227531e-8,0.5975846475971878,4,10,sar_0.2,sar,0.2
254,A,0.3352619143897413,1.6533606702031347e-8,0.6647380690766517,4,10,sar_0.2,sar,0.2
254,C,0.4024153261260909,2.1897268371925858e-8,0.5975846519766409,4,10,sar_0.2,sar,0.2
255,A,0.3352619125619916,1.5301130039892692e-8,0.6647380721368784,4,10,sar_0.2,sar,0.2
255,C,0.4024153237052856,2.0265060975063174e-8,0.5975846560296528,4,10,sar_0.2,sar,0.2
256,A,0.3352619108704867,1.4160529108123399e-8,0.6647380749689843,4,10,sar_0.2,sar,0.2
256,C,0.40241532146492676,1.8754517167752268e-8,0.5975846597805574,4,10,sar_0.2,sar,0.2
257,A,0.33526190930507027,1.310495472581135e-8,0.6647380775899752,4,10,sar_0.2,sar,0.2
257,C,0.40241531939156155,1.7356568235680038e-8,0.5975846632518688,4,10,sar_0.2,sar,0.2
258,A,0.33526190785634336,1.2128068333390434e-8,0.6647380800155892,4,10,sar_0.2,sar,0.2
258,C,0.4024153174727445,1.6062821439329757e-8,0.5975846664644346,4,10,sar_0.2,sar,0.2
259,A,0.3352619065156063,1.1224003921889935e-8,0.664738082260389,4,10,sar_0.2,sar,0.2
259,C,0.4024153156969542,1.4865509627414555e-8,0.5975846694375354,4,10,sar_0.2,sar,0.2
260,A,0.335261905274811,1.038733280321071e-8,0.6647380843378555,4,10,sar_0.2,sar,0.2
260,C,0.40241531405353026,1.3757444603052804e-8,0.5975846721890252,4,10,sar_0.2,sar,0.2
261,A,0.33526190412650664,9.613030998282596e-9,0.6647380862604623,4,10,sar_0.2,sar,0.2
261,C,0.4024153125326058,1.273197397776608e-8,0.5975846747354195,4,10,sar_0.2,sar,0.2
262,A,0.3352619030637991,8.89644907001559e-9,0.6647380880397518,4,10,sar_0.2,sar,0.2
262,C,0.4024153111250512,1.1782941224787893e-8,0.5975846770920087,4,10,sar_0.2,sar,0.2
263,A,0.33526190208030676,8.233284197716275e-9,0.6647380896864089,4,10,sar_0.2,sar,0.2
263,C,0.40241530982241386,1.0904648719712973e-8,0.5975846792729376,4,10,sar_0.2,sar,0.2
264,A,0.3352619011701263,7.61955433480455e-9,0.6647380912103197,4,10,sar_0.2,sar,0.2
264,C,0.4024153086168738,1.0091823534769154e-8,0.5975846812913027,4,10,sar_0.2,sar,0.2
265,A,0.3352619003277915,7.051574293757201e-9,0.6647380926206357,4,10,sar_0.2,sar,0.2
265,C,0.40241530750119436,9.339585782277202e-9,0.5975846831592198,4,10,sar_0.2,sar,0.2
266,A,0.3352618995482452,6.5259336141718864e-9,0.6647380939258213,4,10,sar_0.2,sar,0.2
266,C,0.4024153064686769,8.643419317760059e-9,0.597584684887903,4,10,sar_0.2,sar,0.2
267,A,0.33526189882680724,6.039476080984984e-9,0.6647380951337167,4,10,sar_0.2,sar,0.2
267,C,0.4024153055131227,7.999144626815765e-9,0.5975846864877323,4,10,sar_0.2,sar,0.2
268,A,0.335261898159146,5.5892807697933135e-9,0.664738096251573,4,10,sar_0.2,sar,0.2
268,C,0.4024153046287949,7.40289373297833e-9,0.5975846879683111,4,10,sar_0.2,sar,0.2
269,A,0.335261897541254,5.172644505407555e-9,0.6647380972861021,4,10,sar_0.2,sar,0.2
269,C,0.4024153038103847,6.851086975924736e-9,0.5975846893385288,4,10,sar_0.2,sar,0.2
270,A,0.33526189696941955,4.787065628257032e-9,0.6647380982435145,4,10,sar_0.2,sar,0.2
270,C,0.40241530305297735,6.340411520614001e-9,0.5975846906066111,4,10,sar_0.2,sar,0.2
271,A,0.33526189644021026,4.430228971125335e-9,0.6647380991295601,4,10,sar_0.2,sar,0.2
271,C,0.40241530235202805,5.867801468336637e-9,0.5975846917801722,4,10,sar_0.2,sar,0.2
272,A,0.3352618959504495,4.099991955968379e-9,0.6647380999495593,4,10,sar_0.2,sar,0.2
272,C,0.4024153017033253,5.430419450269517e-9,0.5975846928662553,4,10,sar_0.2,sar,0.2
273,A,0.33526189549719465,3.794371727297379e-9,0.6647381007084329,4,10,sar_0.2,sar,0.2
273,C,0.40241530110297746,5.0256395930318494e-9,0.5975846938713839,4,10,sar_0.2,sar,0.2
274,A,0.33526189507772675,3.511533244837211e-9,0.66473810141074,4,10,sar_0.2,sar,0.2
274,C,0.4024153005473787,4.651031753974382e-9,0.5975846948015884,4,10,sar_0.2,sar,0.2
275,A,0.3352618946895264,3.249778263934315e-9,0.6647381020606957,4,10,sar_0.2,sar,0.2
275,C,0.40241530003319403,4.304346931557331e-9,0.5975846956624579,4,10,sar_0.2,sar,0.2
276,A,0.3352618943302625,3.0075351375224042e-9,0.6647381026622029,4,10,sar_0.2,sar,0.2
276,C,0.4024152995573371,3.983503763226889e-9,0.5975846964591592,4,10,sar_0.2,sar,0.2
277,A,0.3352618939977779,2.7833493783899244e-9,0.664738103218872,4,10,sar_0.2,sar,0.2
277,C,0.4024152991169493,3.6865760297291494e-9,0.5975846971964752,4,10,sar_0.2,sar,0.2
278,A,0.3352618936900773,2.5758749250612743e-9,0.6647381037340481,4,10,sar_0.2,sar,0.2
278,C,0.4024152987093878,3.4117810908426213e-9,0.5975846978788308,4,10,sar_0.2,sar,0.2
279,A,0.33526189340531354,2.3838660588307953e-9,0.6647381042108215,4,10,sar_0.2,sar,0.2
279,C,0.40241529833220635,3.1574691831021208e-9,0.597584698510325,4,10,sar_0.2,sar,0.2
280,A,0.3352618931417752,2.206169924652677e-9,0.6647381046520551,4,10,sar_0.2,sar,0.2
280,C,0.4024152979831387,2.9221135143843154e-9,0.5975846990947469,4,10,sar_0.2,sar,0.2
281,A,0.3352618928978815,2.0417196046832155e-9,0.6647381050603988,4,10,sar_0.2,sar,0.2
281,C,0.40241529766009093,2.704301100274876e-9,0.5975846996356063,4,10,sar_0.2,sar,0.2
282,A,0.3352618926721684,1.8895277152769087e-9,0.6647381054383044,4,10,sar_0.2,sar,0.2
282,C,0.4024152973611235,2.5027242785694385e-9,0.597584700136153,4,10,sar_0.2,sar,0.2
283,A,0.33526189246327925,1.7486804771642504e-9,0.6647381057880406,4,10,sar_0.2,sar,0.2
283,C,0.40241529708443985,2.3161728591606427e-9,0.5975847005993873,4,10,sar_0.2,sar,0.2
284,A,0.335261892269961,1.618332228266223e-9,0.6647381061117063,4,10,sar_0.2,sar,0.2
284,C,0.402415296828381,2.1435268586786096e-9,0.597584701028093,4,10,sar_0.2,sar,0.2
285,A,0.335261892091053,1.4977003457839084e-9,0.6647381064112461,4,10,sar_0.2,sar,0.2
285,C,0.4024152965914075,1.983749776544754e-9,0.5975847014248424,4,10,sar_0.2,sar,0.2
286,A,0.33526189192548067,1.386060546845502e-9,0.6647381066884595,4,10,sar_0.2,sar,0.2
286,C,0.4024152963720984,1.835882372223649e-9,0.5975847017920183,4,10,sar_0.2,sar,0.2
287,A,0.3352618917722501,1.282742539487651e-9,0.6647381069450078,4,10,sar_0.2,sar,0.2
287,C,0.4024152961691368,1.6990369063138434e-9,0.5975847021318261,4,10,sar_0.2,sar,0.2
288,A,0.3352618916304416,1.1871259978523306e-9,0.6647381071824328,4,10,sar_0.2,sar,0.2
288,C,0.40241529598130343,1.5723918109035478e-9,0.59758470244630435,4,10,sar_0.2,sar,0.2
289,A,0.335261891499203,1.098636837427918e-9,0.6647381074021593,4,10,sar_0.2,sar,0.2
289,C,0.4024152958074716,1.4551867571941352e-9,0.5975847027373421,4,10,sar_0.2,sar,0.2
290,A,0.3352618913777471,1.0167437679653326e-9,0.6647381076055093,4,10,sar_0.2,sar,0.2
290,C,0.40241529564659617,1.34671809077936e-9,0.5975847030066853,4,10,sar_0.2,sar,0.2
291,A,0.335261891265345,9.4095510336784e-10,0.6647381077936992,4,10,sar_0.2,sar,0.2
291,C,0.4024152954977126,1.2463346071755619e-9,0.5975847032559521,4,10,sar_0.2,sar,0.2
292,A,0.33526189116132166,8.708158093967264e-10,0.664738107967863,4,10,sar_0.2,sar,0.2
292,C,0.4024152953599272,1.1534336422408028e-9,0.5975847034866392,4,10,sar_0.2,sar,0.2
293,A,0.33526189106505094,8.059047714632245e-10,0.6647381081290434,4,10,sar_0.2,sar,0.2
293,C,0.40241529523241115,1.0674574540113513e-9,0.59758470370013,4,10,sar_0.2,sar,0.2
294,A,0.33526189097595727,7.458322660990808e-10,0.6647381082782112,4,10,sar_0.2,sar,0.2
294,C,0.40241529511440133,9.878898742334974e-10,0.5975847038977092,4,10,sar_0.2,sar,0.2
295,A,0.3352618908935048,6.902376209213583e-10,0.6647381084162581,4,10,sar_0.2,sar,0.2
295,C,0.40241529500518697,9.142532094877861e-10,0.5975847040805596,4,10,sar_0.2,sar,0.2
296,A,0.33526189081719754,6.38787049039176e-10,0.6647381085440156,4,10,sar_0.2,sar,0.2
296,C,0.4024152949041138,8.461053733012771e-10,0.5975847042497798,4,10,sar_0.2,sar,0.2
297,A,0.33526189074657875,5.911716448977704e-10,0.664738108662249,4,10,sar_0.2,sar,0.2
297,C,0.40241529481057503,7.830372320301005e-10,0.5975847044063881,4,10,sar_0.2,sar,0.2
298,A,0.3352618906812237,5.471055295247876e-10,0.6647381087716707,4,10,sar_0.2,sar,0.2
298,C,0.4024152947240072,7.246701485780897e-10,0.5975847045513216,4,10,sar_0.2,sar,0.2
299,A,0.3352618906207403,5.063241340409905e-10,0.6647381088729353,4,10,sar_0.2,sar,0.2
299,C,0.4024152946438931,6.70653709204886e-10,0.5975847046854521,4,10,sar_0.2,sar,0.2
300,A,0.33526189056476546,4.685826107923667e-10,0.6647381089666524,4,10,sar_0.2,sar,0.2
300,C,0.402415294569751,6.206636195965111e-10,0.5975847048095857,4,10,sar_0.2,sar,0.2
301,A,0.3352618905129626,4.3365436423973535e-10,0.6647381090533834,4,10,sar_0.2,sar,0.2
301,C,0.40241529450113483,5.743997584625058e-10,0.5975847049244651,4,10,sar_0.2,sar,0.2
302,A,0.3352618904650216,4.013296894865287e-10,0.6647381091336494,4,10,sar_0.2,sar,0.2
302,C,0.40241529443763385,5.315843752195777e-10,0.597584705030783,4,10,sar_0.2,sar,0.2
303,A,0.3352618904206536,3.714145133968015e-10,0.6647381092079311,4,10,sar_0.2,sar,0.2
303,C,0.40241529437886503,4.919604225995588e-10,0.5975847051291743,4,10,sar_0.2,sar,0.2
304,A,0.335261890379593,3.4372922940918516e-10,0.6647381092766775,4,10,sar_0.2,sar,0.2
304,C,0.4024152943244776,4.552900134665668e-10,0.5975847052202325,4,10,sar_0.2,sar,0.2
305,A,0.3352618903415931,3.1810761915563615e-10,0.6647381093402988,4,10,sar_0.2,sar,0.2
305,C,0.4024152942741435,4.213529926336754e-10,0.5975847053045024,4,10,sar_0.2,sar,0.2
306,A,0.33526189030642567,2.9439585446759236e-10,0.664738109399178,4,10,sar_0.2,sar,0.2
306,C,0.4024152942275626,3.8994561513539844e-10,0.5975847053824924,4,10,sar_0.2,sar,0.2
307,A,0.33526189027388,2.7245157377692295e-10,0.664738109453669,4,10,sar_0.2,sar,0.2
307,C,0.4024152941844527,3.6087932302081704e-10,0.5975847054546684,4,10,sar_0.2,sar,0.2
308,A,0.3352618902437599,2.521430273657884e-10,0.6647381095040968,4,10,sar_0.2,sar,0.2
308,C,0.40241529414455646,3.339796133237219e-10,0.5975847055214638,4,10,sar_0.2,sar,0.2
309,A,0.3352618902158847,2.3334828633299477e-10,0.6647381095507672,4,10,sar_0.2,sar,0.2
309,C,0.40241529410763344,3.0908499041347867e-10,0.5975847055832801,4,10,sar_0.2,sar,0.2
310,A,0.33526189019008745,2.1595451052701987e-10,0.6647381095939577,4,10,sar_0.2,sar,0.2
310,C,0.40241529407346316,2.8604599643694627e-10,0.5975847056404898,4,10,sar_0.2,sar,0.2
311,A,0.3352618901662138,1.9985727105000532e-10,0.6647381096339299,4,10,sar_0.2,sar,0.2
311,C,0.4024152940418409,2.6472431403058964e-10,0.5975847056934348,4,10,sar_0.2,sar,0.2
312,A,0.3352618901441191,1.8495992326468675e-10,0.6647381096709215,4,10,sar_0.2,sar,0.2
312,C,0.402415294012574,2.4499193591582644e-10,0.5975847057424328,4,10,sar_0.2,sar,0.2
313,A,0.335261890123671,1.711730265395068e-10,0.6647381097051561,4,10,sar_0.2,sar,0.2
313,C,0.4024152939854902,2.267303963921711e-10,0.597584705787779,4,10,sar_0.2,sar,0.2
314,A,0.3352618901047477,1.5841380724780703e-10,0.664738109736839,4,10,sar_0.2,sar,0.2
314,C,0.40241529396042414,2.0983006011435735e-10,0.5975847058297457,4,10,sar_0.2,sar,0.2
315,A,0.3352618900872348,1.4660566179672519e-10,0.66473810976616,4,10,sar_0.2,sar,0.2
315,C,0.4024152939372274,1.9418946388353486e-10,0.5975847058685838,4,10,sar_0.2,sar,0.2
316,A,0.33526189007102736,1.356776967017987e-10,0.6647381097932952,4,10,sar_0.2,sar,0.2
316,C,0.40241529391575886,1.7971470750090594e-10,0.5975847059045253,4,10,sar_0.2,sar,0.2
317,A,0.3352618900560284,1.2556430294571652e-10,0.6647381098184078,4,10,sar_0.2,sar,0.2
317,C,0.40241529389589115,1.6631889002672307e-10,0.5975847059377897,4,10,sar_0.2,sar,0.2
318,A,0.33526189004214607,1.1620476206553065e-10,0.6647381098416486,4,10,sar_0.2,sar,0.2
318,C,0.4024152938775041,1.5392158806015765e-10,0.5975847059685742,4,10,sar_0.2,sar,0.2
319,A,0.3352618900292996,1.0754288160315498e-10,0.664738109863158,4,10,sar_0.2,sar,0.2
319,C,0.40241529386048747,1.4244837290784217e-10,0.5975847059970639,4,10,sar_0.2,sar,0.2
320,A,0.33526189001741025,9.952665779539774e-11,0.6647381098830628,4,10,sar_0.2,sar,0.2
320,C,0.4024152938447391,1.3183036372016302e-10,0.5975847060234295,4,10,sar_0.2,sar,0.2
321,A,0.3352618900064074,9.210796315176246e-11,0.6647381099014843,4,10,sar_0.2,sar,0.2
321,C,0.402415293830166,1.2200381402337926e-10,0.5975847060478321,4,10,sar_0.2,sar,0.2
322,A,0.3352618899962245,8.524225768836445e-11,0.6647381099185323,4,10,sar_0.2,sar,0.2
322,C,0.4024152938166775,1.1290972894717347e-10,0.597584706070413,4,10,sar_0.2,sar,0.2
323,A,0.3352618899868006,7.888832147077257e-11,0.6647381099343105,4,10,sar_0.2,sar,0.2
323,C,0.40241529380419433,1.0449351105663789e-10,0.5975847060913101,4,10,sar_0.2,sar,0.2
324,A,0.33526188997807965,7.300800712295412e-11,0.6647381099489125,4,10,sar_0.2,sar,0.2
324,C,0.4024152937926429,9.670463257389867e-11,0.5975847061106526,4,10,sar_0.2,sar,0.2
325,A,0.3352618899700086,6.756601079529391e-11,0.6647381099624253,4,10,sar_0.2,sar,0.2
325,C,0.40241529378195295,8.949633202855987e-11,0.5975847061285523,4,10,sar_0.2,sar,0.2
326,A,0.3352618899625388,6.25296602050922e-11,0.6647381099749315,4,10,sar_0.2,sar,0.2
326,C,0.40241529377205865,8.282533351962363e-11,0.5975847061451174,4,10,sar_0.2,sar,0.2
327,A,0.3352618899556262,5.786871847690715e-11,0.6647381099865051,4,10,sar_0.2,sar,0.2
327,C,0.4024152937629013,7.66515869034409e-11,0.5975847061604478,4,10,sar_0.2,sar,0.2
328,A,0.335261889949229,5.3555202604978086e-11,0.6647381099972162,4,10,sar_0.2,sar,0.2
328,C,0.4024152937544267,7.093802734787922e-11,0.5975847061746344,4,10,sar_0.2,sar,0.2
329,A,0.3352618899433077,4.956321544775783e-11,0.6647381100071287,4,10,sar_0.2,sar,0.2
329,C,0.4024152937465849,6.565035280916491e-11,0.5975847061877644,4,10,sar_0.2,sar,0.2
330,A,0.33526188993782885,4.5868790245836946e-11,0.6647381100163029,4,10,sar_0.2,sar,0.2
330,C,0.4024152937393271,6.075681809545322e-11,0.5975847061999164,4,10,sar_0.2,sar,0.2
331,A,0.335261889932758,4.2449746729732495e-11,0.664738110024793,4,10,sar_0.2,sar,0.2
331,C,0.4024152937326101,5.6228044280764336e-11,0.5975847062111627,4,10,sar_0.2,sar,0.2
332,A,0.33526188992806505,3.928555795360651e-11,0.66473811003265,4,10,sar_0.2,sar,0.2
332,C,0.40241529372639384,5.2036842325078576e-11,0.5975847062215689,4,10,sar_0.2,sar,0.2
333,A,0.3352618899237215,3.6357227055378074e-11,0.6647381100399211,4,10,sar_0.2,sar,0.2
333,C,0.40241529372064105,4.815804984167308e-11,0.5975847062312007,4,10,sar_0.2,sar,0.2
334,A,0.3352618899197024,3.3647173203293314e-11,0.664738110046651,4,10,sar_0.2,sar,0.2
334,C,0.40241529371531687,4.456838003171341e-11,0.5975847062401145,4,10,sar_0.2,sar,0.2
335,A,0.3352618899159826,3.113912604417575e-11,0.6647381100528795,4,10,sar_0.2,sar,0.2
335,C,0.4024152937103901,4.124628187916114e-11,0.5975847062483635,4,10,sar_0.2,sar,0.2
336,A,0.33526188991254013,2.8818028019624688e-11,0.6647381100586418,4,10,sar_0.2,sar,0.2
336,C,0.4024152937058303,3.81718107666609e-11,0.597584706255998,4,10,sar_0.2,sar,0.2
337,A,0.3352618899093539,2.666994396366949e-11,0.6647381100639755,4,10,sar_0.2,sar,0.2
337,C,0.4024152937016109,3.532650873563411e-11,0.597584706263064,4,10,sar_0.2,sar,0.2
338,A,0.33526188990640576,2.468197743910655e-11,0.6647381100689119,4,10,sar_0.2,sar,0.2
338,C,0.4024152936977048,3.269329367170608e-11,0.5975847062696016,4,10,sar_0.2,sar,0.2
339,A,0.3352618899036769,2.284219331020615e-11,0.6647381100734807,4,10,sar_0.2,sar,0.2
339,C,0.4024152936940901,3.025635675017911e-11,0.597584706275653,4,10,sar_0.2,sar,0.2
340,A,0.3352618899011521,2.113954605989809e-11,0.6647381100777083,4,10,sar_0.2,sar,0.2
340,C,0.4024152936907457,2.800106751357583e-11,0.5975847062812534,4,10,sar_0.2,sar,0.2
341,A,0.3352618898988145,1.9563813556254843e-11,0.664738110081621,4,10,sar_0.2,sar,0.2
341,C,0.402415293687649,2.5913886072630647e-11,0.5975847062864359,4,10,sar_0.2,sar,0.2
342,A,0.33526188989665207,1.810553560445652e-11,0.6647381100852425,4,10,sar_0.2,sar,0.2
342,C,0.4024152936847845,2.398228178337403e-11,0.5975847062912323,4,10,sar_0.2,sar,0.2
343,A,0.3352618898946505,1.6755957168103296e-11,0.6647381100885942,4,10,sar_0.2,sar,0.2
343,C,0.40241529368213375,2.2194658025930203e-11,0.5975847062956723,4,10,sar_0.2,sar,0.2
344,A,0.33526188989279815,1.5506975810876296e-11,0.6647381100916948,4,10,sar_0.2,sar,0.2
344,C,0.4024152936796798,2.0540282584919705e-11,0.5975847062997799,4,10,sar_0.2,sar,0.2
345,A,0.33526188989108346,1.4351093051581763e-11,0.6647381100945652,4,10,sar_0.2,sar,0.2
345,C,0.40241529367740936,1.90092232173136e-11,0.5975847063035815,4,10,sar_0.2,sar,0.2
346,A,0.3352618898894969,1.3281369345219514e-11,0.6647381100972215,4,10,sar_0.2,sar,0.2
346,C,0.40241529367530776,1.7592288023016643e-11,0.5975847063071001,4,10,sar_0.2,sar,0.2
347,A,0.33526188988802846,1.2291382419787889e-11,0.6647381100996799,4,10,sar_0.2,sar,0.2
347,C,0.4024152936733627,1.628097026018908e-11,0.5975847063103567,4,10,sar_0.2,sar,0.2
348,A,0.3352618898866705,1.1375188718684414e-11,0.6647381101019554,4,10,sar_0.2,sar,0.2
348,C,0.4024152936715631,1.506739727399687e-11,0.5975847063133698,4,10,sar_0.2,sar,0.2
349,A,0.3352618898854122,1.0527287717208161e-11,0.6647381101040598,4,10,sar_0.2,sar,0.2
349,C,0.40241529366989715,1.3944283232180584e-11,0.5975847063161582,4,10,sar_0.2,sar,0.2
350,A,0.3352618898842485,9.742588898925622e-12,0.6647381101060091,4,10,sar_0.2,sar,0.2
350,C,0.4024152936683559,1.2904885383682991e-11,0.5975847063187396,4,10,sar_0.2,sar,0.2
351,A,0.33526188988317157,9.016381193630803e-12,0.6647381101078124,4,10,sar_0.2,sar,0.2
351,C,0.4024152936669282,1.194296357773054e-11,0.5975847063211274,4,10,sar_0.2,sar,0.2
352,A,0.3352618898821751,8.344304693411061e-12,0.6647381101094816,4,10,sar_0.2,sar,0.2
352,C,0.4024152936656082,1.1052742800335572e-11,0.5975847063233383,4,10,sar_0.2,sar,0.2
353,A,0.3352618898812522,7.722324477006282e-12,0.6647381101110259,4,10,sar_0.2,sar,0.2
353,C,0.4024152936643862,1.0228878503303269e-11,0.597584706325384,4,10,sar_0.2,sar,0.2
354,A,0.33526188988039896,7.146706385307938e-12,0.6647381101124556,4,10,sar_0.2,sar,0.2
354,C,0.40241529366325623,9.46642451759174e-12,0.597584706327278,4,10,sar_0.2,sar,0.2
355,A,0.3352618898796078,6.613994602558688e-12,0.6647381101137773,4,10,sar_0.2,sar,0.2
355,C,0.40241529366220924,8.760803358389221e-12,0.5975847063290295,4,10,sar_0.2,sar,0.2
356,A,0.33526188987887695,6.120990908654428e-12,0.6647381101150015,4,10,sar_0.2,sar,0.2
356,C,0.40241529366124057,8.107778743631446e-12,0.5975847063306509,4,10,sar_0.2,sar,0.2
357,A,0.3352618898782007,5.6647354779837485e-12,0.6647381101161352,4,10,sar_0.2,sar,0.2
357,C,0.40241529366034423,7.50343016097072e-12,0.5975847063321519,4,10,sar_0.2,sar,0.2
358,A,0.3352618898775745,5.242489109525151e-12,0.6647381101171838,4,10,sar_0.2,sar,0.2
358,C,0.4024152936595148,6.944129330506619e-12,0.5975847063335407,4,10,sar_0.2,sar,0.2
359,A,0.3352618898769947,4.8517167815153854e-12,0.664738110118154,4,10,sar_0.2,sar,0.2
359,C,0.40241529365874695,6.426518421969198e-12,0.5975847063348253,4,10,sar_0.2,sar,0.2
360,A,0.33526188987645816,4.4900724359907474e-12,0.664738110119052,4,10,sar_0.2,sar,0.2
360,C,0.40241529365803663,5.9474899047902535e-12,0.5975847063360155,4,10,sar_0.2,sar,0.2
361,A,0.33526188987596184,4.155384881815128e-12,0.6647381101198832,4,10,sar_0.2,sar,0.2
361,C,0.4024152936573801,5.504167864107926e-12,0.5975847063371166,4,10,sar_0.2,sar,0.2
362,A,0.33526188987550254,3.845644770669048e-12,0.6647381101206515,4,10,sar_0.2,sar,0.2
362,C,0.40241529365677076,5.093890760844018e-12,0.5975847063381352,4,10,sar_0.2,sar,0.2
363,A,0.33526188987507766,3.5589925310111375e-12,0.6647381101213639,4,10,sar_0.2,sar,0.2
363,C,0.40241529365620793,4.714195446785881e-12,0.5975847063390782,4,10,sar_0.2,sar,0.2
364,A,0.3352618898746839,3.293707203124573e-12,0.6647381101220223,4,10,sar_0.2,sar,0.2
364,C,0.4024152936556864,4.362802375193429e-12,0.5975847063399508,4,10,sar_0.2,sar,0.2
365,A,0.3352618898743199,3.0481961070210978e-12,0.6647381101226321,4,10,sar_0.2,sar,0.2
365,C,0.40241529365520434,4.037601915264217e-12,0.5975847063407584,4,10,sar_0.2,sar,0.2
0,A,0.9989999999999999,0.001,0,5,10,sar_0.2,sar,0.2
0,C,0.9989999999999999,9.999999999999998e-4,0,5,10,sar_0.2,sar,0.2
1,A,0.998576691760162,0.0012032796908835817,2.2002854895562473e-4,5,10,sar_0.2,sar,0.2
1,C,0.9986492012425209,0.0011372519134480853,2.1354684403066866e-4,5,10,sar_0.2,sar,0.2
2,A,0.9980902826081591,0.0014269488150845026,4.8276857675684835e-4,5,10,sar_0.2,sar,0.2
2,C,0.9982574278538746,0.0012867926040611877,4.5577954206484333e-4,5,10,sar_0.2,sar,0.2
3,A,0.997535535663059,0.0016720436334748741,7.924207034662131e-4,5,10,sar_0.2,sar,0.2
3,C,0.9978213353529408,0.0014494148754290415,7.292497716301009e-4,5,10,sar_0.2,sar,0.2
4,A,0.9969058433296943,0.0019407041989613536,0.0011534524713452644,5,10,sar_0.2,sar,0.2
4,C,0.9973368889699464,0.001626424201947915,0.001036686828106052,5,10,sar_0.2,sar,0.2
5,A,0.9961932607407289,0.002235923074976713,0.0015708161842940117,5,10,sar_0.2,sar,0.2
5,C,0.9967993633310372,0.0018195336491321917,0.001381103019831181,5,10,sar_0.2,sar,0.2
6,A,0.9953882804417683,0.0025614646693780585,0.0020502548888539727,5,10,sar_0.2,sar,0.2
6,C,0.9962031911319786,0.0020308467154150607,0.0017659621526056387,5,10,sar_0.2,sar,0.2
7,A,0.9944801499392337,0.002921584270193977,0.0025982657905727273,5,10,sar_0.2,sar,0.2
7,C,0.9955421282074084,0.002262726252164847,0.002195145540427193,5,10,sar_0.2,sar,0.2
8,A,0.9934568633043245,0.0033209196132197552,0.0032222170824548102,5,10,sar_0.2,sar,0.2
8,C,0.9948092289450922,0.0025177535043701786,0.0026730175505381,5,10,sar_0.2,sar,0.2
9,A,0.9923051170510933,0.00376444631663204,0.003930436632273639,5,10,sar_0.2,sar,0.2
9,C,0.993996807174578,0.0027987141973038502,0.0032044786281179224,5,10,sar_0.2,sar,0.2
10,A,0.9910105248903092,0.004257371019689065,0.004732104090002481,5,10,sar_0.2,sar,0.2
10,C,0.9930965516062487,0.003108544104729391,0.003794904289020499,5,10,sar_0.2,sar,0.2
11,A,0.9895567111719618,0.004805427387640815,0.005637861440396808,5,10,sar_0.2,sar,0.2
11,C,0.992098992632616,0.0034505027442891627,0.004450504623094115,5,10,sar_0.2,sar,0.2
12,A,0.9879263983453764,0.005414479682010993,0.006659121972613536,5,10,sar_0.2,sar,0.2
12,C,0.9909941215018484,0.0038279530800789346,0.005177925418073047,5,10,sar_0.2,sar,0.2
13,A,0.9861000985220856,0.006090954508351843,0.00780894696956194,5,10,sar_0.2,sar,0.2
13,C,0.9897706203407729,0.004244615399686794,0.005984764259540053,5,10,sar_0.2,sar,0.2
14,A,0.9840571179739291,0.0068414889750716525,0.009101393050998966,5,10,sar_0.2,sar,0.2
14,C,0.9884164288042373,0.004704373058443047,0.006879198137319791,5,10,sar_0.2,sar,0.2
15,A,0.9817758480276239,0.007672829810770273,0.010551322161605798,5,10,sar_0.2,sar,0.2
15,C,0.9869188969637582,0.005211221435149097,0.007869881601092301,5,10,sar_0.2,sar,0.2
16,A,0.979231024056267,0.008592661452098247,0.012176314491635011,5,10,sar_0.2,sar,0.2
16,C,0.9852631569569527,0.005769772068816232,0.00896707097423116,5,10,sar_0.2,sar,0.2
17,A,0.9763964571776567,0.009608692209131896,0.013994850613212328,5,10,sar_0.2,sar,0.2
17,C,0.9834336782931566,0.0063847377725502535,0.010181583934294044,5,10,sar_0.2,sar,0.2
18,A,0.9732442031764733,0.010728857754945196,0.016026939068581346,5,10,sar_0.2,sar,0.2
18,C,0.9814137393216102,0.007061077914251684,0.01152518276413938,5,10,sar_0.2,sar,0.2
19,A,0.9697446428354625,0.011961256398389545,0.01829410076614794,5,10,sar_0.2,sar,0.2
19,C,0.9791854292558244,0.007803982111459073,0.013010588632716355,5,10,sar_0.2,sar,0.2
20,A,0.9658661786326106,0.013314105811821856,0.02081971555556685,5,10,sar_0.2,sar,0.2
20,C,0.9767293765451868,0.008618900529655448,0.014651722925157306,5,10,sar_0.2,sar,0.2
21,A,0.961576269016994,0.014795364957389505,0.02362836602561665,5,10,sar_0.2,sar,0.2
21,C,0.97402529117489145,0.009511348698197322,0.016463360126912203,5,10,sar_0.2,sar,0.2
22,A,0.9568401705564332,0.016412965238601224,0.026746864204965526,5,10,sar_0.2,sar,0.2
22,C,0.9710511133787237,0.010487108538882458,0.01846177808239525,5,10,sar_0.2,sar,0.2
23,A,0.9516225844391004,0.01817422168497191,0.030203193875927188,5,10,sar_0.2,sar,0.2
23,C,0.9677838820735283,0.011551918717773862,0.020664199208697335,5,10,sar_0.2,sar,0.2
24,A,0.9458875557988228,0.020085668788335374,0.03402677541284113,5,10,sar_0.2,sar,0.2
24,C,0.9641995313518594,0.012711452656283706,0.023089015991856615,5,10,sar_0.2,sar,0.2
25,A,0.9395980579269292,0.022152891538149706,0.0382490505349208,5,10,sar_0.2,sar,0.2
25,C,0.9602723913895629,0.01397134081835585,0.02575626779208004,5,10,sar_0.2,sar,0.2
26,A,0.9327200596622491,0.02437968498987019,0.042900255347880584,5,10,sar_0.2,sar,0.2
26,C,0.9559778183035476,0.01533650437386265,0.02868567732258847,5,10,sar_0.2,sar,0.2
27,A,0.9252182200633502,0.026768186378319535,0.04801359355832978,5,10,sar_0.2,sar,0.2
27,C,0.9512888015094475,0.016811692218312472,0.03189950627224005,5,10,sar_0.2,sar,0.2
28,A,0.9170627713352322,0.029318221405018507,0.05361900725974894,5,10,sar_0.2,sar,0.2
28,C,0.9461810542328534,0.01840048728817612,0.035418458478969475,5,10,sar_0.2,sar,0.2
29,A,0.9082220634106404,0.0320270466491928,0.05975088994016683,5,10,sar_0.2,sar,0.2
29,C,0.9406266551669956,0.020106165061310195,0.03926717977169531,5,10,sar_0.2,sar,0.2
30,A,0.8986710957697392,0.03488827138411491,0.06644063284614506,5,10,sar_0.2,sar,0.2
30,C,0.9346001819503474,0.021930373923385364,0.04346944412626573,5,10,sar_0.2,sar,0.2
31,A,0.8883911982315038,0.03789273920409644,0.07371606256439973,5,10,sar_0.2,sar,0.2
31,C,0.9280791001068117,0.02387332883165475,0.04804757106153525,5,10,sar_0.2,sar,0.2
32,A,0.8773676097662148,0.04102586915304842,0.08160652108073692,5,10,sar_0.2,sar,0.2
32,C,0.9210396532849766,0.025933446196024713,0.05302690051899752,5,10,sar_0.2,sar,0.2
33,A,0.8655952042772399,0.044270139365268905,0.09013465635749149,5,10,sar_0.2,sar,0.2
33,C,0.9134635520916868,0.028107115514341918,0.05842933239397212,5,10,sar_0.2,sar,0.2
34,A,0.853076618944707,0.04760291136847424,0.0993204696868198,5,10,sar_0.2,sar,0.2
34,C,0.9053347245278917,0.030388315119385126,0.06427696035272279,5,10,sar_0.2,sar,0.2
35,A,0.8398241852131679,0.050996310712989365,0.10917950407384289,5,10,sar_0.2,sar,0.2
35,C,0.8966407774619791,0.03276821100102262,0.07059101153699822,5,10,sar_0.2,sar,0.2
36,A,0.825861161847193,0.05441818843936078,0.11972064971344681,5,10,sar_0.2,sar,0.2
36,C,0.8873748064167502,0.03523506542220741,0.07739012816104261,5,10,sar_0.2,sar,0.2
37,A,0.8112203004851052,0.057833524100668145,0.13094617541422598,5,10,sar_0.2,sar,0.2
37,C,0.8775354247642599,0.03777466396067745,0.08468991127506259,5,10,sar_0.2,sar,0.2
38,A,0.7959482589300539,0.061201172932583515,0.14285056813736305,5,10,sar_0.2,sar,0.2
38,C,0.86712780434146,0.04036856861326918,0.09250362704527162,5,10,sar_0.2,sar,0.2
39,A,0.7801007799713046,0.06447920822389709,0.15542001180479864,5,10,sar_0.2,sar,0.2
39,C,0.8561641258814457,0.04299606361854897,0.10083981050000503,5,10,sar_0.2,sar,0.2
40,A,0.7637414509998581,0.06762542180710193,0.168633127193042,5,10,sar_0.2,sar,0.2
40,C,0.8446630701587021,0.04563434275334275,0.1097025870879561,5,10,sar_0.2,sar,0.2
41,A,0.7469497293816996,0.07059239018292006,0.18245788043538083,5,10,sar_0.2,sar,0.2
41,C,0.8326525254885977,0.0482556105183404,0.11909186399306194,5,10,sar_0.2,sar,0.2
42,A,0.7298085572854475,0.07333694931001634,0.19685449340453592,5,10,sar_0.2,sar,0.2
42,C,0.8201670743472372,0.05083160167646678,0.12900132397629602,5,10,sar_0.2,sar,0.2
43,A,0.7124085062280896,0.07581720223195819,0.21177429153995228,5,10,sar_0.2,sar,0.2
43,C,0.8072491292629717,0.05333193886533405,0.13941893187169496,5,10,sar_0.2,sar,0.2
44,A,0.694844553444516,0.07799492190889282,0.22716052464659128,5,10,sar_0.2,sar,0.2
44,C,0.7939482414526333,0.05572532823685763,0.15032643031050943,5,10,sar_0.2,sar,0.2
45,A,0.6772139473864957,0.07983677946882511,0.24294927314467893,5,10,sar_0.2,sar,0.2
45,C,0.7803203645579734,0.05798034427121891,0.1616992911708077,5,10,sar_0.2,sar,0.2
46,A,0.6596139386321717,0.08131551727539876,0.2590705440924293,5,10,sar_0.2,sar,0.2
46,C,0.7664269078923457,0.060066324790869007,0.17350676731678596,5,10,sar_0.2,sar,0.2
47,A,0.6421398449730384,0.08241052126143208,0.2754496337655289,5,10,sar_0.2,sar,0.2
47,C,0.752333522048443,0.06195415095578804,0.18571232699576926,5,10,sar_0.2,sar,0.2
48,A,0.6248824991859058,0.08310947909382006,0.292008021720274,5,10,sar_0.2,sar,0.2
48,C,0.7381092948567459,0.06361745692876311,0.19827324821449144,5,10,sar_0.2,sar,0.2
49,A,0.6079249033111632,0.08340787240749993,0.3086672242813365,5,10,sar_0.2,sar,0.2
49,C,0.7238232836093549,0.06503374356334746,0.2111429728272976,5,10,sar_0.2,sar,0.2
50,A,0.591346230093836,0.08330828431813003,0.32534548558803406,5,10,sar_0.2,sar,0.2
50,C,0.7095473858051234,0.06618348137323946,0.2242691328216365,5,10,sar_0.2,sar,0.2
51,A,0.57521797321846,0.08282250736615832,0.3419595194153816,5,10,sar_0.2,sar,0.2
51,C,0.6953546231779597,0.06705209759415008,0.23759327922788973,5,10,sar_0.2,sar,0.2
52,A,0.5595870872929181,0.08196380867453167,0.35844910403255076,5,10,sar_0.2,sar,0.2
52,C,0.6812976049773959,0.06763206224663446,0.251070332775971,5,10,sar_0.2,sar,0.2
53,A,0.5445152921592632,0.08075972404798545,0.37472498379275115,5,10,sar_0.2,sar,0.2
53,C,0.6674539509843516,0.06791764487175549,0.2646284041438938,5,10,sar_0.2,sar,0.2
54,A,0.5300356651644348,0.07923648560671574,0.39072784922885,5,10,sar_0.2,sar,0.2
54,C,0.6538746697056814,0.06791097585485009,0.27821435443946896,5,10,sar_0.2,sar,0.2
55,A,0.5161772010172803,0.0774254732539925,0.40639732572872683,5,10,sar_0.2,sar,0.2
55,C,0.6406111870509554,0.06761814534584366,0.29177066760319964,5,10,sar_0.2,sar,0.2
56,A,0.5029591852518945,0.07535984523948716,0.4216809695086171,5,10,sar_0.2,sar,0.2
56,C,0.6277075143823955,0.06704955831776212,0.30524292729984265,5,10,sar_0.2,sar,0.2
57,A,0.4903944686455596,0.07307713640415077,0.4365283949502902,5,10,sar_0.2,sar,0.2
57,C,0.6152052050746694,0.06622042318590507,0.31857437173942466,5,10,sar_0.2,sar,0.2
58,A,0.4784863637826425,0.07061316944271612,0.45090046677464085,5,10,sar_0.2,sar,0.2
58,C,0.6031357491111694,0.06514887937309959,0.3317153715157301,5,10,sar_0.2,sar,0.2
59,A,0.4672316093988162,0.0680038177482611,0.4647645728529225,5,10,sar_0.2,sar,0.2
59,C,0.591524495693078,0.06385598964005731,0.3446195146668648,5,10,sar_0.2,sar,0.2
60,A,0.4566212907905347,0.06528391615555758,0.4780947930539085,5,10,sar_0.2,sar,0.2
60,C,0.5803906765040795,0.06236490772188325,0.35724441577403804,5,10,sar_0.2,sar,0.2
61,A,0.44664146627422974,0.06248582154599987,0.4908727121797696,5,10,sar_0.2,sar,0.2
61,C,0.5697468335893565,0.06069983893584732,0.36955332747479624,5,10,sar_0.2,sar,0.2
62,A,0.4372745732107975,0.05963933440794055,0.5030860923812612,5,10,sar_0.2,sar,0.2
62,C,0.5596000562303324,0.058885367262122186,0.3815145765075465,5,10,sar_0.2,sar,0.2
63,A,0.42849938380509056,0.05677295322051742,0.5147276629743918,5,10,sar_0.2,sar,0.2
63,C,0.549952968820065,0.056947115318792034,0.39309991586114346,5,10,sar_0.2,sar,0.2
64,A,0.42029273546620316,0.05391126814700603,0.5257959963867906,5,10,sar_0.2,sar,0.2
64,C,0.5408033413635912,0.05490942517243475,0.40428723346397344,5,10,sar_0.2,sar,0.2
65,A,0.4126296128876507,0.05107609519506573,0.5362942919172834,5,10,sar_0.2,sar,0.2
65,C,0.5321450808391841,0.05279589640964447,0.4150590227511722,5,10,sar_0.2,sar,0.2
66,A,0.4054836335640748,0.04828654627251726,0.5462298201634073,5,10,sar_0.2,sar,0.2
66,C,0.5239687589076808,0.050629094910235505,0.4254021461820827,5,10,sar_0.2,sar,0.2
67,A,0.3988284535171841,0.04555821524164491,0.5556133312411705,5,10,sar_0.2,sar,0.2
67,C,0.5162623170441261,0.04842936129011903,0.43530832166575445,5,10,sar_0.2,sar,0.2
68,A,0.39263761355481436,0.042904129549494664,0.5644582568956912,5,10,sar_0.2,sar,0.2
68,C,0.5090116843813367,0.04621536668454603,0.44477294893411606,5,10,sar_0.2,sar,0.2
69,A,0.3868843362762229,0.04033503296584304,0.5727806307579342,5,10,sar_0.2,sar,0.2
69,C,0.5022008414133188,0.04400428308901093,0.4537948754976702,5,10,sar_0.2,sar,0.2
70,A,0.3815420479070852,0.03785944437986988,0.5805985077130451,5,10,sar_0.2,sar,0.2
70,C,0.49581233888941867,0.0418115170612757,0.4623761440493044,5,10,sar_0.2,sar,0.2
71,A,0.3765854592175197,0.03548341594587041,0.5879311248366099,5,10,sar_0.2,sar,0.2
71,C,0.4898281253746645,0.03965009584726004,0.47052177877807333,5,10,sar_0.2,sar,0.2
72,A,0.37198992844158857,0.0332112197147263,0.5947988518436859,5,10,sar_0.2,sar,0.2
72,C,0.48422948626231,0.03753130766660436,0.47823920607108594,5,10,sar_0.2,sar,0.2
73,A,0.3677317871388984,0.031045472135001317,0.6012227407261013,5,10,sar_0.2,sar,0.2
73,C,0.47899743325574323,0.03546463806716486,0.48553792867709294,5,10,sar_0.2,sar,0.2
74,A,0.3637884194553402,0.02898735646160156,0.6072242240830583,5,10,sar_0.2,sar,0.2
74,C,0.47411294050082886,0.03345788102863363,0.49242917847053685,5,10,sar_0.2,sar,0.2
75,A,0.36013779476622276,0.02703680969064632,0.6128253955431316,5,10,sar_0.2,sar,0.2
75,C,0.4695566715954175,0.03151738749312065,0.49892594091146325,5,10,sar_0.2,sar,0.2
76,A,0.3567609453908062,0.025192854130495962,0.6180462004786978,5,10,sar_0.2,sar,0.2
76,C,0.46531137514469606,0.029647634451266787,0.505040990404035,5,10,sar_0.2,sar,0.2
77,A,0.35363709362094825,0.023453500197527833,0.6229094061815236,5,10,sar_0.2,sar,0.2
77,C,0.4613575552544314,0.02785248777572284,0.5107899569698462,5,10,sar_0.2,sar,0.2
78,A,0.35074942418280286,0.021816265499777797,0.6274343103174188,5,10,sar_0.2,sar,0.2
78,C,0.45767888752143016,0.026134050506731125,0.5161870619718374,5,10,sar_0.2,sar,0.2
79,A,0.34807997872087004,0.020277941004839,0.6316420802742909,5,10,sar_0.2,sar,0.2
79,C,0.45425758113421827,0.02449387153840333,0.5212485473273776,5,10,sar_0.2,sar,0.2
80,A,0.34561319411910135,0.01883503802811023,0.6355517678527881,5,10,sar_0.2,sar,0.2
80,C,0.45107775976253095,0.022932385229663003,0.5259898550078066,5,10,sar_0.2,sar,0.2
81,A,0.3433342892465027,0.017483705422271973,0.639182005331225,5,10,sar_0.2,sar,0.2
81,C,0.44812401216636205,0.02144928318454405,0.5304267046490936,5,10,sar_0.2,sar,0.2
82,A,0.34122930565607806,0.016219941986135532,0.6425507523577869,5,10,sar_0.2,sar,0.2
82,C,0.44538155373197225,0.02004375623236815,0.5345746900356605,5,10,sar_0.2,sar,0.2
83,A,0.3392852527909626,0.015039605666782046,0.6456751415422549,5,10,sar_0.2,sar,0.2
83,C,0.44283635804780175,0.01871444857850256,0.5384491933736949,5,10,sar_0.2,sar,0.2
84,A,0.3374900672784519,0.01393848137164693,0.6485714513499008,5,10,sar_0.2,sar,0.2
84,C,0.4404751631942183,0.017459551242536387,0.5420652855632455,5,10,sar_0.2,sar,0.2
85,A,0.33583254914264676,0.012912344614541766,0.6512551062428109,5,10,sar_0.2,sar,0.2
85,C,0.4382854555516325,0.0162769023840363,0.5454376420643312,5,10,sar_0.2,sar,0.2
86,A,0.334302301859641,0.01195701198671895,0.6537406861536408,5,10,sar_0.2,sar,0.2
86,C,0.4362554485181906,0.015164073152764924,0.5485804783290458,5,10,sar_0.2,sar,0.2
87,A,0.3328896973734257,0.011068381898095307,0.6560419207284788,5,10,sar_0.2,sar,0.2
87,C,0.4343740767003227,0.014118434242867154,0.5515074890568097,5,10,sar_0.2,sar,0.2
88,A,0.3315857273505832,0.010242447933977522,0.6581718247154399,5,10,sar_0.2,sar,0.2
88,C,0.4326308738860304,0.01313723408381656,0.5542318920301543,5,10,sar_0.2,sar,0.2
89,A,0.3303820585700283,0.009475332547149334,0.6601426088828234,5,10,sar_0.2,sar,0.2
89,C,0.4310160411208651,0.012217622994138673,0.5567663358849955,5,10,sar_0.2,sar,0.2
90,A,0.3292710311930058,0.008763312907969107,0.6619656558990256,5,10,sar_0.2,sar,0.2
90,C,0.4295204578871438,0.01135668992588404,0.5591228521869726,5,10,sar_0.2,sar,0.2
91,A,0.3282456469354035,0.008102840900266733,0.66365151216433,5,10,sar_0.2,sar,0.2
91,C,0.42813568980516253,0.010551500012198938,0.561312810182638,5,10,sar_0.2,sar,0.2
92,A,0.3272993740510672,0.007490526087454611,0.6652100998614778,5,10,sar_0.2,sar,0.2
92,C,0.4268538093639933,0.009799154676031572,0.5633470359599746,5,10,sar_0.2,sar,0.2
93,A,0.32642612023094664,0.006923137607126639,0.6666507421619267,5,10,sar_0.2,sar,0.2
93,C,0.4256673709145078,0.009096807846341814,0.5652358212391502,5,10,sar_0.2,sar,0.2
94,A,0.32562024750860785,0.0063976114673523045,0.6679821410240396,5,10,sar_0.2,sar,0.2
94,C,0.42456942613277876,0.008441672022422991,0.5669889018447976,5,10,sar_0.2,sar,0.2
95,A,0.3248765603308821,0.005911053941666596,0.6692123857274513,5,10,sar_0.2,sar,0.2
95,C,0.42355351597645774,0.007831030216335695,0.5686154538072075,5,10,sar_0.2,sar,0.2
96,A,0.3241902688719984,0.0054607396268985696,0.6703489915011036,5,10,sar_0.2,sar,0.2
96,C,0.4226136388402342,0.00726225094193364,0.5701241102178332,5,10,sar_0.2,sar,0.2
97,A,0.3235569499423529,0.005044106470981,0.6713989435866659,5,10,sar_0.2,sar,0.2
97,C,0.42174421437534665,0.006732799912128632,0.5715229857125246,5,10,sar_0.2,sar,0.2
98,A,0.3229725162614123,0.004658749951912555,0.6723687337866759,5,10,sar_0.2,sar,0.2
98,C,0.42094005343691376,0.00624024672081116,0.5728196998422735,5,10,sar_0.2,sar,0.2
99,A,0.3224331924377556,0.00430241720807863,0.6732643903541661,5,10,sar_0.2,sar,0.2
99,C,0.4201963336452252,0.005782268208968629,0.5740213981458058,5,10,sar_0.2,sar,0.2
100,A,0.32193549322064235,0.003973001015186491,0.6740915057641702,5,10,sar_0.2,sar,0.2
100,C,0.41950857697298605,0.0053566502799168025,0.5751347727470976,5,10,sar_0.2,sar,0.2
101,A,0.3214762020291018,0.003668533404132133,0.6748552645667657,5,10,sar_0.2,sar,0.2
101,C,0.4188726275200895,0.00496128879958487,0.5761660836803254,5,10,sar_0.2,sar,0.2
102,A,0.32105235067484994,0.0033871788400138955,0.6755604704851366,5,10,sar_0.2,sar,0.2
102,C,0.4182846300109017,0.004594189181714677,0.5771211808073826,5,10,sar_0.2,sar,0.2
103,A,0.3206611998122416,0.003127227196894667,0.6762115729908641,5,10,sar_0.2,sar,0.2
103,C,0.4177410088145052,0.004253465126684041,0.5780055260588117,5,10,sar_0.2,sar,0.2
104,A,0.32030022361134736,0.0028870876738116514,0.6768126887148403,5,10,sar_0.2,sar,0.2
104,C,0.4172384510992024,0.003937336630404161,0.5788242122703928,5,10,sar_0.2,sar,0.2
105,A,0.3199670897202679,0.002665280485403653,0.6773676297943277,5,10,sar_0.2,sar,0.2
105,C,0.4167738846349523,0.0036441267733034292,0.579581988591744,5,10,sar_0.2,sar,0.2
106,A,0.31965964371805383,0.002460429917500662,0.6778799263644452,5,10,sar_0.2,sar,0.2
106,C,0.41634446009582593,0.003372258167709925,0.5802832817364643,5,10,sar_0.2,sar,0.2
107,A,0.3193758980756212,0.002271258890875821,0.6783528430335032,5,10,sar_0.2,sar,0.2
107,C,0.4159475381287425,0.0031202494181060587,0.5809322124531509,5,10,sar_0.2,sar,0.2
108,A,0.3191140211038322,0.0020965834030553655,0.6787893954931132,5,10,sar_0.2,sar,0.2
108,C,0.4155806764564596,0.002886711408609959,0.5815326121349312,5,10,sar_0.2,sar,0.2
109,A,0.31887232377166946,0.0019353060640914545,0.6791923701642391,5,10,sar_0.2,sar,0.2
109,C,0.41524161465463966,0.002670343208483197,0.5820880421368786,5,10,sar_0.2,sar,0.2
110,A,0.31864924713679005,0.0017864097575730228,0.6795643431056374,5,10,sar_0.2,sar,0.2
110,C,0.41492825943097944,0.002469927745920567,0.5826018128230999,5,10,sar_0.2,sar,0.2
111,A,0.318443352228634,0.0016489521729587545,0.6799076955984057,5,10,sar_0.2,sar,0.2
111,C,0.4146386724272688,0.002284327501593765,0.5830770000711368,5,10,sar_0.2,sar,0.2
112,A,0.31825331154306863,0.0015220609583054888,0.6802246274986259,5,10,sar_0.2,sar,0.2
112,C,0.4143710597752415,0.0021124803324637197,0.5835164598922967,5,10,sar_0.2,sar,0.2
113,A,0.31807790076482495,0.0014049289952055238,0.6805171702399697,5,10,sar_0.2,sar,0.2
113,C,0.41412376197463363,0.001953395389571029,0.5839228426357943,5,10,sar_0.2,sar,0.2
114,A,0.317915990522204,0.0012968097132881851,0.6807871997645073,5,10,sar_0.2,sar,0.2
114,C,0.4138952438362287,0.0018061490818546623,0.584298607081916,5,10,sar_0.2,sar,0.2
115,A,0.3177665387482079,0.0011970126625816503,0.6810364485892098,5,10,sar_0.2,sar,0.2
115,C,0.41368408506249393,0.0016698811108669437,0.5846460338266394,5,10,sar_0.2,sar,0.2
116,A,0.3176285839276445,0.0011048994716756292,0.6812665166006799,5,10,sar_0.2,sar,0.2
116,C,0.4134889717859068,0.0015437906420548554,0.5849672375720388,5,10,sar_0.2,sar,0.2
117,A,0.31750123899928934,0.0010198801235114785,0.6814788808771993,5,10,sar_0.2,sar,0.2
117,C,0.413308688860606,0.0014271326501368203,0.5852641784892569,5,10,sar_0.2,sar,0.2
118,A,0.3173836856311328,9.414094426299077e-4,0.6816749049262387,5,10,sar_0.2,sar,0.2
118,C,0.41314211261733547,0.001319214431233621,0.5855386729514317,5,10,sar_0.2,sar,0.2
119,A,0.31727516883121426,8.689837723094448e-4,0.6818558473964764,5,10,sar_0.2,sar,0.2
119,C,0.4129882040248232,0.0012193922643094334,0.5857924037108674,5,10,sar_0.2,sar,0.2
120,A,0.31717499198390475,8.021378753332326e-4,0.6820228701407623,5,10,sar_0.2,sar,0.2
120,C,0.41284600234214214,0.001127068223220227,0.5860269294346384,5,10,sar_0.2,sar,0.2
121,A,0.3170825123313075,7.404420718184688e-4,0.6821770455968738,5,10,sar_0.2,sar,0.2
121,C,0.41271461928939795,0.0010416871529583295,0.5862436935576417,5,10,sar_0.2,sar,0.2
122,A,0.31699713682003855,6.834995868655282e-4,0.6823193635930954,5,10,sar_0.2,sar,0.2
122,C,0.41259323366272377,9.627338161257346e-4,0.5864440325211506,5,10,sar_0.2,sar,0.2
123,A,0.31691831825283084,6.309440803591868e-4,0.6824507376668094,5,10,sar_0.2,sar,0.2
123,C,0.41248108632787167,8.897302013822737e-4,0.5866291834707469,5,10,sar_0.2,sar,0.2
124,A,0.3168455517214073,5.824373454764603e-4,0.6825720109331155,5,10,sar_0.2,sar,0.2
124,C,0.41237747556187715,8.22232984440966e-4,0.5868002914536836,5,10,sar_0.2,sar,0.2
125,A,0.3167783713191638,5.376671734217794e-4,0.6826839615074142,5,10,sar_0.2,sar,0.2
125,C,0.41228175273778056,7.598311370530175e-4,0.5869584161251666,5,10,sar_0.2,sar,0.2
126,A,0.31671634711922636,4.963453780827732e-4,0.6827873075026908,5,10,sar_0.2,sar,0.2
126,C,0.41219331833730316,7.021436818077132e-4,0.5871045379808882,5,10,sar_0.2,sar,0.2
127,A,0.31665908239030804,4.582059678868884e-4,0.6828827116418054,5,10,sar_0.2,sar,0.2
127,C,0.41211161826246734,6.488175881949755e-4,0.5872395641493374,5,10,sar_0.2,sar,0.2
128,A,0.31660621102526365,4.2300345170319875e-4,0.6829707855230333,5,10,sar_0.2,sar,0.2
128,C,0.4120361404176516,5.995258026233373e-4,0.5873643337797236,5,10,sar_0.2,sar,0.2
129,A,0.3165573951665956,3.9051126931856025e-4,0.6830520935640857,5,10,sar_0.2,sar,0.2
129,C,0.4119664115425032,5.53965404876882e-4,0.587479623052621,5,10,sar_0.2,sar,0.2
130,A,0.3165123230172882,3.605203393793814e-4,0.683127156643332,5,10,sar_0.2,sar,0.2
130,C,0.4119019942810295,5.118558847466143e-4,0.5875861498342232,5,10,sar_0.2,sar,0.2
131,A,0.31647070682364253,3.3283771733903957e-4,0.6831964554590176,5,10,sar_0.2,sar,0.2
131,C,0.4118424844712335,4.729375331863488e-4,0.5876845779955788,5,10,sar_0.2,sar,0.2
132,A,0.3164322810152706,3.072853551054729e-4,0.6832604336296244,5,10,sar_0.2,sar,0.2
132,C,0.411787508637981,4.3696994196615975e-4,0.5877755214200522,5,10,sar_0.2,sar,0.2
133,A,0.3163968004888497,2.8369895442624185e-4,0.6833195005567234,5,10,sar_0.2,sar,0.2
133,C,0.41173672167298303,4.0373060539924694e-4,0.5878595477216175,5,10,sar_0.2,sar,0.2
134,A,0.31636403902468385,2.619269071510267e-4,0.6833740340681645,5,10,sar_0.2,sar,0.2
134,C,0.4116898046881908,3.7301361790425316e-4,0.5879371816939037,5,10,sar_0.2,sar,0.2
135,A,0.3163337878264194,2.4182931630772393e-4,0.6834243828572719,5,10,sar_0.2,sar,0.2
135,C,0.41164646303046837,3.446284616581996e-4,0.5880089085078736,5,10,sar_0.2,sar,0.2
136,A,0.3163058541744706,2.2327709217390194e-4,0.683470868733355,5,10,sar_0.2,sar,0.2
136,C,0.41160642444585016,3.183988789343693e-4,0.5880751766752155,5,10,sar_0.2,sar,0.2
137,A,0.3162800601840027,2.0615111766917257e-4,0.6835137886983276,5,10,sar_0.2,sar,0.2
137,C,0.4115694373820752,2.9416182384578064e-4,0.5881364007940795,5,10,sar_0.2,sar,0.2
138,A,0.31625624165911825,1.9034147775882752e-4,0.6835534168631224,5,10,sar_0.2,sar,0.2
138,C,0.4115352694188743,2.7176648834656116e-4,0.588192964092778,5,10,sar_0.2,sar,0.2
139,A,0.31623424703582764,1.7574674805111078e-4,0.6835900062161214,5,10,sar_0.2,sar,0.2
139,C,0.4115037058165555,2.510733976021643e-4,0.588245220785842,5,10,sar_0.2,sar,0.2
140,A,0.31621393640701057,1.6227333817948598e-4,0.6836237902548098,5,10,sar_0.2,sar,0.2
140,C,0.411474548174152,2.3195357015380158e-4,0.5882934982556949,5,10,sar_0.2,sar,0.2
141,A,0.3161951806230195,1.4983488583584449e-4,0.6836549844911437,5,10,sar_0.2,sar,0.2
141,C,0.4114476131890275,2.1428773855832286e-4,0.5883380990724135,5,10,sar_0.2,sar,0.2
142,A,0.31617786046192703,1.3835169762132674e-4,0.6836837878404516,5,10,sar_0.2,sar,0.2
142,C,0.41142273151021075,1.9796562648488912e-4,0.5883793028633045,5,10,sar_0.2,sar,0.2
143,A,0.31616186586402634,1.2775023306013235e-4,0.6837103839029126,5,10,sar_0.2,sar,0.2
143,C,0.4113997466784832,1.8288527829996926e-4,0.5884173680432169,5,10,sar_0.2,sar,0.2
144,A,0.31614709522558,1.1796262849225278e-4,0.6837349421459279,5,10,sar_0.2,sar,0.2
144,C,0.411378514146695,1.6895243753773441e-4,0.5884525334157672,5,10,sar_0.2,sar,0.2
145,A,0.3161334547472248,1.0892625780975027e-4,0.6837576189949647,5,10,sar_0.2,sar,0.2
145,C,0.41135890037428274,1.5607997087276843e-4,0.5884850196548446,5,10,sar_0.2,sar,0.2
146,A,0.3161208578327864,1.0058332721178484e-4,0.683778558840003,5,10,sar_0.2,sar,0.2
146,C,0.4113407819904009,1.4418733441176447e-4,0.5885150306751876,5,10,sar_0.2,sar,0.2
147,A,0.3161092245345679,9.28805013463409e-5,0.6837978949640856,5,10,sar_0.2,sar,0.2
147,C,0.41132404502050685,1.332000793020797e-4,0.5885427549001921,5,10,sar_0.2,sar,0.2
148,A,0.31609848104152305,8.576855840871533e-5,0.6838157504000683,5,10,sar_0.2,sar,0.2
148,C,0.4113085841716049,1.230493938513552e-4,0.5885683664345448,5,10,sar_0.2,sar,0.2
149,A,0.3160885592069607,7.920207196243784e-5,0.6838322387210763,5,10,sar_0.2,sar,0.2
149,C,0.4112943021717394,1.1367167954829455e-4,0.5885920261487124,5,10,sar_0.2,sar,0.2
150,A,0.3160793961127376,7.313911742177248e-5,0.6838474647698405,5,10,sar_0.2,sar,0.2
150,C,0.41128110915961885,1.0500815855265345e-4,0.5886138826818299,5,10,sar_0.2,sar,0.2
151,A,0.31607093366709227,6.754100128809663e-5,0.6838615253316196,5,10,sar_0.2,sar,0.2
151,C,0.41126892212059446,9.700451038243478e-5,0.5886340733690241,5,10,sar_0.2,sar,0.2
152,A,0.3160631182335198,6.237201137506494e-5,0.6838745097551052,5,10,sar_0.2,sar,0.2
152,C,0.41125766436548705,8.961053567729261e-5,0.5886527250988356,5,10,sar_0.2,sar,0.2
153,A,0.3160559002882728,5.7599186393726404e-5,0.683886500525333,5,10,sar_0.2,sar,0.2
153,C,0.41124726504901493,8.277984506352721e-5,0.5886699551059226,5,10,sar_0.2,sar,0.2
154,A,0.3160492341042833,5.319210339634773e-5,0.6838975737923203,5,10,sar_0.2,sar,0.2
154,C,0.41123765872482143,7.646957128537426e-5,0.5886858717038925,5,10,sar_0.2,sar,0.2
155,A,0.3160430774594434,4.9122681694150064e-5,0.6839077998588626,5,10,sar_0.2,sar,0.2
155,C,0.41122878493434095,7.064010289658546e-5,0.5887005749627627,5,10,sar_0.2,sar,0.2
156,A,0.3160373913673766,4.5365001970369516e-5,0.6839172436306528,5,10,sar_0.2,sar,0.2
156,C,0.4112205878269211,6.525483792583543e-5,0.5887141573351529,5,10,sar_0.2,sar,0.2
157,A,0.3160321398289465,4.189513940831773e-5,0.6839259650316454,5,10,sar_0.2,sar,0.2
157,C,0.4112130158088483,6.027995604135623e-5,0.5887267042351088,5,10,sar_0.2,sar,0.2
158,A,0.31602728960290294,3.869100974569637e-5,0.683934019387351,5,10,sar_0.2,sar,0.2
158,C,0.41120602121906785,5.56842078455517e-5,0.5887382945730872,5,10,sar_0.2,sar,0.2
159,A,0.3160228099941899,3.5732227251296925e-5,0.6839414577785584,5,10,sar_0.2,sar,0.2
159,C,0.41119956002958175,5.14387200290647e-5,0.5887490012503912,5,10,sar_0.2,sar,0.2
160,A,0.316018672658542,3.299997369827146e-5,0.6839483273677595,5,10,sar_0.2,sar,0.2
160,C,0.41119359156864654,4.751681520559593e-5,0.5887588916161471,5,10,sar_0.2,sar,0.2
161,A,0.3160148514221215,3.047687747956007e-5,0.6839546717003993,5,10,sar_0.2,sar,0.2
161,C,0.41118807826505294,4.3893845333396836e-5,0.5887680278896148,5,10,sar_0.2,sar,0.2
162,A,0.3160113221150231,2.8146902079426586e-5,0.6839605309828973,5,10,sar_0.2,sar,0.2
162,C,0.4111829854118475,4.054703771244571e-5,0.5887764675504407,5,10,sar_0.2,sar,0.2
163,A,0.3160080624175883,2.5995243172162407e-5,0.6839659423392394,5,10,sar_0.2,sar,0.2
163,C,0.41117828094806874,3.745535261314081e-5,0.5887842636993182,5,10,sar_0.2,sar,0.2
164,A,0.31600505171853,2.400823367898657e-5,0.6839709400477908,5,10,sar_0.2,sar,0.2
164,C,0.41117393525709434,3.459935166717918e-5,0.5887914653912396,5,10,sar_0.2,sar,0.2
165,A,0.3160022709839651,2.2173256165909756e-5,0.6839755557598688,5,10,sar_0.2,sar,0.2
165,C,0.41116992098034283,3.196107621463835e-5,0.5887981179434434,5,10,sar_0.2,sar,0.2
166,A,0.31599970263650545,2.0478662012946858e-5,0.6839798187014815,5,10,sar_0.2,sar,0.2
166,C,0.41116621284517413,2.9523934859979056e-5,0.588804263219966,5,10,sar_0.2,sar,0.2
167,A,0.3159973304436402,1.8913696828968405e-5,0.6839837558595301,5,10,sar_0.2,sar,0.2
167,C,0.4111627875058879,2.727259954420637e-5,0.5888099398945675,5,10,sar_0.2,sar,0.2
168,A,0.3159951394146894,1.7468431627569284e-5,0.6839873921536832,5,10,sar_0.2,sar,0.2
168,C,0.4111596233968452,2.519290949207662e-5,0.5888151836936638,5,10,sar_0.2,sar,0.2
169,A,0.31599311570566646,1.6133699317333364e-5,0.6839907505950165,5,10,sar_0.2,sar,0.2
169,C,0.41115670059677195,2.3271782441346257e-5,0.5888200276207866,5,10,sar_0.2,sar,0.2
170,A,0.3159912465314492,1.4901036094669635e-5,0.683993852432456,5,10,sar_0.2,sar,0.2
170,C,0.4111540007034108,2.149713260525585e-5,0.5888245021639834,5,10,sar_0.2,sar,0.2
171,A,0.31598952008468556,1.3762627359314912e-5,0.6839967172879556,5,10,sar_0.2,sar,0.2
171,C,0.41115150671771655,1.9857794860147997e-5,0.5888286354874237,5,10,sar_0.2,sar,0.2
172,A,0.315987925460922,1.2711257802083593e-5,0.6839993632812751,5,10,sar_0.2,sar,0.2
172,C,0.41114920293687623,1.8343454687959935e-5,0.5888324536084347,5,10,sar_0.2,sar,0.2
173,A,0.3159864525894798,1.1740265341736182e-5,0.6840018071451773,5,10,sar_0.2,sar,0.2
173,C,0.41114707485549196,1.694458343858233e-5,0.5888359805610687,5,10,sar_0.2,sar,0.2
174,A,0.31598509216962667,1.0843498613015598e-5,0.6840040643317608,5,10,sar_0.2,sar,0.2
174,C,0.41114510907428065,1.565237850976475e-5,0.5888392385472087,5,10,sar_0.2,sar,0.2
175,A,0.3159838356116458,1.001527773107054e-5,0.6840061491106233,5,10,sar_0.2,sar,0.2
175,C,0.41114329321574505,1.4458708072447129e-5,0.5888422480761827,5,10,sar_0.2,sar,0.2
176,A,0.31598267498242344,9.250358078815883e-6,0.6840080746594982,5,10,sar_0.2,sar,0.2
176,C,0.4111416158462641,1.335605999731261e-5,0.5888450280937384,5,10,sar_0.2,sar,0.2
177,A,0.31598160295520383,8.543896883457978e-6,0.6840098531479123,5,10,sar_0.2,sar,0.2
177,C,0.4111400664041261,1.233749466423064e-5,0.5888475961012096,5,10,sar_0.2,sar,0.2
178,A,0.3159806127631985,7.89142236657603e-6,0.6840114958144347,5,10,sar_0.2,sar,0.2
178,C,0.4111386351330468,1.139660136024126e-5,0.5888499682655924,5,10,sar_0.2,sar,0.2
179,A,0.31597969815674676,7.288805268897565e-6,0.684013013037984,5,10,sar_0.2,sar,0.2
179,C,0.41113731302075396,1.052745799393615e-5,0.5888521595212517,5,10,sar_0.2,sar,0.2
180,A,0.31597885336375986,6.732232566340268e-6,0.6840144144036736,5,10,sar_0.2,sar,0.2
180,C,0.41113609174225835,9.724593874623063e-6,0.5888541836638681,5,10,sar_0.2,sar,0.2
181,A,0.3159780730531948,6.21818320810139e-6,0.6840157087635977,5,10,sar_0.2,sar,0.2
181,C,0.4111349636074402,8.982955323623109e-6,0.5888560534372359,5,10,sar_0.2,sar,0.2
182,A,0.31597735230132384,5.7434057207820074e-6,0.6840169042929548,5,10,sar_0.2,sar,0.2
182,C,0.4111339215126458,8.297873902780922e-6,0.5888577806134514,5,10,sar_0.2,sar,0.2
183,A,0.3159766865605896,5.304897534461098e-6,0.6840180085418766,5,10,sar_0.2,sar,0.2
183,C,0.41113295889596146,7.665037061222491e-6,0.5888593760669778,5,10,sar_0.2,sar,0.2
184,A,0.3159760716308416,4.899885897930803e-6,0.6840190284832608,5,10,sar_0.2,sar,0.2
184,C,0.4111320696959004,7.080461016689715e-6,0.5888608498430833,5,10,sar_0.2,sar,0.2
185,A,0.3159755036327772,4.525810260574692e-6,0.6840199705569621,5,10,sar_0.2,sar,0.2
185,C,0.41113124831324743,6.540465701660545e-6,0.5888622112210513,5,10,sar_0.2,sar,0.2
186,A,0.3159749789834127,4.180306007838841e-6,0.6840208407105791,5,10,sar_0.2,sar,0.2
186,C,0.411130489575804,6.041651617294831e-6,0.5888634687725782,5,10,sar_0.2,sar,0.2
187,A,0.315974494373435,3.861189445977594e-6,0.6840216444371195,5,10,sar_0.2,sar,0.2
187,C,0.4111297887058243,5.580878450111532e-6,0.5888646304157258,5,10,sar_0.2,sar,0.2
188,A,0.3159740467462818,3.566443939832604e-6,0.6840223868097789,5,10,sar_0.2,sar,0.2
188,C,0.4111291412899341,5.155245317318519e-6,0.5888657034647495,5,10,sar_0.2,sar,0.2
189,A,0.3159736332788265,3.2942071148563735e-6,0.6840230725140578,5,10,sar_0.2,sar,0.2
189,C,0.4111285432513438,4.762072516908705e-6,0.58886669467614,5,10,sar_0.2,sar,0.2
190,A,0.31597325136353965,3.0427590414562326e-6,0.6840237058774191,5,10,sar_0.2,sar,0.2
190,C,0.41112799082418255,4.398884668039395e-6,0.5888676102911496,5,10,sar_0.2,sar,0.2
191,A,0.31597289859201116,2.810511326058897e-6,0.6840242908966626,5,10,sar_0.2,sar,0.2
191,C,0.4111274805297836,4.0633951358942565e-6,0.5888684560750808,5,10,sar_0.2,sar,0.2
192,A,0.31597257273973933,2.595997039132438e-6,0.6840248312632206,5,10,sar_0.2,sar,0.2
192,C,0.41112700915478495,3.7534916432577204e-6,0.5888692373535716,5,10,sar_0.2,sar,0.2
193,A,0.3159722717520787,2.397861415789604e-6,0.684025330386506,5,10,sar_0.2,sar,0.2
193,C,0.4111265737308929,3.467222978461706e-6,0.5888699590461295,5,10,sar_0.2,sar,0.2
194,A,0.31597199373126,2.2148532695669657e-6,0.6840257914154708,5,10,sar_0.2,sar,0.2
194,C,0.41112617151619507,3.202786716233983e-6,0.5888706256970898,5,10,sar_0.2,sar,0.2
195,A,0.3159717369244122,2.045817064557506e-6,0.6840262172585237,5,10,sar_0.2,sar,0.2
195,C,0.41112579997789317,2.958517874322299e-6,0.58887124150423,5,10,sar_0.2,sar,0.2
196,A,0.3159714997124877,1.889685595301107e-6,0.6840266106019165,5,10,sar_0.2,sar,0.2
196,C,0.41112545677636225,2.732878434631028e-6,0.5888718103452029,5,10,sar_0.2,sar,0.2
197,A,0.31597128060004603,1.7454732277377446e-6,0.6840269739267267,5,10,sar_0.2,sar,0.2
197,C,0.41112513975040693,2.524447663025462e-6,0.5888723358019298,5,10,sar_0.2,sar,0.2
198,A,0.3159710782058067,1.612269658126787e-6,0.6840273095245348,5,10,sar_0.2,sar,0.2
198,C,0.4111248469036632,2.3319131669687166e-6,0.5888728211831697,5,10,sar_0.2,sar,0.2
199,A,0.31597089125393685,1.4892341501565961e-6,0.6840276195119129,5,10,sar_0.2,sar,0.2
199,C,0.4111245763920229,2.1540626347847625e-6,0.5888732695453414,5,10,sar_0.2,sar,0.2
200,A,0.31597071856599257,1.3755902135316739e-6,0.684027905843794,5,10,sar_0.2,sar,0.2
200,C,0.41112432651202374,1.989776204618439e-6,0.5888736837117715,5,10,sar_0.2,sar,0.2
201,A,0.3159705590534837,1.270620690150487e-6,0.6840281703258251,5,10,sar_0.2,sar,0.2
201,C,0.41112409569012126,1.8380194151141235e-6,0.5888740662904625,5,10,sar_0.2,sar,0.2
202,A,0.3159704117110078,1.17366321659857e-6,0.6840284146257762,5,10,sar_0.2,sar,0.2
202,C,0.4111238824727832,1.6978366934929758e-6,0.5888744196905229,5,10,sar_0.2,sar,0.2
203,A,0.31597027560989915,1.0841060340810585e-6,0.6840286402840674,5,10,sar_0.2,sar,0.2
203,C,0.4111236855173333,1.5683453400707078e-6,0.5888747461373265,5,10,sar_0.2,sar,0.2
204,A,0.31597014989237504,1.001384119145436e-6,0.6840288487235063,5,10,sar_0.2,sar,0.2
204,C,0.4111235035834993,1.4487299713862428e-6,0.58887504768653,5,10,sar_0.2,sar,0.2
205,A,0.3159700337661206,9.249756105937671e-7,0.6840290412582696,5,10,sar_0.2,sar,0.2
205,C,0.41112333552560054,1.338237386991388e-6,0.5888753262370124,5,10,sar_0.2,sar,0.2
206,A,0.3159699264992926,8.543985098742411e-7,0.6840292191021974,5,10,sar_0.2,sar,0.2
206,C,0.41112318028533684,1.2361718276120665e-6,0.5888755835428355,5,10,sar_0.2,sar,0.2
207,A,0.315969827415901,7.892076339864853e-7,0.6840293833764653,5,10,sar_0.2,sar,0.2
207,C,0.41112303688512314,1.141890594849841e-6,0.5888758212242818,5,10,sar_0.2,sar,0.2
208,A,0.31596973589154526,7.289918015462115e-7,0.6840295351166538,5,10,sar_0.2,sar,0.2
208,C,0.41112290442193056,1.054800004865501e-6,0.5888760407780653,5,10,sar_0.2,sar,0.2
209,A,0.31596965134947663,6.733712341419027e-7,0.6840296752792903,5,10,sar_0.2,sar,0.2
209,C,0.4111227820616044,9.743516505866634e-7,0.5888762435867446,5,10,sar_0.2,sar,0.2
210,A,0.3159695732569588,6.219951564883471e-7,0.6840298047478851,5,10,sar_0.2,sar,0.2
210,C,0.41112266903361094,9.000389489211189e-7,0.5888764309274404,5,10,sar_0.2,sar,0.2
211,A,0.31596950112191147,5.745395801480647e-7,0.6840299243385078,5,10,sar_0.2,sar,0.2
211,C,0.4111225646261813,8.313939512491683e-7,0.5888766039798691,5,10,sar_0.2,sar,0.2
212,A,0.31596943448980397,5.307052567604443e-7,0.6840300348049398,5,10,sar_0.2,sar,0.2
212,C,0.41112246818183257,7.67984397123641e-7,0.58887676383377,5,10,sar_0.2,sar,0.2
213,A,0.3159693729407906,4.90215787797451e-7,0.6840301368434216,5,10,sar_0.2,sar,0.2
213,C,0.4111223790932295,7.094109926358957e-7,0.5888769114957779,5,10,sar_0.2,sar,0.2
214,A,0.315969316087062,4.528158788607755e-7,0.6840302310970584,5,10,sar_0.2,sar,0.2
214,C,0.4111222967993549,6.553048963193071e-7,0.588877047895748,5,10,sar_0.2,sar,0.2
215,A,0.3159692635704023,4.1826972745460985e-7,0.6840303181598708,5,10,sar_0.2,sar,0.2
215,C,0.4111222207819819,6.053253967672522e-7,0.5888771738926225,5,10,sar_0.2,sar,0.2
216,A,0.3159692150599265,3.863595340168287e-7,0.684030398580539,5,10,sar_0.2,sar,0.2
216,C,0.41112215056240486,5.591577673484503e-7,0.5888772902798284,5,10,sar_0.2,sar,0.2
217,A,0.3159691702500009,3.5688412677476536e-7,0.6840304728658727,5,10,sar_0.2,sar,0.2
217,C,0.41112208569843145,5.165112845167178e-7,0.588877397790284,5,10,sar_0.2,sar,0.2
218,A,0.3159691288583074,3.2965769171489765e-7,0.6840305414840008,5,10,sar_0.2,sar,0.2
218,C,0.4111220257815948,4.771173972413966e-7,0.5888774971010077,5,10,sar_0.2,sar,0.2
219,A,0.31596909062407313,3.0450859962347826e-7,0.6840306048673275,5,10,sar_0.2,sar,0.2
219,C,0.41112197043458076,4.40728036035682e-7,0.588877588837384,5,10,sar_0.2,sar,0.2
220,A,0.3159690553064187,2.8127832277141365e-7,0.6840306634152581,5,10,sar_0.2,sar,0.2
220,C,0.4111219193088508,4.071140509384178e-7,0.5888776735770991,5,10,sar_0.2,sar,0.2
221,A,0.31596902268284466,2.598204343857224e-7,0.68403071749672,5,10,sar_0.2,sar,0.2
221,C,0.41112187208245105,3.7606376861637174e-7,0.5888777518537793,5,10,sar_0.2,sar,0.2
222,A,0.3159689925478285,2.3999968457534676e-7,0.6840307674524875,5,10,sar_0.2,sar,0.2
222,C,0.41112182845798184,3.4738165950386376e-7,0.5888778241603566,5,10,sar_0.2,sar,0.2
223,A,0.315968964711526,2.2169114686380888e-7,0.6840308135973278,5,10,sar_0.2,sar,0.2
223,C,0.4111217881607292,3.208871065886424e-7,0.5888778909521636,5,10,sar_0.2,sar,0.2
224,A,0.3159689389985782,2.047794299292322e-7,0.6840308562219923,5,10,sar_0.2,sar,0.2
224,C,0.4111217509369258,2.9641326809302956e-7,0.5888779526498064,5,10,sar_0.2,sar,0.2
225,A,0.3159689152470042,1.8915794956564268e-7,0.6840308955950455,5,10,sar_0.2,sar,0.2
225,C,0.41112171655216134,2.738060268902913e-7,0.588878009641811,5,10,sar_0.2,sar,0.2
226,A,0.31596889330718303,1.7472825626117187e-7,0.6840309319645609,5,10,sar_0.2,sar,0.2
226,C,0.4111216847899065,2.5292302004203815e-7,0.5888780622870742,5,10,sar_0.2,sar,0.2
227,A,0.3159688730409061,1.6139941414116608e-7,0.6840309655596796,5,10,sar_0.2,sar,0.2
227,C,0.4111216554501422,2.3363274234673045e-7,0.5888781109171166,5,10,sar_0.2,sar,0.2
228,A,0.31596885432050686,1.4908742498563088e-7,0.6840309965920685,5,10,sar_0.2,sar,0.2
228,C,0.4111216283481014,2.1581371484211544e-7,0.588878155838184,5,10,sar_0.2,sar,0.2
229,A,0.31596883702807166,1.3771471026605558e-7,0.6840310252572172,5,10,sar_0.2,sar,0.2
229,C,0.4111216033131292,1.993537369719904e-7,0.5888781973331332,5,10,sar_0.2,sar,0.2
230,A,0.31596882105465385,1.272095928027144e-7,0.6840310517357533,5,10,sar_0.2,sar,0.2
230,C,0.4111215801875465,1.841491381155796e-7,0.5888782356633148,5,10,sar_0.2,sar,0.2
231,A,0.3159688062996009,1.175058536463151e-7,0.6840310761945448,5,10,sar_0.2,sar,0.2
231,C,0.4111215588256726,1.701041376748919e-7,0.588878271070189,5,10,sar_0.2,sar,0.2
232,A,0.31596879266997,1.0854234812221554e-7,0.6840310987876816,5,10,sar_0.2,sar,0.2
232,C,0.41112153909298543,1.571302905162994e-7,0.5888783037767253,5,10,sar_0.2,sar,0.2
233,A,0.3159687800797791,1.00262511657943e-7,0.6840311196577099,5,10,sar_0.2,sar,0.2
233,C,0.41112152086503145,1.4514577301647423e-7,0.5888783339891958,5,10,sar_0.2,sar,0.2
234,A,0.31596876845026983,9.261453359192356e-8,0.6840311389351956,5,10,sar_0.2,sar,0.2
234,C,0.4111215040278147,1.3407563485441707e-7,0.5888783618965504,5,10,sar_0.2,sar,0.2
235,A,0.31596875770800203,8.555010257217116e-8,0.684031156741895,5,10,sar_0.2,sar,0.2
235,C,0.41112148847503327,1.2384998551783623e-7,0.5888783876749808,5,10,sar_0.2,sar,0.2
236,A,0.3159687477857217,7.902497740909857e-8,0.6840311731893012,5,10,sar_0.2,sar,0.2
236,C,0.41112147410933836,1.1440481983009086e-7,0.5888784114858425,5,10,sar_0.2,sar,0.2
237,A,0.3159687386139147,7.299343139650209e-8,0.6840311883926549,5,10,sar_0.2,sar,0.2
237,C,0.4111214608301065,1.0567398129203659e-7,0.5888784334959111,5,10,sar_0.2,sar,0.2
238,A,0.3159687301534805,6.742974518069347e-8,0.6840312024167742,5,10,sar_0.2,sar,0.2
238,C,0.41112144858074184,9.762025827487845e-8,0.5888784537990006,5,10,sar_0.2,sar,0.2
239,A,0.3159687223236326,6.228077814470213e-8,0.684031215395589,5,10,sar_0.2,sar,0.2
239,C,0.41112143724429895,9.016676324513913e-8,0.588878472588937,5,10,sar_0.2,sar,0.2
240,A,0.3159687148709727,5.7379876563019725e-8,0.6840312277491505,5,10,sar_0.2,sar,0.2
240,C,0.4111214264539277,8.30722983987376e-8,0.5888784904737747,5,10,sar_0.2,sar,0.2
241,A,0.31596870845664016,5.316184133149806e-8,0.6840312383815192,5,10,sar_0.2,sar,0.2
241,C,0.4111214171668012,7.696618720941213e-8,0.5888785058670115,5,10,sar_0.2,sar,0.2
242,A,0.3159687025138128,4.9253890430490576e-8,0.684031248232296,5,10,sar_0.2,sar,0.2
242,C,0.4111214085623127,7.130889658587822e-8,0.5888785201287908,5,10,sar_0.2,sar,0.2
243,A,0.31596869700783126,4.5633226878033124e-8,0.6840312573589428,5,10,sar_0.2,sar,0.2
243,C,0.4111214005902853,6.606743672412284e-8,0.5888785333422796,5,10,sar_0.2,sar,0.2
244,A,0.3159686919065817,4.227872986229912e-8,0.6840312658146878,5,10,sar_0.2,sar,0.2
244,C,0.41112139320423025,6.12112426457488e-8,0.5888785455845267,5,10,sar_0.2,sar,0.2
245,A,0.3159686871803143,3.917083147192141e-8,0.6840312736488542,5,10,sar_0.2,sar,0.2
245,C,0.4111213863610769,5.671199599690551e-8,0.5888785569269251,5,10,sar_0.2,sar,0.2
246,A,0.3159686828014627,3.629140250462547e-8,0.6840312809071354,5,10,sar_0.2,sar,0.2
246,C,0.4111213800209223,5.254345991482066e-8,0.5888785674356186,5,10,sar_0.2,sar,0.2
247,A,0.31596867874448886,3.362364667443163e-8,0.6840312876318638,5,10,sar_0.2,sar,0.2
247,C,0.41112137414679073,4.868132603203833e-8,0.5888785771718841,5,10,sar_0.2,sar,0.2
248,A,0.315968674985733,3.115200259955718e-8,0.6840312938622649,5,10,sar_0.2,sar,0.2
248,C,0.41112136870442906,4.510307272622518e-8,0.5888785861924979,5,10,sar_0.2,sar,0.2
249,A,0.31596867150327146,2.8862052998621564e-8,0.6840312996346748,5,10,sar_0.2,sar,0.2
249,C,0.4111213636621014,4.178783378897613e-8,0.5888785945500649,5,10,sar_0.2,sar,0.2
250,A,0.31596866827679565,2.674044056488484e-8,0.6840313049827633,5,10,sar_0.2,sar,0.2
250,C,0.41112135899040336,3.871627674780356e-8,0.5888786022933198,5,10,sar_0.2,sar,0.2
251,A,0.31596866528748857,2.4774790027270637e-8,0.6840313099377217,5,10,sar_0.2,sar,0.2
251,C,0.41112135466209165,3.5870490131785304e-8,0.5888786094674175,5,10,sar_0.2,sar,0.2
252,A,0.3159686625179153,2.2953635943077458e-8,0.6840313145284485,5,10,sar_0.2,sar,0.2
252,C,0.411121350651927,3.323387902349292e-8,0.5888786161141942,5,10,sar_0.2,sar,0.2
253,A,0.3159686599519246,2.1266355800767962e-8,0.68403131878172,5,10,sar_0.2,sar,0.2
253,C,0.4111213469365244,3.079106828814273e-8,0.588878622272408,5,10,sar_0.2,sar,0.2
254,A,0.3159686575745505,1.9703108042250525e-8,0.6840313227223419,5,10,sar_0.2,sar,0.2
254,C,0.4111213434942162,2.8527812915677346e-8,0.5888786279779691,5,10,sar_0.2,sar,0.2
255,A,0.31596865537192903,1.8254774642805794e-8,0.6840313263732959,5,10,sar_0.2,sar,0.2
255,C,0.4111213403049318,2.6430914952960452e-8,0.588878633264153,5,10,sar_0.2,sar,0.2
256,A,0.31596865333121427,1.6912907913434346e-8,0.6840313297558774,5,10,sar_0.2,sar,0.2
256,C,0.4111213373500715,2.4488146541697148e-8,0.5888786381617824,5,10,sar_0.2,sar,0.2
257,A,0.31596865144050446,1.56696812150655e-8,0.6840313328898139,5,10,sar_0.2,sar,0.2
257,C,0.4111213346124031,2.2688178613294346e-8,0.5888786426994178,5,10,sar_0.2,sar,0.2
258,A,0.315968649688774,1.4517843296915921e-8,0.6840313357933826,5,10,sar_0.2,sar,0.2
258,C,0.4111213320759643,2.1020514824862132e-8,0.5888786469035218,5,10,sar_0.2,sar,0.2
259,A,0.31596864806580605,1.3450675992452341e-8,0.6840313384835185,5,10,sar_0.2,sar,0.2
259,C,0.4111213297259626,1.947543035111882e-8,0.5888786507986082,5,10,sar_0.2,sar,0.2
260,A,0.31596864656213586,1.2461955026023052e-8,0.6840313409759083,5,10,sar_0.2,sar,0.2
260,C,0.4111213275486947,1.8043915175278422e-8,0.5888786544073892,5,10,sar_0.2,sar,0.2
261,A,0.31596864516899487,1.1545913700472191e-8,0.6840313432850914,5,10,sar_0.2,sar,0.2
261,C,0.41112132553146424,1.671762154654327e-8,0.5888786577509147,5,10,sar_0.2,sar,0.2
262,A,0.3159686438782568,1.0697209251710214e-8,0.6840313454245339,5,10,sar_0.2,sar,0.2
262,C,0.4111213236625068,1.5488815293993044e-8,0.5888786608486776,5,10,sar_0.2,sar,0.2
263,A,0.3159686426823963,9.910891698929725e-9,0.6840313474067117,5,10,sar_0.2,sar,0.2
263,C,0.4111213219309251,1.4350330759360223e-8,0.5888786637187434,5,10,sar_0.2,sar,0.2
264,A,0.3159686415744384,9.182374947491607e-9,0.6840313492431873,5,10,sar_0.2,sar,0.2
264,C,0.4111213203266217,1.3295528972208719e-8,0.5888786663778491,5,10,sar_0.2,sar,0.2
265,A,0.315968640547921,8.50741004348675e-9,0.6840313509446685,5,10,sar_0.2,sar,0.2
265,C,0.41112131884023967,1.2318258949840517e-8,0.5888786688415015,5,10,sar_0.2,sar,0.2
266,A,0.31596863959685856,7.882060387731833e-9,0.684031352521081,5,10,sar_0.2,sar,0.2
266,C,0.41112131746311337,1.1412821828525643e-8,0.5888786711240659,5,10,sar_0.2,sar,0.2
267,A,0.3159686387157046,7.302678772154889e-9,0.684031353981617,5,10,sar_0.2,sar,0.2
267,C,0.41112131618720943,1.0573937631203677e-8,0.5888786732388533,5,10,sar_0.2,sar,0.2
268,A,0.3159686378993202,6.765886104562147e-9,0.6840313553347945,5,10,sar_0.2,sar,0.2
268,C,0.41112131500508986,9.79671447786832e-9,0.5888786751981963,5,10,sar_0.2,sar,0.2
269,A,0.315968637142944,6.268551697633041e-9,0.6840313565885042,5,10,sar_0.2,sar,0.2
269,C,0.4111213139098601,9.076620059090397e-9,0.5888786770135196,5,10,sar_0.2,sar,0.2
270,A,0.3159686364421661,5.807775007121991e-9,0.6840313577500599,5,10,sar_0.2,sar,0.2
270,C,0.41112131289513365,8.409455206331526e-9,0.5888786786954118,5,10,sar_0.2,sar,0.2
271,A,0.3159686357928982,5.380868712704616e-9,0.6840313588262324,5,10,sar_0.2,sar,0.2
271,C,0.4111213119549932,7.791329404927913e-9,0.5888786802536763,5,10,sar_0.2,sar,0.2
272,A,0.3159686351913554,4.98534304274318e-9,0.6840313598233015,5,10,sar_0.2,sar,0.2
272,C,0.41112131108395766,7.218638106952248e-9,0.5888786816974053,5,10,sar_0.2,sar,0.2
273,A,0.31596863463402863,4.6188912515064646e-9,0.6840313607470798,5,10,sar_0.2,sar,0.2
273,C,0.41112131027694526,6.688041711656333e-9,0.5888786830350132,5,10,sar_0.2,sar,0.2
274,A,0.3159686341176687,4.279376164106043e-9,0.6840313616029549,5,10,sar_0.2,sar,0.2
274,C,0.4111213095292516,6.196446090922869e-9,0.5888786842743021,5,10,sar_0.2,sar,0.2
275,A,0.3159686336392638,3.964817710641954e-9,0.6840313623959186,5,10,sar_0.2,sar,0.2
275,C,0.4111213088365165,5.740984546162404e-9,0.5888786854224992,5,10,sar_0.2,sar,0.2
276,A,0.3159686331960239,3.673381376824785e-9,0.684031363130596,5,10,sar_0.2,sar,0.2
276,C,0.41112130819469944,5.319001091440233e-9,0.5888786864862993,5,10,sar_0.2,sar,0.2
277,A,0.31596863278536397,3.4033675036891495e-9,0.684031363811268,5,10,sar_0.2,sar,0.2
277,C,0.41112130760005816,4.928034965350775e-9,0.5888786874719059,5,10,sar_0.2,sar,0.2
278,A,0.3159686324048895,3.153201373969171e-9,0.6840313644419078,5,10,sar_0.2,sar,0.2
278,C,0.4111213070491261,4.5658062813225004e-9,0.5888786883850672,5,10,sar_0.2,sar,0.2
279,A,0.31596863205238196,2.9214240272970753e-9,0.6840313650261934,5,10,sar_0.2,sar,0.2
279,C,0.4111213065386889,4.230202732675086e-9,0.5888786892311081,5,10,sar_0.2,sar,0.2
280,A,0.3159686317257859,2.7066837506393225e-9,0.6840313655675304,5,10,sar_0.2,sar,0.2
280,C,0.411121306065771,3.919267274900915e-9,0.5888786900149616,5,10,sar_0.2,sar,0.2
281,A,0.31596863142319576,2.507728194407999e-9,0.6840313660690759,5,10,sar_0.2,sar,0.2
281,C,0.4111213056276144,3.6311867139488798e-9,0.5888786907411991,5,10,sar_0.2,sar,0.2
282,A,0.3159686311428474,2.323397068451037e-9,0.6840313665337556,5,10,sar_0.2,sar,0.2
282,C,0.4111213052216634,3.3642811353350347e-9,0.5888786914140548,5,10,sar_0.2,sar,0.2
283,A,0.31596863088310595,2.1526153730582524e-9,0.684031366964278,5,10,sar_0.2,sar,0.2
283,C,0.4111213048455522,3.116994095779951e-9,0.588878692037455,5,10,sar_0.2,sar,0.2
284,A,0.31596863064245706,1.994387130845751e-9,0.6840313673631558,5,10,sar_0.2,sar,0.2
284,C,0.41112130449708584,2.8878835609889406e-9,0.5888786926150308,5,10,sar_0.2,sar,0.2
285,A,0.3159686304194966,1.847789577186725e-9,0.6840313677327136,5,10,sar_0.2,sar,0.2
285,C,0.41112130417423287,2.6756134914242103e-9,0.5888786931501527,5,10,sar_0.2,sar,0.2
286,A,0.31596863021292443,1.7119677782948977e-9,0.6840313680751064,5,10,sar_0.2,sar,0.2
286,C,0.41112130387511125,2.478946051308984e-9,0.588878693645943,5,10,sar_0.2,sar,0.2
287,A,0.3159686300215369,1.5861296449532254e-9,0.6840313683923331,5,10,sar_0.2,sar,0.2
287,C,0.4111213035979767,2.296734390297449e-9,0.5888786941052906,5,10,sar_0.2,sar,0.2
288,A,0.31596862984421725,1.469541312800639e-9,0.6840313686862417,5,10,sar_0.2,sar,0.2
288,C,0.4111213033412114,2.1279159557175516e-9,0.5888786945308729,5,10,sar_0.2,sar,0.2
289,A,0.3159686296799307,1.3615228622282664e-9,0.6840313689585463,5,10,sar_0.2,sar,0.2
289,C,0.41112130310331957,1.9715062963877325e-9,0.5888786949251731,5,10,sar_0.2,sar,0.2
290,A,0.3159686295277204,1.2614443529178687e-9,0.6840313692108346,5,10,sar_0.2,sar,0.2
290,C,0.41112130288291515,1.8265933218751594e-9,0.5888786952904929,5,10,sar_0.2,sar,0.2
291,A,0.3159686293866986,1.168722149891013e-9,0.6840313694445798,5,10,sar_0.2,sar,0.2
291,C,0.4111213026787093,1.6923319837189933e-9,0.5888786956289598,5,10,sar_0.2,sar,0.2
292,A,0.3159686292560421,1.0828155196381131e-9,0.6840313696611419,5,10,sar_0.2,sar,0.2
292,C,0.41112130248951434,1.5679393476027827e-9,0.5888786959425478,5,10,sar_0.2,sar,0.2
293,A,0.3159686291349892,1.0032234764722029e-9,0.6840313698617868,5,10,sar_0.2,sar,0.2
293,C,0.41112130231422545,1.4526900277397972e-9,0.5888786962330852,5,10,sar_0.2,sar,0.2
294,A,0.3159686290228348,9.294818607119757e-10,0.6840313700476839,5,10,sar_0.2,sar,0.2
294,C,0.4111213021518206,1.3459119568474226e-9,0.5888786965022679,5,10,sar_0.2,sar,0.2
295,A,0.3159686289189238,8.61160631651197e-10,0.6840313702199161,5,10,sar_0.2,sar,0.2
295,C,0.41112130200135405,1.2469824670436313e-9,0.588878696751664,5,10,sar_0.2,sar,0.2
296,A,0.31596862882265087,7.978613595244977e-10,0.6840313703794882,5,10,sar_0.2,sar,0.2
296,C,0.4111213018619467,1.1553246588116347e-9,0.5888786969827284,5,10,sar_0.2,sar,0.2
297,A,0.31596862873345427,7.392149018405001e-10,0.6840313705273314,5,10,sar_0.2,sar,0.2
297,C,0.41112130173278627,1.0704040368587204e-9,0.5888786971968084,5,10,sar_0.2,sar,0.2
298,A,0.3159686286508136,6.848792505286842e-10,0.6840313706643067,5,10,sar_0.2,sar,0.2
298,C,0.41112130161312016,9.91725393251583e-10,0.5888786973951541,5,10,sar_0.2,sar,0.2
299,A,0.31596862857424823,6.34537537342915e-10,0.6840313707912142,5,10,sar_0.2,sar,0.2
299,C,0.41112130150224924,9.188299196524318e-10,0.5888786975789204,5,10,sar_0.2,sar,0.2
300,A,0.31596862850331014,5.878961858876323e-10,0.6840313709087941,5,10,sar_0.2,sar,0.2
300,C,0.4111213013995279,8.512925318161758e-10,0.588878697749178,5,10,sar_0.2,sar,0.2
301,A,0.3159686284375866,5.446831995311599e-10,0.6840313710177304,5,10,sar_0.2,sar,0.2
301,C,0.41112130130435726,7.887193907197975e-10,0.5888786979069224,5,10,sar_0.2,sar,0.2
302,A,0.31596862837669387,5.046465753156444e-10,0.6840313711186595,5,10,sar_0.2,sar,0.2
302,C,0.4111213012161829,7.307456058077786e-10,0.5888786980530725,5,10,sar_0.2,sar,0.2
303,A,0.31596862832027717,4.67552833425783e-10,0.68403137121217,5,10,sar_0.2,sar,0.2
303,C,0.4111213011344885,6.770331077004332e-10,0.5888786981884786,5,10,sar_0.2,sar,0.2
304,A,0.31596862826800715,4.3318565657580777e-10,0.6840313712988073,5,10,sar_0.2,sar,0.2
304,C,0.41112130105879896,6.272686761448587e-10,0.5888786983139329,5,10,sar_0.2,sar,0.2
305,A,0.3159686282195789,4.013446280892532e-10,0.6840313713790758,5,10,sar_0.2,sar,0.2
305,C,0.41112130098867344,5.811621137255593e-10,0.588878698430166,5,10,sar_0.2,sar,0.2
306,A,0.31596862817471116,3.718440630928821e-10,0.6840313714534451,5,10,sar_0.2,sar,0.2
306,C,0.41112130092370197,5.38444553601814e-10,0.5888786985378534,5,10,sar_0.2,sar,0.2
307,A,0.3159686281331411,3.445119256278145e-10,0.6840313715223478,5,10,sar_0.2,sar,0.2
307,C,0.4111213008635058,4.988668916324868e-10,0.5888786986376269,5,10,sar_0.2,sar,0.2
308,A,0.31596862809462595,3.191888253620139e-10,0.684031371586186,5,10,sar_0.2,sar,0.2
308,C,0.4111213008077344,4.621983337453543e-10,0.5888786987300667,5,10,sar_0.2,sar,0.2
309,A,0.31596862805894205,2.9572708805261044e-10,0.68403137164533,5,10,sar_0.2,sar,0.2
309,C,0.4111213007560633,4.282250500800699e-10,0.5888786988157112,5,10,sar_0.2,sar,0.2
310,A,0.31596862802588177,2.739898943366886e-10,0.6840313717001282,5,10,sar_0.2,sar,0.2
310,C,0.41112130070819036,3.9674892805651e-10,0.5888786988950621,5,10,sar_0.2,sar,0.2
311,A,0.315968627995251,2.538504818277128e-10,0.6840313717508981,5,10,sar_0.2,sar,0.2
311,C,0.4111213006638344,3.6758641709713775e-10,0.5888786989685786,5,10,sar_0.2,sar,0.2
312,A,0.31596862796687164,2.351914058640187e-10,0.6840313717979368,5,10,sar_0.2,sar,0.2
312,C,0.4111213006227403,3.405674582664859e-10,0.5888786990366924,5,10,sar_0.2,sar,0.2
313,A,0.31596862794057856,2.1790385459786886e-10,0.684031371841518,5,10,sar_0.2,sar,0.2
313,C,0.4111213005846662,3.155344925860231e-10,0.5888786990997994,5,10,sar_0.2,sar,0.2
314,A,0.3159686279162175,2.018870144305506e-10,0.6840313718818951,5,10,sar_0.2,sar,0.2
314,C,0.41112130054939067,2.923415422415121e-10,0.5888786991582666,5,10,sar_0.2,sar,0.2
315,A,0.315968627893648,1.8704748209260835e-10,0.6840313719193049,5,10,sar_0.2,sar,0.2
315,C,0.4111213005167085,2.7085335932496316e-10,0.5888786992124385,5,10,sar_0.2,sar,0.2
316,A,0.31596862787273694,1.7329871994038258e-10,0.6840313719539639,5,10,sar_0.2,sar,0.2
316,C,0.4111213004864278,2.509446371471715e-10,0.5888786992626269,5,10,sar_0.2,sar,0.2
317,A,0.315968627853363,1.6056055129208086e-10,0.6840313719860758,5,10,sar_0.2,sar,0.2
317,C,0.41112130045837375,2.324992795216619e-10,0.5888786993091277,5,10,sar_0.2,sar,0.2
318,A,0.31596862783541335,1.4875869286012766e-10,0.6840313720158284,5,10,sar_0.2,sar,0.2
318,C,0.41112130043238165,2.1540972375893098e-10,0.5888786993522095,5,10,sar_0.2,sar,0.2
319,A,0.31596862781878243,1.3782432155290975e-10,0.6840313720433928,5,10,sar_0.2,sar,0.2
319,C,0.41112130040829975,1.9957631342308886e-10,0.5888786993921248,5,10,sar_0.2,sar,0.2
320,A,0.3159686278033748,1.2769367311948246e-10,0.6840313720689322,5,10,sar_0.2,sar,0.2
320,C,0.41112130038598804,1.849067171931869e-10,0.5888786994291059,5,10,sar_0.2,sar,0.2
321,A,0.31596862778909884,1.1830767027590683e-10,0.6840313720925931,5,10,sar_0.2,sar,0.2
321,C,0.4111213003653159,1.7131539042410612e-10,0.5888786994633686,5,10,sar_0.2,sar,0.2
322,A,0.31596862777587265,1.096115780980668e-10,0.684031372114515,5,10,sar_0.2,sar,0.2
322,C,0.4111213003461633,1.5872307623042327e-10,0.5888786994951131,5,10,sar_0.2,sar,0.2
323,A,0.3159686277636186,1.015546852374313e-10,0.6840313721348257,5,10,sar_0.2,sar,0.2
323,C,0.4111213003284196,1.4705634362960787e-10,0.5888786995245252,5,10,sar_0.2,sar,0.2
324,A,0.31596862775226553,9.409000771064535e-11,0.6840313721536448,5,10,sar_0.2,sar,0.2
324,C,0.41112130031197813,1.362471589598852e-10,0.5888786995517739,5,10,sar_0.2,sar,0.2
325,A,0.3159686277417469,8.71740150812207e-11,0.6840313721710797,5,10,sar_0.2,sar,0.2
325,C,0.4111213002967478,1.2623248928425e-10,0.5888786995770213,5,10,sar_0.2,sar,0.2
326,A,0.3159686277320008,8.07663766056696e-11,0.6840313721872324,5,10,sar_0.2,sar,0.2
326,C,0.41112130028263494,1.16953934818811e-10,0.5888786996004113,5,10,sar_0.2,sar,0.2
327,A,0.3159686277229717,7.482972603941625e-11,0.6840313722021988,5,10,sar_0.2,sar,0.2
327,C,0.4111213002695596,1.0835738837900452e-10,0.5888786996220827,5,10,sar_0.2,sar,0.2
328,A,0.31596862771460604,6.932944373086486e-11,0.684031372216064,5,10,sar_0.2,sar,0.2
328,C,0.4111213002574459,1.0039271985775552e-10,0.5888786996421616,5,10,sar_0.2,sar,0.2
329,A,0.31596862770685535,6.423345473282065e-11,0.6840313722289114,5,10,sar_0.2,sar,0.2
329,C,0.4111213002462225,9.301348389565549e-11,0.5888786996607644,5,10,sar_0.2,sar,0.2
330,A,0.31596862769967443,5.95120417538802e-11,0.6840313722408131,5,10,sar_0.2,sar,0.2
330,C,0.4111213002358242,8.617664903845093e-11,0.5888786996779994,5,10,sar_0.2,sar,0.2
331,A,0.31596862769302153,5.513767185895376e-11,0.6840313722518409,5,10,sar_0.2,sar,0.2
331,C,0.4111213002261894,7.984234680245195e-11,0.5888786996939677,5,10,sar_0.2,sar,0.2
332,A,0.3159686276868574,5.1084835908267124e-11,0.6840313722620585,5,10,sar_0.2,sar,0.2
332,C,0.41112130021726356,7.397363918455409e-11,0.5888786997087619,5,10,sar_0.2,sar,0.2
333,A,0.31596862768114614,4.732989979848409e-11,0.6840313722715238,5,10,sar_0.2,sar,0.2
333,C,0.411121300208994,6.853630326112472e-11,0.5888786997224698,5,10,sar_0.2,sar,0.2
334,A,0.3159686276758548,4.385096663841653e-11,0.6840313722802942,5,10,sar_0.2,sar,0.2
334,C,0.41112130020133214,6.349863161966516e-11,0.5888786997351698,5,10,sar_0.2,sar,0.2
335,A,0.3159686276709522,4.062774905556296e-11,0.6840313722884203,5,10,sar_0.2,sar,0.2
335,C,0.41112130019423254,5.883124745947617e-11,0.5888786997469344,5,10,sar_0.2,sar,0.2
336,A,0.31596862766641015,3.7641450888796794e-11,0.6840313722959485,5,10,sar_0.2,sar,0.2
336,C,0.411121300187656,5.450693328310551e-11,0.5888786997578376,5,10,sar_0.2,sar,0.2
337,A,0.315968627662202,3.487465757726516e-11,0.6840313723029231,5,10,sar_0.2,sar,0.2
337,C,0.41112130018156223,5.050047217960191e-11,0.5888786997679363,5,10,sar_0.2,sar,0.2
338,A,0.31596862765830364,3.231123460627527e-11,0.6840313723093859,5,10,sar_0.2,sar,0.2
338,C,0.41112130017591697,4.6788500774035325e-11,0.5888786997772953,5,10,sar_0.2,sar,0.2
339,A,0.3159686276546916,2.9936233417931556e-11,0.6840313723153736,5,10,sar_0.2,sar,0.2
339,C,0.4111213001706862,4.3349372985766294e-11,0.5888786997859649,5,10,sar_0.2,sar,0.2
340,A,0.31596862765134454,2.7735804237821306e-11,0.684031372320919,5,10,sar_0.2,sar,0.2
340,C,0.4111213001658392,4.016303380098546e-11,0.5888786997939971,5,10,sar_0.2,sar,0.2
341,A,0.3159686276482438,2.569711531245589e-11,0.6840313723260592,5,10,sar_0.2,sar,0.2
341,C,0.41112130016135007,3.7210902327841246e-11,0.588878699801441,5,10,sar_0.2,sar,0.2
342,A,0.31596862764537126,2.3808278093441044e-11,0.6840313723308208,5,10,sar_0.2,sar,0.2
342,C,0.4111213001571897,3.447576346214176e-11,0.5888786998083346,5,10,sar_0.2,sar,0.2
343,A,0.31596862764270967,2.2058277847706615e-11,0.6840313723352327,5,10,sar_0.2,sar,0.2
343,C,0.4111213001533352,3.1941667410928867e-11,0.5888786998147226,5,10,sar_0.2,sar,0.2
344,A,0.31596862764024314,2.043690949564373e-11,0.6840313723393198,5,10,sar_0.2,sar,0.2
344,C,0.4111213001497643,2.9593836784583405e-11,0.5888786998206418,5,10,sar_0.2,sar,0.2
345,A,0.3159686276379586,1.8934718073961995e-11,0.6840313723431067,5,10,sar_0.2,sar,0.2
345,C,0.411121300146456,2.7418580386197456e-11,0.5888786998261262,5,10,sar_0.2,sar,0.2
346,A,0.3159686276358417,1.7542943598805132e-11,0.6840313723466146,5,10,sar_0.2,sar,0.2
346,C,0.4111213001433908,2.5403213372401217e-11,0.588878699831206,5,10,sar_0.2,sar,0.2
347,A,0.3159686276338804,1.6253469981691516e-11,0.684031372349866,5,10,sar_0.2,sar,0.2
347,C,0.4111213001405506,2.3535983282663827e-11,0.5888786998359129,5,10,sar_0.2,sar,0.2
348,A,0.3159686276320633,1.505877770037503e-11,0.6840313723528771,5,10,sar_0.2,sar,0.2
348,C,0.41112130013791937,2.1806001505712386e-11,0.588878699840275,5,10,sar_0.2,sar,0.2
349,A,0.3159686276303796,1.3951899948621018e-11,0.6840313723556675,5,10,sar_0.2,sar,0.2
349,C,0.4111213001354816,2.020317978342222e-11,0.588878699844315,5,10,sar_0.2,sar,0.2
350,A,0.31596862762881994,1.2926382009178468e-11,0.6840313723582528,5,10,sar_0.2,sar,0.2
350,C,0.4111213001332233,1.8718171381905575e-11,0.5888786998480581,5,10,sar_0.2,sar,0.2
351,A,0.3159686276273754,1.1976243613027305e-11,0.6840313723606488,5,10,sar_0.2,sar,0.2
351,C,0.4111213001311304,1.734231658674181e-11,0.5888786998515276,5,10,sar_0.2,sar,0.2
352,A,0.31596862762603606,1.1095944065394504e-11,0.6840313723628682,5,10,sar_0.2,sar,0.2
352,C,0.41112130012919174,1.6067592204509833e-11,0.5888786998547405,5,10,sar_0.2,sar,0.2
353,A,0.31596862762479583,1.028034993516772e-11,0.6840313723649241,5,10,sar_0.2,sar,0.2
353,C,0.4111213001273961,1.488656477614403e-11,0.5888786998577182,5,10,sar_0.2,sar,0.2
354,A,0.31596862762364636,9.524705119283519e-12,0.6840313723668288,5,10,sar_0.2,sar,0.2
354,C,0.4111213001257302,1.3792347229281385e-11,0.588878699860476,5,10,sar_0.2,sar,0.2
355,A,0.31596862762258204,8.824603107518454e-12,0.6840313723685945,5,10,sar_0.2,sar,0.2
355,C,0.41112130012418874,1.2778558716820917e-11,0.5888786998630322,5,10,sar_0.2,sar,0.2
356,A,0.31596862762159506,8.175961285942042e-12,0.6840313723702288,5,10,sar_0.2,sar,0.2
356,C,0.4111213001227604,1.1839287407497436e-11,0.5888786998654002,5,10,sar_0.2,sar,0.2
357,A,0.3159686276206807,7.5749971291807e-12,0.6840313723717435,5,10,sar_0.2,sar,0.2
357,C,0.4111213001214367,1.0969056011485419e-11,0.5888786998675934,5,10,sar_0.2,sar,0.2
358,A,0.3159686276198342,7.018206142655385e-12,0.6840313723731474,5,10,sar_0.2,sar,0.2
358,C,0.41112130012021086,1.0162789839998433e-11,0.5888786998696268,5,10,sar_0.2,sar,0.2
359,A,0.31596862761904926,6.5023414261619266e-12,0.6840313723744481,5,10,sar_0.2,sar,0.2
359,C,0.41112130011907455,9.415787212625585e-12,0.5888786998715098,5,10,sar_0.2,sar,0.2
360,A,0.3159686276183225,6.024394739617562e-12,0.6840313723756529,5,10,sar_0.2,sar,0.2
360,C,0.41112130011802117,8.723692039838374e-12,0.588878699873254,5,10,sar_0.2,sar,0.2
361,A,0.31596862761764954,5.581578960065885e-12,0.6840313723767687,5,10,sar_0.2,sar,0.2
361,C,0.4111213001170468,8.082468420626501e-12,0.588878699874871,5,10,sar_0.2,sar,0.2
362,A,0.315968627617025,5.1713118265365594e-12,0.6840313723778032,5,10,sar_0.2,sar,0.2
362,C,0.4111213001161441,7.4883771067764e-12,0.5888786998763695,5,10,sar_0.2,sar,0.2
363,A,0.31596862761644684,4.7912008914827286e-12,0.6840313723787615,5,10,sar_0.2,sar,0.2
363,C,0.4111213001153061,6.937953700882169e-12,0.5888786998777557,5,10,sar_0.2,sar,0.2
364,A,0.3159686276159111,4.439029557773626e-12,0.6840313723796493,5,10,sar_0.2,sar,0.2
364,C,0.41112130011453,6.4279884502947456e-12,0.5888786998790418,5,10,sar_0.2,sar,0.2
365,A,0.31596862761541467,4.1127441569018885e-12,0.6840313723804716,5,10,sar_0.2,sar,0.2
365,C,0.411121300113812,5.955507531046249e-12,0.5888786998802336,5,10,sar_0.2,sar,0.2
0,A,0.999,0.0010000000000000002,0,6,10,sar_0.2,sar,0.2
0,C,0.9990000000000001,0.001,0,6,10,sar_0.2,sar,0.2
1,A,0.9985623158722086,0.0012164094287567275,0.00022127469903454386,6,10,sar_0.2,sar,0.2
1,C,0.9986328741171214,0.0011521355710426046,2.1499031183588334e-4,6,10,sar_0.2,sar,0.2
2,A,0.9980543760720398,0.0014573386086331774,4.882853193271089e-4,6,10,sar_0.2,sar,0.2
2,C,0.998218700315151,0.0013193839552062844,4.6191572964248995e-4,6,10,sar_0.2,sar,0.2
3,A,0.9974697207371233,0.0017241546114788345,8.061246513979864e-4,6,10,sar_0.2,sar,0.2
3,C,0.9977532252655459,0.0015028316044583758,7.439431299956575e-4,6,10,sar_0.2,sar,0.2
4,A,0.9968003883656779,0.0020194869689481986,0.0011801246653743648,6,10,sar_0.2,sar,0.2
4,C,0.997231388831983,0.0017041934466567378,0.001064417721359607,6,10,sar_0.2,sar,0.2
5,A,0.996036501271454,0.0023471362451454635,0.0016163624834013277,6,10,sar_0.2,sar,0.2
5,C,0.996647064101405,0.0019257848173813775,0.0014271510812146459,6,10,sar_0.2,sar,0.2
6,A,0.9951662613683039,0.002711889981672793,0.0021218486500233134,6,10,sar_0.2,sar,0.2
6,C,0.9959930492080792,0.00217043515940138,0.0018365156325202366,6,10,sar_0.2,sar,0.2
7,A,0.994176205540721,0.00311922009878876,0.0027045743604900913,6,10,sar_0.2,sar,0.2
7,C,0.9952611992660482,0.0024413436865405457,0.00229745704741228,6,10,sar_0.2,sar,0.2
8,A,0.9930506528235642,0.0035753666904415294,0.0033739804859943536,6,10,sar_0.2,sar,0.2
8,C,0.9944420707787214,0.0027421543326355676,0.002815774888643538,6,10,sar_0.2,sar,0.2
9,A,0.9917731277525486,0.004086709106527939,0.004140163140922977,6,10,sar_0.2,sar,0.2
9,C,0.993525760478578,0.003076603811214965,0.003397635710207498,6,10,sar_0.2,sar,0.2
10,A,0.9903263404545357,0.004659765624418116,0.005013893921046104,6,10,sar_0.2,sar,0.2
10,C,0.9925018777326433,0.00344852890172199,0.00404959336563448,6,10,sar_0.2,sar,0.2
11,A,0.9886884010389373,0.0053025606356401755,0.00600903832542306,6,10,sar_0.2,sar,0.2
11,C,0.9913572624934945,0.003862681447644912,0.004780056058862381,6,10,sar_0.2,sar,0.2
12,A,0.9868362115376325,0.006023301665361173,0.007140486797006686,6,10,sar_0.2,sar,0.2
12,C,0.9900780034705985,0.004323963734558056,0.005598032794843984,6,10,sar_0.2,sar,0.2
13,A,0.9847449269085816,0.00683057307137249,0.008424500020046077,6,10,sar_0.2,sar,0.2
13,C,0.9886490948846542,0.004837551649213103,0.006513353466131711,6,10,sar_0.2,sar,0.2
14,A,0.9823872267997553,0.007733585890970518,0.009879187309273616,6,10,sar_0.2,sar,0.2
14,C,0.9870539783011868,0.005409053703020457,0.007536967995791808,6,10,sar_0.2,sar,0.2
15,A,0.9797326341732412,0.008742344517906795,0.011525021308852601,6,10,sar_0.2,sar,0.2
15,C,0.9852740915568634,0.006044637546254519,0.008681270896881126,6,10,sar_0.2,sar,0.2
16,A,0.9767485101368173,0.009867235569561875,0.013384254293621447,6,10,sar_0.2,sar,0.2
16,C,0.9832894221337761,0.006750811313112561,0.00995976655311167,6,10,sar_0.2,sar,0.2
17,A,0.9734003430237373,0.011118907488776962,0.015480749487485724,6,10,sar_0.2,sar,0.2
17,C,0.9810786414169609,0.007534369740762008,0.011386988842276416,6,10,sar_0.2,sar,0.2
18,A,0.9696497475069763,0.012508763465724179,0.017841489027299873,6,10,sar_0.2,sar,0.2
18,C,0.978617781544876,0.008402764811608817,0.012979453643513592,6,10,sar_0.2,sar,0.2
19,A,0.965458041695483,0.014047752123989255,0.020494206180527656,6,10,sar_0.2,sar,0.2
19,C,0.9758823633329899,0.009363383943907204,0.014754252723102466,6,10,sar_0.2,sar,0.2
20,A,0.960781195890674,0.01574774219907965,0.023471061910246067,6,10,sar_0.2,sar,0.2
20,C,0.9728441278643895,0.010424513329729391,0.016731358805880052,6,10,sar_0.2,sar,0.2
21,A,0.9555740693555281,0.017619980406087365,0.026805950238384783,6,10,sar_0.2,sar,0.2
21,C,0.9694734765814074,0.011594459307780386,0.018932064110811286,6,10,sar_0.2,sar,0.2
22,A,0.9497944993209301,0.019674124450858622,0.030531376228209808,6,10,sar_0.2,sar,0.2
22,C,0.9657421589233635,0.01288081056381178,0.021377030512823827,6,10,sar_0.2,sar,0.2
23,A,0.9433915237438653,0.02192056837991546,0.0346879078762193,6,10,sar_0.2,sar,0.2
23,C,0.961615088262189,0.014292484222252141,0.024092427515558432,6,10,sar_0.2,sar,0.2
24,A,0.9363201305622809,0.02436675360665134,0.039313115831068515,6,10,sar_0.2,sar,0.2
24,C,0.9570599772188775,0.015837002497850253,0.027103020283272092,6,10,sar_0.2,sar,0.2
25,A,0.9285333995182805,0.02701858177556582,0.04444801870615408,6,10,sar_0.2,sar,0.2
25,C,0.9520417583542996,0.01752181845991966,0.03043642318578044,6,10,sar_0.2,sar,0.2
26,A,0.9199864723781684,0.029879200306860785,0.05013432731497137,6,10,sar_0.2,sar,0.2
26,C,0.9465249563140411,0.019353528111584042,0.03412151557437424,6,10,sar_0.2,sar,0.2
27,A,0.9106382203070887,0.03294817257169745,0.056413607121213266,6,10,sar_0.2,sar,0.2
27,C,0.9404744804174712,0.021337435270296752,0.03818808431223292,6,10,sar_0.2,sar,0.2
28,A,0.9004517512153073,0.03622107213533784,0.06332717664935432,6,10,sar_0.2,sar,0.2
28,C,0.9338556947275859,0.023477360342871293,0.042666944929542934,6,10,sar_0.2,sar,0.2
29,A,0.8893967029630682,0.039688321633009185,0.07091497540392329,6,10,sar_0.2,sar,0.2
29,C,0.9266354588245875,0.025775008904504758,0.0475895322709071,6,10,sar_0.2,sar,0.2
30,A,0.8774510419446285,0.04333455520918428,0.07921440284618612,6,10,sar_0.2,sar,0.2
30,C,0.9187831286687994,0.028229500397918134,0.052987370933281916,6,10,sar_0.2,sar,0.2
31,A,0.8646024635544852,0.047138280564432374,0.08825925588108224,6,10,sar_0.2,sar,0.2
31,C,0.9102715081907814,0.030836981744566283,0.05889151006465266,6,10,sar_0.2,sar,0.2
32,A,0.8508504150982079,0.051071259473087376,0.09807832542870504,6,10,sar_0.2,sar,0.2
32,C,0.901078086368584,0.03359004559991571,0.06533186803150022,6,10,sar_0.2,sar,0.2
33,A,0.8362077814005872,0.055098146736934854,0.10869407186247695,6,10,sar_0.2,sar,0.2
33,C,0.8911862378377357,0.036477207995002474,0.07233655416726353,6,10,sar_0.2,sar,0.2
34,A,0.8207019419593511,0.05917715935377838,0.12012089868687101,6,10,sar_0.2,sar,0.2
34,C,0.880586715015706,0.039482703302323965,0.0799305816819696,6,10,sar_0.2,sar,0.2
35,A,0.8043758202175765,0.06325966667110303,0.13236451311131944,6,10,sar_0.2,sar,0.2
35,C,0.8692783557311509,0.042585937753760614,0.08813570651508955,6,10,sar_0.2,sar,0.2
36,A,0.7872882979903817,0.06729127204088817,0.1454204299687297,6,10,sar_0.2,sar,0.2
36,C,0.8572693133652929,0.045761449864668804,0.09696923677003771,6,10,sar_0.2,sar,0.2
37,A,0.7695136000690846,0.07121367915387126,0.15927272077704357,6,10,sar_0.2,sar,0.2
37,C,0.8445782275151721,0.04897917644906463,0.10644259603576345,6,10,sar_0.2,sar,0.2
38,A,0.7511409482498452,0.07496558974292047,0.17389346200723504,6,10,sar_0.2,sar,0.2
38,C,0.8312347283247697,0.05220444082093017,0.11656083085430091,6,10,sar_0.2,sar,0.2
39,A,0.7322727784645191,0.07848487015665462,0.18924235137882614,6,10,sar_0.2,sar,0.2
39,C,0.8172797722513431,0.05539858241844991,0.12732164533020832,6,10,sar_0.2,sar,0.2
40,A,0.7130224809500376,0.08171075260855024,0.20526676644141176,6,10,sar_0.2,sar,0.2
40,C,0.8027655577635588,0.058519758230317645,0.13871468400612363,6,10,sar_0.2,sar,0.2
41,A,0.6935115650581417,0.08458596150356448,0.2219024734382935,6,10,sar_0.2,sar,0.2
41,C,0.7877548317941104,0.06152398621768616,0.15072118198820206,6,10,sar_0.2,sar,0.2
42,A,0.673867089426592,0.08705910458127233,0.23907380599213604,6,10,sar_0.2,sar,0.2
42,C,0.7723206099509895,0.06436622867866612,0.1633131613703437,6,10,sar_0.2,sar,0.2
43,A,0.6542189163608021,0.08908679156510287,0.2566942920740951,6,10,sar_0.2,sar,0.2
43,C,0.7565455394510281,0.06700161654949734,0.17645284399947364,6,10,sar_0.2,sar,0.2
44,A,0.6346916276676923,0.0906361493998818,0.27467222293242505,6,10,sar_0.2,sar,0.2
44,C,0.7405165768838882,0.0693884823369501,0.19009494077916178,6,10,sar_0.2,sar,0.2
45,A,0.6153989720382258,0.09168604495910063,0.29291498300267327,6,10,sar_0.2,sar,0.2
45,C,0.724320718535953,0.0714904910522534,0.20418879041179136,6,10,sar_0.2,sar,0.2
46,A,0.5964624907294119,0.09222307189335187,0.3113144373772365,6,10,sar_0.2,sar,0.2
46,C,0.7080587265613045,0.07327099450428458,0.218670278934411,6,10,sar_0.2,sar,0.2
47,A,0.5779813473337126,0.09224847959228331,0.32977017307400397,6,10,sar_0.2,sar,0.2
47,C,0.691823026869924,0.07470345408023865,0.2334735190498382,6,10,sar_0.2,sar,0.2
48,A,0.5600451047513876,0.09177411903417876,0.3481807762144337,6,10,sar_0.2,sar,0.2
48,C,0.6757057563000716,0.07576750325703707,0.24852674044289064,6,10,sar_0.2,sar,0.2
49,A,0.54272954229822,0.09082207168504625,0.36644838601673274,6,10,sar_0.2,sar,0.2
49,C,0.6597945414930737,0.07645056732361644,0.2637548911833087,6,10,sar_0.2,sar,0.2
50,A,0.5260962421326105,0.08942337011941685,0.38448038774797316,6,10,sar_0.2,sar,0.2
50,C,0.6441707780167105,0.07674804434987809,0.27908117763341117,6,10,sar_0.2,sar,0.2
51,A,0.5101931034344598,0.08761612378858168,0.40219077277695797,6,10,sar_0.2,sar,0.2
51,C,0.628908490068309,0.07666294479174335,0.2944285651399481,6,10,sar_0.2,sar,0.2
52,A,0.49505321990280443,0.0854448951777535,0.41950188491944185,6,10,sar_0.2,sar,0.2
52,C,0.6140725625136725,0.07620658456179015,0.30972085292453694,6,10,sar_0.2,sar,0.2
53,A,0.48069717036787096,0.08295839847657058,0.43634443115555976,6,10,sar_0.2,sar,0.2
53,C,0.5997189805857668,0.07539721559316502,0.32488380382106924,6,10,sar_0.2,sar,0.2
54,A,0.46713342610737923,0.08020368937052573,0.45266288452209524,6,10,sar_0.2,sar,0.2
54,C,0.5858907018695849,0.07425715671694978,0.3398521414134665,6,10,sar_0.2,sar,0.2
55,A,0.45436134631378333,0.07722744990087256,0.46841120378534473,6,10,sar_0.2,sar,0.2
55,C,0.5726213508384876,0.07281259075592607,0.3545660584055865,6,10,sar_0.2,sar,0.2
56,A,0.4423719485161756,0.07408298087945933,0.4835450706043656,6,10,sar_0.2,sar,0.2
56,C,0.5599411739791479,0.07109725343651115,0.36896157258434015,6,10,sar_0.2,sar,0.2
57,A,0.4311442152001748,0.07082120960684078,0.49803457519298366,6,10,sar_0.2,sar,0.2
57,C,0.5478668566862611,0.06914933226679355,0.38298381104694584,6,10,sar_0.2,sar,0.2
58,A,0.4206660350878459,0.06746741351206019,0.5118665514000938,6,10,sar_0.2,sar,0.2
58,C,0.5364049850637385,0.0669886261949688,0.3966063887412928,6,10,sar_0.2,sar,0.2
59,A,0.41089786971371606,0.06408056085377284,0.5250215694325121,6,10,sar_0.2,sar,0.2
59,C,0.5255597374868773,0.06466699316638215,0.40977326934673997,6,10,sar_0.2,sar,0.2
60,A,0.4018135794646129,0.06068806473908545,0.537498355796303,6,10,sar_0.2,sar,0.2
60,C,0.5153254237213895,0.06221229587304658,0.42246228040556444,6,10,sar_0.2,sar,0.2
61,A,0.3933808515581989,0.05732046698201919,0.5492986814597827,6,10,sar_0.2,sar,0.2
61,C,0.5056926044489657,0.059657033613345116,0.4346503619376891,6,10,sar_0.2,sar,0.2
62,A,0.38556404921463067,0.054005372136833284,0.5604305786485355,6,10,sar_0.2,sar,0.2
62,C,0.4966465737493004,0.05703342283521287,0.4463200034154867,6,10,sar_0.2,sar,0.2
63,A,0.3783282530611308,0.05076489561651068,0.570906851322359,6,10,sar_0.2,sar,0.2
63,C,0.48816949032072476,0.05436989794904771,0.4574606117302278,6,10,sar_0.2,sar,0.2
64,A,0.371640446651895,0.0476163132221292,0.5807432401259759,6,10,sar_0.2,sar,0.2
64,C,0.4802420287124043,0.05169091002204721,0.46806706126554876,6,10,sar_0.2,sar,0.2
65,A,0.36546387499501204,0.044575556937037665,0.58996056806795,6,10,sar_0.2,sar,0.2
65,C,0.47284050599983474,0.049021339674694825,0.4781381543254703,6,10,sar_0.2,sar,0.2
66,A,0.35976490979218145,0.04165362258406007,0.5985814676237591,6,10,sar_0.2,sar,0.2
66,C,0.4659409083379694,0.04638119688578846,0.4876778947762423,6,10,sar_0.2,sar,0.2
67,A,0.35451090834808385,0.038858480490932684,0.6066306111609837,6,10,sar_0.2,sar,0.2
67,C,0.459518248114251,0.04378772638863282,0.49669402549711755,6,10,sar_0.2,sar,0.2
68,A,0.3496704902089882,0.036195581174969835,0.6141339286160421,6,10,sar_0.2,sar,0.2
68,C,0.4535471416880983,0.04125553809353447,0.5051973202183668,6,10,sar_0.2,sar,0.2
69,A,0.3452137748489755,0.03366790873719285,0.6211183164138315,6,10,sar_0.2,sar,0.2
69,C,0.4480020998161,0.03879650289766604,0.5132013972862335,6,10,sar_0.2,sar,0.2
70,A,0.34111321335018907,0.031276473280081485,0.6276103133697292,6,10,sar_0.2,sar,0.2
70,C,0.44285861424067396,0.03641985120970901,0.5207215345496168,6,10,sar_0.2,sar,0.2
71,A,0.33734161678619984,0.029020742291256545,0.6336376409225435,6,10,sar_0.2,sar,0.2
71,C,0.43809163393708767,0.0341331145184321,0.527775251544479,6,10,sar_0.2,sar,0.2
72,A,0.33387385431384664,0.02689879165335576,0.639227354032798,6,10,sar_0.2,sar,0.2
72,C,0.43367718229243957,0.031941686822430954,0.5343811308851293,6,10,sar_0.2,sar,0.2
73,A,0.3306866525592015,0.02490754481540347,0.6444058026253959,6,10,sar_0.2,sar,0.2
73,C,0.429592341906444,0.02984910236149321,0.5405585557320621,6,10,sar_0.2,sar,0.2
74,A,0.3277581668353628,0.02304308530312912,0.649198747861508,6,10,sar_0.2,sar,0.2
74,C,0.4258150431069613,0.027857434471063657,0.546327522421975,6,10,sar_0.2,sar,0.2
75,A,0.32506806675351196,0.021300834423994906,0.6536310988224925,6,10,sar_0.2,sar,0.2
75,C,0.42232424134537044,0.025967447662799945,0.5517083109918305,6,10,sar_0.2,sar,0.2
76,A,0.32259746974152786,0.019675730793650696,0.6577267994648213,6,10,sar_0.2,sar,0.2
76,C,0.4190999570322445,0.02417880060752615,0.5567212423602286,6,10,sar_0.2,sar,0.2
77,A,0.32032872139600077,0.018162333192200612,0.6615089454117978,6,10,sar_0.2,sar,0.2
77,C,0.41612313126683725,0.022490213959756318,0.5613866547734061,6,10,sar_0.2,sar,0.2
78,A,0.3182459039040913,0.01675515075133887,0.6649989453445694,6,10,sar_0.2,sar,0.2
78,C,0.4133762665929905,0.02089971261218088,0.5657240207948266,6,10,sar_0.2,sar,0.2
79,A,0.31633343677717757,0.01544825691195553,0.6682183063108671,6,10,sar_0.2,sar,0.2
79,C,0.4108419370796041,0.019404554292305077,0.5697535086280914,6,10,sar_0.2,sar,0.2
80,A,0.314577420881822,0.014235886669061924,0.6711866924491162,6,10,sar_0.2,sar,0.2
80,C,0.40850433244271867,0.018001564855283633,0.5734941027019983,6,10,sar_0.2,sar,0.2
81,A,0.3129662484481223,0.013112914356183922,0.6739208371956941,6,10,sar_0.2,sar,0.2
81,C,0.40635009067282496,0.016687609571713766,0.5769622997554631,6,10,sar_0.2,sar,0.2
82,A,0.3114871946493413,0.012073385210021707,0.6764394201406378,6,10,sar_0.2,sar,0.2
82,C,0.4043643853159675,0.015458713431116974,0.5801769012529139,6,10,sar_0.2,sar,0.2
83,A,0.3101310401910847,0.011112720593477976,0.6787562392154389,6,10,sar_0.2,sar,0.2
83,C,0.40253634342166755,0.014311569309372638,0.5831520872689598,6,10,sar_0.2,sar,0.2
84,A,0.3088862165480571,0.010224985646151038,0.6808887978057921,6,10,sar_0.2,sar,0.2
84,C,0.40085219037967057,0.013241685390677441,0.585906124229652,6,10,sar_0.2,sar,0.2
85,A,0.30774358768645765,0.009405193479725394,0.6828512188338166,6,10,sar_0.2,sar,0.2
85,C,0.3993008683171149,0.01224498473914496,0.5884541469437399,6,10,sar_0.2,sar,0.2
86,A,0.306695690357348,0.008649157875607688,0.6846551517670436,6,10,sar_0.2,sar,0.2
86,C,0.3978732818625522,0.011317926152004306,0.5908087919854431,6,10,sar_0.2,sar,0.2
87,A,0.30573376835793836,0.007951821834621587,0.6863144098074402,6,10,sar_0.2,sar,0.2
87,C,0.3965586707397615,0.01045607587956742,0.5929852533806721,6,10,sar_0.2,sar,0.2
88,A,0.30485094171068167,0.007309058363570086,0.6878399999257486,6,10,sar_0.2,sar,0.2
88,C,0.3953484850524763,0.009655651327468533,0.5949958636200561,6,10,sar_0.2,sar,0.2
89,A,0.30404060338824485,0.006716817995194641,0.6892425786165615,6,10,sar_0.2,sar,0.2
89,C,0.3942344537839342,0.008912839856904194,0.5968527063591614,6,10,sar_0.2,sar,0.2
90,A,0.30329724236162475,0.006171646631563726,0.6905311110068133,6,10,sar_0.2,sar,0.2
90,C,0.3932096313855602,0.008224304486572959,0.598566064127866,6,10,sar_0.2,sar,0.2
91,A,0.30261505943662914,0.0056698388392153135,0.6917151017241553,6,10,sar_0.2,sar,0.2
91,C,0.3922666621892159,0.007586382637122451,0.6001469551736602,6,10,sar_0.2,sar,0.2
92,A,0.3019895304493698,0.005208443287691323,0.692802026262939,6,10,sar_0.2,sar,0.2
92,C,0.3913997698231575,0.006996087989074314,0.601604142187768,6,10,sar_0.2,sar,0.2
93,A,0.3014153720445427,0.004783971604989312,0.6938006563504681,6,10,sar_0.2,sar,0.2
93,C,0.39060216886609395,0.006449828416303966,0.6029480027176005,6,10,sar_0.2,sar,0.2
94,A,0.3008885118798472,0.004393674988485603,0.6947178131316669,6,10,sar_0.2,sar,0.2
94,C,0.3898685808673835,0.005944691687100985,0.6041867274455158,6,10,sar_0.2,sar,0.2
95,A,0.30040505040950766,0.004034895210772713,0.6955600543797198,6,10,sar_0.2,sar,0.2
95,C,0.38919393176056255,0.005477824351302412,0.6053282438881347,6,10,sar_0.2,sar,0.2
96,A,0.2999613825079152,0.003705149088307134,0.6963334684037776,6,10,sar_0.2,sar,0.2
96,C,0.3885735081545309,0.005046521460081623,0.6063799703853882,6,10,sar_0.2,sar,0.2
97,A,0.29955421131225274,0.003402139955032349,0.697043648732715,6,10,sar_0.2,sar,0.2
97,C,0.38800297623134233,0.004648240542668287,0.6073487832259904,6,10,sar_0.2,sar,0.2
98,A,0.2991805210979911,0.0031237457055556567,0.6976957331964532,6,10,sar_0.2,sar,0.2
98,C,0.3874783513598731,0.0042805969398229905,0.6082410517003034,6,10,sar_0.2,sar,0.2
99,A,0.29883754911936006,0.0028680052407984128,0.698294445639842,6,10,sar_0.2,sar,0.2
99,C,0.386995965922597,0.00394135676304009,0.609062677314363,6,10,sar_0.2,sar,0.2
100,A,0.29852276184360127,0.0026331065168733385,0.6988441316395256,6,10,sar_0.2,sar,0.2
100,C,0.3865524418725308,0.0036284300487183633,0.6098191280787497,6,10,sar_0.2,sar,0.2
101,A,0.29823383602019254,0.0024173767474318774,0.6993487872323758,6,10,sar_0.2,sar,0.2
101,C,0.3861446687291199,0.0033398648794939504,0.6105154663913867,6,10,sar_0.2,sar,0.2
102,A,0.2979686227879816,0.0022192604124372816,0.6998121167995817,6,10,sar_0.2,sar,0.2
102,C,0.3857697593033524,0.0030738282196702198,0.6111564124769774,6,10,sar_0.2,sar,0.2
103,A,0.2977251514123846,0.002037323367631816,0.7002375252199836,6,10,sar_0.2,sar,0.2
103,C,0.38542505568639207,0.0028286124319276225,0.6117463318816811,6,10,sar_0.2,sar,0.2
104,A,0.29750165011513846,0.0018702682050074921,0.7006280816798544,6,10,sar_0.2,sar,0.2
104,C,0.38510815690885203,0.0026026528622639113,0.6122891902288844,6,10,sar_0.2,sar,0.2
105,A,0.297296495904732,0.0017169015329024794,0.7009866025623651,6,10,sar_0.2,sar,0.2
105,C,0.38481685638151486,0.0023944972818610703,0.6127886463366241,6,10,sar_0.2,sar,0.2
106,A,0.29710818053108234,0.0015761116204213714,0.7013157078484961,6,10,sar_0.2,sar,0.2
106,C,0.384549098791325,0.002202784259161233,0.6132481169495122,6,10,sar_0.2,sar,0.2
107,A,0.29693531099555953,0.0014468689499918632,0.701617820054447,6,10,sar_0.2,sar,0.2
107,C,0.3843029807729197,0.0020262440478515118,0.613670775179229,6,10,sar_0.2,sar,0.2
108,A,0.29677661139997,0.0013282276823134572,0.7018951609177163,6,10,sar_0.2,sar,0.2
108,C,0.38407675344114717,0.0018637005189472513,0.6140595460399059,6,10,sar_0.2,sar,0.2
109,A,0.29663091556163745,0.0012193208955488671,0.7021497635428136,6,10,sar_0.2,sar,0.2
109,C,0.3838688132744501,0.0017140669298481616,0.6144171197957009,6,10,sar_0.2,sar,0.2
110,A,0.2964971552913881,0.0011193527711575815,0.7023834919374534,6,10,sar_0.2,sar,0.2
110,C,0.38367768737710195,0.0015763384396284775,0.6147459741832703,6,10,sar_0.2,sar,0.2
111,A,0.296374350107947,0.0010275915918352364,0.7025980583002179,6,10,sar_0.2,sar,0.2
111,C,0.383502020393792,0.0014495851525319172,0.6150483944536772,6,10,sar_0.2,sar,0.2
112,A,0.2962615996828504,9.433644909896708e-4,0.7027950358261592,6,10,sar_0.2,sar,0.2
112,C,0.38334056478697526,0.0013329467262746576,0.6153264884867514,6,10,sar_0.2,sar,0.2
113,A,0.29615807774428227,8.660531598259757e-4,0.7029758690958909,6,10,sar_0.2,sar,0.2
113,C,0.3831921729376728,0.0012256278633887717,0.6155821991989388,6,10,sar_0.2,sar,0.2
114,A,0.2960630263052497,7.950897656146563e-4,0.7031418839291352,6,10,sar_0.2,sar,0.2
114,C,0.38305578965309717,0.0011268939803652986,0.6158173163665379,6,10,sar_0.2,sar,0.2
115,A,0.2959757499957468,7.299529267996353e-4,0.7032942970774534,6,10,sar_0.2,sar,0.2
115,C,0.38293044479149096,0.0010360668933668098,0.616033488315141,6,10,sar_0.2,sar,0.2
116,A,0.295895610857102,6.701639628047876e-4,0.7034342251800937,6,10,sar_0.2,sar,0.2
116,C,0.38281524644561604,9.525207145304923e-4,0.6162322328398521,6,10,sar_0.2,sar,0.2
117,A,0.29582202364337085,6.152835084983418e-4,0.7035626928481312,6,10,sar_0.2,sar,0.2
117,C,0.38270937476689526,8.756781110060443e-4,0.616414947122099,6,10,sar_0.2,sar,0.2
118,A,0.2957544514971649,5.649083624225131e-4,0.7036806401404115,6,10,sar_0.2,sar,0.2
118,C,0.38261207624515736,8.050067536492661e-4,0.6165829170011939,6,10,sar_0.2,sar,0.2
119,A,0.29569240114471507,5.186679691609719e-4,0.7037889308861242,6,10,sar_0.2,sar,0.2
119,C,0.38252265733667357,7.400153205491076e-4,0.6167373273427785,6,10,sar_0.2,sar,0.2
120,A,0.29563541949617644,4.762219161122542e-4,0.703888358587712,6,10,sar_0.2,sar,0.2
120,C,0.3824404799111815,6.802505800994516e-4,0.6168792695087203,6,10,sar_0.2,sar,0.2
121,A,0.2955830910716249,4.372580195314823e-4,0.703979650908845,6,10,sar_0.2,sar,0.2
121,C,0.3823649577832895,6.252951172433315e-4,0.6170097470994673,6,10,sar_0.2,sar,0.2
122,A,0.2955350350161481,4.014901068881943e-4,0.7040634748769647,6,10,sar_0.2,sar,0.2
122,C,0.38229555270641097,5.747647211820612e-4,0.6171296825724067,6,10,sar_0.2,sar,0.2
123,A,0.295490901803352,3.686555704728255e-4,0.7041404426261758,6,10,sar_0.2,sar,0.2
123,C,0.3822317699491108,5.283055056915276e-4,0.6172399245451964,6,10,sar_0.2,sar,0.2
124,A,0.29545037038646477,3.3851324559065803e-4,0.7042111163679449,6,10,sar_0.2,sar,0.2
124,C,0.38217315444550753,4.855913683564694e-4,0.6173412541861358,6,10,sar_0.2,sar,0.2
125,A,0.29541314596803697,3.1084173857705175e-4,0.704276012293386,6,10,sar_0.2,sar,0.2
125,C,0.38211928775272397,4.4632193896451417e-4,0.6174343903083126,6,10,sar_0.2,sar,0.2
126,A,0.29537895802151415,2.8543793852073464e-4,0.7043356040399648,6,10,sar_0.2,sar,0.2
126,C,0.38206978534379654,4.1022073627253186e-4,0.6175199939199315,6,10,sar_0.2,sar,0.2
127,A,0.2953475583049216,2.6211552421587264e-4,0.704390326170863,6,10,sar_0.2,sar,0.2
127,C,0.382024293895534,3.770333262953121e-4,0.6175986727781713,6,10,sar_0.2,sar,0.2
128,A,0.2953187189349688,2.4070351672554155e-4,0.7044405775483064,6,10,sar_0.2,sar,0.2
128,C,0.38198248865616663,3.465255324099519e-4,0.617670985811424,6,10,sar_0.2,sar,0.2
129,A,0.29529223066768356,2.210449846570145e-4,0.7044867243476586,6,10,sar_0.2,sar,0.2
129,C,0.38194407108314016,3.184818143815424e-4,0.617737447102478,6,10,sar_0.2,sar,0.2
130,A,0.2952679013937792,2.0299590850582754e-4,0.7045291026977146,6,10,sar_0.2,sar,0.2
130,C,0.3819087667650082,2.9270382772304116e-4,0.6177985294072686,6,10,sar_0.2,sar,0.2
131,A,0.29524555476271364,1.8642414130449933e-4,0.7045680210959812,6,10,sar_0.2,sar,0.2
131,C,0.38187632351740536,2.69009097885438e-4,0.6178546673847102,6,10,sar_0.2,sar,0.2
132,A,0.2952250288845729,1.712084282308513e-4,0.7046037626871964,6,10,sar_0.2,sar,0.2
132,C,0.3818465095860751,2.4722976787900096e-4,0.6179062606460454,6,10,sar_0.2,sar,0.2
133,A,0.29520617512271424,1.5723749460883112e-4,0.7046365873826768,6,10,sar_0.2,sar,0.2
133,C,0.38181911197245144,2.272114280117627e-4,0.6179536765995366,6,10,sar_0.2,sar,0.2
134,A,0.29518885699832526,1.4440921789753204e-4,0.7046667337837774,6,10,sar_0.2,sar,0.2
134,C,0.381793934909237,2.0881204474843668e-4,0.6179972530460136,6,10,sar_0.2,sar,0.2
135,A,0.29517294919908704,1.3262987804066564e-4,0.7046944209228714,6,10,sar_0.2,sar,0.2
135,C,0.38177079847666934,1.9190098365232228e-4,0.6180373005396786,6,10,sar_0.2,sar,0.2
136,A,0.29515833666704255,1.2181346784186198e-4,0.7047198498651156,6,10,sar_0.2,sar,0.2
136,C,0.3817495373274093,1.7635810697320072e-4,0.6180741045656166,6,10,sar_0.2,sar,0.2
137,A,0.2951449137565034,1.1188105635728372e-4,0.7047432051871393,6,10,sar_0.2,sar,0.2
137,C,0.3817299995076558,1.6207293754338586e-4,0.618107927554802,6,10,sar_0.2,sar,0.2
138,A,0.29513258345846655,1.0276020266868168e-4,0.7047646563388653,6,10,sar_0.2,sar,0.2
138,C,0.381712045369431,1.489438855783106e-4,0.6181390107449918,6,10,sar_0.2,sar,0.2
139,A,0.2951212566913291,9.43844198463076e-5,0.704784358888825,6,10,sar_0.2,sar,0.2
139,C,0.38169554657365423,1.3687753793770302e-4,0.6181675758884082,6,10,sar_0.2,sar,0.2
140,A,0.2951108516522036,8.66926848435786e-5,0.7048024556629532,6,10,sar_0.2,sar,0.2
140,C,0.3816803851765636,1.2578800517104127e-4,0.6181938268182652,6,10,sar_0.2,sar,0.2
141,A,0.2951012932213458,7.9628988711871e-5,0.7048190777899426,6,10,sar_0.2,sar,0.2
141,C,0.3816664527896729,1.1559632001542533e-4,0.6182179508903124,6,10,sar_0.2,sar,0.2
142,A,0.2950925124143725,7.314192307739947e-5,0.7048343456625504,6,10,sar_0.2,sar,0.2
142,C,0.38165364980603267,1.0622988251335614e-4,0.6182401203114535,6,10,sar_0.2,sar,0.2
143,A,0.2950844458791614,6.718430051963355e-5,0.7048483698203203,6,10,sar_0.2,sar,0.2
143,C,0.38164188468853616,9.762194876329092e-5,0.6182604933627011,6,10,sar_0.2,sar,0.2
144,A,0.29507703543459757,6.171280668781284e-5,0.7048612517587145,6,10,sar_0.2,sar,0.2
144,C,0.38163107331634644,8.971116062448e-5,0.6182792155230292,6,10,sar_0.2,sar,0.2
145,A,0.29507022764761254,5.668768146788814e-5,0.7048730846709187,6,10,sar_0.2,sar,0.2
145,C,0.38162113838469436,8.244111316632987e-5,0.618296420502138,6,10,sar_0.2,sar,0.2
146,A,0.2950639734448695,5.207242643966366e-5,0.704883954128691,6,10,sar_0.2,sar,0.2
146,C,0.3816120088531207,7.575995654128553e-5,0.6183122311903381,6,10,sar_0.2,sar,0.2
147,A,0.29505822775609974,4.7833536331086206e-5,0.7048939387075694,6,10,sar_0.2,sar,0.2
147,C,0.38160361943805254,6.962002943842799e-5,0.6183267605325089,6,10,sar_0.2,sar,0.2
148,A,0.2950529491866601,4.394025261714733e-5,0.7049031105607235,6,10,sar_0.2,sar,0.2
148,C,0.38159591014636873,6.397752176642367e-5,0.6183401123318648,6,10,sar_0.2,sar,0.2
149,A,0.29504809971705054,4.036433754511112e-5,0.7049115359454048,6,10,sar_0.2,sar,0.2
149,C,0.3815888258468275,5.8792164391929996e-5,0.6183523819887813,6,10,sar_0.2,sar,0.2
150,A,0.2950436444271415,3.707986687262926e-5,0.7049192757059854,6,10,sar_0.2,sar,0.2
150,C,0.38158231587627267,5.4026943783427184e-5,0.6183636571799443,6,10,sar_0.2,sar,0.2
151,A,0.2950395512429869,3.40630396997683e-5,0.7049263857173133,6,10,sar_0.2,sar,0.2
151,C,0.38157633367769467,4.964783951706422e-5,0.6183740184827885,6,10,sar_0.2,sar,0.2
152,A,0.29503579070433555,3.129200396122083e-5,0.7049329172917029,6,10,sar_0.2,sar,0.2
152,C,0.3815708364675326,4.562358280780386e-5,0.6183835399496607,6,10,sar_0.2,sar,0.2
153,A,0.2950323357511854,2.8746696309626263e-5,0.7049389175525049,6,10,sar_0.2,sar,0.2
153,C,0.381565784929905,4.192543442248625e-5,0.618392289635673,6,10,sar_0.2,sar,0.2
154,A,0.29502916152783465,2.6408695218917295e-5,0.7049444297769475,6,10,sar_0.2,sar,0.2
154,C,0.3815611429356281,3.8526980455588086e-5,0.6184003300839156,6,10,sar_0.2,sar,0.2
155,A,0.29502624520298254,2.4261086207069935e-5,0.7049494937108106,6,10,sar_0.2,sar,0.2
155,C,0.3815568772840035,3.540394453930719e-5,0.618407718771458,6,10,sar_0.2,sar,0.2
156,A,0.2950235658045511,2.22883381637613e-5,0.704954145857285,6,10,sar_0.2,sar,0.2
156,C,0.38155295746550616,3.2534015165646215e-5,0.6184145085193289,6,10,sar_0.2,sar,0.2
157,A,0.2950211040680065,2.0476189857911858e-5,0.7049584197421356,6,10,sar_0.2,sar,0.2
157,C,0.38154935544369784,2.989668690278498e-5,0.6184207478693993,6,10,sar_0.2,sar,0.2
158,A,0.29501884229708597,1.881154579109601e-5,0.7049623461571229,6,10,sar_0.2,sar,0.2
158,C,0.38154604545479337,2.7473114403855753e-5,0.6184264814308031,6,10,sar_0.2,sar,0.2
159,A,0.29501676423591816,1.728238062737105e-5,0.7049659533834548,6,10,sar_0.2,sar,0.2
159,C,0.3815430038234717,2.524597818728211e-5,0.6184317501983415,6,10,sar_0.2,sar,0.2
160,A,0.29501485495159213,1.5877651489031214e-5,0.7049692673969187,6,10,sar_0.2,sar,0.2
160,C,0.3815402087936167,2.3199361243645592e-5,0.6184365918451384,6,10,sar_0.2,sar,0.2
161,A,0.29501310072632536,1.4587217465439681e-5,0.7049723120562087,6,10,sar_0.2,sar,0.2
161,C,0.3815376403727673,2.1318635597024795e-5,0.6184410409916368,6,10,sar_0.2,sar,0.2
162,A,0.295011488958434,1.3401765738717042e-5,0.7049751092758263,6,10,sar_0.2,sar,0.2
162,C,0.38153528018916105,1.959035802063969e-5,0.618445129452819,6,10,sar_0.2,sar,0.2
163,A,0.29501000807139494,1.2312743781190729e-5,0.7049776791848247,6,10,sar_0.2,sar,0.2
163,C,0.3815331113603767,1.8002174172359577e-5,0.6184488864654498,6,10,sar_0.2,sar,0.2
164,A,0.29500864743032884,1.1312297124163431e-5,0.704980040272547,6,10,sar_0.2,sar,0.2
164,C,0.3815311183726127,1.654273047372276e-5,0.6184523388969121,6,10,sar_0.2,sar,0.2
165,A,0.2950073972653056,1.0393212237970154e-5,0.7049822095224557,6,10,sar_0.2,sar,0.2
165,C,0.3815292869697472,1.520159310888782e-5,0.6184555114371452,6,10,sar_0.2,sar,0.2
166,A,0.29500624860090413,9.548864101261309e-6,0.7049842025349953,6,10,sar_0.2,sar,0.2
166,C,0.3815276040513899,1.3969173569511043e-5,0.618458426775041,6,10,sar_0.2,sar,0.2
167,A,0.2950051931915191,8.773168072911686e-6,0.7049860336404086,6,10,sar_0.2,sar,0.2
167,C,0.38152605757920394,1.2836660218002334e-5,0.6184611057605776,6,10,sar_0.2,sar,0.2
168,A,0.2950042234619466,8.060535712267848e-6,0.704987716002341,6,10,sar_0.2,sar,0.2
168,C,0.381524636490809,1.1795955384242573e-5,0.6184635675538065,6,10,sar_0.2,sar,0.2
169,A,0.2950033324528157,7.405834222649284e-6,0.7049892617129626,6,10,sar_0.2,sar,0.2
169,C,0.38152333062066507,1.0839617549622983e-5,0.6184658297617848,6,10,sar_0.2,sar,0.2
170,A,0.29500251377046305,6.804349219718335e-6,0.7049906818803168,6,10,sar_0.2,sar,0.2
170,C,0.38152213062737395,9.960808207845134e-6,0.6184679085644175,6,10,sar_0.2,sar,0.2
171,A,0.29500176154090363,6.2517505509968066e-6,0.704991986708545,6,10,sar_0.2,sar,0.2
171,C,0.3815210279268686,9.153243024861721e-6,0.6184698188301069,6,10,sar_0.2,sar,0.2
172,A,0.2950010703675435,5.744060915535737e-6,0.704993185571541,6,10,sar_0.2,sar,0.2
172,C,0.3815200146310165,8.411146950799747e-6,0.6184715742220326,6,10,sar_0.2,sar,0.2
173,A,0.2950004352923421,5.277627053538845e-6,0.7049942870806042,6,10,sar_0.2,sar,0.2
173,C,0.381519083491204,7.729212964701426e-6,0.6184731872958306,6,10,sar_0.2,sar,0.2
174,A,0.29499985176014115,4.8490932947249665e-6,0.7049952991465648,6,10,sar_0.2,sar,0.2
174,C,0.3815182278464929,7.102564158580441e-6,0.6184746695893475,6,10,sar_0.2,sar,0.2
175,A,0.2949993155858939,4.455377271610721e-6,0.7049962290368346,6,10,sar_0.2,sar,0.2
175,C,0.38151744157597467,6.526718890879587e-6,0.6184760317051354,6,10,sar_0.2,sar,0.2
176,A,0.294998822924567,4.093647619958574e-6,0.7049970834278133,6,10,sar_0.2,sar,0.2
176,C,0.3815167190549891,5.997558761289849e-6,0.618477283386249,6,10,sar_0.2,sar,0.2
177,A,0.2949983702434928,3.7613035031360983e-6,0.7049978684530046,6,10,sar_0.2,sar,0.2
177,C,0.38151605511490105,5.511299178577355e-6,0.6184784335859204,6,10,sar_0.2,sar,0.2
178,A,0.2949979542969705,3.4559558108000976e-6,0.7049985897472185,6,10,sar_0.2,sar,0.2
178,C,0.3815154450061187,5.064462311863604e-6,0.6184794905315703,6,10,sar_0.2,sar,0.2
179,A,0.2949975721029389,3.175409894552728e-6,0.7049992524871658,6,10,sar_0.2,sar,0.2
179,C,0.3815148843641296,4.65385223254644e-6,0.6184804617836372,6,10,sar_0.2,sar,0.2
180,A,0.2949972209215423,2.9176497145296336e-6,0.704999861428744,6,10,sar_0.2,sar,0.2
180,C,0.3815143691782784,4.276532069616006e-6,0.6184813542896522,6,10,sar_0.2,sar,0.2
181,A,0.29499689823544445,2.680823281248746e-6,0.7050004209412752,6,10,sar_0.2,sar,0.2
181,C,0.3815138957630771,3.929803015416123e-6,0.6184821744339075,6,10,sar_0.2,sar,0.2
182,A,0.29499660173174497,2.463229286579978e-6,0.705000935038969,6,10,sar_0.2,sar,0.2
182,C,0.3815134607318441,3.6111850320857186e-6,0.6184829280831226,6,10,sar_0.2,sar,0.2
183,A,0.29499632928536357,2.2633048264352855e-6,0.7050014074098103,6,10,sar_0.2,sar,0.2
183,C,0.3815130609724801,3.318399121029542e-6,0.6184836206283986,6,10,sar_0.2,sar,0.2
184,A,0.2949960789437785,2.079614125784226e-6,0.7050018414420958,6,10,sar_0.2,sar,0.2
184,C,0.381512693625203,3.0493510288895013e-6,0.6184842570237684,6,10,sar_0.2,sar,0.2
185,A,0.2949958489130065,1.91083818394224e-6,0.7050022402488091,6,10,sar_0.2,sar,0.2
185,C,0.38151235606209494,2.8021162737073207e-6,0.6184848418216314,6,10,sar_0.2,sar,0.2
186,A,0.29499563754472025,1.7557652648192064e-6,0.7050026066900146,6,10,sar_0.2,sar,0.2
186,C,0.3815120458683014,2.574926384373594e-6,0.618485379205314,6,10,sar_0.2,sar,0.2
187,A,0.2949954433244169,1.6132821630027946e-6,0.7050029433934208,6,10,sar_0.2,sar,0.2
187,C,0.38151176082475974,2.3661562551084017e-6,0.6184858730189855,6,10,sar_0.2,sar,0.2
188,A,0.2949952648605464,1.4823661822269306e-6,0.7050032527732714,6,10,sar_0.2,sar,0.2
188,C,0.38151149889232067,2.174312524669804e-6,0.6184863267951549,6,10,sar_0.2,sar,0.2
189,A,0.2949951008745236,1.3620777679814016e-6,0.7050035370477085,6,10,sar_0.2,sar,0.2
189,C,0.3815112581971662,1.9980228972919897e-6,0.6184867437799357,6,10,sar_0.2,sar,0.2
190,A,0.2949949501915539,1.2515537407950469e-6,0.7050037982547047,6,10,sar_0.2,sar,0.2
190,C,0.38151103701740535,1.8360263290697781e-6,0.6184871269562665,6,10,sar_0.2,sar,0.2
191,A,0.29499481173220443,1.1500010811087906e-6,0.7050040382667148,6,10,sar_0.2,sar,0.2
191,C,0.3815108337707501,1.6871640096799344e-6,0.6184874790652397,6,10,sar_0.2,sar,0.2
192,A,0.29499468450465594,1.0566912206781838e-6,0.7050042588041234,6,10,sar_0.2,sar,0.2
192,C,0.3815106470032057,1.5503710750058314e-6,0.6184878026257202,6,10,sar_0.2,sar,0.2
193,A,0.2949945675975924,9.709547991373518e-7,0.7050044614476083,6,10,sar_0.2,sar,0.2
193,C,0.381510475378661,1.4246689914486382e-6,0.6184880999523468,6,10,sar_0.2,sar,0.2
194,A,0.2949944601736617,8.921768477441378e-7,0.7050046476494911,6,10,sar_0.2,sar,0.2
194,C,0.38151031766933846,1.3091585575026364e-6,0.6184883731721049,6,10,sar_0.2,sar,0.2
195,A,0.29499436146346913,8.197923654356303e-7,0.7050048187441643,6,10,sar_0.2,sar,0.2
195,C,0.38151017274700305,1.2030134725783333e-6,0.6184886242395258,6,10,sar_0.2,sar,0.2
196,A,0.29499427076006324,7.532822551797131e-7,0.7050049759576814,6,10,sar_0.2,sar,0.2
196,C,0.3815100395748966,1.105474427111947e-6,0.618488854950676,6,10,sar_0.2,sar,0.2
197,A,0.2949941874138609,6.921695912217341e-7,0.7050051204165472,6,10,sar_0.2,sar,0.2
197,C,0.3815099172003216,1.0158436717113889e-6,0.618489066956007,6,10,sar_0.2,sar,0.2
198,A,0.2949941108279946,6.360161902370856e-7,0.7050052531558145,6,10,sar_0.2,sar,0.2
198,C,0.38150980474782137,9.334800265231454e-7,0.6184892617721522,6,10,sar_0.2,sar,0.2
199,A,0.29499404045403077,5.84419461604391e-7,0.7050053751265077,6,10,sar_0.2,sar,0.2
199,C,0.3815097014129226,8.577942951434123e-7,0.6184894407927828,6,10,sar_0.2,sar,0.2
200,A,0.2949939757880386,5.370095140403414e-7,0.705005487202448,6,10,sar_0.2,sar,0.2
200,C,0.3815096064563751,7.882450502870851e-7,0.6184896052985742,6,10,sar_0.2,sar,0.2
201,A,0.2949939163669761,4.934464976968728e-7,0.7050055901865266,6,10,sar_0.2,sar,0.2
201,C,0.3815095191988682,7.243347610840501e-7,0.6184897564663704,6,10,sar_0.2,sar,0.2
202,A,0.294993861765374,4.534181625291716e-7,0.7050056848164641,6,10,sar_0.2,sar,0.2
202,C,0.38150943901616907,6.65606234313818e-7,0.6184898953775965,6,10,sar_0.2,sar,0.2
203,A,0.29499381159228383,4.1663761531080305e-7,0.7050057717701007,6,10,sar_0.2,sar,0.2
203,C,0.38150936533465496,6.116393441335171e-7,0.6184900230260003,6,10,sar_0.2,sar,0.2
204,A,0.29499376548847817,3.828412591112774e-7,0.7050058516702633,6,10,sar_0.2,sar,0.2
204,C,0.3815092976272157,5.620480269158892e-7,0.6184901403247587,6,10,sar_0.2,sar,0.2
205,A,0.29499372312387273,3.517869003725452e-7,0.705005925089228,6,10,sar_0.2,sar,0.2
205,C,0.3815092354094732,5.164775197084506e-7,0.6184902481130065,6,10,sar_0.2,sar,0.2
206,A,0.2949936841951648,3.232520099339958e-7,0.7050059925528249,6,10,sar_0.2,sar,0.2
206,C,0.3815091782363282,4.746018225663894e-7,0.6184903471618491,6,10,sar_0.2,sar,0.2
207,A,0.29499364842365927,2.970321254694422e-7,0.7050060545442155,6,10,sar_0.2,sar,0.2
207,C,0.3815091256987662,4.3612136661209263e-7,0.6184904381798664,6,10,sar_0.2,sar,0.2
208,A,0.2949936155532689,2.7293938382234087e-7,0.705006111507347,6,10,sar_0.2,sar,0.2
208,C,0.3815090774209363,4.007608711450468e-7,0.618490521818192,6,10,sar_0.2,sar,0.2
209,A,0.2949935853486825,2.508011726645754e-7,0.7050061638501447,6,10,sar_0.2,sar,0.2
209,C,0.38150903305746114,3.682673744772953e-7,0.6184905986751645,6,10,sar_0.2,sar,0.2
210,A,0.2949935575936791,2.3045889176639177e-7,0.7050062119474297,6,10,sar_0.2,sar,0.2
210,C,0.38150899229096624,3.3840842441165984e-7,0.6184906693006091,6,10,sar_0.2,sar,0.2
211,A,0.2949935320895762,2.1176681495690612e-7,0.7050062561436089,6,10,sar_0.2,sar,0.2
211,C,0.38150895482981045,3.109704154213268e-7,0.6184907341997753,6,10,sar_0.2,sar,0.2
212,A,0.29499350865381,1.9459104404829906e-7,0.7050062967551456,6,10,sar_0.2,sar,0.2
212,C,0.38150892040599554,2.8575705985864107e-7,0.6184907938369447,6,10,sar_0.2,sar,0.2
213,A,0.2949934871186266,1.788085505433632e-7,0.7050063340728222,6,10,sar_0.2,sar,0.2
213,C,0.38150888877325845,2.62587987141762e-7,0.6184908486387544,6,10,sar_0.2,sar,0.2
214,A,0.29499346732984005,1.6430626119485282e-7,0.7050063683638983,6,10,sar_0.2,sar,0.2
214,C,0.3815088597052414,2.412974067901884e-7,0.6184908989973512,6,10,sar_0.2,sar,0.2
215,A,0.29499344914576126,1.5098027263192083e-7,0.7050063998739664,6,10,sar_0.2,sar,0.2
215,C,0.3815088329939262,2.2173295994164343e-7,0.6184909452731138,6,10,sar_0.2,sar,0.2
216,A,0.29499343243626625,1.3873516744243747e-7,0.7050064288285662,6,10,sar_0.2,sar,0.2
216,C,0.3815088084482672,2.0375471895709183e-7,0.6184909877970155,6,10,sar_0.2,sar,0.2
217,A,0.2949934170817712,1.274832597039448e-7,0.7050064554349688,6,10,sar_0.2,sar,0.2
217,C,0.3815087858926824,1.8723408367431473e-7,0.6184910268732337,6,10,sar_0.2,sar,0.2
218,A,0.2949934029726964,1.171442035119798e-7,0.7050064798831002,6,10,sar_0.2,sar,0.2
218,C,0.38150876516627885,1.7205320934110417e-7,0.618491062780512,6,10,sar_0.2,sar,0.2
219,A,0.2949933900085046,1.0764428590478288e-7,0.7050065023472094,6,10,sar_0.2,sar,0.2
219,C,0.3815087461214322,1.5810397161633158e-7,0.6184910957745957,6,10,sar_0.2,sar,0.2
220,A,0.29499337809637904,9.891545656103043e-8,0.705006522988164,6,10,sar_0.2,sar,0.2
220,C,0.38150872862185037,1.4528654544682607e-7,0.618491126091604,6,10,sar_0.2,sar,0.2
221,A,0.29499336714789814,9.089289052716278e-8,0.7050065419592112,6,10,sar_0.2,sar,0.2
221,C,0.3815087125376918,1.3350583104822455e-7,0.6184911539564762,6,10,sar_0.2,sar,0.2
222,A,0.2949933570861356,8.352019250937788e-8,0.7050065593936714,6,10,sar_0.2,sar,0.2
222,C,0.3815086977559922,1.2267908859497268e-7,0.6184911795649194,6,10,sar_0.2,sar,0.2
223,A,0.2949933478273753,7.673599074449037e-8,0.7050065754366339,6,10,sar_0.2,sar,0.2
223,C,0.3815086841538106,1.1271627201561121e-7,0.6184912031299182,6,10,sar_0.2,sar,0.2
224,A,0.29499333919705484,7.04123473225385e-8,0.705006590390598,6,10,sar_0.2,sar,0.2
224,C,0.3815086714747468,1.0342958509907429e-7,0.6184912250956678,6,10,sar_0.2,sar,0.2
225,A,0.29499333170338055,6.492168476143557e-8,0.7050066033749347,6,10,sar_0.2,sar,0.2
225,C,0.38150866046534415,9.53658241552332e-8,0.6184912441688339,6,10,sar_0.2,sar,0.2
226,A,0.294993324794013,5.985921022295731e-8,0.7050066153467766,6,10,sar_0.2,sar,0.2
226,C,0.3815086503142752,8.793074359567153e-8,0.6184912617549807,6,10,sar_0.2,sar,0.2
227,A,0.2949933184233896,5.519152788874778e-8,0.7050066263850822,6,10,sar_0.2,sar,0.2
227,C,0.3815086409546231,8.107532927714592e-8,0.6184912779700467,6,10,sar_0.2,sar,0.2
228,A,0.29499331254950084,5.088784700089092e-8,0.7050066365626513,6,10,sar_0.2,sar,0.2
228,C,0.38150863232468657,7.475438838062535e-8,0.6184912929209244,6,10,sar_0.2,sar,0.2
229,A,0.2949933071336141,4.69197786036525e-8,0.7050066459466074,6,10,sar_0.2,sar,0.2
229,C,0.381508624367573,6.892625146658679e-8,0.6184913067061745,6,10,sar_0.2,sar,0.2
230,A,0.2949933021400144,4.326114815374135e-8,0.7050066545988368,6,10,sar_0.2,sar,0.2
230,C,0.38150861703082833,6.355249778231962e-8,0.618491319416675,6,10,sar_0.2,sar,0.2
231,A,0.29499329753577547,3.988782275515594e-8,0.7050066625764015,6,10,sar_0.2,sar,0.2
231,C,0.38150861026608285,5.859770198486607e-8,0.6184913311362149,6,10,sar_0.2,sar,0.2
232,A,0.294993293290536,3.677755187678162e-8,0.7050066699319123,6,10,sar_0.2,sar,0.2
232,C,0.38150860402874476,5.402920061001848e-8,0.6184913419420565,6,10,sar_0.2,sar,0.2
233,A,0.29499328937630337,3.390982050010842e-8,0.7050066767138761,6,10,sar_0.2,sar,0.2
233,C,0.3815085982776928,4.981687674794089e-8,0.61849135190543,6,10,sar_0.2,sar,0.2
234,A,0.29499328576726735,3.1265713726665226e-8,0.7050066829670187,6,10,sar_0.2,sar,0.2
234,C,0.38150859297501555,4.593296150600733e-8,0.6184913610920227,6,10,sar_0.2,sar,0.2
235,A,0.2949932824396306,2.882779195056624e-8,0.7050066887325779,6,10,sar_0.2,sar,0.2
235,C,0.38150858808575655,4.235185095009449e-8,0.6184913695623937,6,10,sar_0.2,sar,0.2
236,A,0.29499327937145176,2.65799757714411e-8,0.7050066940485721,6,10,sar_0.2,sar,0.2
236,C,0.3815085835776818,3.904993731760856e-8,0.6184913773723798,6,10,sar_0.2,sar,0.2
237,A,0.2949932765424997,2.4507439887431304e-8,0.7050066989500607,6,10,sar_0.2,sar,0.2
237,C,0.3815085794210759,3.600545338959279e-8,0.6184913845734722,6,10,sar_0.2,sar,0.2
238,A,0.2949932739341211,2.2596515267314593e-8,0.7050067034693641,6,10,sar_0.2,sar,0.2
238,C,0.3815085755885344,3.319832899601055e-8,0.6184913912131375,6,10,sar_0.2,sar,0.2
239,A,0.294993271529118,2.0834598955556458e-8,0.7050067076362829,6,10,sar_0.2,sar,0.2
239,C,0.38150857205479266,3.061005870827813e-8,0.6184913973351491,6,10,sar_0.2,sar,0.2
240,A,0.29499326931163183,1.9210070914548766e-8,0.705006711478298,6,10,sar_0.2,sar,0.2
240,C,0.3815085687965553,2.8223579846864123e-8,0.6184914029798645,6,10,sar_0.2,sar,0.2
241,A,0.29499326726704167,1.771221735481201e-8,0.7050067150207405,6,10,sar_0.2,sar,0.2
241,C,0.3815085657923436,2.6023159999772154e-8,0.6184914081844962,6,10,sar_0.2,sar,0.2
242,A,0.29499326538186693,1.6331160046822218e-8,0.705006718286973,6,10,sar_0.2,sar,0.2
242,C,0.3815085630223511,2.3994293310414818e-8,0.6184914129833552,6,10,sar_0.2,sar,0.2
243,A,0.2949932636436774,1.505779114765423e-8,0.7050067212985307,6,10,sar_0.2,sar,0.2
243,C,0.3815085604683187,2.2123604851198437e-8,0.6184914174080756,6,10,sar_0.2,sar,0.2
244,A,0.29499326204101295,1.388371311207924e-8,0.7050067240752738,6,10,sar_0.2,sar,0.2
244,C,0.3815085581134091,2.0398762452434883e-8,0.6184914214878294,6,10,sar_0.2,sar,0.2
245,A,0.2949932605633062,1.28011832870936e-8,0.7050067266355102,6,10,sar_0.2,sar,0.2
245,C,0.38150855594209615,1.880839540822268e-8,0.6184914252495071,6,10,sar_0.2,sar,0.2
246,A,0.294993259200814,1.1803062840272694e-8,0.7050067289961238,6,10,sar_0.2,sar,0.2
246,C,0.38150855394006883,1.7342019512512667e-8,0.6184914287179122,6,10,sar_0.2,sar,0.2
247,A,0.29499325794455317,1.0882769669270689e-8,0.7050067311726764,6,10,sar_0.2,sar,0.2
247,C,0.38150855209412593,1.5989967941437442e-8,0.6184914319159049,6,10,sar_0.2,sar,0.2
248,A,0.2949932567862406,1.0034234966420677e-8,0.7050067331795237,6,10,sar_0.2,sar,0.2
248,C,0.3815085503921009,1.4743327536579067e-8,0.6184914348645707,6,10,sar_0.2,sar,0.2
249,A,0.2949932557182398,9.251863191840178e-9,0.7050067350298964,6,10,sar_0.2,sar,0.2
249,C,0.38150854882277335,1.3593880042344668e-8,0.6184914375833469,6,10,sar_0.2,sar,0.2
250,A,0.2949932547335089,8.530495162437391e-9,0.7050067367359948,6,10,sar_0.2,sar,0.2
250,C,0.3815085473757952,1.253404792887143e-8,0.6184914400901564,6,10,sar_0.2,sar,0.2
251,A,0.2949932538255553,7.865374020094693e-9,0.7050067383090706,6,10,sar_0.2,sar,0.2
251,C,0.38150854604163015,1.155684443875802e-8,0.618491442401526,6,10,sar_0.2,sar,0.2
252,A,0.29499325298839296,7.252113854397419e-9,0.7050067397594941,6,10,sar_0.2,sar,0.2
252,C,0.3815085448114818,1.0655827528320392e-8,0.6184914445326909,6,10,sar_0.2,sar,0.2
253,A,0.294993252216502,6.6866707728071064e-9,0.7050067410968275,6,10,sar_0.2,sar,0.2
253,C,0.38150854367724024,9.825057399743545e-9,0.6184914464977024,6,10,sar_0.2,sar,0.2
254,A,0.29499325150479333,6.165316227340086e-9,0.7050067423298908,6,10,sar_0.2,sar,0.2
254,C,0.38150854263142914,9.059057344171485e-9,0.6184914483095137,6,10,sar_0.2,sar,0.2
255,A,0.29499325084857464,5.6846124217129044e-9,0.7050067434668135,6,10,sar_0.2,sar,0.2
255,C,0.3815085416671534,8.352777637604822e-9,0.6184914499800699,6,10,sar_0.2,sar,0.2
256,A,0.29499325024351963,5.241389636653079e-9,0.7050067445150919,6,10,sar_0.2,sar,0.2
256,C,0.3815085407780559,7.701562251599356e-9,0.6184914515203822,6,10,sar_0.2,sar,0.2
257,A,0.2949932496856383,4.832725323738137e-9,0.7050067454816356,6,10,sar_0.2,sar,0.2
257,C,0.3815085399582766,7.101118159314663e-9,0.618491452940606,6,10,sar_0.2,sar,0.2
258,A,0.294993249171254,4.455924829802396e-9,0.7050067463728208,6,10,sar_0.2,sar,0.2
258,C,0.3815085392024101,6.547487034571057e-9,0.6184914542501039,6,10,sar_0.2,sar,0.2
259,A,0.2949932486969747,4.1085036247152455e-9,0.7050067471945223,6,10,sar_0.2,sar,0.2
259,C,0.38150853850547317,6.037019157348029e-9,0.6184914554575062,6,10,sar_0.2,sar,0.2
260,A,0.2949932482596729,3.788170915259484e-9,0.7050067479521562,6,10,sar_0.2,sar,0.2
260,C,0.38150853786287403,5.566349353702824e-9,0.6184914565707765,6,10,sar_0.2,sar,0.2
261,A,0.2949932478564665,3.4928145369879827e-9,0.7050067486507188,6,10,sar_0.2,sar,0.2
261,C,0.3815085372703739,5.1323748114987514e-9,0.6184914575972518,6,10,sar_0.2,sar,0.2
262,A,0.2949932474846968,3.2204870243725746e-9,0.7050067492948162,6,10,sar_0.2,sar,0.2
262,C,0.38150853672406637,4.732234625699237e-9,0.6184914585436984,6,10,sar_0.2,sar,0.2
263,A,0.2949932471419127,2.969392767336829e-9,0.705006749888696,6,10,sar_0.2,sar,0.2
263,C,0.38150853622035236,4.3632909383843535e-9,0.6184914594163569,6,10,sar_0.2,sar,0.2
264,A,0.2949932468258539,2.737876169434345e-9,0.7050067504362703,6,10,sar_0.2,sar,0.2
264,C,0.38150853575591,4.0231115491600955e-9,0.6184914602209796,6,10,sar_0.2,sar,0.2
265,A,0.29499324653443704,2.5244107289792485e-9,0.705006750941152,6,10,sar_0.2,sar,0.2
265,C,0.3815085353276766,3.709453877986625e-9,0.61849146096287,6,10,sar_0.2,sar,0.2
266,A,0.2949932462657411,2.327588973181861e-9,0.7050067514066699,6,10,sar_0.2,sar,0.2
266,C,0.38150853493282993,3.4202501873218827e-9,0.6184914616469193,6,10,sar_0.2,sar,0.2
267,A,0.2949932460179943,2.146113177015298e-9,0.7050067518358937,6,10,sar_0.2,sar,0.2
267,C,0.3815085345687674,3.1535939542734186e-9,0.6184914622776384,6,10,sar_0.2,sar,0.2
268,A,0.29499324578956265,1.9787868035061235e-9,0.7050067522316493,6,10,sar_0.2,sar,0.2
268,C,0.3815085342330884,2.9077272909643672e-9,0.6184914628591841,6,10,sar_0.2,sar,0.2
269,A,0.2949932455789421,1.8245066140217167e-9,0.7050067525965517,6,10,sar_0.2,sar,0.2
269,C,0.3815085339235801,2.681029361251189e-9,0.6184914633953897,6,10,sar_0.2,sar,0.2
270,A,0.2949932453847425,1.6822553930867192e-9,0.7050067529330032,6,10,sar_0.2,sar,0.2
270,C,0.38150853363820325,2.4720056956491337e-9,0.6184914638897904,6,10,sar_0.2,sar,0.2
271,A,0.29499324520568343,1.5510952405422027e-9,0.7050067532432209,6,10,sar_0.2,sar,0.2
271,C,0.3815085333750751,2.2792783393058164e-9,0.6184914643456472,6,10,sar_0.2,sar,0.2
272,A,0.2949932450405844,1.430161386799651e-9,0.7050067535292533,6,10,sar_0.2,sar,0.2
272,C,0.3815085331324612,2.1015767680755254e-9,0.6184914647659617,6,10,sar_0.2,sar,0.2
273,A,0.2949932448883583,1.3186564903935212e-9,0.7050067537929848,6,10,sar_0.2,sar,0.2
273,C,0.3815085329087624,1.9377295128103554e-9,0.6184914651535078,6,10,sar_0.2,sar,0.2
274,A,0.2949932447480008,1.2158453802181604e-9,0.7050067540361544,6,10,sar_0.2,sar,0.2
274,C,0.3815085327025042,1.7866564366529253e-9,0.6184914655108391,6,10,sar_0.2,sar,0.2
275,A,0.2949932446185858,1.1210502077688373e-9,0.7050067542603643,6,10,sar_0.2,sar,0.2
275,C,0.38150853251232647,1.6473616144204273e-9,0.618491465840312,6,10,sar_0.2,sar,0.2
276,A,0.29499324449926045,1.0336459774116542e-9,0.7050067544670927,6,10,sar_0.2,sar,0.2
276,C,0.38150853233697585,1.518926767138641e-9,0.6184914661440962,6,10,sar_0.2,sar,0.2
277,A,0.29499324438923885,9.530564252010275e-10,0.705006754657704,6,10,sar_0.2,sar,0.2
277,C,0.38150853217529707,1.400505208444489e-9,0.6184914664241982,6,10,sar_0.2,sar,0.2
278,A,0.29499324428779533,8.787502190629599e-10,0.705006754833455,6,10,sar_0.2,sar,0.2
278,C,0.38150853202622237,1.2913162629499255e-9,0.6184914666824604,6,10,sar_0.2,sar,0.2
279,A,0.2949932441942603,8.102374552822591e-10,0.7050067549955022,6,10,sar_0.2,sar,0.2
279,C,0.3815085318887706,1.1906401197713617e-9,0.6184914669205894,6,10,sar_0.2,sar,0.2
280,A,0.2949932441080181,7.470664281866493e-10,0.7050067551449155,6,10,sar_0.2,sar,0.2
280,C,0.3815085317620349,1.0978130872974523e-9,0.6184914671401514,6,10,sar_0.2,sar,0.2
281,A,0.2949932440284998,6.88820651722811e-10,0.7050067552826799,6,10,sar_0.2,sar,0.2
281,C,0.3815085316451803,1.0122232179132937e-9,0.6184914673425961,6,10,sar_0.2,sar,0.2
282,A,0.2949932439551811,6.351161132810423e-10,0.705006755409703,6,10,sar_0.2,sar,0.2
282,C,0.3815085315374358,9.333062738377848e-10,0.6184914675292575,6,10,sar_0.2,sar,0.2
283,A,0.29499324388757847,5.855987416572619e-10,0.7050067555268219,6,10,sar_0.2,sar,0.2
283,C,0.3815085314380916,8.605420074797417e-10,0.6184914677013659,6,10,sar_0.2,sar,0.2
284,A,0.29499324382524683,5.399420724535144e-10,0.7050067556348104,6,10,sar_0.2,sar,0.2
284,C,0.3815085313464922,7.934507317917002e-10,0.6184914678600559,6,10,sar_0.2,sar,0.2
285,A,0.2949932437677753,4.978450954356755e-10,0.7050067557343803,6,10,sar_0.2,sar,0.2
285,C,0.38150853126203543,7.315901583830744e-10,0.6184914680063749,6,10,sar_0.2,sar,0.2
286,A,0.2949932437147836,4.590302699817887e-10,0.7050067558261854,6,10,sar_0.2,sar,0.2
286,C,0.38150853118416234,6.745524811465186e-10,0.6184914681412844,6,10,sar_0.2,sar,0.2
287,A,0.29499324366592405,4.23241695205601e-10,0.7050067559108347,6,10,sar_0.2,sar,0.2
287,C,0.3815085311123614,6.219616874909418e-10,0.6184914682656777,6,10,sar_0.2,sar,0.2
288,A,0.29499324362087354,3.9024342239231446e-10,0.7050067559888831,6,10,sar_0.2,sar,0.2
288,C,0.3815085310461575,5.734710807861976e-10,0.6184914683803714,6,10,sar_0.2,sar,0.2
289,A,0.29499324357933543,3.5981789944734487e-10,0.7050067560608467,6,10,sar_0.2,sar,0.2
289,C,0.3815085309851145,5.287609942365272e-10,0.6184914684861227,6,10,sar_0.2,sar,0.2
290,A,0.2949932435410361,3.3176453649932554e-10,0.7050067561271995,6,10,sar_0.2,sar,0.2
290,C,0.38150853092883213,4.875366835289221e-10,0.6184914685836309,6,10,sar_0.2,sar,0.2
291,A,0.2949932435057222,3.0589838334798196e-10,0.7050067561883794,6,10,sar_0.2,sar,0.2
291,C,0.3815085308769373,4.495263837787727e-10,0.6184914686735362,6,10,sar_0.2,sar,0.2
292,A,0.29499324347316186,2.820489100355254e-10,0.7050067562447886,6,10,sar_0.2,sar,0.2
292,C,0.3815085308290886,4.144795179635938e-10,0.618491468756432,6,10,sar_0.2,sar,0.2
293,A,0.29499324344314054,2.600588825003009e-10,0.7050067562968008,6,10,sar_0.2,sar,0.2
293,C,0.3815085307849693,3.821650450341837e-10,0.6184914688328644,6,10,sar_0.2,sar,0.2
294,A,0.2949932434154594,2.397833258985185e-10,0.7050067563447576,6,10,sar_0.2,sar,0.2
294,C,0.38150853074429086,3.523699368134935e-10,0.6184914689033393,6,10,sar_0.2,sar,0.2
295,A,0.2949932433899364,2.2108856875806234e-10,0.7050067563889755,6,10,sar_0.2,sar,0.2
295,C,0.3815085307067837,3.2489777364236966e-10,0.6184914689683195,6,10,sar_0.2,sar,0.2
296,A,0.2949932433664033,2.0385136166144588e-10,0.7050067564297449,6,10,sar_0.2,sar,0.2
296,C,0.3815085306722002,2.9956744951423673e-10,0.6184914690282314,6,10,sar_0.2,sar,0.2
297,A,0.29499324334470456,1.879580646464909e-10,0.7050067564673365,6,10,sar_0.2,sar,0.2
297,C,0.38150853064031315,2.7621197816253754e-10,0.6184914690834746,6,10,sar_0.2,sar,0.2
298,A,0.29499324332469806,1.7330389796648337e-10,0.7050067565019973,6,10,sar_0.2,sar,0.2
298,C,0.38150853061091256,2.5467739223024995e-10,0.6184914691344101,6,10,sar_0.2,sar,0.2
299,A,0.29499324330625143,1.5979225126938404e-10,0.7050067565339567,6,10,sar_0.2,sar,0.2
299,C,0.38150853058380374,2.3482172826445764e-10,0.6184914691813743,6,10,sar_0.2,sar,0.2
300,A,0.2949932432892425,1.473340466409281e-10,0.7050067565634229,6,10,sar_0.2,sar,0.2
300,C,0.3815085305588086,2.1651409084471245e-10,0.6184914692246773,6,10,sar_0.2,sar,0.2
301,A,0.29499324327356025,1.3584715131164654e-10,0.7050067565905928,6,10,sar_0.2,sar,0.2
301,C,0.38150853053576167,1.996337896756126e-10,0.6184914692646032,6,10,sar_0.2,sar,0.2
302,A,0.29499324325910015,1.2525583615534368e-10,0.7050067566156434,6,10,sar_0.2,sar,0.2
302,C,0.3815085305145122,1.840695439550276e-10,0.6184914693014174,6,10,sar_0.2,sar,0.2
303,A,0.2949932432457682,1.1549027640853839e-10,0.7050067566387415,6,10,sar_0.2,sar,0.2
303,C,0.3815085304949195,1.697187487728886e-10,0.6184914693353617,6,10,sar_0.2,sar,0.2
304,A,0.29499324323347487,1.0648609131877988e-10,0.7050067566600391,6,10,sar_0.2,sar,0.2
304,C,0.3815085304768542,1.5648679870441253e-10,0.6184914693666591,6,10,sar_0.2,sar,0.2
305,A,0.2949932432221402,9.818391973808637e-11,0.7050067566796754,6,10,sar_0.2,sar,0.2
305,C,0.3815085304601977,1.4428646416034578e-10,0.618491469395517,6,10,sar_0.2,sar,0.2
306,A,0.294993243211689,9.052902866725646e-11,0.7050067566977805,6,10,sar_0.2,sar,0.2
306,C,0.381508530444839,1.330373163007258e-10,0.6184914694221247,6,10,sar_0.2,sar,0.2
307,A,0.29499324320205367,8.347095235584428e-11,0.7050067567144761,6,10,sar_0.2,sar,0.2
307,C,0.38150853043067806,1.2266519679876778e-10,0.618491469446657,6,10,sar_0.2,sar,0.2
308,A,0.2949932431931686,7.69631597625799e-11,0.705006756729868,6,10,sar_0.2,sar,0.2
308,C,0.3815085304176216,1.1310172903691185e-10,0.6184914694692776,6,10,sar_0.2,sar,0.2
309,A,0.29499324318497666,7.096274769999098e-11,0.7050067567440607,6,10,sar_0.2,sar,0.2
309,C,0.38150853040558236,1.0428386730996658e-10,0.6184914694901342,6,10,sar_0.2,sar,0.2
310,A,0.2949932431774228,6.543015798052215e-11,0.7050067567571469,6,10,sar_0.2,sar,0.2
310,C,0.3815085303944823,9.615348120609894e-11,0.6184914695093647,6,10,sar_0.2,sar,0.2
311,A,0.29499324317045844,6.032891661638567e-11,0.705006756769213,6,10,sar_0.2,sar,0.2
311,C,0.3815085303842469,8.865697239111373e-11,0.6184914695270968,6,10,sar_0.2,sar,0.2
312,A,0.2949932431640368,5.562539335360058e-11,0.7050067567803375,6,10,sar_0.2,sar,0.2
312,C,0.3815085303748095,8.174492126974495e-11,0.6184914695434447,6,10,sar_0.2,sar,0.2
313,A,0.29499324315811576,5.1288579954758125e-11,0.705006756790596,6,10,sar_0.2,sar,0.2
313,C,0.3815085303661089,7.537176119462281e-11,0.6184914695585199,6,10,sar_0.2,sar,0.2
314,A,0.29499324315265646,4.728988576867338e-11,0.7050067568000539,6,10,sar_0.2,sar,0.2
314,C,0.38150853035808635,6.949547807519456e-11,0.6184914695724187,6,10,sar_0.2,sar,0.2
315,A,0.294993243147623,4.36029492390671e-11,0.7050067568087742,6,10,sar_0.2,sar,0.2
315,C,0.381508530350688,6.407733340632085e-11,0.6184914695852329,6,10,sar_0.2,sar,0.2
316,A,0.2949932431429816,4.0203464109516106e-11,0.7050067568168142,6,10,sar_0.2,sar,0.2
316,C,0.38150853034386834,5.908160889065561e-11,0.6184914695970514,6,10,sar_0.2,sar,0.2
317,A,0.2949932431387024,3.7069019178811746e-11,0.7050067568242286,6,10,sar_0.2,sar,0.2
317,C,0.38150853033757953,5.447537097127187e-11,0.618491469607946,6,10,sar_0.2,sar,0.2
318,A,0.2949932431347566,3.417895055021085e-11,0.7050067568310642,6,10,sar_0.2,sar,0.2
318,C,0.3815085303317807,5.022825372225737e-11,0.618491469617991,6,10,sar_0.2,sar,0.2
319,A,0.2949932431311186,3.1514205400440894e-11,0.7050067568373675,6,10,sar_0.2,sar,0.2
319,C,0.38150853032643417,4.6312258666015615e-11,0.6184914696272533,6,10,sar_0.2,sar,0.2
320,A,0.2949932431277641,2.9057216370277126e-11,0.7050067568431794,6,10,sar_0.2,sar,0.2
320,C,0.38150853032150456,4.270157019760229e-11,0.6184914696357945,6,10,sar_0.2,sar,0.2
321,A,0.29499324312467123,2.6791785748540146e-11,0.7050067568485372,6,10,sar_0.2,sar,0.2
321,C,0.38150853031695936,3.937238539931044e-11,0.6184914696436687,6,10,sar_0.2,sar,0.2
322,A,0.2949932431218192,2.4702978685935034e-11,0.7050067568534776,6,10,sar_0.2,sar,0.2
322,C,0.38150853031276843,3.630275712358437e-11,0.6184914696509286,6,10,sar_0.2,sar,0.2
323,A,0.29499324311918995,2.2777024734688965e-11,0.7050067568580326,6,10,sar_0.2,sar,0.2
323,C,0.38150853030890425,3.347244930981017e-11,0.6184914696576227,6,10,sar_0.2,sar,0.2
324,A,0.2949932431167655,2.1001227064839905e-11,0.7050067568622331,6,10,sar_0.2,sar,0.2
324,C,0.3815085303053412,3.0862803581182746e-11,0.618491469663796,6,10,sar_0.2,sar,0.2
325,A,0.29499324311453007,1.9363878758687403e-11,0.7050067568661056,6,10,sar_0.2,sar,0.2
325,C,0.38150853030205595,2.8456616226939815e-11,0.6184914696694872,6,10,sar_0.2,sar,0.2
326,A,0.2949932431124689,1.7854185631105963e-11,0.7050067568696768,6,10,sar_0.2,sar,0.2
326,C,0.3815085302990272,2.6238024816716133e-11,0.6184914696747343,6,10,sar_0.2,sar,0.2
327,A,0.2949932431105685,1.6462195067789023e-11,0.7050067568729692,6,10,sar_0.2,sar,0.2
327,C,0.3815085302962339,2.4192403645176638e-11,0.6184914696795728,6,10,sar_0.2,sar,0.2
328,A,0.2949932431088163,1.5178730412183702e-11,0.7050067568760049,6,10,sar_0.2,sar,0.2
328,C,0.3815085302936596,2.2306267262942786e-11,0.6184914696840353,6,10,sar_0.2,sar,0.2
329,A,0.2949932431072007,1.3995330466954811e-11,0.7050067568788041,6,10,sar_0.2,sar,0.2
329,C,0.3815085302912848,2.0567181599962226e-11,0.6184914696881479,6,10,sar_0.2,sar,0.2
330,A,0.2949932431057107,1.2904193712777237e-11,0.7050067568813855,6,10,sar_0.2,sar,0.2
330,C,0.3815085302890959,1.896368199579813e-11,0.6184914696919412,6,10,sar_0.2,sar,0.2
331,A,0.2949932431043373,1.1898126876180793e-11,0.7050067568837646,6,10,sar_0.2,sar,0.2
331,C,0.3815085302870769,1.7485197620601727e-11,0.6184914696954376,6,10,sar_0.2,sar,0.2
332,A,0.29499324310307073,1.0970497507364292e-11,0.7050067568859582,6,10,sar_0.2,sar,0.2
332,C,0.38150853028521614,1.612198178852639e-11,0.6184914696986626,6,10,sar_0.2,sar,0.2
333,A,0.2949932431019028,1.0115190255332793e-11,0.7050067568879814,6,10,sar_0.2,sar,0.2
333,C,0.3815085302835001,1.4865047704183812e-11,0.6184914697016358,6,10,sar_0.2,sar,0.2
334,A,0.29499324310082664,9.3265665520894e-12,0.7050067568898476,6,10,sar_0.2,sar,0.2
334,C,0.3815085302819173,1.3706109218561855e-11,0.6184914697043764,6,10,sar_0.2,sar,0.2
335,A,0.2949932430998331,8.599427440087645e-12,0.7050067568915668,6,10,sar_0.2,sar,0.2
335,C,0.3815085302804582,1.2637526203845819e-11,0.6184914697069029,6,10,sar_0.2,sar,0.2
336,A,0.2949932430989183,7.928979297875145e-12,0.7050067568931527,6,10,sar_0.2,sar,0.2
336,C,0.38150853027911413,1.165225418703548e-11,0.6184914697092347,6,10,sar_0.2,sar,0.2
337,A,0.294993243098074,7.310802237965664e-12,0.7050067568946143,6,10,sar_0.2,sar,0.2
337,C,0.3815085302778732,1.074379791032514e-11,0.6184914697113826,6,10,sar_0.2,sar,0.2
338,A,0.29499324309729613,6.7408209685953406e-12,0.7050067568959625,6,10,sar_0.2,sar,0.2
338,C,0.3815085302767296,9.90616851210121e-12,0.6184914697133649,6,10,sar_0.2,sar,0.2
339,A,0.29499324309657854,6.215277927262512e-12,0.7050067568972059,6,10,sar_0.2,sar,0.2
339,C,0.38150853027567494,9.133844046278853e-12,0.6184914697151909,6,10,sar_0.2,sar,0.2
340,A,0.29499324309591735,5.730708508928342e-12,0.7050067568983528,6,10,sar_0.2,sar,0.2
340,C,0.381508530274703,8.421733079708226e-12,0.6184914697168753,6,10,sar_0.2,sar,0.2
341,A,0.2949932430953069,5.283918225565299e-12,0.7050067568994092,6,10,sar_0.2,sar,0.2
341,C,0.38150853027380627,7.765141127671504e-12,0.6184914697184287,6,10,sar_0.2,sar,0.2
342,A,0.2949932430947445,4.871961646473478e-12,0.7050067569003828,6,10,sar_0.2,sar,0.2
342,C,0.3815085302729799,7.159739706202043e-12,0.6184914697198601,6,10,sar_0.2,sar,0.2
343,A,0.29499324309422637,4.492122980525138e-12,0.7050067569012818,6,10,sar_0.2,sar,0.2
343,C,0.38150853027221776,6.601537797207649e-12,0.6184914697211809,6,10,sar_0.2,sar,0.2
344,A,0.2949932430937479,4.141898172322728e-12,0.7050067569021101,6,10,sar_0.2,sar,0.2
344,C,0.3815085302715151,6.086855538286473e-12,0.6184914697223977,6,10,sar_0.2,sar,0.2
345,A,0.2949932430933071,3.8189783947652855e-12,0.7050067569028744,6,10,sar_0.2,sar,0.2
345,C,0.3815085302708668,5.612299967418907e-12,0.6184914697235201,6,10,sar_0.2,sar,0.2
346,A,0.2949932430929003,3.5212348272432822e-12,0.7050067569035775,6,10,sar_0.2,sar,0.2
346,C,0.3815085302702694,5.174742648906733e-12,0.6184914697245554,6,10,sar_0.2,sar,0.2
347,A,0.294993243092526,3.2467046208601514e-12,0.7050067569042285,6,10,sar_0.2,sar,0.2
347,C,0.3815085302697185,4.771299046006933e-12,0.6184914697255094,6,10,sar_0.2,sar,0.2
348,A,0.2949932430921797,2.993577960091096e-12,0.7050067569048261,6,10,sar_0.2,sar,0.2
348,C,0.38150853026921094,4.399309517275619e-12,0.6184914697263888,6,10,sar_0.2,sar,0.2
349,A,0.29499324309186176,2.7601861308674356e-12,0.7050067569053791,6,10,sar_0.2,sar,0.2
349,C,0.3815085302687428,4.056321777529339e-12,0.6184914697272007,6,10,sar_0.2,sar,0.2
350,A,0.29499324309156777,2.5449905196324843e-12,0.7050067569058874,6,10,sar_0.2,sar,0.2
350,C,0.381508530268311,3.740074731524024e-12,0.6184914697279489,6,10,sar_0.2,sar,0.2
351,A,0.2949932430912966,2.346572470087263e-12,0.705006756906357,6,10,sar_0.2,sar,0.2
351,C,0.3815085302679129,3.4484835680246815e-12,0.6184914697286386,6,10,sar_0.2,sar,0.2
352,A,0.2949932430910469,2.1636239307556284e-12,0.70500675690679,6,10,sar_0.2,sar,0.2
352,C,0.3815085302675459,3.179626016000767e-12,0.6184914697292743,6,10,sar_0.2,sar,0.2
353,A,0.2949932430908171,1.9949388317122408e-12,0.705006756907189,6,10,sar_0.2,sar,0.2
353,C,0.3815085302672078,2.931729672343366e-12,0.6184914697298615,6,10,sar_0.2,sar,0.2
354,A,0.294993243090604,1.8394051336238997e-12,0.7050067569075567,6,10,sar_0.2,sar,0.2
354,C,0.3815085302668956,2.7031603175639898e-12,0.6184914697304017,6,10,sar_0.2,sar,0.2
355,A,0.2949932430904081,1.69599749668701e-12,0.7050067569078956,6,10,sar_0.2,sar,0.2
355,C,0.3815085302666073,2.492411142448207e-12,0.6184914697308999,6,10,sar_0.2,sar,0.2
356,A,0.2949932430902278,1.5637705211307746e-12,0.705006756908208,6,10,sar_0.2,sar,0.2
356,C,0.38150853026634257,2.2980928146422103e-12,0.6184914697313592,6,10,sar_0.2,sar,0.2
357,A,0.29499324309006153,1.4418525147238254e-12,0.705006756908496,6,10,sar_0.2,sar,0.2
357,C,0.38150853026609804,2.118924319688019e-12,0.6184914697317841,6,10,sar_0.2,sar,0.2
358,A,0.2949932430899082,1.3294397461963559e-12,0.7050067569087631,6,10,sar_0.2,sar,0.2
358,C,0.38150853026587217,1.9537245161280377e-12,0.6184914697321742,6,10,sar_0.2,sar,0.2
359,A,0.2949932430897666,1.225791146693191e-12,0.7050067569090073,6,10,sar_0.2,sar,0.2
359,C,0.3815085302656644,1.801404349007441e-12,0.6184914697325348,6,10,sar_0.2,sar,0.2
360,A,0.2949932430896359,1.130223424327049e-12,0.7050067569092332,6,10,sar_0.2,sar,0.2
360,C,0.3815085302654725,1.6609596704429009e-12,0.618491469732866,6,10,sar_0.2,sar,0.2
361,A,0.29499324308951597,1.0421065596245317e-12,0.7050067569094425,6,10,sar_0.2,sar,0.2
361,C,0.38150853026529546,1.5314646199284762e-12,0.6184914697331727,6,10,sar_0.2,sar,0.2
362,A,0.2949932430894047,9.60859652168535e-13,0.7050067569096343,6,10,sar_0.2,sar,0.2
362,C,0.38150853026513226,1.412065520739231e-12,0.6184914697334553,6,10,sar_0.2,sar,0.2
363,A,0.2949932430893025,8.859470910560327e-13,0.7050067569098112,6,10,sar_0.2,sar,0.2
363,C,0.3815085302649823,1.3019752521956095e-12,0.618491469733715,6,10,sar_0.2,sar,0.2
364,A,0.29499324308920816,8.168750239249399e-13,0.7050067569099752,6,10,sar_0.2,sar,0.2
364,C,0.3815085302648441,1.2004680606885154e-12,0.6184914697339559,6,10,sar_0.2,sar,0.2
365,A,0.2949932430891211,7.531881011282827e-13,0.705006756910125,6,10,sar_0.2,sar,0.2
365,C,0.38150853026471643,1.106874774715415e-12,0.6184914697341779,6,10,sar_0.2,sar,0.2
