t,subpop,S_indiv,I_indiv,R_indiv,REGION6,parset,parset_name,sens_type,sens_value
0,A,0.9990000000000001,9.999999999999998e-4,0,1,19,vax_A_0.2,vax_A,0.2
0,C,0.9990000000000002,0.0010000000000000002,0,1,19,vax_A_0.2,vax_A,0.2
1,A,0.9984343656173924,0.0013333192016743423,2.3231518093175363e-4,1,19,vax_A_0.2,vax_A,0.2
1,C,0.9986870334563399,0.0011028066837210854,2.1015985993917317e-4,1,19,vax_A_0.2,vax_A,0.2
2,A,0.9977360946695507,0.001726505843458358,5.373994869911326e-4,1,19,vax_A_0.2,vax_A,0.2
2,C,0.9983452424641589,0.0012131232644258584,4.4163427141355964e-4,1,19,vax_A_0.2,vax_A,0.2
3,A,0.996896064005841,0.0021770845617652937,9.268514323920868e-4,1,19,vax_A_0.2,vax_A,0.2
3,C,0.9979728446325291,0.0013312117138026087,6.959436536684749e-4,1,19,vax_A_0.2,vax_A,0.2
4,A,0.9958975744695471,0.0026898291184379547,0.0014125964120149587,1,19,vax_A_0.2,vax_A,0.2
4,C,0.9975676192374341,0.0014576729748564132,9.747077877099774e-4,1,19,vax_A_0.2,vax_A,0.2
5,A,0.9947169356599721,0.0032749934479627493,0.002008070892064585,1,19,vax_A_0.2,vax_A,0.2
5,C,0.9971269484830361,0.0015933641055566167,0.0012796874114068286,1,19,vax_A_0.2,vax_A,0.2
6,A,0.9933261227532318,0.003945380718589237,0.002728496528177873,1,19,vax_A_0.2,vax_A,0.2
6,C,0.9966479569847785,0.0017392784833792747,0.0016127645318436453,1,19,vax_A_0.2,vax_A,0.2
7,A,0.9916892238930693,0.004716913187575239,0.003593862919356569,1,19,vax_A_0.2,vax_A,0.2
7,C,0.9961271042211696,0.0018966373043392225,0.001976258474491788,1,19,vax_A_0.2,vax_A,0.2
8,A,0.989772341311712,0.005603996078565244,0.0046236626097218994,1,19,vax_A_0.2,vax_A,0.2
8,C,0.9955611289582469,0.002066542403568709,0.002372328638184112,1,19,vax_A_0.2,vax_A,0.2
9,A,0.9875310572564001,0.006624746070509342,0.00584419667309122,1,19,vax_A_0.2,vax_A,0.2
9,C,0.9949458490385014,0.0022503707441950903,0.0028037802173028746,1,19,vax_A_0.2,vax_A,0.2
10,A,0.9849189884074037,0.0077971350292645415,0.007283876563331553,1,19,vax_A_0.2,vax_A,0.2
10,C,0.9942770139777461,0.0024494704485661174,0.0032735155736871918,1,19,vax_A_0.2,vax_A,0.2
11,A,0.9818855539889815,0.0091400863550686,0.008974359655950196,1,19,vax_A_0.2,vax_A,0.2
11,C,0.9935500874454644,0.0026652420606153695,0.003784670493919822,1,19,vax_A_0.2,vax_A,0.2
12,A,0.9783728004984099,0.010674568983363733,0.010952630518226753,1,19,vax_A_0.2,vax_A,0.2
12,C,0.9927599567395107,0.0028992294836962073,0.004340813776791451,1,19,vax_A_0.2,vax_A,0.2
13,A,0.9743194245079745,0.01242184741996587,0.01325872807205885,1,19,vax_A_0.2,vax_A,0.2
13,C,0.9919012852584703,0.0031530073677657386,0.004945707373763978,1,19,vax_A_0.2,vax_A,0.2
14,A,0.9696586821696567,0.01440409456489643,0.01593722326544684,1,19,vax_A_0.2,vax_A,0.2
14,C,0.9909682853687412,0.003428253135268198,0.005603461495990345,1,19,vax_A_0.2,vax_A,0.2
15,A,0.9643182838478981,0.016643898614413778,0.019037817537687587,1,19,vax_A_0.2,vax_A,0.2
15,C,0.9899546572990126,0.003726758476582506,0.006318584224405072,1,19,vax_A_0.2,vax_A,0.2
16,A,0.9582237956389191,0.01916282492525336,0.0226133794358282,1,19,vax_A_0.2,vax_A,0.2
16,C,0.9888537893871303,0.004050373018858376,0.007095837594010801,1,19,vax_A_0.2,vax_A,0.2
17,A,0.9512954542245037,0.02198185116649315,0.02672269460900354,1,19,vax_A_0.2,vax_A,0.2
17,C,0.9876583726654264,0.004401108449621567,0.007940518884952365,1,19,vax_A_0.2,vax_A,0.2
18,A,0.9434533865023615,0.02511910153405191,0.03142751196358633,1,19,vax_A_0.2,vax_A,0.2
18,C,0.9863607059676958,0.004781046071405716,0.008858247960899566,1,19,vax_A_0.2,vax_A,0.2
19,A,0.9346183099011334,0.02858896545146965,0.036792724647397294,1,19,vax_A_0.2,vax_A,0.2
19,C,0.9849525884938412,0.005192359925366067,0.009855051580792983,1,19,vax_A_0.2,vax_A,0.2
20,A,0.9247138356688969,0.03240011718962815,0.042886047141474835,1,19,vax_A_0.2,vax_A,0.2
20,C,0.983425213788948,0.005637331743561429,0.01093745446748966,1,19,vax_A_0.2,vax_A,0.2
21,A,0.9136709089376688,0.03655362263121654,0.04977546843111522,1,19,vax_A_0.2,vax_A,0.2
21,C,0.9817693191434839,0.006118300619900901,0.012112380236615174,1,19,vax_A_0.2,vax_A,0.2
22,A,0.901429410379005,0.04104133958764069,0.05752925003335437,1,19,vax_A_0.2,vax_A,0.2
22,C,0.9799749787237312,0.006637702286111354,0.013387318990157781,1,19,vax_A_0.2,vax_A,0.2
23,A,0.8879429101578301,0.045844353877448625,0.06621273596472045,1,19,vax_A_0.2,vax_A,0.2
23,C,0.9780317996609204,0.007198005232082734,0.014770195106996802,1,19,vax_A_0.2,vax_A,0.2
24,A,0.8731840688363239,0.05093000379564153,0.0758859273680355,1,19,vax_A_0.2,vax_A,0.2
24,C,0.9759288632809252,0.00780169472062619,0.01626944199844872,1,19,vax_A_0.2,vax_A,0.2
25,A,0.8571484783376587,0.05625050267289111,0.08660101898945136,1,19,vax_A_0.2,vax_A,0.2
25,C,0.9736546749642304,0.008451261206732818,0.017894063829035092,1,19,vax_A_0.2,vax_A,0.2
26,A,0.8398573039384886,0.061745237980552224,0.09839745808096019,1,19,vax_A_0.2,vax_A,0.2
26,C,0.9711977689220885,0.009149045772023853,0.019653185305888256,1,19,vax_A_0.2,vax_A,0.2
27,A,0.8213605152379153,0.06733537473873599,0.11130411002334784,1,19,vax_A_0.2,vax_A,0.2
27,C,0.9685455640700351,0.009897452779595077,0.021556983150369392,1,19,vax_A_0.2,vax_A,0.2
28,A,0.801738758177291,0.07293045774380814,0.1253307840789017,1,19,vax_A_0.2,vax_A,0.2
28,C,0.9656856498797144,0.01069864118198815,0.023615708938297914,1,19,vax_A_0.2,vax_A,0.2
29,A,0.7811026423456875,0.07842818663444459,0.14046917101986767,1,19,vax_A_0.2,vax_A,0.2
29,C,0.9626052926641926,0.01155459900982234,0.025840108325984885,1,19,vax_A_0.2,vax_A,0.2
30,A,0.7595943128214189,0.08371772821135556,0.1566879589672254,1,19,vax_A_0.2,vax_A,0.2
30,C,0.9592915929834567,0.012467043666992805,0.02824136334955168,1,19,vax_A_0.2,vax_A,0.2
31,A,0.7373771647947452,0.08868824551597687,0.1739345896892773,1,19,vax_A_0.2,vax_A,0.2
31,C,0.9557319436991788,0.01343733096145826,0.03083072533936194,1,19,vax_A_0.2,vax_A,0.2
32,A,0.7146397034659464,0.09322700010150024,0.19213329643255422,1,19,vax_A_0.2,vax_A,0.2
32,C,0.95191337469298,0.014466498131277494,0.033620127175743975,1,19,vax_A_0.2,vax_A,0.2
33,A,0.6915788276374027,0.09723227874801765,0.21118889361457896,1,19,vax_A_0.2,vax_A,0.2
33,C,0.9478236149787005,0.015555090821383852,0.03662129419991634,1,19,vax_A_0.2,vax_A,0.2
34,A,0.6684001858740729,0.10061582348677828,0.23098399063915,1,19,vax_A_0.2,vax_A,0.2
34,C,0.9434507271846031,0.016703084441893674,0.03984618837350229,1,19,vax_A_0.2,vax_A,0.2
35,A,0.6453018420486613,0.10330930801714691,0.2513888499341919,1,19,vax_A_0.2,vax_A,0.2
35,C,0.938783673524188,0.017909868835246215,0.04330645764056461,1,19,vax_A_0.2,vax_A,0.2
36,A,0.6224770862161316,0.10526394422433229,0.2722589695595352,1,19,vax_A_0.2,vax_A,0.2
36,C,0.9338119783503452,0.01917415249177472,0.04701386915787991,1,19,vax_A_0.2,vax_A,0.2
37,A,0.6001013111155015,0.10645503685064442,0.29344365203385414,1,19,vax_A_0.2,vax_A,0.2
37,C,0.9285263325648447,0.020493911510278816,0.05097975592487611,1,19,vax_A_0.2,vax_A,0.2
38,A,0.5783276329755329,0.1068822766475607,0.314790090376907,1,19,vax_A_0.2,vax_A,0.2
38,C,0.9229187782454539,0.02186631202772149,0.05521490972682354,1,19,vax_A_0.2,vax_A,0.2
39,A,0.5572857946820001,0.10656734533545595,0.3361468599825452,1,19,vax_A_0.2,vax_A,0.2
39,C,0.9169827838176712,0.023287671489226978,0.05972954469310049,1,19,vax_A_0.2,vax_A,0.2
40,A,0.5370761916239452,0.10555301736916603,0.3573707910068891,1,19,vax_A_0.2,vax_A,0.2
40,C,0.910713729744038,0.024753367001025234,0.0645329032549379,1,19,vax_A_0.2,vax_A,0.2
41,A,0.517775790440378,0.10389762785587729,0.3783265817037447,1,19,vax_A_0.2,vax_A,0.2
41,C,0.9041087871586473,0.026257827594058116,0.06963338524729505,1,19,vax_A_0.2,vax_A,0.2
42,A,0.4994357633044346,0.1016719691618813,0.39889226753368484,1,19,vax_A_0.2,vax_A,0.2
42,C,0.8971673465842388,0.027794504948030336,0.07503814846773064,1,19,vax_A_0.2,vax_A,0.2
43,A,0.4820827957813832,0.09895439430988548,0.4189628099087318,1,19,vax_A_0.2,vax_A,0.2
43,C,0.8898912761226464,0.029355909120671996,0.08075281475668054,1,19,vax_A_0.2,vax_A,0.2
44,A,0.46572442227888633,0.09582739365673108,0.43844818406438224,1,19,vax_A_0.2,vax_A,0.2
44,C,0.88228496257078,0.03093355764239493,0.08678147978682521,1,19,vax_A_0.2,vax_A,0.2
45,A,0.45035184460114586,0.09237430627255314,0.45727384912630126,1,19,vax_A_0.2,vax_A,0.2
45,C,0.8743554629914092,0.03251801452251337,0.09312652248607715,1,19,vax_A_0.2,vax_A,0.2
46,A,0.43594201181291753,0.08867528530644499,0.4753827028806378,1,19,vax_A_0.2,vax_A,0.2
46,C,0.8661125907501264,0.03409908550036983,0.09978832374950376,1,19,vax_A_0.2,vax_A,0.2
47,A,0.42246114668285867,0.08480581457318205,0.4927330387439595,1,19,vax_A_0.2,vax_A,0.2
47,C,0.85756910501918715,0.035665757032987154,0.10676513794782522,1,19,vax_A_0.2,vax_A,0.2
48,A,0.4098677335387279,0.08083392321917054,0.509298343242102,1,19,vax_A_0.2,vax_A,0.2
48,C,0.8487407193060164,0.03720641195442691,0.11405286873955676,1,19,vax_A_0.2,vax_A,0.2
49,A,0.3981152612159232,0.0768202657629199,0.525064473021157,1,19,vax_A_0.2,vax_A,0.2
49,C,0.8396459680320058,0.038708949269324194,0.12164508269867072,1,19,vax_A_0.2,vax_A,0.2
50,A,0.3871538060999267,0.07281819849298302,0.5400279954070897,1,19,vax_A_0.2,vax_A,0.2
50,C,0.8303061832156703,0.04016087494854847,0.1295329418357807,1,19,vax_A_0.2,vax_A,0.2
51,A,0.3769323517292372,0.06887187610453042,0.5541957721662328,1,19,vax_A_0.2,vax_A,0.2
51,C,0.8207451379829985,0.041549720954655235,0.13770514106234563,1,19,vax_A_0.2,vax_A,0.2
52,A,0.3673995779704143,0.06501734032271655,0.5675830817068694,1,19,vax_A_0.2,vax_A,0.2
52,C,0.8109893166885305,0.042863038025824605,0.14614764528564567,1,19,vax_A_0.2,vax_A,0.2
53,A,0.35850704229218144,0.06128220612713411,0.580210751580685,1,19,vax_A_0.2,vax_A,0.2
53,C,0.8010662949903263,0.044089166620771156,0.15484453838890241,1,19,vax_A_0.2,vax_A,0.2
54,A,0.35020507654564603,0.05768939216838312,0.5921055312859703,1,19,vax_A_0.2,vax_A,0.2
54,C,0.7910069775207341,0.045216286498285845,0.16377673598098014,1,19,vax_A_0.2,vax_A,0.2
55,A,0.34244870444462394,0.05425409360426228,0.6032972019511132,1,19,vax_A_0.2,vax_A,0.2
55,C,0.7808424607832202,0.04623395702451413,0.17292358219226509,1,19,vax_A_0.2,vax_A,0.2
56,A,0.33519552018130294,0.05098585447014886,0.6138186253485478,1,19,vax_A_0.2,vax_A,0.2
56,C,0.7706052068639931,0.04713279571719862,0.1822619974188085,1,19,vax_A_0.2,vax_A,0.2
57,A,0.3284056099442739,0.04789071905111405,0.6237036710046118,1,19,vax_A_0.2,vax_A,0.2
57,C,0.7603280180774078,0.04790447702937703,0.19176750489321598,1,19,vax_A_0.2,vax_A,0.2
58,A,0.32204213576138907,0.04497079149287072,0.632987072745741,1,19,vax_A_0.2,vax_A,0.2
58,C,0.7500438359814087,0.04854209253601741,0.20141407148257465,1,19,vax_A_0.2,vax_A,0.2
59,A,0.3160713686862782,0.042224870767407996,0.6417037605463137,1,19,vax_A_0.2,vax_A,0.2
59,C,0.7397853190624166,0.04904030761107181,0.21117437332651118,1,19,vax_A_0.2,vax_A,0.2
60,A,0.3104621116138481,0.03964960509557352,0.6498882832905778,1,19,vax_A_0.2,vax_A,0.2
60,C,0.7295845095772568,0.04939519334708679,0.22102029707565676,1,19,vax_A_0.2,vax_A,0.2
61,A,0.3051864810155062,0.03723918700325647,0.657574331981238,1,19,vax_A_0.2,vax_A,0.2
61,C,0.7194723264852221,0.04960476536624003,0.23092290814853833,1,19,vax_A_0.2,vax_A,0.2
62,A,0.30021971996861646,0.03498603936811454,0.6647942406632699,1,19,vax_A_0.2,vax_A,0.2
62,C,0.7094781055381275,0.049669008738723756,0.240852885723148,1,19,vax_A_0.2,vax_A,0.2
63,A,0.29553931877945244,0.03288203447859378,0.6715786467419533,1,19,vax_A_0.2,vax_A,0.2
63,C,0.6996292888730848,0.04958950593229932,0.2507812051946166,1,19,vax_A_0.2,vax_A,0.2
64,A,0.2911247382961657,0.030918781278247747,0.677956480425587,1,19,vax_A_0.2,vax_A,0.2
64,C,0.6899512463814154,0.04936931669051414,0.26067943692806894,1,19,vax_A_0.2,vax_A,0.2
65,A,0.2869573953184838,0.02908760912290577,0.6839549955586105,1,19,vax_A_0.2,vax_A,0.2
65,C,0.6804671171859608,0.04901295782114356,0.27051992499289523,1,19,vax_A_0.2,vax_A,0.2
66,A,0.28302058299383437,0.027379681408526542,0.6895997355976389,1,19,vax_A_0.2,vax_A,0.2
66,C,0.6711976574307124,0.048526324589936054,0.28027601797935187,1,19,vax_A_0.2,vax_A,0.2
67,A,0.27929928155672423,0.025786228817020324,0.6949144896262552,1,19,vax_A_0.2,vax_A,0.2
67,C,0.6621611249839273,0.047916532433409056,0.28992234258266375,1,19,vax_A_0.2,vax_A,0.2
68,A,0.27577993604196077,0.02429875992041407,0.699921304037626,1,19,vax_A_0.2,vax_A,0.2
68,C,0.653373227439105,0.04719171872576786,0.29943505383512764,1,19,vax_A_0.2,vax_A,0.2
69,A,0.27245026052816057,0.022909185978327702,0.7046405534935123,1,19,vax_A_0.2,vax_A,0.2
69,C,0.6448471329169533,0.04636083868861002,0.30879202839443787,1,19,vax_A_0.2,vax_A,0.2
70,A,0.26929908000168373,0.021609880687681823,0.7090910393106342,1,19,vax_A_0.2,vax_A,0.2
70,C,0.6365935279689918,0.045433467636544704,0.3179730043944622,1,19,vax_A_0.2,vax_A,0.2
71,A,0.266316197078078,0.02039371189063651,0.713290091031286,1,19,vax_A_0.2,vax_A,0.2
71,C,0.6286207086841294,0.044419610326400676,0.3269596809894712,1,19,vax_A_0.2,vax_A,0.2
72,A,0.2634922719907899,0.019254061878931885,0.7172536661302785,1,19,vax_A_0.2,vax_A,0.2
72,C,0.6209346980787378,0.04332951773345415,0.33573578418780897,1,19,vax_A_0.2,vax_A,0.2
73,A,0.26081871281657076,0.018184836171407228,0.7209964510120225,1,19,vax_A_0.2,vax_A,0.2
73,C,0.6135393861540545,0.042173514312380235,0.34428709953356423,1,19,vax_A_0.2,vax_A,0.2
74,A,0.25828757764529525,0.01718045818093203,0.7245319641737736,1,19,vax_A_0.2,vax_A,0.2
74,C,0.6064366883152619,0.04096183993970503,0.35260147174503326,1,19,vax_A_0.2,vax_A,0.2
75,A,0.2558914982065158,0.016235852937678562,0.7278726488558065,1,19,vax_A_0.2,vax_A,0.2
75,C,0.5996266999312607,0.03970452331761233,0.36066877675112713,1,19,vax_A_0.2,vax_A,0.2
76,A,0.25362359369476223,0.015346419840033527,0.7310299864652041,1,19,vax_A_0.2,vax_A,0.2
76,C,0.5931078931050906,0.03841124132056673,0.36848086557434195,1,19,vax_A_0.2,vax_A,0.2
77,A,0.2514774038893834,0.014507997572586397,0.7340145985380307,1,19,vax_A_0.2,vax_A,0.2
77,C,0.5868773189902073,0.03709120314944458,0.3760314778603484,1,19,vax_A_0.2,vax_A,0.2
78,A,0.2494468535371348,0.013716829499710467,0.7368363169631542,1,19,vax_A_0.2,vax_A,0.2
78,C,0.5809307716606585,0.035753090581271345,0.38331613775807044,1,19,vax_A_0.2,vax_A,0.2
79,A,0.24752621737146815,0.012969533487367214,0.7395042491411649,1,19,vax_A_0.2,vax_A,0.2
79,C,0.5752629326823434,0.0344050181664364,0.3903320491512211,1,19,vax_A_0.2,vax_A,0.2
80,A,0.24571007776275153,0.012263068354201594,0.7420268538830468,1,19,vax_A_0.2,vax_A,0.2
80,C,0.569867537573159,0.033054482982271316,0.3970779794445698,1,19,vax_A_0.2,vax_A,0.2
81,A,0.24399328607921406,0.01159469828672449,0.7444120156340617,1,19,vax_A_0.2,vax_A,0.2
81,C,0.564737545009283,0.031708323132503574,0.40355413185821387,1,19,vax_A_0.2,vax_A,0.2
82,A,0.2423709375878186,0.010961958300079311,0.746667104112102,1,19,vax_A_0.2,vax_A,0.2
82,C,0.5598652870046721,0.030372702842645687,0.4097620101526818,1,19,vax_A_0.2,vax_A,0.2
83,A,0.24083835549776422,0.010362623213518078,0.748799021288718,1,19,vax_A_0.2,vax_A,0.2
83,C,0.5552425972164026,0.029053119713715048,0.4157042830698823,1,19,vax_A_0.2,vax_A,0.2
84,A,0.23939107624011088,0.009794680045922075,0.7508142437139671,1,19,vax_A_0.2,vax_A,0.2
84,C,0.5508609264941622,0.027754420751843884,0.42138465275399417,1,19,vax_A_0.2,vax_A,0.2
85,A,0.23802483417189663,0.009256302647067035,0.7527188631810362,1,19,vax_A_0.2,vax_A,0.2
85,C,0.5467114509429426,0.026480821617972876,0.426807727439084,1,19,vax_A_0.2,vax_A,0.2
86,A,0.23673554838578947,0.008745828148197531,0.7545186234660131,1,19,vax_A_0.2,vax_A,0.2
86,C,0.542785170547032,0.02523593150809302,0.4319788979448752,1,19,vax_A_0.2,vax_A,0.2
87,A,0.23551931310031313,0.008261735733418148,0.7562189511662686,1,19,vax_A_0.2,vax_A,0.2
87,C,0.539072995217101,0.024022785645169627,0.43690421913772937,1,19,vax_A_0.2,vax_A,0.2
88,A,0.234372390368146,0.007802628163509536,0.7578249814683446,1,19,vax_A_0.2,vax_A,0.2
88,C,0.5355658182499395,0.022843883314067177,0.4415902984359933,1,19,vax_A_0.2,vax_A,0.2
89,A,0.23329120340592197,0.0073672158629097,0.7593415807311698,1,19,vax_A_0.2,vax_A,0.2
89,C,0.5322545793475597,0.021701228025593152,0.4460441926268466,1,19,vax_A_0.2,vax_A,0.2
90,A,0.23227233014688933,0.006954303084252776,0.760773366768857,1,19,vax_A_0.2,vax_A,0.2
90,C,0.5291303189261937,0.020596368046350573,0.4502733130274551,1,19,vax_A_0.2,vax_A,0.2
91,A,0.23131249744621965,0.006562775844096024,0.7621247267096843,1,19,vax_A_0.2,vax_A,0.2
91,C,0.5261842242572452,0.01953043710984833,0.4542853386329072,1,19,vax_A_0.2,vax_A,0.2
92,A,0.2304085761072818,0.0061915915500085645,0.7633998323427091,1,19,vax_A_0.2,vax_A,0.2
92,C,0.5234076676469154,0.018504195157145957,0.4580881371959398,1,19,vax_A_0.2,vax_A,0.2
93,A,0.2295575764056751,0.005839770241348354,0.764602653352977,1,19,vax_A_0.2,vax_A,0.2
93,C,0.5207922372841384,0.017518068345326224,0.46168969437053603,1,19,vax_A_0.2,vax_A,0.2
94,A,0.2287566437459347,0.005506387252888027,0.7657369690011776,1,19,vax_A_0.2,vax_A,0.2
94,C,0.5183297617376941,0.016572187439682695,0.46509805082262173,1,19,vax_A_0.2,vax_A,0.2
95,A,0.2280030543529391,0.005190567064733081,0.7668063785823278,1,19,vax_A_0.2,vax_A,0.2
95,C,0.5160123290130532,0.015666424104271055,0.4683212468826768,1,19,vax_A_0.2,vax_A,0.2
96,A,0.22729421106907818,0.004891478146193573,0.7678143107847287,1,19,vax_A_0.2,vax_A,0.2
96,C,0.513832300805443,0.014800424990816729,0.4713672742037417,1,19,vax_A_0.2,vax_A,0.2
97,A,0.22662763928746976,0.004608328657864187,0.7687640320546657,1,19,vax_A_0.2,vax_A,0.2
97,C,0.5117823225542155,0.01397364349441283,0.4742440339513718,1,19,vax_A_0.2,vax_A,0.2
98,A,0.2260009829586633,0.004340362899790502,0.7696586541415456,1,19,vax_A_0.2,vax_A,0.2
98,C,0.5098553297802908,0.013185369117622775,0.4769593011020849,1,19,vax_A_0.2,vax_A,0.2
99,A,0.22541200059884015,0.004086858393353499,0.7705011410078061,1,19,vax_A_0.2,vax_A,0.2
99,C,0.5080445511846708,0.012434754416558084,0.47952069439877265,1,19,vax_A_0.2,vax_A,0.2
100,A,0.22485856128564777,0.0038471234826961682,0.7712943152316558,1,19,vax_A_0.2,vax_A,0.2
100,C,0.5063435091264815,0.011720839416645906,0.48193565145687345,1,19,vax_A_0.2,vax_A,0.2
101,A,0.22433864066939857,0.0036204953524253945,0.7720408639781753,1,19,vax_A_0.2,vax_A,0.2
101,C,0.5047460178888898,0.011042573605924148,0.4842114085051859,1,19,vax_A_0.2,vax_A,0.2
102,A,0.2238503170198788,0.0034063383806669924,0.7727433445994536,1,19,vax_A_0.2,vax_A,0.2
102,C,0.5032461800772666,0.01039883564030969,0.4863549842824244,1,19,vax_A_0.2,vax_A,0.2
103,A,0.2233917673056575,0.0032040427670951424,0.7734041899272482,1,19,vax_A_0.2,vax_A,0.2
103,C,0.5018383814606515,0.009788450886091827,0.48837316765325595,1,19,vax_A_0.2,vax_A,0.2
104,A,0.22296126329961957,0.0030130233842915817,0.7740257133160892,1,19,vax_A_0.2,vax_A,0.2
104,C,0.5005172845566523,0.009210206912294088,0.49027250853105453,1,19,vax_A_0.2,vax_A,0.2
105,A,0.22255716771896467,0.002832718802294928,0.7746101134787409,1,19,vax_A_0.2,vax_A,0.2
105,C,0.49927782122919884,0.008662867061626249,0.4920593117091758,1,19,vax_A_0.2,vax_A,0.2
106,A,0.22217793041698472,0.0026625904419398804,0.7751594791410747,1,19,vax_A_0.2,vax_A,0.2
106,C,0.4981151845235718,0.008145182250353206,0.4937396332260759,1,19,vax_A_0.2,vax_A,0.2
107,A,0.22182208463937955,0.0025021218244084026,0.7756757935362113,1,19,vax_A_0.2,vax_A,0.2
107,C,0.49702481992465153,0.007655901151992593,0.49531927892335526,1,19,vax_A_0.2,vax_A,0.2
108,A,0.2214882433506513,0.0023508178943051315,0.7761609387550431,1,19,vax_A_0.2,vax_A,0.2
108,C,0.49600241619909946,0.007193778910700384,0.49680380489020054,1,19,vax_A_0.2,vax_A,0.2
109,A,0.22117509563563698,0.0022082043970843303,0.7766166999672794,1,19,vax_A_0.2,vax_A,0.2
109,C,0.4950438959628046,0.006757584521091464,0.49819851951610267,1,19,vax_A_0.2,vax_A,0.2
110,A,0.22088140318439473,0.0020738272930255603,0.7770447695225805,1,19,vax_A_0.2,vax_A,0.2
110,C,0.49414540609493646,0.00634610700669425,0.49950848689837196,1,19,vax_A_0.2,vax_A,0.2
111,A,0.2206059968689121,0.0019472521938455921,0.7774467509372427,1,19,vax_A_0.2,vax_A,0.2
111,C,0.49330330809926926,0.00595816052495754,0.500738531375774,1,19,vax_A_0.2,vax_A,0.2
112,A,0.2203477734172989,0.0018280638132165217,0.7778241627694836,1,19,vax_A_0.2,vax_A,0.2
112,C,0.49251416849553187,0.005592588519163269,0.5018932429853044,1,19,vax_A_0.2,vax_A,0.2
113,A,0.22010569218894746,0.0017158654255769697,0.7781784423854754,1,19,vax_A_0.2,vax_A,0.2
113,C,0.49177474930906623,0.00524826702785093,0.5029769836630824,1,19,vax_A_0.2,vax_A,0.2
114,A,0.21987877205388112,0.0016102783285813597,0.7785109496175373,1,19,vax_A_0.2,vax_A,0.2
114,C,0.4910819987153449,0.004924107252981011,0.5039938940316739,1,19,vax_A_0.2,vax_A,0.2
115,A,0.21966608837942614,0.0015109413055394434,0.7788229703150339,1,19,vax_A_0.2,vax_A,0.2
115,C,0.4904330418852007,0.004619057479810933,0.5049479006349887,1,19,vax_A_0.2,vax_A,0.2
116,A,0.21946677012622862,0.0014175100860866925,0.7791157197876848,1,19,vax_A_0.2,vax_A,0.2
116,C,0.4898251720660654,0.004332104434407409,0.5058427234995286,1,19,vax_A_0.2,vax_A,0.2
117,A,0.21927999705479642,0.0013296568044773303,0.7793903461407263,1,19,vax_A_0.2,vax_A,0.2
117,C,0.4892558419301346,0.004062274152903538,0.5066818839169626,1,19,vax_A_0.2,vax_A,0.2
118,A,0.21910499704249842,0.0012470694560271364,0.7796479335014744,1,19,vax_A_0.2,vax_A,0.2
118,C,0.48872265520792957,0.0038086324342555436,0.5074687123578133,1,19,vax_A_0.2,vax_A,0.2
119,A,0.2189410435104787,0.0011694513524838357,0.7798895051370383,1,19,vax_A_0.2,vax_A,0.2
119,C,0.4882233586194143,0.003570284941094781,0.508206356439491,1,19,vax_A_0.2,vax_A,0.2
120,A,0.21878745296015445,0.0010965205767829945,0.7801160264630628,1,19,vax_A_0.2,vax_A,0.2
120,C,0.4877558341174127,0.0033463769990850784,0.5088977888835016,1,19,vax_A_0.2,vax_A,0.2
121,A,0.21864358261782704,0.0010280094386407837,0.7803284079435323,1,19,vax_A_0.2,vax_A,0.2
121,C,0.48731809144844856,0.003136093144793272,0.5095458154067564,1,19,vax_A_0.2,vax_A,0.2
122,A,0.21850882818551645,9.636639326029252e-4,0.7805275078818811,1,19,vax_A_0.2,vax_A,0.2
122,C,0.4869082610326073,0.0029386564663788544,0.5101530825010147,1,19,vax_A_0.2,vax_A,0.2
123,A,0.2183826216958148,9.032432001093355e-4,0.7807141351040756,1,19,vax_A_0.2,vax_A,0.2
123,C,0.4865245871612769,0.0027533277758103863,0.5107220850629132,1,19,vax_A_0.2,vax_A,0.2
124,A,0.21826442946834992,8.465189970231439e-4,0.7808890515346265,1,19,vax_A_0.2,vax_A,0.2
124,C,0.4861654215099588,0.0025794046456602765,0.5112551738443819,1,19,vax_A_0.2,vax_A,0.2
125,A,0.21815375016515196,7.932751680590006e-4,0.7810529746667892,1,19,vax_A_0.2,vax_A,0.2
125,C,0.4858292169615147,0.0024162203391532773,0.511754562699332,1,19,vax_A_0.2,vax_A,0.2
126,A,0.21805011294202148,7.433071295166898e-4,0.7812065799284625,1,19,vax_A_0.2,vax_A,0.2
126,C,0.4855145217334149,0.002263142658720677,0.5122223356078639,1,19,vax_A_0.2,vax_A,0.2
127,A,0.21795307569281477,6.964213616122252e-4,0.7813505029455728,1,19,vax_A_0.2,vax_A,0.2
127,C,0.48521997380103976,0.002119572735085511,0.512660453463873,1,19,vax_A_0.2,vax_A,0.2
128,A,0.21786222338347594,6.52434911548933e-4,0.7814853417049753,1,19,vax_A_0.2,vax_A,0.2
128,C,0.4849442956082196,0.001984943775693341,0.5130707606160867,1,19,vax_A_0.2,vax_A,0.2
129,A,0.2177771664725472,6.111749083329971e-4,0.7816116586191193,1,19,vax_A_0.2,vax_A,0.2
129,C,0.4846862890555527,0.0018587197883884628,0.5134549911560601,1,19,vax_A_0.2,vax_A,0.2
130,A,0.21769753941485173,5.724780902051353e-4,0.7817299824949425,1,19,vax_A_0.2,vax_A,0.2
130,C,0.48444483075661027,0.0017403942937973147,0.5138147749495936,1,19,vax_A_0.2,vax_A,0.2
131,A,0.21762299924501244,5.361903454204084e-4,0.7818408104095679,1,19,vax_A_0.2,vax_A,0.2
131,C,0.4842188675517045,0.0016294890378203575,0.5141516434104748,1,19,vax_A_0.2,vax_A,0.2
132,A,0.21755322423749254,5.021662669705587e-4,0.7819446094955359,1,19,vax_A_0.2,vax_A,0.2
132,C,0.48400741226867994,0.0015255527137875101,0.5144670350175329,1,19,vax_A_0.2,vax_A,0.2
133,A,0.2174879126398475,4.7026872171605766e-4,0.7820418186384368,1,19,vax_A_0.2,vax_A,0.2
133,C,0.4838095397201081,0.0014281597021527934,0.5147623005777395,1,19,vax_A_0.2,vax_A,0.2
134,A,0.21742678147591968,4.403684342746907e-4,0.7821328500898054,1,19,vax_A_0.2,vax_A,0.2
134,C,0.48362438292631005,0.0013369088341296485,0.5150387082395602,1,19,vax_A_0.2,vax_A,0.2
135,A,0.2173695654157753,4.1234358589861973e-4,0.7822180909983256,1,19,vax_A_0.2,vax_A,0.2
135,C,0.48345112955372077,0.0012514221844142218,0.5152974482618641,1,19,vax_A_0.2,vax_A,0.2
136,A,0.2173160157092538,3.860794284516371e-4,0.7822979048622944,1,19,vax_A_0.2,vax_A,0.2
136,C,0.4832890185583673,0.0011713438970071387,0.5155396375446265,1,19,vax_A_0.2,vax_A,0.2
137,A,0.21726589918001474,3.6146791357428477e-4,0.7823726329064112,1,19,vax_A_0.2,vax_A,0.2
137,C,0.4831373370240916,0.0010963390475091873,0.5157663239283997,1,19,vax_A_0.2,vax_A,0.2
138,A,0.2172189972771394,3.3840733695262454e-4,0.7824425953859072,1,19,vax_A_0.2,vax_A,0.2
138,C,0.4829954171858717,0.0010260925440600008,0.5159784902700689,1,19,vax_A_0.2,vax_A,0.2
139,A,0.2171751051814504,3.1680199751733817e-4,0.7825080928210322,1,19,vax_A_0.2,vax_A,0.2
139,C,0.48286263362888093,9.603080683385649e-4,0.5161770583027813,1,19,vax_A_0.2,vax_A,0.2
140,A,0.21713403096368636,2.9656187146090467e-4,0.782569407164853,1,19,vax_A_0.2,vax_A,0.2
140,C,0.48273840065376833,8.987070580198545e-4,0.5163628922882127,1,19,vax_A_0.2,vax_A,0.2
141,A,0.21709559479185037,2.776023008192302e-4,0.7826268029073312,1,19,vax_A_0.2,vax_A,0.2
141,C,0.4826221697992768,8.410277312097424e-4,0.516536802469514,1,19,vax_A_0.2,vax_A,0.2
142,A,0.21705962818514832,2.5984369631559855e-4,0.7826805281185358,1,19,vax_A_0.2,vax_A,0.2
142,C,0.4825134275137026,7.870241529569834e-4,0.51669954833334,1,19,vax_A_0.2,vax_A,0.2
143,A,0.21702597331204052,2.4321125412627375e-4,0.7827308154338332,1,19,vax_A_0.2,vax_A,0.2
143,C,0.4824116929670079,7.364653436050574e-4,0.516851841689387,1,19,vax_A_0.2,vax_A,0.2
144,A,0.21699448233001156,2.2763468620602242e-4,0.7827778829837823,1,19,vax_A_0.2,vax_A,0.2
144,C,0.4823165159957392,6.891344285198861e-4,0.5169943495757398,1,19,vax_A_0.2,vax_A,0.2
145,A,0.2169650167647824,2.1304796378808803e-4,0.78282193527143,1,19,vax_A_0.2,vax_A,0.2
145,C,0.4822274751732331,6.448278285102575e-4,0.5171276969982571,1,19,vax_A_0.2,vax_A,0.2
146,A,0.21693744692677328,1.9938907364750548e-4,0.7828631639995789,1,19,vax_A_0.2,vax_A,0.2
146,C,0.4821441759979346,6.033544900466425e-4,0.517252469512019,1,19,vax_A_0.2,vax_A,0.2
147,A,0.2169116513627434,1.865997866972896e-4,0.7829017488505593,1,19,vax_A_0.2,vax_A,0.2
147,C,0.4820662491930563,5.645351542187511e-4,0.517369215652726,1,19,vax_A_0.2,vax_A,0.2
148,A,0.21688751634061773,1.746254384765582e-4,0.782937858220905,1,19,vax_A_0.2,vax_A,0.2
148,C,0.48199334911108394,5.28201663262105e-4,0.517478449225653,1,19,vax_A_0.2,vax_A,0.2
149,A,0.21686493536562432,1.6341472108473607e-4,0.7829716499132902,1,19,vax_A_0.2,vax_A,0.2
149,C,0.4819251522370087,4.941963034085164e-4,0.5175806514595822,1,19,vax_A_0.2,vax_A,0.2
150,A,0.216843808725934,1.5291948611319576e-4,0.7830032717879533,1,19,vax_A_0.2,vax_A,0.2
150,C,0.4818613557844388,4.6237118275600715e-4,0.5176762730328067,1,19,vax_A_0.2,vax_A,0.2
151,A,0.21682404306610747,1.4309455812472357e-4,0.7830328623757685,1,19,vax_A_0.2,vax_A,0.2
151,C,0.4818016763790797,4.325876428086058e-4,0.5177657359781119,1,19,vax_A_0.2,vax_A,0.2
152,A,0.21680555098672838,1.338975582330866e-4,0.7830605514550383,1,19,vax_A_0.2,vax_A,0.2
152,C,0.4817458488243706,4.0471570231024776e-4,0.5178494354733186,1,19,vax_A_0.2,vax_A,0.2
153,A,0.21678825066868992,1.2528873733993283e-4,0.7830864605939702,1,19,vax_A_0.2,vax_A,0.2
153,C,0.48169362494431595,3.786335319893682e-4,0.5179277415236954,1,19,vax_A_0.2,vax_A,0.2
154,A,0.2167720655206827,1.1723081859347667e-4,0.7831107036607232,1,19,vax_A_0.2,vax_A,0.2
154,C,0.4816447724988583,3.542269588362665e-4,0.518001000542307,1,19,vax_A_0.2,vax_A,0.2
155,A,0.2167569238485083,1.0968884864205359e-4,0.78313338730285,1,19,vax_A_0.2,vax_A,0.2
155,C,0.48159907416740055,3.3138899854930634e-4,0.51806953683405,1,19,vax_A_0.2,vax_A,0.2
156,A,0.21674275854492428,1.0263005726362204e-4,0.783154611397812,1,19,vax_A_0.2,vax_A,0.2
156,C,0.4815563265963078,3.1001941479919605e-4,0.51813365398889355,1,19,vax_A_0.2,vax_A,0.2
157,A,0.216729506798782,9.602372497106719e-5,0.7831744694762468,1,19,vax_A_0.2,vax_A,0.2
157,C,0.48151633950645123,2.900243040232901e-4,0.5181936361895259,1,19,vax_A_0.2,vax_A,0.2
158,A,0.21671710982230097,8.984105819449937e-5,0.7831930491195046,1,19,vax_A_0.2,vax_A,0.2
158,C,0.48147893485712406,2.71315704448178e-4,0.518249749438427,1,19,vax_A_0.2,vax_A,0.2
159,A,0.21670551259539508,8.40550716529566e-5,0.7832104323329526,1,19,vax_A_0.2,vax_A,0.2
159,C,0.4814439460628781,2.53811228071433e-4,0.5183022427090506,1,19,vax_A_0.2,vax_A,0.2
160,A,0.2166946636260013,7.864047755591726e-5,0.7832266958964421,1,19,vax_A_0.2,vax_A,0.2
160,C,0.4814112172599609,2.374337144406847e-4,0.5183513490255989,1,19,vax_A_0.2,vax_A,0.2
161,A,0.21668451472544706,7.357358127818935e-5,0.7832419116932748,1,19,vax_A_0.2,vax_A,0.2
161,C,0.48138060261929444,2.2211090506432343e-4,0.5183972864756425,1,19,vax_A_0.2,vax_A,0.2
162,A,0.2166750207979285,6.883218316523367e-5,0.7832561470189052,1,19,vax_A_0.2,vax_A,0.2
162,C,0.48135196570308225,2.0777513733155292e-4,0.5184402591595868,1,19,vax_A_0.2,vax_A,0.2
163,A,0.2166661396432448,6.439548613999651e-5,0.7832694648706151,1,19,vax_A_0.2,vax_A,0.2
163,C,0.48132517886234677,1.9436305686652602e-4,0.5184804580807864,1,19,vax_A_0.2,vax_A,0.2
164,A,0.21665783177196532,6.024400879757459e-5,0.7832819242192359,1,19,vax_A_0.2,vax_A,0.2
164,C,0.48130012267281713,1.8181534729422825e-4,0.5185180619798887,1,19,vax_A_0.2,vax_A,0.2
165,A,0.2166500602322703,5.635950368800712e-5,0.7832935802640422,1,19,vax_A_0.2,vax_A,0.2
165,C,0.48127668540677393,1.7007647644271304e-4,0.5185532381167822,1,19,vax_A_0.2,vax_A,0.2
166,A,0.2166427904477345,5.272488050031891e-5,0.7833044846717643,1,19,vax_A_0.2,vax_A,0.2
166,C,0.48125476253858795,1.5909445804832077e-4,0.518586143003363,1,19,vax_A_0.2,vax_A,0.2
167,A,0.21663599006538478,4.9324133873729414e-5,0.7833146858007414,1,19,vax_A_0.2,vax_A,0.2
167,C,0.4812342562818183,1.4882062807287507e-4,0.5186169230901094,1,19,vax_A_0.2,vax_A,0.2
168,A,0.2166296288133822,4.614227557498401e-5,0.7833242289110424,1,19,vax_A_0.2,vax_A,0.2
168,C,0.4812150751559047,1.3920943478612364e-4,0.5186457154093098,1,19,vax_A_0.2,vax_A,0.2
169,A,0.21662367836774268,4.316527079364921e-5,0.7833331563614638,1,19,vax_A_0.2,vax_A,0.2
169,C,0.48119713358056565,1.3021824181044177e-4,0.5186726481776247,1,19,vax_A_0.2,vax_A,0.2
170,A,0.21661811222751523,4.037997831952292e-5,0.783341507794165,1,19,vax_A_0.2,vax_A,0.2
170,C,0.48118035149615357,1.2180714336623012e-4,0.5186978413604797,1,19,vax_A_0.2,vax_A,0.2
171,A,0.21661290559790616,3.777409437809021e-5,0.7833493203077151,1,19,vax_A_0.2,vax_A,0.2
171,C,0.4811646540083275,1.1393879099571444e-4,0.5187214072006774,1,19,vax_A_0.2,vax_A,0.2
172,A,0.2166080352808365,3.5336099911356507e-5,0.783356628619252,1,19,vax_A_0.2,vax_A,0.2
172,C,0.48114997105548823,1.065782310809505e-4,0.5187434507134306,1,19,vax_A_0.2,vax_A,0.2
173,A,0.21660347957247464,3.3055211102479465e-5,0.7833634652164226,1,19,vax_A_0.2,vax_A,0.2
173,C,0.4811362370975483,9.96927525089778e-5,0.518764070149943,1,19,vax_A_0.2,vax_A,0.2
174,A,0.21659921816730246,3.0921332953307406e-05,0.7833698604997438,1,19,vax_A_0.2,vax_A,0.2
174,C,0.4811233908246601,9.32517438727841e-5,0.5187833574314663,1,19,vax_A_0.2,vax_A,0.2
175,A,0.2165952320683027,2.8925015734164106e-5,0.7833758429159634,1,19,vax_A_0.2,vax_A,0.2
175,C,0.4811113748846478,8.722655963075543e-5,0.5188013985557223,1,19,vax_A_0.2,vax_A,0.2
176,A,0.21659150350288287,2.7057414134858383e-5,0.7833814390829823,1,19,vax_A_0.2,vax_A,0.2
176,C,0.48110013562793313,8.159039467904084e-5,0.5188182739773864,1,19,vax_A_0.2,vax_A,0.2
177,A,0.21658801584417314,2.5310248955874545e-5,0.7833866739068708,1,19,vax_A_0.2,vax_A,0.2
177,C,0.4810896228688665,7.631816682486765e-5,0.5188340589643091,1,19,vax_A_0.2,vax_A,0.2
178,A,0.21658475353735515,2.367577118681846e-5,0.7833915706914588,1,19,vax_A_0.2,vax_A,0.2
178,C,0.48107978966237425,7.138640667468256e-5,0.5188488239309509,1,19,vax_A_0.2,vax_A,0.2
179,A,0.21658170203070728,2.214672832763368e-5,0.783396151240965,1,19,vax_A_0.2,vax_A,0.2
179,C,0.48107059209499375,6.677315447869881e-5,0.5188626347505273,1,19,vax_A_0.2,vax_A,0.2
180,A,0.21657884771106578,2.0716332817412223e-5,0.7834004359561162,1,19,vax_A_0.2,vax_A,0.2
180,C,0.48106198908933023,6.24578635052261e-5,0.5188755530471637,1,19,vax_A_0.2,vax_A,0.2
181,A,0.21657617784341948,1.9378232442551257e-5,0.7834044439241376,1,19,vax_A_0.2,vax_A,0.2
181,C,0.4810539422211096,5.8421309539799597e-5,0.5188876364693511,1,19,vax_A_0.2,vax_A,0.2
182,A,0.21657368051437717,1.8126482603355447e-5,0.7834081930030197,1,19,vax_A_0.2,vax_A,0.2
182,C,0.4810464155479926,5.464550612800238e-5,0.5188989389458796,1,19,vax_A_0.2,vax_A,0.2
183,A,0.2165713445792595,1.6955520325194517e-5,0.7834116999004148,1,19,vax_A_0.2,vax_A,0.2
183,C,0.4810393754494263,5.1113625203710183e-5,0.5189095109253704,1,19,vax_A_0.2,vax_A,0.2
184,A,0.21656915961258943,1.586013990707682e-5,0.7834149802475031,1,19,vax_A_0.2,vax_A,0.2
184,C,0.481032790476799,4.780992276651081e-5,0.518919399600434,1,19,vax_A_0.2,vax_A,0.2
185,A,0.21656711586175661,1.4835470106808444e-5,0.7834180486681369,1,19,vax_A_0.2,vax_A,0.2
185,C,0.48102663121325145,4.4719669292436384e-5,0.5189286491174557,1,19,vax_A_0.2,vax_A,0.2
186,A,0.21656520420365974,1.3876952767809017e-5,0.783420918843573,1,19,vax_A_0.2,vax_A,0.2
186,C,0.481020870142525,4.182908458105005e-5,0.5189373007728948,1,19,vax_A_0.2,vax_A,0.2
187,A,0.2165634161041356,1.2980322798249732e-5,0.7834236035730672,1,19,vax_A_0.2,vax_A,0.2
187,C,0.48101548152625156,3.9125276759842795e-5,0.5189453931969895,1,19,vax_A_0.2,vax_A,0.2
188,A,0.2165617435799922,1.2141589418513373e-5,0.7834261148305892,1,19,vax_A_0.2,vax_A,0.2
188,C,0.4810104412891701,3.659618518399661e-5,0.5189529625256467,1,19,vax_A_0.2,vax_A,0.2
189,A,0.21656017916348688,1.135701859802835e-5,0.7834284638179159,1,19,vax_A_0.2,vax_A,0.2
189,C,0.48100572691173027,3.4230526985742387e-5,0.5189600425612843,1,19,vax_A_0.2,vax_A,0.2
190,A,0.21655871586908634,1.0623116607284419e-5,0.7834306610143063,1,19,vax_A_0.2,vax_A,0.2
190,C,0.4810013173296277,3.2017747042691435e-5,0.5189666649233291,1,19,vax_A_0.2,vax_A,0.2
191,A,0.21655734716236597,9.936614615315054e-6,0.7834327162230188,1,19,vax_A_0.2,vax_A,0.2
191,C,0.4809971928398209,2.9947971148722478e-5,0.5189728591890294,1,19,vax_A_0.2,vax_A,0.2
192,A,0.21655606693091176,9.294454267155352e-6,0.7834346386148211,1,19,vax_A_0.2,vax_A,0.2
192,C,0.4809933350126069,2.8011962184395842e-5,0.5189786530252085,1,19,vax_A_0.2,vax_A,0.2
193,A,0.2165548694570933,8.693774179775747e-6,0.7834364367687271,1,19,vax_A_0.2,vax_A,0.2
193,C,0.4809897266093688,2.620107909649093e-5,0.5189840723115338,1,19,vax_A_0.2,vax_A,0.2
194,A,0.21655374939259112,8.131897298754202e-6,0.7834381187101104,1,19,vax_A_0.2,vax_A,0.2
194,C,0.48098635150564306,2.4507238508152225e-5,0.5189891412558488,1,19,vax_A_0.2,vax_A,0.2
195,A,0.21655270173456456,7.606319061491994e-6,0.783439691946373,1,19,vax_A_0.2,vax_A,0.2
195,C,0.48098319461913075,2.2922878792282493e-5,0.5189938825020771,1,19,vax_A_0.2,vax_A,0.2
196,A,0.21655172180335636,7.114696316100788e-6,0.783441163500327,1,19,vax_A_0.2,vax_A,0.2
196,C,0.4809802418423789,2.144092645125206e-5,0.5189983172311693,1,19,vax_A_0.2,vax_A,0.2
197,A,0.2165508052216288,6.654836948271003e-6,0.7834425399414232,1,19,vax_A_0.2,vax_A,0.2
197,C,0.4809774799797888,2.0054764656025854e-5,0.5190024652555537,1,19,vax_A_0.2,vax_A,0.2
198,A,0.21654994789485207,6.224690171324329e-6,0.7834438274149761,1,19,vax_A_0.2,vax_A,0.2
198,C,0.480974896688702,1.8758203806796898e-5,0.5190063451074908,1,19,vax_A_0.2,vax_A,0.2
199,A,0.21654914599304254,5.822337437424124e-6,0.7834450316695195,1,19,vax_A_0.2,vax_A,0.2
199,C,0.48097248042428264,1.7545453985873592e-5,0.5190099741217303,1,19,vax_A_0.2,vax_A,0.2
200,A,0.2165483959336852,5.445983930612366e-6,0.7834461580823845,1,19,vax_A_0.2,vax_A,0.2
200,C,0.48097022038797,1.641109918207954e-5,0.5190133685128484,1,19,vax_A_0.2,vax_A,0.2
201,A,0.21654769436575258,5.0939506047384e-6,0.7834472116836434,1,19,vax_A_0.2,vax_A,0.2
201,C,0.48096810647924226,1.5350073173313766e-5,0.5190165434475839,1,19,vax_A_0.2,vax_A,0.2
202,A,0.21654703815475598,4.764666731650351e-6,0.783448197178512,1,19,vax_A_0.2,vax_A,0.2
202,C,0.48096612925051974,1.4357636961088418e-5,0.5190195131125201,1,19,vax_A_0.2,vax_A,0.2
203,A,0.21654642436876229,4.456662927188836e-6,0.7834491189683107,1,19,vax_A_0.2,vax_A,0.2
203,C,0.4809642798649532,1.3429357657600415e-5,0.5190222907773896,1,19,vax_A_0.2,vax_A,0.2
204,A,0.21654585026531037,4.168564624566285e-6,0.783449981170065,1,19,vax_A_0.2,vax_A,0.2
204,C,0.48096255005696337,1.2561088732245617e-5,0.5190248888543035,1,19,vax_A_0.2,vax_A,0.2
205,A,0.21654531327917298,3.899085966628153e-6,0.7834507876348605,1,19,vax_A_0.2,vax_A,0.2
205,C,0.48096093209531604,1.1748951530408721e-5,0.5190273189531533,1,19,vax_A_0.2,vax_A,0.2
206,A,0.21654481101090972,3.6470240902827255e-6,0.7834515419650003,1,19,vax_A_0.2,vax_A,0.2
206,C,0.48095941874858156,1.0989317982892585e-5,0.5190295919334353,1,19,vax_A_0.2,vax_A,0.2
207,A,0.21654434121615507,3.4112537780671084e-6,0.7834522475300678,1,19,vax_A_0.2,vax_A,0.2
207,C,0.4809580032528373,1.0278794429539834e-5,0.519031717952733,1,19,vax_A_0.2,vax_A,0.2
208,A,0.21654390179560215,3.1907224533980723e-6,0.7834529074819452,1,19,vax_A_0.2,vax_A,0.2
208,C,0.48095667928144203,9.614206485477247e-6,0.5190337065120717,1,19,vax_A_0.2,vax_A,0.2
209,A,0.21654349078563023,2.984445497539734e-6,0.7834535247688725,1,19,vax_A_0.2,vax_A,0.2
209,C,0.48095544091677794,8.992584882988426e-6,0.5190355664983374,1,19,vax_A_0.2,vax_A,0.2
210,A,0.21654310634953744,2.7915018677111324e-6,0.7834541021485949,1,19,vax_A_0.2,vax_A,0.2
210,C,0.4809542826238068,8.41115222630065e-6,0.519037306223966,1,19,vax_A_0.2,vax_A,0.2
211,A,0.21654274676934215,2.6110299970600393e-6,0.7834546422006619,1,19,vax_A_0.2,vax_A,0.2
211,C,0.4809531992253388,7.867310600577675e-6,0.5190389334640616,1,19,vax_A_0.2,vax_A,0.2
212,A,0.21654241043810846,2.44222395845178e-6,0.7834551473379324,1,19,vax_A_0.2,vax_A,0.2
212,C,0.48095218587890154,7.358629980164775e-6,0.5190404554911181,1,19,vax_A_0.2,vax_A,0.2
213,A,0.21654209585277487,2.2843298751685794e-6,0.7834556198173496,1,19,vax_A_0.2,vax_A,0.2
213,C,0.48095123805510803,6.882837384650509e-6,0.5190418791075069,1,19,vax_A_0.2,vax_A,0.2
214,A,0.21654180160743752,2.136642562689776e-6,0.7834560617499982,1,19,vax_A_0.2,vax_A,0.2
214,C,0.4809503515174091,6.437806734606452e-6,0.5190432106758571,1,19,vax_A_0.2,vax_A,0.2
215,A,0.2165415263870758,1.998502386731127e-6,0.7834564751105375,1,19,vax_A_0.2,vax_A,0.2
215,C,0.4809495223031642,6.021549361952184e-6,0.5190444561474731,1,19,vax_A_0.2,vax_A,0.2
216,A,0.21654126896167422,1.8692923236644245e-6,0.7834568617460012,1,19,vax_A_0.2,vax_A,0.2
216,C,0.4809487467059414,5.632205132778206e-6,0.5190456210889254,1,19,vax_A_0.2,vax_A,0.2
217,A,0.2165410281807338,1.7484352103269317e-6,0.7834572233840569,1,19,vax_A_0.2,vax_A,0.2
217,C,0.4809480212589427,5.268034143178878e-6,0.5190467107069134,1,19,vax_A_0.2,vax_A,0.2
218,A,0.2165408029681281,1.6353911710547131e-6,0.7834575616407021,1,19,vax_A_0.2,vax_A,0.2
218,C,0.4809473427195206,4.927408951162328e-6,0.5190477298715286,1,19,vax_A_0.2,vax_A,0.2
219,A,0.21654059231729977,1.5296552105504262e-6,0.7834578780274896,1,19,vax_A_0.2,vax_A,0.2
219,C,0.48094670805468265,4.60880731007454e-6,0.5190486831380062,1,19,vax_A_0.2,vax_A,0.2
220,A,0.21654039528676322,1.4307549619297621e-6,0.783458173958274,1,19,vax_A_0.2,vax_A,0.2
220,C,0.48094611442754043,4.310805371220753e-6,0.5190495747670882,1,19,vax_A_0.2,vax_A,0.2
221,A,0.21654021099589832,1.338248579968161e-6,0.7834584507555223,1,19,vax_A_0.2,vax_A,0.2
221,C,0.48094555918462806,4.032071325427521e-6,0.5190504087440481,1,19,vax_A_0.2,vax_A,0.2
222,A,0.21654003862101476,1.2517227702080178e-6,0.7834587096562149,1,19,vax_A_0.2,vax_A,0.2
222,C,0.4809450398440405,3.7713594552346662e-6,0.5190511887965031,1,19,vax_A_0.2,vax_A,0.2
223,A,0.21653987739167635,1.170790945184643e-6,0.7834589518173789,1,19,vax_A_0.2,vax_A,0.2
223,C,0.48094455408435594,3.5275045712277895e-6,0.5190519184110739,1,19,vax_A_0.2,vax_A,0.2
224,A,0.21653972658725423,1.095091499589822e-6,0.7834591783212468,1,19,vax_A_0.2,vax_A,0.2
224,C,0.4809440997342374,3.299416807729413e-6,0.5190526008489547,1,19,vax_A_0.2,vax_A,0.2
225,A,0.21653958553370967,1.024286196716529e-6,0.7834593901800938,1,19,vax_A_0.2,vax_A,0.2
225,C,0.4809436747627523,3.0860767546634154e-6,0.519053239160492,1,19,vax_A_0.2,vax_A,0.2
226,A,0.2165394536005821,9.580586590190723e-7,0.7834595883407591,1,19,vax_A_0.2,vax_A,0.2
226,C,0.4809432772702809,2.8865309038983583e-6,0.5190538361988158,1,19,vax_A_0.2,vax_A,0.2
227,A,0.21653933019817162,8.961129560825468e-7,0.7834597736888719,1,19,vax_A_0.2,vax_A,0.2
227,C,0.4809429054800251,2.6998873897725848e-6,0.5190543946325845,1,19,vax_A_0.2,vax_A,0.2
228,A,0.2165392147749048,8.381722837260757e-7,0.7834599470528107,1,19,vax_A_0.2,vax_A,0.2
228,C,0.48094255773007827,2.5253120048117156e-6,0.5190549169579156,1,19,vax_A_0.2,vax_A,0.2
229,A,0.21653910681486802,7.839777283673846e-7,0.7834601092074036,1,19,vax_A_0.2,vax_A,0.2
229,C,0.4809422324659887,2.362024472873123e-6,0.5190554055095389,1,19,vax_A_0.2,vax_A,0.2
230,A,0.21653900583550542,7.332871111535983e-7,0.7834602608773831,1,19,vax_A_0.2,vax_A,0.2
230,C,0.48094192823381043,2.2092949630976085e-6,0.5190558624712258,1,19,vax_A_0.2,vax_A,0.2
231,A,0.2165389113854593,6.858739067162725e-7,0.7834604027406349,1,19,vax_A_0.2,vax_A,0.2
231,C,0.4809416436736136,2.066440829119482e-6,0.5190562898855573,1,19,vax_A_0.2,vax_A,0.2
232,A,0.21653882304255423,6.415262317392347e-7,0.7834605354312137,1,19,vax_A_0.2,vax_A,0.2
232,C,0.4809413775133961,1.9328235589886866e-6,0.5190566896630445,1,19,vax_A_0.2,vax_A,0.2
233,A,0.2165387404119124,6.000458988373019e-7,0.7834606595421892,1,19,vax_A_0.2,vax_A,0.2
233,C,0.4809411285634058,1.8078459221971395e-6,0.5190570635906726,1,19,vax_A_0.2,vax_A,0.2
234,A,0.2165386631241857,5.612475315335348e-7,0.783460775628283,1,19,vax_A_0.2,vax_A,0.2
234,C,0.48094089571081666,1.6909493010789564e-6,0.5190574133398816,1,19,vax_A_0.2,vax_A,0.2
235,A,0.2165385908339068,5.24957736393851e-7,0.7834608842083574,1,19,vax_A_0.2,vax_A,0.2
235,C,0.48094067791476086,1.5816111946757652e-6,0.5190577404740441,1,19,vax_A_0.2,vax_A,0.2
236,A,0.21653852321794514,4.910143286313982e-7,0.7834609857677256,1,19,vax_A_0.2,vax_A,0.2
236,C,0.480940474201669,1.479342883926454e-6,0.5190580464554462,1,19,vax_A_0.2,vax_A,0.2
237,A,0.21653845997406346,4.592656077307926e-7,0.7834610807603289,1,19,vax_A_0.2,vax_A,0.2
237,C,0.4809402836609264,1.3836872477604395e-6,0.519058332651825,1,19,vax_A_0.2,vax_A,0.2
238,A,0.21653840081956582,4.295696798642047e-7,0.783461169610754,1,19,vax_A_0.2,vax_A,0.2
238,C,0.4809401054407969,1.2942167203450244e-6,0.5190586003424825,1,19,vax_A_0.2,vax_A,0.2
239,A,0.21653834549003337,4.0179382407922506e-7,0.7834612527161421,1,19,vax_A_0.2,vax_A,0.2
239,C,0.48093993874461766,1.2105313803664906e-6,0.5190588507240024,1,19,vax_A_0.2,vax_A,0.2
240,A,0.2165382937381467,3.758138994334003e-7,0.7834613304479535,1,19,vax_A_0.2,vax_A,0.2
240,C,0.48093978282723715,1.132257163815185e-6,0.5190590849155982,1,19,vax_A_0.2,vax_A,0.2
241,A,0.21653824533257485,3.5151379043214206e-7,0.7834614031536334,1,19,vax_A_0.2,vax_A,0.2
241,C,0.48093963699169,1.0590441922942715e-6,0.5190593039641179,1,19,vax_A_0.2,vax_A,0.2
242,A,0.21653820005694643,3.287848882971235e-7,0.7834614711581647,1,19,vax_A_0.2,vax_A,0.2
242,C,0.48093950058607216,9.9056520938714e-7,0.519059508848719,1,19,vax_A_0.2,vax_A,0.2
243,A,0.2165381577088782,3.0752560575167715e-7,0.7834615347655157,1,19,vax_A_0.2,vax_A,0.2
243,C,0.48093937300063416,9.26514118100601e-7,0.5190597004852481,1,19,vax_A_0.2,vax_A,0.2
244,A,0.21653811809907453,2.876409231589746e-7,0.7834615942600025,1,19,vax_A_0.2,vax_A,0.2
244,C,0.4809392536650515,8.666046128520164e-7,0.5190598797303341,1,19,vax_A_0.2,vax_A,0.2
245,A,0.216538081050478,2.690419639883109e-7,0.7834616499075571,1,19,vax_A_0.2,vax_A,0.2
245,C,0.48093914204588206,8.105688998905847e-7,0.5190600473852183,1,19,vax_A_0.2,vax_A,0.2
246,A,0.21653804639748067,2.516455977154436e-7,0.7834617019569204,1,19,vax_A_0.2,vax_A,0.2
246,C,0.48093903764416907,7.581565004374364e-7,0.5190602041993303,1,19,vax_A_0.2,vax_A,0.2
247,A,0.21653801398518244,2.353740683850896e-7,0.7834617506407484,1,19,vax_A_0.2,vax_A,0.2
247,C,0.4809389399932264,7.091331311984176e-7,0.519060350873642,1,19,vax_A_0.2,vax_A,0.2
248,A,0.21653798366869814,2.2015464717802244e-7,0.7834617961766537,1,19,vax_A_0.2,vax_A,0.2
248,C,0.48093884865653835,6.632796572487534e-7,0.5190604880638042,1,19,vax_A_0.2,vax_A,0.2
249,A,0.21653795531251185,2.059193074321892e-7,0.7834618387681817,1,19,vax_A_0.2,vax_A,0.2
249,C,0.480938763225817,6.203911126119291e-7,0.5190606163830689,1,19,vax_A_0.2,vax_A,0.2
250,A,0.21653792878986858,1.9260442066732094e-7,0.7834618786057095,1,19,vax_A_0.2,vax_A,0.2
250,C,0.4809386833191771,5.80275784157342e-7,0.5190607364050391,1,19,vax_A_0.2,vax_A,0.2
251,A,0.21653790398221076,1.801504722561573e-7,0.7834619158673177,1,19,vax_A_0.2,vax_A,0.2
251,C,0.48093860857942156,5.427543547239455e-7,0.5190608486662251,1,19,vax_A_0.2,vax_A,0.2
252,A,0.21653788077864666,1.685017954729713e-7,0.7834619507195577,1,19,vax_A_0.2,vax_A,0.2
252,C,0.4809385386724527,5.076591016415987e-7,0.5190609536684465,1,19,vax_A_0.2,vax_A,0.2
253,A,0.21653785907545361,1.5760632273204486e-7,0.7834619833182235,1,19,vax_A_0.2,vax_A,0.2
253,C,0.48093847328577677,4.7483314706913753e-7,0.5190610518810778,1,19,vax_A_0.2,vax_A,0.2
254,A,0.21653783877561636,1.4741535290539554e-7,0.78346201380903,1,19,vax_A_0.2,vax_A,0.2
254,C,0.48093841212710364,4.441297567996853e-7,0.5190611437431395,1,19,vax_A_0.2,vax_A,0.2
255,A,0.2165378197883932,1.378833336807827e-7,0.7834620423282729,1,19,vax_A_0.2,vax_A,0.2
255,C,0.48093835492304643,4.1541168440010216e-7,0.5190612296652685,1,19,vax_A_0.2,vax_A,0.2
256,A,0.21653780202890863,1.289676579880997e-7,0.7834620690034335,1,19,vax_A_0.2,vax_A,0.2
256,C,0.48093830141789234,3.885505577539706e-7,0.5190613100315478,1,19,vax_A_0.2,vax_A,0.2
257,A,0.216537785417776,1.2062847358506036e-7,0.7834620939537491,1,19,vax_A_0.2,vax_A,0.2
257,C,0.4809382513724682,3.6342630526698146e-7,0.5190613852012265,1,19,vax_A_0.2,vax_A,0.2
258,A,0.21653776988074225,1.1282850495175027e-7,0.7834621172907527,1,19,vax_A_0.2,vax_A,0.2
258,C,0.48093820456306013,3.3992661917062094e-07,0.519061455510322,1,19,vax_A_0.2,vax_A,0.2
259,A,0.21653775534835423,1.0553288669857694e-7,0.7834621391187584,1,19,vax_A_0.2,vax_A,0.2
259,C,0.48093816078042106,3.179464535258293e-7,0.5190615212731255,1,19,vax_A_0.2,vax_A,0.2
260,A,0.2165377417556509,9.87090077435372e-8,0.7834621595353414,1,19,vax_A_0.2,vax_A,0.2
260,C,0.48093811982883794,2.973875546833863e-7,0.5190615827836074,1,19,vax_A_0.2,vax_A,0.2
261,A,0.21653772904187132,9.232636556277789e-8,0.7834621786317637,1,19,vax_A_0.2,vax_A,0.2
261,C,0.48093808152524997,2.781580221027124e-7,0.5190616403167279,1,19,vax_A_0.2,vax_A,0.2
262,A,0.21653771715018297,8.635642986339294e-8,0.7834621964933881,1,19,vax_A_0.2,vax_A,0.2
262,C,0.48093804569843346,2.601718975664093e-7,0.5190616941296693,1,19,vax_A_0.2,vax_A,0.2
263,A,0.21653770602742764,8.077251506945884e-8,0.783462213200057,1,19,vax_A_0.2,vax_A,0.2
263,C,0.48093801218823706,2.4334878095471205e-7,0.519061744462983,1,19,vax_A_0.2,vax_A,0.2
264,A,0.21653769562388625,7.554966105165943e-8,0.7834622288264518,1,19,vax_A_0.2,vax_A,0.2
264,C,0.4809379808448621,2.2761347086272106e-7,0.5190617915416648,1,19,vax_A_0.2,vax_A,0.2
265,A,0.21653768589305336,7.066452156766262e-8,0.783462243442425,1,19,vax_A_0.2,vax_A,0.2
265,C,0.48093795152820296,2.1289562845428588e-7,0.5190618355761688,1,19,vax_A_0.2,vax_A,0.2
266,A,0.21653767679143074,6.60952599148329e-8,0.7834622571133096,1,19,vax_A_0.2,vax_A,0.2
266,C,0.4809379241072059,1.991294630502062e-7,0.5190618767633314,1,19,vax_A_0.2,vax_A,0.2
267,A,0.2165376682783316,6.182145080987787e-8,0.7834622699002181,1,19,vax_A_0.2,vax_A,0.2
267,C,0.4809378984592917,1.862534364813681e-7,0.5190619152872725,1,19,vax_A_0.2,vax_A,0.2
268,A,0.21653766031569108,5.782398497770543e-8,0.7834622818603241,1,19,vax_A_0.2,vax_A,0.2
268,C,0.48093787446978,1.7420997560638666e-7,0.5190619513202454,1,19,vax_A_0.2,vax_A,0.2
269,A,0.21653765286791254,5.4084992415851026e-8,0.7834622930470956,1,19,vax_A_0.2,vax_A,0.2
269,C,0.4809378520314243,1.6294524110270852e-7,0.5190619850233336,1,19,vax_A_0.2,vax_A,0.2
270,A,0.2165376459017119,5.058776392860889e-8,0.7834623035105241,1,19,vax_A_0.2,vax_A,0.2
270,C,0.4809378310439512,1.5240889104540176e-7,0.5190620165471588,1,19,vax_A_0.2,vax_A,0.2
271,A,0.21653763938595738,4.731667074127808e-8,0.7834623132973714,1,19,vax_A_0.2,vax_A,0.2
271,C,0.4809378114135638,1.4255383870195266e-7,0.5190620460325982,1,19,vax_A_0.2,vax_A,0.2
272,A,0.21653763329160763,4.425713336811612e-8,0.7834623224512592,1,19,vax_A_0.2,vax_A,0.2
272,C,0.4809377930527679,1.3333615872437277e-7,0.5190620736110731,1,19,vax_A_0.2,vax_A,0.2
273,A,0.2165376275915375,4.139553456461678e-8,0.7834623310129283,1,19,vax_A_0.2,vax_A,0.2
273,C,0.48093777587984293,1.247148248792316e-7,0.5190620994053328,1,19,vax_A_0.2,vax_A,0.2
274,A,0.2165376222601678,3.8719033212904846e-8,0.783462339020799,1,19,vax_A_0.2,vax_A,0.2
274,C,0.48093775981772396,1.1665114929898244e-7,0.5190621235311267,1,19,vax_A_0.2,vax_A,0.2
275,A,0.21653761727355986,3.621561128163904e-8,0.7834623465108285,1,19,vax_A_0.2,vax_A,0.2
275,C,0.48093774479428947,1.0910892396252679e-7,0.5190621460967861,1,19,vax_A_0.2,vax_A,0.2
276,A,0.21653761260593152,3.387232578581402e-8,0.7834623535217421,1,19,vax_A_0.2,vax_A,0.2
276,C,0.4809377307318642,1.0204915419154649e-7,0.5190621672189802,1,19,vax_A_0.2,vax_A,0.2
277,A,0.2165376082379083,3.1679450193686716e-8,0.7834623600826421,1,19,vax_A_0.2,vax_A,0.2
277,C,0.48093771757207726,9.544253588880973e-8,0.5190621869853866,1,19,vax_A_0.2,vax_A,0.2
278,A,0.2165376041509813,2.9627692514780006e-8,0.7834623662213263,1,19,vax_A_0.2,vax_A,0.2
278,C,0.480937705259164,8.926107417988828e-8,0.5190622054797609,1,19,vax_A_0.2,vax_A,0.2
279,A,0.21653760045314888,2.7771271011700686e-8,0.7834623717755799,1,19,vax_A_0.2,vax_A,0.2
279,C,0.4809376941184986,8.366811611006217e-8,0.519062222213384,1,19,vax_A_0.2,vax_A,0.2
280,A,0.21653759698701613,2.603116954027974e-8,0.7834623769818144,1,19,vax_A_0.2,vax_A,0.2
280,C,0.48093768367589107,7.842560374344499e-8,0.5190622378985053,1,19,vax_A_0.2,vax_A,0.2
281,A,0.21653759373806622,2.4400099721365718e-8,0.7834623818618357,1,19,vax_A_0.2,vax_A,0.2
281,C,0.48093767388760106,7.351157874843659e-8,0.5190622526008218,1,19,vax_A_0.2,vax_A,0.2
282,A,0.21653759069269019,2.2871229849298566e-08,0.7834623864360812,1,19,vax_A_0.2,vax_A,0.2
282,C,0.4809376647126288,6.890545865946182e-8,0.5190622663819127,1,19,vax_A_0.2,vax_A,0.2
283,A,0.21653758783813248,2.143815627680879e-8,0.7834623907237118,1,19,vax_A_0.2,vax_A,0.2
283,C,0.4809376561125467,6.458795067078662e-8,0.5190622792995022,1,19,vax_A_0.2,vax_A,0.2
284,A,0.21653758516243654,2.009487659420046e-8,0.7834623947426865,1,19,vax_A_0.2,vax_A,0.2
284,C,0.4809376480513323,6.054097082910831e-8,0.5190622914076969,1,19,vax_A_0.2,vax_A,0.2
285,A,0.21653758265439577,1.883576448900921e-8,0.7834623985098401,1,19,vax_A_0.2,vax_A,0.2
285,C,0.48093764049522053,5.6747568289331547e-8,0.5190623027572101,1,19,vax_A_0.2,vax_A,0.2
286,A,0.2165375803035049,1.7655546180848546e-8,0.7834624020409484,1,19,vax_A_0.2,vax_A,0.2
286,C,0.48093763341256385,5.319185431629009e-8,0.519062313395581,1,19,vax_A_0.2,vax_A,0.2
287,A,0.21653757809991683,1.654927833275309e-8,0.7834624053508041,1,19,vax_A_0.2,vax_A,0.2
287,C,0.4809376267736956,4.9858935735046436e-8,0.5190623233673678,1,19,vax_A_0.2,vax_A,0.2
288,A,0.21653757603440274,1.5512327346510583e-8,0.7834624084532703,1,19,vax_A_0.2,vax_A,0.2
288,C,0.48093762055080913,4.6734852551038065e-8,0.5190623327143394,1,19,vax_A_0.2,vax_A,0.2
289,A,0.21653757409830984,1.4540349955269827e-8,0.78346241136134,1,19,vax_A_0.2,vax_A,0.2
289,C,0.48093761471783814,4.3806519478798653e-08,0.5190623414756439,1,19,vax_A_0.2,vax_A,0.2
290,A,0.21653757228352985,1.3629275032144825e-8,0.7834624140871946,1,19,vax_A_0.2,vax_A,0.2
290,C,0.48093760925035217,4.106167113435749e-8,0.519062349687978,1,19,vax_A_0.2,vax_A,0.2
291,A,0.2165375705824609,1.2775286538626931e-8,0.7834624166422516,1,19,vax_A_0.2,vax_A,0.2
291,C,0.48093760412544884,3.848881066175769e-8,0.5190623573857376,1,19,vax_A_0.2,vax_A,0.2
292,A,0.21653756898797846,1.1974807541390748e-8,0.7834624190372137,1,19,vax_A_0.2,vax_A,0.2
292,C,0.48093759932166713,3.6077161578526224e-8,0.5190623646011717,1,19,vax_A_0.2,vax_A,0.2
293,A,0.21653756749340386,1.122448523055368e-8,0.7834624212821112,1,19,vax_A_0.2,vax_A,0.2
293,C,0.48093759481888076,3.381662263839942e-8,0.5190623713644966,1,19,vax_A_0.2,vax_A,0.2
294,A,0.21653756609247715,1.0521176876642566e-8,0.7834624233863473,1,19,vax_A_0.2,vax_A,0.2
294,C,0.48093759059823393,3.169772552225753e-8,0.5190623777040413,1,19,vax_A_0.2,vax_A,0.2
295,A,0.2165375647793296,9.861936667452457e-9,0.7834624253587327,1,19,vax_A_0.2,vax_A,0.2
295,C,0.48093758664204467,2.9711595180054066e-8,0.5190623836463604,1,19,vax_A_0.2,vax_A,0.2
296,A,0.21653756354846232,9.244003369667826e-9,0.7834624272075343,1,19,vax_A_0.2,vax_A,0.2
296,C,0.48093758293374506,2.7849912657639652e-8,0.5190623892163428,1,19,vax_A_0.2,vax_A,0.2
297,A,0.2165375623947191,8.664788763569357e-9,0.7834624289404917,1,19,vax_A_0.2,vax_A,0.2
297,C,0.4809375794578016,2.6104880252780935e-8,0.5190623944373187,1,19,vax_A_0.2,vax_A,0.2
298,A,0.21653756131326796,8.121866802388819e-9,0.7834624305648649,1,19,vax_A_0.2,vax_A,0.2
298,C,0.48093757619965377,2.4469188854434234e-8,0.5190623993311562,1,19,vax_A_0.2,vax_A,0.2
299,A,0.2165375602995786,7.612963440906227e-9,0.7834624320874582,1,19,vax_A_0.2,vax_A,0.2
299,C,0.48093757314565827,2.2935987338580834e-8,0.5190624039183543,1,19,vax_A_0.2,vax_A,0.2
300,A,0.21653755934940533,7.1359471416424e-9,0.7834624335146482,1,19,vax_A_0.2,vax_A,0.2
300,C,0.4809375702830203,2.1498853841498314e-8,0.5190624082181242,1,19,vax_A_0.2,vax_A,0.2
301,A,0.21653755845876851,6.688819915920967e-9,0.7834624348524115,1,19,vax_A_0.2,vax_A,0.2
301,C,0.48093756759975204,2.0151768891966844e-8,0.5190624122484787,1,19,vax_A_0.2,vax_A,0.2
302,A,0.2165375576239378,6.269708964451831e-9,0.7834624361063529,1,19,vax_A_0.2,vax_A,0.2
302,C,0.4809375650846128,1.888909018999225e-8,0.519062416026296,1,19,vax_A_0.2,vax_A,0.2
303,A,0.2165375568414161,5.876858834180164e-9,0.7834624372817256,1,19,vax_A_0.2,vax_A,0.2
303,C,0.4809375627270691,1.770552897298268e-8,0.5190624195674018,1,19,vax_A_0.2,vax_A,0.2
304,A,0.21653755610792583,5.508624065609537e-9,0.783462438383449,1,19,vax_A_0.2,vax_A,0.2
304,C,0.4809375605172442,1.659612786369216e-8,0.5190624228866274,1,19,vax_A_0.2,vax_A,0.2
305,A,0.21653755542039538,5.163462300826082e-9,0.7834624394161427,1,19,vax_A_0.2,vax_A,0.2
305,C,0.4809375584458841,1.5556240106171865e-8,0.5190624259978758,1,19,vax_A_0.2,vax_A,0.2
306,A,0.21653755477594464,4.8399278233570385e-9,0.7834624403841278,1,19,vax_A_0.2,vax_A,0.2
306,C,0.48093755650431214,1.4581510102759015e-8,0.5190624289141778,1,19,vax_A_0.2,vax_A,0.2
307,A,0.21653755417187343,4.53666550280673e-9,0.7834624412914607,1,19,vax_A_0.2,vax_A,0.2
307,C,0.48093755468439625,1.3667855170582718e-8,0.5190624316477497,1,19,vax_A_0.2,vax_A,0.2
308,A,0.21653755360565263,4.252405118907391e-9,0.7834624421419426,1,19,vax_A_0.2,vax_A,0.2
308,C,0.48093755297851326,1.2811448441174886e-8,0.5190624342100393,1,19,vax_A_0.2,vax_A,0.2
309,A,0.21653755307491054,3.9859560412120656e-9,0.7834624429391334,1,19,vax_A_0.2,vax_A,0.2
309,C,0.480937551379518,1.200870283156122e-8,0.5190624366117796,1,19,vax_A_0.2,vax_A,0.2
310,A,0.21653755257742402,3.736202242146053e-9,0.7834624436863736,1,19,vax_A_0.2,vax_A,0.2
310,C,0.48093754988071297,1.1256256019695719e-8,0.519062438863031,1,19,vax_A_0.2,vax_A,0.2
311,A,0.21653755211110937,3.5020976225295856e-9,0.7834624443867939,1,19,vax_A_0.2,vax_A,0.2
311,C,0.4809375484758219,1.055095636130804e-8,0.5190624409732226,1,19,vax_A_0.2,vax_A,0.2
312,A,0.2165375516740128,3.2826616299932175e-9,0.783462445043325,1,19,vax_A_0.2,vax_A,0.2
312,C,0.48093754715895787,9.889849689177107e-9,0.519062442951191,1,19,vax_A_0.2,vax_A,0.2
313,A,0.21653755126430446,3.076975151934014e-9,0.7834624456587211,1,19,vax_A_0.2,vax_A,0.2
313,C,0.4809375459246073,9.270166939539734e-9,0.5190624448052245,1,19,vax_A_0.2,vax_A,0.2
314,A,0.21653755088026763,2.884176665810537e-9,0.7834624462355566,1,19,vax_A_0.2,vax_A,0.2
314,C,0.48093754476759926,8.689312553807002e-9,0.5190624465430881,1,19,vax_A_0.2,vax_A,0.2
315,A,0.21653755052029358,2.703458630652555e-9,0.7834624467762477,1,19,vax_A_0.2,vax_A,0.2
315,C,0.4809375436830882,8.144853607009842e-9,0.519062448172059,1,19,vax_A_0.2,vax_A,0.2
316,A,0.21653755018287552,2.5340641046714255e-9,0.7834624472830606,1,19,vax_A_0.2,vax_A,0.2
316,C,0.48093754266653005,7.634509617437695e-9,0.5190624496989594,1,19,vax_A_0.2,vax_A,0.2
317,A,0.21653754986659912,2.3752835748043197e-9,0.7834624477581175,1,19,vax_A_0.2,vax_A,0.2
317,C,0.4809375417136688,7.1561429947883814e-9,0.5190624511301892,1,19,vax_A_0.2,vax_A,0.2
318,A,0.21653754957014051,2.226451984913016e-9,0.7834624482034076,1,19,vax_A_0.2,vax_A,0.2
318,C,0.48093754082051127,6.707750086820645e-9,0.5190624524717398,1,19,vax_A_0.2,vax_A,0.2
319,A,0.2165375492922574,2.0869459499691466e-9,0.7834624486207968,1,19,vax_A_0.2,vax_A,0.2
319,C,0.48093753998331806,6.287452782854977e-9,0.5190624537292294,1,19,vax_A_0.2,vax_A,0.2
320,A,0.21653754903178588,1.956181145609206e-9,0.7834624490120335,1,19,vax_A_0.2,vax_A,0.2
320,C,0.4809375391985819,5.893490659859264e-9,0.5190624549079282,1,19,vax_A_0.2,vax_A,0.2
321,A,0.21653754878763526,1.8336098601563477e-9,0.7834624493787554,1,19,vax_A_0.2,vax_A,0.2
321,C,0.4809375384630159,5.524213596516518e-9,0.5190624560127701,1,19,vax_A_0.2,vax_A,0.2
322,A,0.2165375485587826,1.7187187006462653e-9,0.7834624497224987,1,19,vax_A_0.2,vax_A,0.2
322,C,0.48093753777354,5.178074865165139e-9,0.519062457048385,1,19,vax_A_0.2,vax_A,0.2
323,A,0.21653754834426936,1.6110264424885588e-9,0.7834624500447047,1,19,vax_A_0.2,vax_A,0.2
323,C,0.48093753712726567,4.853624653688932e-9,0.5190624580191106,1,19,vax_A_0.2,vax_A,0.2
324,A,0.2165375481431975,1.510082013850568e-9,0.783462450346721,1,19,vax_A_0.2,vax_A,0.2
324,C,0.48093753652148424,4.5495039929422155e-9,0.5190624589290109,1,19,vax_A_0.2,vax_A,0.2
325,A,0.2165375479547244,1.4154626063360687e-9,0.7834624506298128,1,19,vax_A_0.2,vax_A,0.2
325,C,0.48093753595366184,4.2644390646726136e-9,0.5190624597818986,1,19,vax_A_0.2,vax_A,0.2
326,A,0.21653754777806075,1.3267719040454663e-9,0.7834624508951664,1,19,vax_A_0.2,vax_A,0.2
326,C,0.48093753542141787,3.997235866100141e-9,0.5190624605813462,1,19,vax_A_0.2,vax_A,0.2
327,A,0.21653754761246652,1.2436384235999312e-9,0.7834624511438948,1,19,vax_A_0.2,vax_A,0.2
327,C,0.48093753492252317,3.7467752088052755e-9,0.5190624613307007,1,19,vax_A_0.2,vax_A,0.2
328,A,0.21653754745724832,1.165713958176688e-9,0.7834624513770375,1,19,vax_A_0.2,vax_A,0.2
328,C,0.48093753445488924,3.512008030978518e-9,0.5190624620331027,1,19,vax_A_0.2,vax_A,0.2
329,A,0.21653754731175578,1.092672119038328e-9,0.7834624515955723,1,19,vax_A_0.2,vax_A,0.2
329,C,0.4809375340165555,3.291951003397033e-9,0.5190624626914924,1,19,vax_A_0.2,vax_A,0.2
330,A,0.2165375471753792,1.0242069684473601e-9,0.783462451800413,1,19,vax_A_0.2,vax_A,0.2
330,C,0.48093753360568825,3.085682410723613e-9,0.5190624633086297,1,19,vax_A_0.2,vax_A,0.2
331,A,0.2165375470475484,9.600317382399765e-10,0.7834624519924208,1,19,vax_A_0.2,vax_A,0.2
331,C,0.48093753322056515,2.8923382908769798e-9,0.5190624638870973,1,19,vax_A_0.2,vax_A,0.2
332,A,0.21653754692772678,8.998776286917632e-10,0.7834624521723951,1,19,vax_A_0.2,vax_A,0.2
332,C,0.4809375328595722,2.711108816302949e-9,0.5190624644293189,1,19,vax_A_0.2,vax_A,0.2
333,A,0.21653754681541323,8.434926826444776e-10,0.7834624523410937,1,19,vax_A_0.2,vax_A,0.2
333,C,0.4809375325211999,2.54123490198941e-9,0.5190624649375668,1,19,vax_A_0.2,vax_A,0.2
334,A,0.21653754671013709,7.906407301780794e-10,0.7834624524992223,1,19,vax_A_0.2,vax_A,0.2
334,C,0.48093753220402774,2.3820050260176842e-9,0.5190624654139665,1,19,vax_A_0.2,vax_A,0.2
335,A,0.21653754661145755,7.411003994078648e-10,0.7834624526474425,1,19,vax_A_0.2,vax_A,0.2
335,C,0.48093753190673066,2.232752249333178e-9,0.5190624658605175,1,19,vax_A_0.2,vax_A,0.2
336,A,0.21653754651896107,6.94664189263377e-10,0.7834624527863747,1,19,vax_A_0.2,vax_A,0.2
336,C,0.48093753162806085,2.09285142225241e-9,0.5190624662790871,1,19,vax_A_0.2,vax_A,0.2
337,A,0.21653754643225986,6.511376003654438e-10,0.7834624529166025,1,19,vax_A_0.2,vax_A,0.2
337,C,0.4809375313668528,1.9617165660059782e-9,0.5190624666714314,1,19,vax_A_0.2,vax_A,0.2
338,A,0.2165375463509916,6.103383203610122e-10,0.7834624530386707,1,19,vax_A_0.2,vax_A,0.2
338,C,0.4809375311220114,1.838798418349883e-9,0.5190624670391909,1,19,vax_A_0.2,vax_A,0.2
339,A,0.2165375462748154,5.720954602992612e-10,0.7834624531530898,1,19,vax_A_0.2,vax_A,0.2
339,C,0.4809375308925104,1.723582134196172e-9,0.5190624673839065,1,19,vax_A_0.2,vax_A,0.2
340,A,0.21653754620341217,5.362488388910335e-10,0.7834624532603393,1,19,vax_A_0.2,vax_A,0.2
340,C,0.4809375306773906,1.6155851254324787e-9,0.5190624677070234,1,19,vax_A_0.2,vax_A,0.2
341,A,0.21653754613648296,5.026483115328201e-10,0.7834624533608685,1,19,vax_A_0.2,vax_A,0.2
341,C,0.48093753047574966,1.5143550432577493e-9,0.5190624680098951,1,19,vax_A_0.2,vax_A,0.2
342,A,0.21653754607374773,4.711531414455648e-10,0.7834624534550999,1,19,vax_A_0.2,vax_A,0.2
342,C,0.48093753028674413,1.4194678824606515e-9,0.5190624682937892,1,19,vax_A_0.2,vax_A,0.2
343,A,0.21653754601494285,4.416314101975106e-10,0.7834624535434264,1,19,vax_A_0.2,vax_A,0.2
343,C,0.4809375301095811,1.3305262053431905e-9,0.5190624685598944,1,19,vax_A_0.2,vax_A,0.2
344,A,0.21653754595982302,4.1395946516051386e-10,0.7834624536262178,1,19,vax_A_0.2,vax_A,0.2
344,C,0.4809375299435165,1.247157477041377e-9,0.5190624688093248,1,19,vax_A_0.2,vax_A,0.2
345,A,0.21653754590815666,3.880214015878273e-10,0.7834624537038222,1,19,vax_A_0.2,vax_A,0.2
345,C,0.48093752978785936,1.1690125051521307e-9,0.5190624690431277,1,19,vax_A_0.2,vax_A,0.2
346,A,0.2165375458597279,3.6370857714406537e-10,0.7834624537765634,1,19,vax_A_0.2,vax_A,0.2
346,C,0.48093752964195535,1.0957639771306892e-9,0.5190624692622807,1,19,vax_A_0.2,vax_A,0.2
347,A,0.21653754581433354,3.409191568539214e-10,0.783462453844748,1,19,vax_A_0.2,vax_A,0.2
347,C,0.480937529505192,1.0271050893324723e-9,0.5190624694677003,1,19,vax_A_0.2,vax_A,0.2
348,A,0.21653754577178333,3.1955768656367835e-10,0.7834624539086588,1,19,vax_A_0.2,vax_A,0.2
348,C,0.48093752937700074,9.62748261957033e-10,0.5190624696602515,1,19,vax_A_0.2,vax_A,0.2
349,A,0.21653754573189934,2.99534693128925e-10,0.7834624539685657,1,19,vax_A_0.2,vax_A,0.2
349,C,0.4809375292568398,9.024239345116217e-10,0.5190624698407359,1,19,vax_A_0.2,vax_A,0.2
350,A,0.21653754569451442,2.8076630965387135e-10,0.7834624540247187,1,19,vax_A_0.2,vax_A,0.2
350,C,0.4809375291442093,8.458794367491685e-10,0.5190624700099127,1,19,vax_A_0.2,vax_A,0.2
351,A,0.21653754565947214,2.631739242125754e-10,0.7834624540773538,1,19,vax_A_0.2,vax_A,0.2
351,C,0.480937529038634,7.928779303515102e-10,0.5190624701684873,1,19,vax_A_0.2,vax_A,0.2
352,A,0.21653754562662575,2.4668385058073146e-10,0.7834624541266907,1,19,vax_A_0.2,vax_A,0.2
352,C,0.48093752893967556,7.431974169251425e-10,0.5190624703171266,1,19,vax_A_0.2,vax_A,0.2
353,A,0.21653754559583704,2.3122701959888595e-10,0.7834624541729359,1,19,vax_A_0.2,vax_A,0.2
353,C,0.4809375288469169,6.966298081543946e-10,0.5190624704564527,1,19,vax_A_0.2,vax_A,0.2
354,A,0.2165375455669773,2.1673868987434462e-10,0.7834624542162841,1,19,vax_A_0.2,vax_A,0.2
354,C,0.4809375287599717,6.529800542173899e-10,0.51906247058705,1,19,vax_A_0.2,vax_A,0.2
355,A,0.21653754553992632,2.0315817661004018e-10,0.7834624542569159,1,19,vax_A_0.2,vax_A,0.2
355,C,0.4809375286784724,6.120653268141038e-10,0.5190624707094622,1,19,vax_A_0.2,vax_A,0.2
356,A,0.2165375455145704,1.90428597424555e-10,0.7834624542950009,1,19,vax_A_0.2,vax_A,0.2
356,C,0.48093752860208094,5.737142533846395e-10,0.5190624708242051,1,19,vax_A_0.2,vax_A,0.2
357,A,0.2165375454908028,1.7849663409866506e-10,0.7834624543307002,1,19,vax_A_0.2,vax_A,0.2
357,C,0.4809375285304753,5.377661993101776e-10,0.5190624709317575,1,19,vax_A_0.2,vax_A,0.2
358,A,0.21653754546852466,1.6731230925046625e-10,0.7834624543641631,1,19,vax_A_0.2,vax_A,0.2
358,C,0.4809375284633569,5.040705950901311e-10,0.5190624710325722,1,19,vax_A_0.2,vax_A,0.2
359,A,0.21653754544764284,1.5682877718765078e-10,0.7834624543955284,1,19,vax_A_0.2,vax_A,0.2
359,C,0.4809375284004445,4.724863056556719e-10,0.5190624711270698,1,19,vax_A_0.2,vax_A,0.2
360,A,0.2165375454280686,1.4700212712652596e-10,0.7834624544249291,1,19,vax_A_0.2,vax_A,0.2
360,C,0.480937528341473,4.428810392870129e-10,0.5190624712156457,1,19,vax_A_0.2,vax_A,0.2
361,A,0.21653754540972137,1.37791199835732e-10,0.7834624544524876,1,19,vax_A_0.2,vax_A,0.2
361,C,0.4809375282861973,4.1513079344112604e-10,0.5190624712986716,1,19,vax_A_0.2,vax_A,0.2
362,A,0.2165375453925238,1.2915741507520663e-10,0.783462454478319,1,19,vax_A_0.2,vax_A,0.2
362,C,0.48093752823438557,3.891193353817805e-10,0.5190624713764966,1,19,vax_A_0.2,vax_A,0.2
363,A,0.21653754537640357,1.2106460998323127e-10,0.7834624545025316,1,19,vax_A_0.2,vax_A,0.2
363,C,0.4809375281858191,3.6473771533734243e-10,0.5190624714494436,1,19,vax_A_0.2,vax_A,0.2
364,A,0.21653754536129358,1.1347888760723315e-10,0.7834624545252276,1,19,vax_A_0.2,vax_A,0.2
364,C,0.4809375281402951,3.418838101614267e-10,0.5190624715178201,1,19,vax_A_0.2,vax_A,0.2
365,A,0.21653754534713032,1.0636847492540814e-10,0.7834624545465007,1,19,vax_A_0.2,vax_A,0.2
365,C,0.4809375280976255,3.2046189558705273e-10,0.5190624715819125,1,19,vax_A_0.2,vax_A,0.2
0,A,0.9989999999999998,0.001,0,2,19,vax_A_0.2,vax_A,0.2
0,C,0.9989999999999999,0.0010000000000000002,0,2,19,vax_A_0.2,vax_A,0.2
1,A,0.9984277441529121,0.0013393579032791674,2.3289794380828424e-4,2,19,vax_A_0.2,vax_A,0.2
1,C,0.9986897236344063,0.0011003558667665593,2.0992049882745623e-4,2,19,vax_A_0.2,vax_A,0.2
2,A,0.9977203967879803,0.0017397116359524872,5.398915760677305e-4,2,19,vax_A_0.2,vax_A,0.2
2,C,0.9983514691005975,0.0012078988007185405,4.406320986836596e-4,2,19,vax_A_0.2,vax_A,0.2
3,A,0.9968688012529632,0.0021984174080700507,9.327813389665666e-4,2,19,vax_A_0.2,vax_A,0.2
3,C,0.9979834833631486,0.0013229221646699609,6.935944721821959e-4,2,19,vax_A_0.2,vax_A,0.2
4,A,0.9958558234669744,0.002720468460960484,0.0014237080720641007,2,19,vax_A_0.2,vax_A,0.2
4,C,0.997583601840211,0.0014460282412143979,9.703699185746198e-4,2,19,vax_A_0.2,vax_A,0.2
5,A,0.9946570879132796,0.0033165373606152894,0.0020263747261051878,2,19,vax_A_0.2,vax_A,0.2
5,C,0.9971492900633269,0.0015780520634946595,0.00127265787317678,2,19,vax_A_0.2,vax_A,0.2
6,A,0.9932424345331285,0.004000485622598011,0.002757079844274232,2,19,vax_A_0.2,vax_A,0.2
6,C,0.9966776522254241,0.0017199941494210273,0.001602353625154701,2,19,vax_A_0.2,vax_A,0.2
7,A,0.991578442797705,0.004787269000275008,0.003634288202020406,2,19,vax_A_0.2,vax_A,0.2
7,C,0.9961655981420983,0.00187292116147079,0.0019614806964296356,2,19,vax_A_0.2,vax_A,0.2
8,A,0.9896267297549156,0.005693324738017028,0.004679945507067671,2,19,vax_A_0.2,vax_A,0.2
8,C,0.9956096673595884,0.0020380041504255903,0.002352328489986618,2,19,vax_A_0.2,vax_A,0.2
9,A,0.9873423558049814,0.006737076582775345,0.005920567612244283,2,19,vax_A_0.2,vax_A,0.2
9,C,0.9950058990469981,0.00221654955651966,0.0027775513964812732,2,19,vax_A_0.2,vax_A,0.2
10,A,0.9846774046801631,0.0079371873706559435,0.007385407949182097,2,19,vax_A_0.2,vax_A,0.2
10,C,0.9943501795715058,0.0024098678460218177,0.003239952582471104,2,19,vax_A_0.2,vax_A,0.2
11,A,0.9815795319274634,0.009313351001571522,0.009107117070964843,2,19,vax_A_0.2,vax_A,0.2
11,C,0.9936381077569723,0.0026193265935357626,0.0037425656494935763,2,19,vax_A_0.2,vax_A,0.2
12,A,0.9779886942121068,0.01088741383215518,0.011123891955739524,2,19,vax_A_0.2,vax_A,0.2
12,C,0.9928647137960623,0.0028464385693569324,0.0042888476345804396,2,19,vax_A_0.2,vax_A,0.2
13,A,0.9738413290282214,0.012681545547234264,0.013477125424544057,2,19,vax_A_0.2,vax_A,0.2
13,C,0.9920248014464513,0.0030927519533158845,0.004882446600231777,2,19,vax_A_0.2,vax_A,0.2
14,A,0.9690682247144067,0.014718859983700176,0.01621291530189285,2,19,vax_A_0.2,vax_A,0.2
14,C,0.9911127280866496,0.003359920257233408,0.005527351656118136,2,19,vax_A_0.2,vax_A,0.2
15,A,0.9635942788107928,0.017022926647399347,0.019382794541808246,2,19,vax_A_0.2,vax_A,0.2
15,C,0.9901223299688713,0.003649718180568804,0.006227951850560516,2,19,vax_A_0.2,vax_A,0.2
16,A,0.9573420110523408,0.01961629002922971,0.023041698918429214,2,19,vax_A_0.2,vax_A,0.2
16,C,0.9890471159834192,0.003963986302497907,0.00698889771408317,2,19,vax_A_0.2,vax_A,0.2
17,A,0.9502299230052563,0.022520342363332065,0.0272497346314116,2,19,vax_A_0.2,vax_A,0.2
17,C,0.9878800168653267,0.004304697148454631,0.007815285986216848,2,19,vax_A_0.2,vax_A,0.2
18,A,0.9421741301473892,0.025754216136147708,0.03207165371646242,2,19,vax_A_0.2,vax_A,0.2
18,C,0.9866133815334397,0.00467395099587839,0.008712667470681376,2,19,vax_A_0.2,vax_A,0.2
19,A,0.9330930572716816,0.029332357982303988,0.03757458474601484,2,19,vax_A_0.2,vax_A,0.2
19,C,0.9852391519939993,0.005073915066026086,0.009686932939974389,2,19,vax_A_0.2,vax_A,0.2
20,A,0.9229085876424858,0.033263131117116644,0.04382828124039687,2,19,vax_A_0.2,vax_A,0.2
20,C,0.983748688875878,0.0055068614966270945,0.010744449627494053,2,19,vax_A_0.2,vax_A,0.2
21,A,0.911550292773583,0.03754678811814445,0.05090291910827365,2,19,vax_A_0.2,vax_A,0.2
21,C,0.9821328605893357,0.005975130110573202,0.011892009300090442,2,19,vax_A_0.2,vax_A,0.2
22,A,0.8989567367681914,0.042173961457962976,0.058869301773845355,2,19,vax_A_0.2,vax_A,0.2
22,C,0.9803818147962609,0.006481174683731958,0.013137010520008109,2,19,vax_A_0.2,vax_A,0.2
23,A,0.8850831733260458,0.04712309523621042,0.06779373143774384,2,19,vax_A_0.2,vax_A,0.2
23,C,0.9784853590967179,0.0070274422821663156,0.014487198621115081,2,19,vax_A_0.2,vax_A,0.2
24,A,0.8699035292707333,0.05235890096540938,0.07773756976385728,2,19,vax_A_0.2,vax_A,0.2
24,C,0.9764327291559042,0.007616412638496925,0.015950858205597405,2,19,vax_A_0.2,vax_A,0.2
25,A,0.8534173254892975,0.05782968475743056,0.0887529897532718,2,19,vax_A_0.2,vax_A,0.2
25,C,0.9742126717494243,0.008250540504195193,0.017536787746380074,2,19,vax_A_0.2,vax_A,0.2
26,A,0.8356518163455572,0.06346818609564772,0.100879997558796,2,19,vax_A_0.2,vax_A,0.2
26,C,0.971813579843632,0.008932202612938643,0.019254217543427092,2,19,vax_A_0.2,vax_A,0.2
27,A,0.8166639512417383,0.06919115997306065,0.11414488878520135,2,19,vax_A_0.2,vax_A,0.2
27,C,0.969223321285624,0.009663708980012845,0.021112969734365026,2,19,vax_A_0.2,vax_A,0.2
28,A,0.7965431590906715,0.07490160665892742,0.1285552342503999,2,19,vax_A_0.2,vax_A,0.2
28,C,0.9664296401011017,0.010447172060904437,0.023123187837993615,2,19,vax_A_0.2,vax_A,0.2
29,A,0.7754116797841777,0.08049101612176138,0.1440973040940605,2,19,vax_A_0.2,vax_A,0.2
29,C,0.9634201158341736,0.01128447199194487,0.025295412173879612,2,19,vax_A_0.2,vax_A,0.2
30,A,0.7534288339794705,0.08583842604837412,0.16073273997215531,2,19,vax_A_0.2,vax_A,0.2
30,C,0.9601816522026659,0.012177276225888429,0.027641071571445512,2,19,vax_A_0.2,vax_A,0.2
31,A,0.7307506874276222,0.09083915814366399,0.17841015442871438,2,19,vax_A_0.2,vax_A,0.2
31,C,0.9567031678024549,0.013126725032025523,0.03017010716551993,2,19,vax_A_0.2,vax_A,0.2
32,A,0.7075949714530153,0.09536598725707948,0.19703904128990557,2,19,vax_A_0.2,vax_A,0.2
32,C,0.9529709765368249,0.014133792298328469,0.03289523116484754,2,19,vax_A_0.2,vax_A,0.2
33,A,0.6841604560428307,0.09932117268079796,0.2165183712763711,2,19,vax_A_0.2,vax_A,0.2
33,C,0.9489737786442619,0.01519878889321557,0.03582743246252217,2,19,vax_A_0.2,vax_A,0.2
34,A,0.6606626753172558,0.10261421371683574,0.23672311096590953,2,19,vax_A_0.2,vax_A,0.2
34,C,0.9446999257837866,0.016321567230725965,0.03897850698548689,2,19,vax_A_0.2,vax_A,0.2
35,A,0.6373081206618442,0.105177238297625,0.2575146410405305,2,19,vax_A_0.2,vax_A,0.2
35,C,0.940138756824532,0.017501367427034013,0.04235987574843368,2,19,vax_A_0.2,vax_A,0.2
36,A,0.6142895539317877,0.10696755605433367,0.2787428900138778,2,19,vax_A_0.2,vax_A,0.2
36,C,0.9352805506256033,0.018736736994117997,0.045982712380280316,2,19,vax_A_0.2,vax_A,0.2
37,A,0.5917855489169778,0.10796504721514621,0.3002494038678763,2,19,vax_A_0.2,vax_A,0.2
37,C,0.9301164073743742,0.020025528849494035,0.04985806377613228,2,19,vax_A_0.2,vax_A,0.2
38,A,0.5699477068089616,0.10817628390675542,0.3218760092842836,2,19,vax_A_0.2,vax_A,0.2
38,C,0.9246388718111849,0.02136481481944067,0.05399631336937345,2,19,vax_A_0.2,vax_A,0.2
39,A,0.5489003936963484,0.10763084021418301,0.3434687660894684,2,19,vax_A_0.2,vax_A,0.2
39,C,0.918841988537775,0.02275086435526793,0.05840714710695739,2,19,vax_A_0.2,vax_A,0.2
40,A,0.5287398195603167,0.10637767281391235,0.36488250762577173,2,19,vax_A_0.2,vax_A,0.2
40,C,0.9127214922918837,0.02417912801114431,0.06309937969697123,2,19,vax_A_0.2,vax_A,0.2
41,A,0.5095384959427155,0.1044822878195072,0.3859792162377768,2,19,vax_A_0.2,vax_A,0.2
41,C,0.9062748134582492,0.02564408987340013,0.06808109666835137,2,19,vax_A_0.2,vax_A,0.2
42,A,0.49134002409011485,0.10202132371051628,0.40663865219936945,2,19,vax_A_0.2,vax_A,0.2
42,C,0.8995015644792138,0.027139456598222148,0.0733589789225656,2,19,vax_A_0.2,vax_A,0.2
43,A,0.47416509745433444,0.09907903760025567,0.42675586494540946,2,19,vax_A_0.2,vax_A,0.2
43,C,0.8924036115612708,0.02865798137600996,0.07893840706271878,2,19,vax_A_0.2,vax_A,0.2
44,A,0.4580138936526541,0.09574177188801164,0.44624433445933476,2,19,vax_A_0.2,vax_A,0.2
44,C,0.8849852743301758,0.03019158076109934,0.08482314490872465,2,19,vax_A_0.2,vax_A,0.2
45,A,0.44287072961159296,0.09209581932683703,0.46503345106157024,2,19,vax_A_0.2,vax_A,0.2
45,C,0.877253386937198,0.03173128412358129,0.09101532893921985,2,19,vax_A_0.2,vax_A,0.2
46,A,0.42870711041498044,0.08822400055819832,0.48306888902682155,2,19,vax_A_0.2,vax_A,0.2
46,C,0.8692173234570442,0.03326737805451238,0.09751529848844377,2,19,vax_A_0.2,vax_A,0.2
47,A,0.41548392286572094,0.08420264963808073,0.5003134274961987,2,19,vax_A_0.2,vax_A,0.2
47,C,0.8608892114336887,0.034789486416308184,0.10432130215000239,2,19,vax_A_0.2,vax_A,0.2
48,A,0.40315497114652327,0.08010045844681266,0.516744570406665,2,19,vax_A_0.2,vax_A,0.2
48,C,0.8522839848340964,0.03628662229681247,0.11142939286909077,2,19,vax_A_0.2,vax_A,0.2
49,A,0.39167056747293855,0.07597673518743545,0.532352697339626,2,19,vax_A_0.2,vax_A,0.2
49,C,0.8434189447969936,0.03774756646324202,0.11883348873976302,2,19,vax_A_0.2,vax_A,0.2
50,A,0.38097680562828407,0.0718848789897572,0.5471383153819586,2,19,vax_A_0.2,vax_A,0.2
50,C,0.8343145029803833,0.03916041057101156,0.12652508644860513,2,19,vax_A_0.2,vax_A,0.2
51,A,0.3710203986097816,0.06786736415115738,0.561112237239061,2,19,vax_A_0.2,vax_A,0.2
51,C,0.8249929995830321,0.04051351740304968,0.13449348301391847,2,19,vax_A_0.2,vax_A,0.2
52,A,0.3617480191355775,0.06395914160844293,0.5742928392559796,2,19,vax_A_0.2,vax_A,0.2
52,C,0.815479133906558,0.04179523100415378,0.14272563508928848,2,19,vax_A_0.2,vax_A,0.2
53,A,0.35310811979059126,0.06018682931855961,0.5867050508908486,2,19,vax_A_0.2,vax_A,0.2
53,C,0.8057997556027339,0.04299423206891461,0.15120601232835168,2,19,vax_A_0.2,vax_A,0.2
54,A,0.3450520615617355,0.05657004379862547,0.5983778946396386,2,19,vax_A_0.2,vax_A,0.2
54,C,0.7959829761548646,0.044099891726566726,0.159917132118568,2,19,vax_A_0.2,vax_A,0.2
55,A,0.33753242313940546,0.05312320727597198,0.6093443695846218,2,19,vax_A_0.2,vax_A,0.2
55,C,0.786058969034098,0.04510198665543936,0.16883904431046248,2,19,vax_A_0.2,vax_A,0.2
56,A,0.3305061756092056,0.049854649639714116,0.6196391747510809,2,19,vax_A_0.2,vax_A,0.2
56,C,0.7760582238288947,0.045991547585244374,0.17795022858586218,2,19,vax_A_0.2,vax_A,0.2
57,A,0.323933370156906,0.04676811453467904,0.6292985153084137,2,19,vax_A_0.2,vax_A,0.2
57,C,0.7660120173696635,0.04676074724281211,0.1872272353875247,2,19,vax_A_0.2,vax_A,0.2
58,A,0.31777681782676676,0.043864390602678834,0.6383587915705535,2,19,vax_A_0.2,vax_A,0.2
58,C,0.7559516900694756,0.04740288043116439,0.19664542949936079,2,19,vax_A_0.2,vax_A,0.2
59,A,0.31200264329498745,0.04114106882987233,0.6468562878751408,2,19,vax_A_0.2,vax_A,0.2
59,C,0.7459083789659656,0.04791270960500248,0.20617891142903239,2,19,vax_A_0.2,vax_A,0.2
60,A,0.30657976765954775,0.038593528233594035,0.6548267041068582,2,19,vax_A_0.2,vax_A,0.2
60,C,0.7359127094962283,0.04828635806009552,0.2158009324436761,2,19,vax_A_0.2,vax_A,0.2
61,A,0.30148012166834187,0.03621520712909551,0.6623046712025622,2,19,vax_A_0.2,vax_A,0.2
61,C,0.7259943894454446,0.04852154080286768,0.2254840697516886,2,19,vax_A_0.2,vax_A,0.2
62,A,0.2966786701581161,0.033997986178891694,0.6693233436629925,2,19,vax_A_0.2,vax_A,0.2
62,C,0.7161818236629595,0.04861770201883971,0.23520047431820026,2,19,vax_A_0.2,vax_A,0.2
63,A,0.29215329435744375,0.03193271274619716,0.6759139928963599,2,19,vax_A_0.2,vax_A,0.2
63,C,0.70650165772985285,0.04857607065999404,0.24492227161015281,2,19,vax_A_0.2,vax_A,0.2
64,A,0.287883891498572,0.030010091495932794,0.6821060170054938,2,19,vax_A_0.2,vax_A,0.2
64,C,0.6969786295355033,0.04839927399848465,0.25462209646601336,2,19,vax_A_0.2,vax_A,0.2
65,A,0.28385218330626255,0.02822083254968841,0.6879269841440493,2,19,vax_A_0.2,vax_A,0.2
65,C,0.6876354312539829,0.048091241527831535,0.2642733272181859,2,19,vax_A_0.2,vax_A,0.2
66,A,0.2800417138362847,0.02655564504132776,0.6934026411223867,2,19,vax_A_0.2,vax_A,0.2
66,C,0.6784925715680548,0.047657173885554474,0.27385025454639084,2,19,vax_A_0.2,vax_A,0.2
67,A,0.2764377476933502,0.02500535153765435,0.6985569007689957,2,19,vax_A_0.2,vax_A,0.2
67,C,0.6695682561805572,0.047103447434865164,0.2833282963845778,2,19,vax_A_0.2,vax_A,0.2
68,A,0.27302706646534175,0.0235610739319216,0.7034118596027367,2,19,vax_A_0.2,vax_A,0.2
68,C,0.6608783154190316,0.046437451060391384,0.29268423352057593,2,19,vax_A_0.2,vax_A,0.2
69,A,0.26979775217647073,0.02221437988642676,0.7079878679371029,2,19,vax_A_0.2,vax_A,0.2
69,C,0.6524361910116634,0.04566739622776634,0.3018964127605689,2,19,vax_A_0.2,vax_A,0.2
70,A,0.2667390082652833,0.020957356389611003,0.7123036353451062,2,19,vax_A_0.2,vax_A,0.2
70,C,0.644252973771593,0.04480212894051778,0.3109448972878894,2,19,vax_A_0.2,vax_A,0.2
71,A,0.26384101811168065,0.019782636362559853,0.7163763455257596,2,19,vax_A_0.2,vax_A,0.2
71,C,0.6363374773893286,0.04385095131554846,0.3198115712951233,2,19,vax_A_0.2,vax_A,0.2
72,A,0.2610948244937869,0.01868340743739018,0.7202217680688221,2,19,vax_A_0.2,vax_A,0.2
72,C,0.6286963380878408,0.042823451823106685,0.3284802100890525,2,19,vax_A_0.2,vax_A,0.2
73,A,0.258492219964651,0.01765341279283833,0.7238543672425101,2,19,vax_A_0.2,vax_A,0.2
73,C,0.6213341354473009,0.04172934418134221,0.3369365203713561,2,19,vax_A_0.2,vax_A,0.2
74,A,0.25602564724029336,0.016686942420119505,0.7272874103395882,2,19,vax_A_0.2,vax_A,0.2
74,C,0.6142535313066284,0.04057831762262788,0.34516815107074417,2,19,vax_A_0.2,vax_A,0.2
75,A,0.25368811172182637,0.015778813333472697,0.7305330749447004,2,19,vax_A_0.2,vax_A,0.2
75,C,0.607455422567608,0.039379901985213524,0.3531646754471791,2,19,vax_A_0.2,vax_A,0.2
76,A,0.2514731068889761,0.014924340872436338,0.7336025522385874,2,19,vax_A_0.2,vax_A,0.2
76,C,0.6009391026007971,0.038143350124986146,0.3609175472742161,2,19,vax_A_0.2,vax_A,0.2
77,A,0.24937455007918033,0.014119305600594313,0.7365061443202248,2,19,vax_A_0.2,vax_A,0.2
77,C,0.5947024237025836,0.03687753989355789,0.36842003640385834,2,19,vax_A_0.2,vax_A,0.2
78,A,0.24738673333894326,0.013359914314546004,0.7392533523465111,2,19,vax_A_0.2,vax_A,0.2
78,C,0.5887419692555913,0.03559088946710697,0.37566714127730133,2,19,vax_A_0.2,vax_A,0.2
79,A,0.24550427708155412,0.01264276440744656,0.7418529585109985,2,19,vax_A_0.2,vax_A,0.2
79,C,0.5830532116199083,0.034291295920079644,0.3826554924600126,2,19,vax_A_0.2,vax_A,0.2
80,A,0.24372209192395386,0.011964807497801514,0.7443131005782447,2,19,vax_A_0.2,vax_A,0.2
80,C,0.5776306663433132,0.03298608936789913,0.3893832442887881,2,19,vax_A_0.2,vax_A,0.2
81,A,0.24203534759494155,0.011323313291357667,0.7466413391137,2,19,vax_A_0.2,vax_A,0.2
81,C,0.5724680400293948,0.03168200185177021,0.3958499581188349,2,19,vax_A_0.2,vax_A,0.2
82,A,0.24043944767588554,0.010715834756408417,0.7488447175677063,2,19,vax_A_0.2,vax_A,0.2
82,C,0.5675583696603259,0.030385149914445318,0.4020564804252295,2,19,vax_A_0.2,vax_A,0.2
83,A,0.2389300088214529,0.010140175568908507,0.750929815609639,2,19,vax_A_0.2,vax_A,0.2
83,C,0.5628941514970947,0.029101029678799954,0.4080048188241055,2,19,vax_A_0.2,vax_A,0.2
84,A,0.23750284364390828,0.009594360307623336,0.752902796048469,2,19,vax_A_0.2,vax_A,0.2
84,C,0.5584674584315876,0.027834522690513678,0.413698018877899,2,19,vax_A_0.2,vax_A,0.2
85,A,0.23615394642719584,0.009076606951592424,0.7547694466212116,2,19,vax_A_0.2,vax_A,0.2
85,C,0.5542700476579933,0.02658991081663852,0.4191400415253679,2,19,vax_A_0.2,vax_A,0.2
86,A,0.23487948301613776,0.008585305261554491,0.7565352117223084,2,19,vax_A_0.2,vax_A,0.2
86,C,0.5502934446653349,0.02537089616495677,0.42433565916970906,2,19,vax_A_0.2,vax_A,0.2
87,A,0.23367577835727824,0.008118989116226872,0.7582052325264952,2,19,vax_A_0.2,vax_A,0.2
87,C,0.5465290498629183,0.024180631914056627,0.42929031822302627,2,19,vax_A_0.2,vax_A,0.2
88,A,0.2325393085819718,0.0076763164300349615,0.7597843749879927,2,19,vax_A_0.2,vax_A,0.2
88,C,0.5429682163884257,0.023021756056626437,0.43401002755494855,2,19,vax_A_0.2,vax_A,0.2
89,A,0.231466696703476,0.007256056362474078,0.7612772469340506,2,19,vax_A_0.2,vax_A,0.2
89,C,0.5396022991240246,0.021896424684741088,0.4385012761912339,2,19,vax_A_0.2,vax_A,0.2
90,A,0.23045470785658395,0.006857076871504193,0.7626882152719123,2,19,vax_A_0.2,vax_A,0.2
90,C,0.5364227012989575,0.02080634647379111,0.44277095222725193,2,19,vax_A_0.2,vax_A,0.2
91,A,0.22950024286052667,0.006478329737477062,0.7640214274019961,2,19,vax_A_0.2,vax_A,0.2
91,C,0.5334209300882956,0.01975282019669834,0.44682624971500745,2,19,vax_A_0.2,vax_A,0.2
92,A,0.22860033260480483,0.006118837176222939,0.7652808302189728,2,19,vax_A_0.2,vax_A,0.2
92,C,0.5305886458073813,0.018736773731810853,0.45067458046080783,2,19,vax_A_0.2,vax_A,0.2
93,A,0.227752134371294,0.0057776825978492555,0.766470183030857,2,19,vax_A_0.2,vax_A,0.2
93,C,0.5279176949110147,0.017758802099344523,0.4543235029896409,2,19,vax_A_0.2,vax_A,0.2
94,A,0.22695292886288929,0.005454004033096437,0.7675930671040148,2,19,vax_A_0.2,vax_A,0.2
94,C,0.5254001321702512,0.016819203330671245,0.4577806644990764,2,19,vax_A_0.2,vax_A,0.2
95,A,0.22620011671782275,0.0051469880219512905,0.768652895260226,2,19,vax_A_0.2,vax_A,0.2
95,C,0.5230282402305645,0.015918012399673345,0.46105374736976373,2,19,vax_A_0.2,vax_A,0.2
96,A,0.2254912146336557,0.004855863621814616,0.7696529217445298,2,19,vax_A_0.2,vax_A,0.2
96,C,0.5207945478734688,0.01505503370329076,0.46415041842324123,2,19,vax_A_0.2,vax_A,0.2
97,A,0.2248238517489531,0.004579897375967981,0.7705962508750787,2,19,vax_A_0.2,vax_A,0.2
97,C,0.5186918439116167,0.014229871991248522,0.4670782840971355,2,19,vax_A_0.2,vax_A,0.2
98,A,0.22419576639680358,0.004318389589713789,0.7714858440134833,2,19,vax_A_0.2,vax_A,0.2
98,C,0.5167131855583404,0.013441961101310771,0.4698448533403496,2,19,vax_A_0.2,vax_A,0.2
99,A,0.22360480288619655,0.004070671499517574,0.7723245256142863,2,19,vax_A_0.2,vax_A,0.2
99,C,0.5148519027480035,0.012690590232124387,0.47245750701987244,2,19,vax_A_0.2,vax_A,0.2
100,A,0.22304890811488814,0.003836102823626451,0.7731149890614848,2,19,vax_A_0.2,vax_A,0.2
100,C,0.5131016002954709,0.011974927849365399,0.47492347185516404,2,19,vax_A_0.2,vax_A,0.2
101,A,0.2225261280929517,0.0036140695913146007,0.7738598023157347,2,19,vax_A_0.2,vax_A,0.2
101,C,0.5114561583488434,0.011294043448035362,0.4772497982031211,2,19,vax_A_0.2,vax_A,0.2
102,A,0.22203460451511278,0.003403982367839428,0.7745614131170486,2,19,vax_A_0.2,vax_A,0.2
102,C,0.5099097308132761,0.010646927258927739,0.4794433419277975,2,19,vax_A_0.2,vax_A,0.2
103,A,0.22157257139784095,0.0032052748906988534,0.7752221537114597,2,19,vax_A_0.2,vax_A,0.2
103,C,0.5084567417582577,0.010032507899929573,0.4815107503418133,2,19,vax_A_0.2,vax_A,0.2
104,A,0.22113835171984755,0.003017402987586847,0.7758442452925651,2,19,vax_A_0.2,vax_A,0.2
104,C,0.5070918803232422,0.009449668025406383,0.4834584516513519,2,19,vax_A_0.2,vax_A,0.2
105,A,0.22073035403930125,0.0028398436497766126,0.7764298023109228,2,19,vax_A_0.2,vax_A,0.2
105,C,0.5058100946363638,0.008897258116573341,0.48529264724706317,2,19,vax_A_0.2,vax_A,0.2
106,A,0.22034706911856633,0.002672094221122176,0.7769808366603119,2,19,vax_A_0.2,vax_A,0.2
106,C,0.5046065849675635,0.008374108580636828,0.487019306451798,2,19,vax_A_0.2,vax_A,0.2
107,A,0.2199870665939228,0.0025136717064268396,0.7774992616996506,2,19,vax_A_0.2,vax_A,0.2
107,C,0.5034767961803529,0.007879040295992689,0.4886441635236525,2,19,vax_A_0.2,vax_A,0.2
108,A,0.219648991699949,0.002364112184736912,0.7779868961153146,2,19,vax_A_0.2,vax_A,0.2
108,C,0.5024164095995671,0.007410873715704294,0.4901727166847283,2,19,vax_A_0.2,vax_A,0.2
109,A,0.21933156204265392,0.0022229702899552867,0.7784454676673912,2,19,vax_A_0.2,vax_A,0.2
109,C,0.5014213344873731,0.006968436646047416,0.49161022886657907,2,19,vax_A_0.2,vax_A,0.2
110,A,0.21903356442330374,0.002089818726487537,0.7788766168502086,2,19,vax_A_0.2,vax_A,0.2
110,C,0.5004876992992265,0.006550570829799943,0.4929617298709738,2,19,vax_A_0.2,vax_A,0.2
111,A,0.21875385172589176,0.001964247806675479,0.7792819004674326,2,19,vax_A_0.2,vax_A,0.2
111,C,0.4996118428224225,0.00615613746252657,0.49423201971505026,2,19,vax_A_0.2,vax_A,0.2
112,A,0.21849133988066996,0.0018458650064133361,0.7796627951129166,2,19,vax_A_0.2,vax_A,0.2
112,C,0.4987903052618806,0.005784021756068647,0.49542567298205015,2,19,vax_A_0.2,vax_A,0.2
113,A,0.218245004908946,0.0017342945332754632,0.7800207005577782,2,19,vax_A_0.2,vax_A,0.2
113,C,0.4980198193397934,0.005433136650538663,0.4965470440096672,2,19,vax_A_0.2,vax_A,0.2
114,A,0.21801388005063457,0.0016291768984889466,0.7803569430508752,2,19,vax_A_0.2,vax_A,0.2
114,C,0.49729730148088025,0.005102425770121565,0.49760027274899704,2,19,vax_A_0.2,vax_A,0.2
115,A,0.21779705297745083,0.0015301684861181027,0.7806727785364316,2,19,vax_A_0.2,vax_A,0.2
115,C,0.4966198431426778,0.004790865714236174,0.4985892911430859,2,19,vax_A_0.2,vax_A,0.2
116,A,0.21759366309620715,0.0014369411171607602,0.7809693957866315,2,19,vax_A_0.2,vax_A,0.2
116,C,0.49598470233088793,0.004497467769003165,0.49951782990010907,2,19,vax_A_0.2,vax_A,0.2
117,A,0.21740289894552975,0.0013491816087604174,0.7812479194457103,2,19,vax_A_0.2,vax_A,0.2
117,C,0.49538929532695514,0.00422127911571282,0.500389425557332,2,19,vax_A_0.2,vax_A,0.2
118,A,0.21722399568765324,0.0012665913282169676,0.7815094129841293,2,19,vax_A_0.2,vax_A,0.2
118,C,0.4948311886566597,0.0039613835994110535,0.5012074277439282,2,19,vax_A_0.2,vax_A,0.2
119,A,0.2170562326947705,0.0011888857421873081,0.7817548815630426,2,19,vax_A_0.2,vax_A,0.2
119,C,0.4943080913146171,0.0037169021251016493,0.501975006560281,2,19,vax_A_0.2,vax_A,0.2
120,A,0.2168989312303104,0.0011157939610193755,0.7819852748086703,2,19,vax_A_0.2,vax_A,0.2
120,C,0.4938178472628562,0.003486992734278994,0.5026951600028645,2,19,vax_A_0.2,vax_A,0.2
121,A,0.216751452225268,0.0010470582792800446,0.7822014894954522,2,19,vax_A_0.2,vax_A,0.2
121,C,0.4933584282137027,0.0032708504104740294,0.5033707213758224,2,19,vax_A_0.2,vax_A,0.2
122,A,0.21661319414897748,9.824337141492116e-4,0.7824043721368734,2,19,vax_A_0.2,vax_A,0.2
122,C,0.49292792670189906,0.0030677066577365327,0.5040043666403656,2,19,vax_A_0.2,vax_A,0.2
123,A,0.2164835909729511,9.216875433819466e-4,0.7825947214836667,2,19,vax_A_0.2,vax_A,0.2
123,C,0.4925245494475069,0.0028768288916117433,0.5045986216608828,2,19,vax_A_0.2,vax_A,0.2
124,A,0.21636211022602178,8.645988442970515e-4,0.7827732909296811,2,19,vax_A_0.2,vax_A,0.2
124,C,0.4921466110094484,0.002697519677029433,0.5051558693135242,2,19,vax_A_0.2,vax_A,0.2
125,A,0.21624825113893095,8.109580351838524e-4,0.7829407908258851,2,19,vax_A_0.2,vax_A,0.2
125,C,0.4917925277277988,0.0025291158428094804,0.5056783564293917,2,19,vax_A_0.2,vax_A,0.2
126,A,0.216141542876315,7.605664206062688e-4,0.7830978907030786,2,19,vax_A_0.2,vax_A,0.2
126,C,0.491460811950866,0.002370987498738004,0.5061682005503962,2,19,vax_A_0.2,vax_A,0.2
127,A,0.21604154285377455,7.132357420881265e-4,0.7832452214041372,2,19,vax_A_0.2,vax_A,0.2
127,C,0.4911500665412477,0.0022225369780190522,0.5066273964807338,2,19,vax_A_0.2,vax_A,0.2
128,A,0.21594783513748322,6.687877355185219e-4,0.7833833771269987,2,19,vax_A_0.2,vax_A,0.2
128,C,0.4908589796539486,0.0020831977249206254,0.5070578226211317,2,19,vax_A_0.2,vax_A,0.2
129,A,0.21586002892366768,6.270536964343966e-4,0.7835129173798984,2,19,vax_A_0.2,vax_A,0.2
129,C,0.4905863197788384,0.0019524331445825306,0.5074612470765795,2,19,vax_A_0.2,vax_A,0.2
130,A,0.21577775709522776,5.878740542060138e-4,0.7836343688505649,2,19,vax_A_0.2,vax_A,0.2
130,C,0.4903309310391416,0.001829735429418825,0.5078393335314382,2,19,vax_A_0.2,vax_A,0.2
131,A,0.215700674852715,5.510979560488127e-4,0.7837482271912359,2,19,vax_A_0.2,vax_A,0.2
131,C,0.4900917287370973,0.0017146243743874534,0.5081936468885154,2,19,vax_A_0.2,vax_A,0.2
132,A,0.21562845841683664,5.165828616645546e-4,0.7838549587214978,2,19,vax_A_0.2,vax_A,0.2
132,C,0.4898676951375179,0.001606646191526011,0.5085256586709557,2,19,vax_A_0.2,vax_A,0.2
133,A,0.21556080379963008,4.841941491747e-4,0.7839550020511946,2,19,vax_A_0.2,vax_A,0.2
133,C,0.4896578754797918,0.0015053723324726534,0.5088367521877364,2,19,vax_A_0.2,vax_A,0.2
134,A,0.2154974256414532,4.538047328755734e-4,0.7840487696256725,2,19,vax_A_0.2,vax_A,0.2
134,C,0.48946137420875935,0.0014103983261871756,0.5091282274650535,2,19,vax_A_0.2,vax_A,0.2
135,A,0.21543805611096403,4.252946932298833e-4,0.7841366491958071,2,19,vax_A_0.2,vax_A,0.2
135,C,0.4892773514149396,0.0013213426377729196,0.5094013059472867,2,19,vax_A_0.2,vax_A,0.2
136,A,0.21538244386530436,3.985509194051086e-4,0.7842190052152902,2,19,vax_A_0.2,vax_A,0.2
136,C,0.48910501947460133,0.0012378455531669383,0.5096571349722328,2,19,vax_A_0.2,vax_A,0.2
137,A,0.21533035306776202,3.7346676455509624e-4,0.7842961801676823,2,19,vax_A_0.2,vax_A,0.2
137,C,0.4889436398804012,0.0011595680934201162,0.5098967920261785,2,19,vax_A_0.2,vax_A,0.2
138,A,0.21528156246015015,3.4994171403703245e-4,0.784368495825813,2,19,vax_A_0.2,vax_A,0.2
138,C,0.4887925202530695,0.0010861909618401762,0.5101212887850894,2,19,vax_A_0.2,vax_A,0.2
139,A,0.215235864487385,3.278810664999781e-4,0.7844362544461139,2,19,vax_A_0.2,vax_A,0.2
139,C,0.48865101152562074,0.0010174135257449122,0.5103315749486336,2,19,vax_A_0.2,vax_A,0.2
140,A,0.2151930644716844,3.0719562784710885e-4,0.784499739900468,2,19,vax_A_0.2,vax_A,0.2
140,C,0.4885185052912274,9.529528345833778e-4,0.5105285418741898,2,19,vax_A_0.2,vax_A,0.2
141,A,0.21515297983389475,2.8780141798955824e-4,0.7845592187481163,2,19,vax_A_0.2,vax_A,0.2
141,C,0.4883944313062383,8.925426755527137e-4,0.510713026018209,2,19,vax_A_0.2,vax_A,0.2
142,A,0.21511543935956887,2.696193902402256e-4,0.7846149412501917,2,19,vax_A_0.2,vax_A,0.2
142,C,0.48827825514018,8.359326673168933e-4,0.5108858121925031,2,19,vax_A_0.2,vax_A,0.2
143,A,0.21508028250748853,2.525751631313265e-4,0.7846671423293805,2,19,vax_A_0.2,vax_A,0.2
143,C,0.48816947596493404,7.828873919768662e-4,0.5110476366430899,2,19,vax_A_0.2,vax_A,0.2
144,A,0.21504735875843559,2.3659876440418313e-4,0.784716042477161,2,19,vax_A_0.2,vax_A,0.2
144,C,0.48806762447558266,7.331855651542313e-4,0.5111991899592643,2,19,vax_A_0.2,vax_A,0.2
145,A,0.21501652700206914,2.2162438689508272e-4,0.7847618486110355,2,19,vax_A_0.2,vax_A,0.2
145,C,0.48797226093570384,6.866192438339056e-4,0.5113411198204626,2,19,vax_A_0.2,vax_A,0.2
146,A,0.21498765495986968,2.0759015601390558e-4,0.7848047548841166,2,19,vax_A_0.2,vax_A,0.2
146,C,0.48788297334016967,6.429930713981055e-4,0.5114740335884307,2,19,vax_A_0.2,vax_A,0.2
147,A,0.21496061864219537,1.944379084849297e-4,0.7848449434493198,2,19,vax_A_0.2,vax_A,0.2
147,C,0.48779937568886494,6.021235590851169e-4,0.5115985007520496,2,19,vax_A_0.2,vax_A,0.2
148,A,0.2149353018375802,1.82112981998631e-4,0.7848825851804211,2,19,vax_A_0.2,vax_A,0.2
148,C,0.48772110636503396,5.638384029539795e-4,0.5117150552320129,2,19,vax_A_0.2,vax_A,0.2
149,A,0.2149115956324953,1.705640154106505e-4,0.7849178403520948,2,19,vax_A_0.2,vax_A,0.2
149,C,0.48764782661229034,5.279758353328336e-4,0.5118241975523761,2,19,vax_A_0.2,vax_A,0.2
150,A,0.21488939795986992,1.5974275911622053e-4,0.7849508592810138,2,19,vax_A_0.2,vax_A,0.2
150,C,0.4875792191045933,4.943840096538929e-4,0.5119263968857538,2,19,vax_A_0.2,vax_A,0.2
151,A,0.21486861317475378,1.496038952225413e-4,0.7849817829300243,2,19,vax_A_0.2,vax_A,0.2
151,C,0.4875149866037736,4.629204175176708e-4,0.5120220929787098,2,19,vax_A_0.2,vax_A,0.2
152,A,0.21484915165557966,1.4010486713790225e-4,0.7850107434772832,2,19,vax_A_0.2,vax_A,0.2
152,C,0.48745485069951466,4.3345133678327424e-4,0.5121116979637025,2,19,vax_A_0.2,vax_A,0.2
153,A,0.21483092942956525,1.3120571819559876e-4,0.7850378648522383,2,19,vax_A_0.2,vax_A,0.2
153,C,0.4873985506269113,4.0585130945413255e-4,0.512195598063634,2,19,vax_A_0.2,vax_A,0.2
154,A,0.21481386782086298,1.22868938932831e-4,0.785063263240204,2,19,vax_A_0.2,vax_A,0.2
154,C,0.48734584215702165,3.8000264811791247e-4,0.5122741551948601,2,19,vax_A_0.2,vax_A,0.2
155,A,0.2147978931201378,1.1505932264908023e-4,0.7850870475572139,2,19,vax_A_0.2,vax_A,0.2
155,C,0.48729649655606244,3.557949697005387e-4,0.5123477084742379,2,19,vax_A_0.2,vax_A,0.2
156,A,0.21478293627432912,1.0774382887412902e-4,0.7851093198967964,2,19,vax_A_0.2,vax_A,0.2
156,C,0.48725029960914695,3.3312475530295036e-4,0.5124165756355519,2,19,vax_A_0.2,vax_A,0.2
157,A,0.2147689325954155,1.0089145438100038e-4,0.7851301759502023,2,19,vax_A_0.2,vax_A,0.2
157,C,0.4872070507046888,3.1189493489676255e-4,0.5124810543604135,2,19,vax_A_0.2,vax_A,0.2
158,A,0.2147558214870466,9.447311139810502e-5,0.7851497054015542,2,19,vax_A_0.2,vax_A,0.2
158,C,0.4871665619757749,2.9201449572703716e-4,0.512541423528498,2,19,vax_A_0.2,vax_A,0.2
159,A,0.21474354618800753,8.846151266268431e-5,0.7851679922993299,2,19,vax_A_0.2,vax_A,0.2
159,C,0.48712865749509016,2.733981131998697e-4,0.5125979443917102,2,19,vax_A_0.2,vax_A,0.2
160,A,0.21473205353149802,8.283106298514208e-5,0.7851851154055158,2,19,vax_A_0.2,vax_A,0.2
160,C,0.48709317252014706,2.5596580314645535e-4,0.5126508616767065,2,19,vax_A_0.2,vax_A,0.2
161,A,0.21472129371929502,7.755775700169907e-5,0.7852011485237042,2,19,vax_A_0.2,vax_A,0.2
161,C,0.48705995278572106,2.3964259437747544e-4,0.5127004046199012,2,19,vax_A_0.2,vax_A,0.2
162,A,0.21471122010988855,7.26190828019685e-5,0.7852161608073097,2,19,vax_A_0.2,vax_A,0.2
162,C,0.4870288538405972,2.2435822046966701e-4,0.5127467879389331,2,19,vax_A_0.2,vax_A,0.2
163,A,0.21470178901976594,6.799393112735808e-5,0.7852302170491077,2,19,vax_A_0.2,vax_A,0.2
163,C,0.486999740425926,2.1004682975600845e-4,0.5127902127443182,2,19,vax_A_0.2,vax_A,0.2
164,A,0.21469295953703993,6.366250984854357e-5,0.7852433779531119,2,19,vax_A_0.2,vax_A,0.2
164,C,0.48697248589261977,1.966467125354131e-4,0.5128308673948441,2,19,vax_A_0.2,vax_A,0.2
165,A,0.21468469334668092,5.960626344310262e-5,0.7852557003898765,2,19,vax_A_0.2,vax_A,0.2
165,C,0.4869469716553825,1.8410004456446586e-4,0.5128689283000527,2,19,vax_A_0.2,vax_A,0.2
166,A,0.21467695456663716,5.580779720606483e-5,0.7852672376361571,2,19,vax_A_0.2,vax_A,0.2
166,C,0.48692308668110046,1.723526459345592e-4,0.512904560672964,2,19,vax_A_0.2,vax_A,0.2
167,A,0.21466970959419077,5.225080593703892e-5,0.7852780395998715,2,19,vax_A_0.2,vax_A,0.2
167,C,0.4869007270094705,1.613537544749936e-4,0.5129379192360543,2,19,vax_A_0.2,vax_A,0.2
168,A,0.2146629269619152,4.892000685860648e-5,0.7852881530312267,2,19,vax_A_0.2,vax_A,0.2
168,C,0.48687979530385184,1.510558128609294e-4,0.5129691488832875,2,19,vax_A_0.2,vax_A,0.2
169,A,0.21465657720264575,4.580107653197882e-5,0.7852976217208215,2,19,vax_A_0.2,vax_A,0.2
169,C,0.48686020043047445,1.414142686450913e-4,0.5129983853008807,2,19,vax_A_0.2,vax_A,0.2
170,A,0.2146506327229163,4.2880591547059996e-5,0.7853064866855369,2,19,vax_A_0.2,vax_A,0.2
170,C,0.4868418570642238,1.3238738647146516e-4,0.5130257555493063,2,19,vax_A_0.2,vax_A,0.2
171,A,0.2146450676843321,4.014597277473161e-5,0.7853147863428924,2,19,vax_A_0.2,vax_A,0.2
171,C,0.48682468531934575,1.2393607176641657e-4,0.5130513786088884,2,19,vax_A_0.2,vax_A,0.2
172,A,0.21463985789239542,3.758543297944427e-5,0.7853225566746244,2,19,vax_A_0.2,vax_A,0.2
172,C,0.4868086104035223,1.1602370523815467e-4,0.5130753658912388,2,19,vax_A_0.2,vax_A,0.2
173,A,0.21463498069231857,3.518792760019443e-5,0.7853298313800819,2,19,vax_A_0.2,vax_A,0.2
173,C,0.486793562293833,1.0861598755007407e-4,0.5130978217186174,2,19,vax_A_0.2,vax_A,0.2
174,A,0.21463041487139212,3.294310851770651e-5,0.7853366420200903,2,19,vax_A_0.2,vax_A,0.2
174,C,0.48677947543324784,1.0168079356727823e-4,0.5131188437731853,2,19,vax_A_0.2,vax_A,0.2
175,A,0.21462614056750562,3.0841280635050725e-5,0.7853430181518595,2,19,vax_A_0.2,vax_A,0.2
175,C,0.48676628844635833,9.518803560808622e-5,0.5131385235180336,2,19,vax_A_0.2,vax_A,0.2
176,A,0.21462213918343112,2.887336110794584e-5,0.7853489874554616,2,19,vax_A_0.2,vax_A,0.2
176,C,0.4867539438731319,8.910953516326181e-5,0.5131569465917065,2,19,vax_A_0.2,vax_A,0.2
177,A,0.21461839330651628,2.7030841069494883e-5,0.7853545758524141,2,19,vax_A_0.2,vax_A,0.2
177,C,0.4867423879195558,8.341890257456213e-5,0.5131741931778694,2,19,vax_A_0.2,vax_A,0.2
178,A,0.2146148866334464,2.5305749703287795e-5,0.7853598076168504,2,19,vax_A_0.2,vax_A,0.2
178,C,0.4867315702241197,7.809142419645049e-5,0.5131903383516838,2,19,vax_A_0.2,vax_A,0.2
179,A,0.21461160389975986,2.369062052500889e-5,0.7853647054797152,2,19,vax_A_0.2,vax_A,0.2
179,C,0.4867214436391084,7.310395658392678e-5,0.5132054524043088,2,19,vax_A_0.2,vax_A,0.2
180,A,0.21460853081382106,2.2178459741737227e-5,0.7853692907264378,2,19,vax_A_0.2,vax_A,0.2
180,C,0.48671196402580513,6.843482728178774e-5,0.5132196011469123,2,19,vax_A_0.2,vax_A,0.2
181,A,0.2146056539949678,2.0762716565159743e-5,0.7853735832884671,2,19,vax_A_0.2,vax_A,0.2
181,C,0.4867030900627109,6.406374181405105e-5,0.5132328461954755,2,19,vax_A_0.2,vax_A,0.2
182,A,0.2146029609155762,1.9437255361689067e-5,0.7853776018290618,2,19,vax_A_0.2,vax_A,0.2
182,C,0.4866947830659401,5.9971696494778565e-5,0.5132452452375671,2,19,vax_A_0.2,vax_A,0.2
183,A,0.214600439846794,1.8196329528904e-5,0.785381363823678,2,19,vax_A_0.2,vax_A,0.2
183,C,0.4866870068210543,5.6140896702860817e-05,0.5132568522822435,2,19,vax_A_0.2,vax_A,0.2
184,A,0.2145980798077079,1.70345569940753e-5,0.7853848856352984,2,19,vax_A_0.2,vax_A,0.2
184,C,0.486679727425593,5.255468028462614e-5,0.5132677178941224,2,19,vax_A_0.2,vax_A,0.2
185,A,0.21459587051774465,1.594689723659985e-5,0.7853881825850184,2,19,vax_A_0.2,vax_A,0.2
185,C,0.48667291314161387,4.919744576846161e-5,0.5132778894126168,2,19,vax_A_0.2,vax_A,0.2
186,A,0.21459380235207864,1.4928629741832503e-5,0.7853912690181786,2,19,vax_A_0.2,vax_A,0.2
186,C,0.48666653425763196,4.6054585094414524e-5,0.5132874111572729,2,19,vax_A_0.2,vax_A,0.2
187,A,0.21459186629987703,1.397533379911846e-5,0.7853941583663239,2,19,vax_A_0.2,vax_A,0.2
187,C,0.48666056295934174,4.311242057922172e-5,0.5132963246200791,2,19,vax_A_0.2,vax_A,0.2
188,A,0.2145900539251934,1.308286956188824e-5,0.7853968632052446,2,19,vax_A_0.2,vax_A,0.2
188,C,0.4866549732085763,4.035814585385333e-5,0.51330466864557045,2,19,vax_A_0.2,vax_A,0.2
189,A,0.21458835733034343,1.2247360292503133e-5,0.7853993953093641,2,19,vax_A_0.2,vax_A,0.2
189,C,0.48664974062997335,3.777977052655763e-5,0.5133124795995008,2,19,vax_A_0.2,vax_A,0.2
190,A,0.2145867691216094,1.146517571911236e-5,0.7854017657026714,2,19,vax_A_0.2,vax_A,0.2
190,C,0.4866448424048663,3.536606833941136e-5,0.513319791526794,2,19,vax_A_0.2,vax_A,0.2
191,A,0.21458528237712482,1.0732916436093518e-5,0.7854039847064399,2,19,vax_A_0.2,vax_A,0.2
191,C,0.4866402571719335,3.310652860046513e-5,0.5133266362994652,2,19,vax_A_0.2,vax_A,0.2
192,A,0.21458389061679511,1.0047399283709663e-5,0.7854060619839204,2,19,vax_A_0.2,vax_A,0.2
192,C,0.4866359649341839,3.099131068679746e-5,0.5133330437551317,2,19,vax_A_0.2,vax_A,0.2
193,A,0.21458258777414066,9.405643646458857e-6,0.7854080065822124,2,19,vax_A_0.2,vax_A,0.2
193,C,0.4866319469718598,2.901120142627867e-5,0.5133390418267145,2,19,vax_A_0.2,vax_A,0.2
194,A,0.21458136816992124,8.804858613223783e-6,0.7854098269714667,2,19,vax_A_0.2,vax_A,0.2
194,C,0.4866281857609194,2.715757517764028e-5,0.5133446566639019,2,19,vax_A_0.2,vax_A,0.2
195,A,0.21458022648744496,8.242430945757745e-6,0.7854115310816095,2,19,vax_A_0.2,vax_A,0.2
195,C,0.48662466489668715,2.5422356439546032e-5,0.5133499127468726,2,19,vax_A_0.2,vax_A,0.2
196,A,0.21457915774944603,7.715913805274186e-6,0.7854131263367486,2,19,vax_A_0.2,vax_A,0.2
196,C,0.48662136902239167,2.3797984829792975e-5,0.5133548329927784,2,19,vax_A_0.2,vax_A,0.2
197,A,0.21457815729643565,7.223016189939043e-6,0.7854146196873745,2,19,vax_A_0.2,vax_A,0.2
197,C,0.48661828376225735,2.2277382285526924e-5,0.5133594388554568,2,19,vax_A_0.2,vax_A,0.2
198,A,0.2145772207664308,6.7615930389999064e-6,0.7854160176405305,2,19,vax_A_0.2,vax_A,0.2
198,C,0.4866153956588657,2.0853922344871213e-5,0.5133637504187896,2,19,vax_A_0.2,vax_A,0.2
199,A,0.21457634407597262,6.329635961859935e-6,0.7854173262880656,2,19,vax_A_0.2,vax_A,0.2
199,C,0.4866126921145093,1.952140137846323e-5,0.5133677864841125,2,19,vax_A_0.2,vax_A,0.2
200,A,0.21457552340235767,5.92526455305559e-6,0.7854185513330892,2,19,vax_A_0.2,vax_A,0.2
200,C,0.486610161336293,1.82740116480335e-5,0.5133715646520594,2,19,vax_A_0.2,vax_A,0.2
201,A,0.21457475516699792,5.546718256477107e-6,0.7854196981147449,2,19,vax_A_0.2,vax_A,0.2
201,C,0.48660779228473394,1.710631607674521e-5,0.5133751013991891,2,19,vax_A_0.2,vax_A,0.2
202,A,0.21457403601984187,5.192348744412995e-6,0.7854207716314143,2,19,vax_A_0.2,vax_A,0.2
202,C,0.4866055746256462,1.6013224623151263e-5,0.5133784121497319,2,19,vax_A_0.2,vax_A,0.2
203,A,0.2145733628247897,4.860612779108607e-6,0.7854217765624307,2,19,vax_A_0.2,vax_A,0.2
203,C,0.4866034986850874,1.4989972157328956e-5,0.5133815113427553,2,19,vax_A_0.2,vax_A,0.2
204,A,0.21457273264603735,4.550065526528544e-6,0.7854227172884358,2,19,vax_A_0.2,vax_A,0.2
204,C,0.4866015554071987,1.4032097744125079e-5,0.5133844124950575,2,19,vax_A_0.2,vax_A,0.2
205,A,0.2145721427352905,4.259354293895023e-6,0.7854235979104153,2,19,vax_A_0.2,vax_A,0.2
205,C,0.4865997363147176,1.3135425244437432e-5,0.5133871282600391,2,19,vax_A_0.2,vax_A,0.2
206,A,0.21457159051979602,3.987212664337505e-6,0.7854244222675411,2,19,vax_A_0.2,vax_A,0.2
206,C,0.48659803347201913,1.2296045151050735e-5,0.5133896704828296,2,19,vax_A_0.2,vax_A,0.2
207,A,0.21457107359113384,3.732455003641025e-6,0.7854251939538629,2,19,vax_A_0.2,vax_A,0.2
207,C,0.4865964394505213,1.1510297580771932e-5,0.5133920502518973,2,19,vax_A_0.2,vax_A,0.2
208,A,0.2145705896947269,3.493971315634548e-6,0.7854259163339571,2,19,vax_A_0.2,vax_A,0.2
208,C,0.4865949472962928,1.07747563495222e-5,0.5133942779473569,2,19,vax_A_0.2,vax_A,0.2
209,A,0.21457013672001665,3.2707224242229068e-6,0.7854265925575596,2,19,vax_A_0.2,vax_A,0.2
209,C,0.4865935504997298,1.0086214061666187e-5,0.5133963632862076,2,19,vax_A_0.2,vax_A,0.2
210,A,0.21456971269126784,3.061735461439595e-6,0.7854272255732699,2,19,vax_A_0.2,vax_A,0.2
210,C,0.48659224296717396,9.441668149196013e-6,0.5133983153646764,2,19,vax_A_0.2,vax_A,0.2
211,A,0.21456931575896074,2.8660996421861e-6,0.7854278181413962,2,19,vax_A_0.2,vax_A,0.2
211,C,0.4865910189943367,8.838307800448279e-6,0.5134001426978635,2,19,vax_A_0.2,vax_A,0.2
212,A,0.21456894419172873,2.6829623075325073e-6,0.7854283728459635,2,19,vax_A_0.2,vax_A,0.2
212,C,0.4865898732414228,8.273501721837943e-6,0.5134018532568562,2,19,vax_A_0.2,vax_A,0.2
213,A,0.2145685963688151,2.5115252195892077e-6,0.7854288921059656,2,19,vax_A_0.2,vax_A,0.2
213,C,0.48658880070984534,7.744786679661515e-6,0.5134034545034735,2,19,vax_A_0.2,vax_A,0.2
214,A,0.21456827077300647,2.3510410920249002e-6,0.7854293781859015,2,19,vax_A_0.2,vax_A,0.2
214,C,0.48658779672043107,7.2498567723715156e-6,0.5134049534227966,2,19,vax_A_0.2,vax_A,0.2
215,A,0.2145679659840235,2.2008103413063116e-6,0.7854298332056362,2,19,vax_A_0.2,vax_A,0.2
215,C,0.48658685689300096,6.786553386862509e-6,0.5134063565536134,2,19,vax_A_0.2,vax_A,0.2
216,A,0.21456768067232518,2.0601780446726913e-6,0.7854302591496312,2,19,vax_A_0.2,vax_A,0.2
216,C,0.4865859771272756,6.352855795251402e-6,0.5134076700169298,2,19,vax_A_0.2,vax_A,0.2
217,A,0.21456741359331755,1.9285310917374392e-6,0.7854306578755923,2,19,vax_A_0.2,vax_A,0.2
217,C,0.48658515358498927,5.94687235138673e-6,0.5134088995426593,2,19,vax_A_0.2,vax_A,0.2
218,A,0.21456716358192401,1.8052955174387479e-6,0.7854310311225582,2,19,vax_A_0.2,vax_A,0.2
218,C,0.4865843826731493,5.566832248925573e-6,0.5134100504946011,2,19,vax_A_0.2,vax_A,0.2
219,A,0.21456692954750956,1.689934004826129e-6,0.785431380518485,2,19,vax_A_0.2,vax_A,0.2
219,C,0.48658366102836387,5.211077805197738e-6,0.5134111278938307,2,19,vax_A_0.2,vax_A,0.2
220,A,0.214566710469123,1.5819435469029291e-6,0.7854317075873297,2,19,vax_A_0.2,vax_A,0.2
220,C,0.48658298550217044,4.878057237379211e-6,0.5134121364405918,2,19,vax_A_0.2,vax_A,0.2
221,A,0.2145665053910463,1.4808532574244567e-6,0.7854320137556964,2,19,vax_A_0.2,vax_A,0.2
221,C,0.48658235314730314,4.566317899617775e-6,0.513413080534798,2,19,vax_A_0.2,vax_A,0.2
222,A,0.21456631341862759,1.386222321188465e-6,0.7854323003590521,2,19,vax_A_0.2,vax_A,0.2
222,C,0.48658176120483765,4.274499951741055e-6,0.5134139642952105,2,19,vax_A_0.2,vax_A,0.2
223,A,0.21456613371437952,1.297638074952062e-6,0.7854325686475453,2,19,vax_A_0.2,vax_A,0.2
223,C,0.4865812070921535,4.0013304320397966e-6,0.5134147915774118,2,19,vax_A_0.2,vax_A,0.2
224,A,0.21456596549432877,1.2147142106702005e-6,0.7854328197914602,2,19,vax_A_0.2,vax_A,0.2
224,C,0.4865806883916763,3.745617708368933e-6,0.5134155659906148,2,19,vax_A_0.2,vax_A,0.2
225,A,0.21456580802459568,1.1370890932770518e-6,0.785433054886311,2,19,vax_A_0.2,vax_A,0.2
225,C,0.4865802028403191,3.506246283449331e-6,0.5134162909133964,2,19,vax_A_0.2,vax_A,0.2
226,A,0.2145656606181937,1.0644241857242169e-6,0.7854332749576216,2,19,vax_A_0.2,vax_A,0.2
226,C,0.4865797483196216,3.2821719317873443e-6,0.5134169695084466,2,19,vax_A_0.2,vax_A,0.2
227,A,0.21456552263203443,9.964025744510104e-7,0.7854334809653898,2,19,vax_A_0.2,vax_A,0.2
227,C,0.4865793228465008,3.0724171470645707e-6,0.5134176047363513,2,19,vax_A_0.2,vax_A,0.2
228,A,0.2145653934641239,9.327275888946954e-7,0.7854336738082868,2,19,vax_A_0.2,vax_A,0.2
228,C,0.48657892456460655,2.876066880195698e-6,0.5134181993685139,2,19,vax_A_0.2,vax_A,0.2
229,A,0.21456527255093347,8.731215090537946e-7,0.7854338543275574,2,19,vax_A_0.2,vax_A,0.2
229,C,0.48657855173621645,2.692264549513001e-6,0.5134187559992334,2,19,vax_A_0.2,vax_A,0.2
230,A,0.21456515936494613,8.173243554977453e-7,0.7854340233106979,2,19,vax_A_0.2,vax_A,0.2
230,C,0.48657820273466224,2.520208305717391e-6,0.5134192770570314,2,19,vax_A_0.2,vax_A,0.2
231,A,0.21456505341235377,7.650927565719218e-7,0.7854341814948901,2,19,vax_A_0.2,vax_A,0.2
231,C,0.4865778760372273,2.359147535341252e-6,0.5134197648152369,2,19,vax_A_0.2,vax_A,0.2
232,A,0.21456495423090227,7.161988878805005e-7,0.7854343295702104,2,19,vax_A_0.2,vax_A,0.2
232,C,0.48657757021850573,2.2083795875038263e-6,0.513420221401907,2,19,vax_A_0.2,vax_A,0.2
233,A,0.2145648613878777,6.704294794420211e-7,0.7854344681826438,2,19,vax_A_0.2,vax_A,0.2
233,C,0.4865772839441866,2.067246709709367e-6,0.5134206488091041,2,19,vax_A_0.2,vax_A,0.2
234,A,0.21456477447821742,6.275848862051014e-7,0.7854345979368959,2,19,vax_A_0.2,vax_A,0.2
234,C,0.4865770159652277,1.9351331793465365e-6,0.5134210489015927,2,19,vax_A_0.2,vax_A,0.2
235,A,0.21456469312274312,5.8747821788594e-7,0.7854347193990386,2,19,vax_A_0.2,vax_A,0.2
235,C,0.48657676511241016,1.8114626183979145e-6,0.5134214234249717,2,19,vax_A_0.2,vax_A,0.2
236,A,0.2145646169665086,5.499345243460522e-7,0.7854348330989679,2,19,vax_A_0.2,vax_A,0.2
236,C,0.4865765302912364,1.6956954796648806e-6,0.5134217740132835,2,19,vax_A_0.2,vax_A,0.2
237,A,0.2145645456772481,5.147900329691097e-7,0.7854349395327187,2,19,vax_A_0.2,vax_A,0.2
237,C,0.48657631047715494,1.5873266935585172e-6,0.5134221021961514,2,19,vax_A_0.2,vax_A,0.2
238,A,0.21456447894393013,4.818914347214135e-7,0.785435039164635,2,19,vax_A_0.2,vax_A,0.2
238,C,0.486576104711091,1.4858834652066865e-6,0.5134224094054448,2,19,vax_A_0.2,vax_A,0.2
239,A,0.21456441647539948,4.5109521579087436e-7,0.7854351324293849,2,19,vax_A_0.2,vax_A,0.2
239,C,0.48657591209525797,1.390923212278601e-6,0.5134226969815294,2,19,vax_A_0.2,vax_A,0.2
240,A,0.21456435799910725,4.2226703189756154e-7,0.7854352197338608,2,19,vax_A_0.2,vax_A,0.2
240,C,0.4865757317892505,1.3020316345425303e-6,0.5134229661791152,2,19,vax_A_0.2,vax_A,0.2
241,A,0.21456430325992062,3.95281122553883e-7,0.7854353014589569,2,19,vax_A_0.2,vax_A,0.2
241,C,0.4865755630063675,1.2188209067453275e-6,0.5134232181727258,2,19,vax_A_0.2,vax_A,0.2
242,A,0.21456425201901216,3.7001976272577146e-7,0.7854353779612252,2,19,vax_A_0.2,vax_A,0.2
242,C,0.4865754050101839,1.1409279869386934e-6,0.513423454061829,2,19,vax_A_0.2,vax_A,0.2
243,A,0.2145642040528167,3.463727495085226e-7,0.7854354495744339,2,19,vax_A_0.2,vax_A,0.2
243,C,0.4865752571113409,1.068013032879441e-6,0.5134236748756272,2,19,vax_A_0.2,vax_A,0.2
244,A,0.2145641591520559,3.242369215829877e-7,0.7854355166110226,2,19,vax_A_0.2,vax_A,0.2
244,C,0.4865751186645301,9.997579196016042e-7,0.5134238815775493,2,19,vax_A_0.2,vax_A,0.2
245,A,0.21456411712082554,3.0351570936026477e-7,0.7854355793634646,2,19,vax_A_0.2,vax_A,0.2
245,C,0.4865749890656896,9.358648516989287e-7,0.5134240750694576,2,19,vax_A_0.2,vax_A,0.2
246,A,0.2145640777757407,2.841187138563192e-7,0.7854356381055454,2,19,vax_A_0.2,vax_A,0.2
246,C,0.4865748677493571,8.760550642686935e-7,0.5134242561955784,2,19,vax_A_0.2,vax_A,0.2
247,A,0.2145640409451368,2.6596131246282534e-7,0.7854356930935513,2,19,vax_A_0.2,vax_A,0.2
247,C,0.48657475418620855,8.200676068538931e-7,0.513424425746185,2,19,vax_A_0.2,vax_A,0.2
248,A,0.2145640064683182,2.4896428989740596e-7,0.7854357445673921,2,19,vax_A_0.2,vax_A,0.2
248,C,0.4865746478807502,7.676582050822381e-7,0.5134245844610444,2,19,vax_A_0.2,vax_A,0.2
249,A,0.2145639741948599,2.3305349272591666e-7,0.7854357927516465,2,19,vax_A_0.2,vax_A,0.2
249,C,0.48657454836915226,7.18598195038964e-7,0.513424733032653,2,19,vax_A_0.2,vax_A,0.2
250,A,0.21456394398395026,2.1815950595194348e-7,0.7854358378565448,2,19,vax_A_0.2,vax_A,0.2
250,C,0.4865744552172286,6.72673525727258e-7,0.5134248721092456,2,19,vax_A_0.2,vax_A,0.2
251,A,0.2145639157037749,2.042173502646449e-7,0.7854358800788748,2,19,vax_A_0.2,vax_A,0.2
251,C,0.48657436801854065,6.296838252669086e-7,0.5134250022976341,2,19,vax_A_0.2,vax_A,0.2
252,A,0.21456388923094527,1.9116619862595453e-7,0.7854359196028554,2,19,vax_A_0.2,vax_A,0.2
252,C,0.48657428639262496,5.894415267593423e-7,0.5134251241658487,2,19,vax_A_0.2,vax_A,0.2
253,A,0.21456386444995715,1.7894911096228602e-7,0.7854359566009319,2,19,vax_A_0.2,vax_A,0.2
253,C,0.4865742099833319,5.51771050007352e-7,0.5134252382456173,2,19,vax_A_0.2,vax_A,0.2
254,A,0.21456384125268757,1.6751278580467234e-7,0.7854359912345252,2,19,vax_A_0.2,vax_A,0.2
254,C,0.4865741384572751,5.165080355211517e-7,0.5134253450346897,2,19,vax_A_0.2,vax_A,0.2
255,A,0.21456381953792467,1.5680732779505229e-7,0.7854360236547477,2,19,vax_A_0.2,vax_A,0.2
255,C,0.48657407150237164,4.834986274703499e-7,0.5134254449990006,2,19,vax_A_0.2,vax_A,0.2
256,A,0.21456379921092353,1.4678603004545775e-7,0.7854360540030466,2,19,vax_A_0.2,vax_A,0.2
256,C,0.4865740088264844,4.525988024547525e-7,0.5134255385747106,2,19,vax_A_0.2,vax_A,0.2
257,A,0.21456378018299477,1.374051704015374e-7,0.7854360824118352,2,19,vax_A_0.2,vax_A,0.2
257,C,0.48657395015614896,4.236737411665813e-7,0.5134256261701099,2,19,vax_A_0.2,vax_A,0.2
258,A,0.21456376237111627,1.2862382072240971e-7,0.7854361090050622,2,19,vax_A_0.2,vax_A,0.2
258,C,0.4865738952353728,3.9659724020384873e-7,0.5134257081673871,2,19,vax_A_0.2,vax_A,0.2
259,A,0.21456374569757317,1.2040366834546716e-7,0.7854361338987588,2,19,vax_A_0.2,vax_A,0.2
259,C,0.48657384382452645,3.7125116146938195e-7,0.5134257849243123,2,19,vax_A_0.2,vax_A,0.2
260,A,0.21456373008961532,1.1270884895787126e-7,0.785436157201535,2,19,vax_A_0.2,vax_A,0.2
260,C,0.48657379569929443,3.475249167540781e-7,0.513425856775789,2,19,vax_A_0.2,vax_A,0.2
261,A,0.21456371547914355,1.0550579014615201e-7,0.7854361790150669,2,19,vax_A_0.2,vax_A,0.2
261,C,0.48657375064969705,3.2531498525633665e-7,0.5134259240353181,2,19,vax_A_0.2,vax_A,0.2
262,A,0.2145637018024091,9.876306494183597e-8,0.7854361994345264,2,19,vax_A_0.2,vax_A,0.2
262,C,0.4865737084791718,3.0452446193320294e-7,0.5134259869963638,2,19,vax_A_0.2,vax_A,0.2
263,A,0.21456368899973904,9.245125472457278e-8,0.7854362185490071,2,19,vax_A_0.2,vax_A,0.2
263,C,0.4865736690037255,2.8506263471316845e-7,0.5134260459336404,2,19,vax_A_0.2,vax_A,0.2
264,A,0.21456367701527226,8.654282088500038e-8,0.7854362364419067,2,19,vax_A_0.2,vax_A,0.2
264,C,0.4865736320511127,2.6684458872645065e-7,0.5134261011042986,2,19,vax_A_0.2,vax_A,0.2
265,A,0.21456366579671915,8.101198468776604e-8,0.7854362531912954,2,19,vax_A_0.2,vax_A,0.2
265,C,0.4865735974601058,2.4979083582640174e-7,0.5134261527490592,2,19,vax_A_0.2,vax_A,0.2
266,A,0.21456365529513136,7.58346148108476e-8,0.7854362688702538,2,19,vax_A_0.2,vax_A,0.2
266,C,0.48657356507977617,2.33826967785978e-7,0.5134262010932578,2,19,vax_A_0.2,vax_A,0.2
267,A,0.21456364546468823,7.098812207077695e-8,0.7854362835471895,2,19,vax_A_0.2,vax_A,0.2
267,C,0.4865735347688392,2.1888333165645437e-7,0.5134262463478276,2,19,vax_A_0.2,vax_A,0.2
268,A,0.21456363626249775,6.64513608746862e-8,0.7854362972861424,2,19,vax_A_0.2,vax_A,0.2
268,C,0.4865735063950462,2.0489472587222118e-7,0.5134262887102268,2,19,vax_A_0.2,vax_A,0.2
269,A,0.21456362764840883,6.220453696940978e-8,0.7854363101470542,2,19,vax_A_0.2,vax_A,0.2
269,C,0.4865734798345949,1.918001157759715e-7,0.5134263283652905,2,19,vax_A_0.2,vax_A,0.2
270,A,0.21456361958483663,5.822912076209418e-8,0.7854363221860415,2,19,vax_A_0.2,vax_A,0.2
270,C,0.4865734549715924,1.795423663265243e-7,0.5134263654860409,2,19,vax_A_0.2,vax_A,0.2
271,A,0.21456361203659965,5.450776808929475e-8,0.7854363334556305,2,19,vax_A_0.2,vax_A,0.2
271,C,0.4865734316975647,1.6806799777698966e-7,0.5134264002344376,2,19,vax_A_0.2,vax_A,0.2
272,A,0.21456360497076032,5.102424032660896e-8,0.7854363440049996,2,19,vax_A_0.2,vax_A,0.2
272,C,0.4865734099109501,1.573269393207784e-7,0.5134264327621113,2,19,vax_A_0.2,vax_A,0.2
273,A,0.21456359835648076,4.7763334857956624e-8,0.7854363538801841,2,19,vax_A_0.2,vax_A,0.2
273,C,0.4865733895166639,1.4727231468417154e-7,0.5134264632110211,2,19,vax_A_0.2,vax_A,0.2
274,A,0.2145635921649023,4.4710824049711324e-8,0.7854363631242731,2,19,vax_A_0.2,vax_A,0.2
274,C,0.4865733704257246,1.3786025394608044e-7,0.5134264917140202,2,19,vax_A_0.2,vax_A,0.2
275,A,0.21456358636897688,4.185337327122867e-8,0.7854363717776501,2,19,vax_A_0.2,vax_A,0.2
275,C,0.4865733525547348,1.2904964074832544e-7,0.513426518395626,2,19,vax_A_0.2,vax_A,0.2
276,A,0.21456358094354863,3.917858040789787e-8,0.7854363798778713,2,19,vax_A_0.2,vax_A,0.2
276,C,0.4865733358261225,1.2080223412603946e-7,0.5134265433716434,2,19,vax_A_0.2,vax_A,0.2
277,A,0.21456357586491123,3.667475836563592e-8,0.7854363874603308,2,19,vax_A_0.2,vax_A,0.2
277,C,0.48657332016679944,1.130819978586104e-7,0.5134265667512029,2,19,vax_A_0.2,vax_A,0.2
278,A,0.21456357111100183,3.433103016851867e-8,0.7854363945579668,2,19,vax_A_0.2,vax_A,0.2
278,C,0.4865733055087348,1.0585539369810583e-7,0.513426588635872,2,19,vax_A_0.2,vax_A,0.2
279,A,0.21456356665888981,3.213609050680857e-8,0.7854364012050196,2,19,vax_A_0.2,vax_A,0.2
279,C,0.4865732917812215,9.908756269515682e-8,0.5134266091312152,2,19,vax_A_0.2,vax_A,0.2
280,A,0.21456356249493383,3.008321449006715e-8,0.7854364074218514,2,19,vax_A_0.2,vax_A,0.2
280,C,0.4865732789422027,9.275776924899391e-8,0.5134266283000278,2,19,vax_A_0.2,vax_A,0.2
281,A,0.21456355859215417,2.8159100844493936e-8,0.7854364132487449,2,19,vax_A_0.2,vax_A,0.2
281,C,0.48657326690848807,8.682500009195657e-8,0.5134266462665108,2,19,vax_A_0.2,vax_A,0.2
282,A,0.21456355484991133,2.6314133054127426e-8,0.7854364188359568,2,19,vax_A_0.2,vax_A,0.2
282,C,0.4865732553697656,8.113626824516586e-8,0.5134266634939654,2,19,vax_A_0.2,vax_A,0.2
283,A,0.21456355154317197,2.468387308634765e-8,0.7854364237729555,2,19,vax_A_0.2,vax_A,0.2
283,C,0.48657324517386613,7.610956340581584e-8,0.51342667871657,2,19,vax_A_0.2,vax_A,0.2
284,A,0.2145635484414302,2.3154678938904733e-8,0.7854364284038915,2,19,vax_A_0.2,vax_A,0.2
284,C,0.48657323561005006,7.139448327003482e-8,0.5134266929954673,2,19,vax_A_0.2,vax_A,0.2
285,A,0.21456354553184526,2.172021996851689e-8,0.7854364327479348,2,19,vax_A_0.2,vax_A,0.2
285,C,0.48657322663872354,6.697150792879124e-8,0.5134267063897682,2,19,vax_A_0.2,vax_A,0.2
286,A,0.2145635428025124,2.037462724885984e-8,0.7854364368228597,2,19,vax_A_0.2,vax_A,0.2
286,C,0.4865732182231817,6.282254116353438e-8,0.5134267189542759,2,19,vax_A_0.2,vax_A,0.2
287,A,0.21456354024226534,1.9112395436742648e-8,0.7854364406453402,2,19,vax_A_0.2,vax_A,0.2
287,C,0.4865732103289946,5.8930607834416885e-8,0.5134267307403987,2,19,vax_A_0.2,vax_A,0.2
288,A,0.2145635378406284,1.792836024815614e-8,0.7854364442310121,2,19,vax_A_0.2,vax_A,0.2
288,C,0.4865732029238618,5.5279784428630686e-8,0.513426741796356,2,19,vax_A_0.2,vax_A,0.2
289,A,0.21456353558777602,1.681767732965541e-8,0.7854364475945476,2,19,vax_A_0.2,vax_A,0.2
289,C,0.4865731959774846,5.1855133911282735e-8,0.5134267521673821,2,19,vax_A_0.2,vax_A,0.2
290,A,0.2145635334744903,1.5775802438637866e-8,0.7854364507497078,2,19,vax_A_0.2,vax_A,0.2
290,C,0.486573189461444,4.864264461228451e-8,0.5134267618959101,2,19,vax_A_0.2,vax_A,0.2
291,A,0.2145635314921253,1.479847285143533e-8,0.7854364537094027,2,19,vax_A_0.2,vax_A,0.2
291,C,0.48657318334908123,4.562917289922381e-8,0.5134267710217449,2,19,vax_A_0.2,vax_A,0.2
292,A,0.21456352963257025,1.3881689923160167e-8,0.78543645648574,2,19,vax_A_0.2,vax_A,0.2
292,C,0.4865731776153868,4.2802389401679524e-8,0.513426779582223,2,19,vax_A_0.2,vax_A,0.2
293,A,0.21456352788821667,1.3021702727956998e-8,0.7854364590900798,2,19,vax_A_0.2,vax_A,0.2
293,C,0.4865731722369025,4.0150728566968795e-8,0.5134267876123686,2,19,vax_A_0.2,vax_A,0.2
294,A,0.2145635262519283,1.2214992712731332e-8,0.7854364615330788,2,19,vax_A_0.2,vax_A,0.2
294,C,0.4865731671916214,3.766334134094296e-8,0.5134267951450371,2,19,vax_A_0.2,vax_A,0.2
295,A,0.21456352471700965,1.1458259301572491e-8,0.7854364638247315,2,19,vax_A_0.2,vax_A,0.2
295,C,0.4865731624589025,3.5330050780237764e-8,0.5134268022110474,2,19,vax_A_0.2,vax_A,0.2
296,A,0.21456352327718123,1.0748406391976754e-8,0.785436465974412,2,19,vax_A_0.2,vax_A,0.2
296,C,0.48657315801938117,3.314131041437183e-8,0.51342680883931,2,19,vax_A_0.2,vax_A,0.2
297,A,0.21456352192655193,1.0082529687625835e-8,0.7854364679909177,2,19,vax_A_0.2,vax_A,0.2
297,C,0.4865731538548928,3.1088165187342026e-8,0.5134268150569431,2,19,vax_A_0.2,vax_A,0.2
298,A,0.21456352065959627,9.457904815896602e-9,0.7854364698824997,2,19,vax_A_0.2,vax_A,0.2
298,C,0.4865731499483995,2.916221481891441e-8,0.5134268208893845,2,19,vax_A_0.2,vax_A,0.2
299,A,0.2145635194711294,8.871976181489905e-9,0.7854364716568947,2,19,vax_A_0.2,vax_A,0.2
299,C,0.48657314628391973,2.7355579435710474e-8,0.5134268263605021,2,19,vax_A_0.2,vax_A,0.2
300,A,0.21456351835628995,8.322346510576304e-9,0.7854364733213637,2,19,vax_A_0.2,vax_A,0.2
300,C,0.4865731428464582,2.5660867331473408e-8,0.5134268314926744,2,19,vax_A_0.2,vax_A,0.2
301,A,0.214563517310516,7.806767042682037e-9,0.7854364748827172,2,19,vax_A_0.2,vax_A,0.2
301,C,0.4865731396219513,2.4071144724612467e-8,0.5134268363069032,2,19,vax_A_0.2,vax_A,0.2
302,A,0.2145635163295288,7.32312833018874e-9,0.7854364763473434,2,19,vax_A_0.2,vax_A,0.2
302,C,0.48657313659720836,2.2579907389291973e-8,0.5134268408228857,2,19,vax_A_0.2,vax_A,0.2
303,A,0.2145635154093155,6.869451607839182e-9,0.7854364777212337,2,19,vax_A_0.2,vax_A,0.2
303,C,0.4865731337598501,2.118105404096305e-8,0.5134268450590965,2,19,vax_A_0.2,vax_A,0.2
304,A,0.2145635145461101,6.443880696921586e-9,0.7854364790100089,2,19,vax_A_0.2,vax_A,0.2
304,C,0.48657313109827083,1.9868861364052355e-8,0.513426849032868,2,19,vax_A_0.2,vax_A,0.2
305,A,0.21456351373638144,6.044674410173309e-9,0.7854364802189441,2,19,vax_A_0.2,vax_A,0.2
305,C,0.48657312860157886,1.863796064474397e-8,0.51342685276046085,2,19,vax_A_0.2,vax_A,0.2
306,A,0.21456351297681675,5.6701994292815025e-9,0.7854364813529838,2,19,vax_A_0.2,vax_A,0.2
306,C,0.4865731262595611,1.7483315747386615e-8,0.5134268562571237,2,19,vax_A_0.2,vax_A,0.2
307,A,0.21456351226430817,5.318923621677847e-9,0.785436482416769,2,19,vax_A_0.2,vax_A,0.2
307,C,0.4865731240626327,1.6400202530870316e-8,0.5134268595371638,2,19,vax_A_0.2,vax_A,0.2
308,A,0.21456351159593995,4.989409771997621e-9,0.7854364834146513,2,19,vax_A_0.2,vax_A,0.2
308,C,0.4865731220018082,1.5384189520219222e-8,0.5134268626140014,2,19,vax_A_0.2,vax_A,0.2
309,A,0.21456351096897788,4.680309701877979e-9,0.7854364843507127,2,19,vax_A_0.2,vax_A,0.2
309,C,0.48657312006865366,1.4431119775597717e-8,0.5134268655002252,2,19,vax_A_0.2,vax_A,0.2
310,A,0.21456351038085686,4.390358754037695e-9,0.7854364852287847,2,19,vax_A_0.2,vax_A,0.2
310,C,0.4865731182552614,1.3537093884549802e-8,0.5134268682076449,2,19,vax_A_0.2,vax_A,0.2
311,A,0.2145635098291711,4.1183706180713105e-9,0.7854364860524587,2,19,vax_A_0.2,vax_A,0.2
311,C,0.4865731165542104,1.2698454007886199e-8,0.5134268707473357,2,19,vax_A_0.2,vax_A,0.2
312,A,0.21456350931166251,3.863232476788325e-9,0.7854364868251047,2,19,vax_A_0.2,vax_A,0.2
312,C,0.4865731149585413,1.1911768913945284e-8,0.5134268731296895,2,19,vax_A_0.2,vax_A,0.2
313,A,0.21456350882621447,3.6239004532398564e-9,0.7854364875498852,2,19,vax_A_0.2,vax_A,0.2
313,C,0.48657311346172544,1.117381993999658e-8,0.5134268753644523,2,19,vax_A_0.2,vax_A,0.2
314,A,0.21456350837084082,3.399395339804865e-9,0.7854364882297649,2,19,vax_A_0.2,vax_A,0.2
314,C,0.48657311205764103,1.0481587823350344e-8,0.5134268774607704,2,19,vax_A_0.2,vax_A,0.2
315,A,0.21456350794367746,3.1887985918625925e-9,0.7854364888675232,2,19,vax_A_0.2,vax_A,0.2
315,C,0.4865731107405404,9.832240348293452e-9,0.5134268794272188,2,19,vax_A_0.2,vax_A,0.2
316,A,0.21456350754297784,2.9912485696598423e-9,0.7854364894657737,2,19,vax_A_0.2,vax_A,0.2
316,C,0.4865731095050358,9.223120758311311e-9,0.5134268812718427,2,19,vax_A_0.2,vax_A,0.2
317,A,0.21456350716710207,2.8059370129974234e-9,0.7854364900269608,2,19,vax_A_0.2,vax_A,0.2
317,C,0.48657310834607287,8.651736886184644e-9,0.513426883002191,2,19,vax_A_0.2,vax_A,0.2
318,A,0.21456350681451228,2.6321057343125687e-9,0.7854364905533819,2,19,vax_A_0.2,vax_A,0.2
318,C,0.48657310725890807,8.11575095748908e-9,0.5134268846253407,2,19,vax_A_0.2,vax_A,0.2
319,A,0.21456350648376557,2.469043516627513e-9,0.7854364910471906,2,19,vax_A_0.2,vax_A,0.2
319,C,0.4865731062390959,7.61297002577889e-9,0.5134268861479355,2,19,vax_A_0.2,vax_A,0.2
320,A,0.21456350617350936,2.316083203672847e-9,0.7854364915104073,2,19,vax_A_0.2,vax_A,0.2
320,C,0.48657310528246067,7.141337000321777e-9,0.5134268875762015,2,19,vax_A_0.2,vax_A,0.2
321,A,0.21456350588247383,2.1725989702801147e-9,0.7854364919449269,2,19,vax_A_0.2,vax_A,0.2
321,C,0.4865731043850915,6.698922229675803e-9,0.513426888915987,2,19,vax_A_0.2,vax_A,0.2
322,A,0.2145635056094685,2.03800376187608e-9,0.7854364923525284,2,19,vax_A_0.2,vax_A,0.2
322,C,0.486573103543315,6.28391560667277e-9,0.5134268901727689,2,19,vax_A_0.2,vax_A,0.2
323,A,0.21456350535337565,1.9117468925299354e-9,0.785436492734877,2,19,vax_A_0.2,vax_A,0.2
323,C,0.48657310275368715,5.894619163456023e-9,0.5134268913516933,2,19,vax_A_0.2,vax_A,0.2
324,A,0.21456350511314837,1.7933117916638448e-9,0.7854364930935398,2,19,vax_A_0.2,vax_A,0.2
324,C,0.4865731020129783,5.5294401273347664e-9,0.5134268924575817,2,19,vax_A_0.2,vax_A,0.2
325,A,0.2145635048878036,1.6822138918044073e-9,0.7854364934299822,2,19,vax_A_0.2,vax_A,0.2
325,C,0.48657310131815756,5.186884388690113e-9,0.5134268934949587,2,19,vax_A_0.2,vax_A,0.2
326,A,0.21456350467641924,1.577998644392186e-9,0.7854364937455823,2,19,vax_A_0.2,vax_A,0.2
326,C,0.4865731006663807,4.8655504060933955e-9,0.5134268944680688,2,19,vax_A_0.2,vax_A,0.2
327,A,0.21456350447813033,1.4802396606913197e-9,0.7854364940416301,2,19,vax_A_0.2,vax_A,0.2
327,C,0.4865731000549836,4.564123465338167e-9,0.5134268953808935,2,19,vax_A_0.2,vax_A,0.2
328,A,0.21456350429212542,1.3885369672567446e-9,0.785436494319337,2,19,vax_A_0.2,vax_A,0.2
328,C,0.486573099481463,4.2813703003881555e-9,0.5134268962371676,2,19,vax_A_0.2,vax_A,0.2
329,A,0.2145635041176439,1.3025153694770047e-9,0.7854364945798398,2,19,vax_A_0.2,vax_A,0.2
329,C,0.4865730989434716,4.016134047563847e-9,0.5134268970403943,2,19,vax_A_0.2,vax_A,0.2
330,A,0.214563503953972,1.2218229164972551e-9,0.7854364948242052,2,19,vax_A_0.2,vax_A,0.2
330,C,0.48657309843881147,3.7673295123232606e-9,0.51342689779386,2,19,vax_A_0.2,vax_A,0.2
331,A,0.21456350380043926,1.146129461241847e-9,0.7854364950534308,2,19,vax_A_0.2,vax_A,0.2
331,C,0.48657309796541437,3.533938729271123e-9,0.5134268985006484,2,19,vax_A_0.2,vax_A,0.2
332,A,0.2145635036564186,1.075125309645051e-9,0.7854364952684559,2,19,vax_A_0.2,vax_A,0.2
332,C,0.48657309752134364,3.3150067972308404e-9,0.5134268991636485,2,19,vax_A_0.2,vax_A,0.2
333,A,0.21456350352131992,1.0085199535633197e-9,0.7854364954701598,2,19,vax_A_0.2,vax_A,0.2
333,C,0.4865730971047855,3.10963797233885e-9,0.5134268997855769,2,19,vax_A_0.2,vax_A,0.2
334,A,0.21456350339459065,9.46040882185022e-10,0.7854364956593679,2,19,vax_A_0.2,vax_A,0.2
334,C,0.4865730967140326,2.916992003176234e-9,0.513426900368975,2,19,vax_A_0.2,vax_A,0.2
335,A,0.21456350327571275,8.874324670745961e-10,0.7854364958368548,2,19,vax_A_0.2,vax_A,0.2
335,C,0.4865730963474885,2.7362806929436198e-9,0.5134269009162307,2,19,vax_A_0.2,vax_A,0.2
336,A,0.21456350316419937,8.32454916289462e-10,0.7854364960033455,2,19,vax_A_0.2,vax_A,0.2
336,C,0.48657309600365145,2.5667646746132887e-9,0.5134269014295837,2,19,vax_A_0.2,vax_A,0.2
337,A,0.21456350305959418,7.808832932905253e-10,0.785436496159522,2,19,vax_A_0.2,vax_A,0.2
337,C,0.4865730956811163,2.407750385864667e-9,0.5134269019111343,2,19,vax_A_0.2,vax_A,0.2
338,A,0.2145635029614695,7.325065966322801e-10,0.7854364963060235,2,19,vax_A_0.2,vax_A,0.2
338,C,0.48657309537856086,2.2585872314261276e-9,0.5134269023628514,2,19,vax_A_0.2,vax_A,0.2
339,A,0.21456350286942397,6.87126896667136e-10,0.785436496443448,2,19,vax_A_0.2,vax_A,0.2
339,C,0.48657309509474994,2.1186649212132454e-9,0.5134269027865834,2,19,vax_A_0.2,vax_A,0.2
340,A,0.2145635027830807,6.445585257318979e-10,0.785436496572361,2,19,vax_A_0.2,vax_A,0.2
340,C,0.48657309482852173,1.987410973372608e-9,0.5134269031840669,2,19,vax_A_0.2,vax_A,0.2
341,A,0.21456350270208635,6.0462731850311e-10,0.7854364966932862,2,19,vax_A_0.2,vax_A,0.2
341,C,0.4865730945787875,1.8642883720150756e-9,0.5134269035569246,2,19,vax_A_0.2,vax_A,0.2
342,A,0.21456350262611,5.671698994132657e-10,0.78543649680672,2,19,vax_A_0.2,vax_A,0.2
342,C,0.4865730943445233,1.7487933700554009e-9,0.5134269039066834,2,19,vax_A_0.2,vax_A,0.2
343,A,0.2145635025548399,5.320330142367597e-10,0.7854364969131262,2,19,vax_A_0.2,vax_A,0.2
343,C,0.48657309412477223,1.640453428042574e-9,0.5134269042347732,2,19,vax_A_0.2,vax_A,0.2
344,A,0.21456350248798545,4.990729031348605e-10,0.7854364970129418,2,19,vax_A_0.2,vax_A,0.2
344,C,0.4865730939186353,1.5388252804072053e-9,0.5134269045425381,2,19,vax_A_0.2,vax_A,0.2
345,A,0.21456350242527286,4.681547120654218e-10,0.785436497106573,2,19,vax_A_0.2,vax_A,0.2
345,C,0.4865730937252693,1.443493123916952e-9,0.513426904831237,2,19,vax_A_0.2,vax_A,0.2
346,A,0.2145635023664454,4.391519415442534e-10,0.7854364971944039,2,19,vax_A_0.2,vax_A,0.2
346,C,0.4865730935438825,1.354066914037949e-9,0.5134269051020512,2,19,vax_A_0.2,vax_A,0.2
347,A,0.21456350231126228,4.1194592888629103e-10,0.7854364972767914,2,19,vax_A_0.2,vax_A,0.2
347,C,0.4865730933737318,1.2701807699823082e-9,0.5134269053560871,2,19,vax_A_0.2,vax_A,0.2
348,A,0.21456350225949763,3.8642536270634274e-10,0.7854364973540774,2,19,vax_A_0.2,vax_A,0.2
348,C,0.48657309321412334,1.1914914777340197e-9,0.5134269055943856,2,19,vax_A_0.2,vax_A,0.2
349,A,0.21456350221093984,3.624858274970907e-10,0.7854364974265745,2,19,vax_A_0.2,vax_A,0.2
349,C,0.48657309306440205,1.1176770858142354e-9,0.5134269058179209,2,19,vax_A_0.2,vax_A,0.2
350,A,0.2145635021653907,3.400293764210298e-10,0.785436497494581,2,19,vax_A_0.2,vax_A,0.2
350,C,0.48657309292395673,1.0484355880406421e-9,0.5134269060276075,2,19,vax_A_0.2,vax_A,0.2
351,A,0.2145635021226629,3.18964130568453e-10,0.7854364975583725,2,19,vax_A_0.2,vax_A,0.2
351,C,0.4865730927922109,9.834836878915064e-10,0.5134269062243041,2,19,vax_A_0.2,vax_A,0.2
352,A,0.21456350208258243,2.992039030418915e-10,0.7854364976182135,2,19,vax_A_0.2,vax_A,0.2
352,C,0.48657309266862775,9.225556394189131e-10,0.5134269064088153,2,19,vax_A_0.2,vax_A,0.2
353,A,0.21456350204498473,2.806678463289738e-10,0.785436497674347,2,19,vax_A_0.2,vax_A,0.2
353,C,0.4865730925527009,8.654021599688365e-10,0.5134269065818952,2,19,vax_A_0.2,vax_A,0.2
354,A,0.2145635020097165,2.632801215209671e-10,0.7854364977270031,2,19,vax_A_0.2,vax_A,0.2
354,C,0.48657309244395586,8.117894102595675e-10,0.5134269067442536,2,19,vax_A_0.2,vax_A,0.2
355,A,0.21456350197663307,2.469695880236255e-10,0.785436497776396,2,19,vax_A_0.2,vax_A,0.2
355,C,0.48657309234194845,7.614980376455347e-10,0.5134269068965542,2,19,vax_A_0.2,vax_A,0.2
356,A,0.21456350194559956,2.316695124908336e-10,0.7854364978227312,2,19,vax_A_0.2,vax_A,0.2
356,C,0.48657309224626016,7.143222786521274e-10,0.5134269070394183,2,19,vax_A_0.2,vax_A,0.2
357,A,0.2145635019164883,2.1731729579015642e-10,0.7854364978661952,2,19,vax_A_0.2,vax_A,0.2
357,C,0.48657309215649935,6.700691171095898e-10,0.5134269071734323,2,19,vax_A_0.2,vax_A,0.2
358,A,0.21456350188918016,2.0385421688321153e-10,0.7854364979069652,2,19,vax_A_0.2,vax_A,0.2
358,C,0.48657309207229915,6.285574944415658e-10,0.5134269072991435,2,19,vax_A_0.2,vax_A,0.2
359,A,0.2145635018635645,1.9122519257296096e-10,0.7854364979452104,2,19,vax_A_0.2,vax_A,0.2
359,C,0.4865730919933161,5.896175688772566e-10,0.5134269074170673,2,19,vax_A_0.2,vax_A,0.2
360,A,0.21456350183953493,1.793785521349506e-10,0.7854364979810853,2,19,vax_A_0.2,vax_A,0.2
360,C,0.4865730919192251,5.530900205562986e-10,0.5134269075276846,2,19,vax_A_0.2,vax_A,0.2
361,A,0.21456350181699502,1.6826582591042033e-10,0.7854364980147396,2,19,vax_A_0.2,vax_A,0.2
361,C,0.48657309184972397,5.188253996832607e-10,0.5134269076314492,2,19,vax_A_0.2,vax_A,0.2
362,A,0.21456350179585096,1.578415469963258e-10,0.7854364980463078,2,19,vax_A_0.2,vax_A,0.2
362,C,0.48657309178452907,4.866835150647797e-10,0.5134269077287853,2,19,vax_A_0.2,vax_A,0.2
363,A,0.21456350177601693,1.4806306520452362e-10,0.7854364980759206,2,19,vax_A_0.2,vax_A,0.2
363,C,0.4865730917233738,4.565328604915209e-10,0.5134269078200934,2,19,vax_A_0.2,vax_A,0.2
364,A,0.2145635017574112,1.3889037251072019e-10,0.7854364981036976,2,19,vax_A_0.2,vax_A,0.2
364,C,0.48657309166600604,4.2825007657771153e-10,0.5134269079057424,2,19,vax_A_0.2,vax_A,0.2
365,A,0.21456350173995867,1.3028593963075007e-10,0.7854364981297556,2,19,vax_A_0.2,vax_A,0.2
365,C,0.4865730916121932,4.017194466302206e-10,0.5134269079860868,2,19,vax_A_0.2,vax_A,0.2
0,A,0.9989999999999999,9.999999999999998e-4,0,3,19,vax_A_0.2,vax_A,0.2
0,C,0.9990000000000001,0.0010000000000000002,0,3,19,vax_A_0.2,vax_A,0.2
1,A,0.998512706915421,0.0012617356340440433,2.2555745053516816e-4,3,19,vax_A_0.2,vax_A,0.2
1,C,0.9986909633068459,0.0010992252765286987,2.098114166255729e-4,3,19,vax_A_0.2,vax_A,0.2
2,A,0.99793117831629,0.0015615325259961449,5.072891577147701e-4,3,19,vax_A_0.2,vax_A,0.2
2,C,0.998354225457513,0.001205596968329395,4.4017757415741094e-4,3,19,vax_A_0.2,vax_A,0.2
3,A,0.997248315892852,0.001898917366292615,8.52766740855084e-4,3,19,vax_A_0.2,vax_A,0.2
3,C,0.9979879902403274,0.0013194420507169028,6.925677089552329e-4,3,19,vax_A_0.2,vax_A,0.2
4,A,0.996453181980254,0.0022768889510541616,0.0012699290686915589,3,19,vax_A_0.2,vax_A,0.2
4,C,0.9975900548685267,0.0014413766481579467,9.685684833166266e-4,3,19,vax_A_0.2,vax_A,0.2
5,A,0.9955323766352019,0.002700510395288693,0.001767112969508946,3,19,vax_A_0.2,vax_A,0.2
5,C,0.9971580021474998,0.0015721787493302537,0.0012698191031707445,3,19,vax_A_0.2,vax_A,0.2
6,A,0.9944695269545273,0.0031763819344342433,0.002354091111037728,3,19,vax_A_0.2,vax_A,0.2
6,C,0.9966890191525748,0.0017127954834540054,0.00159818536397164,3,19,vax_A_0.2,vax_A,0.2
7,A,0.9932461094739681,0.0037119245868322552,0.003041965939198947,3,19,vax_A_0.2,vax_A,0.2
7,C,0.996180000973168,0.0018642779653441112,0.0019557210614870764,3,19,vax_A_0.2,vax_A,0.2
8,A,0.9918413318853949,0.004315123876802634,0.003843544237801258,3,19,vax_A_0.2,vax_A,0.2
8,C,0.9956275034286663,0.002027768621366364,0.00234472794996853,3,19,vax_A_0.2,vax_A,0.2
9,A,0.9902326631315106,0.004994248577145467,0.0047730882913428205,3,19,vax_A_0.2,vax_A,0.2
9,C,0.9950278330904843,0.002204457819172932,0.0027677090903419238,3,19,vax_A_0.2,vax_A,0.2
10,A,0.9883949351997774,0.005758192844481531,0.005846871955740689,3,19,vax_A_0.2,vax_A,0.2
10,C,0.9943769045784454,0.002395627039127699,0.003227468382426521,3,19,vax_A_0.2,vax_A,0.2
11,A,0.9863008154283026,0.006616233982845403,0.007082950588851916,3,19,vax_A_0.2,vax_A,0.2
11,C,0.9936703283354967,0.0026026133290848108,0.0037270583354204255,3,19,vax_A_0.2,vax_A,0.2
12,A,0.9839209558632117,0.007578037805406775,0.008501006331381348,3,19,vax_A_0.2,vax_A,0.2
12,C,0.9929034183032422,0.002826815633010719,0.004269766063746633,3,19,vax_A_0.2,vax_A,0.2
13,A,0.9812235711732364,0.008653722494852831,0.010122706331911587,3,19,vax_A_0.2,vax_A,0.2
13,C,0.9920711192377719,0.003069712084525259,0.00485916867770256,3,19,vax_A_0.2,vax_A,0.2
14,A,0.9781743777720149,0.009853793193688518,0.011971829034295518,3,19,vax_A_0.2,vax_A,0.2
14,C,0.9911679794019596,0.0033328661400726742,0.005499154457968974,3,19,vax_A_0.2,vax_A,0.2
15,A,0.974736973078771,0.011188993399352585,0.014074033521876653,3,19,vax_A_0.2,vax_A,0.2
15,C,0.9901881855695777,0.0036179190495379595,0.006193895380883564,3,19,vax_A_0.2,vax_A,0.2
16,A,0.9708724544352672,0.0126702113630143,0.016457334201717827,3,19,vax_A_0.2,vax_A,0.2
16,C,0.9891254600133599,0.003926610831230167,0.0069479291554115615,3,19,vax_A_0.2,vax_A,0.2
17,A,0.9665394326139809,0.014308282796027057,0.01915228458999265,3,19,vax_A_0.2,vax_A,0.2
17,C,0.9879730054626567,0.004260789777011737,0.007766204760332289,3,19,vax_A_0.2,vax_A,0.2
18,A,0.9616948823679574,0.01611362733283672,0.022191490299205367,3,19,vax_A_0.2,vax_A,0.2
18,C,0.9867235633251961,0.004622397155741794,0.008654039519062575,3,19,vax_A_0.2,vax_A,0.2
19,A,0.9562947395700696,0.018095879407606,0.02560938102232408,3,19,vax_A_0.2,vax_A,0.2
19,C,0.9853694203205765,0.005013459439517489,0.009617120239905772,3,19,vax_A_0.2,vax_A,0.2
20,A,0.9502943747170495,0.020263488098501686,0.029442137184449067,3,19,vax_A_0.2,vax_A,0.2
20,C,0.9839023749684375,0.0054360871762661545,0.010661537855296326,3,19,vax_A_0.2,vax_A,0.2
21,A,0.9436492632399769,0.022623237839105175,0.033727498920917996,3,19,vax_A_0.2,vax_A,0.2
21,C,0.982313712089396,0.005892470539412869,0.011793817371192759,3,19,vax_A_0.2,vax_A,0.2
22,A,0.9363159278993579,0.02517968438270741,0.0385043877179353,3,19,vax_A_0.2,vax_A,0.2
22,C,0.9805941970412497,0.006384868655244903,0.013020934303506147,3,19,vax_A_0.2,vax_A,0.2
23,A,0.9282531010164087,0.027934524802179728,0.043812374181411304,3,19,vax_A_0.2,vax_A,0.2
23,C,0.978734083069499,0.0069155935166688425,0.014350323413832003,3,19,vax_A_0.2,vax_A,0.2
24,A,0.9194230492162175,0.030885927533329055,0.04969102325045442,3,19,vax_A_0.2,vax_A,0.2
24,C,0.9767231257557507,0.007486989399150247,0.015789884845097742,3,19,vax_A_0.2,vax_A,0.2
25,A,0.9097929166122652,0.0340279029644684,0.056179180423266147,3,19,vax_A_0.2,vax_A,0.2
25,C,0.9745506026303812,0.00810140969430552,0.01734798767531442,3,19,vax_A_0.2,vax_A,0.2
26,A,0.8993363838348107,0.03734959511873555,0.06331402104645344,3,19,vax_A_0.2,vax_A,0.2
26,C,0.9722053450543569,0.00876118494274802,0.019033470002895653,3,19,vax_A_0.2,vax_A,0.2
27,A,0.8880354605726838,0.04083460750871822,0.0711299319185983,3,19,vax_A_0.2,vax_A,0.2
27,C,0.9696757839066025,0.009468583664065954,0.020855632429331975,3,19,vax_A_0.2,vax_A,0.2
28,A,0.8758820703828553,0.04446056300482311,0.07965736661232055,3,19,vax_A_0.2,vax_A,0.2
28,C,0.9669500108307689,0.010225770017888632,0.022824219151340995,3,19,vax_A_0.2,vax_A,0.2
29,A,0.8628793546612625,0.04819892064993644,0.0889217246888012,3,19,vax_A_0.2,vax_A,0.2
29,C,0.9640158503868789,0.011034758012144897,0.024949391600976523,3,19,vax_A_0.2,vax_A,0.2
30,A,0.8490429135755897,0.05201495284904846,0.09894213357536226,3,19,vax_A_0.2,vax_A,0.2
30,C,0.9608609487396053,0.01189735721513836,0.02724169404525619,3,19,vax_A_0.2,vax_A,0.2
31,A,0.8344018529402397,0.055867962657214984,0.10973018440254485,3,19,vax_A_0.2,vax_A,0.2
31,C,0.9574728816292625,0.01281511046369733,0.02971200790703998,3,19,vax_A_0.2,vax_A,0.2
32,A,0.8189993931970956,0.059711855851456906,0.12128875095144778,3,19,vax_A_0.2,vax_A,0.2
32,C,0.953839282086183,0.013789226237847983,0.03237149167596858,3,19,vax_A_0.2,vax_A,0.2
33,A,0.8028928487563238,0.06349613305340812,0.13361101819026866,3,19,vax_A_0.2,vax_A,0.2
33,C,0.9499479867625774,0.014820507549715197,0.03523150568770858,3,19,vax_A_0.2,vax_A,0.2
34,A,0.786153049403582,0.06716721191566412,0.14667973868075337,3,19,vax_A_0.2,vax_A,0.2
34,C,0.9457871974300158,0.01590927863566536,0.03830352393431849,3,19,vax_A_0.2,vax_A,0.2
35,A,0.768863169475266,0.07067005138840353,0.16046677913632887,3,19,vax_A_0.2,vax_A,0.2
35,C,0.9413456597056419,0.017055309237788426,0.041599031056569646,3,19,vax_A_0.2,vax_A,0.2
36,A,0.7511169956974335,0.07394999948491793,0.17493300481764854,3,19,vax_A_0.2,vax_A,0.2
36,C,0.9366128575034841,0.018257738447107597,0.045129404049407164,3,19,vax_A_0.2,vax_A,0.2
37,A,0.7330166781199331,0.07695477187835838,0.1900285500017084,3,19,vax_A_0.2,vax_A,0.2
37,C,0.9315792207541839,0.01951500066059495,0.048905778585222034,3,19,vax_A_0.2,vax_A,0.2
38,A,0.7146700738294511,0.07963643413191095,0.2056934920386374,3,19,vax_A_0.2,vax_A,0.2
38,C,0.9262363428582884,0.020824756262936128,0.052938900878775716,3,19,vax_A_0.2,vax_A,0.2
39,A,0.6961878418227909,0.08195324608540079,0.22185891209180852,3,19,vax_A_0.2,vax_A,0.2
39,C,0.9205772040285097,0.02218382947770234,0.057238966493789796,3,19,vax_A_0.2,vax_A,0.2
40,A,0.6776804656690748,0.08387123623309563,0.23844829809782922,3,19,vax_A_0.2,vax_A,0.2
40,C,0.9145963963114763,0.02358815593829323,0.06181544775023027,3,19,vax_A_0.2,vax_A,0.2
41,A,0.6592553761737835,0.08536539897298027,0.2553792248532352,3,19,vax_A_0.2,vax_A,0.2
41,C,0.9082903453806059,0.025032742788376992,0.06667691183101708,3,19,vax_A_0.2,vax_A,0.2
42,A,0.6410143300161968,0.08642044057499806,0.27256522940880407,3,19,vax_A_0.2,vax_A,0.2
42,C,0.9016575234081308,0.026511644248170256,0.07183083234370022,3,19,vax_A_0.2,vax_A,0.2
43,A,0.6230511745229295,0.08703103762781315,0.2899177878492587,3,19,vax_A_0.2,vax_A,0.2
43,C,0.8946986467500402,0.028017955489140055,0.07728339776081843,3,19,vax_A_0.2,vax_A,0.2
44,A,0.6054500921660295,0.08720161263561112,0.30734829519835927,3,19,vax_A_0.2,vax_A,0.2
44,C,0.8874168518701314,0.029543827421438646,0.08303932070842913,3,19,vax_A_0.2,vax_A,0.2
45,A,0.5882843740720537,0.08694567082185384,0.32476995510609175,3,19,vax_A_0.2,vax_A,0.2
45,C,0.8798178428162573,0.03108050466760139,0.08910165251614072,3,19,vax_A_0.2,vax_A,0.2
46,A,0.571615727251824,0.0862847740385919,0.34209949870958345,3,19,vax_A_0.2,vax_A,0.2
46,C,0.8719100036291054,0.03261838853785585,0.09547160783303994,3,19,vax_A_0.2,vax_A,0.2
47,A,0.5554940823573844,0.08524724786649557,0.3592586697761199,3,19,vax_A_0.2,vax_A,0.2
47,C,0.8637044693901469,0.034147126179403735,0.10214840443044938,3,19,vax_A_0.2,vax_A,0.2
48,A,0.5399578407402709,0.08386672592677687,0.37617543333295245,3,19,vax_A_0.2,vax_A,0.2
48,C,0.8552151502892784,0.03565572622765104,0.10912912348306993,3,19,vax_A_0.2,vax_A,0.2
49,A,0.5250344816061012,0.08218063289647307,0.3927848854974257,3,19,vax_A_0.2,vax_A,0.2
49,C,0.8464587041439213,0.037132700269114055,0.11640859558696358,3,19,vax_A_0.2,vax_A,0.2
50,A,0.5107414414049347,0.08022869707989286,0.40902986151517295,3,19,vax_A_0.2,vax_A,0.2
50,C,0.837454454205342,0.03856622828117132,0.12397931751348681,3,19,vax_A_0.2,vax_A,0.2
51,A,0.4970871790221193,0.07805156544127076,0.4248612555366093,3,19,vax_A_0.2,vax_A,0.2
51,C,0.828224250995976,0.03994434481387854,0.1318314041901463,3,19,vax_A_0.2,vax_A,0.2
52,A,0.48407234414616684,0.07568957723971341,0.44023807861412084,3,19,vax_A_0.2,vax_A,0.2
52,C,0.8187922783839139,0.041255141940121434,0.1399525796759649,3,19,vax_A_0.2,vax_A,0.2
53,A,0.4716909681038664,0.07318174064291401,0.4551272912532193,3,19,vax_A_0.2,vax_A,0.2
53,C,0.8091848052235214,0.042486984719196874,0.14832821005728275,3,19,vax_A_0.2,vax_A,0.2
54,A,0.4599316421229186,0.07056490683072221,0.46950345104635927,3,19,vax_A_0.2,vax_A,0.2
54,C,0.7994298907357045,0.043628729417797614,0.15694137984649748,3,19,vax_A_0.2,vax_A,0.2
55,A,0.4487786285500589,0.06787315473113781,0.4833482167188028,3,19,vax_A_0.2,vax_A,0.2
55,C,0.7895570474689313,0.044669940462403954,0.16577301206866543,3,19,vax_A_0.2,vax_A,0.2
56,A,0.4382128764938757,0.06513737448041533,0.4966497490257087,3,19,vax_A_0.2,vax_A,0.2
56,C,0.7795968710195152,0.04560109810493505,0.17480203087555077,3,19,vax_A_0.2,vax_A,0.2
57,A,0.42821292331338395,0.062385030237213555,0.509402046449404,3,19,vax_A_0.2,vax_A,0.2
57,C,0.7695806464707063,0.046413789398206,0.18400556413108704,3,19,vax_A_0.2,vax_A,0.2
58,A,0.4187556748185323,0.059640075922353174,0.5216042492591157,3,19,vax_A_0.2,vax_A,0.2
58,C,0.7595399426478329,0.047100875400354694,0.19335918195181248,3,19,vax_A_0.2,vax_A,0.2
59,A,0.40981706454278954,0.05692299564386751,0.533259939813343,3,19,vax_A_0.2,vax_A,0.2
59,C,0.74950620554783,0.04765662862826436,0.20283716582390482,3,19,vax_A_0.2,vax_A,0.2
60,A,0.4013725973397074,0.05425094150747484,0.5443764611528181,3,19,vax_A_0.2,vax_A,0.2
60,C,0.7395103620797565,0.04807683609443236,0.2124128018258103,3,19,vax_A_0.2,vax_A,0.2
61,A,0.39339778592931446,0.051637943418892635,0.5549642706517938,3,19,vax_A_0.2,vax_A,0.2
61,C,0.7295824446111142,0.04835886467562575,0.22205869071326048,3,19,vax_A_0.2,vax_A,0.2
62,A,0.3858684913159184,0.0490951678818709,0.5650363408022107,3,19,vax_A_0.2,vax_A,0.2
62,C,0.7197512457215797,0.04850168712711827,0.23174706715130255,3,19,vax_A_0.2,vax_A,0.2
63,A,0.37876117927860653,0.046631205758613306,0.5746076149627811,3,19,vax_A_0.2,vax_A,0.2
63,C,0.7100440110473171,0.04850586874707395,0.24145012020560952,3,19,vax_A_0.2,vax_A,0.2
64,A,0.3720531054588469,0.04425237236449366,0.583694522176659,3,19,vax_A_0.2,vax_A,0.2
64,C,0.7004861762714215,0.04837351636859217,0.2511403073599875,3,19,vax_A_0.2,vax_A,0.2
65,A,0.3657224411096173,0.04196300676796763,0.5923145521224139,3,19,vax_A_0.2,vax_A,0.2
65,C,0.6911011523329701,0.04810819285499334,0.2607906548120359,3,19,vax_A_0.2,vax_A,0.2
66,A,0.35974835059026433,0.03976576043755297,0.6004858889721834,3,19,vax_A_0.2,vax_A,0.2
66,C,0.6819101609305822,0.04771480150041909,0.27037503756899983,3,19,vax_A_0.2,vax_A,0.2
67,A,0.35411103047864484,0.03766186823318959,0.6082271012881659,3,19,vax_A_0.2,vax_A,0.2
67,C,0.6729321204990217,0.04719944565203119,0.27986843384894705,3,19,vax_A_0.2,vax_A,0.2
68,A,0.34879171893972016,0.03565139711192399,0.6155568839483561,3,19,vax_A_0.2,vax_A,0.2
68,C,0.6641835811259486,0.046569269455606035,0.2892471494184444,3,19,vax_A_0.2,vax_A,0.2
69,A,0.34377268280173867,0.03373346984382086,0.6224938473544404,3,19,vax_A_0.2,vax_A,0.2
69,C,0.6556787054162978,0.04583228587852893,0.2984890087051732,3,19,vax_A_0.2,vax_A,0.2
70,A,0.33903718861256193,0.03190646260446423,0.6290563487829732,3,19,vax_A_0.2,vax_A,0.2
70,C,0.6474292911510008,0.04499719809688224,0.3075735107521162,3,19,vax_A_0.2,vax_A,0.2
71,A,0.33456946260955756,0.03016817673292466,0.6352623606575182,3,19,vax_A_0.2,vax_A,0.2
71,C,0.6394448307485829,0.04407321998332441,0.3164819492680929,3,19,vax_A_0.2,vax_A,0.2
72,A,0.3303546438952504,0.028515985461530113,0.6411293706432196,3,19,vax_A_0.2,vax_A,0.2
72,C,0.631732602061388,0.043069900818513,0.32519749712010115,3,19,vax_A_0.2,vax_A,0.2
73,A,0.3263787349751149,0.02694695637789831,0.646674308646987,3,19,vax_A_0.2,vax_A,0.2
73,C,0.6242977847449707,0.04199695868308798,0.3337052565719424,3,19,vax_A_0.2,vax_A,0.2
74,A,0.3226285489404006,0.025457954718127524,0.6519134963414714,3,19,vax_A_0.2,vax_A,0.2
74,C,0.6171435962153703,0.04086412638436273,0.34199227740026655,3,19,vax_A_0.2,vax_A,0.2
75,A,0.3190916578914319,0.024045726817467805,0.6568626152911006,3,19,vax_A_0.2,vax_A,0.2
75,C,0.6102714422130536,0.03968101215017084,0.35004754563677465,3,19,vax_A_0.2,vax_A,0.2
76,A,0.3157563432241972,0.02270696667349124,0.6615366901023118,3,19,vax_A_0.2,vax_A,0.2
76,C,0.603681076728795,0.038456977151710044,0.357861946119496,3,19,vax_A_0.2,vax_A,0.2
77,A,0.31261154848409894,0.021438368099504123,0.6659500834163969,3,19,vax_A_0.2,vax_A,0.2
77,C,0.5973707667153305,0.03720103095694477,0.36542820232772555,3,19,vax_A_0.2,vax_A,0.2
78,A,0.3096468350409464,0.020236664891216623,0.6701165000678373,3,19,vax_A_0.2,vax_A,0.2
78,C,0.5913374576089866,0.0359217452610845,0.3727407971299294,3,19,vax_A_0.2,vax_A,0.2
79,A,0.30685234084823304,0.01909866093041915,0.6740489982213481,3,19,vax_A_0.2,vax_A,0.2
79,C,0.585576936352078,0.034627185564832526,0.3797958780830894,3,19,vax_A_0.2,vax_A,0.2
80,A,0.3042187424702389,0.0180212518552008,0.6777600056745603,3,19,vax_A_0.2,vax_A,0.2
80,C,0.5800839892242099,0.033324859973898106,0.3865911508018905,3,19,vax_A_0.2,vax_A,0.2
81,A,0.3017372203485855,0.01700143985043333,0.6812613398009818,3,19,vax_A_0.2,vax_A,0.2
81,C,0.5748525523576966,0.03202168393634088,0.39312576370596336,3,19,vax_A_0.2,vax_A,0.2
82,A,0.29939942710484724,0.01603634301027616,0.6845642298848775,3,19,vax_A_0.2,vax_A,0.2
82,C,0.5698758533444862,0.030723959468308217,0.3994001871872052,3,19,vax_A_0.2,vax_A,0.2
83,A,0.2971974586236133,0.015123200498465003,0.6876793408779207,3,19,vax_A_0.2,vax_A,0.2
83,C,0.5651465428330349,0.02943736723352908,0.4054160899334366,3,19,vax_A_0.2,vax_A,0.2
84,A,0.29512382767555695,0.014259374478354753,0.6906167978460888,3,19,vax_A_0.2,vax_A,0.2
84,C,0.56065681544462,0.028166969746108283,0.41117621480927274,3,19,vax_A_0.2,vax_A,0.2
85,A,0.29317143984788574,0.013442349599954,0.6933862105521608,3,19,vax_A_0.2,vax_A,0.2
85,C,0.55639851969934,0.026917223955187284,0.41668425634547157,3,19,vax_A_0.2,vax_A,0.2
86,A,0.2913335715392246,0.012669730707880926,0.6959966977528939,3,19,vax_A_0.2,vax_A,0.2
86,C,0.5523632569347586,0.025692001523219272,0.42194474154202094,3,19,vax_A_0.2,vax_A,0.2
87,A,0.28960384977438114,0.011939239320117178,0.6984569109055003,3,19,vax_A_0.2,vax_A,0.2
87,C,0.5485424694334451,0.024494615205100673,0.426962915361453,3,19,vax_A_0.2,vax_A,0.2
88,A,0.2879762336134757,0.011248709306451407,0.7007750570800725,3,19,vax_A_0.2,vax_A,0.2
88,C,0.5449275181570942,0.02332784985938341,0.43174463198352325,3,19,vax_A_0.2,vax_A,0.2
89,A,0.28644499695791714,0.010596082087744705,0.7029589209543375,3,19,vax_A_0.2,vax_A,0.2
89,C,0.5415097506196251,0.02219399676701746,0.43629625261335686,3,19,vax_A_0.2,vax_A,0.2
90,A,0.2850047125802272,0.009979401597115113,0.7050158858226575,3,19,vax_A_0.2,vax_A,0.2
90,C,0.5382805595247934,0.021094890089718637,0.44062455038548776,3,19,vax_A_0.2,vax_A,0.2
91,A,0.28365023722687416,0.009396809183125777,0.7069529535900002,3,19,vax_A_0.2,vax_A,0.2
91,C,0.535231432846308,0.020031944465213482,0.4447366226884782,3,19,vax_A_0.2,vax_A,0.2
92,A,0.28237669765734724,0.008846538590687833,0.7087767637519652,3,19,vax_A_0.2,vax_A,0.2
92,C,0.5323539960666677,0.019006192884058633,0.4486398110492739,3,19,vax_A_0.2,vax_A,0.2
93,A,0.281179477493564,0.0083269111199682,0.7104936113864693,3,19,vax_A_0.2,vax_A,0.2
93,C,0.5296400473267509,0.01801832411475519,0.4523416285584949,3,19,vax_A_0.2,vax_A,0.2
94,A,0.28005420482390486,0.007836330980009198,0.7121094641960871,3,19,vax_A_0.2,vax_A,0.2
94,C,0.5270815861255903,0.017068719180425296,0.45584969469398284,3,19,vax_A_0.2,vax_A,0.2
95,A,0.2789967404454413,0.007373280906538634,0.7136299786480201,3,19,vax_A_0.2,vax_A,0.2
95,C,0.5246708362936923,0.01615748640451607,0.4591716773017921,3,19,vax_A_0.2,vax_A,0.2
96,A,0.278003166687066,0.006936318049097404,0.7150605152638371,3,19,vax_A_0.2,vax_A,0.2
96,C,0.5224002638896892,0.01528449469466328,0.46231524141564745,3,19,vax_A_0.2,vax_A,0.2
97,A,0.27706977676005595,0.006524070126655658,0.7164061531132874,3,19,vax_A_0.2,vax_A,0.2
97,C,0.5202625906319214,0.014449404830666304,0.4652880045374124,3,19,vax_A_0.2,vax_A,0.2
98,A,0.2761930645938826,0.0061352318407206455,0.7176717035653972,3,19,vax_A_0.2,vax_A,0.2
98,C,0.5182508034265391,0.013651698610893272,0.46809749796256844,3,19,vax_A_0.2,vax_A,0.2
99,A,0.2753697151200848,0.005768561532865969,0.7188617233470497,3,19,vax_A_0.2,vax_A,0.2
99,C,0.5163581605100865,0.012890705776835371,0.4707511337130766,3,19,vax_A_0.2,vax_A,0.2
100,A,0.27459659497250083,0.00542287807131164,0.7199805269561872,3,19,vax_A_0.2,vax_A,0.2
100,C,0.5145781946815677,0.012165628688201837,0.47325617663023023,3,19,vax_A_0.2,vax_A,0.2
101,A,0.273870743578505,0.005097057948017444,0.7210321984734767,3,19,vax_A_0.2,vax_A,0.2
101,C,0.5129047140540411,0.011475564766811752,0.4756197211791481,3,19,vax_A_0.2,vax_A,0.2
102,A,0.27318936462113824,0.004790032566124007,0.7220206028127365,3,19,vax_A_0.2,vax_A,0.2
102,C,0.5113318007106876,0.010819526765696988,0.47784867252361507,3,19,vax_A_0.2,vax_A,0.2
103,A,0.27254981785534216,0.00450078569829848,0.7229493964463592,3,19,vax_A_0.2,vax_A,0.2
103,C,0.5098538076077821,0.010196460948171419,0.47994973144404707,3,19,vax_A_0.2,vax_A,0.2
104,A,0.271949611263645,0.0042283510983098975,0.7238220376380443,3,19,vax_A_0.2,vax_A,0.2
104,C,0.5084653540283619,0.009605263280978348,0.48192938269065966,3,19,vax_A_0.2,vax_A,0.2
105,A,0.271386393538477,0.003971810249744192,0.7246417962117786,3,19,vax_A_0.2,vax_A,0.2
105,C,0.5071613198549045,0.009044793758686586,0.48379388638640725,3,19,vax_A_0.2,vax_A,0.2
106,A,0.27085794687992465,0.00373029023712748,0.7254117628829475,3,19,vax_A_0.2,vax_A,0.2
106,C,0.5059368388963175,0.00851388898518204,0.4855492721185003,3,19,vax_A_0.2,vax_A,0.2
107,A,0.27036218009891,0.0035029617262661637,0.7261348581748244,3,19,vax_A_0.2,vax_A,0.2
107,C,0.5047872914741889,0.008011373142928489,0.4872013353828816,3,19,vax_A_0.2,vax_A,0.2
108,A,0.2698971220165473,0.0032890370423593993,0.7268138409410927,3,19,vax_A_0.2,vax_A,0.2
108,C,0.5037082964458331,0.007536067481851179,0.48875563607231653,3,19,vax_A_0.2,vax_A,0.2
109,A,0.2694609151509079,0.00308776833612128,0.7274513165129703,3,19,vax_A_0.2,vax_A,0.2
109,C,0.5026957028170628,0.00708679845788523,0.4902174987250537,3,19,vax_A_0.2,vax_A,0.2
110,A,0.2690518096827685,0.0028984458296135497,0.7280497444876178,3,19,vax_A_0.2,vax_A,0.2
110,C,0.5017455810758896,0.006662404647358007,0.49159201427675275,3,19,vax_A_0.2,vax_A,0.2
111,A,0.2686681576920017,0.0027203961348954927,0.7286114461731028,3,19,vax_A_0.2,vax_A,0.2
111,C,0.5008542143571397,0.006261742559683571,0.4928840430831762,3,19,vax_A_0.2,vax_A,0.2
112,A,0.2683084076566807,0.002552980639457404,0.7291386117038616,3,19,vax_A_0.2,vax_A,0.2
112,C,0.500018089534946,0.005883691460427406,0.4940982190046266,3,19,vax_A_0.2,vax_A,0.2
113,A,0.2679710992076435,0.0023955939528948413,0.729633306839462,3,19,vax_A_0.2,vax_A,0.2
113,C,0.49923388833256166,0.005527157303120398,0.4952389543643195,3,19,vax_A_0.2,vax_A,0.2
114,A,0.26765485812828954,0.002247662413016572,0.7300974794586947,3,19,vax_A_0.2,vax_A,0.2
114,C,0.49849847848475887,0.005191075900004737,0.4963104456152356,3,19,vax_A_0.2,vax_A,0.2
115,A,0.2673583915935015,0.0021086426461715676,0.7305329657603281,3,19,vax_A_0.2,vax_A,0.2
115,C,0.4978089050341868,0.004874415396196198,0.4973166795696169,3,19,vax_A_0.2,vax_A,0.2
116,A,0.2670804836392018,0.0019780201795940836,0.7309414961812045,3,19,vax_A_0.2,vax_A,0.2
116,C,0.497162381799587,0.004576178138438664,0.4982614400619751,3,19,vax_A_0.2,vax_A,0.2
117,A,0.26681999085448804,0.0018553081036673414,0.7313247010418437,3,19,vax_A_0.2,vax_A,0.2
117,C,0.49655628305022964,0.004295402017667758,0.4991483149321029,3,19,vax_A_0.2,vax_A,0.2
118,A,0.26657583828819675,0.0017400457824706815,0.731684115929333,3,19,vax_A_0.2,vax_A,0.2
118,C,0.49598813541204245,0.004031161358115839,0.4999807032298416,3,19,vax_A_0.2,vax_A,0.2
119,A,0.266347015561885,0.0016317976111047132,0.7320211868270112,3,19,vax_A_0.2,vax_A,0.2
119,C,0.495455610026719,0.003782567415847014,0.500761822557434,3,19,vax_A_0.2,vax_A,0.2
120,A,0.26613257318135025,0.0015301518184512436,0.7323372750001977,3,19,vax_A_0.2,vax_A,0.2
120,C,0.4949565149804437,0.003548768542240062,0.5014947164773159,3,19,vax_A_0.2,vax_A,0.2
121,A,0.2659316190388207,0.001434719314244765,0.7326336616469346,3,19,vax_A_0.2,vax_A,0.2
121,C,0.49448878801340984,0.0033289500630457533,0.5021822619235443,3,19,vax_A_0.2,vax_A,0.2
122,A,0.26574331509802096,0.0013451325795035408,0.7329115523224751,3,19,vax_A_0.2,vax_A,0.2
122,C,0.4940504895165589,0.0031223339189870754,0.5028271765644535,3,19,vax_A_0.2,vax_A,0.2
123,A,0.26556687425441466,0.0012610445994433587,0.7331720811461424,3,19,vax_A_0.2,vax_A,0.2
123,C,0.493639795818573,0.0029281781085153643,0.5034320260729109,3,19,vax_A_0.2,vax_A,0.2
124,A,0.2654015573630629,0.0011821278380146937,0.7334163147989223,3,19,vax_A_0.2,vax_A,0.2
124,C,0.49325499276369394,0.0027457759680358986,0.5039992312682697,3,19,vax_A_0.2,vax_A,0.2
125,A,0.2652466704267135,0.001108073253213413,0.7336452563200722,3,19,vax_A_0.2,vax_A,0.2
125,C,0.49289446957876865,0.0025744553204592926,0.5045310751007736,3,19,vax_A_0.2,vax_A,0.2
126,A,0.2651015619368786,0.0010385893523254938,0.7338598487107959,3,19,vax_A_0.2,vax_A,0.2
126,C,0.4925567130259143,0.00241357751924977,0.5050297094548375,3,19,vax_A_0.2,vax_A,0.2
127,A,0.26496562036084786,9.734012862642501e-4,0.7340609783528874,3,19,vax_A_0.2,vax_A,0.2
127,C,0.49224030183552525,0.0022625364117782954,0.5054971617526973,3,19,vax_A_0.2,vax_A,0.2
128,A,0.26483827176777136,9.122499821387739e-4,0.7342494782500889,3,19,vax_A_0.2,vax_A,0.2
128,C,0.49194390141306116,0.0021207572425709525,0.5059353413443672,3,19,vax_A_0.2,vax_A,0.2
129,A,0.26471897758713436,8.548913131628435e-4,0.7344261310997036,3,19,vax_A_0.2,vax_A,0.2
129,C,0.49166625881218695,0.0019876955140988293,0.5063460456737142,3,19,vax_A_0.2,vax_A,0.2
130,A,0.26460723249317203,8.010953049841604e-4,0.7345916722018444,3,19,vax_A_0.2,vax_A,0.2
130,C,0.49140619796605595,0.0018628358202035101,0.5067309662137404,3,19,vax_A_0.2,vax_A,0.2
131,A,0.26450256240901143,7.506453774653905e-4,0.7347467922135226,3,19,vax_A_0.2,vax_A,0.2
131,C,0.4911626151680796,0.0017456906650066574,0.5070916941669142,3,19,vax_A_0.2,vax_A,0.2
132,A,0.2644045226244671,7.033376209774824e-4,0.734892139754555,3,19,vax_A_0.2,vax_A,0.2
132,C,0.49093447479295144,0.0016357992782951541,0.5074297259287529,3,19,vax_A_0.2,vax_A,0.2
133,A,0.26431269602155943,6.58980106339668e-4,0.735028323872102,3,19,vax_A_0.2,vax_A,0.2
133,C,0.49072080524826517,0.0015327264368049556,0.5077464683149304,3,19,vax_A_0.2,vax_A,0.2
134,A,0.26422669140256266,6.17392226996121e-4,0.735155916370441,3,19,vax_A_0.2,vax_A,0.2
134,C,0.4905206951479425,0.0014360612982677462,0.5080432435537884,3,19,vax_A_0.2,vax_A,0.2
135,A,0.2641461419148961,5.784040727399297e-4,0.7352754540123648,3,19,vax_A_0.2,vax_A,0.2
135,C,0.49033328969733564,0.0013454162551038392,0.5083212940475615,3,19,vax_A_0.2,vax_A,0.2
136,A,0.2640707035677823,5.418558338660397e-4,0.7353874405983497,3,19,vax_A_0.2,vax_A,0.2
136,C,0.4901577872805826,0.0012604258127247166,0.5085817869066919,3,19,vax_A_0.2,vax_A,0.2
137,A,0.2640000538357754,5.075972346801804e-4,0.7354923489295442,3,19,vax_A_0.2,vax_A,0.2
137,C,0.4899934362408878,0.0011807454964818595,0.5088258182626285,3,19,vax_A_0.2,vax_A,0.2
138,A,0.2639338903444628,4.7548699527287167e-4,0.7355906226602649,3,19,vax_A_0.2,vax_A,0.2
138,C,0.48983953184449186,0.001106050790378228,0.509054417365131,3,19,vax_A_0.2,vax_A,0.2
139,A,0.26387192963387557,4.4539232050231644e-4,0.7356826780456215,3,19,vax_A_0.2,vax_A,0.2
139,C,0.4896954134193428,0.001036036109952092,0.5092685504707041,3,19,vax_A_0.2,vax_A,0.2
140,A,0.2638139059952902,4.171884151476515e-4,0.7357689055895615,3,19,vax_A_0.2,vax_A,0.2
140,C,0.4895604616596861,9.704138111139405e-4,0.5094691245292001,3,19,vax_A_0.2,vax_A,0.2
141,A,0.2637595703773455,3.907580241908539e-4,0.735849671598464,3,19,vax_A_0.2,vax_A,0.2
141,C,0.48943409608801014,9.089132361398696e-4,0.5096569906758494,3,19,vax_A_0.2,vax_A,0.2
142,A,0.2637086893575884,3.6599099718595876e-4,0.7359253196452241,3,19,vax_A_0.2,vax_A,0.2
142,C,0.48931577266617293,8.512797975284161e-4,0.5098329475362993,3,19,vax_A_0.2,vax_A,0.2
143,A,0.26366104417576475,3.427838756902935e-4,0.7359961719485462,3,19,vax_A_0.2,vax_A,0.2
143,C,0.4892049815477565,7.972741000257412e-4,0.5099977443522173,3,19,vax_A_0.2,vax_A,0.2
144,A,0.26361642982533046,3.2103950275664086e-4,0.7360625306719136,3,19,vax_A_0.2,vax_A,0.2
144,C,0.4891012449640659,7.466711007980595e-4,0.5101520839351359,3,19,vax_A_0.2,vax_A,0.2
145,A,0.26357465419986803,3.006666535080184e-4,0.7361246791466243,3,19,vax_A_0.2,vax_A,0.2
145,C,0.48900411523643994,6.992593074551229e-4,0.510296625456105,3,19,vax_A_0.2,vax_A,0.2
146,A,0.2635355372912278,2.8157968583730064e-4,0.7361828830229339,3,19,vax_A_0.2,vax_A,0.2
146,C,0.48891317290789915,6.548400133953683e-4,0.5104319870787064,3,19,vax_A_0.2,vax_A,0.2
147,A,0.2634989104364101,2.636982102966108e-4,0.7362373913532928,3,19,vax_A_0.2,vax_A,0.2
147,C,0.48882802498744604,6.132265697523955e-4,0.510558748442803,3,19,vax_A_0.2,vax_A,0.2
148,A,0.263464615610341,2.4694677826764993e-4,0.7362884376113918,3,19,vax_A_0.2,vax_A,0.2
148,C,0.48874830330066493,5.742436930722698e-4,0.5106774530062627,3,19,vax_A_0.2,vax_A,0.2
149,A,0.2634325047618621,2.3125458753259356e-4,0.7363362406506053,3,19,vax_A_0.2,vax_A,0.2
149,C,0.4886736629405423,5.377268077350121e-4,0.5107886102517228,3,19,vax_A_0.2,vax_A,0.2
150,A,0.26340243919038725,2.1655520439378613e-4,0.7363810056052192,3,19,vax_A_0.2,vax_A,0.2
150,C,0.48860378081275013,5.035214220439188e-4,0.5108926977652066,3,19,vax_A_0.2,vax_A,0.2
151,A,0.26337428896082915,2.027863015163231e-4,0.7364229247376551,3,19,vax_A_0.2,vax_A,0.2
151,C,0.48853835426992903,4.7148253683097384e-4,0.5109901631932403,3,19,vax_A_0.2,vax_A,0.2
152,A,0.2633479323545118,1.8988941070382048e-4,0.7364621782347853,3,19,vax_A_0.2,vax_A,0.2
152,C,0.48847709982975807,4.4147408539975305e-4,0.5110814260848424,3,19,vax_A_0.2,vax_A,0.2
153,A,0.263323255353919,1.7780968985987817e-4,0.7364989349562215,3,19,vax_A_0.2,vax_A,0.2
153,C,0.4884197519718307,4.1336840363314834e-4,0.5111668796245367,3,19,vax_A_0.2,vax_A,0.2
154,A,0.2633001511592923,1.6649570334989413e-4,0.736533353137357,3,19,vax_A_0.2,vax_A,0.2
154,C,0.48836606200883437,3.87045728881358e-4,0.5112468922622847,3,19,vax_A_0.2,vax_A,0.2
155,A,0.26327851973513217,1.558992151042974e-4,0.736565581049764,3,19,vax_A_0.2,vax_A,0.2
155,C,0.4883157970274849,3.6239372652432743e-4,0.5113218092459911,3,19,vax_A_0.2,vax_A,0.2
156,A,0.2632582673848028,1.4597499377832517e-4,0.7365957576214197,3,19,vax_A_0.2,vax_A,0.2
156,C,0.4882687388950808,3.393070429475123e-4,0.5113919540619724,3,19,vax_A_0.2,vax_A,0.2
157,A,0.2632393063515502,1.366806293198158e-4,0.7366240130191299,3,19,vax_A_0.2,vax_A,0.2
157,C,0.4882246833277284,3.176868837052175e-4,0.5114576297885669,3,19,vax_A_0.2,vax_A,0.2
158,A,0.2632215544443285,1.2797636032328724e-4,0.7366504691953494,3,19,vax_A_0.2,vax_A,0.2
158,C,0.4881834390165452,2.9744061566243705e-4,0.5115191203677935,3,19,vax_A_0.2,vax_A,0.2
159,A,0.2632049346869277,1.198249115811282e-4,0.7366752404014909,3,19,vax_A_0.2,vax_A,0.2
159,C,0.4881448268083177,2.784813919466017e-4,0.5115766917997349,3,19,vax_A_0.2,vax_A,0.2
160,A,0.2631893749889849,1.1219134127170896e-4,0.736698433669743,3,19,vax_A_0.2,vax_A,0.2
160,C,0.4881086789373152,2.6072779857647045e-4,0.511630593264109,3,19,vax_A_0.2,vax_A,0.2
161,A,0.26317480783753405,1.0504289724927468e-4,0.7367201492652151,3,19,vax_A_0.2,vax_A,0.2
161,C,0.4880748383051101,2.441035216646985e-4,0.511681058173225,3,19,vax_A_0.2,vax_A,0.2
162,A,0.2631611700078446,9.834888192482556e-5,0.7367404811102314,3,19,vax_A_0.2,vax_A,0.2
162,C,0.48804315780551427,2.285370341227571e-4,0.5117283051603624,3,19,vax_A_0.2,vax_A,0.2
163,A,0.26314840229235054,9.208052525236222e-5,0.7367595171823957,3,19,vax_A_0.2,vax_A,0.2
163,C,0.4880134996918174,2.1396130083579668e-4,0.5117725390073472,3,19,vax_A_0.2,vax_A,0.2
164,A,0.26313644924657753,8.621086535991941e-5,0.7367773398880625,3,19,vax_A_0.2,vax_A,0.2
164,C,0.48798573498375797,2.0031350131720629e-4,0.5118139515149247,3,19,vax_A_0.2,vax_A,0.2
165,A,0.26312525895099675,8.071463638843355e-5,0.7367940264126147,3,19,vax_A_0.2,vax_A,0.2
165,C,0.48795974291176347,1.8753476889357405e-4,0.511852722319344,3,19,vax_A_0.2,vax_A,0.2
166,A,0.2631147827878414,7.556816312371578e-5,0.736809649049035,3,19,vax_A_0.2,vax_A,0.2
166,C,0.48793541039614974,1.7556994551027125e-4,0.5118890196583408,3,19,vax_A_0.2,vax_A,0.2
167,A,0.26310497523194304,7.07492620281565e-5,0.7368242755060286,3,19,vax_A_0.2,vax_A,0.2
167,C,0.48791263155912973,1.6436735128737986e-4,0.5119230010895814,3,19,vax_A_0.2,vax_A,0.2
168,A,0.2630957936547315,6.623714829956966e-5,0.7368379691969691,3,19,vax_A_0.2,vax_A,0.2
168,C,0.487891307267581,1.5387856799572606e-4,0.5119548141644238,3,19,vax_A_0.2,vax_A,0.2
169,A,0.2630871981405711,6.201234860460479e-5,0.7368507895108253,3,19,vax_A_0.2,vax_A,0.2
169,C,0.4878713447046536,1.4405823566248196e-4,0.5119845970596846,3,19,vax_A_0.2,vax_A,0.2
170,A,0.26307915131467174,5.805661915322531e-5,0.7368627920661748,3,19,vax_A_0.2,vax_A,0.2
170,C,0.48785265696844604,1.3486386155437235e-4,0.5120124791699994,3,19,vax_A_0.2,vax_A,0.2
171,A,0.2630716181818521,5.4352868798646195e-5,0.7368740289493492,3,19,vax_A_0.2,vax_A,0.2
171,C,0.48783516269603444,1.262556408230701e-4,0.512038581663143,3,19,vax_A_0.2,vax_A,0.2
172,A,0.263064565975477,5.088508686501954e-5,0.7368845489376575,3,19,vax_A_0.2,vax_A,0.2
172,C,0.4878187857112766,1.1819628813535892e-4,0.5120630180005894,3,19,vax_A_0.2,vax_A,0.2
173,A,0.26305796401593085,4.763827542272754e-5,0.7368943977086468,3,19,vax_A_0.2,vax_A,0.2
173,C,0.4878034546949037,1.106508796488259e-4,0.5120858944254476,3,19,vax_A_0.2,vax_A,0.2
174,A,0.26305178357803966,4.4598385741284504e-5,0.7369036180362197,3,19,vax_A_0.2,vax_A,0.2
174,C,0.4877891028755154,1.0358670471111385e-4,0.5121073104197725,3,19,vax_A_0.2,vax_A,0.2
175,A,0.2630459977668718,4.1752258672887115e-5,0.7369122499744553,3,19,vax_A_0.2,vax_A,0.2
175,C,0.4877756677401406,9.697312671750257e-5,0.5121273591331404,3,19,vax_A_0.2,vax_A,0.2
176,A,0.26304058140139663,3.908756872927128e-5,0.7369203310298749,3,19,vax_A_0.2,vax_A,0.2
176,C,0.4877630907631564,9.078145257900393e-5,0.512146127784266,3,19,vax_A_0.2,vax_A,0.2
177,A,0.2630355109055069,3.659277162865326e-5,0.7369278963228644,3,19,vax_A_0.2,vax_A,0.2
177,C,0.4877513171523878,8.498481028489578e-5,0.5121636980373279,3,19,vax_A_0.2,vax_A,0.2
178,A,0.2630307642059441,3.4257055102227984e-5,0.7369349787389543,3,19,vax_A_0.2,vax_A,0.2
178,C,0.48774029561134297,7.955803407192376e-5,0.5121801463545841,3,19,vax_A_0.2,vax_A,0.2
179,A,0.2630263206366877,3.2070292762236027e-5,0.7369416090705485,3,19,vax_A_0.2,vax_A,0.2
179,C,0.48772997811652335,7.447755674094378e-5,0.5121955443267353,3,19,vax_A_0.2,vax_A,0.2
180,A,0.26302216084941227,3.0023000845277055e-5,0.7369478161497421,3,19,vax_A_0.2,vax_A,0.2
180,C,0.48772031970888174,6.972130868826479e-5,0.5122099589824305,3,19,vax_A_0.2,vax_A,0.2
181,A,0.26301826672961454,2.8106297655318997e-5,0.7369536269727301,3,19,vax_A_0.2,vax_A,0.2
181,C,0.4877112782985397,6.526862324332491e-5,0.5122234530782167,3,19,vax_A_0.2,vax_A,0.2
182,A,0.26301462131806713,2.6311865541052773e-5,0.7369590668163917,3,19,vax_A_0.2,vax_A,0.2
182,C,0.48770281448190894,6.110014792751078e-5,0.5122360853701643,3,19,vax_A_0.2,vax_A,0.2
183,A,0.26301120873725775,2.4631915252010802e-5,0.7369641593474896,3,19,vax_A_0.2,vax_A,0.2
183,C,0.48769489137044325,5.719776127136682e-5,0.5122479108682866,3,19,vax_A_0.2,vax_A,0.2
184,A,0.26300801412249625,2.3059152527163433e-5,0.7369689267249776,3,19,vax_A_0.2,vax_A,0.2
184,C,0.48768747443028476,5.3544494848888036e-5,0.5122589810748674,3,19,vax_A_0.2,vax_A,0.2
185,A,0.2630050235573982,2.1586746778443733e-5,0.7369733896958237,3,19,vax_A_0.2,vax_A,0.2
185,C,0.4876805313321104,5.0124460207756136e-5,0.5122693442076824,3,19,vax_A_0.2,vax_A,0.2
186,A,0.26300222401346957,2.0208301739851448e-5,0.7369775676847898,3,19,vax_A_0.2,vax_A,0.2
186,C,0.48767403181053465,4.6922780393331956e-5,0.5122790454090719,3,19,vax_A_0.2,vax_A,0.2
187,A,0.2629996032935291,1.8917827960531253e-5,0.7369814788785106,3,19,vax_A_0.2,vax_A,0.2
187,C,0.4876679475324654,4.392552578214404e-5,0.5122881269417524,3,19,vax_A_0.2,vax_A,0.2
188,A,0.2629971499787277,1.7709717027542483e-5,0.7369851403042454,3,19,vax_A_0.2,vax_A,0.2
188,C,0.48766225197383367,4.111965395764048e-5,0.5122966283722097,3,19,vax_A_0.2,vax_A,0.2
189,A,0.2629948533789357,1.657871741095618e-5,0.7369885679036534,3,19,vax_A_0.2,vax_A,0.2
189,C,0.4876569203041841,3.849295337707432e-5,0.5123045867424382,3,19,vax_A_0.2,vax_A,0.2
190,A,0.2629927034862938,1.5519911830424105e-5,0.7369917766018756,3,19,vax_A_0.2,vax_A,0.2
190,C,0.4876519292786172,3.603399059356872e-5,0.5123120367307896,3,19,vax_A_0.2,vax_A,0.2
191,A,0.262990690931706,1.4528696048473926e-5,0.7369947803722454,3,19,vax_A_0.2,vax_A,0.2
191,C,0.48764725713660106,3.37320608116427e-5,0.5123190108025863,3,19,vax_A_0.2,vax_A,0.2
192,A,0.26298880694411303,1.360075900159925e-5,0.7369975922968857,3,19,vax_A_0.2,vax_A,0.2
192,C,0.4876428835072576,3.157714156808625e-5,0.512325539351176,3,19,vax_A_0.2,vax_A,0.2
193,A,0.2629870433123521,1.2732064185725665e-5,0.7370002246234619,3,19,vax_A_0.2,vax_A,0.2
193,C,0.4876387893206558,2.955984934300283e-5,0.5123316508300012,3,19,vax_A_0.2,vax_A,0.2
194,A,0.26298539234944734,1.191883221733176e-5,0.7370026888183346,3,19,vax_A_0.2,vax_A,0.2
194,C,0.48763495672478957,2.7671398916573216e-5,0.5123373718762928,3,19,vax_A_0.2,vax_A,0.2
195,A,0.26298384685917514,1.1157524496920612e-5,0.737004995616328,3,19,vax_A_0.2,vax_A,0.2
195,C,0.48763136900782494,2.590356530015519e-5,0.5123427274268745,3,19,vax_A_0.2,vax_A,0.2
196,A,0.262982400104752,1.0444827905718516e-5,0.7370071550673414,3,19,vax_A_0.2,vax_A,0.2
196,C,0.4876280105253182,2.424864807990308e-5,0.5123477408266006,3,19,vax_A_0.2,vax_A,0.2
197,A,0.26298104577953135,9.777640470783022e-6,0.7370091765799976,3,19,vax_A_0.2,vax_A,0.2
197,C,0.4876248666320734,2.269943802119987e-5,0.5123524339299054,3,19,vax_A_0.2,vax_A,0.2
198,A,0.2629797779795507,9.153057937693104e-6,0.7370110689625112,3,19,vax_A_0.2,vax_A,0.2
198,C,0.48762192361834317,2.12491857915485e-5,0.5123568271958653,3,19,vax_A_0.2,vax_A,0.2
199,A,0.262978591177841,8.568361193788308e-6,0.7370128404609652,3,19,vax_A_0.2,vax_A,0.2
199,C,0.48761916865010224,1.9891572668480375e-5,0.5123609397772283,3,19,vax_A_0.2,vax_A,0.2
200,A,0.2629774802003669,8.02100448846882e-6,0.7370144987951451,3,19,vax_A_0.2,vax_A,0.2
200,C,0.48761658971313615,1.8620683107359034e-5,0.5123647896037568,3,19,vax_A_0.2,vax_A,0.2
201,A,0.262976440203503,7.508604400381726e-6,0.737016051192097,3,19,vax_A_0.2,vax_A,0.2
201,C,0.4876141755606825,1.7430979051716775e-5,0.5123683934602663,3,19,vax_A_0.2,vax_A,0.2
202,A,0.2629754666529462,7.028929504429795e-6,0.7370175044175492,3,19,vax_A_0.2,vax_A,0.2
202,C,0.4876119156644312,1.6317275876048978e-5,0.5123717670596937,3,19,vax_A_0.2,vax_A,0.2
203,A,0.26297455530397074,6.5798906944719335e-6,0.7370188648053352,3,19,vax_A_0.2,vax_A,0.2
203,C,0.4876098001686381,1.527471985786912e-5,0.5123749251115052,3,19,vax_A_0.2,vax_A,0.2
204,A,0.2629737021829445,6.159532120341163e-6,0.737020138284935,3,19,vax_A_0.2,vax_A,0.2
204,C,0.4876078198471774,1.4298767082296809e-5,0.5123778813857408,3,19,vax_A_0.2,vax_A,0.2
205,A,0.2629729035700233,5.766022700392881e-6,0.7370213304072774,3,19,vax_A_0.2,vax_A,0.2
205,C,0.48760596606332673,1.3385163688515861e-5,0.5123806487729854,3,19,vax_A_0.2,vax_A,0.2
206,A,0.2629721559829479,5.397648173219151e-6,0.7370224463688791,3,19,vax_A_0.2,vax_A,0.2
206,C,0.48760423073212356,1.2529927373118271e-5,0.5123832393405013,3,19,vax_A_0.2,vax_A,0.2
207,A,0.26297145616187806,5.05280365444085e-6,0.7370234910344678,3,19,vax_A_0.2,vax_A,0.2
207,C,0.4876026062851282,1.1729330070682177e-5,0.5123856643848013,3,19,vax_A_0.2,vax_A,0.2
208,A,0.2629708010551891,4.7299866666253654e-6,0.7370244689581451,3,19,vax_A_0.2,vax_A,0.2
208,C,0.4876010856374253,1.0979881736939541e-5,0.5123879344808389,3,19,vax_A_0.2,vax_A,0.2
209,A,0.2629701878061778,4.427790612384041e-6,0.7370253844032092,3,19,vax_A_0.2,vax_A,0.2
209,C,0.48759966215674216,1.0278315164590191e-5,0.5123900595280929,3,19,vax_A_0.2,vax_A,0.2
210,A,0.2629696137406195,4.144898662584235e-6,0.7370262413607168,3,19,vax_A_0.2,vax_A,0.2
210,C,0.48759832963454103,9.621571766225291e-6,0.5123920487936925,3,19,vax_A_0.2,vax_A,0.2
211,A,0.26296907635511074,3.8800780333736895e-6,0.7370270435668557,3,19,vax_A_0.2,vax_A,0.2
211,C,0.4875970822589432,9.006788262950591e-6,0.5123939109527936,3,19,vax_A_0.2,vax_A,0.2
212,A,0.26296857330616336,3.63217462737309e-6,0.7370277945192102,3,19,vax_A_0.2,vax_A,0.2
212,C,0.4875959145893971,8.431284221184732e-6,0.5123956541263801,3,19,vax_A_0.2,vax_A,0.2
213,A,0.26296810239999285,3.40010801594991e-6,0.7370284974919907,3,19,vax_A_0.2,vax_A,0.2
213,C,0.4875948215329555,7.892550383756882e-6,0.512397285916661,3,19,vax_A_0.2,vax_A,0.2
214,A,0.26296766158295826,3.1828667409125028e-6,0.7370291555503014,3,19,vax_A_0.2,vax_A,0.2
214,C,0.48759379832206745,7.388237744745112e-6,0.5123988134401869,3,19,vax_A_0.2,vax_A,0.2
215,A,0.26296724893260787,2.9795039153711808e-6,0.7370297715634763,3,19,vax_A_0.2,vax_A,0.2
215,C,0.48759284049379675,6.916147320821666e-6,0.5124002433588815,3,19,vax_A_0.2,vax_A,0.2
216,A,0.26296686264930585,2.789133104768084e-6,0.7370303482175893,3,19,vax_A_0.2,vax_A,0.2
216,C,0.48759194387035576,6.474220574788317e-6,0.5124015819090693,3,19,vax_A_0.2,vax_A,0.2
217,A,0.26296650104838515,2.610924470280248e-6,0.7370308880271448,3,19,vax_A_0.2,vax_A,0.2
217,C,0.4875911045408948,6.060530449801523e-6,0.5124028349286569,3,19,vax_A_0.2,vax_A,0.2
218,A,0.26296616255280447,2.44410115792456e-6,0.7370313933460368,3,19,vax_A_0.2,vax_A,0.2
218,C,0.4875903188444395,5.673272975414285e-6,0.5124040078825858,3,19,vax_A_0.2,vax_A,0.2
219,A,0.2629658456862749,2.2879359177491412e-6,0.7370318663778072,3,19,vax_A_0.2,vax_A,0.2
219,C,0.4875895833539382,5.310759409032355e-6,0.5124051058866544,3,19,vax_A_0.2,vax_A,0.2
220,A,0.2629655490668232,2.1417479384847665e-6,0.7370323091852388,3,19,vax_A_0.2,vax_A,0.2
220,C,0.4875888948613059,4.971408878694205e-6,0.512406133729815,3,19,vax_A_0.2,vax_A,0.2
221,A,0.2629652714007685,2.0048998839551637e-06,0.7370327236993474,3,19,vax_A_0.2,vax_A,0.2
221,C,0.4875882503634457,4.653741495245452e-6,0.5124070958950584,3,19,vax_A_0.2,vax_A,0.2
222,A,0.2629650114770813,1.8767951184122395e-6,0.7370331117278,3,19,vax_A_0.2,vax_A,0.2
222,C,0.48758764704914204,4.356371904003675e-6,0.5124079965789544,3,19,vax_A_0.2,vax_A,0.2
223,A,0.26296476816210596,1.7568751087756804e-6,0.737033474962785,3,19,vax_A_0.2,vax_A,0.2
223,C,0.48758708228680697,4.0780032479093815e-6,0.5124088397099454,3,19,vax_A_0.2,vax_A,0.2
224,A,0.26296454039461475,1.644616992518721e-6,0.7370338149883938,3,19,vax_A_0.2,vax_A,0.2
224,C,0.48758655361300196,3.817421515939418e-6,0.5124096289654829,3,19,vax_A_0.2,vax_A,0.2
225,A,0.26296432718118307,1.5395313006562528e-6,0.737034133287516,3,19,vax_A_0.2,vax_A,0.2
225,C,0.48758605872169425,3.57349025222645e-6,0.5124103677880533,3,19,vax_A_0.2,vax_A,0.2
226,A,0.26296412759185944,1.4411598259602441e-6,0.7370344312483146,3,19,vax_A_0.2,vax_A,0.2
226,C,0.4875855954542009,3.345145602889566e-6,0.5124110594001945,3,19,vax_A_0.2,vax_A,0.2
227,A,0.2629639407561077,1.349073627154226e-6,0.7370347101702658,3,19,vax_A_0.2,vax_A,0.2
227,C,0.4875851617897754,3.131391679042825e-6,0.5124117068185454,3,19,vax_A_0.2,vax_A,0.2
228,A,0.26296376585901254,1.2628711604259187e-6,0.7370349712698278,3,19,vax_A_0.2,vax_A,0.2
228,C,0.4875847558367873,2.931296215819214e-6,0.512412312866996,3,19,vax_A_0.2,vax_A,0.2
229,A,0.26296360213772674,1.1821765301472597e-6,0.7370352156857434,3,19,vax_A_0.2,vax_A,0.2
229,C,0.48758437582448155,2.7439865085307683e-6,0.5124128801890089,3,19,vax_A_0.2,vax_A,0.2
230,A,0.26296344887814366,1.1066378512065567e-6,0.7370354444840054,3,19,vax_A_0.2,vax_A,0.2
230,C,0.48758402009525187,2.5686456082874967e-6,0.5124134112591394,3,19,vax_A_0.2,vax_A,0.2
231,A,0.2629633054117843,1.035925715840107e-6,0.7370356586625001,3,19,vax_A_0.2,vax_A,0.2
231,C,0.48758368709740657,2.4045087605231416e-6,0.5124139083938314,3,19,vax_A_0.2,vax_A,0.2
232,A,0.26296317111288187,9.697317583031302e-7,0.7370358591553602,3,19,vax_A_0.2,vax_A,0.2
232,C,0.48758337537840807,2.2508600709307017e-6,0.5124143737615202,3,19,vax_A_0.2,vax_A,0.2
233,A,0.26296304539565274,9.07767311143828e-7,0.7370360468370362,3,19,vax_A_0.2,vax_A,0.2
233,C,0.4875830835785333,2.1070293842988673e-6,0.5124148093920821,3,19,vax_A_0.2,vax_A,0.2
234,A,0.26296292771174207,8.497621472389674e-7,0.7370362225261102,3,19,vax_A_0.2,vax_A,0.2
234,C,0.48758281042494384,1.9723893626588478e-6,0.5124152171856923,3,19,vax_A_0.2,vax_A,0.2
235,A,0.2629628175478326,7.954633021241459e-7,0.7370363869888649,3,19,vax_A_0.2,vax_A,0.2
235,C,0.4875825547261359,1.8463527500261582e-6,0.5124155989211145,3,19,vax_A_0.2,vax_A,0.2
236,A,0.2629627144234068,7.446339714981256e-7,0.7370365409426228,3,19,vax_A_0.2,vax_A,0.2
236,C,0.4875823153667403,1.7283698118273199e-6,0.5124159562634487,3,19,vax_A_0.2,vax_A,0.2
237,A,0.2629626178886478,6.970524791068012e-7,0.7370366850588723,3,19,vax_A_0.2,vax_A,0.2
237,C,0.48758209130265906,1.6179259378613562e-6,0.5124162907714029,3,19,vax_A_0.2,vax_A,0.2
238,A,0.26296252752248395,6.525113105176906e-7,0.7370368199662044,3,19,vax_A_0.2,vax_A,0.2
238,C,0.4875818815565136,1.514539398356615e-6,0.5124166039040883,3,19,vax_A_0.2,vax_A,0.2
239,A,0.26296244293074705,6.108162085817159e-7,0.7370369462530445,3,19,vax_A_0.2,vax_A,0.2
239,C,0.48758168521337947,1.4177592433497931e-6,0.5124168970273787,3,19,vax_A_0.2,vax_A,0.2
240,A,0.26296236374445475,5.717853266470072e-7,0.7370370644702189,3,19,vax_A_0.2,vax_A,0.2
240,C,0.48758150141679235,1.3271633362373632e-6,0.5124171714198724,3,19,vax_A_0.2,vax_A,0.2
241,A,0.2629622896182023,5.352484358400046e-7,0.7370371751333615,3,19,vax_A_0.2,vax_A,0.2
241,C,0.48758132936501936,1.2423565129331927e-6,0.5124174282784677,3,19,vax_A_0.2,vax_A,0.2
242,A,0.2629622202286556,5.010461829639403e-7,0.7370372787251607,3,19,vax_A_0.2,vax_A,0.2
242,C,0.48758116830755915,1.162968858612352e-6,0.5124176687235831,3,19,vax_A_0.2,vax_A,0.2
243,A,0.26296215527314076,4.6902939578464965e-7,0.737037375697462,3,19,vax_A_0.2,vax_A,0.2
243,C,0.48758101754186334,1.0886540945328815e-6,0.5124178938040406,3,19,vax_A_0.2,vax_A,0.2
244,A,0.26296209446832486,4.3905843267953816e-7,0.7370374664732435,3,19,vax_A_0.2,vax_A,0.2
244,C,0.48758087641028036,1.0190880679064374e-6,0.5124181045016513,3,19,vax_A_0.2,vax_A,0.2
245,A,0.26296203754897707,4.110025738183676e-7,0.7370375514484484,3,19,vax_A_0.2,vax_A,0.2
245,C,0.4875807442971811,9.539673382372251e-7,0.5124183017354806,3,19,vax_A_0.2,vax_A,0.2
246,A,0.26296198426681777,3.8473945122501717e-7,0.7370376309937314,3,19,vax_A_0.2,vax_A,0.2
246,C,0.48758062062627594,8.930078539687231e-7,0.5124184863658712,3,19,vax_A_0.2,vax_A,0.2
247,A,0.26296193438942955,3.6015451523837876e-7,0.7370377054560555,3,19,vax_A_0.2,vax_A,0.2
247,C,0.48758050485809845,8.359437136706818e-7,0.512418659198188,3,19,vax_A_0.2,vax_A,0.2
248,A,0.26296188769924717,3.371405350488718e-7,0.7370377751602172,3,19,vax_A_0.2,vax_A,0.2
248,C,0.4875803964876576,7.82526006367141e-7,0.5124188209863368,3,19,vax_A_0.2,vax_A,0.2
249,A,0.26296184399260786,3.1559713113521866e-7,0.7370378404102602,3,19,vax_A_0.2,vax_A,0.2
249,C,0.48758029504223077,7.325217259508365e-7,0.5124189724360441,3,19,vax_A_0.2,vax_A,0.2
250,A,0.2629618030788623,2.954303375648961e-7,0.7370379014907997,3,19,vax_A_0.2,vax_A,0.2
250,C,0.4875802000792996,6.857127549520376e-7,0.5124191142079455,3,19,vax_A_0.2,vax_A,0.2
251,A,0.2629617647795431,2.76552192251601e-7,0.7370379586682647,3,19,vax_A_0.2,vax_A,0.2
251,C,0.4875801111846274,6.418949132319688e-7,0.5124192469204591,3,19,vax_A_0.2,vax_A,0.2
252,A,0.26296172892758735,2.588803533847141e-7,0.737038012192059,3,19,vax_A_0.2,vax_A,0.2
252,C,0.4875800279704454,6.008770674537712e-7,0.5124193711524884,3,19,vax_A_0.2,vax_A,0.2
253,A,0.26296169536660785,2.423377403596803e-7,0.7370380622956518,3,19,vax_A_0.2,vax_A,0.2
253,C,0.48757995007376165,5.624802974488928e-7,0.5124194874459411,3,19,vax_A_0.2,vax_A,0.2
254,A,0.26296166395020937,2.268521976446839e-7,0.7370381091975927,3,19,vax_A_0.2,vax_A,0.2
254,C,0.4875798771547837,5.26537115844231e-7,0.5124195963081015,3,19,vax_A_0.2,vax_A,0.2
255,A,0.262961634541352,2.123561801190904e-7,0.7370381531024672,3,19,vax_A_0.2,vax_A,0.2
255,C,0.48757980889542823,4.928907375480349e-7,0.5124196982138343,3,19,vax_A_0.2,vax_A,0.2
256,A,0.2629616070117528,1.9878645851244576e-7,0.7370381942017885,3,19,vax_A_0.2,vax_A,0.2
256,C,0.48757974499794016,4.613943959094915e-7,0.5124197936076634,3,19,vax_A_0.2,vax_A,0.2
257,A,0.2629615812413254,1.8608384366036862e-7,0.7370382326748297,3,19,vax_A_0.2,vax_A,0.2
257,C,0.487579685183592,4.319107025703611e-7,0.5124198829057056,3,19,vax_A_0.2,vax_A,0.2
258,A,0.2629615571176578,1.7419292837560475e-7,0.7370382686894132,3,19,vax_A_0.2,vax_A,0.2
258,C,0.48757962919146436,4.043110482174581e-7,0.5124199664974872,3,19,vax_A_0.2,vax_A,0.2
259,A,0.26296153453552085,1.6306184580921944e-7,0.7370383024026329,3,19,vax_A_0.2,vax_A,0.2
259,C,0.4875795767773128,3.7847504162303386e-7,0.5124200447476446,3,19,vax_A_0.2,vax_A,0.2
260,A,0.26296151339640894,1.5264204324874763e-7,0.7370383339615493,3,19,vax_A_0.2,vax_A,0.2
260,C,0.4875795277125011,3.5428998452703123e-7,0.5124201179975146,3,19,vax_A_0.2,vax_A,0.2
261,A,0.26296149360811144,1.4288807036733282e-7,0.737038363503819,3,19,vax_A_0.2,vax_A,0.2
261,C,0.4875794817830008,3.3165038007140094e-7,0.5124201865666203,3,19,vax_A_0.2,vax_A,0.2
262,A,0.26296147508431034,1.337573810008471e-7,0.7370383911583084,3,19,vax_A_0.2,vax_A,0.2
262,C,0.48757943878846177,3.1045747264291455e-7,0.5124202507540675,3,19,vax_A_0.2,vax_A,0.2
263,A,0.26296145774420365,1.2521014758890217e-7,0.7370384170456502,3,19,vax_A_0.2,vax_A,0.2
263,C,0.4875793985413334,2.90618817117821e-7,0.5124203108398494,3,19,vax_A_0.2,vax_A,0.2
264,A,0.26296144151215106,1.1720908747085092e-7,0.7370384412787615,3,19,vax_A_0.2,vax_A,0.2
264,C,0.48757936086605647,2.7204787562989025e-7,0.5124203670860681,3,19,vax_A_0.2,vax_A,0.2
265,A,0.26296142631734726,1.0971930027951695e-7,0.7370384639633528,3,19,vax_A_0.2,vax_A,0.2
265,C,0.48757932559828454,2.546636401033714e-7,0.5124204197380754,3,19,vax_A_0.2,vax_A,0.2
266,A,0.2629614120935108,1.0270811572375346e-7,0.737038485198374,3,19,vax_A_0.2,vax_A,0.2
266,C,0.48757929258417515,2.3839027890472413e-7,0.5124204690255474,3,19,vax_A_0.2,vax_A,0.2
267,A,0.2629613987785961,9.614495109619866e-8,0.7370385050764526,3,19,vax_A_0.2,vax_A,0.2
267,C,0.48757926167971355,2.2315680607213526e-7,0.51242051516348,3,19,vax_A_0.2,vax_A,0.2
268,A,0.2629613863145223,9.000117788497385e-8,0.7370385236843005,3,19,vax_A_0.2,vax_A,0.2
268,C,0.48757923275009457,2.0889677168028272e-7,0.5124205583531334,3,19,vax_A_0.2,vax_A,0.2
269,A,0.2629613746469189,8.424999690774903e-8,0.7370385411030835,3,19,vax_A_0.2,vax_A,0.2
269,C,0.48757920566912,1.955479719899504e-7,0.5124205987829087,3,19,vax_A_0.2,vax_A,0.2
270,A,0.26296136372489143,7.886632142081482e-8,0.7370385574087871,3,19,vax_A_0.2,vax_A,0.2
270,C,0.4875791803186587,1.8305217811157775e-7,0.5124206366291623,3,19,vax_A_0.2,vax_A,0.2
271,A,0.2629613535007951,7.382666733030039e-8,0.7370385726725377,3,19,vax_A_0.2,vax_A,0.2
271,C,0.4875791565881283,1.7135488115642492e-7,0.5124206720569905,3,19,vax_A_0.2,vax_A,0.2
272,A,0.2629613439300214,6.910904655355608e-8,0.7370385869609313,3,19,vax_A_0.2,vax_A,0.2
272,C,0.4875791343739887,1.6040504470114112e-7,0.512420705220966,3,19,vax_A_0.2,vax_A,0.2
273,A,0.26296133497081764,6.469287842831387e-8,0.7370386003363044,3,19,vax_A_0.2,vax_A,0.2
273,C,0.4875791135793286,1.501548991471945e-7,0.5124207362657721,3,19,vax_A_0.2,vax_A,0.2
274,A,0.2629613265841101,6.055890358985913e-8,0.7370386128569864,3,19,vax_A_0.2,vax_A,0.2
274,C,0.4875790941134567,1.405597418101001e-7,0.5124207653267999,3,19,vax_A_0.2,vax_A,0.2
275,A,0.2629613187333243,5.668909363806021e-8,0.7370386245775824,3,19,vax_A_0.2,vax_A,0.2
275,C,0.48757907589148225,1.3157772723646712e-7,0.5124207925307901,3,19,vax_A_0.2,vax_A,0.2
276,A,0.2629613113842928,5.306660740356299e-8,0.7370386355490993,3,19,vax_A_0.2,vax_A,0.2
276,C,0.48757905883410074,1.2316976568463702e-7,0.5124208179961336,3,19,vax_A_0.2,vax_A,0.2
277,A,0.2629613045051013,4.96757134510774e-8,0.7370386458191851,3,19,vax_A_0.2,vax_A,0.2
277,C,0.48757904286723713,1.152993432406322e-7,0.512420841833421,3,19,vax_A_0.2,vax_A,0.2
278,A,0.2629612980656578,4.650157943538191e-8,0.7370386554327621,3,19,vax_A_0.2,vax_A,0.2
278,C,0.4875790279210457,1.0793203288242548e-7,0.5124208641469209,3,19,vax_A_0.2,vax_A,0.2
279,A,0.2629612920376053,4.353022771348753e-8,0.7370386644321656,3,19,vax_A_0.2,vax_A,0.2
279,C,0.4875790139297113,1.0103539145023203e-7,0.5124208850348987,3,19,vax_A_0.2,vax_A,0.2
280,A,0.26296128639161825,4.0747203030783814e-8,0.7370386728611789,3,19,vax_A_0.2,vax_A,0.2
280,C,0.4875790008251646,9.457586725089385e-8,0.5124209045989683,3,19,vax_A_0.2,vax_A,0.2
281,A,0.2629612811032813,3.814047116623967e-8,0.7370386807562465,3,19,vax_A_0.2,vax_A,0.2
281,C,0.48757898855073906,8.852552801403638e-8,0.5124209229237324,3,19,vax_A_0.2,vax_A,0.2
282,A,0.2629612761358031,3.569189626567514e-8,0.7370386881723008,3,19,vax_A_0.2,vax_A,0.2
282,C,0.4875789770210383,8.284227932262891e-8,0.5124209401366827,3,19,vax_A_0.2,vax_A,0.2
283,A,0.26296127165050354,3.3480996731400535e-8,0.7370386948684999,3,19,vax_A_0.2,vax_A,0.2
283,C,0.48757896661049255,7.77106872107524e-8,0.5124209556788204,3,19,vax_A_0.2,vax_A,0.2
284,A,0.2629612674430413,3.14070489496939e-8,0.7370387011499092,3,19,vax_A_0.2,vax_A,0.2
284,C,0.4875789568448187,7.289696685354666e-8,0.5124209702582132,3,19,vax_A_0.2,vax_A,0.2
285,A,0.2629612634962061,2.946156962133467e-8,0.7370387070422229,3,19,vax_A_0.2,vax_A,0.2
285,C,0.48757894768407284,6.838142801364734e-8,0.5124209839344992,3,19,vax_A_0.2,vax_A,0.2
286,A,0.2629612597938552,2.763660093205284e-8,0.7370387125695441,3,19,vax_A_0.2,vax_A,0.2
286,C,0.48757893909078043,6.414560012884846e-8,0.5124209967636196,3,19,vax_A_0.2,vax_A,0.2
287,A,0.26296125632084266,2.5924678001412744e-8,0.7370387177544804,3,19,vax_A_0.2,vax_A,0.2
287,C,0.48757893102979205,6.017215677549114e-8,0.5124210087980502,3,19,vax_A_0.2,vax_A,0.2
288,A,0.2629612530629624,2.4318798349141107e-8,0.7370387226182387,3,19,vax_A_0.2,vax_A,0.2
288,C,0.487578923468135,5.644484479634041e-8,0.5124210200870194,3,19,vax_A_0.2,vax_A,0.2
289,A,0.2629612500068887,2.2812393252759646e-8,0.7370387271807165,3,19,vax_A_0.2,vax_A,0.2
289,C,0.48757891637487866,5.294841781850862e-8,0.5124210306767037,3,19,vax_A_0.2,vax_A,0.2
290,A,0.2629612471401213,2.1399300879376313e-8,0.7370387314605775,3,19,vax_A_0.2,vax_A,0.2
290,C,0.48757890972100737,4.966857388949594e-8,0.5124210406104179,3,19,vax_A_0.2,vax_A,0.2
291,A,0.2629612444509329,2.0073741081743896e-8,0.737038735475326,3,19,vax_A_0.2,vax_A,0.2
291,C,0.4875789034793048,4.659189697626132e-8,0.5124210499287968,3,19,vax_A_0.2,vax_A,0.2
292,A,0.26296124192832354,1.8830291755501095e-8,0.7370387392413846,3,19,vax_A_0.2,vax_A,0.2
292,C,0.4875788976242394,4.3705802088038266e-8,0.5124210586699581,3,19,vax_A_0.2,vax_A,0.2
293,A,0.26296123956197504,1.7663866660896046e-8,0.7370387427741565,3,19,vax_A_0.2,vax_A,0.2
293,C,0.4875788921318617,4.0998483798429534e-8,0.5124210668696552,3,19,vax_A_0.2,vax_A,0.2
294,A,0.2629612373422086,1.6569694618280844e-8,0.7370387460880973,3,19,vax_A_0.2,vax_A,0.2
294,C,0.48757888697970425,3.84588679562217e-8,0.5124210745614285,3,19,vax_A_0.2,vax_A,0.2
295,A,0.26296123525994336,1.554329999228564e-8,0.7370387491967565,3,19,vax_A_0.2,vax_A,0.2
295,C,0.4875788821466925,3.607656638740031e-8,0.5124210817767418,3,19,vax_A_0.2,vax_A,0.2
296,A,0.2629612333066618,1.4580484384849598e-8,0.7370387521128529,3,19,vax_A_0.2,vax_A,0.2
296,C,0.48757887761305807,3.3841834403081803e-8,0.5124210885451087,3,19,vax_A_0.2,vax_A,0.2
297,A,0.2629612314743748,1.3677309462231621e-8,0.7370387548483155,3,19,vax_A_0.2,vax_A,0.2
297,C,0.48757887336025546,3.174553093955621e-8,0.5124210948942151,3,19,vax_A_0.2,vax_A,0.2
298,A,0.26296122975558767,1.2830080845759958e-8,0.7370387574143323,3,19,vax_A_0.2,vax_A,0.2
298,C,0.4875788693708882,2.977908116739865e-8,0.5124211008500312,3,19,vax_A_0.2,vax_A,0.2
299,A,0.26296122814326883,1.2035333000431924e-8,0.737038759821399,3,19,vax_A_0.2,vax_A,0.2
299,C,0.48757886562863983,2.793444141670904e-8,0.5124211064369194,3,19,vax_A_0.2,vax_A,0.2
300,A,0.26296122663082394,1.1289815059555194e-8,0.7370387620793626,3,19,vax_A_0.2,vax_A,0.2
300,C,0.4875788621182017,2.620406627501025e-8,0.5124211116777326,3,19,vax_A_0.2,vax_A,0.2
301,A,0.262961225212066,1.05904775274506e-8,0.7370387641974572,3,19,vax_A_0.2,vax_A,0.2
301,C,0.48757885882521473,2.4580877723224266e-8,0.5124211165939079,3,19,vax_A_0.2,vax_A,0.2
302,A,0.2629612238811913,9.934459805828142e-9,0.7370387661843497,3,19,vax_A_0.2,vax_A,0.2
302,C,0.4875788557362094,2.3058236183481295e-8,0.5124211212055555,3,19,vax_A_0.2,vax_A,0.2
303,A,0.26296122263275706,9.319078491293574e-9,0.7370387680481655,3,19,vax_A_0.2,vax_A,0.2
303,C,0.4875788528385493,2.162991336829373e-8,0.5124211255315378,3,19,vax_A_0.2,vax_A,0.2
304,A,0.262961221461656,8.741816403427942e-9,0.7370387697965285,3,19,vax_A_0.2,vax_A,0.2
304,C,0.48757885012038177,2.0290066782890434e-8,0.512421129589551,3,19,vax_A_0.2,vax_A,0.2
305,A,0.2629612203630975,8.200312285379602e-9,0.7370387714365916,3,19,vax_A_0.2,vax_A,0.2
305,C,0.4875788475705897,1.903321584137714e-8,0.5124211333961934,3,19,vax_A_0.2,vax_A,0.2
306,A,0.26296121933258815,7.692351144866933e-9,0.7370387729750596,3,19,vax_A_0.2,vax_A,0.2
306,C,0.4875788451787419,1.785421945158551e-8,0.512421136967037,3,19,vax_A_0.2,vax_A,0.2
307,A,0.2629612183659135,7.21585519486519e-9,0.7370387744182316,3,19,vax_A_0.2,vax_A,0.2
307,C,0.4875788429350562,1.674825498159039e-8,0.5124211403166895,3,19,vax_A_0.2,vax_A,0.2
308,A,0.2629612174591182,6.768875354607616e-9,0.7370387757720072,3,19,vax_A_0.2,vax_A,0.2
308,C,0.487578840830352,1.5710798533005087e-8,0.5124211434588487,3,19,vax_A_0.2,vax_A,0.2
309,A,0.26296121660849314,6.349583277042556e-9,0.7370387770419223,3,19,vax_A_0.2,vax_A,0.2
309,C,0.48757883885602366,1.4737606436224403e-8,0.5124211464063705,3,19,vax_A_0.2,vax_A,0.2
310,A,0.26296121581055987,5.956263870136572e-9,0.7370387782331763,3,19,vax_A_0.2,vax_A,0.2
310,C,0.48757883700399257,1.3824697891924659e-8,0.5124211491713097,3,19,vax_A_0.2,vax_A,0.2
311,A,0.2629612150620539,5.5873082814331855e-9,0.7370387793506374,3,19,vax_A_0.2,vax_A,0.2
311,C,0.4875788352666845,1.2968338687816923e-8,0.5124211517649784,3,19,vax_A_0.2,vax_A,0.2
312,A,0.2629612143599136,5.241207317172097e-9,0.73703878039888,3,19,vax_A_0.2,vax_A,0.2
312,C,0.4875788336369914,1.2165025924048443e-8,0.5124211541979826,3,19,vax_A_0.2,vax_A,0.2
313,A,0.2629612137012667,4.916545269051023e-9,0.737038781382188,3,19,vax_A_0.2,vax_A,0.2
313,C,0.4875788321082492,1.1411473684773005e-8,0.5124211564802775,3,19,vax_A_0.2,vax_A,0.2
314,A,0.26296121308341874,4.611994123379357e-9,0.7370387823045866,3,19,vax_A_0.2,vax_A,0.2
314,C,0.4875788306742029,1.0704599597280694e-8,0.5124211586211976,3,19,vax_A_0.2,vax_A,0.2
315,A,0.26296121250384324,4.326308128937459e-9,0.7370387831698486,3,19,vax_A_0.2,vax_A,0.2
315,C,0.48757882932898716,1.0041512223708515e-8,0.5124211606294996,3,19,vax_A_0.2,vax_A,0.2
316,A,0.2629612119601688,4.058318701321996e-9,0.7370387839815126,3,19,vax_A_0.2,vax_A,0.2
316,C,0.4875788280671014,9.419499233758639e-9,0.5124211625133994,3,19,vax_A_0.2,vax_A,0.2
317,A,0.26296121145017187,3.806929642934607e-9,0.7370387847428979,3,19,vax_A_0.2,vax_A,0.2
317,C,0.4875788268833803,8.836016310045606e-9,0.5124211642806028,3,19,vax_A_0.2,vax_A,0.2
318,A,0.2629612109717666,3.5711126590617844e-9,0.7370387854571211,3,19,vax_A_0.2,vax_A,0.2
318,C,0.4875788257729852,8.288676740690806e-9,0.512421165938339,3,19,vax_A_0.2,vax_A,0.2
319,A,0.26296121052299587,3.3499031517051443e-9,0.7370387861271013,3,19,vax_A_0.2,vax_A,0.2
319,C,0.487578824731371,7.775241656593105e-9,0.5124211674933861,3,19,vax_A_0.2,vax_A,0.2
320,A,0.2629612101020228,3.1423962739574533e-9,0.7370387867555807,3,19,vax_A_0.2,vax_A,0.2
320,C,0.48757882375428013,7.293610873442572e-9,0.5124211689521083,3,19,vax_A_0.2,vax_A,0.2
321,A,0.2629612097071275,2.9477432287851907e-9,0.7370387873451284,3,19,vax_A_0.2,vax_A,0.2
321,C,0.48757882283771375,6.841814301016389e-9,0.5124211703204717,3,19,vax_A_0.2,vax_A,0.2
322,A,0.2629612093366933,2.7651477970784297e-9,0.7370387878981587,3,19,vax_A_0.2,vax_A,0.2
322,C,0.48757882197792435,6.4180038846178126e-9,0.5124211716040733,3,19,vax_A_0.2,vax_A,0.2
323,A,0.2629612089892055,2.5938630801312418e-9,0.7370387884169316,3,19,vax_A_0.2,vax_A,0.2
323,C,0.48757882117139284,6.02044604503701e-9,0.5124211728081617,3,19,vax_A_0.2,vax_A,0.2
324,A,0.2629612086632421,2.43318844619915e-9,0.7370387889035687,3,19,vax_A_0.2,vax_A,0.2
324,C,0.48757882041482,5.647514589161579e-9,0.5124211739376634,3,19,vax_A_0.2,vax_A,0.2
325,A,0.26296120835747117,2.282466663436452e-9,0.7370387893600631,3,19,vax_A_0.2,vax_A,0.2
325,C,0.48757881970511446,5.297684056942827e-9,0.512421174997201,3,19,vax_A_0.2,vax_A,0.2
326,A,0.2629612080706401,2.1410812113000173e-9,0.7370387897882794,3,19,vax_A_0.2,vax_A,0.2
326,C,0.48757881903937117,4.9695234813281326e-9,0.5124211759911065,3,19,vax_A_0.2,vax_A,0.2
327,A,0.2629612078015767,2.008453759041272e-9,0.7370387901899694,3,19,vax_A_0.2,vax_A,0.2
327,C,0.4875788184148658,4.661690535285425e-9,0.5124211769234444,3,19,vax_A_0.2,vax_A,0.2
328,A,0.2629612075491805,1.8840418000774032e-9,0.7370387905667785,3,19,vax_A_0.2,vax_A,0.2
328,C,0.48757881782904505,4.3729260410754194e-9,0.5124211777980296,3,19,vax_A_0.2,vax_A,0.2
329,A,0.2629612073124182,1.7673364328988243e-9,0.7370387909202446,3,19,vax_A_0.2,vax_A,0.2
329,C,0.4875788172795122,4.1020488196417866e-9,0.5124211786184385,3,19,vax_A_0.2,vax_A,0.2
330,A,0.26296120709032267,1.657860279435876e-9,0.7370387912518173,3,19,vax_A_0.2,vax_A,0.2
330,C,0.48757881676402,3.847950859051321e-9,0.5124211793880297,3,19,vax_A_0.2,vax_A,0.2
331,A,0.26296120688198454,1.5551655323699865e-9,0.737038791562851,3,19,vax_A_0.2,vax_A,0.2
331,C,0.4875788162804589,3.6095927822205206e-9,0.5124211801099474,3,19,vax_A_0.2,vax_A,0.2
332,A,0.26296120668655115,1.458832123402034e-9,0.7370387918546171,3,19,vax_A_0.2,vax_A,0.2
332,C,0.48757881582685314,3.385999595389768e-9,0.5124211807871477,3,19,vax_A_0.2,vax_A,0.2
333,A,0.2629612065032239,1.3684660049853922e-9,0.7370387921283099,3,19,vax_A_0.2,vax_A,0.2
333,C,0.4875788154013438,3.1762566999544543e-9,0.5124211814223982,3,19,vax_A_0.2,vax_A,0.2
334,A,0.26296120633125286,1.2836975384951552e-9,0.7370387923850491,3,19,vax_A_0.2,vax_A,0.2
334,C,0.48757881500219336,2.9795061513395832e-9,0.5124211820183004,3,19,vax_A_0.2,vax_A,0.2
335,A,0.2629612061699343,1.2041799822405682e-9,0.7370387926258858,3,19,vax_A_0.2,vax_A,0.2
335,C,0.4875788146277675,2.7949431496150178e-9,0.5124211825772887,3,19,vax_A_0.2,vax_A,0.2
336,A,0.26296120601860895,1.12958807313595e-9,0.7370387928518032,3,19,vax_A_0.2,vax_A,0.2
336,C,0.48757881427653604,2.6218127474965053e-9,0.5124211831016509,3,19,vax_A_0.2,vax_A,0.2
337,A,0.2629612058766567,1.0596166962285429e-9,0.7370387930637271,3,19,vax_A_0.2,vax_A,0.2
337,C,0.4875788139470605,2.459406762266575e-9,0.512421183593534,3,19,vax_A_0.2,vax_A,0.2
338,A,0.26296120574349807,9.939796366411539e-10,0.7370387932625229,3,19,vax_A_0.2,vax_A,0.2
338,C,0.48757881363799394,2.3070608789837713e-9,0.5124211840549451,3,19,vax_A_0.2,vax_A,0.2
339,A,0.2629612056185876,9.324084088244134e-10,0.7370387934490038,3,19,vax_A_0.2,vax_A,0.2
339,C,0.48757881334807257,2.1641519331310473e-9,0.5124211844877755,3,19,vax_A_0.2,vax_A,0.2
340,A,0.26296120550141455,8.746511583298568e-10,0.7370387936239344,3,19,vax_A_0.2,vax_A,0.2
340,C,0.4875788130761108,2.0300953615881056e-9,0.5124211848937953,3,19,vax_A_0.2,vax_A,0.2
341,A,0.2629612053914995,8.204716316116001e-10,0.7370387937880284,3,19,vax_A_0.2,vax_A,0.2
341,C,0.48757881282099447,1.9043428115009854e-9,0.5124211852746631,3,19,vax_A_0.2,vax_A,0.2
342,A,0.26296120528839356,7.696482096426195e-10,0.7370387939419573,3,19,vax_A_0.2,vax_A,0.2
342,C,0.4875788125816812,1.7863798972681843e-9,0.5124211856319393,3,19,vax_A_0.2,vax_A,0.2
343,A,0.26296120519167415,7.219730015319931e-10,0.7370387940863532,3,19,vax_A_0.2,vax_A,0.2
343,C,0.48757881235719247,1.6757240965762696e-9,0.5124211859670836,3,19,vax_A_0.2,vax_A,0.2
344,A,0.2629612051009458,6.772509937829756e-10,0.737038794221803,3,19,vax_A_0.2,vax_A,0.2
344,C,0.4875788121466089,1.5719227763779935e-9,0.512421186281468,3,19,vax_A_0.2,vax_A,0.2
345,A,0.2629612050158378,6.352992528583855e-10,0.737038794348862,3,19,vax_A_0.2,vax_A,0.2
345,C,0.48757881194906955,1.4745513416072806e-9,0.5124211865763783,3,19,vax_A_0.2,vax_A,0.2
346,A,0.26296120493600184,5.95946176949247e-10,0.7370387944680521,3,19,vax_A_0.2,vax_A,0.2
346,C,0.48757881176376694,1.3832114984310238e-9,0.5124211868530205,3,19,vax_A_0.2,vax_A,0.2
347,A,0.26296120486111074,5.590307939717665e-10,0.7370387945798578,3,19,vax_A_0.2,vax_A,0.2
347,C,0.48757881158994326,1.297529624990888e-9,0.5124211871125268,3,19,vax_A_0.2,vax_A,0.2
348,A,0.2629612047908592,5.244021031184699e-10,0.7370387946847385,3,19,vax_A_0.2,vax_A,0.2
348,C,0.4875788114268864,1.217155243118787e-9,0.5124211873559578,3,19,vax_A_0.2,vax_A,0.2
349,A,0.26296120472495926,4.919184571963221e-10,0.7370387947831222,3,19,vax_A_0.2,vax_A,0.2
349,C,0.48757881127393077,1.1417595847206778e-9,0.5124211875843102,3,19,vax_A_0.2,vax_A,0.2
350,A,0.26296120466314077,4.6144698322535793e-10,0.7370387948754116,3,19,vax_A_0.2,vax_A,0.2
350,C,0.48757881113044954,1.0710342469644218e-9,0.5124211877985174,3,19,vax_A_0.2,vax_A,0.2
351,A,0.2629612046051526,4.3286303892778785e-10,0.7370387949619847,3,19,vax_A_0.2,vax_A,0.2
351,C,0.48757881099585554,1.0046899307709527e-9,0.5124211879994551,3,19,vax_A_0.2,vax_A,0.2
352,A,0.26296120455075594,4.060497028843955e-10,0.7370387950431952,3,19,vax_A_0.2,vax_A,0.2
352,C,0.4875788108695985,9.424552574484667e-10,0.5124211881879451,3,19,vax_A_0.2,vax_A,0.2
353,A,0.26296120449972865,3.808972962727247e-10,0.737038795119374,3,19,vax_A_0.2,vax_A,0.2
353,C,0.4875788107511637,8.840756586292338e-10,0.5124211883647612,3,19,vax_A_0.2,vax_A,0.2
354,A,0.26296120445186283,3.5730293423077346e-10,0.7370387951908344,3,19,vax_A_0.2,vax_A,0.2
354,C,0.48757881064006475,8.293123349683084e-10,0.5124211885306239,3,19,vax_A_0.2,vax_A,0.2
355,A,0.2629612044069614,3.35170105011043e-10,0.7370387952578682,3,19,vax_A_0.2,vax_A,0.2
355,C,0.4875788105358469,7.779412793447618e-10,0.5124211886862117,3,19,vax_A_0.2,vax_A,0.2
356,A,0.2629612043648419,3.144082752035283e-10,0.7370387953207511,3,19,vax_A_0.2,vax_A,0.2
356,C,0.48757881043808554,7.297523605699005e-10,0.5124211888321623,3,19,vax_A_0.2,vax_A,0.2
357,A,0.2629612043253311,2.9493251941279574e-10,0.7370387953797369,3,19,vax_A_0.2,vax_A,0.2
357,C,0.4875788103463795,6.845484638543646e-10,0.512421188969072,3,19,vax_A_0.2,vax_A,0.2
358,A,0.2629612042882678,2.766631728744034e-10,0.7370387954350688,3,19,vax_A_0.2,vax_A,0.2
358,C,0.48757881026035454,6.421446845182894e-10,0.5124211890975005,3,19,vax_A_0.2,vax_A,0.2
359,A,0.2629612042535002,2.595255055896738e-10,0.7370387954869745,3,19,vax_A_0.2,vax_A,0.2
359,C,0.48757881017965793,6.023675716463927e-10,0.5124211892179745,3,19,vax_A_0.2,vax_A,0.2
360,A,0.2629612042208864,2.4344941664590186e-10,0.7370387955356634,3,19,vax_A_0.2,vax_A,0.2
360,C,0.4875788101039615,5.65054418594204e-10,0.512421189330986,3,19,vax_A_0.2,vax_A,0.2
361,A,0.2629612041902927,2.2836914747162976e-10,0.7370387955813378,3,19,vax_A_0.2,vax_A,0.2
361,C,0.48757881003295106,5.300525974432854e-10,0.5124211894369951,3,19,vax_A_0.2,vax_A,0.2
362,A,0.2629612041615945,2.142230128540656e-10,0.7370387956241833,3,19,vax_A_0.2,vax_A,0.2
362,C,0.4875788099663426,4.972189346830663e-10,0.5124211895364399,3,19,vax_A_0.2,vax_A,0.2
363,A,0.2629612041346735,2.0095314861231264e-10,0.7370387956643735,3,19,vax_A_0.2,vax_A,0.2
363,C,0.48757880990385755,4.664191254871305e-10,0.5124211896297236,3,19,vax_A_0.2,vax_A,0.2
364,A,0.2629612041094205,1.885052749211285e-10,0.7370387957020748,3,19,vax_A_0.2,vax_A,0.2
364,C,0.48757880984524427,4.3752718455364084e-10,0.5124211897172288,3,19,vax_A_0.2,vax_A,0.2
365,A,0.26296120408573154,1.7682847427325964e-10,0.7370387957374396,3,19,vax_A_0.2,vax_A,0.2
365,C,0.48757880979026225,4.104249306251702e-10,0.5124211897993144,3,19,vax_A_0.2,vax_A,0.2
0,A,0.999,0.0010000000000000002,0,4,19,vax_A_0.2,vax_A,0.2
0,C,0.9990000000000002,0.0010000000000000005,0,4,19,vax_A_0.2,vax_A,0.2
1,A,0.9984764195019705,0.001294901801861287,2.2867869616887158e-4,4,19,vax_A_0.2,vax_A,0.2
1,C,0.998672893950479,0.0011156928204478398,2.1141322907301902e-4,4,19,vax_A_0.2,vax_A,0.2
2,A,0.997839864912087,0.0016388220041157187,5.213130837981725e-4,4,19,vax_A_0.2,vax_A,0.2
2,C,0.9983119693976396,0.0012410891966186666,4.469414057412296e-4,4,19,vax_A_0.2,vax_A,0.2
3,A,0.9970818233497334,0.0020306683824260034,8.875082678396002e-4,4,19,vax_A_0.2,vax_A,0.2
3,C,0.9979151442057179,0.0013763276485227209,7.085281457591099e-4,4,19,vax_A_0.2,vax_A,0.2
4,A,0.9961880978666532,0.0024745708986448458,0.00133733123470106,4,19,vax_A_0.2,vax_A,0.2
4,C,0.9974796529172265,0.0015221137095944,9.982333731799581e-4,4,19,vax_A_0.2,vax_A,0.2
5,A,0.9951396853602881,0.0029783587547584944,0.0018819558849538674,4,19,vax_A_0.2,vax_A,0.2
5,C,0.9970021544047425,0.0016795708064632439,0.0013182747887937264,4,19,vax_A_0.2,vax_A,0.2
6,A,0.9939139169930268,0.003551877656134664,0.002534205350838494,4,19,vax_A_0.2,vax_A,0.2
6,C,0.9964788128354213,0.0018500884243859218,0.001671098740192947,4,19,vax_A_0.2,vax_A,0.2
7,A,0.9924848537800152,0.004206163270649846,0.0033089829493347304,4,19,vax_A_0.2,vax_A,0.2
7,C,0.9959053154036344,0.002035236347533151,0.0020594482488325828,4,19,vax_A_0.2,vax_A,0.2
8,A,0.9908232840735727,0.004953175948091331,0.004223539978335419,4,19,vax_A_0.2,vax_A,0.2
8,C,0.9952768695674407,0.0022367256648314036,0.0024864047677275536,4,19,vax_A_0.2,vax_A,0.2
9,A,0.9888965493099119,0.005805697689297797,0.005297753000790128,4,19,vax_A_0.2,vax_A,0.2
9,C,0.9945881831392762,0.002456386290707404,0.002955430570016761,4,19,vax_A_0.2,vax_A,0.2
10,A,0.9866680784470522,0.00677745569274936,0.006554465860198224,4,19,vax_A_0.2,vax_A,0.2
10,C,0.9938334111289472,0.0026961707438378597,0.0034704181272160193,4,19,vax_A_0.2,vax_A,0.2
11,A,0.9840975749275671,0.007883033770473096,0.008019391301959455,4,19,vax_A_0.2,vax_A,0.2
11,C,0.9930061945724465,0.0029581404050599445,0.004035665022492945,4,19,vax_A_0.2,vax_A,0.2
12,A,0.9811433529183856,0.009137019163528213,0.009719627918086084,4,19,vax_A_0.2,vax_A,0.2
12,C,0.9921000145743405,0.0032443574925125032,0.004655627933145212,4,19,vax_A_0.2,vax_A,0.2
13,A,0.9777599400534274,0.010554771718119355,0.011685288228453354,4,19,vax_A_0.2,vax_A,0.2
13,C,0.9911077867535248,0.0035570166858826997,0.005335196560592643,4,19,vax_A_0.2,vax_A,0.2
14,A,0.973892936482476,0.01215403375672582,0.013953029760798836,4,19,vax_A_0.2,vax_A,0.2
14,C,0.9900210326708258,0.0038986997000741647,0.0060802676291006035,4,19,vax_A_0.2,vax_A,0.2
15,A,0.9694883080046917,0.013951414835225563,0.016560277160082064,4,19,vax_A_0.2,vax_A,0.2
15,C,0.9888312614293093,0.004271932515488586,0.006896806055201653,4,19,vax_A_0.2,vax_A,0.2
16,A,0.9644886947576354,0.0159635287477267,0.019547776494637684,4,19,vax_A_0.2,vax_A,0.2
16,C,0.9875292977772172,0.004679400191341975,0.007791302031442171,4,19,vax_A_0.2,vax_A,0.2
17,A,0.9588318741441609,0.018207135302682746,0.022960990553155574,4,19,vax_A_0.2,vax_A,0.2
17,C,0.9861049336046367,0.005124040215718836,0.008771026179644882,4,19,vax_A_0.2,vax_A,0.2
18,A,0.9524553357156935,0.020697301950640016,0.026847362333666726,4,19,vax_A_0.2,vax_A,0.2
18,C,0.9845474827248035,0.005608864999276118,0.009843652275921225,4,19,vax_A_0.2,vax_A,0.2
19,A,0.9452951830560367,0.02344699436172504,0.03125782258223771,4,19,vax_A_0.2,vax_A,0.2
19,C,0.9828453146191531,0.0061370762956980615,0.011017609085148612,4,19,vax_A_0.2,vax_A,0.2
20,A,0.937288292599518,0.026466578209889197,0.036245129190593424,4,19,vax_A_0.2,vax_A,0.2
20,C,0.9809861486932423,0.006711985162043427,0.012301866144715968,4,19,vax_A_0.2,vax_A,0.2
21,A,0.9283737802331309,0.02976244021128473,0.04186377955558403,4,19,vax_A_0.2,vax_A,0.2
21,C,0.9789569006840212,0.0073370228758449065,0.013706076440134095,4,19,vax_A_0.2,vax_A,0.2
22,A,0.9184950825656336,0.03333578645201634,0.048169130982350164,4,19,vax_A_0.2,vax_A,0.2
22,C,0.9767436816473152,0.008015716088271401,0.01524060226441512,4,19,vax_A_0.2,vax_A,0.2
23,A,0.9076020147670456,0.03718180125818671,0.055216183974768185,4,19,vax_A_0.2,vax_A,0.2
23,C,0.9743318787686761,0.00875164626933945,0.01691647496198547,4,19,vax_A_0.2,vax_A,0.2
24,A,0.8956543090796162,0.041287301924697595,0.06305838899568551,4,19,vax_A_0.2,vax_A,0.2
24,C,0.9717060421022334,0.009548421004628497,0.018745536893137626,4,19,vax_A_0.2,vax_A,0.2
25,A,0.8826240718115258,0.04563026916220562,0.0717456590262681,4,19,vax_A_0.2,vax_A,0.2
25,C,0.968850069310068,0.010409603865347292,0.020740326824583898,4,19,vax_A_0.2,vax_A,0.2
26,A,0.8684981831075586,0.05017915131465388,0.08132266557778778,4,19,vax_A_0.2,vax_A,0.2
26,C,0.9657473004897245,0.011338651224444784,0.022914048285829793,4,19,vax_A_0.2,vax_A,0.2
27,A,0.8532805336544123,0.05489235617433866,0.09182711017125011,4,19,vax_A_0.2,vax_A,0.2
27,C,0.9623806026118483,0.012338843168802013,0.025280554219350933,4,19,vax_A_0.2,vax_A,0.2
28,A,0.836997428254612,0.059716123373466067,0.10328644837192184,4,19,vax_A_0.2,vax_A,0.2
28,C,0.958732391177285,0.013413170656620958,0.027854438166093776,4,19,vax_A_0.2,vax_A,0.2
29,A,0.8196972675170501,0.06458643098252136,0.11571630150042807,4,19,vax_A_0.2,vax_A,0.2
29,C,0.9547849180430356,0.014564241077250507,0.03065084087971347,4,19,vax_A_0.2,vax_A,0.2
30,A,0.8014504275866323,0.0694307532278649,0.12911881918550216,4,19,vax_A_0.2,vax_A,0.2
30,C,0.9505205008203825,0.01579416805315144,0.03368533112646685,4,19,vax_A_0.2,vax_A,0.2
31,A,0.7823491585938961,0.07416978685531166,0.1434810545507926,4,19,vax_A_0.2,vax_A,0.2
31,C,0.9459217305701091,0.01710444549508903,0.03697382393480117,4,19,vax_A_0.2,vax_A,0.2
32,A,0.7625064318294716,0.07871984720590955,0.1587737209646179,4,19,vax_A_0.2,vax_A,0.2
32,C,0.9409717218685657,0.018495811313668252,0.04053246681776632,4,19,vax_A_0.2,vax_A,0.2
33,A,0.7420533783378674,0.08299604586173241,0.1749505758004005,4,19,vax_A_0.2,vax_A,0.2
33,C,0.9356544173370323,0.019968105547888595,0.04437747711507846,4,19,vax_A_0.2,vax_A,0.2
34,A,0.7211358307801666,0.08691564407584863,0.19194852514398572,4,19,vax_A_0.2,vax_A,0.2
34,C,0.9299549007609713,0.021520139501972013,0.048524959737055104,4,19,vax_A_0.2,vax_A,0.2
35,A,0.6999093807326067,0.09040221767346736,0.20968840159392627,4,19,vax_A_0.2,vax_A,0.2
35,C,0.9238597998018313,0.02314953878570973,0.05299066141245905,4,19,vax_A_0.2,vax_A,0.2
36,A,0.6785337530916938,0.09338966958182374,0.22807657732648295,4,19,vax_A_0.2,vax_A,0.2
36,C,0.9173577091068039,0.024852592180565805,0.057789698712631205,4,19,vax_A_0.2,vax_A,0.2
37,A,0.6571671981973138,0.09582516487903125,0.24700763692365463,4,19,vax_A_0.2,vax_A,0.2
37,C,0.9104395681537648,0.026624140760664956,0.06293629108557003,4,19,vax_A_0.2,vax_A,0.2
38,A,0.635961863703626,0.09767087901761523,0.26636725727875976,4,19,vax_A_0.2,vax_A,0.2
38,C,0.90309901832526,0.02845749462418637,0.0684434870505544,4,19,vax_A_0.2,vax_A,0.2
39,A,0.6150596404266191,0.098905192402609865,0.2860351671707722,4,19,vax_A_0.2,vax_A,0.2
39,C,0.8953327909895169,0.0303443573198625,0.07432285169062011,4,19,vax_A_0.2,vax_A,0.2
40,A,0.5945886310170205,0.09952309678082197,0.30588827220215703,4,19,vax_A_0.2,vax_A,0.2
40,C,0.8871410985308488,0.03227477384485087,0.0805841276243012,4,19,vax_A_0.2,vax_A,0.2
41,A,0.574660023580254,0.09953588460705741,0.32580409181268916,4,19,vax_A_0.2,vax_A,0.2
41,C,0.8785279864221874,0.0342371217846699,0.08723489179314296,4,19,vax_A_0.2,vax_A,0.2
42,A,0.5553664497382181,0.09896959649283796,0.3456639537689444,4,19,vax_A_0.2,vax_A,0.2
42,C,0.8695016087831026,0.036218161329319314,0.09428022988757773,4,19,vax_A_0.2,vax_A,0.2
43,A,0.5367815243229186,0.09786274222089755,0.3653557334561841,4,19,vax_A_0.2,vax_A,0.2
43,C,0.8600744329856675,0.03820313932860681,0.1017224276857251,4,19,vax_A_0.2,vax_A,0.2
44,A,0.5189602816930688,0.09626367482182704,0.3847760434851034,4,19,vax_A_0.2,vax_A,0.2
44,C,0.8502633695512362,0.04017594647612782,0.10956068397263763,4,19,vax_A_0.2,vax_A,0.2
45,A,0.5019402511213208,0.09422784868081378,0.40383190019786575,4,19,vax_A_0.2,vax_A,0.2
45,C,0.8400898116354971,0.042119330841220264,0.11779085752328172,4,19,vax_A_0.2,vax_A,0.2
46,A,0.4857430326093094,0.09181508898240447,0.42244187840828673,4,19,vax_A_0.2,vax_A,0.2
46,C,0.829579566799087,0.04401516970629445,0.12640526349462033,4,19,vax_A_0.2,vax_A,0.2
47,A,0.4703762417455232,0.08908701533357086,0.4405367429209062,4,19,vax_A_0.2,vax_A,0.2
47,C,0.8187626726552087,0.04584479582607928,0.135392531518711,4,19,vax_A_0.2,vax_A,0.2
48,A,0.4558356483227024,0.08610477346536101,0.4580595782119371,4,19,vax_A_0.2,vax_A,0.2
48,C,0.8076730969735547,0.047589368915829565,0.14473753411061685,4,19,vax_A_0.2,vax_A,0.2
49,A,0.44210733501266813,0.08292717333770168,0.47496549164963087,4,19,vax_A_0.2,vax_A,0.2
49,C,0.7963483275429278,0.04923028024629383,0.1544213922107791,4,19,vax_A_0.2,vax_A,0.2
50,A,0.4291697536899378,0.0796092564244096,0.4912209898856539,4,19,vax_A_0.2,vax_A,0.2
50,C,0.7848288603165487,0.050749576339996105,0.16442156334345617,4,19,vax_A_0.2,vax_A,0.2
51,A,0.41699560860494633,0.07620127306105086,0.5068031183340032,4,19,vax_A_0.2,vax_A,0.2
51,C,0.7731575989747365,0.05213038577518659,0.17471201525007737,4,19,vax_A_0.2,vax_A,0.2
52,A,0.40555352422353996,0.07274803870998348,0.5216984370664765,4,19,vax_A_0.2,vax_A,0.2
52,C,0.7613791845582544,0.05335733141911858,0.18526348402262718,4,19,vax_A_0.2,vax_A,0.2
53,A,0.39480947392473037,0.06928862691690289,0.5359018991583668,4,19,vax_A_0.2,vax_A,0.2
53,C,0.7495392782462167,0.054416909975121094,0.1960438117786623,4,19,vax_A_0.2,vax_A,0.2
54,A,0.38472796573164303,0.06585634055051204,0.5494156937178446,4,19,vax_A_0.2,vax_A,0.2
54,C,0.7376838226743897,0.055297821885990285,0.2070183554396207,4,19,vax_A_0.2,vax_A,0.2
55,A,0.37527299804926384,0.06247889585593786,0.56224810609479825,4,19,vax_A_0.2,vax_A,0.2
55,C,0.7258583076824209,0.05599123710288573,0.21815045521469364,4,19,vax_A_0.2,vax_A,0.2
56,A,0.3664088060642002,0.059178760969276704,0.574412432966522,4,19,vax_A_0.2,vax_A,0.2
56,C,0.7141070655191712,0.05649098559943239,0.2294019488813963,4,19,vax_A_0.2,vax_A,0.2
57,A,0.35810042203715176,0.05597360112686851,0.5859259768359796,4,19,vax_A_0.2,vax_A,0.2
57,C,0.7024726184267501,0.056793665521666654,0.24073371605158347,4,19,vax_A_0.2,vax_A,0.2
58,A,0.3503140758616772,0.0528767883630304,0.5968091357752919,4,19,vax_A_0.2,vax_A,0.2
58,C,0.6909950967962206,0.0568986675271864,0.2521062356765929,4,19,vax_A_0.2,vax_A,0.2
59,A,0.3430174644169232,0.04989793780052661,0.6070845977825499,4,19,vax_A_0.2,vax_A,0.2
59,C,0.679711746230406,0.05680811394952639,0.263480139820068,4,19,vax_A_0.2,vax_A,0.2
60,A,0.33617991764128646,0.04704343968538152,0.6167766426733323,4,19,vax_A_0.2,vax_A,0.2
60,C,0.6686565356499696,0.05652671722230121,0.27481674712772813,4,19,vax_A_0.2,vax_A,0.2
61,A,0.3297724842101422,0.04431696716790267,0.6259105486219545,4,19,vax_A_0.2,vax_A,0.2
61,C,0.6578598595307729,0.05606157875140636,0.2860785617178207,4,19,vax_A_0.2,vax_A,0.2
62,A,0.32376795173767736,0.04171995122118542,0.634512097041137,4,19,vax_A_0.2,vax_A,0.2
62,C,0.6473483453732222,0.05542192903324302,0.29722972559353594,4,19,vax_A_0.2,vax_A,0.2
63,A,0.3181408199024494,0.03925201219685123,0.6426071679006986,4,19,vax_A_0.2,vax_A,0.2
63,C,0.6371447600994513,0.05461882507718755,0.3082364148233597,4,19,vax_A_0.2,vax_A,0.2
64,A,0.31286724226151713,0.03691134130887065,0.6502214164296126,4,19,vax_A_0.2,vax_A,0.2
64,C,0.6272680074946824,0.05366482025138021,0.31906717225393794,4,19,vax_A_0.2,vax_A,0.2
65,A,0.3079249484130809,0.034695030436733124,0.6573800211501853,4,19,vax_A_0.2,vax_A,0.2
65,C,0.6177332055559633,0.05257362184064567,0.32969317260339065,4,19,vax_A_0.2,vax_A,0.2
66,A,0.3032931538876358,0.03259935312552998,0.6641074929868348,4,19,vax_A_0.2,vax_A,0.2
66,C,0.6085518316124185,0.05135974952008159,0.34008841886749946,4,19,vax_A_0.2,vax_A,0.2
67,A,0.29895246340315884,0.030620000704087418,0.6704275358927533,4,19,vax_A_0.2,vax_A,0.2
67,C,0.5997319226126843,0.050038205883701906,0.35022987150361334,4,19,vax_A_0.2,vax_A,0.2
68,A,0.29488477275057223,0.02875227683738943,0.6763629504120388,4,19,vax_A_0.2,vax_A,0.2
68,C,0.5912783177648779,0.048624168428620884,0.3600975138065016,4,19,vax_A_0.2,vax_A,0.2
69,A,0.29107317341611255,0.026991254214422045,0.6819355723694642,4,19,vax_A_0.2,vax_A,0.2
69,C,0.5831929310165253,0.04713271050051323,0.36967435848296054,4,19,vax_A_0.2,vax_A,0.2
70,A,0.2875018620806475,0.025331898318007456,0.6871662396013462,4,19,vax_A_0.2,vax_A,0.2
70,C,0.5754750417949829,0.04557855647146748,0.3789464017335497,4,19,vax_A_0.2,vax_A,0.2
71,A,0.2841560558014394,0.02376916361976901,0.6920747805787917,4,19,vax_A_0.2,vax_A,0.2
71,C,0.5681215938241927,0.04397587413402432,0.3879025320417829,4,19,vax_A_0.2,vax_A,0.2
72,A,0.2810219134298521,0.02229806673270593,0.6966800198374429,4,19,vax_A_0.2,vax_A,0.2
72,C,0.5611274934261375,0.04233810529531168,0.39653440127855033,4,19,vax_A_0.2,vax_A,0.2
73,A,0.2780864637703395,0.02091374019036642,0.7009997960392944,4,19,vax_A_0.2,vax_A,0.2
73,C,0.5544859003135244,0.04067783395873117,0.40483626572774534,4,19,vax_A_0.2,vax_A,0.2
74,A,0.275337540514655,0.019611470300978692,0.7050509891843668,4,19,vax_A_0.2,vax_A,0.2
74,C,0.5481885053988995,0.03900669023796284,0.412804804363138,4,19,vax_A_0.2,vax_A,0.2
75,A,0.27276372344627575,0.018386722449955876,0.7088495541037688,4,19,vax_A_0.2,vax_A,0.2
75,C,0.5422257915563207,0.03733528719991486,0.4204389212437634,4,19,vax_A_0.2,vax_A,0.2
76,A,0.2703542852859642,0.017235156731584312,0.712410557982451,4,19,vax_A_0.2,vax_A,0.2
76,C,0.5365872745539527,0.03567318716618429,0.4277395382798623,4,19,vax_A_0.2,vax_A,0.2
77,A,0.2680991437004619,0.016152636090310514,0.7157482202092278,4,19,vax_A_0.2,vax_A,0.2
77,C,0.5312617224991129,0.0340288936134404,0.43470938388744573,4,19,vax_A_0.2,vax_A,0.2
78,A,0.26598881806783037,0.015135228672997806,0.718875953259172,4,19,vax_A_0.2,vax_A,0.2
78,C,0.5262373532562764,0.032409864505804555,0.4413527822379188,4,19,vax_A_0.2,vax_A,0.2
79,A,0.2640143903531282,0.014179206024952942,0.7218064036219178,4,19,vax_A_0.2,vax_A,0.2
79,C,0.5215020093713407,0.030822543596891117,0.44767544703176904,4,19,vax_A_0.2,vax_A,0.2
80,A,0.2621674694550722,0.013281038479357427,0.7245514920655698,4,19,vax_A_0.2,vax_A,0.2
80,C,0.517043310912045,0.02927240607698048,0.4536842830109743,4,19,vax_A_0.2,vax_A,0.2
81,A,0.26044015887784117,0.012437388380594029,0.7271224527415642,4,19,vax_A_0.2,vax_A,0.2
81,C,0.5128487889997739,0.027764013408626553,0.45938719759159835,4,19,vax_A_0.2,vax_A,0.2
82,A,0.25882502705680366,0.011645102133980071,0.7295298708092173,4,19,vax_A_0.2,vax_A,0.2
82,C,0.5089059994769172,0.026301076190040157,0.4647929243330408,4,19,vax_A_0.2,vax_A,0.2
83,A,0.2573150800619994,0.010901201547855092,0.7317837183901461,4,19,vax_A_0.2,vax_A,0.2
83,C,0.5052026186490908,0.02488652188573318,0.4699108594651746,4,19,vax_A_0.2,vax_A,0.2
84,A,0.2559037363458148,0.010202874895881604,0.733893388758304,4,19,vax_A_0.2,vax_A,0.2
84,C,0.5017265228036473,0.02352256496229896,0.47475091223405325,4,19,vax_A_0.2,vax_A,0.2
85,A,0.25458480327561656,0.009547467985102934,0.7358677287392793,4,19,vax_A_0.2,vax_A,0.2
85,C,0.4984658532731003,0.02221077736611593,0.4793233693607832,4,19,vax_A_0.2,vax_A,0.2
86,A,0.25335245524770544,0.008932475412984921,0.7377150693393101,4,19,vax_A_0.2,vax_A,0.2
86,C,0.49540906861401596,0.020952157870502683,0.4836387735154809,4,19,vax_A_0.2,vax_A,0.2
87,A,0.2522012132052745,0.008355532139316021,0.7394432546554102,4,19,vax_A_0.2,vax_A,0.2
87,C,0.49254498535796143,0.01974719919886537,0.48770781544317393,4,19,vax_A_0.2,vax_A,0.2
88,A,0.2511259253947701,0.007814405465916576,0.7410596691393121,4,19,vax_A_0.2,vax_A,0.2
88,C,0.48986280876120447,0.01859595203505014,0.49154123920374476,4,19,vax_A_0.2,vax_A,0.2
89,A,0.25012174922208863,0.007306987475752646,0.7425712633021595,4,19,vax_A_0.2,vax_A,0.2
89,C,0.4873521549264222,0.017498085228607612,0.49514975984496995,4,19,vax_A_0.2,vax_A,0.2
90,A,0.24918413410831697,0.0068312879382677275,0.7439845779534147,4,19,vax_A_0.2,vax_A,0.2
90,C,0.4850030655527875,0.016452941742265328,0.49854399270494676,4,19,vax_A_0.2,vax_A,0.2
91,A,0.24830880526884297,0.0063854276645160584,0.7453057670666411,4,19,vax_A_0.2,vax_A,0.2
91,C,0.4828060164283726,0.015459590111564716,0.5017343934600627,4,19,vax_A_0.2,vax_A,0.2
92,A,0.24749174834535234,0.005967632294435447,0.7465406193602121,4,19,vax_A_0.2,vax_A,0.2
92,C,0.48075192065198125,0.014516871343037498,0.5047312080049795,4,19,vax_A_0.2,vax_A,0.2
93,A,0.24672919482501443,0.005576226498044717,0.7476945786769401,4,19,vax_A_0.2,vax_A,0.2
93,C,0.4788321274662514,0.013623441279105064,0.5075444312546443,4,19,vax_A_0.2,vax_A,0.2
94,A,0.24601760819422253,0.005209628563255499,0.7487727632425216,4,19,vax_A_0.2,vax_A,0.2
94,C,0.4770384174862698,0.012777808538259841,0.5101837739754691,4,19,vax_A_0.2,vax_A,0.2
95,A,0.24535367078735343,0.004866345335388066,0.749779983877258,4,19,vax_A_0.2,vax_A,0.2
95,C,0.47536299501054474,0.011978368210449517,0.512658636779006,4,19,vax_A_0.2,vax_A,0.2
96,A,0.24473427129635558,0.004544967475210959,0.7507207612284335,4,19,vax_A_0.2,vax_A,0.2
96,C,0.4737984780074057,0.01122343154260731,0.5149780904499873,4,19,vax_A_0.2,vax_A,0.2
97,A,0.24415649290789634,0.004244165008116089,0.7515993420839882,4,19,vax_A_0.2,vax_A,0.2
97,C,0.4723378862860324,0.010511251882308214,0.5171508618316589,4,19,vax_A_0.2,vax_A,0.2
98,A,0.24361760203649527,0.003962683140591069,0.7524197148229137,4,19,vax_A_0.2,vax_A,0.2
98,C,0.4709746282748204,0.009840047175510248,0.5191853245496687,4,19,vax_A_0.2,vax_A,0.2
99,A,0.2431150376301071,0.003699338316744736,0.7531856240531485,4,19,vax_A_0.2,vax_A,0.2
99,C,0.46970248681444593,0.009208019273427204,0.5210894939121283,4,19,vax_A_0.2,vax_A,0.2
100,A,0.242646401026285,0.003453014490848889,0.7539005844828671,4,19,vax_A_0.2,vax_A,0.2
100,C,0.46851560429521105,0.008613370328104188,0.5228710253766851,4,19,vax_A_0.2,vax_A,0.2
101,A,0.24220944632692504,0.003222659605845381,0.7545678940672298,4,19,vax_A_0.2,vax_A,0.2
101,C,0.4674084672743738,0.008054316685130567,0.5245372160404953,4,19,vax_A_0.2,vax_A,0.2
102,A,0.2418020712785534,0.003007282252418013,0.755190646469028,4,19,vax_A_0.2,vax_A,0.2
102,C,0.46637589092381815,0.007529100410156478,0.5260950086660234,4,19,vax_A_0.2,vax_A,0.2
103,A,0.24142230863525913,0.0028059484964270327,0.7557717428683135,4,19,vax_A_0.2,vax_A,0.2
103,C,0.4654130034593468,0.007035998737499896,0.5275509978031546,4,19,vax_A_0.2,vax_A,0.2
104,A,0.24106831798421013,0.0026177788624763515,0.7563139031533133,4,19,vax_A_0.2,vax_A,0.2
104,C,0.46451523069083783,0.006573331694114787,0.5289114376150479,4,19,vax_A_0.2,vax_A,0.2
105,A,0.24073837801370165,0.0024419454635235204,0.7568196765227742,4,19,vax_A_0.2,vax_A,0.2
105,C,0.46367828080114765,0.006139468134139456,0.5301822510647128,4,19,vax_A_0.2,vax_A,0.2
106,A,0.2404308792046623,0.0022776692673193316,0.7572914515280179,4,19,vax_A_0.2,vax_A,0.2
106,C,0.4628981294501436,0.005732830384333717,0.5313690401655216,4,19,vax_A_0.2,vax_A,0.2
107,A,0.24014431692733804,0.0021242174913695963,0.7577314655812926,4,19,vax_A_0.2,vax_A,0.2
107,C,0.46217100528355953,0.0053518976788207535,0.532477097037619,4,19,vax_A_0.2,vax_A,0.2
108,A,0.23987728492530283,0.0019809011192959266,0.758141813955401,4,19,vax_A_0.2,vax_A,0.2
108,C,0.46149337590417444,0.004995208550650836,0.5335114155451743,4,19,vax_A_0.2,vax_A,0.2
109,A,0.23962846916911523,0.0018470725326392113,0.7585244582982452,4,19,vax_A_0.2,vax_A,0.2
109,C,0.4608619343440719,0.004661362335330001,0.5344767033205979,4,19,vax_A_0.2,vax_A,0.2
110,A,0.23939664206224778,0.0017221232529419264,0.7588812346848102,4,19,vax_A_0.2,vax_A,0.2
110,C,0.46027358606466073,0.004349019923678381,0.5353773940116608,4,19,vax_A_0.2,vax_A,0.2
111,A,0.23918065698244764,0.0016054817893673425,0.7592138612281853,4,19,vax_A_0.2,vax_A,0.2
111,C,0.459725436502906,0.004056903883110004,0.5362176596139842,4,19,vax_A_0.2,vax_A,0.2
112,A,0.2389794431422582,0.0014966115874406273,0.759523945270302,4,19,vax_A_0.2,vax_A,0.2
112,C,0.459214779174394,0.003783798051865669,0.5370014227737396,4,19,vax_A_0.2,vax_A,0.2
113,A,0.23879200075290924,0.0013950090748870059,0.7598129901722043,4,19,vax_A_0.2,vax_A,0.2
113,C,0.4587390843362212,0.0035285466992058404,0.5377323689645743,4,19,vax_A_0.2,vax_A,0.2
114,A,0.23861739647619715,0.0013002018009060485,0.7600824017228964,4,19,vax_A_0.2,vax_A,0.2
114,C,0.4582959882063079,0.0032900533336666705,0.5384139584600263,4,19,vax_A_0.2,vax_A,0.2
115,A,0.23845475914946604,0.001211746665444161,0.7603334941850901,4,19,vax_A_0.2,vax_A,0.2
115,C,0.4578832827312363,0.0030672792305093646,0.5390494380382552,4,19,vax_A_0.2,vax_A,0.2
116,A,0.23830327576933938,0.0011292282351424087,0.7605674959955179,4,19,vax_A_0.2,vax_A,0.2
116,C,0.4574989058913497,0.0028592417393585577,0.5396418523692916,4,19,vax_A_0.2,vax_A,0.2
117,A,0.2381621877204044,0.0010522571427411405,0.7607855551368555,4,19,vax_A_0.2,vax_A,0.2
117,C,0.4571409325292303,0.0026650124244109344,0.5401940550463586,4,19,vax_A_0.2,vax_A,0.2
118,A,0.23803078723565285,9.804685667610285e-4,0.7609887441975856,4,19,vax_A_0.2,vax_A,0.2
118,C,0.45680756568553993,0.0024837150821286486,0.5407087192323325,4,19,vax_A_0.2,vax_A,0.2
119,A,0.23790841407571184,9.135207886679012e-4,0.7611780651356209,4,19,vax_A_0.2,vax_A,0.2
119,C,0.45649712842408324,0.0023145236751618095,0.5411883479007549,4,19,vax_A_0.2,vax_A,0.2
120,A,0.23779445241450461,8.510938246598775e-4,0.7613544537608355,4,19,vax_A_0.2,vax_A,0.2
120,C,0.45620805612691806,0.002156660215108884,0.5416352836579715,4,19,vax_A_0.2,vax_A,0.2
121,A,0.23768832792047503,7.928881283970116e-4,0.7615187839511288,4,19,vax_A_0.2,vax_A,0.2
121,C,0.4559388892410322,0.0020093926200833788,0.5420517181388846,4,19,vax_A_0.2,vax_A,0.2
122,A,0.23758950502142245,7.386233626168812e-4,0.7616718716159605,4,19,vax_A_0.2,vax_A,0.2
122,C,0.4556882664556267,0.001872032570625158,0.5424397009737479,4,19,vax_A_0.2,vax_A,0.2
123,A,0.23749748434247334,6.880372366766409e-4,0.7618144784208499,4,19,vax_A_0.2,vax_A,0.2
123,C,0.4554549182900446,0.0017439333824087412,0.5428011483275459,4,19,vax_A_0.2,vax_A,0.2
124,A,0.23741180030707176,6.408844072072003e-4,0.7619473152857202,4,19,vax_A_0.2,vax_A,0.2
124,C,0.455237661072283,0.0016244879108700064,0.543137851016847,4,19,vax_A_0.2,vax_A,0.2
125,A,0.23733201889142627,5.969354390999224e-4,0.7620710456694748,4,19,vax_A_0.2,vax_A,0.2
125,C,0.4550353912883755,0.0015131264998228117,0.5434514822118022,4,19,vax_A_0.2,vax_A,0.2
126,A,0.23725773552323504,5.559758241902782e-4,0.7621862886525749,4,19,vax_A_0.2,vax_A,0.2
126,C,0.45484708028323273,0.0014093149836630523,0.5437436047331048,4,19,vax_A_0.2,vax_A,0.2
127,A,0.2371885731159849,5.17805055086456e-4,0.7622936218289286,4,19,vax_A_0.2,vax_A,0.2
127,C,0.45467176929400294,0.0013125527506204465,0.5440156779553766,4,19,vax_A_0.2,vax_A,0.2
128,A,0.23712418023056456,4.8223575161471965e-4,0.762393584017821,4,19,vax_A_0.2,vax_A,0.2
128,C,0.4545085647975817,0.0012223708726326085,0.5442690643297853,4,19,vax_A_0.2,vax_A,0.2
129,A,0.2370642293564138,4.4909283738637243e-4,0.7624866778062005,4,19,vax_A_0.2,vax_A,0.2
129,C,0.4543566341545656,0.0011383303057974558,0.544505035539636,4,19,vax_A_0.2,vax_A,0.2
130,A,0.23700841530485242,4.182127640620069e-4,0.7625733719310855,4,19,vax_A_0.2,vax_A,0.2
130,C,0.4542152015326413,0.001060020164018911,0.5447247783033401,4,19,vax_A_0.2,vax_A,0.2
131,A,0.2369564537076182,3.8944278097428095e-4,0.7626541035114077,4,19,vax_A_0.2,vax_A,0.2
131,C,0.45408354409307505,9.87056067359224e-4,0.5449293998395663,4,19,vax_A_0.2,vax_A,0.2
132,A,0.23690807961404178,3.62640247846363e-4,0.762729280138111,4,19,vax_A_0.2,vax_A,0.2
132,C,0.45396098842471483,9.190785656940237e-4,0.5451199330095912,4,19,vax_A_0.2,vax_A,0.2
133,A,0.23686304618065424,3.3767198841015364e-4,0.7627992818309354,4,19,vax_A_0.2,vax_A,0.2
133,C,0.45384690721060117,8.557516374991208e-4,0.5452973411518993,4,19,vax_A_0.2,vax_A,0.2
134,A,0.23682112344738226,3.1441368279884664e-4,0.762864462869819,4,19,vax_A_0.2,vax_A,0.2
134,C,0.45374071611304345,7.967612629676636e-4,0.545462522623989,4,19,vax_A_0.2,vax_A,0.2
135,A,0.23678209719483145,2.927492966663021e-4,0.7629251535085019,4,19,vax_A_0.2,vax_A,0.2
135,C,0.45364187086372026,7.418140701514331e-4,0.5456163150661266,4,19,vax_A_0.2,vax_A,0.2
136,A,0.2367457678774781,2.7257054506612567e-4,0.7629816615774557,4,19,vax_A_0.2,vax_A,0.2
136,C,0.45354986454607293,6.906360524232011e-4,0.5457594994015037,4,19,vax_A_0.2,vax_A,0.2
137,A,0.2367119496278972,2.5377638920180126e-4,0.7630342739829011,4,19,vax_A_0.2,vax_A,0.2
137,C,0.4534642250579174,6.429713552480118e-4,0.5458928035868347,4,19,vax_A_0.2,vax_A,0.2
138,A,0.23668046932745618,2.3627256422634657e-4,0.7630832581083179,4,19,vax_A_0.2,vax_A,0.2
138,C,0.45338451274295033,5.985811299838598e-4,0.5460169061270658,4,19,vax_A_0.2,vax_A,0.2
139,A,0.2366511657391445,2.1997113638203635e-4,0.763128863124474,4,19,vax_A_0.2,vax_A,0.2
139,C,0.45331031818027534,5.572424523741852e-4,0.546132439367352,4,19,vax_A_0.2,vax_A,0.2
140,A,0.23662388869849066,2.0479008783133058e-4,0.7631713212136773,4,19,vax_A_0.2,vax_A,0.2
140,C,0.45324126012180227,5.187473032205045e-4,0.5462399925749761,4,19,vax_A_0.2,vax_A,0.2
141,A,0.23659849835887195,1.9065292750278627e-4,0.7632108487136251,4,19,vax_A_0.2,vax_A,0.2
141,C,0.453176983568286,4.829016083127582e-4,0.5463401148234017,4,19,vax_A_0.2,vax_A,0.2
142,A,0.23657486448755644,1.7748832654234796e-4,0.7632476471859018,4,19,vax_A_0.2,vax_A,0.2
142,C,0.4531171579746873,4.495243352889419e-4,0.5464333176900241,4,19,vax_A_0.2,vax_A,0.2
143,A,0.23655286580917684,1.6522977691326292e-4,0.7632819044139098,4,19,vax_A_0.2,vax_A,0.2
143,C,0.4530614755765328,4.18446644694911e-4,0.5465200777787727,4,19,vax_A_0.2,vax_A,0.2
144,A,0.23653238939350812,1.538152717716168e-4,0.7633137953347205,4,19,vax_A_0.2,vax_A,0.2
144,C,0.45300964982931763,3.8951109257452735e-4,0.5466008390781071,4,19,vax_A_0.2,vax_A,0.2
145,A,0.23651333008462624,1.4318700631222862e-4,0.7633434829090611,4,19,vax_A_0.2,vax_A,0.2
145,C,0.45296141395356676,3.625708819559673e-4,0.546676015164477,4,19,vax_A_0.2,vax_A,0.2
146,A,0.23649558996871514,1.3329109785773535e-4,0.7633711189334267,4,19,vax_A_0.2,vax_A,0.2
146,C,0.4529165195785575,3.3748916069277024e-4,0.54674599126075,4,19,vax_A_0.2,vax_A,0.2
147,A,0.23647907787794242,1.2407732403116586e-4,0.763396844798027,4,19,vax_A_0.2,vax_A,0.2
147,C,0.4528747354781631,3.1413836319473676e-4,0.5468111261586429,4,19,vax_A_0.2,vax_A,0.2
148,A,0.23646370892800211,1.1549887791003819e-4,0.7634207921940884,4,19,vax_A_0.2,vax_A,0.2
148,C,0.45283584639267566,2.9239959364452936e-4,0.5468717540136794,4,19,vax_A_0.2,vax_A,0.2
149,A,0.23644940408708676,1.0751213911639302e-4,0.7634430837737972,4,19,vax_A_0.2,vax_A,0.2
149,C,0.4527996519308802,2.7216204836774053e-4,0.5469281860207533,4,19,vax_A_0.2,vax_A,0.2
150,A,0.2364360897741736,1.0007645985536511e-4,0.7634638337659715,4,19,vax_A_0.2,vax_A,0.2
150,C,0.4527659655470069,2.533224751156426e-4,0.546980711977877,4,19,vax_A_0.2,vax_A,0.2
151,A,0.2364236974846734,9.315396497197835e-5,0.7634831485503547,4,19,vax_A_0.2,vax_A,0.2
151,C,0.45273461358755596,2.3578466711878524e-4,0.5470296017453249,4,19,vax_A_0.2,vax_A,0.2
152,A,0.23641216344159582,8.670936514901427e-5,0.7635011271932559,4,19,vax_A_0.2,vax_A,0.2
152,C,0.45270543440326577,2.1945898986487714e-4,0.5470751066068701,4,19,vax_A_0.2,vax_A,0.2
153,A,0.23640142827051783,8.07097824183296e-5,0.7635178619470628,4,19,vax_A_0.2,vax_A,0.2
153,C,0.4526782775218643,2.0426193864590334e-4,0.5471174605394894,4,19,vax_A_0.2,vax_A,0.2
154,A,0.23639143669675347,7.51245872053951e-5,0.7635334387160415,4,19,vax_A_0.2,vax_A,0.2
154,C,0.4526530028774736,1.901157250115926e-4,0.5471568813975145,4,19,vax_A_0.2,vax_A,0.2
155,A,0.2363821372632181,6.992524617265715e-5,0.7635479374906075,4,19,vax_A_0.2,vax_A,0.2
155,C,0.4526294800928455,1.769478903600211e-4,0.5471935720167946,4,19,vax_A_0.2,vax_A,0.2
156,A,0.2363734820676009,6.508518017111981e-5,0.763561432752228,4,19,vax_A_0.2,vax_A,0.2
156,C,0.45260758781084715,1.646909449887761e-4,0.5472277212441645,4,19,vax_A_0.2,vax_A,0.2
157,A,0.23636542651752415,6.057963165087801e-5,0.7635739938508256,4,19,vax_A_0.2,vax_A,0.2
157,C,0.4525872130718506,1.5328203101944892e-4,0.5472595048971293,4,19,vax_A_0.2,vax_A,0.2
158,A,0.23635792910248457,5.6385540919708036e-5,0.7635856853565965,4,19,vax_A_0.2,vax_A,0.2
158,C,0.45256825073390633,1.426626076920734e-4,0.547289086658402,4,19,vax_A_0.2,vax_A,0.2
159,A,0.23635095118142543,5.248143067815905e-5,0.7635965673878973,4,19,vax_A_0.2,vax_A,0.2
159,C,0.45255060293277277,1.3277815761738904e-4,0.5473166189096108,4,19,vax_A_0.2,vax_A,0.2
160,A,0.2363444567848825,4.884729829362569e-5,0.7636066959168241,4,19,vax_A_0.2,vax_A,0.2
160,C,0.45253417857910444,1.23577912651666e-4,0.5473422435082428,4,19,vax_A_0.2,vax_A,0.2
161,A,0.2363384124307126,4.546451530224899e-5,0.7636161230539841,4,19,vax_A_0.2,vax_A,0.2
161,C,0.45251889289025793,1.1501459811324359e-4,0.5473660925116279,4,19,vax_A_0.2,vax_A,0.2
162,A,0.23633278695248255,4.2315733671720786e-5,0.7636248973138461,4,19,vax_A_0.2,vax_A,0.2
162,C,0.45250466695434083,1.0704419417762014e-4,0.5473882888514816,4,19,vax_A_0.2,vax_A,0.2
163,A,0.23632755133964645,3.9384798379622587e-5,0.7636330638619747,4,19,vax_A_0.2,vax_A,0.2
163,C,0.4524914273242983,9.962571333107743e-5,0.5474089469623704,4,19,vax_A_0.2,vax_A,0.2
164,A,0.23632267858871372,3.665666589071214e-5,0.7636406647453954,4,19,vax_A_0.2,vax_A,0.2
164,C,0.4524791056399897,9.272099283294337e-5,0.5474281733671778,4,19,vax_A_0.2,vax_A,0.2
165,A,0.23631814356465794,3.41173281428232e-5,0.7636477391071996,4,19,vax_A_0.2,vax_A,0.2
165,C,0.45246763827631953,8.629450120046396e-5,0.5474460672224797,4,19,vax_A_0.2,vax_A,0.2
166,A,0.23631392287186043,3.1753741676583057e-5,0.763654323386463,4,19,vax_A_0.2,vax_A,0.2
166,C,0.45245696601566227,8.031315779365992e-5,0.5474627208265448,4,19,vax_A_0.2,vax_A,0.2
167,A,0.23630999473394207,2.9553761567672057e-5,0.7636604515044896,4,19,vax_A_0.2,vax_A,0.2
167,C,0.45244703374287815,7.474616463565787e-5,0.5474782200924875,4,19,vax_A_0.2,vax_A,0.2
168,A,0.23630633888187258,2.7506079841973047e-5,0.763666155038286,4,19,vax_A_0.2,vax_A,0.2
168,C,0.4524377901614056,6.956484965722544e-5,0.5474926449889379,4,19,vax_A_0.2,vax_A,0.2
169,A,0.23630293644978737,2.5600168074337633e-5,0.7636714633821378,4,19,vax_A_0.2,vax_A,0.2
169,C,0.4524291875289442,6.474252060477045e-5,0.5475060699504518,4,19,vax_A_0.2,vax_A,0.2
170,A,0.23629976987799084,2.382622389111308e-5,0.7636764038981175,4,19,vax_A_0.2,vax_A,0.2
170,C,0.4524211814114152,6.0254328899720504e-5,0.5475185642596849,4,19,vax_A_0.2,vax_A,0.2
171,A,0.23629682282264247,2.2175121114886468e-5,0.7636810020562415,4,19,vax_A_0.2,vax_A,0.2
171,C,0.4524137304539074,5.607714278335174e-5,0.5475301924033092,4,19,vax_A_0.2,vax_A,0.2
172,A,0.23629408007167726,2.063836330699888e-5,0.7636852815650154,4,19,vax_A_0.2,vax_A,0.2
172,C,0.4524067961674716,5.2189429124208855e-5,0.547541014403404,4,19,vax_A_0.2,vax_A,0.2
173,A,0.23629152746652518,1.920804047933041e-5,0.763689264492995,4,19,vax_A_0.2,vax_A,0.2
173,C,0.4524003427306464,4.857114330547167e-5,0.5475510861260483,4,19,vax_A_0.2,vax_A,0.2
174,A,0.23628915182923566,1.7876788761823444e-5,0.76369297138200265,4,19,vax_A_0.2,vax_A,0.2
174,C,0.4523943368047112,4.5203626647479256e-5,0.5475604595686412,4,19,vax_A_0.2,vax_A,0.2
175,A,0.23628694089463026,1.663775282628356e-5,0.7636964213525432,4,19,vax_A_0.2,vax_A,0.2
175,C,0.4523887473617196,4.206951085634679e-5,0.5475691831274241,4,19,vax_A_0.2,vax_A,0.2
176,A,0.23628488324714442,1.548455088019659e-5,0.7636996322019749,4,19,vax_A_0.2,vax_A,0.2
176,C,0.45238354552442855,3.915262902319159e-5,0.5475773018465478,4,19,vax_A_0.2,vax_A,0.2
177,A,0.23628296826202905,1.441124205664324e-5,0.7637026204959156,4,19,vax_A_0.2,vax_A,0.2
177,C,0.4523787044173024,3.643793272989997e-5,0.5475848576499673,4,19,vax_A_0.2,vax_A,0.2
178,A,0.23628118605061377,1.3412296037896382e-5,0.7637054016533478,4,19,vax_A_0.2,vax_A,0.2
178,C,0.4523741990278308,3.3911414846639694e-5,0.5475918895573221,4,19,vax_A_0.2,vax_A,0.2
179,A,0.23627952740935929,1.2482564761229842e-5,0.7637079900258793,4,19,vax_A_0.2,vax_A,0.2
179,C,0.45237000607744166,3.156003763434527e-5,0.5475984338849251,4,19,vax_A_0.2,vax_A,0.2
180,A,0.23627798377241974,1.1617256065515635e-5,0.7637103989715149,4,19,vax_A_0.2,vax_A,0.2
180,C,0.4523661039013513,2.9371665791010235e-5,0.5476045244328591,4,19,vax_A_0.2,vax_A,0.2
181,A,0.23627654716749544,1.0811909146244996e-5,0.7637126409233582,4,19,vax_A_0.2,vax_A,0.2
181,C,0.4523624723367368,2.733500410344629e-5,0.5476101926591594,4,19,vax_A_0.2,vax_A,0.2
182,A,0.23627521017473338,1.006237169621373e-5,0.7637147274535703,4,19,vax_A_0.2,vax_A,0.2
182,C,0.45235909261864976,2.5439539391352684e-5,0.54761546784196,4,19,vax_A_0.2,vax_A,0.2
183,A,0.23627396588846922,9.364778616904372e-6,0.7637166693329144,4,19,vax_A_0.2,vax_A,0.2
183,C,0.45235594728313067,2.3675486450062167e-5,0.5476203772304199,4,19,vax_A_0.2,vax_A,0.2
184,A,0.23627280788161664,8.715532193375364e-6,0.7637184765861899,4,19,vax_A_0.2,vax_A,0.2
184,C,0.4523530200770451,2.2033737718267344e-5,0.5476249461852365,4,19,vax_A_0.2,vax_A,0.2
185,A,0.23627173017252256,8.111283632683916e-6,0.7637201585438446,4,19,vax_A_0.2,vax_A,0.2
185,C,0.4523502958741597,2.0505816415500584e-5,0.5476291983094248,4,19,vax_A_0.2,vax_A,0.2
186,A,0.236270727194111,7.548915872659029e-6,0.7637217238900166,4,19,vax_A_0.2,vax_A,0.2
186,C,0.4523477605970286,1.9083832911562763e-5,0.5476331555700611,4,19,vax_A_0.2,vax_A,0.2
187,A,0.2362697937651654,7.025527574151751e-6,0.7637231807072602,4,19,vax_A_0.2,vax_A,0.2
187,C,0.4523454011442915,1.776044410625432e-5,0.5476368384116013,4,19,vax_A_0.2,vax_A,0.2
188,A,0.23626892506359876,6.538418215752964e-6,0.7637245365181851,4,19,vax_A_0.2,vax_A,0.2
188,C,0.4523432053230236,1.6528815612749493e-5,0.5476402658613638,4,19,vax_A_0.2,vax_A,0.2
189,A,0.23626811660156988,6.085074215446041e-6,0.7637257983242143,4,19,vax_A_0.2,vax_A,0.2
189,C,0.4523411617857441,1.5382586551957476e-5,0.5476434556277037,4,19,vax_A_0.2,vax_A,0.2
190,A,0.23626736420232863,5.663156008790158e-6,0.7637269726416618,4,19,vax_A_0.2,vax_A,0.2
190,C,0.4523392599718193,1.4315836778344267e-5,0.5476464241914042,4,19,vax_A_0.2,vax_A,0.2
191,A,0.23626666397865825,5.270486018021289e-6,0.7637280655353227,4,19,vax_A_0.2,vax_A,0.2
191,C,0.4523374900529036,1.3323056369955993e-5,0.5476491868907272,4,19,vax_A_0.2,vax_A,0.2
192,A,0.23626601231281222,4.90503745092328e-6,0.7637290826497368,4,19,vax_A_0.2,vax_A,0.2
192,C,0.45233584288217876,1.2399117226807999e-05,0.5476517580005957,4,19,vax_A_0.2,vax_A,0.2
193,A,0.23626540583784258,4.564923872482576e-6,0.7637300292382839,4,19,vax_A_0.2,vax_A,0.2
193,C,0.4523343099470948,1.1539246632442548e-5,0.5476541508062719,4,19,vax_A_0.2,vax_A,0.2
194,A,0.23626484142021925,4.248389496222176e-6,0.7637309101902844,4,19,vax_A_0.2,vax_A,0.2
194,C,0.4523328833254042,1.0739002643381734e-5,0.5476563776719514,4,19,vax_A_0.2,vax_A,0.2
195,A,0.2362643161436523,3.953800145734558e-6,0.7637317300562015,4,19,vax_A_0.2,vax_A,0.2
195,C,0.4523315556442262,9.994251180467935e-6,0.5476584501045949,4,19,vax_A_0.2,vax_A,0.2
196,A,0.23626382729403597,3.679634840314027e-6,0.7637324930711248,4,19,vax_A_0.2,vax_A,0.2
196,C,0.45233032004195445,9.301144704725702e-6,0.5476603788133416,4,19,vax_A_0.2,vax_A,0.2
197,A,0.23626337234543687,3.4244779617401535e-6,0.7637332031766025,4,19,vax_A_0.2,vax_A,0.2
197,C,0.4523291701328185,8.656102368430528e-6,0.5476621737648147,4,19,vax_A_0.2,vax_A,0.2
198,A,0.23626294894704952,3.187011962199614e-6,0.7637338640409881,4,19,vax_A_0.2,vax_A,0.2
198,C,0.45232809997387513,8.055791539563857e-6,0.5476638442345847,4,19,vax_A_0.2,vax_A,0.2
199,A,0.23626255491105966,2.9660105760804265e-6,0.763734479078364,4,19,vax_A_0.2,vax_A,0.2
199,C,0.452327104034318,7.497110604855023e-6,0.5476653988550774,4,19,vax_A_0.2,vax_A,0.2
200,A,0.2362621882013434,2.7603325009226283e-6,0.7637350514661551,4,19,vax_A_0.2,vax_A,0.2
200,C,0.4523261771668873,6.977172963114845e-6,0.5476668456601509,4,19,vax_A_0.2,vax_A,0.2
201,A,0.2362618469229553,2.5689155151666755e-6,0.7637355841615299,4,19,vax_A_0.2,vax_A,0.2
201,C,0.4523253145812786,6.493292126564265e-6,0.5476681921265953,4,19,vax_A_0.2,vax_A,0.2
202,A,0.23626152931233893,2.3907710026028254e-6,0.7637360799166587,4,19,vax_A_0.2,vax_A,0.2
202,C,0.4523245118193944,6.042967853666774e-6,0.5476694452127512,4,19,vax_A_0.2,vax_A,0.2
203,A,0.2362612337282204,2.224978855465207e-6,0.7637365412929236,4,19,vax_A_0.2,vax_A,0.2
203,C,0.45232376473230373,5.6238732421536575e-6,0.547670611394453,4,19,vax_A_0.2,vax_A,0.2
204,A,0.23626095864313107,2.070682730043789e-6,0.7637369706741389,4,19,vax_A_0.2,vax_A,0.2
204,C,0.4523230694588032,5.233842715852726e-6,0.5476716966984819,4,19,vax_A_0.2,vax_A,0.2
205,A,0.23626070263551627,1.927085630482814e-6,0.7637373702788529,4,19,vax_A_0.2,vax_A,0.2
205,C,0.4523224224054643,4.870860843506632e-6,0.5476727067336921,4,19,vax_A_0.2,vax_A,0.2
206,A,0.23626046438239448,1.7934457981097195e-6,0.7637377421718079,4,19,vax_A_0.2,vax_A,0.2
206,C,0.4523218202280682,4.533051932038337e-6,0.5476736467200001,4,19,vax_A_0.2,vax_A,0.2
207,A,0.23626024265252152,1.669072885197723e-6,0.7637380882745934,4,19,vax_A_0.2,vax_A,0.2
207,C,0.4523212598143183,4.218670340693155e-6,0.54767452151534,4,19,vax_A_0.2,vax_A,0.2
208,A,0.23626003630003134,1.5533243935164676e-6,0.7637384103755755,4,19,vax_A_0.2,vax_A,0.2
208,C,0.45232073826776326,3.926091466180591e-6,0.5476753356407704,4,19,vax_A_0.2,vax_A,0.2
209,A,0.23625984425851618,1.4456023593768415e-6,0.763738710139124,4,19,vax_A_0.2,vax_A,0.2
209,C,0.45232025289282235,3.653803352379541e-6,0.5476760933038248,4,19,vax_A_0.2,vax_A,0.2
210,A,0.23625966553551797,1.345350268136476e-6,0.7637389891142136,4,19,vax_A_0.2,vax_A,0.2
210,C,0.4523198011808595,3.400398881378081e-6,0.5476767984202585,4,19,vax_A_0.2,vax_A,0.2
211,A,0.23625949920739925,1.2520501823065151e-6,0.7637392487424167,4,19,vax_A_0.2,vax_A,0.2
211,C,0.45231938079721995,3.1645685056068705e-6,0.5476774546342751,4,19,vax_A_0.2,vax_A,0.2
212,A,0.23625934441457425,1.1652200684937338e-6,0.7637394903653574,4,19,vax_A_0.2,vax_A,0.2
212,C,0.4523189895691586,2.9450934836058333e-6,0.5476780653373574,4,19,vax_A_0.2,vax_A,0.2
213,A,0.23625920035706421,1.084411309430026e-6,0.7637397152316261,4,19,vax_A_0.2,vax_A,0.2
213,C,0.4523186254746202,2.7408395845528805e-6,0.5476786336857945,4,19,vax_A_0.2,vax_A,0.2
214,A,0.2362590662903674,1.0092063882895198e-6,0.7637399245032435,4,19,vax_A_0.2,vax_A,0.2
214,C,0.45231828663178103,2.5507512290929456e-6,0.5476791626169881,4,19,vax_A_0.2,vax_A,0.2
215,A,0.23625894152161128,9.39216733376859e-7,0.7637401192616554,4,19,vax_A_0.2,vax_A,0.2
215,C,0.4523179712893312,2.373846036251073e-6,0.5476796548646318,4,19,vax_A_0.2,vax_A,0.2
216,A,0.2362588254059705,8.740807120926697e-7,0.7637403005133171,4,19,vax_A_0.2,vax_A,0.2
216,C,0.4523176778174171,2.209209748303003e-6,0.5476801129728353,4,19,vax_A_0.2,vax_A,0.2
217,A,0.2362587173433398,8.134617638482143e-7,0.7637404691948965,4,19,vax_A_0.2,vax_A,0.2
217,C,0.4523174046992196,2.0559915074226975e-6,0.5476805393092732,4,19,vax_A_0.2,vax_A,0.2
218,A,0.2362586167752281,7.57046662314358e-7,0.7637406261781098,4,19,vax_A_0.2,vax_A,0.2
218,C,0.4523171505231192,1.9133994597369716e-6,0.547680936077422,4,19,vax_A_0.2,vax_A,0.2
219,A,0.23625852318187593,7.045438980544448e-7,0.763740772274225,4,19,vax_A_0.2,vax_A,0.2
219,C,0.45231691397539464,1.7806966641052328e-6,0.5476813053279407,4,19,vax_A_0.2,vax_A,0.2
220,A,0.236258436079569,6.556821732089586e-7,0.763740908238258,4,19,vax_A_0.2,vax_A,0.2
220,C,0.4523166938334392,1.6571972845116148e-6,0.5476816489692766,4,19,vax_A_0.2,vax_A,0.2
221,A,0.23625835501813802,6.102090004743681e-7,0.763741034772863,4,19,vax_A_0.2,vax_A,0.2
221,C,0.45231648895943494,1.5422630464138258e-6,0.5476819687775185,4,19,vax_A_0.2,vax_A,0.2
222,A,0.23625827957863202,5.678893991570599e-7,0.7637411525319683,4,19,vax_A_0.2,vax_A,0.2
222,C,0.45231629829447945,1.4352999387619299e-6,0.5476822664055819,4,19,vax_A_0.2,vax_A,0.2
223,A,0.2362582093711566,5.28504681580937e-7,0.7637412621241625,4,19,vax_A_0.2,vax_A,0.2
223,C,0.4523161208531073,1.3357551446614255e-6,0.5476825433917496,4,19,vax_A_0.2,vax_A,0.2
224,A,0.2362581440328544,4.91851323592163e-7,0.7637413641158218,4,19,vax_A_0.2,vax_A,0.2
224,C,0.4523159557181988,1.2431141848344691e-6,0.5476828011676168,4,19,vax_A_0.2,vax_A,0.2
225,A,0.23625808322603437,4.57739913337226e-7,0.763741459034051,4,19,vax_A_0.2,vax_A,0.2
225,C,0.452315802036242,1.1568982591305015e-6,0.5476830410654984,4,19,vax_A_0.2,vax_A,0.2
226,A,0.23625802663642445,4.259941728934103e-7,0.7637415473694037,4,19,vax_A_0.2,vax_A,0.2
226,C,0.45231565901291904,1.076661772359518e-6,0.5476832643253075,4,19,vax_A_0.2,vax_A,0.2
227,A,0.23625797397154566,3.964500477058681e-7,0.763741629578407,4,19,vax_A_0.2,vax_A,0.2
227,C,0.45231552590900165,1.0019900316721755e-6,0.5476834721009655,4,19,vax_A_0.2,vax_A,0.2
228,A,0.23625792495920567,3.6895485913453305e-7,0.7637417060859352,4,19,vax_A_0.2,vax_A,0.2
228,C,0.45231540203653114,9.32497103595823e-7,0.5476836654663656,4,19,vax_A_0.2,vax_A,0.2
229,A,0.23625787934608794,3.4336651573907536e-7,0.7637417772873969,4,19,vax_A_0.2,vax_A,0.2
229,C,0.45231528675525795,8.678238196591379e-7,0.5476838454209229,4,19,vax_A_0.2,vax_A,0.2
230,A,0.23625783689644397,3.1955277923269075e-7,0.763741843550777,4,19,vax_A_0.2,vax_A,0.2
230,C,0.4523151794693421,8.076359203049005e-7,0.5476840128947377,4,19,vax_A_0.2,vax_A,0.2
231,A,0.23625779739087496,2.973905813171846e-7,0.7637419052185442,4,19,vax_A_0.2,vax_A,0.2
231,C,0.4523150796242633,7.51622327504275e-7,0.5476841687534083,4,19,vax_A_0.2,vax_A,0.2
232,A,0.23625776062519782,2.7676538787400163e-7,0.7637419626094142,4,19,vax_A_0.2,vax_A,0.2
232,C,0.4523149867039634,6.99493537150235e-7,0.5476843138024988,4,19,vax_A_0.2,vax_A,0.2
233,A,0.23625772640939066,2.575706072299421e-7,0.7637420160200012,4,19,vax_A_0.2,vax_A,0.2
233,C,0.4523149002281741,6.509801229261096e-7,0.5476844487917025,4,19,vax_A_0.2,vax_A,0.2
234,A,0.23625769456660964,2.397070394434395e-7,0.7637420657263512,4,19,vax_A_0.2,vax_A,0.2
234,C,0.4523148197499347,6.058313439206434e-7,0.5476845744187209,4,19,vax_A_0.2,vax_A,0.2
235,A,0.23625766493227557,2.2308236376880663e-7,0.7637421119853607,4,19,vax_A_0.2,vax_A,0.2
235,C,0.4523147448532848,5.638138487966107e-7,0.5476846913328659,4,19,vax_A_0.2,vax_A,0.2
236,A,0.23625763735322325,2.0761066165269297e-7,0.7637421550361138,4,19,vax_A_0.2,vax_A,0.2
236,C,0.4523146751511134,5.247104698186285e-7,0.5476848001384182,4,19,vax_A_0.2,vax_A,0.2
237,A,0.23625761168691103,1.9321197280024295e-7,0.7637421951011164,4,19,vax_A_0.2,vax_A,0.2
237,C,0.4523146102831542,4.883191005097741e-7,0.5476849013977451,4,19,vax_A_0.2,vax_A,0.2
238,A,0.2362575878006814,1.79811882018995e-7,0.7637422323874373,4,19,vax_A_0.2,vax_A,0.2
238,C,0.4523145499141317,4.544516511384665e-7,0.5476849956342165,4,19,vax_A_0.2,vax_A,0.2
239,A,0.2362575655710775,1.673411347073546e-7,0.7637422670877874,4,19,vax_A_0.2,vax_A,0.2
239,C,0.4523144937320212,4.2293307663910756e-7,0.5476850833349026,4,19,vax_A_0.2,vax_A,0.2
240,A,0.23625754488320594,1.5573527900222928e-7,0.7637422993815158,4,19,vax_A_0.2,vax_A,0.2
240,C,0.45231444144643757,3.936004719440364e-7,0.5476851649530907,4,19,vax_A_0.2,vax_A,0.2
241,A,0.23625752563013985,1.4493433273788783e-7,0.7637423294355277,4,19,vax_A_0.2,vax_A,0.2
241,C,0.45231439278713653,3.6630223005222486e-7,0.5476852409106331,4,19,vax_A_0.2,vax_A,0.2
242,A,0.23625750771236922,1.3488247349627806e-7,0.763742357405156,4,19,vax_A_0.2,vax_A,0.2
242,C,0.4523143475026174,3.4089725848475155e-7,0.5476853116001247,4,19,vax_A_0.2,vax_A,0.2
243,A,0.23625749103728538,1.255277501481017e-7,0.7637423834349643,4,19,vax_A_0.2,vax_A,0.2
243,C,0.45231430535882095,3.172542500783432e-7,0.5476853773869301,4,19,vax_A_0.2,vax_A,0.2
244,A,0.23625747551870208,1.1682181439487249e-7,0.7637424076594833,4,19,vax_A_0.2,vax_A,0.2
244,C,0.452314266137921,2.9525100434898e-7,0.5476854386110753,4,19,vax_A_0.2,vax_A,0.2
245,A,0.23625746107641082,1.0871967092542716e-7,0.7637424302039179,4,19,vax_A_0.2,vax_A,0.2
245,C,0.45231422963719875,2.74773795918824e-7,0.5476854955890053,4,19,vax_A_0.2,vax_A,0.2
246,A,0.23625744763576484,1.0117944489642895e-7,0.76374245118479,4,19,vax_A_0.2,vax_A,0.2
246,C,0.4523141956679968,2.557167867428866e-7,0.5476855486152169,4,19,vax_A_0.2,vax_A,0.2
247,A,0.2362574351272958,9.41621655358569e-8,0.7637424707105388,4,19,vax_A_0.2,vax_A,0.2
247,C,0.4523141640547412,2.379814790981318e-7,0.5476855979637804,4,19,vax_A_0.2,vax_A,0.2
248,A,0.23625742348635326,8.763156475169474e-8,0.7637424888820826,4,19,vax_A_0.2,vax_A,0.2
248,C,0.4523141346340336,2.2147620650830577e-7,0.5476856438897609,4,19,vax_A_0.2,vax_A,0.2
249,A,0.2362574126527692,8.155388970511099e-8,0.7637425057933415,4,19,vax_A_0.2,vax_A,0.2
249,C,0.4523141072538085,2.061156599727674e-7,0.5476856866305321,4,19,vax_A_0.2,vax_A,0.2
250,A,0.23625740257054825,7.589772766707483e-8,0.7637425215317237,4,19,vax_A_0.2,vax_A,0.2
250,C,0.4523140817725461,1.9182044524946595e-7,0.5476857264070092,4,19,vax_A_0.2,vax_A,0.2
251,A,0.2362573931875647,7.063383639821443e-8,0.7637425361785989,4,19,vax_A_0.2,vax_A,0.2
251,C,0.452314058058503,1.785166541019983e-7,0.5476857634248433,4,19,vax_A_0.2,vax_A,0.2
252,A,0.23625738445531663,6.573500712018575e-8,0.7637425498096766,4,19,vax_A_0.2,vax_A,0.2
252,C,0.45231403598909764,1.661355179331427e-7,0.5476857978753839,4,19,vax_A_0.2,vax_A,0.2
253,A,0.23625737632868318,6.117592777351197e-8,0.763742562495388,4,19,vax_A_0.2,vax_A,0.2
253,C,0.45231401545029615,1.5461306214500065e-7,0.5476858299366423,4,19,vax_A_0.2,vax_A,0.2
254,A,0.2362573687656752,5.69330422297148e-8,0.7637425743012823,4,19,vax_A_0.2,vax_A,0.2
254,C,0.45231399633597114,1.4388975027420097e-7,0.5476858597742778,4,19,vax_A_0.2,vax_A,0.2
255,A,0.23625736172731374,5.2984483902632466e-8,0.7637425852882022,4,19,vax_A_0.2,vax_A,0.2
255,C,0.45231397854761246,1.3391031617417223e-7,0.5476858875420699,4,19,vax_A_0.2,vax_A,0.2
256,A,0.23625735517739507,4.9309942613449514e-8,0.7637425955126632,4,19,vax_A_0.2,vax_A,0.2
256,C,0.4523139619937207,1.2462342750588328e-7,0.5476859133828523,4,19,vax_A_0.2,vax_A,0.2
257,A,0.2362573490819346,4.589035343136014e-8,0.763742605027712,4,19,vax_A_0.2,vax_A,0.2
257,C,0.45231394658840224,1.15980899270277e-7,0.5476859374306985,4,19,vax_A_0.2,vax_A,0.2
258,A,0.2362573434092245,4.270792806830016e-8,0.7637426138828476,4,19,vax_A_0.2,vax_A,0.2
258,C,0.4523139322515214,1.0793777315141052e-7,0.5476859598107061,4,19,vax_A_0.2,vax_A,0.2
259,A,0.23625733812569708,3.974383573450662e-8,0.7637426221304667,4,19,vax_A_0.2,vax_A,0.2
259,C,0.45231391889824124,1.0044645610023478e-7,0.547685980655303,4,19,vax_A_0.2,vax_A,0.2
260,A,0.23625733320542644,3.6983531275693145e-8,0.7637426298110427,4,19,vax_A_0.2,vax_A,0.2
260,C,0.4523139064630347,9.347018667438392e-8,0.5476860000667783,4,19,vax_A_0.2,vax_A,0.2
261,A,0.23625732861949986,3.441079517582136e-8,0.7637426369697053,4,19,vax_A_0.2,vax_A,0.2
261,C,0.4523138948728326,8.696797181027588e-8,0.5476860181591955,4,19,vax_A_0.2,vax_A,0.2
262,A,0.23625732450629633,3.210325875185486e-8,0.7637426433904447,4,19,vax_A_0.2,vax_A,0.2
262,C,0.45231388447736515,8.113601392204094e-8,0.5476860343866217,4,19,vax_A_0.2,vax_A,0.2
263,A,0.23625732066896737,2.995048945528076e-8,0.7637426493805423,4,19,vax_A_0.2,vax_A,0.2
263,C,0.4523138747791272,7.569520894924872e-8,0.5476860495256628,4,19,vax_A_0.2,vax_A,0.2
264,A,0.23625731708896158,2.794207948249862e-8,0.7637426549689583,4,19,vax_A_0.2,vax_A,0.2
264,C,0.45231386573123394,7.061925237016461e-8,0.5476860636495137,4,19,vax_A_0.2,vax_A,0.2
265,A,0.23625731374902284,2.6068348498382345e-8,0.7637426601826279,4,19,vax_A_0.2,vax_A,0.2
265,C,0.4523138572900731,6.588367827808051e-8,0.5476860768262497,4,19,vax_A_0.2,vax_A,0.2
266,A,0.23625731063305352,2.4320265299489622e-8,0.7637426650466823,4,19,vax_A_0.2,vax_A,0.2
266,C,0.4523138494149571,6.146566139168677e-8,0.5476860891193805,4,19,vax_A_0.2,vax_A,0.2
267,A,0.23625730772603334,2.268940428595529e-8,0.7637426695845623,4,19,vax_A_0.2,vax_A,0.2
267,C,0.45231384206793046,5.7343907038999614e-8,0.5476861005881625,4,19,vax_A_0.2,vax_A,0.2
268,A,0.23625730501395187,2.116790485214001e-8,0.7637426738181429,4,19,vax_A_0.2,vax_A,0.2
268,C,0.45231383521357904,5.349854851863917e-8,0.5476861112878726,4,19,vax_A_0.2,vax_A,0.2
269,A,0.23625730248373616,1.9748433500322594e-8,0.7637426777678299,4,19,vax_A_0.2,vax_A,0.2
269,C,0.45231382881886606,4.991105134375972e-8,0.5476861212700831,4,19,vax_A_0.2,vax_A,0.2
270,A,0.23625730012319138,1.842414849485078e-8,0.7637426814526594,4,19,vax_A_0.2,vax_A,0.2
270,C,0.45231382285296834,4.656412390710122e-8,0.5476861305829074,4,19,vax_A_0.2,vax_A,0.2
271,A,0.2362572979209399,1.7188666886406154e-8,0.7637426848903934,4,19,vax_A_0.2,vax_A,0.2
271,C,0.4523138172871319,4.344163413658777e-8,0.5476861392712344,4,19,vax_A_0.2,vax_A,0.2
272,A,0.23625729586636626,1.603603374745962e-8,0.7637426880976002,4,19,vax_A_0.2,vax_A,0.2
272,C,0.45231381209452737,4.052853173976688e-8,0.5476861473769405,4,19,vax_A_0.2,vax_A,0.2
273,A,0.23625729394956801,1.4960693470651682e-8,0.7637426910897378,4,19,vax_A_0.2,vax_A,0.2
273,C,0.45231380725012754,3.781077566232092e-8,0.5476861549390958,4,19,vax_A_0.2,vax_A,0.2
274,A,0.23625729216130573,1.3957462991770404e-8,0.7637426938812307,4,19,vax_A_0.2,vax_A,0.2
274,C,0.4523138027305839,3.5275266411012086e-8,0.5476861619941487,4,19,vax_A_0.2,vax_A,0.2
275,A,0.23625729049296063,1.302150680827642e-8,0.7637426964855318,4,19,vax_A_0.2,vax_A,0.2
275,C,0.452313798514111,3.2909782914868605e-8,0.5476861685761062,4,19,vax_A_0.2,vax_A,0.2
276,A,0.2362572889364915,1.2148313672976926e-8,0.763742698915196,4,19,vax_A_0.2,vax_A,0.2
276,C,0.45231379458038584,3.070292362029117e-8,0.5476861747166906,4,19,vax_A_0.2,vax_A,0.2
277,A,0.23625728748439498,1.1333674850522861e-8,0.7637427011819303,4,19,vax_A_0.2,vax_A,0.2
277,C,0.4523137909104479,2.8644051536167317e-8,0.5476861804455015,4,19,vax_A_0.2,vax_A,0.2
278,A,0.236257286129673,1.0573663831935918e-8,0.7637427032966623,4,19,vax_A_0.2,vax_A,0.2
278,C,0.4523137874866076,2.6723242964117095e-8,0.5476861857901495,4,19,vax_A_0.2,vax_A,0.2
279,A,0.23625728486579606,9.864617409397572e-9,0.7637427052695861,4,19,vax_A_0.2,vax_A,0.2
279,C,0.452313784292363,2.4931239666756993e-8,0.5476861907763974,4,19,vax_A_0.2,vax_A,0.2
280,A,0.23625728368667218,9.203118020088626e-9,0.7637427071102113,4,19,vax_A_0.2,vax_A,0.2
280,C,0.4523137813123178,2.3259404243438857e-8,0.5476861954282779,4,19,vax_A_0.2,vax_A,0.2
281,A,0.23625728258661763,8.585977273983553e-9,0.7637427088274068,4,19,vax_A_0.2,vax_A,0.2
281,C,0.452313778532108,2.1699678498378876e-8,0.5476861997682138,4,19,vax_A_0.2,vax_A,0.2
282,A,0.2362572815603297,8.010220586574433e-9,0.7637427104294497,4,19,vax_A_0.2,vax_A,0.2
282,C,0.45231377593833283,2.0244544605673388e-8,0.5476862038171232,4,19,vax_A_0.2,vax_A,0.2
283,A,0.23625728060286333,7.473072840724411e-9,0.7637427119240645,4,19,vax_A_0.2,vax_A,0.2
283,C,0.4523137735184907,1.8886988858726196e-8,0.5476862075945206,4,19,vax_A_0.2,vax_A,0.2
284,A,0.23625727970960178,6.971945011743626e-9,0.763742713318453,4,19,vax_A_0.2,vax_A,0.2
284,C,0.45231377126091854,1.7620467877633364e-8,0.5476862111186144,4,19,vax_A_0.2,vax_A,0.2
285,A,0.23625727887624062,6.504421688475892e-9,0.763742714619337,4,19,vax_A_0.2,vax_A,0.2
285,C,0.4523137691547338,1.6438877068435266e-8,0.5476862144063903,4,19,vax_A_0.2,vax_A,0.2
286,A,0.2362572780987633,6.0682494311870296e-9,0.7637427158329874,4,19,vax_A_0.2,vax_A,0.2
286,C,0.4523137671897848,1.5336521197814483e-8,0.5476862174736938,4,19,vax_A_0.2,vax_A,0.2
287,A,0.23625727737342156,5.6613259102125926e-9,0.7637427169652528,4,19,vax_A_0.2,vax_A,0.2
287,C,0.45231376535660167,1.4308086942296032e-8,0.5476862203353111,4,19,vax_A_0.2,vax_A,0.2
288,A,0.23625727669671956,5.281689772932258e-9,0.7637427180215897,4,19,vax_A_0.2,vax_A,0.2
288,C,0.4523137636463484,1.3348617278232972e-8,0.5476862230050348,4,19,vax_A_0.2,vax_A,0.2
289,A,0.23625727606539612,4.9275111902322775e-9,0.7637427190070933,4,19,vax_A_0.2,vax_A,0.2
289,C,0.45231376205078067,1.2453487589139561e-8,0.5476862254957318,4,19,vax_A_0.2,vax_A,0.2
290,A,0.23625727547640754,4.597083036892276e-9,0.7637427199265094,4,19,vax_A_0.2,vax_A,0.2
290,C,0.45231376056220707,1.1618383375210127e-8,0.5476862278194086,4,19,vax_A_0.2,vax_A,0.2
291,A,0.23625727492691542,4.288812663387984e-9,0.7637427207842722,4,19,vax_A_0.2,vax_A,0.2
291,C,0.4523137591734559,1.0839279457586175e-8,0.5476862299872641,4,19,vax_A_0.2,vax_A,0.2
292,A,0.236257274414271,4.0012142194517305e-9,0.7637427215845147,4,19,vax_A_0.2,vax_A,0.2
292,C,0.4523137578778309,1.0112420577136681e-8,0.547686232009749,4,19,vax_A_0.2,vax_A,0.2
293,A,0.23625727393600324,3.7329014923919164e-9,0.7637427223310943,4,19,vax_A_0.2,vax_A,0.2
293,C,0.4523137566690864,9.43430329423987e-9,0.5476862338966092,4,19,vax_A_0.2,vax_A,0.2
294,A,0.23625727348980724,3.4825812256536863e-9,0.7637427230276116,4,19,vax_A_0.2,vax_A,0.2
294,C,0.45231375554139946,8.801659102323845e-9,0.5476862356569414,4,19,vax_A_0.2,vax_A,0.2
295,A,0.2362572730735325,3.2490468854173847e-9,0.7637427236774207,4,19,vax_A_0.2,vax_A,0.2
295,C,0.4523137544893321,8.211438673774767e-9,0.5476862372992289,4,19,vax_A_0.2,vax_A,0.2
296,A,0.23625727268517205,3.031172845191177e-9,0.7637427242836557,4,19,vax_A_0.2,vax_A,0.2
296,C,0.4523137535078146,7.660797162278575e-9,0.5476862388313888,4,19,vax_A_0.2,vax_A,0.2
297,A,0.23625727232285415,2.827908960368351e-9,0.7637427248492378,4,19,vax_A_0.2,vax_A,0.2
297,C,0.4523137525921143,7.1470804907543254e-9,0.5476862402608044,4,19,vax_A_0.2,vax_A,0.2
298,A,0.2362572719848322,2.638275506599711e-9,0.7637427253768925,4,19,vax_A_0.2,vax_A,0.2
298,C,0.45231375173782,6.667812558788014e-9,0.5476862415943666,4,19,vax_A_0.2,vax_A,0.2
299,A,0.2362572716694777,2.4613584575848332e-9,0.7637427258691633,4,19,vax_A_0.2,vax_A,0.2
299,C,0.45231375094081233,6.220683307906805e-9,0.5476862428385033,4,19,vax_A_0.2,vax_A,0.2
300,A,0.23625727137527006,2.29630507952171e-9,0.7637427263284249,4,19,vax_A_0.2,vax_A,0.2
300,C,0.45231375019725073,5.803537587169587e-9,0.5476862439992113,4,19,vax_A_0.2,vax_A,0.2
301,A,0.23625727110079192,2.142319820980845e-9,0.7637427267568896,4,19,vax_A_0.2,vax_A,0.2
301,C,0.4523137495035511,5.414364765405881e-9,0.5476862450820839,4,19,vax_A_0.2,vax_A,0.2
302,A,0.23625727084471837,1.998660478426374e-9,0.7637427271566206,4,19,vax_A_0.2,vax_A,0.2
302,C,0.4523137488563694,5.051289041373807e-9,0.5476862460923417,4,19,vax_A_0.2,vax_A,0.2
303,A,0.23625727060581767,1.8646346187648923e-9,0.7637427275295486,4,19,vax_A_0.2,vax_A,0.2
303,C,0.45231374825258536,4.712560398576775e-9,0.5476862470348536,4,19,vax_A_0.2,vax_A,0.2
304,A,0.2362572703829365,1.739596241891731e-9,0.7637427278774664,4,19,vax_A_0.2,vax_A,0.2
304,C,0.4523137476892914,4.3965461736274444e-9,0.5476862479141643,4,19,vax_A_0.2,vax_A,0.2
305,A,0.23625727017500173,1.6229426670101959e-9,0.7637427282020551,4,19,vax_A_0.2,vax_A,0.2
305,C,0.4523137471637688,4.1017231863673624e-9,0.5476862487345079,4,19,vax_A_0.2,vax_A,0.2
306,A,0.23625726998101043,1.5141116277392065e-9,0.7637427285048779,4,19,vax_A_0.2,vax_A,0.2
306,C,0.45231374667348784,3.8266703978219814e-9,0.5476862494998426,4,19,vax_A_0.2,vax_A,0.2
307,A,0.23625726980002754,1.4125785620173855e-9,0.7637427287873945,4,19,vax_A_0.2,vax_A,0.2
307,C,0.4523137462160834,3.570062060834161e-9,0.5476862502138545,4,19,vax_A_0.2,vax_A,0.2
308,A,0.23625726963118138,1.3178540837393299e-9,0.7637427290509651,4,19,vax_A_0.2,vax_A,0.2
308,C,0.45231374578935224,3.3306613300011664e-9,0.5476862508799875,4,19,vax_A_0.2,vax_A,0.2
309,A,0.23625726947365758,1.2294816239377076e-9,0.7637427292968623,4,19,vax_A_0.2,vax_A,0.2
309,C,0.4523137453912365,3.1073143001153013e-9,0.5476862515014498,4,19,vax_A_0.2,vax_A,0.2
310,A,0.23625726932669702,1.1470352301418632e-9,0.7637427295262679,4,19,vax_A_0.2,vax_A,0.2
310,C,0.4523137450198174,2.8989444443736313e-9,0.5476862520812382,4,19,vax_A_0.2,vax_A,0.2
311,A,0.23625726918959108,1.0701175133060406e-9,0.7637427297402911,4,19,vax_A_0.2,vax_A,0.2
311,C,0.4523137446733045,2.7045474255492104e-9,0.547686252622148,4,19,vax_A_0.2,vax_A,0.2
312,A,0.23625726906167976,9.98357732411613e-10,0.7637427299399635,4,19,vax_A_0.2,vax_A,0.2
312,C,0.45231374435002863,2.5231862551138947e-9,0.5476862531267849,4,19,vax_A_0.2,vax_A,0.2
313,A,0.23625726894234497,9.314100075112667e-10,0.7637427301262452,4,19,vax_A_0.2,vax_A,0.2
313,C,0.45231374404843044,2.3539867769797557e-9,0.5476862535975818,4,19,vax_A_0.2,vax_A,0.2
314,A,0.23625726883101308,8.689516526021571e-10,0.7637427303000351,4,19,vax_A_0.2,vax_A,0.2
314,C,0.4523137437670573,2.196133454091075e-9,0.5476862540368086,4,19,vax_A_0.2,vax_A,0.2
315,A,0.23625726872714697,8.106816202926107e-10,0.763742730462172,4,19,vax_A_0.2,vax_A,0.2
315,C,0.45231374350455206,2.0488654375582457e-9,0.5476862544465823,4,19,vax_A_0.2,vax_A,0.2
316,A,0.23625726863024535,7.563190507657944e-10,0.7637427306134353,4,19,vax_A_0.2,vax_A,0.2
316,C,0.4523137432596504,1.911472899387051e-9,0.5476862548288772,4,19,vax_A_0.2,vax_A,0.2
317,A,0.2362572685398425,7.056019180464592e-10,0.763742730754556,4,19,vax_A_0.2,vax_A,0.2
317,C,0.45231374303117045,1.7832936111271863e-9,0.5476862551855354,4,19,vax_A_0.2,vax_A,0.2
318,A,0.2362572684555011,6.58285767045863e-10,0.7637427308862127,4,19,vax_A_0.2,vax_A,0.2
318,C,0.4523137428180119,1.6637097519491878e-9,0.5476862555182772,4,19,vax_A_0.2,vax_A,0.2
319,A,0.23625726837681602,6.14142535297517e-10,0.7637427310090417,4,19,vax_A_0.2,vax_A,0.2
319,C,0.4523137426191482,1.5521449307648302e-9,0.5476862558287061,4,19,vax_A_0.2,vax_A,0.2
320,A,0.2362572683034072,5.729594537045796e-10,0.7637427311236332,4,19,vax_A_0.2,vax_A,0.2
320,C,0.4523137424336204,1.4480614080376506e-9,0.5476862561183193,4,19,vax_A_0.2,vax_A,0.2
321,A,0.23625726823492083,5.3453802100061e-10,0.7637427312305407,4,19,vax_A_0.2,vax_A,0.2
321,C,0.4523137422605324,1.3509575038929263e-9,0.5476862563885101,4,19,vax_A_0.2,vax_A,0.2
322,A,0.2362572681710276,4.986930472809795e-10,0.7637427313302797,4,19,vax_A_0.2,vax_A,0.2
322,C,0.4523137420990518,1.2603651791679435e-9,0.547686256640583,4,19,vax_A_0.2,vax_A,0.2
323,A,0.2362572681114183,4.652517604971193e-10,0.7637427314233292,4,19,vax_A_0.2,vax_A,0.2
323,C,0.4523137419483989,1.1758477819804578e-9,0.5476862568757528,4,19,vax_A_0.2,vax_A,0.2
324,A,0.23625726805580655,4.3405297451537947e-10,0.7637427315101402,4,19,vax_A_0.2,vax_A,0.2
324,C,0.4523137418078494,1.096997940893523e-9,0.5476862570951523,4,19,vax_A_0.2,vax_A,0.2
325,A,0.236257268003924,4.0494631207599337e-10,0.76374273159113,4,19,vax_A_0.2,vax_A,0.2
325,C,0.45231374167672533,1.023435601710006e-9,0.5476862572998407,4,19,vax_A_0.2,vax_A,0.2
326,A,0.23625726795552068,3.777914798908543e-10,0.7637427316666889,4,19,vax_A_0.2,vax_A,0.2
326,C,0.4523137415543929,9.548061958538405e-10,0.5476862574908008,4,19,vax_A_0.2,vax_A,0.2
327,A,0.23625726791036283,3.524575924346109e-10,0.76374273173718,4,19,vax_A_0.2,vax_A,0.2
327,C,0.4523137414402643,8.907789313589622e-10,0.5476862576689564,4,19,vax_A_0.2,vax_A,0.2
328,A,0.23625726786823342,3.28822541080802e-10,0.763742731802944,4,19,vax_A_0.2,vax_A,0.2
328,C,0.45231374133378954,8.310451984608049e-10,0.5476862578351662,4,19,vax_A_0.2,vax_A,0.2
329,A,0.2362572678289291,3.067724055423064e-10,0.7637427318642985,4,19,vax_A_0.2,vax_A,0.2
329,C,0.4523137412344534,7.753170821054299e-10,0.5476862579902285,4,19,vax_A_0.2,vax_A,0.2
330,A,0.23625726779226014,2.862009047792788e-10,0.7637427319215381,4,19,vax_A_0.2,vax_A,0.2
330,C,0.4523137411417805,7.233259742065996e-10,0.5476862581348949,4,19,vax_A_0.2,vax_A,0.2
331,A,0.2362572677580505,2.670088847279741e-10,0.7637427319749408,4,19,vax_A_0.2,vax_A,0.2
331,C,0.4523137410553206,6.748212789618796e-10,0.5476862582698595,4,19,vax_A_0.2,vax_A,0.2
332,A,0.23625726772613498,2.4910384038133754e-10,0.7637427320247617,4,19,vax_A_0.2,vax_A,0.2
332,C,0.4523137409746577,6.29569204987492e-10,0.5476862583957716,4,19,vax_A_0.2,vax_A,0.2
333,A,0.2362572676963592,2.323994699178058e-10,0.7637427320712412,4,19,vax_A_0.2,vax_A,0.2
333,C,0.4523137408994056,5.873516384499942e-10,0.5476862585132433,4,19,vax_A_0.2,vax_A,0.2
334,A,0.23625726766858074,2.1681525872924548e-10,0.7637427321146046,4,19,vax_A_0.2,vax_A,0.2
334,C,0.4523137408291996,5.47965091763308e-10,0.547686258622836,4,19,vax_A_0.2,vax_A,0.2
335,A,0.2362572676426645,2.022760913430517e-10,0.7637427321550584,4,19,vax_A_0.2,vax_A,0.2
335,C,0.4523137407637002,5.112197227839078e-10,0.547686258725079,4,19,vax_A_0.2,vax_A,0.2
336,A,0.2362572676184862,1.8871188936789802e-10,0.7637427321928025,4,19,vax_A_0.2,vax_A,0.2
336,C,0.45231374070259445,4.769384197766336e-10,0.5476862588204675,4,19,vax_A_0.2,vax_A,0.2
337,A,0.23625726759592933,1.7605727371803789e-10,0.7637427322280135,4,19,vax_A_0.2,vax_A,0.2
337,C,0.45231374064558577,4.449559477407526e-10,0.5476862589094582,4,19,vax_A_0.2,vax_A,0.2
338,A,0.2362572675748852,1.642512494881029e-10,0.7637427322608631,4,19,vax_A_0.2,vax_A,0.2
338,C,0.45231374059239976,4.1511815198156776e-10,0.5476862589924819,4,19,vax_A_0.2,vax_A,0.2
339,A,0.23625726755525187,1.53236911959503e-10,0.7637427322915102,4,19,vax_A_0.2,vax_A,0.2
339,C,0.45231374054278095,3.872812150887882e-10,0.5476862590699387,4,19,vax_A_0.2,vax_A,0.2
340,A,0.23625726753693563,1.429611723213867e-10,0.763742732320103,4,19,vax_A_0.2,vax_A,0.2
340,C,0.45231374049648837,3.613109637403526e-10,0.5476862591422,4,19,vax_A_0.2,vax_A,0.2
341,A,0.23625726751984727,1.3337450178415567e-10,0.7637427323467778,4,19,vax_A_0.2,vax_A,0.2
341,C,0.45231374045330097,3.3708222199049894e-10,0.5476862592096168,4,19,vax_A_0.2,vax_A,0.2
342,A,0.23625726750390502,1.2443069275237685e-10,0.7637427323716642,4,19,vax_A_0.2,vax_A,0.2
342,C,0.452313740413009,3.1447820812197164e-10,0.5476862592725121,4,19,vax_A_0.2,vax_A,0.2
343,A,0.23625726748903186,1.160866364019655e-10,0.763742732394883,4,19,vax_A_0.2,vax_A,0.2
343,C,0.4523137403754201,2.9338997119126915e-10,0.5476862593311911,4,19,vax_A_0.2,vax_A,0.2
344,A,0.23625726747515594,1.0830211462951529e-10,0.7637427324165414,4,19,vax_A_0.2,vax_A,0.2
344,C,0.45231374034035016,2.737158663852529e-10,0.5476862593859342,4,19,vax_A_0.2,vax_A,0.2
345,A,0.23625726746221046,1.010396062440946e-10,0.7637427324367504,4,19,vax_A_0.2,vax_A,0.2
345,C,0.452313740307633,2.5536106502420783e-10,0.5476862594370059,4,19,vax_A_0.2,vax_A,0.2
346,A,0.23625726745013334,9.42641061452798e-11,0.7637427324556026,4,19,vax_A_0.2,vax_A,0.2
346,C,0.4523137402771091,2.382370974371253e-10,0.5476862594846529,4,19,vax_A_0.2,vax_A,0.2
347,A,0.23625726743886571,8.794295659955954e-11,0.7637427324731906,4,19,vax_A_0.2,vax_A,0.2
347,C,0.4523137402486324,2.2226142654016905e-10,0.547686259529105,4,19,vax_A_0.2,vax_A,0.2
348,A,0.2362572674283542,8.204568983097665e-11,0.7637427324896008,4,19,vax_A_0.2,vax_A,0.2
348,C,0.45231374022206516,2.0735705001005116e-10,0.5476862595705769,4,19,vax_A_0.2,vax_A,0.2
349,A,0.23625726741854686,7.654388116729817e-11,0.763742732504909,4,19,vax_A_0.2,vax_A,0.2
349,C,0.4523137401972807,1.9345212913481175e-10,0.5476862596092674,4,19,vax_A_0.2,vax_A,0.2
350,A,0.23625726740939754,7.14110120338841e-11,0.7637427325191912,4,19,vax_A_0.2,vax_A,0.2
350,C,0.45231374017415715,1.804796425530715e-10,0.5476862596453635,4,19,vax_A_0.2,vax_A,0.2
351,A,0.23625726740086178,6.662234213488748e-11,0.7637427325325149,4,19,vax_A_0.2,vax_A,0.2
351,C,0.4523137401525838,1.6837706321279036e-10,0.547686259679039,4,19,vax_A_0.2,vax_A,0.2
352,A,0.23625726739289812,6.215479020570535e-11,0.7637427325449458,4,19,vax_A_0.2,vax_A,0.2
352,C,0.4523137401324576,1.5708605699248167e-10,0.547686259710456,4,19,vax_A_0.2,vax_A,0.2
353,A,0.23625726738546887,5.798682276191108e-11,0.7637427325565443,4,19,vax_A_0.2,vax_A,0.2
353,C,0.4523137401136812,1.4655220153224362e-10,0.5476862597397667,4,19,vax_A_0.2,vax_A,0.2
354,A,0.23625726737853792,5.409835030844135e-11,0.7637427325673638,4,19,vax_A_0.2,vax_A,0.2
354,C,0.45231374009616393,1.3672472391938368e-10,0.5476862597671115,4,19,vax_A_0.2,vax_A,0.2
355,A,0.23625726737207173,5.0470630508770725e-11,0.7637427325774584,4,19,vax_A_0.2,vax_A,0.2
355,C,0.452313740079822,1.2755625596428077e-10,0.5476862597926232,4,19,vax_A_0.2,vax_A,0.2
356,A,0.23625726736603836,4.708617784735147e-11,0.7637427325868751,4,19,vax_A_0.2,vax_A,0.2
356,C,0.4523137400645741,1.190026058869307e-10,0.5476862598164235,4,19,vax_A_0.2,vax_A,0.2
357,A,0.23625726736041064,4.392867934989497e-11,0.763742732595661,4,19,vax_A_0.2,vax_A,0.2
357,C,0.45231374005035,1.110225453137e-10,0.547686259838628,4,19,vax_A_0.2,vax_A,0.2
358,A,0.23625726735515937,4.098291595526891e-11,0.7637427326038558,4,19,vax_A_0.2,vax_A,0.2
358,C,0.452313740037079,1.0357761055762584e-10,0.5476862598593439,4,19,vax_A_0.2,vax_A,0.2
359,A,0.2362572673502609,3.823468916002626e-11,0.7637427326115039,4,19,vax_A_0.2,vax_A,0.2
359,C,0.4523137400246983,9.663191722443213e-11,0.54768625987867,4,19,vax_A_0.2,vax_A,0.2
360,A,0.23625726734569077,3.567075258199299e-11,0.763742732618639,4,19,vax_A_0.2,vax_A,0.2
360,C,0.4523137400131482,9.015198725067182e-11,0.5476862598967012,4,19,vax_A_0.2,vax_A,0.2
361,A,0.23625726734142674,3.3278748113055726e-11,0.7637427326252949,4,19,vax_A_0.2,vax_A,0.2
361,C,0.4523137400023723,8.41065875403224e-11,0.5476862599135217,4,19,vax_A_0.2,vax_A,0.2
362,A,0.2362572673374495,3.104714635312191e-11,0.7637427326315044,4,19,vax_A_0.2,vax_A,0.2
362,C,0.45231373999231866,7.846657942334596e-11,0.5476862599292143,4,19,vax_A_0.2,vax_A,0.2
363,A,0.23625726733373803,2.8965191039529738e-11,0.7637427326372961,4,19,vax_A_0.2,vax_A,0.2
363,C,0.4523137399829396,7.320477820429599e-11,0.5476862599438562,4,19,vax_A_0.2,vax_A,0.2
364,A,0.23625726733027566,2.7022847201440522e-11,0.7637427326427015,4,19,vax_A_0.2,vax_A,0.2
364,C,0.4523137399741893,6.829582213611553e-11,0.5476862599575139,4,19,vax_A_0.2,vax_A,0.2
365,A,0.23625726732704563,2.5210752791636284e-11,0.7637427326477433,4,19,vax_A_0.2,vax_A,0.2
365,C,0.4523137399660262,6.371605017666539e-11,0.5476862599702579,4,19,vax_A_0.2,vax_A,0.2
0,A,0.9989999999999999,0.001,0,5,19,vax_A_0.2,vax_A,0.2
0,C,0.9989999999999999,9.999999999999998e-4,0,5,19,vax_A_0.2,vax_A,0.2
1,A,0.9984136548945954,0.0013521924845916874,2.3415262081233958e-4,5,19,vax_A_0.2,vax_A,0.2
1,C,0.9986801362184555,0.0011090976772251168,2.107661043210366e-4,5,19,vax_A_0.2,vax_A,0.2
2,A,0.9976871633140131,0.001767633240187236,5.452034457999817e-4,5,19,vax_A_0.2,vax_A,0.2
2,C,0.9983285626755233,0.0012271817538910845,4.4425557058427916e-4,5,19,vax_A_0.2,vax_A,0.2
3,A,0.9968098175268689,0.002244683651395987,9.454988217345495e-4,5,19,vax_A_0.2,vax_A,0.2
3,C,0.9979431448435885,0.0013545658295946606,7.022893268181438e-4,5,19,vax_A_0.2,vax_A,0.2
4,A,0.9957623594193628,0.002789767091402315,0.00144787348923442,5,19,vax_A_0.2,vax_A,0.2
4,C,0.997521222727333,0.0014919858770041363,9.867913956632466e-4,5,19,vax_A_0.2,vax_A,0.2
5,A,0.9945175018304045,0.0034152957177523862,0.002067202451843192,5,19,vax_A_0.2,vax_A,0.2
5,C,0.9970595774285861,0.0016405363822833304,0.001299886189129715,5,19,vax_A_0.2,vax_A,0.2
6,A,0.9930426275453613,0.004136613076862071,0.002820759377775596,5,19,vax_A_0.2,vax_A,0.2
6,C,0.9965545849271346,0.0018015303471609304,0.0016438847257070665,5,19,vax_A_0.2,vax_A,0.2
7,A,0.9912993178242456,0.004971236700305113,0.0037294454754492512,5,19,vax_A_0.2,vax_A,0.2
7,C,0.996002085903305,0.001976485383071223,0.0020214287136251607,5,19,vax_A_0.2,vax_A,0.2
8,A,0.9892434346708634,0.005938438962314888,0.004818126366820888,5,19,vax_A_0.2,vax_A,0.2
8,C,0.9953973902668969,0.0021670897110500184,0.0024355200220533245,5,19,vax_A_0.2,vax_A,0.2
9,A,0.9868265775812173,0.007058324975920896,0.006115097442863013,5,19,vax_A_0.2,vax_A,0.2
9,C,0.994735445881968,0.0023751175512749263,0.0028894365667556715,5,19,vax_A_0.2,vax_A,0.2
10,A,0.9839943967978904,0.008352572943968555,0.007653030258139995,5,19,vax_A_0.2,vax_A,0.2
10,C,0.9940106753036906,0.0026024769654706425,0.0033868477308392157,5,19,vax_A_0.2,vax_A,0.2
11,A,0.9806859197332248,0.009844712253962017,0.00946936801281324,5,19,vax_A_0.2,vax_A,0.2
11,C,0.9932169111628184,0.0028512362669383534,0.003931852570243216,5,19,vax_A_0.2,vax_A,0.2
12,A,0.9768342649440289,0.011559643280260566,0.011606091775710042,5,19,vax_A_0.2,vax_A,0.2
12,C,0.992347458968881,0.0031235985161320147,0.0045289425149857235,5,19,vax_A_0.2,vax_A,0.2
13,A,0.9723654663906609,0.013523680405909039,0.014110853203429592,5,19,vax_A_0.2,vax_A,0.2
13,C,0.9913949341641923,0.003421949239561037,0.005183116596246443,5,19,vax_A_0.2,vax_A,0.2
14,A,0.9672000527324627,0.015763929332167918,0.01703601793537015,5,19,vax_A_0.2,vax_A,0.2
14,C,0.9903513531156596,0.0037488339763146043,0.005899812908026247,5,19,vax_A_0.2,vax_A,0.2
15,A,0.9612529539688801,0.018307760566838464,0.020439285464281212,5,19,vax_A_0.2,vax_A,0.2
15,C,0.989208032550331,0.004106981488155578,0.006684985961511977,5,19,vax_A_0.2,vax_A,0.2
16,A,0.9544341424436265,0.021181946702900935,0.02438391085347349,5,19,vax_A_0.2,vax_A,0.2
16,C,0.9879555127671391,0.004499319281483896,0.00754516795137611,5,19,vax_A_0.2,vax_A,0.2
17,A,0.9466501834503372,0.024411403278021715,0.028938413271641802,5,19,vax_A_0.2,vax_A,0.2
17,C,0.9865835214621846,0.004928974477780712,0.00848750406003306,5,19,vax_A_0.2,vax_A,0.2
18,A,0.9378064323886448,0.028017576359686703,0.03417599125166963,5,19,vax_A_0.2,vax_A,0.2
18,C,0.9850809441126909,0.005399268960599637,0.009519786926709874,5,19,vax_A_0.2,vax_A,0.2
19,A,0.9278096317471826,0.03201703032039635,0.04017333793242011,5,19,vax_A_0.2,vax_A,0.2
19,C,0.9834358719342804,0.005913693805364311,0.010650434260352941,5,19,vax_A_0.2,vax_A,0.2
20,A,0.9165717094923642,0.03641810498042574,0.04701018552721057,5,19,vax_A_0.2,vax_A,0.2
20,C,0.9816354116333242,0.006475926140131685,0.01188866222654403,5,19,vax_A_0.2,vax_A,0.2
21,A,0.9040143962538274,0.04121862600471105,0.054766977741461983,5,19,vax_A_0.2,vax_A,0.2
21,C,0.9796657711134665,0.007089778979550421,0.013244449906982588,5,19,vax_A_0.2,vax_A,0.2
22,A,0.890072906453812,0.046404627128328775,0.06352246641785825,5,19,vax_A_0.2,vax_A,0.2
22,C,0.9775123916671631,0.007759143816393469,0.014728464516443619,5,19,vax_A_0.2,vax_A,0.2
23,A,0.8747015779789734,0.05194708670108667,0.07335133531993919,5,19,vax_A_0.2,vax_A,0.2
23,C,0.9751598984910321,0.008487953699259188,0.016352147809708773,5,19,vax_A_0.2,vax_A,0.2
24,A,0.8578813546096764,0.05779798016550164,0.08432066522482162,5,19,vax_A_0.2,vax_A,0.2
24,C,0.9725920521227169,0.009280125168844727,0.018127822708438598,5,19,vax_A_0.2,vax_A,0.2
25,A,0.8396251305476542,0.06388927135145388,0.09648559810089243,5,19,vax_A_0.2,vax_A,0.2
25,C,0.9697919409689955,0.010139457380600568,0.02006860165040408,5,19,vax_A_0.2,vax_A,0.2
26,A,0.8199803610654249,0.07013391426578659,0.10988572466879042,5,19,vax_A_0.2,vax_A,0.2
26,C,0.9667421896278282,0.011069527005357415,0.022188283366815095,5,19,vax_A_0.2,vax_A,0.2
27,A,0.7990317553790304,0.07642662686529084,0.12454161775567822,5,19,vax_A_0.2,vax_A,0.2
27,C,0.9634250808058628,0.012073588177179075,0.024501331016958873,5,19,vax_A_0.2,vax_A,0.2
28,A,0.7769026140015374,0.08264602601821178,0.14045135998025057,5,19,vax_A_0.2,vax_A,0.2
28,C,0.9598227142730981,0.013154457739414566,0.027022827987488066,5,19,vax_A_0.2,vax_A,0.2
29,A,0.7537540188870936,0.08865899195789156,0.15758698915501496,5,19,vax_A_0.2,vax_A,0.2
29,C,0.9559172578438352,0.014314368241415961,0.029768373914749673,5,19,vax_A_0.2,vax_A,0.2
30,A,0.7297800670952317,0.09432694472584899,0.1758929881789192,5,19,vax_A_0.2,vax_A,0.2
30,C,0.9516912197560887,0.015554837692562233,0.03275394255134898,5,19,vax_A_0.2,vax_A,0.2
31,A,0.7052004970530025,0.09951308757546173,0.19528641537153682,5,19,vax_A_0.2,vax_A,0.2
31,C,0.947127723565701,0.016876550783007465,0.035995725651291555,5,19,vax_A_0.2,vax_A,0.2
32,A,0.6802519719808093,0.1040899728737736,0.2156580551454171,5,19,vax_A_0.2,vax_A,0.2
32,C,0.9422108047297348,0.018279236027705745,0.03950995924255856,5,19,vax_A_0.2,vax_A,0.2
33,A,0.6551783786960246,0.10794685122575604,0.23687477007821875,5,19,vax_A_0.2,vax_A,0.2
33,C,0.9369257345174339,0.019761542847751914,0.043312722634814685,5,19,vax_A_0.2,vax_A,0.2
34,A,0.6302204969823234,0.11099613535617886,0.25878336766149745,5,19,vax_A_0.2,vax_A,0.2
34,C,0.9312593599886956,0.021320931129929638,0.047419708881375956,5,19,vax_A_0.2,vax_A,0.2
35,A,0.6056060468629957,0.11317816658133145,0.28121578655567314,5,19,vax_A_0.2,vax_A,0.2
35,C,0.9252004444801142,0.022953580532378857,0.05184597498750731,5,19,vax_A_0.2,vax_A,0.2
36,A,0.5815411601289663,0.11446374814930857,0.30399509172172484,5,19,vax_A_0.2,vax_A,0.2
36,C,0.9187400020266019,0.024654319450764673,0.05660567852263425,5,19,vax_A_0.2,vax_A,0.2
37,A,0.558204072676714,0.1148542822503014,0.3269416450729846,5,19,vax_A_0.2,vax_A,0.2
37,C,0.9118716252850276,0.02641657171703891,0.06171180299793449,5,19,vax_A_0.2,vax_A,0.2
38,A,0.5357412278601312,0.11437975704914326,0.34987901509072544,5,19,vax_A_0.2,vax_A,0.2
38,C,0.9045918025712659,0.028232323504234103,0.06717587392450101,5,19,vax_A_0.2,vax_A,0.2
39,A,0.5142656631727462,0.1130950226537218,0.3726393141735315,5,19,vax_A_0.2,vax_A,0.2
39,C,0.8969002150833718,0.030092115225287323,0.07300766969133962,5,19,vax_A_0.2,vax_A,0.2
40,A,0.49385743587735514,0.11107486567667954,0.39506769844596595,5,19,vax_A_0.2,vax_A,0.2
40,C,0.8888000035417672,0.03198506291602146,0.07921493354221222,5,19,vax_A_0.2,vax_A,0.2
41,A,0.47456574659130113,0.10840843420757235,0.4170258192011259,5,19,vax_A_0.2,vax_A,0.2
41,C,0.8802979938339621,0.03389891266549554,0.085803093500542,5,19,vax_A_0.2,vax_A,0.2
42,A,0.4564122957382919,0.1051935759297137,0.4383941283319948,5,19,vax_A_0.2,vax_A,0.2
42,C,0.8714048714751171,0.03582013147989531,0.09277499704498755,5,19,vax_A_0.2,vax_A,0.2
43,A,0.4393953496322853,0.10153157754262457,0.4590730728250902,5,19,vax_A_0.2,vax_A,0.2
43,C,0.8621352941941621,0.03773403800926307,0.10013066779657545,5,19,vax_A_0.2,vax_A,0.2
44,A,0.4234940560939385,0.09752263584123431,0.4789833080648276,5,19,vax_A_0.2,vax_A,0.2
44,C,0.8525079318108151,0.039624975810090224,0.10786709237909542,5,19,vax_A_0.2,vax_A,0.2
45,A,0.40867267866248874,0.09326222042719316,0.4980651009103179,5,19,vax_A_0.2,vax_A,0.2
45,C,0.8425454237835368,0.04147652998614829,0.11597804623031471,5,19,vax_A_0.2,vax_A,0.2
46,A,0.39488453129474543,0.08883836636536548,0.5162771023398888,5,19,vax_A_0.2,vax_A,0.2
46,C,0.8322742474119444,0.043271785545302845,0.12445396704275269,5,19,vax_A_0.2,vax_A,0.2
47,A,0.382075469410019,0.08432986289187537,0.5335946676981055,5,19,vax_A_0.2,vax_A,0.2
47,C,0.8217244931359527,0.044993623094142905,0.13328188376990432,5,19,vax_A_0.2,vax_A,0.2
48,A,0.3701868541506233,0.07980525115972843,0.5500078946896478,5,19,vax_A_0.2,vax_A,0.2
48,C,0.8109295472680322,0.04662504479828264,0.14244540793368327,5,19,vax_A_0.2,vax_A,0.2
49,A,0.359157969958838,0.07532249947446502,0.5655195305666972,5,19,vax_A_0.2,vax_A,0.2
49,C,0.7999256866759238,0.048149520982810064,0.15192479234126627,5,19,vax_A_0.2,vax_A,0.2
50,A,0.3489279270189571,0.07092920241767578,0.5801428705633669,5,19,vax_A_0.2,vax_A,0.2
50,C,0.7887515942681251,0.049551345519824354,0.16169706021205085,5,19,vax_A_0.2,vax_A,0.2
51,A,0.33943710519384157,0.06666315772343918,0.5938997370827188,5,19,vax_A_0.2,vax_A,0.2
51,C,0.7774478083089423,0.0508159865230372,0.1717362051680202,5,19,vax_A_0.2,vax_A,0.2
52,A,0.33062820534236625,0.06255319388119551,0.6068186007764383,5,19,vax_A_0.2,vax_A,0.2
52,C,0.7660561220213904,0.05193041824035745,0.18201345973825256,5,19,vax_A_0.2,vax_A,0.2
53,A,0.32244695570352194,0.05862016042989401,0.618932883866585,5,19,vax_A_0.2,vax_A,0.2
53,C,0.7546189528608909,0.05288341996623566,0.19249762717287414,5,19,vax_A_0.2,vax_A,0.2
54,A,0.3148425398092404,0.054877990791935775,0.6302794693988238,5,19,vax_A_0.2,vax_A,0.2
54,C,0.7431787026681609,0.053665828713284514,0.20315546861855388,5,19,vax_A_0.2,vax_A,0.2
55,A,0.3077678374530922,0.051334740190674195,0.6408974223562339,5,19,vax_A_0.2,vax_A,0.2
55,C,0.7317771291979094,0.05427073546032858,0.21395213534176272,5,19,vax_A_0.2,vax_A,0.2
56,A,0.30117948978969006,0.047993593634316684,0.6508269165759925,5,19,vax_A_0.2,vax_A,0.2
56,C,0.720454748754461,0.05469361736546778,0.2248516338800721,5,19,vax_A_0.2,vax_A,0.2
57,A,0.29503784020474993,0.044853804207605416,0.660108355587644,5,19,vax_A_0.2,vax_A,0.2
57,C,0.7092502881819043,0.05493240104015045,0.23581731077794713,5,19,vax_A_0.2,vax_A,0.2
58,A,0.289306787452935,0.04191154055515536,0.6687816719919094,5,19,vax_A_0.2,vax_A,0.2
58,C,0.6982002013259792,0.05498745571102612,0.24681234296299576,5,19,vax_A_0.2,vax_A,0.2
59,A,0.28395358282565514,0.03916063060630133,0.6768857865680437,5,19,vax_A_0.2,vax_A,0.2
59,C,0.6873382613286171,0.054861518749394,0.25780021992199037,5,19,vax_A_0.2,vax_A,0.2
60,A,0.27894859380082293,0.036593200227134394,0.6844582059720431,5,19,vax_A_0.2,vax_A,0.2
60,C,0.6766952360374108,0.054559559305311124,0.2687452046572784,5,19,vax_A_0.2,vax_A,0.2
61,A,0.27426504960910164,0.03420021244384407,0.6915347379470543,5,19,vax_A_0.2,vax_A,0.2
61,C,0.6662986498014721,0.05408858836106223,0.2796127618374664,5,19,vax_A_0.2,vax_A,0.2
62,A,0.2698787805479619,0.03197191470576164,0.6981493047462765,5,19,vax_A_0.2,vax_A,0.2
62,C,0.6561726311795016,0.05345742538820883,0.290369943432289,5,19,vax_A_0.2,vax_A,0.2
63,A,0.2657679608751065,0.029898201708962794,0.7043338374159305,5,19,vax_A_0.2,vax_A,0.2
63,C,0.6463378427596952,0.05267643295712853,0.3009857242831757,5,19,vax_A_0.2,vax_A,0.2
64,A,0.2619128628215594,0.027968902095477307,0.7101182350829626,5,19,vax_A_0.2,vax_A,0.2
64,C,0.6368114865357934,0.05175723108770934,0.31143128237649526,5,19,vax_A_0.2,vax_A,0.2
65,A,0.2582956264849494,0.02617399863464043,0.7155303748804105,5,19,vax_A_0.2,vax_A,0.2
65,C,0.6276073762147988,0.050712402859339686,0.32168022092586185,5,19,vax_A_0.2,vax_A,0.2
66,A,0.2549000480185114,0.024503791943957794,0.7205961600375298,5,19,vax_A_0.2,vax_A,0.2
66,C,0.6187360664891962,0.04955520191213046,0.331708731598674,5,19,vax_A_0.2,vax_A,0.2
67,A,0.2517113871558627,0.022949017081593626,0.7253395957625426,5,19,vax_A_0.2,vax_A,0.2
67,C,0.6102050286511819,0.04829927112547652,0.3414957002233424,5,19,vax_A_0.2,vax_A,0.2
68,A,0.2487161943841127,0.021500921194777478,0.7297828844211092,5,19,vax_A_0.2,vax_A,0.2
68,C,0.6020188618668562,0.046958380124206424,0.3510227580089381,5,19,vax_A_0.2,vax_A,0.2
69,A,0.24590215748975308,0.020151309489013808,0.7339465330212327,5,19,vax_A_0.2,vax_A,0.2
69,C,0.5941795298525948,0.045546187487938164,0.36027428265946715,5,19,vax_A_0.2,vax_A,0.2
70,A,0.24325796661905805,0.018892566073108748,0.7378494673078339,5,19,vax_A_0.2,vax_A,0.2
70,C,0.5866866134890463,0.04407603175143558,0.36923735475951774,5,19,vax_A_0.2,vax_A,0.2
71,A,0.24077319654058654,0.017717655473006313,0.7415091479864064,5,19,vax_A_0.2,vax_A,0.2
71,C,0.5795375709596117,0.04256075358588592,0.3779016754545032,5,19,vax_A_0.2,vax_A,0.2
72,A,0.23843820461089707,0.016620109684034993,0.7449416857050672,5,19,vax_A_0.2,vax_A,0.2
72,C,0.5727279986460005,0.04101254961811389,0.3862594517358861,5,19,vax_A_0.2,vax_A,0.2
73,A,0.23624404265956775,0.015594004979957051,0.7481619523604749,5,19,vax_A_0.2,vax_A,0.2
73,C,0.5662518855976671,0.039442858658750794,0.39430525574358105,5,19,vax_A_0.2,vax_A,0.2
74,A,0.23418238115624992,0.014633931808877435,0.7511836870348729,5,19,vax_A_0.2,vax_A,0.2
74,C,0.5601018569055419,0.037862278696520806,0.4020358643979374,5,19,vax_A_0.2,vax_A,0.2
75,A,0.23224544453569526,0.013734960044050254,0.7540195954202552,5,19,vax_A_0.2,vax_A,0.2
75,C,0.5542694054016473,0.03628050951989173,0.40945008507846087,5,19,vax_A_0.2,vax_A,0.2
76,A,0.2304259559555671,0.012892602002824828,0.7566814420416075,5,19,vax_A_0.2,vax_A,0.2
76,C,0.5487451061142989,0.03470632137050458,0.41654857251519706,5,19,vax_A_0.2,vax_A,0.2
77,A,0.22871709014139907,0.012102774871293272,0.7591801349873071,5,19,vax_A_0.2,vax_A,0.2
77,C,0.5435188124855082,0.033147545898086404,0.4233336416164057,5,19,vax_A_0.2,vax_A,0.2
78,A,0.22711243306333675,0.011361763770817218,0.761525803165846,5,19,vax_A_0.2,vax_A,0.2
78,C,0.5385798337457136,0.03161108585036804,0.42980908040391835,5,19,vax_A_0.2,vax_A,0.2
79,A,0.2256059473978234,0.010666186286682245,0.7637278663154936,5,19,vax_A_0.2,vax_A,0.2
79,C,0.5339170935729577,0.030102939928327677,0.43597996649871407,5,19,vax_A_0.2,vax_A,0.2
80,A,0.22419194287596345,0.010012959004795553,0.765795098119241,5,19,vax_A_0.2,vax_A,0.2
80,C,0.5295192703625755,0.028628239773862186,0.4418524898635624,5,19,vax_A_0.2,vax_A,0.2
81,A,0.22286505071065502,0.009399266428831706,0.7677356828605142,5,19,vax_A_0.2,vax_A,0.2
81,C,0.5253749196936455,0.02719129639450019,0.44743378391185407,5,19,vax_A_0.2,vax_A,0.2
82,A,0.22162020137732943,0.008822532506147566,0.7695572661165231,5,19,vax_A_0.2,vax_A,0.2
82,C,0.5214725799343599,0.025795653460800153,0.45273176660484044,5,19,vax_A_0.2,vax_A,0.2
83,A,0.22045260513822443,0.008280394839490638,0.7712670000222839,5,19,vax_A_0.2,vax_A,0.2
83,C,0.5178008622044348,0.02444414510027349,0.4577549926952912,5,19,vax_A_0.2,vax_A,0.2
84,A,0.21935773482627102,0.007770681531052082,0.7728715836426766,5,19,vax_A_0.2,vax_A,0.2
84,C,0.5143485260265876,0.02313895615190556,0.4625125178215076,5,19,vax_A_0.2,vax_A,0.2
85,A,0.21833131049811702,0.007291390533177148,0.7743772989687056,5,19,vax_A_0.2,vax_A,0.2
85,C,0.5111045420055987,0.02188168323105007,0.46701377476335076,5,19,vax_A_0.2,vax_A,0.2
86,A,0.21736928562178093,0.006840671355458981,0.7757900430227589,5,19,vax_A_0.2,vax_A,0.2
86,C,0.5080581428497656,0.02067339527779516,0.4712684618724403,5,19,vax_A_0.2,vax_A,0.2
87,A,0.216467834513497,0.006416808960888845,0.7771153565256149,5,19,vax_A_0.2,vax_A,0.2
87,C,0.5051988640208481,0.019514692516809557,0.4752864434623431,5,19,vax_A_0.2,vax_A,0.2
88,A,0.215623340797163,0.006018209658553497,0.7783584495442822,5,19,vax_A_0.2,vax_A,0.2
88,C,0.5025165752529657,0.018405762986390656,0.4790776617606447,5,19,vax_A_0.2,vax_A,0.2
89,A,0.2148323867149354,0.005643388784174713,0.779524224500891,5,19,vax_A_0.2,vax_A,0.2
89,C,0.5000015041083874,0.01734643601721955,0.4826520598743929,5,19,vax_A_0.2,vax_A,0.2
90,A,0.21409174315388216,0.005290959965743542,0.7806172968803747,5,19,vax_A_0.2,vax_A,0.2
90,C,0.4976442526462158,0.01633623224260464,0.48601951511117963,5,19,vax_A_0.2,vax_A,0.2
91,A,0.21339836027646628,0.004959625789061016,0.7816420139344722,5,19,vax_A_0.2,vax_A,0.2
91,C,0.49543580818241656,0.015374409886245144,0.4891897819313383,5,19,vax_A_0.2,vax_A,0.2
92,A,0.2127493586641474,0.004648169692068667,0.7826024716437839,5,19,vax_A_0.2,vax_A,0.2
92,C,0.4933675489949862,0.014460007229938766,0.4921724437750755,5,19,vax_A_0.2,vax_A,0.2
93,A,0.2121420209075705,0.00435544892503265,0.7835025301673967,5,19,vax_A_0.2,vax_A,0.2
93,C,0.49143124585526904,0.013591881153845303,0.4949768729908869,5,19,vax_A_0.2,vax_A,0.2
94,A,0.21157378359545395,0.0040803884259183795,0.7843458279786266,5,19,vax_A_0.2,vax_A,0.2
94,C,0.48961906008615264,0.012768741825717017,0.49761219808812923,5,19,vax_A_0.2,vax_A,0.2
95,A,0.21104222966162683,0.003821975481557661,0.7851357948568157,5,19,vax_A_0.2,vax_A,0.2
95,C,0.48792353856401094,0.011989183866165912,0.5000872775698247,5,19,vax_A_0.2,vax_A,0.2
96,A,0.21054508105827704,0.003579255061411662,0.7858756638803117,5,19,vax_A_0.2,vax_A,0.2
96,C,0.48633760643355495,0.011251713932027596,0.5024106796344184,5,19,vax_A_0.2,vax_A,0.2
97,A,0.21008019173268228,0.003351325722669286,0.7865684825446484,5,19,vax_A_0.2,vax_A,0.2
97,C,0.4848545579666746,0.010554774970315348,0.5045906670630099,5,19,vax_A_0.2,vax_A,0.2
98,A,0.20964554089135615,0.0031373359973705787,0.7872171231112729,5,19,vax_A_0.2,vax_A,0.2
98,C,0.4834680459589421,0.009896767394642396,0.5066351866464169,5,19,vax_A_0.2,vax_A,0.2
99,A,0.20923922653882568,0.002936481185562554,0.7878242922756117,5,19,vax_A_0.2,vax_A,0.2
99,C,0.48217206999563605,0.00927606744544727,0.5085518625589169,5,19,vax_A_0.2,vax_A,0.2
100,A,0.20885945927981553,0.00274800049111149,0.7883925402290735,5,19,vax_A_0.2,vax_A,0.2
100,C,0.4809609638919783,0.008691042967720043,0.510347993140302,5,19,vax_A_0.2,vax_A,0.2
101,A,0.20850455637571808,0.0025711744464328493,0.7889242691778501,5,19,vax_A_0.2,vax_A,0.2
101,C,0.4798293825742977,0.008140066830437788,0.5120305505952641,5,19,vax_A_0.2,vax_A,0.2
102,A,0.20817293604846515,0.0024053225799651654,0.7894217413715695,5,19,vax_A_0.2,vax_A,0.2
102,C,0.4787722886202894,0.0076215282179412135,0.5136061831617695,5,19,vax_A_0.2,vax_A,0.2
103,A,0.20786311202603794,0.002249801287500516,0.7898870866864611,5,19,vax_A_0.2,vax_A,0.2
103,C,0.4777849386336403,0.007133842022423884,0.5150812193439349,5,19,vax_A_0.2,vax_A,0.2
104,A,0.20757368832391762,0.0021040018755648683,0.7903223098005185,5,19,vax_A_0.2,vax_A,0.2
104,C,0.47686286959801194,0.006675456551579297,0.516461673850409,5,19,vax_A_0.2,vax_A,0.2
105,A,0.20730335425672006,0.0019673487509281667,0.7907292969923527,5,19,vax_A_0.2,vax_A,0.2
105,C,0.47600188533242316,0.0062448597457946285,0.5177532549217819,5,19,vax_A_0.2,vax_A,0.2
106,A,0.2070508796745016,0.001839297734793869,0.7911098225907043,5,19,vax_A_0.2,vax_A,0.2
106,C,0.4751980431485126,0.005840584083517149,0.5189613727679693,5,19,vax_A_0.2,vax_A,0.2
107,A,0.20681511041833545,0.0017193344839229014,0.7914655550977415,5,19,vax_A_0.2,vax_A,0.2
107,C,0.47444764078917545,0.005461210340931957,0.520091148869892,5,19,vax_A_0.2,vax_A,0.2
108,A,0.20659496398959767,0.0016069730043281158,0.7917980630060741,5,19,vax_A_0.2,vax_A,0.2
108,C,0.4737472037098688,0.005105370358846587,0.5211474259312836,5,19,vax_A_0.2,vax_A,0.2
109,A,0.20638942542709626,0.00150175424608889,0.7921088203268143,5,19,vax_A_0.2,vax_A,0.2
109,C,0.4730934727494392,0.004771748954657623,0.522134778295902,5,19,vax_A_0.2,vax_A,0.2
110,A,0.20619754338597818,0.0014032447701021436,0.7923992118439199,5,19,vax_A_0.2,vax_A,0.2
110,C,0.47248339222567287,0.004459085102384121,0.5230575226719439,5,19,vax_A_0.2,vax_A,0.2
111,A,0.20601842641221693,0.0013110354793423463,0.7926705381084401,5,19,vax_A_0.2,vax_A,0.2
111,C,0.4719140984807906,0.004166172490528969,0.5239197290286796,5,19,vax_A_0.2,vax_A,0.2
112,A,0.205851239406377,0.0012247404086567796,0.7929240201849667,5,19,vax_A_0.2,vax_A,0.2
112,C,0.4713829088929542,0.003891859556183587,0.5247252315508613,5,19,vax_A_0.2,vax_A,0.2
113,A,0.2056952002700964,0.0011439955684117806,0.7931608041614916,5,19,vax_A_0.2,vax_A,0.2
113,C,0.47088731136418527,0.003635049081077468,0.5254776395547359,5,19,vax_A_0.2,vax_A,0.2
114,A,0.205549576728667,0.0010684578382485627,0.7933819654330844,5,19,vax_A_0.2,vax_A,0.2
114,C,0.4704249542875026,0.0033946974265682767,0.5261803482859286,5,19,vax_A_0.2,vax_A,0.2
115,A,0.20541368332313628,9.978039078207435e-4,0.7935885127690432,5,19,vax_A_0.2,vax_A,0.2
115,C,0.46999363698854385,0.0031698134773628884,0.526836549534094,5,19,vax_A_0.2,vax_A,0.2
116,A,0.20528687856517744,9.317292621206166e-4,0.7937813921727022,5,19,vax_A_0.2,vax_A,0.2
116,C,0.46959130064011856,0.002959457348171315,0.5274492420117095,5,19,vax_A_0.2,vax_A,0.2
117,A,0.20516856224802524,8.69947209383963e-4,0.7939614905425911,5,19,vax_A_0.2,vax_A,0.2
117,C,0.46921601964011245,0.002762738904891266,0.5280212414549955,5,19,vax_A_0.2,vax_A,0.2
118,A,0.2050581729068194,8.121879498922039e-4,0.7941296391432876,5,19,vax_A_0.2,vax_A,0.2
118,C,0.46886599344122265,0.002578816144534936,0.5285551904142408,5,19,vax_A_0.2,vax_A,0.2
119,A,0.2049551854217689,7.58197684223048e-4,0.7942866168940074,5,19,vax_A_0.2,vax_A,0.2
119,C,0.4685395388191587,0.0024068934717135083,0.5290535677091269,5,19,vax_A_0.2,vax_A,0.2
120,A,0.2048591087576459,7.077377596816758e-4,0.7944331534826738,5,19,vax_A_0.2,vax_A,0.2
120,C,0.46823508256496466,0.002246219903383557,0.5295186975316518,5,19,vax_A_0.2,vax_A,0.2
121,A,0.20476948383322852,6.605838537754891e-4,0.7945699323129962,5,19,vax_A_0.2,vax_A,0.2
121,C,0.46795115458619957,0.002096087228651882,0.5299527581851494,5,19,vax_A_0.2,vax_A,0.2
122,A,0.2046858815144454,6.1652519367733e-4,0.7946975932918775,5,19,vax_A_0.2,vax_A,0.2
122,C,0.46768638140081564,0.0019558281464552574,0.5303577904527287,5,19,vax_A_0.2,vax_A,0.2
123,A,0.20460790072512972,5.753638106673147e-4,0.7948167354642032,5,19,vax_A_0.2,vax_A,0.2
123,C,0.46743948000701196,0.001824814400327229,0.5307357055926617,5,19,vax_A_0.2,vax_A,0.2
124,A,0.2045351666694793,5.369138285690689e-4,0.7949279195019513,5,19,vax_A_0.2,vax_A,0.2
124,C,0.46720925211217035,0.001702454926089891,0.5310882929617395,5,19,vax_A_0.2,vax_A,0.2
125,A,0.20446732916048282,5.01000785210745e-4,0.7950316700543055,5,19,vax_A_0.2,vax_A,0.2
125,C,0.46699457870410194,0.001588194025336963,0.5314172272705607,5,19,vax_A_0.2,vax_A,0.2
126,A,0.20440406104877334,4.674609859456641e-4,0.7951284779652803,5,19,vax_A_0.2,vax_A,0.2
126,C,0.46679441494791496,0.00148150957509895,0.5317240754769852,5,19,vax_A_0.2,vax_A,0.2
127,A,0.20434505674656053,4.361408882627828e-4,0.7952188023651771,5,19,vax_A_0.2,vax_A,0.2
127,C,0.46660778539213577,0.0013819112820054374,0.5320103033258572,5,19,vax_A_0.2,vax_A,0.2
128,A,0.20429003084150588,4.0689651650806073e-4,0.7953030726419861,5,19,vax_A_0.2,vax_A,0.2
128,C,0.4664337794679904,0.0012889389874492859,0.5322772815445601,5,19,vax_A_0.2,vax_A,0.2
129,A,0.20423871679559766,3.795929057288758e-4,0.795381690298673,5,19,vax_A_0.2,vax_A,0.2
129,C,0.4662715472662203,0.0012021610286664644,0.5325262917051137,5,19,vax_A_0.2,vax_A,0.2
130,A,0.20419086572430412,0.00035410357364630475,0.79545503070205,5,19,vax_A_0.2,vax_A,0.2
130,C,0.46612029557631923,0.0011211726592868575,0.5327585317643937,5,19,vax_A_0.2,vax_A,0.2
131,A,0.20414624525146913,3.303100197543855e-4,0.7955234447287766,5,19,vax_A_0.2,vax_A,0.2
131,C,0.46597928417360746,0.0010455945317811813,0.5329751212946111,5,19,vax_A_0.2,vax_A,0.2
132,A,0.20410463843566198,3.0810125052711714e-4,0.7955872603138119,5,19,vax_A_0.2,vax_A,0.2
132,C,0.46584782234017014,9.750712432224558e-4,0.5331771064166078,5,19,vax_A_0.2,vax_A,0.2
133,A,0.20406584276379694,2.8737332977242096e-4,0.7956467839064307,5,19,vax_A_0.2,vax_A,0.2
133,C,0.4657252656060473,9.092699452545579e-4,0.5333654644486973,5,19,vax_A_0.2,vax_A,0.2
134,A,0.20402966920812332,2.6802895312541867e-4,0.7957023018387518,5,19,vax_A_0.2,vax_A,0.2
134,C,0.4656110126977914,8.478790182634014e-4,0.5335411082839456,5,19,vax_A_0.2,vax_A,0.2
135,A,0.2039959413429446,2.4997704558199496e-4,0.7957540816114739,5,19,vax_A_0.2,vax_A,0.2
135,C,0.4655045026826437,7.906068087604356e-4,0.533704890508597,5,19,vax_A_0.2,vax_A,0.2
136,A,0.20396449451743165,2.331323812060565e-4,0.795802373101362,5,19,vax_A_0.2,vax_A,0.2
136,C,0.4654052122961352,7.371804295625312e-4,0.5338576072743016,5,19,vax_A_0.2,vax_A,0.2
137,A,0.20393517508117648,2.1741522401624492e-4,0.7958474096948077,5,19,vax_A_0.2,vax_A,0.2
137,C,0.4653126534421232,6.87344621351518e-4,0.5340000019365251,5,19,vax_A_0.2,vax_A,0.2
138,A,0.20390783965932205,2.0275098908624218e-4,0.7958894093515908,5,19,vax_A_0.2,vax_A,0.2
138,C,0.4652263708547733,6.408606739684774e-4,0.5341327684712576,5,19,vax_A_0.2,vax_A,0.2
139,A,0.20388235447426273,1.890699229112814e-4,0.7959285756028265,5,19,vax_A_0.2,vax_A,0.2
139,C,0.4651459399125929,5.975054055837802e-4,0.5342565546818235,5,19,vax_A_0.2,vax_A,0.2
140,A,0.20385859471106138,1.763068021295088e-4,0.7959650984868089,5,19,vax_A_0.2,vax_A,0.2
140,C,0.4650709645950621,5.570701977940185e-4,0.5343719652071445,5,19,vax_A_0.2,vax_A,0.2
141,A,0.20383644392389422,1.6440064971418004e-4,0.7959991554263919,5,19,vax_A_0.2,vax_A,0.2
141,C,0.4650010755729548,5.193600845992049e-4,0.5344795643424469,5,19,vax_A_0.2,vax_A,0.2
142,A,0.20381579348097592,1.5329446777220663e-4,0.7960309120512516,5,19,vax_A_0.2,vax_A,0.2
142,C,0.4649359284239227,4.8419289310834215e-4,0.5345798786829691,5,19,vax_A_0.2,vax_A,0.2
143,A,0.20379654204556957,1.429349861067679e-4,0.7960605229683236,5,19,vax_A_0.2,vax_A,0.2
143,C,0.46487520196544874,4.5139843375622055e-4,0.5346733996007949,5,19,vax_A_0.2,vax_A,0.2
144,A,0.20377859509082552,1.3327242573021338e-4,0.7960881324834438,5,19,vax_A_0.2,vax_A,0.2
144,C,0.4648185966976957,4.208177378024569e-4,0.5347605855645022,5,19,vax_A_0.2,vax_A,0.2
145,A,0.20376186444632108,1.242602765444591e-4,0.7961138752771337,5,19,vax_A_0.2,vax_A,0.2
145,C,0.46476583334924393,3.9230233990153116e-4,0.5348418643108541,5,19,vax_A_0.2,vax_A,0.2
146,A,0.20374626787429564,1.1585508843579853e-4,0.7961378770372689,5,19,vax_A_0.2,vax_A,0.2
146,C,0.46471665151911434,3.6571360355805335e-4,0.5349176348773292,5,19,vax_A_0.2,vax_A,0.2
147,A,0.20373172867369505,1.0801627505952674e-4,0.7961602550512448,5,19,vax_A_0.2,vax_A,0.2
147,C,0.46467080840884406,3.409220873134506e-4,0.5349882695038432,5,19,vax_A_0.2,vax_A,0.2
148,A,0.20371817531025826,1.0070592961858829e-4,0.7961811187601233,5,19,vax_A_0.2,vax_A,0.2
148,C,0.4646280776388266,3.178069495556001e-4,0.5350541154116188,5,19,vax_A_0.2,vax_A,0.2
149,A,0.203705541070972,9.388865197004907e-5,0.7962005702770575,5,19,vax_A_0.2,vax_A,0.2
149,C,0.4645882481434034,2.9625538990206044e-4,0.5351154964666934,5,19,vax_A_0.2,vax_A,0.2
150,A,0.20369376374133563,8.753138642285473e-5,0.796218704872241,5,19,vax_A_0.2,vax_A,0.2
150,C,0.46455112313961255,2.761621251747783e-4,0.5351727147352116,5,19,vax_A_0.2,vax_A,0.2
151,A,0.2036827853039653,8.160326961931476e-5,0.7962356114264155,5,19,vax_A_0.2,vax_A,0.2
151,C,0.4645165191647537,2.5742889805445456e-4,0.535226051937194,5,19,vax_A_0.2,vax_A,0.2
152,A,0.20367255165715664,7.607548791977573e-5,0.7962513728549229,5,19,vax_A_0.2,vax_A,0.2
152,C,0.46448426517827257,2.3996401656954617e-4,0.5352757708051575,5,19,vax_A_0.2,vax_A,0.2
153,A,0.2036630123521131,7.09211437425651e-5,0.7962660665041448,5,19,vax_A_0.2,vax_A,0.2
153,C,0.4644542017237406,2.2368192267294238e-4,0.5353221163535865,5,19,vax_A_0.2,vax_A,0.2
154,A,0.2036541203476228,6.611513033412233e-5,0.7962797645220436,5,19,vax_A_0.2,vax_A,0.2
154,C,0.4644261801469287,2.0850278821594266e-4,0.5353653170648552,5,19,vax_A_0.2,vax_A,0.2
155,A,0.20364583178105833,6.163401446248927e-5,0.7962925342044793,5,19,vax_A_0.2,vax_A,0.2
155,C,0.4644000618663569,1.9435213666927747e-4,0.5354055859969731,5,19,vax_A_0.2,vax_A,0.2
156,A,0.20363810575462332,5.745592657168072e-5,0.7963044383188047,5,19,vax_A_0.2,vax_A,0.2
156,C,0.4643757176927812,1.811604891061616e-4,0.5354431218181127,5,19,vax_A_0.2,vax_A,0.2
157,A,0.20363090413584883,5.356045794712233e-5,0.7963155354062043,5,19,vax_A_0.2,vax_A,0.2
157,C,0.46435302719438104,1.6886303298054795e-4,0.5354781097726391,5,19,vax_A_0.2,vax_A,0.2
158,A,0.20362419137140345,4.992856446719176e-5,0.7963258800641295,5,19,vax_A_0.2,vax_A,0.2
158,C,0.46433187810462734,1.5739931231250823e-4,0.5355107225830603,5,19,vax_A_0.2,vax_A,0.2
159,A,0.2036179343133476,4.6542476538809114e-5,0.7963355232101138,5,19,vax_A_0.2,vax_A,0.2
159,C,0.46431216576999285,1.4671293796553373e-4,0.535541121292041,5,19,vax_A_0.2,vax_A,0.2
160,A,0.20361210205700425,4.3385614838289614e-5,0.7963445123281565,5,19,vax_A_0.2,vax_A,0.2
160,C,0.46429379263483783,1.3675131677728746e-4,0.5355694560483854,5,19,vax_A_0.2,vax_A,0.2
161,A,0.2036066657896874,4.044251150008613e-5,0.7963528916988132,5,19,vax_A_0.2,vax_A,0.2
161,C,0.4642766677610048,1.2746539837467589e-4,0.5355958668406208,5,19,vax_A_0.2,vax_A,0.2
162,A,0.20360159864956204,3.769873641572054e-5,0.7963607026140223,5,19,vax_A_0.2,vax_A,0.2
162,C,0.46426070637979827,1.1880943856686447e-4,0.535620484181634,5,19,vax_A_0.2,vax_A,0.2
163,A,0.20359687559397333,3.5140828324094366e-5,0.796367983577703,5,19,vax_A_0.2,vax_A,0.2
163,C,0.4642458294741812,1.1074077827081333e-4,0.5356434297475482,5,19,vax_A_0.2,vax_A,0.2
164,A,0.20359247327660757,3.275623039280574e-5,0.7963747704929993,5,19,vax_A_0.2,vax_A,0.2
164,C,0.46423196338916456,1.0321963698469655e-4,0.5356648169738509,5,19,vax_A_0.2,vax_A,0.2
165,A,0.2035883699329078,3.053323000780168e-5,0.7963810968370832,5,19,vax_A_0.2,vax_A,0.2
165,C,0.46421903946850746,9.620891988321554e-5,0.5356847516116088,5,19,vax_A_0.2,vax_A,0.2
166,A,0.20358454527318726,2.8460902505367825e-5,0.7963869938243078,5,19,vax_A_0.2,vax_A,0.2
166,C,0.46420699371595775,8.967403766383147e-5,0.5357033322463794,5,19,vax_A_0.2,vax_A,0.2
167,A,0.20358098038293274,2.6529058596161214e-5,0.7963924905584713,5,19,vax_A_0.2,vax_A,0.2
167,C,0.46419576647937977,8.358273832457251e-5,0.535720650782295,5,19,vax_A_0.2,vax_A,0.2
168,A,0.2035776576298167,2.4728195245900517e-5,0.7963976141749367,5,19,vax_A_0.2,vax_A,0.2
168,C,0.4641853021562486,7.790495010326767e-5,0.5357367928936492,5,19,vax_A_0.2,vax_A,0.2
169,A,0.20357456057697126,2.304944979152679e-5,0.7964023899732374,5,19,vax_A_0.2,vax_A,0.2
169,C,0.46417554891904633,7.261263485514205e-5,0.5357518384460975,5,19,vax_A_0.2,vax_A,0.2
170,A,0.20357167390210318,2.1484557085111314e-5,0.7964068415408111,5,19,vax_A_0.2,vax_A,0.2
170,C,0.4641664584592532,6.767965119039169e-5,0.535765861889555,5,19,vax_A_0.2,vax_A,0.2
171,A,0.20356898332206436,2.002580947049498e-5,0.796410990868466,5,19,vax_A_0.2,vax_A,0.2
171,C,0.46415798574864925,6.30816267354318e-5,0.5357789326246156,5,19,vax_A_0.2,vax_A,0.2
172,A,0.20356647552250373,1.866601940954942e-5,0.7964148584580857,5,19,vax_A_0.2,vax_A,0.2
172,C,0.4641500888167845,5.879583892078108e-5,0.5357911153442939,5,19,vax_A_0.2,vax_A,0.2
173,A,0.2035641380922735,1.7398484586590288e-5,0.7964184634231395,5,19,vax_A_0.2,vax_A,0.2
173,C,0.464142728543516,5.4801103737457913e-5,0.5358024703527454,5,19,vax_A_0.2,vax_A,0.2
174,A,0.203561959462254,1.6216955329877555e-5,0.7964218235824159,5,19,vax_A_0.2,vax_A,0.2
174,C,0.4641358684655917,5.107767193780054e-5,0.5358130538624694,5,19,vax_A_0.2,vax_A,0.2
175,A,0.20355992884831675,1.5115604198686219e-5,0.7964249555474847,5,19,vax_A_0.2,vax_A,0.2
175,C,0.46412947459634807,4.760713218752657e-5,0.5358229182714647,5,19,vax_A_0.2,vax_A,0.2
176,A,0.20355803619813623,1.4088997595149506e-5,0.7964278748042675,5,19,vax_A_0.2,vax_A,0.2
176,C,0.46412351525761075,4.43723207129061e-5,0.5358321124216763,5,19,vax_A_0.2,vax_A,0.2
177,A,0.20355627214159952,1.3132069268221098e-5,0.7964305957891326,5,19,vax_A_0.2,vax_A,0.2
177,C,0.4641179609230085,4.1357237012640475e-5,0.5358406818399778,5,19,vax_A_0.2,vax_A,0.2
178,A,0.20355462794456333,1.2240095585576023e-5,0.7964331319598509,5,19,vax_A_0.2,vax_A,0.2
178,C,0.4641127840718905,3.854696523201859e-5,0.5358486689628774,5,19,vax_A_0.2,vax_A,0.2
179,A,0.20355309546574402,1.1408672457174571e-5,0.7964354958617982,5,19,vax_A_0.2,vax_A,0.2
179,C,0.46410795905315905,3.592760082296264e-5,0.5358561133460187,5,19,vax_A_0.2,vax_A,0.2
180,A,0.20355166711651865,1.0633693801726783e-5,0.7964376991896795,5,19,vax_A_0.2,vax_A,0.2
180,C,0.4641034619583315,3.348618213840773e-5,0.5358630518595289,5,19,vax_A_0.2,vax_A,0.2
181,A,0.20355033582344956,9.911331454296539e-6,0.7964397528450963,5,19,vax_A_0.2,vax_A,0.2
181,C,0.46409927050322136,3.121062663245219e-5,0.5358695188701467,5,19,vax_A_0.2,vax_A,0.2
182,A,0.20354909499334267,9.238016419805323e-6,0.7964416669902376,5,19,vax_A_0.2,vax_A,0.2
182,C,0.46409536391762524,2.9089671359013215e-5,0.5358755464110152,5,19,vax_A_0.2,vax_A,0.2
183,A,0.20354793848067343,8.610421383322808e-6,0.7964434510979431,5,19,vax_A_0.2,vax_A,0.2
183,C,0.4640917228425222,2.711281748173757e-5,0.5358811643399957,5,19,vax_A_0.2,vax_A,0.2
184,A,0.20354686055721705,8.025444393808338e-6,0.796445113998389,5,19,vax_A_0.2,vax_A,0.2
184,C,0.46408832923422244,2.5270278526812813e-5,0.5358864004872498,5,19,vax_A_0.2,vax_A,0.2
185,A,0.20354585588373714,7.480193643394563e-6,0.7964466639226195,5,19,vax_A_0.2,vax_A,0.2
185,C,0.4640851662750369,2.3552932128070216e-5,0.5358912807928348,5,19,vax_A_0.2,vax_A,0.2
186,A,0.2035449194835889,6.971973269382501e-6,0.7964481085431416,5,19,vax_A_0.2,vax_A,0.2
186,C,0.4640822182900036,2.1952275030323297e-5,0.5358958294349666,5,19,vax_A_0.2,vax_A,0.2
187,A,0.20354404671811652,6.498270110867671e-6,0.7964494550117727,5,19,vax_A_0.2,vax_A,0.2
187,C,0.46407947066926414,2.046038113233211e-5,0.5359000689496037,5,19,vax_A_0.2,vax_A,0.2
188,A,0.2035432332637117,6.0567413563685335e-6,0.7964507099949297,5,19,vax_A_0.2,vax_A,0.2
188,C,0.46407690979571714,1.906986236524905e-5,0.5359040203419169,5,19,vax_A_0.2,vax_A,0.2
189,A,0.20354247509043305,5.645203023002723e-6,0.796451879706544,5,19,vax_A_0.2,vax_A,0.2
189,C,0.46407452297757806,1.7773832215957694e-5,0.5359077031902066,5,19,vax_A_0.2,vax_A,0.2
190,A,0.20354176844206912,5.261619211666438e-6,0.7964529699387191,5,19,vax_A_0.2,vax_A,0.2
190,C,0.464072298385511,1.656587171740416e-5,0.5359111357427726,5,19,vax_A_0.2,vax_A,0.2
191,A,0.20354110981755788,4.9040920863310786e-6,0.7964539860903554,5,19,vax_A_0.2,vax_A,0.2
191,C,0.46407022499404726,1.5439997739866928e-5,0.5359143350082137,5,19,vax_A_0.2,vax_A,0.2
192,A,0.2035404959536646,4.570852528988693e-6,0.796454933193807,5,19,vax_A_0.2,vax_A,0.2
192,C,0.4640682925269648,1.4390633428157006e-5,0.5359173168396087,5,19,vax_A_0.2,vax_A,0.2
193,A,0.20353992380883398,4.260251424999863e-6,0.7964558159397412,5,19,vax_A_0.2,vax_A,0.2
193,C,0.4640664914063818,1.3412580640177238e-5,0.5359200960129784,5,19,vax_A_0.2,vax_A,0.2
194,A,0.20353939054813797,3.970751536576948e-6,0.7964566387003252,5,19,vax_A_0.2,vax_A,0.2
194,C,0.46406481270531563,1.2500994251859888e-5,0.5359226863004335,5,19,vax_A_0.2,vax_A,0.2
195,A,0.2035388935292458,3.7009199249053265e-6,0.7964574055508292,5,19,vax_A_0.2,vax_A,0.2
195,C,0.4640632481034485,1.165135820238929e-5,0.5359251005383485,5,19,vax_A_0.2,vax_A,0.2
196,A,0.20353843028934365,3.449420884101035e-6,0.7964581202897726,5,19,vax_A_0.2,vax_A,0.2
196,C,0.4640617898459177,1.0859463162406372e-5,0.5359273506909211,5,19,vax_A_0.2,vax_A,0.2
197,A,0.2035379985329448,3.215009352603977e-6,0.7964587864577028,5,19,vax_A_0.2,vax_A,0.2
197,C,0.4640604307048761,1.0121385715542744e-5,0.5359294479094079,5,19,vax_A_0.2,vax_A,0.2
198,A,0.20353759612052383,2.9965247699000174e-6,0.7964594073547059,5,19,vax_A_0.2,vax_A,0.2
198,C,0.46405916394370217,9.433468951008902e-6,0.5359314025873462,5,19,vax_A_0.2,vax_A,0.2
199,A,0.20353722105792607,2.7928853486046974e-6,0.7964599860567252,5,19,vax_A_0.2,vax_A,0.2
199,C,0.4640579832836047,8.792304371833649e-6,0.5359332244120236,5,19,vax_A_0.2,vax_A,0.2
200,A,0.2035368714864916,2.603082733946173e-6,0.7964605254307758,5,19,vax_A_0.2,vax_A,0.2
200,C,0.46405688287251573,8.194715029792132e-6,0.5359349224124546,5,19,vax_A_0.2,vax_A,0.2
201,A,0.20353654567385218,2.426177024553968e-6,0.7964610281491233,5,19,vax_A_0.2,vax_A,0.2
201,C,0.46405585725609605,7.637739804052593e-6,0.5359365050040988,5,19,vax_A_0.2,vax_A,0.2
202,A,0.20353624200535358,2.261292130203439e-6,0.7964614967025154,5,19,vax_A_0.2,vax_A,0.2
202,C,0.46405490135070615,7.1186187461489736e-6,0.5359379800305478,5,19,vax_A_0.2,vax_A,0.2
203,A,0.20353595897605883,2.1076114437939664e-6,0.796461933412497,5,19,vax_A_0.2,vax_A,0.2
203,C,0.46405401041821015,6.634779419094683e-6,0.5359393548023713,5,19,vax_A_0.2,vax_A,0.2
204,A,0.20353569518329306,1.9643738063615563e-6,0.7964623404429002,5,19,vax_A_0.2,vax_A,0.2
204,C,0.4640531800425006,6.183824163321741e-6,0.535940636133337,5,19,vax_A_0.2,vax_A,0.2
205,A,0.2035354493196993,1.8308697453486468e-6,0.7964627198105554,5,19,vax_A_0.2,vax_A,0.2
205,C,0.46405240610761467,5.763518226675216e-6,0.5359418303741584,5,19,vax_A_0.2,vax_A,0.2
206,A,0.20353522016675915,1.7064379676813667e-6,0.7964630733952728,5,19,vax_A_0.2,vax_A,0.2
206,C,0.4640516847773324,5.371778699930871e-6,0.5359429434439674,5,19,vax_A_0.2,vax_A,0.2
207,A,0.20353500658876153,1.5904620904430897e-6,0.7964634029491493,5,19,vax_A_0.2,vax_A,0.2
207,C,0.4640510124761678,5.0066642032543705e-6,0.5359439808596267,5,19,vax_A_0.2,vax_A,0.2
208,A,0.20353480752717173,1.4823675930895194e-6,0.7964637101052351,5,19,vax_A_0.2,vax_A,0.2
208,C,0.46405038587165154,4.666365272706951e-6,0.5359449477630759,5,19,vax_A_0.2,vax_A,0.2
209,A,0.20353462199539224,1.3816189762302522e-6,0.7964639963856321,5,19,vax_A_0.2,vax_A,0.2
209,C,0.46404980185780603,4.349195399342652e-6,0.5359458489467936,5,19,vax_A_0.2,vax_A,0.2
210,A,0.20353444907387155,1.287717113009483e-6,0.7964642632090163,5,19,vax_A_0.2,vax_A,0.2
210,C,0.4640492575397646,4.053582676651765e-6,0.5359466888775586,5,19,vax_A_0.2,vax_A,0.2
211,A,0.20353428790555012,1.2001967800590142e-6,0.7964645118976695,5,19,vax_A_0.2,vax_A,0.2
211,C,0.46404875021941355,3.7780620150978576e-6,0.5359474717185707,5,19,vax_A_0.2,vax_A,0.2
212,A,0.20353413769161532,1.118624355873932e-6,0.7964647436840289,5,19,vax_A_0.2,vax_A,0.2
212,C,0.4640482773820277,3.5212678852854572e-6,0.5359482013500878,5,19,vax_A_0.2,vax_A,0.2
213,A,0.20353399768754082,1.042595675281357e-6,0.7964649597167849,5,19,vax_A_0.2,vax_A,0.2
213,C,0.464047836683799,3.2819275539035963e-6,0.5359488813886474,5,19,vax_A_0.2,vax_A,0.2
214,A,0.203533867199399,9.71734029435719e-7,0.796465161066572,5,19,vax_A_0.2,vax_A,0.2
214,C,0.4640474259402273,3.0588547790137173e-6,0.5359495152049937,5,19,vax_A_0.2,vax_A,0.2
215,A,0.2035337455804244,9.056883014849261e-7,0.7964653487312734,5,19,vax_A_0.2,vax_A,0.2
215,C,0.464047043115289,2.8509439335054327e-6,0.535950105940777,5,19,vax_A_0.2,vax_A,0.2
216,A,0.20353363222780618,8.441312287214329e-7,0.7964655236409655,5,19,vax_A_0.2,vax_A,0.2
216,C,0.46404668631134727,2.6571645276759153e-6,0.5359506565241253,5,19,vax_A_0.2,vax_A,0.2
217,A,0.20353352657970267,7.867577826497186e-7,0.7964656866625154,5,19,vax_A_0.2,vax_A,0.2
217,C,0.4640463537597443,2.4765561038435667e-6,0.535951169684153,5,19,vax_A_0.2,vax_A,0.2
218,A,0.20353342811245628,7.332836589807449e-7,0.7964658386038842,5,19,vax_A_0.2,vax_A,0.2
218,C,0.464046043812036,2.3082234777433533e-6,0.535951647964486,5,19,vax_A_0.2,vax_A,0.2
219,A,0.20353333633800066,6.834438701037634e-7,0.7964659802181294,5,19,vax_A_0.2,vax_A,0.2
219,C,0.4640457549318262,2.1513323031629675e-6,0.5359520937358714,5,19,vax_A_0.2,vax_A,0.2
220,A,0.2035332508014398,6.369914330897958e-7,0.7964661122071274,5,19,vax_A_0.2,vax_A,0.2
220,C,0.4640454856871398,2.0051049378763497e-6,0.5359525092079216,5,19,vax_A_0.2,vax_A,0.2
221,A,0.20353317107879423,5.936961467508101e-7,0.7964662352250589,5,19,vax_A_0.2,vax_A,0.2
221,C,0.4640452347433411,1.8688165904194433e-06,0.5359528964400698,5,19,vax_A_0.2,vax_A,0.2
222,A,0.20353309677490142,5.533434517166013e-7,0.796466349881646,5,19,vax_A_0.2,vax_A,0.2
222,C,0.4640450008565007,1.7417917286396086e-6,0.5359532573517708,5,19,vax_A_0.2,vax_A,0.2
223,A,0.20353302752145597,5.157333678997622e-7,0.796466456745176,5,19,vax_A_0.2,vax_A,0.2
223,C,0.46404478286724493,1.6234007322432534e-6,0.5359535937320233,5,19,vax_A_0.2,vax_A,0.2
224,A,0.20353296297518458,4.806795041002327e-7,0.7964665563453112,5,19,vax_A_0.2,vax_A,0.2
224,C,0.4640445796949997,1.5130567727720435e-6,0.535953907248226,5,19,vax_A_0.2,vax_A,0.2
225,A,0.20353290281614508,4.4800813485621876e-7,0.7964666491757194,5,19,vax_A_0.2,vax_A,0.2
225,C,0.4640443903326422,1.410212905562646e-6,0.5359541994544529,5,19,vax_A_0.2,vax_A,0.2
226,A,0.20353284674614094,4.175573399796339e-7,0.7964667356965197,5,19,vax_A_0.2,vax_A,0.2
226,C,0.46404421384149724,1.3143593592930547e-6,0.5359544717991451,5,19,vax_A_0.2,vax_A,0.2
227,A,0.20353279448724335,3.89176202523185e-7,0.7964668163365547,5,19,vax_A_0.2,vax_A,0.2
227,C,0.46404404934669574,1.2250210096954306e-6,0.5359547256322952,5,19,vax_A_0.2,vax_A,0.2
228,A,0.20353274578041242,3.627240612142718e-7,0.796466891495526,5,19,vax_A_0.2,vax_A,0.2
228,C,0.46404389603283436,1.1417550249261775e-6,0.5359549622121406,5,19,vax_A_0.2,vax_A,0.2
229,A,0.20353270038421614,3.3806981365955885e-7,0.7964669615459699,5,19,vax_A_0.2,vax_A,0.2
229,C,0.46404375313993096,1.0641486709331136e-6,0.5359551827113977,5,19,vax_A_0.2,vax_A,0.2
230,A,0.20353265807363133,3.1509126687453366e-7,0.7964670268351011,5,19,vax_A_0.2,vax_A,0.2
230,C,0.4640436199596619,9.918172659511723e-7,0.535955388223072,5,19,vax_A_0.2,vax_A,0.2
231,A,0.2035326186389299,2.9367453192594506e-7,0.7964670876865385,5,19,vax_A_0.2,vax_A,0.2
231,C,0.464043495831848,9.244022739959817e-7,0.5359555797658779,5,19,vax_A_0.2,vax_A,0.2
232,A,0.20353258188463733,2.737134596927425e-7,0.7964671444019035,5,19,vax_A_0.2,vax_A,0.2
232,C,0.4640433801411821,8.61569527912373e-7,0.5359557582892898,5,19,vax_A_0.2,vax_A,0.2
233,A,0.20353254762856604,2.5510911495423706e-7,0.7964671972623185,5,19,vax_A_0.2,vax_A,0.2
233,C,0.46404327231418124,8.030075731763693e-7,0.535955924678247,5,19,vax_A_0.2,vax_A,0.2
234,A,0.20353251570091177,2.3776928620344172e-7,0.7964672465298018,5,19,vax_A_0.2,vax_A,0.2
234,C,0.4640431718163407,7.484261242465878e-7,0.535956079757535,5,19,vax_A_0.2,vax_A,0.2
235,A,0.20353248594341133,2.216080287598672e-7,0.7964672924485602,5,19,vax_A_0.2,vax_A,0.2
235,C,0.4640430781494893,6.975546258177339e-7,0.5359562242958843,5,19,vax_A_0.2,vax_A,0.2
236,A,0.20353245820855823,2.065452389209153e-7,0.7964673352462031,5,19,vax_A_0.2,vax_A,0.2
236,C,0.46404299084931555,6.501409118492197e-7,0.5359563590097732,5,19,vax_A_0.2,vax_A,0.2
237,A,0.20353243235887236,1.9250625704419505e-7,0.7964673751348704,5,19,vax_A_0.2,vax_A,0.2
237,C,0.46404290948306776,6.059499557254158e-7,0.5359564845669781,5,19,vax_A_0.2,vax_A,0.2
238,A,0.2035324082662182,1.7942149759609494e-7,0.7964674123122847,5,19,vax_A_0.2,vax_A,0.2
238,C,0.46404283364740684,5.647627053552531e-7,0.5359566015898869,5,19,vax_A_0.2,vax_A,0.2
239,A,0.20353238581116914,1.67226104335261e-7,0.7964674469627272,5,19,vax_A_0.2,vax_A,0.2
239,C,0.46404276296641467,5.263749974395385e-7,0.5359567106585896,5,19,vax_A_0.2,vax_A,0.2
240,A,0.20353236488241536,1.558596289239323e-7,0.7964674792579556,5,19,vax_A_0.2,vax_A,0.2
240,C,0.46404269708971757,4.905965455264517e-7,0.5359568123137375,5,19,vax_A_0.2,vax_A,0.2
241,A,0.20353234537621448,1.452657313759522e-7,0.7964675093580542,5,19,vax_A_0.2,vax_A,0.2
241,C,0.4640426356907619,4.572499968412355e-7,0.5359569070592418,5,19,vax_A_0.2,vax_A,0.2
242,A,0.20353232719587408,1.3539190085824997e-7,0.7964675374122253,5,19,vax_A_0.2,vax_A,0.2
242,C,0.46404257846519004,4.26170053216574e-7,0.5359569953647564,5,19,vax_A_0.2,vax_A,0.2
243,A,0.2035323102512743,1.2618919546328976e-7,0.7964675635595314,5,19,vax_A_0.2,vax_A,0.2
243,C,0.46404252512933003,3.9720265176770976e-7,0.5359570776680177,5,19,vax_A_0.2,vax_A,0.2
244,A,0.20353229445842022,1.1761199966381116e-7,0.7964675879295804,5,19,vax_A_0.2,vax_A,0.2
244,C,0.46404247541879345,3.7020420125227035e-7,0.5359571543770063,5,19,vax_A_0.2,vax_A,0.2
245,A,0.20353227973902738,1.0961779824869775e-7,0.796467610643175,5,19,vax_A_0.2,vax_A,0.2
245,C,0.46404242908715976,3.4504087033063095e-7,0.5359572258719705,5,19,vax_A_0.2,vax_A,0.2
246,A,0.20353226602013094,1.0216696562035807e-7,0.7964676318129031,5,19,vax_A_0.2,vax_A,0.2
246,C,0.4640423859047616,3.215879241997653e-7,0.535957292507315,5,19,vax_A_0.2,vax_A,0.2
247,A,0.2035322532337268,9.522256941003016e-8,0.796467651543704,5,19,vax_A_0.2,vax_A,0.2
247,C,0.4640423456575395,2.9972910631315415e-7,0.5359573546133543,5,19,vax_A_0.2,vax_A,0.2
248,A,0.20353224131643186,8.875018743827522e-8,0.7964676699333809,5,19,vax_A_0.2,vax_A,0.2
248,C,0.46404230814598607,2.793560621227253e-7,0.5359574124979521,5,19,vax_A_0.2,vax_A,0.2
249,A,0.20353223020917227,8.271773711399843e-8,0.7964676870730908,5,19,vax_A_0.2,vax_A,0.2
249,C,0.4640422731841526,2.603678019869643e-7,0.5359574664480453,5,19,vax_A_0.2,vax_A,0.2
250,A,0.2035322198568882,7.70953164268963e-8,0.7964677030477952,5,19,vax_A_0.2,vax_A,0.2
250,C,0.46404224059873156,2.426702005834063e-7,0.5359575167310677,5,19,vax_A_0.2,vax_A,0.2
251,A,0.20353221020826429,7.185505574563362e-8,0.7964677179366811,5,19,vax_A_0.2,vax_A,0.2
251,C,0.4640422102281944,2.2617553034460084e-7,0.5359575635962748,5,19,vax_A_0.2,vax_A,0.2
252,A,0.20353220121547055,6.697097968755316e-8,0.7964677318135488,5,19,vax_A_0.2,vax_A,0.2
252,C,0.4640421819219918,2.1080202660521086e-7,0.5359576072759811,5,19,vax_A_0.2,vax_A,0.2
253,A,0.2035321928339305,6.24188783755884e-8,0.7964677447471913,5,19,vax_A_0.2,vax_A,0.2
253,C,0.4640421555398082,1.9647348230506592e-7,0.5359576479867101,5,19,vax_A_0.2,vax_A,0.2
254,A,0.20353218502209597,5.8176187444463527e-8,0.7964677568017158,5,19,vax_A_0.2,vax_A,0.2
254,C,0.46404213095086294,1.8311887023920996e-7,0.5359576859302657,5,19,vax_A_0.2,vax_A,0.2
255,A,0.2035321777412424,5.422187569046915e-8,0.796467768036882,5,19,vax_A_0.2,vax_A,0.2
255,C,0.4640421080332669,1.7067198937366135e-7,0.5359577212947437,5,19,vax_A_0.2,vax_A,0.2
256,A,0.2035321709552678,5.0536336118450356e-8,0.7964677785083959,5,19,vax_A_0.2,vax_A,0.2
256,C,0.4640420866733806,1.5907112185767393e-7,0.5359577542554973,5,19,vax_A_0.2,vax_A,0.2
257,A,0.20353216463053106,4.710129823096043e-8,0.7964677882681707,5,19,vax_A_0.2,vax_A,0.2
257,C,0.4640420667653129,1.48258756909989e-7,0.5359577849759309,5,19,vax_A_0.2,vax_A,0.2
258,A,0.20353215873568864,4.389973954843263e-8,0.7964677973645723,5,19,vax_A_0.2,vax_A,0.2
258,C,0.46404204821040596,1.3818131228599165e-7,0.5359578136082819,5,19,vax_A_0.2,vax_A,0.2
259,A,0.20353215324152849,4.091579477926879e-8,0.7964678058426763,5,19,vax_A_0.2,vax_A,0.2
259,C,0.46404203091670865,1.2878884834775214e-7,0.5359578402944433,5,19,vax_A_0.2,vax_A,0.2
260,A,0.2035321481208956,3.813471572176762e-8,0.7964678137443905,5,19,vax_A_0.2,vax_A,0.2
260,C,0.46404201479874535,1.2003494182979718e-7,0.5359578651663127,5,19,vax_A_0.2,vax_A,0.2
261,A,0.20353214334852326,3.5542780586255907e-8,0.7964678211086971,5,19,vax_A_0.2,vax_A,0.2
261,C,0.46404199977698735,1.1187640039661517e-7,0.535957888346611,5,19,vax_A_0.2,vax_A,0.2
262,A,0.20353213890066219,3.3127090653904226e-8,0.7964678279722472,5,19,vax_A_0.2,vax_A,0.2
262,C,0.46404198577667977,1.0427262255717919e-7,0.5359579099506977,5,19,vax_A_0.2,vax_A,0.2
263,A,0.2035321347551473,3.0875607983172366e-8,0.7964678343692446,5,19,vax_A_0.2,vax_A,0.2
263,C,0.46404197272805237,9.718571635237781e-8,0.5359579300862312,5,19,vax_A_0.2,vax_A,0.2
264,A,0.20353213088834382,2.87754960816884e-8,0.796467840336161,5,19,vax_A_0.2,vax_A,0.2
264,C,0.4640419605567105,9.057527627611045e-8,0.5359579488680142,5,19,vax_A_0.2,vax_A,0.2
265,A,0.20353212728227463,2.681699237517933e-8,0.7964678459007328,5,19,vax_A_0.2,vax_A,0.2
265,C,0.46404194920607233,8.441057265715768e-8,0.5359579663833549,5,19,vax_A_0.2,vax_A,0.2
266,A,0.2035321239182345,2.498993684811141e-8,0.7964678510918296,5,19,vax_A_0.2,vax_A,0.2
266,C,0.46404193861725507,7.865962487283927e-8,0.5359579827231206,5,19,vax_A_0.2,vax_A,0.2
267,A,0.2035321208923353,2.3346529850995625e-8,0.7964678557611339,5,19,vax_A_0.2,vax_A,0.2
267,C,0.4640419290927889,7.348674219880069e-8,0.5359579974204683,5,19,vax_A_0.2,vax_A,0.2
268,A,0.20353211806542784,2.1811197608951076e-8,0.7964678601233746,5,19,vax_A_0.2,vax_A,0.2
268,C,0.4640419201946799,6.865404296760737e-8,0.5359580111512782,5,19,vax_A_0.2,vax_A,0.2
269,A,0.20353211542442617,2.0376832870085813e-8,0.79646786419874,5,19,vax_A_0.2,vax_A,0.2
269,C,0.46404191188173566,6.413915577272322e-8,0.535958023979109,5,19,vax_A_0.2,vax_A,0.2
270,A,0.203532112957104,1.903679576655675e-8,0.7964678680060999,5,19,vax_A_0.2,vax_A,0.2
270,C,0.4640419041154754,5.99211804096404e-8,0.5359580359633462,5,19,vax_A_0.2,vax_A,0.2
271,A,0.2035321106520401,1.778488308173305e-8,0.7964678715630757,5,19,vax_A_0.2,vax_A,0.2
271,C,0.46404189685994535,5.5980591127225866e-8,0.5359580471594624,5,19,vax_A_0.2,vax_A,0.2
272,A,0.20353210849856396,1.6615299535431486e-8,0.7964678748861368,5,19,vax_A_0.2,vax_A,0.2
272,C,0.4640418900815618,5.229914624027009e-8,0.5359580576192922,5,19,vax_A_0.2,vax_A,0.2
273,A,0.20353210648670608,1.552263095743661e-8,0.796467877990663,5,19,vax_A_0.2,vax_A,0.2
273,C,0.4640418837489433,4.8859803686103194e-8,0.5359580673912525,5,19,vax_A_0.2,vax_A,0.2
274,A,0.20353210460715407,1.4501819225137494e-8,0.7964678808910269,5,19,vax_A_0.2,vax_A,0.2
274,C,0.46404187783277545,4.56466421343905e-8,0.5359580765205805,5,19,vax_A_0.2,vax_A,0.2
275,A,0.20353210285120688,1.3548138849274513e-8,0.796467883600654,5,19,vax_A_0.2,vax_A,0.2
275,C,0.46404187230567356,4.2644787284919514e-8,0.5359580850495387,5,19,vax_A_0.2,vax_A,0.2
276,A,0.20353210121073528,1.2657175099419688e-8,0.7964678861320879,5,19,vax_A_0.2,vax_A,0.2
276,C,0.46404186714204965,3.984034301220828e-8,0.5359580930176074,5,19,vax_A_0.2,vax_A,0.2
277,A,0.20353209967814606,1.1824803567939782e-8,0.7964678884970502,5,19,vax_A_0.2,vax_A,0.2
277,C,0.46404186231800026,3.722032703820261e-8,0.5359581004616724,5,19,vax_A_0.2,vax_A,0.2
278,A,0.2035320982463445,1.1047171077848573e-8,0.7964678907064844,5,19,vax_A_0.2,vax_A,0.2
278,C,0.4640418578111945,3.477261083528326e-8,0.5359581074161948,5,19,vax_A_0.2,vax_A,0.2
279,A,0.20353209690870236,1.0320677846176299e-8,0.7964678927706198,5,19,vax_A_0.2,vax_A,0.2
279,C,0.46404185360076905,3.248586348139401e-8,0.5359581139133677,5,19,vax_A_0.2,vax_A,0.2
280,A,0.20353209565902722,9.641960820293365e-9,0.7964678946990127,5,19,vax_A_0.2,vax_A,0.2
280,C,0.4640418496672336,3.0349499207389366e-8,0.5359581199832679,5,19,vax_A_0.2,vax_A,0.2
281,A,0.2035320944915342,9.007878110056279e-9,0.7964678965005879,5,19,vax_A_0.2,vax_A,0.2
281,C,0.4640418459923777,2.8353628393795147e-8,0.5359581256539927,5,19,vax_A_0.2,vax_A,0.2
282,A,0.20353209340081904,8.415494443714348e-9,0.7964678981836867,5,19,vax_A_0.2,vax_A,0.2
282,C,0.46404184255919256,2.6489011790142922e-8,0.5359581309517953,5,19,vax_A_0.2,vax_A,0.2
283,A,0.20353209238183229,7.862067580255127e-9,0.7964678997561001,5,19,vax_A_0.2,vax_A,0.2
283,C,0.4640418393517833,2.4747017744952625e-8,0.535958135901199,5,19,vax_A_0.2,vax_A,0.2
284,A,0.203532091429857,7.345035615292946e-9,0.7964679012251065,5,19,vax_A_0.2,vax_A,0.2
284,C,0.4640418363553021,2.3119582248379693e-8,0.5359581405251148,5,19,vax_A_0.2,vax_A,0.2
285,A,0.20353209054048665,6.862005121741172e-9,0.7964679025975083,5,19,vax_A_0.2,vax_A,0.2
285,C,0.4640418335558789,2.1599171602557962e-8,0.5359581448449499,5,19,vax_A_0.2,vax_A,0.2
286,A,0.2035320897096036,6.4107400703723965e-9,0.7964679038796562,5,19,vax_A_0.2,vax_A,0.2
286,C,0.4640418309405529,2.0178747546836e-8,0.5359581488806989,5,19,vax_A_0.2,vax_A,0.2
287,A,0.20353208893336183,5.989151481756128e-9,0.796467905077487,5,19,vax_A_0.2,vax_A,0.2
287,C,0.4640418284972189,1.8851734673246695e-8,0.5359581526510466,5,19,vax_A_0.2,vax_A,0.2
288,A,0.20353208820816818,5.595287747727241e-9,0.796467906196544,5,19,vax_A_0.2,vax_A,0.2
288,C,0.4640418262145658,1.7611989997250054e-8,0.5359581561734444,5,19,vax_A_0.2,vax_A,0.2
289,A,0.20353208753066504,5.227325605103285e-9,0.7964679072420089,5,19,vax_A_0.2,vax_A,0.2
289,C,0.4640418240820261,1.6453774512207673e-8,0.5359581594641984,5,19,vax_A_0.2,vax_A,0.2
290,A,0.20353208689771676,4.883561693813798e-9,0.7964679082187207,5,19,vax_A_0.2,vax_A,0.2
290,C,0.46404182208972977,1.537172662427883e-8,0.5359581625385454,5,19,vax_A_0.2,vax_A,0.2
291,A,0.20353208630639275,4.562404671237626e-9,0.7964679091312028,5,19,vax_A_0.2,vax_A,0.2
291,C,0.46404182022845103,1.4360837333277752e-8,0.5359581654107127,5,19,vax_A_0.2,vax_A,0.2
292,A,0.20353208575395607,4.2623678456645936e-9,0.796467909983676,5,19,vax_A_0.2,vax_A,0.2
292,C,0.4640418184895761,1.341642704513312e-8,0.5359581680939973,5,19,vax_A_0.2,vax_A,0.2
293,A,0.2035320852378492,3.982062294195689e-9,0.7964679107800887,5,19,vax_A_0.2,vax_A,0.2
293,C,0.46404181686505336,1.253412390922142e-8,0.5359581706008221,5,19,vax_A_0.2,vax_A,0.2
294,A,0.2035320847556829,3.7201904332242146e-9,0.7964679115241261,5,19,vax_A_0.2,vax_A,0.2
294,C,0.4640418153473656,1.1709843580296429e-8,0.5359581729427909,5,19,vax_A_0.2,vax_A,0.2
295,A,0.20353208430522504,3.4755400117359353e-9,0.796467912219234,5,19,vax_A_0.2,vax_A,0.2
295,C,0.4640418139294838,1.093977031132819e-8,0.5359581751307447,5,19,vax_A_0.2,vax_A,0.2
296,A,0.20353208388439126,3.246978499622686e-9,0.7964679128686305,5,19,vax_A_0.2,vax_A,0.2
296,C,0.4640418126048477,1.0220339289728748e-8,0.5359581771748123,5,19,vax_A_0.2,vax_A,0.2
297,A,0.203532083491232,3.033447845032882e-9,0.7964679134753202,5,19,vax_A_0.2,vax_A,0.2
297,C,0.4640418113673223,9.5482201351955e-9,0.5359581790844571,5,19,vax_A_0.2,vax_A,0.2
298,A,0.20353208312392862,2.8339595764905512e-9,0.7964679140421117,5,19,vax_A_0.2,vax_A,0.2
298,C,0.46404181021118146,8.92030148278188e-9,0.5359581808685177,5,19,vax_A_0.2,vax_A,0.2
299,A,0.2035320827807799,2.64759022711009e-9,0.7964679145716305,5,19,vax_A_0.2,vax_A,0.2
299,C,0.464041809131071,8.333676579827488e-9,0.5359581825352524,5,19,vax_A_0.2,vax_A,0.2
300,A,0.2035320824601977,2.473477059725377e-9,0.7964679150663252,5,19,vax_A_0.2,vax_A,0.2
300,C,0.46404180812199214,7.785629830073958e-9,0.5359581840923782,5,19,vax_A_0.2,vax_A,0.2
301,A,0.20353208216069804,2.3108140731443922e-09,0.7964679155284885,5,19,vax_A_0.2,vax_A,0.2
301,C,0.4640418071792729,7.273624222677108e-9,0.5359581855471045,5,19,vax_A_0.2,vax_A,0.2
302,A,0.20353208188089403,2.1588482710420877e-9,0.7964679159602576,5,19,vax_A_0.2,vax_A,0.2
302,C,0.46404180629854896,6.795289587921984e-9,0.5359581869061608,5,19,vax_A_0.2,vax_A,0.2
303,A,0.20353208161949074,2.016876176219897e-9,0.7964679163636322,5,19,vax_A_0.2,vax_A,0.2
303,C,0.4640418054757449,6.3484116252750674e-9,0.535958188175844,5,19,vax_A_0.2,vax_A,0.2
304,A,0.20353208137527817,1.884240574095982e-9,0.7964679167404808,5,19,vax_A_0.2,vax_A,0.2
304,C,0.46404180470704953,5.930921652982218e-9,0.5359581893620273,5,19,vax_A_0.2,vax_A,0.2
305,A,0.2035320811471261,1.7603274703516756e-9,0.7964679170925477,5,19,vax_A_0.2,vax_A,0.2
305,C,0.46404180398890776,5.540887031761967e-9,0.5359581904702061,5,19,vax_A_0.2,vax_A,0.2
306,A,0.20353208093397743,1.6445632486506204e-9,0.796467917421459,5,19,vax_A_0.2,vax_A,0.2
306,C,0.46404180331799283,5.1765022182634985e-9,0.5359581915055069,5,19,vax_A_0.2,vax_A,0.2
307,A,0.20353208073484624,1.536412015283799e-9,0.7964679177287406,5,19,vax_A_0.2,vax_A,0.2
307,C,0.46404180269119794,4.8360804036051925e-9,0.5359581924727221,5,19,vax_A_0.2,vax_A,0.2
308,A,0.20353208054881083,1.4353731183494982e-9,0.7964679180158163,5,19,vax_A_0.2,vax_A,0.2
308,C,0.46404180210562307,4.518045714496141e-9,0.5359581933763312,5,19,vax_A_0.2,vax_A,0.2
309,A,0.20353208037500942,1.3409788302773098e-9,0.7964679182840123,5,19,vax_A_0.2,vax_A,0.2
309,C,0.4640418015585578,4.220925909309636e-9,0.535958194220516,5,19,vax_A_0.2,vax_A,0.2
310,A,0.20353208021263733,1.2527921825907627e-9,0.7964679185345709,5,19,vax_A_0.2,vax_A,0.2
310,C,0.4640418010474692,3.9433455646799605e-9,0.5359581950091854,5,19,vax_A_0.2,vax_A,0.2
311,A,0.20353208006094375,1.17040494309335e-9,0.7964679187686516,5,19,vax_A_0.2,vax_A,0.2
311,C,0.4640418005699903,3.6840197090562643e-9,0.535958195745989,5,19,vax_A_0.2,vax_A,0.2
312,A,0.20353207991922576,1.0934357260915823e-9,0.7964679189873387,5,19,vax_A_0.2,vax_A,0.2
312,C,0.4640418001239136,3.4417478743312524e-9,0.5359581964343387,5,19,vax_A_0.2,vax_A,0.2
313,A,0.20353207978682739,1.0215282268947682e-9,0.7964679191916438,5,19,vax_A_0.2,vax_A,0.2
313,C,0.4640417997071711,3.215408538651564e-9,0.5359581970774214,5,19,vax_A_0.2,vax_A,0.2
314,A,0.2035320796631363,9.543495724187585e-10,0.7964679193825146,5,19,vax_A_0.2,vax_A,0.2
314,C,0.46404179931783496,3.0039539346849492e-9,0.5359581976782114,5,19,vax_A_0.2,vax_A,0.2
315,A,0.20353207954757954,8.91588780258393e-10,0.7964679195608324,5,19,vax_A_0.2,vax_A,0.2
315,C,0.4640417989541022,2.8064051993105265e-9,0.5359581982394922,5,19,vax_A_0.2,vax_A,0.2
316,A,0.20353207943962176,8.329553190954792e-10,0.7964679197274226,5,19,vax_A_0.2,vax_A,0.2
316,C,0.46404179861428935,2.621847842279294e-9,0.5359581987638615,5,19,vax_A_0.2,vax_A,0.2
317,A,0.20353207933876355,7.781777637782044e-10,0.7964679198830582,5,19,vax_A_0.2,vax_A,0.2
317,C,0.4640417982968253,2.449427512868452e-9,0.5359581992537469,5,19,vax_A_0.2,vax_A,0.2
318,A,0.2035320792445387,7.270025388461795e-10,0.79646792002846,5,19,vax_A_0.2,vax_A,0.2
318,C,0.46404179800023676,2.2883460449326984e-9,0.5359581997114172,5,19,vax_A_0.2,vax_A,0.2
319,A,0.20353207915650987,6.791927446846634e-10,0.7964679201642976,5,19,vax_A_0.2,vax_A,0.2
319,C,0.4640417977231535,2.1378577620442568e-9,0.5359582001389883,5,19,vax_A_0.2,vax_A,0.2
320,A,0.20353207907426987,6.345270608741093e-10,0.7964679202912025,5,19,vax_A_0.2,vax_A,0.2
320,C,0.46404179746429186,1.9972660256174747e-9,0.5359582005384406,5,19,vax_A_0.2,vax_A,0.2
321,A,0.20353207899743883,5.927987216584261e-10,0.7964679204097632,5,19,vax_A_0.2,vax_A,0.2
321,C,0.4640417972224548,1.8659200100386946e-9,0.5359582009116257,5,19,vax_A_0.2,vax_A,0.2
322,A,0.20353207892565978,5.538145587892594e-10,0.7964679205205252,5,19,vax_A_0.2,vax_A,0.2
322,C,0.4640417969965207,1.7432116898727998e-9,0.5359582012602685,5,19,vax_A_0.2,vax_A,0.2
323,A,0.2035320788586015,5.173941073154751e-10,0.7964679206240051,5,19,vax_A_0.2,vax_A,0.2
323,C,0.46404179678544416,1.6285730251997644e-09,0.5359582015859822,5,19,vax_A_0.2,vax_A,0.2
324,A,0.20353207879595298,4.833687701783833e-10,0.7964679207206793,5,19,vax_A_0.2,vax_A,0.2
324,C,0.4640417965882492,1.5214733320515317e-9,0.5359582018902769,5,19,vax_A_0.2,vax_A,0.2
325,A,0.20353207873742465,4.5158103774550367e-10,0.7964679208109939,5,19,vax_A_0.2,vax_A,0.2
325,C,0.4640417964040231,1.4214168257765574e-9,0.5359582021745607,5,19,vax_A_0.2,vax_A,0.2
326,A,0.20353207868274503,4.218837586699517e-10,0.7964679208953712,5,19,vax_A_0.2,vax_A,0.2
326,C,0.4640417962319109,1.3279403259597549e-9,0.535958202440148,5,19,vax_A_0.2,vax_A,0.2
327,A,0.2035320786316616,3.941394588876784e-10,0.7964679209741996,5,19,vax_A_0.2,vax_A,0.2
327,C,0.4640417960711177,1.2406111134686222e-9,0.5359582026882702,5,19,vax_A_0.2,vax_A,0.2
328,A,0.20353207858393715,3.682197046815216e-10,0.7964679210478425,5,19,vax_A_0.2,vax_A,0.2
328,C,0.4640417959208992,1.1590249237809323e-9,0.5359582029200758,5,19,vax_A_0.2,vax_A,0.2
329,A,0.2035320785393517,3.4400450862628666e-10,0.7964679211166441,5,19,vax_A_0.2,vax_A,0.2
329,C,0.4640417957805597,1.082804078826954e-9,0.5359582031366368,5,19,vax_A_0.2,vax_A,0.2
330,A,0.20353207849769792,3.2138177404762165e-10,0.7964679211809202,5,19,vax_A_0.2,vax_A,0.2
330,C,0.4640417956494481,1.0115957379619959e-9,0.535958203338955,5,19,vax_A_0.2,vax_A,0.2
331,A,0.2035320784587837,3.0024677607157767e-10,0.79646792124097,5,19,vax_A_0.2,vax_A,0.2
331,C,0.46404179552695946,9.450702643658843e-10,0.5359582035279691,5,19,vax_A_0.2,vax_A,0.2
332,A,0.20353207842242824,2.8050167683391053e-10,0.7964679212970703,5,19,vax_A_0.2,vax_A,0.2
332,C,0.4640417954125269,8.829196990922188e-10,0.5359582037045535,5,19,vax_A_0.2,vax_A,0.2
333,A,0.2035320783884639,2.620550725705892e-10,0.7964679213494803,5,19,vax_A_0.2,vax_A,0.2
333,C,0.4640417953056184,8.248563354685561e-10,0.5359582038695248,5,19,vax_A_0.2,vax_A,0.2
334,A,0.20353207835673298,2.4482157049290633e-10,0.7964679213984456,5,19,vax_A_0.2,vax_A,0.2
334,C,0.46404179520574096,7.706113872481634e-10,0.5359582040236465,5,19,vax_A_0.2,vax_A,0.2
335,A,0.20353207832708908,2.2872139348848772e-10,0.7964679214441894,5,19,vax_A_0.2,vax_A,0.2
335,C,0.46404179511243177,7.199337443479635e-10,0.5359582041676338,5,19,vax_A_0.2,vax_A,0.2
336,A,0.20353207829939451,2.1368001081827795e-10,0.7964679214869256,5,19,vax_A_0.2,vax_A,0.2
336,C,0.4640417950252592,6.725888104127382e-10,0.5359582043021517,5,19,vax_A_0.2,vax_A,0.2
337,A,0.20353207827352088,1.99627793099951e-10,0.7964679215268516,5,19,vax_A_0.2,vax_A,0.2
337,C,0.4640417949438196,6.283574168244875e-10,0.535958204427823,5,19,vax_A_0.2,vax_A,0.2
338,A,0.20353207824934932,1.864996899805924e-10,0.7964679215641519,5,19,vax_A_0.2,vax_A,0.2
338,C,0.464041794867735,5.870348081296908e-10,0.5359582045452305,5,19,vax_A_0.2,vax_A,0.2
339,A,0.20353207822676703,1.7423492900654424e-10,0.7964679215989984,5,19,vax_A_0.2,vax_A,0.2
339,C,0.46404179479665414,5.484296941877835e-10,0.5359582046549164,5,19,vax_A_0.2,vax_A,0.2
340,A,0.20353207820566963,1.6277673429643257e-10,0.7964679216315523,5,19,vax_A_0.2,vax_A,0.2
340,C,0.4640417947302473,5.123633646531209e-10,0.5359582047573884,5,19,vax_A_0.2,vax_A,0.2
341,A,0.2035320781859601,1.520720637150603e-10,0.7964679216619681,5,19,vax_A_0.2,vax_A,0.2
341,C,0.4640417946682087,4.786688616911633e-10,0.5359582048531227,5,19,vax_A_0.2,vax_A,0.2
342,A,0.20353207816754623,1.4207136333149465e-10,0.7964679216903815,5,19,vax_A_0.2,vax_A,0.2
342,C,0.4640417946102489,4.471902070992434e-10,0.5359582049425602,5,19,vax_A_0.2,vax_A,0.2
343,A,0.20353207815034408,1.3272833802469832e-10,0.7964679217169278,5,19,vax_A_0.2,vax_A,0.2
343,C,0.4640417945561013,4.1778168025411735e-10,0.535958205026117,5,19,vax_A_0.2,vax_A,0.2
344,A,0.2035320781342726,1.239997371747883e-10,0.7964679217417271,5,19,vax_A_0.2,vax_A,0.2
344,C,0.46404179450551447,3.903071435437749e-10,0.5359582051041784,5,19,vax_A_0.2,vax_A,0.2
345,A,0.2035320781192583,1.1584515444785436e-10,0.796467921764897,5,19,vax_A_0.2,vax_A,0.2
345,C,0.46404179445825455,3.6463941216081135e-10,0.5359582051771067,5,19,vax_A_0.2,vax_A,0.2
346,A,0.20353207810523127,1.0822684074750244e-10,0.7964679217865418,5,19,vax_A_0.2,vax_A,0.2
346,C,0.46404179441410187,3.4065966534001424e-10,0.5359582052452372,5,19,vax_A_0.2,vax_A,0.2
347,A,0.20353207809212645,1.0110952938363018e-10,0.7964679218067636,5,19,vax_A_0.2,vax_A,0.2
347,C,0.46404179437285337,3.1825689614849046e-10,0.5359582053088906,5,19,vax_A_0.2,vax_A,0.2
348,A,0.20353207807988366,9.446027306423402e-11,0.7964679218256567,5,19,vax_A_0.2,vax_A,0.2
348,C,0.4640417943343178,2.9732739810499327e-10,0.5359582053683546,5,19,vax_A_0.2,vax_A,0.2
349,A,0.20353207806844628,8.824829114709834e-11,0.7964679218433067,5,19,vax_A_0.2,vax_A,0.2
349,C,0.4640417942983167,2.777742846502925e-10,0.5359582054239105,5,19,vax_A_0.2,vax_A,0.2
350,A,0.20353207805776033,8.244482719874069e-11,0.7964679218597942,5,19,vax_A_0.2,vax_A,0.2
350,C,0.46404179426468134,2.5950704073612924e-10,0.5359582054758105,5,19,vax_A_0.2,vax_A,0.2
351,A,0.20353207804777765,7.702301589205206e-11,0.7964679218751994,5,19,vax_A_0.2,vax_A,0.2
351,C,0.46404179423325936,2.424411038466541e-10,0.5359582055242992,5,19,vax_A_0.2,vax_A,0.2
352,A,0.2035320780384513,7.195775864167647e-11,0.7964679218895908,5,19,vax_A_0.2,vax_A,0.2
352,C,0.464041794203904,2.26497472542617e-10,0.5359582055695992,5,19,vax_A_0.2,vax_A,0.2
353,A,0.20353207802973836,6.722560741797288e-11,0.7964679219030367,5,19,vax_A_0.2,vax_A,0.2
353,C,0.46404179417647795,2.116023407488261e-10,0.535958205611919,5,19,vax_A_0.2,vax_A,0.2
354,A,0.20353207802159862,6.280465620170225e-11,0.7964679219155969,5,19,vax_A_0.2,vax_A,0.2
354,C,0.4640417941508571,1.9768675609192746e-10,0.5359582056514569,5,19,vax_A_0.2,vax_A,0.2
355,A,0.20353207801399364,5.867443957696733e-11,0.7964679219273315,5,19,vax_A_0.2,vax_A,0.2
355,C,0.4640417941269197,1.8468630070688376e-10,0.5359582056883933,5,19,vax_A_0.2,vax_A,0.2
356,A,0.20353207800688938,5.481583799297214e-11,0.796467921938295,5,19,vax_A_0.2,vax_A,0.2
356,C,0.46404179410455665,1.725407930345421e-10,0.5359582057229019,5,19,vax_A_0.2,vax_A,0.2
357,A,0.203532078000252,5.1210989256039553e-11,0.7964679219485372,5,19,vax_A_0.2,vax_A,0.2
357,C,0.4640417940836651,1.6119400922986273e-10,0.5359582057551405,5,19,vax_A_0.2,vax_A,0.2
358,A,0.20353207799405126,4.784320584216853e-11,0.7964679219581058,5,19,vax_A_0.2,vax_A,0.2
358,C,0.4640417940641465,1.505934228911476e-10,0.5359582057852591,5,19,vax_A_0.2,vax_A,0.2
359,A,0.20353207798825784,4.4696897647355086e-11,0.7964679219670442,5,19,vax_A_0.2,vax_A,0.2
359,C,0.4640417940459119,1.4068996190543304e-10,0.5359582058133973,5,19,vax_A_0.2,vax_A,0.2
360,A,0.20353207798284584,4.175749981807531e-11,0.796467921975397,5,19,vax_A_0.2,vax_A,0.2
360,C,0.46404179402887735,1.3143778128443135e-10,0.5359582058396859,5,19,vax_A_0.2,vax_A,0.2
361,A,0.2035320779777895,3.9011405327842696e-11,0.7964679219831989,5,19,vax_A_0.2,vax_A,0.2
361,C,0.46404179401296175,1.2279405093944254e-10,0.5359582058642431,5,19,vax_A_0.2,vax_A,0.2
362,A,0.20353207797306594,3.644590198772659e-11,0.796467921990488,5,19,vax_A_0.2,vax_A,0.2
362,C,0.4640417939980938,1.1471875741280427e-10,0.535958205887188,5,19,vax_A_0.2,vax_A,0.2
363,A,0.2035320779686532,3.404911359924011e-11,0.796467921997299,5,19,vax_A_0.2,vax_A,0.2
363,C,0.464041793984203,1.0717451864805328e-10,0.5359582059086233,5,19,vax_A_0.2,vax_A,0.2
364,A,0.20353207796452985,3.1809944977184664e-11,0.7964679220036591,5,19,vax_A_0.2,vax_A,0.2
364,C,0.46404179397122575,1.001264109413429e-10,0.535958205928648,5,19,vax_A_0.2,vax_A,0.2
365,A,0.2035320779606786,2.9718030587951386e-11,0.7964679220096036,5,19,vax_A_0.2,vax_A,0.2
365,C,0.4640417939591026,9.35418072730352e-11,0.5359582059473565,5,19,vax_A_0.2,vax_A,0.2
0,A,0.999,0.0010000000000000002,0,6,19,vax_A_0.2,vax_A,0.2
0,C,0.9990000000000001,0.001,0,6,19,vax_A_0.2,vax_A,0.2
1,A,0.9983672503473965,0.0013946694044484982,2.380802481552216e-4,6,19,vax_A_0.2,vax_A,0.2
1,C,0.9986526685826221,0.0011341406968304762,2.1319072054707696e-4,6,19,vax_A_0.2,vax_A,0.2
2,A,0.9975654738961796,0.0018711064289365096,5.634196748843693e-4,6,19,vax_A_0.2,vax_A,0.2
2,C,0.9982636592190297,0.0012817674615291912,4.5457331944020167e-4,6,19,vax_A_0.2,vax_A,0.2
3,A,0.9965803144823361,0.002427673570728226,9.92011946935636e-4,6,19,vax_A_0.2,vax_A,0.2
3,C,0.9978303661921439,0.0014428143759930294,7.268194318636272e-4,6,19,vax_A_0.2,vax_A,0.2
4,A,0.9953849147582359,0.0030742585679502145,0.0015408266738137324,6,19,vax_A_0.2,vax_A,0.2
4,C,0.9973490594395167,0.0016182292084273128,0.0010327113520567175,6,19,vax_A_0.2,vax_A,0.2
5,A,0.9939410205436506,0.0038292975508886196,0.0022296819054612666,6,19,vax_A_0.2,vax_A,0.2
5,C,0.9968149280880773,0.001809775923157607,0.001375295988764236,6,19,vax_A_0.2,vax_A,0.2
6,A,0.9922019108104738,0.004715855552995269,0.003082233636530968,6,19,vax_A_0.2,vax_A,0.2
6,C,0.9962222875602588,0.002019733415702906,0.001757979024038956,6,19,vax_A_0.2,vax_A,0.2
7,A,0.9901122826936718,0.005760323203236917,0.004127394103091161,6,19,vax_A_0.2,vax_A,0.2
7,C,0.9955645311924413,0.0022507673954329415,0.0021847014121258042,6,19,vax_A_0.2,vax_A,0.2
8,A,0.9876095182957337,0.0069914370960558305,0.005399044608209817,6,19,vax_A_0.2,vax_A,0.2
8,C,0.9948342944243362,0.002505796967296174,0.0026599086083685087,6,19,vax_A_0.2,vax_A,0.2
9,A,0.9846199922044024,0.008441489816413801,0.006938517979183875,6,19,vax_A_0.2,vax_A,0.2
9,C,0.9940230861889665,0.0027880860485643166,0.0031888277624687296,6,19,vax_A_0.2,vax_A,0.2
10,A,0.9810618989262956,0.010144917291023648,0.008793183782680947,6,19,vax_A_0.2,vax_A,0.2
10,C,0.9931216545617277,0.0031010772407902027,0.003777268197481439,6,19,vax_A_0.2,vax_A,0.2
11,A,0.9768463161633079,0.012137865193988738,0.01101581864270306,6,19,vax_A_0.2,vax_A,0.2
11,C,0.9921200836287207,0.003448371959510421,0.004431544411768465,6,19,vax_A_0.2,vax_A,0.2
12,A,0.9718681497498702,0.014461608604565017,0.01367024164556599,6,19,vax_A_0.2,vax_A,0.2
12,C,0.9910067261146189,0.003834122884568008,0.005159151000811254,6,19,vax_A_0.2,vax_A,0.2
13,A,0.9660162365178948,0.017157769046064725,0.01682599443604085,6,19,vax_A_0.2,vax_A,0.2
13,C,0.9897692408436225,0.004262644342292421,0.005968114814084951,6,19,vax_A_0.2,vax_A,0.2
14,A,0.9591675841699585,0.020269498059066356,0.020562917770975648,6,19,vax_A_0.2,vax_A,0.2
14,C,0.9883937011652284,0.004738717473390019,0.006867581361381758,6,19,vax_A_0.2,vax_A,0.2
15,A,0.9511930582719692,0.023839123185637894,0.024967818542392686,6,19,vax_A_0.2,vax_A,0.2
15,C,0.9868650398813913,0.005267444841866487,0.007867515276742374,6,19,vax_A_0.2,vax_A,0.2
16,A,0.9419579807226997,0.02790620888513357,0.030135810392166416,6,19,vax_A_0.2,vax_A,0.2
16,C,0.9851667187897842,0.005854329594333931,0.008978951615882287,6,19,vax_A_0.2,vax_A,0.2
17,A,0.9313258540238334,0.03250455328012506,0.03616959269604138,6,19,vax_A_0.2,vax_A,0.2
17,C,0.9832806333164699,0.006505276983626857,0.010214089699901546,6,19,vax_A_0.2,vax_A,0.2
18,A,0.9191633990006784,0.03765943957972112,0.04317716141959974,6,19,vax_A_0.2,vax_A,0.2
18,C,0.9811872397826047,0.007226529920149645,0.011586230297245407,6,19,vax_A_0.2,vax_A,0.2
19,A,0.9053472332584089,0.043381105050541165,0.051271661691049256,6,19,vax_A_0.2,vax_A,0.2
19,C,0.9788650867170293,0.008024735187836828,0.013110178095133524,6,19,vax_A_0.2,vax_A,0.2
20,A,0.8897726125365422,0.049661239892411245,0.06056614757104625,6,19,vax_A_0.2,vax_A,0.2
20,C,0.9762911973503319,0.008906783181633212,0.014802019468036168,6,19,vax_A_0.2,vax_A,0.2
21,A,0.8723619289858988,0.056468361933289565,0.07116970908081124,6,19,vax_A_0.2,vax_A,0.2
21,C,0.9734411172609236,0.009879718751233632,0.016679163987843245,6,19,vax_A_0.2,vax_A,0.2
22,A,0.8530746839549954,0.06374249948326859,0.0831828165617359,6,19,vax_A_0.2,vax_A,0.2
22,C,0.970288912340104,0.010950632876331697,0.018760454783564483,6,19,vax_A_0.2,vax_A,0.2
23,A,0.831921541485136,0.07138839954019303,0.09669005897467102,6,19,vax_A_0.2,vax_A,0.2
23,C,0.96680718834127,0.012126508604909334,0.021066303053820165,6,19,vax_A_0.2,vax_A,0.2
24,A,0.8089695211666467,0.07927722761281118,0.11175325122054253,6,19,vax_A_0.2,vax_A,0.2
24,C,0.9629676105960641,0.01341397373630377,0.02361841566763218,6,19,vax_A_0.2,vax_A,0.2
25,A,0.7843458769071681,0.08724865771160611,0.1284054653812262,6,19,vax_A_0.2,vax_A,0.2
25,C,0.9587412256159478,0.014819072245378291,0.026439702138673523,6,19,vax_A_0.2,vax_A,0.2
26,A,0.7582399609656079,0.09511465299271522,0.1466453860416771,6,19,vax_A_0.2,vax_A,0.2
26,C,0.9540987669830946,0.016347020746879916,0.0295542122700247,6,19,vax_A_0.2,vax_A,0.2
27,A,0.7309009944966699,0.10266759116674362,0.16643141433658654,6,19,vax_A_0.2,vax_A,0.2
27,C,0.9490111646273459,0.018001884733552825,0.03298695063910062,6,19,vax_A_0.2,vax_A,0.2
28,A,0.7026285377456237,0.10969259182653969,0.18767887042783665,6,19,vax_A_0.2,vax_A,0.2
28,C,0.9434501533665143,0.01978625665994593,0.03676358997354064,6,19,vax_A_0.2,vax_A,0.2
29,A,0.6737574661320659,0.11598176567604358,0.21026076819189074,6,19,vax_A_0.2,vax_A,0.2
29,C,0.9373888941735399,0.021700964883905306,0.040910140942553304,6,19,vax_A_0.2,vax_A,0.2
30,A,0.64464051722078,0.1213485790102251,0.23401090376899494,6,19,vax_A_0.2,vax_A,0.2
30,C,0.9308026419840124,0.023744778996055527,0.045452579019932056,6,19,vax_A_0.2,vax_A,0.2
31,A,0.6156300341558297,0.12564083833569936,0.25872912750847155,6,19,vax_A_0.2,vax_A,0.2
31,C,0.9236694784274349,0.025914112912594656,0.0504164086599711,6,19,vax_A_0.2,vax_A,0.2
32,A,0.5870597944582778,0.12875119636584692,0.2841890091758749,6,19,vax_A_0.2,vax_A,0.2
32,C,0.915971083246985,0.028202753806303056,0.05582616294671276,6,19,vax_A_0.2,vax_A,0.2
33,A,0.55922908176452,0.13062335159196314,0.31014756664351667,6,19,vax_A_0.2,vax_A,0.2
33,C,0.9076935114993867,0.03060163993903588,0.061704848561578,6,19,vax_A_0.2,vax_A,0.2
34,A,0.5323913945011065,0.13125286229985605,0.3363557431990371,6,19,vax_A_0.2,vax_A,0.2
34,C,0.8988279440535705,0.03309869782249443,0.06807335812393506,6,19,vax_A_0.2,vax_A,0.2
35,A,0.5067475153305389,0.1306838163091208,0.36256866836033946,6,19,vax_A_0.2,vax_A,0.2
35,C,0.889371399051282,0.035678742108008886,0.07494985884070912,6,19,vax_A_0.2,vax_A,0.2
36,A,0.4824436562743092,0.12900170794429236,0.3885546357813984,6,19,vax_A_0.2,vax_A,0.2
36,C,0.8793273820370132,0.03832345000417195,0.08234916795881425,6,19,vax_A_0.2,vax_A,0.2
37,A,0.45957362815206204,0.1263239829879317,0.41410238886000617,6,19,vax_A_0.2,vax_A,0.2
37,C,0.8687064414553326,0.04101142850442235,0.09028213004024538,6,19,vax_A_0.2,vax_A,0.2
38,A,0.43818388840072814,0.12278964854804511,0.4390264630512272,6,19,vax_A_0.2,vax_A,0.2
38,C,0.857526591343131,0.04371839107366218,0.09875501758320686,6,19,vax_A_0.2,vax_A,0.2
39,A,0.41828046681832437,0.11854904591188822,0.46317048726978777,6,19,vax_A_0.2,vax_A,0.2
39,C,0.8458135648493194,0.04641745554737058,0.10776897960331065,6,19,vax_A_0.2,vax_A,0.2
40,A,0.3998368047136333,0.11375467369082906,0.4864085215955378,6,19,vax_A_0.2,vax_A,0.2
40,C,0.8336008673950195,0.049079569420299875,0.11731956318467979,6,19,vax_A_0.2,vax_A,0.2
41,A,0.38280161256342093,0.10855368930176898,0.50864469813481,6,19,vax_A_0.2,vax_A,0.2
41,C,0.8209296046478928,0.051674062481201453,0.12739633287090554,6,19,vax_A_0.2,vax_A,0.2
42,A,0.3671060746488174,0.10308237194558957,0.529811553405593,6,19,vax_A_0.2,vax_A,0.2
42,C,0.8078480690465775,0.05416931860635624,0.1379826123470657,6,19,vax_A_0.2,vax_A,0.2
43,A,0.3526700651731816,0.0974624775808141,0.5498674572460038,6,19,vax_A_0.2,vax_A,0.2
43,C,0.7944110806810132,0.056533548497773346,0.14905537082121254,6,19,vax_A_0.2,vax_A,0.2
44,A,0.3394072937905444,0.09179921640289247,0.568793489806564,6,19,vax_A_0.2,vax_A,0.2
44,C,0.7806790934028021,0.05873563470471641,0.16058527189248173,6,19,vax_A_0.2,vax_A,0.2
45,A,0.32722939280104407,0.08618055595931048,0.5865900512396455,6,19,vax_A_0.2,vax_A,0.2
45,C,0.7667170930076387,0.06074601123664976,0.1725368957557119,6,19,vax_A_0.2,vax_A,0.2
46,A,0.3160489897024849,0.08067757489556013,0.6032734354019543,6,19,vax_A_0.2,vax_A,0.2
46,C,0.7525933288905728,0.06253753389502578,0.18486913721440126,6,19,vax_A_0.2,vax_A,0.2
47,A,0.3057818695028996,0.0753455793334055,0.6188725511636962,6,19,vax_A_0.2,vax_A,0.2
47,C,0.7383779321333617,0.06408629493324393,0.19753577293339414,6,19,vax_A_0.2,vax_A,0.2
48,A,0.29634839644824335,0.07022568428642519,0.6334259192653328,6,19,vax_A_0.2,vax_A,0.2
48,C,0.7241414806384529,0.06537233709915166,0.2104861822623951,6,19,vax_A_0.2,vax_A,0.2
49,A,0.28767437226678944,0.06534661378434102,0.6469790139488689,6,19,vax_A_0.2,vax_A,0.2
49,C,0.7099535750574447,0.06638022747998082,0.22366619746257352,6,19,vax_A_0.2,vax_A,0.2
50,A,0.27969146488190444,0.0607265618366071,0.659581973281489,6,19,vax_A_0.2,vax_A,0.2
50,C,0.6958814874623319,0.06709946048952255,0.23701905204814516,6,19,vax_A_0.2,vax_A,0.2
51,A,0.27233730508850634,0.05637501786896852,0.6712876770425253,6,19,vax_A_0.2,vax_A,0.2
51,C,0.6819889380849445,0.06752467099090019,0.25048639092415553,6,19,vax_A_0.2,vax_A,0.2
52,A,0.26555533770991796,0.05229448420530912,0.6821501780847727,6,19,vax_A_0.2,vax_A,0.2
52,C,0.668335041055587,0.06765565513115783,0.2640093038132543,6,19,vax_A_0.2,vax_A,0.2
53,A,0.2592945261922589,0.04848201313872519,0.6922234606690149,6,19,vax_A_0.2,vax_A,0.2
53,C,0.654973459964356,0.06749719685275306,0.27752934318289096,6,19,vax_A_0.2,vax_A,0.2
54,A,0.25350898409192296,0.04493052902250974,0.7015604868855679,6,19,vax_A_0.2,vax_A,0.2
54,C,0.6419517957403239,0.06705871491216635,0.290989489347511,6,19,vax_A_0.2,vax_A,0.2
55,A,0.24815753436957094,0.04162997589435917,0.7102124897360707,6,19,vax_A_0.2,vax_A,0.2
55,C,0.6293111779763885,0.06635378993247053,0.3043350320911407,6,19,vax_A_0.2,vax_A,0.2
56,A,0.243203255506679,0.03856827005690254,0.718228474436418,6,19,vax_A_0.2,vax_A,0.2
56,C,0.6170860805492849,0.06539957449654396,0.3175143449541706,6,19,vax_A_0.2,vax_A,0.2
57,A,0.23861303376232532,0.03573207382887611,0.7256548924087985,6,19,vax_A_0.2,vax_A,0.2
57,C,0.6053043366426081,0.06421612915773943,0.33047953419965237,6,19,vax_A_0.2,vax_A,0.2
58,A,0.23435714119254952,0.03310740473880843,0.7325354540686428,6,19,vax_A_0.2,vax_A,0.2
58,C,0.5939873263867963,0.06282572265774108,0.3431869509554642,6,19,vax_A_0.2,vax_A,0.2
59,A,0.23040884610005913,0.03068010460827671,0.7389110492916648,6,19,vax_A_0.2,vax_A,0.2
59,C,0.583150304252975,0.06125213311701658,0.3555975626300091,6,19,vax_A_0.2,vax_A,0.2
60,A,0.2267440569607183,0.028436193648414317,0.7448197493908671,6,19,vax_A_0.2,vax_A,0.2
60,C,0.572802833531169,0.059519979532934635,0.36767718693589624,6,19,vax_A_0.2,vax_A,0.2
61,A,0.22334100147136038,0.026362128807766474,0.7502968697208717,6,19,vax_A_0.2,vax_A,0.2
61,C,0.5629492968767442,0.05765410584260114,0.3793965972806554,6,19,vax_A_0.2,vax_A,0.2
62,A,0.22017994308426608,0.024444981116536358,0.7553750757991979,6,19,vax_A_0.2,vax_A,0.2
62,C,0.5535894540275638,0.055679034094339934,0.3907315118780967,6,19,vax_A_0.2,vax_A,0.2
63,A,0.2172429346364201,0.02267254698785634,0.7600845183757234,6,19,vax_A_0.2,vax_A,0.2
63,C,0.5447190207588815,0.053618497821544986,0.4016624814195748,6,19,vax_A_0.2,vax_A,0.2
64,A,0.21451360514691334,0.021033409332586787,0.7644529855204981,6,19,vax_A_0.2,vax_A,0.2
64,C,0.536330247106776,0.05149506104987745,0.41217469184334765,6,19,vax_A_0.2,vax_A,0.2
65,A,0.21197697511918476,0.019516962025332135,0.768506062855483,6,19,vax_A_0.2,vax_A,0.2
65,C,0.5284124774256622,0.04932982310570335,0.42225769946863406,6,19,vax_A_0.2,vax_A,0.2
66,A,0.2096192971725891,0.01811340711412753,0.7722672957132841,6,19,vax_A_0.2,vax_A,0.2
66,C,0.5209526793446866,0.047142205246744236,0.4319051154085681,6,19,vax_A_0.2,vax_A,0.2
67,A,0.20742791971325175,0.016813731586800953,0.7757583486999465,6,19,vax_A_0.2,vax_A,0.2
67,C,0.51393593272184,0.044949812284502615,0.4411142549936577,6,19,vax_A_0.2,vax_A,0.2
68,A,0.20539117078554242,0.015609669992038118,0.7789991592224187,6,19,vax_A_0.2,vax_A,0.2
68,C,0.5073458730934947,0.042768360591648416,0.44988576631485594,6,19,vax_A_0.2,vax_A,0.2
69,A,0.20349825867340887,0.01449365872657643,0.7820080826000148,6,19,vax_A_0.2,vax_A,0.2
69,C,0.5011650868948232,0.040611662921893874,0.45822325018328275,6,19,vax_A_0.2,vax_A,0.2
70,A,0.2017391862898655,0.013458786236582808,0.7848020274735512,6,19,vax_A_0.2,vax_A,0.2
70,C,0.49537545796068183,0.03849166014862606,0.4661328818906929,6,19,vax_A_0.2,vax_A,0.2
71,A,0.20010467730370865,0.012498741656265982,0.7873965810400252,6,19,vax_A_0.2,vax_A,0.2
71,C,0.4899584665606655,0.0364184902390404,0.4736230432002942,6,19,vax_A_0.2,vax_A,0.2
72,A,0.19858611245182967,0.011607763499372934,0.789806124048797,6,19,vax_A_0.2,vax_A,0.2
72,C,0.4848954437101552,0.03440058520773671,0.48070397108210694,6,19,vax_A_0.2,vax_A,0.2
73,A,0.19717547421114331,0.010780589815870677,0.792043935972987,6,19,vax_A_0.2,vax_A,0.2
73,C,0.4801677822359908,0.032444791286181295,0.48738742647782807,6,19,vax_A_0.2,vax_A,0.2
74,A,0.19586529516624598,0.010012409935621018,0.7941222948981336,6,19,vax_A_0.2,vax_A,0.2
74,C,0.47575712275560544,0.03055650059312877,0.49368637665126525,6,19,vax_A_0.2,vax_A,0.2
75,A,0.1946486198593,0.009298824878019835,0.7960525552626797,6,19,vax_A_0.2,vax_A,0.2
75,C,0.4716454778753478,0.028739778247917,0.4996147438767348,6,19,vax_A_0.2,vax_A,0.2
76,A,0.19351896814730152,0.00863580834421938,0.7978452235084786,6,19,vax_A_0.2,vax_A,0.2
76,C,0.4678153380648009,0.026997500735425575,0.5051871611997735,6,19,vax_A_0.2,vax_A,0.2
77,A,0.19247029790672557,0.00801966769086525,0.7995100344024082,6,19,vax_A_0.2,vax_A,0.2
77,C,0.4642497693791011,0.02533149966122882,0.5104187309596702,6,19,vax_A_0.2,vax_A,0.2
78,A,0.19149697553625855,0.007447012879648748,0.8010560115840927,6,19,vax_A_0.2,vax_A,0.2
78,C,0.4609324765744002,0.023742685484759468,0.5153248379408412,6,19,vax_A_0.2,vax_A,0.2
79,A,0.19059374443703145,0.006914723059321267,0.8024915325036462,6,19,vax_A_0.2,vax_A,0.2
79,C,0.4578478555934753,0.022231189350790923,0.5199209550557341,6,19,vax_A_0.2,vax_A,0.2
80,A,0.1897556968299247,0.0064199173199692,0.8038243858501061,6,19,vax_A_0.2,vax_A,0.2
80,C,0.45498102574148397,0.020796494478279175,0.5242224797802382,6,19,vax_A_0.2,vax_A,0.2
81,A,0.1889782550942394,0.005959937242458767,0.8050618076633023,6,19,vax_A_0.2,vax_A,0.2
81,C,0.45231782770755524,0.019437526313896978,0.5282446459785478,6,19,vax_A_0.2,vax_A,0.2
82,A,0.1882571541549219,0.005532330812574677,0.8062105150325026,6,19,vax_A_0.2,vax_A,0.2
82,C,0.44984481827654405,0.018152732236353265,0.532002449487102,6,19,vax_A_0.2,vax_A,0.2
83,A,0.18758841952977176,0.005134831828215687,0.8072767486420128,6,19,vax_A_0.2,vax_A,0.2
83,C,0.44754927408612444,0.016940174600516923,0.5355105513133586,6,19,vax_A_0.2,vax_A,0.2
84,A,0.18696834535967707,0.004765339724330312,0.8082663149159927,6,19,vax_A_0.2,vax_A,0.2
84,C,0.4454191901418474,0.01579762234784776,0.5387831875103055,6,19,vax_A_0.2,vax_A,0.2
85,A,0.18639347649287727,0.0044219045391111714,0.8091846189680123,6,19,vax_A_0.2,vax_A,0.2
85,C,0.4434432626080774,0.014722623873941451,0.5418341135179805,6,19,vax_A_0.2,vax_A,0.2
86,A,0.18586059365540658,0.0041027158434841764,0.810036690501109,6,19,vax_A_0.2,vax_A,0.2
86,C,0.4416108620448751,0.013712562380321272,0.5446765755748042,6,19,vax_A_0.2,vax_A,0.2
87,A,0.18536669902700284,0.003806092335125705,0.81082720863787106,6,19,vax_A_0.2,vax_A,0.2
87,C,0.43991200699468824,0.012764703874338118,0.5473232891309726,6,19,vax_A_0.2,vax_A,0.2
88,A,0.18490900151213704,0.003530471095312383,0.8115605273925499,6,19,vax_A_0.2,vax_A,0.2
88,C,0.4383373397905048,0.011876242454807723,0.5497864177546871,6,19,vax_A_0.2,vax_A,0.2
89,A,0.1844849027046166,0.0032743976271871543,0.8122406996681963,6,19,vax_A_0.2,vax_A,0.2
89,C,0.43687810089592954,0.011044340529581281,0.5520775585744887,6,19,vax_A_0.2,vax_A,0.2
90,A,0.18409198423865664,0.0030365175100882215,0.8128714982512552,6,19,vax_A_0.2,vax_A,0.2
90,C,0.435526100029777,0.010266161273019707,0.5542077386972039,6,19,vax_A_0.2,vax_A,0.2
91,A,0.18372799622919755,0.002815569295296277,0.813456434475506,6,19,vax_A_0.2,vax_A,0.2
91,C,0.43427368601197264,0.009538894003579107,0.5561874199844485,6,19,vax_A_0.2,vax_A,0.2
92,A,0.18339084627048452,0.0026103779249392087,0.8139987758045768,6,19,vax_A_0.2,vax_A,0.2
92,C,0.43311371758514616,0.008859774844252225,0.558026507570601,6,19,vax_A_0.2,vax_A,0.2
93,A,0.18307858888648892,0.0024198484562619796,0.8145015626572493,6,19,vax_A_0.2,vax_A,0.2
93,C,0.43203953554207886,0.008226103996503451,0.5597343604614173,6,19,vax_A_0.2,vax_A,0.2
94,A,0.18278941561762188,0.0022429602839498016,0.8149676240984275,6,19,vax_A_0.2,vax_A,0.2
94,C,0.4310449353734829,0.007635259658353887,0.5613198049681638,6,19,vax_A_0.2,vax_A,0.2
95,A,0.1825216458218601,0.002078761985127979,0.8153995921930123,6,19,vax_A_0.2,vax_A,0.2
95,C,0.43012414008753186,0.007084708565981853,0.5627911513464864,6,19,vax_A_0.2,vax_A,0.2
96,A,0.18227371809820525,0.0019263666601215506,0.8157999152416748,6,19,vax_A_0.2,vax_A,0.2
96,C,0.4292717738748261,0.006572013431880022,0.5641562126932933,6,19,vax_A_0.2,vax_A,0.2
97,A,0.1820441822108922,0.0017849476004191608,0.8161708701886888,6,19,vax_A_0.2,vax_A,0.2
97,C,0.4284828370250724,0.006094838078182777,0.5654223248967442,6,19,vax_A_0.2,vax_A,0.2
98,A,0.18183169148205164,0.0016537342264906106,0.8165145742914576,6,19,vax_A_0.2,vax_A,0.2
98,C,0.42775268211202644,0.00565095078788716,0.5665963671000864,6,19,vax_A_0.2,vax_A,0.2
99,A,0.1816349956693359,0.0015320083183241098,0.8168329960123398,6,19,vax_A_0.2,vax_A,0.2
99,C,0.42707699126563387,0.0052382260960744135,0.5676847826382894,6,19,vax_A_0.2,vax_A,0.2
100,A,0.18145293432083318,0.001419100542636695,0.8171279651365295,6,19,vax_A_0.2,vax_A,0.2
100,C,0.42645175448353645,0.004854645173051445,0.5686936003434128,6,19,vax_A_0.2,vax_A,0.2
101,A,0.1812844305658855,0.0013143872360846657,0.8174011821980299,6,19,vax_A_0.2,vax_A,0.2
101,C,0.4258732490689111,0.004498295039876952,0.5696284558912114,6,19,vax_A_0.2,vax_A,0.2
102,A,0.1811284853010383,0.0012172873988920815,0.8176542273000682,6,19,vax_A_0.2,vax_A,0.2
102,C,0.42533802025269946,0.00416736689347413,0.5704946128538256,6,19,vax_A_0.2,vax_A,0.2
103,A,0.18098417174952366,0.0011272598780226006,0.8178885683724544,6,19,vax_A_0.2,vax_A,0.2
103,C,0.42484286296146245,0.003860153754924713,0.5712969832836136,6,19,vax_A_0.2,vax_A,0.2
104,A,0.18085063038124655,0.0010438007351651945,0.8181055688835891,6,19,vax_A_0.2,vax_A,0.2
104,C,0.42438480465568895,0.0035750475777749672,0.5720401477665353,6,19,vax_A_0.2,vax_A,0.2
105,A,0.18072706417476422,9.664407913888358e-4,0.8183064950338468,6,19,vax_A_0.2,vax_A,0.2
105,C,0.4239610891909039,0.003310535925664788,0.572728374883431,6,19,vax_A_0.2,vax_A,0.2
106,A,0.18061273419721102,8.947433325006994e-4,0.818492522470288,6,19,vax_A_0.2,vax_A,0.2
106,C,0.42356916167919056,0.0030651983322296543,0.5733656399885806,6,19,vax_A_0.2,vax_A,0.2
107,A,0.18050695547998508,8.283019592295433e-4,0.8186647425607871,6,19,vax_A_0.2,vax_A,0.2
107,C,0.42320665432118276,0.002837702450812155,0.5739556432280042,6,19,vax_A_0.2,vax_A,0.2
108,A,0.18040909317276244,7.667385718967959e-4,0.8188241682553397,6,19,vax_A_0.2,vax_A,0.2
108,C,0.42287137315947093,0.002626800078696496,0.5745018267618319,6,19,vax_A_0.2,vax_A,0.2
109,A,0.18031855896036464,7.097014828278954e-4,0.8189717395568078,6,19,vax_A_0.2,vax_A,0.2
109,C,0.4225612856987246,0.002431323117244018,0.5750073911840322,6,19,vax_A_0.2,vax_A,0.2
110,A,0.18023480772627037,6.568636494576598e-4,0.8191083286242712,6,19,vax_A_0.2,vax_A,0.2
110,C,0.42227450934496197,0.002250179516924435,0.5754753111381138,6,19,vax_A_0.2,vax_A,0.2
111,A,0.1801573344462792,6.079210199184279e-4,0.819234744533803,6,19,vax_A_0.2,vax_A,0.2
111,C,0.42200930062242664,0.002082349250831889,0.5759083501267416,6,19,vax_A_0.2,vax_A,0.2
112,A,0.18008567129713832,5.625909831706235e-4,0.8193517377196906,6,19,vax_A_0.2,vax_A,0.2
112,C,0.4217640451264271,0.0019268803535987358,0.5763090745199755,6,19,vax_A_0.2,vax_A,0.2
113,A,0.1800193849662748,5.206109174223243e-4,0.8194600041163016,6,19,vax_A_0.2,vax_A,0.2
113,C,0.42153724816692734,0.0017828850550238658,0.576679866778048,6,19,vax_A_0.2,vax_A,0.2
114,A,0.17995807414973494,4.817368314157844e-4,0.8195601890188491,6,19,vax_A_0.2,vax_A,0.2
114,C,0.42132752605886814,0.001649536028958974,0.5770229379121727,6,19,vax_A_0.2,vax_A,0.2
115,A,0.17990136722669633,4.4574209251279154e-4,0.8196528906807918,6,19,vax_A_0.2,vax_A,0.2
115,C,0.4211335980220074,0.0015260627691331377,0.5773403392088596,6,19,vax_A_0.2,vax_A,0.2
116,A,0.1798489200979003,4.124162370186153e-4,0.8197386636650809,6,19,vax_A_0.2,vax_A,0.2
116,C,0.4209542786494393,0.0014117481066336552,0.5776339732439268,6,19,vax_A_0.2,vax_A,0.2
117,A,0.17980041417710077,3.8156385749504943e-4,0.8198180219654044,6,19,vax_A_0.2,vax_A,0.2
117,C,0.4207884709091169,0.0013059248765779899,0.577905604214305,6,19,vax_A_0.2,vax_A,0.2
118,A,0.17975555452531505,3.5300356238045764e-4,0.8198914419123038,6,19,vax_A_0.2,vax_A,0.2
118,C,0.4206351596434332,0.0012079727385272876,0.578156867618039,6,19,vax_A_0.2,vax_A,0.2
119,A,0.17971406811832313,3.265670036016987e-4,0.8199593648780741,6,19,vax_A_0.2,vax_A,0.2
119,C,0.42049340553376,0.0011173151522671672,0.5783892793139734,6,19,vax_A_0.2,vax_A,0.2
120,A,0.17967570223828366,3.020979681519461e-4,0.8200221997935656,6,19,vax_A_0.2,vax_A,0.2
120,C,0.4203623394986416,0.0010334165089470571,0.5786042439924125,6,19,vax_A_0.2,vax_A,0.2
121,A,0.17964022298087517,2.7945152977703355e-4,0.8200803254893482,6,19,vax_A_0.2,vax_A,0.2
121,C,0.4202411574962335,9.557794162569509e-4,0.57880306308751,6,19,vax_A_0.2,vax_A,0.2
122,A,0.17960741386995335,2.58493257076116e-4,0.8201340928729703,6,19,vax_A_0.2,vax_A,0.2
122,C,0.4201291157032678,8.839421349648722e-4,0.5789869421617683,6,19,vax_A_0.2,vax_A,0.2
123,A,0.17957707457228278,2.3909847453399154e-4,0.820183826953184,6,19,vax_A_0.2,vax_A,0.2
123,C,0.42002552604448007,8.174761629390366e-4,0.579156997792581,6,19,vax_A_0.2,vax_A,0.2
124,A,0.17954901970537762,2.2115157322286351e-4,0.8202298287213985,6,19,vax_A_0.2,vax_A,0.2
124,C,0.41992975204806726,7.559839619600409e-4,0.5793142639899717,6,19,vax_A_0.2,vax_A,0.2
125,A,0.17952307773192067,2.045453680963357e-4,0.8202723768999824,6,19,vax_A_0.2,vax_A,0.2
125,C,0.4198412050042654,6.990968221411006e-4,0.5794596981735941,6,19,vax_A_0.2,vax_A,0.2
126,A,0.17949908993463304,1.8918049895330362e-4,0.8203117295664131,6,19,vax_A_0.2,vax_A,0.2
126,C,0.41975934040563734,6.464728584393139e-4,0.5795941867359229,6,19,vax_A_0.2,vax_A,0.2
127,A,0.17947690946592051,1.7496487230203564e-4,0.820348125661778,6,19,vax_A_0.2,vax_A,0.2
127,C,0.41968365464906715,5.977951334691053e-4,0.579718550217463,6,19,vax_A_0.2,vax_A,0.2
128,A,0.17945640046697328,1.6181314151416854e-4,0.8203817863915108,6,19,vax_A_0.2,vax_A,0.2
128,C,0.4196136819807309,5.527699006445862e-4,0.5798335481186262,6,19,vax_A_0.2,vax_A,0.2
129,A,0.1794374372513839,1.4964622281301126e-4,0.8204129165258034,6,19,vax_A_0.2,vax_A,0.2
129,C,0.4195489916666156,5.111249616133235e-4,0.5799398833717714,6,19,vax_A_0.2,vax_A,0.2
130,A,0.1794199035486578,1.3839084478112798e-4,0.8204417056065605,6,19,vax_A_0.2,vax_A,0.2
130,C,0.41948918537233265,0.00047260813197986233,0.5800382064956867,6,19,vax_A_0.2,vax_A,0.2
131,A,0.17940369180332424,1.279791292020612e-4,0.8204683290674745,6,19,vax_A_0.2,vax_A,0.2
131,C,0.4194338947370574,4.36985809408985e-4,0.5801291194535333,6,19,vax_A_0.2,vax_A,0.2
132,A,0.17938870252564282,1.1834820117150607e-4,0.8204929492731853,6,19,vax_A_0.2,vax_A,0.2
132,C,0.4193827791275454,4.0404163829257104e-4,0.5802131792341626,6,19,vax_A_0.2,vax_A,0.2
133,A,0.17937484369017676,1.0943982655790034e-4,0.8205157164832657,6,19,vax_A_0.2,vax_A,0.2
133,C,0.4193355235590116,3.7357526542624225e-4,0.580290901175561,6,19,vax_A_0.2,vax_A,0.2
134,A,0.1793620301787515,1.0120007499887101e-4,0.8205367697462498,6,19,vax_A_0.2,vax_A,0.2
134,C,0.41929183677065474,3.4540118126928345e-4,0.5803627620480764,6,19,vax_A_0.2,vax_A,0.2
135,A,0.1793501832646367,9.35790066718016e-5,0.8205562377286912,6,19,vax_A_0.2,vax_A,0.2
135,C,0.4192514494447434,3.1934764127631476e-4,0.5804292029139803,6,19,vax_A_0.2,vax_A,0.2
136,A,0.179339230134901,8.653038129012209e-5,0.8205742394838089,6,19,vax_A_0.2,vax_A,0.2
136,C,0.41921411255847557,2.952556625832744e-4,0.5804906317789403,6,19,vax_A_0.2,vax_A,0.2
137,A,0.17932910344816208,8.001138780746124e-5,0.8205908851640306,6,19,vax_A_0.2,vax_A,0.2
137,C,0.41917959585887105,2.729780911981637e-4,0.5805474260499305,6,19,vax_A_0.2,vax_A,0.2
138,A,0.17931974092515382,7.398239341404079e-5,0.8206062766814326,6,19,vax_A_0.2,vax_A,0.2
138,C,0.4191476864516322,2.5237873511572837e-4,0.580599934813252,6,19,vax_A_0.2,vax_A,0.2
139,A,0.17931108496971032,6.840671049842958e-5,0.8206205083197922,6,19,vax_A_0.2,vax_A,0.2
139,C,0.4191181874955843,2.3333155900755266e-4,0.5806484809454086,6,19,vax_A_0.2,vax_A,0.2
140,A,0.17930308231793526,6.325038033824403e-5,0.8206336673017264,6,19,vax_A_0.2,vax_A,0.2
140,C,0.41909091699485435,2.157199364073713e-4,0.5806933630687393,6,19,vax_A_0.2,vax_A,0.2
141,A,0.1792956837134842,5.84819723644522e-5,0.820645834314152,6,19,vax_A_0.2,vax_A,0.2
141,C,0.4190657066815429,1.9943595554800387e-4,0.580734857362909,6,19,vax_A_0.2,vax_A,0.2
142,A,0.1792888436070341,5.407239791663473e-5,0.820657083995049,6,19,vax_A_0.2,vax_A,0.2
142,C,0.41904240098215406,1.8437977521353128e-4,0.5807732192426316,6,19,vax_A_0.2,vax_A,0.2
143,A,0.17928251987816554,4.99947374756417e-5,0.8206674853843591,6,19,vax_A_0.2,vax_A,0.2
143,C,0.4190208560615539,1.7045902717474157e-4,0.5808086849112707,6,19,vax_A_0.2,vax_A,0.2
144,A,0.17927667357799404,4.6224080427221215e-5,0.8206771023415792,6,19,vax_A_0.2,vax_A,0.2
144,C,0.419000938938693,1.5758826198643147e-4,0.5808414727993206,6,19,vax_A_0.2,vax_A,0.2
145,A,0.17927126869102314,4.273737647403484e-5,0.8206859939325032,6,19,vax_A_0.2,vax_A,0.2
145,C,0.41898252666874203,1.4568843513110058e-4,0.5808717848961275,6,19,vax_A_0.2,vax_A,0.2
146,A,0.17926627191479427,3.951329787275254e-5,0.8206942147873335,6,19,vax_A_0.2,vax_A,0.2
146,C,0.4189655055866719,1.3468643068540617e-4,0.5808998079826422,6,19,vax_A_0.2,vax_A,0.2
147,A,0.1792616524560157,3.6532111728010946e-5,0.8207018154322568,6,19,vax_A_0.2,vax_A,0.2
147,C,0.4189497706077031,1.2451461986440839e-4,0.5809257147724329,6,19,vax_A_0.2,vax_A,0.2
148,A,0.17925738184194168,3.377556162679961e-5,0.8207088425964317,6,19,vax_A_0.2,vax_A,0.2
148,C,0.4189352245803491,1.1511045196918945e-4,0.5809496649676811,6,19,vax_A_0.2,vax_A,0.2
149,A,0.1792534337458817,3.1226757945737134e-5,0.8207153394961711,6,19,vax_A_0.2,vax_A,0.2
149,C,0.4189217776881455,1.0641607542742688e-4,0.5809718062364271,6,19,vax_A_0.2,vax_A,0.2
150,A,0.17924978382577433,2.8870076209621794e-5,0.8207213460980171,6,19,vax_A_0.2,vax_A,0.2
150,C,0.4189093468963891,9.837798677208381e-5,0.5809922751168392,6,19,vax_A_0.2,vax_A,0.2
151,A,0.1792464095748644,2.6691062922546482e-5,0.8207268993622128,6,19,vax_A_0.2,vax_A,0.2
151,C,0.41889785544054153,9.094670554919812e-5,0.5810111978539092,6,19,vax_A_0.2,vax_A,0.2
152,A,0.17924329018357754,2.4676348332655816e-5,0.8207320334680894,6,19,vax_A_0.2,vax_A,0.2
152,C,0.4188872323531494,8.40764732809665e-5,0.5810286911735703,6,19,vax_A_0.2,vax_A,0.2
153,A,0.17924040641175637,2.2813565630106433e-5,0.8207367800226135,6,19,vax_A_0.2,vax_A,0.2
153,C,0.4188774120264016,7.772497474411588e-5,0.5810448629988539,6,19,vax_A_0.2,vax_A,0.2
154,A,0.1792377404704865,2.1091276112326805e-5,0.8207411682534007,6,19,vax_A_0.2,vax_A,0.2
154,C,0.41886833380764515,7.185307994180648e-5,0.5810598131124133,6,19,vax_A_0.2,vax_A,0.2
155,A,0.17923527591279836,1.9498899880665686e-5,0.8207452251873197,6,19,vax_A_0.2,vax_A,0.2
155,C,0.4188599416253841,6.642460524672836e-5,0.5810736337693693,6,19,vax_A_0.2,vax_A,0.2
156,A,0.1792329975325759,1.802665166839982e-5,0.8207489758157551,6,19,vax_A_0.2,vax_A,0.2
156,C,0.4188521836434787,6.140609232674354e-5,0.5810864102641947,6,19,vax_A_0.2,vax_A,0.2
157,A,0.17923089127106515,1.6665481425280765e-5,0.8207524432475097,6,19,vax_A_0.2,vax_A,0.2
157,C,0.41884501194140444,5.676660354621247e-5,0.5810982214550485,6,19,vax_A_0.2,vax_A,0.2
158,A,0.17922894413040952,1.5407019310764457e-5,0.8207556488502796,6,19,vax_A_0.2,vax_A,0.2
158,C,0.4188383822186335,5.247753263067613e-5,0.5811091402487358,6,19,vax_A_0.2,vax_A,0.2
159,A,0.17922714409368518,1.4243524772837661e-5,0.820758612381542,6,19,vax_A_0.2,vax_A,0.2
159,C,0.4188322535212979,4.8512429469136305e-5,0.5811192340492339,6,19,vax_A_0.2,vax_A,0.2
160,A,0.1792254800509544,1.3167839412777361e-5,0.820761352109633,6,19,vax_A_0.2,vax_A,0.2
160,C,0.41882658798948547,4.484683801071247e-5,0.5811285651725038,6,19,vax_A_0.2,vax_A,0.2
161,A,0.17922394173088066,1.2173343357782816e-5,0.8207638849257619,6,19,vax_A_0.2,vax_A,0.2
161,C,0.4188213506235996,4.145814628812372e-5,0.5811371912301126,6,19,vax_A_0.2,vax_A,0.2
162,A,0.17922251963749064,1.12539148833321e-5,0.820766226447626,6,19,vax_A_0.2,vax_A,0.2
162,C,0.41881650906834006,3.832544766981065e-5,0.5811451654839904,6,19,vax_A_0.2,vax_A,0.2
163,A,0.1792212049916976,1.0403893045661628e-5,0.8207683911152569,6,19,vax_A_0.2,vax_A,0.2
163,C,0.4188120334129926,3.542941250724755e-5,0.5811525371745009,6,19,vax_A_0.2,vax_A,0.2
164,A,0.17921998967722855,9.618043102125178e-6,0.8207703922796711,6,19,vax_A_0.2,vax_A,0.2
164,C,0.4188078960067888,3.27521694048468e-5,0.5811593518238061,6,19,vax_A_0.2,vax_A,0.2
165,A,0.17921886619061958,8.891524513369065e-6,0.8207722422848666,6,19,vax_A_0.2,vax_A,0.2
165,C,0.41880407128820896,3.027719539662699e-5,0.5811656515163943,6,19,vax_A_0.2,vax_A,0.2
166,A,0.17921782759498667,8.219861336263992e-6,0.8207739525436765,6,19,vax_A_0.2,vax_A,0.2
166,C,0.418800535627158,2.7989214366331868e-5,0.5811714751584757,6,19,vax_A_0.2,vax_A,0.2
167,A,0.1792168674772708,7.598914830442248e-6,0.8207755336078981,6,19,vax_A_0.2,vax_A,0.2
167,C,0.4187972671790717,2.5874103096285916e-5,0.5811768587178321,6,19,vax_A_0.2,vax_A,0.2
168,A,0.17921597990870913,7.024858114216094e-6,0.8207769952331764,6,19,vax_A_0.2,vax_A,0.2
168,C,0.41879424575002716,2.3918804375432615e-5,0.5811818354455984,6,19,vax_A_0.2,vax_A,0.2
169,A,0.1792151594082872,6.4941527176733725e-6,0.8207783464389956,6,19,vax_A_0.2,vax_A,0.2
169,C,0.4187914526720423,2.2111246639048193e-5,0.5811864360813188,6,19,vax_A_0.2,vax_A,0.2
170,A,0.17921440090894236,6.0035268919163885e-6,0.8207795955641654,6,19,vax_A_0.2,vax_A,0.2
170,C,0.4187888706877977,2.0440269651664222e-5,0.5811906890425513,6,19,vax_A_0.2,vax_A,0.2
171,A,0.17921369972632,5.549955543772249e-6,0.8207807503181358,6,19,vax_A_0.2,vax_A,0.2
171,C,0.4187864838440522,1.889555578090716e-5,0.5811946206001685,6,19,vax_A_0.2,vax_A,0.2
172,A,0.17921305152988065,5.130641674901972e-6,0.8207818178284446,6,19,vax_A_0.2,vax_A,0.2
172,C,0.4187842773931173,1.746756644341883e-5,0.581198255040439,6,19,vax_A_0.2,vax_A,0.2
173,A,0.1792124523161909,4.742999213199627e-6,0.8207828046845951,6,19,vax_A_0.2,vax_A,0.2
173,C,0.4187822377017738,1.614748333533874e-5,0.5812016148148904,6,19,vax_A_0.2,vax_A,0.2
174,A,0.1792118983842271,4.384637132624765e-6,0.8207837169786404,6,19,vax_A_0.2,vax_A,0.2
174,C,0.4187803521670614,1.4927154088538676e-5,0.58120472067885,6,19,vax_A_0.2,vax_A,0.2
175,A,0.17921138631253966,4.053344765164928e-6,0.8207845603426949,6,19,vax_A_0.2,vax_A,0.2
175,C,0.41877860913843273,1.3799042019901167e-5,0.5812075918195475,6,19,vax_A_0.2,vax_A,0.2
176,A,0.17921091293814534,3.747078215978878e-6,0.8207853399836387,6,19,vax_A_0.2,vax_A,0.2
176,C,0.4187769978457894,1.2756179666914492e-5,0.5812102459745421,6,19,vax_A_0.2,vax_A,0.2
177,A,0.17921047533700857,3.463947799222045e-6,0.8207860607151928,6,19,vax_A_0.2,vax_A,0.2
177,C,0.4187755083329556,1.179212582501682e-5,0.5812126995412198,6,19,vax_A_0.2,vax_A,0.2
178,A,0.17921007080599582,3.2022064181890296e-6,0.8207867269875859,6,19,vax_A_0.2,vax_A,0.2
178,C,0.4187741313961674,1.0900925823445605e-5,0.5812149676780086,6,19,vax_A_0.2,vax_A,0.2
179,A,0.17920969684619417,2.9602388190763845e-6,0.8207873429149869,6,19,vax_A_0.2,vax_A,0.2
179,C,0.4187728585272244,1.0077074796027663e-5,0.5812170643979796,6,19,vax_A_0.2,vax_A,0.2
180,A,0.17920935114748568,2.7365516529370295e-6,0.8207879123008622,6,19,vax_A_0.2,vax_A,0.2
180,C,0.4187716818609245,9.31548372164318e-6,0.5812190026553532,6,19,vax_A_0.2,vax_A,0.2
181,A,0.17920903157428975,2.5297642852699742e-6,0.8207884386614249,6,19,vax_A_0.2,vax_A,0.2
181,C,0.4187705941264724,8.611448025987808e-6,0.5812207944254992,6,19,vax_A_0.2,vax_A,0.2
182,A,0.1792087361523789,2.338600297193578e-6,0.8207889252473232,6,19,vax_A_0.2,vax_A,0.2
182,C,0.41876958860256913,7.96061855184081e-6,0.5812224507788781,6,19,vax_A_0.2,vax_A,0.2
183,A,0.17920846305669136,2.161879626324484e-6,0.8207893750636824,6,19,vax_A_0.2,vax_A,0.2
183,C,0.41876865907587496,7.358974719482437e-6,0.5812239819494055,6,19,vax_A_0.2,vax_A,0.2
184,A,0.17920821060006287,1.998511299354708e-6,0.8207897908886366,6,19,vax_A_0.2,vax_A,0.2
184,C,0.418767799802632,6.802799712291167e-6,0.5812253973976561,6,19,vax_A_0.2,vax_A,0.2
185,A,0.17920797722281095,1.8474867119057866e-6,0.8207901752904779,6,19,vax_A_0.2,vax_A,0.2
185,C,0.4187670054731725,6.288657534950725e-6,0.5812267058692926,6,19,vax_A_0.2,vax_A,0.2
186,A,0.17920776148310286,1.70787341455798e-6,0.8207905306434826,6,19,vax_A_0.2,vax_A,0.2
186,C,0.4187662711791192,5.813371803159068e-6,0.5812279154490786,6,19,vax_A_0.2,vax_A,0.2
187,A,0.17920756204805452,1.5788093670245439e-6,0.8207908591425788,6,19,vax_A_0.2,vax_A,0.2
187,C,0.41876559238305033,5.37400613433031e-6,0.5812290336108158,6,19,vax_A_0.2,vax_A,0.2
188,A,0.17920737768549805,1.4594976252852436e-6,0.8207911628168773,6,19,vax_A_0.2,vax_A,0.2
188,C,0.4187649648904741,4.967846018588463e-6,0.5812300672635078,6,19,vax_A_0.2,vax_A,0.2
189,A,0.17920720725637393,1.3492014291271387e-6,0.8207914435421971,6,19,vax_A_0.2,vax_A,0.2
189,C,0.4187643848239051,4.592382058430948e-6,0.5812310227940355,6,19,vax_A_0.2,vax_A,0.2
190,A,0.17920704970769608,1.2472396599789942e-6,0.8207917030526436,6,19,vax_A_0.2,vax_A,0.2
190,C,0.4187638485989138,4.245294473840941e-6,0.5812319061066128,6,19,vax_A_0.2,vax_A,0.2
191,A,0.1792069040660485,1.1529826411824041e-6,0.8207919429513102,6,19,vax_A_0.2,vax_A,0.2
191,C,0.4187633529019694,3.924438777397046e-6,0.5812327226592523,6,19,vax_A_0.2,vax_A,0.2
192,A,0.17920676943157293,1.0658482549305834e-6,0.8207921647201731,6,19,vax_A_0.2,vax_A,0.2
192,C,0.41876289466997735,3.6278325311116506e-6,0.5812334774974914,6,19,vax_A_0.2,vax_A,0.2
193,A,0.17920664497241237,9.852983520404268e-7,0.8207923697292354,6,19,vax_A_0.2,vax_A,0.2
193,C,0.4187624710713437,3.3536431033856174e-6,0.5812341752855535,6,19,vax_A_0.2,vax_A,0.2
194,A,0.17920652991957195,9.108354325112296e-7,0.8207925592449966,6,19,vax_A_0.2,vax_A,0.2
194,C,0.41876207948848393,3.1001763506108e-6,0.581234820335166,6,19,vax_A_0.2,vax_A,0.2
195,A,0.17920642356216993,8.419995764733696e-7,0.8207927344382545,6,19,vax_A_0.2,vax_A,0.2
195,C,0.41876171750164665,2.8658661536125656e-6,0.5812354166322,6,19,vax_A_0.2,vax_A,0.2
196,A,0.17920632524304517,7.783656066718313e-7,0.8207928963913481,6,19,vax_A_0.2,vax_A,0.2
196,C,0.41876138287396475,2.6492647444352083e-6,0.5812359678612915,6,19,vax_A_0.2,vax_A,0.2
197,A,0.17920623435469973,7.195404650402373e-7,0.8207930461048337,6,19,vax_A_0.2,vax_A,0.2
197,C,0.4187610735376293,2.449033763804539e-6,0.5812364774286067,6,19,vax_A_0.2,vax_A,0.2
198,A,0.17920615033554566,6.651607872326751e-7,0.82079318450366745,6,19,vax_A_0.2,vax_A,0.2
198,C,0.41876078758111634,2.263935994103867e-6,0.5812369484828894,6,19,vax_A_0.2,vax_A,0.2
199,A,0.17920607266643365,6.148906601935263e-7,0.8207933124429058,6,19,vax_A_0.2,vax_A,0.2
199,C,0.4187605232373734,2.0928277168591356e-6,0.5812373839349085,6,19,vax_A_0.2,vax_A,0.2
200,A,0.17920600086744992,5.684195489681505e-7,0.8207934307130024,6,19,vax_A_0.2,vax_A,0.2
200,C,0.418760278872902,1.9346516475794323e-6,0.5812377864754497,6,19,vax_A_0.2,vax_A,0.2
201,A,0.17920593449494723,5.254603799953445e-7,0.8207935400446713,6,19,vax_A_0.2,vax_A,0.2
201,C,0.41876005297766117,1.7884304043569192e-6,0.5812381585919337,6,19,vax_A_0.2,vax_A,0.2
202,A,0.1792058731388091,4.857477690825608e-7,0.8207936411134218,6,19,vax_A_0.2,vax_A,0.2
202,C,0.4187598441557399,1.6532604699183559e-6,0.5812385025837906,6,19,vax_A_0.2,vax_A,0.2
203,A,0.1792058164199112,4.490363831526527e-7,0.8207937345437061,6,19,vax_A_0.2,vax_A,0.2
203,C,0.418759651116728,1.5283066098608211e-6,0.5812388205766621,6,19,vax_A_0.2,vax_A,0.2
204,A,0.17920576398778185,4.150994256726183e-7,0.8207938209127921,6,19,vax_A_0.2,vax_A,0.2
204,C,0.4187594726677475,1.4127967126172706e-6,0.5812391145355399,6,19,vax_A_0.2,vax_A,0.2
205,A,0.1792057155184365,3.837272364345674e-7,0.8207939007543271,6,19,vax_A_0.2,vax_A,0.2
205,C,0.4187593077060752,1.306017019298298e-6,0.581239386276906,6,19,vax_A_0.2,vax_A,0.2
206,A,0.17920567071237609,3.547259970620317e-7,0.8207939745616284,6,19,vax_A_0.2,vax_A,0.2
206,C,0.41875915521233253,1.2073077139613004e-6,0.581239637479953,6,19,vax_A_0.2,vax_A,0.2
207,A,0.1792056292927354,3.279165342645811e-7,0.8207940427907296,6,19,vax_A_0.2,vax_A,0.2
207,C,0.4187590142441868,1.1160588470810313e-6,0.581239869696965,6,19,vax_A_0.2,vax_A,0.2
208,A,0.17920559100357542,3.031332134648073e-7,0.8207941058632128,6,19,vax_A_0.2,vax_A,0.2
208,C,0.41875888393052807,1.0317065670508813e-6,0.5812400843629061,6,19,vax_A_0.2,vax_A,0.2
209,A,0.17920555560829793,2.8022291597762107e-7,0.8207941641687871,6,19,vax_A_0.2,vax_A,0.2
209,C,0.41875876346608,9.537296364448636e-7,0.5812402828042834,6,19,vax_A_0.2,vax_A,0.2
210,A,0.17920552288818706,2.590440934359549e-7,0.8207942180677187,6,19,vax_A_0.2,vax_A,0.2
210,C,0.41875865210643415,8.816462115274167e-7,0.5812404662473528,6,19,vax_A_0.2,vax_A,0.2
211,A,0.1792054926410577,2.3946589363234444e-7,0.8207942678930482,6,19,vax_A_0.2,vax_A,0.2
211,C,0.41875854916344474,8.150108651228043e-7,0.5812406358256894,6,19,vax_A_0.2,vax_A,0.2
212,A,0.1792054646800041,2.2136735238551766e-7,0.8207943139526437,6,19,vax_A_0.2,vax_A,0.2
212,C,0.41875845400097444,7.534118344576333e-7,0.581240792587192,6,19,vax_A_0.2,vax_A,0.2
213,A,0.1792054388322462,2.046366464477111e-7,0.8207943565311079,6,19,vax_A_0.2,vax_A,0.2
213,C,0.4187583660309642,6.964684769791216e-7,0.58124093750056,6,19,vax_A_0.2,vax_A,0.2
214,A,0.1792054149380632,1.8917040284435738e-7,0.8207943958915344,6,19,vax_A_0.2,vax_A,0.2
214,C,0.4187582847098034,6.43828918435292e-7,0.5812410714612782,6,19,vax_A_0.2,vax_A,0.2
215,A,0.17920539284980513,1.7487306038518512e-7,0.8207944322771334,6,19,vax_A_0.2,vax_A,0.2
215,C,0.4187582095349674,5.951678786890941e-7,0.5812411952971537,6,19,vax_A_0.2,vax_A,0.2
216,A,0.17920537243098117,1.6165627940764263e-7,0.8207944659127383,6,19,vax_A_0.2,vax_A,0.2
216,C,0.41875814004191175,5.50184661837999e-7,0.5812413097734259,6,19,vax_A_0.2,vax_A,0.2
217,A,0.1792053535554164,1.494383961105073e-7,0.8207944970061868,6,19,vax_A_0.2,vax_A,0.2
217,C,0.41875807580120306,5.086012982236808e-7,0.5812414155974984,6,19,vax_A_0.2,vax_A,0.2
218,A,0.17920533610647213,1.3814391811041746e-7,0.8207945257496102,6,19,vax_A_0.2,vax_A,0.2
218,C,0.41875801641586496,4.701608268544159e-7,0.5812415134233088,6,19,vax_A_0.2,vax_A,0.2
219,A,0.17920531997632402,1.277030581081657e-7,0.8207945523206187,6,19,vax_A_0.2,vax_A,0.2
219,C,0.41875796151892447,4.3462570762989633e-7,0.5812416038553686,6,19,vax_A_0.2,vax_A,0.2
220,A,0.17920530506529833,1.1805130278658047e-7,0.8207945768833995,6,19,vax_A_0.2,vax_A,0.2
220,C,0.4187579107711439,4.0177635355989994e-7,0.5812416874525026,6,19,vax_A_0.2,vax_A,0.2
221,A,0.1792052912812537,1.091290142790719e-7,0.8207945995897322,6,19,vax_A_0.2,vax_A,0.2
221,C,0.41875786385892777,3.714097739093186e-7,0.5812417647312986,6,19,vax_A_0.2,vax_A,0.2
222,A,0.17920527853901297,1.0088106174877644e-7,0.8207946205799256,6,19,vax_A_0.2,vax_A,0.2
222,C,0.4187578204923786,3.4333831988711306e-7,0.5812418361693003,6,19,vax_A_0.2,vax_A,0.2
223,A,0.1792052667598366,9.325648080393962e-8,0.8207946399836822,6,19,vax_A_0.2,vax_A,0.2
223,C,0.4187577804035153,3.1738852513001485e-7,0.5812419022079609,6,19,vax_A_0.2,vax_A,0.2
224,A,0.1792052558709362,8.620815864688833e-8,0.8207946579209049,6,19,vax_A_0.2,vax_A,0.2
224,C,0.4187577433446043,2.9340003381736285e-7,0.5812419632553619,6,19,vax_A_0.2,vax_A,0.2
225,A,0.17920524580502495,7.969254301270278e-8,0.8207946745024318,6,19,vax_A_0.2,vax_A,0.2
225,C,0.41875770908663995,2.712246097947307e-7,0.5812420196887498,6,19,vax_A_0.2,vax_A,0.2
226,A,0.17920523649990047,7.366937310047645e-8,0.8207946898307256,6,19,vax_A_0.2,vax_A,0.2
226,C,0.4187576774179239,2.5072522058440535e-7,0.5812420718568535,6,19,vax_A_0.2,vax_A,0.2
227,A,0.17920522789806298,6.810143083530564e-8,0.8207947040005064,6,19,vax_A_0.2,vax_A,0.2
227,C,0.41875764814276123,2.3177519062183915e-7,0.5812421200820485,6,19,vax_A_0.2,vax_A,0.2
228,A,0.1792052199463564,6.295431010807822e-8,0.8207947170993338,6,19,vax_A_0.2,vax_A,0.2
228,C,0.4187576210802376,2.1425741570624269e-7,0.5812421646623475,6,19,vax_A_0.2,vax_A,0.2
229,A,0.17920521259562547,5.8196194391367056e-8,0.8207947292081798,6,19,vax_A_0.2,vax_A,0.2
229,C,0.4187575960630586,1.9806360597300476e-7,0.5812422058733331,6,19,vax_A_0.2,vax_A,0.2
230,A,0.17920520580044202,5.379767889738449e-8,0.820794740401879,6,19,vax_A_0.2,vax_A,0.2
230,C,0.41875757293661575,1.8309368050583803e-7,0.5812422439697033,6,19,vax_A_0.2,vax_A,0.2
231,A,0.17920519951883002,4.973159395726081e-8,0.8207947507495753,6,19,vax_A_0.2,vax_A,0.2
231,C,0.41875755155804784,1.6925516611369356e-7,0.5812422791867855,6,19,vax_A_0.2,vax_A,0.2
232,A,0.17920519371198884,4.597282431502355e-8,0.8207947603151875,6,19,vax_A_0.2,vax_A,0.2
232,C,0.41875753179529784,1.5646258220492192e-7,0.5812423117421185,6,19,vax_A_0.2,vax_A,0.2
233,A,0.17920518834414562,4.249821536394846e-8,0.8207947691576384,6,19,vax_A_0.2,vax_A,0.2
233,C,0.41875751352662116,1.4463712159281627e-7,0.5812423418362563,6,19,vax_A_0.2,vax_A,0.2
234,A,0.17920518338230157,3.928640717836382e-8,0.8207947773312917,6,19,vax_A_0.2,vax_A,0.2
234,C,0.4187574966397071,1.3370608556744628e-7,0.5812423696542083,6,19,vax_A_0.2,vax_A,0.2
235,A,0.17920517879565848,3.6317464933854925e-8,0.8207947848868773,6,19,vax_A_0.2,vax_A,0.2
235,C,0.41875748102973837,1.2360162593736394e-7,0.5812423953686368,6,19,vax_A_0.2,vax_A,0.2
236,A,0.17920517455568746,3.3572922208514326e-8,0.8207947918713906,6,19,vax_A_0.2,vax_A,0.2
236,C,0.41875746659962,1.1426089239644104e-7,0.581242419139488,6,19,vax_A_0.2,vax_A,0.2
237,A,0.17920517063242156,3.103338186837653e-8,0.8207947983341962,6,19,vax_A_0.2,vax_A,0.2
237,C,0.4187574532473639,1.0561786717808024e-7,0.5812424411347676,6,19,vax_A_0.2,vax_A,0.2
238,A,0.17920516700296957,2.8684026538872232e-8,0.8207948043130044,6,19,vax_A_0.2,vax_A,0.2
238,C,0.4187574408950629,9.762211978521624e-8,0.5812424614828184,6,19,vax_A_0.2,vax_A,0.2
239,A,0.1792051636426197,2.6508860621221125e-8,0.8207948098485193,6,19,vax_A_0.2,vax_A,0.2
239,C,0.4187574294586127,9.021920997532528e-8,0.5812424803221778,6,19,vax_A_0.2,vax_A,0.2
240,A,0.1792051606586723,2.4577339872567494e-8,0.820794814763987,6,19,vax_A_0.2,vax_A,0.2
240,C,0.41875741930319565,8.364552280664411e-8,0.5812424970512827,6,19,vax_A_0.2,vax_A,0.2
241,A,0.17920515789214567,2.2786555482401203e-8,0.8207948193212982,6,19,vax_A_0.2,vax_A,0.2
241,C,0.4187574098877371,7.755081727640336e-8,0.5812425125614453,6,19,vax_A_0.2,vax_A,0.2
242,A,0.17920515532719777,2.1126253034393986e-8,0.8207948235465504,6,19,vax_A_0.2,vax_A,0.2
242,C,0.41875740115832283,7.190019314414303e-8,0.5812425269414849,6,19,vax_A_0.2,vax_A,0.2
243,A,0.1792051529491405,1.9586925271032326e-8,0.8207948274639351,6,19,vax_A_0.2,vax_A,0.2
243,C,0.41875739306496407,6.666129312241308e-8,0.5812425402737426,6,19,vax_A_0.2,vax_A,0.2
244,A,0.17920515074435645,1.8159757652360917e-8,0.8207948310958865,6,19,vax_A_0.2,vax_A,0.2
244,C,0.41875738556131625,6.180411758287792e-8,0.5812425526345663,6,19,vax_A_0.2,vax_A,0.2
245,A,0.17920514870022045,1.6836577883993638e-8,0.8207948344632018,6,19,vax_A_0.2,vax_A,0.2
245,C,0.41875737860441054,5.730085276992512e-8,0.5812425640947366,6,19,vax_A_0.2,vax_A,0.2
246,A,0.17920514680502755,1.5609809122458787e-8,0.8207948375851641,6,19,vax_A_0.2,vax_A,0.2
246,C,0.41875737215440945,5.312571153110512e-8,0.5812425747198797,6,19,vax_A_0.2,vax_A,0.2
247,A,0.17920514504792456,1.447242658996416e-8,0.8207948404796479,6,19,vax_A_0.2,vax_A,0.2
247,C,0.4187573661743781,4.925478565239663e-8,0.5812425845708363,6,19,vax_A_0.2,vax_A,0.2
248,A,0.17920514341885047,1.3417917350185769e-8,0.8207948431632321,6,19,vax_A_0.2,vax_A,0.2
248,C,0.41875736063007263,4.5665908952746726e-8,0.5812425937040181,6,19,vax_A_0.2,vax_A,0.2
249,A,0.17920514190847642,1.2440243014778246e-8,0.8207948456512808,6,19,vax_A_0.2,vax_A,0.2
249,C,0.41875735548974524,4.233853035394037e-8,0.581242602171724,6,19,vax_A_0.2,vax_A,0.2
250,A,0.17920514050815312,1.1533805167084745e-8,0.8207948479580421,6,19,vax_A_0.2,vax_A,0.2
250,C,0.4187573507239604,3.925359619897258e-8,0.5812426100224443,6,19,vax_A_0.2,vax_A,0.2
251,A,0.17920513920986217,1.0693413305077982e-8,0.8207948500967245,6,19,vax_A_0.2,vax_A,0.2
251,C,0.4187573463054274,3.639344114505545e-8,0.5812426173011314,6,19,vax_A_0.2,vax_A,0.2
252,A,0.1792051380061693,9.914255119987331e-9,0.8207948520795758,6,19,vax_A_0.2,vax_A,0.2
252,C,0.4187573422088439,3.374168700649087e-8,0.5812426240494688,6,19,vax_A_0.2,vax_A,0.2
253,A,0.17920513689018164,9.191868940438748e-9,0.8207948539179487,6,19,vax_A_0.2,vax_A,0.2
253,C,0.41875733841075147,3.12831489681603e-8,0.5812426303060984,6,19,vax_A_0.2,vax_A,0.2
254,A,0.179205135855509,8.522118184332191e-9,0.8207948556223731,6,19,vax_A_0.2,vax_A,0.2
254,C,0.4187573348894026,2.9003748632589426e-8,0.5812426361068491,6,19,vax_A_0.2,vax_A,0.2
255,A,0.17920513489622564,7.901167672175303e-9,0.8207948572026056,6,19,vax_A_0.2,vax_A,0.2
255,C,0.4187573316246309,2.6890433402675155e-8,0.5812426414849352,6,19,vax_A_0.2,vax_A,0.2
256,A,0.17920513400683924,7.32546166625036e-9,0.8207948586676983,6,19,vax_A_0.2,vax_A,0.2
256,C,0.41875732859774284,2.493110173844093e-8,0.5812426464711554,6,19,vax_A_0.2,vax_A,0.2
257,A,0.17920513318225706,6.791703509871217e-9,0.82079486002604,6,19,vax_A_0.2,vax_A,0.2
257,C,0.41875732579140346,2.3114533859821734e-8,0.5812426510940625,6,19,vax_A_0.2,vax_A,0.2
258,A,0.17920513241775649,6.2968367501494535e-9,0.8207948612854072,6,19,vax_A_0.2,vax_A,0.2
258,C,0.4187573231895447,2.1430327498666622e-8,0.581242655380128,6,19,vax_A_0.2,vax_A,0.2
259,A,0.17920513170896007,5.838027636181322e-9,0.8207948624530131,6,19,vax_A_0.2,vax_A,0.2
259,C,0.4187573207772658,1.986883833205661e-8,0.5812426593538953,6,19,vax_A_0.2,vax_A,0.2
260,A,0.179205131051809,5.4126488916466545e-9,0.8207948635355424,6,19,vax_A_0.2,vax_A,0.2
260,C,0.418757318540755,1.8421124732180262e-8,0.5812426630381211,6,19,vax_A_0.2,vax_A,0.2
261,A,0.17920513044254022,5.018264672510543e-9,0.820794864539195,6,19,vax_A_0.2,vax_A,0.2
261,C,0.4187573164672031,1.7078896632564582e-8,0.5812426664538998,6,19,vax_A_0.2,vax_A,0.2
262,A,0.17920512987766504,4.65261661743851e-9,0.8207948654697188,6,19,vax_A_0.2,vax_A,0.2
262,C,0.4187573145447387,1.5834467995784163e-8,0.5812426696207941,6,19,vax_A_0.2,vax_A,0.2
263,A,0.17920512935394858,4.313610916014119e-9,0.8207948663324408,6,19,vax_A_0.2,vax_A,0.2
263,C,0.41875731276235184,1.4680712810098886e-8,0.5812426725569372,6,19,vax_A_0.2,vax_A,0.2
264,A,0.17920512886839193,3.9993063192337235e-9,0.8207948671323025,6,19,vax_A_0.2,vax_A,0.2
264,C,0.4187573111098349,1.36110242897855e-8,0.5812426752791409,6,19,vax_A_0.2,vax_A,0.2
265,A,0.17920512841821473,3.7079030234700535e-9,0.8207948678738829,6,19,vax_A_0.2,vax_A,0.2
265,C,0.4187573095777264,1.2619277042547768e-8,0.5812426778029967,6,19,vax_A_0.2,vax_A,0.2
266,A,0.1792051280008388,3.437732364373719e-9,0.8207948685614301,6,19,vax_A_0.2,vax_A,0.2
266,C,0.4187573081572538,1.1699791993535538e-8,0.581242680142955,6,19,vax_A_0.2,vax_A,0.2
267,A,0.17920512761387433,3.1872472616994326e-9,0.8207948691988781,6,19,vax_A_0.2,vax_A,0.2
267,C,0.41875730684028023,1.0847303865118133e-8,0.5812426823124153,6,19,vax_A_0.2,vax_A,0.2
268,A,0.17920512725510548,2.955013360343803e-9,0.8207948697898804,6,19,vax_A_0.2,vax_A,0.2
268,C,0.4187573056192676,1.0056931026190869e-8,0.5812426843238027,6,19,vax_A_0.2,vax_A,0.2
269,A,0.17920512692247786,2.739700816867662e-9,0.8207948703378212,6,19,vax_A_0.2,vax_A,0.2
269,C,0.4187573044872216,9.324147538362511e-9,0.5812426861886314,6,19,vax_A_0.2,vax_A,0.2
270,A,0.1792051266140869,2.5400766844720724e-9,0.8207948708458361,6,19,vax_A_0.2,vax_A,0.2
270,C,0.4187573034376607,8.644757238952861e-9,0.5812426879175829,6,19,vax_A_0.2,vax_A,0.2
271,A,0.17920512632816607,2.3549978528236914e-9,0.8207948713168361,6,19,vax_A_0.2,vax_A,0.2
271,C,0.41875730246457343,8.014869712390579e-9,0.5812426895205568,6,19,vax_A_0.2,vax_A,0.2
272,A,0.17920512606307834,2.183404502302241e-9,0.8207948717535176,6,19,vax_A_0.2,vax_A,0.2
272,C,0.4187573015623895,7.430878012417167e-9,0.5812426910067323,6,19,vax_A_0.2,vax_A,0.2
273,A,0.17920512581730622,2.024314035188338e-9,0.8207948721583805,6,19,vax_A_0.2,vax_A,0.2
273,C,0.41875730072594225,6.889438007527044e-9,0.5812426923846201,6,19,vax_A_0.2,vax_A,0.2
274,A,0.1792051255894418,1.876815449041001e-9,0.8207948725337434,6,19,vax_A_0.2,vax_A,0.2
274,C,0.4187572999504409,6.3874492313696986e-9,0.5812426936621093,6,19,vax_A_0.2,vax_A,0.2
275,A,0.17920512537818029,1.7400641200459057e-9,0.8207948728817568,6,19,vax_A_0.2,vax_A,0.2
275,C,0.4187572992314458,5.922037128457232e-9,0.5812426948465167,6,19,vax_A_0.2,vax_A,0.2
276,A,0.179205125182312,1.6132769664631568e-9,0.8207948732044116,6,19,vax_A_0.2,vax_A,0.2
276,C,0.4187572985648392,5.4905365935107024e-9,0.5812426959446243,6,19,vax_A_0.2,vax_A,0.2
277,A,0.1792051250007151,1.4957279644796795e-9,0.8207948735035563,6,19,vax_A_0.2,vax_A,0.2
277,C,0.41875729794680366,5.090476710186389e-9,0.5812426969627202,6,19,vax_A_0.2,vax_A,0.2
278,A,0.17920512483235018,1.3867439907892506e-9,0.8207948737809042,6,19,vax_A_0.2,vax_A,0.2
278,C,0.41875729737380024,4.7195666017912516e-9,0.5812426979066326,6,19,vax_A_0.2,vax_A,0.2
279,A,0.1792051246762535,1.285700968094031e-9,0.820794874038046,6,19,vax_A_0.2,vax_A,0.2
279,C,0.4187572968425476,4.37568231296413e-9,0.5812426987817695,6,19,vax_A_0.2,vax_A,0.2
280,A,0.17920512453153015,1.19202029012072e-9,0.8207948742764498,6,19,vax_A_0.2,vax_A,0.2
280,C,0.4187572963500056,4.0568546470681985e-9,0.5812426995931407,6,19,vax_A_0.2,vax_A,0.2
281,A,0.17920512439735162,1.1051655122882203e-9,0.8207948744974829,6,19,vax_A_0.2,vax_A,0.2
281,C,0.4187572958933497,3.7612578903123825e-9,0.5812427003453916,6,19,vax_A_0.2,vax_A,0.2
282,A,0.17920512427295004,1.0246392763367758e-9,0.8207948747024111,6,19,vax_A_0.2,vax_A,0.2
282,C,0.41875729546996876,3.4871993567567606e-9,0.581242701042832,6,19,vax_A_0.2,vax_A,0.2
283,A,0.1792051241576127,9.49980462872272e-10,0.8207948748924068,6,19,vax_A_0.2,vax_A,0.2
283,C,0.41875729507743636,3.23310969548567e-9,0.5812427016894532,6,19,vax_A_0.2,vax_A,0.2
284,A,0.1792051240506794,8.807615512208695e-10,0.8207948750685589,6,19,vax_A_0.2,vax_A,0.2
284,C,0.41875729471350526,2.9975339040184245e-9,0.5812427022889605,6,19,vax_A_0.2,vax_A,0.2
285,A,0.17920512395153743,8.165861713162511e-10,0.8207948752318768,6,19,vax_A_0.2,vax_A,0.2
285,C,0.41875729437609194,2.779122996480725e-9,0.5812427028447852,6,19,vax_A_0.2,vax_A,0.2
286,A,0.17920512385961948,7.570868339639583e-10,0.8207948753832931,6,19,vax_A_0.2,vax_A,0.2
286,C,0.41875729406326334,2.576626278862319e-9,0.5812427033601107,6,19,vax_A_0.2,vax_A,0.2
287,A,0.17920512377439865,7.019228264857242e-10,0.8207948755236778,6,19,vax_A_0.2,vax_A,0.2
287,C,0.41875729377322807,2.3888841871262897e-9,0.5812427038378865,6,19,vax_A_0.2,vax_A,0.2
288,A,0.17920512369538763,6.507782616937285e-10,0.8207948756538337,6,19,vax_A_0.2,vax_A,0.2
288,C,0.41875729350432717,2.21482164715882e-9,0.5812427042808515,6,19,vax_A_0.2,vax_A,0.2
289,A,0.17920512362213373,6.033602690227373e-10,0.8207948757745064,6,19,vax_A_0.2,vax_A,0.2
289,C,0.4187572932550176,2.053441918536195e-9,0.5812427046915398,6,19,vax_A_0.2,vax_A,0.2
290,A,0.1792051235542173,5.593973174620739e-10,0.820794875886386,6,19,vax_A_0.2,vax_A,0.2
290,C,0.41875729302387493,1.9038208868565708e-9,0.581242705072304,6,19,vax_A_0.2,vax_A,0.2
291,A,0.17920512349124945,5.186376606841119e-10,0.8207948759901129,6,19,vax_A_0.2,vax_A,0.2
291,C,0.41875729280957436,1.7651017719523963e-9,0.5812427054253253,6,19,vax_A_0.2,vax_A,0.2
292,A,0.17920512343286957,4.808478954657001e-10,0.8207948760862824,6,19,vax_A_0.2,vax_A,0.2
292,C,0.4187572926108871,1.6364902216810448e-9,0.5812427057526226,6,19,vax_A_0.2,vax_A,0.2
293,A,0.17920512337874347,4.458116251476594e-10,0.8207948761754451,6,19,vax_A_0.2,vax_A,0.2
293,C,0.4187572924266776,1.517249763199111e-9,0.5812427060560725,6,19,vax_A_0.2,vax_A,0.2
294,A,0.17920512332856114,4.133282204789583e-10,0.8207948762581097,6,19,vax_A_0.2,vax_A,0.2
294,C,0.4187572922558902,1.4066975856727865e-9,0.5812427063374117,6,19,vax_A_0.2,vax_A,0.2
295,A,0.17920512328203522,3.832116707498395e-10,0.8207948763347528,6,19,vax_A_0.2,vax_A,0.2
295,C,0.4187572920975468,1.304200630274787e-9,0.5812427065982516,6,19,vax_A_0.2,vax_A,0.2
296,A,0.1792051232388998,3.5528951863515334e-10,0.8207948764058107,6,19,vax_A_0.2,vax_A,0.2
296,C,0.4187572919507414,1.2091719650778454e-9,0.5812427068400866,6,19,vax_A_0.2,vax_A,0.2
297,A,0.17920512319890713,3.294018726485278e-10,0.8207948764716914,6,19,vax_A_0.2,vax_A,0.2
297,C,0.41875729181463245,1.1210674240861976e-9,0.5812427070643004,6,19,vax_A_0.2,vax_A,0.2
298,A,0.17920512316182813,3.05400491552399e-10,0.8207948765327714,6,19,vax_A_0.2,vax_A,0.2
298,C,0.41875729168844117,1.039382491159066e-9,0.5812427072721771,6,19,vax_A_0.2,vax_A,0.2
299,A,0.17920512312745118,2.831479354809772e-10,0.820794876589401,6,19,vax_A_0.2,vax_A,0.2
299,C,0.4187572915714436,9.636494109824134e-10,0.5812427074649054,6,19,vax_A_0.2,vax_A,0.2
300,A,0.17920512309557904,2.6251677910817105e-10,0.8207948766419045,6,19,vax_A_0.2,vax_A,0.2
300,C,0.41875729146297247,8.934345105107904e-10,0.581242707643593,6,19,vax_A_0.2,vax_A,0.2
301,A,0.17920512306602937,2.4338888139894956e-10,0.8207948766905819,6,19,vax_A_0.2,vax_A,0.2
301,C,0.41875729136240397,8.283357157088725e-10,0.5812427078092605,6,19,vax_A_0.2,vax_A,0.2
302,A,0.1792051230386325,2.2565470960781295e-10,0.8207948767357132,6,19,vax_A_0.2,vax_A,0.2
302,C,0.41875729126916406,7.679802490569756e-10,0.5812427079628575,6,19,vax_A_0.2,vax_A,0.2
303,A,0.1792051230132318,2.0921271197601454e-10,0.8207948767775548,6,19,vax_A_0.2,vax_A,0.2
303,C,0.41875729118271654,7.120224949137602e-10,0.5812427081052608,6,19,vax_A_0.2,vax_A,0.2
304,A,0.17920512298968203,1.9396873616036832e-10,0.8207948768163489,6,19,vax_A_0.2,vax_A,0.2
304,C,0.4187572911025686,6.601420204136504e-10,0.5812427082372901,6,19,vax_A_0.2,vax_A,0.2
305,A,0.17920512296784802,1.7983549008622592e-10,0.8207948768523161,6,19,vax_A_0.2,vax_A,0.2
305,C,0.4187572910282604,6.120417405609537e-10,0.5812427083596974,6,19,vax_A_0.2,vax_A,0.2
306,A,0.1792051229476053,1.6673204208454e-10,0.820794876885663,6,19,vax_A_0.2,vax_A,0.2
306,C,0.4187572909593668,5.674462170216973e-10,0.5812427084731868,6,19,vax_A_0.2,vax_A,0.2
307,A,0.1792051229288371,1.545833574506458e-10,0.8207948769165789,6,19,vax_A_0.2,vax_A,0.2
307,C,0.4187572908954924,5.26100080871474e-10,0.5812427085784069,6,19,vax_A_0.2,vax_A,0.2
308,A,0.17920512291143675,1.433198687709573e-10,0.8207948769452438,6,19,vax_A_0.2,vax_A,0.2
308,C,0.4187572908362727,4.877665702674515e-10,0.5812427086759603,6,19,vax_A_0.2,vax_A,0.2
309,A,0.17920512289530405,1.3287707755713388e-10,0.8207948769718187,6,19,vax_A_0.2,vax_A,0.2
309,C,0.4187572907813682,4.5222617467073633e-10,0.581242708766406,6,19,vax_A_0.2,vax_A,0.2
310,A,0.17920512288034685,1.2319518490655612e-10,0.8207948769964577,6,19,vax_A_0.2,vax_A,0.2
310,C,0.4187572907304643,4.192753778554935e-10,0.5812427088502609,6,19,vax_A_0.2,vax_A,0.2
311,A,0.17920512286647966,1.1421874907414776e-10,0.8207948770193014,6,19,vax_A_0.2,vax_A,0.2
311,C,0.41875729068326895,3.887254925068338e-10,0.5812427089280053,6,19,vax_A_0.2,vax_A,0.2
312,A,0.17920512285362314,1.0589636799469983e-10,0.8207948770404814,6,19,vax_A_0.2,vax_A,0.2
312,C,0.4187572906395129,3.604015797340246e-10,0.5812427090000875,6,19,vax_A_0.2,vax_A,0.2
313,A,0.17920512284170279,9.81803849377116e-11,0.8207948770601177,6,19,vax_A_0.2,vax_A,0.2
313,C,0.41875729059894434,3.3414144731176583e-10,0.581242709066914,6,19,vax_A_0.2,vax_A,0.2
314,A,0.17920512283065126,9.102661560923966e-11,0.8207948770783231,6,19,vax_A_0.2,vax_A,0.2
314,C,0.41875729056133176,3.097947209131496e-10,0.5812427091288734,6,19,vax_A_0.2,vax_A,0.2
315,A,0.17920512282040488,8.439409513804906e-11,0.8207948770952002,6,19,vax_A_0.2,vax_A,0.2
315,C,0.4187572905264596,2.872219830158537e-10,0.5812427091863172,6,19,vax_A_0.2,vax_A,0.2
316,A,0.17920512281090503,7.824484349723105e-11,0.8207948771108492,6,19,vax_A_0.2,vax_A,0.2
316,C,0.4187572904941291,2.6629397455067817e-10,0.5812427092395756,6,19,vax_A_0.2,vax_A,0.2
317,A,0.17920512280209766,7.254364801801354e-11,0.8207948771253588,6,19,vax_A_0.2,vax_A,0.2
317,C,0.4187572904641541,2.4689085472077525e-10,0.5812427092889543,6,19,vax_A_0.2,vax_A,0.2
318,A,0.17920512279393205,6.725786175037039e-11,0.82079487713881,6,19,vax_A_0.2,vax_A,0.2
318,C,0.41875729043636384,2.2890151475307034e-10,0.5812427093347345,6,19,vax_A_0.2,vax_A,0.2
319,A,0.17920512278636125,6.235721651577786e-11,0.8207948771512827,6,19,vax_A_0.2,vax_A,0.2
319,C,0.41875729041059667,2.122229416521734e-10,0.5812427093771787,6,19,vax_A_0.2,vax_A,0.2
320,A,0.17920512277934192,5.781364956357117e-11,0.8207948771628449,6,19,vax_A_0.2,vax_A,0.2
320,C,0.4187572903867093,1.9675962855778274e-10,0.5812427094165317,6,19,vax_A_0.2,vax_A,0.2
321,A,0.179205122772834,5.360114293063229e-11,0.8207948771735647,6,19,vax_A_0.2,vax_A,0.2
321,C,0.41875729036456066,1.8242302712938495e-10,0.5812427094530154,6,19,vax_A_0.2,vax_A,0.2
322,A,0.1792051227668006,4.9695574399929636e-11,0.8207948771835032,6,19,vax_A_0.2,vax_A,0.2
322,C,0.4187572903440266,1.6913104111588861e-10,0.5812427094868422,6,19,vax_A_0.2,vax_A,0.2
323,A,0.17920512276120662,4.6074579378696735e-11,0.8207948771927179,6,19,vax_A_0.2,vax_A,0.2
323,C,0.4187572903249885,1.568075561482339e-10,0.5812427095182039,6,19,vax_A_0.2,vax_A,0.2
324,A,0.17920512275602032,4.2717422837146323e-11,0.8207948772012617,6,19,vax_A_0.2,vax_A,0.2
324,C,0.41875729030733727,1.4538200381922915e-10,0.5812427095472792,6,19,vax_A_0.2,vax_A,0.2
325,A,0.1792051227512122,3.9604880572794906e-11,0.820794877209184,6,19,vax_A_0.2,vax_A,0.2
325,C,0.4187572902909734,1.3478895758516826e-10,0.5812427095742386,6,19,vax_A_0.2,vax_A,0.2
326,A,0.17920512274675396,3.6719129126283265e-11,0.8207948772165274,6,19,vax_A_0.2,vax_A,0.2
326,C,0.4187572902758005,1.249677581114813e-10,0.5812427095992319,6,19,vax_A_0.2,vax_A,0.2
327,A,0.17920512274262054,3.4043643718314386e-11,0.8207948772233353,6,19,vax_A_0.2,vax_A,0.2
327,C,0.41875729026173514,1.1586216591702466e-10,0.5812427096224049,6,19,vax_A_0.2,vax_A,0.2
328,A,0.1792051227387885,3.156310362326104e-11,0.8207948772296486,6,19,vax_A_0.2,vax_A,0.2
328,C,0.41875729024869157,1.0742003932793678e-10,0.5812427096438875,6,19,vax_A_0.2,vax_A,0.2
329,A,0.1792051227352358,2.9263304437582556e-11,0.8207948772355014,6,19,vax_A_0.2,vax_A,0.2
329,C,0.4187572902366002,9.959303589691515e-11,0.5812427096638066,6,19,vax_A_0.2,vax_A,0.2
330,A,0.17920512273194156,2.713107674067167e-11,0.8207948772409269,6,19,vax_A_0.2,vax_A,0.2
330,C,0.41875729022538943,9.233633557813857e-11,0.5812427096822733,6,19,vax_A_0.2,vax_A,0.2
331,A,0.17920512272888775,2.5154210682355768e-11,0.8207948772459589,6,19,vax_A_0.2,vax_A,0.2
331,C,0.41875729021499647,8.56083840726483e-11,0.5812427096993958,6,19,vax_A_0.2,vax_A,0.2
332,A,0.17920512272605651,2.332138606521682e-11,0.8207948772506225,6,19,vax_A_0.2,vax_A,0.2
332,C,0.4187572902053597,7.937065487448879e-11,0.5812427097152696,6,19,vax_A_0.2,vax_A,0.2
333,A,0.1792051227234312,2.1622107521358605e-11,0.8207948772549468,6,19,vax_A_0.2,vax_A,0.2
333,C,0.4187572901964253,7.358742865501155e-11,0.5812427097299873,6,19,vax_A_0.2,vax_A,0.2
334,A,0.17920512272099748,2.00466444124219e-11,0.8207948772589567,6,19,vax_A_0.2,vax_A,0.2
334,C,0.41875729018814173,6.822558872201693e-11,0.5812427097436328,6,19,vax_A_0.2,vax_A,0.2
335,A,0.17920512271874084,1.8585975108695417e-11,0.8207948772626732,6,19,vax_A_0.2,vax_A,0.2
335,C,0.41875729018046304,6.325443138246747e-11,0.5812427097562837,6,19,vax_A_0.2,vax_A,0.2
336,A,0.17920512271664876,1.7231735328246617e-11,0.8207948772661208,6,19,vax_A_0.2,vax_A,0.2
336,C,0.4187572901733422,5.864549012284351e-11,0.5812427097680122,6,19,vax_A_0.2,vax_A,0.2
337,A,0.1792051227147089,1.5976170240244785e-11,0.8207948772693144,6,19,vax_A_0.2,vax_A,0.2
337,C,0.41875729016674057,5.437237260034088e-11,0.5812427097788866,6,19,vax_A_0.2,vax_A,0.2
338,A,0.17920512271291048,1.481209005820472e-11,0.8207948772722771,6,19,vax_A_0.2,vax_A,0.2
338,C,0.4187572901606202,5.0410609511465037e-11,0.5812427097889682,6,19,vax_A_0.2,vax_A,0.2
339,A,0.17920512271124314,1.3732828868862807e-11,0.8207948772750245,6,19,vax_A_0.2,vax_A,0.2
339,C,0.41875729015494595,4.673751447259416e-11,0.5812427097983172,6,19,vax_A_0.2,vax_A,0.2
340,A,0.17920512270969757,1.2732206463120561e-11,0.8207948772775715,6,19,vax_A_0.2,vax_A,0.2
340,C,0.41875729014968516,4.333205406085518e-11,0.5812427098069827,6,19,vax_A_0.2,vax_A,0.2
341,A,0.17920512270826416,1.1804492938993302e-11,0.8207948772799306,6,19,vax_A_0.2,vax_A,0.2
341,C,0.41875729014480717,4.0174727513110665e-11,0.5812427098150175,6,19,vax_A_0.2,vax_A,0.2
342,A,0.17920512270693553,1.094437589734471e-11,0.8207948772821196,6,19,vax_A_0.2,vax_A,0.2
342,C,0.4187572901402857,3.724745493152988e-11,0.581242709822468,6,19,vax_A_0.2,vax_A,0.2
343,A,0.17920512270570335,1.014693001990553e-11,0.8207948772841485,6,19,vax_A_0.2,vax_A,0.2
343,C,0.4187572901360931,3.453347377155154e-11,0.5812427098293736,6,19,vax_A_0.2,vax_A,0.2
344,A,0.17920512270456154,9.4075888644741e-12,0.8207948772860318,6,19,vax_A_0.2,vax_A,0.2
344,C,0.4187572901322049,3.2017242866799967e-11,0.5812427098357775,6,19,vax_A_0.2,vax_A,0.2
345,A,0.17920512270350245,8.722118715939221e-12,0.8207948772877749,6,19,vax_A_0.2,vax_A,0.2
345,C,0.41875729012860147,2.968435343515903e-11,0.5812427098417143,6,19,vax_A_0.2,vax_A,0.2
346,A,0.17920512270252065,8.08659434261018e-12,0.8207948772893926,6,19,vax_A_0.2,vax_A,0.2
346,C,0.4187572901252597,2.752144656925866e-11,0.5812427098472182,6,19,vax_A_0.2,vax_A,0.2
347,A,0.1792051227016105,7.497376519025858e-12,0.8207948772908926,6,19,vax_A_0.2,vax_A,0.2
347,C,0.4187572901221619,2.5516136738895905e-11,0.5812427098523214,6,19,vax_A_0.2,vax_A,0.2
348,A,0.17920512270076658,6.95109118653183e-12,0.8207948772922824,6,19,vax_A_0.2,vax_A,0.2
348,C,0.41875729011929,2.3656940867338868e-11,0.5812427098570531,6,19,vax_A_0.2,vax_A,0.2
349,A,0.17920512269998393,6.444610132291118e-12,0.8207948772935718,6,19,vax_A_0.2,vax_A,0.2
349,C,0.41875729011662666,2.1933212575381734e-11,0.5812427098614391,6,19,vax_A_0.2,vax_A,0.2
350,A,0.17920512269925837,5.975033076090803e-12,0.8207948772947655,6,19,vax_A_0.2,vax_A,0.2
350,C,0.41875729011415797,2.033508121660999e-11,0.5812427098655062,6,19,vax_A_0.2,vax_A,0.2
351,A,0.1792051226985861,5.539671062366957e-12,0.8207948772958747,6,19,vax_A_0.2,vax_A,0.2
351,C,0.41875729011186996,1.8853395354770394e-11,0.5812427098692781,6,19,vax_A_0.2,vax_A,0.2
352,A,0.17920512269796238,5.136031062345368e-12,0.8207948772969008,6,19,vax_A_0.2,vax_A,0.2
352,C,0.4187572901097478,1.7479670359579665e-11,0.5812427098727742,6,19,vax_A_0.2,vax_A,0.2
353,A,0.17920512269738456,4.761801698124721e-12,0.8207948772978545,6,19,vax_A_0.2,vax_A,0.2
353,C,0.418757290107779,1.6206039820887377e-11,0.5812427098760148,6,19,vax_A_0.2,vax_A,0.2
354,A,0.17920512269684832,4.414840006953223e-12,0.8207948772987375,6,19,vax_A_0.2,vax_A,0.2
354,C,0.4187572901059549,1.502521050297397e-11,0.581242709879019,6,19,vax_A_0.2,vax_A,0.2
355,A,0.17920512269635133,4.093159169907014e-12,0.8207948772995542,6,19,vax_A_0.2,vax_A,0.2
355,C,0.41875729010426344,1.393042058103775e-11,0.581242709881806,6,19,vax_A_0.2,vax_A,0.2
356,A,0.17920512269589076,3.7949171347000834e-12,0.8207948773003144,6,19,vax_A_0.2,vax_A,0.2
356,C,0.4187572901026954,1.2915400920718601e-11,0.5812427098843881,6,19,vax_A_0.2,vax_A,0.2
357,A,0.1792051226954634,3.518406067476508e-12,0.8207948773010185,6,19,vax_A_0.2,vax_A,0.2
357,C,0.41875729010124174,1.1974339178932612e-11,0.5812427098867834,6,19,vax_A_0.2,vax_A,0.2
358,A,0.17920512269506753,3.2620425731822766e-12,0.8207948773016718,6,19,vax_A_0.2,vax_A,0.2
358,C,0.41875729009989426,1.1101846520446113e-11,0.581242709889004,6,19,vax_A_0.2,vax_A,0.2
359,A,0.17920512269470018,3.024358628515263e-12,0.8207948773022755,6,19,vax_A_0.2,vax_A,0.2
359,C,0.4187572900986442,1.0292926759598e-11,0.5812427098910625,6,19,vax_A_0.2,vax_A,0.2
360,A,0.17920512269435993,2.8039931734431034e-12,0.820794877302837,6,19,vax_A_0.2,vax_A,0.2
360,C,0.4187572900974859,9.542947759478503e-12,0.5812427098929716,6,19,vax_A_0.2,vax_A,0.2
361,A,0.1792051226940439,2.5996843236001892e-12,0.820794877303356,6,19,vax_A_0.2,vax_A,0.2
361,C,0.418757290096412,8.847614880518246e-12,0.5812427098947407,6,19,vax_A_0.2,vax_A,0.2
362,A,0.17920512269375155,2.4102621385471193e-12,0.8207948773038375,6,19,vax_A_0.2,vax_A,0.2
362,C,0.41875729009541574,8.202946411105158e-12,0.581242709896381,6,19,vax_A_0.2,vax_A,0.2
363,A,0.1792051226934802,2.234641923278095e-12,0.820794877304285,6,19,vax_A_0.2,vax_A,0.2
363,C,0.4187572900944919,7.605250763388368e-12,0.5812427098979024,6,19,vax_A_0.2,vax_A,0.2
364,A,0.17920512269322875,2.071818017497018e-12,0.8207948773046991,6,19,vax_A_0.2,vax_A,0.2
364,C,0.4187572900936362,7.051105331651327e-12,0.5812427098993127,6,19,vax_A_0.2,vax_A,0.2
365,A,0.17920512269299554,1.9208580368697922e-12,0.8207948773050836,6,19,vax_A_0.2,vax_A,0.2
365,C,0.4187572900928423,6.537336893322792e-12,0.58124270990062,6,19,vax_A_0.2,vax_A,0.2
