t,subpop,S_indiv,I_indiv,R_indiv,REGION6,parset,parset_name,sens_type,sens_value
0,A,0.9990000000000001,9.999999999999998e-4,0,1,23,vax_C_0.4,vax_C,0.4
0,C,0.9990000000000002,0.0010000000000000002,0,1,23,vax_C_0.4,vax_C,0.4
1,A,0.998522840683715,0.001252520796148684,2.246385201361781e-4,1,23,vax_C_0.4,vax_C,0.4
1,C,0.9986559355158029,0.00113115689351907,2.1290759067889626e-4,1,23,vax_C_0.4,vax_C,0.4
2,A,0.9979557959701307,0.0015407560282505294,5.034480016195856e-4,1,23,vax_C_0.4,vax_C,0.4
2,C,0.9982710044097275,0.0012756214793718961,4.533741109010167e-4,1,23,vax_C_0.4,vax_C,0.4
3,A,0.9972950087896886,0.0018617879910026902,8.432032193089031e-4,1,23,vax_C_0.4,vax_C,0.4
3,C,0.9978415302243963,0.001434327234471415,7.241425411331696e-4,1,23,vax_C_0.4,vax_C,0.4
4,A,0.9965324921836044,0.002216966971396659,0.0012505408449982234,1,23,vax_C_0.4,vax_C,0.4
4,C,0.9973630757063698,0.0016087232884927157,0.0010282010051356658,1,23,vax_C_0.4,vax_C,0.4
5,A,0.995655814478327,0.0026112535313644373,0.0017329319903081608,1,23,vax_C_0.4,vax_C,0.4
5,C,0.9968303023985674,0.0018007384454709974,0.0013689591559621415,1,23,vax_C_0.4,vax_C,0.4
6,A,0.9946501319559148,0.003051208974776965,0.0022986590693070148,1,23,vax_C_0.4,vax_C,0.4
6,C,0.9962374148006762,0.002012518942630438,0.0017500662566950658,1,23,vax_C_0.4,vax_C,0.4
7,A,0.9934973911935703,0.003544734972461933,0.002957873833968074,1,23,vax_C_0.4,vax_C,0.4
7,C,0.9955776001061595,0.0022465785597115245,0.0021758213341287634,1,23,vax_C_0.4,vax_C,0.4
8,A,0.9921783944686509,0.004099837995170775,0.003721767536178369,1,23,vax_C_0.4,vax_C,0.4
8,C,0.994843666642224,0.0025055270305820365,0.002650806327194579,1,23,vax_C_0.4,vax_C,0.4
9,A,0.990670074125252,0.004725634340189776,0.004604291534558445,1,23,vax_C_0.4,vax_C,0.4
9,C,0.9940269701218972,0.002792438586630517,0.003180591291473363,1,23,vax_C_0.4,vax_C,0.4
10,A,0.9889513578338174,0.0054300935752279395,0.0056185485909551825,1,23,vax_C_0.4,vax_C,0.4
10,C,0.9931195878610686,0.0031100801357855107,0.0037703320031471674,1,23,vax_C_0.4,vax_C,0.4
11,A,0.9869942697441444,0.006223345160586989,0.0067823850952671415,1,23,vax_C_0.4,vax_C,0.4
11,C,0.9921109606781805,0.0034620733643764942,0.0044269659574427455,1,23,vax_C_0.4,vax_C,0.4
12,A,0.9847701764248268,0.007115329942355806,0.008114493632816102,1,23,vax_C_0.4,vax_C,0.4
12,C,0.9909902247798078,0.003852071648804601,0.005157703571386272,1,23,vax_C_0.4,vax_C,0.4
13,A,0.9822474946607255,0.008116679419849242,0.009635825919425448,1,23,vax_C_0.4,vax_C,0.4
13,C,0.9897453376650902,0.004284063061598671,0.005970599273312123,1,23,vax_C_0.4,vax_C,0.4
14,A,0.979392190234226,0.009238474541128937,0.011369335224645033,1,23,vax_C_0.4,vax_C,0.4
14,C,0.9883632272357965,0.004762307048903404,0.006874465715299636,1,23,vax_C_0.4,vax_C,0.4
15,A,0.9761672158196076,0.01049230067052534,0.013340483509867999,1,23,vax_C_0.4,vax_C,0.4
15,C,0.9868294928437767,0.005291409637576727,0.007879097518646657,1,23,vax_C_0.4,vax_C,0.4
16,A,0.9725331686048685,0.011890060950957088,0.015576770444174307,1,23,vax_C_0.4,vax_C,0.4
16,C,0.9851286235905773,0.005876258384119693,0.008995118025302437,1,23,vax_C_0.4,vax_C,0.4
17,A,0.9684480666923214,0.013443858992615807,0.018108074315062877,1,23,vax_C_0.4,vax_C,0.4
17,C,0.9832437942408957,0.006522056183987751,0.010234149575116541,1,23,vax_C_0.4,vax_C,0.4
18,A,0.9638674598077269,0.01516578454277805,0.020966755649494736,1,23,vax_C_0.4,vax_C,0.4
18,C,0.9811567670469634,0.007234322731297965,0.011608910221738532,1,23,vax_C_0.4,vax_C,0.4
19,A,0.9587447951962745,0.017067604844049605,0.024187599959675832,1,23,vax_C_0.4,vax_C,0.4
19,C,0.9788478649869117,0.008018869776904719,0.01313326523618395,1,23,vax_C_0.4,vax_C,0.4
20,A,0.9530319313695401,0.019160377694782297,0.02780769093567784,1,23,vax_C_0.4,vax_C,0.4
20,C,0.97629596490831,0.008881762672360205,0.014822272419329631,1,23,vax_C_0.4,vax_C,0.4
21,A,0.9466798043775051,0.021453983880613436,0.03186621174188144,1,23,vax_C_0.4,vax_C,0.4
21,C,0.9734785094502731,0.009829267146009998,0.0166922234037162,1,23,vax_C_0.4,vax_C,0.4
22,A,0.9396392655360073,0.023956580501636696,0.03640415396235617,1,23,vax_C_0.4,vax_C,0.4
22,C,0.9703715471517813,0.010867776938584366,0.018760675909633446,1,23,vax_C_0.4,vax_C,0.4
23,A,0.9318619825232239,0.02667428967703274,0.04146372779974214,1,23,vax_C_0.4,vax_C,0.4
23,C,0.9669499870083056,0.012003717437030686,0.021046295554662656,1,23,vax_C_0.4,vax_C,0.4
24,A,0.9233017133432915,0.02961002447190235,0.047088262184806336,1,23,vax_C_0.4,vax_C,0.4
24,C,0.9631873918170354,0.013243448689055111,0.023569159493908712,1,23,vax_C_0.4,vax_C,0.4
25,A,0.9139158155203319,0.032762575683436886,0.05332160879623262,1,23,vax_C_0.4,vax_C,0.4
25,C,0.9590560757394037,0.01459311349141005,0.026350810769187105,1,23,vax_C_0.4,vax_C,0.4
26,A,0.9036671411673364,0.03612608201564254,0.060206776817020226,1,23,vax_C_0.4,vax_C,0.4
26,C,0.9545276463557479,0.016058431889895884,0.029413921754356306,1,23,vax_C_0.4,vax_C,0.4
27,A,0.8925256897281332,0.039689400753547384,0.06778490951831921,1,23,vax_C_0.4,vax_C,0.4
27,C,0.9495733777655028,0.017644485571820752,0.03278213666267731,1,23,vax_C_0.4,vax_C,0.4
28,A,0.8804703621445373,0.043435348511558995,0.0760942893439036,1,23,vax_C_0.4,vax_C,0.4
28,C,0.9441645232243836,0.019355479089720205,0.0364799976858968,1,23,vax_C_0.4,vax_C,0.4
29,A,0.8674907936463421,0.0473400591404763,0.08516914721318243,1,23,vax_C_0.4,vax_C,0.4
29,C,0.9382727403415005,0.021194463398262912,0.040532796260236995,1,23,vax_C_0.4,vax_C,0.4
30,A,0.8535891398391249,0.05137258261316573,0.0950382775477095,1,23,vax_C_0.4,vax_C,0.4
30,C,0.9318706611200382,0.023163023687003508,0.04496631519295929,1,23,vax_C_0.4,vax_C,0.4
31,A,0.8387816386645685,0.05549478621026289,0.1057235751251692,1,23,vax_C_0.4,vax_C,0.4
31,C,0.9249325717737791,0.025260941581313114,0.04980648664490851,1,23,vax_C_0.4,vax_C,0.4
32,A,0.8230997969734539,0.059661601921627144,0.11723860110491777,1,23,vax_C_0.4,vax_C,0.4
32,C,0.9174351695210331,0.027485843714350536,0.05507898676461545,1,23,vax_C_0.4,vax_C,0.4
33,A,0.8065910365739488,0.0638216034844674,0.12958735994158463,1,23,vax_C_0.4,vax_C,0.4
33,C,0.909358313017346,0.029832878670888994,0.06080880831176394,1,23,vax_C_0.4,vax_C,0.4
34,A,0.7893189254862263,0.06791808605851922,0.14276298845525406,1,23,vax_C_0.4,vax_C,0.4
34,C,0.9006859570809197,0.032294350440877445,0.0670196924782025,1,23,vax_C_0.4,vax_C,0.4
35,A,0.7713627532340076,0.07189059434704344,0.15674665241894895,1,23,vax_C_0.4,vax_C,0.4
35,C,0.89140715019124,0.03485937387559778,0.07373347593316143,1,23,vax_C_0.4,vax_C,0.4
36,A,0.7528160218572901,0.07567681728914069,0.17150716085356907,1,23,vax_C_0.4,vax_C,0.4
36,C,0.8815169043384065,0.03751365014265039,0.08096944551894232,1,23,vax_C_0.4,vax_C,0.4
37,A,0.7337843418651306,0.07921465375311895,0.18700100438175088,1,23,vax_C_0.4,vax_C,0.4
37,C,0.8710168985283024,0.04023938343979582,0.0887437180319006,1,23,vax_C_0.4,vax_C,0.4
38,A,0.714383009145471,0.08244443090128963,0.20317255995323885,1,23,vax_C_0.4,vax_C,0.4
38,C,0.8599162328233652,0.04301523782530657,0.09706852935132809,1,23,vax_C_0.4,vax_C,0.4
39,A,0.6947341136497028,0.08531121221293869,0.21995467413735947,1,23,vax_C_0.4,vax_C,0.4
39,C,0.8482320959726173,0.045816407621974864,0.10595149640540875,1,23,vax_C_0.4,vax_C,0.4
40,A,0.6749632317111849,0.08776697556357145,0.23726979272524404,1,23,vax_C_0.4,vax_C,0.4
40,C,0.8359902069296246,0.04861486329368821,0.11539492977668642,1,23,vax_C_0.4,vax_C,0.4
41,A,0.6551959392902116,0.08977247079608315,0.25503158991370506,1,23,vax_C_0.4,vax_C,0.4
41,C,0.8232249704685294,0.051379789733742305,0.1253952397977287,1,23,vax_C_0.4,vax_C,0.4
42,A,0.635554458716936,0.09129862493745733,0.2731469163456065,1,23,vax_C_0.4,vax_C,0.4
42,C,0.8099793524170562,0.05407819809688281,0.13594244948606102,1,23,vax_C_0.4,vax_C,0.4
43,A,0.6161546511390619,0.09232742389390541,0.2915179249670329,1,23,vax_C_0.4,vax_C,0.4
43,C,0.796304476741115,0.05667568928067077,0.14701983397821441,1,23,vax_C_0.4,vax_C,0.4
44,A,0.5971034612761119,0.09285223893119712,0.3100442997926907,1,23,vax_C_0.4,vax_C,0.4
44,C,0.7822589296433626,0.05913734971848349,0.15860372063815298,1,23,vax_C_0.4,vax_C,0.4
45,A,0.57849688671688,0.09287760089794021,0.3286255123851791,1,23,vax_C_0.4,vax_C,0.4
45,C,0.767907767955238,0.06142874981508764,0.17066348222967487,1,23,vax_C_0.4,vax_C,0.4
46,A,0.5604185351391643,0.09241846685729477,0.34716299800354083,1,23,vax_C_0.4,vax_C,0.4
46,C,0.7533212618165547,0.06351699793231304,0.18316174025113352,1,23,vax_C_0.4,vax_C,0.4
47,A,0.5429387955319246,0.09149906539905561,0.36556213906901946,1,23,vax_C_0.4,vax_C,0.4
47,C,0.7385734291325536,0.06537179080070764,0.19605478006673868,1,23,vax_C_0.4,vax_C,0.4
48,A,0.5261145897169789,0.09015143487880226,0.3837339754042182,1,23,vax_C_0.4,vax_C,0.4
48,C,0.723740432261135,0.06696639885725515,0.20929316888161045,1,23,vax_C_0.4,vax_C,0.4
49,A,0.5099896238146521,0.08841377763423379,0.4015965985511144,1,23,vax_C_0.4,vax_C,0.4
49,C,0.7088989120134817,0.06827852938948165,0.22282255859703667,1,23,vax_C_0.4,vax_C,0.4
50,A,0.4945950413653612,0.08632874682359928,0.4190762118110392,1,23,vax_C_0.4,vax_C,0.4
50,C,0.6941243361830343,0.06929101843642714,0.23658464538053858,1,23,vax_C_0.4,vax_C,0.4
51,A,0.4799503797556288,0.08394176757578276,0.43610785266858837,1,23,vax_C_0.4,vax_C,0.4
51,C,0.679489438543202,0.06999231362550758,0.2505182478312911,1,23,vax_C_0.4,vax_C,0.4
52,A,0.4660647355436034,0.08129947482904072,0.45263578962735584,1,23,vax_C_0.4,vax_C,0.4
52,C,0.6650628165883973,0.0703767246850782,0.26456045872652506,1,23,vax_C_0.4,vax_C,0.4
53,A,0.45293804970976403,0.07844832836515052,0.4686136219250858,1,23,vax_C_0.4,vax_C,0.4
53,C,0.6509077421908652,0.07044443519041554,0.27864782261871807,1,23,vax_C_0.4,vax_C,0.4
54,A,0.44056243432837267,0.07543344279994092,0.4840041228716866,1,23,vax_C_0.4,vax_C,0.4
54,C,0.637081221606003,0.07020128594924532,0.29271749244475265,1,23,vax_C_0.4,vax_C,0.4
55,A,0.42892347983211054,0.07229764739571215,0.4987788727721773,1,23,vax_C_0.4,vax_C,0.4
55,C,0.6236333192669125,0.06965835845703366,0.3067083222760527,1,23,vax_C_0.4,vax_C,0.4
56,A,0.41800149427710864,0.06908077797919833,0.5129177277436926,1,23,vax_C_0.4,vax_C,0.4
56,C,0.6106067535038372,0.06883138743190696,0.3205618590642561,1,23,vax_C_0.4,vax_C,0.4
57,A,0.407772636542756,0.06581919393760804,0.5264081695196354,1,23,vax_C_0.4,vax_C,0.4
57,C,0.5980367641884214,0.06774003337221708,0.33422320243936143,1,23,vax_C_0.4,vax_C,0.4
58,A,0.3982099481864749,0.06254547492288627,0.5392445768906389,1,23,vax_C_0.4,vax_C,0.4
58,C,0.5859511757714437,0.06640711082887085,0.3476417133996855,1,23,vax_C_0.4,vax_C,0.4
59,A,0.3892842562387645,0.059288289387267545,0.5514274543739675,1,23,vax_C_0.4,vax_C,0.4
59,C,0.5743706671657047,0.064857770192731,0.36077156264156424,1,23,vax_C_0.4,vax_C,0.4
60,A,0.3809649489116696,0.05607240240057884,0.5629626486877508,1,23,vax_C_0.4,vax_C,0.4
60,C,0.5633091992285321,0.06311868461585067,0.37357211615561764,1,23,vax_C_0.4,vax_C,0.4
61,A,0.3732206291558989,0.05291879271427743,0.5738605781298236,1,23,vax_C_0.4,vax_C,0.4
61,C,0.5527745591290294,0.061217278787590174,0.38600816208337996,1,23,vax_C_0.4,vax_C,0.4
62,A,0.3660196561029411,0.04984484992647057,0.5841354939705883,1,23,vax_C_0.4,vax_C,0.4
62,C,0.5427689801519493,0.05918103012245104,0.3980499897255988,1,23,vax_C_0.4,vax_C,0.4
63,A,0.3593305852062239,0.046864627465285635,0.5938047873284908,1,23,vax_C_0.4,vax_C,0.4
63,C,0.5332898021416255,0.057036860537780266,0.4096733373205935,1,23,vax_C_0.4,vax_C,0.4
64,A,0.3531225180342757,0.04398913151048685,0.6028883504552373,1,23,vax_C_0.4,vax_C,0.4
64,C,0.5243301442286652,0.05481062755349545,0.42085922821783867,1,23,vax_C_0.4,vax_C,0.4
65,A,0.34736537307031556,0.04122662907858234,0.6114079978511022,1,23,vax_C_0.4,vax_C,0.4
65,C,0.5158795664758051,0.05252671772421189,0.43159371579998335,1,23,vax_C_0.4,vax_C,0.4
66,A,0.34203008895564424,0.03858296133460042,0.6193869497097549,1,23,vax_C_0.4,vax_C,0.4
66,C,0.5079247017102564,0.050207741015785914,0.4418675572739582,1,23,vax_C_0.4,vax_C,0.4
67,A,0.3370887709755153,0.036061851340273045,0.6268493776842121,1,23,vax_C_0.4,vax_C,0.4
67,C,0.5004498437729497,0.04787432040055858,0.4516758358264918,1,23,vax_C_0.4,vax_C,0.4
68,A,0.33251479047252097,0.03366519851616227,0.6338200110113167,1,23,vax_C_0.4,vax_C,0.4
68,C,0.49343748336172283,0.04554496726293916,0.46101754937533923,1,23,vax_C_0.4,vax_C,0.4
69,A,0.3282828456792115,0.03139335459889424,0.6403237997218948,1,23,vax_C_0.4,vax_C,0.4
69,C,0.4868687869042697,0.04323603101378684,0.4698951820819453,1,23,vax_C_0.4,vax_C,0.4
70,A,0.32436899135563535,0.029245377773696582,0.646385630870669,1,23,vax_C_0.4,vax_C,0.4
70,C,0.4807240171324116,0.040961710614272555,0.47831427225331624,1,23,vax_C_0.4,vax_C,0.4
71,A,0.3207506435994625,0.027219263152864492,0.6520300932476727,1,23,vax_C_0.4,vax_C,0.4
71,C,0.47498289633478896,0.038734115941973735,0.48628298772323686,1,23,vax_C_0.4,vax_C,0.4
72,A,0.31740656525756616,0.025312148965579758,0.6572812857768532,1,23,vax_C_0.4,vax_C,0.4
72,C,0.4696249149082012,0.03656336760700504,0.49381171748479435,1,23,vax_C_0.4,vax_C,0.4
73,A,0.31431683651354164,0.023520498736665126,0.6621626647497935,1,23,vax_C_0.4,vax_C,0.4
73,C,0.46462958900501555,0.03445772477063407,0.500912686224351,1,23,vax_C_0.4,vax_C,0.4
74,A,0.31146281444733215,0.021840260388835183,0.666696925163832,1,23,vax_C_0.4,vax_C,0.4
74,C,0.45997667184625274,0.03242373170848469,0.5075995964452625,1,23,vax_C_0.4,vax_C,0.4
75,A,0.3088270845686892,0.020267003742512734,0.670905911688798,1,23,vax_C_0.4,vax_C,0.4
75,C,0.4556463236443009,0.030466375232896643,0.5138873011228022,1,23,vax_C_0.4,vax_C,0.4
76,A,0.3063934069928469,0.018796037911569353,0.6748105550955843,1,23,vax_C_0.4,vax_C,0.4
76,C,0.45161924509229645,0.028589246529555877,0.5197915083781475,1,23,vax_C_0.4,vax_C,0.4
77,A,0.3041466596097652,0.0174225101045102,0.6784308302857245,1,23,vax_C_0.4,vax_C,0.4
77,C,0.4478767793019239,0.026794702194558942,0.5253285185035177,1,23,vax_C_0.4,vax_C,0.4
78,A,0.3020727785989415,0.016141488908947982,0.6817857324921105,1,23,vax_C_0.4,vax_C,0.4
78,C,0.4444009868553073,0.025084020384925892,0.530514992759767,1,23,vax_C_0.4,vax_C,0.4
79,A,0.3001586987280581,0.014948032670585538,0.6848932686013561,1,23,vax_C_0.4,vax_C,0.4
79,C,0.44117469775548684,0.023457549542691164,0.5353677527018231,1,23,vax_C_0.4,vax_C,0.4
80,A,0.298392294169534,0.013837244971533139,0.6877704608589325,1,23,vax_C_0.4,vax_C,0.4
80,C,0.438181544244993,0.021914847449686914,0.5399036083053207,1,23,vax_C_0.4,vax_C,0.4
81,A,0.2967623204930847,0.012804318973387201,0.6904333605335271,1,23,vax_C_0.4,vax_C,0.4
81,C,0.4354059778834212,0.02045480928989588,0.5441392128266815,1,23,vax_C_0.4,vax_C,0.4
82,A,0.29525835827009317,0.011844572267295203,0.6928970694626112,1,23,vax_C_0.4,vax_C,0.4
82,C,0.4328332738220443,0.01907578405736322,0.5480909421205925,1,23,vax_C_0.4,vax_C,0.4
83,A,0.2938707587038794,0.010953473572169754,0.6951757677239511,1,23,vax_C_0.4,vax_C,0.4
83,C,0.4304495247777583,0.01777567916596985,0.5517747960562716,1,23,vax_C_0.4,vax_C,0.4
84,A,0.29259059162014545,0.010126662443868627,0.6972827459359865,1,23,vax_C_0.4,vax_C,0.4
84,C,0.4282416268610035,0.016552053452882257,0.5552063196861151,1,23,vax_C_0.4,vax_C,0.4
85,A,0.291409596002073,0.009359963095909474,0.6992304409020182,1,23,vax_C_0.4,vax_C,0.4
85,C,0.4261972591106581,0.015402199000709594,0.5584005418886304,1,23,vax_C_0.4,vax_C,0.4
86,A,0.2903201331327133,0.008649393352430411,0.7010304735148563,1,23,vax_C_0.4,vax_C,0.4
86,C,0.4243048582998144,0.014323212389531718,0.5613719293106538,1,23,vax_C_0.4,vax_C,0.4
87,A,0.28931514235673866,0.007991169609550527,0.702693688033711,1,23,vax_C_0.4,vax_C,0.4
87,C,0.4225535903061974,0.013312056127480985,0.5641343535663235,1,23,vax_C_0.4,vax_C,0.4
88,A,0.2883880994557214,0.007381708530320618,0.7042301920139581,1,23,vax_C_0.4,vax_C,0.4
88,C,0.4209333191085883,0.012365611083758178,0.5667010698076528,1,23,vax_C_0.4,vax_C,0.4
89,A,0.28753297760279983,0.006817626092553953,0.7056493963046464,1,23,vax_C_0.4,vax_C,0.4
89,C,0.41943457427887654,0.01148072076964819,0.5690847049514746,1,23,vax_C_0.4,vax_C,0.4
90,A,0.2867442108245035,0.006295734536136579,0.7069600546393601,1,23,vax_C_0.4,vax_C,0.4
90,C,0.41804851767813844,0.01065422830416018,0.5712972540177029,1,23,vax_C_0.4,vax_C,0.4
91,A,0.28601665987131425,0.005813037683049041,0.7081703024456364,1,23,vax_C_0.4,vax_C,0.4
91,C,0.41676690992517906,0.009883006876495197,0.5733500831983254,1,23,vax_C_0.4,vax_C,0.4
92,A,0.28534558039023356,0.005366725022604539,0.7092876945871629,1,23,vax_C_0.4,vax_C,0.4
92,C,0.4155820770855603,0.00916398448036543,0.575253938434074,1,23,vax_C_0.4,vax_C,0.4
93,A,0.2847265932908024,0.004954164882626755,0.7103192418265709,1,23,vax_C_0.4,vax_C,0.4
93,C,0.41448687792881544,0.008494163645342617,0.5770189584258429,1,23,vax_C_0.4,vax_C,0.4
94,A,0.28415565719167185,0.004572896953606249,0.711271445854722,1,23,vax_C_0.4,vax_C,0.4
94,C,0.41347467201987365,0.007870636832159815,0.5786546911479679,1,23,vax_C_0.4,vax_C,0.4
95,A,0.2836290428299851,0.004220624390366649,0.7121503327796488,1,23,vax_C_0.4,vax_C,0.4
95,C,0.41253928883643415,0.007290598104820035,0.5801701130587456,1,23,vax_C_0.4,vax_C,0.4
96,A,0.2831433093157944,0.0038952056753939067,0.7129614850088108,1,23,vax_C_0.4,vax_C,0.4
96,C,0.4116749980703996,0.006751351611603598,0.5815736503179969,1,23,vax_C_0.4,vax_C,0.4
97,A,0.2826952821167286,0.003594646391017419,0.7137100714922545,1,23,vax_C_0.4,vax_C,0.4
97,C,0.4108764812362933,0.006250317342203639,0.5828732014215033,1,23,vax_C_0.4,vax_C,0.4
98,A,0.2822820326610216,0.0033170910178724543,0.7144008763211057,1,23,vax_C_0.4,vax_C,0.4
98,C,0.41013880454378565,0.005785034695890759,0.5840761607603238,1,23,vax_C_0.4,vax_C,0.4
99,A,0.28190085945534615,0.003060814848433981,0.7150383256962198,1,23,vax_C_0.4,vax_C,0.4
99,C,0.40945739316640684,0.005353164138168939,0.5851894426954248,1,23,vax_C_0.4,vax_C,0.4
100,A,0.2815492706133574,0.002824216089194924,0.715626513297447,1,23,vax_C_0.4,vax_C,0.4
100,C,0.40882800689026694,0.004952487304343766,0.5862195058053882,1,23,vax_C_0.4,vax_C,0.4
101,A,0.28122496769691085,0.002605808206356413,0.7161692240967322,1,23,vax_C_0.4,vax_C,0.4
101,C,0.4082467171273112,0.004580905847658588,0.587172377025029,1,23,vax_C_0.4,vax_C,0.4
102,A,0.2809258307776515,0.0024042125544167276,0.7166699566679309,1,23,vax_C_0.4,vax_C,0.4
102,C,0.407709885260727,0.00423643929039837,0.588053675448874,1,23,vax_C_0.4,vax_C,0.4
103,A,0.2806499046323282,0.0022181513146646127,0.7171319440530065,1,23,vax_C_0.4,vax_C,0.4
103,C,0.40721414228893554,0.003917222088708973,0.5888686356223555,1,23,vax_C_0.4,vax_C,0.4
104,A,0.28039538599010466,0.0020464407613451467,0.7175581732485495,1,23,vax_C_0.4,vax_C,0.4
104,C,0.4067563697295606,0.0036215000876446586,0.5896221301827943,1,23,vax_C_0.4,vax_C,0.4
105,A,0.2801606117549484,0.0018879848658282696,0.7179514033792236,1,23,vax_C_0.4,vax_C,0.4
105,C,0.40633368173578216,0.00334762652015868,0.5903186917440585,1,23,vax_C_0.4,vax_C,0.4
106,A,0.27994404813112495,0.0017417692427286477,0.718314182626147,1,23,vax_C_0.4,vax_C,0.4
106,C,0.40594340837078335,0.003094057682669218,0.5909625339465489,1,23,vax_C_0.4,vax_C,0.4
107,A,0.27974428058470785,0.0016068554367010606,0.7186488639785916,1,23,vax_C_0.4,vax_C,0.4
107,C,0.40558307998401966,0.0028593483971385194,0.5915575716188411,1,23,vax_C_0.4,vax_C,0.4
108,A,0.27956000457860103,0.0014823755446893162,0.7189576198767099,1,23,vax_C_0.4,vax_C,0.4
108,C,0.4052504126335367,0.0026421473486384506,0.5921074400178254,1,23,vax_C_0.4,vax_C,0.4
109,A,0.2793900170228768,0.0013675271655048257,0.7192424558116178,1,23,vax_C_0.4,vax_C,0.4
109,C,0.40494329449880284,0.0024411923709410834,0.5926155131302567,1,23,vax_C_0.4,vax_C,0.4
110,A,0.27923320838629145,0.001261568666426291,0.7195052229472814,1,23,vax_C_0.4,vax_C,0.4
110,C,0.4046597732286098,0.0022553057398997517,0.5930849210314898,1,23,vax_C_0.4,vax_C,0.4
111,A,0.27908855541871175,0.001163814754872429,0.7197476298264154,1,23,vax_C_0.4,vax_C,0.4
111,C,0.4043980441691097,0.0020833895231641376,0.5935185663077264,1,23,vax_C_0.4,vax_C,0.4
112,A,0.2789551144378203,0.0010736323420467812,0.7199712532201323,1,23,vax_C_0.4,vax_C,0.4
112,C,0.4041564394186275,0.0019244210244066693,0.5939191395569643,1,23,vax_C_0.4,vax_C,0.4
113,A,0.27883201513689526,9.904366847291667e-4,0.7201775481783753,1,23,vax_C_0.4,vax_C,0.4
113,C,0.4039334176579965,0.0017774483512759467,0.5942891339907282,1,23,vax_C_0.4,vax_C,0.4
114,A,0.2787184548736503,9.136877910119762e-4,0.7203678573353383,1,23,vax_C_0.4,vax_C,0.4
114,C,0.40372755470722316,0.0016415861290946508,0.5946308591636825,1,23,vax_C_0.4,vax_C,0.4
115,A,0.27861369340325604,8.428870755188567e-4,0.7205434195212244,1,23,vax_C_0.4,vax_C,0.4
115,C,0.4035375347617452,0.0015160113762628716,0.5949464538619934,1,23,vax_C_0.4,vax_C,0.4
116,A,0.27851704802096455,7.775742501995117e-4,0.7207053777288359,1,23,vax_C_0.4,vax_C,0.4
116,C,0.4033621422627795,0.00139995955329086,0.5952378981839302,1,23,vax_C_0.4,vax_C,0.4
117,A,0.27842788908198784,7.173244372705959e-4,0.7208547864807422,1,23,vax_C_0.4,vax_C,0.4
117,C,0.4032002543580362,0.0012927207936403087,0.5955070248483242,1,23,vax_C_0.4,vax_C,0.4
118,A,0.2783456358716113,6.617454884719684e-4,0.7209926186399165,1,23,vax_C_0.4,vax_C,0.4
118,C,0.4030508339165895,0.001193636316093496,0.5957555297673168,1,23,vax_C_0.4,vax_C,0.4
119,A,0.2782697527964561,6.10475499555244e-4,0.7211197717039884,1,23,vax_C_0.4,vax_C,0.4
119,C,0.4029129230563151,0.0011020950233979455,0.5959849819202875,1,23,vax_C_0.4,vax_C,0.4
120,A,0.2781997458723404,5.631805068949084e-4,0.7212370736207648,1,23,vax_C_0.4,vax_C,0.4
120,C,0.40278563714890525,0.0010175302852006702,0.5961968325658937,1,23,vax_C_0.4,vax_C,0.4
121,A,0.2781351594857492,5.195523539995001e-4,0.7213452881602523,1,23,vax_C_0.4,vax_C,0.4
121,C,0.4026681592690275,9.394169021139761e-4,0.596392423828859,1,23,vax_C_0.4,vax_C,0.4
122,A,0.2780755734077565,4.793067162305803e-4,0.7214451198760136,1,23,vax_C_0.4,vax_C,0.4
122,C,0.40255973505639214,8.672682462842959e-4,0.5965729966973246,1,23,vax_C_0.4,vax_C,0.4
123,A,0.2780206000407562,4.421812728538888e-4,0.7215372186863894,1,23,vax_C_0.4,vax_C,0.4
123,C,0.40245966796123933,8.006335731916342e-4,0.596739698465569,1,23,vax_C_0.4,vax_C,0.4
124,A,0.27796988187977584,4.0793401622000764e-4,0.7216221841040036,1,23,vax_C_0.4,vax_C,0.4
124,C,0.40236731484552235,7.390954987708693e-4,0.5968935896557077,1,23,vax_C_0.4,vax_C,0.4
125,A,0.2779230891716258,3.7634168839012407e-4,0.7217005691399844,1,23,vax_C_0.4,vax_C,0.4
125,C,0.4022820819139712,6.82267635257647e-4,0.5970356504507714,1,23,vax_C_0.4,vax_C,0.4
126,A,0.27787991775646825,3.4719833603881175e-4,0.7217728839074931,1,23,vax_C_0.4,vax_C,0.4
126,C,0.4022034209510781,6.297923786728669e-4,0.5971667866702499,1,23,vax_C_0.4,vax_C,0.4
127,A,0.2778400870776059,3.2031397504469816e-4,0.7218395989473491,1,23,vax_C_0.4,vax_C,0.4
127,C,0.4021308258416456,5.813388406684789e-4,0.5972878353176859,1,23,vax_C_0.4,vax_C,0.4
128,A,0.27780333834636056,2.9551335676784385e-4,0.721901148296871,1,23,vax_C_0.4,vax_C,0.4
128,C,0.40206382935406465,5.366009174425212e-4,0.5973995697284925,1,23,vax_C_0.4,vax_C,0.4
129,A,0.2777694328499375,2.7263482855106826e-4,0.7219579323215108,1,23,vax_C_0.4,vax_C,0.4
129,C,0.40200200016690973,4.952954884631049e-4,0.5975027043446275,1,23,vax_C_0.4,vax_C,0.4
130,A,0.27773815039110406,2.5152928147047617e-4,0.7220103203274252,1,23,vax_C_0.4,vax_C,0.4
130,C,0.40194494012079834,4.5716073780155864e-4,0.5975978991414,1,23,vax_C_0.4,vax_C,0.4
131,A,0.2777092878493991,2.3205917882575686e-4,0.7220586529717744,1,23,vax_C_0.4,vax_C,0.4
131,C,0.40189228167878754,4.219545910016077e-4,0.597685763730211,1,23,vax_C_0.4,vax_C,0.4
132,A,0.27768265785439483,2.1409765931466467e-4,0.7221032444862898,1,23,vax_C_0.4,vax_C,0.4
132,C,0.4018436855797425,3.8945326061195796e-4,0.5977668611596446,1,23,vax_C_0.4,vax_C,0.4
133,A,0.27765808756226384,1.9752770926934578e-4,0.7221443847284663,1,23,vax_C_0.4,vax_C,0.4
133,C,0.40179883867025973,3.5944989375395834e-4,0.5978417114359872,1,23,vax_C_0.4,vax_C,0.4
134,A,0.27763541752758525,1.8224139873523155e-4,0.7221823410736788,1,23,vax_C_0.4,vax_C,0.4
134,C,0.401757451901729,3.31753315355481e-4,0.5979107947829154,1,23,vax_C_0.4,vax_C,0.4
135,A,0.2776145006629766,1.6813917653995042e-4,0.7222173601604828,1,23,vax_C_0.4,vax_C,0.4
135,C,0.4017192584801634,3.0618686093279637e-4,0.5979745546589041,1,23,vax_C_0.4,vax_C,0.4
136,A,0.2775952012796696,1.5512921987325353e-4,0.7222496695004571,1,23,vax_C_0.4,vax_C,0.4
136,C,0.40168401215722277,2.825872931367354e-4,0.59803340054964,1,23,vax_C_0.4,vax_C,0.4
137,A,0.27757739420269906,1.4312683424068685e-4,0.7222794789630603,1,23,vax_C_0.4,vax_C,0.4
137,C,0.4016514856517263,2.6080379659583415e-4,0.5980877105516769,1,23,vax_C_0.4,vax_C,0.4
138,A,0.2775609639549788,1.3205389982892042e-4,0.7223069821451926,1,23,vax_C_0.4,vax_C,0.4
138,C,0.40162146919201647,2.4069704556096177e-4,0.5981378337624231,1,23,vax_C_0.4,vax_C,0.4
139,A,0.27754580400481255,1.2183836081750896e-4,0.7223323576343704,1,23,vax_C_0.4,vax_C,0.4
139,C,0.40159376916980627,2.2213833965000282e-4,0.5981840924905448,1,23,vax_C_0.4,vax_C,0.4
140,A,0.27753181607190064,1.1241375431343933e-4,0.7223557701737849,1,23,vax_C_0.4,vax_C,0.4
140,C,0.40156820689709355,2.0500880296891408e-4,0.5982267842999388,1,23,vax_C_0.4,vax_C,0.4
141,A,0.2775189094872943,1.037187758491879e-4,0.7223773717368563,1,23,vax_C_0.4,vax_C,0.4
141,C,0.40154461745832143,1.8919864219758888e-4,0.5982661838994794,1,23,vax_C_0.4,vax_C,0.4
142,A,0.27750700060309524,9.569687861339493e-5,0.7223973025182917,1,23,vax_C_0.4,vax_C,0.4
142,C,0.4015228486505537,1.746064594906398e-4,0.5983025448899559,1,23,vax_C_0.4,vax_C,0.4
143,A,0.27749601224803244,8.829590380836492e-5,0.7224156918481588,1,23,vax_C_0.4,vax_C,0.4
143,C,0.4015027600049542,1.6113861632721758e-4,0.5983361013787177,1,23,vax_C_0.4,vax_C,0.4
144,A,0.2774858732253283,8.146773973055625e-5,0.7224326590349416,1,23,vax_C_0.4,vax_C,0.4
144,C,0.40148422188338717,1.4870864469765618e-4,0.5983670694719131,1,23,vax_C_0.4,vax_C,0.4
145,A,0.2774765178495674,7.516800735026612e-5,0.7224483141430827,1,23,vax_C_0.4,vax_C,0.4
145,C,0.4014671146443654,1.3723670223837007e-4,0.5983956486533961,1,23,vax_C_0.4,vax_C,0.4
146,A,0.2774678855195303,6.935577033382855e-5,0.7224627587101351,1,23,vax_C_0.4,vax_C,0.4
146,C,0.40145132787307986,1.266490681409574e-4,0.5984220230587786,1,23,vax_C_0.4,vax_C,0.4
147,A,0.2774599203241917,6.399326761005526e-5,0.7224760864081982,1,23,vax_C_0.4,vax_C,0.4
147,C,0.4014367596705994,1.1687767687487475e-4,0.5984463626525258,1,23,vax_C_0.4,vax_C,0.4
148,A,0.277452570679304,5.904566673060195e-5,0.7224883836539656,1,23,vax_C_0.4,vax_C,0.4
148,C,0.40142331599771963,1.0785968696829899e-4,0.5984688243153125,1,23,vax_C_0.4,vax_C,0.4
149,A,0.2774457889921863,5.448083640952432e-5,0.7224997301714047,1,23,vax_C_0.4,vax_C,0.4
149,C,0.40141091006926977,9.953708228179382e-5,0.5984895528484487,1,23,vax_C_0.4,vax_C,0.4
150,A,0.2774395313525253,5.026913675138641e-5,0.7225101995107239,1,23,vax_C_0.4,vax_C,0.4
150,C,0.4013994617950165,9.185630338503218e-5,0.5985086819015984,1,23,vax_C_0.4,vax_C,0.4
151,A,0.2774337572471634,4.6383225792069096e-5,0.7225198595270439,1,23,vax_C_0.4,vax_C,0.4
151,C,0.4013888972635881,8.476790681236475e-5,0.5985263348295989,1,23,vax_C_0.4,vax_C,0.4
152,A,0.2774284292970108,4.279788108310229e-5,0.7225287728219059,1,23,vax_C_0.4,vax_C,0.4
152,C,0.4013791482661228,7.82262501301903e-5,0.5985426254837478,1,23,vax_C_0.4,vax_C,0.4
153,A,0.27742351301436013,3.9489835149092264e-5,0.722536997150491,1,23,vax_C_0.4,vax_C,0.4
153,C,0.40137015185658487,7.218920089685487e-5,0.5985576589425183,1,23,vax_C_0.4,vax_C,0.4
154,A,0.2774189765790222,3.643762373877335e-5,0.7225445857972387,1,23,vax_C_0.4,vax_C,0.4
154,C,0.40136184994594953,6.661786773335017e-5,0.5985715321863161,1,23,vax_C_0.4,vax_C,0.4
155,A,0.2774147906318159,3.362144587367021e-5,0.7225515879223099,1,23,vax_C_0.4,vax_C,0.4
155,C,0.4013541889276352,6.147635185027096e-5,0.5985843347205148,1,23,vax_C_0.4,vax_C,0.4
156,A,0.27741092808406637,3.102303477661437e-5,0.7225580488811557,1,23,vax_C_0.4,vax_C,0.4
156,C,0.40134711933179296,5.673151749842781e-5,0.5985961491507088,1,23,vax_C_0.4,vax_C,0.4
157,A,0.27740736394186793,2.8625538834288946e-5,0.7225640105192982,1,23,vax_C_0.4,vax_C,0.4
157,C,0.40134059550623175,5.2352779923455005e-5,0.5986070517138455,1,23,vax_C_0.4,vax_C,0.4
158,A,0.277404075143965,2.6413411808454656e-5,0.7225695114442259,1,23,vax_C_0.4,vax_C,0.4
158,C,0.40133457532193356,4.8311909495105014e-5,0.5986171127685704,1,23,vax_C_0.4,vax_C,0.4
159,A,0.2774010404121974,2.4372311579927623e-5,0.7225745872762223,1,23,vax_C_0.4,vax_C,0.4
159,C,0.40132901990126996,4.4582850800863736e-05,0.5986263972479298,1,23,vax_C_0.4,vax_C,0.4
160,A,0.2773982401135275,2.2489006760313047e-5,0.7225792708797122,1,23,vax_C_0.4,vax_C,0.4
160,C,0.4013238933671564,4.11415555703385e-5,0.598634965077274,1,23,vax_C_0.4,vax_C,0.4
161,A,0.2773956561327602,2.0751290558885883e-5,0.7225835925766808,1,23,vax_C_0.4,vax_C,0.4
161,C,0.40131916261155837,3.796582838227638e-5,0.5986428715600577,1,23,vax_C_0.4,vax_C,0.4
162,A,0.27739327175511364,1.914790133962133e-5,0.7225875803435465,1,23,vax_C_0.4,vax_C,0.4
162,C,0.4013147970818374,3.503518418372443e-5,0.5986501677339774,1,23,vax_C_0.4,vax_C,0.4
163,A,0.27739107155789056,1.7668449347825626e-5,0.7225912599927616,1,23,vax_C_0.4,vax_C,0.4
163,C,0.4013107685835722,3.2330716724355345e-5,0.5986569006997039,1,23,vax_C_0.4,vax_C,0.4
164,A,0.2773890413105342,1.630334912652809e-5,0.7225946553403388,1,23,vax_C_0.4,vax_C,0.4
164,C,0.40130705109858855,2.9834977076396563e-5,0.5986631139243349,1,23,vax_C_0.4,vax_C,0.4
165,A,0.27738716788242457,1.5043757180041727e-5,0.7225977883603951,1,23,vax_C_0.4,vax_C,0.4
165,C,0.40130362061702657,2.7531861472349796e-5,0.5986688475215011,1,23,vax_C_0.4,vax_C,0.4
166,A,0.27738543915780656,1.3881514476456112e-5,0.7226006793277161,1,23,vax_C_0.4,vax_C,0.4
166,C,0.4013004549823534,2.5406507750006367e-5,0.5986741385098965,1,23,vax_C_0.4,vax_C,0.4
167,A,0.2773838439573136,1.2809093412658275e-5,0.7226033469492743,1,23,vax_C_0.4,vax_C,0.4
167,C,0.40129753374833493,2.3445199747834907e-5,0.5986790210519168,1,23,vax_C_0.4,vax_C,0.4
168,A,0.2773823719655524,1.1819548894882845e-5,0.7226058084855532,1,23,vax_C_0.4,vax_C,0.4
168,C,0.4012948380470425,2.163527904359487e-5,0.5986835266739133,1,23,vax_C_0.4,vax_C,0.4
169,A,0.2773810136643035,1.0906473214854047e-5,0.7226080798624809,1,23,vax_C_0.4,vax_C,0.4
169,C,0.4012923504670405,1.9965063474978274e-5,0.5986876844694857,1,23,vax_C_0.4,vax_C,0.4
170,A,0.2773797602708838,1.0063954426481383e-5,0.72261017577469,1,23,vax_C_0.4,vax_C,0.4
170,C,0.40129005494096975,1.8423771923489636e-5,0.5986915212871069,1,23,vax_C_0.4,vax_C,0.4
171,A,0.2773786036812785,9.286537951030935e-6,0.7226121097807706,1,23,vax_C_0.4,vax_C,0.4
171,C,0.40128793664181217,1.7001454882048582e-5,0.5986950619033062,1,23,vax_C_0.4,vax_C,0.4
172,A,0.27737753641767804,8.56919115988911e-6,0.7226138943911613,1,23,vax_C_0.4,vax_C,0.4
172,C,0.4012859818871516,1.5688930363230513e-5,0.5986983291824853,1,23,vax_C_0.4,vax_C,0.4
173,A,0.27737655158006713,7.907270703586214e-6,0.7226155411492292,1,23,vax_C_0.4,vax_C,0.4
173,C,0.4012841780508258,1.4477724738793205e-5,0.5987013442244351,1,23,vax_C_0.4,vax_C,0.4
174,A,0.27737564280156174,7.296492373762614e-6,0.7226170607060639,1,23,vax_C_0.4,vax_C,0.4
174,C,0.40128251348139565,1.336001813230886e-5,0.5987041265004718,1,23,vax_C_0.4,vax_C,0.4
175,A,0.2773748042072023,6.732903301350017e-6,0.7226184628894963,1,23,vax_C_0.4,vax_C,0.4
175,C,0.40128097742690827,1.2328594015496498e-5,0.5987066939790784,1,23,vax_C_0.4,vax_C,0.4
176,A,0.27737403037592906,6.212856309584293e-6,0.7226197567677612,1,23,vax_C_0.4,vax_C,0.4
176,C,0.40127955996545994,1.1376792685590423e-5,0.5987090632418531,1,23,vax_C_0.4,vax_C,0.4
177,A,0.2773733163055035,5.732986254602631e-6,0.7226209507082418,1,23,vax_C_0.4,vax_C,0.4
177,C,0.40127825194112904,1.0498468325773734e-5,0.5987112495905453,1,23,vax_C_0.4,vax_C,0.4
178,A,0.27737265738013805,5.2901881991760285e-6,0.7226220524316626,1,23,vax_C_0.4,vax_C,0.4
178,C,0.40127704490483895,9.687949372929552e-6,0.5987132671457878,1,23,vax_C_0.4,vax_C,0.4
179,A,0.27737204934063225,4.88159727747199e-6,0.7226230690620898,1,23,vax_C_0.4,vax_C,0.4
179,C,0.40127593105979975,8.940001938917874e-6,0.5987151289382625,1,23,vax_C_0.4,vax_C,0.4
180,A,0.2773714882568149,4.504570119601004e-6,0.7226240071730651,1,23,vax_C_0.4,vax_C,0.4
180,C,0.401274903211149,8.249796050502482e-6,0.5987168469928,1,23,vax_C_0.4,vax_C,0.4
181,A,0.2773709705021203,4.156667714928307e-6,0.7226248728301649,1,23,vax_C_0.4,vax_C,0.4
181,C,0.40127395471949107,7.612874491102586e-6,0.5987184324060171,1,23,vax_C_0.4,vax_C,0.4
182,A,0.2773704927301245,3.8356396025350585e-6,0.7226256716302734,1,23,vax_C_0.4,vax_C,0.4
182,C,0.40127307945801116,7.025124044151185e-6,0.5987198954179462,1,23,vax_C_0.4,vax_C,0.4
183,A,0.27737005185290337,3.53940928590464e-6,0.7226264087378107,1,23,vax_C_0.4,vax_C,0.4
183,C,0.40127227177290287,6.482748953244226e-6,0.5987212454781426,1,23,vax_C_0.4,vax_C,0.4
184,A,0.2773696450210562,3.2660607769129816e-6,0.7226270889181658,1,23,vax_C_0.4,vax_C,0.4
184,C,0.40127152644686226,5.982246428459131e-6,0.5987224913067105,1,23,vax_C_0.4,vax_C,0.4
185,A,0.27736926960527875,3.0138261815700043e-6,0.7226277165685396,1,23,vax_C_0.4,vax_C,0.4
185,C,0.40127083866537716,5.520384041301291e-6,0.5987236409505817,1,23,vax_C_0.4,vax_C,0.4
186,A,0.2773689231793549,2.781074246754419e-6,0.7226282957463982,1,23,vax_C_0.4,vax_C,0.4
186,C,0.4012702039856415,5.094178862821728e-6,0.5987247018354961,1,23,vax_C_0.4,vax_C,0.4
187,A,0.27736860350446985,2.566299793455903e-6,0.7226288301957364,1,23,vax_C_0.4,vax_C,0.4
187,C,0.4012696183078524,4.700878210626701e-6,0.5987256808139368,1,23,vax_C_0.4,vax_C,0.4
188,A,0.2773683085147313,2.3681139678250056e-6,0.7226293233713006,1,23,vax_C_0.4,vax_C,0.4
188,C,0.40126907784873506,4.3379418808303005e-6,0.5987265842093847,1,23,vax_C_0.4,vax_C,0.4
189,A,0.277368036303808,2.185235246664748e-6,0.7226297784609458,1,23,vax_C_0.4,vax_C,0.4
189,C,0.40126857911710095,4.003025750532946e-6,0.5987274178571488,1,23,vax_C_0.4,vax_C,0.4
190,A,0.27736778511260707,2.0164811389149435e-6,0.7226301984062533,1,23,vax_C_0.4,vax_C,0.4
190,C,0.4012681188913033,3.693966645205504e-6,0.5987281871420524,1,23,vax_C_0.4,vax_C,0.4
191,A,0.27736755331789537,1.8607605292146008e-6,0.7226305859215751,1,23,vax_C_0.4,vax_C,0.4
191,C,0.40126769419842123,3.408768373481892e-6,0.5987288970332058,1,23,vax_C_0.4,vax_C,0.4
192,A,0.27736733942180974,1.7170666138108148e-6,0.722630943511576,1,23,vax_C_0.4,vax_C,0.4
192,C,0.4012673022950642,3.1455888393668723e-6,0.5987295521160961,1,23,vax_C_0.4,vax_C,0.4
193,A,0.277367142042168,1.5844703829407478e-6,0.7226312734874482,1,23,vax_C_0.4,vax_C,0.4
193,C,0.401266940649648,2.902728148794347e-6,0.5987301566222039,1,23,vax_C_0.4,vax_C,0.4
194,A,0.2773669599035363,1.4621146073711185e-6,0.7226315779818574,1,23,vax_C_0.4,vax_C,0.4
194,C,0.4012666069260393,2.6786176338675472e-6,0.598730714456327,1,23,vax_C_0.4,vax_C,0.4
195,A,0.27736679182897966,1.349208290060188e-6,0.7226318589627294,1,23,vax_C_0.4,vax_C,0.4
195,C,0.40126629896847205,2.4718097240148425e-6,0.5987312292218046,1,23,vax_C_0.4,vax_C,0.4
196,A,0.27736663673246037,1.24502154693502e-6,0.7226321182459932,1,23,vax_C_0.4,vax_C,0.4
196,C,0.40126601478761775,2.280968598748657e-6,0.5987317042437827,1,23,vax_C_0.4,vax_C,0.4
197,A,0.2773664936118101,1.1488808835687154e-6,0.7226323575073067,1,23,vax_C_0.4,vax_C,0.4
197,C,0.4012657525477397,2.1048615617492194e-6,0.5987321425906986,1,23,vax_C_0.4,vax_C,0.4
198,A,0.2773663615422555,1.060164837108189e-6,0.7226325782929073,1,23,vax_C_0.4,vax_C,0.4
198,C,0.4012655105548289,1.942351080617434e-6,0.5987325470940901,1,23,vax_C_0.4,vax_C,0.4
199,A,0.2773662396704403,9.782999551913943e-7,0.7226327820296053,1,23,vax_C_0.4,vax_C,0.4
199,C,0.40126528724566796,1.7923874409645274e-6,0.5987329203668907,1,23,vax_C_0.4,vax_C,0.4
200,A,0.27736612720890835,9.027570857750353e-7,0.7226329700340056,1,23,vax_C_0.4,vax_C,0.4
200,C,0.4012650811777304,1.6540019674422209e-6,0.5987332648203022,1,23,vax_C_0.4,vax_C,0.4
201,A,0.2773660234310156,8.330479538149418e-7,0.7226331435210299,1,23,vax_C_0.4,vax_C,0.4
201,C,0.4012648910198618,1.5263007679733868e-6,0.5987335826793699,1,23,vax_C_0.4,vax_C,0.4
202,A,0.2773659276662305,7.687220026047847e-7,0.7226333036117661,1,23,vax_C_0.4,vax_C,0.4
202,C,0.4012647155436844,1.4084589608146421e-6,0.598733875997356,1,23,vax_C_0.4,vax_C,0.4
203,A,0.27736583929580294,7.093634792983582e-7,0.7226334513407169,1,23,vax_C_0.4,vax_C,0.4
203,C,0.4012645536156573,1.2997153471969262e-6,0.5987341466689964,1,23,vax_C_0.4,vax_C,0.4
204,A,0.27736575774876476,6.545887457265369e-7,0.7226335876624901,1,23,vax_C_0.4,vax_C,0.4
204,C,0.40126440418975967,1.1993674951633027e-6,0.5987343964427455,1,23,vax_C_0.4,vax_C,0.4
205,A,0.2773656824982371,6.040437970823448e-7,0.7226337134579667,1,23,vax_C_0.4,vax_C,0.4
205,C,0.40126426630072937,1.106767202873984e-6,0.5987346269320679,1,23,vax_C_0.4,vax_C,0.4
206,A,0.27736561305802776,5.574019723965866e-7,0.7226338295400004,1,23,vax_C_0.4,vax_C,0.4
206,C,0.40126413905783104,1.0213163120951935e-6,0.5987348396258572,1,23,vax_C_0.4,vax_C,0.4
207,A,0.2773655489794899,5.143618419710916e-7,0.7226339366586685,1,23,vax_C_0.4,vax_C,0.4
207,C,0.40126402163910085,9.424628448473159e-7,0.5987350358980551,1,23,vax_C_0.4,vax_C,0.4
208,A,0.27736548984862036,4.746452580849576e-7,0.7226340355061218,1,23,vax_C_0.4,vax_C,0.4
208,C,0.40126391328603456,8.696974382726895e-7,0.5987352170165281,1,23,vax_C_0.4,vax_C,0.4
209,A,0.27736543528338453,4.379955563483076e-7,0.7226341267210602,1,23,vax_C_0.4,vax_C,0.4
209,C,0.40126381329869226,8.025500547075247e-7,0.5987353841512528,1,23,vax_C_0.4,vax_C,0.4
210,A,0.2773653849312477,4.0417589605514296e-7,0.7226342108928566,1,23,vax_C_0.4,vax_C,0.4
210,C,0.4012637210311744,7.405869457177982e-7,0.5987355383818795,1,23,vax_C_0.4,vax_C,0.4
211,A,0.2773653384668987,3.729677287881907e-7,0.7226342885653716,1,23,vax_C_0.4,vax_C,0.4
211,C,0.4012636358874487,6.834078504977035e-7,0.5987356807046996,1,23,vax_C_0.4,vax_C,0.4
212,A,0.2773652955901459,3.441693853602042e-7,0.7226343602404705,1,23,vax_C_0.4,vax_C,0.4
212,C,0.4012635573175042,6.306434105416235e-7,0.5987358120390853,1,23,vax_C_0.4,vax_C,0.4
213,A,0.27736525602397644,3.175947719433311e-7,0.7226344263812523,1,23,vax_C_0.4,vax_C,0.4
213,C,0.40126348481379065,5.819527838964251e-7,0.5987359332334264,1,23,vax_C_0.4,vax_C,0.4
214,A,0.2773652195127688,2.9307216694590015e-7,0.7226344874150649,1,23,vax_C_0.4,vax_C,0.4
214,C,0.40126341790794684,5.370214435890323e-7,0.5987360450706088,1,23,vax_C_0.4,vax_C,0.4
215,A,0.27736518582063924,2.7044311084885384e-7,0.7226345437362502,1,23,vax_C_0.4,vax_C,0.4
215,C,0.4012633561677735,4.955591460129253e-7,0.5987361482730796,1,23,vax_C_0.4,vax_C,0.4
216,A,0.27736515472991835,2.4956138181648476e-7,0.7226345957087011,1,23,vax_C_0.4,vax_C,0.4
216,C,0.4012632991944402,4.572980561544752e-7,0.5987362435075045,1,23,vax_C_0.4,vax_C,0.4
217,A,0.2773651260397435,2.3029205045190193e-7,0.7226346436682072,1,23,vax_C_0.4,vax_C,0.4
217,C,0.40126324661990703,4.2199101755259256e-7,0.5987363313890759,1,23,vax_C_0.4,vax_C,0.4
218,A,0.2773650995647622,2.1251060757997266e-7,0.7226346879246307,1,23,vax_C_0.4,vax_C,0.4
218,C,0.40126319810455274,3.8940995581839014e-7,0.5987364124854919,1,23,vax_C_0.4,vax_C,0.4
219,A,0.2773650751339343,1.9610215941411752e-7,0.7226347287639056,1,23,vax_C_0.4,vax_C,0.4
219,C,0.4012631533349759,3.5934440540564295e-7,0.598736487320619,1,23,vax_C_0.4,vax_C,0.4
220,A,0.2773650525894265,1.8096068489939369e-7,0.7226347664498882,1,23,vax_C_0.4,vax_C,0.4
220,C,0.40126311202197223,3.3160015011752407e-7,0.5987365563778781,1,23,vax_C_0.4,vax_C,0.4
221,A,0.277365031785592,1.6698835042699684e-7,0.7226348012260578,1,23,vax_C_0.4,vax_C,0.4
221,C,0.4012630738986663,3.059979685695118e-7,0.5987366201033649,1,23,vax_C_0.4,vax_C,0.4
222,A,0.27736501258802937,1.5409487748677354e-7,0.7226348333170931,1,23,vax_C_0.4,vax_C,0.4
222,C,0.40126303871878816,2.8237247650609376e-7,0.5987366789087347,1,23,vax_C_0.4,vax_C,0.4
223,A,0.2773649948727173,1.4219695916713876e-7,0.7226348629303238,1,23,vax_C_0.4,vax_C,0.4
223,C,0.4012630062550823,2.6057105849434895e-7,0.5987367331738593,1,23,vax_C_0.4,vax_C,0.4
224,A,0.2773649785252072,1.3121772172800772e-7,0.7226348902570713,1,23,vax_C_0.4,vax_C,0.4
224,C,0.4012629762978365,2.404528820946767e-7,0.5987367832492807,1,23,vax_C_0.4,vax_C,0.4
225,A,0.27736496343989053,1.210862277641259e-7,0.7226349154738816,1,23,vax_C_0.4,vax_C,0.4
225,C,0.40126294865353407,2.2188798814149332e-7,0.5987368294584785,1,23,vax_C_0.4,vax_C,0.4
226,A,0.2773649495193114,1.1173701774535857e-7,0.7226349387436698,1,23,vax_C_0.4,vax_C,0.4
226,C,0.40126292314359524,2.047564512581612e-7,0.5987368720999546,1,23,vax_C_0.4,vax_C,0.4
227,A,0.27736493667353934,1.0310968696888156e-7,0.7226349602167745,1,23,vax_C_0.4,vax_C,0.4
227,C,0.4012628996032301,1.8894760518401383e-7,0.5987369114491649,1,23,vax_C_0.4,vax_C,0.4
228,A,0.27736492481958713,9.51484951873923e-8,0.7226349800319174,1,23,vax_C_0.4,vax_C,0.4
228,C,0.4012628778803734,1.74359327909892e-7,0.5987369477603002,1,23,vax_C_0.4,vax_C,0.4
229,A,0.27736491388087586,8.780200638890656e-8,0.7226349983171179,1,23,vax_C_0.4,vax_C,0.4
229,C,0.40126285783469634,1.6089738200486922e-7,0.5987369812679223,1,23,vax_C_0.4,vax_C,0.4
230,A,0.2773649037867387,8.102275639545819e-8,0.7226350151905048,1,23,vax_C_0.4,vax_C,0.4
230,C,0.4012628393367083,1.4847480586717665e-7,0.5987370121884861,1,23,vax_C_0.4,vax_C,0.4
231,A,0.2773648944719654,7.476694529378351e-8,0.7226350307610904,1,23,vax_C_0.4,vax_C,0.4
231,C,0.40126282226691323,1.370113504319354e-7,0.598737040721736,1,23,vax_C_0.4,vax_C,0.4
232,A,0.2773648858763584,6.899414171561629e-8,0.7226350451295014,1,23,vax_C_0.4,vax_C,0.4
232,C,0.401262806515003,1.2643293756803405e-7,0.5987370670520596,1,23,vax_C_0.4,vax_C,0.4
233,A,0.27736487794438086,6.366704392171429e-8,0.7226350583885754,1,23,vax_C_0.4,vax_C,0.4
233,C,0.4012627919792074,1.1667122249235545e-7,0.5987370913495699,1,23,vax_C_0.4,vax_C,0.4
234,A,0.27736487062480913,5.875124780160966e-8,0.722635070623943,1,23,vax_C_0.4,vax_C,0.4
234,C,0.4012627785656625,1.0766316883832402e-7,0.5987371137711692,1,23,vax_C_0.4,vax_C,0.4
235,A,0.2773648638703777,5.4215007656898315e-8,0.7226350819146145,1,23,vax_C_0.4,vax_C,0.4
235,C,0.4012627661877539,9.935061050113476e-8,0.5987371344616371,1,23,vax_C_0.4,vax_C,0.4
236,A,0.2773648576375807,5.002910282325969e-8,0.7226350923333174,1,23,vax_C_0.4,vax_C,0.4
236,C,0.4012627547657557,9.168000737191716e-8,0.598737153554236,1,23,vax_C_0.4,vax_C,0.4
237,A,0.27736485188636906,4.6166635235134664e-8,0.7226351019469962,1,23,vax_C_0.4,vax_C,0.4
237,C,0.4012627442262817,8.460207451427997e-8,0.5987371711716438,1,23,vax_C_0.4,vax_C,0.4
238,A,0.27736484657943805,4.260254966794568e-8,0.7226351108180125,1,23,vax_C_0.4,vax_C,0.4
238,C,0.40126273450096955,7.807090327236488e-8,0.5987371874281264,1,23,vax_C_0.4,vax_C,0.4
239,A,0.2773648416822062,3.931362047248046e-8,0.7226351190041734,1,23,vax_C_0.4,vax_C,0.4
239,C,0.4012627255264511,7.204393698602072e-8,0.5987372024296137,1,23,vax_C_0.4,vax_C,0.4
240,A,0.277364837158978,3.627587287486529e-8,0.7226351265651496,1,23,vax_C_0.4,vax_C,0.4
240,C,0.4012627172373087,6.6477245964385e-8,0.5987372162854453,1,23,vax_C_0.4,vax_C,0.4
241,A,0.27736483298148895,3.347032408270464e-8,0.7226351335481871,1,23,vax_C_0.4,vax_C,0.4
241,C,0.4012627095817522,6.133604718684619e-8,0.5987372290822014,1,23,vax_C_0.4,vax_C,0.4
242,A,0.27736482911498567,3.08736336504261e-8,0.7226351400113806,1,23,vax_C_0.4,vax_C,0.4
242,C,0.40126270249609464,5.65775718608571e-8,0.5987372409263351,1,23,vax_C_0.4,vax_C,0.4
243,A,0.27736482569579235,2.8577355640394206e-8,0.722635145726852,1,23,vax_C_0.4,vax_C,0.4
243,C,0.4012626962301562,5.236959126617966e-8,0.5987372514002526,1,23,vax_C_0.4,vax_C,0.4
244,A,0.2773648225309057,2.6451868625385712e-8,0.7226351510172263,1,23,vax_C_0.4,vax_C,0.4
244,C,0.40126269043025004,4.847458090661256e-8,0.5987372610951677,1,23,vax_C_0.4,vax_C,0.4
245,A,0.2773648196014109,2.448446945648661e-8,0.7226351559141195,1,23,vax_C_0.4,vax_C,0.4
245,C,0.4012626850617146,4.486926350178625e-8,0.5987372700690214,1,23,vax_C_0.4,vax_C,0.4
246,A,0.2773648168898005,2.2663399847821704e-8,0.7226351604468001,1,23,vax_C_0.4,vax_C,0.4
246,C,0.4012626800924672,4.153209303300001e-8,0.59873727837544,1,23,vax_C_0.4,vax_C,0.4
247,A,0.2773648143798688,2.097777609029506e-8,0.7226351646423546,1,23,vax_C_0.4,vax_C,0.4
247,C,0.4012626754928093,3.844312597302446e-8,0.5987372860640661,1,23,vax_C_0.4,vax_C,0.4
248,A,0.2773648120566168,1.9417523998990376e-8,0.7226351685258597,1,23,vax_C_0.4,vax_C,0.4
248,C,0.401262671235252,3.5583902100533717e-8,0.5987372931808455,1,23,vax_C_0.4,vax_C,0.4
249,A,0.2773648099061578,1.797331869951683e-8,0.7226351721205226,1,23,vax_C_0.4,vax_C,0.4
249,C,0.40126266729435334,3.2937334178956085e-8,0.5987372997683121,1,23,vax_C_0.4,vax_C,0.4
250,A,0.27736480791564205,1.6636528893332162e-8,0.7226351754478284,1,23,vax_C_0.4,vax_C,0.4
250,C,0.40126266364656077,3.0487605840454596e-8,0.5987373058658342,1,23,vax_C_0.4,vax_C,0.4
251,A,0.2773648060731725,1.539916526885266e-8,0.7226351785276615,1,23,vax_C_0.4,vax_C,0.4
251,C,0.4012626602700738,2.8220077064787884e-8,0.5987373115098487,1,23,vax_C_0.4,vax_C,0.4
252,A,0.2773648043677384,1.4253832749949923e-8,0.7226351813784287,1,23,vax_C_0.4,vax_C,0.4
252,C,0.401262657144715,2.6121196688181817e-8,0.5987373167340888,1,23,vax_C_0.4,vax_C,0.4
253,A,0.2773648027891479,1.3193686296376696e-8,0.7226351840171665,1,23,vax_C_0.4,vax_C,0.4
253,C,0.40126265425180513,2.4178421419358748e-8,0.5987373215697727,1,23,vax_C_0.4,vax_C,0.4
254,A,0.2773648013279664,1.2212389991901906e-8,0.7226351864596448,1,23,vax_C_0.4,vax_C,0.4
254,C,0.4012626515740579,2.238014087875689e-8,0.5987373260457999,1,23,vax_C_0.4,vax_C,0.4
255,A,0.27736479997546126,1.130407917558988e-8,0.7226351887204602,1,23,vax_C_0.4,vax_C,0.4
255,C,0.4012626490954687,2.0715608212964914e-8,0.5987373301889221,1,23,vax_C_0.4,vax_C,0.4
256,A,0.2773647987235496,1.0463325389854812e-8,0.7226351908131251,1,23,vax_C_0.4,vax_C,0.4
256,C,0.401262646801227,1.9174875869717328e-8,0.5987373340238984,1,23,vax_C_0.4,vax_C,0.4
257,A,0.27736479756475035,9.685103935760039e-9,0.7226351927501453,1,23,vax_C_0.4,vax_C,0.4
257,C,0.40126264467761863,1.7748736149634065e-8,0.5987373375736446,1,23,vax_C_0.4,vax_C,0.4
258,A,0.2773647964921379,8.96476384161982e-9,0.7226351945430983,1,23,vax_C_0.4,vax_C,0.4
258,C,0.401262642711956,1.6428666179434974e-8,0.5987373408593785,1,23,vax_C_0.4,vax_C,0.4
259,A,0.27736479549930165,8.29800006538944e-9,0.7226351962026986,1,23,vax_C_0.4,vax_C,0.4
259,C,0.40126264089248936,1.5206776977781287e-8,0.5987373439007334,1,23,vax_C_0.4,vax_C,0.4
260,A,0.27736479458030827,7.680827764682519e-9,0.722635197738864,1,23,vax_C_0.4,vax_C,0.4
260,C,0.4012626392083463,1.4075766309356443e-8,0.5987373467158854,1,23,vax_C_0.4,vax_C,0.4
261,A,0.27736479372966616,7.109558480616256e-9,0.7226351991607761,1,23,vax_C_0.4,vax_C,0.4
261,C,0.4012626376494637,1.3028875045434492e-8,0.5987373493216627,1,23,vax_C_0.4,vax_C,0.4
262,A,0.27736479294229044,6.580778093125618e-9,0.7226352004769324,1,23,vax_C_0.4,vax_C,0.4
262,C,0.4012626362065218,1.2059846770142007e-8,0.5987373517336309,1,23,vax_C_0.4,vax_C,0.4
263,A,0.2773647922134774,6.091326410371522e-9,0.7226352016951968,1,23,vax_C_0.4,vax_C,0.4
263,C,0.4012626348709011,1.1162890387520072e-8,0.5987373539662101,1,23,vax_C_0.4,vax_C,0.4
264,A,0.2773647915388695,5.638278297148024e-9,0.7226352028228517,1,23,vax_C_0.4,vax_C,0.4
264,C,0.4012626336346162,1.0332645522657665e-8,0.598737356032738,1,23,vax_C_0.4,vax_C,0.4
265,A,0.27736479091443667,5.218926180176991e-9,0.7226352038666373,1,23,vax_C_0.4,vax_C,0.4
265,C,0.40126263249028116,9.564150479515531e-9,0.5987373579455685,1,23,vax_C_0.4,vax_C,0.4
266,A,0.27736479033644595,4.8307638659741244e-9,0.7226352048327904,1,23,vax_C_0.4,vax_C,0.4
266,C,0.4012626314310564,8.852812588885822e-9,0.5987373597161311,1,23,vax_C_0.4,vax_C,0.4
267,A,0.27736478980144363,4.471471564711994e-9,0.7226352057270841,1,23,vax_C_0.4,vax_C,0.4
267,C,0.40126263045061195,8.194380763206478e-9,0.5987373613550075,1,23,vax_C_0.4,vax_C,0.4
268,A,0.2773647893062332,4.138902025865438e-9,0.7226352065548657,1,23,vax_C_0.4,vax_C,0.4
268,C,0.40126262954308867,7.58492009129759e-9,0.598737362871992,1,23,vax_C_0.4,vax_C,0.4
269,A,0.2773647888478537,3.83106770508143e-9,0.7226352073210791,1,23,vax_C_0.4,vax_C,0.4
269,C,0.40126262870306306,7.020788322622339e-9,0.5987373642761492,1,23,vax_C_0.4,vax_C,0.4
270,A,0.27736478842356665,3.5461288855691167e-9,0.7226352080303037,1,23,vax_C_0.4,vax_C,0.4
270,C,0.4012626279255143,6.498614100538868e-9,0.5987373655758721,1,23,vax_C_0.4,vax_C,0.4
271,A,0.27736478803083625,3.2823826830112612e-09,0.7226352086867812,1,23,vax_C_0.4,vax_C,0.4
271,C,0.4012626272057958,6.015276814461162e-9,0.5987373667789261,1,23,vax_C_0.4,vax_C,0.4
272,A,0.27736478766731604,3.038252868279724e-9,0.7226352092944313,1,23,vax_C_0.4,vax_C,0.4
272,C,0.40126262653960787,5.567887950522539e-9,0.5987373678925053,1,23,vax_C_0.4,vax_C,0.4
273,A,0.27736478733083214,2.81228044712602e-9,0.7226352098568878,1,23,vax_C_0.4,vax_C,0.4
273,C,0.4012626259229665,5.153773829289884e-9,0.5987373689232595,1,23,vax_C_0.4,vax_C,0.4
274,A,0.27736478701937467,2.603114940542511e-9,0.7226352103775107,1,23,vax_C_0.4,vax_C,0.4
274,C,0.4012626253521892,4.770459627366764e-9,0.5987373698773519,1,23,vax_C_0.4,vax_C,0.4
275,A,0.277364786731082,2.4095063136781266e-9,0.7226352108594112,1,23,vax_C_0.4,vax_C,0.4
275,C,0.4012626248238633,4.415654587395363e-9,0.5987373707604821,1,23,vax_C_0.4,vax_C,0.4
276,A,0.277364786464231,2.230297505068904e-9,0.7226352113054716,1,23,vax_C_0.4,vax_C,0.4
276,C,0.4012626243348318,4.087238328070163e-9,0.5987373715779298,1,23,vax_C_0.4,vax_C,0.4
277,A,0.2773647862172276,2.0644175115319154e-9,0.722635211718355,1,23,vax_C_0.4,vax_C,0.4
277,C,0.4012626238821724,3.783248172349338e-9,0.5987373723345795,1,23,vax_C_0.4,vax_C,0.4
278,A,0.2773647859885954,1.910874987392501e-9,0.72263521210052994,1,23,vax_C_0.4,vax_C,0.4
278,C,0.4012626234631801,3.5018674181352976e-9,0.5987373730349541,1,23,vax_C_0.4,vax_C,0.4
279,A,0.2773647857769676,1.7687523197887707e-9,0.7226352124542809,1,23,vax_C_0.4,vax_C,0.4
279,C,0.4012626230753493,3.241414481327801e-9,0.598737373683236,1,23,vax_C_0.4,vax_C,0.4
280,A,0.2773647855810796,1.63720014464304e-9,0.7226352127817202,1,23,vax_C_0.4,vax_C,0.4
280,C,0.40126262271636476,3.000332846366794e-9,0.5987373742833026,1,23,vax_C_0.4,vax_C,0.4
281,A,0.2773647853997613,1.5154322705237234e-9,0.7226352130848076,1,23,vax_C_0.4,vax_C,0.4
281,C,0.4012626223840797,2.7771817642074216e-9,0.5987373748387396,1,23,vax_C_0.4,vax_C,0.4
282,A,0.2773647852319285,1.4027209800590658e-9,0.7226352133653512,1,23,vax_C_0.4,vax_C,0.4
282,C,0.4012626220765073,2.570627642136936e-9,0.5987373753528641,1,23,vax_C_0.4,vax_C,0.4
283,A,0.27736478507657764,1.2983926809249836e-9,0.7226352136250291,1,23,vax_C_0.4,vax_C,0.4
283,C,0.401262621791812,2.3794360737306084e-9,0.598737375828751,1,23,vax_C_0.4,vax_C,0.4
284,A,0.27736478493278166,1.2018238799115241e-09,0.7226352138653943,1,23,vax_C_0.4,vax_C,0.4
284,C,0.4012626215282918,2.2024644624918947e-9,0.5987373762692456,1,23,vax_C_0.4,vax_C,0.4
285,A,0.277364784799681,1.112437456934202e-9,0.7226352140878818,1,23,vax_C_0.4,vax_C,0.4
285,C,0.4012626212843694,2.0386551929576173e-9,0.5987373766769755,1,23,vax_C_0.4,vax_C,0.4
286,A,0.2773647846764792,1.0296992159584455e-9,0.7226352142938222,1,23,vax_C_0.4,vax_C,0.4
286,C,0.40126262105858934,1.887029310183452e-9,0.5987373770543815,1,23,vax_C_0.4,vax_C,0.4
287,A,0.27736478456244096,9.531146924127087e-10,0.7226352144844446,1,23,vax_C_0.4,vax_C,0.4
287,C,0.4012626208496027,1.7466806694247557e-9,0.5987373774037186,1,23,vax_C_0.4,vax_C,0.4
288,A,0.27736478445688406,8.822261980982797e-10,0.7226352146608901,1,23,vax_C_0.4,vax_C,0.4
288,C,0.4012626206561574,1.616770520846883e-9,0.5987373777270711,1,23,vax_C_0.4,vax_C,0.4
289,A,0.2773647843591783,8.166100858903139e-10,0.7226352148242118,1,23,vax_C_0.4,vax_C,0.4
289,C,0.40126262047710143,1.4965224969999525e-9,0.5987373780263764,1,23,vax_C_0.4,vax_C,0.4
290,A,0.27736478426873945,7.558742178824853e-10,0.7226352149753867,1,23,vax_C_0.4,vax_C,0.4
290,C,0.4012626203113626,1.385217973102157e-9,0.59873737830342,1,23,vax_C_0.4,vax_C,0.4
291,A,0.2773647841850263,6.996556218435287e-10,0.7226352151153175,1,23,vax_C_0.4,vax_C,0.4
291,C,0.4012626201579499,1.2821917724040186e-9,0.5987373785598575,1,23,vax_C_0.4,vax_C,0.4
292,A,0.2773647841075403,6.476183219794267e-10,0.7226352152448415,1,23,vax_C_0.4,vax_C,0.4
292,C,0.401262620015948,1.1868281909679386e-9,0.5987373787972241,1,23,vax_C_0.4,vax_C,0.4
293,A,0.27736478403581705,5.994513310367796e-10,0.7226352153647321,1,23,vax_C_0.4,vax_C,0.4
293,C,0.40126261988450745,1.098557318106415e-9,0.5987373790169346,1,23,vax_C_0.4,vax_C,0.4
294,A,0.2773647839694282,5.548667917471842e-10,0.7226352154757044,1,23,vax_C_0.4,vax_C,0.4
294,C,0.40126261976284316,1.0168516304892694e-9,0.5987373792203057,1,23,vax_C_0.4,vax_C,0.4
295,A,0.2773647839079772,5.135982565049977e-10,0.7226352155784247,1,23,vax_C_0.4,vax_C,0.4
295,C,0.4012626196502272,9.412228395655354e-10,0.5987373794085498,1,23,vax_C_0.4,vax_C,0.4
296,A,0.27736478385109636,4.753990949970227e-10,0.7226352156735043,1,23,vax_C_0.4,vax_C,0.4
296,C,0.4012626195459873,8.712189734597294e-10,0.5987373795827944,1,23,vax_C_0.4,vax_C,0.4
297,A,0.2773647837984463,4.400410202674023e-10,0.7226352157615125,1,23,vax_C_0.4,vax_C,0.4
297,C,0.40126261944950037,8.064216759032934e-10,0.5987373797440785,1,23,vax_C_0.4,vax_C,0.4
298,A,0.27736478374971235,4.073127244088107e-10,0.7226352158429756,1,23,vax_C_0.4,vax_C,0.4
298,C,0.4012626193601901,7.46443706059191e-10,0.598737379893367,1,23,vax_C_0.4,vax_C,0.4
299,A,0.2773647837046026,3.7701861572625826e-10,0.7226352159183792,1,23,vax_C_0.4,vax_C,0.4
299,C,0.4012626192775213,6.909266242980984e-10,0.5987373800315522,1,23,vax_C_0.4,vax_C,0.4
300,A,0.2773647836628478,3.4897764982624755e-10,0.722635215988174,1,23,vax_C_0.4,vax_C,0.4
300,C,0.40126261920100137,6.395386500960127e-10,0.5987373801594595,1,23,vax_C_0.4,vax_C,0.4
301,A,0.2773647836241987,3.2302224764540276e-10,0.7226352160527781,1,23,vax_C_0.4,vax_C,0.4
301,C,0.4012626191301731,5.919726792516195e-10,0.598737380277855,1,23,vax_C_0.4,vax_C,0.4
302,A,0.27736478358842437,2.989972939522603e-10,0.7226352161125785,1,23,vax_C_0.4,vax_C,0.4
302,C,0.40126261906461214,5.479444485739926e-10,0.5987373803874428,1,23,vax_C_0.4,vax_C,0.4
303,A,0.27736478355531097,2.76759210536183e-10,0.7226352161679298,1,23,vax_C_0.4,vax_C,0.4
303,C,0.4012626190039271,5.071908373876089e-10,0.5987373804888809,1,23,vax_C_0.4,vax_C,0.4
304,A,0.27736478352465965,2.561750975905917e-10,0.7226352162191653,1,23,vax_C_0.4,vax_C,0.4
304,C,0.4012626189477559,4.694682941945298e-10,0.5987373805827746,1,23,vax_C_0.4,vax_C,0.4
305,A,0.2773647834962886,2.371219399019376e-10,0.7226352162665901,1,23,vax_C_0.4,vax_C,0.4
305,C,0.40126261889576276,4.3455138185259957e-10,0.5987373806696853,1,23,vax_C_0.4,vax_C,0.4
306,A,0.2773647834700273,2.1948587168279648e-10,0.722635216310487,1,23,vax_C_0.4,vax_C,0.4
306,C,0.4012626188476369,4.022314303259933e-10,0.5987373807501324,1,23,vax_C_0.4,vax_C,0.4
307,A,0.2773647834457196,2.0316149599970807e-10,0.7226352163511196,1,23,vax_C_0.4,vax_C,0.4
307,C,0.4012626188030892,3.723152895050273e-10,0.5987373808245936,1,23,vax_C_0.4,vax_C,0.4
308,A,0.27736478342321924,1.880512548943574e-10,0.7226352163887291,1,23,vax_C_0.4,vax_C,0.4
308,C,0.4012626187618559,3.4462417490480395e-10,0.5987373808935199,1,23,vax_C_0.4,vax_C,0.4
309,A,0.2773647834023927,1.7406484635273348e-10,0.7226352164235423,1,23,vax_C_0.4,vax_C,0.4
309,C,0.40126261872368946,3.189925992155271e-10,0.5987373809573181,1,23,vax_C_0.4,vax_C,0.4
310,A,0.2773647833831153,1.6111868463786704e-10,0.7226352164557659,1,23,vax_C_0.4,vax_C,0.4
310,C,0.40126261868836105,2.9526738331923433e-10,0.5987373810163722,1,23,vax_C_0.4,vax_C,0.4
311,A,0.2773647833652714,1.4913540076092432e-10,0.7226352164855937,1,23,vax_C_0.4,vax_C,0.4
311,C,0.40126261865565993,2.733067408625945e-10,0.5987373810710331,1,23,vax_C_0.4,vax_C,0.4
312,A,0.27736478334875464,1.3804338010530597e-10,0.7226352165132021,1,23,vax_C_0.4,vax_C,0.4
312,C,0.40126261862539186,2.5297943091500334e-10,0.5987373811216291,1,23,vax_C_0.4,vax_C,0.4
313,A,0.27736478333346665,1.2777633444044412e-10,0.7226352165387565,1,23,vax_C_0.4,vax_C,0.4
313,C,0.40126261859737417,2.341639736481129e-10,0.5987373811684623,1,23,vax_C_0.4,vax_C,0.4
314,A,0.27736478331931524,1.1827290576751828e-10,0.7226352165624117,1,23,vax_C_0.4,vax_C,0.4
314,C,0.40126261857144163,2.1674792434953604e-10,0.5987373812118119,1,23,vax_C_0.4,vax_C,0.4
315,A,0.2773647833062168,1.0947629962954383e-10,0.7226352165843064,1,23,vax_C_0.4,vax_C,0.4
315,C,0.4012626185474361,2.0062720143210712e-10,0.5987373812519368,1,23,vax_C_0.4,vax_C,0.4
316,A,0.2773647832940922,1.0133394569438739e-10,0.7226352166045739,1,23,vax_C_0.4,vax_C,0.4
316,C,0.4012626185252169,1.8570546442274747e-10,0.5987373812890787,1,23,vax_C_0.4,vax_C,0.4
317,A,0.27736478328286984,9.379718358224491e-11,0.7226352166233333,1,23,vax_C_0.4,vax_C,0.4
317,C,0.4012626185046501,1.7189353821368332e-10,0.5987373813234567,1,23,vax_C_0.4,vax_C,0.4
318,A,0.2773647832724816,8.682097205999722e-11,0.7226352166406973,1,23,vax_C_0.4,vax_C,0.4
318,C,0.40126261848561307,1.591088801352356e-10,0.5987373813552788,1,23,vax_C_0.4,vax_C,0.4
319,A,0.2773647832628664,8.03636198645025e-11,0.7226352166567702,1,23,vax_C_0.4,vax_C,0.4
319,C,0.4012626184679914,1.4727508666530545e-10,0.5987373813847326,1,23,vax_C_0.4,vax_C,0.4
320,A,0.2773647832539663,7.43865365461475e-11,0.7226352166716464,1,23,vax_C_0.4,vax_C,0.4
320,C,0.40126261845168104,1.3632143682755882e-10,0.5987373814119975,1,23,vax_C_0.4,vax_C,0.4
321,A,0.2773647832457278,6.885400184362842e-11,0.7226352166854173,1,23,vax_C_0.4,vax_C,0.4
321,C,0.4012626184365832,1.2618246954957243e-10,0.5987373814372341,1,23,vax_C_0.4,vax_C,0.4
322,A,0.27736478323810204,6.373295221168114e-11,0.7226352166981643,1,23,vax_C_0.4,vax_C,0.4
322,C,0.401262618422609,1.167975924551566e-10,0.5987373814605939,1,23,vax_C_0.4,vax_C,0.4
323,A,0.27736478323104374,5.899278320548506e-11,0.7226352167099631,1,23,vax_C_0.4,vax_C,0.4
323,C,0.40126261840967375,1.0811071972646165e-10,0.5987373814822162,1,23,vax_C_0.4,vax_C,0.4
324,A,0.2773647832245105,5.4605166638959e-11,0.7226352167208847,1,23,vax_C_0.4,vax_C,0.4
324,C,0.4012626183977002,1.0006993699841239e-10,0.5987373815022293,1,23,vax_C_0.4,vax_C,0.4
325,A,0.27736478321846336,5.0543881244585014e-11,0.722635216730993,1,23,vax_C_0.4,vax_C,0.4
325,C,0.40126261838661753,9.262719105093797e-11,0.598737381520756,1,23,vax_C_0.4,vax_C,0.4
326,A,0.27736478321286556,4.678465596903488e-11,0.7226352167403498,1,23,vax_C_0.4,vax_C,0.4
326,C,0.401262618376359,8.573800263346081e-11,0.5987373815379023,1,23,vax_C_0.4,vax_C,0.4
327,A,0.27736478320768415,4.330502493247142e-11,0.7226352167490113,1,23,vax_C_0.4,vax_C,0.4
327,C,0.4012626183668632,7.936120065935799e-11,0.5987373815537755,1,23,vax_C_0.4,vax_C,0.4
328,A,0.27736478320288765,4.008419316761303e-11,0.722635216757028,1,23,vax_C_0.4,vax_C,0.4
328,C,0.4012626183580749,7.345867615980313e-11,0.598737381568467,1,23,vax_C_0.4,vax_C,0.4
329,A,0.2773647831984487,3.710291234455646e-11,0.7226352167644484,1,23,vax_C_0.4,vax_C,0.4
329,C,0.4012626183499391,6.799515453740259e-11,0.5987373815820662,1,23,vax_C_0.4,vax_C,0.4
330,A,0.2773647831943391,3.4343365738656336e-11,0.7226352167713166,1,23,vax_C_0.4,vax_C,0.4
330,C,0.4012626183424087,6.293798475856704e-11,0.5987373815946538,1,23,vax_C_0.4,vax_C,0.4
331,A,0.2773647831905361,3.178906175400283e-11,0.7226352167776758,1,23,vax_C_0.4,vax_C,0.4
331,C,0.4012626183354377,5.825694422479265e-11,0.5987373816063047,1,23,vax_C_0.4,vax_C,0.4
332,A,0.2773647831870153,2.9424735366164106e-11,0.7226352167835599,1,23,vax_C_0.4,vax_C,0.4
332,C,0.40126261832898613,5.392405815672808e-11,0.5987373816170894,1,23,vax_C_0.4,vax_C,0.4
333,A,0.27736478318375635,2.7236256895195388e-11,0.722635216789007,1,23,vax_C_0.4,vax_C,0.4
333,C,0.4012626183230141,4.991343241163034e-11,0.5987373816270717,1,23,vax_C_0.4,vax_C,0.4
334,A,0.2773647831807402,2.5210547563716006e-11,0.7226352167940487,1,23,vax_C_0.4,vax_C,0.4
334,C,0.4012626183174857,4.6201098735096275e-11,0.5987373816363123,1,23,vax_C_0.4,vax_C,0.4
335,A,0.2773647831779484,2.333550133541261e-11,0.7226352167987158,1,23,vax_C_0.4,vax_C,0.4
335,C,0.4012626183123694,4.276487152226529e-11,0.5987373816448649,1,23,vax_C_0.4,vax_C,0.4
336,A,0.27736478317536356,2.1599912566854905e-11,0.7226352168030362,1,23,vax_C_0.4,vax_C,0.4
336,C,0.40126261830763416,3.958421523247016e-11,0.598737381652783,1,23,vax_C_0.4,vax_C,0.4
337,A,0.27736478317297125,1.999340904025543e-11,0.7226352168070349,1,23,vax_C_0.4,vax_C,0.4
337,C,0.40126261830324944,3.664012166498211e-11,0.59873738166011,1,23,vax_C_0.4,vax_C,0.4
338,A,0.27736478317075774,1.8506389976960945e-11,0.7226352168107363,1,23,vax_C_0.4,vax_C,0.4
338,C,0.4012626182991916,3.391499636242706e-11,0.5987373816668929,1,23,vax_C_0.4,vax_C,0.4
339,A,0.2773647831687079,1.7129968661229726e-11,0.722635216814162,1,23,vax_C_0.4,vax_C,0.4
339,C,0.40126261829543564,3.139255346299703e-11,0.5987373816731717,1,23,vax_C_0.4,vax_C,0.4
340,A,0.2773647831668108,1.585591933140213e-11,0.7226352168173337,1,23,vax_C_0.4,vax_C,0.4
340,C,0.40126261829195886,2.9057718373075264e-11,0.5987373816789828,1,23,vax_C_0.4,vax_C,0.4
341,A,0.2773647831650547,1.467662802107275e-11,0.7226352168202687,1,23,vax_C_0.4,vax_C,0.4
341,C,0.4012626182887408,2.689653767862856e-11,0.5987373816843632,1,23,vax_C_0.4,vax_C,0.4
342,A,0.277364783163429,1.358504705648122e-11,0.7226352168229863,1,23,vax_C_0.4,vax_C,0.4
342,C,0.40126261828576176,2.4896095756978156e-11,0.5987373816893422,1,23,vax_C_0.4,vax_C,0.4
343,A,0.27736478316192487,1.2574652936189067e-11,0.7226352168255008,1,23,vax_C_0.4,vax_C,0.4
343,C,0.4012626182830047,2.3044437578637658e-11,0.5987373816939512,1,23,vax_C_0.4,vax_C,0.4
344,A,0.277364783160532,1.163940735071054e-11,0.7226352168278282,1,23,vax_C_0.4,vax_C,0.4
344,C,0.4012626182804522,2.133049729527925e-11,0.5987373816982169,1,23,vax_C_0.4,vax_C,0.4
345,A,0.277364783159243,1.0773721092347324e-11,0.7226352168299841,1,23,vax_C_0.4,vax_C,0.4
345,C,0.40126261827808984,1.974403208187207e-11,0.5987373817021653,1,23,vax_C_0.4,vax_C,0.4
346,A,0.2773647831580499,9.972420652836984e-12,0.7226352168319777,1,23,vax_C_0.4,vax_C,0.4
346,C,0.40126261827590415,1.8275560923477344e-11,0.5987373817058212,1,23,vax_C_0.4,vax_C,0.4
347,A,0.27736478315694524,9.230717306165748e-12,0.7226352168338245,1,23,vax_C_0.4,vax_C,0.4
347,C,0.40126261827387966,1.691630795985065e-11,0.5987373817092042,1,23,vax_C_0.4,vax_C,0.4
348,A,0.27736478315592283,8.544178490186446e-12,0.7226352168355326,1,23,vax_C_0.4,vax_C,0.4
348,C,0.4012626182720063,1.5658150039248747e-11,0.5987373817123358,1,23,vax_C_0.4,vax_C,0.4
349,A,0.2773647831549765,7.908701316745362e-12,0.7226352168371148,1,23,vax_C_0.4,vax_C,0.4
349,C,0.4012626182702725,1.4493568172945187e-11,0.5987373817152352,1,23,vax_C_0.4,vax_C,0.4
350,A,0.2773647831541006,7.320488052008045e-12,0.7226352168385781,1,23,vax_C_0.4,vax_C,0.4
350,C,0.40126261826866627,1.3415602600338054e-11,0.5987373817179173,1,23,vax_C_0.4,vax_C,0.4
351,A,0.27736478315329033,6.776023420449706e-12,0.7226352168399346,1,23,vax_C_0.4,vax_C,0.4
351,C,0.4012626182671807,1.241781119611011e-11,0.598737381720401,1,23,vax_C_0.4,vax_C,0.4
352,A,0.2773647831525399,6.272053596873865e-12,0.722635216841189,1,23,vax_C_0.4,vax_C,0.4
352,C,0.4012626182658054,1.1494230970874968e-11,0.5987373817227001,1,23,vax_C_0.4,vax_C,0.4
353,A,0.27736478315184515,5.805566760911074e-12,0.7226352168423498,1,23,vax_C_0.4,vax_C,0.4
353,C,0.4012626182645324,1.0639342435229487e-11,0.5987373817248277,1,23,vax_C_0.4,vax_C,0.4
354,A,0.27736478315120205,5.373775097787375e-12,0.7226352168434241,1,23,vax_C_0.4,vax_C,0.4
354,C,0.4012626182633544,9.848036614245962e-12,0.5987373817267977,1,23,vax_C_0.4,vax_C,0.4
355,A,0.2773647831506069,4.974098137795306e-12,0.7226352168444191,1,23,vax_C_0.4,vax_C,0.4
355,C,0.4012626182622636,9.115584515275656e-12,0.5987373817286193,1,23,vax_C_0.4,vax_C,0.4
356,A,0.27736478315005597,4.604147334900659e-12,0.7226352168453395,1,23,vax_C_0.4,vax_C,0.4
356,C,0.40126261826125426,8.437608866598432e-12,0.5987373817303084,1,23,vax_C_0.4,vax_C,0.4
357,A,0.2773647831495461,4.261711792323534e-12,0.7226352168461923,1,23,vax_C_0.4,vax_C,0.4
357,C,0.40126261826031934,7.810057958022235e-12,0.5987373817318699,1,23,vax_C_0.4,vax_C,0.4
358,A,0.277364783149074,3.944745049786841e-12,0.7226352168469804,1,23,vax_C_0.4,vax_C,0.4
358,C,0.4012626182594549,7.229181427100251e-12,0.5987373817333161,1,23,vax_C_0.4,vax_C,0.4
359,A,0.27736478314863755,3.651352853470146e-12,0.7226352168477119,1,23,vax_C_0.4,vax_C,0.4
359,C,0.4012626182586544,6.691507846258382e-12,0.5987373817346544,1,23,vax_C_0.4,vax_C,0.4
360,A,0.27736478314823276,3.37978183557948e-12,0.7226352168483867,1,23,vax_C_0.4,vax_C,0.4
360,C,0.40126261825791354,6.193823976890304e-12,0.5987373817358935,1,23,vax_C_0.4,vax_C,0.4
361,A,0.2773647831478588,3.128409035880102e-12,0.7226352168490132,1,23,vax_C_0.4,vax_C,0.4
361,C,0.4012626182572277,5.733155566438408e-12,0.5987373817370399,1,23,vax_C_0.4,vax_C,0.4
362,A,0.2773647831475119,2.8957322025705787e-12,0.722635216849592,1,23,vax_C_0.4,vax_C,0.4
362,C,0.4012626182565929,5.306749573700206e-12,0.5987373817381016,1,23,vax_C_0.4,vax_C,0.4
363,A,0.2773647831471913,2.680360815224246e-12,0.7226352168501284,1,23,vax_C_0.4,vax_C,0.4
363,C,0.40126261825600545,4.912057718665893e-12,0.5987373817390836,1,23,vax_C_0.4,vax_C,0.4
364,A,0.27736478314689444,2.48100777287499e-12,0.7226352168506246,1,23,vax_C_0.4,vax_C,0.4
364,C,0.4012626182554604,4.546721246439892e-12,0.5987373817399924,1,23,vax_C_0.4,vax_C,0.4
365,A,0.2773647831466199,2.2964817034997415e-12,0.7226352168510837,1,23,vax_C_0.4,vax_C,0.4
365,C,0.4012626182549569,4.208556836434053e-12,0.5987373817408338,1,23,vax_C_0.4,vax_C,0.4
0,A,0.9989999999999998,0.001,0,2,23,vax_C_0.4,vax_C,0.4
0,C,0.9989999999999999,0.0010000000000000002,0,2,23,vax_C_0.4,vax_C,0.4
1,A,0.9985173825859373,0.0012574914112290533,2.2512600283384327e-4,2,23,vax_C_0.4,vax_C,0.4
1,C,0.9986589393485613,0.0011284178094726404,2.1264284196624176e-4,2,23,vax_C_0.4,vax_C,0.4
2,A,0.9979433327442218,0.001551195619559998,5.054716362181712e-4,2,23,vax_C_0.4,vax_C,0.4
2,C,0.9982781408214757,0.0012696160568704132,4.522431216534563e-4,2,23,vax_C_0.4,vax_C,0.4
3,A,0.9972741431267738,0.0018779713340954837,8.47885539131482e-4,2,23,vax_C_0.4,vax_C,0.4
3,C,0.9978540361291793,0.001424524696167341,7.214391746540909e-4,2,23,vax_C_0.4,vax_C,0.4
4,A,0.9965017697478455,0.0022391738401888257,0.0012590564119659541,2,23,vax_C_0.4,vax_C,0.4
4,C,0.9973823483099468,0.0015945433757828455,0.001023108314271896,2,23,vax_C_0.4,vax_C,0.4
5,A,0.9956135582574356,0.0026399037856337597,0.0017465379569306086,2,23,vax_C_0.4,vax_C,0.4
5,C,0.9968579488862009,0.001781513744463172,0.0013605373693365895,2,23,vax_C_0.4,vax_C,0.4
6,A,0.9945944896947752,0.00308684798768861,0.002318662317535817,2,23,vax_C_0.4,vax_C,0.4
6,C,0.9962753230391128,0.0019874611714088,0.0017372157894788194,2,23,vax_C_0.4,vax_C,0.4
7,A,0.9934263038608174,0.0035880329862028396,0.002985663152979809,2,23,vax_C_0.4,vax_C,0.4
7,C,0.995627998485608,0.0022147524713410126,0.0021572490430508003,2,23,vax_C_0.4,vax_C,0.4
8,A,0.9920894487032973,0.004151656927090288,0.0037588943696122154,2,23,vax_C_0.4,vax_C,0.4
8,C,0.9949091078998843,0.0024658603753232554,0.0026250317247919464,2,23,vax_C_0.4,vax_C,0.4
9,A,0.9905627087772596,0.004786142005892208,0.0046511492168474465,2,23,vax_C_0.4,vax_C,0.4
9,C,0.994111193550027,0.002743418631729251,0.0031453878182424446,2,23,vax_C_0.4,vax_C,0.4
10,A,0.9888201894056146,0.005501319242126963,0.005678491352257863,2,23,vax_C_0.4,vax_C,0.4
10,C,0.993225125396208,0.0030505980229640958,0.003724276580827037,2,23,vax_C_0.4,vax_C,0.4
11,A,0.9868356008768564,0.006306593180866879,0.006857805942277349,2,23,vax_C_0.4,vax_C,0.4
11,C,0.992241585058604,0.003390558178741809,0.004367856762653871,2,23,vax_C_0.4,vax_C,0.4
12,A,0.9845802210823765,0.0072119175481499586,0.008207861369474281,2,23,vax_C_0.4,vax_C,0.4
12,C,0.9911503544591935,0.0037667108340905344,0.005082934706716855,2,23,vax_C_0.4,vax_C,0.4
13,A,0.9820220839962177,0.008228013232858274,0.009749902770924463,2,23,vax_C_0.4,vax_C,0.4
13,C,0.9899400036548911,0.004182813365837364,0.0058771829792731165,2,23,vax_C_0.4,vax_C,0.4
14,A,0.9791266246235493,0.009366093838206496,0.011507281538244755,2,23,vax_C_0.4,vax_C,0.4
14,C,0.9885980839052184,0.004642895046861475,0.00675902104792137,2,23,vax_C_0.4,vax_C,0.4
15,A,0.9758565706394271,0.010637759222354678,0.013505670138217001,2,23,vax_C_0.4,vax_C,0.4
15,C,0.9871110075011064,0.0051512738941213885,0.0077377186047728,2,23,vax_C_0.4,vax_C,0.4
16,A,0.972172098380568,0.012054953860644336,0.015772947758787265,2,23,vax_C_0.4,vax_C,0.4
16,C,0.9854640599690568,0.005712555267156475,0.008823384763787443,2,23,vax_C_0.4,vax_C,0.4
17,A,0.9680309214563264,0.013629776441516705,0.018339302102156622,2,23,vax_C_0.4,vax_C,0.4
17,C,0.9836413276349701,0.0063316308150852445,0.010027041549945269,2,23,vax_C_0.4,vax_C,0.4
18,A,0.9633883326475743,0.015374269884509201,0.0212373974679166,2,23,vax_C_0.4,vax_C,0.4
18,C,0.9816255690816409,0.007013689989123502,0.011360740929235695,2,23,vax_C_0.4,vax_C,0.4
19,A,0.9581975819813819,0.017300103867594004,0.024502314151024877,2,23,vax_C_0.4,vax_C,0.4
19,C,0.9793981853657989,0.007764199071460906,0.012837615562739864,2,23,vax_C_0.4,vax_C,0.4
20,A,0.9524104146928329,0.01941817677605057,0.028171408531116056,2,23,vax_C_0.4,vax_C,0.4
20,C,0.9769392116373381,0.008588866977309215,0.01447192138535321,2,23,vax_C_0.4,vax_C,0.4
21,A,0.9459777649819453,0.021738136398556214,0.032284098619499074,2,23,vax_C_0.4,vax_C,0.4
21,C,0.9742273254468281,0.009493597815960039,0.01627907673721162,2,23,vax_C_0.4,vax_C,0.4
22,A,0.9388506281337183,0.024267814451557113,0.036881557414723994,2,23,vax_C_0.4,vax_C,0.4
22,C,0.9712398772126286,0.010484427263289636,0.018275695524080423,2,23,vax_C_0.4,vax_C,0.4
23,A,0.9309809713518729,0.027012876663465416,0.04200615198466224,2,23,vax_C_0.4,vax_C,0.4
23,C,0.9679530958005934,0.011567435631858119,0.02047946856754811,2,23,vax_C_0.4,vax_C,0.4
24,A,0.9223230387114706,0.029975795237339627,0.04770116605119094,2,23,vax_C_0.4,vax_C,0.4
24,C,0.9643419914733476,0.012748655828985581,0.022909352697666894,2,23,vax_C_0.4,vax_C,0.4
25,A,0.9128349015725506,0.03315477098886603,0.054010327438583944,2,23,vax_C_0.4,vax_C,0.4
25,C,0.9603803360068864,0.014033948880076348,0.025585715113038355,2,23,vax_C_0.4,vax_C,0.4
26,A,0.9024803759306197,0.03654318282462613,0.06097644124475353,2,23,vax_C_0.4,vax_C,0.4
26,C,0.9560411374163906,0.015428817167372866,0.028530045416235675,2,23,vax_C_0.4,vax_C,0.4
27,A,0.8912306790934792,0.040129036865882754,0.06864028404063846,2,23,vax_C_0.4,vax_C,0.4
27,C,0.9512970206664031,0.016938207100387258,0.031764772233209004,2,23,vax_C_0.4,vax_C,0.4
28,A,0.8790661833368503,0.04389423957882438,0.07703957708432595,2,23,vax_C_0.4,vax_C,0.4
28,C,0.9461205118907493,0.018566294057985662,0.035313194051264984,2,23,vax_C_0.4,vax_C,0.4
29,A,0.8659782329486638,0.0478139718592349,0.0862077951920999,2,23,vax_C_0.4,vax_C,0.4
29,C,0.9404844066057749,0.02031623433038298,0.03919935906384148,2,23,vax_C_0.4,vax_C,0.4
30,A,0.8519708978834483,0.05185631605394251,0.09617278606260853,2,23,vax_C_0.4,vax_C,0.4
30,C,0.9343622727636475,0.022189883372820133,0.04344784386353181,2,23,vax_C_0.4,vax_C,0.4
31,A,0.8370624869447834,0.05598220286279612,0.10695531019242104,2,23,vax_C_0.4,vax_C,0.4
31,C,0.9277290618036469,0.02418748861936918,0.04808344957698519,2,23,vax_C_0.4,vax_C,0.4
32,A,0.8212866672162654,0.06014571652106944,0.11856761626266535,2,23,vax_C_0.4,vax_C,0.4
32,C,0.92056179485578,0.02630736749868775,0.05313083764553319,2,23,vax_C_0.4,vax_C,0.4
33,A,0.804693048571436,0.06429474047530738,0.1310122109532574,2,23,vax_C_0.4,vax_C,0.4
33,C,0.9128402607678574,0.02854560216828575,0.05861413706385602,2,23,vax_C_0.4,vax_C,0.4
34,A,0.7873472575047007,0.06837207972354718,0.1442806627717519,2,23,vax_C_0.4,vax_C,0.4
34,C,0.9045478362332273,0.030895712409330887,0.0645564513574419,2,23,vax_C_0.4,vax_C,0.4
35,A,0.7693304338044039,0.07231705731728204,0.15835250887831348,2,23,vax_C_0.4,vax_C,0.4
35,C,0.895672412070787,0.03334832435155155,0.0709792635776601,2,23,vax_C_0.4,vax_C,0.4
36,A,0.7507376383259176,0.07606747846768369,0.17319488320639906,2,23,vax_C_0.4,vax_C,0.4
36,C,0.8862072409144469,0.03589092969989254,0.07790182938566079,2,23,vax_C_0.4,vax_C,0.4
37,A,0.7316756546092716,0.07956170881413344,0.18876263657659487,2,23,vax_C_0.4,vax_C,0.4
37,C,0.876151605944964,0.038507785432465615,0.08534060862256934,2,23,vax_C_0.4,vax_C,0.4
38,A,0.7122604599034617,0.08274088969444791,0.2049986504020907,2,23,vax_C_0.4,vax_C,0.4
38,C,0.8655115331648294,0.04117985041041114,0.09330861642475954,2,23,vax_C_0.4,vax_C,0.4
39,A,0.6926142848868443,0.08555122385985284,0.2218344912533021,2,23,vax_C_0.4,vax_C,0.4
39,C,0.8543004584079442,0.04388480759001055,0.10181473400204658,2,23,vax_C_0.4,vax_C,0.4
40,A,0.6728623002645456,0.08794611695983177,0.23919158277562225,2,23,vax_C_0.4,vax_C,0.4
40,C,0.8425397138319979,0.04659723656583072,0.11086304960217162,2,23,vax_C_0.4,vax_C,0.4
41,A,0.6531291518359489,0.08988797185321215,0.2569828763108389,2,23,vax_C_0.4,vax_C,0.4
41,C,0.8302587652947083,0.049288958951007815,0.12045227575428395,2,23,vax_C_0.4,vax_C,0.4
42,A,0.633535649697568,0.09134950886875992,0.2751148414336724,2,23,vax_C_0.4,vax_C,0.4
42,C,0.8174951975167969,0.05192954511772919,0.13057525736547299,2,23,vax_C_0.4,vax_C,0.4
43,A,0.6141958306904353,0.09231455129267156,0.29348961801689294,2,23,vax_C_0.4,vax_C,0.4
43,C,0.8042944500705015,0.0544869636886345,0.14121858624086364,2,23,vax_C_0.4,vax_C,0.4
44,A,0.5952145001018805,0.09277825544993354,0.31200724444818617,2,23,vax_C_0.4,vax_C,0.4
44,C,0.790709288974424,0.056928359121933524,0.15236235190364122,2,23,vax_C_0.4,vax_C,0.4
45,A,0.5766853128757394,0.09274679630809624,0.3305678908161639,2,23,vax_C_0.4,vax_C,0.4
45,C,0.7767990034065644,0.059220935890725586,0.16398006070271054,2,23,vax_C_0.4,vax_C,0.4
46,A,0.5586894438882056,0.09223655882777713,0.3490739972840165,2,23,vax_C_0.4,vax_C,0.4
46,C,0.7626283445451687,0.061332912099178585,0.1760387433556523,2,23,vax_C_0.4,vax_C,0.4
47,A,0.5412948649306273,0.09127292569512574,0.36743220937424753,2,23,vax_C_0.4,vax_C,0.4
47,C,0.7482662505232098,0.06323449249254198,0.18849925698424871,2,23,vax_C_0.4,vax_C,0.4
48,A,0.5245561904365462,0.08988877877384073,0.38555503078961334,2,23,vax_C_0.4,vax_C,0.4
48,C,0.7337844160197228,0.06489880626885845,0.20131677771141762,2,23,vax_C_0.4,vax_C,0.4
49,A,0.5085150078825986,0.08812283836580433,0.4033621537515973,2,23,vax_C_0.4,vax_C,0.4
49,C,0.7192557711379922,0.0663027570112323,0.21444147185077567,2,23,vax_C_0.4,vax_C,0.4
50,A,0.49320059092837865,0.08601795560989786,0.42078145346172385,2,23,vax_C_0.4,vax_C,0.4
50,C,0.7047529380024358,0.06742773743792518,0.22781932455963919,2,23,vax_C_0.4,vax_C,0.4
51,A,0.4786308951745252,0.08361945654892491,0.4377496482765506,2,23,vax_C_0.4,vax_C,0.4
51,C,0.690346734954992,0.0682601698642582,0.24139309518075,2,23,vax_C_0.4,vax_C,0.4
52,A,0.4648137430828807,0.08097361610475144,0.4542126408123679,2,23,vax_C_0.4,vax_C,0.4
52,C,0.6761047943223989,0.06879184473750627,0.2551033609400951,2,23,vax_C_0.4,vax_C,0.4
53,A,0.4517481117950235,0.07812631807306107,0.4701255701319151,2,23,vax_C_0.4,vax_C,0.4
53,C,0.662090349545442,0.06902004381754642,0.2688896066370117,2,23,vax_C_0.4,vax_C,0.4
54,A,0.4394254485117127,0.07512193468007394,0.4854526168082136,2,23,vax_C_0.4,vax_C,0.4
54,C,0.648361233014596,0.06894744974187181,0.28269131724353125,2,23,vax_C_0.4,vax_C,0.4
55,A,0.4278309550200115,0.07200243742346178,0.5001666075565262,2,23,vax_C_0.4,vax_C,0.4
55,C,0.6349691078870399,0.06858185968685544,0.29644903242610565,2,23,vax_C_0.4,vax_C,0.4
56,A,0.41694479921982086,0.0688067351517897,0.5142484656283891,2,23,vax_C_0.4,vax_C,0.4
56,C,0.621958943499337,0.06793573011244924,0.310105326388215,2,23,vax_C_0.4,vax_C,0.4
57,A,0.4067432121862545,0.06557023635856969,0.5276865514551761,2,23,vax_C_0.4,vax_C,0.4
57,C,0.6093687550307777,0.06702556436200709,0.3236056806072149,2,23,vax_C_0.4,vax_C,0.4
58,A,0.3971994840776066,0.06232458282590426,0.5404759330964893,2,23,vax_C_0.4,vax_C,0.4
58,C,0.5972295341408109,0.06587123882824483,0.33689922703094505,2,23,vax_C_0.4,vax_C,0.4
59,A,0.38828483125355906,0.05909754808880225,0.5526176206576376,2,23,vax_C_0.4,vax_C,0.4
59,C,0.5855653870521733,0.06449526439010649,0.3499393485577203,2,23,vax_C_0.4,vax_C,0.4
60,A,0.37996913829354495,0.05591306795876105,0.5641177937476932,2,23,vax_C_0.4,vax_C,0.4
60,C,0.5743938390184973,0.06292203063753582,0.3626841303439667,2,23,vax_C_0.4,vax_C,0.4
61,A,0.37222158047953957,0.0527913738227266,0.5749870456977345,2,23,vax_C_0.4,vax_C,0.4
61,C,0.5637262699195458,0.061177068509004805,0.3750966615714488,2,23,vax_C_0.4,vax_C,0.4
62,A,0.3650111376482939,0.04974919993569522,0.5852396624160114,2,23,vax_C_0.4,vax_C,0.4
62,C,0.5535684422538292,0.059286363701146795,0.3871451940450258,2,23,vax_C_0.4,vax_C,0.4
63,A,0.35830701080059935,0.046800040989672505,0.5948929482097283,2,23,vax_C_0.4,vax_C,0.4
63,C,0.5439210873936109,0.0572757425078307,0.39880317009855837,2,23,vax_C_0.4,vax_C,0.4
64,A,0.3520789524878117,0.04395444103820875,0.6039666064739785,2,23,vax_C_0.4,vax_C,0.4
64,C,0.5347805213907364,0.05517034249814794,0.4100491361111158,2,23,vax_C_0.4,vax_C,0.4
65,A,0.34629752205203884,0.04122029811242341,0.6124821798355382,2,23,vax_C_0.4,vax_C,0.4
65,C,0.5261392659977885,0.052994174491689576,0.4208665595105223,2,23,vax_C_0.4,vax_C,0.4
66,A,0.340934276779741,0.0386031715677189,0.6204625516525403,2,23,vax_C_0.4,vax_C,0.4
66,C,0.5179866546152161,0.05076977780336478,0.43124356758141985,2,23,vax_C_0.4,vax_C,0.4
67,A,0.3359619093937022,0.036106582147006266,0.6279315084592917,2,23,vax_C_0.4,vax_C,0.4
67,C,0.5103094073514067,0.04851796629675381,0.4411726263518395,2,23,vax_C_0.4,vax_C,0.4
68,A,0.3313543411827511,0.033732297690346885,0.634913361126902,2,23,vax_C_0.4,vax_C,0.4
68,C,0.5030921640925743,0.04625765874656368,0.4506501771608618,2,23,vax_C_0.4,vax_C,0.4
69,A,0.3270867788448378,0.031480599848615703,0.6414326213065472,2,23,vax_C_0.4,vax_C,0.4
69,C,0.49631796876860595,0.04400578422594628,0.4596762470054482,2,23,vax_C_0.4,vax_C,0.4
70,A,0.32313574200734796,0.02935052896077677,0.6475137290318758,2,23,vax_C_0.4,vax_C,0.4
70,C,0.4899687014391419,0.041777251903182384,0.46825404665767695,2,23,vax_C_0.4,vax_C,0.4
71,A,0.31947906740357507,0.02734010561978159,0.6531808269766435,2,23,vax_C_0.4,vax_C,0.4
71,C,0.4840254573952667,0.03958497432495574,0.47638956827977774,2,23,vax_C_0.4,vax_C,0.4
72,A,0.316095894797837,0.025446528529952925,0.6584575766722114,2,23,vax_C_0.4,vax_C,0.4
72,C,0.4784688743833101,0.03743993350744461,0.4840911921092466,2,23,vax_C_0.4,vax_C,0.4
73,A,0.3129666389489096,0.02366634908337101,0.6633670119677205,2,23,vax_C_0.4,vax_C,0.4
73,C,0.47327941049166583,0.03535127974324894,0.4913693097650842,2,23,vax_C_0.4,vax_C,0.4
74,A,0.31007295116857886,0.021995623675405317,0.6679314251560151,2,23,vax_C_0.4,vax_C,0.4
74,C,0.4684375762649765,0.03332645392115055,0.49823596981387414,2,23,vax_C_0.4,vax_C,0.4
75,A,0.3073976733227902,0.02043004522625886,0.67217228145095,2,23,vax_C_0.4,vax_C,0.4
75,C,0.4639241252496514,0.03137132527116199,0.5047045494791862,2,23,vax_C_0.4,vax_C,0.4
76,A,0.3049247866033357,0.018965055570567876,0.6761101578260955,2,23,vax_C_0.4,vax_C,0.4
76,C,0.45972020738601127,0.029490337747257834,0.510789454866729,2,23,vax_C_0.4,vax_C,0.4
77,A,0.30263935751103693,0.0175959399647892,0.679764702524174,2,23,vax_C_0.4,vax_C,0.4
77,C,0.45580748942152,0.027686659713319305,0.5165058508651613,2,23,vax_C_0.4,vax_C,0.4
78,A,0.30052748129466295,0.016317906752391587,0.6831546119529449,2,23,vax_C_0.4,vax_C,0.4
78,C,0.4521682474901701,0.025962331659996733,0.5218694208498347,2,23,vax_C_0.4,vax_C,0.4
79,A,0.29857622504595016,0.015126152898007452,0.6862976220560424,2,23,vax_C_0.4,vax_C,0.4
79,C,0.44878543497786805,0.024318409479575906,0.526896155542557,2,23,vax_C_0.4,vax_C,0.4
80,A,0.2967735712034386,0.014015917241013613,0.6892105115555484,2,23,vax_C_0.4,vax_C,0.4
80,C,0.4456427296694514,0.022755100507991354,0.5316021698225576,2,23,vax_C_0.4,vax_C,0.4
81,A,0.29510836211670555,0.012982523120606368,0.6919091147626882,2,23,vax_C_0.4,vax_C,0.4
81,C,0.44272456359200896,0.02127189053969106,0.5360035458683003,2,23,vax_C_0.4,vax_C,0.4
82,A,0.2935702460840031,0.01202141194175793,0.6944083419742397,2,23,vax_C_0.4,vax_C,0.4
82,C,0.44001613860546995,0.019867660685719123,0.5401162007088103,2,23,vax_C_0.4,vax_C,0.4
83,A,0.2921496252444465,0.011128168977878166,0.6967222057776754,2,23,vax_C_0.4,vax_C,0.4
83,C,0.4375034303364803,0.018540793575377343,0.5439557760881424,2,23,vax_C_0.4,vax_C,0.4
84,A,0.29083760564476047,0.010298542517401508,0.6988638518378387,2,23,vax_C_0.4,vax_C,0.4
84,C,0.43517318268947136,0.017289268820563697,0.5475375484899629,2,23,vax_C_0.4,vax_C,0.4
85,A,0.2896259496708716,0.009528457387443543,0.7008455929416856,2,23,vax_C_0.4,vax_C,0.4
85,C,0.4330128948843339,0.016110747924760395,0.5508763571909054,2,23,vax_C_0.4,vax_C,0.4
86,A,0.28850703091691726,0.008814023816166446,0.7026789452669172,2,23,vax_C_0.4,vax_C,0.4
86,C,0.4310108027024177,0.015002649024155382,0.5539865482734264,2,23,vax_C_0.4,vax_C,0.4
87,A,0.28747379150946334,0.008151542467794022,0.7043746660227423,2,23,vax_C_0.4,vax_C,0.4
87,C,0.42915585535538087,0.013962212024621402,0.5568819326199987,2,23,vax_C_0.4,vax_C,0.4
88,A,0.28651970188630005,0.007537506342266863,0.7059427917714332,2,23,vax_C_0.4,vax_C,0.4
88,C,0.42743768914710956,0.012986554821362909,0.5595757560315273,2,23,vax_C_0.4,vax_C,0.4
89,A,0.2856387230049468,0.006968600126873549,0.7073926768681793,2,23,vax_C_0.4,vax_C,0.4
89,C,0.4258465988949242,0.01207272134691016,0.5620806797581664,2,23,vax_C_0.4,vax_C,0.4
90,A,0.2848252709208095,0.006441697516746092,0.7087330315624445,2,23,vax_C_0.4,vax_C,0.4
90,C,0.42437350790782796,0.011217722207064622,0.564408769885108,2,23,vax_C_0.4,vax_C,0.4
91,A,0.2840741836481799,0.005953856953932809,0.709971959397887,2,23,vax_C_0.4,vax_C,0.4
91,C,0.4230099371744224,0.010418568657280613,0.5665714941682968,2,23,vax_C_0.4,vax_C,0.4
92,A,0.28338069020749007,0.005502316160332981,0.7111169936321767,2,23,vax_C_0.4,vax_C,0.4
92,C,0.42174797428543026,0.0096723006525553,0.5685797250620153,2,23,vax_C_0.4,vax_C,0.4
93,A,0.28274038176009103,0.005084485771463388,0.7121751324684458,2,23,vax_C_0.4,vax_C,0.4
93,C,0.42058024250645615,0.008976009670891774,0.5704437478226531,2,23,vax_C_0.4,vax_C,0.4
94,A,0.28214918472776945,0.0046979423261927986,0.7131528729460378,2,23,vax_C_0.4,vax_C,0.4
94,C,0.41949987032612895,0.0083268569647962,0.5721732727090748,2,23,vax_C_0.4,vax_C,0.4
95,A,0.281603335788934,0.004340420827484325,0.7140562433835815,2,23,vax_C_0.4,vax_C,0.4
95,C,0.41850046172553035,0.007722087847474891,0.5737774504269955,2,23,vax_C_0.4,vax_C,0.4
96,A,0.28109935864227625,0.004009807051641263,0.7148908343060828,2,23,vax_C_0.4,vax_C,0.4
96,C,0.4175760673588563,0.007159042560816502,0.5752648900803274,2,23,vax_C_0.4,vax_C,0.4
97,A,0.2806340424329206,0.0037041297468405256,0.7156618278202381,2,23,vax_C_0.4,vax_C,0.4
97,C,0.41672115684433453,0.00663516416420362,0.5766436789914625,2,23,vax_C_0.4,vax_C,0.4
98,A,0.2802044217330843,0.00342155283849607,0.7163740254284199,2,23,vax_C_0.4,vax_C,0.4
98,C,0.41593059211709615,0.006148004030383204,0.5779214038525206,2,23,vax_C_0.4,vax_C,0.4
99,A,0.27980775798297,0.00316036772535789,0.7170318742916718,2,23,vax_C_0.4,vax_C,0.4
99,C,0.4151996020236224,0.005695225220782743,0.5791051727555954,2,23,vax_C_0.4,vax_C,0.4
100,A,0.27944152229387625,0.0029189857387172027,0.7176394919674075,2,23,vax_C_0.4,vax_C,0.4
100,C,0.41452375816784415,0.00527460411202067,0.5802016377201362,2,23,vax_C_0.4,vax_C,0.4
101,A,0.27910337952106395,0.002695930819158845,0.718200689659777,2,23,vax_C_0.4,vax_C,0.4
101,C,0.4138989520176254,0.004884030584663513,0.5812170173977101,2,23,vax_C_0.4,vax_C,0.4
102,A,0.2787911735189128,0.002489832450685536,0.7187189940304013,2,23,vax_C_0.4,vax_C,0.4
102,C,0.4133213732559821,0.004521507050875035,0.5821571196931435,2,23,vax_C_0.4,vax_C,0.4
103,A,0.2785029134962199,0.002299418879754718,0.7191976676240253,2,23,vax_C_0.4,vax_C,0.4
103,C,0.41278748935824566,0.0041851465483412845,0.5830273640934134,2,23,vax_C_0.4,vax_C,0.4
104,A,0.2782367613941882,0.002123510637645239,0.7196397279681661,2,23,vax_C_0.4,vax_C,0.4
104,C,0.4122940263710378,0.003873170090522457,0.5838328035384402,2,23,vax_C_0.4,vax_C,0.4
105,A,0.27799102021393995,0.001961014377463081,0.7200479654085981,2,23,vax_C_0.4,vax_C,0.4
105,C,0.41183795085824587,0.003583903439397501,0.5845781457023567,2,23,vax_C_0.4,vax_C,0.4
106,A,0.2777641232248619,0.001810917031022715,0.7204249597441154,2,23,vax_C_0.4,vax_C,0.4
106,C,0.41141645296994495,0.003315773446128669,0.5852677735839266,2,23,vax_C_0.4,vax_C,0.4
107,A,0.27755462398959646,0.0016722802857294492,0.720773095724674,2,23,vax_C_0.4,vax_C,0.4
107,C,0.41102693058603895,0.0030673040821612915,0.5859057653318,2,23,vax_C_0.4,vax_C,0.4
108,A,0.27736118714576896,0.0015442353776291004,0.7210945774766027,2,23,vax_C_0.4,vax_C,0.4
108,C,0.41066697448563927,0.0028371122610471363,0.586495913253313,2,23,vax_C_0.4,vax_C,0.4
109,A,0.27718257988859973,0.0014259781938734007,0.7213914419175257,2,23,vax_C_0.4,vax_C,0.4
109,C,0.41033435449269473,0.0026239035334025005,0.5870417419739029,2,23,vax_C_0.4,vax_C,0.4
110,A,0.2770176641023271,0.0013167646756681909,0.7216655712220054,2,23,vax_C_0.4,vax_C,0.4
110,C,0.4100270065474682,0.0024264677236654425,0.5875465257288646,2,23,vax_C_0.4,vax_C,0.4
111,A,0.2768653890919761,0.0012159065111174586,0.721918704396906,2,23,vax_C_0.4,vax_C,0.4
111,C,0.40974302065310486,0.002243674565443255,0.5880133047814523,2,23,vax_C_0.4,vax_C,0.4
112,A,0.276724784870463,0.0011227671061736476,0.7221524480233628,2,23,vax_C_0.4,vax_C,0.4
112,C,0.40948062964720977,0.002074469381158769,0.5884449009716322,2,23,vax_C_0.4,vax_C,0.4
113,A,0.2765949559592111,0.0010367578211094393,0.7223682862196796,2,23,vax_C_0.4,vax_C,0.4
113,C,0.4092381987498889,0.0019178688418876398,0.5888439324082251,2,23,vax_C_0.4,vax_C,0.4
114,A,0.27647507566351953,9.573344594750127e-4,0.7225675898770055,2,23,vax_C_0.4,vax_C,0.4
114,C,0.40901421584128755,0.0017729568352588018,0.5892128273234533,2,23,vax_C_0.4,vax_C,0.4
115,A,0.27636438078682357,8.83993996231849e-4,0.7227516252169445,2,23,vax_C_0.4,vax_C,0.4
115,C,0.4088072824235722,0.0016388804626709704,0.5895538371137571,2,23,vax_C_0.4,vax_C,0.4
116,A,0.2762621667505298,8.162715318741392e-4,0.7229215617175958,2,23,vax_C_0.4,vax_C,0.4
116,C,0.4086161052238517,0.0015148461818218933,0.5898690485943283,2,23,vax_C_0.4,vax_C,0.4
117,A,0.2761677830873465,7.537374606210785e-4,0.7230784794520327,2,23,vax_C_0.4,vax_C,0.4
117,C,0.4084394883943235,0.0014001161078743955,0.5901603954978025,2,23,vax_C_0.4,vax_C,0.4
118,A,0.2760806292821977,6.959948373042477e-4,0.7232233758804983,2,23,vax_C_0.4,vax_C,0.4
118,C,0.40827632627503113,0.001294004475751454,0.5904296692492164,2,23,vax_C_0.4,vax_C,0.4
119,A,0.27600015093224983,6.426769326823121e-4,0.7233571721350681,2,23,vax_C_0.4,vax_C,0.4
119,C,0.40812559667816556,0.0011958742714891794,0.5906785290503458,2,23,vax_C_0.4,vax_C,0.4
120,A,0.2759258362019861,5.934449648782552e-4,0.7234807188331354,2,23,vax_C_0.4,vax_C,0.4
120,C,0.40798635465924693,0.001105134033514573,0.5909085113072392,2,23,vax_C_0.4,vax_C,0.4
121,A,0.27585721255074097,5.479859954348443e-4,0.7235948014538245,2,23,vax_C_0.4,vax_C,0.4
121,C,0.4078577267419055,0.0010212348231592523,0.5911210384349359,2,23,vax_C_0.4,vax_C,0.4
122,A,0.2757938437119689,5.060109788800234e-4,0.7237001453091514,2,23,vax_C_0.4,vax_C,0.4
122,C,0.4077389055651952,9.436673617982205e-4,0.5913174270730069,2,23,vax_C_0.4,vax_C,0.4
123,A,0.2757353269049513,4.6725295544022594e-4,0.7237974201396085,2,23,vax_C_0.4,vax_C,0.4
123,C,0.4076291449240051,8.719593310562709e-4,0.5914988957449376,2,23,vax_C_0.4,vax_C,0.4
124,A,0.27568129026102833,4.3146537719049397e-4,0.7238872443617818,2,23,vax_C_0.4,vax_C,0.4
124,C,0.4075277551748074,8.0567283170175e-4,0.5916665719934907,2,23,vax_C_0.4,vax_C,0.4
125,A,0.27563139044782975,3.984205584197004e-4,0.7239701889937513,2,23,vax_C_0.4,vax_C,0.4
125,C,0.40743409898076743,7.444019959799619e-4,0.5918214990232507,2,23,vax_C_0.4,vax_C,0.4
126,A,0.2755853104762869,3.6790824145345956e-4,0.7240467812822594,2,23,vax_C_0.4,vax_C,0.4
126,C,0.4073475873720497,6.877707474461339e-4,0.5919646418805057,2,23,vax_C_0.4,vax_C,0.4
127,A,0.2755427576763967,3.397342697016058e-4,0.7241175080539007,2,23,vax_C_0.4,vax_C,0.4
127,C,0.4072676760987303,6.354307019756154e-4,0.5920968931992947,2,23,vax_C_0.4,vax_C,0.4
128,A,0.2755034618287524,3.137193602448797e-4,0.7241828188110028,2,23,vax_C_0.4,vax_C,0.4
128,C,0.40719386225524673,5.870592034657986e-4,0.5922190785412872,2,23,vax_C_0.4,vax_C,0.4
129,A,0.27546717343984495,2.8969796878487144e-4,0.7242431285913696,2,23,vax_C_0.4,vax_C,0.4
129,C,0.4071256811566551,5.423574876610749e-4,0.5923319613556858,2,23,vax_C_0.4,vax_C,0.4
130,A,0.2754336621500568,2.6751724024157066e-4,0.724298820609701,2,23,vax_C_0.4,vax_C,0.4
130,C,0.4070627034483569,5.01048967489647e-4,0.592436247584154,2,23,vax_C_0.4,vax_C,0.4
131,A,0.27540271526413573,2.47036038718455e-4,0.7243502486971446,2,23,vax_C_0.4,vax_C,0.4
131,C,0.4070045324322389,4.6287763332971234e-4,0.5925325899344317,2,23,vax_C_0.4,vax_C,0.4
132,A,0.2753741363947079,2.2812405098078745e-4,0.7243977395543121,2,23,vax_C_0.4,vax_C,0.4
132,C,0.4069508015933288,4.2760656173620277e-4,0.5926215918449355,2,23,vax_C_0.4,vax_C,0.4
133,A,0.27534774421013364,2.106609580023771e-4,0.7244415948318655,2,23,vax_C_0.4,vax_C,0.4
133,C,0.4069011723122313,3.95016526332215e-4,0.592703811161438,2,23,vax_C_0.4,vax_C,0.4
134,A,0.2753233712786713,1.9453566951919003e-4,0.7244820930518109,2,23,vax_C_0.4,vax_C,0.4
134,C,0.4068553317496028,3.649047047698684e-4,0.5927797635456258,2,23,vax_C_0.4,vax_C,0.4
135,A,0.27530086300152135,1.7964561687944288e-4,0.7245194913815987,2,23,vax_C_0.4,vax_C,0.4
135,C,0.40681299088995615,3.370834758705233e-4,0.5928499256341737,2,23,vax_C_0.4,vax_C,0.4
136,A,0.2752800766279197,1.6589609981890478e-4,0.7245540272722615,2,23,vax_C_0.4,vax_C,0.4
136,C,0.4067738827329294,3.113793013026035e-4,0.592914737965768,2,23,vax_C_0.4,vax_C,0.4
137,A,0.27526088034588525,1.531996831619145e-4,0.7245859199709523,2,23,vax_C_0.4,vax_C,0.4
137,C,0.4067377606209436,2.8763168654791053e-4,0.5929746076925082,2,23,vax_C_0.4,vax_C,0.4
138,A,0.27524315244294134,1.4147563955108137e-4,0.7246153719175069,2,23,vax_C_0.4,vax_C,0.4
138,C,0.4067043966933658,2.656922156832006e-4,0.5930299110909508,2,23,vax_C_0.4,vax_C,0.4
139,A,0.2752267805313147,1.306494348291174e-4,0.724642570033857,2,23,vax_C_0.4,vax_C,0.4
139,C,0.4066735804574963,2.4542365538360024e-4,0.59308099588712,2,23,vax_C_0.4,vax_C,0.4
140,A,0.2752116608326607,1.2065225282247636e-4,0.7246676869145173,2,23,vax_C_0.4,vax_C,0.4
140,C,0.4066451174676714,2.2669912348353047e-4,0.5931281834088445,2,23,vax_C_0.4,vax_C,0.4
141,A,0.27519769751774936,1.1142055653102945e-4,0.7246908819257205,2,23,vax_C_0.4,vax_C,0.4
141,C,0.40661882810438327,2.0940131772398415e-4,0.5931717705778937,2,23,vax_C_0.4,vax_C,0.4
142,A,0.2751848020968674,1.0289568294387101e-4,0.7247123022201878,2,23,vax_C_0.4,vax_C,0.4
142,C,0.40659454644591836,1.9342180054974403e-4,0.5932120317535328,2,23,vax_C_0.4,vax_C,0.4
143,A,0.27517289285705204,9.502346891894996e-5,0.7247320836740285,2,23,vax_C_0.4,vax_C,0.4
143,C,0.40657211922557746,1.7866033609230118e-4,0.5932492204383292,2,23,vax_C_0.4,vax_C,0.4
144,A,0.2751618943425401,8.775390576142325e-5,0.7247503517516983,2,23,vax_C_0.4,vax_C,0.4
144,C,0.4065514048680102,1.65024275722123e-4,0.5932835708562679,2,23,vax_C_0.4,vax_C,0.4
145,A,0.2751517368751096,8.104082031061571e-5,0.7247672223045806,2,23,vax_C_0.4,vax_C,0.4
145,C,0.40653227259869584,1.52427988770035e-4,0.5933152994125338,2,23,vax_C_0.4,vax_C,0.4
146,A,0.27514235611123844,7.484158050681788e-5,0.7247828023082545,2,23,vax_C_0.4,vax_C,0.4
146,C,0.4065146016210661,1.407923352225315e-4,0.5933446060437104,2,23,vax_C_0.4,vax_C,0.4
147,A,0.2751336926332632,6.911682356236484e-5,0.724797190543175,2,23,vax_C_0.4,vax_C,0.4
147,C,0.40649828035615276,1.3004417740177543e-4,0.5933716754664453,2,23,vax_C_0.4,vax_C,0.4
148,A,0.27512569157190736,6.383020500542034e-5,0.7248104782230871,2,23,vax_C_0.4,vax_C,0.4
148,C,0.4064832057400326,1.2011592784218458e-4,0.5933966783321252,2,23,vax_C_0.4,vax_C,0.4
149,A,0.2751183022577793,5.894816699731811e-5,0.7248227495752243,2,23,vax_C_0.4,vax_C,0.4
149,C,0.40646928257470794,1.1094513076302023e-4,0.5934197722945289,2,23,vax_C_0.4,vax_C,0.4
150,A,0.27511147789960544,5.4439724445510096e-5,0.7248340823759488,2,23,vax_C_0.4,vax_C,0.4
150,C,0.4064564229283648,1.0247407470972165e-4,0.5934411029969255,2,23,vax_C_0.4,vax_C,0.4
151,A,0.27510517528715017,5.0276267546198295e-5,0.7248445484453035,2,23,vax_C_0.4,vax_C,0.4
151,C,0.4064445455812687,9.4649434100079e-5,0.5934608049846289,2,23,vax_C_0.4,vax_C,0.4
152,A,0.27509935451691675,4.64313794949898e-5,0.7248542141035892,2,23,vax_C_0.4,vax_C,0.4
152,C,0.4064335755138492,8.742193756707491e-5,0.5934790025485827,2,23,vax_C_0.4,vax_C,0.4
153,A,0.27509397873888763,4.288066820067309e-5,0.7248631405929113,2,23,vax_C_0.4,vax_C,0.4
153,C,0.40642344343374875,8.074606113748717e-5,0.5934958105051139,2,23,vax_C_0.4,vax_C,0.4
154,A,0.27508901392268414,3.9601610926515034e-5,0.7248713844663893,2,23,vax_C_0.4,vax_C,0.4
154,C,0.4064140853389113,7.45797444229271e-5,0.5935113349166652,2,23,vax_C_0.4,vax_C,0.4
155,A,0.27508442864165294,3.657341086558795e-5,0.7248789979474823,2,23,vax_C_0.4,vax_C,0.4
155,C,0.40640544211394886,6.888412812764987e-5,0.5935256737579229,2,23,vax_C_0.4,vax_C,0.4
156,A,0.27508019387350596,3.377686473292067e-5,0.7248860292617626,2,23,vax_C_0.4,vax_C,0.4
156,C,0.4063974591572604,6.362331129807988e-5,0.5935389175314428,2,23,vax_C_0.4,vax_C,0.4
157,A,0.2750762828162367,3.119424053007232e-5,0.724892522943232,2,23,vax_C_0.4,vax_C,0.4
157,C,0.40639008603656906,5.8764126857946106e-5,0.5935511498365718,2,23,vax_C_0.4,vax_C,0.4
158,A,0.27507267071815383,2.88091646945551e-5,0.7248985201171517,2,23,vax_C_0.4,vax_C,0.4
158,C,0.4063832761707326,5.4275934056136735e-5,0.5935624478952116,2,23,vax_C_0.4,vax_C,0.4
159,A,0.275069334720926,2.6606517917075223e-5,0.7249040587611575,2,23,vax_C_0.4,vax_C,0.4
159,C,0.40637698653579374,5.013042658061595e-5,0.5935728830376258,2,23,vax_C_0.4,vax_C,0.4
160,A,0.2750662537146657,2.4572338959461737e-5,0.7249091739463751,2,23,vax_C_0.4,vax_C,0.4
160,C,0.4063711773934612,4.6301455167978886e-5,0.5935825211513711,2,23,vax_C_0.4,vax_C,0.4
161,A,0.27506340820410824,2.2693735858037123e-5,0.7249138980600346,2,23,vax_C_0.4,vax_C,0.4
161,C,0.4063658120402898,4.276486362498252e-5,0.5935914230960844,2,23,vax_C_0.4,vax_C,0.4
162,A,0.2750607801850422,2.0958803944206537e-5,0.7249182610110136,2,23,vax_C_0.4,vax_C,0.4
162,C,0.40636085657599447,3.9498337256902046e-5,0.5935996450867479,2,23,vax_C_0.4,vax_C,0.4
163,A,0.27505835303020787,1.935655015817626e-5,0.7249222904196341,2,23,vax_C_0.4,vax_C,0.4
163,C,0.40635627968943905,3.648126277256385e-5,0.5936072390477882,2,23,vax_C_0.4,vax_C,0.4
164,A,0.2750561113839322,1.7876823172254505e-5,0.7249260117928952,2,23,vax_C_0.4,vax_C,0.4
164,C,0.4063520524609508,3.3694598804988104e-5,0.593614252940244,2,23,vax_C_0.4,vax_C,0.4
165,A,0.2750540410648329,1.6510248877269097e-5,0.724929448686289,2,23,vax_C_0.4,vax_C,0.4
165,C,0.4063481481797263,3.112075624975279e-5,0.5936207310640248,2,23,vax_C_0.4,vax_C,0.4
166,A,0.2750521289759738,1.5248170819826133e-5,0.7249326228532059,2,23,vax_C_0.4,vax_C,0.4
166,C,0.40634454217515786,2.8743487681783133e-5,0.5936267143371594,2,23,vax_C_0.4,vax_C,0.4
167,A,0.2750503630218982,1.4082595209848732e-5,0.7249355543828934,2,23,vax_C_0.4,vax_C,0.4
167,C,0.4063412116610499,2.654778516613592e-5,0.593632240553783,2,23,vax_C_0.4,vax_C,0.4
168,A,0.27504873203201413,1.3006140147196767e-5,0.7249382618278384,2,23,vax_C_0.4,vax_C,0.4
168,C,0.40633813559171095,2.4519785829498075e-5,0.5936373446224601,2,23,vax_C_0.4,vax_C,0.4
169,A,0.27504722568984685,1.2011988743231096e-5,0.7249407623214102,2,23,vax_C_0.4,vax_C,0.4
169,C,0.4063352945290337,2.2646684606432992e-5,0.5936420587863603,2,23,vax_C_0.4,vax_C,0.4
170,A,0.27504583446770303,1.1093845838105567e-5,0.724943071686459,2,23,vax_C_0.4,vax_C,0.4
170,C,0.40633267051972854,2.0916653618089995e-5,0.5936464128266528,2,23,vax_C_0.4,vax_C,0.4
171,A,0.2750445495663387,1.0245898037565219e-05,0.7249452045356235,2,23,vax_C_0.4,vax_C,0.4
171,C,0.40633024698192277,1.9318767681584277e-5,0.5936504342503941,2,23,vax_C_0.4,vax_C,0.4
172,A,0.27504336285924424,9.462776814279926e-6,0.7249471743639415,2,23,vax_C_0.4,vax_C,0.4
172,C,0.4063280086004154,1.7842935485864337e-5,0.5936541484640987,2,23,vax_C_0.4,vax_C,0.4
173,A,0.27504226684119143,8.739524438371054e-6,0.7249489936343707,2,23,vax_C_0.4,vax_C,0.4
173,C,0.40632594122993604,1.64798360047707e-5,0.5936575789340587,2,23,vax_C_0.4,vax_C,0.4
174,A,0.2750412545807205,8.07156251989837e-6,0.72495067385676,2,23,vax_C_0.4,vax_C,0.4
174,C,0.4063240318057854,1.522085975027258e-5,0.5936607473344642,2,23,vax_C_0.4,vax_C,0.4
175,A,0.2750403196762604,7.454662962770774e-6,0.7249522256607767,2,23,vax_C_0.4,vax_C,0.4
175,C,0.40632226826130136,1.405805449870916e-5,0.5936636736842003,2,23,vax_C_0.4,vax_C,0.4
176,A,0.2750394562156082,6.884921144970645e-6,0.7249536588632471,2,23,vax_C_0.4,vax_C,0.4
176,C,0.40632063945162555,1.2984075150538038e-5,0.5936663764732247,2,23,vax_C_0.4,vax_C,0.4
177,A,0.27503865873850764,6.358731154318331e-6,0.7249549825303379,2,23,vax_C_0.4,vax_C,0.4
177,C,0.40631913508329176,1.19921374099739e-5,0.5936688727792968,2,23,vax_C_0.4,vax_C,0.4
178,A,0.27503792220209106,5.872762921795604e-6,0.7249562050349869,2,23,vax_C_0.4,vax_C,0.4
178,C,0.4063177456491971,1.1075974993678344e-5,0.5936711783758093,2,23,vax_C_0.4,vax_C,0.4
179,A,0.27503724194896395,5.4239411070144334e-6,0.7249573341099294,2,23,vax_C_0.4,vax_C,0.4
179,C,0.4063164623685266,1.0229800100786966e-5,0.5936733078313728,2,23,vax_C_0.4,vax_C,0.4
180,A,0.27503661367773347,5.0094256013746485e-6,0.7249583768966656,2,23,vax_C_0.4,vax_C,0.4
180,C,0.40631527713127896,9.448266896211068e-6,0.5936752746018238,2,23,vax_C_0.4,vax_C,0.4
181,A,0.2750360334157873,4.6265935248117715e-6,0.7249593399906882,2,23,vax_C_0.4,vax_C,0.4
181,C,0.40631418244702394,8.726437777990971e-6,0.5936770911151968,2,23,vax_C_0.4,vax_C,0.4
182,A,0.27503549749415906,4.2730226015597835e-6,0.7249602294832402,2,23,vax_C_0.4,vax_C,0.4
182,C,0.40631317139757206,8.059752216812329e-6,0.5936787688502118,2,23,vax_C_0.4,vax_C,0.4
183,A,0.2750350025243116,3.9464758091728185e-6,0.7249610509998796,2,23,vax_C_0.4,vax_C,0.4
183,C,0.40631223759325863,7.443997971910278e-6,0.5936803184087697,2,23,vax_C_0.4,vax_C,0.4
184,A,0.27503454537670097,3.6448872031832804e-6,0.7249618097360961,2,23,vax_C_0.4,vax_C,0.4
184,C,0.40631137513257265,6.8752845024616e-6,0.5936817495829241,2,23,vax_C_0.4,vax_C,0.4
185,A,0.27503412316097364,3.3663488272651925e-6,0.7249625104901991,2,23,vax_C_0.4,vax_C,0.4
185,C,0.4063105785648654,6.350018407275761e-6,0.5936830714167289,2,23,vax_C_0.4,vax_C,0.4
186,A,0.27503373320768415,3.109098625685856e-6,0.7249631576936907,2,23,vax_C_0.4,vax_C,0.4
186,C,0.4063098428559013,5.8648807382705565e-6,0.5936842922633593,2,23,vax_C_0.4,vax_C,0.4
187,A,0.27503337305140607,2.8715092812171234e-6,0.724963755439313,2,23,vax_C_0.4,vax_C,0.4
187,C,0.40630916335605866,5.416806044955302e-6,0.5936854198378965,2,23,vax_C_0.4,vax_C,0.4
188,A,0.2750330404151372,2.652077907578304e-6,0.724964307506955,2,23,vax_C_0.4,vax_C,0.4
188,C,0.40630853577093257,5.002963018004846e-6,0.5936864612660492,2,23,vax_C_0.4,vax_C,0.4
189,A,0.27503273319589766,2.449416530927966e-6,0.724964817387571,2,23,vax_C_0.4,vax_C,0.4
189,C,0.40630795613421067,4.6207366100426525e-6,0.5936874231291797,2,23,vax_C_0.4,vax_C,0.4
190,A,0.27503244945142474,2.262243299945878e-6,0.724965288305275,2,23,vax_C_0.4,vax_C,0.4
190,C,0.40630742078260007,4.26771152101643e-6,0.5936883115058781,2,23,vax_C_0.4,vax_C,0.4
191,A,0.275032187387891,2.0893743686839635e-6,0.7249657232377401,2,23,vax_C_0.4,vax_C,0.4
191,C,0.406306926332684,3.941656944115624e-6,0.5936891320103727,2,23,vax_C_0.4,vax_C,0.4
192,A,0.27503194534855785,1.929716400647217e-6,0.724966124935042,2,23,vax_C_0.4,vax_C,0.4
192,C,0.40630646965953277,3.6405124760985396e-6,0.59368988982799,2,23,vax_C_0.4,vax_C,0.4
193,A,0.27503172180329616,1.7822596465194068e-6,0.7249664959370569,2,23,vax_C_0.4,vax_C,0.4
193,C,0.40630604787696406,3.3623751032179706e-6,0.5936905897479319,2,23,vax_C_0.4,vax_C,0.4
194,A,0.27503151533891146,1.6460715515979996e-6,0.724966838589536,2,23,vax_C_0.4,vax_C,0.4
194,C,0.40630565831929893,3.105487180697615e-6,0.59369123619352,2,23,vax_C_0.4,vax_C,0.4
195,A,0.2750313246502045,1.5202908523712058e-6,0.7249671550589432,2,23,vax_C_0.4,vax_C,0.4
195,C,0.40630529852451586,2.868225329959645e-6,0.5936918332501546,2,23,vax_C_0.4,vax_C,0.4
196,A,0.2750311485317175,1.404122124780706e-6,0.7249674473461583,2,23,vax_C_0.4,vax_C,0.4
196,C,0.4063049662186926,2.649090183579487e-6,0.5936923846911253,2,23,vax_C_0.4,vax_C,0.4
197,A,0.2750309858701118,1.2968307495889292e-6,0.7249677172991382,2,23,vax_C_0.4,vax_C,0.4
197,C,0.4063046593016344,2.4466969132910853e-6,0.5936928940014524,2,23,vax_C_0.4,vax_C,0.4
198,A,0.2750308356371286,1.1977382629071819e-6,0.7249679666246084,2,23,vax_C_0.4,vax_C,0.4
198,C,0.4063043758336048,2.2597664812582335e-6,0.5936933643999146,2,23,vax_C_0.4,vax_C,0.4
199,A,0.2750306968830833,1.1062180624058291e-6,0.7249681968988549,2,23,vax_C_0.4,vax_C,0.4
199,C,0.4063041140230627,2.0871175594327828e-6,0.5936937988593781,2,23,vax_C_0.4,vax_C,0.4
200,A,0.27503056873086296,1.0216914419781772e-6,0.7249684095776964,2,23,vax_C_0.4,vax_C,0.4
200,C,0.40630387221534353,1.9276590660029114e-6,0.5936942001255906,2,23,vax_C_0.4,vax_C,0.4
201,A,0.27503045037037954,9.436239297168795e-7,0.7249686060056909,2,23,vax_C_0.4,vax_C,0.4
201,C,0.4063036488821994,1.7803832718261118e-6,0.593694570734529,2,23,vax_C_0.4,vax_C,0.4
202,A,0.27503034105344837,8.715219059874801e-7,0.7249687874246444,2,23,vax_C_0.4,vax_C,0.4
202,C,0.40630344261214246,1.6443594333331046e-6,0.5936949130284248,2,23,vax_C_0.4,vax_C,0.4
203,A,0.27503024008905697,8.049294801627977e-7,0.7249689549814631,2,23,vax_C_0.4,vax_C,0.4
203,C,0.40630325210152396,1.5187279117102673e-6,0.5936952291705649,2,23,vax_C_0.4,vax_C,0.4
204,A,0.27503014683899385,7.434256062242038e-7,0.7249691097353999,2,23,vax_C_0.4,vax_C,0.4
204,C,0.4063030761462951,1.402694741235452e-6,0.5936955211589627,2,23,vax_C_0.4,vax_C,0.4
205,A,0.27503006071381597,6.866214189516895e-7,0.7249692526647642,2,23,vax_C_0.4,vax_C,0.4
205,C,0.4063029136344007,1.295526612473974e-6,0.5936957908389875,2,23,vax_C_0.4,vax_C,0.4
206,A,0.2750299811691228,6.341577738240554e-7,0.7249693846731027,2,23,vax_C_0.4,vax_C,0.4
206,C,0.4063027635387432,1.1965462386574002e-6,0.5936960399150188,2,23,vax_C_0.4,vax_C,0.4
207,A,0.2750299077021102,5.857029750430468e-7,0.7249695065949153,2,23,vax_C_0.4,vax_C,0.4
207,C,0.40630262491070057,1.1051280759852902e-6,0.5936962699612235,2,23,vax_C_0.4,vax_C,0.4
208,A,0.27502983984839474,5.409506772888107e-7,0.7249696192009271,2,23,vax_C_0.4,vax_C,0.4
208,C,0.40630249687412606,1.0206943708233886e-6,0.5936964824315032,2,23,vax_C_0.4,vax_C,0.4
209,A,0.27502977717907906,4.996179479159358e-7,0.7249697232029728,2,23,vax_C_0.4,vax_C,0.4
209,C,0.4063023786198099,9.427115088348935e-7,0.5936966786686808,2,23,vax_C_0.4,vax_C,0.4
210,A,0.2750297192980352,4.6144347731683743e-7,0.7249698192584864,2,23,vax_C_0.4,vax_C,0.4
210,C,0.406302269400371,8.706866429867801e-7,0.5936968599129863,2,23,vax_C_0.4,vax_C,0.4
211,A,0.275029665839406,4.2618592611865113e-7,0.7249699079746681,2,23,vax_C_0.4,vax_C,0.4
211,C,0.40630216852552525,8.041645791330933e-7,0.5936970273098955,2,23,vax_C_0.4,vax_C,0.4
212,A,0.2750296164652873,3.936223987473016e-7,0.7249699899123143,2,23,vax_C_0.4,vax_C,0.4
212,C,0.4063020753577298,7.42724899503226e-7,0.5936971819173696,2,23,vax_C_0.4,vax_C,0.4
213,A,0.2750295708635948,3.635470336934995e-7,0.7249700655893713,2,23,vax_C_0.4,vax_C,0.4
213,C,0.406301989308152,6.859793059249979e-7,0.5936973247125423,2,23,vax_C_0.4,vax_C,0.4
214,A,0.2750295287460924,3.3576970155507956e-7,0.7249701354842065,2,23,vax_C_0.4,vax_C,0.4
214,C,0.40630190983294434,6.335691659998231e-7,0.5936974565978896,2,23,vax_C_0.4,vax_C,0.4
215,A,0.2750294898465644,3.101148026131327e-7,0.7249702000386334,2,23,vax_C_0.4,vax_C,0.4
215,C,0.406301836429812,5.85163246728586e-7,0.5936975784069407,2,23,vax_C_0.4,vax_C,0.4
216,A,0.27502945391913847,2.8642015633006733e-7,0.724970259660705,2,23,vax_C_0.4,vax_C,0.4
216,C,0.4063017686348361,5.404556212704748e-7,0.5936976909095418,2,23,vax_C_0.4,vax_C,0.4
217,A,0.2750294207367286,2.645359757403692e-7,0.7249703147272963,2,23,vax_C_0.4,vax_C,0.4
217,C,0.406301706019542,4.991637356109397e-7,0.5936977948167214,2,23,vax_C_0.4,vax_C,0.4
218,A,0.27502939008959926,2.443239202419837e-7,0.7249703655864809,2,23,vax_C_0.4,vax_C,0.4
218,C,0.40630164818819153,4.6102662292304994e-7,0.5936978907851845,2,23,vax_C_0.4,vax_C,0.4
219,A,0.27502936178404147,2.2565622079371608e-7,0.7249704125597382,2,23,vax_C_0.4,vax_C,0.4
219,C,0.40630159477528194,4.2580325434155117e-7,0.5936979794214636,2,23,vax_C_0.4,vax_C,0.4
220,A,0.27502933564114596,2.0841487198221344e-7,0.7249704559439822,2,23,vax_C_0.4,vax_C,0.4
220,C,0.4063015454432338,3.932710157293351e-7,0.593698061285751,2,23,vax_C_0.4,vax_C,0.4
221,A,0.2750293114956741,1.924908858456662e-7,0.7249704960134401,2,23,vax_C_0.4,vax_C,0.4
221,C,0.4063014998802607,3.6322430081196925e-7,0.5936981368954378,2,23,vax_C_0.4,vax_C,0.4
222,A,0.27502928919501285,1.7778360273242112e-7,0.7249705330213846,2,23,vax_C_0.4,vax_C,0.4
222,C,0.406301457798399,3.354732117909411e-7,0.5936982067283896,2,23,vax_C_0.4,vax_C,0.4
223,A,0.2750292685982092,1.6420005483390178e-7,0.7249705672017369,2,23,vax_C_0.4,vax_C,0.4
223,C,0.4063014189316832,3.098423592252941e-7,0.5936982712259581,2,23,vax_C_0.4,vax_C,0.4
224,A,0.2750292495750797,1.5165437836476302e-7,0.7249705987705422,2,23,vax_C_0.4,vax_C,0.4
224,C,0.40630138303446944,2.861697535985179e-7,0.5936983307957779,2,23,vax_C_0.4,vax_C,0.4
225,A,0.2750292320053889,1.4006727067118354e-7,0.7249706279273403,2,23,vax_C_0.4,vax_C,0.4
225,C,0.4063013498798806,2.643057815666839e-7,0.5936983858143373,2,23,vax_C_0.4,vax_C,0.4
226,A,0.2750292157780867,1.2936548883261956e-7,0.7249706548564243,2,23,vax_C_0.4,vax_C,0.4
226,C,0.4063013192583757,2.441122604187988e-7,0.5936984366293628,2,23,vax_C_0.4,vax_C,0.4
227,A,0.2750292007906097,1.1948138658499654e-7,0.7249706797280049,2,23,vax_C_0.4,vax_C,0.4
227,C,0.40630129097642204,2.2546156477444423e-7,0.5936984835620146,2,23,vax_C_0.4,vax_C,0.4
228,A,0.2750291869482282,1.1035248663589025e-7,0.7249707026992849,2,23,vax_C_0.4,vax_C,0.4
228,C,0.4063012648552706,2.0823582000022496e-7,0.5936985269089097,2,23,vax_C_0.4,vax_C,0.4
229,A,0.275029174163453,1.0192108566626309e-7,0.7249707239154599,2,23,vax_C_0.4,vax_C,0.4
229,C,0.4063012407298329,1.9232615724806184e-7,0.593698566944009,2,23,vax_C_0.4,vax_C,0.4
230,A,0.2750291623554789,9.413388947861371e-8,0.7249707435106321,2,23,vax_C_0.4,vax_C,0.4
230,C,0.40630121844763195,1.7763202532932678e-7,0.5936986039203427,2,23,vax_C_0.4,vax_C,0.4
231,A,0.2750291514496724,8.694167575306502e-8,0.724970761608651,2,23,vax_C_0.4,vax_C,0.4
231,C,0.4063011978678385,1.6406055464016053e-7,0.5936986380716053,2,23,vax_C_0.4,vax_C,0.4
232,A,0.2750291413770857,8.029897053568724e-8,0.7249707783239439,2,23,vax_C_0.4,vax_C,0.4
232,C,0.4063011788603495,1.5152594697371654e-7,0.5936986696137047,2,23,vax_C_0.4,vax_C,0.4
233,A,0.2750291320740406,7.4163777272317e-8,0.7249707937621823,2,23,vax_C_0.4,vax_C,0.4
233,C,0.40630116130500477,1.3994896442604233e-7,0.5936986987460299,2,23,vax_C_0.4,vax_C,0.4
234,A,0.2750291234817556,6.849732757885933e-8,0.724970808020916,2,23,vax_C_0.4,vax_C,0.4
234,C,0.40630114509088505,1.2925645928725664e-7,0.5936987256526547,2,23,vax_C_0.4,vax_C,0.4
235,A,0.2750291155459408,6.326381671923447e-8,0.7249708211902425,2,23,vax_C_0.4,vax_C,0.4
235,C,0.406301130115546,1.193808750813234e-7,0.5936987505035788,2,23,vax_C_0.4,vax_C,0.4
236,A,0.2750291082165669,5.843024927933991e-8,0.7249708333531838,2,23,vax_C_0.4,vax_C,0.4
236,C,0.4063011162845828,1.1025995549336562e-7,0.5936987734554628,2,23,vax_C_0.4,vax_C,0.4
237,A,0.27502910144754833,5.396623126398076e-8,0.7249708445862195,2,23,vax_C_0.4,vax_C,0.4
237,C,0.4063011035110296,1.0183635218555369e-7,0.5936987946526172,2,23,vax_C_0.4,vax_C,0.4
238,A,0.27502909519599883,4.98434790556203e-8,0.7249708549605209,2,23,vax_C_0.4,vax_C,0.4
238,C,0.40630109171396434,9.405669842248592e-8,0.5936988142293369,2,23,vax_C_0.4,vax_C,0.4
239,A,0.2750290894216815,4.603545536440405e-8,0.7249708645428631,2,23,vax_C_0.4,vax_C,0.4
239,C,0.4063010808174552,8.68709222058102e-8,0.5936988323116233,2,23,vax_C_0.4,vax_C,0.4
240,A,0.2750290840855213,4.251639053511211e-8,0.7249708733980886,2,23,vax_C_0.4,vax_C,0.4
240,C,0.4063010707477689,8.023039959416924e-8,0.5936988490218318,2,23,vax_C_0.4,vax_C,0.4
241,A,0.2750290791521477,3.9262957441260876e-8,0.7249708815848958,2,23,vax_C_0.4,vax_C,0.4
241,C,0.40630106143816025,7.409111511794378e-8,0.5936988644707236,2,23,vax_C_0.4,vax_C,0.4
242,A,0.2750290745614185,3.6235492896470056e-8,0.7249708892030883,2,23,vax_C_0.4,vax_C,0.4
242,C,0.4063010527751398,6.837822680621012e-8,0.5936988788466331,2,23,vax_C_0.4,vax_C,0.4
243,A,0.27502907051584885,3.356755181679134e-8,0.7249708959165988,2,23,vax_C_0.4,vax_C,0.4
243,C,0.40630104514086474,6.33437514304876e-8,0.5936988915153836,2,23,vax_C_0.4,vax_C,0.4
244,A,0.27502906676814526,3.109604682577709e-8,0.7249709021358082,2,23,vax_C_0.4,vax_C,0.4
244,C,0.40630103806867834,5.867994862130106e-8,0.5936989032513736,2,23,vax_C_0.4,vax_C,0.4
245,A,0.2750290632963743,2.880651450778278e-8,0.7249709078971124,2,23,vax_C_0.4,vax_C,0.4
245,C,0.4063010315171937,5.43595269504073e-8,0.5936989141232782,2,23,vax_C_0.4,vax_C,0.4
246,A,0.275029060080221,2.668555639112185e-8,0.7249709132342221,2,23,vax_C_0.4,vax_C,0.4
246,C,0.40630102544807584,5.03572043597681e-8,0.5936989241947186,2,23,vax_C_0.4,vax_C,0.4
247,A,0.27502905710086506,2.47207605360174e-8,0.7249709181783754,2,23,vax_C_0.4,vax_C,0.4
247,C,0.4063010198258083,4.664956022649481e-8,0.5936989335246319,2,23,vax_C_0.4,vax_C,0.4
248,A,0.2750290543408705,2.2900628894329207e-8,0.7249709227585005,2,23,vax_C_0.4,vax_C,0.4
248,C,0.40630101461749146,4.321489831176855e-8,0.5936989421676123,2,23,vax_C_0.4,vax_C,0.4
249,A,0.27502905178408793,2.1214510018125695e-8,0.7249709270014024,2,23,vax_C_0.4,vax_C,0.4
249,C,0.40630100979264555,4.003311980032006e-8,0.593698950174236,2,23,vax_C_0.4,vax_C,0.4
250,A,0.27502904941555345,1.9652536723215307e-8,0.7249709309319098,2,23,vax_C_0.4,vax_C,0.4
250,C,0.4063010053230379,3.708560568754514e-8,0.5936989575913558,2,23,vax_C_0.4,vax_C,0.4
251,A,0.2750290472214084,1.820556834276419e-8,0.724970934573024,2,23,vax_C_0.4,vax_C,0.4
251,C,0.40630100118251383,3.4355107826028585e-8,0.5936989644623772,2,23,vax_C_0.4,vax_C,0.4
252,A,0.275029045188812,1.686513723299456e-8,0.7249709379460507,2,23,vax_C_0.4,vax_C,0.4
252,C,0.4063009973468446,3.182564799391943e-8,0.5936989708275077,2,23,vax_C_0.4,vax_C,0.4
253,A,0.27502904330586986,1.562339921785219e-8,0.7249709410707303,2,23,vax_C_0.4,vax_C,0.4
253,C,0.40630099379358353,2.948242439454141e-8,0.5936989767239929,2,23,vax_C_0.4,vax_C,0.4
254,A,0.2750290415615641,1.447308768258918e-8,0.7249709439653487,2,23,vax_C_0.4,vax_C,0.4
254,C,0.4063009905019374,2.7311725040106562e-8,0.5936989821863375,2,23,vax_C_0.4,vax_C,0.4
255,A,0.275029039945687,1.3407471047567951e-8,0.7249709466468428,2,23,vax_C_0.4,vax_C,0.4
255,C,0.40630098745264576,2.5300847512682305e-8,0.5936989872465078,2,23,vax_C_0.4,vax_C,0.4
256,A,0.27502903844878146,1.242031337338122e-8,0.7249709491309054,2,23,vax_C_0.4,vax_C,0.4
256,C,0.40630098462786385,2.343802463287858e-8,0.593698991934112,2,23,vax_C_0.4,vax_C,0.4
257,A,0.2750290370620898,1.1505837866710325e-8,0.7249709514320736,2,23,vax_C_0.4,vax_C,0.4
257,C,0.40630098201106146,2.171235560129356e-8,0.593698996276583,2,23,vax_C_0.4,vax_C,0.4
258,A,0.27502903577749543,1.065869307332539e-8,0.7249709535638112,2,23,vax_C_0.4,vax_C,0.4
258,C,0.4063009795869257,2.011374220977878e-8,0.5936990002993308,2,23,vax_C_0.4,vax_C,0.4
259,A,0.275029034587483,9.873921560359968e-9,0.7249709555385958,2,23,vax_C_0.4,vax_C,0.4
259,C,0.40630097734127296,1.8632829749251266e-8,0.593699004025897,2,23,vax_C_0.4,vax_C,0.4
260,A,0.2750290334850877,9.146930904562772e-9,0.7249709573679822,2,23,vax_C_0.4,vax_C,0.4
260,C,0.4063009752609601,1.726095226826343e-8,0.5936990074780883,2,23,vax_C_0.4,vax_C,0.4
261,A,0.2750290324638582,8.473466816728155e-9,0.7249709590626751,2,23,vax_C_0.4,vax_C,0.4
261,C,0.40630097333381393,1.5990081862000928e-8,0.5936990106761044,2,23,vax_C_0.4,vax_C,0.4
262,A,0.27502903151781904,7.84958824500961e-9,0.7249709606325925,2,23,vax_C_0.4,vax_C,0.4
262,C,0.4063009715485581,1.4812781694961512e-8,0.5936990136386604,2,23,vax_C_0.4,vax_C,0.4
263,A,0.27502903064143397,7.2716443128723535e-09,0.7249709620869208,2,23,vax_C_0.4,vax_C,0.4
263,C,0.4063009698947442,1.3722162482887312e-8,0.5936990163830924,2,23,vax_C_0.4,vax_C,0.4
264,A,0.2750290298295748,6.7362529502158605e-9,0.7249709634341721,2,23,vax_C_0.4,vax_C,0.4
264,C,0.4063009683626956,1.2711842177208914e-8,0.5936990189254603,2,23,vax_C_0.4,vax_C,0.4
265,A,0.27502902907749033,6.240281102642648e-9,0.7249709646822284,2,23,vax_C_0.4,vax_C,0.4
265,C,0.4063009669434485,1.1775908619332379e-8,0.593699021280644,2,23,vax_C_0.4,vax_C,0.4
266,A,0.27502902838077986,5.780826398503123e-9,0.7249709658383943,2,23,vax_C_0.4,vax_C,0.4
266,C,0.40630096562869455,1.0908884944737881e-8,0.5936990234624198,2,23,vax_C_0.4,vax_C,0.4
267,A,0.2750290277353658,5.355200162737272e-9,0.7249709669094333,2,23,vax_C_0.4,vax_C,0.4
267,C,0.406300964410743,1.0105697533268383e-8,0.5936990254835598,2,23,vax_C_0.4,vax_C,0.4
268,A,0.27502902713747207,4.960911682607947e-9,0.7249709679016152,2,23,vax_C_0.4,vax_C,0.4
268,C,0.40630096328246473,9.361646319526539e-9,0.5936990273558884,2,23,vax_C_0.4,vax_C,0.4
269,A,0.27502902658359957,4.595653631950271e-9,0.7249709688207475,2,23,vax_C_0.4,vax_C,0.4
269,C,0.4063009622372584,8.672377289221255e-9,0.5936990290903646,2,23,vax_C_0.4,vax_C,0.4
270,A,0.2750290260705067,4.257288568633526e-9,0.7249709696722046,2,23,vax_C_0.4,vax_C,0.4
270,C,0.4063009612690074,8.033857000519074e-9,0.5936990306971361,2,23,vax_C_0.4,vax_C,0.4
271,A,0.27502902559519166,3.9438364262131654e-9,0.7249709704609717,2,23,vax_C_0.4,vax_C,0.4
271,C,0.40630096037204577,7.442348981306372e-9,0.5936990321856063,2,23,vax_C_0.4,vax_C,0.4
272,A,0.2750290251548727,3.653462926569202e-9,0.7249709711916644,2,23,vax_C_0.4,vax_C,0.4
272,C,0.40630095954112416,6.894391864245238e-9,0.5936990335644842,2,23,vax_C_0.4,vax_C,0.4
273,A,0.2750290247469731,3.384468845717599e-9,0.7249709718685587,2,23,vax_C_0.4,vax_C,0.4
273,C,0.4063009587713814,6.386779131675098e-9,0.5936990348418397,2,23,vax_C_0.4,vax_C,0.4
274,A,0.27502902436910576,3.1352800699746544e-9,0.7249709724956148,2,23,vax_C_0.4,vax_C,0.4
274,C,0.4063009580583116,5.916540351832379e-9,0.5936990360251481,2,23,vax_C_0.4,vax_C,0.4
275,A,0.27502902401905926,2.9044383842799448e-9,0.7249709730765018,2,23,vax_C_0.4,vax_C,0.4
275,C,0.4063009573977432,5.480923796587517e-9,0.5936990371213331,2,23,vax_C_0.4,vax_C,0.4
276,A,0.2750290236947865,2.6905929387684577e-9,0.7249709736146203,2,23,vax_C_0.4,vax_C,0.4
276,C,0.4063009567858108,5.077380338982572e-9,0.5936990381368091,2,23,vax_C_0.4,vax_C,0.4
277,A,0.27502902339438884,2.4924923436519933e-9,0.7249709741131192,2,23,vax_C_0.4,vax_C,0.4
277,C,0.40630095621893303,4.703548536342041e-9,0.5936990390775185,2,23,vax_C_0.4,vax_C,0.4
278,A,0.275029023116108,2.3089773461472467e-9,0.7249709745749149,2,23,vax_C_0.4,vax_C,0.4
278,C,0.4063009556937918,4.357240811666827e-9,0.5936990399489659,2,23,vax_C_0.4,vax_C,0.4
279,A,0.2750290228583168,2.1389740465942453e-9,0.7249709750027094,2,23,vax_C_0.4,vax_C,0.4
279,C,0.4063009552073168,4.036430652448525e-9,0.593699040756253,2,23,vax_C_0.4,vax_C,0.4
280,A,0.27502902261950574,1.9814876140645367e-9,0.7249709753990066,2,23,vax_C_0.4,vax_C,0.4
280,C,0.4063009547566585,3.7392407519944154e-9,0.5936990415041009,2,23,vax_C_0.4,vax_C,0.4
281,A,0.2750290223982776,1.835596464681652e-9,0.7249709757661258,2,23,vax_C_0.4,vax_C,0.4
281,C,0.4063009543391807,3.4639320238693937e-9,0.593699042196888,2,23,vax_C_0.4,vax_C,0.4
282,A,0.27502902219333786,1.7004468685844915e-9,0.7249709761062154,2,23,vax_C_0.4,vax_C,0.4
282,C,0.4063009539524408,3.208893425169833e-9,0.5936990428386659,2,23,vax_C_0.4,vax_C,0.4
283,A,0.2750290220034872,1.575247953711384e-9,0.7249709764212656,2,23,vax_C_0.4,vax_C,0.4
283,C,0.4063009535941757,2.9726325281983686e-9,0.5936990434331929,2,23,vax_C_0.4,vax_C,0.4
284,A,0.27502902182761507,1.45926707830513e-9,0.7249709767131192,2,23,vax_C_0.4,vax_C,0.4
284,C,0.4063009532622875,2.753766789236509e-9,0.5936990439839458,2,23,vax_C_0.4,vax_C,0.4
285,A,0.27502902166469095,1.3518255433315705e-9,0.7249709769834836,2,23,vax_C_0.4,vax_C,0.4
285,C,0.4063009529548357,2.5510154573811154e-9,0.5936990444941492,2,23,vax_C_0.4,vax_C,0.4
286,A,0.27502902151376296,1.2522946204669868e-9,0.7249709772339424,2,23,vax_C_0.4,vax_C,0.4
286,C,0.40630095267002025,2.363192078745167e-9,0.5936990449667876,2,23,vax_C_0.4,vax_C,0.4
287,A,0.27502902137394747,1.1600918730616636e-9,0.7249709774659612,2,23,vax_C_0.4,vax_C,0.4
287,C,0.40630095240617536,2.1891975543606326e-9,0.5936990454046268,2,23,vax_C_0.4,vax_C,0.4
288,A,0.2750290212444259,1.0746777477870482e-9,0.7249709776808961,2,23,vax_C_0.4,vax_C,0.4
288,C,0.4063009521617575,2.0280137085076376e-9,0.5936990458102305,2,23,vax_C_0.4,vax_C,0.4
289,A,0.2750290211244409,9.95552417233968e-10,0.724970977880007,2,23,vax_C_0.4,vax_C,0.4
289,C,0.40630095193533383,1.8786973305873847e-9,0.5936990461859695,2,23,vax_C_0.4,vax_C,0.4
290,A,0.27502902101328913,9.222528549846199e-10,0.724970978064457,2,23,vax_C_0.4,vax_C,0.4
290,C,0.40630095172558156,1.740374655673424e-9,0.593699046534044,2,23,vax_C_0.4,vax_C,0.4
291,A,0.2750290209103225,8.54350126041544e-10,0.7249709782353277,2,23,vax_C_0.4,vax_C,0.4
291,C,0.4063009515312725,1.6122362514426055e-9,0.5936990468564919,2,23,vax_C_0.4,vax_C,0.4
292,A,0.27502902081493635,7.914468767570859e-10,0.7249709783936175,2,23,vax_C_0.4,vax_C,0.4
292,C,0.40630095135126965,1.4935322815653718e-9,0.5936990471551975,2,23,vax_C_0.4,vax_C,0.4
293,A,0.2750290207265732,7.331750095744234e-10,0.7249709785402524,2,23,vax_C_0.4,vax_C,0.4
293,C,0.40630095118452075,1.3835681178378435e-9,0.5936990474319115,2,23,vax_C_0.4,vax_C,0.4
294,A,0.27502902064471607,6.791935289726746e-10,0.7249709786760907,2,23,vax_C_0.4,vax_C,0.4
294,C,0.4063009510300479,1.281700275378917e-9,0.5936990476882509,2,23,vax_C_0.4,vax_C,0.4
295,A,0.2750290205688858,6.291865460106361e-10,0.7249709788019278,2,23,vax_C_0.4,vax_C,0.4
295,C,0.4063009508869495,1.187332647106162e-9,0.5936990479257178,2,23,vax_C_0.4,vax_C,0.4
296,A,0.27502902049863875,5.828614297917278e-10,0.7249709789184998,2,23,vax_C_0.4,vax_C,0.4
296,C,0.4063009507543859,1.099913015455482e-9,0.5936990481456998,2,23,vax_C_0.4,vax_C,0.4
297,A,0.2750290204335634,5.399470950325986e-10,0.7249709790264893,2,23,vax_C_0.4,vax_C,0.4
297,C,0.40630095063158367,1.0189298209320596e-9,0.5936990483494862,2,23,vax_C_0.4,vax_C,0.4
298,A,0.27502902037328003,5.001924157142836e-10,0.7249709791265282,2,23,vax_C_0.4,vax_C,0.4
298,C,0.40630095051782217,9.439091685827695e-10,0.5936990485382686,2,23,vax_C_0.4,vax_C,0.4
299,A,0.27502902031743437,4.6336475553269664e-10,0.7249709792192007,2,23,vax_C_0.4,vax_C,0.4
299,C,0.4063009504124372,8.744120548727827e-10,0.5936990487131504,2,23,vax_C_0.4,vax_C,0.4
300,A,0.2750290202657007,4.2924860654869136e-10,0.7249709793050513,2,23,vax_C_0.4,vax_C,0.4
300,C,0.4063009503148111,8.100317987385789e-10,0.5936990488751567,2,23,vax_C_0.4,vax_C,0.4
301,A,0.2750290202177762,3.976443280711952e-10,0.7249709793845799,2,23,vax_C_0.4,vax_C,0.4
301,C,0.40630095022437296,7.503916617845687e-10,0.5936990490252357,2,23,vax_C_0.4,vax_C,0.4
302,A,0.27502902017338005,3.683669783934192e-10,0.7249709794582537,2,23,vax_C_0.4,vax_C,0.4
302,C,0.40630095014059425,6.951426436972346e-10,0.5936990491642647,2,23,vax_C_0.4,vax_C,0.4
303,A,0.2750290201322527,3.4124523262159053e-10,0.7249709795265014,2,23,vax_C_0.4,vax_C,0.4
303,C,0.4063009500629822,6.439614401938743e-10,0.5936990492930566,2,23,vax_C_0.4,vax_C,0.4
304,A,0.2750290200941539,3.1612037993113476e-10,0.7249709795897276,2,23,vax_C_0.4,vax_C,0.4
304,C,0.40630094999108546,5.965485505979744e-10,0.5936990494123656,2,23,vax_C_0.4,vax_C,0.4
305,A,0.27502902005885965,2.928453948880766e-10,0.7249709796482947,2,23,vax_C_0.4,vax_C,0.4
305,C,0.40630094992448185,5.526265254390537e-10,0.5936990495228905,2,23,vax_C_0.4,vax_C,0.4
306,A,0.27502902002616375,2.712840771804813e-10,0.7249709797025513,2,23,vax_C_0.4,vax_C,0.4
306,C,0.4063009498627826,5.119383431658884e-10,0.5936990496252791,2,23,vax_C_0.4,vax_C,0.4
307,A,0.2750290199958753,2.513102545358006e-10,0.7249709797528137,2,23,vax_C_0.4,vax_C,0.4
307,C,0.4063009498056256,4.742459059288775e-10,0.5936990497201274,2,23,vax_C_0.4,vax_C,0.4
308,A,0.27502901996781753,2.3280704438375017e-10,0.7249709797993754,2,23,vax_C_0.4,vax_C,0.4
308,C,0.40630094975267805,4.39328646286472e-10,0.5936990498079939,2,23,vax_C_0.4,vax_C,0.4
309,A,0.2750290199418252,2.156661698810723e-10,0.7249709798425089,2,23,vax_C_0.4,vax_C,0.4
309,C,0.4063009497036279,4.0698223649548506e-10,0.5936990498893907,2,23,vax_C_0.4,vax_C,0.4
310,A,0.27502901991774664,1.9978732629563907e-10,0.7249709798824663,2,23,vax_C_0.4,vax_C,0.4
310,C,0.4063009496581884,3.7701739283236895e-10,0.5936990499647928,2,23,vax_C_0.4,vax_C,0.4
311,A,0.2750290198954405,1.850775940420569e-10,0.7249709799194819,2,23,vax_C_0.4,vax_C,0.4
311,C,0.4063009496160954,3.4925876794860293e-10,0.5936990500346453,2,23,vax_C_0.4,vax_C,0.4
312,A,0.27502901987477735,1.714508949339284e-10,0.7249709799537718,2,23,vax_C_0.4,vax_C,0.4
312,C,0.40630094957710156,3.2354392477852576e-10,0.5936990500993532,2,23,vax_C_0.4,vax_C,0.4
313,A,0.275029019855635,1.5882748847083033e-10,0.7249709799855374,2,23,vax_C_0.4,vax_C,0.4
313,C,0.4063009495409787,2.9972238599516207e-10,0.593699050159298,2,23,vax_C_0.4,vax_C,0.4
314,A,0.2750290198379022,1.4713350521235315e-10,0.7249709800149636,2,23,vax_C_0.4,vax_C,0.4
314,C,0.40630094950751616,2.776547534516661e-10,0.5936990502148308,2,23,vax_C_0.4,vax_C,0.4
315,A,0.27502901982147554,1.3630051450855988e-10,0.7249709800422234,2,23,vax_C_0.4,vax_C,0.4
315,C,0.40630094947651624,2.5721189245557026e-10,0.5936990502662726,2,23,vax_C_0.4,vax_C,0.4
316,A,0.27502901980625777,1.262651240572949e-10,0.7249709800674767,2,23,vax_C_0.4,vax_C,0.4
316,C,0.40630094944779915,2.3827417610239387e-10,0.5936990503139268,2,23,vax_C_0.4,vax_C,0.4
317,A,0.2750290197921611,1.1696860894500552e-10,0.724970980090871,2,23,vax_C_0.4,vax_C,0.4
317,C,0.40630094942119627,2.207307852466321e-10,0.5936990503580738,2,23,vax_C_0.4,vax_C,0.4
318,A,0.2750290197791011,1.0835656800027677e-10,0.7249709801125424,2,23,vax_C_0.4,vax_C,0.4
318,C,0.4063009493965519,2.044790600137093e-10,0.5936990503989686,2,23,vax_C_0.4,vax_C,0.4
319,A,0.2750290197670036,1.0037860544911908e-10,0.7249709801326187,2,23,vax_C_0.4,vax_C,0.4
319,C,0.4063009493737232,1.89423899058104e-10,0.593699050436855,2,23,vax_C_0.4,vax_C,0.4
320,A,0.27502901975579624,9.298803600909701e-11,0.7249709801512155,2,23,vax_C_0.4,vax_C,0.4
320,C,0.40630094935257355,1.754772030522366e-10,0.5936990504719493,2,23,vax_C_0.4,vax_C,0.4
321,A,0.2750290197454146,8.614161169656513e-11,0.7249709801684437,2,23,vax_C_0.4,vax_C,0.4
321,C,0.40630094933298216,1.6255735914955153e-10,0.5936990505044614,2,23,vax_C_0.4,vax_C,0.4
322,A,0.27502901973579696,7.979926874832501e-11,0.7249709801844034,2,23,vax_C_0.4,vax_C,0.4
322,C,0.4063009493148328,1.5058876340498068e-10,0.5936990505345776,2,23,vax_C_0.4,vax_C,0.4
323,A,0.27502901972688765,7.392389315360123e-11,0.724970980199188,2,23,vax_C_0.4,vax_C,0.4
323,C,0.40630094929802,1.395013782704088e-10,0.593699050562478,2,23,vax_C_0.4,vax_C,0.4
324,A,0.27502901971863425,6.848110352515452e-11,0.7249709802128843,2,23,vax_C_0.4,vax_C,0.4
324,C,0.4063009492824452,1.2923032296154165e-10,0.5936990505883242,2,23,vax_C_0.4,vax_C,0.4
325,A,0.27502901971098825,6.343904988577756e-11,0.7249709802255723,2,23,vax_C_0.4,vax_C,0.4
325,C,0.4063009492680169,1.197154937067372e-10,0.5936990506122676,2,23,vax_C_0.4,vax_C,0.4
326,A,0.27502901970390553,5.876822725914942e-11,0.7249709802373266,2,23,vax_C_0.4,vax_C,0.4
326,C,0.40630094925465127,1.1090121191953678e-10,0.5936990506344477,2,23,vax_C_0.4,vax_C,0.4
327,A,0.27502901969734417,5.4441303031902997e-11,0.724970980248214,2,23,vax_C_0.4,vax_C,0.4
327,C,0.4063009492422688,1.0273589845561497e-10,0.5936990506549954,2,23,vax_C_0.4,vax_C,0.4
328,A,0.2750290196912661,5.043295700894044e-11,0.7249709802583015,2,23,vax_C_0.4,vax_C,0.4
328,C,0.40630094923079896,9.517177178353979e-11,0.5936990506740298,2,23,vax_C_0.4,vax_C,0.4
329,A,0.2750290196856353,4.671973324501746e-11,0.7249709802676446,2,23,vax_C_0.4,vax_C,0.4
329,C,0.40630094922017257,8.816456837828508e-11,0.5936990506916612,2,23,vax_C_0.4,vax_C,0.4
330,A,0.2750290196804193,4.3279902785543914e-11,0.7249709802763012,2,23,vax_C_0.4,vax_C,0.4
330,C,0.4063009492103299,8.16732837013049e-11,0.5936990507079964,2,23,vax_C_0.4,vax_C,0.4
331,A,0.2750290196755868,4.009333651338214e-11,0.7249709802843195,2,23,vax_C_0.4,vax_C,0.4
331,C,0.40630094920121124,7.565993225144017e-11,0.5936990507231293,2,23,vax_C_0.4,vax_C,0.4
332,A,0.2750290196711109,3.7141387357568284e-11,0.7249709802917476,2,23,vax_C_0.4,vax_C,0.4
332,C,0.40630094919276366,7.008932528253618e-11,0.5936990507371468,2,23,vax_C_0.4,vax_C,0.4
333,A,0.27502901966696397,3.440678117466327e-11,0.7249709802986292,2,23,vax_C_0.4,vax_C,0.4
333,C,0.40630094918493775,6.492886488702293e-11,0.593699050750132,2,23,vax_C_0.4,vax_C,0.4
334,A,0.2750290196631226,3.1873515664191816e-11,0.7249709803050041,2,23,vax_C_0.4,vax_C,0.4
334,C,0.40630094917768933,6.014835324048385e-11,0.5936990507621622,2,23,vax_C_0.4,vax_C,0.4
335,A,0.2750290196595639,2.952676672664263e-11,0.7249709803109095,2,23,vax_C_0.4,vax_C,0.4
335,C,0.40630094917097404,5.571981589095598e-11,0.5936990507733063,2,23,vax_C_0.4,vax_C,0.4
336,A,0.2750290196562674,2.7352801716054806e-11,0.7249709803163794,2,23,vax_C_0.4,vax_C,0.4
336,C,0.40630094916475223,5.1617338058892746e-11,0.5936990507836291,2,23,vax_C_0.4,vax_C,0.4
337,A,0.27502901965321364,2.533889907956141e-11,0.7249709803214475,2,23,vax_C_0.4,vax_C,0.4
337,C,0.40630094915898973,4.781691298985321e-11,0.5936990507931929,2,23,vax_C_0.4,vax_C,0.4
338,A,0.27502901965038445,2.34732739136373e-11,0.7249709803261418,2,23,vax_C_0.4,vax_C,0.4
338,C,0.40630094915365117,4.429630147251364e-11,0.5936990508020529,2,23,vax_C_0.4,vax_C,0.4
339,A,0.275029019647764,2.1745009001420563e-11,0.7249709803304912,2,23,vax_C_0.4,vax_C,0.4
339,C,0.4063009491487059,4.103490169993335e-11,0.5936990508102588,2,23,vax_C_0.4,vax_C,0.4
340,A,0.2750290196453359,2.0143990927552518e-11,0.7249709803345205,2,23,vax_C_0.4,vax_C,0.4
340,C,0.40630094914412396,3.801362871253284e-11,0.5936990508178619,2,23,vax_C_0.4,vax_C,0.4
341,A,0.275029019643087,1.8660850896692716e-11,0.7249709803382531,2,23,vax_C_0.4,vax_C,0.4
341,C,0.4063009491398797,3.5214802717312306e-11,0.593699050824904,2,23,vax_C_0.4,vax_C,0.4
342,A,0.27502901964100357,1.728690990939109e-11,0.72497098034171,2,23,vax_C_0.4,vax_C,0.4
342,C,0.4063009491359487,3.262204562978098e-11,0.5936990508314293,2,23,vax_C_0.4,vax_C,0.4
343,A,0.27502901963907345,1.6014127982230354e-11,0.724970980344912,2,23,vax_C_0.4,vax_C,0.4
343,C,0.40630094913230597,3.022018524999977e-11,0.593699050837473,2,23,vax_C_0.4,vax_C,0.4
344,A,0.2750290196372854,1.4835057081122976e-11,0.7249709803478792,2,23,vax_C_0.4,vax_C,0.4
344,C,0.4063009491289326,2.7995166438046274e-11,0.5936990508430728,2,23,vax_C_0.4,vax_C,0.4
345,A,0.27502901963562915,1.3742797544370711e-11,0.7249709803506279,2,23,vax_C_0.4,vax_C,0.4
345,C,0.40630094912580644,2.5933968882603934e-11,0.5936990508482596,2,23,vax_C_0.4,vax_C,0.4
346,A,0.2750290196340948,1.2730957717409336e-11,0.7249709803531744,2,23,vax_C_0.4,vax_C,0.4
346,C,0.40630094912291115,2.4024530930965907e-11,0.593699050853064,2,23,vax_C_0.4,vax_C,0.4
347,A,0.2750290196326737,1.1793616543690647e-11,0.7249709803555332,2,23,vax_C_0.4,vax_C,0.4
347,C,0.40630094912022885,2.2255678992635795e-11,0.5936990508575147,2,23,vax_C_0.4,vax_C,0.4
348,A,0.2750290196313568,1.09252889159773e-11,0.7249709803577178,2,23,vax_C_0.4,vax_C,0.4
348,C,0.4063009491177443,2.0617062154051092e-11,0.593699050861639,2,23,vax_C_0.4,vax_C,0.4
349,A,0.2750290196301369,1.0120893578717763e-11,0.724970980359742,2,23,vax_C_0.4,vax_C,0.4
349,C,0.406300949115442,1.9099091607422007e-11,0.593699050865458,2,23,vax_C_0.4,vax_C,0.4
350,A,0.2750290196290066,9.375723393672517e-12,0.7249709803616172,2,23,vax_C_0.4,vax_C,0.4
350,C,0.4063009491133095,1.7692884539238298e-11,0.5936990508689967,2,23,vax_C_0.4,vax_C,0.4
351,A,0.2750290196279602,8.685417794793005e-12,0.7249709803633546,2,23,vax_C_0.4,vax_C,0.4
351,C,0.40630094911133474,1.6390212150091742e-11,0.5936990508722753,2,23,vax_C_0.4,vax_C,0.4
352,A,0.2750290196269906,8.045937271164705e-12,0.7249709803649641,2,23,vax_C_0.4,vax_C,0.4
352,C,0.4063009491095039,1.5183451501638585e-11,0.5936990508753108,2,23,vax_C_0.4,vax_C,0.4
353,A,0.275029019626092,7.453539728694385e-12,0.7249709803664542,2,23,vax_C_0.4,vax_C,0.4
353,C,0.40630094910780956,1.4065540908921942e-11,0.5936990508781254,2,23,vax_C_0.4,vax_C,0.4
354,A,0.2750290196252599,6.904758592215093e-12,0.7249709803678356,2,23,vax_C_0.4,vax_C,0.4
354,C,0.4063009491062389,1.3029938617018904e-11,0.5936990508807307,2,23,vax_C_0.4,vax_C,0.4
355,A,0.27502901962448884,6.396382519866918e-12,0.7249709803691139,2,23,vax_C_0.4,vax_C,0.4
355,C,0.40630094910478426,1.2070584520199227e-11,0.5936990508831449,2,23,vax_C_0.4,vax_C,0.4
356,A,0.27502901962377485,5.925436611046809e-12,0.7249709803702996,2,23,vax_C_0.4,vax_C,0.4
356,C,0.406300949103437,1.1181864699583884e-11,0.5936990508853822,2,23,vax_C_0.4,vax_C,0.4
357,A,0.27502901962311355,5.489164997960089e-12,0.7249709803713982,2,23,vax_C_0.4,vax_C,0.4
357,C,0.40630094910218917,1.0358578571786135e-11,0.5936990508874541,2,23,vax_C_0.4,vax_C,0.4
358,A,0.27502901962250054,5.085014718903422e-12,0.7249709803724148,2,23,vax_C_0.4,vax_C,0.4
358,C,0.4063009491010317,9.595908456296854e-12,0.5936990508893726,2,23,vax_C_0.4,vax_C,0.4
359,A,0.27502901962193227,4.710620778909049e-12,0.7249709803733564,2,23,vax_C_0.4,vax_C,0.4
359,C,0.4063009490999596,8.88939138352922e-12,0.59369905089115,2,23,vax_C_0.4,vax_C,0.4
360,A,0.2750290196214068,4.3637923103284866e-12,0.7249709803742297,2,23,vax_C_0.4,vax_C,0.4
360,C,0.4063009490989681,8.23489297854995e-12,0.5936990508927977,2,23,vax_C_0.4,vax_C,0.4
361,A,0.2750290196209193,4.042499752370428e-12,0.7249709803750379,2,23,vax_C_0.4,vax_C,0.4
361,C,0.4063009490980482,7.62858326767058e-12,0.5936990508943226,2,23,vax_C_0.4,vax_C,0.4
362,A,0.2750290196204681,3.744862974570329e-12,0.7249709803757869,2,23,vax_C_0.4,vax_C,0.4
362,C,0.4063009490971971,7.066914266324942e-12,0.5936990508957369,2,23,vax_C_0.4,vax_C,0.4
363,A,0.27502901962005016,3.4691402736797124e-12,0.7249709803764813,2,23,vax_C_0.4,vax_C,0.4
363,C,0.406300949096408,6.546599217773771e-12,0.5936990508970462,2,23,vax_C_0.4,vax_C,0.4
364,A,0.27502901961966264,3.2137181840908804e-12,0.7249709803771233,2,23,vax_C_0.4,vax_C,0.4
364,C,0.4063009490956772,6.064593358084093e-12,0.5936990508982596,2,23,vax_C_0.4,vax_C,0.4
365,A,0.27502901961930376,2.9771020351643197e-12,0.7249709803777189,2,23,vax_C_0.4,vax_C,0.4
365,C,0.40630094909499975,5.618076099563007e-12,0.5936990508993819,2,23,vax_C_0.4,vax_C,0.4
0,A,0.9989999999999999,9.999999999999998e-4,0,3,23,vax_C_0.4,vax_C,0.4
0,C,0.9990000000000001,0.0010000000000000002,0,3,23,vax_C_0.4,vax_C,0.4
1,A,0.9985874217438543,0.0011935802636875682,2.1899799245773317e-4,3,23,vax_C_0.4,vax_C,0.4
1,C,0.9986603201839482,0.0011271528111284732,2.1252700492509143e-4,3,23,vax_C_0.4,vax_C,0.4
2,A,0.9981112524170106,0.0014097634039804345,4.789841790086946e-4,3,23,vax_C_0.4,vax_C,0.4
2,C,0.9982813091764726,0.0012669605175531131,4.517303059732501e-4,3,23,vax_C_0.4,vax_C,0.4
3,A,0.9975677801392588,0.001647808735492821,7.844111252493026e-4,3,23,vax_C_0.4,vax_C,0.4
3,C,0.9978593580032448,0.0014203883890565832,7.202536077005769e-4,3,23,vax_C_0.4,vax_C,0.4
4,A,0.9969510253376641,0.0019091228552287787,0.0011398518071078904,3,23,vax_C_0.4,vax_C,0.4
4,C,0.9973901219062546,0.001588859901916531,0.0010210181918298166,3,23,vax_C_0.4,vax_C,0.4
5,A,0.9962532208420385,0.002196585902334488,0.001550193255628362,3,23,vax_C_0.4,vax_C,0.4
5,C,0.9968687225003928,0.0017741033711906507,0.0013571741284165294,3,23,vax_C_0.4,vax_C,0.4
6,A,0.9954650344168958,0.002513963287964,0.0020210022951400648,3,23,vax_C_0.4,vax_C,0.4
6,C,0.9962896363348436,0.001978116907570495,0.0017322467575858246,3,23,vax_C_0.4,vax_C,0.4
7,A,0.99457624892379,0.0028653958052193176,0.0025583552709910217,3,23,vax_C_0.4,vax_C,0.4
7,C,0.9956469540805729,0.002203037310456655,0.0021500086089702537,3,23,vax_C_0.4,vax_C,0.4
8,A,0.9935743768671496,0.003255803032916834,0.0031698200999340804,3,23,vax_C_0.4,vax_C,0.4
8,C,0.9949335129713582,0.0024514240510563625,0.0026150629775851496,3,23,vax_C_0.4,vax_C,0.4
9,A,0.9924463521292917,0.0036900645002262743,0.0038635833704811573,3,23,vax_C_0.4,vax_C,0.4
9,C,0.9941417816871927,0.002725911794419377,0.003132306518388171,3,23,vax_C_0.4,vax_C,0.4
10,A,0.9911773776624105,0.00417349281653367,0.004649129521055587,3,23,vax_C_0.4,vax_C,0.4
10,C,0.9932631906391292,0.0030294455558716855,0.003707363804999409,3,23,vax_C_0.4,vax_C,0.4
11,A,0.9897515668248946,0.0047115615263159894,0.005536871648789756,3,23,vax_C_0.4,vax_C,0.4
11,C,0.9922884898926688,0.003365139880551876,0.004346370226780367,3,23,vax_C_0.4,vax_C,0.4
12,A,0.9881516842707826,0.005310064124211499,0.006538251605005919,3,23,vax_C_0.4,vax_C,0.4
12,C,0.9912076040450483,0.0037363403781019563,0.005056055576849789,3,23,vax_C_0.4,vax_C,0.4
13,A,0.9863588823775421,0.005975155520094919,0.00766596210236328,3,23,vax_C_0.4,vax_C,0.4
13,C,0.9900094590862005,0.004146663009562888,0.005843877904237411,3,23,vax_C_0.4,vax_C,0.4
14,A,0.9843528844150516,0.006713307783855347,0.008933807801092437,3,23,vax_C_0.4,vax_C,0.4
14,C,0.9886820852003952,0.0045999623289237415,0.006717952470681982,3,23,vax_C_0.4,vax_C,0.4
15,A,0.9821116215189052,0.007531376343711282,0.010357002137383286,3,23,vax_C_0.4,vax_C,0.4
15,C,0.9872123713452238,0.005100390005731969,0.007687238649043813,3,23,vax_C_0.4,vax_C,0.4
16,A,0.9796112264196601,0.008436568949952114,0.0119522046303876,3,23,vax_C_0.4,vax_C,0.4
16,C,0.9855860325524781,0.005652390653037069,0.008761576794484326,3,23,vax_C_0.4,vax_C,0.4
17,A,0.9768257651532765,0.009436465379704292,0.013737769467018731,3,23,vax_C_0.4,vax_C,0.4
17,C,0.9837873980662796,0.006260744048565248,0.009951857885156906,3,23,vax_C_0.4,vax_C,0.4
18,A,0.973727633978383,0.010538869360727994,0.015733496660888784,3,23,vax_C_0.4,vax_C,0.4
18,C,0.9817996059852531,0.0069304926724359645,0.011269901342310734,3,23,vax_C_0.4,vax_C,0.4
19,A,0.9702876274423464,0.011751713087826183,0.017960659469828198,3,23,vax_C_0.4,vax_C,0.4
19,C,0.9796045804573944,0.007666919795846105,0.012728499746757398,3,23,vax_C_0.4,vax_C,0.4
20,A,0.9664749390568869,0.01308295924461775,0.02044210169849485,3,23,vax_C_0.4,vax_C,0.4
20,C,0.9771829515965451,0.008475535740265964,0.014341512663190923,3,23,vax_C_0.4,vax_C,0.4
21,A,0.9622572633349034,0.014540462884776168,0.02320227378032093,3,23,vax_C_0.4,vax_C,0.4
21,C,0.9745140210004636,0.009362044566380647,0.01612393443315501,3,23,vax_C_0.4,vax_C,0.4
22,A,0.9576010254400017,0.016131784068422184,0.026267190491575894,3,23,vax_C_0.4,vax_C,0.4
22,C,0.9715757879727127,0.010332285799850802,0.01809192622743605,3,23,vax_C_0.4,vax_C,0.4
23,A,0.952471708647823,0.017863956440792212,0.02966433491138556,3,23,vax_C_0.4,vax_C,0.4
23,C,0.9683450184134135,0.011392154901421373,0.020262826685167025,3,23,vax_C_0.4,vax_C,0.4
24,A,0.946834280707477,0.019743204503202293,0.0334225147893206,3,23,vax_C_0.4,vax_C,0.4
24,C,0.9647973514269649,0.012547499912520065,0.022655148660516534,3,23,vax_C_0.4,vax_C,0.4
25,A,0.9406536313714225,0.0217746715813868,0.037571697047190065,3,23,vax_C_0.4,vax_C,0.4
25,C,0.9609074245640492,0.013804015088537316,0.02528856034741237,3,23,vax_C_0.4,vax_C,0.4
26,A,0.9338952600751359,0.023962007704359686,0.04214273222050425,3,23,vax_C_0.4,vax_C,0.4
26,C,0.9566490854568511,0.015167072149836227,0.028183842393313323,3,23,vax_C_0.4,vax_C,0.4
27,A,0.9265260570480712,0.026306945040811252,0.04716699791111813,3,23,vax_C_0.4,vax_C,0.4
27,C,0.9519956666196234,0.01664153113738115,0.031362802242994925,3,23,vax_C_0.4,vax_C,0.4
28,A,0.9185151235231538,0.02880889462950997,0.052675981847335705,3,23,vax_C_0.4,vax_C,0.4
28,C,0.9469203114754973,0.01823154024538859,0.034848148279113554,3,23,vax_C_0.4,vax_C,0.4
29,A,0.9098346680528179,0.03146453672267545,0.05870079522450698,3,23,vax_C_0.4,vax_C,0.4
29,C,0.9413963625780205,0.01994031108595147,0.038663326336025906,3,23,vax_C_0.4,vax_C,0.4
30,A,0.9004610375875451,0.03426737525371022,0.06527158715874432,3,23,vax_C_0.4,vax_C,0.4
30,C,0.9353978358700202,0.02176985364446344,0.04283231048551651,3,23,vax_C_0.4,vax_C,0.4
31,A,0.890375846112935,0.037207296521614995,0.07241685736545073,3,23,vax_C_0.4,vax_C,0.4
31,C,0.9288999829703768,0.023720681093270253,0.047379335936353045,3,23,vax_C_0.4,vax_C,0.4
32,A,0.8795671279190345,0.040270188169430045,0.08016268391153554,3,23,vax_C_0.4,vax_C,0.4
32,C,0.9218799364211906,0.025791498707134708,0.052328564871673366,3,23,vax_C_0.4,vax_C,0.4
33,A,0.8680304478515816,0.043437658431615546,0.08853189371680313,3,23,vax_C_0.4,vax_C,0.4
33,C,0.9143174147281926,0.02797889327686786,0.05770369199494014,3,23,vax_C_0.4,vax_C,0.4
34,A,0.8557699313157119,0.04668687576920285,0.09754319291508513,3,23,vax_C_0.4,vax_C,0.4
34,C,0.9061954782057917,0.030277030418050327,0.06352749137615828,3,23,vax_C_0.4,vax_C,0.4
35,A,0.8427991685730376,0.049990554498028986,0.10721027692893359,3,23,vax_C_0.4,vax_C,0.4
35,C,0.8975013233253873,0.03267737171222733,0.06982130496238349,3,23,vax_C_0.4,vax_C,0.4
36,A,0.8291419275961712,0.053317120649589725,0.11754095175423963,3,23,vax_C_0.4,vax_C,0.4
36,C,0.8882270916322674,0.03516843158162902,0.07660447678610188,3,23,vax_C_0.4,vax_C,0.4
37,A,0.8148326034365739,0.05663108805639126,0.12853630850703399,3,23,vax_C_0.4,vax_C,0.4
37,C,0.8783706583647668,0.037735598005638145,0.08389374362959623,3,23,vax_C_0.4,vax_C,0.4
38,A,0.7999163437275679,0.059893659340459544,0.14018999693197165,3,23,vax_C_0.4,vax_C,0.4
38,C,0.8679363609198827,0.040361040655862074,0.09170259842425404,3,23,vax_C_0.4,vax_C,0.4
39,A,0.7844488086290837,0.06306354895420158,0.15248764241671495,3,23,vax_C_0.4,vax_C,0.4
39,C,0.8569356257168469,0.043023727898248786,0.10004064638490569,3,23,vax_C_0.4,vax_C,0.4
40,A,0.7684955427571992,0.066098009086275,0.16540644815652558,3,23,vax_C_0.4,vax_C,0.4
40,C,0.8453874512226269,0.045699571595934615,0.10891297718143769,3,23,vax_C_0.4,vax_C,0.4
41,A,0.7521309577561386,0.06895402279227253,0.17891501945158841,3,23,vax_C_0.4,vax_C,0.4
41,C,0.8333187055891093,0.04836171450515478,0.11831957990573769,3,23,vax_C_0.4,vax_C,0.4
42,A,0.7354369491594941,0.07158961181947457,0.19297343902103148,3,23,vax_C_0.4,vax_C,0.4
42,C,0.8207642016065116,0.050980968079870584,0.12825483031361803,3,23,vax_C_0.4,vax_C,0.4
43,A,0.7185011981303989,0.0739651917588458,0.20753361011075502,3,23,vax_C_0.4,vax_C,0.4
43,C,0.8077665204732738,0.053526398887829216,0.13870708063889675,3,23,vax_C_0.4,vax_C,0.4
44,A,0.7014152331569523,0.07604489760404017,0.22253986923900748,3,23,vax_C_0.4,vax_C,0.4
44,C,0.7943755685968353,0.05596605070799542,0.14965838069516804,3,23,vax_C_0.4,vax_C,0.4
45,A,0.6842723450385085,0.07779780045660041,0.23792985450489137,3,23,vax_C_0.4,vax_C,0.4
45,C,0.7806478669774336,0.058267777927783204,0.16108435509478355,3,23,vax_C_0.4,vax_C,0.4
46,A,0.6671654586099862,0.07919894135351992,0.2536356000364945,3,23,vax_C_0.4,vax_C,0.4
46,C,0.7666455893913272,0.06040015517031449,0.17295425543835868,3,23,vax_C_0.4,vax_C,0.4
47,A,0.6501850660161683,0.08023012039299726,0.2695848135908337,3,23,vax_C_0.4,vax_C,0.4
47,C,0.7524353822537869,0.06233341928375144,0.18523119846246178,3,23,vax_C_0.4,vax_C,0.4
48,A,0.6334173190971885,0.08088039723490896,0.28570228366790246,3,23,vax_C_0.4,vax_C,0.4
48,C,0.738087014152851,0.06404039408954973,0.19787259175760072,3,23,vax_C_0.4,vax_C,0.4
49,A,0.6169423634769079,0.08114628073988159,0.3019113557832101,3,23,vax_C_0.4,vax_C,0.4
49,C,0.7236719149409876,0.06549734658146375,0.2108307384775481,3,23,vax_C_0.4,vax_C,0.4
50,A,0.6008329759788466,0.08103160863635424,0.318135415384799,3,23,vax_C_0.4,vax_C,0.4
50,C,0.7092616715006669,0.06668472612531191,0.22405360237402222,3,23,vax_C_0.4,vax_C,0.4
51,A,0.5851535324057956,0.08054714943103314,0.33429931816317066,3,23,vax_C_0.4,vax_C,0.4
51,C,0.6949265447096468,0.06758774948819199,0.23748570580216216,3,23,vax_C_0.4,vax_C,0.4
52,A,0.5699593596166888,0.07970992788163134,0.35033071250167963,3,23,vax_C_0.4,vax_C,0.4
52,C,0.6807340887802454,0.06819678599614282,0.2510691252236124,3,23,vax_C_0.4,vax_C,0.4
53,A,0.555296414794029,0.0785423763384679,0.36616120886750403,3,23,vax_C_0.4,vax_C,0.4
53,C,0.6667479139913457,0.0685075420581961,0.2647445439504578,3,23,vax_C_0.4,vax_C,0.4
54,A,0.5412012721560224,0.07707136279667692,0.3817273650473009,3,23,vax_C_0.4,vax_C,0.4
54,C,0.6530266383820428,0.06852104080198168,0.2784523208159746,3,23,vax_C_0.4,vax_C,0.4
55,A,0.5277013869243274,0.07532714439404115,0.3969714686816309,3,23,vax_C_0.4,vax_C,0.4
55,C,0.6396230618445795,0.06824340355428989,0.29213353460113056,3,23,vax_C_0.4,vax_C,0.4
56,A,0.514815590335958,0.07334230120699087,0.41184210845705055,3,23,vax_C_0.4,vax_C,0.4
56,C,0.626583579159873,0.06768545403761364,0.30573096680251394,3,23,vax_C_0.4,vax_C,0.4
57,A,0.5025547573982131,0.07115070744564488,0.4262945351561431,3,23,vax_C_0.4,vax_C,0.4
57,C,0.6139478308423401,0.06686217882275654,0.3191899903349034,3,23,vax_C_0.4,vax_C,0.4
58,A,0.4909225904304155,0.06878658548400293,0.44029082408558123,3,23,vax_C_0.4,vax_C,0.4
58,C,0.6017485774881034,0.06579208347637439,0.3324593390355224,3,23,vax_C_0.4,vax_C,0.4
59,A,0.4799164693272421,0.06628367182872814,0.4537998588440306,3,23,vax_C_0.4,vax_C,0.4
59,C,0.5900117743183682,0.06449648451670123,0.34549174116493125,3,23,vax_C_0.4,vax_C,0.4
60,A,0.46952832747188833,0.06367451132675829,0.4667971612013531,3,23,vax_C_0.4,vax_C,0.4
60,C,0.5787568164215132,0.06299877543237895,0.35824440814610725,3,23,vax_C_0.4,vax_C,0.4
61,A,0.45974551903460104,0.060989887269611784,0.47926459369578706,3,23,vax_C_0.4,vax_C,0.4
61,C,0.5679969213851276,0.06132370162596013,0.3706793769889139,3,23,vax_C_0.4,vax_C,0.4
62,A,0.4505516501380128,0.058258387909400515,0.491189961952587,3,23,vax_C_0.4,vax_C,0.4
62,C,0.5577396147218305,0.05949667410017914,0.38276371117799096,3,23,vax_C_0.4,vax_C,0.4
63,A,0.4419273535537665,0.05550610315502319,0.5025665432912099,3,23,vax_C_0.4,vax_C,0.4
63,C,0.5479872846548415,0.05754314520326007,0.3944695701418997,3,23,vax_C_0.4,vax_C,0.4
64,A,0.43385099366053964,0.05275643967607085,0.5133925666633896,3,23,vax_C_0.4,vax_C,0.4
64,C,0.5387377759171132,0.055488062613281514,0.40577416146960343,3,23,vax_C_0.4,vax_C,0.4
65,A,0.4262992945617889,0.050030039165311055,0.5236706662728999,3,23,vax_C_0.4,vax_C,0.4
65,C,0.5299849964848387,0.05335541089988347,0.41665959261527674,3,23,vax_C_0.4,vax_C,0.4
66,A,0.4192478891002934,0.04734478304871777,0.5334073278509879,3,23,vax_C_0.4,vax_C,0.4
66,C,0.5217195159198916,0.05116784403607571,0.4271126400440313,3,23,vax_C_0.4,vax_C,0.4
67,A,0.41267179001069326,0.044715866884835066,0.5426123431044723,3,23,vax_C_0.4,vax_C,0.4
67,C,0.5139291387488287,0.04894640735147588,0.4371244538996978,3,23,vax_C_0.4,vax_C,0.4
68,A,0.40654578688564075,0.04215592849866835,0.5512982846156905,3,23,vax_C_0.4,vax_C,0.4
68,C,0.506599440776061,0.04671034364055175,0.4466902155833872,3,23,vax_C_0.4,vax_C,0.4
69,A,0.4008447743074641,0.03967521521356392,0.5594800104789721,3,23,vax_C_0.4,vax_C,0.4
69,C,0.4997142602567737,0.04447697543234167,0.4558087643108838,3,23,vax_C_0.4,vax_C,0.4
70,A,0.3955440176043732,0.03728177719376783,0.5671742052018582,3,23,vax_C_0.4,vax_C,0.4
70,C,0.4932561393429146,0.04226165371645148,0.4644822069406335,3,23,vax_C_0.4,vax_C,0.4
71,A,0.3906193636609091,0.034981675416609605,0.5743989609224807,3,23,vax_C_0.4,vax_C,0.4
71,C,0.4872067151952189,0.04007776157450724,0.4727155232302748,3,23,vax_C_0.4,vax_C,0.4
72,A,0.3860474021530911,0.03277919679173565,0.581173401055173,3,23,vax_C_0.4,vax_C,0.4
72,C,0.4815470564535466,0.03793676670303958,0.4805161768434138,3,23,vax_C_0.4,vax_C,0.4
73,A,0.38180558635164924,0.03067706684684212,0.5875173468015104,3,23,vax_C_0.4,vax_C,0.4
73,C,0.476257953256803,0.035848306497080935,0.48789374024611726,3,23,vax_C_0.4,vax_C,0.4
74,A,0.37787231906875696,0.028676655326006655,0.5934510256052364,3,23,vax_C_0.4,vax_C,0.4
74,C,0.4713201623523535,0.03382029825287805,0.4948595393947682,3,23,vax_C_0.4,vax_C,0.4
75,A,0.37422700891040866,0.026778171368356363,0.5989948197212351,3,23,vax_C_0.4,vax_C,0.4
75,C,0.46671460945938026,0.03185906811925953,0.5014263224213599,3,23,vax_C_0.4,vax_C,0.4
76,A,0.3708501019869405,0.024980845508429064,0.6041690525046302,3,23,vax_C_0.4,vax_C,0.4
76,C,0.4624225528218643,0.029969491883868538,0.5076079552942682,3,23,vax_C_0.4,vax_C,0.4
77,A,0.3677230939899757,0.02328309640777622,0.608993809602248,3,23,vax_C_0.4,vax_C,0.4
77,C,0.45842571312984665,0.02815514064914814,0.5134191462210057,3,23,vax_C_0.4,vax_C,0.4
78,A,0.36482852673883914,0.02168268135584737,0.6134887919053134,3,23,vax_C_0.4,vax_C,0.4
78,C,0.454706374534929,0.026418426161580584,0.5188751993034904,3,23,vax_C_0.4,vax_C,0.4
79,A,0.3621499724752938,0.020176830542745203,0.6176731969819618,3,23,vax_C_0.4,vax_C,0.4
79,C,0.45124746059411686,0.024760742442093305,0.52399179696379,3,23,vax_C_0.4,vax_C,0.4
80,A,0.3596720086443338,0.01876236559378992,0.6215656257618759,3,23,vax_C_0.4,vax_C,0.4
80,C,0.4480325885551753,0.023182601366870115,0.528784810077954,3,23,vax_C_0.4,vax_C,0.4
81,A,0.3573801855397789,0.017435803061250116,0.6251840113989726,3,23,vax_C_0.4,vax_C,0.4
81,C,0.4450461053235486,0.0216837602602063,0.5332701344162444,3,23,vax_C_0.4,vax_C,0.4
82,A,0.3552609888385086,0.01619344375352385,0.6285455674079673,3,23,vax_C_0.4,vax_C,0.4
82,C,0.4422731082798882,0.020263340030334316,0.5374635516897778,3,23,vax_C_0.4,vax_C,0.4
83,A,0.3533017986661114,0.015031448982899485,0.6316667523509905,3,23,vax_C_0.4,vax_C,0.4
83,C,0.4396994537258689,0.01891993303723311,0.5413806132368977,3,23,vax_C_0.4,vax_C,0.4
84,A,0.3514908464951365,0.013945904938406986,0.6345632485664566,3,23,vax_C_0.4,vax_C,0.4
84,C,0.43731175529027044,0.017651700470664056,0.5450365442390664,3,23,vax_C_0.4,vax_C,0.4
85,A,0.349817170912824,0.012932876405971907,0.6372499526812034,3,23,vax_C_0.4,vax_C,0.4
85,C,0.43509737427379236,0.016456459370251923,0.5484461663559557,3,23,vax_C_0.4,vax_C,0.4
86,A,0.3482705730889128,0.011988451013468264,0.6397409758976198,3,23,vax_C_0.4,vax_C,0.4
86,C,0.4330444036499436,0.015331759605701293,0.5516238367443547,3,23,vax_C_0.4,vax_C,0.4
87,A,0.3468415725970943,0.01110877512356248,0.6420496522793429,3,23,vax_C_0.4,vax_C,0.4
87,C,0.4311416472066135,0.01427495128087949,0.5545834015125065,3,23,vax_C_0.4,vax_C,0.4
88,A,0.3455213640889453,0.010290082438448533,0.6441885534726057,3,23,vax_C_0.4,vax_C,0.4
88,C,0.4293785950784171,0.013283243165820479,0.557338161755762,3,23,vax_C_0.4,vax_C,0.4
89,A,0.3443017751918445,0.009528716305419285,0.6461695085027366,3,23,vax_C_0.4,vax_C,0.4
89,C,0.4277453966984311,0.01235375286104201,0.5599008504405272,3,23,vax_C_0.4,vax_C,0.4
90,A,0.343175225901096,0.008821146622745914,0.6480036274761585,3,23,vax_C_0.4,vax_C,0.4
90,C,0.4262328320098114,0.011483549438121911,0.562283618552066,3,23,vax_C_0.4,vax_C,0.4
91,A,0.3421346896315923,0.008163982175189996,0.6497013281932167,3,23,vax_C_0.4,vax_C,0.4
91,C,0.4248322815770852,0.010669689341146302,0.564498029081769,3,23,vax_C_0.4,vax_C,0.4
92,A,0.34117365614701667,0.0075539790287718804,0.6512723648242114,3,23,vax_C_0.4,vax_C,0.4
92,C,0.4235356963647572,0.009909246070767035,0.5665550575644758,3,23,vax_C_0.4,vax_C,0.4
93,A,0.3402860963093692,0.00698804575248671,0.6527258579381431,3,23,vax_C_0.4,vax_C,0.4
93,C,0.4223355673733046,0.009199334608068327,0.5684650980186261,3,23,vax_C_0.4,vax_C,0.4
94,A,0.33946642871124555,0.006463245989363255,0.6540703252993904,3,23,vax_C_0.4,vax_C,0.4
94,C,0.42122489555492865,0.008537131157680665,0.5702379732873907,3,23,vax_C_0.4,vax_C,0.4
95,A,0.3387094882233836,0.005976798825217221,0.6553137129513991,3,23,vax_C_0.4,vax_C,0.4
95,C,0.4201971623575729,0.00791988873822756,0.5718829489041989,3,23,vax_C_0.4,vax_C,0.4
96,A,0.33801049643416736,0.005526077374397336,0.6564634261914354,3,23,vax_C_0.4,vax_C,0.4
96,C,0.4192463011188052,0.007344949169868636,0.573408749711327,3,23,vax_C_0.4,vax_C,0.4
97,A,0.337365033914606,0.005108605968322918,0.6575263601170713,3,23,vax_C_0.4,vax_C,0.4
97,C,0.4183666694271482,0.006809752009983489,0.5748235785628688,3,23,vax_C_0.4,vax_C,0.4
98,A,0.336769014238187,0.004722056265734472,0.6585089294960795,3,23,vax_C_0.4,vax_C,0.4
98,C,0.41755302254122595,0.006311840911949443,0.576135136546824,3,23,vax_C_0.4,vax_C,0.4
99,A,0.33621865969152426,0.0043642425371412975,0.6594170977713344,3,23,vax_C_0.4,vax_C,0.4
99,C,0.4168004879514845,0.005848867795709567,0.5773506442528054,3,23,vax_C_0.4,vax_C,0.4
100,A,0.33571047860770736,0.00403311633351677,0.660256405058775,3,23,vax_C_0.4,vax_C,0.4
100,C,0.4161045411447014,0.00541859516984469,0.578476863685453,3,23,vax_C_0.4,vax_C,0.4
101,A,0.3352412442433882,0.0037267607227571315,0.6610319950338547,3,23,vax_C_0.4,vax_C,0.4
101,C,0.4154609825948038,0.005018896919676592,0.5795201204855189,3,23,vax_C_0.4,vax_C,0.4
102,A,0.3348079751145785,0.003443384250423785,0.6617486406349979,3,23,vax_C_0.4,vax_C,0.4
102,C,0.41486591597646677,0.00464775784497152,0.5804863261785637,3,23,vax_C_0.4,vax_C,0.4
103,A,0.3344079167075222,0.0031813147507966624,0.6624107685416812,3,23,vax_C_0.4,vax_C,0.4
103,C,0.41431572758572516,0.004303272188929632,0.5813810002253458,3,23,vax_C_0.4,vax_C,0.4
104,A,0.33403852448469135,0.0029389931072028893,0.663022482408105,3,23,vax_C_0.4,vax_C,0.4
104,C,0.41380706694544633,0.003983641360473215,0.582209291694082,3,23,vax_C_0.4,vax_C,0.4
105,A,0.3336974481080939,0.002714967040927705,0.6635875848509785,3,23,vax_C_0.4,vax_C,0.4
105,C,0.41333682856573234,0.0036871710224837036,0.5829760004117848,3,23,vax_C_0.4,vax_C,0.4
106,A,0.33338251680314873,0.002507884993215057,0.6641095982036364,3,23,vax_C_0.4,vax_C,0.4
106,C,0.41290213482093036,0.003412267696096415,0.5836855974829724,3,23,vax_C_0.4,vax_C,0.4
107,A,0.33309172578861795,0.0023164901513216545,0.6645917840600589,3,23,vax_C_0.4,vax_C,0.4
107,C,0.41250031989892044,0.0031574350096199126,0.5843422450914612,3,23,vax_C_0.4,vax_C,0.4
108,A,0.33282322370160344,0.002139614656814531,0.6650371616415829,3,23,vax_C_0.4,vax_C,0.4
108,C,0.41212891477564195,0.002921269699233838,0.5849498155251234,3,23,vax_C_0.4,vax_C,0.4
109,A,0.33257530095048515,0.0019761740236613327,0.6654485250258522,3,23,vax_C_0.4,vax_C,0.4
109,C,0.41178563316682487,0.0027024574497066653,0.5855119093834695,3,23,vax_C_0.4,vax_C,0.4
110,A,0.3323463789322237,0.0018251617855916634,0.6658284592821839,3,23,vax_C_0.4,vax_C,0.4
110,C,0.41146835840813883,0.002499768648127105,0.5860318729437343,3,23,vax_C_0.4,vax_C,0.4
111,A,0.33213500005446195,0.0016856443851253583,0.6661793555604126,3,23,vax_C_0.4,vax_C,0.4
111,C,0.41117513121542354,0.0023120541103792305,0.5865128146741974,3,23,vax_C_0.4,vax_C,0.4
112,A,0.331939818502356,0.001556756315006476,0.6665034251826358,3,23,vax_C_0.4,vax_C,0.4
112,C,0.41090413827300193,0.0021382408325687986,0.5869576208944292,3,23,vax_C_0.4,vax_C,0.4
113,A,0.33175959170061103,0.0014376955110887008,0.6668027127883008,3,23,vax_C_0.4,vax_C,0.4
113,C,0.4106537016057477,0.0019773278030532572,0.5873689705911997,3,23,vax_C_0.4,vax_C,0.4
114,A,0.3315931724198929,0.0013277189969575264,0.6670791085831499,3,23,vax_C_0.4,vax_C,0.4
114,C,0.4104222686877179,0.0018283819066482509,0.587749349405635,3,23,vax_C_0.4,vax_C,0.4
115,A,0.33143950147979606,0.001226138778057092,0.6673343597421475,3,23,vax_C_0.4,vax_C,0.4
115,C,0.41020840324149627,0.0016905339458975935,0.5881010628126075,3,23,vax_C_0.4,vax_C,0.4
116,A,0.33129760100433375,0.001132317979999011,0.667570081015667,3,23,vax_C_0.4,vax_C,0.4
116,C,0.41001077668474484,0.0015629747976524996,0.5884262485176027,3,23,vax_C_0.4,vax_C,0.4
117,A,0.3311665681896674,0.001045667223224777,0.6677877645871086,3,23,vax_C_0.4,vax_C,0.4
117,C,0.4098281601830349,0.0014449517174855515,0.5887268880994796,3,23,vax_C_0.4,vax_C,0.4
118,A,0.3310455695464086,9.656412252142604e-4,0.6679887892283778,3,23,vax_C_0.4,vax_C,0.4
118,C,0.40965941726984234,0.0013357648005056305,0.5890048179296516,3,23,vax_C_0.4,vax_C,0.4
119,A,0.3309338355810611,8.917356210991832e-4,0.6681744287978396,3,23,vax_C_0.4,vax_C,0.4
119,C,0.4095034969962214,0.001234763604183542,0.5892617393995945,3,23,vax_C_0.4,vax_C,0.4
120,A,0.3308306558835129,8.234839930715568e-4,0.6683458601234163,3,23,vax_C_0.4,vax_C,0.4
120,C,0.4093594275745192,0.0011413439361132832,0.5894992284893668,3,23,vax_C_0.4,vax_C,0.4
121,A,0.3307353745900196,7.604550984164264e-4,0.6685041703115636,3,23,vax_C_0.4,vax_C,0.4
121,C,0.4092263104826102,0.0010549448071818185,0.5897187447102088,3,23,vax_C_0.4,vax_C,0.4
122,A,0.3306473861934323,7.022502857083237e-4,0.6686503635208602,3,23,vax_C_0.4,vax_C,0.4
122,C,0.40910331499714075,9.75045548661778e-4,0.5899216394541972,3,23,vax_C_0.4,vax_C,0.4
123,A,0.33056613167443805,6.485010887757011e-4,0.6687853672367872,3,23,vax_C_0.4,vax_C,0.4
123,C,0.4089896731261637,9.011630903295865e-4,0.5901091637835055,3,23,vax_C_0.4,vax_C,0.4
124,A,0.33049109492948403,5.988669882677035e-4,0.6689100380822482,3,23,vax_C_0.4,vax_C,0.4
124,C,0.40888467491327396,8.328493956671201e-4,0.5902824756910571,3,23,vax_C_0.4,vax_C,0.4
125,A,0.330421799472791,5.530333308963138e-4,0.6690251671963132,3,23,vax_C_0.4,vax_C,0.4
125,C,0.4087876640871012,7.696890493647576e-4,0.5904426468635342,3,23,vax_C_0.4,vax_C,0.4
126,A,0.33035780539156245,5.107093966776187e-4,0.6691314852117597,3,23,vax_C_0.4,vax_C,0.4
126,C,0.4086980340316684,7.112969916752911e-4,0.5905906689766546,3,23,vax_C_0.4,vax_C,0.4
127,A,0.3302987065350892,4.716266048167044e-4,0.6692296668600943,3,23,vax_C_0.4,vax_C,0.4
127,C,0.40861522405477324,6.573163936954477e-4,0.5907274595515327,3,23,vax_C_0.4,vax_C,0.4
128,A,0.330244127919872,4.3553684927439765e-4,0.669320335230854,3,23,vax_C_0.4,vax_C,0.4
128,C,0.4085387159329974,6.074166673629457e-4,0.5908538673996412,3,23,vax_C_0.4,vax_C,0.4
129,A,0.33019372333423724,4.0221095547759614e-4,0.6694040657102857,3,23,vax_C_0.4,vax_C,0.4
129,C,0.408468030713446,5.612916038023712e-4,0.5909706776827512,3,23,vax_C_0.4,vax_C,0.4
130,A,0.33014717312715053,3.7143725005552323e-4,0.6694813896227942,3,23,vax_C_0.4,vax_C,0.4
130,C,0.4084027257535945,5.186576335879917e-4,0.5910786166128168,3,23,vax_C_0.4,vax_C,0.4
131,A,0.330104182167157,3.430202358535405e-4,0.6695527975969897,3,23,vax_C_0.4,vax_C,0.4
131,C,0.4083423919820104,4.7925220242710643e-4,0.5911783558155612,3,23,vax_C_0.4,vax_C,0.4
132,A,0.33006447795817306,3.1677936515022266e-4,0.669618742676677,3,23,vax_C_0.4,vax_C,0.4
132,C,0.40828665136352427,4.4283225622959596e-4,0.5912705163802465,3,23,vax_C_0.4,vax_C,0.4
133,A,0.3300278089003452,2.9254790395271194e-4,0.6696796431957022,3,23,vax_C_0.4,vax_C,0.4
133,C,0.4082351545542314,4.091728289406833e-4,0.5913556726168286,3,23,vax_C_0.4,vax_C,0.4
134,A,0.3299939426847609,2.7017188099557926e-4,0.6697358854342439,3,23,vax_C_0.4,vax_C,0.4
134,C,0.4081875787323199,3.780657272049115e-4,0.5914343555404742,3,23,vax_C_0.4,vax_C,0.4
135,A,0.3299626648116559,2.495091154770348e-4,0.6697878260728681,3,23,vax_C_0.4,vax_C,0.4
135,C,0.4081436255916344,3.4931830614819105e-4,0.5915070561022168,3,23,vax_C_0.4,vax_C,0.4
136,A,0.32993377722259337,2.304283178794367e-4,0.6698357944595271,3,23,vax_C_0.4,vax_C,0.4
136,C,0.40810301948592853,3.2275233067921826e-4,0.5915742281833914,3,23,vax_C_0.4,vax_C,0.4
137,A,0.32990709703787996,2.1280825853254624e-4,0.6698800947035872,3,23,vax_C_0.4,vax_C,0.4
137,C,0.40806550571269506,2.98202916862685e-4,0.591636291370443,3,23,vax_C_0.4,vax_C,0.4
138,A,0.32988245539112887,1.965369989503885e-4,0.6699210076099211,3,23,vax_C_0.4,vax_C,0.4
138,C,0.40803084892623087,2.755175481971573e-4,0.5916936335255701,3,23,vax_C_0.4,vax_C,0.4
139,A,0.3298596963534932,1.8151118134273367e-4,0.6699587924651637,3,23,vax_C_0.4,vax_C,0.4
139,C,0.4079988316703252,2.545551619389339e-4,0.5917466131677354,3,23,vax_C_0.4,vax_C,0.4
140,A,0.32983867594064614,1.6763537202233074e-4,0.6699936886873322,3,23,vax_C_0.4,vax_C,0.4
140,C,0.40796925302160714,2.3518530087176091e-4,0.5917955616775208,3,23,vax_C_0.4,vax_C,0.4
141,A,0.32981926119611904,1.5482145471018522e-4,0.6700259173491716,3,23,vax_C_0.4,vax_C,0.4
141,C,0.4079419273353052,2.1728732614559337e-4,0.5918407853385489,3,23,vax_C_0.4,vax_C,0.4
142,A,0.32980132934514367,1.4298807001240154e-4,0.6700556825848436,3,23,vax_C_0.4,vax_C,0.4
142,C,0.4079166830857535,2.0074968703848175e-4,0.5918825672272076,3,23,vax_C_0.4,vax_C,0.4
143,A,0.32978476701354786,1.3206009761031475e-4,0.6700831728888416,3,23,vax_C_0.4,vax_C,0.4
143,C,0.40789336179455465,1.8546924374253273e-4,0.5919211689617035,3,23,vax_C_0.4,vax_C,0.4
144,A,0.3297694695067029,1.2196817795966416e-4,0.6701085623153366,3,23,vax_C_0.4,vax_C,0.4
144,C,0.4078718170398145,1.7135063951757907e-4,0.5919568323206674,3,23,vax_C_0.4,vax_C,0.4
145,A,0.3297553401438983,1.1264827052673641e-4,0.6701320115855756,3,23,vax_C_0.4,vax_C,0.4
145,C,0.40785191354037775,1.5830571878067118e-4,0.5919897807408409,3,23,vax_C_0.4,vax_C,0.4
146,A,0.3297422896438597,1.040412458028022e-4,0.6701536691103376,3,23,vax_C_0.4,vax_C,0.4
146,C,0.40783352630939235,1.4625298790914073e-4,0.5920202207026994,3,23,vax_C_0.4,vax_C,0.4
147,A,0.32973023555749464,9.609250853863651e-5,0.6701736719339678,3,23,vax_C_0.4,vax_C,0.4
147,C,0.4078165398720121,1.3511711573765172e-4,0.5920483430122502,3,23,vax_C_0.4,vax_C,0.4
148,A,0.32971910174420044,8.875164983016746e-5,0.6701921466059696,3,23,vax_C_0.4,vax_C,0.4
148,C,0.40780084754239293,1.248284709265553e-4,0.5920743239866811,3,23,vax_C_0.4,vax_C,0.4
149,A,0.329708817888412,8.19721258628978e-5,0.6702092099857246,3,23,vax_C_0.4,vax_C,0.4
149,C,0.40778635075550973,1.1532269356621883e-4,0.5920983265509236,3,23,vax_C_0.4,vax_C,0.4
150,A,0.3296993190532593,7.571096128598108e-5,0.6702249699854539,3,23,vax_C_0.4,vax_C,0.4
150,C,0.4077729584496663,1.0654029855764889e-4,0.5921205012517775,3,23,vax_C_0.4,vax_C,0.4
151,A,0.3296905452685098,6.992847533583978e-5,0.6702395262561539,3,23,vax_C_0.4,vax_C,0.4
151,C,0.4077605864958555,9.842630847113055e-5,0.5921409871956728,3,23,vax_C_0.4,vax_C,0.4
152,A,0.329682441150123,6.458802898093531e-5,0.6702529708208956,3,23,vax_C_0.4,vax_C,0.4
152,C,0.40774915717043986,9.09299137590894e-5,0.5921599129158015,3,23,vax_C_0.4,vax_C,0.4
153,A,0.32967495554901843,5.9655791469430336e-5,0.6702653886595125,3,23,vax_C_0.4,vax_C,0.4
153,C,0.4077385986678591,8.400415831213316e-5,0.5921773971738279,3,23,vax_C_0.4,vax_C,0.4
154,A,0.3296680412267863,5.510052479781636e-5,0.6702768582484165,3,23,vax_C_0.4,vax_C,0.4
154,C,0.4077288446503757,7.76056485107793e-5,0.5921935497011139,3,23,vax_C_0.4,vax_C,0.4
155,A,0.32966165455628377,5.089338473145926e-5,0.6702874520589852,3,23,vax_C_0.4,vax_C,0.4
155,C,0.40771983383199856,7.169428405576648e-5,0.5922084718839448,3,23,vax_C_0.4,vax_C,0.4
156,A,0.3296557552451898,4.7007737109007816e-5,0.6702972370177015,3,23,vax_C_0.4,vax_C,0.4
156,C,0.4077115095940479,6.623300897594565e-5,0.5922222573969759,3,23,vax_C_0.4,vax_C,0.4
157,A,0.3296503060807609,4.341898825658892e-5,0.6703062749309816,3,23,vax_C_0.4,vax_C,0.4
157,C,0.40770381962991553,6.118758132220837e-5,0.5922349927887622,3,23,vax_C_0.4,vax_C,0.4
158,A,0.32964527269416066,4.010442842796145e-5,0.6703146228774107,3,23,vax_C_0.4,vax_C,0.4
158,C,0.40769671561684917,5.652636016385365e-5,0.5922467580229863,3,23,vax_C_0.4,vax_C,0.4
159,A,0.32964062334285044,3.704308727105813e-5,0.6703223335698784,3,23,vax_C_0.4,vax_C,0.4
159,C,0.4076901529126833,5.222010860575934e-5,0.5922576269787109,3,23,vax_C_0.4,vax_C,0.4
160,A,0.32963632870966375,3.421560039795677e-5,0.670329455689939,3,23,vax_C_0.4,vax_C,0.4
160,C,0.4076840902756364,4.8241811637516325e-5,0.5922676679127257,3,23,vax_C_0.4,vax_C,0.4
161,A,0.3296323617172728,3.160408620523873e-5,0.6703360341965223,3,23,vax_C_0.4,vax_C,0.4
161,C,0.4076784896054219,4.456650771058544e-5,0.5922769438868677,3,23,vax_C_0.4,vax_C,0.4
162,A,0.32962869735687583,2.9192032156603377e-5,0.6703421106109668,3,23,vax_C_0.4,vax_C,0.4
162,C,0.40767331570404586,4.1171133019117256e-5,0.5922855131629366,3,23,vax_C_0.4,vax_C,0.4
163,A,0.32962531253000266,2.696418980019865e-5,0.6703477232801961,3,23,vax_C_0.4,vax_C,0.4
163,C,0.40766853605481224,3.803437753519379e-5,0.5922934295676531,3,23,vax_C_0.4,vax_C,0.4
164,A,0.3296221859024385,2.4906477849224696e-5,0.6703529076197123,3,23,vax_C_0.4,vax_C,0.4
164,C,0.4076641206181401,3.5136551919277706e-5,0.5923007428299396,3,23,vax_C_0.4,vax_C,0.4
165,A,0.3296192977693324,2.3005892705952645e-5,0.6703576963379606,3,23,vax_C_0.4,vax_C,0.4
165,C,0.40766004164291775,3.245946449131683e-5,0.5923074988925907,3,23,vax_C_0.4,vax_C,0.4
166,A,0.3296166299306389,2.1250425856792384e-5,0.6703621196435046,3,23,vax_C_0.4,vax_C,0.4
166,C,0.40765627349221506,2.9986307507750953e-5,0.5923137402002773,3,23,vax_C_0.4,vax_C,0.4
167,A,0.32961416557608686,1.962898760996518e-5,0.6703662054363025,3,23,vax_C_0.4,vax_C,0.4
167,C,0.4076527924822622,2.7701552045325222e-5,0.5923195059656922,3,23,vax_C_0.4,vax_C,0.4
168,A,0.32961188917896134,1.8131336688006562e-5,0.6703699794843503,3,23,vax_C_0.4,vax_C,0.4
168,C,0.4076495767336886,2.559085084446831e-5,0.5923248324154686,3,23,vax_C_0.4,vax_C,0.4
169,A,0.32960978639800625,1.6748015224894492e-5,0.6703734655867692,3,23,vax_C_0.4,vax_C,0.4
169,C,0.4076466060340761,2.364094851313642e-5,0.5923297530174109,3,23,vax_C_0.4,vax_C,0.4
170,A,0.3296078439868406,1.547028875224201e-5,0.6703766857244066,3,23,vax_C_0.4,vax_C,0.4
170,C,0.40764386171099515,2.1839598536597247e-5,0.5923342986904669,3,23,vax_C_0.4,vax_C,0.4
171,A,0.3296060497103009,1.4290090790862025e-5,0.670379660198909,3,23,vax_C_0.4,vax_C,0.4
171,C,0.4076413265146906,2.0175486579761203e-5,0.59233849799873,3,23,vax_C_0.4,vax_C,0.4
172,A,0.3296043922671832,1.3199971693992094e-5,0.6703824077611226,3,23,vax_C_0.4,vax_C,0.4
172,C,0.4076389845097042,1.8638159607764847e-5,0.5923423773306898,3,23,vax_C_0.4,vax_C,0.4
173,A,0.3296028612188978,1.2193051414862756e-5,0.6703849457296883,3,23,vax_C_0.4,vax_C,0.4
173,C,0.4076368209747569,1.7217960384548395e-5,0.5923459610648577,3,23,vax_C_0.4,vax_C,0.4
174,A,0.3296014469235726,1.1262975897083645e-5,0.6703872901005309,3,23,vax_C_0.4,vax_C,0.4
174,C,0.40763482231025366,1.590596694316787e-5,0.5923492717228028,3,23,vax_C_0.4,vax_C,0.4
175,A,0.32960014047520625,1.0403876809565415e-5,0.6703894556479838,3,23,vax_C_0.4,vax_C,0.4
175,C,0.40763297595282266,1.4693936652098249e-5,0.5923523301105236,3,23,vax_C_0.4,vax_C,0.4
176,A,0.3295989336474653,9.610334368999817e-6,0.6703914560181667,3,23,vax_C_0.4,vax_C,0.4
176,C,0.4076312702963779,1.357425452978415e-5,0.5923551554490908,3,23,vax_C_0.4,vax_C,0.4
177,A,0.3295978188417776,8.877343012601653e-6,0.6703933038152102,3,23,vax_C_0.4,vax_C,0.4
177,C,0.4076296946191823,1.2539885485656834e-5,0.5923577654953328,3,23,vax_C_0.4,vax_C,0.4
178,A,0.3295967890394013,8.200279702118315e-6,0.6703950106808964,3,23,vax_C_0.4,vax_C,0.4
178,C,0.40762823901647177,1.1584330190116629e-5,0.5923601766533392,3,23,vax_C_0.4,vax_C,0.4
179,A,0.3295958377571484,7.574874657034556e-6,0.6703965873681953,3,23,vax_C_0.4,vax_C,0.4
179,C,0.407626894338211,1.070158429850315e-5,0.5923624040774892,3,23,vax_C_0.4,vax_C,0.4
180,A,0.3295949590064965,6.997184330463093e-6,0.6703980438091734,3,23,vax_C_0.4,vax_C,0.4
180,C,0.40762565213159313,9.886100774823937e-6,0.592364461767632,3,23,vax_C_0.4,vax_C,0.4
181,A,0.3295941472558246,6.4635664555354724e-6,0.6703993891777201,3,23,vax_C_0.4,vax_C,0.4
181,C,0.40762450458790916,9.132755080141455e-6,0.5923663626570114,3,23,vax_C_0.4,vax_C,0.4
182,A,0.32959339739553584,5.970657003339389e-6,0.6704006319474619,3,23,vax_C_0.4,vax_C,0.4
182,C,0.4076234444934783,8.436813008241904e-6,0.592368118693513,3,23,vax_C_0.4,vax_C,0.4
183,A,0.3295927047058382,5.5153489056840615e-6,0.6704017799452572,3,23,vax_C_0.4,vax_C,0.4
183,C,0.40762246518430983,7.793900967647564e-6,0.5923697409147233,3,23,vax_C_0.4,vax_C,0.4
184,A,0.32959206482699605,5.094772407273075e-6,0.670402840400596,3,23,vax_C_0.4,vax_C,0.4
184,C,0.40762156050421355,7.199978524251407e-6,0.5923712395172618,3,23,vax_C_0.4,vax_C,0.4
185,A,0.3295914737318481,4.706276922279822e-6,0.6704038199912302,3,23,vax_C_0.4,vax_C,0.4
185,C,0.40762072476611666,6.651313032904198e-6,0.5923726239208501,3,23,vax_C_0.4,vax_C,0.4
186,A,0.3295909277004241,4.347414279927335e-6,0.6704047248852968,3,23,vax_C_0.4,vax_C,0.4
186,C,0.4076199527163107,6.144456199271056e-6,0.5923739028274901,3,23,vax_C_0.4,vax_C,0.4
187,A,0.32959042329650123,4.015923252543146e-6,0.6704055607802453,3,23,vax_C_0.4,vax_C,0.4
187,C,0.40761923950143397,5.676222425286893e-6,0.5923750842761409,3,23,vax_C_0.4,vax_C,0.4
188,A,0.3295899573459566,3.7097152677486177e-6,0.6704063329387769,3,23,vax_C_0.4,vax_C,0.4
188,C,0.4076185806379634,5.2436688026577325e-6,0.5923761756932341,3,23,vax_C_0.4,vax_C,0.4
189,A,0.32958952691675814,3.426861214002045e-6,0.6704070462220277,3,23,vax_C_0.4,vax_C,0.4
189,C,0.40761797198403676,4.8440766291341765e-6,0.5923771839393343,3,23,vax_C_0.4,vax_C,0.4
190,A,0.32958912930050144,3.1655792556894743e-6,0.6704077051202435,3,23,vax_C_0.4,vax_C,0.4
190,C,0.40761740971341465,4.474934331783999e-6,0.5923781153522536,3,23,vax_C_0.4,vax_C,0.4
191,A,0.32958876199533993,2.9242235803899383e-6,0.6704083137810801,3,23,vax_C_0.4,vax_C,0.4
191,C,0.4076168902914328,4.133921690265823e-6,0.5923789757868768,3,23,vax_C_0.4,vax_C,0.4
192,A,0.32958842269023175,2.701274006902689e-6,0.6704088760357614,3,23,vax_C_0.4,vax_C,0.4
192,C,0.40761641045278135,3.818895261258085e-6,0.5923797706519579,3,23,vax_C_0.4,vax_C,0.4
193,A,0.32958810925037785,2.4953263880726518e-6,0.6704093954232337,3,23,vax_C_0.4,vax_C,0.4
193,C,0.40761596718098086,3.527874912641286e-6,0.5923805049441065,3,23,vax_C_0.4,vax_C,0.4
194,A,0.3295878197037799,2.305083747538593e-6,0.670409875212473,3,23,vax_C_0.4,vax_C,0.4
194,C,0.40761555768942315,3.2590313830154732e-6,0.5923811832791949,3,23,vax_C_0.4,vax_C,0.4
195,A,0.3295875522288183,2.1293480942021794e-6,0.6704103184230871,3,23,vax_C_0.4,vax_C,0.4
195,C,0.4076151794038494,3.010674788549219e-6,0.5923818099213621,3,23,vax_C_0.4,vax_C,0.4
196,A,0.32958730514278406,1.967012862523533e-6,0.6704107278443533,3,23,vax_C_0.4,vax_C,0.4
196,C,0.40761482994617443,2.781244005073915e-6,0.5923823888098199,3,23,vax_C_0.4,vax_C,0.4
197,A,0.3295870768912805,1.817055930726192e-6,0.6704111060527892,3,23,vax_C_0.4,vax_C,0.4
197,C,0.40761450711953395,2.5692968588076505e-6,0.5923829235836068,3,23,vax_C_0.4,vax_C,0.4
198,A,0.3295868660384363,1.6785331726711522e-6,0.6704114554283911,3,23,vax_C_0.4,vax_C,0.4
198,C,0.4076142088944773,2.3735010641593234e-6,0.5923834176044597,3,23,vax_C_0.4,vax_C,0.4
199,A,0.3295866712578663,1.5505725025551477e-6,0.6704117781696315,3,23,vax_C_0.4,vax_C,0.4
199,C,0.4076139333962057,2.1926258517476335e-6,0.592383873977942,3,23,vax_C_0.4,vax_C,0.4
200,A,0.32958649132431994,1.4323683747204374e-6,0.6704120763073056,3,23,vax_C_0.4,vax_C,0.4
200,C,0.4076136788927958,2.0255342340944126e-6,0.5923842955729708,3,23,vax_C_0.4,vax_C,0.4
201,A,0.32958632510596736,1.3231767037532257e-6,0.6704123517173283,3,23,vax_C_0.4,vax_C,0.4
201,C,0.40761344378429964,1.8711758604450047e-6,0.5923846850398381,3,23,vax_C_0.4,vax_C,0.4
202,A,0.32958617155727676,1.2223101727161356e-6,0.6704126061325502,3,23,vax_C_0.4,vax_C,0.4
202,C,0.40761322659270177,1.7285804158602802e-6,0.592385044826882,3,23,vax_C_0.4,vax_C,0.4
203,A,0.32958602971243034,1.1291338998243847e-6,0.6704128411536696,3,23,vax_C_0.4,vax_C,0.4
203,C,0.40761302595261406,1.5968515231371854e-6,0.5923853771958625,3,23,vax_C_0.4,vax_C,0.4
204,A,0.32958589867924654,1.0430614361506606e-6,0.670413058259317,3,23,vax_C_0.4,vax_C,0.4
204,C,0.40761284060270375,1.475161109269327e-6,0.5923856842361882,3,23,vax_C_0.4,vax_C,0.4
205,A,0.32958577763356534,9.635510690437722e-7,0.6704132588153662,3,23,vax_C_0.4,vax_C,0.4
205,C,0.4076126693777544,1.3627442010722748e-6,0.5923859678780455,3,23,vax_C_0.4,vax_C,0.4
206,A,0.32958566581405796,8.901024078847922e-7,0.670413444083534,3,23,vax_C_0.4,vax_C,0.4
206,C,0.40761251120134984,1.258894117290206e-6,0.5923862299045319,3,23,vax_C_0.4,vax_C,0.4
207,A,0.3295855625174409,8.222532305943644e-7,0.6704136152293283,3,23,vax_C_0.4,vax_C,0.4
207,C,0.40761236507910314,1.1629580269876393e-6,0.5923864719628681,3,23,vax_C_0.4,vax_C,0.4
208,A,0.329585467094045,7.595765709576735e-7,0.6704137733293839,3,23,vax_C_0.4,vax_C,0.4
208,C,0.40761223009240644,1.074332846328743e-6,0.5923866955747465,3,23,vax_C_0.4,vax_C,0.4
209,A,0.32958537894372897,7.016780283595489e-7,0.6704139193782414,3,23,vax_C_0.4,vax_C,0.4
209,C,0.40761210539265263,9.92461447970392e-7,0.5923869021458986,3,23,vax_C_0.4,vax_C,0.4
210,A,0.32958529751210547,6.481932829311446e-7,0.670414054294613,3,23,vax_C_0.4,vax_C,0.4
210,C,0.4076119901959062,9.168291592574053e-7,0.5923870929749334,3,23,vax_C_0.4,vax_C,0.4
211,A,0.3295852222870445,5.987858004102286e-7,0.6704141789271547,3,23,vax_C_0.4,vax_C,0.4
211,C,0.4076118837779731,8.469605272208943e-7,0.5923872692614988,3,23,vax_C_0.4,vax_C,0.4
212,A,0.3295851527954636,5.531447122191859e-7,0.6704142940598231,3,23,vax_C_0.4,vax_C,0.4
212,C,0.407611785469847,7.824163300571087e-7,0.5923874321138229,3,23,vax_C_0.4,vax_C,0.4
213,A,0.32958508860034047,5.109828573722129e-7,0.6704144004168024,3,23,vax_C_0.4,vax_C,0.4
213,C,0.4076116946535026,7.227908163090024e-7,0.5923875825556811,3,23,vax_C_0.4,vax_C,0.4
214,A,0.32958502929796707,4.7203497384852877e-7,0.67041449866706,3,23,vax_C_0.4,vax_C,0.4
214,C,0.40761161075801533,6.677091544046301e-7,0.5923877215328305,3,23,vax_C_0.4,vax_C,0.4
215,A,0.3295849745154094,4.360560280140104e-7,0.6704145894285624,3,23,vax_C_0.4,vax_C,0.4
215,C,0.4076115332559656,6.168250765274397e-7,0.5923878499189571,3,23,vax_C_0.4,vax_C,0.4
216,A,0.32958492390816485,4.028196715465856e-7,0.6704146732721635,3,23,vax_C_0.4,vax_C,0.4
216,C,0.4076114616601302,5.698187020136859e-7,0.5923879685211678,3,23,vax_C_0.4,vax_C,0.4
217,A,0.3295848771579885,3.7211681612687534e-7,0.670414750725195,3,23,vax_C_0.4,vax_C,0.4
217,C,0.4076113955204135,5.263945265993523e-7,0.5923880780850604,3,23,vax_C_0.4,vax_C,0.4
218,A,0.3295848339708949,3.437543169001641e-7,0.6704148222747887,3,23,vax_C_0.4,vax_C,0.4
218,C,0.4076113344210192,4.862795648808836e-7,0.5923881792994158,3,23,vax_C_0.4,vax_C,0.4
219,A,0.32958479407530805,3.175537564034579e-7,0.6704148883709363,3,23,vax_C_0.4,vax_C,0.4
219,C,0.4076112779778404,4.4922163431668174e-7,0.592388272800525,3,23,vax_C_0.4,vax_C,0.4
220,A,0.3295847572203532,2.933503212863145e-7,0.6704149494293259,3,23,vax_C_0.4,vax_C,0.4
220,C,0.40761122583603976,4.1498776998549683e-7,0.5923883591761903,3,23,vax_C_0.4,vax_C,0.4
221,A,0.3295847231742775,2.7099176474038495e-7,0.6704150058339569,3,23,vax_C_0.4,vax_C,0.4
221,C,0.4076111776678224,3.8336276013921835e-7,0.5923884389694181,3,23,vax_C_0.4,vax_C,0.4
222,A,0.3295846917229959,2.503374480940138e-7,0.6704150579395574,3,23,vax_C_0.4,vax_C,0.4
222,C,0.40761113317037156,3.541477933464062e-7,0.5923885126818345,3,23,vax_C_0.4,vax_C,0.4
223,A,0.3295846626687369,2.3125745552828423e-7,0.670415106073807,3,23,vax_C_0.4,vax_C,0.4
223,C,0.4076110920639487,3.271592087240642e-7,0.5923885807768406,3,23,vax_C_0.4,vax_C,0.4
224,A,0.32958463582880865,2.1363177633267518e-7,0.6704151505394156,3,23,vax_C_0.4,vax_C,0.4
224,C,0.4076110540901352,3.0222734140291734e-7,0.5923886436825229,3,23,vax_C_0.4,vax_C,0.4
225,A,0.3295846110344409,1.9734954954491994e-7,0.6704151916160108,3,23,vax_C_0.4,vax_C,0.4
225,C,0.407611019010202,2.791954559698691e-7,0.5923887017943426,3,23,vax_C_0.4,vax_C,0.4
226,A,0.32958458812972885,1.8230836621349134e-7,0.6704152295619051,3,23,vax_C_0.4,vax_C,0.4
226,C,0.40761098660361467,2.579187611841009e-7,0.5923887554776248,3,23,vax_C_0.4,vax_C,0.4
227,A,0.32958456697065075,1.684136248848272e-7,0.6704152646157241,3,23,vax_C_0.4,vax_C,0.4
227,C,0.4076109566666447,2.382634997740033e-7,0.5923888050698556,3,23,vax_C_0.4,vax_C,0.4
228,A,0.3295845474241617,1.555779362532986e-7,0.6704152969979025,3,23,vax_C_0.4,vax_C,0.4
228,C,0.40761092901108953,2.2010610759393407e-7,0.5923888508828019,3,23,vax_C_0.4,vax_C,0.4
229,A,0.3295845293673584,1.4372057322215552e-7,0.670415326912069,3,23,vax_C_0.4,vax_C,0.4
229,C,0.40761090346308965,2.0333243685569249e-7,0.592388893204473,3,23,vax_C_0.4,vax_C,0.4
230,A,0.329584512686704,1.3276696291017675e-7,0.670415354546333,3,23,vax_C_0.4,vax_C,0.4
230,C,0.407610879862034,1.8783703855228557e-7,0.5923889323009269,3,23,vax_C_0.4,vax_C,0.4
231,A,0.32958449727731637,1.2264821740333781e-7,0.6704153800744667,3,23,vax_C_0.4,vax_C,0.4
231,C,0.4076108580595511,1.7352249956352538e-7,0.5923889684179489,3,23,vax_C_0.4,vax_C,0.4
232,A,0.329584483042306,1.1330070029523667e-7,0.670415403656994,3,23,vax_C_0.4,vax_C,0.4
232,C,0.40761083791857633,1.60298830276751e-7,0.5923890017825936,3,23,vax_C_0.4,vax_C,0.4
233,A,0.3295844698921649,1.0466562397280978e-7,0.6704154254422102,3,23,vax_C_0.4,vax_C,0.4
233,C,0.407610819312486,1.4808289560539889e-7,0.5923890326046177,3,23,vax_C_0.4,vax_C,0.4
234,A,0.3295844577442242,9.66886913270734e-8,0.6704154455670862,3,23,vax_C_0.4,vax_C,0.4
234,C,0.4076108021243255,1.367979087417529e-7,0.592389061077766,3,23,vax_C_0.4,vax_C,0.4
235,A,0.32958444652208485,8.931972845782307e-8,0.6704154641581866,3,23,vax_C_0.4,vax_C,0.4
235,C,0.40761078624601765,1.2637291215244845e-7,0.5923890873810684,3,23,vax_C_0.4,vax_C,0.4
236,A,0.32958443615516636,8.251237911789914e-8,0.6704154813324537,3,23,vax_C_0.4,vax_C,0.4
236,C,0.4076107715777099,1.1674234579175167e-7,0.5923891116799439,3,23,vax_C_0.4,vax_C,0.4
237,A,0.32958442657828485,7.622383326874242e-8,0.6704154971978825,3,23,vax_C_0.4,vax_C,0.4
237,C,0.40761075802718194,1.0784566349044868e-7,0.5923891341271553,3,23,vax_C_0.4,vax_C,0.4
238,A,0.3295844177310979,7.041446187803226e-8,0.670415511854441,3,23,vax_C_0.4,vax_C,0.4
238,C,0.4076107455090654,9.962681675154972e-8,0.5923891548641175,3,23,vax_C_0.4,vax_C,0.4
239,A,0.32958440955846274,6.504805118254647e-8,0.6704155253934864,3,23,vax_C_0.4,vax_C,0.4
239,C,0.4076107339453494,9.203458616286068e-8,0.5923891740200645,3,23,vax_C_0.4,vax_C,0.4
240,A,0.3295844020087363,6.009068471927463e-8,0.6704155379005792,3,23,vax_C_0.4,vax_C,0.4
240,C,0.40761072326296877,8.502100077678922e-8,0.592389191716031,3,23,vax_C_0.4,vax_C,0.4
241,A,0.3295843950348124,5.551142724348847e-8,0.6704155494537598,3,23,vax_C_0.4,vax_C,0.4
241,C,0.4076107133952784,7.854230521096683e-8,0.592389208062417,3,23,vax_C_0.4,vax_C,0.4
242,A,0.3295843885868909,5.127757373644775e-8,0.670415560135535,3,23,vax_C_0.4,vax_C,0.4
242,C,0.4076107042718212,7.255224012070956e-8,0.5923892231759381,3,23,vax_C_0.4,vax_C,0.4
243,A,0.32958438264107426,4.7373430694552546e-8,0.6704155699854948,3,23,vax_C_0.4,vax_C,0.4
243,C,0.40761069585878756,6.702860757907336e-8,0.5923892371126047,3,23,vax_C_0.4,vax_C,0.4
244,A,0.32958437713713995,4.37594499344069e-8,0.6704155791034095,3,23,vax_C_0.4,vax_C,0.4
244,C,0.40761068807097484,6.191546731816023e-8,0.5923892500135572,3,23,vax_C_0.4,vax_C,0.4
245,A,0.32958437187639533,4.030515953594434e-8,0.6704155878184442,3,23,vax_C_0.4,vax_C,0.4
245,C,0.407610680627251,5.702824112787533e-8,0.5923892623445064,3,23,vax_C_0.4,vax_C,0.4
246,A,0.32958436736782165,3.734477759994668e-8,0.6704155952874,3,23,vax_C_0.4,vax_C,0.4
246,C,0.4076106742477833,5.2839757944281535e-8,0.5923892729124588,3,23,vax_C_0.4,vax_C,0.4
247,A,0.3295843631903942,3.4601838049230365e-8,0.6704156022077683,3,23,vax_C_0.4,vax_C,0.4
247,C,0.4076106683368594,4.8958901026711614e-8,0.5923892827042387,3,23,vax_C_0.4,vax_C,0.4
248,A,0.32958435931978913,3.2060369095847045e-8,0.6704156086198411,3,23,vax_C_0.4,vax_C,0.4
248,C,0.4076106628600689,4.5363076520595236e-8,0.5923892917768546,3,23,vax_C_0.4,vax_C,0.4
249,A,0.3295843557334714,2.9705572145879294e-8,0.6704156145609553,3,23,vax_C_0.4,vax_C,0.4
249,C,0.4076106577855256,4.203135002546348e-8,0.5923893001831251,3,23,vax_C_0.4,vax_C,0.4
250,A,0.32958435241056117,2.752373565366932e-8,0.6704156200657029,3,23,vax_C_0.4,vax_C,0.4
250,C,0.40761065308368644,3.894432468015562e-8,0.5923893079719901,3,23,vax_C_0.4,vax_C,0.4
251,A,0.32958434933171027,2.550215526611327e-8,0.6704156251661338,3,23,vax_C_0.4,vax_C,0.4
251,C,0.40761064872717634,3.608402823760828e-8,0.5923893151887947,3,23,vax_C_0.4,vax_C,0.4
252,A,0.32958434647899354,2.3629059833809223e-8,0.6704156298919467,3,23,vax_C_0.4,vax_C,0.4
252,C,0.4076106446906352,3.343380843344941e-8,0.5923893218755579,3,23,vax_C_0.4,vax_C,0.4
253,A,0.32958434383580243,2.1893542857970512e-8,0.6704156342706548,3,23,vax_C_0.4,vax_C,0.4
253,C,0.4076106409505595,3.097823603926053e-8,0.5923893280712031,3,23,vax_C_0.4,vax_C,0.4
254,A,0.329584341386746,2.0285498973698737e-8,0.6704156383277546,3,23,vax_C_0.4,vax_C,0.4
254,C,0.40761063748517806,2.870301503611345e-8,0.5923893338118065,3,23,vax_C_0.4,vax_C,0.4
255,A,0.3295843391175674,1.8795565099562203e-8,0.6704156420868674,3,23,vax_C_0.4,vax_C,0.4
255,C,0.4076106342743138,2.6594899385429242e-8,0.5923893391307867,3,23,vax_C_0.4,vax_C,0.4
256,A,0.32958433701505274,1.7415065910623772e-8,0.6704156455698813,3,23,vax_C_0.4,vax_C,0.4
256,C,0.4076106312992742,2.4641615912626182e-8,0.59238934405911,3,23,vax_C_0.4,vax_C,0.4
257,A,0.3295843350669632,1.6135963317255748e-8,0.6704156487970736,3,23,vax_C_0.4,vax_C,0.4
257,C,0.40761062854273866,2.283179285459963e-8,0.5923893486254681,3,23,vax_C_0.4,vax_C,0.4
258,A,0.32958433326195485,1.4950809655425324e-8,0.6704156517872354,3,23,vax_C_0.4,vax_C,0.4
258,C,0.40761062598865916,2.1154893655056836e-8,0.5923893528564468,3,23,vax_C_0.4,vax_C,0.4
259,A,0.3295843315895193,1.385270431576102e-8,0.6704156545577766,3,23,vax_C_0.4,vax_C,0.4
259,C,0.40761062362216527,1.960115562227659e-8,0.5923893567766778,3,23,vax_C_0.4,vax_C,0.4
260,A,0.3295843300399193,1.2835253558749643e-8,0.6704156571248258,3,23,vax_C_0.4,vax_C,0.4
260,C,0.4076106214294818,1.81615330921736e-8,0.5923893604089843,3,23,vax_C_0.4,vax_C,0.4
261,A,0.329584328604133,1.1892533281978614e-8,0.6704156595033339,3,23,vax_C_0.4,vax_C,0.4
261,C,0.40761061939784154,1.6827644765775144e-8,0.5923893637745151,3,23,vax_C_0.4,vax_C,0.4
262,A,0.32958432727380077,1.1019054522538839e-8,0.6704156617071448,3,23,vax_C_0.4,vax_C,0.4
262,C,0.40761061751541594,1.5591724914519427e-8,0.5923893668928586,3,23,vax_C_0.4,vax_C,0.4
263,A,0.32958432604117804,1.020973149364115e-8,0.6704156637490913,3,23,vax_C_0.4,vax_C,0.4
263,C,0.40761061577124763,1.4446578169303615e-8,0.5923893697821747,3,23,vax_C_0.4,vax_C,0.4
264,A,0.32958432489908646,9.459851969263447e-9,0.6704156656410608,3,23,vax_C_0.4,vax_C,0.4
264,C,0.4076106141551807,1.3385537630071499e-8,0.5923893724592828,3,23,vax_C_0.4,vax_C,0.4
265,A,0.32958432384087855,8.765049844326922e-9,0.670415667394071,3,23,vax_C_0.4,vax_C,0.4
265,C,0.40761061265780657,1.2402426052063599e-8,0.5923893749397668,3,23,vax_C_0.4,vax_C,0.4
266,A,0.3295843228603931,8.121279711193506e-9,0.6704156690183272,3,23,vax_C_0.4,vax_C,0.4
266,C,0.4076106112704087,1.1491519882119878e-8,0.5923893772380708,3,23,vax_C_0.4,vax_C,0.4
267,A,0.3295843219519212,7.524793311502545e-9,0.6704156705232867,3,23,vax_C_0.4,vax_C,0.4
267,C,0.40761060998490956,1.0647515928257873e-8,0.5923893793675745,3,23,vax_C_0.4,vax_C,0.4
268,A,0.3295843211101729,6.9721176793138265e-9,0.6704156719177092,3,23,vax_C_0.4,vax_C,0.4
268,C,0.4076106087938248,9.865500516786522e-9,0.5923893813406743,3,23,vax_C_0.4,vax_C,0.4
269,A,0.3295843203302485,6.460034952602625e-9,0.6704156732097163,3,23,vax_C_0.4,vax_C,0.4
269,C,0.40761060769022045,9.140920850981927e-9,0.592389383168859,3,23,vax_C_0.4,vax_C,0.4
270,A,0.32958431960760703,5.98556362345735e-9,0.6704156744068285,3,23,vax_C_0.4,vax_C,0.4
270,C,0.4076106066676715,8.469558517678756e-9,0.5923893848627705,3,23,vax_C_0.4,vax_C,0.4
271,A,0.3295843189380409,5.545941177171979e-9,0.6704156755160174,3,23,vax_C_0.4,vax_C,0.4
271,C,0.40761060572022384,7.84750492823722e-9,0.5923893864322715,3,23,vax_C_0.4,vax_C,0.4
272,A,0.32958431831765295,5.138608006606541e-9,0.6704156765437385,3,23,vax_C_0.4,vax_C,0.4
272,C,0.40761060484236206,7.271138563262888e-9,0.5923893878864989,3,23,vax_C_0.4,vax_C,0.4
273,A,0.3295843177428304,4.761192508132986e-9,0.6704156774959779,3,23,vax_C_0.4,vax_C,0.4
273,C,0.4076106040289766,6.737103888602565e-9,0.5923893892339213,3,23,vax_C_0.4,vax_C,0.4
274,A,0.32958431721022596,4.411497272366598e-9,0.670415678378278,3,23,vax_C_0.4,vax_C,0.4
274,C,0.4076106032753301,6.242291819867776e-9,0.592389390482378,3,23,vax_C_0.4,vax_C,0.4
275,A,0.3295843167167392,4.087486289259671e-9,0.670415679195773,3,23,vax_C_0.4,vax_C,0.4
275,C,0.40761060257703596,5.78382162175413e-9,0.5923893916391426,3,23,vax_C_0.4,vax_C,0.4
276,A,0.32958431625949824,3.7872730930431e-9,0.6704156799532283,3,23,vax_C_0.4,vax_C,0.4
276,C,0.40761060193002874,5.35902413677672e-9,0.5923893927109477,3,23,vax_C_0.4,vax_C,0.4
277,A,0.3295843158358391,3.509109777975201e-9,0.6704156806550502,3,23,vax_C_0.4,vax_C,0.4
277,C,0.4076106013305416,4.965426245782361e-9,0.5923893937040329,3,23,vax_C_0.4,vax_C,0.4
278,A,0.329584315443297,3.2513768209298328e-9,0.6704156813053258,3,23,vax_C_0.4,vax_C,0.4
278,C,0.40761060077508376,4.600736469769682e-9,0.5923893946241808,3,23,vax_C_0.4,vax_C,0.4
279,A,0.32958431507958585,3.012573651554645e-9,0.6704156819078412,3,23,vax_C_0.4,vax_C,0.4
279,C,0.407610600260422,4.2628316291934884e-9,0.592389395476746,3,23,vax_C_0.4,vax_C,0.4
280,A,0.32958431474258737,2.791309915084852e-9,0.6704156824661026,3,23,vax_C_0.4,vax_C,0.4
280,C,0.40761059978356046,3.949744483085555e-9,0.5923893962666951,3,23,vax_C_0.4,vax_C,0.4
281,A,0.3295843144303405,2.586297376931963e-9,0.6704156829833626,3,23,vax_C_0.4,vax_C,0.4
281,C,0.4076105993417224,3.6596522760288e-9,0.5923893969986258,3,23,vax_C_0.4,vax_C,0.4
282,A,0.32958431414102685,2.3963424219046297e-9,0.6704156834626314,3,23,vax_C_0.4,vax_C,0.4
282,C,0.4076105989323348,3.3908661263069833e-9,0.5923893976767987,3,23,vax_C_0.4,vax_C,0.4
283,A,0.3295843138729619,2.220339104382263e-9,0.6704156839066991,3,23,vax_C_0.4,vax_C,0.4
283,C,0.4076105985530154,3.141821193449267e-9,0.5923893983051624,3,23,vax_C_0.4,vax_C,0.4
284,A,0.3295843136245856,2.0572627089704818e-9,0.6704156843181509,3,23,vax_C_0.4,vax_C,0.4
284,C,0.4076105982015556,2.91106756792644e-9,0.5923893988873773,3,23,vax_C_0.4,vax_C,0.4
285,A,0.329584313394452,1.9061637841407154e-9,0.670415684699384,3,23,vax_C_0.4,vax_C,0.4
285,C,0.40761059787590914,2.697261829960005e-9,0.5923893994268284,3,23,vax_C_0.4,vax_C,0.4
286,A,0.3295843131812209,1.7661626140217512e-9,0.6704156850526162,3,23,vax_C_0.4,vax_C,0.4
286,C,0.4076105975741807,2.499159228349412e-9,0.5923893999266613,3,23,vax_C_0.4,vax_C,0.4
287,A,0.3295843129836503,1.6364440951302428e-9,0.6704156853799055,3,23,vax_C_0.4,vax_C,0.4
287,C,0.4076105972946112,2.315606434344324e-9,0.5923894003897819,3,23,vax_C_0.4,vax_C,0.4
288,A,0.32958431280059153,1.516252994930901e-9,0.6704156856831566,3,23,vax_C_0.4,vax_C,0.4
288,C,0.40761059703557617,2.1455348247198484e-9,0.5923894008188896,3,23,vax_C_0.4,vax_C,0.4
289,A,0.3295843126309764,1.404889549692307e-9,0.6704156859641326,3,23,vax_C_0.4,vax_C,0.4
289,C,0.40761059679556644,1.9879542629989502e-9,0.5923894012164803,3,23,vax_C_0.4,vax_C,0.4
290,A,0.32958431247382014,1.3017053919867517e-9,0.6704156862244761,3,23,vax_C_0.4,vax_C,0.4
290,C,0.4076105965731828,1.8419473340680916e-9,0.5923894015848689,3,23,vax_C_0.4,vax_C,0.4
291,A,0.3295843123282053,1.2060997756755412e-9,0.6704156864656942,3,23,vax_C_0.4,vax_C,0.4
291,C,0.4076105963671335,1.706664003099904e-9,0.592389401926202,3,23,vax_C_0.4,vax_C,0.4
292,A,0.32958431219328604,1.1175160781719244e-9,0.6704156866891979,3,23,vax_C_0.4,vax_C,0.4
292,C,0.4076105961762181,1.581316666755235e-9,0.5923894022424654,3,23,vax_C_0.4,vax_C,0.4
293,A,0.3295843120682757,1.0354385596146067e-9,0.6704156868962858,3,23,vax_C_0.4,vax_C,0.4
293,C,0.4076105959993242,1.4651755678534277e-9,0.5923894025355008,3,23,vax_C_0.4,vax_C,0.4
294,A,0.32958431195244686,9.59389360081168e-10,0.6704156870881637,3,23,vax_C_0.4,vax_C,0.4
294,C,0.4076105958354223,1.3575645468156653e-9,0.592389402807014,3,23,vax_C_0.4,vax_C,0.4
295,A,0.3295843118451254,8.889257173566916e-10,0.6704156872659487,3,23,vax_C_0.4,vax_C,0.4
295,C,0.40761059568355806,1.2578571051467731e-9,0.5923894030585853,3,23,vax_C_0.4,vax_C,0.4
296,A,0.32958431174568653,8.236373890573389e-10,0.6704156874306765,3,23,vax_C_0.4,vax_C,0.4
296,C,0.40761059554284745,1.1654727580376372e-9,0.5923894032916793,3,23,vax_C_0.4,vax_C,0.4
297,A,0.32958431165355123,7.631442640986006e-10,0.6704156875833054,3,23,vax_C_0.4,vax_C,0.4
297,C,0.4076105954124718,1.0798736548535528e-9,0.5923894035076539,3,23,vax_C_0.4,vax_C,0.4
298,A,0.32958431156818196,7.070941496005063e-10,0.6704156877247234,3,23,vax_C_0.4,vax_C,0.4
298,C,0.4076105952916721,1.000561447833412e-9,0.5923894037077663,3,23,vax_C_0.4,vax_C,0.4
299,A,0.32958431148908335,6.551607203437126e-10,0.6704156878557564,3,23,vax_C_0.4,vax_C,0.4
299,C,0.40761059517974463,9.270743907697208e-10,0.5923894038931812,3,23,vax_C_0.4,vax_C,0.4
300,A,0.3295843114157938,6.07041618836826e-10,0.6704156879771644,3,23,vax_C_0.4,vax_C,0.4
300,C,0.407610595076038,8.589846507783145e-10,0.5923894040649793,3,23,vax_C_0.4,vax_C,0.4
301,A,0.32958431134788785,5.624566949324799e-10,0.6704156880896558,3,23,vax_C_0.4,vax_C,0.4
301,C,0.40761059497994595,7.958958175072492e-10,0.5923894042241572,3,23,vax_C_0.4,vax_C,0.4
302,A,0.3295843112849685,5.211463747421115e-10,0.6704156881938845,3,23,vax_C_0.4,vax_C,0.4
302,C,0.40761059489091367,7.374405952838065e-10,0.5923894043716452,3,23,vax_C_0.4,vax_C,0.4
303,A,0.3295843112266708,4.828701493523948e-10,0.6704156882904598,3,23,vax_C_0.4,vax_C,0.4
303,C,0.40761059480842,6.832786647635421e-10,0.5923894045083015,3,23,vax_C_0.4,vax_C,0.4
304,A,0.3295843111726549,4.4740517454380697e-10,0.6704156883799405,3,23,vax_C_0.4,vax_C,0.4
304,C,0.40761059473198474,6.330947016322367e-10,0.5923894046349207,3,23,vax_C_0.4,vax_C,0.4
305,A,0.32958431112260594,4.1454497335820994e-10,0.6704156884628483,3,23,vax_C_0.4,vax_C,0.4
305,C,0.4076105946611642,5.865965408258319e-10,0.592389404752239,3,23,vax_C_0.4,vax_C,0.4
306,A,0.32958431107623304,3.8409823396594146e-10,0.670415688539668,3,23,vax_C_0.4,vax_C,0.4
306,C,0.40761059459554483,5.435134755355716e-10,0.5923894048609428,3,23,vax_C_0.4,vax_C,0.4
307,A,0.32958431103326585,3.558876958873744e-10,0.6704156886108463,3,23,vax_C_0.4,vax_C,0.4
307,C,0.40761059453474435,5.035946805763129e-10,0.5923894049616614,3,23,vax_C_0.4,vax_C,0.4
308,A,0.32958431099345464,3.297491177100117e-10,0.6704156886767956,3,23,vax_C_0.4,vax_C,0.4
308,C,0.40761059447840925,4.666077543229393e-10,0.5923894050549826,3,23,vax_C_0.4,vax_C,0.4
309,A,0.3295843109565676,3.055303211522762e-10,0.6704156887379025,3,23,vax_C_0.4,vax_C,0.4
309,C,0.4076105944262125,4.323373632776356e-10,0.5923894051414499,3,23,vax_C_0.4,vax_C,0.4
310,A,0.3295843109223895,2.83090304951945e-10,0.6704156887945198,3,23,vax_C_0.4,vax_C,0.4
310,C,0.4076105943778484,4.005839892865524e-10,0.5923894052215665,3,23,vax_C_0.4,vax_C,0.4
311,A,0.3295843108907215,2.622984239434238e-10,0.6704156888469797,3,23,vax_C_0.4,vax_C,0.4
311,C,0.40761059433303765,3.711627679691248e-10,0.5923894052957999,3,23,vax_C_0.4,vax_C,0.4
312,A,0.3295843108613796,2.430336284302345e-10,0.670415688895586,3,23,vax_C_0.4,vax_C,0.4
312,C,0.40761059429151797,3.4390241245988e-10,0.592389405364581,3,23,vax_C_0.4,vax_C,0.4
313,A,0.3295843108341936,2.25183759424099e-10,0.670415688940625,3,23,vax_C_0.4,vax_C,0.4
313,C,0.4076105942530469,3.1864421619688243e-10,0.5923894054283094,3,23,vax_C_0.4,vax_C,0.4
314,A,0.32958431080900225,2.086448956472566e-10,0.670415688982352,3,23,vax_C_0.4,vax_C,0.4
314,C,0.40761059421740214,2.9524112895117275e-10,0.5923894054873574,3,23,vax_C_0.4,vax_C,0.4
315,A,0.32958431078566275,1.9332074849607327e-10,0.6704156890210167,3,23,vax_C_0.4,vax_C,0.4
315,C,0.4076105941843744,2.7355690071796183e-10,0.5923894055420688,3,23,vax_C_0.4,vax_C,0.4
316,A,0.3295843107640365,1.7912210144322536e-10,0.6704156890568407,3,23,vax_C_0.4,vax_C,0.4
316,C,0.40761059415377265,2.53465288485419e-10,0.5923894055927612,3,23,vax_C_0.4,vax_C,0.4
317,A,0.32958431074399974,1.6596629061452112e-10,0.6704156890900347,3,23,vax_C_0.4,vax_C,0.4
317,C,0.40761059412541945,2.3484932126295667e-10,0.5923894056397319,3,23,vax_C_0.4,vax_C,0.4
318,A,0.32958431072543387,1.537767235161211e-10,0.6704156891207894,3,23,vax_C_0.4,vax_C,0.4
318,C,0.40761059409914735,2.176006190901046e-10,0.5923894056832517,3,23,vax_C_0.4,vax_C,0.4
319,A,0.3295843107082313,1.4248243311008146e-10,0.6704156891492855,3,23,vax_C_0.4,vax_C,0.4
319,C,0.4076105940748057,2.0161876206132143e-10,0.5923894057235748,3,23,vax_C_0.4,vax_C,0.4
320,A,0.32958431069229294,1.32017664641935e-10,0.6704156891756898,3,23,vax_C_0.4,vax_C,0.4
320,C,0.4076105940522517,1.868107056932862e-10,0.5923894057609377,3,23,vax_C_0.4,vax_C,0.4
321,A,0.32958431067752414,1.223214928147295e-10,0.6704156892001537,3,23,vax_C_0.4,vax_C,0.4
321,C,0.407610594031354,1.7309023923100583e-10,0.5923894057955548,3,23,vax_C_0.4,vax_C,0.4
322,A,0.3295843106638416,1.1333746708063182e-10,0.6704156892228216,3,23,vax_C_0.4,vax_C,0.4
322,C,0.4076105940119917,1.603774837390727e-10,0.5923894058276313,3,23,vax_C_0.4,vax_C,0.4
323,A,0.3295843106511625,1.0501328298491222e-10,0.670415689243824,3,23,vax_C_0.4,vax_C,0.4
323,C,0.4076105939940504,1.4859842705600883e-10,0.592389405857351,3,23,vax_C_0.4,vax_C,0.4
324,A,0.32958431063941557,9.730047764881826e-11,0.6704156892632838,3,23,vax_C_0.4,vax_C,0.4
324,C,0.40761059397742816,1.376844929042683e-10,0.5923894058848878,3,23,vax_C_0.4,vax_C,0.4
325,A,0.32958431062853055,9.015414761837717e-11,0.670415689281315,3,23,vax_C_0.4,vax_C,0.4
325,C,0.4076105939620256,1.2757214164730222e-10,0.5923894059104025,3,23,vax_C_0.4,vax_C,0.4
326,A,0.32958431061844584,8.353268743326753e-11,0.670415689298022,3,23,vax_C_0.4,vax_C,0.4
326,C,0.40761059394775445,1.1820250037639508e-10,0.5923894059340417,3,23,vax_C_0.4,vax_C,0.4
327,A,0.32958431060910215,7.739754735777209e-11,0.6704156893135014,3,23,vax_C_0.4,vax_C,0.4
327,C,0.4076105939345324,1.0952102025480007e-10,0.5923894059559469,3,23,vax_C_0.4,vax_C,0.4
328,A,0.3295843106004433,7.171300910178623e-11,0.6704156893278436,3,23,vax_C_0.4,vax_C,0.4
328,C,0.4076105939222805,1.0147715859517591e-10,0.5923894059762431,3,23,vax_C_0.4,vax_C,0.4
329,A,0.3295843105924213,6.644597769242252e-11,0.6704156893411327,3,23,vax_C_0.4,vax_C,0.4
329,C,0.40761059391092924,9.402408498461564e-11,0.5923894059950475,3,23,vax_C_0.4,vax_C,0.4
330,A,0.329584310584989,6.156578886060981e-11,0.670415689353447,3,23,vax_C_0.4,vax_C,0.4
330,C,0.4076105939004116,8.711840850839871e-11,0.592389406012472,3,23,vax_C_0.4,vax_C,0.4
331,A,0.32958431057810095,5.704403051429602e-11,0.6704156893648543,3,23,vax_C_0.4,vax_C,0.4
331,C,0.4076105938906649,8.071992513322347e-11,0.5923894060286141,3,23,vax_C_0.4,vax_C,0.4
332,A,0.32958431057172005,5.285437732388775e-11,0.6704156893754255,3,23,vax_C_0.4,vax_C,0.4
332,C,0.4076105938816363,7.47913836440844e-11,0.5923894060435735,3,23,vax_C_0.4,vax_C,0.4
333,A,0.32958431056580756,4.8972437456868135e-11,0.6704156893852201,3,23,vax_C_0.4,vax_C,0.4
333,C,0.4076105938732686,6.929826877210631e-11,0.5923894060574324,3,23,vax_C_0.4,vax_C,0.4
334,A,0.3295843105603293,4.537561056926684e-11,0.6704156893942956,3,23,vax_C_0.4,vax_C,0.4
334,C,0.4076105938655169,6.42086002507339e-11,0.5923894060702739,3,23,vax_C_0.4,vax_C,0.4
335,A,0.3295843105552538,4.204295622719799e-11,0.6704156894027038,3,23,vax_C_0.4,vax_C,0.4
335,C,0.40761059385833437,5.949274663040214e-11,0.5923894060821725,3,23,vax_C_0.4,vax_C,0.4
336,A,0.32958431055054993,3.895507199240595e-11,0.6704156894104952,3,23,vax_C_0.4,vax_C,0.4
336,C,0.4076105938516791,5.5123252767743093e-11,0.5923894060931975,3,23,vax_C_0.4,vax_C,0.4
337,A,0.3295843105461928,3.6093980462025155e-11,0.6704156894177138,3,23,vax_C_0.4,vax_C,0.4
337,C,0.40761059384551324,5.107467998498755e-11,0.5923894061034132,3,23,vax_C_0.4,vax_C,0.4
338,A,0.3295843105421551,3.344302460489243e-11,0.6704156894244029,3,23,vax_C_0.4,vax_C,0.4
338,C,0.4076105938397994,4.732345796899277e-11,0.5923894061128776,3,23,vax_C_0.4,vax_C,0.4
339,A,0.329584310538414,3.0986770785055694e-11,0.6704156894306001,3,23,vax_C_0.4,vax_C,0.4
339,C,0.40761059383450604,4.384774754766558e-11,0.5923894061216471,3,23,vax_C_0.4,vax_C,0.4
340,A,0.3295843105349468,2.871091890787617e-11,0.6704156894363416,3,23,vax_C_0.4,vax_C,0.4
340,C,0.4076105938296008,4.0627313544885085e-11,0.5923894061297728,3,23,vax_C_0.4,vax_C,0.4
341,A,0.32958431053173604,2.6602219165591974e-11,0.6704156894416624,3,23,vax_C_0.4,vax_C,0.4
341,C,0.40761059382505666,3.764340697370012e-11,0.5923894061373017,3,23,vax_C_0.4,vax_C,0.4
342,A,0.32958431052875975,2.464839489763229e-11,0.6704156894465915,3,23,vax_C_0.4,vax_C,0.4
342,C,0.40761059382084497,3.487865588194291e-11,0.5923894061442759,3,23,vax_C_0.4,vax_C,0.4
343,A,0.32958431052600257,2.2838071116574137e-11,0.6704156894511595,3,23,vax_C_0.4,vax_C,0.4
343,C,0.4076105938169432,3.2316964214777746e-11,0.5923894061507402,3,23,vax_C_0.4,vax_C,0.4
344,A,0.3295843105234476,2.116070828361596e-11,0.6704156894553911,3,23,vax_C_0.4,vax_C,0.4
344,C,0.4076105938133282,2.9943418105371415e-11,0.5923894061567286,3,23,vax_C_0.4,vax_C,0.4
345,A,0.3295843105210804,1.9606540948010252e-11,0.670415689459313,3,23,vax_C_0.4,vax_C,0.4
345,C,0.407610593809978,2.7744199048123478e-11,0.592389406162277,3,23,vax_C_0.4,vax_C,0.4
346,A,0.329584310518887,1.816652089395538e-11,0.6704156894629462,3,23,vax_C_0.4,vax_C,0.4
346,C,0.4076105938068747,2.5706503449452026e-11,0.5923894061674191,3,23,vax_C_0.4,vax_C,0.4
347,A,0.329584310516855,1.6832264472504213e-11,0.6704156894663121,3,23,vax_C_0.4,vax_C,0.4
347,C,0.4076105938039993,2.3818468093439517e-11,0.5923894061721824,3,23,vax_C_0.4,vax_C,0.4
348,A,0.32958431051497233,1.5596003755891224e-11,0.6704156894694319,3,23,vax_C_0.4,vax_C,0.4
348,C,0.40761059380133485,2.2069101051449703e-11,0.5923894061765963,3,23,vax_C_0.4,vax_C,0.4
349,A,0.32958431051322745,1.44505413534465e-11,0.670415689472322,3,23,vax_C_0.4,vax_C,0.4
349,C,0.4076105937988663,2.044821771482867e-11,0.5923894061806867,3,23,vax_C_0.4,vax_C,0.4
350,A,0.3295843105116112,1.3389208494451316e-11,0.6704156894749999,3,23,vax_C_0.4,vax_C,0.4
350,C,0.4076105937965784,1.8946381491898074e-11,0.5923894061844758,3,23,vax_C_0.4,vax_C,0.4
351,A,0.3295843105101134,1.24058262030307e-11,0.6704156894774811,3,23,vax_C_0.4,vax_C,0.4
351,C,0.40761059379445863,1.755484886923232e-11,0.5923894061879852,3,23,vax_C_0.4,vax_C,0.4
352,A,0.3295843105087249,1.1494669324607188e-11,0.6704156894797801,3,23,vax_C_0.4,vax_C,0.4
352,C,0.4076105937924954,1.6265518507955588e-11,0.5923894061912396,3,23,vax_C_0.4,vax_C,0.4
353,A,0.3295843105074395,1.0650433194478474e-11,0.6704156894819102,3,23,vax_C_0.4,vax_C,0.4
353,C,0.4076105937906756,1.5070884078702793e-11,0.5923894061942537,3,23,vax_C_0.4,vax_C,0.4
354,A,0.32958431050624826,9.868202754464204e-12,0.6704156894838836,3,23,vax_C_0.4,vax_C,0.4
354,C,0.4076105937889901,1.3963990560656082e-11,0.5923894061970469,3,23,vax_C_0.4,vax_C,0.4
355,A,0.3295843105051441,9.14342393781991e-12,0.6704156894857123,3,23,vax_C_0.4,vax_C,0.4
355,C,0.4076105937874276,1.2938393750234318e-11,0.5923894061996342,3,23,vax_C_0.4,vax_C,0.4
356,A,0.3295843105041218,8.471877155822074e-12,0.6704156894874079,3,23,vax_C_0.4,vax_C,0.4
356,C,0.40761059378598036,1.1988122743700343e-11,0.5923894062020322,3,23,vax_C_0.4,vax_C,0.4
357,A,0.3295843105031738,7.84965273166347e-12,0.670415689488977,3,23,vax_C_0.4,vax_C,0.4
357,C,0.4076105937846395,1.1107645175263862e-11,0.5923894062042536,3,23,vax_C_0.4,vax_C,0.4
358,A,0.3295843105022951,7.2731281386364576e-12,0.6704156894904302,3,23,vax_C_0.4,vax_C,0.4
358,C,0.40761059378339703,1.0291835008300777e-11,0.5923894062063115,3,23,vax_C_0.4,vax_C,0.4
359,A,0.32958431050148224,6.738946910085335e-12,0.6704156894917795,3,23,vax_C_0.4,vax_C,0.4
359,C,0.4076105937822452,9.535942692172626e-12,0.5923894062082186,3,23,vax_C_0.4,vax_C,0.4
360,A,0.32958431050072795,6.243999098342272e-12,0.6704156894930278,3,23,vax_C_0.4,vax_C,0.4
360,C,0.4076105937811785,8.8355675109033e-12,0.5923894062099859,3,23,vax_C_0.4,vax_C,0.4
361,A,0.3295843105000298,5.7854031688800786e-12,0.6704156894941856,3,23,vax_C_0.4,vax_C,0.4
361,C,0.40761059378019077,8.186631962729696e-12,0.5923894062116231,3,23,vax_C_0.4,vax_C,0.4
362,A,0.32958431049938275,5.3604892242698066e-12,0.6704156894952578,3,23,vax_C_0.4,vax_C,0.4
362,C,0.40761059377927505,7.58535802136763e-12,0.5923894062131413,3,23,vax_C_0.4,vax_C,0.4
363,A,0.32958431049878306,4.966783460274214e-12,0.6704156894962506,3,23,vax_C_0.4,vax_C,0.4
363,C,0.4076105937784262,7.028245140788367e-12,0.592389406214546,3,23,vax_C_0.4,vax_C,0.4
364,A,0.3295843104982273,4.601993763581238e-12,0.6704156894971712,3,23,vax_C_0.4,vax_C,0.4
364,C,0.4076105937776403,6.512049875452756e-12,0.592389406215849,3,23,vax_C_0.4,vax_C,0.4
365,A,0.3295843104977123,4.2639963673281106e-12,0.6704156894980233,3,23,vax_C_0.4,vax_C,0.4
365,C,0.4076105937769108,6.0337669973537094e-12,0.5923894062170542,3,23,vax_C_0.4,vax_C,0.4
0,A,0.999,0.0010000000000000002,0,4,23,vax_C_0.4,vax_C,0.4
0,C,0.9990000000000002,0.0010000000000000005,0,4,23,vax_C_0.4,vax_C,0.4
1,A,0.9985573878981793,0.0012210029049062598,2.2160919691345603e-4,4,23,vax_C_0.4,vax_C,0.4
1,C,0.9986402178654362,0.0011454877692153491,2.1429436534842737e-4,4,23,vax_C_0.4,vax_C,0.4
2,A,0.9980378247436956,0.001471727742895086,4.904475134105816e-4,4,23,vax_C_0.4,vax_C,0.4
2,C,0.9982332622851269,0.0013074091781788127,4.5932853669642255e-4,4,23,vax_C_0.4,vax_C,0.4
3,A,0.9974369193250808,0.0017508111917813886,8.122694831375126e-4,4,23,vax_C_0.4,vax_C,0.4
3,C,0.9977748297014359,0.0014867025444539111,7.384677541100122e-4,4,23,vax_C_0.4,vax_C,0.4
4,A,0.996746972365045,0.0020600738731677928,0.0011929537617880541,4,23,vax_C_0.4,vax_C,0.4
4,C,0.9972594420067789,0.0016851589384795495,0.0010553990547416947,4,23,vax_C_0.4,vax_C,0.4
5,A,0.9959572942966138,0.002403758115458422,0.0016389475879280365,4,23,vax_C_0.4,vax_C,0.4
5,C,0.9966805692204063,0.001905231407117204,0.0014141993724768873,4,23,vax_C_0.4,vax_C,0.4
6,A,0.9950550499381139,0.0027874060523793063,0.0021575440095059207,4,23,vax_C_0.4,vax_C,0.4
6,C,0.9960308095394983,0.002149801520320194,0.0018193889401814578,4,23,vax_C_0.4,vax_C,0.4
7,A,0.9940249867406816,0.003217585345636807,0.0027574279136837096,4,23,vax_C_0.4,vax_C,0.4
7,C,0.9953015499622475,0.002422223319873072,0.002276226717880895,4,23,vax_C_0.4,vax_C,0.4
8,A,0.9928500473808684,0.00370135694854785,0.003448595670583943,4,23,vax_C_0.4,vax_C,0.4
8,C,0.9944831874704254,0.002726171172305714,0.002790641357269189,4,23,vax_C_0.4,vax_C,0.4
9,A,0.9915109015935423,0.004246354025282065,0.004242744381175231,4,23,vax_C_0.4,vax_C,0.4
9,C,0.9935647991179034,0.0030657305413394876,0.0033694703407560803,4,23,vax_C_0.4,vax_C,0.4
10,A,0.9899865963678983,0.004860512919423122,0.005152890712679058,4,23,vax_C_0.4,vax_C,0.4
10,C,0.9925344883144209,0.003445255276390847,0.00402025640918874,4,23,vax_C_0.4,vax_C,0.4
11,A,0.988254846365307,0.005552007059244582,0.0061931465754476054,4,23,vax_C_0.4,vax_C,0.4
11,C,0.991379548269686,0.0038693120394832966,0.004751139690831306,4,23,vax_C_0.4,vax_C,0.4
12,A,0.9862900572757736,0.006329949504338084,0.007379993219887465,4,23,vax_C_0.4,vax_C,0.4
12,C,0.9900853188665553,0.004343078118003073,0.00557160301544285,4,23,vax_C_0.4,vax_C,0.4
13,A,0.9840641418530409,0.007204065224046467,0.008731792922913812,4,23,vax_C_0.4,vax_C,0.4
13,C,0.9886356263096001,0.004872168097841562,0.0064922055925583895,4,23,vax_C_0.4,vax_C,0.4
14,A,0.9815467660351063,0.008184570929339281,0.010268663035555197,4,23,vax_C_0.4,vax_C,0.4
14,C,0.9870128884402464,0.00546258043440962,0.0075245311253434805,4,23,vax_C_0.4,vax_C,0.4
15,A,0.9787039644612635,0.009282614122479778,0.012013421416257431,4,23,vax_C_0.4,vax_C,0.4
15,C,0.9851972747248589,0.006120972999217989,0.008681752275923882,4,23,vax_C_0.4,vax_C,0.4
16,A,0.9754945828649848,0.010511183856984622,0.013994233278031443,4,23,vax_C_0.4,vax_C,0.4
16,C,0.9831644582887664,0.0068553234132026795,0.009980218298032657,4,23,vax_C_0.4,vax_C,0.4
17,A,0.9718957921606851,0.011877361272364701,0.016226846566950608,4,23,vax_C_0.4,vax_C,0.4
17,C,0.9809008697581357,0.007670036643059133,0.011429093598804485,4,23,vax_C_0.4,vax_C,0.4
18,A,0.9678497589465911,0.013398292317578492,0.018751948735829874,4,23,vax_C_0.4,vax_C,0.4
18,C,0.9783715839271825,0.008576163746607546,0.01305225232621063,4,23,vax_C_0.4,vax_C,0.4
19,A,0.9633174608194573,0.015084702742568096,0.021597836437975523,4,23,vax_C_0.4,vax_C,0.4
19,C,0.9755524174949894,0.009581056550160623,0.014866525954850456,4,23,vax_C_0.4,vax_C,0.4
20,A,0.9582527802149929,0.01694861601977832,0.024798603765228862,4,23,vax_C_0.4,vax_C,0.4
20,C,0.9724142628651485,0.010693334518612973,0.016892402616240438,4,23,vax_C_0.4,vax_C,0.4
21,A,0.952609040278558,0.01900116392717392,0.02838979579426851,4,23,vax_C_0.4,vax_C,0.4
21,C,0.9689268274910734,0.01192160387677325,0.019151568632153317,4,23,vax_C_0.4,vax_C,0.4
22,A,0.9463346186706915,0.02125344602106897,0.03241193530823963,4,23,vax_C_0.4,vax_C,0.4
22,C,0.9650555757742707,0.013275256894486706,0.0216691673312429,4,23,vax_C_0.4,vax_C,0.4
23,A,0.9393805424107667,0.02371422553382543,0.03690523205540738,4,23,vax_C_0.4,vax_C,0.4
23,C,0.9607662344479225,0.014763009720897927,0.024470755831179223,4,23,vax_C_0.4,vax_C,0.4
24,A,0.9316975380703756,0.02639036772812479,0.041912094201500265,4,23,vax_C_0.4,vax_C,0.4
24,C,0.9560226200545225,0.016393405119118857,0.027583974826358316,4,23,vax_C_0.4,vax_C,0.4
25,A,0.9232381683436037,0.029285643129437124,0.047476188526958854,4,23,vax_C_0.4,vax_C,0.4
25,C,0.9507873857899458,0.018174324295476666,0.031038289914578007,4,23,vax_C_0.4,vax_C,0.4
26,A,0.9139592543939731,0.032400039620438865,0.05364070598558728,4,23,vax_C_0.4,vax_C,0.4
26,C,0.9450234575506301,0.02011248615678878,0.03486405629258066,4,23,vax_C_0.4,vax_C,0.4
27,A,0.9038206596314069,0.035729271958625713,0.06045006840996776,4,23,vax_C_0.4,vax_C,0.4
27,C,0.9386925203101697,0.022213531310736605,0.03909394837909324,4,23,vax_C_0.4,vax_C,0.4
28,A,0.8927904091000792,0.039263636961655,0.0679459539382661,4,23,vax_C_0.4,vax_C,0.4
28,C,0.9317583638624108,0.024480999479291585,0.04376063665829776,4,23,vax_C_0.4,vax_C,0.4
29,A,0.8808443386402016,0.042987570455571805,0.07616809090422669,4,23,vax_C_0.4,vax_C,0.4
29,C,0.9241862089928323,0.02691621976759998,0.04889757123956928,4,23,vax_C_0.4,vax_C,0.4
30,A,0.8679698247123738,0.04687777206157475,0.0851524032260511,4,23,vax_C_0.4,vax_C,0.4
30,C,0.9159441855805829,0.029517275685141352,0.0545385387342749,4,23,vax_C_0.4,vax_C,0.4
31,A,0.8541667855388394,0.05090413651810875,0.09492907794305061,4,23,vax_C_0.4,vax_C,0.4
31,C,0.9070050362777059,0.032278819301749674,0.06071614442054626,4,23,vax_C_0.4,vax_C,0.4
32,A,0.8394488079092031,0.05503072222125132,0.10552046986954487,4,23,vax_C_0.4,vax_C,0.4
32,C,0.8973480866669576,0.03519181087191407,0.06746010246112928,4,23,vax_C_0.4,vax_C,0.4
33,A,0.8238454226582085,0.05921083858366921,0.1169437387581224,4,23,vax_C_0.4,vax_C,0.4
33,C,0.8869568179781384,0.03824198246378769,0.07480119955807177,4,23,vax_C_0.4,vax_C,0.4
34,A,0.8074025756707794,0.06339334254379722,0.12920408178542311,4,23,vax_C_0.4,vax_C,0.4
34,C,0.8758249423103971,0.04141057844500874,0.08276447924459404,4,23,vax_C_0.4,vax_C,0.4
35,A,0.790182487682071,0.06752061196327631,0.14229690035465317,4,23,vax_C_0.4,vax_C,0.4
35,C,0.8639547751303384,0.04467366265580917,0.09137156221385151,4,23,vax_C_0.4,vax_C,0.4
36,A,0.7722664970979705,0.07152943715631817,0.15620406574571072,4,23,vax_C_0.4,vax_C,0.4
36,C,0.8513605404726798,0.04800111844720453,0.10063834108011617,4,23,vax_C_0.4,vax_C,0.4
37,A,0.7537498640640754,0.07535496671978681,0.17089516921613698,4,23,vax_C_0.4,vax_C,0.4
37,C,0.83806767264816,0.05135818765988143,0.11057413969195876,4,23,vax_C_0.4,vax_C,0.4
38,A,0.7347359383980836,0.07893510793079762,0.1863289536711182,4,23,vax_C_0.4,vax_C,0.4
38,C,0.824111891350307,0.054707301775017175,0.12118080687467501,4,23,vax_C_0.4,vax_C,0.4
39,A,0.7153487602231148,0.08220284668621537,0.20244839309066898,4,23,vax_C_0.4,vax_C,0.4
39,C,0.8095435711413469,0.05800334108491605,0.13245308777373715,4,23,vax_C_0.4,vax_C,0.4
40,A,0.695714488579853,0.08510025803686584,0.21918525338328274,4,23,vax_C_0.4,vax_C,0.4
40,C,0.794424137812406,0.06120039189408244,0.14437547029351017,4,23,vax_C_0.4,vax_C,0.4
41,A,0.6759636846490833,0.08757581483089667,0.2364605005200202,4,23,vax_C_0.4,vax_C,0.4
41,C,0.7788258267645181,0.0642508003129735,0.15692337292250794,4,23,vax_C_0.4,vax_C,0.4
42,A,0.6562296809025919,0.08958577034560374,0.25418454875180374,4,23,vax_C_0.4,vax_C,0.4
42,C,0.7628315434679229,0.06710599228544399,0.1700624642466346,4,23,vax_C_0.4,vax_C,0.4
43,A,0.6366408278868876,0.09109786691631416,0.2722613051967974,4,23,vax_C_0.4,vax_C,0.4
43,C,0.7465311717292207,0.06971960785807105,0.1837492204127086,4,23,vax_C_0.4,vax_C,0.4
44,A,0.6173206613383423,0.09209114843467167,0.2905881902269871,4,23,vax_C_0.4,vax_C,0.4
44,C,0.7300215023882798,0.07204788689059427,0.19793061072112633,4,23,vax_C_0.4,vax_C,0.4
45,A,0.5983809635237504,0.09255773162452433,0.309061304851725,4,23,vax_C_0.4,vax_C,0.4
45,C,0.7134012382832717,0.0740527782864721,0.2125459834302556,4,23,vax_C_0.4,vax_C,0.4
46,A,0.5799213428989707,0.09250162924470279,0.32757702785632575,4,23,vax_C_0.4,vax_C,0.4
46,C,0.6967691638296066,0.07570261950721889,0.22752821666317374,4,23,vax_C_0.4,vax_C,0.4
47,A,0.5620332367897195,0.09193761829122261,0.34602914491905734,4,23,vax_C_0.4,vax_C,0.4
47,C,0.6802267155181038,0.0769712403863446,0.24280204409555214,4,23,vax_C_0.4,vax_C,0.4
48,A,0.544787916991114,0.09089176148412122,0.36432032152476485,4,23,vax_C_0.4,vax_C,0.4
48,C,0.6638667302650363,0.07784285357763096,0.25829041615733306,4,23,vax_C_0.4,vax_C,0.4
49,A,0.5282443480596297,0.08939862159874595,0.38235703034162427,4,23,vax_C_0.4,vax_C,0.4
49,C,0.6477779350692863,0.07830944373581898,0.27391262119489435,4,23,vax_C_0.4,vax_C,0.4
50,A,0.5124469139027544,0.08749948537756244,0.4000536007196832,4,23,vax_C_0.4,vax_C,0.4
50,C,0.6320409694556662,0.07837155853005903,0.2895874720142752,4,23,vax_C_0.4,vax_C,0.4
51,A,0.4974260079354306,0.08524082206500262,0.4173331699995675,4,23,vax_C_0.4,vax_C,0.4
51,C,0.6167271984065257,0.07803803102095867,0.305234770572516,4,23,vax_C_0.4,vax_C,0.4
52,A,0.4831986868147425,0.08267217227487934,0.4341291409103787,4,23,vax_C_0.4,vax_C,0.4
52,C,0.6018972707033655,0.07732555418727646,0.3207771751093577,4,23,vax_C_0.4,vax_C,0.4
53,A,0.46977080973862634,0.07984461431564605,0.45038457594572795,4,23,vax_C_0.4,vax_C,0.4
53,C,0.5876016629426971,0.0762574021036861,0.3361409349536168,4,23,vax_C_0.4,vax_C,0.4
54,A,0.4571383295327613,0.07680790851464296,0.46605376195259546,4,23,vax_C_0.4,vax_C,0.4
54,C,0.5738793082436321,0.07486170200694002,0.3512589897494268,4,23,vax_C_0.4,vax_C,0.4
55,A,0.445289177416248,0.07361237568561087,0.48109844689814174,4,23,vax_C_0.4,vax_C,0.4
55,C,0.5607611784689166,0.0731715783824819,0.3660672431486017,4,23,vax_C_0.4,vax_C,0.4
56,A,0.4342021341879495,0.07030710847236825,0.4954907573396831,4,23,vax_C_0.4,vax_C,0.4
56,C,0.5482674980110919,0.0712250384219771,0.38050746356693055,4,23,vax_C_0.4,vax_C,0.4
57,A,0.42385828938718484,0.06692567760935388,0.5092160330034613,4,23,vax_C_0.4,vax_C,0.4
57,C,0.5364074020983305,0.0690507810854979,0.3945418168161719,4,23,vax_C_0.4,vax_C,0.4
58,A,0.41422264562417477,0.06351688237095708,0.5222604720048674,4,23,vax_C_0.4,vax_C,0.4
58,C,0.525186217427214,0.06669508490901391,0.4081186976637715,4,23,vax_C_0.4,vax_C,0.4
59,A,0.4052656214128204,0.06011135445719066,0.5346230241299891,4,23,vax_C_0.4,vax_C,0.4
59,C,0.51459926465053,0.06419148211473392,0.4212092532347359,4,23,vax_C_0.4,vax_C,0.4
60,A,0.3969521227516699,0.056740076462043564,0.5463078007862863,4,23,vax_C_0.4,vax_C,0.4
60,C,0.5046364663290074,0.061576674073560114,0.43378685959743163,4,23,vax_C_0.4,vax_C,0.4
61,A,0.3892488946403626,0.05342733015418173,0.557323775205456,4,23,vax_C_0.4,vax_C,0.4
61,C,0.49528403420556705,0.058882413798305486,0.44583355199612734,4,23,vax_C_0.4,vax_C,0.4
62,A,0.3821218472337836,0.05019387093893652,0.5676842818272799,4,23,vax_C_0.4,vax_C,0.4
62,C,0.48652448524912495,0.056138641939914496,0.45733687281095936,4,23,vax_C_0.4,vax_C,0.4
63,A,0.3755331196215147,0.04705898223688969,0.5774078981415961,4,23,vax_C_0.4,vax_C,0.4
63,C,0.4783354092852916,0.053375965146646824,0.4682886255680624,4,23,vax_C_0.4,vax_C,0.4
64,A,0.36944883299762554,0.04403572575449436,0.5865154412478801,4,23,vax_C_0.4,vax_C,0.4
64,C,0.47069351337584964,0.05061867099165391,0.47868781563249707,4,23,vax_C_0.4,vax_C,0.4
65,A,0.363835209503653,0.041134265243064794,0.595030525253282,4,23,vax_C_0.4,vax_C,0.4
65,C,0.4635734453423816,0.04788857637285586,0.4885379782847614,4,23,vax_C_0.4,vax_C,0.4
66,A,0.35866023263863245,0.038361779628054614,0.6029779877333139,4,23,vax_C_0.4,vax_C,0.4
66,C,0.45694941475598033,0.045204170203175985,0.49784641504084376,4,23,vax_C_0.4,vax_C,0.4
67,A,0.3538930804113564,0.03572294140760216,0.6103839781810415,4,23,vax_C_0.4,vax_C,0.4
67,C,0.4507950513232976,0.04258112945373454,0.5066238192229681,4,23,vax_C_0.4,vax_C,0.4
68,A,0.34950357226909945,0.033220399402359366,0.6172760283285419,4,23,vax_C_0.4,vax_C,0.4
68,C,0.44508321526339406,0.040032826848303484,0.5148839578883025,4,23,vax_C_0.4,vax_C,0.4
69,A,0.34546317916239117,0.03085459943989042,0.6236822213977194,4,23,vax_C_0.4,vax_C,0.4
69,C,0.4397868970682011,0.03756969912657778,0.5226434038052203,4,23,vax_C_0.4,vax_C,0.4
70,A,0.34174799206458456,0.028624608076095008,0.6296273998593207,4,23,vax_C_0.4,vax_C,0.4
70,C,0.43488263221723306,0.03519897913145465,0.5299183886513131,4,23,vax_C_0.4,vax_C,0.4
71,A,0.338330397106507,0.026527950483373624,0.6351416524101189,4,23,vax_C_0.4,vax_C,0.4
71,C,0.4303424333159856,0.032927312110336324,0.5367302545736776,4,23,vax_C_0.4,vax_C,0.4
72,A,0.3351891171215584,0.024561388497297134,0.6402494943811448,4,23,vax_C_0.4,vax_C,0.4
72,C,0.4261439445351681,0.030758130016254263,0.5430979254485776,4,23,vax_C_0.4,vax_C,0.4
73,A,0.3323021549674,0.022720698499272118,0.6449771465333287,4,23,vax_C_0.4,vax_C,0.4
73,C,0.42226354021022566,0.02869380093425859,0.5490426588555173,4,23,vax_C_0.4,vax_C,0.4
74,A,0.3296505365817342,0.021001417942278614,0.6493480454759873,4,23,vax_C_0.4,vax_C,0.4
74,C,0.4186803744425072,0.026735229480888374,0.554584396076604,4,23,vax_C_0.4,vax_C,0.4
75,A,0.3272154531801415,0.019398341060315072,0.653386205759543,4,23,vax_C_0.4,vax_C,0.4
75,C,0.4153733481016338,0.024882195689678654,0.5597444562086878,4,23,vax_C_0.4,vax_C,0.4
76,A,0.32497942001900837,0.017905921036710553,0.6571146589442804,4,23,vax_C_0.4,vax_C,0.4
76,C,0.41232242846286177,0.0231334215009693,0.5645441500361696,4,23,vax_C_0.4,vax_C,0.4
77,A,0.32292624002931525,0.01651844359867357,0.6605553163720118,4,23,vax_C_0.4,vax_C,0.4
77,C,0.40950873916170394,0.02148681871504002,0.5690044421232556,4,23,vax_C_0.4,vax_C,0.4
78,A,0.32104120696941646,0.015230225208716402,0.6637285678218678,4,23,vax_C_0.4,vax_C,0.4
78,C,0.40691485919617126,0.01993968575606085,0.5731454550477669,4,23,vax_C_0.4,vax_C,0.4
79,A,0.31931075343475107,0.014035562666054107,0.6666536838991942,4,23,vax_C_0.4,vax_C,0.4
79,C,0.4045244627023394,0.018488760227757858,0.5769867770699034,4,23,vax_C_0.4,vax_C,0.4
80,A,0.3177224553074208,0.012928887048759002,0.6693486576438209,4,23,vax_C_0.4,vax_C,0.4
80,C,0.4023224106292835,0.017130451212647724,0.5805471381580694,4,23,vax_C_0.4,vax_C,0.4
81,A,0.31626473857776577,0.01190470275889311,0.6718305586633412,4,23,vax_C_0.4,vax_C,0.4
81,C,0.40029443245142127,0.015860865900823883,0.5838447016477532,4,23,vax_C_0.4,vax_C,0.4
82,A,0.31492684413462274,0.01095764688452771,0.6741155089808506,4,23,vax_C_0.4,vax_C,0.4
82,C,0.39842711821795446,0.014675913699268196,0.5868969680827777,4,23,vax_C_0.4,vax_C,0.4
83,A,0.3136990993230571,0.010082645256003803,0.6762182554209389,4,23,vax_C_0.4,vax_C,0.4
83,C,0.3967082693168456,0.013571438422923349,0.5897202922602296,4,23,vax_C_0.4,vax_C,0.4
84,A,0.31257249247375957,0.009274798685079227,0.6781527088411603,4,23,vax_C_0.4,vax_C,0.4
84,C,0.39512642585931157,0.012543232608552895,0.5923303415321355,4,23,vax_C_0.4,vax_C,0.4
85,A,0.31153868369607884,0.008529426311089324,0.6799318899928309,4,23,vax_C_0.4,vax_C,0.4
85,C,0.3936708973580339,0.011587104596008778,0.5947419980459587,4,23,vax_C_0.4,vax_C,0.4
86,A,0.31059003162091964,0.00784209313116963,0.6815678752479102,4,23,vax_C_0.4,vax_C,0.4
86,C,0.392331802380653,0.010698912316263007,0.5969692853030835,4,23,vax_C_0.4,vax_C,0.4
87,A,0.3097194712725823,0.007208588034774934,0.6830719406926438,4,23,vax_C_0.4,vax_C,0.4
87,C,0.391099938387571,0.009874591261613155,0.5990254703508151,4,23,vax_C_0.4,vax_C,0.4
88,A,0.3089205274184001,0.006624949148115594,0.6844545234334839,4,23,vax_C_0.4,vax_C,0.4
88,C,0.3899668074567889,0.009110191753856373,0.600923000789355,4,23,vax_C_0.4,vax_C,0.4
89,A,0.30818737367110194,0.006087503122139126,0.6857251232067592,4,23,vax_C_0.4,vax_C,0.4
89,C,0.3889246933748309,0.00840191606987972,0.6026733905552901,4,23,vax_C_0.4,vax_C,0.4
90,A,0.3075146608705432,0.005592810736534457,0.6868925283929228,4,23,vax_C_0.4,vax_C,0.4
90,C,0.38796647256306377,0.007746124088223817,0.6042874033487121,4,23,vax_C_0.4,vax_C,0.4
91,A,0.30689741461140757,0.0051376337694382015,0.6879649516191542,4,23,vax_C_0.4,vax_C,0.4
91,C,0.3870854955412023,0.00713933246044554,0.6057751719983518,4,23,vax_C_0.4,vax_C,0.4
92,A,0.3063310397311091,0.004718939729623361,0.6889500205392676,4,23,vax_C_0.4,vax_C,0.4
92,C,0.3862755909159173,0.006578220557380435,0.6071461885267028,4,23,vax_C_0.4,vax_C,0.4
93,A,0.30581132570414565,0.004333906698898919,0.6898547675969543,4,23,vax_C_0.4,vax_C,0.4
93,C,0.3855310722597821,0.00605963693917176,0.6084092908010453,4,23,vax_C_0.4,vax_C,0.4
94,A,0.30533442208769535,0.003979916210597713,0.6906856617017073,4,23,vax_C_0.4,vax_C,0.4
94,C,0.38484671140270127,0.005580602211001249,0.6095726863862974,4,23,vax_C_0.4,vax_C,0.4
95,A,0.3048968007090674,0.0036545395905518852,0.6914486597003806,4,23,vax_C_0.4,vax_C,0.4
95,C,0.38421769556800095,0.005138307776322862,0.6106439966556749,4,23,vax_C_0.4,vax_C,0.4
96,A,0.3044952226405486,0.003355524600987359,0.6921492527584634,4,23,vax_C_0.4,vax_C,0.4
96,C,0.3836395886480406,0.004730111980248448,0.6116302993717108,4,23,vax_C_0.4,vax_C,0.4
97,A,0.3041267137047999,0.0030807844290072217,0.6927925018661939,4,23,vax_C_0.4,vax_C,0.4
97,C,0.38310830154908376,0.004353535141724185,0.6125381633091926,4,23,vax_C_0.4,vax_C,0.4
98,A,0.3037885444725592,0.002828387992160244,0.6933830675352805,4,23,vax_C_0.4,vax_C,0.4
98,C,0.3826200675986315,0.0040062541247928825,0.6133736782765756,4,23,vax_C_0.4,vax_C,0.4
99,A,0.30347821130164165,0.002596550402733968,0.6939252382956226,4,23,vax_C_0.4,vax_C,0.4
99,C,0.38217141921840836,0.0036860964720700643,0.6141424843095209,4,23,vax_C_0.4,vax_C,0.4
100,A,0.30319341779876907,0.002383623345847044,0.6944229588553835,4,23,vax_C_0.4,vax_C,0.4
100,C,0.38175916504529744,0.0033910340227728646,0.6148498009319296,4,23,vax_C_0.4,vax_C,0.4
101,A,0.3029320573914147,0.0021880856539227326,0.6948798569546633,4,23,vax_C_0.4,vax_C,0.4
101,C,0.38138036820081067,0.003119176099343735,0.6155004556998449,4,23,vax_C_0.4,vax_C,0.4
102,A,0.30269219747428916,0.002008534340259848,0.6952992681854517,4,23,vax_C_0.4,vax_C,0.4
102,C,0.38103232626489325,0.0028687624641247386,0.616098911270982,4,23,vax_C_0.4,vax_C,0.4
103,A,0.30247206503911234,0.0018436761605632843,0.6956842588003244,4,23,vax_C_0.4,vax_C,0.4
103,C,0.38071255292325,0.002638156236516261,0.616649290840234,4,23,vax_C_0.4,vax_C,0.4
104,A,0.30227003350655207,0.0016923196676735589,0.6960376468257743,4,23,vax_C_0.4,vax_C,0.4
104,C,0.3804187610209611,0.002425836885547062,0.6171554020934918,4,23,vax_C_0.4,vax_C,0.4
105,A,0.30208461088760413,0.0015533677871365208,0.6963620213252596,4,23,vax_C_0.4,vax_C,0.4
105,C,0.38014884719478453,0.0022303933232971874,0.617620759481921,4,23,vax_C_0.4,vax_C,0.4
106,A,0.30191442846290245,0.0014258107367674882,0.6966597608003304,4,23,vax_C_0.4,vax_C,0.4
106,C,0.37990087714635873,0.002050517221054162,0.6180486056325865,4,23,vax_C_0.4,vax_C,0.4
107,A,0.3017582305664825,0.001308719427738207,0.6969330500057802,4,23,vax_C_0.4,vax_C,0.4
107,C,0.37967307222904817,0.0018849965066996624,0.6184419312642524,4,23,vax_C_0.4,vax_C,0.4
108,A,0.30161486523459974,0.0012012393044758191,0.6971838954609247,4,23,vax_C_0.4,vax_C,0.4
108,C,0.37946379708712263,0.00173270910513539,0.6188034938077422,4,23,vax_C_0.4,vax_C,0.4
109,A,0.3014832756415026,0.0011025846064464302,0.6974141397520502,4,23,vax_C_0.4,vax_C,0.4
109,C,0.37927154826672643,0.0015926169488203522,0.6191358347844534,4,23,vax_C_0.4,vax_C,0.4
110,A,0.30136249223440753,0.0010120330271228197,0.6976254747384697,4,23,vax_C_0.4,vax_C,0.4
110,C,0.37909494370237473,0.0014637602750113643,0.6194412960226144,4,23,vax_C_0.4,vax_C,0.4
111,A,0.30125162551191753,9.289207511554053e-4,0.6978194537369268,4,23,vax_C_0.4,vax_C,0.4
111,C,0.37893271301630604,0.0013452522172358616,0.6197220347664568,4,23,vax_C_0.4,vax_C,0.4
112,A,0.30114985969337926,8.526380556346887e-4,0.6979975022509856,4,23,vax_C_0.4,vax_C,0.4
112,C,0.37878368897451115,0.0012362739209116891,0.6199800371045768,4,23,vax_C_0.4,vax_C,0.4
113,A,0.30105644657367475,7.826249942098212e-4,0.6981609284321156,4,23,vax_C_0.4,vax_C,0.4
113,C,0.37864679915585914,0.0011360696664948868,0.620217131177646,4,23,vax_C_0.4,vax_C,0.4
114,A,0.3009706988218386,7.183666568595087e-4,0.6983109345213019,4,23,vax_C_0.4,vax_C,0.4
114,C,0.37852105684345055,0.001043941455266833,0.6204350017012832,4,23,vax_C_0.4,vax_C,0.4
115,A,0.3008919852749867,6.593898037587378e-4,0.6984486249212534,4,23,vax_C_0.4,vax_C,0.4
115,C,0.3784055545617015,9.592450432818729e-4,0.6206352003950159,4,23,vax_C_0.4,vax_C,0.4
116,A,0.300819727311855,6.052602309391486e-4,0.6985750124572073,4,23,vax_C_0.4,vax_C,0.4
116,C,0.3782994590674699,8.813867663527607e-4,0.6208191541661773,4,23,vax_C_0.4,vax_C,0.4
117,A,0.3007533946292792,5.555797089357767e-4,0.6986910256617849,4,23,vax_C_0.4,vax_C,0.4
117,C,0.3782020055409352,8.098198852899303e-4,0.6209881745737748,4,23,vax_C_0.4,vax_C,0.4
118,A,0.3006925006402923,5.099826502031257e-4,0.6987975167095052,4,23,vax_C_0.4,vax_C,0.4
118,C,0.3781124912554562,7.440406077646762e-4,0.6211434681367796,4,23,vax_C_0.4,vax_C,0.4
119,A,0.3006365985237107,4.6813322693960304e-4,0.6988952682493493,4,23,vax_C_0.4,vax_C,0.4
119,C,0.378030270105327,6.835845778897413e-4,0.6212861453167844,4,23,vax_C_0.4,vax_C,0.4
120,A,0.3005852781157175,4.2972307647516785e-4,0.6989849988078076,4,23,vax_C_0.4,vax_C,0.4
120,C,0.3779547482603059,6.280240038241822e-4,0.6214172277358697,4,23,vax_C_0.4,vax_C,0.4
121,A,0.30053816313021886,3.9446923893655614e-4,0.6990673676308445,4,23,vax_C_0.4,vax_C,0.4
121,C,0.37788538027040547,5.76965051045703e-4,0.6215376546785499,4,23,vax_C_0.4,vax_C,0.4
122,A,0.3004949083706743,3.621120920223001e-4,0.6991429795373035,4,23,vax_C_0.4,vax_C,0.4
122,C,0.3778216651673279,5.300452434869328e-4,0.6216482895891847,4,23,vax_C_0.4,vax_C,0.4
123,A,0.30045519703976814,3.324133570000222e-4,0.699212389603233,4,23,vax_C_0.4,vax_C,0.4
123,C,0.3777631426983966,4.869309464256206e-4,0.6217499263551777,4,23,vax_C_0.4,vax_C,0.4
124,A,0.3004187383424362,3.051543137664018e-4,0.6992761073437973,4,23,vax_C_0.4,vax_C,0.4
124,C,0.37770938995401016,4.4731508190618783e-4,0.6218432949640849,4,23,vax_C_0.4,vax_C,0.4
125,A,0.3003852653813612,2.8013422650772184e-4,0.699334600392131,4,23,vax_C_0.4,vax_C,0.4
125,C,0.37766001839255187,4.109150857568251e-4,0.621929066521692,4,23,vax_C_0.4,vax_C,0.4
126,A,0.300354533230119,2.571688996672465e-4,0.6993882978702128,4,23,vax_C_0.4,vax_C,0.4
126,C,0.37761467111198094,3.7747102270876704e-4,0.6220078578653093,4,23,vax_C_0.4,vax_C,0.4
127,A,0.30032631711865976,2.3608931781553835e-4,0.6994375935635251,4,23,vax_C_0.4,vax_C,0.4
127,C,0.37757302027950695,3.467438078738653e-4,0.6220802359126183,4,23,vax_C_0.4,vax_C,0.4
128,A,0.30030041074739106,2.1674038076350597e-4,0.6994828488718448,4,23,vax_C_0.4,vax_C,0.4
128,C,0.37753476473942243,3.1851354505024504e-4,0.6221467217155284,4,23,vax_C_0.4,vax_C,0.4
129,A,0.3002766247561853,1.9897975267210518e-4,0.6995243954911422,4,23,vax_C_0.4,vax_C,0.4
129,C,0.3774996278341223,2.925780023377939e-4,0.622207794163539,4,23,vax_C_0.4,vax_C,0.4
130,A,0.3002547853374596,1.8267681767913441e-4,0.699562537844861,4,23,vax_C_0.4,vax_C,0.4
130,C,0.37746735542481286,2.687512181969108e-4,0.6222638933569905,4,23,vax_C_0.4,vax_C,0.4
131,A,0.30023473296323827,1.6771172062838034e-4,0.6995975553161341,4,23,vax_C_0.4,vax_C,0.4
131,C,0.3774377140720427,2.4686221511411124e-4,0.6223154237128428,4,23,vax_C_0.4,vax_C,0.4
132,A,0.30021632120814085,1.5397447986916643e-4,0.6996297043119897,4,23,vax_C_0.4,vax_C,0.4
132,C,0.3774104893515232,2.267538059784647e-4,0.6223627568424981,4,23,vax_C_0.4,vax_C,0.4
133,A,0.3001994156661374,1.413641703600731e-4,0.6996592201635028,4,23,vax_C_0.4,vax_C,0.4
133,C,0.3773854843016474,2.0828149032723023e-4,0.6224062342080258,4,23,vax_C_0.4,vax_C,0.4
134,A,0.30018389296007625,1.2978817624051628e-4,0.6996863188636827,4,23,vax_C_0.4,vax_C,0.4
134,C,0.37736251800116455,1.9131243909740168e-4,0.6224461695597377,4,23,vax_C_0.4,vax_C,0.4
135,A,0.3001696398361579,1.1916150715419667e-4,0.6997111986566878,4,23,vax_C_0.4,vax_C,0.4
135,C,0.3773414242664903,1.7572456145452693e-4,0.6224828511720543,4,23,vax_C_0.4,vax_C,0.4
136,A,0.30015655233273375,1.0940617059822553e-4,0.6997340414966686,4,23,vax_C_0.4,vax_C,0.4
136,C,0.3773220504543484,1.6140564488170955e-4,0.6225165439007702,4,23,vax_C_0.4,vax_C,0.4
137,A,0.30014453501589256,1.0045059470368051e-4,0.699755014389404,4,23,vax_C_0.4,vax_C,0.4
137,C,0.3773042563593064,1.4825256177715854e-4,0.622547491078916,4,23,vax_C_0.4,vax_C,0.4
138,A,0.3001335002775529,9.222909819599092e-5,0.6997742706242509,4,23,vax_C_0.4,vax_C,0.4
138,C,0.3772879132001237,1.3617053833710172e-4,0.6225759162615395,4,23,vax_C_0.4,vax_C,0.4
139,A,0.300123367692124,8.46814045539491e-5,0.699791950903322,4,23,vax_C_0.4,vax_C,0.4
139,C,0.3772729026893524,1.2507248191358017e-4,0.6226020248287342,4,23,vax_C_0.4,vax_C,0.4
140,A,0.300114063426759,7.77521966570675e-5,0.699808184376584,4,23,vax_C_0.4,vax_C,0.4
140,C,0.3772591161793291,1.1487836230366883e-4,0.6226260054583668,4,23,vax_C_0.4,vax_C,0.4
141,A,0.3001055197000667,7.139070810216443e-5,0.6998230895918311,4,23,vax_C_0.4,vax_C,0.4
141,C,0.3772464538774637,1.0551464227698197e-4,0.6226480314802596,4,23,vax_C_0.4,vax_C,0.4
142,A,0.30009767428506934,6.555034800713726e-5,0.699836775366923,4,23,vax_C_0.4,vax_C,0.4
142,C,0.37723482412489734,9.69137533081483e-5,0.6226682621217945,4,23,vax_C_0.4,vax_C,0.4
143,A,0.30009047005300343,6.018835672551164e-5,0.6998493415902715,4,23,vax_C_0.4,vax_C,0.4
143,C,0.3772241427337388,8.901361315776498e-5,0.622686843653103,4,23,vax_C_0.4,vax_C,0.4
144,A,0.30008385455482534,5.526549008283263e-5,0.6998608799550915,4,23,vax_C_0.4,vax_C,0.4
144,C,0.3772143323784037,8.17571821932963e-5,0.6227039104394024,4,23,vax_C_0.4,vax_C,0.4
145,A,0.3000777796372437,5.0745729765458196e-5,0.6998714746329908,4,23,vax_C_0.4,vax_C,0.4
145,C,0.3772053220366087,7.509205540174387e-5,0.6227195859079881,4,23,vax_C_0.4,vax_C,0.4
146,A,0.30007220109031296,4.6596017587099555e-5,0.6998812028921002,4,23,vax_C_0.4,vax_C,0.4
146,C,0.37719704647584823,6.897008713869997e-5,0.6227339834370118,4,23,vax_C_0.4,vax_C,0.4
147,A,0.30006707832394347,4.278601165012769e-5,0.6998901356644057,4,23,vax_C_0.4,vax_C,0.4
147,C,0.37718944578158414,6.334704601695934e-5,0.6227472071723984,4,23,vax_C_0.4,vax_C,0.4
148,A,0.3000623740709997,3.92878626284691e-5,0.6998983380663721,4,23,vax_C_0.4,vax_C,0.4
148,C,0.37718246492383595,5.818229757598259e-5,0.6227593527785871,4,23,vax_C_0.4,vax_C,0.4
149,A,0.30005805411482706,3.607600853807919e-5,0.6999058698766343,4,23,vax_C_0.4,vax_C,0.4
149,C,0.37717605335909865,5.343851255343952e-5,0.6227705081283483,4,23,vax_C_0.4,vax_C,0.4
150,A,0.3000540870391921,3.3126986457881066e-5,0.6999127859743506,4,23,vax_C_0.4,vax_C,0.4
150,C,0.37717016466470654,4.9081398708937414e-5,0.6227807539365848,4,23,vax_C_0.4,vax_C,0.4
151,A,0.30005044399875075,3.041925978138234e-5,0.6999191367414691,4,23,vax_C_0.4,vax_C,0.4
151,C,0.3771647562029676,4.5079454299416194e-5,0.6227901643427338,4,23,vax_C_0.4,vax_C,0.4
152,A,0.30004709850836253,2.793305971169694e-5,0.6999249684319262,4,23,vax_C_0.4,vax_C,0.4
152,C,0.3771597888126429,4.140374147013826e-5,0.6227988074458879,4,23,vax_C_0.4,vax_C,0.4
153,A,0.30004402624970117,2.5650239830546244e-5,0.6999303235104682,4,23,vax_C_0.4,vax_C,0.4
153,C,0.3771552265255614,3.802767797359838e-5,0.6228067457964649,4,23,vax_C_0.4,vax_C,0.4
154,A,0.300041204893745,2.355414266549971e-5,0.699935240963588,4,23,vax_C_0.4,vax_C,0.4
154,C,0.37715103630632624,3.492684575080666e-5,0.6228140368479212,4,23,vax_C_0.4,vax_C,0.4
155,A,0.30003861393784304,2.1629477261469385e-5,0.6999397565848957,4,23,vax_C_0.4,vax_C,0.4
155,C,0.3771471878132386,3.207881501775309e-5,0.6228207333717429,4,23,vax_C_0.4,vax_C,0.4
156,A,0.30003623455614364,1.9862206843240355e-5,0.6999439032370124,4,23,vax_C_0.4,vax_C,0.4
156,C,0.37714365317869414,2.9462982605781904e-5,0.6228268838386993,4,23,vax_C_0.4,vax_C,0.4
157,A,0.3000340494622949,1.8239445734568324e-5,0.6999477110919712,4,23,vax_C_0.4,vax_C,0.4
157,C,0.3771404068074837,2.706042340717443e-5,0.6228325327691108,4,23,vax_C_0.4,vax_C,0.4
158,A,0.3000320427834044,1.674936477059404e-5,0.6999512078518246,4,23,vax_C_0.4,vax_C,0.4
158,C,0.3771374251915197,2.485375387088243e-5,0.6228377210546099,4,23,vax_C_0.4,vax_C,0.4
159,A,0.3000301999443372,1.538110450279353e-5,0.699954418951159,4,23,vax_C_0.4,vax_C,0.4
159,C,0.37713468673967765,2.2827006576812984e-5,0.6228424862537458,4,23,vax_C_0.4,vax_C,0.4
160,A,0.30002850756149974,1.4124695552287793e-5,0.6999573677429483,4,23,vax_C_0.4,vax_C,0.4
160,C,0.3771321716214943,2.096551499327859e-5,0.6228468628635109,4,23,vax_C_0.4,vax_C,0.4
161,A,0.3000269533453249,1.297098552046047e-5,0.6999600756691544,4,23,vax_C_0.4,vax_C,0.4
161,C,0.3771298616236171,1.9255807593667014e-5,0.6228508825687882,4,23,vax_C_0.4,vax_C,0.4
162,A,0.30002552601075894,1.1911571915427694e-5,0.6999625624173252,4,23,vax_C_0.4,vax_C,0.4
162,C,0.37712774001794563,1.7685510575092914e-5,0.6228545744714807,4,23,vax_C_0.4,vax_C,0.4
163,A,0.30002421519507305,1.0938740598111835e-5,0.6999648460643291,4,23,vax_C_0.4,vax_C,0.4
163,C,0.37712579144052577,1.6243258482965125e-5,0.6228579653009914,4,23,vax_C_0.4,vax_C,0.4
164,A,0.30002301138241455,1.0045409292561783e-5,0.6999669432082938,4,23,vax_C_0.4,vax_C,0.4
164,C,0.37712400178032185,1.4918612101174092e-5,0.6228610796075769,4,23,vax_C_0.4,vax_C,0.4
165,A,0.3000219058345332,9.225075742957117e-6,0.6999688690897239,4,23,vax_C_0.4,vax_C,0.4
165,C,0.3771223580770471,1.3701983019576036e-5,0.6228639399399319,4,23,vax_C_0.4,vax_C,0.4
166,A,0.3000208905271878,8.471770133199596e-6,0.6999706377026785,4,23,vax_C_0.4,vax_C,0.4
166,C,0.3771208484273311,1.2584564335868723e-5,0.62286656700833265,4,23,vax_C_0.4,vax_C,0.4
167,A,0.3000199580917546,7.7800114181205e-6,0.6999722618968266,4,23,vax_C_0.4,vax_C,0.4
167,C,0.37711946189853235,1.1558266995122958e-5,0.6228689798344719,4,23,vax_C_0.4,vax_C,0.4
168,A,0.30001910176161584,7.1447672438705166e-6,0.6999737534711405,4,23,vax_C_0.4,vax_C,0.4
168,C,0.3771181884495834,1.0615661309356218e-5,0.6228711958891081,4,23,vax_C_0.4,vax_C,0.4
169,A,0.3000183153229414,6.561417161727117e-6,0.6999751232598965,4,23,vax_C_0.4,vax_C,0.4
169,C,0.37711701885828114,9.749923236555203e-6,0.6228732312184815,4,23,vax_C_0.4,vax_C,0.4
170,A,0.3000175930694976,6.025718863900665e-6,0.6999763812116389,4,23,vax_C_0.4,vax_C,0.4
170,C,0.37711594465452003,8.954785032427764e-6,0.6228751005604474,4,23,vax_C_0.4,vax_C,0.4
171,A,0.3000169297611503,5.533777192403254e-6,0.6999775364616586,4,23,vax_C_0.4,vax_C,0.4
171,C,0.3771149580589504,8.224489919553584e-6,0.6228768174511304,4,23,vax_C_0.4,vax_C,0.4
172,A,0.300016320585769,5.082015692675922e-6,0.6999785973985376,4,23,vax_C_0.4,vax_C,0.4
172,C,0.37711405192665376,7.553750447468664e-6,0.622878394322899,4,23,vax_C_0.4,vax_C,0.4
173,A,0.3000157611242468,4.667150502527403e-6,0.699979571725251,4,23,vax_C_0.4,vax_C,0.4
173,C,0.37711321969540496,6.93771024365452e-6,0.6228798425943519,4,23,vax_C_0.4,vax_C,0.4
174,A,0.3000152473183765,4.286166384198791e-6,0.6999804665152399,4,23,vax_C_0.4,vax_C,0.4
174,C,0.37711245533815224,6.371908879673027e-6,0.6228811727529687,4,23,vax_C_0.4,vax_C,0.4
175,A,0.30001477544136296,3.93629472321775e-6,0.6999812882639147,4,23,vax_C_0.4,vax_C,0.4
175,C,0.3771117533193751,5.852249599036635e-6,0.6228823944310256,4,23,vax_C_0.4,vax_C,0.4
176,A,0.3000143420707404,3.614993332267563e-6,0.6999820429359266,4,23,vax_C_0.4,vax_C,0.4
176,C,0.37711110855499935,5.374969673985311e-6,0.6228835164753281,4,23,vax_C_0.4,vax_C,0.4
177,A,0.3000139440635083,3.3199279116545607e-6,0.6999827360085803,4,23,vax_C_0.4,vax_C,0.4
177,C,0.3771105163755773,4.936613177258102e-6,0.6228845470112454,4,23,vax_C_0.4,vax_C,0.4
178,A,0.30001357853329746,3.048955030195696e-6,0.6999833725116722,4,23,vax_C_0.4,vax_C,0.4
178,C,0.37710997249248085,4.534005972314729e-6,0.6228854935015469,4,23,vax_C_0.4,vax_C,0.4
179,A,0.3000132428294082,2.8001065015688367e-6,0.6999839570640907,4,23,vax_C_0.4,vax_C,0.4
179,C,0.37710947296683933,4.164232741418615e-6,0.6228863628004184,4,23,vax_C_0.4,vax_C,0.4
180,A,0.30001293451755484,2.5715750414634033e-6,0.6999844939074052,4,23,vax_C_0.4,vax_C,0.4
180,C,0.3771090141810179,3.824615885665263e-6,0.6228871612030954,4,23,vax_C_0.4,vax_C,0.4
181,A,0.30001265136218824,2.361701100319378e-6,0.6999849869367114,4,23,vax_C_0.4,vax_C,0.4
181,C,0.3771085928124193,3.512696144529905e-6,0.6228878944914354,4,23,vax_C_0.4,vax_C,0.4
182,A,0.3000123913102683,2.1689607751100825e-6,0.6999854397289565,4,23,vax_C_0.4,vax_C,0.4
182,C,0.377108205809422,3.2262147949049664e-6,0.6228885679757824,4,23,vax_C_0.4,vax_C,0.4
183,A,0.3000121524763524,1.9919547115729643e-6,0.699985855568936,4,23,vax_C_0.4,vax_C,0.4
183,C,0.37710785036928296,2.963097300983736e-6,0.6228891865334164,4,23,vax_C_0.4,vax_C,0.4
184,A,0.30001193312891034,1.829397915583768e-6,0.6999862374731743,4,23,vax_C_0.4,vax_C,0.4
184,C,0.3771075239178372,2.721438296808879e-6,0.6228897546438649,4,23,vax_C_0.4,vax_C,0.4
185,A,0.3000117316777537,1.6801103990722487e-6,0.699986588211847,4,23,vax_C_0.4,vax_C,0.4
185,C,0.37710722409086134,2.4994877929427288e-6,0.6228902764213459,4,23,vax_C_0.4,vax_C,0.4
186,A,0.30001154666249563,1.5430085919811481e-6,0.6999869103289118,4,23,vax_C_0.4,vax_C,0.4
186,C,0.377106948716946,2.295638507485916e-6,0.6228907556445471,4,23,vax_C_0.4,vax_C,0.4
187,A,0.3000113767419506,1.4170974574433406e-6,0.6999872061605925,4,23,vax_C_0.4,vax_C,0.4
187,C,0.37710669580177514,2.108414229866057e-6,0.622891195783995,4,23,vax_C_0.4,vax_C,0.4
188,A,0.3000112206844,1.3014632524992218e-6,0.6999874778523479,4,23,vax_C_0.4,vax_C,0.4
188,C,0.3771064635136817,1.9364591332383774e-6,0.6228916000271846,4,23,vax_C_0.4,vax_C,0.4
189,A,0.30001107735865695,1.1952668814189478e-6,0.699987727374461,4,23,vax_C_0.4,vax_C,0.4
189,C,0.37710625017038263,1.7785279581946672e-6,0.6228919713016587,4,23,vax_C_0.4,vax_C,0.4
190,A,0.30001094572585807,1.0977377930426528e-6,0.6999879565363492,4,23,vax_C_0.4,vax_C,0.4
190,C,0.3771060542267971,1.6334769967688521e-6,0.6228923122962072,4,23,vax_C_0.4,vax_C,0.4
191,A,0.30001082483192276,1.0081683775453464e-6,0.6999881669997007,4,23,vax_C_0.4,vax_C,0.4
191,C,0.377105874263853,1.50025581151415e-6,0.6228926254803352,4,23,vax_C_0.4,vax_C,0.4
192,A,0.30001071380063493,9.259088216971556e-7,0.6999883602905435,4,23,vax_C_0.4,vax_C,0.4
192,C,0.3771057089782165,1.37789962974149e-6,0.6228929131221532,4,23,vax_C_0.4,vax_C,0.4
193,A,0.30001061182728633,8.503623850500486e-7,0.6999885378103284,4,23,vax_C_0.4,vax_C,0.4
193,C,0.3771055571728467,1.2655223578882103e-6,0.6228931773047945,4,23,vax_C_0.4,vax_C,0.4
194,A,0.3000105181728376,7.809810625658273e-7,0.6999887008461005,4,23,vax_C_0.4,vax_C,0.4
194,C,0.377105417748332,1.162310165467676e-6,0.6228934199415026,4,23,vax_C_0.4,vax_C,0.4
195,A,0.3000104321585585,7.172616020304706e-7,0.6999888505798386,4,23,vax_C_0.4,vax_C,0.4
195,C,0.377105289694923,1.0675155921687603e-6,0.6228936427894853,4,23,vax_C_0.4,vax_C,0.4
196,A,0.3000103531611065,6.587418471978673e-7,0.6999889880970456,4,23,vax_C_0.4,vax_C,0.4
196,C,0.37710517208522387,9.804521354579489e-7,0.6228938474626423,4,23,vax_C_0.4,vax_C,0.4
197,A,0.30001028060800305,6.049973799900666e-7,0.6999891143946169,4,23,vax_C_0.4,vax_C,0.4
197,C,0.37710506406747235,9.004892795123612e-7,0.6228940354432478,4,23,vax_C_0.4,vax_C,0.4
198,A,0.30001021397348426,5.556384372689281e-7,0.6999892303880787,4,23,vax_C_0.4,vax_C,0.4
198,C,0.37710496485937656,8.270479295041024e-7,0.6228942080926926,4,23,vax_C_0.4,vax_C,0.4
199,A,0.3000101527746878,5.10307079701877e-7,0.699989336918233,4,23,vax_C_0.4,vax_C,0.4
199,C,0.3771048737424448,7.595962181881226e-7,0.6228943666613374,4,23,vax_C_0.4,vax_C,0.4
200,A,0.3000100965681492,4.6867459208742503e-7,0.6999894347572586,4,23,vax_C_0.4,vax_C,0.4
200,C,0.3771047900567816,6.976456544394238e-7,0.6228945122975642,4,23,vax_C_0.4,vax_C,0.4
201,A,0.3000100449465911,4.3043909619766137e-7,0.6999895246143126,4,23,vax_C_0.4,vax_C,0.4
201,C,0.3771047131963135,6.407475858594915e-7,0.6228946460561022,4,23,vax_C_0.4,vax_C,0.4
202,A,0.30000999753596486,3.953233587475209e-7,0.6999896071406767,4,23,vax_C_0.4,vax_C,0.4
202,C,0.3771046426043933,5.884899498444579e-7,0.6228947689056572,4,23,vax_C_0.4,vax_C,0.4
203,A,0.30000995399274283,3.630727785256733e-7,0.6999896829344784,4,23,vax_C_0.4,vax_C,0.4
203,C,0.3771045777697764,5.404942895948784e-7,0.6228948817359344,4,23,vax_C_0.4,vax_C,0.4
204,A,0.30000991400142457,3.334535380298469e-7,0.6999897525450379,4,23,vax_C_0.4,vax_C,0.4
204,C,0.37710451822291113,4.96413013464072e-7,0.6228949853640752,4,23,vax_C_0.4,vax_C,0.4
205,A,0.30000987727225137,3.062509061504967e-7,0.6999898164768423,4,23,vax_C_0.4,vax_C,0.4
205,C,0.37710446353254207,4.559268778042079e-7,0.6228950805405804,4,23,vax_C_0.4,vax_C,0.4
206,A,0.3000098435391056,2.812676795477543e-7,0.6999898751932148,4,23,vax_C_0.4,vax_C,0.4
206,C,0.3771044133025857,4.187426750840632e-7,0.6228951679547395,4,23,vax_C_0.4,vax_C,0.4
207,A,0.30000981255758125,2.5832275137959954e-7,0.6999899291196668,4,23,vax_C_0.4,vax_C,0.4
207,C,0.37710436716926193,3.845911105414176e-7,0.6228952482396282,4,23,vax_C_0.4,vax_C,0.4
208,A,0.3000097841032124,2.3724979696728514e-7,0.6999899786469908,4,23,vax_C_0.4,vax_C,0.4
208,C,0.37710432479845946,3.5322485199612785e-7,0.622895321976688,4,23,vax_C_0.4,vax_C,0.4
209,A,0.30000975796984525,2.1789606683665394e-7,0.6999900241340883,4,23,vax_C_0.4,vax_C,0.4
209,C,0.3771042858833175,3.2441673870351106e-7,0.6228953896999448,4,23,vax_C_0.4,vax_C,0.4
210,A,0.300009733968145,2.0012127835656646e-7,0.6999900659105766,4,23,vax_C_0.4,vax_C,0.4
210,C,0.3771042501419999,2.979581362788147e-7,0.6228954518998638,4,23,vax_C_0.4,vax_C,0.4
211,A,0.3000097119242237,1.8379659791421156e-7,0.6999901042791782,4,23,vax_C_0.4,vax_C,0.4
211,C,0.3771042173156575,2.736574257811606e-7,0.6228955090269166,4,23,vax_C_0.4,vax_C,0.4
212,A,0.30000969167837904,1.688037062266812e-7,0.6999901395179143,4,23,vax_C_0.4,vax_C,0.4
212,C,0.3771041871665521,2.513386160166546e-7,0.6228955614948307,4,23,vax_C_0.4,vax_C,0.4
213,A,0.30000967308393706,1.5503393969687645e-7,0.6999901718821226,4,23,vax_C_0.4,vax_C,0.4
213,C,0.3771041594763362,2.3084006857158636e-7,0.6228956096835974,4,23,vax_C_0.4,vax_C,0.4
214,A,0.3000096560061906,1.4238750319484398e-7,0.6999902016063072,4,23,vax_C_0.4,vax_C,0.4
214,C,0.3771041340444658,2.1201332874572773e-7,0.6228956539422044,4,23,vax_C_0.4,vax_C,0.4
215,A,0.3000096403213848,1.3077271940180463e-7,0.6999902289058959,4,23,vax_C_0.4,vax_C,0.4
215,C,0.37710411068670824,1.9472201066081164e-7,0.6228956945912825,4,23,vax_C_0.4,vax_C,0.4
216,A,0.30000962591585856,1.2010538926008246e-7,0.6999902539787528,4,23,vax_C_0.4,vax_C,0.4
216,C,0.3771040892338444,1.7884084727253598e-7,0.6228957319253091,4,23,vax_C_0.4,vax_C,0.4
217,A,0.30000961268528203,1.1030822860275467e-7,0.6999902770064897,4,23,vax_C_0.4,vax_C,0.4
217,C,0.37710406953054676,1.6425485340945965e-7,0.6228957662145979,4,23,vax_C_0.4,vax_C,0.4
218,A,0.3000096005338304,1.0131025640971467e-7,0.6999902981559131,4,23,vax_C_0.4,vax_C,0.4
218,C,0.37710405143415177,1.5085841687576225e-7,0.6228957977074316,4,23,vax_C_0.4,vax_C,0.4
219,A,0.3000095893737226,9.304645021318468e-8,0.699990317579826,4,23,vax_C_0.4,vax_C,0.4
219,C,0.3771040348139619,1.3855478674180107e-7,0.6228958266312511,4,23,vax_C_0.4,vax_C,0.4
220,A,0.3000095791245138,8.545722413392344e-8,0.6999903354182616,4,23,vax_C_0.4,vax_C,0.4
220,C,0.3771040195502042,1.27255297608821e-7,0.6228958531944967,4,23,vax_C_0.4,vax_C,0.4
221,A,0.30000956971188714,7.848753203309038e-8,0.6999903518005804,4,23,vax_C_0.4,vax_C,0.4
221,C,0.3771040055322282,1.1687803620024862e-7,0.6228958775897361,4,23,vax_C_0.4,vax_C,0.4
222,A,0.30000956106555393,7.20853127169996e-8,0.6999903668491332,4,23,vax_C_0.4,vax_C,0.4
222,C,0.37710399265537714,1.0734552825061294e-7,0.6228958999990961,4,23,vax_C_0.4,vax_C,0.4
223,A,0.30000955312216865,6.620364895688651e-8,0.6999903806741828,4,23,vax_C_0.4,vax_C,0.4
223,C,0.3771039808253311,9.858795129139985e-8,0.6228959205867178,4,23,vax_C_0.4,vax_C,0.4
224,A,0.30000954581695083,6.07945614509661e-8,0.6999903933884888,4,23,vax_C_0.4,vax_C,0.4
224,C,0.37710396994563405,9.053389990366677e-8,0.6228959395204652,4,23,vax_C_0.4,vax_C,0.4
225,A,0.30000953902411315,5.5764898296689844e-8,0.6999904052109895,4,23,vax_C_0.4,vax_C,0.4
225,C,0.3771039598289705,8.304470806511637e-8,0.6228959571263215,4,23,vax_C_0.4,vax_C,0.4
226,A,0.3000095331184143,5.139216426511155e-8,0.6999904154894216,4,23,vax_C_0.4,vax_C,0.4
226,C,0.37710395103344313,7.653352949378076e-8,0.6228959724330273,4,23,vax_C_0.4,vax_C,0.4
227,A,0.3000095276757855,4.736232762361214e-8,0.6999904249618875,4,23,vax_C_0.4,vax_C,0.4
227,C,0.37710394292753585,7.053286413055996e-8,0.6228959865396002,4,23,vax_C_0.4,vax_C,0.4
228,A,0.30000952265991565,4.364849764528353e-8,0.6999904336915871,4,23,vax_C_0.4,vax_C,0.4
228,C,0.37710393545717785,6.500268491554958e-8,0.6228959995401372,4,23,vax_C_0.4,vax_C,0.4
229,A,0.30000951803734194,4.022589262824315e-8,0.6999904417367648,4,23,vax_C_0.4,vax_C,0.4
229,C,0.3771039285725391,5.990610310383918e-8,0.622896011521358,4,23,vax_C_0.4,vax_C,0.4
230,A,0.3000095137772256,3.707167445436953e-8,0.6999904491511006,4,23,vax_C_0.4,vax_C,0.4
230,C,0.37710392222769523,5.5209122229848367e-8,0.6228960225631817,4,23,vax_C_0.4,vax_C,0.4
231,A,0.3000095098511444,3.416479613891681e-8,0.6999904559840588,4,23,vax_C_0.4,vax_C,0.4
231,C,0.3771039163803243,5.08804113374323e-8,0.6228960327392646,4,23,vax_C_0.4,vax_C,0.4
232,A,0.300009506232907,3.148586134008339e-8,0.6999904622812316,4,23,vax_C_0.4,vax_C,0.4
232,C,0.37710391099141977,4.6891095989852086e-8,0.6228960421174836,4,23,vax_C_0.4,vax_C,0.4
233,A,0.3000095028983742,2.9016994890025037e-8,0.6999904680846301,4,23,vax_C_0.4,vax_C,0.4
233,C,0.3771039060250381,4.321456566559631e-8,0.6228960507603973,4,23,vax_C_0.4,vax_C,0.4
234,A,0.30000949982530095,2.6741723482476968e-8,0.6999904734329744,4,23,vax_C_0.4,vax_C,0.4
234,C,0.377103901448048,3.982629625532754e-8,0.6228960587256566,4,23,vax_C_0.4,vax_C,0.4
235,A,0.30000949699318585,2.464486572003321e-8,0.6999904783619484,4,23,vax_C_0.4,vax_C,0.4
235,C,0.3771038972299207,3.6703686475964993e-8,0.6228960660663941,4,23,vax_C_0.4,vax_C,0.4
236,A,0.3000094943831349,2.271243078668588e-8,0.6999904829044346,4,23,vax_C_0.4,vax_C,0.4
236,C,0.37710389334251854,3.3825907110732235e-8,0.6228960728315752,4,23,vax_C_0.4,vax_C,0.4
237,A,0.30000949197773547,2.0931525068869753e-8,0.699990487090739,4,23,vax_C_0.4,vax_C,0.4
237,C,0.3771038897599111,3.117376206955876e-8,0.6228960790663269,4,23,vax_C_0.4,vax_C,0.4
238,A,0.3000094897609415,1.929026610137247e-8,0.6999904909487937,4,23,vax_C_0.4,vax_C,0.4
238,C,0.3771038864582001,2.872956034306363e-8,0.6228960848122389,4,23,vax_C_0.4,vax_C,0.4
239,A,0.30000948771796354,1.777770326341565e-8,0.6999904945043341,4,23,vax_C_0.4,vax_C,0.4
239,C,0.3771038834153631,2.6476997996012684e-8,0.6228960901076389,4,23,vax_C_0.4,vax_C,0.4
240,A,0.30000948583517284,1.6383744695315887e-8,0.6999904977810819,4,23,vax_C_0.4,vax_C,0.4
240,C,0.37710388061110156,2.4401049413107147e-8,0.6228960949878481,4,23,vax_C_0.4,vax_C,0.4
241,A,0.30000948410000994,1.5099089947693635e-8,0.6999905008009,4,23,vax_C_0.4,vax_C,0.4
241,C,0.37710387802671075,2.2487867071675514e-8,0.6228960994854226,4,23,vax_C_0.4,vax_C,0.4
242,A,0.3000094825008983,1.3915167913497294e-8,0.6999905035839341,4,23,vax_C_0.4,vax_C,0.4
242,C,0.37710387564495096,2.072468917271779e-8,0.62289610363036,4,23,vax_C_0.4,vax_C,0.4
243,A,0.30000948102717034,1.2824079628402057e-8,0.6999905061487501,4,23,vax_C_0.4,vax_C,0.4
243,C,0.37710387344993473,1.909975451416852e-8,0.622896107450311,4,23,vax_C_0.4,vax_C,0.4
244,A,0.3000094796689954,1.1818545557662728e-8,0.6999905085124588,4,23,vax_C_0.4,vax_C,0.4
244,C,0.3771038714270201,1.7602224038551818e-8,0.6228961109707555,4,23,vax_C_0.4,vax_C,0.4
245,A,0.3000094784173127,1.0891857017469393e-8,0.6999905106908307,4,23,vax_C_0.4,vax_C,0.4
245,C,0.3771038695627137,1.6222108531722715e-8,0.6228961142151774,4,23,vax_C_0.4,vax_C,0.4
246,A,0.3000094772637717,1.0037831400196455e-8,0.6999905126983959,4,23,vax_C_0.4,vax_C,0.4
246,C,0.37710386784458066,1.495020199577389e-8,0.6228961172052183,4,23,vax_C_0.4,vax_C,0.4
247,A,0.300009476200678,9.250770929985232e-9,0.6999905145485508,4,23,vax_C_0.4,vax_C,0.4
247,C,0.37710386626115744,1.3778020230156195e-8,0.6228961199608211,4,23,vax_C_0.4,vax_C,0.4
248,A,0.30000947522093935,8.525424643016257e-9,0.6999905162536363,4,23,vax_C_0.4,vax_C,0.4
248,C,0.3771038648018848,1.2697744236784158e-8,0.6228961225003705,4,23,vax_C_0.4,vax_C,0.4
249,A,0.3000094743180204,7.856953331387986e-9,0.699990517825027,4,23,vax_C_0.4,vax_C,0.4
249,C,0.3771038634570276,1.1702168078047573e-8,0.6228961248408045,4,23,vax_C_0.4,vax_C,0.4
250,A,0.30000947348589696,7.2408972605737005e-9,0.699990519273206,4,23,vax_C_0.4,vax_C,0.4
250,C,0.3771038622176147,1.0784650802759193e-8,0.6228961269977348,4,23,vax_C_0.4,vax_C,0.4
251,A,0.300009472719018,6.673146410740444e-9,0.699990520607834,4,23,vax_C_0.4,vax_C,0.4
251,C,0.3771038610753788,9.939072148044887e-9,0.6228961289855487,4,23,vax_C_0.4,vax_C,0.4
252,A,0.3000094720122694,6.14991305196826e-9,0.6999905218378186,4,23,vax_C_0.4,vax_C,0.4
252,C,0.3771038600227009,9.159791714449939e-9,0.6228961308175073,4,23,vax_C_0.4,vax_C,0.4
253,A,0.30000947136093453,5.6677064703056485e-9,0.6999905229713597,4,23,vax_C_0.4,vax_C,0.4
253,C,0.37710385905255944,8.441611341942619e-9,0.6228961325058298,4,23,vax_C_0.4,vax_C,0.4
254,A,0.3000094707606693,5.2233096759588336e-9,0.6999905240160212,4,23,vax_C_0.4,vax_C,0.4
254,C,0.3771038581584823,7.779740435848083e-9,0.6228961340617778,4,23,vax_C_0.4,vax_C,0.4
255,A,0.30000947020746954,4.813757938146633e-9,0.6999905249787732,4,23,vax_C_0.4,vax_C,0.4
255,C,0.37710385733450524,7.1697640114214476e-9,0.6228961354957294,4,23,vax_C_0.4,vax_C,0.4
256,A,0.30000946969764464,4.436319003349094e-9,0.6999905258660367,4,23,vax_C_0.4,vax_C,0.4
256,C,0.3771038565751336,6.607613243904634e-9,0.622896136817253,4,23,vax_C_0.4,vax_C,0.4
257,A,0.3000094692277934,4.088474864917006e-9,0.6999905266837314,4,23,vax_C_0.4,vax_C,0.4
257,C,0.3771038558753009,6.0895383276229756e-9,0.6228961380351606,4,23,vax_C_0.4,vax_C,0.4
258,A,0.30000946879478296,3.767904962366543e-9,0.6999905274373132,4,23,vax_C_0.4,vax_C,0.4
258,C,0.3771038552303388,5.612083463080577e-9,0.6228961391575775,4,23,vax_C_0.4,vax_C,0.4
259,A,0.30000946839572284,3.472470698227893e-9,0.6999905281318065,4,23,vax_C_0.4,vax_C,0.4
259,C,0.3771038546359459,5.172063805207698e-9,0.6228961401919904,4,23,vax_C_0.4,vax_C,0.4
260,A,0.3000094680279522,3.200201169112637e-9,0.699990528771847,4,23,vax_C_0.4,vax_C,0.4
260,C,0.3771038540881572,4.766544218994663e-9,0.6228961411452998,4,23,vax_C_0.4,vax_C,0.4
261,A,0.30000946768901715,2.9492800157698365e-9,0.6999905293617027,4,23,vax_C_0.4,vax_C,0.4
261,C,0.3771038535833174,4.3928197008037876e-9,0.6228961420238629,4,23,vax_C_0.4,vax_C,0.4
262,A,0.30000946737665735,2.718033304371005e-9,0.6999905299053093,4,23,vax_C_0.4,vax_C,0.4
262,C,0.37710385311806016,4.048397334760567e-9,0.6228961428335429,4,23,vax_C_0.4,vax_C,0.4
263,A,0.30000946708878845,2.5049183581473857e-9,0.6999905304062933,4,23,vax_C_0.4,vax_C,0.4
263,C,0.37710385268928237,3.730979663865528e-9,0.6228961435797388,4,23,vax_C_0.4,vax_C,0.4
264,A,0.30000946682349094,2.308513464846947e-9,0.699990530867996,4,23,vax_C_0.4,vax_C,0.4
264,C,0.37710385229412235,3.438449364904874e-9,0.6228961442674282,4,23,vax_C_0.4,vax_C,0.4
265,A,0.30000946657899397,2.1275083913241916e-9,0.6999905312934974,4,23,vax_C_0.4,vax_C,0.4
265,C,0.37710385192994555,3.1688551249347117e-9,0.6228961449011989,4,23,vax_C_0.4,vax_C,0.4
266,A,0.30000946635366804,1.9606956430927238e-9,0.6999905316856369,4,23,vax_C_0.4,vax_C,0.4
266,C,0.3771038515943223,2.920398622988003e-9,0.6228961454852794,4,23,vax_C_0.4,vax_C,0.4
267,A,0.30000946614600854,1.806962405914403e-9,0.6999905320470289,4,23,vax_C_0.4,vax_C,0.4
267,C,0.37710385128501395,2.691422538738817e-9,0.6228961460235639,4,23,vax_C_0.4,vax_C,0.4
268,A,0.30000946595463135,1.6652831212061508e-9,0.6999905323800862,4,23,vax_C_0.4,vax_C,0.4
268,C,0.37710385099995714,2.4803994980597694e-9,0.6228961465196438,4,23,vax_C_0.4,vax_C,0.4
269,A,0.3000094657782591,1.5347126469626343e-9,0.6999905326870286,4,23,vax_C_0.4,vax_C,0.4
269,C,0.3771038507372504,2.285921879096391e-9,0.6228961469768282,4,23,vax_C_0.4,vax_C,0.4
270,A,0.3000094656157162,1.4143799505419096e-9,0.6999905329699044,4,23,vax_C_0.4,vax_C,0.4
270,C,0.37710385049514145,2.1066924256240985e-9,0.622896147398166,4,23,vax_C_0.4,vax_C,0.4
271,A,0.3000094654659173,1.3034822975278721e-9,0.699990533230601,4,23,vax_C_0.4,vax_C,0.4
271,C,0.37710385027201493,1.941515593751783e-9,0.6228961477864694,4,23,vax_C_0.4,vax_C,0.4
272,A,0.3000094653278632,1.2012798962795054e-9,0.699990533470856,4,23,vax_C_0.4,vax_C,0.4
272,C,0.3771038500663826,1.7892895770930687e-9,0.6228961481443275,4,23,vax_C_0.4,vax_C,0.4
273,A,0.30000946520063454,1.1070909624317173e-9,0.699990533692275,4,23,vax_C_0.4,vax_C,0.4
273,C,0.3771038498768739,1.6489989572095464e-9,0.622896148474127,4,23,vax_C_0.4,vax_C,0.4
274,A,0.30000946508338067,1.0202871704151624e-9,0.6999905338963326,4,23,vax_C_0.4,vax_C,0.4
274,C,0.37710384970222327,1.519707930301056e-9,0.6228961487780686,4,23,vax_C_0.4,vax_C,0.4
275,A,0.30000946497532077,9.402894616452278e-10,0.6999905340843907,4,23,vax_C_0.4,vax_C,0.4
275,C,0.3771038495412659,1.4005540649621003e-9,0.6228961490581792,4,23,vax_C_0.4,vax_C,0.4
276,A,0.3000094648757327,8.66564181410564e-10,0.6999905342577034,4,23,vax_C_0.4,vax_C,0.4
276,C,0.37710384939292946,1.2907425493656927e-9,0.6228961493163283,4,23,vax_C_0.4,vax_C,0.4
277,A,0.3000094647839539,7.986195186850074e-10,0.6999905344174269,4,23,vax_C_0.4,vax_C,0.4
277,C,0.37710384925622265,1.1895408895008038e-9,0.622896149554236,4,23,vax_C_0.4,vax_C,0.4
278,A,0.3000094646993704,7.360022251082327e-10,0.6999905345646269,4,23,vax_C_0.4,vax_C,0.4
278,C,0.37710384913023576,1.0962740230982876e-9,0.6228961497734922,4,23,vax_C_0.4,vax_C,0.4
279,A,0.3000094646214189,6.782945912434151e-10,0.6999905347002859,4,23,vax_C_0.4,vax_C,0.4
279,C,0.3771038490141252,1.0103198166528607e-9,0.6228961499755545,4,23,vax_C_0.4,vax_C,0.4
280,A,0.30000946454958005,6.251116599369424e-10,0.6999905348253089,4,23,vax_C_0.4,vax_C,0.4
280,C,0.3771038489071192,9.311049155043558e-10,0.6228961501617761,4,23,vax_C_0.4,vax_C,0.4
281,A,0.3000094644833731,5.760986581874013e-10,0.6999905349405289,4,23,vax_C_0.4,vax_C,0.4
281,C,0.37710384880850284,8.581009192962578e-10,0.6228961503333965,4,23,vax_C_0.4,vax_C,0.4
282,A,0.3000094644223576,5.309286303891655e-10,0.6999905350467143,4,23,vax_C_0.4,vax_C,0.4
282,C,0.3771038487176187,7.908208573002223e-10,0.6228961504915598,4,23,vax_C_0.4,vax_C,0.4
283,A,0.30000946436612574,4.893002571595618e-10,0.6999905351445744,4,23,vax_C_0.4,vax_C,0.4
283,C,0.37710384863386043,7.288159400952975e-10,0.622896150637323,4,23,vax_C_0.4,vax_C,0.4
284,A,0.30000946431430264,4.5093584519700154e-10,0.6999905352347605,4,23,vax_C_0.4,vax_C,0.4
284,C,0.3771038485566695,6.71672565934093e-10,0.6228961507716583,4,23,vax_C_0.4,vax_C,0.4
285,A,0.3000094642665428,4.1557947475862835e-10,0.6999905353178765,4,23,vax_C_0.4,vax_C,0.4
285,C,0.3771038484855304,6.190095618269969e-10,0.6228961508954601,4,23,vax_C_0.4,vax_C,0.4
286,A,0.3000094642225285,3.8299529227348356e-10,0.699990535394476,4,23,vax_C_0.4,vax_C,0.4
286,C,0.3771038484199694,5.704756409405371e-10,0.6228961510095552,4,23,vax_C_0.4,vax_C,0.4
287,A,0.30000946418196467,3.5296593720099584e-10,0.6999905354650702,4,23,vax_C_0.4,vax_C,0.4
287,C,0.3771038483595487,5.257470593531166e-10,0.6228961511147048,4,23,vax_C_0.4,vax_C,0.4
288,A,0.3000094641445813,3.252910920435547e-10,0.6999905355301276,4,23,vax_C_0.4,vax_C,0.4
288,C,0.37710384830386495,4.845254565315828e-10,0.6228961512116095,4,23,vax_C_0.4,vax_C,0.4
289,A,0.30000946411012913,2.997861456926337e-10,0.6999905355900853,4,23,vax_C_0.4,vax_C,0.4
289,C,0.3771038482525474,4.465358651247832e-10,0.6228961513009166,4,23,vax_C_0.4,vax_C,0.4
290,A,0.3000094640783779,2.7628096205809773e-10,0.6999905356453408,4,23,vax_C_0.4,vax_C,0.4
290,C,0.37710384820525356,4.1152487680574644e-10,0.6228961513832211,4,23,vax_C_0.4,vax_C,0.4
291,A,0.30000946404911616,2.546187450936504e-10,0.6999905356962647,4,23,vax_C_0.4,vax_C,0.4
291,C,0.3771038481616672,3.7925895192013153e-10,0.6228961514590732,4,23,vax_C_0.4,vax_C,0.4
292,A,0.30000946402214934,2.3465499281639847e-10,0.6999905357431965,4,23,vax_C_0.4,vax_C,0.4
292,C,0.3771038481214991,3.4952286166796754e-10,0.6228961515289781,4,23,vax_C_0.4,vax_C,0.4
293,A,0.30000946399729655,2.162565333422564e-10,0.6999905357864468,4,23,vax_C_0.4,vax_C,0.4
293,C,0.37710384808447944,3.2211825242728446e-10,0.622896151593401,4,23,vax_C_0.4,vax_C,0.4
294,A,0.3000094639743921,1.9930063650612894e-10,0.6999905358263062,4,23,vax_C_0.4,vax_C,0.4
294,C,0.37710384805036323,2.968623226430244e-10,0.6228961516527737,4,23,vax_C_0.4,vax_C,0.4
295,A,0.30000946395328365,1.8367419514007843e-10,0.6999905358630413,4,23,vax_C_0.4,vax_C,0.4
295,C,0.3771038480189219,2.7358660345546603e-10,0.6228961517074919,4,23,vax_C_0.4,vax_C,0.4
296,A,0.3000094639338306,1.692729705474699e-10,0.6999905358968967,4,23,vax_C_0.4,vax_C,0.4
296,C,0.3771038479899454,2.521358349343905e-10,0.6228961517579187,4,23,vax_C_0.4,vax_C,0.4
297,A,0.3000094639159026,1.560008971393569e-10,0.6999905359280976,4,23,vax_C_0.4,vax_C,0.4
297,C,0.3771038479632409,2.3236693042295215e-10,0.6228961518043918,4,23,vax_C_0.4,vax_C,0.4
298,A,0.30000946389937994,1.4376944159411412e-10,0.6999905359568513,4,23,vax_C_0.4,vax_C,0.4
298,C,0.3771038479386299,2.141480220829421e-10,0.6228961518472219,4,23,vax_C_0.4,vax_C,0.4
299,A,0.30000946388415295,1.324970122650677e-10,0.6999905359833501,4,23,vax_C_0.4,vax_C,0.4
299,C,0.377103847915949,1.9735758127479583e-10,0.6228961518866933,4,23,vax_C_0.4,vax_C,0.4
300,A,0.3000094638701197,1.2210841489612147e-10,0.6999905360077718,4,23,vax_C_0.4,vax_C,0.4
300,C,0.37710384789504703,1.818836079048648e-10,0.6228961519230708,4,23,vax_C_0.4,vax_C,0.4
301,A,0.3000094638571869,1.125343510143251e-10,0.6999905360302785,4,23,vax_C_0.4,vax_C,0.4
301,C,0.37710384787578205,1.676228833325287e-10,0.6228961519565938,4,23,vax_C_0.4,vax_C,0.4
302,A,0.3000094638452682,1.037109556530508e-10,0.6999905360510209,4,23,vax_C_0.4,vax_C,0.4
302,C,0.37710384785802914,1.5448028185369053e-10,0.6228961519874903,4,23,vax_C_0.4,vax_C,0.4
303,A,0.3000094638342838,9.557937132184358e-11,0.6999905360701364,4,23,vax_C_0.4,vax_C,0.4
303,C,0.3771038478416675,1.4236813616792206e-10,0.6228961520159637,4,23,vax_C_0.4,vax_C,0.4
304,A,0.30000946382416094,8.808535538082703e-11,0.6999905360877535,4,23,vax_C_0.4,vax_C,0.4
304,C,0.37710384782658884,1.3120565259664318e-10,0.6228961520422053,4,23,vax_C_0.4,vax_C,0.4
305,A,0.3000094638148312,8.11789182004064e-11,0.6999905361039892,4,23,vax_C_0.4,vax_C,0.4
305,C,0.3771038478126925,1.2091837215155936e-10,0.6228961520663884,4,23,vax_C_0.4,vax_C,0.4
306,A,0.3000094638062336,7.481398969438959e-11,0.6999905361189522,4,23,vax_C_0.4,vax_C,0.4
306,C,0.3771038477998857,1.1143767394796331e-10,0.6228961520886767,4,23,vax_C_0.4,vax_C,0.4
307,A,0.30000946379830973,6.8948111995678e-11,0.6999905361327413,4,23,vax_C_0.4,vax_C,0.4
307,C,0.3771038477880828,1.0270031729167315e-10,0.6228961521092163,4,23,vax_C_0.4,vax_C,0.4
308,A,0.30000946379100774,6.354215622834244e-11,0.6999905361454516,4,23,vax_C_0.4,vax_C,0.4
308,C,0.3771038477772056,9.464801980740481e-11,0.6228961521281454,4,23,vax_C_0.4,vax_C,0.4
309,A,0.30000946378427706,5.856006149244996e-11,0.6999905361571623,4,23,vax_C_0.4,vax_C,0.4
309,C,0.37710384776718114,8.72270689042137e-11,0.6228961521455911,4,23,vax_C_0.4,vax_C,0.4
310,A,0.30000946377807547,5.3968594311787196e-11,0.6999905361679563,4,23,vax_C_0.4,vax_C,0.4
310,C,0.37710384775794287,8.038796336807928e-11,0.6228961521616692,4,23,vax_C_0.4,vax_C,0.4
311,A,0.30000946377235915,4.973712694292175e-11,0.6999905361779037,4,23,vax_C_0.4,vax_C,0.4
311,C,0.37710384774942823,7.40850831656719e-11,0.6228961521764858,4,23,vax_C_0.4,vax_C,0.4
312,A,0.3000094637670916,4.583743306663026e-11,0.6999905361870713,4,23,vax_C_0.4,vax_C,0.4
312,C,0.37710384774158195,6.827638513740589e-11,0.6228961521901416,4,23,vax_C_0.4,vax_C,0.4
313,A,0.3000094637622364,4.2243499498753906e-11,0.6999905361955199,4,23,vax_C_0.4,vax_C,0.4
313,C,0.3771038477343509,6.292312254991075e-11,0.6228961522027263,4,23,vax_C_0.4,vax_C,0.4
314,A,0.30000946375776233,3.8931352664416187e-11,0.6999905362033062,4,23,vax_C_0.4,vax_C,0.4
314,C,0.37710384772768635,5.7989586637204696e-11,0.622896152214324,4,23,vax_C_0.4,vax_C,0.4
315,A,0.3000094637536391,3.587889867802404e-11,0.6999905362104816,4,23,vax_C_0.4,vax_C,0.4
315,C,0.3771038477215447,5.344286840653187e-11,0.6228961522250134,4,23,vax_C_0.4,vax_C,0.4
316,A,0.3000094637498392,3.30657759622405e-11,0.6999905362170951,4,23,vax_C_0.4,vax_C,0.4
316,C,0.37710384771588373,4.925263911999307e-11,0.6228961522348629,4,23,vax_C_0.4,vax_C,0.4
317,A,0.30000946374633725,3.0473219422764686e-11,0.6999905362231902,4,23,vax_C_0.4,vax_C,0.4
317,C,0.3771038477106673,4.5390947987684886e-11,0.6228961522439409,4,23,vax_C_0.4,vax_C,0.4
318,A,0.30000946374310955,2.8083935272845798e-11,0.6999905362288069,4,23,vax_C_0.4,vax_C,0.4
318,C,0.37710384770586,4.183203572286144e-11,0.6228961522523073,4,23,vax_C_0.4,vax_C,0.4
319,A,0.30000946374013476,2.5881985672502204e-11,0.6999905362339824,4,23,vax_C_0.4,vax_C,0.4
319,C,0.3771038477014302,3.855216271544814e-11,0.6228961522600192,4,23,vax_C_0.4,vax_C,0.4
320,A,0.3000094637373938,2.385268241289035e-11,0.6999905362387534,4,23,vax_C_0.4,vax_C,0.4
320,C,0.3771038476973459,3.552945067774192e-11,0.6228961522671239,4,23,vax_C_0.4,vax_C,0.4
321,A,0.30000946373486725,2.1982488936609848e-11,0.6999905362431496,4,23,vax_C_0.4,vax_C,0.4
321,C,0.377103847693584,3.2743736706002504e-11,0.6228961522736733,4,23,vax_C_0.4,vax_C,0.4
322,A,0.300009463732539,2.025893004033946e-11,0.6999905362472008,4,23,vax_C_0.4,vax_C,0.4
322,C,0.3771038476901157,3.017643878445561e-11,0.6228961522797085,4,23,vax_C_0.4,vax_C,0.4
323,A,0.3000094637303941,1.867050865744662e-11,0.6999905362509368,4,23,vax_C_0.4,vax_C,0.4
323,C,0.37710384768691896,2.7810431834559095e-11,0.6228961522852692,4,23,vax_C_0.4,vax_C,0.4
324,A,0.3000094637284168,1.7206629165444963e-11,0.6999905362543778,4,23,vax_C_0.4,vax_C,0.4
324,C,0.37710384768397376,2.56299334827205e-11,0.622896152290396,4,23,vax_C_0.4,vax_C,0.4
325,A,0.30000946372659393,1.5857526706699515e-11,0.6999905362575483,4,23,vax_C_0.4,vax_C,0.4
325,C,0.3771038476812592,2.362039878448453e-11,0.622896152295121,4,23,vax_C_0.4,vax_C,0.4
326,A,0.3000094637249144,1.461420205242193e-11,0.6999905362604713,4,23,vax_C_0.4,vax_C,0.4
326,C,0.3771038476787576,2.17684231917285e-11,0.622896152299474,4,23,vax_C_0.4,vax_C,0.4
327,A,0.30000946372336623,1.3468361569054928e-11,0.699990536263164,4,23,vax_C_0.4,vax_C,0.4
327,C,0.37710384767645233,2.006165316061641e-11,0.6228961523034867,4,23,vax_C_0.4,vax_C,0.4
328,A,0.3000094637219402,1.2412361894627857e-11,0.6999905362656473,4,23,vax_C_0.4,vax_C,0.4
328,C,0.3771038476743273,1.8488703750988415e-11,0.6228961523071843,4,23,vax_C_0.4,vax_C,0.4
329,A,0.3000094637206255,1.1439158957382785e-11,0.6999905362679355,4,23,vax_C_0.4,vax_C,0.4
329,C,0.37710384767236915,1.7039082653847006e-11,0.6228961523105916,4,23,vax_C_0.4,vax_C,0.4
330,A,0.3000094637194141,1.0542260985235498e-11,0.6999905362700447,4,23,vax_C_0.4,vax_C,0.4
330,C,0.37710384767056426,1.5703120217758317e-11,0.6228961523137322,4,23,vax_C_0.4,vax_C,0.4
331,A,0.3000094637182973,9.715685201868125e-12,0.6999905362719869,4,23,vax_C_0.4,vax_C,0.4
331,C,0.3771038476689011,1.4471904947753898e-11,0.62289615231662665,4,23,vax_C_0.4,vax_C,0.4
332,A,0.3000094637172683,8.953917918145356e-12,0.6999905362737774,4,23,vax_C_0.4,vax_C,0.4
332,C,0.377103847667369,1.3337224061490265e-11,0.6228961523192954,4,23,vax_C_0.4,vax_C,0.4
333,A,0.30000946371632004,8.251877752636472e-12,0.6999905362754278,4,23,vax_C_0.4,vax_C,0.4
333,C,0.37710384766595606,1.229150870614875e-11,0.6228961523217535,4,23,vax_C_0.4,vax_C,0.4
334,A,0.3000094637154461,7.604881735898408e-12,0.6999905362769494,4,23,vax_C_0.4,vax_C,0.4
334,C,0.37710384766465427,1.1327783470646308e-11,0.6228961523240188,4,23,vax_C_0.4,vax_C,0.4
335,A,0.30000946371464043,7.008614072412039e-12,0.6999905362783513,4,23,vax_C_0.4,vax_C,0.4
335,C,0.3771038476634541,1.0439619856379907e-11,0.6228961523261057,4,23,vax_C_0.4,vax_C,0.4
336,A,0.3000094637138982,6.459097351792668e-12,0.6999905362796429,4,23,vax_C_0.4,vax_C,0.4
336,C,0.37710384766234867,9.62109339613329e-12,0.6228961523280301,4,23,vax_C_0.4,vax_C,0.4
337,A,0.3000094637132143,5.9526660172341106e-12,0.6999905362808336,4,23,vax_C_0.4,vax_C,0.4
337,C,0.37710384766132915,8.866744135108188e-12,0.6228961523298032,4,23,vax_C_0.4,vax_C,0.4
338,A,0.3000094637125837,5.48594191420332e-12,0.69999053628193,4,23,vax_C_0.4,vax_C,0.4
338,C,0.3771038476603909,8.17154021047113e-12,0.6228961523314384,4,23,vax_C_0.4,vax_C,0.4
339,A,0.30000946371200266,5.0558117562792426e-12,0.6999905362829414,4,23,vax_C_0.4,vax_C,0.4
339,C,0.3771038476595252,7.530844286473367e-12,0.6228961523329442,4,23,vax_C_0.4,vax_C,0.4
340,A,0.30000946371146764,4.659406357818377e-12,0.699990536283874,4,23,vax_C_0.4,vax_C,0.4
340,C,0.37710384765872745,6.940382621251221e-12,0.6228961523343323,4,23,vax_C_0.4,vax_C,0.4
341,A,0.30000946371097353,4.294081494915601e-12,0.699990536284733,4,23,vax_C_0.4,vax_C,0.4
341,C,0.37710384765799276,6.396216558967643e-12,0.6228961523356126,4,23,vax_C_0.4,vax_C,0.4
342,A,0.30000946371051873,3.957400266990652e-12,0.6999905362855245,4,23,vax_C_0.4,vax_C,0.4
342,C,0.3771038476573154,5.894716257134204e-12,0.6228961523367911,4,23,vax_C_0.4,vax_C,0.4
343,A,0.3000094637100995,3.6471168413409115e-12,0.6999905362862527,4,23,vax_C_0.4,vax_C,0.4
343,C,0.37710384765669064,5.432536473862726e-12,0.622896152337877,4,23,vax_C_0.4,vax_C,0.4
344,A,0.3000094637097131,3.3611614722265275e-12,0.6999905362869248,4,23,vax_C_0.4,vax_C,0.4
344,C,0.37710384765611477,5.006594253535926e-12,0.6228961523388773,4,23,vax_C_0.4,vax_C,0.4
345,A,0.3000094637093575,3.09762669455588e-12,0.6999905362875448,4,23,vax_C_0.4,vax_C,0.4
345,C,0.3771038476555854,4.614048362050319e-12,0.6228961523398012,4,23,vax_C_0.4,vax_C,0.4
346,A,0.3000094637090291,2.854754600571225e-12,0.6999905362881162,4,23,vax_C_0.4,vax_C,0.4
346,C,0.3771038476550959,4.252280337978981e-12,0.6228961523406508,4,23,vax_C_0.4,vax_C,0.4
347,A,0.3000094637087267,2.6309251127294465e-12,0.6999905362886414,4,23,vax_C_0.4,vax_C,0.4
347,C,0.3771038476546462,3.918877019124941e-12,0.6228961523414358,4,23,vax_C_0.4,vax_C,0.4
348,A,0.30000946370844855,2.424645176716818e-12,0.699990536289127,4,23,vax_C_0.4,vax_C,0.4
348,C,0.3771038476542309,3.6116144445602038e-12,0.6228961523421581,4,23,vax_C_0.4,vax_C,0.4
349,A,0.30000946370819137,2.2345388032259838e-12,0.699990536289573,4,23,vax_C_0.4,vax_C,0.4
349,C,0.3771038476538485,3.3284430290711265e-12,0.6228961523428235,4,23,vax_C_0.4,vax_C,0.4
350,A,0.3000094637079549,2.0593378888065402e-12,0.699990536289986,4,23,vax_C_0.4,vax_C,0.4
350,C,0.37710384765349614,3.0674738867536447e-12,0.6228961523434364,4,23,vax_C_0.4,vax_C,0.4
351,A,0.3000094637077366,1.897873756951603e-12,0.6999905362903646,4,23,vax_C_0.4,vax_C,0.4
351,C,0.37710384765317095,2.826966231259989e-12,0.6228961523440016,4,23,vax_C_0.4,vax_C,0.4
352,A,0.3000094637075358,1.7490693624164402e-12,0.6999905362907157,4,23,vax_C_0.4,vax_C,0.4
352,C,0.37710384765287164,2.605315763938705e-12,0.6228961523445226,4,23,vax_C_0.4,vax_C,0.4
353,A,0.30000946370735065,1.6119321067674186e-12,0.6999905362910369,4,23,vax_C_0.4,vax_C,0.4
353,C,0.3771038476525953,2.4010439724114654e-12,0.6228961523450034,4,23,vax_C_0.4,vax_C,0.4
354,A,0.30000946370718,1.4855472172368937e-12,0.6999905362913352,4,23,vax_C_0.4,vax_C,0.4
354,C,0.37710384765234134,2.2127882682032505e-12,0.6228961523454464,4,23,vax_C_0.4,vax_C,0.4
355,A,0.3000094637070225,1.3690716447171538e-12,0.6999905362916092,4,23,vax_C_0.4,vax_C,0.4
355,C,0.37710384765210725,2.039292897639224e-12,0.622896152345854,4,23,vax_C_0.4,vax_C,0.4
356,A,0.30000946370687726,1.2617284401896513e-12,0.6999905362918604,4,23,vax_C_0.4,vax_C,0.4
356,C,0.37710384765189103,1.879400565379791e-12,0.6228961523462297,4,23,vax_C_0.4,vax_C,0.4
357,A,0.3000094637067439,1.1628015720770765e-12,0.6999905362920932,4,23,vax_C_0.4,vax_C,0.4
357,C,0.3771038476516919,1.7320447147188161e-12,0.6228961523465766,4,23,vax_C_0.4,vax_C,0.4
358,A,0.3000094637066209,1.0716311499471018e-12,0.6999905362923078,4,23,vax_C_0.4,vax_C,0.4
358,C,0.3771038476515082,1.5962424131510885e-12,0.622896152346895,4,23,vax_C_0.4,vax_C,0.4
359,A,0.30000946370650744,9.876090227072693e-13,0.6999905362925053,4,23,vax_C_0.4,vax_C,0.4
359,C,0.37710384765133914,1.4710877957523156e-12,0.6228961523471896,4,23,vax_C_0.4,vax_C,0.4
360,A,0.30000946370640263,9.101747219285246e-13,0.6999905362926868,4,23,vax_C_0.4,vax_C,0.4
360,C,0.37710384765118327,1.3557460226359952e-12,0.6228961523474601,4,23,vax_C_0.4,vax_C,0.4
361,A,0.3000094637063061,8.388117232371093e-13,0.6999905362928548,4,23,vax_C_0.4,vax_C,0.4
361,C,0.3771038476510396,1.2494477101805595e-12,0.6228961523477099,4,23,vax_C_0.4,vax_C,0.4
362,A,0.3000094637062171,7.730440008362695e-13,0.6999905362930092,4,23,vax_C_0.4,vax_C,0.4
362,C,0.37710384765090793,1.1514837988804361e-12,0.6228961523479408,4,23,vax_C_0.4,vax_C,0.4
363,A,0.3000094637061354,7.124328521745602e-13,0.6999905362931521,4,23,vax_C_0.4,vax_C,0.4
363,C,0.3771038476507861,1.0612008235872214e-12,0.6228961523481534,4,23,vax_C_0.4,vax_C,0.4
364,A,0.30000946370605996,6.565739715795218e-13,0.6999905362932837,4,23,vax_C_0.4,vax_C,0.4
364,C,0.3771038476506735,9.7799655459124e-13,0.6228961523483499,4,23,vax_C_0.4,vax_C,0.4
365,A,0.3000094637059907,6.05094753336352e-13,0.6999905362934046,4,23,vax_C_0.4,vax_C,0.4
365,C,0.37710384765056976,9.013159804674737e-13,0.6228961523485296,4,23,vax_C_0.4,vax_C,0.4
0,A,0.9989999999999999,0.001,0,5,23,vax_C_0.4,vax_C,0.4
0,C,0.9989999999999999,9.999999999999998e-4,0,5,23,vax_C_0.4,vax_C,0.4
1,A,0.9985055907574315,0.0012682239578429004,2.2618528472590564e-4,5,23,vax_C_0.4,vax_C,0.4
1,C,0.9986483265757327,0.0011380984133738065,2.135750108940568e-4,5,23,vax_C_0.4,vax_C,0.4
2,A,0.9979162454547484,0.0015738878522722627,5.098666929783926e-4,5,23,vax_C_0.4,vax_C,0.4
2,C,0.9982523720758942,0.0012913417854538106,4.562861386530496e-4,5,23,vax_C_0.4,vax_C,0.4
3,A,0.9972273557483018,0.0019144533717398286,8.581908799582104e-4,5,23,vax_C_0.4,vax_C,0.4
3,C,0.9978079968285041,0.001460750490222416,7.312526812728491e-4,5,23,vax_C_0.4,vax_C,0.4
4,A,0.996429483845919,0.002292221976551456,0.0012782941775295231,5,23,vax_C_0.4,vax_C,0.4
4,C,0.9973101639988751,0.0016479769749303318,0.0010418590261958897,5,23,vax_C_0.4,vax_C,0.4
5,A,0.9955086531360036,0.002713153781914037,0.0017781930820818675,5,23,vax_C_0.4,vax_C,0.4
5,C,0.9967528833312659,0.0018552260764167904,0.001391890592317377,5,23,vax_C_0.4,vax_C,0.4
6,A,0.9944473706684862,0.0031853043231237226,0.0023673250083911285,5,23,vax_C_0.4,vax_C,0.4
6,C,0.996129256009791,0.0020851267412610648,0.0017856172489490274,5,23,vax_C_0.4,vax_C,0.4
7,A,0.9932251579162262,0.0037178718426571244,0.0030569702411171818,5,23,vax_C_0.4,vax_C,0.4
7,C,0.9954314073000535,0.0023406763554256,0.0022279163445209096,5,23,vax_C_0.4,vax_C,0.4
8,A,0.9918192409890777,0.004320565667129811,0.0038601933437918167,5,23,vax_C_0.4,vax_C,0.4
8,C,0.9946506078009463,0.0026251476154531793,0.0027242445836002382,5,23,vax_C_0.4,vax_C,0.4
9,A,0.9902039390628941,0.005003755079368453,0.0047923058577369095,5,23,vax_C_0.4,vax_C,0.4
9,C,0.9937769804199874,0.0029421728818455977,0.003280846698165289,5,23,vax_C_0.4,vax_C,0.4
10,A,0.9883536473068384,0.005777358373177105,0.005868994319984739,5,23,vax_C_0.4,vax_C,0.4
10,C,0.992800643038966,0.0032953265158411674,0.0039040304451936074,5,23,vax_C_0.4,vax_C,0.4
11,A,0.9862359389281388,0.006653421554092426,0.007110639517769696,5,23,vax_C_0.4,vax_C,0.4
11,C,0.9917090199380547,0.0036890756993770003,0.004601904362567932,5,23,vax_C_0.4,vax_C,0.4
12,A,0.9838173309243706,0.0076439269924685185,0.008538742083161088,5,23,vax_C_0.4,vax_C,0.4
12,C,0.9904890561367118,0.004127977752195705,0.005382966111093823,5,23,vax_C_0.4,vax_C,0.4
13,A,0.9810608480652646,0.0087616855403408,0.010177466394394452,5,23,vax_C_0.4,vax_C,0.4
13,C,0.9891262430550445,0.004617015798237421,0.006256741146717691,5,23,vax_C_0.4,vax_C,0.4
14,A,0.9779270087391178,0.01001996217904457,0.01205302908183714,5,23,vax_C_0.4,vax_C,0.4
14,C,0.9876049636748352,0.005161473444264482,0.007233562880899782,5,23,vax_C_0.4,vax_C,0.4
15,A,0.9743709464126494,0.011433346249624944,0.014195707337724555,5,23,vax_C_0.4,vax_C,0.4
15,C,0.9859072822636455,0.005767326981398085,0.008325390754955581,5,23,vax_C_0.4,vax_C,0.4
16,A,0.970345756445158,0.013016425987346727,0.016637817567495786,5,23,vax_C_0.4,vax_C,0.4
16,C,0.9840141401154346,0.0064408034228735775,0.009545056461691126,5,23,vax_C_0.4,vax_C,0.4
17,A,0.9658007398559242,0.014784224484185959,0.01941503565988993,5,23,vax_C_0.4,vax_C,0.4
17,C,0.9819045144410841,0.0071886379587342555,0.010906847600181773,5,23,vax_C_0.4,vax_C,0.4
18,A,0.9606841034916006,0.016751159351846703,0.022564737156552904,5,23,vax_C_0.4,vax_C,0.4
18,C,0.9795563463321568,0.008017735411422233,0.012425918256419775,5,23,vax_C_0.4,vax_C,0.4
19,A,0.9549383839922135,0.018932128414345738,0.02612948759344157,5,23,vax_C_0.4,vax_C,0.4
19,C,0.9769444154013321,0.008935802987732246,0.014119781610936051,5,23,vax_C_0.4,vax_C,0.4
20,A,0.9485067015430123,0.02134033835695186,0.030152960100035712,5,23,vax_C_0.4,vax_C,0.4
20,C,0.974042635065739,0.009950556068184282,0.01600680886607622,5,23,vax_C_0.4,vax_C,0.4
21,A,0.9413307432429069,0.023987477100124933,0.03468177965696839,5,23,vax_C_0.4,vax_C,0.4
21,C,0.9708228578459159,0.01107001776981082,0.01810712438427373,5,23,vax_C_0.4,vax_C,0.4
22,A,0.9333521735270807,0.0268829742433572,0.03976485222956198,5,23,vax_C_0.4,vax_C,0.4
22,C,0.9672551065412939,0.012302374444232546,0.020442519014474296,5,23,vax_C_0.4,vax_C,0.4
23,A,0.924515079185065,0.030032601393720673,0.045452319421214575,5,23,vax_C_0.4,vax_C,0.4
23,C,0.9633079695317779,0.01365570236605163,0.023036328102170534,5,23,vax_C_0.4,vax_C,0.4
24,A,0.9147676134685624,0.03343773176569967,0.051794654765738295,5,23,vax_C_0.4,vax_C,0.4
24,C,0.9589489224062763,0.015137778067447118,0.02591329952627834,5,23,vax_C_0.4,vax_C,0.4
25,A,0.9040616403781642,0.03709464970183676,0.05884370991999925,5,23,vax_C_0.4,vax_C,0.4
25,C,0.9541433998376806,0.016756176397884962,0.029100423764434395,5,23,vax_C_0.4,vax_C,0.4
26,A,0.8923579707063942,0.04099341345366139,0.0666486158399451,5,23,vax_C_0.4,vax_C,0.4
26,C,0.9488570974858033,0.018517538798157228,0.032625363716040086,5,23,vax_C_0.4,vax_C,0.4
27,A,0.8796279826128425,0.045115816042648756,0.0752562013445085,5,23,vax_C_0.4,vax_C,0.4
27,C,0.9430551081973692,0.020427405494359768,0.03651748630827153,5,23,vax_C_0.4,vax_C,0.4
28,A,0.8658559725004993,0.04943580280087599,0.0847082246986247,5,23,vax_C_0.4,vax_C,0.4
28,C,0.9367035910142542,0.022489769508806733,0.04080663947693944,5,23,vax_C_0.4,vax_C,0.4
29,A,0.8510411100927985,0.05391822284645052,0.09504066706075073,5,23,vax_C_0.4,vax_C,0.4
29,C,0.9297698082512069,0.02470672091842789,0.04552347083036521,5,23,vax_C_0.4,vax_C,0.4
30,A,0.8351993114357306,0.058518337472921705,0.10628235109134751,5,23,vax_C_0.4,vax_C,0.4
30,C,0.9222225435450303,0.0270780728437538,0.050699383611216606,5,23,vax_C_0.4,vax_C,0.4
31,A,0.8183658019517553,0.06318281308894516,0.11845138495929973,5,23,vax_C_0.4,vax_C,0.4
31,C,0.9140346107464985,0.029600644364147995,0.056364744889354355,5,23,vax_C_0.4,vax_C,0.4
32,A,0.8005954567074111,0.06784977327715518,0.13155477001543386,5,23,vax_C_0.4,vax_C,0.4
32,C,0.9051828228123131,0.03226795036232928,0.0625492268253583,5,23,vax_C_0.4,vax_C,0.4
33,A,0.7819634415433114,0.07245013617892139,0.14558642227776655,5,23,vax_C_0.4,vax_C,0.4
33,C,0.8956494783249759,0.03506967341056328,0.06928084826445981,5,23,vax_C_0.4,vax_C,0.4
34,A,0.7625657817567701,0.07690905603610503,0.1605251622071253,5,23,vax_C_0.4,vax_C,0.4
34,C,0.885423812920019,0.03799101652318315,0.07658517055679717,5,23,vax_C_0.4,vax_C,0.4
35,A,0.742515805667539,0.08114943621049338,0.17633475812196778,5,23,vax_C_0.4,vax_C,0.4
35,C,0.8745030393875541,0.04101272562494954,0.08448423498749638,5,23,vax_C_0.4,vax_C,0.4
36,A,0.7219379578287869,0.08509693670286136,0.19296510546835183,5,23,vax_C_0.4,vax_C,0.4
36,C,0.862893325622267,0.04411154464537862,0.0929951297323541,5,23,vax_C_0.4,vax_C,0.4
37,A,0.7009767943816736,0.08867480510105026,0.2103484005172761,5,23,vax_C_0.4,vax_C,0.4
37,C,0.850610505342193,0.04725818627706667,0.10213130838073986,5,23,vax_C_0.4,vax_C,0.4
38,A,0.6797783385052246,0.09181686659713584,0.22840479489763865,5,23,vax_C_0.4,vax_C,0.4
38,C,0.8376810390974142,0.05042008311219861,0.11189887779038836,5,23,vax_C_0.4,vax_C,0.4
39,A,0.6584940833949581,0.0944643663061568,0.24704155029888483,5,23,vax_C_0.4,vax_C,0.4
39,C,0.8241418951827313,0.05356048553680577,0.12229761928046373,5,23,vax_C_0.4,vax_C,0.4
40,A,0.6372743797522963,0.09657144506811925,0.26615417517958534,5,23,vax_C_0.4,vax_C,0.4
40,C,0.8100420119291071,0.05663907771586674,0.1333189103550252,5,23,vax_C_0.4,vax_C,0.4
41,A,0.6162616657515146,0.09810611231273797,0.2856322219357475,5,23,vax_C_0.4,vax_C,0.4
41,C,0.7954398189209693,0.05961402099057228,0.1449461600884584,5,23,vax_C_0.4,vax_C,0.4
42,A,0.5955928263710123,0.099049442563851,0.3053577310651358,5,23,vax_C_0.4,vax_C,0.4
42,C,0.7804043046504854,0.06244147250426586,0.15715422284524902,5,23,vax_C_0.4,vax_C,0.4
43,A,0.5753895103053527,0.09939805703570839,0.325212432658939,5,23,vax_C_0.4,vax_C,0.4
43,C,0.7650119558049263,0.0650786229223284,0.1699094212727447,5,23,vax_C_0.4,vax_C,0.4
44,A,0.5557595362197596,0.09916241533366525,0.3450780484465755,5,23,vax_C_0.4,vax_C,0.4
44,C,0.7493460716894631,0.06748406472050966,0.18316986359002602,5,23,vax_C_0.4,vax_C,0.4
45,A,0.5367928389197693,0.09836706844902288,0.36484009263120737,5,23,vax_C_0.4,vax_C,0.4
45,C,0.7334951856055956,0.06961979501506407,0.19688501937933978,5,23,vax_C_0.4,vax_C,0.4
46,A,0.5185626677548443,0.0970472387849633,0.3843900934601931,5,23,vax_C_0.4,vax_C,0.4
46,C,0.7175501466762451,0.07145230465750516,0.21099754866625,5,23,vax_C_0.4,vax_C,0.4
47,A,0.5011254722542209,0.09524729261766783,0.4036272351281108,5,23,vax_C_0.4,vax_C,0.4
47,C,0.7016025044441123,0.07295367433770948,0.2254438212181785,5,23,vax_C_0.4,vax_C,0.4
48,A,0.4845211901990378,0.09301837262213164,0.4224604371788312,5,23,vax_C_0.4,vax_C,0.4
48,C,0.6857419576296058,0.07410267789452331,0.24015536447587268,5,23,vax_C_0.4,vax_C,0.4
49,A,0.46877423496223614,0.0904158538594457,0.440809911178318,5,23,vax_C_0.4,vax_C,0.4
49,C,0.670053898218393,0.07488559129853001,0.25506051048307815,5,23,vax_C_0.4,vax_C,0.4
50,A,0.4538959859285763,0.087498045181361,0.4586059688900625,5,23,vax_C_0.4,vax_C,0.4
50,C,0.6546194296428915,0.07529597498802039,0.2700845953690877,5,23,vax_C_0.4,vax_C,0.4
51,A,0.4398856777511445,0.0843223790918085,0.4757919431570464,5,23,vax_C_0.4,vax_C,0.4
51,C,0.6395109909878327,0.07533506891317517,0.2851539400989923,5,23,vax_C_0.4,vax_C,0.4
52,A,0.42673244333904553,0.0809456249028536,0.4923219317581007,5,23,vax_C_0.4,vax_C,0.4
52,C,0.624793808711521,0.07501141388458718,0.30019477740389156,5,23,vax_C_0.4,vax_C,0.4
53,A,0.4144172268124563,0.07742157338926538,0.5081611997982786,5,23,vax_C_0.4,vax_C,0.4
53,C,0.610523924269148,0.07434011703657044,0.31513595869428196,5,23,vax_C_0.4,vax_C,0.4
54,A,0.40291456261502007,0.07380042127490305,0.5232850161100765,5,23,vax_C_0.4,vax_C,0.4
54,C,0.5967485155094191,0.07334185833906055,0.3299096261515212,5,23,vax_C_0.4,vax_C,0.4
55,A,0.3921939367429859,0.07012755864425452,0.5376785046127605,5,23,vax_C_0.4,vax_C,0.4
55,C,0.5835050420731958,0.07204202486028155,0.3444529330665233,5,23,vax_C_0.4,vax_C,0.4
56,A,0.38222103355168113,0.06644347330815542,0.5513354931401636,5,23,vax_C_0.4,vax_C,0.4
56,C,0.5708218286785931,0.07046985390914277,0.35870831741226433,5,23,vax_C_0.4,vax_C,0.4
57,A,0.3729589876815772,0.0627834232845885,0.5642575890338349,5,23,vax_C_0.4,vax_C,0.4
57,C,0.5587183293007807,0.06865724707226654,0.3726244236269536,5,23,vax_C_0.4,vax_C,0.4
58,A,0.364370312928165,0.05917697297088096,0.5764527141009533,5,23,vax_C_0.4,vax_C,0.4
58,C,0.5472058271957266,0.06663685690282616,0.3861573159014479,5,23,vax_C_0.4,vax_C,0.4
59,A,0.35641627931649517,0.05564970774850802,0.5879340129349963,5,23,vax_C_0.4,vax_C,0.4
59,C,0.536289215127647,0.06444244598958833,0.3992683388827646,5,23,vax_C_0.4,vax_C,0.4
60,A,0.34905799183746455,0.052222482552731625,0.5987195256098037,5,23,vax_C_0.4,vax_C,0.4
60,C,0.5259667904103358,0.06210752283973123,0.4119256867499339,5,23,vax_C_0.4,vax_C,0.4
61,A,0.34225739484041523,0.04891148935218344,0.6088311158074021,5,23,vax_C_0.4,vax_C,0.4
61,C,0.5162311530168039,0.0596643052094857,0.42410454177371043,5,23,vax_C_0.4,vax_C,0.4
62,A,0.3359781012148107,0.04572901042447554,0.6182928883607133,5,23,vax_C_0.4,vax_C,0.4
62,C,0.5070707587634203,0.05714278725755015,0.43578645397903026,5,23,vax_C_0.4,vax_C,0.4
63,A,0.33018382851076783,0.04268415356117853,0.6271320179280531,5,23,vax_C_0.4,vax_C,0.4
63,C,0.4984697710944151,0.0545717547548545,0.44695847415073026,5,23,vax_C_0.4,vax_C,0.4
64,A,0.32484088419376933,0.03978271236793661,0.6353764034382942,5,23,vax_C_0.4,vax_C,0.4
64,C,0.49040981237836845,0.051976656087339056,0.4576135315342929,5,23,vax_C_0.4,vax_C,0.4
65,A,0.3199173310084632,0.03702797157310308,0.6430546974184339,5,23,vax_C_0.4,vax_C,0.4
65,C,0.4828704767815234,0.04938026257235645,0.4677492606461196,5,23,vax_C_0.4,vax_C,0.4
66,A,0.3153815575679059,0.034421295983472634,0.6501971464486211,5,23,vax_C_0.4,vax_C,0.4
66,C,0.4758289865388737,0.04680369248814636,0.4773673209729804,5,23,vax_C_0.4,vax_C,0.4
67,A,0.31120501401879935,0.031961977957870744,0.6568330080233304,5,23,vax_C_0.4,vax_C,0.4
67,C,0.46926215741573796,0.04426436314074252,0.4864734794435201,5,23,vax_C_0.4,vax_C,0.4
68,A,0.3073604846586452,0.029647873276973113,0.6629916420643807,5,23,vax_C_0.4,vax_C,0.4
68,C,0.46314593696373385,0.04177737271892655,0.4950766903173402,5,23,vax_C_0.4,vax_C,0.4
69,A,0.3038226303000627,0.027475582106517446,0.6687017875934199,5,23,vax_C_0.4,vax_C,0.4
69,C,0.4574560578782414,0.03935510733010429,0.5031888347916535,5,23,vax_C_0.4,vax_C,0.4
70,A,0.3005682269216193,0.025440873447599235,0.673990899630781,5,23,vax_C_0.4,vax_C,0.4
70,C,0.4521688374913277,0.03700745621987312,0.5108237062887984,5,23,vax_C_0.4,vax_C,0.4
71,A,0.29757468431989453,0.02353868122335742,0.6788866344567472,5,23,vax_C_0.4,vax_C,0.4
71,C,0.4472600125879713,0.034742657346919906,0.5179973300651084,5,23,vax_C_0.4,vax_C,0.4
72,A,0.29482172580585686,0.021763539008960317,0.6834147351851837,5,23,vax_C_0.4,vax_C,0.4
72,C,0.44270659591377104,0.032566634425915696,0.5247267696603135,5,23,vax_C_0.4,vax_C,0.4
73,A,0.2922903917176659,0.020109577528814863,0.6876000307535192,5,23,vax_C_0.4,vax_C,0.4
73,C,0.4384861312706376,0.030483623586165458,0.5310302451431973,5,23,vax_C_0.4,vax_C,0.4
74,A,0.28996298075691573,0.018570697061540013,0.6914663221815448,5,23,vax_C_0.4,vax_C,0.4
74,C,0.4345768570184586,0.028496390780490134,0.5369267522010531,5,23,vax_C_0.4,vax_C,0.4
75,A,0.2878232376582774,0.01714069222845474,0.6950360701132683,5,23,vax_C_0.4,vax_C,0.4
75,C,0.4309580177575828,0.02660624233030939,0.542435739912108,5,23,vax_C_0.4,vax_C,0.4
76,A,0.2858558049370177,0.015813235943540203,0.6983309591194424,5,23,vax_C_0.4,vax_C,0.4
76,C,0.42760939617344895,0.024813382246340866,0.54757722158021,5,23,vax_C_0.4,vax_C,0.4
77,A,0.28404750902387876,0.014582520259497777,0.7013699707166225,5,23,vax_C_0.4,vax_C,0.4
77,C,0.4245131868716696,0.023117107350578946,0.5523697057777514,5,23,vax_C_0.4,vax_C,0.4
78,A,0.2823865554620234,0.01344304557897593,0.7041703989590008,5,23,vax_C_0.4,vax_C,0.4
78,C,0.42165309477993,0.02151606873082513,0.5568308364892451,5,23,vax_C_0.4,vax_C,0.4
79,A,0.28085959394887483,0.012388298662088472,0.706752107389037,5,23,vax_C_0.4,vax_C,0.4
79,C,0.41901031671094713,0.020008003195329385,0.5609816800937233,5,23,vax_C_0.4,vax_C,0.4
80,A,0.2794562025250284,0.011412888554355866,0.7091309089206167,5,23,vax_C_0.4,vax_C,0.4
80,C,0.4165697269635112,0.01859027625465705,0.5648399967818317,5,23,vax_C_0.4,vax_C,0.4
81,A,0.2781665202060233,0.010511498602550136,0.711321981191427,5,23,vax_C_0.4,vax_C,0.4
81,C,0.41431675335537704,0.017259780322646898,0.5684234663219756,5,23,vax_C_0.4,vax_C,0.4
82,A,0.2769813013023378,0.009679015785182966,0.7133396829124798,5,23,vax_C_0.4,vax_C,0.4
82,C,0.412237567453673,0.016013194768661542,0.5717492377776647,5,23,vax_C_0.4,vax_C,0.4
83,A,0.2758920493927267,0.008910588287083923,0.7151973623201899,5,23,vax_C_0.4,vax_C,0.4
83,C,0.4103192553204144,0.01484697665106057,0.5748337680285258,5,23,vax_C_0.4,vax_C,0.4
84,A,0.2748909750135101,0.008201634175359485,0.7169073908111304,5,23,vax_C_0.4,vax_C,0.4
84,C,0.4085497940607107,0.013757430179490876,0.5776927757598004,5,23,vax_C_0.4,vax_C,0.4
85,A,0.2739708287142045,0.007547797610739978,0.7184813736750549,5,23,vax_C_0.4,vax_C,0.4
85,C,0.40691786594073787,0.012740792549587111,0.5803413415096741,5,23,vax_C_0.4,vax_C,0.4
86,A,0.2731250511761723,0.006945028209421674,0.7199299206144052,5,23,vax_C_0.4,vax_C,0.4
86,C,0.40541307006718785,0.01179325507549366,0.5827936748573181,5,23,vax_C_0.4,vax_C,0.4
87,A,0.2723477118290117,0.006389570336040178,0.7212627178349476,5,23,vax_C_0.4,vax_C,0.4
87,C,0.40402586911134697,0.010911018941303394,0.5850631119473501,5,23,vax_C_0.4,vax_C,0.4
88,A,0.2716333071280407,0.0058778915260755404,0.7224888013458841,5,23,vax_C_0.4,vax_C,0.4
88,C,0.40274735056728433,0.010090364816202917,0.587162284616512,5,23,vax_C_0.4,vax_C,0.4
89,A,0.27097671962892805,0.005406670866059544,0.7236166095050123,5,23,vax_C_0.4,vax_C,0.4
89,C,0.40156917363132577,0.00932767327942876,0.5891031530892449,5,23,vax_C_0.4,vax_C,0.4
90,A,0.2703732357853235,0.0049728091510198615,0.7246539550636566,5,23,vax_C_0.4,vax_C,0.4
90,C,0.4004835895646733,0.008619430307026782,0.590896980128299,5,23,vax_C_0.4,vax_C,0.4
91,A,0.26981853921011073,0.004573428863133349,0.7256080319267557,5,23,vax_C_0.4,vax_C,0.4
91,C,0.39948343607774184,0.007962238734933666,0.5925543251873244,5,23,vax_C_0.4,vax_C,0.4
92,A,0.2693086756906346,0.004205861808217642,0.7264854625011489,5,23,vax_C_0.4,vax_C,0.4
92,C,0.3985620973964774,0.007352833581106119,0.594085069022415,5,23,vax_C_0.4,vax_C,0.4
93,A,0.2688400138307663,0.0038676334367436574,0.7272923527324904,5,23,vax_C_0.4,vax_C,0.4
93,C,0.39771345600891483,0.006788093680726329,0.5954984503103588,5,23,vax_C_0.4,vax_C,0.4
94,A,0.2684092145045753,0.0035564494530211546,0.7280343360424034,5,23,vax_C_0.4,vax_C,0.4
94,C,0.3969318524167937,0.0062650472646721455,0.5968031003185338,5,23,vax_C_0.4,vax_C,0.4
95,A,0.26801320806117435,0.0032701848956387942,0.7287166070431876,5,23,vax_C_0.4,vax_C,0.4
95,C,0.39621205335779025,0.005780873454473669,0.5980070731877345,5,23,vax_C_0.4,vax_C,0.4
96,A,0.2676491743140146,0.003006874039833361,0.7293439516461518,5,23,vax_C_0.4,vax_C,0.4
96,C,0.395549223527056,0.005332901915852275,0.5991178745570914,5,23,vax_C_0.4,vax_C,0.4
97,A,0.26731452293110697,0.002764700223014634,0.7299207768458784,5,23,vax_C_0.4,vax_C,0.4
97,C,0.394938897925408,0.00491861146617329,0.6001424906084192,5,23,vax_C_0.4,vax_C,0.4
98,A,0.26700687447030536,0.0025419856811742265,0.7304511398485202,5,23,vax_C_0.4,vax_C,0.4
98,C,0.3943769548188946,0.004535627560346751,0.6010874176207591,5,23,vax_C_0.4,vax_C,0.4
99,A,0.2667240428553024,0.0023371817639982182,0.7309387753806992,5,23,vax_C_0.4,vax_C,0.4
99,C,0.3938595901691246,0.004181718603471369,0.6019586912274046,5,23,vax_C_0.4,vax_C,0.4
100,A,0.2664640195296478,0.0021488597244769324,0.7313871207458743,5,23,vax_C_0.4,vax_C,0.4
100,C,0.3933832939527865,0.003854791316260049,0.6027619147309533,5,23,vax_C_0.4,vax_C,0.4
101,A,0.26622495898379983,0.0019757020709039006,0.7317993389452958,5,23,vax_C_0.4,vax_C,0.4
101,C,0.39294482817257076,0.0035528855091247575,0.6035022863183033,5,23,vax_C_0.4,vax_C,0.4
102,A,0.2660051656599236,0.0018164944899901512,0.7321783398500863,5,23,vax_C_0.4,vax_C,0.4
102,C,0.39254120665916514,0.0032741683776837628,0.6041846249631518,5,23,vax_C_0.4,vax_C,0.4
103,A,0.26580308177712636,0.0016701182202911347,0.7325268000025827,5,23,vax_C_0.4,vax_C,0.4
103,C,0.39216967613244236,0.0030169286141645477,0.6048133952533933,5,23,vax_C_0.4,vax_C,0.4
104,A,0.2656172759720637,0.001535542855370655,0.7328471811725661,5,23,vax_C_0.4,vax_C,0.4
104,C,0.39182769837750364,0.002779570443274719,0.6053927311792219,5,23,vax_C_0.4,vax_C,0.4
105,A,0.2654464329886926,0.001411819646971867,0.73314174736433535,5,23,vax_C_0.4,vax_C,0.4
105,C,0.3915129338263842,0.0025606075330067216,0.6059264586406086,5,23,vax_C_0.4,vax_C,0.4
106,A,0.265289344235038,0.001298075268512444,0.73341258049645,5,23,vax_C_0.4,vax_C,0.4
106,C,0.3912232263544863,0.002358656922472971,0.6064181167230417,5,23,vax_C_0.4,vax_C,0.4
107,A,0.2651448991126538,0.0011935060115638271,0.7336615948757824,5,23,vax_C_0.4,vax_C,0.4
107,C,0.3909565891920418,0.0021724330455309424,0.6068709777624278,5,23,vax_C_0.4,vax_C,0.4
108,A,0.26501207704220725,0.001097372389335054,0.7338905505684573,5,23,vax_C_0.4,vax_C,0.4
108,C,0.39071119186215386,0.002000741903906269,0.6072880662339407,5,23,vax_C_0.4,vax_C,0.4
109,A,0.2648899401331255,0.0010089941264190881,0.7341010657404551,5,23,vax_C_0.4,vax_C,0.4
109,C,0.39048534808086627,0.0018424754215252209,0.6076721764976085,5,23,vax_C_0.4,vax_C,0.4
110,A,0.264777627094365,9.277459574573204e-4,0.7342946269481774,5,23,vax_C_0.4,vax_C,0.4
110,C,0.39027750563012814,0.0016966065216632135,0.6080258878482085,5,23,vax_C_0.4,vax_C,0.4
111,A,0.26467434604337226,8.530526256502691e-4,0.7344726013309778,5,23,vax_C_0.4,vax_C,0.4
111,C,0.39008623434112977,0.0015621831081157644,0.6083515825507562,5,23,vax_C_0.4,vax_C,0.4
112,A,0.26457936815370664,7.843844396565976e-4,0.7346362474066376,5,23,vax_C_0.4,vax_C,0.4
112,C,0.3899102153901907,0.0014383225282706819,0.6086514620815393,5,23,vax_C_0.4,vax_C,0.4
113,A,0.2644920234787181,7.2125431968662e-4,0.7347867222015957,5,23,vax_C_0.4,vax_C,0.4
113,C,0.3897482341367148,0.001324207625219702,0.6089275582380653,5,23,vax_C_0.4,vax_C,0.4
114,A,0.2644116970278865,6.632149958117617e-4,0.7349250879763015,5,23,vax_C_0.4,vax_C,0.4
114,C,0.3895991733941883,0.0012190829406859263,0.6091817436651255,5,23,vax_C_0.4,vax_C,0.4
115,A,0.26433782395439914,6.098555816964239e-4,0.7350523204639052,5,23,vax_C_0.4,vax_C,0.4
115,C,0.3894620052348581,0.001122250177047957,0.6094157445880942,5,23,vax_C_0.4,vax_C,0.4
116,A,0.2642698848233441,5.607982017873281e-4,0.7351693169748675,5,23,vax_C_0.4,vax_C,0.4
116,C,0.3893357828918809,0.0010330636564989122,0.609631153451619,5,23,vax_C_0.4,vax_C,0.4
117,A,0.2642074018297222,5.156952769135732e-4,0.7352769028933638,5,23,vax_C_0.4,vax_C,0.4
117,C,0.38921963419511363,9.509264782479153e-4,0.6098294393266377,5,23,vax_C_0.4,vax_C,0.4
118,A,0.26414993572789025,4.742273032516477e-4,0.735375836968858,5,23,vax_C_0.4,vax_C,0.4
118,C,0.38911275618314967,8.75287236014954e-4,0.6100119565808353,5,23,vax_C_0.4,vax_C,0.4
119,A,0.26409708288178063,4.361007151331912e-4,0.7354668164030859,5,23,vax_C_0.4,vax_C,0.4
119,C,0.38901440993784714,8.056368584953645e-4,0.6101799532036579,5,23,vax_C_0.4,vax_C,0.4
120,A,0.26404847229374545,4.010457340923152e-4,0.735550481972163,5,23,vax_C_0.4,vax_C,0.4
120,C,0.38892391539593485,7.415054523087027e-4,0.6103345791517557,5,23,vax_C_0.4,vax_C,0.4
121,A,0.2640037628376539,3.6881436256990663e-4,0.7356274227997757,5,23,vax_C_0.4,vax_C,0.4
121,C,0.3888406464946037,6.824593133487758e-4,0.6104768941920471,5,23,vax_C_0.4,vax_C,0.4
122,A,0.2639626408357011,3.39178621229958e-4,0.7356981805430696,5,23,vax_C_0.4,vax_C,0.4
122,C,0.3887640268844501,6.280982259629147e-4,0.6106078748895871,5,23,vax_C_0.4,vax_C,0.4
123,A,0.2639248178980921,3.1192897415912397e-4,0.7357632531277485,5,23,vax_C_0.4,vax_C,0.4
123,C,0.38869352608911084,5.780530032547313e-4,0.6107284209076342,5,23,vax_C_0.4,vax_C,0.4
124,A,0.2638900289053081,2.868728569555479e-4,0.7358230982377362,5,23,vax_C_0.4,vax_C,0.4
124,C,0.38862865591706247,5.319831776853755e-4,0.6108393609052523,5,23,vax_C_0.4,vax_C,0.4
125,A,0.2638580301067176,2.6383328917421804e-4,0.7358781366041084,5,23,vax_C_0.4,vax_C,0.4
125,C,0.3885689670779798,4.895748167541216e-4,0.6109414581052651,5,23,vax_C_0.4,vax_C,0.4
126,A,0.26382859737077,2.426475964842533e-4,0.7359287550327459,5,23,vax_C_0.4,vax_C,0.4
126,C,0.38851404605834877,4.5053848919334756e-4,0.6110354154524599,5,23,vax_C_0.4,vax_C,0.4
127,A,0.2638015246005826,2.2316625265747923e-4,0.7359753091467599,5,23,vax_C_0.4,vax_C,0.4
127,C,0.38846351228013337,4.1460739470502745e-4,0.6111218803251626,5,23,vax_C_0.4,vax_C,0.4
128,A,0.26377662228925597,2.0525182310884182e-4,0.7360181258876343,5,23,vax_C_0.4,vax_C,0.4
128,C,0.3884170155026406,3.815356394390013e-4,0.6112014488579208,5,23,vax_C_0.4,vax_C,0.4
129,A,0.2637537161850203,1.8877798856289127e-4,0.7360575058264175,5,23,vax_C_0.4,vax_C,0.4
129,C,0.38837423341870153,3.5109663322453456e-4,0.6112746699480739,5,23,vax_C_0.4,vax_C,0.4
130,A,0.26373264605582003,1.736286414277417e-4,0.736093725302753,5,23,vax_C_0.4,vax_C,0.4
130,C,0.3883348694267235,3.230815981995823e-4,0.6113420489750772,5,23,vax_C_0.4,vax_C,0.4
131,A,0.26371326455415295,1.5969705548638945e-4,0.736127038390361,5,23,vax_C_0.4,vax_C,0.4
131,C,0.38829865057875906,2.972981878020829e-4,0.611404051233438,5,23,vax_C_0.4,vax_C,0.4
132,A,0.26369543617841856,1.468851261897457e-4,0.7361576786953916,5,23,vax_C_0.4,vax_C,0.4
132,C,0.38826532569827515,2.735692124512407e-4,0.6114611050892734,5,23,vax_C_0.4,vax_C,0.4
133,A,0.26367903632017753,1.3510267386265666e-4,0.7361858610059596,5,23,vax_C_0.4,vax_C,0.4
133,C,0.3882346636502549,2.5173146281596165e-4,0.6115136048869282,5,23,vax_C_0.4,vax_C,0.4
134,A,0.26366395038691137,1.2426680228189128e-4,0.7362117828108059,5,23,vax_C_0.4,vax_C,0.4
134,C,0.38820645174618157,2.3163462109188578e-4,0.6115619136327267,5,23,vax_C_0.4,vax_C,0.4
135,A,0.2636500729941368,1.1430130815371854e-4,0.7362356256977094,5,23,vax_C_0.4,vax_C,0.4
135,C,0.3881804942730399,2.1314025373573144e-4,0.6116063654732254,5,23,vax_C_0.4,vax_C,0.4
136,A,0.2636373072230002,1.0513613863226493e-4,0.7362575566383682,5,23,vax_C_0.4,vax_C,0.4
136,C,0.3881566111392834,1.96120881053824e-4,0.6116472679796618,5,23,vax_C_0.4,vax_C,0.4
137,A,0.26362556393876757,9.670689350564066e-5,0.7362777291677264,5,23,vax_C_0.4,vax_C,0.4
137,C,0.38813463662979,1.8045911872929552e-4,0.6116849042514814,5,23,vax_C_0.4,vax_C,0.4
138,A,0.2636147611646562,8.895436799675101e-5,0.7362962844673481,5,23,vax_C_0.4,vax_C,0.4
138,C,0.3881144182602877,1.6604688564754937e-4,0.6117195348540658,5,23,vax_C_0.4,vax_C,0.4
139,A,0.2636048235058828,8.18241324351763e-5,0.7363133523616818,5,23,vax_C_0.4,vax_C,0.4
139,C,0.38809581572241403,1.5278467262150127e-4,0.611751399604964,5,23,vax_C_0.4,vax_C,0.4
140,A,0.263595681619925,7.526614583655585e-5,0.7363290522342387,5,23,vax_C_0.4,vax_C,0.4
140,C,0.38807869991225197,1.4058086746038384e-4,0.6117807192202884,5,23,vax_C_0.4,vax_C,0.4
141,A,0.2635872717295814,6.923440087220617e-5,0.7363434938695463,5,23,vax_C_0.4,vax_C,0.4
141,C,0.3880629520362559,1.293511324015657e-4,0.6118076968313402,5,23,vax_C_0.4,vax_C,0.4
142,A,0.26357953517548616,6.368659777180443e-5,0.7363567782267416,5,23,vax_C_0.4,vax_C,0.4
142,C,0.3880484627886344,1.1901783010185707e-4,0.6118325193812635,5,23,vax_C_0.4,vax_C,0.4
143,A,0.26357241800474,5.858384471298832e-5,0.736368998150547,5,23,vax_C_0.4,vax_C,0.4
143,C,0.3880351315943117,1.0950949442043844e-4,0.6118553589112676,5,23,vax_C_0.4,vax_C,0.4
144,A,0.2635658705926382,5.389038245246859e-5,0.736380239024909,5,23,vax_C_0.4,vax_C,0.4
144,C,0.38802286591214813,1.007603424710004e-4,0.6118763737453807,5,23,vax_C_0.4,vax_C,0.4
145,A,0.26355984729483073,4.957333125027237e-5,0.7363905793739177,5,23,vax_C_0.4,vax_C,0.4
145,C,0.3880115805935855,9.270982482736919e-5,0.6118957095815869,5,23,vax_C_0.4,vax_C,0.4
146,A,0.26355430612751307,4.560245831844184e-5,0.7364000914141685,5,23,vax_C_0.4,vax_C,0.4
146,C,0.38800119729243965,8.530221100030741e-5,0.6119135004965598,5,23,vax_C_0.4,vax_C,0.4
147,A,0.26354920847340757,4.1949964138075354e-5,0.7364088415624537,5,23,vax_C_0.4,vax_C,0.4
147,C,0.3879916439217982,7.848620748667271e-5,0.611929869870716,5,23,vax_C_0.4,vax_C,0.4
148,A,0.2635445188114198,3.859028609103372e-5,0.7364168909024893,5,23,vax_C_0.4,vax_C,0.4
148,C,0.3879828541542459,7.221460585683388e-5,0.6119449312398969,5,23,vax_C_0.4,vax_C,0.4
149,A,0.26354020446803916,3.5499917983462174e-5,0.736424295613977,5,23,vax_C_0.4,vax_C,0.4
149,C,0.3879747669619374,6.644395853992568e-5,0.6119587890795231,5,23,vax_C_0.4,vax_C,0.4
150,A,0.2635362353887333,3.2657244172900814e-5,0.7364311073670934,5,23,vax_C_0.4,vax_C,0.4
150,C,0.3879673261933449,6.113428016130763e-5,0.6119715395264941,5,23,vax_C_0.4,vax_C,0.4
151,A,0.2635325839277388,3.004238712181284e-5,0.7364373736851397,5,23,vax_C_0.4,vax_C,0.4
151,C,0.38796048018378404,5.624877245406181e-5,0.6119832710437614,5,23,vax_C_0.4,vax_C,0.4
152,A,0.263529224654759,2.7637067289085e-5,0.7364431382779519,5,23,vax_C_0.4,vax_C,0.4
152,C,0.38795418139703197,5.1753570908600604e-5,0.6119940650320581,5,23,vax_C_0.4,vax_C,0.4
153,A,0.2635261341772062,2.542447435336988e-5,0.7364484413484408,5,23,vax_C_0.4,vax_C,0.4
153,C,0.3879483860955495,4.761751145786287e-5,0.6120039963929931,5,23,vax_C_0.4,vax_C,0.4
154,A,0.26352329097672955,2.338914884521794e-5,0.736453319874425,5,23,vax_C_0.4,vax_C,0.4
154,C,0.3879430540370213,4.381191562688109e-5,0.612013134047352,5,23,vax_C_0.4,vax_C,0.4
155,A,0.26352067525887746,2.1516873344096432e-5,0.7364578078677783,5,23,vax_C_0.4,vax_C,0.4
155,C,0.3879381481951265,4.031039269979722e-5,0.6120215414121729,5,23,vax_C_0.4,vax_C,0.4
156,A,0.26351826881484136,1.9794572466285517e-5,0.7364619366126921,5,23,vax_C_0.4,vax_C,0.4
156,C,0.3879336345026007,3.7088657569749365e-5,0.6120292768398286,5,23,vax_C_0.4,vax_C,0.4
157,A,0.26351605489430346,1.821022093107702e-5,0.7364657348847664,5,23,vax_C_0.4,vax_C,0.4
157,C,0.3879294816148172,3.412436303853714e-5,0.6120363940221432,5,23,vax_C_0.4,vax_C,0.4
158,A,0.26351401808850083,1.67527590494455e-5,0.7364692291524487,5,23,vax_C_0.4,vax_C,0.4
158,C,0.3879256606922455,3.139694542727101e-5,0.612042942362328,5,23,vax_C_0.4,vax_C,0.4
159,A,0.26351214422267666,1.5412015033087924e-5,0.7364724437622903,5,23,vax_C_0.4,vax_C,0.4
159,C,0.3879221452002858,2.8887482447927768e-5,0.6120489673172647,5,23,vax_C_0.4,vax_C,0.4
160,A,0.26351042025716115,1.417863357156348e-5,0.7364754011092675,5,23,vax_C_0.4,vax_C,0.4
160,C,0.38791891072509416,2.6578562368200895e-5,0.6120545107125374,5,23,vax_C_0.4,vax_C,0.4
161,A,0.26350883419639926,1.304401017028115e-5,0.7364781217934304,5,23,vax_C_0.4,vax_C,0.4
161,C,0.3879159348041083,2.4454163577408485e-5,0.6120596110323142,5,23,vax_C_0.4,vax_C,0.4
162,A,0.2635073750052763,1.2000230783379495e-5,0.7364806247639405,5,23,vax_C_0.4,vax_C,0.4
162,C,0.38791319677012104,2.2499543731729643e-5,0.6120643036861474,5,23,vax_C_0.4,vax_C,0.4
163,A,0.2635060325321555,1.1040016312646722e-5,0.7364829274515308,5,23,vax_C_0.4,vax_C,0.4
163,C,0.3879106776078064,2.0701137719709362e-5,0.6120686212544749,5,23,vax_C_0.4,vax_C,0.4
164,A,0.263504797438094,1.0156671578457097e-5,0.736485045890327,5,23,vax_C_0.4,vax_C,0.4
164,C,0.3879083598217048,1.9046463748294967e-5,0.6120725937145459,5,23,vax_C_0.4,vax_C,0.4
165,A,0.2635036611317329,9.344038401694831e-6,0.736486994829865,5,23,vax_C_0.4,vax_C,0.4
165,C,0.3879062273147658,1.7524036906987588e-5,0.6120762486483277,5,23,vax_C_0.4,vax_C,0.4
166,A,0.26350261570941247,8.596452464422043e-6,0.7364887878381231,5,23,vax_C_0.4,vax_C,0.4
166,C,0.3879042652765789,1.6123289616740537e-5,0.6120796114338054,5,23,vax_C_0.4,vax_C,0.4
167,A,0.2635016539000851,7.908703643925533e-6,0.7364904373962698,5,23,vax_C_0.4,vax_C,0.4
167,C,0.3879024600805483,1.4834498416882764e-5,0.6120827054210339,5,23,vax_C_0.4,vax_C,0.4
168,A,0.26350076901465425,7.2759995395189114e-6,0.7364919549858067,5,23,vax_C_0.4,vax_C,0.4
168,C,0.38790079918928144,1.3648716586467331e-5,0.6120855520941331,5,23,vax_C_0.4,vax_C,0.4
169,A,0.26349995489935973,6.693931934336977e-6,0.7364933511687055,5,23,vax_C_0.4,vax_C,0.4
169,C,0.3878992710675285,1.2557712136456565e-5,0.6120881712203361,5,23,vax_C_0.4,vax_C,0.4
170,A,0.2634992058929169,6.158445955306505e-6,0.7364946356611278,5,23,vax_C_0.4,vax_C,0.4
170,C,0.38789786510209084,1.1553910745866863e-5,0.6120905809871626,5,23,vax_C_0.4,vax_C,0.4
171,A,0.26349851678707725,5.6658117136323716e-6,0.736495817401209,5,23,vax_C_0.4,vax_C,0.4
171,C,0.3878965715281248,1.0630343248666283e-5,0.6120927981286258,5,23,vax_C_0.4,vax_C,0.4
172,A,0.2634978827903586,5.212598225725362e-6,0.7364969046114166,5,23,vax_C_0.4,vax_C,0.4
172,C,0.38789538136133106,9.78059730926677e-6,0.61209483804136,5,23,vax_C_0.4,vax_C,0.4
173,A,0.2634972994946748,4.795649430690896e-6,0.7364979048558951,5,23,vax_C_0.4,vax_C,0.4
173,C,0.3878942863355689,8.998772953163088e-6,0.6120967148914784,5,23,vax_C_0.4,vax_C,0.4
174,A,0.2634967628446459,4.412062135397669e-6,0.7364988250932183,5,23,vax_C_0.4,vax_C,0.4
174,C,0.38789327884545444,8.279441645754683e-6,0.6120984417129,5,23,vax_C_0.4,vax_C,0.4
175,A,0.2634962691093636,4.059165731823305e-6,0.736499671724905,5,23,vax_C_0.4,vax_C,0.4
175,C,0.38789235189354454,7.617608636753887e-6,0.6121000304978189,5,23,vax_C_0.4,vax_C,0.4
176,A,0.26349581485641427,3.7345035439240746e-6,0.7365004506400413,5,23,vax_C_0.4,vax_C,0.4
176,C,0.3878914990417445,7.008678309998862e-6,0.6121014922799445,5,23,vax_C_0.4,vax_C,0.4
177,A,0.2634953969279938,3.4358156728049294e-6,0.7365011672563333,5,23,vax_C_0.4,vax_C,0.4
177,C,0.3878907143665987,6.44842229914261e-6,0.6121028372111017,5,23,vax_C_0.4,vax_C,0.4
178,A,0.2634950124189228,3.1610232195666353e-6,0.7365018265578578,5,23,vax_C_0.4,vax_C,0.4
178,C,0.3878899924181521,5.932950148728427e-6,0.612104074631699,5,23,vax_C_0.4,vax_C,0.4
179,A,0.2634946586564321,2.9082137749523574e-6,0.7365024331297937,5,23,vax_C_0.4,vax_C,0.4
179,C,0.38788932818210237,5.458682317702148e-6,0.6121052131355799,5,23,vax_C_0.4,vax_C,0.4
180,A,0.2634943331815619,2.675628073868546e-6,0.7365029911903648,5,23,vax_C_0.4,vax_C,0.4
180,C,0.38788871704497846,5.022325338556798e-6,0.6121062606296832,5,23,vax_C_0.4,vax_C,0.4
181,A,0.26349403373205216,2.461647721075156e-6,0.7365035046202272,5,23,vax_C_0.4,vax_C,0.4
181,C,0.38788815476209854,4.620848960157607e-6,0.6121072243889418,5,23,vax_C_0.4,vax_C,0.4
182,A,0.26349375822660276,2.2647839019127977e-6,0.7365039769894951,5,23,vax_C_0.4,vax_C,0.4
182,C,0.3878876374280902,4.251465116020071e-6,0.6121081111067942,5,23,vax_C_0.4,vax_C,0.4
183,A,0.26349350475039396,2.0836669988605664e-6,0.7365044115826073,5,23,vax_C_0.4,vax_C,0.4
183,C,0.38788716144977053,3.911608572362798e-6,0.6121089269416572,5,23,vax_C_0.4,vax_C,0.4
184,A,0.2634932715417642,1.9170370411001862e-6,0.7365048114211946,5,23,vax_C_0.4,vax_C,0.4
184,C,0.3878867235211884,3.598919121851959e-6,0.6121096775596886,5,23,vax_C_0.4,vax_C,0.4
185,A,0.26349305697995823,1.7637349201610243e-6,0.7365051792851214,5,23,vax_C_0.4,vax_C,0.4
185,C,0.3878863206006655,3.3112251997173147e-6,0.6121103681741356,5,23,vax_C_0.4,vax_C,0.4
186,A,0.2634928595738519,1.6226943100915993e-6,0.7365055177318383,5,23,vax_C_0.4,vax_C,0.4
186,C,0.3878859498896693,3.0465288086933916e-6,0.6121110035815225,5,23,vax_C_0.4,vax_C,0.4
187,A,0.2634926779515811,1.4929342355604454e-6,0.7365058291141834,5,23,vax_C_0.4,vax_C,0.4
187,C,0.3878856088133807,2.802991648289849e-6,0.6121115881949719,5,23,vax_C_0.4,vax_C,0.4
188,A,0.26349251085100184,1.3735522358463732e-6,0.7365061155967618,5,23,vax_C_0.4,vax_C,0.4
188,C,0.38788529500280733,2.5789223522289146e-6,0.6121121260748401,5,23,vax_C_0.4,vax_C,0.4
189,A,0.26349235711091307,1.2637180768702709e-6,0.7365063791710106,5,23,vax_C_0.4,vax_C,0.4
189,C,0.3878850062783329,2.372764745565639e-6,0.6121126209569218,5,23,vax_C_0.4,vax_C,0.4
190,A,0.26349221566297965,1.162667967271372e-6,0.7365066216690531,5,23,vax_C_0.4,vax_C,0.4
190,C,0.38788474063457595,2.1830870400665593e-6,0.6121130762783835,5,23,vax_C_0.4,vax_C,0.4
191,A,0.26349208552430564,1.0696992380693535e-6,0.7365068447764569,5,23,vax_C_0.4,vax_C,0.4
191,C,0.38788449622646615,2.0085718929148644e-6,0.6121134952016407,5,23,vax_C_0.4,vax_C,0.4
192,A,0.2634919657905994,9.841654487065382e-7,0.73650705004395145,5,23,vax_C_0.4,vax_C,0.4
192,C,0.38788427135642395,1.8480072597865536e-6,0.6121138806363153,5,23,vax_C_0.4,vax_C,0.4
193,A,0.2634918556298867,9.054718852564674e-7,0.7365072388982281,5,23,vax_C_0.4,vax_C,0.4
193,C,0.387884064462576,1.7002779788461635e-6,0.6121142352594445,5,23,vax_C_0.4,vax_C,0.4
194,A,0.263491754276724,8.330714193358981e-7,0.7365074126518575,5,23,vax_C_0.4,vax_C,0.4
194,C,0.38788387410790387,1.564358027276464e-6,0.612114561534069,5,23,vax_C_0.4,vax_C,0.4
195,A,0.26349166102688015,7.66460698786179e-7,0.7365075725124207,5,23,vax_C_0.4,vax_C,0.4
195,C,0.38788369897026204,1.4393033966175365e-6,0.6121148617263406,5,23,vax_C_0.4,vax_C,0.4
196,A,0.2634915752324383,7.051766435145677e-7,0.7365077195909181,5,23,vax_C_0.4,vax_C,0.4
196,C,0.38788353783319934,1.3242455374790008e-6,0.6121151379212632,5,23,vax_C_0.4,vax_C,0.4
197,A,0.26349149629729324,6.487932220235993e-7,0.7365078549094854,5,23,vax_C_0.4,vax_C,0.4
197,C,0.3878833895775051,1.2183853281358488e-6,0.6121153920371664,5,23,vax_C_0.4,vax_C,0.4
198,A,0.2634914236730064,5.969184861221849e-7,0.7365079794085078,5,23,vax_C_0.4,vax_C,0.4
198,C,0.38788325317344147,1.1209875251509357e-6,0.6121156258390337,5,23,vax_C_0.4,vax_C,0.4
199,A,0.26349135685499403,5.491918431195168e-7,0.7365080939531621,5,23,vax_C_0.4,vax_C,0.4
199,C,0.3878831276735836,1.0313756575100232e-6,0.6121158409507592,5,23,vax_C_0.4,vax_C,0.4
200,A,0.26349129537902133,5.052815464647216e-7,0.7365081993394327,5,23,vax_C_0.4,vax_C,0.4
200,C,0.3878830122062462,9.489273288312849e-7,0.6121160388664239,5,23,vax_C_0.4,vax_C,0.4
201,A,0.26349123881797243,4.648823873232321e-7,0.7365082962996404,5,23,vax_C_0.4,vax_C,0.4
201,C,0.38788290596942754,8.730698950410655e-7,0.6121162209606775,5,23,vax_C_0.4,vax_C,0.4
202,A,0.2634911867788851,4.277135709865455e-7,0.7365083855075437,5,23,vax_C_0.4,vax_C,0.4
202,C,0.38788280822523546,8.032764875137895e-7,0.6121163884982785,5,23,vax_C_0.4,vax_C,0.4
203,A,0.2634911389002178,3.935167633035929e-7,0.736508467583019,5,23,vax_C_0.4,vax_C,0.4
203,C,0.3878827182947656,7.390623540685431e-7,0.612116542642881,5,23,vax_C_0.4,vax_C,0.4
204,A,0.26349109484933697,3.620542935101523e-7,0.7365085430963701,5,23,vax_C_0.4,vax_C,0.4
204,C,0.3878826355533866,6.799814924199429e-7,0.6121166844651219,5,23,vax_C_0.4,vax_C,0.4
205,A,0.2634910543202058,3.3310750092669616e-7,0.736508612572293,5,23,vax_C_0.4,vax_C,0.4
205,C,0.38788255942639954,6.256235527133428e-7,0.612116814950048,5,23,vax_C_0.4,vax_C,0.4
206,A,0.2634910170312583,3.0647521399930186e-7,0.7365086764935279,5,23,vax_C_0.4,vax_C,0.4
206,C,0.3878824893850462,5.756109876394636e-7,0.6121169350039665,5,23,vax_C_0.4,vax_C,0.4
207,A,0.2634909827234399,2.819723510825067e-7,0.736508735304209,5,23,vax_C_0.4,vax_C,0.4
207,C,0.38788242494283903,5.295964303416442e-7,0.6121170454607305,5,23,vax_C_0.4,vax_C,0.4
208,A,0.2634909511584099,2.594286332130763e-7,0.7365087894129576,5,23,vax_C_0.4,vax_C,0.4
208,C,0.387882365652179,4.872602819099945e-7,0.6121171470875383,5,23,vax_C_0.4,vax_C,0.4
209,A,0.26349092211688346,2.386873999055211e-7,0.7365088391957174,5,23,vax_C_0.4,vax_C,0.4
209,C,0.3878823111012494,4.4830849171176454e-7,0.6121172405902585,5,23,vax_C_0.4,vax_C,0.4
210,A,0.26349089539710885,2.196045197192375e-7,0.7365088849983717,5,23,vax_C_0.4,vax_C,0.4
210,C,0.38788226091115297,4.12470515145801e-7,0.61211732661833,5,23,vax_C_0.4,vax_C,0.4
211,A,0.2634908708134648,2.020473880083718e-7,0.7365089271391464,5,23,vax_C_0.4,vax_C,0.4
211,C,0.3878822147332838,3.794974346404066e-7,0.612117405769281,5,23,vax_C_0.4,vax_C,0.4
212,A,0.2634908481951716,1.8589400487370326e-7,0.7365089659108232,5,23,vax_C_0.4,vax_C,0.4
212,C,0.3878821722469012,3.4916023084701857e-7,0.6121174785928682,5,23,vax_C_0.4,vax_C,0.4
213,A,0.2634908273851036,1.710321268952275e-7,0.7365090015827693,5,23,vax_C_0.4,vax_C,0.4
213,C,0.3878821331569062,3.212481920248557e-7,0.6121175455949026,5,23,vax_C_0.4,vax_C,0.4
214,A,0.2634908082386967,1.573584867386919e-7,0.736509034402817,5,23,vax_C_0.4,vax_C,0.4
214,C,0.3878820971917889,2.9556745057112055e-7,0.6121176072407599,5,23,vax_C_0.4,vax_C,0.4
215,A,0.2634907906229461,1.4477807520255221e-7,0.7365090645989789,5,23,vax_C_0.4,vax_C,0.4
215,C,0.38788206410174575,2.719396365340769e-7,0.6121176639586176,5,23,vax_C_0.4,vax_C,0.4
216,A,0.26349077441548013,1.3320348070712118e-7,0.7365090923810396,5,23,vax_C_0.4,vax_C,0.4
216,C,0.38788203365694196,2.5020063875850396e-7,0.6121177161424203,5,23,vax_C_0.4,vax_C,0.4
217,A,0.26349075950371154,1.225542816280312e-7,0.736509117942007,5,23,vax_C_0.4,vax_C,0.4
217,C,0.3878820056459137,2.3019946506031838e-7,0.6121177641546208,5,23,vax_C_0.4,vax_C,0.4
218,A,0.26349074578405285,1.1275648724442107e-7,0.7365091414594592,5,23,vax_C_0.4,vax_C,0.4
218,C,0.38788197987410566,2.1179719351475766e-7,0.6121178083287003,5,23,vax_C_0.4,vax_C,0.4
219,A,0.2634907331612011,1.0374202341099907e-7,0.7365091630967756,5,23,vax_C_0.4,vax_C,0.4
219,C,0.38788195616251253,1.9486600757516154e-7,0.6121178489714809,5,23,vax_C_0.4,vax_C,0.4
220,A,0.26349072154746955,9.544825937472204e-8,0.7365091830042714,5,23,vax_C_0.4,vax_C,0.4
220,C,0.3878819343464388,1.792883083215173e-7,0.6121178863652522,5,23,vax_C_0.4,vax_C,0.4
221,A,0.2634907108621839,8.781757244344959e-8,0.7365092013202439,5,23,vax_C_0.4,vax_C,0.4
221,C,0.38788191427435664,1.6495589767347021e-7,0.6121179207697459,5,23,vax_C_0.4,vax_C,0.4
222,A,0.2634907010311191,8.079694747757589e-8,0.7365092181719324,5,23,vax_C_0.4,vax_C,0.4
222,C,0.3878818958068489,1.5176922689532506e-7,0.6121179524239235,5,23,vax_C_0.4,vax_C,0.4
223,A,0.2634906919859846,7.433760841813656e-8,0.7365092336764071,5,23,vax_C_0.4,vax_C,0.4
223,C,0.38788187881564706,1.3963670517389624e-7,0.6121179815476497,5,23,vax_C_0.4,vax_C,0.4
224,A,0.2634906836639467,6.839467801604893e-8,0.7365092479413756,5,23,vax_C_0.4,vax_C,0.4
224,C,0.38788186318272794,1.2847406107715724e-7,0.6121180083432102,5,23,vax_C_0.4,vax_C,0.4
225,A,0.26349067600717313,6.292685081723794e-8,0.736509261065976,5,23,vax_C_0.4,vax_C,0.4
225,C,0.3878818487994655,1.1820372886709053e-7,0.6121180329968047,5,23,vax_C_0.4,vax_C,0.4
226,A,0.26349066896247186,5.789613641424231e-8,0.7365092731413911,5,23,vax_C_0.4,vax_C,0.4
226,C,0.38788183556594613,1.0875436664113847e-7,0.6121180556796878,5,23,vax_C_0.4,vax_C,0.4
227,A,0.26349066248093,5.3267600583452106e-8,0.7365092842514688,5,23,vax_C_0.4,vax_C,0.4
227,C,0.3878818233902941,1.0006037048710595e-7,0.6121180765493371,5,23,vax_C_0.4,vax_C,0.4
228,A,0.2634906565175445,4.900910247404908e-8,0.7365092944733524,5,23,vax_C_0.4,vax_C,0.4
228,C,0.38788181218797624,9.20613812171695e-8,0.6121180957506427,5,23,vax_C_0.4,vax_C,0.4
229,A,0.26349065103103747,4.509116193888058e-8,0.7365093038777998,5,23,vax_C_0.4,vax_C,0.4
229,C,0.3878818018814593,8.470203542949169e-8,0.6121181134165053,5,23,vax_C_0.4,vax_C,0.4
230,A,0.2634906459835069,4.1486709376321574e-8,0.7365093125297846,5,23,vax_C_0.4,vax_C,0.4
230,C,0.38788179239954684,7.79314958859549e-8,0.6121181296689571,5,23,vax_C_0.4,vax_C,0.4
231,A,0.2634906413397086,3.817057444343815e-8,0.7365093204897172,5,23,vax_C_0.4,vax_C,0.4
231,C,0.3878817836760367,7.170249161562686e-8,0.6121181446214702,5,23,vax_C_0.4,vax_C,0.4
232,A,0.2634906370671897,3.5119579865922034e-8,0.7365093278132306,5,23,vax_C_0.4,vax_C,0.4
232,C,0.3878817756499693,6.597149411212719e-8,0.6121181583785366,5,23,vax_C_0.4,vax_C,0.4
233,A,0.2634906331316741,3.230924703442292e-8,0.736509334559079,5,23,vax_C_0.4,vax_C,0.4
233,C,0.3878817682569598,6.069253015017808e-8,0.61211817105051,5,23,vax_C_0.4,vax_C,0.4
234,A,0.26349062950789787,2.9721533632859095e-8,0.7365093407705673,5,23,vax_C_0.4,vax_C,0.4
234,C,0.3878817614495522,5.583171395815366e-8,0.6121181827187325,5,23,vax_C_0.4,vax_C,0.4
235,A,0.26349062617226976,2.7339591277021593e-8,0.7365093464881391,5,23,vax_C_0.4,vax_C,0.4
235,C,0.38788175518343143,5.135740160587299e-8,0.612118193459168,5,23,vax_C_0.4,vax_C,0.4
236,A,0.26349062322763017,2.5236858979840666e-8,0.7365093515355121,5,23,vax_C_0.4,vax_C,0.4
236,C,0.3878817496517851,4.740753966584644e-8,0.612118202940675,5,23,vax_C_0.4,vax_C,0.4
237,A,0.2634906205094646,2.3295853639794093e-8,0.736509356194681,5,23,vax_C_0.4,vax_C,0.4
237,C,0.3878817445455744,4.3761458750899874e-8,0.612118211692967,5,23,vax_C_0.4,vax_C,0.4
238,A,0.2634906180003551,2.15041361109095e-8,0.7365093604955084,5,23,vax_C_0.4,vax_C,0.4
238,C,0.3878817398320785,4.039579529443999e-8,0.6121182197721252,5,23,vax_C_0.4,vax_C,0.4
239,A,0.26349061568422283,1.9850224030525126e-8,0.7365093644655536,5,23,vax_C_0.4,vax_C,0.4
239,C,0.3878817354810946,3.728898260367625e-8,0.6121182272299218,5,23,vax_C_0.4,vax_C,0.4
240,A,0.2634906135462249,1.8323518221825823e-8,0.7365093681302578,5,23,vax_C_0.4,vax_C,0.4
240,C,0.3878817314647426,3.442111266206615e-8,0.6121182341141447,5,23,vax_C_0.4,vax_C,0.4
241,A,0.2634906115726614,1.6914234758804163e-8,0.7365093715131048,5,23,vax_C_0.4,vax_C,0.4
241,C,0.3878817277572851,3.177380856214024e-8,0.6121182404689068,5,23,vax_C_0.4,vax_C,0.4
242,A,0.26349060975088523,1.5613342257190386e-8,0.7365093746357735,5,23,vax_C_0.4,vax_C,0.4
242,C,0.38788172433496515,2.933010674936507e-8,0.6121182463349284,5,23,vax_C_0.4,vax_C,0.4
243,A,0.26349060806922286,1.4412503989295678e-8,0.7365093775182726,5,23,vax_C_0.4,vax_C,0.4
243,C,0.38788172117585373,2.707434832249023e-8,0.612118251749797,5,23,vax_C_0.4,vax_C,0.4
244,A,0.26349060651689704,1.3304024451649312e-8,0.7365093801790784,5,23,vax_C_0.4,vax_C,0.4
244,C,0.38788171825970785,2.4992078693861876e-8,0.6121182567482139,5,23,vax_C_0.4,vax_C,0.4
245,A,0.2634906050839616,1.228080004286642e-8,0.7365093826352388,5,23,vax_C_0.4,vax_C,0.4
245,C,0.3878817155678403,2.306995496674943e-8,0.6121182613622037,5,23,vax_C_0.4,vax_C,0.4
246,A,0.26349060376123346,1.133627353554073e-8,0.7365093849024928,5,23,vax_C_0.4,vax_C,0.4
246,C,0.3878817130830031,2.1295660436181808e-8,0.6121182656213369,5,23,vax_C_0.4,vax_C,0.4
247,A,0.2634906025402367,1.0464392050286676e-8,0.7365093869953718,5,23,vax_C_0.4,vax_C,0.4
247,C,0.38788171078927297,1.9657825665433613e-8,0.6121182695529026,5,23,vax_C_0.4,vax_C,0.4
248,A,0.2634906014131467,9.659568262511915e-9,0.7365093889272848,5,23,vax_C_0.4,vax_C,0.4
248,C,0.3878817086719518,1.814595563243747e-8,0.612118273182092,5,23,vax_C_0.4,vax_C,0.4
249,A,0.2634906003727414,8.916644593230975e-9,0.7365093907106133,5,23,vax_C_0.4,vax_C,0.4
249,C,0.38788170671747185,1.6750362479292485e-8,0.6121182765321644,5,23,vax_C_0.4,vax_C,0.4
250,A,0.2634905994123537,8.230860154363626e-9,0.7365093923567864,5,23,vax_C_0.4,vax_C,0.4
250,C,0.3878817049133109,1.5462103433941477e-8,0.6121182796245863,5,23,vax_C_0.4,vax_C,0.4
251,A,0.2634905985258298,7.597820236623726e-9,0.7365093938763498,5,23,vax_C_0.4,vax_C,0.4
251,C,0.38788170324790516,1.427292350623195e-8,0.6121182824791698,5,23,vax_C_0.4,vax_C,0.4
252,A,0.26349059770748817,7.013468144406384e-9,0.7365093952790442,5,23,vax_C_0.4,vax_C,0.4
252,C,0.38788170171058656,1.3175202591169452e-8,0.6121182851142108,5,23,vax_C_0.4,vax_C,0.4
253,A,0.2634905969520854,6.474059197128646e-9,0.7365093965738556,5,23,vax_C_0.4,vax_C,0.4
253,C,0.38788170029150115,1.2161906640409879e-8,0.6121182875465927,5,23,vax_C_0.4,vax_C,0.4
254,A,0.2634905962547803,5.976136730369827e-9,0.7365093977690832,5,23,vax_C_0.4,vax_C,0.4
254,C,0.38788169898155556,1.1226542589108265e-8,0.6121182897918999,5,23,vax_C_0.4,vax_C,0.4
255,A,0.263490595611105,5.516509942977862e-9,0.736509398872385,5,23,vax_C_0.4,vax_C,0.4
255,C,0.387881697772359,1.0363116749303534e-8,0.6121182918645246,5,23,vax_C_0.4,vax_C,0.4
256,A,0.26349059501693484,5.092233444205877e-9,0.7365093998908318,5,23,vax_C_0.4,vax_C,0.4
256,C,0.3878816966561599,9.566096389773773e-9,0.6121182937777434,5,23,vax_C_0.4,vax_C,0.4
257,A,0.2634905944684627,4.700588389540299e-9,0.7365094008309494,5,23,vax_C_0.4,vax_C,0.4
257,C,0.3878816956258076,8.830374324244343e-9,0.6121182955438186,5,23,vax_C_0.4,vax_C,0.4
258,A,0.26349059396217267,4.339065045043342e-9,0.7365094016987623,5,23,vax_C_0.4,vax_C,0.4
258,C,0.38788169467469863,8.151236144610367e-9,0.6121182971740665,5,23,vax_C_0.4,vax_C,0.4
259,A,0.26349059349482173,4.005346706646439e-9,0.7365094024998314,5,23,vax_C_0.4,vax_C,0.4
259,C,0.38788169379673787,7.524330023223234e-9,0.6121182986789321,5,23,vax_C_0.4,vax_C,0.4
260,A,0.26349059306341444,3.6972948537612813e-9,0.7365094032392909,5,23,vax_C_0.4,vax_C,0.4
260,C,0.38788169298630154,6.945638828404784e-9,0.6121183000680595,5,23,vax_C_0.4,vax_C,0.4
261,A,0.26349059266518693,3.412935444463037e-9,0.7365094039218777,5,23,vax_C_0.4,vax_C,0.4
261,C,0.38788169223819524,6.411454383230545e-9,0.6121183013503505,5,23,vax_C_0.4,vax_C,0.4
262,A,0.26349059229758676,3.150446264799505e-9,0.7365094045519669,5,23,vax_C_0.4,vax_C,0.4
262,C,0.3878816915476243,5.918353704049223e-9,0.6121183025340199,5,23,vax_C_0.4,vax_C,0.4
263,A,0.26349059195825875,2.9081452511426188e-9,0.7365094051335958,5,23,vax_C_0.4,vax_C,0.4
263,C,0.3878816909101668,5.463177066478556e-9,0.6121183036266564,5,23,vax_C_0.4,vax_C,0.4
264,A,0.26349059164502836,2.6844797107363615e-9,0.7365094056704918,5,23,vax_C_0.4,vax_C,0.4
264,C,0.3878816903217341,5.043007758327741e-9,0.6121183046352588,5,23,vax_C_0.4,vax_C,0.4
265,A,0.2634905913558882,2.478016371352517e-9,0.7365094061660951,5,23,vax_C_0.4,vax_C,0.4
265,C,0.3878816897785579,4.655153389707072e-9,0.6121183055662889,5,23,vax_C_0.4,vax_C,0.4
266,A,0.26349059108898637,2.2874321962804204e-9,0.7365094066235814,5,23,vax_C_0.4,vax_C,0.4
266,C,0.38788168927715666,4.297128640562156e-9,0.6121183064257142,5,23,vax_C_0.4,vax_C,0.4
267,A,0.2634905908426112,2.111505905782399e-9,0.7365094070458825,5,23,vax_C_0.4,vax_C,0.4
267,C,0.38788168881431895,3.966639335082089e-9,0.6121183072190424,5,23,vax_C_0.4,vax_C,0.4
268,A,0.263490590615185,1.9491101506750697e-9,0.7365094074357047,5,23,vax_C_0.4,vax_C,0.4
268,C,0.38788168838707654,3.6615677409326644e-9,0.6121183079513564,5,23,vax_C_0.4,vax_C,0.4
269,A,0.26349059040525,1.7992042878765877e-9,0.7365094077955456,5,23,vax_C_0.4,vax_C,0.4
269,C,0.38788168799269335,3.3799589991144453e-9,0.6121183086273477,5,23,vax_C_0.4,vax_C,0.4
270,A,0.26349059021146104,1.6608277116181713e-9,0.7365094081277105,5,23,vax_C_0.4,vax_C,0.4
270,C,0.3878816876286424,3.1200085974902056e-9,0.6121183092513495,5,23,vax_C_0.4,vax_C,0.4
271,A,0.26349059003257624,1.5330936975800493e-9,0.7365094084343292,5,23,vax_C_0.4,vax_C,0.4
271,C,0.3878816872925897,2.8800508077140114e-9,0.6121183098273592,5,23,vax_C_0.4,vax_C,0.4
272,A,0.2634905898674496,1.4151837204993564e-9,0.7365094087173668,5,23,vax_C_0.4,vax_C,0.4
272,C,0.38788168698238273,2.65854801146757e-9,0.6121183103590692,5,23,vax_C_0.4,vax_C,0.4
273,A,0.26349058971502276,1.3063422088322836e-9,0.7365094089786355,5,23,vax_C_0.4,vax_C,0.4
273,C,0.38788168669603407,2.4540808476078075e-9,0.6121183108498852,5,23,vax_C_0.4,vax_C,0.4
274,A,0.26349058957431903,1.2058717028540449e-9,0.7365094092198105,5,23,vax_C_0.4,vax_C,0.4
274,C,0.38788168643170845,2.2653391170901963e-9,0.6121183113029535,5,23,vax_C_0.4,vax_C,0.4
275,A,0.26349058944443643,1.1131283851659115e-9,0.736509409442435,5,23,vax_C_0.4,vax_C,0.4
275,C,0.38788168618771146,2.0911133873877486e-9,0.6121183117211763,5,23,vax_C_0.4,vax_C,0.4
276,A,0.2634905893245432,1.0275179555662714e-9,0.7365094096479387,5,23,vax_C_0.4,vax_C,0.4
276,C,0.3878816859624793,1.930287244582185e-9,0.6121183121072323,5,23,vax_C_0.4,vax_C,0.4
277,A,0.263490589213871,9.48491820832469e-10,0.7365094098376368,5,23,vax_C_0.4,vax_C,0.4
277,C,0.38788168575457044,1.7818301334837417e-9,0.6121183124635992,5,23,vax_C_0.4,vax_C,0.4
278,A,0.2634905891117106,8.755435809907324e-10,0.7365094100127454,5,23,vax_C_0.4,vax_C,0.4
278,C,0.38788168556265085,1.6447907599574913e-9,0.6121183127925559,5,23,vax_C_0.4,vax_C,0.4
279,A,0.2634905890174073,8.082057837209629e-10,0.7365094101743872,5,23,vax_C_0.4,vax_C,0.4
279,C,0.38788168538549345,1.518290993449678e-9,0.6121183130962153,5,23,vax_C_0.4,vax_C,0.4
280,A,0.2634905889303566,7.460469287807235e-10,0.7365094103235968,5,23,vax_C_0.4,vax_C,0.4
280,C,0.3878816852219603,1.4015202398343908e-9,0.6121183133765201,5,23,vax_C_0.4,vax_C,0.4
281,A,0.2634905888500013,6.886687028820912e-10,0.7365094104613306,5,23,vax_C_0.4,vax_C,0.4
281,C,0.3878816850710045,1.2937302472332323e-9,0.6121183136352664,5,23,vax_C_0.4,vax_C,0.4
282,A,0.2634905887758258,6.357034272406686e-10,0.7365094105884714,5,23,vax_C_0.4,vax_C,0.4
282,C,0.3878816849316582,1.1942303113156953e-9,0.6121183138741121,5,23,vax_C_0.4,vax_C,0.4
283,A,0.263490588707355,5.868117014393357e-10,0.7365094107058328,5,23,vax_C_0.4,vax_C,0.4
283,C,0.38788168480302837,1.1023828493565355e-9,0.6121183140945877,5,23,vax_C_0.4,vax_C,0.4
284,A,0.2634905886441505,5.416802285074386e-10,0.7365094108141689,5,23,vax_C_0.4,vax_C,0.4
284,C,0.3878816846842925,1.017599314689295e-9,0.6121183142981084,5,23,vax_C_0.4,vax_C,0.4
285,A,0.263490588585807,5.00019807277509e-10,0.7365094109141735,5,23,vax_C_0.4,vax_C,0.4
285,C,0.38788168457468863,9.39336425376357e-10,0.6121183144859763,5,23,vax_C_0.4,vax_C,0.4
286,A,0.26349058853195084,4.6156347915364307e-10,0.7365094110064866,5,23,vax_C_0.4,vax_C,0.4
286,C,0.3878816844735137,8.67092682929379e-10,0.6121183146593941,5,23,vax_C_0.4,vax_C,0.4
287,A,0.26349058848223667,4.2606481741524493e-10,0.7365094110916988,5,23,vax_C_0.4,vax_C,0.4
287,C,0.38788168438011944,8.004051587725451e-10,0.6121183148194748,5,23,vax_C_0.4,vax_C,0.4
288,A,0.26349058843634576,3.932963480933057e-10,0.7365094111703583,5,23,vax_C_0.4,vax_C,0.4
288,C,0.387881684293909,7.38846527856685e-10,0.6121183149672439,5,23,vax_C_0.4,vax_C,0.4
289,A,0.26349058839398426,3.630480922996105e-10,0.7365094112429681,5,23,vax_C_0.4,vax_C,0.4
289,C,0.3878816842143287,6.82022330416108e-10,0.6121183151036488,5,23,vax_C_0.4,vax_C,0.4
290,A,0.2634905883548808,3.351262206675711e-10,0.7365094113099928,5,23,vax_C_0.4,vax_C,0.4
290,C,0.3878816841408689,6.295684443218478e-10,0.6121183152295626,5,23,vax_C_0.4,vax_C,0.4
291,A,0.26349058831878475,3.093518112819228e-10,0.7365094113718634,5,23,vax_C_0.4,vax_C,0.4
291,C,0.38788168407305923,5.811487518344712e-10,0.6121183153457926,5,23,vax_C_0.4,vax_C,0.4
292,A,0.26349058828546523,2.855597031376765e-10,0.7365094114289762,5,23,vax_C_0.4,vax_C,0.4
292,C,0.3878816840104644,5.364529858053497e-10,0.6121183154530833,5,23,vax_C_0.4,vax_C,0.4
293,A,0.26349058825470745,2.6359743778096354e-10,0.7365094114816941,5,23,vax_C_0.4,vax_C,0.4
293,C,0.3878816839526833,4.951947415251136e-10,0.6121183155521218,5,23,vax_C_0.4,vax_C,0.4
294,A,0.2634905882263163,2.4332428234950766e-10,0.7365094115303602,5,23,vax_C_0.4,vax_C,0.4
294,C,0.38788168389934685,4.5710964147948794e-10,0.6121183156435436,5,23,vax_C_0.4,vax_C,0.4
295,A,0.2634905882001081,2.2461032775210573e-10,0.7365094115752819,5,23,vax_C_0.4,vax_C,0.4
295,C,0.38788168385011157,4.2195364125251555e-10,0.6121183157279342,5,23,vax_C_0.4,vax_C,0.4
296,A,0.2634905881759152,2.0733565620268125e-10,0.736509411616748,5,23,vax_C_0.4,vax_C,0.4
296,C,0.3878816838046638,3.895014655849837e-10,0.6121183158058343,5,23,vax_C_0.4,vax_C,0.4
297,A,0.26349058815358384,1.9138957279802879e-10,0.7365094116550271,5,23,vax_C_0.4,vax_C,0.4
297,C,0.38788168376271087,3.595451652587679e-10,0.6121183158777431,5,23,vax_C_0.4,vax_C,0.4
298,A,0.2634905881329698,1.7666989617477857e-10,0.7365094116903614,5,23,vax_C_0.4,vax_C,0.4
298,C,0.38788168372398446,3.3189278416985594e-10,0.6121183159441215,5,23,vax_C_0.4,vax_C,0.4
299,A,0.2634905881139407,1.6308230373139551e-10,0.7365094117229768,5,23,vax_C_0.4,vax_C,0.4
299,C,0.38788168368823683,3.0636712941711693e-10,0.6121183160053949,5,23,vax_C_0.4,vax_C,0.4
300,A,0.26349058809637504,1.5053972720911525e-10,0.7365094117530848,5,23,vax_C_0.4,vax_C,0.4
300,C,0.38788168365523834,2.828046358876147e-10,0.6121183160619569,5,23,vax_C_0.4,vax_C,0.4
301,A,0.2634905880801607,1.3896179475902152e-10,0.736509411780877,5,23,vax_C_0.4,vax_C,0.4
301,C,0.3878816836247784,2.6105431815251987e-10,0.612118316114168,5,23,vax_C_0.4,vax_C,0.4
302,A,0.2634905880651934,1.2827431592009774e-10,0.7365094118065324,5,23,vax_C_0.4,vax_C,0.4
302,C,0.38788168359666003,2.40976802972004e-10,0.6121183161623626,5,23,vax_C_0.4,vax_C,0.4
303,A,0.2634905880513771,1.1840880620790854e-10,0.7365094118302141,5,23,vax_C_0.4,vax_C,0.4
303,C,0.3878816835707044,2.224434362095369e-10,0.6121183162068513,5,23,vax_C_0.4,vax_C,0.4
304,A,0.2634905880386234,1.0930204826741257e-10,0.7365094118520731,5,23,vax_C_0.4,vax_C,0.4
304,C,0.38788168354674574,2.0533545843279828e-10,0.6121183162479187,5,23,vax_C_0.4,vax_C,0.4
305,A,0.26349058802685127,1.0089568677771924e-10,0.7365094118722542,5,23,vax_C_0.4,vax_C,0.4
305,C,0.38788168352462943,1.8954324391857633e-10,0.6121183162858276,5,23,vax_C_0.4,vax_C,0.4
306,A,0.2634905880159835,9.313585451289064e-11,0.7365094118908811,5,23,vax_C_0.4,vax_C,0.4
306,C,0.38788168350421387,1.749655981852833e-10,0.6121183163208204,5,23,vax_C_0.4,vax_C,0.4
307,A,0.2634905880059515,8.597282716255009e-11,0.7365094119080744,5,23,vax_C_0.4,vax_C,0.4
307,C,0.3878816834853686,1.615091095517815e-10,0.6121183163531217,5,23,vax_C_0.4,vax_C,0.4
308,A,0.2634905879966918,7.936070470035096e-11,0.7365094119239478,5,23,vax_C_0.4,vax_C,0.4
308,C,0.3878816834679722,1.4908755056737858e-10,0.6121183163829397,5,23,vax_C_0.4,vax_C,0.4
309,A,0.26349058798814395,7.325711725849071e-11,0.736509411938598,5,23,vax_C_0.4,vax_C,0.4
309,C,0.38788168345191426,1.376213254774457e-10,0.612118316410464,5,23,vax_C_0.4,vax_C,0.4
310,A,0.2634905879802535,6.762295362349106e-11,0.7365094119521236,5,23,vax_C_0.4,vax_C,0.4
310,C,0.38788168343709134,1.2703696018408386e-10,0.6121183164358712,5,23,vax_C_0.4,vax_C,0.4
311,A,0.26349058797297,6.242211061342425e-11,0.7365094119646083,5,23,vax_C_0.4,vax_C,0.4
311,C,0.38788168342340873,1.172666314335748e-10,0.6121183164593251,5,23,vax_C_0.4,vax_C,0.4
312,A,0.26349058796624636,5.762126173058314e-11,0.7365094119761312,5,23,vax_C_0.4,vax_C,0.4
312,C,0.38788168341077783,1.0824773221370993e-10,0.6121183164809749,5,23,vax_C_0.4,vax_C,0.4
313,A,0.26349058796004027,5.318964360710697e-11,0.73650941198677,5,23,vax_C_0.4,vax_C,0.4
313,C,0.3878816833991186,9.992247057612173e-11,0.6121183165009593,5,23,vax_C_0.4,vax_C,0.4
314,A,0.2634905879543115,4.909885887509689e-11,0.7365094119965903,5,23,vax_C_0.4,vax_C,0.4
314,C,0.3878816833883563,9.22374993129206e-11,0.6121183165194061,5,23,vax_C_0.4,vax_C,0.4
315,A,0.2634905879490228,4.532269419800734e-11,0.7365094120056538,5,23,vax_C_0.4,vax_C,0.4
315,C,0.38788168337842127,8.514357411465555e-11,0.612118316536435,5,23,vax_C_0.4,vax_C,0.4
316,A,0.26349058794414104,4.1836952295967394e-11,0.7365094120140219,5,23,vax_C_0.4,vax_C,0.4
316,C,0.3878816833692507,7.859523803124649e-11,0.6121183165521542,5,23,vax_C_0.4,vax_C,0.4
317,A,0.26349058793963503,3.8619296895350905e-11,0.7365094120217457,5,23,vax_C_0.4,vax_C,0.4
317,C,0.3878816833607858,7.255053015265893e-11,0.6121183165666645,5,23,vax_C_0.4,vax_C,0.4
318,A,0.2634905879354755,3.564910959514771e-11,0.7365094120288754,5,23,vax_C_0.4,vax_C,0.4
318,C,0.3878816833529712,6.697071676530824e-11,0.6121183165800586,5,23,vax_C_0.4,vax_C,0.4
319,A,0.2634905879316361,3.2907357747037796e-11,0.736509412035457,5,23,vax_C_0.4,vax_C,0.4
319,C,0.38788168334575746,6.182004314106997e-11,0.6121183165924222,5,23,vax_C_0.4,vax_C,0.4
320,A,0.26349058792809166,3.0376472495741466e-11,0.7365094120415316,5,23,vax_C_0.4,vax_C,0.4
320,C,0.3878816833390986,5.70655044243121e-11,0.6121183166038344,5,23,vax_C_0.4,vax_C,0.4
321,A,0.26349058792481966,2.804023619913e-11,0.7365094120471406,5,23,vax_C_0.4,vax_C,0.4
321,C,0.3878816833329529,5.267663414102233e-11,0.6121183166143717,5,23,vax_C_0.4,vax_C,0.4
322,A,0.2634905879217996,2.58836785068424e-11,0.7365094120523175,5,23,vax_C_0.4,vax_C,0.4
322,C,0.387881683327279,4.862530897355887e-11,0.6121183166240961,5,23,vax_C_0.4,vax_C,0.4
323,A,0.26349058791901137,2.3892980431481715e-11,0.7365094120570941,5,23,vax_C_0.4,vax_C,0.4
323,C,0.3878816833220413,4.4885568550045316e-11,0.6121183166330737,5,23,vax_C_0.4,vax_C,0.4
324,A,0.26349058791643803,2.2055385797680474e-11,0.7365094120615061,5,23,vax_C_0.4,vax_C,0.4
324,C,0.3878816833172073,4.143344909364292e-11,0.6121183166413605,5,23,vax_C_0.4,vax_C,0.4
325,A,0.26349058791406255,2.0359119501602708e-11,0.7365094120655787,5,23,vax_C_0.4,vax_C,0.4
325,C,0.38788168331274336,3.8246829865747995e-11,0.6121183166490088,5,23,vax_C_0.4,vax_C,0.4
326,A,0.2634905879118696,1.879331205709116e-11,0.7365094120693366,5,23,vax_C_0.4,vax_C,0.4
326,C,0.387881683308625,3.530529141914135e-11,0.6121183166560702,5,23,vax_C_0.4,vax_C,0.4
327,A,0.26349058790984525,1.734792994495387e-11,0.7365094120728063,5,23,vax_C_0.4,vax_C,0.4
327,C,0.3878816833048216,3.2589984752792704e-11,0.6121183166625875,5,23,vax_C_0.4,vax_C,0.4
328,A,0.26349058790797664,1.6013711319070693e-11,0.7365094120760087,5,23,vax_C_0.4,vax_C,0.4
328,C,0.38788168330131156,3.008351052988418e-11,0.6121183166686052,5,23,vax_C_0.4,vax_C,0.4
329,A,0.263490587906252,1.4782106657326784e-11,0.7365094120789659,5,23,vax_C_0.4,vax_C,0.4
329,C,0.3878816832980719,2.7769807585094422e-11,0.6121183166741587,5,23,vax_C_0.4,vax_C,0.4
330,A,0.26349058790465996,1.364522397706639e-11,0.7365094120816948,5,23,vax_C_0.4,vax_C,0.4
330,C,0.38788168329508005,2.56340500067136e-11,0.6121183166792847,5,23,vax_C_0.4,vax_C,0.4
331,A,0.26349058790318985,1.2595778264010827e-11,0.7365094120842143,5,23,vax_C_0.4,vax_C,0.4
331,C,0.3878816832923194,2.366255213410595e-11,0.6121183166840182,5,23,vax_C_0.4,vax_C,0.4
332,A,0.26349058790183344,1.1627044790582611e-11,0.7365094120865399,5,23,vax_C_0.4,vax_C,0.4
332,C,0.3878816832897707,2.1842680861752964e-11,0.6121183166883866,5,23,vax_C_0.4,vax_C,0.4
333,A,0.2634905879005812,1.0732816024502688e-11,0.7365094120886861,5,23,vax_C_0.4,vax_C,0.4
333,C,0.38788168328741723,2.0162774687935823e-11,0.6121183166924179,5,23,vax_C_0.4,vax_C,0.4
334,A,0.26349058789942514,9.907361851532989e-12,0.7365094120906676,5,23,vax_C_0.4,vax_C,0.4
334,C,0.38788168328524675,1.8612068989329467e-11,0.6121183166961417,5,23,vax_C_0.4,vax_C,0.4
335,A,0.26349058789835794,9.145392857474247e-12,0.736509412092497,5,23,vax_C_0.4,vax_C,0.4
335,C,0.3878816832832416,1.7180627042678095e-11,0.6121183166995776,5,23,vax_C_0.4,vax_C,0.4
336,A,0.2634905878973733,8.442026432662568e-12,0.7365094120941851,5,23,vax_C_0.4,vax_C,0.4
336,C,0.38788168328139105,1.5859276361113496e-11,0.6121183167027499,5,23,vax_C_0.4,vax_C,0.4
337,A,0.26349058789646357,7.792755489450588e-12,0.7365094120957433,5,23,vax_C_0.4,vax_C,0.4
337,C,0.38788168327968287,1.463954988870967e-11,0.6121183167056772,5,23,vax_C_0.4,vax_C,0.4
338,A,0.2634905878956246,7.193419576263125e-12,0.7365094120971828,5,23,vax_C_0.4,vax_C,0.4
338,C,0.38788168327810635,1.3513631773737164e-11,0.6121183167083808,5,23,vax_C_0.4,vax_C,0.4
339,A,0.2634905878948499,6.640178219396527e-12,0.736509412098511,5,23,vax_C_0.4,vax_C,0.4
339,C,0.38788168327665035,1.2474307277393771e-11,0.612118316710874,5,23,vax_C_0.4,vax_C,0.4
340,A,0.26349058789413443,6.129486313849377e-12,0.7365094120997365,5,23,vax_C_0.4,vax_C,0.4
340,C,0.3878816832753071,1.1514916541671435e-11,0.6121183167131777,5,23,vax_C_0.4,vax_C,0.4
341,A,0.2634905878934739,5.658071406663801e-12,0.7365094121008677,5,23,vax_C_0.4,vax_C,0.4
341,C,0.38788168327406713,1.0629311913841021e-11,0.6121183167153046,5,23,vax_C_0.4,vax_C,0.4
342,A,0.26349058789286467,5.2229127273955065e-12,0.7365094121019118,5,23,vax_C_0.4,vax_C,0.4
342,C,0.387881683272922,9.811818553082972e-12,0.6121183167172659,5,23,vax_C_0.4,vax_C,0.4
343,A,0.2634905878923019,4.821221831341232e-12,0.736509412102877,5,23,vax_C_0.4,vax_C,0.4
343,C,0.3878816832718651,9.057198066835939e-12,0.6121183167190776,5,23,vax_C_0.4,vax_C,0.4
344,A,0.26349058789178326,4.450424731487068e-12,0.736509412103767,5,23,vax_C_0.4,vax_C,0.4
344,C,0.38788168327088995,8.360614943849515e-12,0.61211831672075,5,23,vax_C_0.4,vax_C,0.4
345,A,0.2634905878913035,4.108145404680502e-12,0.7365094121045886,5,23,vax_C_0.4,vax_C,0.4
345,C,0.3878816832699894,7.71760556884896e-12,0.6121183167222936,5,23,vax_C_0.4,vax_C,0.4
346,A,0.26349058789086094,3.7921905663352315e-12,0.7365094121053466,5,23,vax_C_0.4,vax_C,0.4
346,C,0.3878816832691585,7.124049620261478e-12,0.6121183167237193,5,23,vax_C_0.4,vax_C,0.4
347,A,0.26349058789045277,3.5005356161062936e-12,0.7365094121060466,5,23,vax_C_0.4,vax_C,0.4
347,C,0.38788168326839023,6.57614366772433e-12,0.6121183167250324,5,23,vax_C_0.4,vax_C,0.4
348,A,0.26349058789007607,3.2313116644765695e-12,0.7365094121066935,5,23,vax_C_0.4,vax_C,0.4
348,C,0.3878816832676825,6.070376800191486e-12,0.6121183167262484,5,23,vax_C_0.4,vax_C,0.4
349,A,0.2634905878897276,2.982793557122316e-12,0.7365094121072893,5,23,vax_C_0.4,vax_C,0.4
349,C,0.3878816832670283,5.6035081284659865e-12,0.6121183167273685,5,23,vax_C_0.4,vax_C,0.4
350,A,0.2634905878894064,2.7533888203188217e-12,0.7365094121078412,5,23,vax_C_0.4,vax_C,0.4
350,C,0.38788168326642447,5.1725460179982e-12,0.6121183167284017,5,23,vax_C_0.4,vax_C,0.4
351,A,0.2634905878891099,2.5416274565493896e-12,0.7365094121083491,5,23,vax_C_0.4,vax_C,0.4
351,C,0.3878816832658677,4.7747289188754566e-12,0.6121183167293579,5,23,vax_C_0.4,vax_C,0.4
352,A,0.26349058788883595,2.3461525249289133e-12,0.7365094121088178,5,23,vax_C_0.4,vax_C,0.4
352,C,0.3878816832653537,4.40750767016469e-12,0.6121183167302396,5,23,vax_C_0.4,vax_C,0.4
353,A,0.2634905878885834,2.1657114460822405e-12,0.736509412109251,5,23,vax_C_0.4,vax_C,0.4
353,C,0.3878816832648789,4.0685291652163324e-12,0.6121183167310527,5,23,vax_C_0.4,vax_C,0.4
354,A,0.26349058788835006,1.999147975759823e-12,0.7365094121096513,5,23,vax_C_0.4,vax_C,0.4
354,C,0.3878816832644406,3.755621273258938e-12,0.6121183167318037,5,23,vax_C_0.4,vax_C,0.4
355,A,0.26349058788813484,1.8453947957584226e-12,0.7365094121100206,5,23,vax_C_0.4,vax_C,0.4
355,C,0.387881683264036,3.4667789206639415e-12,0.6121183167324973,5,23,vax_C_0.4,vax_C,0.4
356,A,0.2634905878879356,1.7034666737624485e-12,0.73650941211036,5,23,vax_C_0.4,vax_C,0.4
356,C,0.3878816832636629,3.200151240549335e-12,0.6121183167331379,5,23,vax_C_0.4,vax_C,0.4
357,A,0.26349058788775276,1.5724541528415623e-12,0.7365094121106763,5,23,vax_C_0.4,vax_C,0.4
357,C,0.38788168326331773,2.9540297192368028e-12,0.6121183167337285,5,23,vax_C_0.4,vax_C,0.4
358,A,0.2634905878875834,1.4515177210714448e-12,0.7365094121109659,5,23,vax_C_0.4,vax_C,0.4
358,C,0.3878816832629999,2.7268372417903263e-12,0.6121183167342736,5,23,vax_C_0.4,vax_C,0.4
359,A,0.2634905878874261,1.339882432788612e-12,0.7365094121112328,5,23,vax_C_0.4,vax_C,0.4
359,C,0.3878816832627061,2.5171179879327893e-12,0.6121183167347773,5,23,vax_C_0.4,vax_C,0.4
360,A,0.2634905878872822,1.2368329429224926e-12,0.7365094121114808,5,23,vax_C_0.4,vax_C,0.4
360,C,0.3878816832624355,2.323528103564206e-12,0.6121183167352424,5,23,vax_C_0.4,vax_C,0.4
361,A,0.26349058788714896,1.141708923149352e-12,0.736509412111709,5,23,vax_C_0.4,vax_C,0.4
361,C,0.387881683262185,2.1448270895168507e-12,0.6121183167356701,5,23,vax_C_0.4,vax_C,0.4
362,A,0.2634905878870262,1.0539008305873147e-12,0.7365094121119198,5,23,vax_C_0.4,vax_C,0.4
362,C,0.3878816832619539,1.979869852595598e-12,0.6121183167360671,5,23,vax_C_0.4,vax_C,0.4
363,A,0.26349058788691276,9.728460019185816e-13,0.736509412112114,5,23,vax_C_0.4,vax_C,0.4
363,C,0.3878816832617408,1.8275993679675165e-12,0.612118316736433,5,23,vax_C_0.4,vax_C,0.4
364,A,0.2634905878868078,8.980250479105236e-13,0.7365094121122939,5,23,vax_C_0.4,vax_C,0.4
364,C,0.38788168326154404,1.6870399058822189e-12,0.6121183167367695,5,23,vax_C_0.4,vax_C,0.4
365,A,0.26349058788671087,8.289585252320271e-13,0.7365094121124587,5,23,vax_C_0.4,vax_C,0.4
365,C,0.38788168326136196,1.5572907793207236e-12,0.6121183167370814,5,23,vax_C_0.4,vax_C,0.4
0,A,0.999,0.0010000000000000002,0,6,23,vax_C_0.4,vax_C,0.4
0,C,0.9990000000000001,0.001,0,6,23,vax_C_0.4,vax_C,0.4
1,A,0.9984674232362065,0.001303120362094833,2.2945640169823021e-4,6,23,vax_C_0.4,vax_C,0.4
1,C,0.9986177840462773,0.00116596446190586,2.1625149181710385e-4,6,23,vax_C_0.4,vax_C,0.4
2,A,0.9978192970753371,0.001656061083046078,5.246418416171882e-4,6,23,vax_C_0.4,vax_C,0.4
2,C,0.9981787430754373,0.001353404923787287,4.678520007753342e-4,6,23,vax_C_0.4,vax_C,0.4
3,A,0.9970490975018514,0.002055794399960199,8.951080981887557e-4,6,23,vax_C_0.4,vax_C,0.4
3,C,0.9976776679584228,0.0015631732483895044,7.591587931871015e-4,6,23,vax_C_0.4,vax_C,0.4
4,A,0.9961434590051913,0.0025060380266082646,0.0013505029682010447,6,23,vax_C_0.4,vax_C,0.4
4,C,0.9971075823139594,0.0017975651346120941,0.0010948525514288276,6,23,vax_C_0.4,vax_C,0.4
5,A,0.9950820555630724,0.003015989154496626,0.0019019552824311478,6,23,vax_C_0.4,vax_C,0.4
5,C,0.9964595696184,0.0020601508910255513,0.001480279490574973,6,23,vax_C_0.4,vax_C,0.4
6,A,0.9938398099717308,0.003597667980104207,0.002562522048164995,6,23,vax_C_0.4,vax_C,0.4
6,C,0.9957232567253965,0.0023552758920233367,0.0019214673825790184,6,23,vax_C_0.4,vax_C,0.4
7,A,0.9923877154385596,0.004264700243488933,0.0033475843179505914,6,23,vax_C_0.4,vax_C,0.4
7,C,0.9948868561135481,0.0026878710485058782,0.002425272837945675,6,23,vax_C_0.4,vax_C,0.4
8,A,0.9906921293845057,0.0050321648292023175,0.004275705786291205,6,23,vax_C_0.4,vax_C,0.4
8,C,0.9939367318698241,0.0030635277373015804,0.002999740392874657,6,23,vax_C_0.4,vax_C,0.4
9,A,0.9887154859827784,0.0059161734737827355,0.0053683405434383795,6,23,vax_C_0.4,vax_C,0.4
9,C,0.9928576288541916,0.0034883678017242348,0.0036540033440851634,6,23,vax_C_0.4,vax_C,0.4
10,A,0.9864144801313219,0.006934448691410578,0.006651071177267189,6,23,vax_C_0.4,vax_C,0.4
10,C,0.9916318967643204,0.003969303737408331,0.004398799498269955,6,23,vax_C_0.4,vax_C,0.4
11,A,0.9837418412307604,0.00810559292350337,0.008152565845736424,6,23,vax_C_0.4,vax_C,0.4
11,C,0.9902401855511176,0.004513750320477745,0.005246064128404582,6,23,vax_C_0.4,vax_C,0.4
12,A,0.9806459337639956,0.009449300769949737,0.009904765466053829,6,23,vax_C_0.4,vax_C,0.4
12,C,0.9886612467823293,0.005129707034078884,0.006209046183590217,6,23,vax_C_0.4,vax_C,0.4
13,A,0.9770671108789795,0.010987673300337942,0.011945215820682958,6,23,vax_C_0.4,vax_C,0.4
13,C,0.9868703596892558,0.005826336414742539,0.007303303896002388,6,23,vax_C_0.4,vax_C,0.4
14,A,0.9729419300652605,0.012743368391457208,0.014314701543282012,6,23,vax_C_0.4,vax_C,0.4
14,C,0.9848409205037425,0.006613316564035,0.008545762932221417,6,23,vax_C_0.4,vax_C,0.4
15,A,0.9682004596259237,0.014740360585549223,0.017059179788527314,6,23,vax_C_0.4,vax_C,0.4
15,C,0.9825431183500261,0.00750128697690283,0.00995559467307164,6,23,vax_C_0.4,vax_C,0.4
16,A,0.9627668646581266,0.01700330989632258,0.020229825445551665,6,23,vax_C_0.4,vax_C,0.4
16,C,0.9799438397224829,0.008501801851233632,0.011554358426283318,6,23,vax_C_0.4,vax_C,0.4
17,A,0.9565612695068615,0.019556753446263783,0.02388197704687595,6,23,vax_C_0.4,vax_C,0.4
17,C,0.9770072669136011,0.009627085149389434,0.013365647937010278,6,23,vax_C_0.4,vax_C,0.4
18,A,0.9494996816972641,0.0224244249114388,0.02807589339129727,6,23,vax_C_0.4,vax_C,0.4
18,C,0.9736942869414703,0.010890099776032077,0.015415613282497541,6,23,vax_C_0.4,vax_C,0.4
19,A,0.9414953576295311,0.02562812521008264,0.03287651716038582,6,23,vax_C_0.4,vax_C,0.4
19,C,0.969962477968384,0.012304411298602175,0.017733110733014718,6,23,vax_C_0.4,vax_C,0.4
20,A,0.9324608103012799,0.02918630034649948,0.038352889352219796,6,23,vax_C_0.4,vax_C,0.4
20,C,0.9657662549745659,0.013883969324053004,0.02034977570138172,6,23,vax_C_0.4,vax_C,0.4
21,A,0.9223103297898806,0.03311243015841737,0.04457724005170224,6,23,vax_C_0.4,vax_C,0.4
21,C,0.9610571750792459,0.01564281039477912,0.023300014525975396,6,23,vax_C_0.4,vax_C,0.4
22,A,0.9109630208224594,0.037413291719921166,0.05162368745761972,6,23,vax_C_0.4,vax_C,0.4
22,C,0.9557844389142762,0.017594671436569113,0.026620889649154975,6,23,vax_C_0.4,vax_C,0.4
23,A,0.8983466591614983,0.04208610211309104,0.05956723872541033,6,23,vax_C_0.4,vax_C,0.4
23,C,0.9498950743603112,0.01975250005686123,0.030352425582827754,6,23,vax_C_0.4,vax_C,0.4
24,A,0.884402108579589,0.047116755842014045,0.06848113557839634,6,23,vax_C_0.4,vax_C,0.4
24,C,0.9433351718747275,0.02212780398761953,0.034537024137651896,6,23,vax_C_0.4,vax_C,0.4
25,A,0.8690872383340434,0.052478174368758373,0.07843458729719834,6,23,vax_C_0.4,vax_C,0.4
25,C,0.9360509737795111,0.02472998096323067,0.039219045257258424,6,23,vax_C_0.4,vax_C,0.4
26,A,0.8523813200755832,0.05812843932269976,0.08949024060171662,6,23,vax_C_0.4,vax_C,0.4
26,C,0.9279900655071757,0.0275654943843775,0.044444440108447635,6,23,vax_C_0.4,vax_C,0.4
27,A,0.8342930109577762,0.06400692586743784,0.1017000631747863,6,23,vax_C_0.4,vax_C,0.4
27,C,0.9191031186239962,0.030636483929294217,0.050260397446709355,6,23,vax_C_0.4,vax_C,0.4
28,A,0.8148622259553601,0.07003572061767431,0.11510205342696629,6,23,vax_C_0.4,vax_C,0.4
28,C,0.9093460877625639,0.033939962683328266,0.056713949554107294,6,23,vax_C_0.4,vax_C,0.4
29,A,0.7941618868969083,0.07612100372703906,0.1297171093760523,6,23,vax_C_0.4,vax_C,0.4
29,C,0.8986823799228946,0.037466842217077724,0.06385077786002799,6,23,vax_C_0.4,vax_C,0.4
30,A,0.7722991467444875,0.08215459904373293,0.14554625421177944,6,23,vax_C_0.4,vax_C,0.4
30,C,0.8870849314364402,0.04120095975341419,0.07171410881014509,6,23,vax_C_0.4,vax_C,0.4
31,A,0.7494153785954251,0.08801702197186563,0.16256759943270965,6,23,vax_C_0.4,vax_C,0.4
31,C,0.8745387811995362,0.04511803506246983,0.08034318373799501,6,23,vax_C_0.4,vax_C,0.4
32,A,0.7256835078771298,0.09358239334950073,0.1807340987733698,6,23,vax_C_0.4,vax_C,0.4
32,C,0.8610437485596177,0.049184859863397566,0.08977139157698398,6,23,vax_C_0.4,vax_C,0.4
33,A,0.701302243782338,0.0987244804498256,0.19997327576783636,6,23,vax_C_0.4,vax_C,0.4
33,C,0.8466164226396714,0.05335909011313762,0.10002448724719072,6,23,vax_C_0.4,vax_C,0.4
34,A,0.6764887679445848,0.10332301243249867,0.22018821962291663,6,23,vax_C_0.4,vax_C,0.4
34,C,0.8312914888268019,0.05758958213066927,0.11111892904252779,6,23,vax_C_0.4,vax_C,0.4
35,A,0.6514707190071048,0.10726995569339781,0.241259325299498,6,23,vax_C_0.4,vax_C,0.4
35,C,0.8151226737948585,0.06181712818520768,0.12306019801993545,6,23,vax_C_0.4,vax_C,0.4
36,A,0.6264776241609393,0.11047533486827446,0.26304704097078596,6,23,vax_C_0.4,vax_C,0.4
36,C,0.7981830120234703,0.06597574207858872,0.13584124589794058,6,23,vax_C_0.4,vax_C,0.4
37,A,0.6017320940986046,0.11287201963052766,0.2853958862708673,6,23,vax_C_0.4,vax_C,0.4
37,C,0.7805641370733959,0.06999458186129384,0.1494412810653095,6,23,vax_C_0.4,vax_C,0.4
38,A,0.5774416609748162,0.11441886577146257,0.30813947325372043,6,23,vax_C_0.4,vax_C,0.4
38,C,0.7623745455635322,0.07380042310732263,0.16382503132914608,6,23,vax_C_0.4,vax_C,0.4
39,A,0.5537921435757598,0.11510189793301454,0.3311059584912253,6,23,vax_C_0.4,vax_C,0.4
39,C,0.7437368572782657,0.0773205635852222,0.17894257913651043,6,23,vax_C_0.4,vax_C,0.4
40,A,0.5309429793175747,0.11493359179383984,0.35412342888858567,6,23,vax_C_0.4,vax_C,0.4
40,C,0.7247842914559163,0.08048592336494687,0.19472978517913658,6,23,vax_C_0.4,vax_C,0.4
41,A,0.5090245153546825,0.11395055439678539,0.37702493024853095,6,23,vax_C_0.4,vax_C,0.4
41,C,0.7056565804286888,0.0832341042401131,0.21110931533119728,6,23,vax_C_0.4,vax_C,0.4
42,A,0.4881370885254236,0.11220997734608357,0.3996529341284935,6,23,vax_C_0.4,vax_C,0.4
42,C,0.6864955665126607,0.0855121777969661,0.22799225569037215,6,23,vax_C_0.4,vax_C,0.4
43,A,0.4683516954691412,0.10978526165650378,0.42186304287435455,6,23,vax_C_0.4,vax_C,0.4
43,C,0.6674407719095131,0.08727898096716383,0.24528024712332305,6,23,vax_C_0.4,vax_C,0.4
44,A,0.4497119821131869,0.10676124457568859,0.4435267733111247,6,23,vax_C_0.4,vax_C,0.4
44,C,0.648625245902131,0.08850673660458436,0.2628680174932836,6,23,vax_C_0.4,vax_C,0.4
45,A,0.432237173863801,0.1032294620530561,0.46453336408314283,6,23,vax_C_0.4,vax_C,0.4
45,C,0.63017195552133,0.08918188639065429,0.280646158088015,6,23,vax_C_0.4,vax_C,0.4
46,A,0.4159255305661003,0.0992838080712849,0.4847906613626143,6,23,vax_C_0.4,vax_C,0.4
46,C,0.6121909094750903,0.08930510866868074,0.2985039818562308,6,23,vax_C_0.4,vax_C,0.4
47,A,0.40075797671026003,0.09501682114538032,0.50422520214436,6,23,vax_C_0.4,vax_C,0.4
47,C,0.5947771186256295,0.0888905743968684,0.31633230697750214,6,23,vax_C_0.4,vax_C,0.4
48,A,0.3867016634756685,0.09051670158740234,0.5227816349369296,6,23,vax_C_0.4,vax_C,0.4
48,C,0.5780094161596453,0.0879645582460525,0.33402602559430244,6,23,vax_C_0.4,vax_C,0.4
49,A,0.3737132992029526,0.0858650800362631,0.540421620760784,6,23,vax_C_0.4,vax_C,0.4
49,C,0.5619500914462526,0.0865635648473827,0.351486343706365,6,23,vax_C_0.4,vax_C,0.4
50,A,0.36174213352542417,0.08113550848447398,0.5571223579901011,6,23,vax_C_0.4,vax_C,0.4
50,C,0.5466452363768426,0.0847321512041278,0.36862261241902894,6,23,vax_C_0.4,vax_C,0.4
51,A,0.3507325253964444,0.07639260462403838,0.5728748699795165,6,23,vax_C_0.4,vax_C,0.4
51,C,0.5321256664353801,0.08252062554852878,0.38535370801609037,6,23,vax_C_0.4,vax_C,0.4
52,A,0.34062607605021816,0.07169174514547864,0.5876821788043026,6,23,vax_C_0.4,vax_C,0.4
52,C,0.5184082633648428,0.07998278345279897,0.401608953182358,6,23,vax_C_0.4,vax_C,0.4
53,A,0.33136334903014425,0.0670791870820829,0.6015574638877734,6,23,vax_C_0.4,vax_C,0.4
53,C,0.5054975894367233,0.07717380996192927,0.41732860060134763,6,23,vax_C_0.4,vax_C,0.4
54,A,0.3228852186326858,0.06259250286246004,0.614522278504854,6,23,vax_C_0.4,vax_C,0.4
54,C,0.4933876390212019,0.0741484391418115,0.43246392183698723,6,23,vax_C_0.4,vax_C,0.4
55,A,0.3151338986690921,0.058261226100216404,0.626604875230692,6,23,vax_C_0.4,vax_C,0.4
55,C,0.48206362527985047,0.07095941665553752,0.4469769580646114,6,23,vax_C_0.4,vax_C,0.4
56,A,0.30805367557970337,0.05410764846203596,0.6378386759582606,6,23,vax_C_0.4,vax_C,0.4
56,C,0.4715036856832593,0.06765631587462766,0.46083999844211265,6,23,vax_C_0.4,vax_C,0.4
57,A,0.30159140837812276,0.050147683079777954,0.6482609085420994,6,23,vax_C_0.4,vax_C,0.4
57,C,0.4616804598222076,0.06428468544041671,0.4740348547373753,6,23,vax_C_0.4,vax_C,0.4
58,A,0.2956968669838197,0.04639171626266431,0.6579114167535157,6,23,vax_C_0.4,vax_C,0.4
58,C,0.45256253667572865,0.06088546915759814,0.48655199416667383,6,23,vax_C_0.4,vax_C,0.4
59,A,0.29032291601949806,0.04284544396305364,0.6668316400174483,6,23,vax_C_0.4,vax_C,0.4
59,C,0.4441157119697597,0.0574947029243814,0.49838958510585857,6,23,vax_C_0.4,vax_C,0.4
60,A,0.28542558262547885,0.03951066232759254,0.6750637550469275,6,23,vax_C_0.4,vax_C,0.4
60,C,0.43630405425424523,0.054143441102820995,0.509552504642935,6,23,vax_C_0.4,vax_C,0.4
61,A,0.2809640388410769,0.03638599227103006,0.6826499688878936,6,23,vax_C_0.4,vax_C,0.4
61,C,0.4290907884912882,0.05085786178680319,0.5200513497219085,6,23,vax_C_0.4,vax_C,0.4
62,A,0.27690052535162496,0.03346752500037892,0.6896319496479961,6,23,vax_C_0.4,vax_C,0.4
62,C,0.42243901481713586,0.04765950154926455,0.5299014836336003,6,23,vax_C_0.4,vax_C,0.4
63,A,0.2732002351352371,0.030749386237061093,0.6960503786277015,6,23,vax_C_0.4,vax_C,0.4
63,C,0.41631227972959317,0.044565580724100606,0.5391221395463061,6,23,vax_C_0.4,vax_C,0.4
64,A,0.2698311695569822,0.028224223137674403,0.701944607305344,6,23,vax_C_0.4,vax_C,0.4
64,C,0.41067501645691673,0.041589388282940884,0.5477355952601425,6,23,vax_C_0.4,vax_C,0.4
65,A,0.2667639768085408,0.025883619129980186,0.7073524040614789,6,23,vax_C_0.4,vax_C,0.4
65,C,0.4054928723349224,0.03874069948102416,0.5557664281840535,6,23,vax_C_0.4,vax_C,0.4
66,A,0.2639717812866164,0.023718441666425394,0.7123097770469572,6,23,vax_C_0.4,vax_C,0.4
66,C,0.40073294165748163,0.0360262032372309,0.5632408551052863,6,23,vax_C_0.4,vax_C,0.4
67,A,0.2614300107787527,0.021719128643623763,0.7168508605776235,6,23,vax_C_0.4,vax_C,0.4
67,C,0.396363921393249,0.033449921497291715,0.570186157109461,6,23,vax_C_0.4,vax_C,0.4
68,A,0.2591162261296278,0.019875920490697276,0.7210078533796749,6,23,vax_C_0.4,vax_C,0.4
68,C,0.3923562048879181,0.031013608471459547,0.5766301866406227,6,23,vax_C_0.4,vax_C,0.4
69,A,0.2570099562394789,0.018179045383431704,0.7248109983770892,6,23,vax_C_0.4,vax_C,0.4
69,C,0.38868192625967857,0.028717122098658544,0.5826009516416628,6,23,vax_C_0.4,vax_C,0.4
70,A,0.25509254020993,0.01661886447164097,0.7282885953184292,6,23,vax_C_0.4,vax_C,0.4
70,C,0.3853149662005425,0.026558763107445836,0.5881262706920116,6,23,vax_C_0.4,vax_C,0.4
71,A,0.2533469779052335,0.015185983136942227,0.7314670389578242,6,23,vax_C_0.4,vax_C,0.4
71,C,0.3822309282844094,0.024535579219817798,0.593233492495772,6,23,vax_C_0.4,vax_C,0.4
72,A,0.25175778974198165,0.013871333655410295,0.734370876602609,6,23,vax_C_0.4,vax_C,0.4
72,C,0.379407093428844,0.02264363384913256,0.5979492727220231,6,23,vax_C_0.4,vax_C,0.4
73,A,0.2503108860702125,0.012666234154266159,0.737022879775521,6,23,vax_C_0.4,vax_C,0.4
73,C,0.37682235875192405,0.020878240121785255,0.602299401126291,6,23,vax_C_0.4,vax_C,0.4
74,A,0.24899344614258548,0.011562428210630997,0.7394441256467836,6,23,vax_C_0.4,vax_C,0.4
74,C,0.37445716576173477,0.019234162096701396,0.606308672141564,6,23,vax_C_0.4,vax_C,0.4
75,A,0.2477938063363246,0.010552108913013206,0.7416540847506629,6,23,vax_C_0.4,vax_C,0.4
75,C,0.37229342140347965,0.017705785957149636,0.6100007926393695,6,23,vax_C_0.4,vax_C,0.4
76,A,0.2467013574803329,0.009627930312940887,0.7436707122067269,6,23,vax_C_0.4,vax_C,0.4
76,C,0.3703144160250237,0.01628726291392081,0.6133983210610567,6,23,vax_C_0.4,vax_C,0.4
77,A,0.24570645062053462,0.008783009145930602,0.7455105402335351,6,23,vax_C_0.4,vax_C,0.4
77,C,0.36850473988152166,0.014972627471277998,0.6165226326471999,6,23,vax_C_0.4,vax_C,0.4
78,A,0.2448003104648984,0.008010919290848422,0.7471887702442525,6,23,vax_C_0.4,vax_C,0.4
78,C,0.3668501988155862,0.013755895004357357,0.6193939061800561,6,23,vax_C_0.4,vax_C,0.4
79,A,0.24397495645225323,0.00730568033569686,0.7487193632120505,6,23,vax_C_0.4,vax_C,0.4
79,C,0.36533773213182275,0.012631139651853161,0.6220311282163239,6,23,vax_C_0.4,vax_C,0.4
80,A,0.24322313081657074,0.006661741876377829,0.750115127307052,6,23,vax_C_0.4,vax_C,0.4
80,C,0.36395533331936336,0.01159255545525951,0.6244521112253787,6,23,vax_C_0.4,vax_C,0.4
81,A,0.24253823301591557,0.006073964902704235,0.7513878020813812,6,23,vax_C_0.4,vax_C,0.4
81,C,0.3626919740305998,0.010634503455622087,0.6266735225137778,6,23,vax_C_0.4,vax_C,0.4
82,A,0.24191425995540972,0.0055376013215892505,0.7525481387230014,6,23,vax_C_0.4,vax_C,0.4
82,C,0.36153753155165247,0.009751547109910084,0.6287109213384382,6,23,vax_C_0.4,vax_C,0.4
83,A,0.24134575156485222,0.005048272346922097,0.753605976088226,6,23,vax_C_0.4,vax_C,0.4
83,C,0.3604827200954628,0.00893847782893793,0.6305788020756002,6,23,vax_C_0.4,vax_C,0.4
84,A,0.2408277413292698,0.004601946318999354,0.7545703123517309,6,23,vax_C_0.4,vax_C,0.4
84,C,0.35951902617112586,0.008190332174221724,0.6322906416546528,6,23,vax_C_0.4,vax_C,0.4
85,A,0.24035571134077865,0.004194916450204263,0.7554493722090175,6,23,vax_C_0.4,vax_C,0.4
85,C,0.3586386480718988,0.007502402191779432,0.6338589497363208,6,23,vax_C_0.4,vax_C,0.4
86,A,0.23992555144155833,0.0038237789055302254,0.7562506696529118,6,23,vax_C_0.4,vax_C,0.4
86,C,0.3578344393737683,0.006870240244232324,0.6352953203819991,6,23,vax_C_0.4,vax_C,0.4
87,A,0.2395335220836249,0.00348541149644187,0.7569810664199336,6,23,vax_C_0.4,vax_C,0.4
87,C,0.3570998563047687,0.006289659471285588,0.6366104842239454,6,23,vax_C_0.4,vax_C,0.4
88,A,0.23917622058762744,0.0031769531604444626,0.7576468262519285,6,23,vax_C_0.4,vax_C,0.4
88,C,0.35642890885483636,0.0057567307800732,0.6378143603650903,6,23,vax_C_0.4,vax_C,0.4
89,A,0.23885055050426285,0.0028957843502728053,0.7582536651454637,6,23,vax_C_0.4,vax_C,0.4
89,C,0.35581611547936676,0.00526777712048136,0.6389161074001516,6,23,vax_C_0.4,vax_C,0.4
90,A,0.23855369378889402,0.0026395084317737474,0.7588067977793329,6,23,vax_C_0.4,vax_C,0.4
90,C,0.35525646121372884,0.004819365706212373,0.6399241730800581,6,23,vax_C_0.4,vax_C,0.4
91,A,0.23828308552239738,0.0024059341513121826,0.7593109803262903,6,23,vax_C_0.4,vax_C,0.4
91,C,0.3547453589949557,0.004408298744382078,0.6408463422606628,6,23,vax_C_0.4,vax_C,0.4
92,A,0.23803639094570347,0.0021930591886829276,0.7597705498656132,6,23,vax_C_0.4,vax_C,0.4
92,C,0.3542786139890175,0.004031603127432623,0.64168978288355,6,23,vax_C_0.4,vax_C,0.4
93,A,0.2378114846013525,0.0019990547841476744,0.7601894606145003,6,23,vax_C_0.4,vax_C,0.4
93,C,0.35385239073158953,0.0036865194464738653,0.6424610898219365,6,23,vax_C_0.4,vax_C,0.4
94,A,0.23760643138869983,0.0018222514196545932,0.7605713171916467,6,23,vax_C_0.4,vax_C,0.4
94,C,0.353463182895004,0.003370490617036984,0.6431663264879596,6,23,vax_C_0.4,vax_C,0.4
95,A,0.2374194693545108,0.0016611255254047942,0.7609194051200849,6,23,vax_C_0.4,vax_C,0.4
95,C,0.3531077854995463,0.0030811503532506214,0.6438110641472021,6,23,vax_C_0.4,vax_C,0.4
96,A,0.23724899404989547,0.0015142871794514106,0.7612367187706528,6,23,vax_C_0.4,vax_C,0.4
96,C,0.352783269381105,0.0028163116897087217,0.6444004189291874,6,23,vax_C_0.4,vax_C,0.4
97,A,0.23709354431495724,0.001380468745310486,0.7615259869397317,6,23,vax_C_0.4,vax_C,0.4
97,C,0.35248695775178995,0.0025739556903380625,0.6449390865578724,6,23,vax_C_0.4,vax_C,0.4
98,A,0.23695178936913538,0.0012585143871626577,0.7617896962437021,6,23,vax_C_0.4,vax_C,0.4
98,C,0.3522164047061082,0.0023522204426219143,0.6454313748512697,6,23,vax_C_0.4,vax_C,0.4
99,A,0.2368225170756277,0.0011473704229802678,0.7620301125013926,6,23,vax_C_0.4,vax_C,0.4
99,C,0.35196937551014273,0.0021493904324738195,0.6458812340573834,6,23,vax_C_0.4,vax_C,0.4
100,A,0.2367046232716088,0.0010460764623764166,0.7622493002660148,6,23,vax_C_0.4,vax_C,0.4
100,C,0.351743828535123,0.001963886357061625,0.646292285107817,6,23,vax_C_0.4,vax_C,0.4
101,A,0.23659710206737583,9.537572743248289e-4,0.7624491406582987,6,23,vax_C_0.4,vax_C,0.4
101,C,0.3515378987059376,0.0017942554133762185,0.6466678458806862,6,23,vax_C_0.4,vax_C,0.4
102,A,0.2364990370273683,8.696153307892146e-4,0.7626313476418419,6,23,vax_C_0.4,vax_C,0.4
102,C,0.35134988234466846,0.0016391620845194244,0.6470109555708123,6,23,vax_C_0.4,vax_C,0.4
103,A,0.2364095931519139,7.929239771941597e-4,0.7627974828708921,6,23,vax_C_0.4,vax_C,0.4
103,C,0.35117822329608367,0.00149737943573228,0.6473243972681832,6,23,vax_C_0.4,vax_C,0.4
104,A,0.2363280095849604,7.230211840272182e-4,0.7629489692310125,6,23,vax_C_0.4,vax_C,0.4
104,C,0.35102150022953377,0.001367780923507646,0.6476107188469584,6,23,vax_C_0.4,vax_C,0.4
105,A,0.23625359298080592,6.593038349348354e-4,0.7630871031842597,6,23,vax_C_0.4,vax_C,0.4
105,C,0.3508784150200905,0.0012493327128216352,0.6478722522670862,6,23,vax_C_0.4,vax_C,0.4
106,A,0.23618571146998218,6.012225080439172e-4,0.7632130660219733,6,23,vax_C_0.4,vax_C,0.4
106,C,0.3507477821198518,0.0011410864909231443,0.648111131389225,6,23,vax_C_0.4,vax_C,0.4
107,A,0.23612378916991095,5.482767102023298e-4,0.763327934119887,6,23,vax_C_0.4,vax_C,0.4
107,C,0.3506285188372719,0.0010421727619107028,0.6483293084008163,6,23,vax_C_0.4,vax_C,0.4
108,A,0.23606730119043753,5.000105272455065e-4,0.7634326882823166,6,23,vax_C_0.4,vax_C,0.4
108,C,0.3505196364485776,9.51794603715388e-4,0.6485285689477072,6,23,vax_C_0.4,vax_C,0.4
109,A,0.23601576908885724,4.560086560402045e-4,0.7635282222551026,6,23,vax_C_0.4,vax_C,0.4
109,C,0.3504202320711947,8.692218671284029e-4,0.6487105460616756,6,23,vax_C_0.4,vax_C,0.4
110,A,0.23596875673350562,4.158927861318798e-4,0.7636153504803626,6,23,vax_C_0.4,vax_C,0.4
110,C,0.3503294812349217,7.937857949562533e-4,0.6488767329701209,6,23,vax_C_0.4,vax_C,0.4
111,A,0.23592586653889536,3.793183010589951e-4,0.7636948151600467,6,23,vax_C_0.4,vax_C,0.4
111,C,0.35024663109182974,7.248740384882999e-4,0.6490284948696826,6,23,vax_C_0.4,vax_C,0.4
112,A,0.23588673603868984,3.459712718736302e-4,0.7637672926894373,6,23,vax_C_0.4,vax_C,0.4
112,C,0.3501709942107753,6.619260482465379e-4,0.649167079740978,6,23,vax_C_0.4,vax_C,0.4
113,A,0.23585103476580965,3.15565717712321e-4,0.7638333995164771,6,23,vax_C_0.4,vax_C,0.4
113,C,0.35010194290676055,6.044288161997564e-4,0.6492936282770391,6,23,vax_C_0.4,vax_C,0.4
114,A,0.23581846141183085,2.878411102259847e-4,0.7638936974779443,6,23,vax_C_0.4,vax_C,0.4
114,C,0.3500389040595242,5.519129470432741e-4,0.649409182993432,6,23,vax_C_0.4,vax_C,0.4
115,A,0.23578874124051227,2.6256010041550556e-4,0.7639486986590726,6,23,vax_C_0.4,vax_C,0.4
115,C,0.3499813543797341,5.039490365606728e-4,0.649514696583705,6,23,vax_C_0.4,vax_C,0.4
116,A,0.23576162373228762,2.395064485203204e-4,0.7639988698191914,6,23,vax_C_0.4,vax_C,0.4
116,C,0.3499288160838883,4.601443366090919e-4,0.649611039579502,6,23,vax_C_0.4,vax_C,0.4
117,A,0.23573688043899882,2.1848313889390875e-4,0.7640446364221075,6,23,vax_C_0.4,vax_C,0.4
117,C,0.3498808529432247,4.2013968616679784e-4,0.6496990073706089,6,23,vax_C_0.4,vax_C,0.4
118,A,0.2357143030301961,1.993106632355578e-4,0.7640863863065677,6,23,vax_C_0.4,vax_C,0.4
118,C,0.34983706667518866,3.8360668865222724e-4,0.6497793266361604,6,23,vax_C_0.4,vax_C,0.4
119,A,0.2356937015134179,1.818254575849721e-4,0.7641244730289977,6,23,vax_C_0.4,vax_C,0.4
119,C,0.34979709364713496,3.502451183458132e-4,0.649852661234519,6,23,vax_C_0.4,vax_C,0.4
120,A,0.23567490261286467,1.6587847931520396e-4,0.7641592189078206,6,23,vax_C_0.4,vax_C,0.4
120,C,0.3497606018654882,3.1978053863510937e-4,0.649919617595876,6,23,vax_C_0.4,vax_C,0.4
121,A,0.2356577482922845,1.5133391157179276e-4,0.7641909177961446,6,23,vax_C_0.4,vax_C,0.4
121,C,0.349727288225862,2.9196211583479737e-4,0.6499807496583022,6,23,vax_C_0.4,vax_C,0.4
122,A,0.2356420944091688,1.380679837230045e-4,0.7642198376071089,6,23,vax_C_0.4,vax_C,0.4
122,C,0.3496968760017311,2.6656061339432865e-4,0.6500365633848737,6,23,vax_C_0.4,vax_C,0.4
123,A,0.23562780948848663,1.2596789744871535e-4,0.7642462226140642,6,23,vax_C_0.4,vax_C,0.4
123,C,0.34966911255102745,2.4336655246602365e-4,0.6500875208965063,6,23,vax_C_0.4,vax_C,0.4
124,A,0.235614773605245,1.1493084902300079e-4,0.7642702955457324,6,23,vax_C_0.4,vax_C,0.4
124,C,0.3496437672217761,2.221885257920464e-4,0.6501340442524306,6,23,vax_C_0.4,vax_C,0.4
125,A,0.23560287736612853,1.0486313916331897e-4,0.7642922594947087,6,23,vax_C_0.4,vax_C,0.4
125,C,0.3496206294395306,2.0285165271175694e-4,0.6501765189077575,6,23,vax_C_0.4,vax_C,0.4
126,A,0.23559202098138862,9.567936257398185e-5,0.764312299656038,6,23,vax_C_0.4,vax_C,0.4
126,C,0.3495995069608966,1.851961639191096e-4,0.6502152968751831,6,23,vax_C_0.4,vax_C,0.4
127,A,0.235582113418916,8.73016700184427e-5,0.7643305849110654,6,23,vax_C_0.4,vax_C,0.4
127,C,0.3495802242787862,1.6907610544691863e-4,0.6502506996157663,6,23,vax_C_0.4,vax_C,0.4
128,A,0.2355730716331885,7.96590964051552e-5,0.7643472692704082,6,23,vax_C_0.4,vax_C,0.4
128,C,0.3495626211662389,1.543581521687816e-4,0.650283020681592,6,23,vax_C_0.4,vax_C,0.4
129,A,0.2355648198624051,7.268694895915991e-5,0.7643624931886348,6,23,vax_C_0.4,vax_C,0.4
129,C,0.349546551346807,1.4092052185012973e-4,0.650312528131343,6,23,vax_C_0.4,vax_C,0.4
130,A,0.23555728898775494,6.632625008148524e-5,0.7643763847621639,6,23,vax_C_0.4,vax_C,0.4
130,C,0.349531881280512,1.2865198145642798e-4,0.650339466738031,6,23,vax_C_0.4,vax_C,0.4
131,A,0.23555041594927392,6.052322998108468e-5,0.7643890608207445,6,23,vax_C_0.4,vax_C,0.4
131,C,0.34951848905535554,1.1745093806398782e-4,0.6503640600065801,6,23,vax_C_0.4,vax_C,0.4
132,A,0.23554414321328332,5.522886460654594e-5,0.7644006279221102,6,23,vax_C_0.4,vax_C,0.4
132,C,0.3495062633752241,1.0722460732438348e-4,0.6503865120174527,6,23,vax_C_0.4,vax_C,0.4
133,A,0.23553841828681676,5.0398454809486006e-5,0.7644111832583729,6,23,vax_C_0.4,vax_C,0.4
133,C,0.34949510263581746,9.78882529992424e-5,0.6504070091111838,6,23,vax_C_0.4,vax_C,0.4
134,A,0.23553319327487435,4.599124303921654e-5,0.7644208154820872,6,23,vax_C_0.4,vax_C,0.4
134,C,0.3494849140809627,8.936449160295952e-5,0.650425721427434,6,23,vax_C_0.4,vax_C,0.4
135,A,0.2355284244767025,4.197006419961657e-5,0.7644296054590984,6,23,vax_C_0.4,vax_C,0.4
135,C,0.34947561303232294,8.158265666559596e-5,0.6504428043110112,6,23,vax_C_0.4,vax_C,0.4
136,A,0.2355240720176448,3.8301027610098254e-5,0.7644376269547463,6,23,vax_C_0.4,vax_C,0.4
136,C,0.34946712218612036,7.447821759509328e-5,0.6504583995962836,6,23,vax_C_0.4,vax_C,0.4
137,A,0.23552009951340636,3.495322727811311e-5,0.7644449472593149,6,23,vax_C_0.4,vax_C,0.4
137,C,0.34945937097104973,6.799224850188905e-5,0.6504726367804482,6,23,vax_C_0.4,vax_C,0.4
138,A,0.23551647376388585,3.189847794012583e-5,0.7644516277581737,6,23,vax_C_0.4,vax_C,0.4
138,C,0.34945229496208613,6.207094272517635e-5,0.6504856340951888,6,23,vax_C_0.4,vax_C,0.4
139,A,0.23551316447393525,2.9111074573865396e-5,0.7644577244514905,6,23,vax_C_0.4,vax_C,0.4
139,C,0.3494458353453076,5.666516919832448e-5,0.6504974994854942,6,23,vax_C_0.4,vax_C,0.4
140,A,0.23551014399868453,2.656757328049329e-5,0.7644632884280345,6,23,vax_C_0.4,vax_C,0.4
140,C,0.349439938429291,5.173006708119138e-5,0.650508331503629,6,23,vax_C_0.4,vax_C,0.4
141,A,0.23550738711125294,2.424659162435898e-5,0.7644683662971214,6,23,vax_C_0.4,vax_C,0.4
141,C,0.34943455519903527,4.722467538499822e-5,0.6505182201255796,6,23,vax_C_0.4,vax_C,0.4
142,A,0.23550487079087543,2.2128626690433636e-5,0.7644730005824338,6,23,vax_C_0.4,vax_C,0.4
142,C,0.3494296409087262,4.311159459115761e-5,0.6505272474966834,6,23,vax_C_0.4,vax_C,0.4
143,A,0.2355025740296415,2.0195889277767546e-5,0.7644772300810809,6,23,vax_C_0.4,vax_C,0.4
143,C,0.3494251547099435,3.935667752270663e-5,0.6505354886125336,6,23,vax_C_0.4,vax_C,0.4
144,A,0.23550047765620802,1.843215278993407e-5,0.7644810901910021,6,23,vax_C_0.4,vax_C,0.4
144,C,0.3494210593122488,3.5928746959440894e-5,0.6505430119407914,6,23,vax_C_0.4,vax_C,0.4
145,A,0.23549856417498757,1.6822615512042646e-5,0.7644846132094999,6,23,vax_C_0.4,vax_C,0.4
145,C,0.349417320673313,3.2799337698191414e-5,0.650549879988989,6,23,vax_C_0.4,vax_C,0.4
146,A,0.23549681761944785,1.5353775081092048e-5,0.7644878286054714,6,23,vax_C_0.4,vax_C,0.4
146,C,0.3494139077160321,2.9942460953436427e-5,0.6505561498230144,6,23,vax_C_0.4,vax_C,0.4
147,A,0.23549522341828266,1.4013314063648914e-5,0.7644907632676535,6,23,vax_C_0.4,vax_C,0.4
147,C,0.34941079207026926,2.733438917299415e-5,0.6505618735405562,6,23,vax_C_0.4,vax_C,0.4
148,A,0.23549376827332208,1.2789995652519597e-5,0.7644934417310252,6,23,vax_C_0.4,vax_C,0.4
148,C,0.3494079478370923,2.495345950859762e-5,0.6505670987033997,6,23,vax_C_0.4,vax_C,0.4
149,A,0.23549244004814548,1.1673568582699454e-5,0.764495886383271,6,23,vax_C_0.4,vax_C,0.4
149,C,0.3494053513735313,2.2779894331649844e-5,0.6505718687321379,6,23,vax_C_0.4,vax_C,0.4
150,A,0.23549122766645994,1.0654680447320478e-5,0.7644981176530927,6,23,vax_C_0.4,vax_C,0.4
150,C,0.3494029810960906,2.079563732180988e-5,0.650576223266588,6,23,vax_C_0.4,vax_C,0.4
151,A,0.2354901210193835,9.724798667540138e-6,0.7645001541819486,6,23,vax_C_0.4,vax_C,0.4
151,C,0.34940081730136563,1.8984203782014724e-5,0.6505801984948522,6,23,vax_C_0.4,vax_C,0.4
152,A,0.23548911088085234,8.876138437036829e-6,0.7645020129807104,6,23,vax_C_0.4,vax_C,0.4
152,C,0.34939884200228516,1.733054394920966e-5,0.6505838274537663,6,23,vax_C_0.4,vax_C,0.4
153,A,0.23548818883043507,8.101597022512957e-6,0.764503709572542,6,23,vax_C_0.4,vax_C,0.4
153,C,0.3493970387786104,1.5820918175996274e-5,0.6505871403032136,6,23,vax_C_0.4,vax_C,0.4
154,A,0.23548734718291095,7.394693856835065e-6,0.7645052581232336,6,23,vax_C_0.4,vax_C,0.4
154,C,0.349395392640463,1.444278295520748e-5,0.6505901645765825,6,23,vax_C_0.4,vax_C,0.4
155,A,0.23548657892400773,6.749515911625478e-6,0.7645066715600813,6,23,vax_C_0.4,vax_C,0.4
155,C,0.3493938899037278,1.3184686847763628e-5,0.6505929254094236,6,23,vax_C_0.4,vax_C,0.4
156,A,0.2354858776517706,6.1606678820498186e-6,0.7645079616803485,6,23,vax_C_0.4,vax_C,0.4
156,C,0.34939251807632155,1.203617545571219e-5,0.6505954457482229,6,23,vax_C_0.4,vax_C,0.4
157,A,0.23548523752305578,5.62322675790294e-6,0.7645091392501857,6,23,vax_C_0.4,vax_C,0.4
157,C,0.3493912657543513,1.0987704655686903e-5,0.6505977465409933,6,23,vax_C_0.4,vax_C,0.4
158,A,0.2354846532047131,5.132700392939239e-6,0.7645102140948955,6,23,vax_C_0.4,vax_C,0.4
158,C,0.3493901225273297,1.003056137565053e-5,0.6505998469112948,6,23,vax_C_0.4,vax_C,0.4
159,A,0.2354841198290306,4.6849897193257576e-6,0.7645111951812505,6,23,vax_C_0.4,vax_C,0.4
159,C,0.3493890788916417,9.156791260966347e-6,0.6506017643170973,6,23,vax_C_0.4,vax_C,0.4
160,A,0.23548363295308433,4.276354285196026e-6,0.7645120906926306,6,23,vax_C_0.4,vax_C,0.4
160,C,0.34938812617154835,8.359132631582597e-6,0.6506035146958196,6,23,vax_C_0.4,vax_C,0.4
161,A,0.23548318852163827,3.903380821876999e-6,0.764512908097541,6,23,vax_C_0.4,vax_C,0.4
161,C,0.3493872564470706,7.630956183872103e-6,0.6506051125967461,6,23,vax_C_0.4,vax_C,0.4
162,A,0.23548278283328813,3.562954573409799e-6,0.7645136542121387,6,23,vax_C_0.4,vax_C,0.4
162,C,0.3493864624881549,6.96620993801986e-6,0.6506065713019066,6,23,vax_C_0.4,vax_C,0.4
163,A,0.23548241250956853,3.252233144741401e-6,0.7645143352572868,6,23,vax_C_0.4,vax_C,0.4
163,C,0.3493857376945773,6.359368975223921e-6,0.6506079029364472,6,23,vax_C_0.4,vax_C,0.4
164,A,0.2354820744667549,2.968622646568161e-6,0.7645149569105996,6,23,vax_C_0.4,vax_C,0.4
164,C,0.34938507604107505,5.80538954850449e-6,0.6506091185693759,6,23,vax_C_0.4,vax_C,0.4
165,A,0.23548176589013484,2.709755934460981e-6,0.7645155243539308,6,23,vax_C_0.4,vax_C,0.4
165,C,0.3493844720272641,5.299667186954899e-6,0.6506102283055489,6,23,vax_C_0.4,vax_C,0.4
166,A,0.23548148421052553,2.473472757804327e-6,0.7645160423167164,6,23,vax_C_0.4,vax_C,0.4
166,C,0.34938392063191487,4.837998446211891e-6,0.6506112413696394,6,23,vax_C_0.4,vax_C,0.4
167,A,0.2354812270828424,2.257801650404457e-6,0.7645165151155067,6,23,vax_C_0.4,vax_C,0.4
167,C,0.3493834172712127,4.416545988069331e-6,0.6506121661827987,6,23,vax_C_0.4,vax_C,0.4
168,A,0.2354809923665413,2.0609434094971277e-6,0.7645169466900482,6,23,vax_C_0.4,vax_C,0.4
168,C,0.34938295776065503,4.03180669970969e-6,0.6506130104326444,6,23,vax_C_0.4,vax_C,0.4
169,A,0.23548077810776796,1.8812560234312587e-6,0.7645173406362092,6,23,vax_C_0.4,vax_C,0.4
169,C,0.3493825382802663,3.680582588173319e-6,0.6506137811371455,6,23,vax_C_0.4,vax_C,0.4
170,A,0.23548058252306647,1.7172409206425914e-6,0.7645177002360132,6,23,vax_C_0.4,vax_C,0.4
170,C,0.3493821553428411,3.3599542086396347e-6,0.6506144847029508,6,23,vax_C_0.4,vax_C,0.4
171,A,0.23548040398451264,1.5675304237744324e-6,0.7645180284850641,6,23,vax_C_0.4,vax_C,0.4
171,C,0.3493818057649591,3.067256406064455e-6,0.6506151269786358,6,23,vax_C_0.4,vax_C,0.4
172,A,0.235480241006142,1.4308763030503725e-6,0.7645183281175553,6,23,vax_C_0.4,vax_C,0.4
172,C,0.349381486640519,2.8000561688784967e-6,0.6506157133033127,6,23,vax_C_0.4,vax_C,0.4
173,A,0.2354800922315664,1.3061393323437762e-6,0.7645186016291012,6,23,vax_C_0.4,vax_C,0.4
173,C,0.349381195316582,2.556132410954021e-6,0.6506162485510073,6,23,vax_C_0.4,vax_C,0.4
174,A,0.23547995642266872,1.1922797598998026e-6,0.7645188512975717,6,23,vax_C_0.4,vax_C,0.4
174,C,0.34938092937131726,2.333457514025228e-6,0.6506167371711689,6,23,vax_C_0.4,vax_C,0.4
175,A,0.23547983244928603,1.0883486134210667e-6,0.764519079202101,6,23,vax_C_0.4,vax_C,0.4
175,C,0.3493806865938699,2.130180477334997e-6,0.6506171832256529,6,23,vax_C_0.4,vax_C,0.4
176,A,0.23547971927979333,9.934797663035296e-7,0.7645192872404408,6,23,vax_C_0.4,vax_C,0.4
176,C,0.3493804649659818,1.944611534619959e-6,0.6506175904224838,6,23,vax_C_0.4,vax_C,0.4
177,A,0.23547961597250844,9.068826982471696e-7,0.7645194771447932,6,23,vax_C_0.4,vax_C,0.4
177,C,0.34938026264521316,1.7752081106946373e-6,0.6506179621466749,6,23,vax_C_0.4,vax_C,0.4
178,A,0.23547952166784797,8.27835889339802e-7,0.7645196504962637,6,23,vax_C_0.4,vax_C,0.4
178,C,0.3493800779496298,1.6205620010035238e-6,0.6506183014883694,6,23,vax_C_0.4,vax_C,0.4
179,A,0.23547943558116602,7.556807920801781e-7,0.7645198087380419,6,23,vax_C_0.4,vax_C,0.4
179,C,0.3493799093438143,1.479387667688394e-6,0.6506186112685166,6,23,vax_C_0.4,vax_C,0.4
180,A,0.23547935699621947,6.898163306814538e-7,0.7645199531874488,6,23,vax_C_0.4,vax_C,0.4
180,C,0.3493797554261104,1.3505115549591157e-6,0.6506188940623342,6,23,vax_C_0.4,vax_C,0.4
181,A,0.23547928525920483,6.296938814482663e-7,0.764520085046913,6,23,vax_C_0.4,vax_C,0.4
181,C,0.3493796149169637,1.2328623350152476e-6,0.6506191522207015,6,23,vax_C_0.4,vax_C,0.4
182,A,0.23547921977330988,5.748126920803595e-7,0.7645202054139986,6,23,vax_C_0.4,vax_C,0.4
182,C,0.34937948664828894,1.12546200349043e-6,0.6506193878897084,6,23,vax_C_0.4,vax_C,0.4
183,A,0.2354791599937462,5.247157014583661e-7,0.7645203152905523,6,23,vax_C_0.4,vax_C,0.4
183,C,0.3493793695537563,1.0274177504472532e-6,0.6506196030284929,6,23,vax_C_0.4,vax_C,0.4
184,A,0.23547910542321318,4.789857248428641e-7,0.7645204155910618,6,23,vax_C_0.4,vax_C,0.4
184,C,0.34937926265993263,9.379145393897303e-7,0.6506197994255285,6,23,vax_C_0.4,vax_C,0.4
185,A,0.23547905560775717,4.372419724952609e-7,0.7645205071502703,6,23,vax_C_0.4,vax_C,0.4
185,C,0.34937916507818134,8.562083326375823e-7,0.6506199787134859,6,23,vax_C_0.4,vax_C,0.4
186,A,0.2354790101329918,3.991368725357155e-7,0.7645205907301351,6,23,vax_C_0.4,vax_C,0.4
186,C,0.34937907599728213,7.816199067731142e-7,0.6506201423828114,6,23,vax_C_0.4,vax_C,0.4
187,A,0.23547896862064938,3.6435317141325543e-7,0.7645206670261795,6,23,vax_C_0.4,vax_C,0.4
187,C,0.34937899467668293,7.135292067721487e-7,0.6506202917941113,6,23,vax_C_0.4,vax_C,0.4
188,A,0.23547893072543002,3.3260128769819323e-7,0.7645207366732816,6,23,vax_C_0.4,vax_C,0.4
188,C,0.34937892044034274,6.513701919052822e-7,0.6506204281894652,6,23,vax_C_0.4,vax_C,0.4
189,A,0.23547889613213135,3.036168970363601e-7,0.7645208002509719,6,23,vax_C_0.4,vax_C,0.4
189,C,0.349378852671118,5.946261305804874e-7,0.6506205527027517,6,23,vax_C_0.4,vax_C,0.4
190,A,0.23547886455301925,2.771587280467595e-7,0.7645208582882532,6,23,vax_C_0.4,vax_C,0.4
190,C,0.34937879080562423,5.428253050269709e-7,0.6506206663690722,6,23,vax_C_0.4,vax_C,0.4
191,A,0.23547883572543868,2.530065507157656e-7,0.7645209112680112,6,23,vax_C_0.4,vax_C,0.4
191,C,0.34937873432955563,4.95537090124773e-7,0.6506207701333525,6,23,vax_C_0.4,vax_C,0.4
192,A,0.23547880940962435,2.3095934045687196e-7,0.7645209596310351,6,23,vax_C_0.4,vax_C,0.4
192,C,0.34937868277341533,4.5236837379294237e-7,0.6506208648582108,6,23,vax_C_0.4,vax_C,0.4
193,A,0.2354787853867066,2.1083360247910662e-7,0.7645210037796906,6,23,vax_C_0.4,vax_C,0.4
193,C,0.34937863570859956,4.129602891869817e-7,0.6506209513311099,6,23,vax_C_0.4,vax_C,0.4
194,A,0.2354787634568899,1.9246184245182474e-7,0.7645210440812675,6,23,vax_C_0.4,vax_C,0.4
194,C,0.3493785927438475,3.7698523154703156e-7,0.6506210302709202,6,23,vax_C_0.4,vax_C,0.4
195,A,0.23547874343779038,1.756911706801918e-7,0.7645210808710378,6,23,vax_C_0.4,vax_C,0.4
195,C,0.34937855352198127,3.441441349032041e-7,0.6506211023338829,6,23,vax_C_0.4,vax_C,0.4
196,A,0.23547872516291782,1.603820281248382e-7,0.7645211144550534,6,23,vax_C_0.4,vax_C,0.4
196,C,0.34937851771693823,3.1416398600420923e-7,0.6506211681190756,6,23,vax_C_0.4,vax_C,0.4
197,A,0.23547870848029098,1.4640702361983108e-7,0.7645211451126855,6,23,vax_C_0.4,vax_C,0.4
197,C,0.34937848503106156,2.8679555480603684e-7,0.6506212281733837,6,23,vax_C_0.4,vax_C,0.4
198,A,0.2354786932511717,1.336498725744378e-7,0.7645211730989562,6,23,vax_C_0.4,vax_C,0.4
198,C,0.3493784551926238,2.6181132265696417e-7,0.6506212829960529,6,23,vax_C_0.4,vax_C,0.4
199,A,0.23547867934891245,1.220044282942495e-7,0.7645211986466591,6,23,vax_C_0.4,vax_C,0.4
199,C,0.3493784279535701,2.3900359095907255e-7,0.6506213330428383,6,23,vax_C_0.4,vax_C,0.4
200,A,0.2354786666579021,1.1137379783224327e-7,0.7645212219683004,6,23,vax_C_0.4,vax_C,0.4
200,C,0.3493784030874546,2.1818275458558633e-7,0.6506213787297904,6,23,vax_C_0.4,vax_C,0.4
201,A,0.2354786550726034,1.0166953498772358e-7,0.7645212432578624,6,23,vax_C_0.4,vax_C,0.4
201,C,0.34937838038755825,1.991757257025743e-7,0.6506214204367164,6,23,vax_C_0.4,vax_C,0.4
202,A,0.23547864449667463,9.281090371647883e-8,0.7645212626924215,6,23,vax_C_0.4,vax_C,0.4
202,C,0.3493783596651698,1.818244948935958e-7,0.6506214585103348,6,23,vax_C_0.4,vax_C,0.4
203,A,0.23547863484217033,8.472420580438276e-8,0.7645212804336232,6,23,vax_C_0.4,vax_C,0.4
203,C,0.34937834074801927,1.6598481762705546e-7,0.6506214932671643,6,23,vax_C_0.4,vax_C,0.4
204,A,0.23547862602880587,7.734216535833984e-8,0.7645212966290288,6,23,vax_C_0.4,vax_C,0.4
204,C,0.34937832347883663,1.515250115452763e-7,0.6506215249961509,6,23,vax_C_0.4,vax_C,0.4
205,A,0.23547861798325492,7.060334055024028e-8,0.7645213114134034,6,23,vax_C_0.4,vax_C,0.4
205,C,0.3493783077139866,1.383248069026749e-7,0.6506215539612065,6,23,vax_C_0.4,vax_C,0.4
206,A,0.2354786106386093,6.4451667056874e-8,0.7645213249097238,6,23,vax_C_0.4,vax_C,0.4
206,C,0.34937829332239423,1.2627445418802516e-7,0.6506215804031522,6,23,vax_C_0.4,vax_C,0.4
207,A,0.23547860393382827,5.8836000937368354e-8,0.7645213372301718,6,23,vax_C_0.4,vax_C,0.4
207,C,0.3493782801844828,1.1527383055860024e-7,0.6506216045416864,6,23,vax_C_0.4,vax_C,0.4
208,A,0.2354785978131912,5.37096564038834e-8,0.7645213484771528,6,23,vax_C_0.4,vax_C,0.4
208,C,0.3493782681910946,1.0523153624301114e-7,0.650621626577368,6,23,vax_C_0.4,vax_C,0.4
209,A,0.23547859222599798,4.903015443662724e-8,0.7645213587438486,6,23,vax_C_0.4,vax_C,0.4
209,C,0.34937825724290383,9.606440338246867e-8,0.6506216466926931,6,23,vax_C_0.4,vax_C,0.4
210,A,0.2354785871260692,4.475880597368127e-8,0.7645213681151259,6,23,vax_C_0.4,vax_C,0.4
210,C,0.34937824724943933,8.76966807616566e-8,0.6506216650538791,6,23,vax_C_0.4,vax_C,0.4
211,A,0.2354785824707494,4.085987461296239e-8,0.7645213766693759,6,23,vax_C_0.4,vax_C,0.4
211,C,0.34937823812713475,8.005839583468414e-8,0.6506216818144687,6,23,vax_C_0.4,vax_C,0.4
212,A,0.23547857822106202,3.7300706617347433e-8,0.7645213844782314,6,23,vax_C_0.4,vax_C,0.4
212,C,0.3493782297996281,7.30856093774785e-8,0.650621697114763,6,23,vax_C_0.4,vax_C,0.4
213,A,0.2354785743362253,3.404713743465735e-8,0.7645213916166371,6,23,vax_C_0.4,vax_C,0.4
213,C,0.3493782221870193,6.671142074644726e-8,0.65062171110156,6,23,vax_C_0.4,vax_C,0.4
214,A,0.2354785707864508,3.107421207447643e-8,0.7645213981393381,6,23,vax_C_0.4,vax_C,0.4
214,C,0.34937821523094564,6.088696107305705e-8,0.6506217238820933,6,23,vax_C_0.4,vax_C,0.4
215,A,0.23547856754417285,2.8358839269125374e-8,0.7645214040969881,6,23,vax_C_0.4,vax_C,0.4
215,C,0.34937820887739923,5.556700901905621e-8,0.6506217355555927,6,23,vax_C_0.4,vax_C,0.4
216,A,0.23547856471532386,2.5989739921697137e-8,0.7645214092949352,6,23,vax_C_0.4,vax_C,0.4
216,C,0.3493782033339588,5.092537435084192e-8,0.6506217457406668,6,23,vax_C_0.4,vax_C,0.4
217,A,0.2354785621227883,2.3818563335639425e-8,0.7645214140586492,6,23,vax_C_0.4,vax_C,0.4
217,C,0.34937819825357497,4.6671465451811835e-8,0.6506217550749601,6,23,vax_C_0.4,vax_C,0.4
218,A,0.23547855974682336,2.1828773395900176e-8,0.764521418424403,6,23,vax_C_0.4,vax_C,0.4
218,C,0.3493781935975665,4.2772894778492306e-8,0.650621763629539,6,23,vax_C_0.4,vax_C,0.4
219,A,0.2354785575693378,2.0005215665512223e-8,0.7645214224254461,6,23,vax_C_0.4,vax_C,0.4
219,C,0.34937818933048526,3.919998018209537e-8,0.6506217714695354,6,23,vax_C_0.4,vax_C,0.4
220,A,0.235478555573751,1.8334001927635197e-8,0.7645214260922465,6,23,vax_C_0.4,vax_C,0.4
220,C,0.3493781854198426,3.592551892298067e-8,0.6506217786546384,6,23,vax_C_0.4,vax_C,0.4
221,A,0.23547855374486826,1.6802404375070865e-8,0.764521429452728,6,23,vax_C_0.4,vax_C,0.4
221,C,0.34937818183586444,3.292458056109038e-8,0.6506217852395538,6,23,vax_C_0.4,vax_C,0.4
222,A,0.23547855206876184,1.5398758643194187e-8,0.7645214325324788,6,23,vax_C_0.4,vax_C,0.4
222,C,0.3493781785512643,3.017431714656199e-8,0.650621791274418,6,23,vax_C_0.4,vax_C,0.4
223,A,0.23547855053267047,1.4112374947010952e-8,0.7645214353549541,6,23,vax_C_0.4,vax_C,0.4
223,C,0.3493781755410351,2.76537892654195e-8,0.650621796805176,6,23,vax_C_0.4,vax_C,0.4
224,A,0.23547854912489782,1.2933456644876046e-8,0.7645214379416461,6,23,vax_C_0.4,vax_C,0.4
224,C,0.34937817278225586,2.5343806615949382e-8,0.6506218018739365,6,23,vax_C_0.4,vax_C,0.4
225,A,0.2354785478347233,1.1853025608058462e-8,0.7645214403122502,6,23,vax_C_0.4,vax_C,0.4
225,C,0.3493781702539249,2.3226781901996707e-8,0.6506218065192946,6,23,vax_C_0.4,vax_C,0.4
226,A,0.2354785466523247,1.086285382725126e-8,0.7645214424848217,6,23,vax_C_0.4,vax_C,0.4
226,C,0.34937816793678994,2.128659693080138e-8,0.6506218107766127,6,23,vax_C_0.4,vax_C,0.4
227,A,0.23547854556869777,9.955400734692032e-9,0.7645214444759018,6,23,vax_C_0.4,vax_C,0.4
227,C,0.34937816581321124,1.9508479895914516e-8,0.6506218146783089,6,23,vax_C_0.4,vax_C,0.4
228,A,0.2354785445755914,9.123755764151782e-9,0.7645214463006528,6,23,vax_C_0.4,vax_C,0.4
228,C,0.34937816386701975,1.7878892910887945e-8,0.6506218182540876,6,23,vax_C_0.4,vax_C,0.4
229,A,0.23547854366544418,8.361585710991554e-9,0.7645214479729705,6,23,vax_C_0.4,vax_C,0.4
229,C,0.34937816208339734,1.6385428937477125e-8,0.650621821531173,6,23,vax_C_0.4,vax_C,0.4
230,A,0.2354785428313262,7.66308649108985e-9,0.7645214495055874,6,23,vax_C_0.4,vax_C,0.4
230,C,0.3493781604487658,1.5016717323618083e-8,0.6506218245345164,6,23,vax_C_0.4,vax_C,0.4
231,A,0.23547854206688595,7.022938930985033e-9,0.7645214509101746,6,23,vax_C_0.4,vax_C,0.4
231,C,0.34937815895067875,1.3762337231992096e-8,0.6506218272869848,6,23,vax_C_0.4,vax_C,0.4
232,A,0.2354785413663028,6.436268252312837e-9,0.7645214521974283,6,23,vax_C_0.4,vax_C,0.4
232,C,0.34937815757772983,1.2612738300063797e-8,0.6506218298095313,6,23,vax_C_0.4,vax_C,0.4
233,A,0.23547854072424276,5.898606941784817e-9,0.7645214533771502,6,23,vax_C_0.4,vax_C,0.4
233,C,0.34937815631946634,1.1559167927537061e-8,0.6506218321213652,6,23,vax_C_0.4,vax_C,0.4
234,A,0.23547854013581695,5.4058607237639295e-9,0.7645214544583226,6,23,vax_C_0.4,vax_C,0.4
234,C,0.34937815516630844,1.0593604637628727e-8,0.6506218342400861,6,23,vax_C_0.4,vax_C,0.4
235,A,0.23547853959654516,4.954277376145207e-9,0.764521455449178,6,23,vax_C_0.4,vax_C,0.4
235,C,0.34937815410947737,9.70869700480424e-9,0.6506218361818261,6,23,vax_C_0.4,vax_C,0.4
236,A,0.2354785391023203,4.540418155391469e-9,0.7645214563572609,6,23,vax_C_0.4,vax_C,0.4
236,C,0.34937815314092446,8.897707681082711e-9,0.6506218379613665,6,23,vax_C_0.4,vax_C,0.4
237,A,0.2354785386493807,4.161131595282313e-9,0.7645214571894875,6,23,vax_C_0.4,vax_C,0.4
237,C,0.34937815225327784,8.154462109446953e-9,0.6506218395922587,6,23,vax_C_0.4,vax_C,0.4
238,A,0.23547853823427695,3.813529515587922e-9,0.7645214579521936,6,23,vax_C_0.4,vax_C,0.4
238,C,0.3493781514397778,7.473301504587994e-9,0.6506218410869201,6,23,vax_C_0.4,vax_C,0.4
239,A,0.23547853785384829,3.4949650223268596e-9,0.7645214586511864,6,23,vax_C_0.4,vax_C,0.4
239,C,0.3493781506942319,6.849039771572698e-9,0.6506218424567272,6,23,vax_C_0.4,vax_C,0.4
240,A,0.2354785375051985,3.203012348655514e-9,0.7645214592917887,6,23,vax_C_0.4,vax_C,0.4
240,C,0.3493781500109634,6.276924021300381e-9,0.6506218437121131,6,23,vax_C_0.4,vax_C,0.4
241,A,0.23547853718567302,2.9354483804887927e-9,0.764521459878879,6,23,vax_C_0.4,vax_C,0.4
241,C,0.3493781493847693,5.752598383896917e-9,0.6506218448626322,6,23,vax_C_0.4,vax_C,0.4
242,A,0.2354785368928383,2.6902357257026935e-9,0.764521460416926,6,23,vax_C_0.4,vax_C,0.4
242,C,0.3493781488108829,5.272070844850342e-9,0.650621845917047,6,23,vax_C_0.4,vax_C,0.4
243,A,0.23547853662446525,2.4655071979349416e-9,0.7645214609100267,6,23,vax_C_0.4,vax_C,0.4
243,C,0.3493781482849341,4.831682851391989e-9,0.6506218468833835,6,23,vax_C_0.4,vax_C,0.4
244,A,0.23547853637851082,2.2595515967794933e-9,0.7645214613619379,6,23,vax_C_0.4,vax_C,0.4
244,C,0.3493781478029189,4.428081457719614e-9,0.6506218477689998,6,23,vax_C_0.4,vax_C,0.4
245,A,0.23547853615310116,2.0708006760494194e-9,0.7645214617760975,6,23,vax_C_0.4,vax_C,0.4
245,C,0.34937814736116807,4.05819379698786e-9,0.6506218485806381,6,23,vax_C_0.4,vax_C,0.4
246,A,0.23547853594652154,1.8978172008354176e-9,0.7645214621556613,6,23,vax_C_0.4,vax_C,0.4
246,C,0.3493781469563169,3.7192036857067476e-9,0.650621849324479,6,23,vax_C_0.4,vax_C,0.4
247,A,0.2354785357571978,1.7392840023833752e-9,0.7645214625035179,6,23,vax_C_0.4,vax_C,0.4
247,C,0.3493781465852851,3.4085301824239043e-9,0.6506218500061861,6,23,vax_C_0.4,vax_C,0.4
248,A,0.2354785355836894,1.5939939474172239e-9,0.764521462822317,6,23,vax_C_0.4,vax_C,0.4
248,C,0.3493781462452455,3.123807937445212e-9,0.6506218506309462,6,23,vax_C_0.4,vax_C,0.4
249,A,0.2354785354246741,1.4608407455003318e-9,0.7645214631144847,6,23,vax_C_0.4,vax_C,0.4
249,C,0.3493781459336107,2.86286918398501e-9,0.6506218512035213,6,23,vax_C_0.4,vax_C,0.4
250,A,0.23547853527894258,1.3388105244139347e-9,0.7645214633822481,6,23,vax_C_0.4,vax_C,0.4
250,C,0.3493781456480071,2.6237272336337472e-9,0.650621851728266,6,23,vax_C_0.4,vax_C,0.4
251,A,0.23547853514538417,1.226974109382081e-9,0.7645214636276425,6,23,vax_C_0.4,vax_C,0.4
251,C,0.34937814538626083,2.4045613504845155e-9,0.6506218522091779,6,23,vax_C_0.4,vax_C,0.4
252,A,0.23547853502298197,1.1244799473350102e-9,0.7645214638525375,6,23,vax_C_0.4,vax_C,0.4
252,C,0.34937814514637816,2.20370288875614e-9,0.6506218526499181,6,23,vax_C_0.4,vax_C,0.4
253,A,0.23547853491080506,1.0305476223168647e-9,0.7645214640586485,6,23,vax_C_0.4,vax_C,0.4
253,C,0.34937814492653374,2.0196225883704607e-9,0.6506218530538426,6,23,vax_C_0.4,vax_C,0.4
254,A,0.2354785348079981,9.444619126470759e-10,0.7645214642475395,6,23,vax_C_0.4,vax_C,0.4
254,C,0.34937814472505424,1.8509189317574054e-9,0.6506218534240276,6,23,vax_C_0.4,vax_C,0.4
255,A,0.2354785347137792,8.655673445718226e-10,0.7645214644206529,6,23,vax_C_0.4,vax_C,0.4
255,C,0.34937814454040395,1.696307473241323e-9,0.6506218537632883,6,23,vax_C_0.4,vax_C,0.4
256,A,0.23547853462743087,7.932632018277631e-10,0.7645214645793057,6,23,vax_C_0.4,vax_C,0.4
256,C,0.34937814437117803,1.5546110608855846e-9,0.6506218540742104,6,23,vax_C_0.4,vax_C,0.4
257,A,0.23547853454829498,7.269989485297375e-10,0.7645214647247052,6,23,vax_C_0.4,vax_C,0.4
257,C,0.349378144216088,1.4247508706875505e-9,0.6506218543591609,6,23,vax_C_0.4,vax_C,0.4
258,A,0.2354785344757705,6.662700397126537e-10,0.7645214648579602,6,23,vax_C_0.4,vax_C,0.4
258,C,0.34937814407395323,1.305738196203751e-9,0.6506218546203084,6,23,vax_C_0.4,vax_C,0.4
259,A,0.2354785344093033,6.106140785914191e-10,0.764521464980082,6,23,vax_C_0.4,vax_C,0.4
259,C,0.34937814394369127,1.1966669199707913e-9,0.6506218548596417,6,23,vax_C_0.4,vax_C,0.4
260,A,0.23547853434838856,5.596072954598484e-10,0.7645214650920046,6,23,vax_C_0.4,vax_C,0.4
260,C,0.3493781438243106,1.0967066145511176e-9,0.6506218550789842,6,23,vax_C_0.4,vax_C,0.4
261,A,0.2354785342925624,5.128613208401433e-10,0.7645214651945759,6,23,vax_C_0.4,vax_C,0.4
261,C,0.3493781437149013,1.0050962199765458e-9,0.6506218552800025,6,23,vax_C_0.4,vax_C,0.4
262,A,0.2354785342413997,4.700202282076292e-10,0.7645214652885808,6,23,vax_C_0.4,vax_C,0.4
262,C,0.3493781436146316,9.211382493288434e-10,0.65062185546423,6,23,vax_C_0.4,vax_C,0.4
263,A,0.23547853419451029,4.3075782376904053e-10,0.764521465374732,6,23,vax_C_0.4,vax_C,0.4
263,C,0.349378143522738,8.441934783409222e-10,0.6506218556330697,6,23,vax_C_0.4,vax_C,0.4
264,A,0.23547853415153785,3.947751626543445e-10,0.764521465453687,6,23,vax_C_0.4,vax_C,0.4
264,C,0.3493781434385194,7.736760785874016e-10,0.6506218557878037,6,23,vax_C_0.4,vax_C,0.4
265,A,0.23547853411215516,3.6179827260656603e-10,0.764521465526047,6,23,vax_C_0.4,vax_C,0.4
265,C,0.34937814336133693,7.09049157210524e-10,0.6506218559296141,6,23,vax_C_0.4,vax_C,0.4
266,A,0.2354785340760622,3.3157606783446315e-10,0.764521465592362,6,23,vax_C_0.4,vax_C,0.4
266,C,0.34937814329060135,6.49820669222637e-10,0.650621856059578,6,23,vax_C_0.4,vax_C,0.4
267,A,0.23547853404298386,3.0387843714120644e-10,0.7645214656531372,6,23,vax_C_0.4,vax_C,0.4
267,C,0.34937814322577415,5.955396712631426e-10,0.6506218561786855,6,23,vax_C_0.4,vax_C,0.4
268,A,0.23547853401266908,2.784944917695662e-10,0.764521465708836,6,23,vax_C_0.4,vax_C,0.4
268,C,0.349378143166362,5.457928882874253e-10,0.6506218562878442,6,23,vax_C_0.4,vax_C,0.4
269,A,0.23547853398488672,2.5523095962047257e-10,0.764521465759883,6,23,vax_C_0.4,vax_C,0.4
269,C,0.349378143111913,5.002015670479129e-10,0.6506218563878843,6,23,vax_C_0.4,vax_C,0.4
270,A,0.23547853395942459,2.339107136166476e-10,0.7645214658066648,6,23,vax_C_0.4,vax_C,0.4
270,C,0.3493781430620129,4.5841859241085624e-10,0.650621856479569,6,23,vax_C_0.4,vax_C,0.4
271,A,0.2354785339360897,2.1437142300458406e-10,0.7645214658495396,6,23,vax_C_0.4,vax_C,0.4
271,C,0.34937814301628034,4.2012584455359686e-10,0.6506218565635933,6,23,vax_C_0.4,vax_C,0.4
272,A,0.23547853391470394,1.9646431732445587e-10,0.7645214658888326,6,23,vax_C_0.4,vax_C,0.4
272,C,0.3493781429743682,3.850317769210525e-10,0.6506218566406005,6,23,vax_C_0.4,vax_C,0.4
273,A,0.23547853389510454,1.8005305363557587e-10,0.7645214659248424,6,23,vax_C_0.4,vax_C,0.4
273,C,0.3493781429359566,3.528691965008929e-10,0.6506218567111739,6,23,vax_C_0.4,vax_C,0.4
274,A,0.23547853387714252,1.6501267837136893e-10,0.7645214659578451,6,23,vax_C_0.4,vax_C,0.4
274,C,0.34937814290075386,3.2339322951730265e-10,0.6506218567758527,6,23,vax_C_0.4,vax_C,0.4
275,A,0.23547853386068068,1.5122867591849217e-10,0.7645214659880913,6,23,vax_C_0.4,vax_C,0.4
275,C,0.34937814286849234,2.9637945705488623e-10,0.6506218568351293,6,23,vax_C_0.4,vax_C,0.4
276,A,0.23547853384559414,1.3859609645171427e-10,0.7645214660158105,6,23,vax_C_0.4,vax_C,0.4
276,C,0.3493781428389247,2.716222065416853e-10,0.6506218568894527,6,23,vax_C_0.4,vax_C,0.4
277,A,0.23547853383176745,1.2701875752203244e-10,0.7645214660412135,6,23,vax_C_0.4,vax_C,0.4
277,C,0.3493781428118275,2.489329854568674e-10,0.6506218569392391,6,23,vax_C_0.4,vax_C,0.4
278,A,0.2354785338190961,1.1640851101907627e-10,0.7645214660644953,6,23,vax_C_0.4,vax_C,0.4
278,C,0.3493781427869935,2.281390465954127e-10,0.6506218569848667,6,23,vax_C_0.4,vax_C,0.4
279,A,0.23547853380748315,1.0668457219973698e-10,0.7645214660858323,6,23,vax_C_0.4,vax_C,0.4
279,C,0.34937814276423435,2.0908207273022108e-10,0.6506218570266844,6,23,vax_C_0.4,vax_C,0.4
280,A,0.23547853379684,9.77729046114117e-11,0.764521466105387,6,23,vax_C_0.4,vax_C,0.4
280,C,0.349378142743376,1.916169712308694e-10,0.6506218570650074,6,23,vax_C_0.4,vax_C,0.4
281,A,0.23547853378708616,8.960565637311984e-11,0.7645214661233077,6,23,vax_C_0.4,vax_C,0.4
281,C,0.34937814272426,1.7561076938318276e-10,0.6506218571001293,6,23,vax_C_0.4,vax_C,0.4
282,A,0.23547853377814704,8.212064354760362e-11,0.7645214661397318,6,23,vax_C_0.4,vax_C,0.4
282,C,0.3493781427067404,1.6094160198524216e-10,0.650621857132317,6,23,vax_C_0.4,vax_C,0.4
283,A,0.23547853376995503,7.526087667052267e-11,0.7645214661547852,6,23,vax_C_0.4,vax_C,0.4
283,C,0.3493781426906849,1.4749778351177424e-10,0.6506218571618166,6,23,vax_C_0.4,vax_C,0.4
284,A,0.23547853376244676,6.897412683148623e-11,0.7645214661685795,6,23,vax_C_0.4,vax_C,0.4
284,C,0.3493781426759705,1.351769577827397e-10,0.6506218571888523,6,23,vax_C_0.4,vax_C,0.4
285,A,0.23547853375556582,6.321252800286296e-11,0.7645214661812213,6,23,vax_C_0.4,vax_C,0.4
285,C,0.3493781426624846,1.238853186620173e-10,0.6506218572136292,6,23,vax_C_0.4,vax_C,0.4
286,A,0.2354785337492595,5.793221258831804e-11,0.764521466192808,6,23,vax_C_0.4,vax_C,0.4
286,C,0.3493781426501261,1.135368958528864e-10,0.6506218572363368,6,23,vax_C_0.4,vax_C,0.4
287,A,0.2354785337434803,5.3092977416001015e-11,0.7645214662034268,6,23,vax_C_0.4,vax_C,0.4
287,C,0.3493781426387993,1.0405290035262183e-10,0.6506218572571476,6,23,vax_C_0.4,vax_C,0.4
288,A,0.23547853373818362,4.865797763312864e-11,0.7645214662131588,6,23,vax_C_0.4,vax_C,0.4
288,C,0.34937814262841876,9.536112458274294e-11,0.6506218572762196,6,23,vax_C_0.4,vax_C,0.4
289,A,0.23547853373332955,4.459344617117104e-11,0.7645214662220767,6,23,vax_C_0.4,vax_C,0.4
289,C,0.3493781426189061,8.739539262773997e-11,0.6506218572936991,6,23,vax_C_0.4,vax_C,0.4
290,A,0.23547853372888086,4.08684366455605e-11,0.7645214662302501,6,23,vax_C_0.4,vax_C,0.4
290,C,0.34937814261018707,8.009505639659727e-11,0.6506218573097186,6,23,vax_C_0.4,vax_C,0.4
291,A,0.23547853372480393,3.745458773228664e-11,0.7645214662377416,6,23,vax_C_0.4,vax_C,0.4
291,C,0.34937814260219635,7.340453387108682e-11,0.6506218573243983,6,23,vax_C_0.4,vax_C,0.4
292,A,0.23547853372106764,3.43259072272797e-11,0.7645214662446078,6,23,vax_C_0.4,vax_C,0.4
292,C,0.34937814259487365,6.727288592522268e-11,0.6506218573378538,6,23,vax_C_0.4,vax_C,0.4
293,A,0.23547853371764302,3.14585741443588e-11,0.7645214662508988,6,23,vax_C_0.4,vax_C,0.4
293,C,0.3493781425881629,6.165342849394473e-11,0.6506218573501851,6,23,vax_C_0.4,vax_C,0.4
294,A,0.23547853371450472,2.883075734487602e-11,0.7645214662566645,6,23,vax_C_0.4,vax_C,0.4
294,C,0.3493781425820118,5.650337713822775e-11,0.6506218573614849,6,23,vax_C_0.4,vax_C,0.4
295,A,0.23547853371162836,2.6422449318068458e-11,0.7645214662619492,6,23,vax_C_0.4,vax_C,0.4
295,C,0.3493781425763755,5.178352130047402e-11,0.6506218573718415,6,23,vax_C_0.4,vax_C,0.4
296,A,0.23547853370899258,2.4215313853018275e-11,0.7645214662667925,6,23,vax_C_0.4,vax_C,0.4
296,C,0.3493781425712093,4.745792572668712e-11,0.6506218573813334,6,23,vax_C_0.4,vax_C,0.4
297,A,0.235478533706577,2.2192546408460687e-11,0.7645214662712311,6,23,vax_C_0.4,vax_C,0.4
297,C,0.34937814256647487,4.349365700209128e-11,0.6506218573900324,6,23,vax_C_0.4,vax_C,0.4
298,A,0.23547853370436286,2.0338746187161024e-11,0.7645214662752986,6,23,vax_C_0.4,vax_C,0.4
298,C,0.3493781425621361,3.986053267680952e-11,0.6506218573980049,6,23,vax_C_0.4,vax_C,0.4
299,A,0.235478533702334,1.863979887019288e-11,0.7645214662790272,6,23,vax_C_0.4,vax_C,0.4
299,C,0.349378142558159,3.6530891505212747e-11,0.6506218574053101,6,23,vax_C_0.4,vax_C,0.4
300,A,0.2354785337004741,1.708276915205118e-11,0.764521466282443,6,23,vax_C_0.4,vax_C,0.4
300,C,0.3493781425545143,3.347938284842715e-11,0.6506218574120057,6,23,vax_C_0.4,vax_C,0.4
301,A,0.23547853369877011,1.5655802253511252e-11,0.764521466285574,6,23,vax_C_0.4,vax_C,0.4
301,C,0.34937814255117505,3.0682773664104813e-11,0.650621857418143,6,23,vax_C_0.4,vax_C,0.4
302,A,0.23547853369720848,1.4348033661518272e-11,0.7645214662884449,6,23,vax_C_0.4,vax_C,0.4
302,C,0.3493781425481141,2.8119771618777054e-11,0.6506218574237667,6,23,vax_C_0.4,vax_C,0.4
303,A,0.23547853369577698,1.3149506408864097e-11,0.764521466291074,6,23,vax_C_0.4,vax_C,0.4
303,C,0.34937814254530825,2.5770862976034195e-11,0.6506218574289202,6,23,vax_C_0.4,vax_C,0.4
304,A,0.23547853369446528,1.2051095263817154e-11,0.7645214662934846,6,23,vax_C_0.4,vax_C,0.4
304,C,0.34937814254273797,2.3618164026272605e-11,0.6506218574336448,6,23,vax_C_0.4,vax_C,0.4
305,A,0.23547853369326274,1.1044437252485014e-11,0.7645214662956922,6,23,vax_C_0.4,vax_C,0.4
305,C,0.34937814254038174,2.1645284926852056e-11,0.6506218574379742,6,23,vax_C_0.4,vax_C,0.4
306,A,0.2354785336921609,1.0121867984907677e-11,0.7645214662977171,6,23,vax_C_0.4,vax_C,0.4
306,C,0.34937814253822264,1.9837204915993445e-11,0.6506218574419417,6,23,vax_C_0.4,vax_C,0.4
307,A,0.23547853369115118,9.276363300070173e-12,0.7645214662995726,6,23,vax_C_0.4,vax_C,0.4
307,C,0.34937814253624255,1.8180157950342522e-11,0.6506218574455763,6,23,vax_C_0.4,vax_C,0.4
308,A,0.23547853369022584,8.501485785521823e-12,0.7645214663012726,6,23,vax_C_0.4,vax_C,0.4
308,C,0.3493781425344294,1.6661527895487317e-11,0.650621857448909,6,23,vax_C_0.4,vax_C,0.4
309,A,0.23547853368937788,7.791335764405347e-12,0.7645214663028318,6,23,vax_C_0.4,vax_C,0.4
309,C,0.349378142532767,1.5269752471449388e-11,0.6506218574519628,6,23,vax_C_0.4,vax_C,0.4
310,A,0.2354785336886003,7.140506376714295e-12,0.7645214663042591,6,23,vax_C_0.4,vax_C,0.4
310,C,0.3493781425312435,1.399423522182619e-11,0.6506218574547618,6,23,vax_C_0.4,vax_C,0.4
311,A,0.2354785336878882,6.544042412771053e-12,0.7645214663055679,6,23,vax_C_0.4,vax_C,0.4
311,C,0.3493781425298479,1.2825264836350909e-11,0.6506218574573274,6,23,vax_C_0.4,vax_C,0.4
312,A,0.23547853368723518,5.997402585486948e-12,0.7645214663067673,6,23,vax_C_0.4,vax_C,0.4
312,C,0.34937814252856814,1.1753941212621917e-11,0.6506218574596776,6,23,vax_C_0.4,vax_C,0.4
313,A,0.23547853368663704,5.496424954149742e-12,0.7645214663078672,6,23,vax_C_0.4,vax_C,0.4
313,C,0.3493781425273958,1.0772107694064035e-11,0.6506218574618321,6,23,vax_C_0.4,vax_C,0.4
314,A,0.23547853368608843,5.037295236478515e-12,0.7645214663088733,6,23,vax_C_0.4,vax_C,0.4
314,C,0.34937814252632143,9.872288968206779e-12,0.6506218574638075,6,23,vax_C_0.4,vax_C,0.4
315,A,0.23547853368558602,4.616517767678419e-12,0.7645214663097973,6,23,vax_C_0.4,vax_C,0.4
315,C,0.3493781425253361,9.047634152460374e-12,0.6506218574656157,6,23,vax_C_0.4,vax_C,0.4
316,A,0.23547853368512522,4.230888886921442e-12,0.7645214663106432,6,23,vax_C_0.4,vax_C,0.4
316,C,0.3493781425244336,8.291864627555583e-12,0.6506218574672739,6,23,vax_C_0.4,vax_C,0.4
317,A,0.23547853368470376,3.877472540681437e-12,0.7645214663114193,6,23,vax_C_0.4,vax_C,0.4
317,C,0.34937814252360666,7.59922625450697e-12,0.6506218574687954,6,23,vax_C_0.4,vax_C,0.4
318,A,0.23547853368431668,3.553577933393436e-12,0.7645214663121299,6,23,vax_C_0.4,vax_C,0.4
318,C,0.34937814252284854,6.964445544901057e-12,0.6506218574701872,6,23,vax_C_0.4,vax_C,0.4
319,A,0.23547853368396227,3.2567390390250476e-12,0.7645214663127823,6,23,vax_C_0.4,vax_C,0.4
319,C,0.3493781425221537,6.382689516162303e-12,0.6506218574714637,6,23,vax_C_0.4,vax_C,0.4
320,A,0.2354785336836372,2.9846958252643597e-12,0.7645214663133771,6,23,vax_C_0.4,vax_C,0.4
320,C,0.3493781425215165,5.849528895765906e-12,0.6506218574726327,6,23,vax_C_0.4,vax_C,0.4
321,A,0.23547853368333932,2.7353770462815702e-12,0.7645214663139249,6,23,vax_C_0.4,vax_C,0.4
321,C,0.34937814252093347,5.360904398417799e-12,0.6506218574737063,6,23,vax_C_0.4,vax_C,0.4
322,A,0.23547853368306654,2.5068844728639633e-12,0.7645214663144269,6,23,vax_C_0.4,vax_C,0.4
322,C,0.3493781425203988,4.913095820178386e-12,0.6506218574746893,6,23,vax_C_0.4,vax_C,0.4
323,A,0.2354785336828165,2.297478439855691e-12,0.7645214663148866,6,23,vax_C_0.4,vax_C,0.4
323,C,0.34937814251990795,4.502693714224597e-12,0.6506218574755885,6,23,vax_C_0.4,vax_C,0.4
324,A,0.2354785336825875,2.105564600863388e-12,0.7645214663153075,6,23,vax_C_0.4,vax_C,0.4
324,C,0.3493781425194593,4.1265734326000254e-12,0.6506218574764149,6,23,vax_C_0.4,vax_C,0.4
325,A,0.23547853368237717,1.929681789380677e-12,0.7645214663156931,6,23,vax_C_0.4,vax_C,0.4
325,C,0.3493781425190475,3.781871336316618e-12,0.6506218574771709,6,23,vax_C_0.4,vax_C,0.4
326,A,0.23547853368218463,1.7684908939088536e-12,0.7645214663160471,6,23,vax_C_0.4,vax_C,0.4
326,C,0.34937814251867055,3.4659629926808656e-12,0.6506218574778646,6,23,vax_C_0.4,vax_C,0.4
327,A,0.23547853368200816,1.6207646623712267e-12,0.7645214663163714,6,23,vax_C_0.4,vax_C,0.4
327,C,0.34937814251832455,3.1764431938468776e-12,0.6506218574784989,6,23,vax_C_0.4,vax_C,0.4
328,A,0.23547853368184682,1.485378358194346e-12,0.7645214663166684,6,23,vax_C_0.4,vax_C,0.4
328,C,0.3493781425180076,2.911107644465239e-12,0.6506218574790815,6,23,vax_C_0.4,vax_C,0.4
329,A,0.23547853368169866,1.3613011969136053e-12,0.7645214663169408,6,23,vax_C_0.4,vax_C,0.4
329,C,0.34937814251771715,2.6679361790042524e-12,0.6506218574796153,6,23,vax_C_0.4,vax_C,0.4
330,A,0.23547853368156257,1.247588498103605e-12,0.7645214663171891,6,23,vax_C_0.4,vax_C,0.4
330,C,0.34937814251745053,2.44507738096654e-12,0.6506218574801036,6,23,vax_C_0.4,vax_C,0.4
331,A,0.23547853368143795,1.143374492879957e-12,0.7645214663174178,6,23,vax_C_0.4,vax_C,0.4
331,C,0.3493781425172068,2.240834486897549e-12,0.6506218574805527,6,23,vax_C_0.4,vax_C,0.4
332,A,0.2354785336813241,1.0478657322106491e-12,0.7645214663176279,6,23,vax_C_0.4,vax_C,0.4
332,C,0.3493781425169831,2.053652467864272e-12,0.6506218574809626,6,23,vax_C_0.4,vax_C,0.4
333,A,0.23547853368121943,9.603350458495087e-13,0.76452146631782,6,23,vax_C_0.4,vax_C,0.4
333,C,0.34937814251677834,1.8821061900475484e-12,0.6506218574813392,6,23,vax_C_0.4,vax_C,0.4
334,A,0.23547853368112373,8.801160058966757e-13,0.7645214663179967,6,23,vax_C_0.4,vax_C,0.4
334,C,0.3493781425165906,1.7248895643070103e-12,0.6506218574816841,6,23,vax_C_0.4,vax_C,0.4
335,A,0.23547853368103625,8.065978528330301e-13,0.7645214663181583,6,23,vax_C_0.4,vax_C,0.4
335,C,0.34937814251641824,1.5808056021076147e-12,0.6506218574820005,6,23,vax_C_0.4,vax_C,0.4
336,A,0.23547853368095556,7.392208453323346e-13,0.7645214663183056,6,23,vax_C_0.4,vax_C,0.4
336,C,0.34937814251626126,1.4487573049187528e-12,0.6506218574822906,6,23,vax_C_0.4,vax_C,0.4
337,A,0.2354785336808816,6.774719988185512e-13,0.7645214663184405,6,23,vax_C_0.4,vax_C,0.4
337,C,0.3493781425161163,1.327739303419303e-12,0.6506218574825561,6,23,vax_C_0.4,vax_C,0.4
338,A,0.23547853368081406,6.208811794755589e-13,0.7645214663185643,6,23,vax_C_0.4,vax_C,0.4
338,C,0.349378142515984,1.2168302115647242e-12,0.650621857482799,6,23,vax_C_0.4,vax_C,0.4
339,A,0.23547853368075214,5.69017524909379e-13,0.7645214663186785,6,23,vax_C_0.4,vax_C,0.4
339,C,0.3493781425158628,1.1151856090768228e-12,0.650621857483022,6,23,vax_C_0.4,vax_C,0.4
340,A,0.23547853368069543,5.214861637184745e-13,0.7645214663187831,6,23,vax_C_0.4,vax_C,0.4
340,C,0.3493781425157518,1.0220316120296498e-12,0.6506218574832278,6,23,vax_C_0.4,vax_C,0.4
341,A,0.23547853368064348,4.779252090752631e-13,0.7645214663188783,6,23,vax_C_0.4,vax_C,0.4
341,C,0.3493781425156492,9.36658980787002e-13,0.6506218574834136,6,23,vax_C_0.4,vax_C,0.4
342,A,0.23547853368059582,4.380030034416722e-13,0.7645214663189661,6,23,vax_C_0.4,vax_C,0.4
342,C,0.34937814251555593,8.584177201173881e-13,0.6506218574835863,6,23,vax_C_0.4,vax_C,0.4
343,A,0.2354785336805522,4.0141559344080333e-13,0.7645214663190465,6,23,vax_C_0.4,vax_C,0.4
343,C,0.34937814251547045,7.867121303736657e-13,0.6506218574837431,6,23,vax_C_0.4,vax_C,0.4
344,A,0.23547853368051208,3.678844156591422e-13,0.7645214663191201,6,23,vax_C_0.4,vax_C,0.4
344,C,0.34937814251539195,7.209962720589774e-13,0.650621857483887,6,23,vax_C_0.4,vax_C,0.4
345,A,0.23547853368047528,3.3715417575969746e-13,0.7645214663191877,6,23,vax_C_0.4,vax_C,0.4
345,C,0.34937814251532007,6.607698092478342e-13,0.6506218574840196,6,23,vax_C_0.4,vax_C,0.4
346,A,0.2354785336804417,3.089909047582906e-13,0.7645214663192499,6,23,vax_C_0.4,vax_C,0.4
346,C,0.34937814251525356,6.055742002157398e-13,0.6506218574841403,6,23,vax_C_0.4,vax_C,0.4
347,A,0.23547853368041088,2.831801776640719e-13,0.7645214663193064,6,23,vax_C_0.4,vax_C,0.4
347,C,0.34937814251519383,5.549892062742172e-13,0.6506218574842516,6,23,vax_C_0.4,vax_C,0.4
348,A,0.23547853368038255,2.595254809215518e-13,0.7645214663193581,6,23,vax_C_0.4,vax_C,0.4
348,C,0.3493781425151386,5.086296922308237e-13,0.6506218574843532,6,23,vax_C_0.4,vax_C,0.4
349,A,0.23547853368035704,2.378467162243482e-13,0.7645214663194062,6,23,vax_C_0.4,vax_C,0.4
349,C,0.3493781425150874,4.66142694114044e-13,0.6506218574844467,6,23,vax_C_0.4,vax_C,0.4
350,A,0.23547853368033292,2.1797882930916746e-13,0.7645214663194485,6,23,vax_C_0.4,vax_C,0.4
350,C,0.3493781425150408,4.272047318378245e-13,0.6506218574845325,6,23,vax_C_0.4,vax_C,0.4
351,A,0.23547853368031135,1.9977055329009375e-13,0.7645214663194889,6,23,vax_C_0.4,vax_C,0.4
351,C,0.34937814251499866,3.915193463453651e-13,0.6506218574846107,6,23,vax_C_0.4,vax_C,0.4
352,A,0.2354785336802914,1.8308325696531632e-13,0.7645214663195259,6,23,vax_C_0.4,vax_C,0.4
352,C,0.3493781425149589,3.588148424809169e-13,0.6506218574846815,6,23,vax_C_0.4,vax_C,0.4
353,A,0.23547853368027308,1.677898893276899e-13,0.7645214663195591,6,23,vax_C_0.4,vax_C,0.4
353,C,0.3493781425149232,3.2884222040465063e-13,0.6506218574847478,6,23,vax_C_0.4,vax_C,0.4
354,A,0.2354785336802564,1.537740122429668e-13,0.7645214663195902,6,23,vax_C_0.4,vax_C,0.4
354,C,0.3493781425148908,3.013732798011566e-13,0.6506218574848082,6,23,vax_C_0.4,vax_C,0.4
355,A,0.23547853368024094,1.4092891393082075e-13,0.7645214663196178,6,23,vax_C_0.4,vax_C,0.4
355,C,0.34937814251486066,2.761988824477385e-13,0.6506218574848633,6,23,vax_C_0.4,vax_C,0.4
356,A,0.23547853368022692,1.291567963325746e-13,0.7645214663196441,6,23,vax_C_0.4,vax_C,0.4
356,C,0.34937814251483285,2.5312735916418026e-13,0.6506218574849135,6,23,vax_C_0.4,vax_C,0.4
357,A,0.23547853368021399,1.1836803101376317e-13,0.7645214663196669,6,23,vax_C_0.4,vax_C,0.4
357,C,0.349378142514808,2.3198305281678695e-13,0.6506218574849608,6,23,vax_C_0.4,vax_C,0.4
358,A,0.23547853368020222,1.0848047627768696e-13,0.7645214663196901,6,23,vax_C_0.4,vax_C,0.4
358,C,0.3493781425147845,2.126049786534643e-13,0.6506218574850021,6,23,vax_C_0.4,vax_C,0.4
359,A,0.23547853368019128,9.941885190128078e-14,0.7645214663197095,6,23,vax_C_0.4,vax_C,0.4
359,C,0.34937814251476346,1.948455992690589e-13,0.6506218574850425,6,23,vax_C_0.4,vax_C,0.4
360,A,0.23547853368018157,9.111416599581511e-14,0.7645214663197284,6,23,vax_C_0.4,vax_C,0.4
360,C,0.3493781425147444,1.7856970139430917e-13,0.6506218574850781,6,23,vax_C_0.4,vax_C,0.4
361,A,0.23547853368017235,8.350318972730937e-14,0.7645214663197444,6,23,vax_C_0.4,vax_C,0.4
361,C,0.34937814251472643,1.6365336643269952e-13,0.6506218574851107,6,23,vax_C_0.4,vax_C,0.4
362,A,0.2354785336801643,7.652797591483657e-14,0.7645214663197594,6,23,vax_C_0.4,vax_C,0.4
362,C,0.34937814251470994,1.4998302699071785e-13,0.6506218574851398,6,23,vax_C_0.4,vax_C,0.4
363,A,0.23547853368015628,7.013541784148379e-14,0.7645214663197729,6,23,vax_C_0.4,vax_C,0.4
363,C,0.34937814251469496,1.3745460221828996e-13,0.6506218574851672,6,23,vax_C_0.4,vax_C,0.4
364,A,0.23547853368014943,6.427684491890301e-14,0.7645214663197867,6,23,vax_C_0.4,vax_C,0.4
364,C,0.34937814251468163,1.2597270537619502e-13,0.6506218574851939,6,23,vax_C_0.4,vax_C,0.4
365,A,0.2354785336801432,5.890765212697763e-14,0.7645214663197989,6,23,vax_C_0.4,vax_C,0.4
365,C,0.3493781425146688,1.15449917597175e-13,0.6506218574852162,6,23,vax_C_0.4,vax_C,0.4
