t,subpop,S_indiv,I_indiv,R_indiv,REGION6,parset,parset_name,sens_type,sens_value
0,A,0.9989999999999999,0.001,0,1,15,fold_3,fold,3
0,C,0.9989999999999999,9.999999999999998e-4,0,1,15,fold_3,fold,3
1,A,0.9985336118165721,0.0012425173283008488,2.2387085512741916e-4,1,15,fold_3,fold,3
1,C,0.9987257810214228,0.0010674538589096074,2.0676511966733347e-4,1,15,fold_3,fold,3
2,A,0.9980067684429943,0.001495543132969495,4.976884240364133e-4,1,15,fold_3,fold,3
2,C,0.9984406826508563,0.0011325032596961027,4.2681408944794284e-4,1,15,fold_3,fold,3
3,A,0.9974367272210539,0.0017416902997099894,8.215824792360694e-4,1,15,fold_3,fold,3
3,C,0.998146773482703,0.0011937254300246438,6.595010872728151e-4,1,15,fold_3,fold,3
4,A,0.9968295069042633,0.001976918431327945,0.0011935746644082738,1,15,fold_3,fold,3
4,C,0.997844991819482,0.0012509845962404918,9.040235842773377e-4,1,15,fold_3,fold,3
5,A,0.9961835854883593,0.0022046284654242353,0.0016117860462174182,1,15,fold_3,fold,3
5,C,0.9975355023994706,0.0013048532094491524,0.0011596443910810257,1,15,fold_3,fold,3
6,A,0.9954946212293414,0.0024301218615118913,0.002075256909147075,1,15,fold_3,fold,3
6,C,0.9972180956676263,0.0013561348675340172,0.001425769464838828,1,15,fold_3,fold,3
7,A,0.9947577744010121,0.002658192526642246,0.0025840330723457833,1,15,fold_3,fold,3
7,C,0.9968924068230475,0.0014056290796528917,0.0017019640973007855,1,15,fold_3,fold,3
8,A,0.993968568106011,0.0028924449795959995,0.0031389869143924475,1,15,fold_3,fold,3
8,C,0.9965580240005448,0.00145403415491499,0.0019879418445401843,1,15,fold_3,fold,3
9,A,0.9931225629912819,0.0031355476730359137,0.003741889335682068,1,15,fold_3,fold,3
9,C,0.9962144826594599,0.0015019774151116107,0.00228353992542762,1,15,fold_3,fold,3
10,A,0.992216480210066,0.003388960511804872,0.004394559278128487,1,15,fold_3,fold,3
10,C,0.9958614213599747,0.0015498574707185262,0.00258872116930607,1,15,fold_3,fold,3
11,A,0.9912471834062718,0.0036537692771781444,0.005099047316549992,1,15,fold_3,fold,3
11,C,0.9954984914391776,0.0015979970173530431,0.0029035115434665193,1,15,fold_3,fold,3
12,A,0.9902119965001757,0.003930712596463072,0.005857290903362229,1,15,fold_3,fold,3
12,C,0.9951253975798812,0.0016466266565389517,0.0032279757635795465,1,15,fold_3,fold,3
13,A,0.9891071413249648,0.004220699492195488,0.006672159182839587,1,15,fold_3,fold,3
13,C,0.9947417274993587,0.0016960328103525428,0.003562239690288835,1,15,fold_3,fold,3
14,A,0.9879292896559021,0.0045243017617667015,0.007546408582332038,1,15,fold_3,fold,3
14,C,0.9943471275584563,0.0017463970632135971,0.003906475378330201,1,15,fold_3,fold,3
15,A,0.9866752576563712,0.004841939868935099,0.008482802474693343,1,15,fold_3,fold,3
15,C,0.993941269367907,0.0017978432341171802,0.00426088739797565,1,15,fold_3,fold,3
16,A,0.9853418508584318,0.005173980034132996,0.00948416910743502,1,15,fold_3,fold,3
16,C,0.9935238310253411,0.0018504660166212138,0.004625702958039257,1,15,fold_3,fold,3
17,A,0.9839258250463857,0.0055207611829890335,0.010553413770625726,1,15,fold_3,fold,3
17,C,0.9930944902246939,0.001904343489913073,0.005001166285394337,1,15,fold_3,fold,3
18,A,0.9824238946576502,0.005882592520445117,0.011693512821904438,1,15,fold_3,fold,3
18,C,0.9926529225830156,0.0019595418533487666,0.0053875355636342,1,15,fold_3,fold,3
19,A,0.9808327506129573,0.006259745839182646,0.01290750354786029,1,15,fold_3,fold,3
19,C,0.9921988013182625,0.0020161177275475704,0.005785080954191001,1,15,fold_3,fold,3
20,A,0.9791490760849433,0.006652449858495075,0.014198474056560937,1,15,fold_3,fold,3
20,C,0.9917317969747639,0.0020741199854417735,0.006194083039794677,1,15,fold_3,fold,3
21,A,0.9773695601549343,0.007060886302353417,0.015569553542711922,1,15,fold_3,fold,3
21,C,0.9912515770455043,0.0021335914274350823,0.006614831527060928,1,15,fold_3,fold,3
22,A,0.9754909115117112,0.0074851861022013555,0.017023902386086948,1,15,fold_3,fold,3
22,C,0.9907578056160735,0.002194570189940004,0.007047624193985292,1,15,fold_3,fold,3
23,A,0.9735098735120161,0.007925424897337574,0.018564701590646288,1,15,fold_3,fold,3
23,C,0.9902501431223806,0.0022570908137170788,0.007492766063902107,1,15,fold_3,fold,3
24,A,0.9714232409547184,0.008381617783752545,0.020195141261529666,1,15,fold_3,fold,3
24,C,0.989728246243549,0.0023211849952956163,0.007950568761155038,1,15,fold_3,fold,3
25,A,0.9692278784776442,0.008853713561481345,0.021918407960874,1,15,fold_3,fold,3
25,C,0.989191767914708,0.0023868820893919443,0.0084213499959025,1,15,fold_3,fold,3
26,A,0.9669207409265167,0.00934158833826877,0.023737670735214714,1,15,fold_3,fold,3
26,C,0.9886403574185396,0.0024542094207167086,0.008905433160743343,1,15,fold_3,fold,3
27,A,0.9644988831682434,0.009845047231517162,0.0256560696002398,1,15,fold_3,fold,3
27,C,0.9880736609047996,0.0025231926528483865,0.009403146442353663,1,15,fold_3,fold,3
28,A,0.9619594900078324,0.010363811852014616,0.027676698140152927,1,15,fold_3,fold,3
28,C,0.987491321309199,0.0025938557134704545,0.009914822977331936,1,15,fold_3,fold,3
29,A,0.959299917714055,0.010897500510216554,0.02980258177572841,1,15,fold_3,fold,3
29,C,0.98689297801308,0.002666220498320703,0.010440801488599175,1,15,fold_3,fold,3
30,A,0.9565177124854188,0.011445631354749342,0.032036656159832255,1,15,fold_3,fold,3
30,C,0.9862782678282469,0.0027403071726978135,0.010981424999054412,1,15,fold_3,fold,3
31,A,0.9536106200021665,0.012007627221789358,0.03438175277604351,1,15,fold_3,fold,3
31,C,0.9856468258225429,0.002816134297168773,0.011537039880288832,1,15,fold_3,fold,3
32,A,0.9505766133734641,0.012582808035623004,0.03684057859091271,1,15,fold_3,fold,3
32,C,0.9849982856232288,0.0028937186221088596,0.012107995754662265,1,15,fold_3,fold,3
33,A,0.9474139238800903,0.013170382384721827,0.03941569373518838,1,15,fold_3,fold,3
33,C,0.9843322797188548,0.002973074853146365,0.012694645428000645,1,15,fold_3,fold,3
34,A,0.9441210692143936,0.01376944247031943,0.042109488315285985,1,15,fold_3,fold,3
34,C,0.9836484399624136,0.00305421549182597,0.013297344545761166,1,15,fold_3,fold,3
35,A,0.9406968794222436,0.014378961702572772,0.044924158875183855,1,15,fold_3,fold,3
35,C,0.9829463982147454,0.003137150708362411,0.013916451076892522,1,15,fold_3,fold,3
36,A,0.9371405220041286,0.014997793390041963,0.047861684605829624,1,15,fold_3,fold,3
36,C,0.9822257870332146,0.003221888194682279,0.01455232477210324,1,15,fold_3,fold,3
37,A,0.9334515257296248,0.015624670038028832,0.05092380423234694,1,15,fold_3,fold,3
37,C,0.9814862403473926,0.0033084329947900646,0.01520532665781826,1,15,fold_3,fold,3
38,A,0.9296298042657558,0.01625820351663227,0.054111992217612495,1,15,fold_3,fold,3
38,C,0.9807273941766876,0.003396787314871204,0.015875818508441122,1,15,fold_3,fold,3
39,A,0.9256756829035213,0.016896886408351124,0.057427430688127105,1,15,fold_3,fold,3
39,C,0.9799488875165564,0.0034869502978190194,0.01656416218562402,1,15,fold_3,fold,3
40,A,0.9215899183810267,0.017539095342179137,0.06087098627679423,1,15,fold_3,fold,3
40,C,0.9791503631617385,0.003578917828679606,0.017270719009581638,1,15,fold_3,fold,3
41,A,0.9173737130508509,0.01818309592018877,0.06444319102896094,1,15,fold_3,fold,3
41,C,0.9783314684729956,0.003672682364726872,0.017995849162277283,1,15,fold_3,fold,3
42,A,0.9130287292347841,0.018827048963569702,0.06814422180164596,1,15,fold_3,fold,3
42,C,0.9774918562485584,0.003768232746811525,0.01873991100463065,1,15,fold_3,fold,3
43,A,0.9085571034960461,0.019469018302663437,0.07197387820129073,1,15,fold_3,fold,3
43,C,0.9766311857133113,0.0038655539899220374,0.01950326029676602,1,15,fold_3,fold,3
44,A,0.903961456846311,0.020106980447686017,0.07593156270600249,1,15,fold_3,fold,3
44,C,0.9757491235381641,0.003964627078263605,0.020286249383571556,1,15,fold_3,fold,3
45,A,0.8992448992372043,0.020738836123911492,0.08001626463888303,1,15,fold_3,fold,3
45,C,0.974845344848469,0.004065428777370986,0.021089226374160937,1,15,fold_3,fold,3
46,A,0.8944110294247362,0.021362423420174803,0.08422654715508796,1,15,fold_3,fold,3
46,C,0.9739195342459294,0.004167931457480407,0.021912534296589622,1,15,fold_3,fold,3
47,A,0.88946393124649,0.021975532382424848,0.08856053637108548,1,15,fold_3,fold,3
47,C,0.9729713868724416,0.004272102921004358,0.02275651020655343,1,15,fold_3,fold,3
48,A,0.884408165972323,0.022575921022792263,0.09301591300488515,1,15,fold_3,fold,3
48,C,0.9720006095130195,0.004377906235549932,0.023621484251429965,1,15,fold_3,fold,3
49,A,0.879248759898669,0.023161332676976815,0.09758990742435458,1,15,fold_3,fold,3
49,C,0.9710069217189039,0.0044852995784617385,0.02450777870263583,1,15,fold_3,fold,3
50,A,0.8739911868346627,0.023729514524016317,0.10227929864132096,1,15,fold_3,fold,3
50,C,0.9699900569389655,0.004594236096929179,0.02541570696410443,1,15,fold_3,fold,3
51,A,0.8686413459711659,0.024278236899719304,0.1070804171291143,1,15,fold_3,fold,3
51,C,0.968949763660224,0.004704663783594284,0.026345572556181432,1,15,fold_3,fold,3
52,A,0.863205535382854,0.024805313155810225,0.11198915146133669,1,15,fold_3,fold,3
52,C,0.9678858065577924,0.0048165253678576,0.02729766807435062,1,15,fold_3,fold,3
53,A,0.8576904213298483,0.025308619803005267,0.11700095886714591,1,15,fold_3,fold,3
53,C,0.9667979676495607,0.004929758224289705,0.02827227412615031,1,15,fold_3,fold,3
54,A,0.8521030035027763,0.025786116654770503,0.122110879842453,1,15,fold_3,fold,3
54,C,0.9656860474478552,0.005044294300295185,0.0292696582518507,1,15,fold_3,fold,3
55,A,0.8464505765591445,0.02623586662768735,0.1273135568131675,1,15,fold_3,fold,3
55,C,0.96454986610174,0.005160060064602768,0.030290073833657682,1,15,fold_3,fold,3
56,A,0.8407406884590464,0.02665605483569142,0.13260325670526293,1,15,fold_3,fold,3
56,C,0.9633892645254867,0.005276976477438747,0.031333758997075294,1,15,fold_3,fold,3
57,A,0.8349810961430655,0.027045006642823922,0.1379738972141106,1,15,fold_3,fold,3
57,C,0.9622041055087491,0.00539495898305477,0.032400935508197136,1,15,fold_3,fold,3
58,A,0.8291797190885019,0.027401204371581462,0.14341907653991678,1,15,fold_3,fold,3
58,C,0.9609942748030873,0.0055139175253956525,0.03349180767151712,1,15,fold_3,fold,3
59,A,0.8233445913129217,0.027723302377271695,0.148932106309807,1,15,fold_3,fold,3
59,C,0.9597596821790476,0.005633756587661712,0.034606561233291006,1,15,fold_3,fold,3
60,A,0.8174838124524818,0.028010140210453754,0.15450604733706502,1,15,fold_3,fold,3
60,C,0.9585002624483301,0.005754375256268609,0.03574536229540199,1,15,fold_3,fold,3
61,A,0.8116054985727272,0.02826075362396506,0.16013374780330844,1,15,fold_3,fold,3
61,C,0.9572159764460441,0.005875667309430077,0.036908356244525424,1,15,fold_3,fold,3
62,A,0.8057177333580073,0.028474383235187816,0.16580788340680408,1,15,fold_3,fold,3
62,C,0.9559068119681634,0.005997521330413343,0.03809566670142177,1,15,fold_3,fold,3
63,A,0.7998285202976549,0.028650480708160963,0.17152099899418366,1,15,fold_3,fold,3
63,C,0.9545727846592974,0.006119820845406127,0.039307394495295994,1,15,fold_3,fold,3
64,A,0.7939457364603947,0.02878871236652675,0.17726555117307785,1,15,fold_3,fold,3
64,C,0.9532139388460076,0.006242444485806011,0.04054361666818514,1,15,fold_3,fold,3
65,A,0.7880770884155134,0.02888896019630229,0.18303395138818523,1,15,fold_3,fold,3
65,C,0.9518303483111705,0.0063652661745838305,0.04180438551424472,1,15,fold_3,fold,3
66,A,0.7822300708085409,0.028951320253232864,0.18881860893822705,1,15,fold_3,fold,3
66,C,0.9504221170050965,0.006488155336220419,0.04308972765868159,1,15,fold_3,fold,3
67,A,0.7764119280337629,0.028976098546499036,0.19461197341973688,1,15,fold_3,fold,3
67,C,0.9489893796894325,0.006610977129595687,0.0443996431809717,1,15,fold_3,fold,3
68,A,0.7706296193726128,0.02896380452290394,0.20040657610448379,1,15,fold_3,fold,3
68,C,0.9475323025100136,0.0067335927031052295,0.04573410478688238,1,15,fold_3,fold,3
69,A,0.7648897878874991,0.028915142324698856,0.20619506978780192,1,15,fold_3,fold,3
69,C,0.9460510834951518,0.006855859471174146,0.04709305703367511,1,15,fold_3,fold,3
70,A,0.7591987333713279,0.028830999952309234,0.21197026667636312,1,15,fold_3,fold,3
70,C,0.9445459529758539,0.0069776314114506485,0.04847641561269624,1,15,fold_3,fold,3
71,A,0.7535623893784563,0.028712436690657785,0.2177251739308865,1,15,fold_3,fold,3
71,C,0.9430171739252577,0.007098759381380771,0.04988406669336266,1,15,fold_3,fold,3
72,A,0.7479863044832522,0.028560668984405572,0.2234530265323419,1,15,fold_3,fold,3
72,C,0.9414650422143211,0.007219091453340064,0.05131586633233943,1,15,fold_3,fold,3
73,A,0.7424756277557023,0.02837705505094602,0.2291473171933521,1,15,fold_3,fold,3
73,C,0.9398898867812892,0.007338473267208677,0.05277163995150175,1,15,fold_3,fold,3
74,A,0.7370350983920785,0.028163078517305748,0.23480182309061626,1,15,fold_3,fold,3
74,C,0.9382920697126989,0.00745674839924055,0.05425118188805845,1,15,fold_3,fold,3
75,A,0.7316690393693586,0.027920331378861647,0.24041062925177978,1,15,fold_3,fold,3
75,C,0.9366719862340256,0.007573758745997777,0.05575425501997829,1,15,fold_3,fold,3
76,A,0.7263813549404325,0.027650496569773628,0.24596814848979381,1,15,fold_3,fold,3
76,C,0.9350300646083043,0.007689344922088868,0.057280590469607685,1,15,fold_3,fold,3
77,A,0.7211755317439033,0.027355330420611286,0.2514691378354858,1,15,fold_3,fold,3
77,C,0.9333667659414773,0.007803346670413999,0.0588298873881089,1,15,fold_3,fold,3
78,A,0.71605464326569,0.027036645261832852,0.25690871147247796,1,15,fold_3,fold,3
78,C,0.9316825838933513,0.007915603283565458,0.06040181282308357,1,15,fold_3,fold,3
79,A,0.7110213573608538,0.026696292411428235,0.26228235022771906,1,15,fold_3,fold,3
79,C,0.929978044293561,0.008025954034967095,0.0619960016714735,1,15,fold_3,fold,3
80,A,0.7060779465233814,0.026336145760674896,0.2675859077159442,1,15,fold_3,fold,3
80,C,0.9282537046621848,0.008134238618273766,0.06361205671954166,1,15,fold_3,fold,3
81,A,0.7012263005782363,0.025958086144981945,0.27281561327678155,1,15,fold_3,fold,3
81,C,0.9265101536350738,0.008240297593493021,0.06524954877143203,1,15,fold_3,fold,3
82,A,0.6964679414637228,0.02556398665828852,0.2779680718779884,1,15,fold_3,fold,3
82,C,0.9247480102942794,0.008343972838227767,0.06690801686749359,1,15,fold_3,fold,3
83,A,0.6918040397733418,0.025155699039667294,0.2830402611869908,1,15,fold_3,fold,3
83,C,0.9229679234044011,0.008445108002373908,0.06858696859322427,1,15,fold_3,fold,3
84,A,0.6872354327340123,0.02473504123051284,0.2880295260354742,1,15,fold_3,fold,3
84,C,0.921170570556104,0.008543548964538735,0.070285880479359,1,15,fold_3,fold,3
85,A,0.6827626433097457,0.024303786171741264,0.2929335705185135,1,15,fold_3,fold,3
85,C,0.919356657218359,0.008639144288379667,0.07200419849326103,1,15,fold_3,fold,3
86,A,0.6783859001351696,0.023863651883889687,0.29775044798094025,1,15,fold_3,fold,3
86,C,0.9175269157015782,0.008731745677000908,0.07374133862142081,1,15,fold_3,fold,3
87,A,0.6741051580017009,0.02341629284854066,0.30247854914975886,1,15,fold_3,fold,3
87,C,0.9156821040340355,0.008821208423486944,0.07549668754247954,1,15,fold_3,fold,3
88,A,0.6699201186418674,0.02296329268545371,0.3071165886726786,1,15,fold_3,fold,3
88,C,0.9138230047545919,0.00890739185560129,0.07726960338980862,1,15,fold_3,fold,3
89,A,0.6658302515844671,0.022506158096152997,0.3116635903193803,1,15,fold_3,fold,3
89,C,0.9119504236250846,0.008990159772635273,0.07905941660227916,1,15,fold_3,fold,3
90,A,0.6618348148407632,0.022046314061756087,0.316118871097481,1,15,fold_3,fold,3
90,C,0.9100651882661718,0.00906938087238166,0.08086543086144693,1,15,fold_3,fold,3
91,A,0.6579328752918719,0.021585100184618396,0.32048202452350955,1,15,fold_3,fold,3
91,C,0.908168146720907,0.009144929166125039,0.0826869241129682,1,15,fold_3,fold,3
92,A,0.6541233285845189,0.02112376814020351,0.32475290327527895,1,15,fold_3,fold,3
92,C,0.9062601659507336,0.009216684379618869,0.0845231496696476,1,15,fold_3,fold,3
93,A,0.6504049184034622,0.02066348015825517,0.3289316014382822,1,15,fold_3,fold,3
93,C,0.904342130268904,0.009284532337987577,0.08637333739310835,1,15,fold_3,fold,3
94,A,0.6467762550062901,0.020205308449756796,0.33301843654395297,1,15,fold_3,fold,3
94,C,0.902414939716809,0.009348365332526597,0.08823669495066441,1,15,fold_3,fold,3
95,A,0.6432358329315918,0.019750235487976126,0.33701393158043197,1,15,fold_3,fold,3
95,C,0.9004795083890014,0.009408082467419799,0.09011240914357715,1,15,fold_3,fold,3
96,A,0.6397820478098182,0.019299155052473548,0.3409187971377091,1,15,fold_3,fold,3
96,C,0.8985367627130456,0.009463589984463564,0.09199964730249045,1,15,fold_3,fold,3
97,A,0.6364132122228513,0.018852873946734596,0.34473391383041285,1,15,fold_3,fold,3
97,C,0.8965876396905718,0.00951480156397369,0.0938975587454533,1,15,fold_3,fold,3
98,A,0.6331275705751003,0.018412114301010862,0.3484603151238889,1,15,fold_3,fold,3
98,C,0.8946330851062388,0.009561638600156562,0.0958052762936036,1,15,fold_3,fold,3
99,A,0.6299233129543513,0.017977516373653857,0.35209917067199514,1,15,fold_3,fold,3
99,C,0.8926740517114203,0.00960403044934654,0.09772191783923384,1,15,fold_3,fold,3
100,A,0.6267985879740566,0.017549641767804276,0.3556517702581404,1,15,fold_3,fold,3
100,C,0.8907114973896776,0.009641914649654314,0.09964658796066923,1,15,fold_3,fold,3
101,A,0.6237515146002486,0.017128976985054573,0.35911950841469664,1,15,fold_3,fold,3
101,C,0.8887463833111626,0.009675237110727783,0.10157837957810938,1,15,fold_3,fold,3
102,A,0.620780192976486,0.016715937242832914,0.3625038697806806,1,15,fold_3,fold,3
102,C,0.8867796720831637,0.009703952272500852,0.10351637564433573,1,15,fold_3,fold,3
103,A,0.617882714268712,0.016310870487758596,0.3658064152435281,1,15,fold_3,fold,3
103,C,0.884812325904022,0.009728023231991527,0.10545965086398797,1,15,fold_3,fold,3
104,A,0.6150571695588689,0.015914061543207587,0.36902876889792385,1,15,fold_3,fold,3
104,C,0.8828453047276508,0.009747421837408211,0.1074072734349419,1,15,fold_3,fold,3
105,A,0.6123016578216861,0.015525736335428395,0.3721726058428855,1,15,fold_3,fold,3
105,C,0.8808795644457759,0.009762128749030475,0.10935830680519379,1,15,fold_3,fold,3
106,A,0.609614293023873,0.015146066148388503,0.3752396408277386,1,15,fold_3,fold,3
106,C,0.8789160550948875,0.009772133466544129,0.1113118114385678,1,15,fold_3,fold,3
107,A,0.6069932103886173,0.014775171863189628,0.3782316177481936,1,15,fold_3,fold,3
107,C,0.8769557190947418,0.009777434322729822,0.11326684658252781,1,15,fold_3,fold,3
108,A,0.6044365718707921,0.014413128143690487,0.38115029998551747,1,15,fold_3,fold,3
108,C,0.8749994895249914,0.009778038443640415,0.11522247203136965,1,15,fold_3,fold,3
109,A,0.601942570889453,0.014059967535848148,0.383997461574699,1,15,fold_3,fold,3
109,C,0.8730482884462073,0.009773961675663237,0.11717774987813007,1,15,fold_3,fold,3
110,A,0.5995094363684501,0.013715684450301855,0.38677487918124837,1,15,fold_3,fold,3
110,C,0.871103025271796,0.00976522847960031,0.11913174624860345,1,15,fold_3,fold,3
111,A,0.5971354361289493,0.013380239009713702,0.38948432486133755,1,15,fold_3,fold,3
111,C,0.8691645951956963,0.009751871793292342,0.12108353301101192,1,15,fold_3,fold,3
112,A,0.594818879684798,0.013053560739272944,0.39212755957592876,1,15,fold_3,fold,3
112,C,0.8672338776816535,0.009733932863270301,0.12303218945507627,1,15,fold_3,fold,3
113,A,0.5925581204880136,0.012735552085847264,0.3947063274261393,1,15,fold_3,fold,3
113,C,0.865311735018926,0.009711461046648622,0.12497680393442652,1,15,fold_3,fold,3
114,A,0.590351557670932,0.012426091754690814,0.3972223505743768,1,15,fold_3,fold,3
114,C,0.8633990109488593,0.009684513584607767,0.12691647546653334,1,15,fold_3,fold,3
115,A,0.5881976373298267,0.012125037856254852,0.39967732481391877,1,15,fold_3,fold,3
115,C,0.8614965293663354,0.00965315534904317,0.12885031528462165,1,15,fold_3,fold,3
116,A,0.5860948533933045,0.011832230858292565,0.4020729157484027,1,15,fold_3,fold,3
116,C,0.8596050930995675,0.009617458564069231,0.13077744833636526,1,15,fold_3,fold,3
117,A,0.5840417481171482,0.01154749634080102,0.40441075554205097,1,15,fold_3,fold,3
117,C,0.8577254827713122,0.009577502504170263,0.1326970147245161,1,15,fold_3,fold,3
118,A,0.5820369122452339,0.01127064755361965,0.40669244020114687,1,15,fold_3,fold,3
118,C,0.8558584557440961,0.009533373170912383,0.13460817108499032,1,15,fold_3,fold,3
119,A,0.5800789848740232,0.01100148777852992,0.4089195273474462,1,15,fold_3,fold,3
119,C,0.8540047451514274,0.009485162950250547,0.1365100918983218,1,15,fold_3,fold,3
120,A,0.5781666530559256,0.010739812499337295,0.41109353444473723,1,15,fold_3,fold,3
120,C,0.8521650590166351,0.009432970252552143,0.13840197073081284,1,15,fold_3,fold,3
121,A,0.5762986511746647,0.010485411384746717,0.41321593744058793,1,15,fold_3,fold,3
121,C,0.8503400794603436,0.00937689913751521,0.14028302140214022,1,15,fold_3,fold,3
122,A,0.574473760123583,0.010238070089973217,0.415288169786444,1,15,fold_3,fold,3
122,C,0.848530461997183,0.009317058926197141,0.1421524790766196,1,15,fold_3,fold,3
123,A,0.5726908063155481,0.009997571883962475,0.41731162180048914,1,15,fold_3,fold,3
123,C,0.8467368349218357,0.009253563802392594,0.14400960127577267,1,15,fold_3,fold,3
124,A,0.570948660551046,0.009763699109807969,0.41928764033914595,1,15,fold_3,fold,3
124,C,0.8449597987841005,0.009186532405607295,0.14585366881029296,1,15,fold_3,fold,3
125,A,0.5692462367688813,0.009536234486475047,0.4212175287446437,1,15,fold_3,fold,3
125,C,0.843199925952186,0.009116087417859917,0.14768398662995277,1,15,fold_3,fold,3
126,A,0.567582490701894,0.009314962260332686,0.42310254703777345,1,15,fold_3,fold,3
126,C,0.8414577602630489,0.009042355146513973,0.1494998845904375,1,15,fold_3,fold,3
127,A,0.5659564184580818,0.009099669215262087,0.42494391232665574,1,15,fold_3,fold,3
127,C,0.8397338167581829,0.008965465105291526,0.15130071813652476,1,15,fold_3,fold,3
128,A,0.5643670550455707,0.00889014555029043,0.4267427994041381,1,15,fold_3,fold,3
128,C,0.838028581502975,0.008885549595557997,0.15308586890146575,1,15,fold_3,fold,3
129,A,0.562813472857954,0.008686185633821843,0.42850034150822375,1,15,fold_3,fold,3
129,C,0.8363425114873031,0.008802743289884125,0.15485474522281356,1,15,fold_3,fold,3
130,A,0.5612947801362779,0.008487588642082523,0.43021763122163975,1,15,fold_3,fold,3
130,C,0.834676034604799,0.008717182819842505,0.1566067825753575,1,15,fold_3,fold,3
131,A,0.5598101194187726,0.008294159092762978,0.4318957214884641,1,15,fold_3,fold,3
131,C,0.8330295497079984,0.008629006369811619,0.15834144392219,1,15,fold_3,fold,3
132,A,0.5583586659915806,0.008105707280884326,0.43353562672753476,1,15,fold_3,fold,3
132,C,0.831403426736202,0.008538353278521177,0.16005821998527775,1,15,fold_3,fold,3
133,A,0.5569396263506856,0.007922049625329202,0.4351383240239849,1,15,fold_3,fold,3
133,C,0.8297980069128154,0.008445363649933042,0.16175662943725239,1,15,fold_3,fold,3
134,A,0.5555522366841409,0.007743008934021169,0.43670475438183803,1,15,fold_3,fold,3
134,C,0.8282136030086398,0.008350177974927611,0.16343621901643451,1,15,fold_3,fold,3
135,A,0.5541957613822672,0.007568414595581042,0.4382358240221511,1,15,fold_3,fold,3
135,C,0.8266504996674858,0.00825293676512997,0.16509656356738492,1,15,fold_3,fold,3
136,A,0.5528694915824443,0.007398102704816741,0.4397324057127392,1,15,fold_3,fold,3
136,C,0.8251089537903828,0.008153780200077293,0.16673726600953998,1,15,fold_3,fold,3
137,A,0.5515727437541069,0.007231916128939157,0.4411953401169546,1,15,fold_3,fold,3
137,C,0.8235891949745021,0.008052847788795461,0.16835795723670396,1,15,fold_3,fold,3
138,A,0.550304858328624,0.007069704521031237,0.4426254371503443,1,15,fold_3,fold,3
138,C,0.8220914260029102,0.007950278046716856,0.16995829595037282,1,15,fold_3,fold,3
139,A,0.5490651983777959,0.006911324286956263,0.44402347733524844,1,15,fold_3,fold,3
139,C,0.8206158233812143,0.007846208188734483,0.1715379684300506,1,15,fold_3,fold,3
140,A,0.5478531483438827,0.006756638511514036,0.44539021314460236,1,15,fold_3,fold,3
140,C,0.8191625379171094,0.00774077383905178,0.17309668824383806,1,15,fold_3,fold,3
141,A,0.546668112823393,0.006605516849252287,0.4467263703273547,1,15,fold_3,fold,3
141,C,0.8177316953389226,0.007634108758356472,0.17463419590272103,1,15,fold_3,fold,3
142,A,0.5455095154061321,0.006457835384946411,0.4480326492089203,1,15,fold_3,fold,3
142,C,0.816323396949221,0.007526344588719636,0.17615025846205934,1,15,fold_3,fold,3
143,A,0.5443767975705095,0.006313476468383665,0.44930972596110613,1,15,fold_3,fold,3
143,C,0.8149377203096504,0.00741761061649748,0.1776446690738524,1,15,fold_3,fold,3
144,A,0.543269417635514,0.006172328527720173,0.45055825383676656,1,15,fold_3,fold,3
144,C,0.8135747199532054,0.007308033553396271,0.17911724649339855,1,15,fold_3,fold,3
145,A,0.5421868497693517,0.006034285865322974,0.45177886436532627,1,15,fold_3,fold,3
145,C,0.812234428120261,0.007197737335749043,0.1805678345439904,1,15,fold_3,fold,3
146,A,0.5411285830543138,0.005899248439668265,0.45297216850601674,1,15,fold_3,fold,3
146,C,0.8109168555147709,0.007086842941947842,0.18199630154328192,1,15,fold_3,fold,3
147,A,0.5400941206070866,0.0057671216365397186,0.4541387577563741,1,15,fold_3,fold,3
147,C,0.8096219920771771,0.006975468227877743,0.18340253969494488,1,15,fold_3,fold,3
148,A,0.5390829787534059,0.005637816032452318,0.45527920521414145,1,15,fold_3,fold,3
148,C,0.8083498077707031,0.0068637277801022085,0.18478646444919372,1,15,fold_3,fold,3
149,A,0.538094686255764,0.005511247152918038,0.4563940665913175,1,15,fold_3,fold,3
149,C,0.8071002533778546,0.006751732786451526,0.1861480138356933,1,15,fold_3,fold,3
150,A,0.5371287835925036,0.005387335227964869,0.4574838811795315,1,15,fold_3,fold,3
150,C,0.8058732613039126,0.006639590923782101,0.1874871477723062,1,15,fold_3,fold,3
151,A,0.5361848222867,0.0052660049468824756,0.45854917276641777,1,15,fold_3,fold,3
151,C,0.804668746384829,0.0065274062621290905,0.18880384735304154,1,15,fold_3,fold,3
152,A,0.5352623642828843,0.0051471852140911436,0.459590450503024,1,15,fold_3,fold,3
152,C,0.8034866066966165,0.006415279184929239,0.19009811411845434,1,15,fold_3,fold,3
153,A,0.5343609813696285,0.005030808907729798,0.46060820972264227,1,15,fold_3,fold,3
153,C,0.8023267243636437,0.006303306324714998,0.19136996931164213,1,15,fold_3,fold,3
154,A,0.5334802546459133,0.004916812642349482,0.46160293271173675,1,15,fold_3,fold,3
154,C,0.8011889663634696,0.006191580513655963,0.1926194531228749,1,15,fold_3,fold,3
155,A,0.5326197740291739,0.004805136536891063,0.46257508943393527,1,15,fold_3,fold,3
155,C,0.8000731853259756,0.006080190748262047,0.19384662392576216,1,15,fold_3,fold,3
156,A,0.5317791378028411,0.004695723988945143,0.4635251382082143,1,15,fold_3,fold,3
156,C,0.7989792203247293,0.005969222167551848,0.19505155750771994,1,15,fold_3,fold,3
157,A,0.5309579522012241,0.004588521456128103,0.4644535263426488,1,15,fold_3,fold,3
157,C,0.7979068976586577,0.005858756043981821,0.1962343462973607,1,15,fold_3,fold,3
158,A,0.5301558310295524,0.004483478245252451,0.4653606907251945,1,15,fold_3,fold,3
158,C,0.7968560316223059,0.005748869786412085,0.19739509859128215,1,15,fold_3,fold,3
159,A,0.5293723953170302,0.004380546309828163,0.4662470583731425,1,15,fold_3,fold,3
159,C,0.7958264252630427,0.005639636954364911,0.1985339377825926,1,15,fold_3,fold,3
160,A,0.5286072730007706,0.00427968005630442,0.46711304694292444,1,15,fold_3,fold,3
160,C,0.7948178711238241,0.005531127282823926,0.19965100159335236,1,15,fold_3,fold,3
161,A,0.5278600986385668,0.004180836159347547,0.4679590652020861,1,15,fold_3,fold,3
161,C,0.7938301519702048,0.005423406716824641,0.2007464413129696,1,15,fold_3,fold,3
162,A,0.5271305131484313,0.004083973386347664,0.46878551346521996,1,15,fold_3,fold,3
162,C,0.7928630415004759,0.00531653745509293,0.20182042104443063,1,15,fold_3,fold,3
163,A,0.5264181635729998,0.003989052431255605,0.46959278399574494,1,15,fold_3,fold,3
163,C,0.7919163050379036,0.005210578001996533,0.20287311696009977,1,15,fold_3,fold,3
164,A,0.5257227028668556,0.0038960357577710785,0.47038126137537223,1,15,fold_3,fold,3
164,C,0.7909897002042342,0.005105583227085009,0.20390471656868173,1,15,fold_3,fold,3
165,A,0.5250437897050053,0.003804887451833191,0.47115132284316197,1,15,fold_3,fold,3
165,C,0.7900829775737012,0.0050016044315091416,0.2049154179947907,1,15,fold_3,fold,3
166,A,0.5243810883107212,0.0037155730833026827,0.47190333860597655,1,15,fold_3,fold,3
166,C,0.7891958813069365,0.004898689420629061,0.20590542927243416,1,15,fold_3,fold,3
167,A,0.5237342683011331,0.0036280595766715966,0.47263767212219576,1,15,fold_3,fold,3
167,C,0.7883281497642748,0.004796882582142258,0.20687496765358276,1,15,fold_3,fold,3
168,A,0.5231030045489643,0.003542315090589142,0.4733546803604466,1,15,fold_3,fold,3
168,C,0.7874795160980548,0.004696224969084828,0.20782425893285963,1,15,fold_3,fold,3
169,A,0.5224869770589454,0.003458308905950266,0.47405471403510424,1,15,fold_3,fold,3
169,C,0.7866497088236483,0.004596754387083447,0.2087535367892684,1,15,fold_3,fold,3
170,A,0.5218858708574313,0.0033760113223206115,0.47473811782024844,1,15,fold_3,fold,3
170,C,0.7858384523689732,0.0044985054852788664,0.2096630421457477,1,15,fold_3,fold,3
171,A,0.521299375893997,0.003295393562301393,0.4754052305437019,1,15,fold_3,fold,3
171,C,0.7850454676024478,0.004401509850324029,0.21055302254722735,1,15,fold_3,fold,3
172,A,0.520727186953708,0.0032164276835718137,0.4760563853627201,1,15,fold_3,fold,3
172,C,0.7842704723393114,0.004305796102940634,0.2114237315577472,1,15,fold_3,fold,3
173,A,0.5201690035789123,0.0031390864982641037,0.47669190992282423,1,15,fold_3,fold,3
173,C,0.7835131818263749,0.0042113899965227995,0.21227542817710152,1,15,fold_3,fold,3
174,A,0.5196245299994654,0.003063343499322926,0.47731212650121085,1,15,fold_3,fold,3
174,C,0.7827733092053202,0.004118314517308144,0.21310837627737012,1,15,fold_3,fold,3
175,A,0.5190934750704002,0.002989172793486938,0.4779173521361133,1,15,fold_3,fold,3
175,C,0.7820505659547382,0.004026589985663955,0.21392284405959722,1,15,fold_3,fold,3
176,A,0.5185755522160951,0.0029165490405319576,0.4785078987433726,1,15,fold_3,fold,3
176,C,0.7813446623111213,0.003936234158068318,0.21471910353081028,1,15,fold_3,fold,3
177,A,0.518070479380106,0.002845447398418955,0.4790840732214747,1,15,fold_3,fold,3
177,C,0.7806553076691345,0.0038472623293969188,0.21549743000146698,1,15,fold_3,fold,3
178,A,0.5175779789798459,0.002775843473991892,0.4796461775461619,1,15,fold_3,fold,3
178,C,0.7799822109614809,0.003759687435154401,0.21625810160336392,1,15,fold_3,fold,3
179,A,0.5170977778654093,0.0027077132788736005,0.4801945088557165,1,15,fold_3,fold,3
179,C,0.7793250810187299,0.003673520153316959,0.21700139882795297,1,15,fold_3,fold,3
180,A,0.5166296072818707,0.0026410331902140404,0.4807293595279151,1,15,fold_3,fold,3
180,C,0.7786836269095557,0.0035887690054798526,0.21772760408496517,1,15,fold_3,fold,3
181,A,0.5161732028344598,0.0025757799159541496,0.48125101724958547,1,15,fold_3,fold,3
181,C,0.7780575582617976,0.003505440457031158,0.21843700128117247,1,15,fold_3,fold,3
182,A,0.5157283044560759,0.0025119304642786965,0.4817597650796456,1,15,fold_3,fold,3
182,C,0.7774465855648407,0.003423539016098925,0.21912987541905926,1,15,fold_3,fold,3
183,A,0.515294656376639,0.002449462116942287,0.482255881506419,1,15,fold_3,fold,3
183,C,0.7768504204538045,0.003343067331043983,0.21980651221515074,1,15,fold_3,fold,3
184,A,0.5148720070938487,0.0023883524061646916,0.48273964049998697,1,15,fold_3,fold,3
184,C,0.7762687759760393,0.0032640262862941682,0.22046719773766704,1,15,fold_3,fold,3
185,A,0.5144601093449539,0.0023285790948042195,0.48321131156024155,1,15,fold_3,fold,3
185,C,0.7757013668404894,0.0031864150963388633,0.22111221806317205,1,15,fold_3,fold,3
186,A,0.5140587200791826,0.0022701201595306335,0.4836711597612868,1,15,fold_3,fold,3
186,C,0.7751479096504599,0.003110231397724138,0.2217418589518167,1,15,fold_3,fold,3
187,A,0.5136676004305228,0.002212953776732606,0.4841194457927438,1,15,fold_3,fold,3
187,C,0.774608123120316,0.003035471338909676,0.22235640554077532,1,15,fold_3,fold,3
188,A,0.5132865156905916,0.0021570583109080752,0.48455642599850024,1,15,fold_3,fold,3
188,C,0.7740817282767064,0.0029621296678685586,0.22295614205542366,1,15,fold_3,fold,3
189,A,0.5129152352813471,0.002102412305299694,0.48498235241335336,1,15,fold_3,fold,3
189,C,0.7735684486448581,0.0028901998173309945,0.22354135153781096,1,15,fold_3,fold,3
190,A,0.5125535327274472,0.002048994474554066,0.48539747279799955,1,15,fold_3,fold,3
190,C,0.7730680104205039,0.0028196739875701,0.2241123155919247,1,15,fold_3,fold,3
191,A,0.5122011856280838,0.001996783699188933,0.48580203067272726,1,15,fold_3,fold,3
191,C,0.7725801426280283,0.0027505432266935895,0.22466931414527752,1,15,fold_3,fold,3
192,A,0.5118579756281457,0.0019457590216748952,0.4861962653501798,1,15,fold_3,fold,3
192,C,0.7721045772653476,0.0026827975083670973,0.22521262522628363,1,15,fold_3,fold,3
193,A,0.5115236883885824,0.001895899643946864,0.48658041196747,1,15,fold_3,fold,3
193,C,0.7716410494361392,0.002616425806931646,0.22574252475692924,1,15,fold_3,fold,3
194,A,0.511198113555892,0.0018471849261738644,0.48695470151793485,1,15,fold_3,fold,3
194,C,0.7711892974699129,0.002551416169888435,0.22625928636019804,1,15,fold_3,fold,3
195,A,0.5108810447306269,0.0017995943866273892,0.48731936088274536,1,15,fold_3,fold,3
195,C,0.7707490630305268,0.002487755787738594,0.2267631811817341,1,15,fold_3,fold,3
196,A,0.5105722794348945,0.0017531077025009856,0.4876746128626031,1,15,fold_3,fold,3
196,C,0.7703200912136239,0.0024254310611742263,0.2272544777252034,1,15,fold_3,fold,3
197,A,0.5102716190787854,0.0017077047115450974,0.48802067620966927,1,15,fold_3,fold,3
197,C,0.7699021306335462,0.002364427665625309,0.2277334417008286,1,15,fold_3,fold,3
198,A,0.5099788689257098,0.0016633654143922525,0.48835776565989875,1,15,fold_3,fold,3
198,C,0.7694949335002482,0.002304730613176177,0.22820033588657554,1,15,fold_3,fold,3
199,A,0.5096938380566424,0.001620069977457921,0.4886860919659005,1,15,fold_3,fold,3
199,C,0.7690982556866687,0.0022463243118741173,0.22865542000145644,1,15,fold_3,fold,3
200,A,0.5094163393332666,0.0015777987363122053,0.48900586193042095,1,15,fold_3,fold,3
200,C,0.7687118567871006,0.0021891926224602036,0.2290989505904385,1,15,fold_3,fold,3
201,A,0.5091461893600238,0.0015365321994270066,0.48931727844054895,1,15,fold_3,fold,3
201,C,0.7683355001669987,0.0021333189125585022,0.22953118092044375,1,15,fold_3,fold,3
202,A,0.5088832084450977,0.0014962510522121167,0.4896205405026905,1,15,fold_3,fold,3
202,C,0.7679689530047019,0.0020786861083652466,0.22995236088693347,1,15,fold_3,fold,3
203,A,0.5086272205603585,0.0014569361612621257,0.4899158432783803,1,15,fold_3,fold,3
203,C,0.7676119863255242,0.002025276743884653,0.23036273693059164,1,15,fold_3,fold,3
204,A,0.5083780533003013,0.0014185685787438838,0.4902033781209544,1,15,fold_3,fold,3
204,C,0.7672643750286325,0.001973073007762471,0.23076255196360432,1,15,fold_3,fold,3
205,A,0.5081355378400234,0.001381129546861573,0.49048333261311483,1,15,fold_3,fold,3
205,C,0.7669258979071483,0.0019220567877721783,0.23115204530507932,1,15,fold_3,fold,3
206,A,0.5078995088922774,0.0013446005023433354,0.4907558906053792,1,15,fold_3,fold,3
206,C,0.7665963376618621,0.0018722097130118816,0.23153145262512545,1,15,fold_3,fold,3
207,A,0.5076698046636635,0.0013089630808998344,0.49102123225543703,1,15,fold_3,fold,3
207,C,0.766275480908973,0.0018235131938726316,0.23190100589715404,1,15,fold_3,fold,3
208,A,0.5074462668100057,0.0012741991216110773,0.4912795340683837,1,15,fold_3,fold,3
208,C,0.765963118182209,0.001775948459841248,0.23226093335795087,1,15,fold_3,fold,3
209,A,0.5072287403909708,0.0012402906712036634,0.491530968937826,1,15,fold_3,fold,3
209,C,0.7656590439296956,0.001729496595203183,0.2326114594751013,1,15,fold_3,fold,3
210,A,0.5070170738239898,0.0012072199881835149,0.49177570618782596,1,15,fold_3,fold,3
210,C,0.7653630565059454,0.0016841385727041037,0.2329528049213497,1,15,fold_3,fold,3
211,A,0.5068111188375432,0.0011749695467989651,0.49201391161565905,1,15,fold_3,fold,3
211,C,0.7650749581592562,0.0016398552852504285,0.23328518655549438,1,15,fold_3,fold,3
212,A,0.5066107304238564,0.0011435220408080526,0.4922457475353355,1,15,fold_3,fold,3
212,C,0.7647945550148639,0.0015966275757073422,0.23360881740942718,1,15,fold_3,fold,3
213,A,0.5064157667910976,0.0011128603870302145,0.4924713728218718,1,15,fold_3,fold,3
213,C,0.7645216570541787,0.0015544362648629653,0.23392390668095703,1,15,fold_3,fold,3
214,A,0.5062260893151043,0.0010829677286657959,0.4926909429562302,1,15,fold_3,fold,3
214,C,0.7642560780903356,0.001513262177626368,0.23423065973203833,1,15,fold_3,fold,3
215,A,0.5060415624907201,0.0010538274383704504,0.49290461007090897,1,15,fold_3,fold,3
215,C,0.7639976357403974,0.0014730861675282072,0.23452927809207544,1,15,fold_3,fold,3
216,A,0.5058620538828039,0.0010254231210743048,0.49311252299612174,1,15,fold_3,fold,3
216,C,0.7637461513944499,0.0014338891395912004,0.23481995946595977,1,15,fold_3,fold,3
217,A,0.505687434076951,9.977386165382748e-4,0.4933148273065105,1,15,fold_3,fold,3
217,C,0.7635014501818382,0.0013956520716364353,0.23510289774652557,1,15,fold_3,fold,3
218,A,0.5055175766300118,9.707580016424237e-4,0.49351166536834523,1,15,fold_3,fold,3
218,C,0.7632633609347966,0.0013583560340906908,0.2353782830311123,1,15,fold_3,fold,3
219,A,0.5053523580204409,9.444655924034683e-4,0.4937031763871557,1,15,fold_3,fold,3
219,C,0.7630317161496895,0.001321982208359423,0.235646301641951,1,15,fold_3,fold,3
220,A,0.5051916575985465,9.188459457204972e-4,0.4938894964557336,1,15,fold_3,fold,3
220,C,0.7628063519460959,0.0012865119038289012,0.23590713615007655,1,15,fold_3,fold,3
221,A,0.5050353575366835,8.938838608497014e-4,0.49407075860246585,1,15,fold_3,fold,3
221,C,0.762587108023923,0.0012519265735596874,0.2361609654025176,1,15,fold_3,fold,3
222,A,0.5048833427794589,8.695643806104205e-4,0.4942470928399308,1,15,fold_3,fold,3
222,C,0.7623738276187695,0.001218207828732074,0.2364079645524984,1,15,fold_3,fold,3
223,A,0.5047355009939708,8.458727923261079e-4,0.4944186262137036,1,15,fold_3,fold,3
223,C,0.7621663574556929,0.001185337451902674,0.23664830509240362,1,15,fold_3,fold,3
224,A,0.5045917225201588,8.227946285050662e-4,0.4945854828513362,1,15,fold_3,fold,3
224,C,0.7619645477015828,0.0011532974091299246,0.23688215488928743,1,15,fold_3,fold,3
225,A,0.5044519003212959,8.003156672667499e-4,0.4947477840114375,1,15,fold_3,fold,3
225,C,0.761768251916281,0.0011220698610246306,0.23710967822269477,1,15,fold_3,fold,3
226,A,0.504315929934661,7.784219325203268e-4,0.4949056481328184,1,15,fold_3,fold,3
226,C,0.7615773270026284,0.0010916371727800766,0.23733103582459272,1,15,fold_3,fold,3
227,A,0.504183709422449,7.570996939029062e-4,0.495059190883648,1,15,fold_3,fold,3
227,C,0.7613916331555595,0.0010619819232344499,0.23754638492120622,1,15,fold_3,fold,3
228,A,0.5040551393229415,7.36335466485501e-4,0.4952085252105716,1,15,fold_3,fold,3
228,C,0.7612110338104011,0.0010330869130168163,0.23775587927658096,1,15,fold_3,fold,3
229,A,0.503930122601991,7.161160102552688e-4,0.4953537613877536,1,15,fold_3,fold,3
229,C,0.7610353955904932,0.0010049351718261575,0.23795966923768008,1,15,fold_3,fold,3
230,A,0.5038085646048334,6.964283293825178e-4,0.49549500706578525,1,15,fold_3,fold,3
230,C,0.7608645882542522,9.77509964889693e-4,0.2381579017808582,1,15,fold_3,fold,3
231,A,0.5036903730082841,6.772596712825384e-4,0.4956323673204335,1,15,fold_3,fold,3
231,C,0.7606984846418032,9.507947986492286e-4,0.23835072055954792,1,15,fold_3,fold,3
232,A,0.5035754577733369,6.585975254811438e-4,0.4957659447011824,1,15,fold_3,fold,3
232,C,0.7605369606212709,9.247734257178189e-4,0.2385382659530104,1,15,fold_3,fold,3
233,A,0.5034637310981851,6.404296222936069e-4,0.4958958392795216,1,15,fold_3,fold,3
233,C,0.760379895034842,8.994298491495535e-4,0.23872067511600883,1,15,fold_3,fold,3
234,A,0.5033551073717123,6.227439313266624e-4,0.4960221486969601,1,15,fold_3,fold,3
234,C,0.7602271696446703,8.747483260632524e-4,0.23889808202926688,1,15,fold_3,fold,3
235,A,0.5032495031274656,6.055286598133638e-4,0.4961449682127211,1,15,fold_3,fold,3
235,C,0.7600786690787433,8.507133706595361e-4,0.23907061755059641,1,15,fold_3,fold,3
236,A,0.5031468369981252,5.887722507904939e-4,0.4962643907510843,1,15,fold_3,fold,3
236,C,0.7599342807767656,8.273097566688672e-4,0.2392384094665646,1,15,fold_3,fold,3
237,A,0.5030470296705172,5.724633811281417e-4,0.4963805069483548,1,15,fold_3,fold,3
237,C,0.759793894936131,8.045225192663781e-4,0.239401582544603,1,15,fold_3,fold,3
238,A,0.502950003841158,5.565909594209238e-4,0.4964934051994212,1,15,fold_3,fold,3
238,C,0.759657404458069,7.823369564878275e-4,0.2395602585854425,1,15,fold_3,fold,3
239,A,0.5028556841723733,5.411441237502231e-4,0.49660317170387763,1,15,fold_3,fold,3
239,C,0.7595247048940296,7.607386301795498e-4,0.2397145564757924,1,15,fold_3,fold,3
240,A,0.5027639972489868,5.261122393266342e-4,0.4967098905116862,1,15,fold_3,fold,3
240,C,0.7593956943923303,7.397133665137256e-4,0.23986459224115597,1,15,fold_3,fold,3
241,A,0.5026748715356159,5.114848960216124e-4,0.49681364356836244,1,15,fold_3,fold,3
241,C,0.7592702736451825,7.192472560989311e-4,0.24001047909871862,1,15,fold_3,fold,3
242,A,0.5025882373345576,4.972519057970576e-4,0.49691451075964593,1,15,fold_3,fold,3
242,C,0.7591483458360748,6.99326653714342e-4,0.2401523275102101,1,15,fold_3,fold,3
243,A,0.5025040267443013,4.834033000413702e-4,0.49701256995565757,1,15,fold_3,fold,3
243,C,0.7590298165876207,6.799381776947193e-4,0.240290245234686,1,15,fold_3,fold,3
244,A,0.5024221736186699,4.6992932682021684e-4,0.4971078970545102,1,15,fold_3,fold,3
244,C,0.7589145939098615,6.6106870899189e-4,0.24042433738114638,1,15,fold_3,fold,3
245,A,0.5023426135265876,4.568204480499953e-4,0.49720056602536133,1,15,fold_3,fold,3
245,C,0.7588025881491179,6.42705389937232e-4,0.24055470646094526,1,15,fold_3,fold,3
246,A,0.5022652837124992,4.440673366017052e-4,0.4972906489508991,1,15,fold_3,fold,3
246,C,0.7586937119373565,6.248356227283267e-4,0.24068145243991496,1,15,fold_3,fold,3
247,A,0.5021901230574262,4.316608733426296e-4,0.497378216069232,1,15,fold_3,fold,3
247,C,0.7585878801421683,6.074470676618332e-4,0.24080467279016995,1,15,fold_3,fold,3
248,A,0.5021170720406857,4.1959214412297206e-4,0.49746333581519153,1,15,fold_3,fold,3
248,C,0.7584850098173375,5.905276411334006e-4,0.2409244625415279,1,15,fold_3,fold,3
249,A,0.5020460727022613,4.078524367142529e-4,0.4975460748610247,1,15,fold_3,fold,3
249,C,0.7583850201540612,5.740655134243873e-4,0.24104091433251404,1,15,fold_3,fold,3
250,A,0.5019770686058301,3.9643323770601727e-4,0.497626498156464,1,15,fold_3,fold,3
250,C,0.7582878324328087,5.580491062939267e-4,0.24115411846089801,1,15,fold_3,fold,3
251,A,0.5019100048024503,3.853262293670835e-4,0.49770466896818255,1,15,fold_3,fold,3
251,C,0.7581933699758706,5.424670903941832e-4,0.2412641629337354,1,15,fold_3,fold,3
252,A,0.5018448277949124,3.7452328647726875e-4,0.49778064891861,1,15,fold_3,fold,3
252,C,0.7581015581006005,5.273083825252737e-4,0.2413711335168742,1,15,fold_3,fold,3
253,A,0.5017814855027461,3.640164731352506e-4,0.4978544980241181,1,15,fold_3,fold,3
253,C,0.7580123240733565,5.125621427455848e-4,0.24147511378389808,1,15,fold_3,fold,3
254,A,0.5017199272278902,3.5379803954792196e-4,0.4979262747325611,1,15,fold_3,fold,3
254,C,0.7579255970641721,4.982177713522349e-4,0.2415761851644758,1,15,fold_3,fold,3
255,A,0.5016601036210137,3.438604188063302e-4,0.49799603596018,1,15,fold_3,fold,3
255,C,0.7578413081021547,4.8426490574564747e-4,0.2416744269921007,1,15,fold_3,fold,3
256,A,0.5016019666484973,3.3419622365298874e-4,0.49806383712784935,1,15,fold_3,fold,3
256,C,0.7577593900316208,4.706934171912844e-4,0.2417699165511866,1,15,fold_3,fold,3
257,A,0.5015454695600645,3.247982432451161e-4,0.4981297321966908,1,15,fold_3,fold,3
257,C,0.7576797774689975,4.5749340749084684e-4,0.24186272912351137,1,15,fold_3,fold,3
258,A,0.5014905668570557,3.156594399180435e-4,0.4981937737030257,1,15,fold_3,fold,3
258,C,0.7576024067604447,4.44655205574434e-4,0.241952938033981,1,15,fold_3,fold,3
259,A,0.5014372142613519,3.0677294595282987e-4,0.49825601279269555,1,15,fold_3,fold,3
259,C,0.7575272159402613,4.3216936402450237e-4,0.24204061469571442,1,15,fold_3,fold,3
260,A,0.5013853686849289,2.981320603518269e-4,0.4983164992547194,1,15,fold_3,fold,3
260,C,0.7574541446900439,4.2002665554171406e-4,0.24212582865441498,1,15,fold_3,fold,3
261,A,0.5013349882000506,2.897302456257297e-4,0.4983752815543239,1,15,fold_3,fold,3
261,C,0.7573831342985954,4.082180693621692e-4,0.24220864763204092,1,15,fold_3,fold,3
262,A,0.5012860320100845,2.81561124595394e-4,0.49843240686531975,1,15,fold_3,fold,3
262,C,0.7573141276226139,3.967348076348292e-4,0.24228913756975132,1,15,fold_3,fold,3
263,A,0.5012384604209386,2.736184772114852e-4,0.49848792110185036,1,15,fold_3,fold,3
263,C,0.7572470690481126,3.8556828176739547e-4,0.2423673626701205,1,15,fold_3,fold,3
264,A,0.5011922348131096,2.6589623739480374e-4,0.4985418689494957,1,15,fold_3,fold,3
264,C,0.7571819044526288,3.74710108748328e-4,0.24244338543862207,1,15,fold_3,fold,3
265,A,0.501147317614342,2.5838848989993114e-4,0.49859429389575743,1,15,fold_3,fold,3
265,C,0.7571185811681659,3.641521074521535e-4,0.24251726672438204,1,15,fold_3,fold,3
266,A,0.501103672272883,2.5108946720462776e-4,0.49864523825991264,1,15,fold_3,fold,3
266,C,0.7570570479448886,3.538862949346966e-4,0.24258906576017622,1,15,fold_3,fold,3
267,A,0.5010612632313266,2.4399354642723372e-4,0.4986947432222459,1,15,fold_3,fold,3
267,C,0.7569972549155689,3.439048827244165e-4,0.2426588402017046,1,15,fold_3,fold,3
268,A,0.501020055901047,2.3709524627413614e-4,0.49874284885267894,1,15,fold_3,fold,3
268,C,0.7569391535607743,3.342002731155474e-4,0.24272664616611003,1,15,fold_3,fold,3
269,A,0.5009800166372028,2.3038922401917586e-4,0.49878959413877877,1,15,fold_3,fold,3
269,C,0.7568826966747695,3.2476505546831036e-4,0.2427925382697609,1,15,fold_3,fold,3
270,A,0.5009411127143086,2.238702725167767e-4,0.4988350170131749,1,15,fold_3,fold,3
270,C,0.7568278383321807,3.155920025211443e-4,0.24285656966529845,1,15,fold_3,fold,3
271,A,0.5009033123023686,2.1753331725026518e-4,0.4988791543803806,1,15,fold_3,fold,3
271,C,0.7567745338553384,3.066740667193288e-4,0.2429187920779423,1,15,fold_3,fold,3
272,A,0.5008665844435567,2.113734134168478e-4,0.49892204214302566,1,15,fold_3,fold,3
272,C,0.7567227397823669,2.9800437656419426e-4,0.24297925584106822,1,15,fold_3,fold,3
273,A,0.50083089902944,2.0538574305051002e-4,0.49896371522750926,1,15,fold_3,fold,3
273,C,0.7566724138359582,2.895762329867109e-4,0.2430380099310554,1,15,fold_3,fold,3
274,A,0.50079622677873,1.9956561218396738e-4,0.49900420760908587,1,15,fold_3,fold,3
274,C,0.7566235148928412,2.8138310574889967e-4,0.24309510200141074,1,15,fold_3,fold,3
275,A,0.5007625392155686,1.9390844805066513e-4,0.4990435523363806,1,15,fold_3,fold,3
275,C,0.7565760029539426,2.734186298762376e-4,0.24315057841618062,1,15,fold_3,fold,3
276,A,0.5007298086483152,1.884097963277039e-4,0.49908178155535776,1,15,fold_3,fold,3
276,C,0.756529839115228,2.6567660212391253e-4,0.24320448428264685,1,15,fold_3,fold,3
277,A,0.5006980081488477,1.8306531842045696e-4,0.49911892653273277,1,15,fold_3,fold,3
277,C,0.7564849855391949,2.581509774795409e-4,0.24325686348332545,1,15,fold_3,fold,3
278,A,0.5006671115323582,1.7787078878953827e-4,0.4991550176788519,1,15,fold_3,fold,3
278,C,0.756441405427033,2.5083586570469763e-4,0.24330775870726168,1,15,fold_3,fold,3
279,A,0.5006370933376373,1.7282209232066884e-4,0.4991900845700417,1,15,fold_3,fold,3
279,C,0.7563990629914342,2.4372552791737927e-4,0.24335721148064765,1,15,fold_3,fold,3
280,A,0.5006079288078318,1.6791522173789962e-4,0.49922415597043185,1,15,fold_3,fold,3
280,C,0.7563579234300299,2.3681437321727887e-4,0.24340526219675326,1,15,fold_3,fold,3
281,A,0.5005795938716752,1.6314627506055685e-4,0.49925725985326425,1,15,fold_3,fold,3
281,C,0.7563179528994576,2.3009695535556666e-4,0.2434519501451861,1,15,fold_3,fold,3
282,A,0.500552065125184,1.5851145310418843e-4,0.4992894234217114,1,15,fold_3,fold,3
282,C,0.7562791184900511,2.2356796945065025e-4,0.24349731354049753,1,15,fold_3,fold,3
283,A,0.5005253198137936,1.5400705702571025e-4,0.4993206731291816,1,15,fold_3,fold,3
283,C,0.7562413882011194,2.1722224875122973e-4,0.24354138955012913,1,15,fold_3,fold,3
284,A,0.500499335814942,1.4962948591287935e-4,0.49935103469914466,1,15,fold_3,fold,3
284,C,0.7562047309168338,2.1105476144777166e-4,0.24358421432171704,1,15,fold_3,fold,3
285,A,0.5004740916210944,1.4537523441815315e-4,0.49938053314448766,1,15,fold_3,fold,3
285,C,0.7561691163826959,2.0506060753337847e-4,0.2436258230097698,1,15,fold_3,fold,3
286,A,0.5004495663231752,1.4124089043691918e-4,0.49940919278638807,1,15,fold_3,fold,3
286,C,0.7561345151825684,1.992350157148759e-4,0.24366624980171606,1,15,fold_3,fold,3
287,A,0.5004257395944338,1.3722313283003236e-4,0.4994370372727369,1,15,fold_3,fold,3
287,C,0.7561008987162819,1.935733403748011e-4,0.243705527943344,1,15,fold_3,fold,3
288,A,0.5004025916747014,1.3331872919052955e-4,0.4994640895961079,1,15,fold_3,fold,3
288,C,0.7560682391777791,1.880710585848466e-4,0.24374368976363545,1,15,fold_3,fold,3
289,A,0.5003801033550619,1.2952453365434194e-4,0.499490372111284,1,15,fold_3,fold,3
289,C,0.7560365095338165,1.8272376717118878e-4,0.243780766699012,1,15,fold_3,fold,3
290,A,0.5003582559628938,1.2583748475480553e-4,0.4995159065523502,1,15,fold_3,fold,3
290,C,0.7560056835031731,1.7752717983206495e-4,0.2438167893169943,1,15,fold_3,fold,3
291,A,0.5003370313473157,1.2225460332065643e-4,0.4995407140493633,1,15,fold_3,fold,3
291,C,0.7559757355363975,1.7247712430774287e-4,0.2438517873392942,1,15,fold_3,fold,3
292,A,0.5003164118649814,1.1877299041722319e-4,0.4995648151446021,1,15,fold_3,fold,3
292,C,0.7559466407960526,1.6756953960305864e-4,0.24388578966434343,1,15,fold_3,fold,3
293,A,0.5002963803662572,1.1538982533047518e-4,0.49958822980841255,1,15,fold_3,fold,3
293,C,0.7559183751374636,1.6280047326254818e-4,0.24391882438927423,1,15,fold_3,fold,3
294,A,0.500276920181748,1.1210236359353563e-4,0.4996109774546584,1,15,fold_3,fold,3
294,C,0.7558909150899449,1.581660786981284e-4,0.24395091883135736,1,15,fold_3,fold,3
295,A,0.5002580151091732,1.0890793505524834e-4,0.49963307695577186,1,15,fold_3,fold,3
295,C,0.7558642378385162,1.5366261256919756e-4,0.24398209954891506,1,15,fold_3,fold,3
296,A,0.5002396494005821,1.0580394199035229e-4,0.4996545466574277,1,15,fold_3,fold,3
296,C,0.755838321206072,1.492864322149615e-4,0.24401239236171132,1,15,fold_3,fold,3
297,A,0.5002218077499041,1.0278785725079908e-4,0.49967540439284525,1,15,fold_3,fold,3
297,C,0.7558131436360256,1.4503399313873404e-4,0.24404182237083716,1,15,fold_3,fold,3
298,A,0.5002044752808226,9.985722245772108e-5,0.4996956674967198,1,15,fold_3,fold,3
298,C,0.7557886841753636,1.4090184654389195e-4,0.24407041397809195,1,15,fold_3,fold,3
299,A,0.5001876375349652,9.70096462335397e-5,0.4997153528188012,1,15,fold_3,fold,3
299,C,0.75576492245819,1.3688663692112773e-4,0.24409819090488724,1,15,fold_3,fold,3
300,A,0.5001712804604068,9.424280247368182e-5,0.4997344767371195,1,15,fold_3,fold,3
300,C,0.7557418386896495,1.3298509968656986e-4,0.24412517621066293,1,15,fold_3,fold,3
301,A,0.5001553904004742,9.155442865735772e-5,0.4997530551708685,1,15,fold_3,fold,3
301,C,0.7557194136302883,1.2919405887031827e-4,0.24415139231084207,1,15,fold_3,fold,3
302,A,0.5001399540828428,8.894232419683952e-5,0.49977110359295995,1,15,fold_3,fold,3
302,C,0.7556976285808213,1.2551042485489013e-4,0.24417686099432523,1,15,fold_3,fold,3
303,A,0.5001249586089276,8.640434882466416e-5,0.4997886370422462,1,15,fold_3,fold,3
303,C,0.7556764653672958,1.21931192163043e-4,0.24420160344054043,1,15,fold_3,fold,3
304,A,0.5001103914435547,8.393842101817869e-5,0.49980567013542754,1,15,fold_3,fold,3
304,C,0.7556559063266517,1.1845343729440008e-4,0.24422564023605456,1,15,fold_3,fold,3
305,A,0.5000962404048969,8.154251646083028e-5,0.4998222170786435,1,15,fold_3,fold,3
305,C,0.7556359342926358,1.150743166102842e-4,0.2442489913907546,1,15,fold_3,fold,3
306,A,0.5000824936546949,7.921466653960265e-5,0.49983829167876465,1,15,fold_3,fold,3
306,C,0.7556165325821208,1.1179106426613144e-4,0.2442716763536131,1,15,fold_3,fold,3
307,A,0.5000691396887291,7.695295687798838e-5,0.499853907354392,1,15,fold_3,fold,3
307,C,0.7555976849817662,1.08600990190842e-4,0.24429371402804506,1,15,fold_3,fold,3
308,A,0.5000561673275449,7.475552590388332e-5,0.49986907714655054,1,15,fold_3,fold,3
308,C,0.7555793757350248,1.0550147811239438e-4,0.24431512278686257,1,15,fold_3,fold,3
309,A,0.5000435657074325,7.262056345178702e-5,0.4998838137291168,1,15,fold_3,fold,3
309,C,0.7555615895295282,1.0248998362904173e-4,0.24433592048684324,1,15,fold_3,fold,3
310,A,0.5000313242716439,7.054630939869828e-5,0.49989812941895817,1,15,fold_3,fold,3
310,C,0.75554431148476,9.956403232539873e-5,0.2443561244829133,1,15,fold_3,fold,3
311,A,0.5000194327618542,6.853105233306938e-5,0.49991203618581287,1,15,fold_3,fold,3
311,C,0.7555275271401051,9.672121793268699e-5,0.24437575164196215,1,15,fold_3,fold,3
312,A,0.500007881209844,6.657312825620664e-5,0.4999255456618995,1,15,fold_3,fold,3
312,C,0.7555112224431789,9.395920053242419e-5,0.24439481835628746,1,15,fold_3,fold,3
313,A,0.4999966599294121,6.467091931549846e-5,0.499938669151272,1,15,fold_3,fold,3
313,C,0.7554953837385019,9.127570480283131e-5,0.2444133405566949,1,15,fold_3,fold,3
314,A,0.4999857595085066,6.282285256885001e-5,0.49995141763892476,1,15,fold_3,fold,3
314,C,0.7554799977564532,8.866851830721236e-5,0.24443133372523942,1,15,fold_3,fold,3
315,A,0.49997517080156567,6.102739877970837e-5,0.49996380179965405,1,15,fold_3,fold,3
315,C,0.7554650516025363,8.613548982356489e-5,0.24444881290763942,1,15,fold_3,fold,3
316,A,0.4999648849220764,5.928307124206185e-5,0.49997583200668216,1,15,fold_3,fold,3
316,C,0.7554505327469301,8.367452771466809e-5,0.24446579272535457,1,15,fold_3,fold,3
317,A,0.4999548932353197,5.7588424634804856e-5,0.499987518340046,1,15,fold_3,fold,3
317,C,0.7554364290143214,8.128359833790284e-5,0.24448228738734118,1,15,fold_3,fold,3
318,A,0.49994518735133026,5.594205390486236e-5,0.4999988705947648,1,15,fold_3,fold,3
318,C,0.7554227285740083,7.89607244940496e-5,0.24449831070149786,1,15,fold_3,fold,3
319,A,0.49993575911803867,5.434259317847135e-5,0.5000098982887826,1,15,fold_3,fold,3
319,C,0.7554094199302847,7.670398391431663e-5,0.24451387608580194,1,15,fold_3,fold,3
320,A,0.4999266006146017,5.278871470002602e-5,0.5000206106706986,1,15,fold_3,fold,3
320,C,0.7553964919130718,7.451150778484522e-5,0.24452899657914537,1,15,fold_3,fold,3
321,A,0.49991770414491743,5.127912779789206e-5,0.5000310167272839,1,15,fold_3,fold,3
321,C,0.7553839336688102,7.238147930794649e-5,0.24454368485188246,1,15,fold_3,fold,3
322,A,0.49990906223132087,4.9812577876610825e-5,0.5000411251908036,1,15,fold_3,fold,3
322,C,0.755371734651607,7.031213229932751e-5,0.2445579532160952,1,15,fold_3,fold,3
323,A,0.49990066760844026,4.8387845434910904e-5,0.5000509445461241,1,15,fold_3,fold,3
323,C,0.7553598846146079,6.830174982056394e-5,0.24457181363557198,1,15,fold_3,fold,3
324,A,0.49989251321724476,4.70037451089616e-5,0.5000604830376468,1,15,fold_3,fold,3
324,C,0.7553483736016241,6.634866284608966e-5,0.24458527773552946,1,15,fold_3,fold,3
325,A,0.4998845921992293,4.5659124740299956e-5,0.5000697486760307,1,15,fold_3,fold,3
325,C,0.7553371919389754,6.445124896397094e-5,0.24459835681206119,1,15,fold_3,fold,3
326,A,0.4998768978907815,4.4352864467879474e-5,0.5000787492447513,1,15,fold_3,fold,3
326,C,0.7553263302275587,6.260793110974542e-5,0.24461106184133333,1,15,fold_3,fold,3
327,A,0.49986942381769034,4.3083875843689845e-5,0.5000874923064661,1,15,fold_3,fold,3
327,C,0.7553157793351359,6.081717633261133e-5,0.24462340348853095,1,15,fold_3,fold,3
328,A,0.4998621636898148,4.1851100971408436e-5,0.5000959852092141,1,15,fold_3,fold,3
328,C,0.7553055303888463,5.907749459325886e-5,0.24463539211656113,1,15,fold_3,fold,3
329,A,0.49985511139589406,4.0653511667550436e-5,0.5001042350924383,1,15,fold_3,fold,3
329,C,0.7552955747678926,5.738743759264332e-5,0.24464703779451455,1,15,fold_3,fold,3
330,A,0.49984826099850715,3.949010864459828e-5,0.5001122488928484,1,15,fold_3,fold,3
330,C,0.7552859040964669,5.574559763101744e-5,0.24465835030590224,1,15,fold_3,fold,3
331,A,0.49984160672916333,3.835992071558714e-5,0.5001200333501211,1,15,fold_3,fold,3
331,C,0.7552765102368411,5.4150606496528646e-5,0.24466933915666095,1,15,fold_3,fold,3
332,A,0.49983514298354165,3.72620040196458e-5,0.5001275950124389,1,15,fold_3,fold,3
332,C,0.7552673852826722,5.26011343827176e-5,0.24468001358294605,1,15,fold_3,fold,3
333,A,0.4998288643168487,3.619544126799166e-5,0.5001349402418832,1,15,fold_3,fold,3
333,C,0.7552585215524659,5.10958888342527e-5,0.24469038255869996,1,15,fold_3,fold,3
334,A,0.4998227654393171,3.515934100989345e-5,0.5001420752196736,1,15,fold_3,fold,3
334,C,0.7552499115832532,4.963361372025012e-5,0.24470045480302696,1,15,fold_3,fold,3
335,A,0.4998168412118195,3.4152836918117193e-5,0.5001490059512623,1,15,fold_3,fold,3
335,C,0.7552415481244134,4.821308823453347e-5,0.24471023878735235,1,15,fold_3,fold,3
336,A,0.4998110866416153,3.317508709338635e-5,0.500155738271292,1,15,fold_3,fold,3
336,C,0.7552334241316844,4.683312592220109e-5,0.24471974274239175,1,15,fold_3,fold,3
337,A,0.4998054968782024,3.222527338738992e-5,0.5001622778484103,1,15,fold_3,fold,3
337,C,0.7552255327613421,4.549257373187955e-5,0.24472897466492677,1,15,fold_3,fold,3
338,A,0.4998000672093001,3.1302600743887286e-5,0.5001686301899564,1,15,fold_3,fold,3
338,C,0.7552178673645178,4.419031109304979e-5,0.2447379423243888,1,15,fold_3,fold,3
339,A,0.4997947930569295,3.040629655746154e-5,0.500174800646513,1,15,fold_3,fold,3
339,C,0.755210421481711,4.2925249017848e-5,0.24474665326927228,1,15,fold_3,fold,3
340,A,0.49978966997361557,2.9535610049486087e-5,0.5001807944163349,1,15,fold_3,fold,3
340,C,0.7552031888374177,4.169632922674686e-5,0.24475511483335613,1,15,fold_3,fold,3
341,A,0.49978469363868566,2.8689811660874863e-5,0.5001866165496532,1,15,fold_3,fold,3
341,C,0.7551961633349367,4.050252329754043e-5,0.2447633341417644,1,15,fold_3,fold,3
342,A,0.499779859854678,2.7868192461198137e-5,0.5001922719528605,1,15,fold_3,fold,3
342,C,0.75518933905131,3.934283183706213e-5,0.24477131811685413,1,15,fold_3,fold,3
343,A,0.49977516454385,2.7070063573752135e-5,0.5001977653925769,1,15,fold_3,fold,3
343,C,0.7551827102323884,3.821628367507726e-5,0.24477907348393707,1,15,fold_3,fold,3
344,A,0.49977060374477905,2.629475561617989e-5,0.5002031014996059,1,15,fold_3,fold,3
344,C,0.7551762712880722,3.712193507980473e-5,0.24478660677684966,1,15,fold_3,fold,3
345,A,0.4997661736090655,2.5541618156250598e-5,0.5002082847727783,1,15,fold_3,fold,3
345,C,0.7551700167876452,3.6058868994529295e-5,0.24479392434336006,1,15,fold_3,fold,3
346,A,0.4997618703981269,2.4810019182411235e-5,0.500213319582692,1,15,fold_3,fold,3
346,C,0.755163941455272,3.502619429477911e-5,0.24480103235043307,1,15,fold_3,fold,3
347,A,0.4997576904800748,2.4099344588733095e-5,0.5002182101753363,1,15,fold_3,fold,3
347,C,0.7551580401655953,3.402304506555301e-5,0.24480793678933882,1,15,fold_3,fold,3
348,A,0.4997536303266922,2.3408997673885532e-5,0.5002229606756337,1,15,fold_3,fold,3
348,C,0.7551523079394726,3.304857989809435e-5,0.2448146434806296,1,15,fold_3,fold,3
349,A,0.4997496865104834,2.2738398653774984e-5,0.5002275750908622,1,15,fold_3,fold,3
349,C,0.7551467399398288,3.210198120571475e-5,0.2448211580789658,1,15,fold_3,fold,3
350,A,0.4997458557018147,2.2086984187498112e-5,0.5002320573139978,1,15,fold_3,fold,3
350,C,0.7551413314676229,3.1182454558187464e-5,0.24482748607781948,1,15,fold_3,fold,3
351,A,0.4997421346661318,2.1454206916262514e-5,0.500236411126951,1,15,fold_3,fold,3
351,C,0.755136077957928,3.0289228034233875e-5,0.24483363281403797,1,15,fold_3,fold,3
352,A,0.4997385202612598,2.083953501493915e-5,0.500240640203725,1,15,fold_3,fold,3
352,C,0.7551309749761262,2.942155159164127e-5,0.24483960347228184,1,15,fold_3,fold,3
353,A,0.49973500943477195,2.02424517559175e-5,0.5002447481134709,1,15,fold_3,fold,3
353,C,0.7551260182142046,2.857869645455987e-5,0.24484540308934077,1,15,fold_3,fold,3
354,A,0.49973159922144206,1.966245508494157e-5,0.5002487383234728,1,15,fold_3,fold,3
354,C,0.7551212034871577,2.7759954517535694e-5,0.24485103655832535,1,15,fold_3,fold,3
355,A,0.4997282867407584,1.909905720861273e-5,0.500252614202033,1,15,fold_3,fold,3
355,C,0.7551165267294898,2.6964637765846032e-5,0.2448565086327439,1,15,fold_3,fold,3
356,A,0.499725069194517,1.8551784193252654e-5,0.5002563790212898,1,15,fold_3,fold,3
356,C,0.7551119839918237,2.6192077711715568e-5,0.24486182393046424,1,15,fold_3,fold,3
357,A,0.49972194386447727,1.802017557482708e-5,0.5002600359599475,1,15,fold_3,fold,3
357,C,0.7551075714375916,2.5441624845997283e-5,0.24486698693756329,1,15,fold_3,fold,3
358,A,0.4997189081100865,1.7503783979637483e-5,0.5002635881059339,1,15,fold_3,fold,3
358,C,0.7551032853398255,2.4712648104916736e-5,0.2448720020120682,1,15,fold_3,fold,3
359,A,0.499715959366266,1.700217475549609e-5,0.5002670384589785,1,15,fold_3,fold,3
359,C,0.7550991220780521,2.4004534351484307e-5,0.24487687338759687,1,15,fold_3,fold,3
360,A,0.4997130951412633,1.651492561310538e-5,0.5002703899331241,1,15,fold_3,fold,3
360,C,0.7550950781352399,2.3316687871188603e-5,0.24488160517688867,1,15,fold_3,fold,3
361,A,0.49971031301456154,1.6041626277370344e-5,0.5002736453591614,1,15,fold_3,fold,3
361,C,0.7550911500948772,2.2648529881597124e-5,0.2448862013752418,1,15,fold_3,fold,3
362,A,0.4997076106348512,1.5581878148378472e-5,0.5002768074870004,1,15,fold_3,fold,3
362,C,0.7550873346380941,2.1999498055494722e-5,0.24489066586385133,1,15,fold_3,fold,3
363,A,0.4997049857180578,1.5135293971788976e-5,0.5002798789879704,1,15,fold_3,fold,3
363,C,0.7550836285408888,2.136904605720247e-5,0.24489500241305304,1,15,fold_3,fold,3
364,A,0.4997024360454232,1.4701497518378804e-5,0.5002828624570586,1,15,fold_3,fold,3
364,C,0.7550800286714301,2.0756643091726463e-5,0.24489921468547848,1,15,fold_3,fold,3
365,A,0.49969995946164625,1.4280123272499719e-5,0.5002857604150807,1,15,fold_3,fold,3
365,C,0.7550765319874173,2.0161773466394823e-5,0.24490330623911707,1,15,fold_3,fold,3
0,A,0.9989999999999999,0.001,0,2,15,fold_3,fold,3
0,C,0.9989999999999999,9.999999999999998e-4,0,2,15,fold_3,fold,3
1,A,0.9985261089561255,0.0012493442927653453,2.2454675110914328e-4,2,15,fold_3,fold,3
1,C,0.9987296188531555,0.0010639611649773408,2.0641998186806765e-4,2,15,fold_3,fold,3
2,A,0.9979905680508588,0.0015090267811268378,5.004051680149074e-4,2,15,fold_3,fold,3
2,C,0.9984491903098908,0.0011254002860528163,4.254094040583597e-4,2,15,fold_3,fold,3
3,A,0.997411349867717,0.0017610539574541666,8.275961748291781e-4,2,15,fold_3,fold,3
3,C,0.9981606036614014,0.0011830770448784161,6.563192937205998e-4,2,15,fold_3,fold,3
4,A,0.9967946127278262,0.002001405000808184,0.001203982271365343,2,15,fold_3,fold,3
4,C,0.9978647266131518,0.0012369057004833059,8.98367686363943e-4,2,15,fold_3,fold,3
5,A,0.9961387172101118,0.0022337251958423903,0.001627557594046187,2,15,fold_3,fold,3
5,C,0.9975617283715549,0.0012874332077551045,0.0011508384206887785,2,15,fold_3,fold,3
6,A,0.9954390995391051,0.002463611799898103,0.002097288660996467,2,15,fold_3,fold,3
6,C,0.9972514333643777,0.0013354171656812257,0.0014131494699400596,2,15,fold_3,fold,3
7,A,0.9946907233607564,0.002696074881432398,0.002613201757812059,2,15,fold_3,fold,3
7,C,0.9969335209559731,0.0013816085429172768,0.0016848705011103021,2,15,fold_3,fold,3
8,A,0.9938889411199183,0.002934872027947142,0.0031761868521346707,2,15,fold_3,fold,3
8,C,0.9966076230272494,0.0014266668631077255,0.0019657101096421216,2,15,fold_3,fold,3
9,A,0.9930292224721667,0.003182748318048027,0.0037880292097856576,2,15,fold_3,fold,3
9,C,0.9962733264760522,0.0014711814459214324,0.002255492078026097,2,15,fold_3,fold,3
10,A,0.9921082253801837,0.003441212180011992,0.004450562439803766,2,15,fold_3,fold,3
10,C,0.9959303076514938,0.0015155320147043803,0.0025541603338019364,2,15,fold_3,fold,3
11,A,0.9911221872691921,0.00371154857355391,0.005166264157253507,2,15,fold_3,fold,3
11,C,0.9955781976874477,0.0015600762098444928,0.002861726102708333,2,15,fold_3,fold,3
12,A,0.9900690386049479,0.003994282357092645,0.005936679037959648,2,15,fold_3,fold,3
12,C,0.9952167954873657,0.0016049707362298458,0.0031782337764045335,2,15,fold_3,fold,3
13,A,0.9889447416199527,0.004290402215695729,0.006764856164351152,2,15,fold_3,fold,3
13,C,0.9948457116789309,0.0016505071457743332,0.0035037811752947185,2,15,fold_3,fold,3
14,A,0.987745805729416,0.004600519125691366,0.007653675144891753,2,15,fold_3,fold,3
14,C,0.994464618320074,0.0016968685311839413,0.003838513148742597,2,15,fold_3,fold,3
15,A,0.9864689440696345,0.004925067327384654,0.008605988602980966,2,15,fold_3,fold,3
15,C,0.9940732160888396,0.0017441765019569596,0.004182607409203131,2,15,fold_3,fold,3
16,A,0.9851108765783443,0.005264420545192445,0.009624702876463272,2,15,fold_3,fold,3
16,C,0.9936712137531094,0.0017925224003759027,0.004536263846513789,2,15,fold_3,fold,3
17,A,0.9836682723574959,0.005618926320653645,0.01071280132185029,2,15,fold_3,fold,3
17,C,0.9932583200952678,0.0018419812418120805,0.004899698662920163,2,15,fold_3,fold,3
18,A,0.9821377546454296,0.005988903739269061,0.011873341615301162,2,15,fold_3,fold,3
18,C,0.9928342418366649,0.0018926167533045732,0.005273141410032772,2,15,fold_3,fold,3
19,A,0.9805159201870678,0.006374634215821918,0.01310944559711108,2,15,fold_3,fold,3
19,C,0.9923986832933281,0.001944483545275129,0.005656833161398312,2,15,fold_3,fold,3
20,A,0.9787993568513418,0.006776354806049638,0.014424288342608612,2,15,fold_3,fold,3
20,C,0.9919513461669524,0.001997628778840957,0.006051025054206328,2,15,fold_3,fold,3
21,A,0.9769846584986981,0.007194253821745574,0.015821087679556808,2,15,fold_3,fold,3
21,C,0.9914919292099345,0.0020520937479355976,0.006455977042128184,2,15,fold_3,fold,3
22,A,0.975068439536478,0.007628466733930039,0.017303093729591882,2,15,fold_3,fold,3
22,C,0.9910201278763997,0.002107915250450283,0.0068719568731506276,2,15,fold_3,fold,3
23,A,0.9730473508092652,0.008079071320183939,0.01887357787055106,2,15,fold_3,fold,3
23,C,0.990535634065608,0.00216512664373644,0.007299239290654606,2,15,fold_3,fold,3
24,A,0.970918097303133,0.008546081989980008,0.020535820706887326,2,15,fold_3,fold,3
24,C,0.9900381359919235,0.0022237585905279978,0.007738105417548491,2,15,fold_3,fold,3
25,A,0.9686774575812842,0.009029443584532023,0.02229309883418365,2,15,fold_3,fold,3
25,C,0.9895273181718068,0.002283839557789967,0.008188842270402443,2,15,fold_3,fold,3
26,A,0.9663223063244577,0.0095290237922404,0.024148669883301683,2,15,fold_3,fold,3
26,C,0.9890028614576021,0.0023453961116406048,0.00865174243075734,2,15,fold_3,fold,3
27,A,0.9638496237867363,0.01004461564874351,0.0261057605645206,2,15,fold_3,fold,3
27,C,0.9884644435716702,0.0024084532913764135,0.009127103136953819,2,15,fold_3,fold,3
28,A,0.9612565259210759,0.01057592514512537,0.02816754893379889,2,15,fold_3,fold,3
28,C,0.9879117390262362,0.00247303455789204,0.0096152264158718085,2,15,fold_3,fold,3
29,A,0.9585403049013727,0.011122552665999938,0.030337142432627053,2,15,fold_3,fold,3
29,C,0.9873444188551005,0.0025391615786242608,0.01011641956627689,2,15,fold_3,fold,3
30,A,0.955698459821877,0.011683988092905419,0.03261755208521734,2,15,fold_3,fold,3
30,C,0.9867621512156758,0.0026068543272984262,0.010630994457025972,2,15,fold_3,fold,3
31,A,0.9527287013089063,0.012259620175755399,0.03501167851533835,2,15,fold_3,fold,3
31,C,0.9861646023906202,0.0026761312929728326,0.01115926631640735,2,15,fold_3,fold,3
32,A,0.9496289788116709,0.012848730070043122,0.03752229111828618,2,15,fold_3,fold,3
32,C,0.9855514371321679,0.002747009311985441,0.011701553555847916,2,15,fold_3,fold,3
33,A,0.946397513642179,0.013450481961838488,0.0401520043959826,2,15,fold_3,fold,3
33,C,0.9849223189174952,0.0028195033269717627,0.01225817775553411,2,15,fold_3,fold,3
34,A,0.9430328297035775,0.014063917031821867,0.042903253264599754,2,15,fold_3,fold,3
34,C,0.9842769103960104,0.0028936262099716107,0.012829463394019308,2,15,fold_3,fold,3
35,A,0.9395337811926919,0.014687950707690944,0.04577826809961755,2,15,fold_3,fold,3
35,C,0.9836148739997768,0.0029693886258221184,0.013415737374400709,2,15,fold_3,fold,3
36,A,0.9358995789409128,0.01532137141939492,0.048779049639692366,2,15,fold_3,fold,3
36,C,0.9829358726140164,0.003046798883771008,0.014017328502211946,2,15,fold_3,fold,3
37,A,0.9321298160658633,0.01596284003865366,0.0519073438954823,2,15,fold_3,fold,3
37,C,0.9822395702571679,0.0031258627624680996,0.014634566980364689,2,15,fold_3,fold,3
38,A,0.928224491132675,0.01661089023510021,0.05516461863222444,2,15,fold_3,fold,3
38,C,0.9815256327371382,0.0032065833294397084,0.015267783933424229,2,15,fold_3,fold,3
39,A,0.9241840366241936,0.017263930053842986,0.05855203332196316,2,15,fold_3,fold,3
39,C,0.9807937285245113,0.0032889607085363082,0.015917310766952828,2,15,fold_3,fold,3
40,A,0.9200093407721286,0.017920245556950227,0.062070413670921545,2,15,fold_3,fold,3
40,C,0.9800435295812584,0.0033729918753183834,0.016583478543424894,2,15,fold_3,fold,3
41,A,0.9157017622586714,0.018578006266525452,0.06572023147480333,2,15,fold_3,fold,3
41,C,0.9792747121125585,0.003458670485796497,0.01726661740164549,2,15,fold_3,fold,3
42,A,0.9112631439478894,0.019235272097562133,0.06950158395454804,2,15,fold_3,fold,3
42,C,0.978486957393244,0.003545986694786467,0.017967055911969235,2,15,fold_3,fold,3
43,A,0.9066958270705129,0.01989000192556619,0.07341417100392152,2,15,fold_3,fold,3
43,C,0.9776799527220887,0.003634926950599425,0.018685120327311414,2,15,fold_3,fold,3
44,A,0.9020026617251568,0.020540064141257298,0.07745727413358641,2,15,fold_3,fold,3
44,C,0.9768533924211316,0.003725473791442028,0.019421133787427658,2,15,fold_3,fold,3
45,A,0.8971870111663258,0.021183249225743026,0.08162973960792978,2,15,fold_3,fold,3
45,C,0.9760069788218042,0.003817605661502172,0.020175415516694266,2,15,fold_3,fold,3
46,A,0.8922527506903069,0.021817284088611676,0.08592996522108105,2,15,fold_3,fold,3
46,C,0.9751404232521256,0.003911296743459355,0.020948280004414215,2,15,fold_3,fold,3
47,A,0.8872042624871969,0.02243984795068138,0.09035588956212205,2,15,fold_3,fold,3
47,C,0.974253447056608,0.004006516798916599,0.021740036144473875,2,15,fold_3,fold,3
48,A,0.8820464263933587,0.023048589708731478,0.09490498389790943,2,15,fold_3,fold,3
48,C,0.9733457826517504,0.004103231016609219,0.022550986331639582,2,15,fold_3,fold,3
49,A,0.8767846056703186,0.02364114670931592,0.09957424762036503,2,15,fold_3,fold,3
49,C,0.9724171745983144,0.00420139987452157,0.023381425527163963,2,15,fold_3,fold,3
50,A,0.8714246273027638,0.024215164740535287,0.10436020795670105,2,15,fold_3,fold,3
50,C,0.9714673806747105,0.004300979021085495,0.024231640304201964,2,15,fold_3,fold,3
51,A,0.8659727572696819,0.02476831884700784,0.10925892388330985,2,15,fold_3,fold,3
51,C,0.9704961729499476,0.004401919175845703,0.025101907874207085,2,15,fold_3,fold,3
52,A,0.860435671175378,0.025298334661021597,0.1142659941636013,2,15,fold_3,fold,3
52,C,0.9695033388564265,0.00450416604949335,0.025992495094080796,2,15,fold_3,fold,3
53,A,0.8548204204776103,0.02580300995900833,0.11937656956338162,2,15,fold_3,fold,3
53,C,0.9684886822583408,0.0046076602843121055,0.026903657457347664,2,15,fold_3,fold,3
54,A,0.8491343944842598,0.026280236136701475,0.1245853693790386,2,15,fold_3,fold,3
54,C,0.9674520245075163,0.004712337417033253,0.027835638075450326,2,15,fold_3,fold,3
55,A,0.8433852784862832,0.026728019233085275,0.12988670228063162,2,15,fold_3,fold,3
55,C,0.9663932054795329,0.0048181278655847985,0.028788666654882243,2,15,fold_3,fold,3
56,A,0.8375810085890183,0.027144500106179918,0.13527449130480326,2,15,fold_3,fold,3
56,C,0.9653120845850991,0.00492495694032185,0.02976295847457955,2,15,fold_3,fold,3
57,A,0.8317297238609958,0.027527973391105784,0.1407423027478978,2,15,fold_3,fold,3
57,C,0.964208541752283,0.005032744879933382,0.030758713367783547,2,15,fold_3,fold,3
58,A,0.8258397164059008,0.027876904912779044,0.14628337868131983,2,15,fold_3,fold,3
58,C,0.9630824783745202,0.005141406912240646,0.031776114713240496,2,15,fold_3,fold,3
59,A,0.8199193799818885,0.028189947248275095,0.15189067276983628,2,15,fold_3,fold,3
59,C,0.9619338182189132,0.005250853340045862,0.032815328441042055,2,15,fold_3,fold,3
60,A,0.8139771578477578,0.028465953149096418,0.1575568890031464,2,15,fold_3,fold,3
60,C,0.9607625082898227,0.0053609896518928375,0.033876502058284894,2,15,fold_3,fold,3
61,A,0.8080214905495607,0.028703986569718176,0.16327452288072172,2,15,fold_3,fold,3
61,C,0.9595685196433502,0.005471716657241918,0.03495976369940895,2,15,fold_3,fold,3
62,A,0.8020607643480918,0.028903331108696816,0.16903590454321193,2,15,fold_3,fold,3
62,C,0.958351848148777,0.0055829306453126755,0.03606522120591065,2,15,fold_3,fold,3
63,A,0.796103260950085,0.029063495731703932,0.17483324331821076,2,15,fold_3,fold,3
63,C,0.9571125151932417,0.005694523566695981,0.037192961240062404,2,15,fold_3,fold,3
64,A,0.7901571091684035,0.029184217699882796,0.1806586731317128,2,15,fold_3,fold,3
64,C,0.9558505683261558,0.005806383236698376,0.038343048437144915,2,15,fold_3,fold,3
65,A,0.784230239095669,0.02926546267930613,0.18650429822502407,2,15,fold_3,fold,3
65,C,0.9545660818403309,0.005918393559221503,0.039515524600447306,2,15,fold_3,fold,3
66,A,0.7783303393182117,0.02930742206672346,0.19236223861506585,2,15,fold_3,fold,3
66,C,0.9532591572871654,0.006030434769834219,0.040710407942998635,2,15,fold_3,fold,3
67,A,0.7724648176228466,0.02931050762860642,0.1982246747485479,2,15,fold_3,fold,3
67,C,0.9519299239236976,0.006142383696596113,0.041927692379706505,2,15,fold_3,fold,3
68,A,0.7666407655671993,0.02927534360606864,0.2040838908267327,2,15,fold_3,fold,3
68,C,0.9505785390895639,0.006254114037135474,0.043167346873301635,2,15,fold_3,fold,3
69,A,0.760864927188516,0.029202756496650977,0.20993231631483292,2,15,fold_3,fold,3
69,C,0.9492051885123642,0.006365496650440687,0.04442931483719526,2,15,fold_3,fold,3
70,A,0.7551436721377126,0.029093762673982157,0.2157625651883051,2,15,fold_3,fold,3
70,C,0.9478100865400294,0.006476399861919235,0.04571351359805015,2,15,fold_3,fold,3
71,A,0.74948297325636,0.028949554223159094,0.22156747252048029,2,15,fold_3,fold,3
71,C,0.9463934762994127,0.006586689780036308,0.047019833920549224,2,15,fold_3,fold,3
72,A,0.7438883886890479,0.028771483234923227,0.22734012807602777,2,15,fold_3,fold,3
72,C,0.9449556297803556,0.006696230623111315,0.04834813959653254,2,15,fold_3,fold,3
73,A,0.7383650484993487,0.028561044865473766,0.23307390663517774,2,15,fold_3,fold,3
73,C,0.943496847844788,0.006804885054828117,0.04969826710038647,2,15,fold_3,fold,3
74,A,0.7329176456913081,0.02831985947513253,0.23876249483355946,2,15,fold_3,fold,3
74,C,0.9420174601606537,0.006912514527059036,0.05107002531228683,2,15,fold_3,fold,3
75,A,0.7275504314656801,0.028049654169516863,0.24439991436480302,2,15,fold_3,fold,3
75,C,0.9405178250607317,0.007018979628643443,0.05246319531062605,2,15,fold_3,fold,3
76,A,0.7222672144869944,0.02775224405590224,0.24998054145710225,2,15,fold_3,fold,3
76,C,0.9389983293264774,0.007124140438837686,0.05387753023468423,2,15,fold_3,fold,3
77,A,0.7170713638950927,0.027429513508030422,0.2554991225968772,2,15,fold_3,fold,3
77,C,0.9374593878974138,0.007227856884231238,0.05531275521835793,2,15,fold_3,fold,3
78,A,0.7119658157596177,0.027083397710967842,0.2609507865294143,2,15,fold_3,fold,3
78,C,0.9359014435064952,0.0073299890979856,0.056768567395519796,2,15,fold_3,fold,3
79,A,0.7069530826491442,0.026715864733175318,0.2663310526176804,2,15,fold_3,fold,3
79,C,0.9343249662423307,0.007430397780301191,0.05824463597736915,2,15,fold_3,fold,3
80,A,0.7020352659684959,0.02632889834473688,0.2716358356867674,2,15,fold_3,fold,3
80,C,0.9327304530390332,0.007528944559059686,0.05974060240190703,2,15,fold_3,fold,3
81,A,0.6972140707076488,0.025924481769958086,0.2768614475223928,2,15,fold_3,fold,3
81,C,0.9311184270948962,0.0076254923496286205,0.06125608055547625,2,15,fold_3,fold,3
82,A,0.6924908222427512,0.02550458253062445,0.28200459522662585,2,15,fold_3,fold,3
82,C,0.9294894372210608,0.007719905712842786,0.06279065706609493,2,15,fold_3,fold,3
83,A,0.6878664848345346,0.025071138503480198,0.2870623766619857,2,15,fold_3,fold,3
83,C,0.9278440571216816,0.007812051210194835,0.06434389166812353,2,15,fold_3,fold,3
84,A,0.6833416814809582,0.024626045282668586,0.29203227323637304,2,15,fold_3,fold,3
84,C,0.9261828846071182,0.007901797755272357,0.06591531763760936,2,15,fold_3,fold,3
85,A,0.6789167147970544,0.024171144906713456,0.2969121402962319,2,15,fold_3,fold,3
85,C,0.924506540742058,0.007989016960476816,0.06750444229746438,2,15,fold_3,fold,3
86,A,0.6745915886141677,0.023708215981426712,0.3017001954044062,2,15,fold_3,fold,3
86,C,0.9228156689305176,0.008073583478048317,0.06911074759143368,2,15,fold_3,fold,3
87,A,0.6703660300124504,0.023238965204676734,0.30639500478287296,2,15,fold_3,fold,3
87,C,0.9211109339399809,0.008155375334405092,0.07073369072561594,2,15,fold_3,fold,3
88,A,0.6662395115256776,0.022765020275032518,0.3109954681992897,2,15,fold_3,fold,3
88,C,0.9193930208671133,0.0082342742567871,0.07237270487610051,2,15,fold_3,fold,3
89,A,0.6622112732904506,0.02228792413948317,0.31550080257006624,2,15,fold_3,fold,3
89,C,0.9176626340477511,0.008310165991170411,0.07402719996107772,2,15,fold_3,fold,3
90,A,0.658280344898854,0.021809130555872462,0.3199105245452731,2,15,fold_3,fold,3
90,C,0.9159204959140299,0.008382940610400383,0.07569656347557085,2,15,fold_3,fold,3
91,A,0.654445566819915,0.021330000853116093,0.32422443232696907,2,15,fold_3,fold,3
91,C,0.9141673458018086,0.0084524928114651909,0.07738016138672717,2,15,fold_3,fold,3
92,A,0.6507056112120271,0.02085180183209732,0.3284425869558754,2,15,fold_3,fold,3
92,C,0.912403938711787,0.00851872220082553,0.0790773390873883,2,15,fold_3,fold,3
93,A,0.6470590019942415,0.02037570472097908,0.3325652932847799,2,15,fold_3,fold,3
93,C,0.91063104402786,0.008581533566700075,0.08078742240543993,2,15,fold_3,fold,3
94,A,0.6435041340678697,0.01990278509188916,0.3365930808402411,2,15,fold_3,fold,3
94,C,0.9088494441965685,0.00864083713720878,0.0825097186662232,2,15,fold_3,fold,3
95,A,0.6400392916069543,0.019434023637671077,0.3405266847553737,2,15,fold_3,fold,3
95,C,0.9070599333716487,0.008696548823283735,0.08424351780506824,2,15,fold_3,fold,3
96,A,0.636662665355232,0.018970307708754682,0.3443670269360122,2,15,fold_3,fold,3
96,C,0.9052633160279224,0.008748590445277976,0.08598809352679847,2,15,fold_3,fold,3
97,A,0.633372368883854,0.018512433513825713,0.34811519760232007,2,15,fold_3,fold,3
97,C,0.9034604055489299,0.00879688994223051,0.08774270450884106,2,15,fold_3,fold,3
98,A,0.630166453780704,0.018061108890452038,0.351772437328844,2,15,fold_3,fold,3
98,C,0.9016520227928438,0.008841381562788842,0.08950659564436757,2,15,fold_3,fold,3
99,A,0.6270429237576232,0.017616956554469616,0.35534011968790685,2,15,fold_3,fold,3
99,C,0.8998389946414422,0.008882006036845412,0.09127899932171073,2,15,fold_3,fold,3
100,A,0.6239997476751646,0.01718051774131524,0.35881973458351973,2,15,fold_3,fold,3
100,C,0.8980221525368871,0.008918710727010424,0.09305913673610401,2,15,fold_3,fold,3
101,A,0.6210348714957362,0.01675225615821039,0.3622128723460532,2,15,fold_3,fold,3
101,C,0.8962023310112459,0.008951449759122827,0.09484621922963098,2,15,fold_3,fold,3
102,A,0.6181462291857046,0.01633256217216396,0.3655212086421313,2,15,fold_3,fold,3
102,C,0.8943803662137867,0.008980184131090611,0.09663944965512306,2,15,fold_3,fold,3
103,A,0.6153317525951214,0.01592175716501929,0.36874649023985856,2,15,fold_3,fold,3
103,C,0.8925570944409414,0.009004881799452287,0.09843802375960554,2,15,fold_3,fold,3
104,A,0.6125893803501195,0.015520097993380654,0.3718905216564995,2,15,fold_3,fold,3
104,C,0.8907333506740535,0.009025517743161056,0.1002411315827854,2,15,fold_3,fold,3
105,A,0.6099170657980941,0.015127781497949556,0.3749551527039566,2,15,fold_3,fold,3
105,C,0.8889099671298021,0.009042074004212163,0.10204795886598587,2,15,fold_3,fold,3
106,A,0.6073127840499125,0.014744949013155904,0.37794226693693084,2,15,fold_3,fold,3
106,C,0.8870877718282748,0.00905453970485831,0.10385768846686745,2,15,fold_3,fold,3
107,A,0.6047745381666159,0.014371690833995126,0.38085377099938994,2,15,fold_3,fold,3
107,C,0.8852675871834684,0.009062911041290018,0.10566950177524201,2,15,fold_3,fold,3
108,A,0.6023003645400455,0.014008050602980184,0.38369158485697435,2,15,fold_3,fold,3
108,C,0.8834502286209375,0.009067191253795622,0.10748258012526574,2,15,fold_3,fold,3
109,A,0.599888337517263,0.013654029586524466,0.38645763289621266,2,15,fold_3,fold,3
109,C,0.8816365032270644,0.009067390573604546,0.10929610619933106,2,15,fold_3,fold,3
110,A,0.5975365733228645,0.013309590811680677,0.38915383586545454,2,15,fold_3,fold,3
110,C,0.8798272084345861,0.00906352614642324,0.1111092654189918,2,15,fold_3,fold,3
111,A,0.5952432333257114,0.01297466304645139,0.39178210362783805,2,15,fold_3,fold,3
111,C,0.8780231307481563,0.009055621933502494,0.1129212473183401,2,15,fold_3,fold,3
112,A,0.5930065267023397,0.012649144604713601,0.39434432869294656,2,15,fold_3,fold,3
112,C,0.8762250445140413,0.009043708590588301,0.11473124689537094,2,15,fold_3,fold,3
113,A,0.5908247125465534,0.012332906962623154,0.3968423804908227,2,15,fold_3,fold,3
113,C,0.8744337107376035,0.0090278233254189,0.11653846593697763,2,15,fold_3,fold,3
114,A,0.5886961014731847,0.012025798177165245,0.3992781003496492,2,15,fold_3,fold,3
114,C,0.8726498759520548,0.009008009734569255,0.11834211431337567,2,15,fold_3,fold,3
115,A,0.5866190567618836,0.011727646101256005,0.40165329713686027,2,15,fold_3,fold,3
115,C,0.8708742711414823,0.008984317620610869,0.12014141123790757,2,15,fold_3,fold,3
116,A,0.5845919950849997,0.01143826139237625,0.4039697435226244,2,15,fold_3,fold,3
116,C,0.8691076107209622,0.008956802790642577,0.12193558648839423,2,15,fold_3,fold,3
117,A,0.5826133868618273,0.011157440313872335,0.4062291728242999,2,15,fold_3,fold,3
117,C,0.8673505915762552,0.008925526837320537,0.12372388158642504,2,15,fold_3,fold,3
118,A,0.5806817562792931,0.010884967330173504,0.4084332763905337,2,15,fold_3,fold,3
118,C,0.8656038921651968,0.008890556903603394,0.12550555093119986,2,15,fold_3,fold,3
119,A,0.5787956810168454,0.010620617499100819,0.41058370148405343,2,15,fold_3,fold,3
119,C,0.8638681716826656,0.008851965432521265,0.12727986288481138,2,15,fold_3,fold,3
120,A,0.5769537917110023,0.010364158665980306,0.4126820496230165,2,15,fold_3,fold,3
120,C,0.8621440692905612,0.008809829903351057,0.1290461008060866,2,15,fold_3,fold,3
121,A,0.5751547711927061,0.010115353465466468,0.4147298753418268,2,15,fold_3,fold,3
121,C,0.8604322034139346,0.008764232555634244,0.13080356403043147,2,15,fold_3,fold,3
122,A,0.5733973535283752,0.009873961137969131,0.41672868533365687,2,15,fold_3,fold,3
122,C,0.8587331711041066,0.008715260102513204,0.13255156879337884,2,15,fold_3,fold,3
123,A,0.5716803228932567,0.009639739168384016,0.41867993793835884,2,15,fold_3,fold,3
123,C,0.8570475474692385,0.008663003434893195,0.13428944909586782,2,15,fold_3,fold,3
124,A,0.5700025123035234,0.009412444755427306,0.42058504294104926,2,15,fold_3,fold,3
124,C,0.8553758851724825,0.008607557317957794,0.13601655750955974,2,15,fold_3,fold,3
125,A,0.5683628022313879,0.009191836120284385,0.4224453616483277,2,15,fold_3,fold,3
125,C,0.8537187139976019,0.00854902008157441,0.13773226592082408,2,15,fold_3,fold,3
126,A,0.5667601191255158,0.008977673663565066,0.424262207210918,2,15,fold_3,fold,3
126,C,0.8520765404815566,0.00848749330612155,0.13943596621232207,2,15,fold_3,fold,3
127,A,0.5651934338569788,0.008769720979730765,0.42603684516329066,2,15,fold_3,fold,3
127,C,0.850449847613326,0.0084230815052526,0.14112707088142198,2,15,fold_3,fold,3
128,A,0.5636617601090878,0.008567745738230182,0.4277704941526828,2,15,fold_3,fold,3
128,C,0.8488390945979276,0.008355891807085122,0.14280501359498715,2,15,fold_3,fold,3
129,A,0.5621641527274589,0.00837152044072992,0.42946432683181107,2,15,fold_3,fold,3
129,C,0.847244716684368,0.00828603363526586,0.14446924968036567,2,15,fold_3,fold,3
130,A,0.5606997060464467,0.008180823062276727,0.43111947089127745,2,15,fold_3,fold,3
130,C,0.8456671250559841,0.008213618391319885,0.14611925655269714,2,15,fold_3,fold,3
131,A,0.5592675522034196,0.007995437587053273,0.43273701020952765,2,15,fold_3,fold,3
131,C,0.8441067067814291,0.008138759139637877,0.14775453407893216,2,15,fold_3,fold,3
132,A,0.5578668594535899,0.007815154446392582,0.43431798610001654,2,15,fold_3,fold,3
132,C,0.8425638248243943,0.008061570296383826,0.1493746048792216,2,15,fold_3,fold,3
133,A,0.5564968304958343,0.00763977086726246,0.43586339863690254,2,15,fold_3,fold,3
133,C,0.8410388181098802,0.007982167323542795,0.15097901456657742,2,15,fold_3,fold,3
134,A,0.5551567008186681,0.007469091139161663,0.43737420804216953,2,15,fold_3,fold,3
134,C,0.8395320016447851,0.007900666429255684,0.1525673319259589,2,15,fold_3,fold,3
135,A,0.5538457370741623,0.007302926807218715,0.4388513361186188,2,15,fold_3,fold,3
135,C,0.838043666690351,0.007817184275505934,0.15413914903414092,2,15,fold_3,fold,3
136,A,0.5525632354864769,0.007141096798820722,0.4402956677147028,2,15,fold_3,fold,3
136,C,0.8365740809839264,0.007731837694138047,0.1556940813219366,2,15,fold_3,fold,3
137,A,0.551308520300792,0.006983427490604066,0.4417080522086043,2,15,fold_3,fold,3
137,C,0.8351234890073679,0.007644743412100395,0.15723176758053295,2,15,fold_3,fold,3
138,A,0.5500809422774531,0.006829752722244701,0.44308930500030125,2,15,fold_3,fold,3
138,C,0.8336921122994169,0.007556017786716691,0.15875186991386672,2,15,fold_3,fold,3
139,A,0.5488798772352761,0.006679913763140139,0.44444020900158426,2,15,fold_3,fold,3
139,C,0.832280149809186,0.007465776551699669,0.16025407363911515,2,15,fold_3,fold,3
140,A,0.5477047246471203,0.006533759237706055,0.4457615161151737,2,15,fold_3,fold,3
140,C,0.8308877782879514,0.007374134574530745,0.16173808713751747,2,15,fold_3,fold,3
141,A,0.5465549062901747,0.00639114501461546,0.44705394869520954,2,15,fold_3,fold,3
141,C,0.8295151527164059,0.007281205625737821,0.1632036416578554,2,15,fold_3,fold,3
142,A,0.5454298649526929,0.006251934064918496,0.44831820098238845,2,15,fold_3,fold,3
142,C,0.82816240676447,0.007187102160514667,0.16465049107501445,2,15,fold_3,fold,3
143,A,0.5443290631983861,0.006115996293609938,0.44955494050800426,2,15,fold_3,fold,3
143,C,0.8268296532808278,0.0070919351130377135,0.16607841160613435,2,15,fold_3,fold,3
144,A,0.543251982189148,0.005983208348853339,0.4507648094619984,2,15,fold_3,fold,3
144,C,0.8255169848093311,0.006995813703751685,0.1674872014869173,2,15,fold_3,fold,3
145,A,0.5421981205663248,0.005853453412725453,0.45194842602095,2,15,fold_3,fold,3
145,C,0.824224474129482,0.006898845259812355,0.16887668061070477,2,15,fold_3,fold,3
146,A,0.5411669933903305,0.005726620977014743,0.45310638563265543,2,15,fold_3,fold,3
146,C,0.8229521748182331,0.0068011350487974225,0.1702466901329699,2,15,fold_3,fold,3
147,A,0.5401581311380562,0.0056026066072929195,0.4542392622546507,2,15,fold_3,fold,3
147,C,0.8217001218303994,0.006702786125720542,0.17159709204388152,2,15,fold_3,fold,3
148,A,0.5391710787572058,0.005481311698174518,0.4553476095446199,2,15,fold_3,fold,3
148,C,0.8204683320950895,0.0066038991933122584,0.17292776871159818,2,15,fold_3,fold,3
149,A,0.5382053947764313,0.005362643222379427,0.45643196200119035,2,15,fold_3,fold,3
149,C,0.8192568051256206,0.00650457247544225,0.17423862239893792,2,15,fold_3,fold,3
150,A,0.5372606504698707,0.0052465134760008286,0.4574928360541277,2,15,fold_3,fold,3
150,C,0.8180655236403147,0.0064049016036438885,0.17552957475604092,2,15,fold_3,fold,3
151,A,0.5363364290746059,0.005132839822017868,0.4585307311033765,2,15,fold_3,fold,3
151,C,0.816894454192052,0.006304979516333401,0.1768005662916138,2,15,fold_3,fold,3
152,A,0.5354323250592746,0.005021544433943371,0.45954613050678256,2,15,fold_3,fold,3
152,C,0.8157435478041756,0.006204896370548329,0.17805155582527546,2,15,fold_3,fold,3
153,A,0.5345479434420428,0.0049125540412518895,0.4605395025167051,2,15,fold_3,fold,3
153,C,0.8146127406106232,0.006104739465900575,0.17928251992347682,2,15,fold_3,fold,3
154,A,0.5336828991559682,0.0048057996780243835,0.46151130116600736,2,15,fold_3,fold,3
154,C,0.8135019544982094,0.006004593180388992,0.18049345232140165,2,15,fold_3,fold,3
155,A,0.5328368164597493,0.004701216436045556,0.4624619671042057,2,15,fold_3,fold,3
155,C,0.8124110977491595,0.005904538917658317,0.18168436333318141,2,15,fold_3,fold,3
156,A,0.5320093283918177,0.004598743223414479,0.46339192838476706,2,15,fold_3,fold,3
156,C,0.8113400656820559,0.005804655065270179,0.18285527925267395,2,15,fold_3,fold,3
157,A,0.5312000762656621,0.004498322529568145,0.46430160120476954,2,15,fold_3,fold,3
157,C,0.8102887412895048,0.005705016963539129,0.18400624174695632,2,15,fold_3,fold,3
158,A,0.5304087092042752,0.0043999001974674695,0.4651913905982573,2,15,fold_3,fold,3
158,C,0.8092569958709278,0.005605696884464708,0.18513730724460742,2,15,fold_3,fold,3
159,A,0.5296348837116318,0.004303425203556932,0.466061691084812,2,15,fold_3,fold,3
159,C,0.8082446896589922,0.005506764020265977,0.18624854632074087,2,15,fold_3,fold,3
160,A,0.5288782632790904,0.004208849445983813,0.46691288727492625,2,15,fold_3,fold,3
160,C,0.8072516724383269,0.005408284481008417,0.1873400430806648,2,15,fold_3,fold,3
161,A,0.5281385180246614,0.004116127541450203,0.4677453544338889,2,15,fold_3,fold,3
161,C,0.8062777841552645,0.005310321300804678,0.18841189454393162,2,15,fold_3,fold,3
162,A,0.5274153243631142,0.004025216630968666,0.4685594590059167,2,15,fold_3,fold,3
162,C,0.8053228555174877,0.005212934452067211,0.18946421003044492,2,15,fold_3,fold,3
163,A,0.5267083647049471,0.003936076194700196,0.4693555591003529,2,15,fold_3,fold,3
163,C,0.8043867085825349,0.00511618086728765,0.1904971105501762,2,15,fold_3,fold,3
164,A,0.5260173271822876,0.003848667875971796,0.47013400494174007,2,15,fold_3,fold,3
164,C,0.8034691573342365,0.005020114467817991,0.19151072819794554,2,15,fold_3,fold,3
165,A,0.5253419053998728,0.003762955314498864,0.4708951392856285,2,15,fold_3,fold,3
165,C,0.8025700082462524,0.00492478619913116,0.1925052055546167,2,15,fold_3,fold,3
166,A,0.5246817982092908,0.0036789039887737546,0.47163929780193586,2,15,fold_3,fold,3
166,C,0.8016890608320054,0.004830244072045317,0.19348069509594815,2,15,fold_3,fold,3
167,A,0.5240367095047729,0.0035964810675254725,0.47236680942770143,2,15,fold_3,fold,3
167,C,0.8008261081803498,0.00473653320940482,0.19443735861024516,2,15,fold_3,fold,3
168,A,0.5234063480388692,0.0035156552701059904,0.47307799669102435,2,15,fold_3,fold,3
168,C,0.7999809374764296,0.0046436958977212625,0.19537536662584837,2,15,fold_3,fold,3
169,A,0.5227904272564343,0.003436396735607753,0.473773176007957,2,15,fold_3,fold,3
169,C,0.7991533305073011,0.004551771643287247,0.19629489784940998,2,15,fold_3,fold,3
170,A,0.5221886651453744,0.00335867690054522,0.47445265795408004,2,15,fold_3,fold,3
170,C,0.7983430641518868,0.0044607972323135285,0.19719613861580026,2,15,fold_3,fold,3
171,A,0.5216007841027863,0.003282468384770925,0.47511674751244326,2,15,fold_3,fold,3
171,C,0.7975499108549966,0.004370806794602916,0.1980792823504004,2,15,fold_3,fold,3
172,A,0.5210265108151144,0.0032077448853919427,0.47576574429949275,2,15,fold_3,fold,3
172,C,0.7967736390852014,0.004281831870341944,0.19894452904445678,2,15,fold_3,fold,3
173,A,0.5204655761510381,0.003134481078397588,0.4763999427705646,2,15,fold_3,fold,3
173,C,0.7960140137763456,0.0041939014795927924,0.19979208474406174,2,15,fold_3,fold,3
174,A,0.5199177150658715,0.003062652527692084,0.4770196324064364,2,15,fold_3,fold,3
174,C,0.795270796752641,0.004107042194085403,0.20062216105327324,2,15,fold_3,fold,3
175,A,0.5193826665163821,0.0029922356012060504,0.47762509788241175,2,15,fold_3,fold,3
175,C,0.7945437471372816,0.004021278210925134,0.2014349746517924,2,15,fold_3,fold,3
176,A,0.5188601733849445,0.0029232073937568957,0.47821661922129916,2,15,fold_3,fold,3
176,C,0.793832621744608,0.0039366314278531465,0.20223074682753903,2,15,fold_3,fold,3
177,A,0.518349982412059,0.0028555456563286634,0.47879447193161195,2,15,fold_3,fold,3
177,C,0.7931371754558713,0.0038531215197193857,0.2030097030244098,2,15,fold_3,fold,3
178,A,0.5178518441363134,0.002789228731440445,0.4793589271322464,2,15,fold_3,fold,3
178,C,0.7924571615787281,0.0037707660158479523,0.2037720724054242,2,15,fold_3,fold,3
179,A,0.5173655128409286,0.002724235494271352,0.4799102516647998,2,15,fold_3,fold,3
179,C,0.7917923321905982,0.003689580377993137,0.20451808743140792,2,15,fold_3,fold,3
180,A,0.516890746506112,0.0026605452992120846,0.4804487081946761,2,15,fold_3,fold,3
180,C,0.7911424384660924,0.0036095780786042854,0.20524798345530237,2,15,fold_3,fold,3
181,A,0.5164273067664746,0.0025981379315182305,0.4809745553020067,2,15,fold_3,fold,3
181,C,0.7905072309887274,0.0035307706791372754,0.2059619983321356,2,15,fold_3,fold,3
182,A,0.5159749588728574,0.0025369935637471436,0.4814880475633951,2,15,fold_3,fold,3
182,C,0.78988646004719,0.003453167908170332,0.2066603720446396,2,15,fold_3,fold,3
183,A,0.5155334716579411,0.002477092716667891,0.4819894356253915,2,15,fold_3,fold,3
183,C,0.7892798759164429,0.0033767777391009814,0.20734334634445611,2,15,fold_3,fold,3
184,A,0.5151026175050789,0.0024184162243426487,0.4824789662705785,2,15,fold_3,fold,3
184,C,0.7886872291239659,0.0033016064672185246,0.2080111644088165,2,15,fold_3,fold,3
185,A,0.5146821723198478,0.002360945203087692,0.4829568824770646,2,15,fold_3,fold,3
185,C,0.7881082707014714,0.003227658785964948,0.20866407051256233,2,15,fold_3,fold,3
186,A,0.5142719155038368,0.0023046610240323503,0.48342342347213024,2,15,fold_3,fold,3
186,C,0.7875427524224647,0.003154937862213967,0.2093023097153236,2,15,fold_3,fold,3
187,A,0.5138716299302648,0.0022495452890053083,0.48387882478073024,2,15,fold_3,fold,3
187,C,0.7869904270259521,0.0030834454104146504,0.20992612756363474,2,15,fold_3,fold,3
188,A,0.5134811019210376,0.0021955798094889113,0.48432331826947317,2,15,fold_3,fold,3
188,C,0.7864510484267733,0.003013181765462379,0.21053576980776406,2,15,fold_3,fold,3
189,A,0.5131001212249133,0.0021427465883932535,0.4847571321866937,2,15,fold_3,fold,3
189,C,0.7859243719128512,0.0029441459541769696,0.2111314821329727,2,15,fold_3,fold,3
190,A,0.5127284809964556,0.0020910278044202176,0.48518049119912415,2,15,fold_3,fold,3
190,C,0.7854101543298107,0.0028763357652678845,0.21171350990492116,2,15,fold_3,fold,3
191,A,0.5123659777755202,0.0020404057987852913,0.48559361642569443,2,15,fold_3,fold,3
191,C,0.7849081542533746,0.002809747817710836,0.21228209792891362,2,15,fold_3,fold,3
192,A,0.5120124114670255,0.001990863064090237,0.48599672546888417,2,15,fold_3,fold,3
192,C,0.7844181321499053,0.0027443776274452005,0.21283749022264922,2,15,fold_3,fold,3
193,A,0.5116675853208005,0.0019423822351475057,0.4863900324440523,2,15,fold_3,fold,3
193,C,0.7839398505255397,0.0026802196723221872,0.21337992980213868,2,15,fold_3,fold,3
194,A,0.5113313059113204,0.0018949460815687095,0.48677374800711093,2,15,fold_3,fold,3
194,C,0.7834730740643219,0.002617267455245779,0.2139096584804312,2,15,fold_3,fold,3
195,A,0.5110033831171833,0.001848537501940009,0.48714807938087606,2,15,fold_3,fold,3
195,C,0.783017569755752,0.0025555135654613866,0.21442691667878586,2,15,fold_3,fold,3
196,A,0.5106836301001783,0.001803139519418928,0.48751323038040295,2,15,fold_3,fold,3
196,C,0.7825731070121331,0.0024949497379563087,0.2149319432499121,2,15,fold_3,fold,3
197,A,0.5103718632838398,0.0017587352785986006,0.487869401437562,2,15,fold_3,fold,3
197,C,0.7821394577761599,0.00243556691094389,0.21542497531289587,2,15,fold_3,fold,3
198,A,0.5100679023313932,0.0017153080434960974,0.4882167896251115,2,15,fold_3,fold,3
198,C,0.7817163966191523,0.002377355281412029,0.21590624809943504,2,15,fold_3,fold,3
199,A,0.5097715701230057,0.0016728411965312735,0.4885555886804623,2,15,fold_3,fold,3
199,C,0.7813037008302892,0.00232030435872504,0.2163759948109866,2,15,fold_3,fold,3
200,A,0.5094826927322952,0.0016313182383724755,0.48888598902933256,2,15,fold_3,fold,3
200,C,0.7809011504972866,0.0022644030162757268,0.21683444648643704,2,15,fold_3,fold,3
201,A,0.509201099402025,0.0015907227885346542,0.48920817780944004,2,15,fold_3,fold,3
201,C,0.780508528578895,0.0022096395411909933,0.21728183187991454,2,15,fold_3,fold,3
202,A,0.5089266225189829,0.0015510385866245738,0.4895223388943922,2,15,fold_3,fold,3
202,C,0.7801256209695577,0.0021560016821001353,0.21771837734834162,2,15,fold_3,fold,3
203,A,0.5086590975879924,0.001512249494136286,0.48982865291787137,2,15,fold_3,fold,3
203,C,0.7797522165566645,0.002103476694980619,0.21814430674835428,2,15,fold_3,fold,3
204,A,0.5083983632050593,0.0014743394967081437,0.49012729729823307,2,15,fold_3,fold,3
204,C,0.779388107270702,0.002052051387101156,0.218559841342198,2,15,fold_3,fold,3
205,A,0.5081442610296478,0.0014372927067602976,0.49041844626359066,2,15,fold_3,fold,3
205,C,0.779033088128697,0.002001712159086469,0.2189651997122185,2,15,fold_3,fold,3
206,A,0.5078966357560946,0.00140109336643886,0.4907022708774661,2,15,fold_3,fold,3
206,C,0.7786869572712763,0.001952445045132148,0.21936059768359156,2,15,fold_3,fold,3
207,A,0.5076553350841556,0.0013657258507996713,0.4909789390650442,2,15,fold_3,fold,3
207,C,0.7783495159936943,0.0019042357514014567,0.21974624825490438,2,15,fold_3,fold,3
208,A,0.5074202096887366,0.0013311746711711435,0.49124861564009276,2,15,fold_3,fold,3
208,C,0.7780205687711231,0.0018570696926391592,0.22012236153623727,2,15,fold_3,fold,3
209,A,0.5071911131887967,0.0012974244786418299,0.49151146233256143,2,15,fold_3,fold,3
209,C,0.777699923278559,0.0018109320270414378,0.22048914469439956,2,15,fold_3,fold,3
210,A,0.5069679021154866,0.0012644600676225374,0.4917676378168912,2,15,fold_3,fold,3
210,C,0.7773873904056248,0.0017658076894154467,0.2208468019049625,2,15,fold_3,fold,3
211,A,0.5067504358795218,0.0012322663794411101,0.4920172977410364,2,15,fold_3,fold,3
211,C,0.7770827842665627,0.0017216814226805215,0.22119553431075603,2,15,fold_3,fold,3
212,A,0.506538576737861,0.0012008285059301722,0.4922605947562095,2,15,fold_3,fold,3
212,C,0.7767859222057363,0.001678537807749799,0.2215355399865126,2,15,fold_3,fold,3
213,A,0.5063321897596931,0.0011701316929734417,0.49249767854733384,2,15,fold_3,fold,3
213,C,0.7764966247988483,0.0016363612918364313,0.22186701390931582,2,15,fold_3,fold,3
214,A,0.5061311427918129,0.0011401613439804652,0.4927286958642065,2,15,fold_3,fold,3
214,C,0.7762147158502027,0.0015951362152305053,0.2221901479345659,2,15,fold_3,fold,3
215,A,0.5059353064233941,0.0011109030232637365,0.4929537905533419,2,15,fold_3,fold,3
215,C,0.7759400223862547,0.0015548468365945646,0.22250513077715076,2,15,fold_3,fold,3
216,A,0.5057445539502258,0.0010823424592955988,0.4931731035904793,2,15,fold_3,fold,3
216,C,0.7756723746456486,0.0015154773568255926,0.22281214799752566,2,15,fold_3,fold,3
217,A,0.5055587613384459,0.0010544655478255986,0.49338677311372875,2,15,fold_3,fold,3
217,C,0.7754116060660344,0.0014770119415309089,0.2231113819924352,2,15,fold_3,fold,3
218,A,0.5053778071878295,0.001027258354841872,0.49359493445732733,2,15,fold_3,fold,3
218,C,0.7751575532678472,0.0014394347421656584,0.22340301198998724,2,15,fold_3,fold,3
219,A,0.5052015726946685,0.0010007071193630335,0.4937977201859689,2,15,fold_3,fold,3
219,C,0.7749100560352897,0.0014027299158797819,0.2236872140488309,2,15,fold_3,fold,3
220,A,0.5050299416142808,9.747982560494749e-4,0.49399526012967027,2,15,fold_3,fold,3
220,C,0.7746689572947029,0.0013668816441223912,0.22396416106117528,2,15,fold_3,fold,3
221,A,0.5048628002232244,9.495183576253772e-4,0.49418768141915,2,15,fold_3,fold,3
221,C,0.7744341030905421,0.001331874150051034,0.22423402275940885,2,15,fold_3,fold,3
222,A,0.5047000372812298,9.248541971047058e-4,0.4943751085216651,2,15,fold_3,fold,3
222,C,0.7742053425591207,0.0012976917147926857,0.22449696572608693,2,15,fold_3,fold,3
223,A,0.5045415439929083,9.007927298163523e-4,0.4945576632772749,2,15,fold_3,fold,3
223,C,0.773982527900336,0.001264318692602821,0.2247531534070605,2,15,fold_3,fold,3
224,A,0.5043872139692858,8.773210952253166e-4,0.4947354649354894,2,15,fold_3,fold,3
224,C,0.7737655143475041,0.0012317395249680924,0.22500274612752744,2,15,fold_3,fold,3
225,A,0.5042369431891918,8.544266185482583e-4,0.49490863019226006,2,15,fold_3,fold,3
225,C,0.7735541601354968,0.0011999387536976635,0.2252459011108048,2,15,fold_3,fold,3
226,A,0.5040906299605586,8.32096812163172e-4,0.495077273227279,2,15,fold_3,fold,3
226,C,0.7733483264673304,0.0011689010330470703,0.2254827724996226,2,15,fold_3,fold,3
227,A,0.5039481748816563,8.103193768140683e-4,0.49524150574152886,2,15,fold_3,fold,3
227,C,0.7731478774793341,0.0011386111409177721,0.2257135113797465,2,15,fold_3,fold,3
228,A,0.5038094808023201,7.89082202612648e-4,0.49540143699506695,2,15,fold_3,fold,3
228,C,0.7729526802050698,0.0011090539891744674,0.2259382658057556,2,15,fold_3,fold,3
229,A,0.5036744527851854,7.683733698399667e-4,0.49555717384497416,2,15,fold_3,fold,3
229,C,0.7727626045380863,0.0010802146331214985,0.2261571808287926,2,15,fold_3,fold,3
230,A,0.5035429980669898,7.481811495512765e-4,0.49570882078345907,2,15,fold_3,fold,3
230,C,0.7725775231936874,0.0010520782801768133,0.22637039852613508,2,15,fold_3,fold,3
231,A,0.5034150260199569,7.284940039892143e-4,0.49585647997605314,2,15,fold_3,fold,3
231,C,0.7723973116697936,0.0010246302977847807,0.22657805803242184,2,15,fold_3,fold,3
232,A,0.5032904481133121,7.093005868099602e-4,0.49600025129987835,2,15,fold_3,fold,3
232,C,0.7722218482070091,9.97856220604336e-4,0.2267802955723876,2,15,fold_3,fold,3
233,A,0.5031691778749426,6.905897431278107e-4,0.49614023238192984,2,15,fold_3,fold,3
233,C,0.7720510137480245,9.717417570088743e-4,0.22697724449496637,2,15,fold_3,fold,3
234,A,0.5030511308532502,6.723505093841046e-4,0.49627651863736577,2,15,fold_3,fold,3
234,C,0.7718846918964336,0.00094627279493333515,0.22716903530863272,2,15,fold_3,fold,3
235,A,0.5029362245792123,6.54572113046802e-4,0.4964092033077406,2,15,fold_3,fold,3
235,C,0.7717227688750541,9.214354071029065e-4,0.22735579571784362,2,15,fold_3,fold,3
236,A,0.5028243785286851,6.372439721473362e-4,0.49653837749916757,2,15,fold_3,fold,3
236,C,0.7715651334838516,8.972158556766025e-4,0.22753765066047188,2,15,fold_3,fold,3
237,A,0.5027155140849665,6.203556946614432e-4,0.49666413022037265,2,15,fold_3,fold,3
237,C,0.7714116770575504,8.73600596337514e-4,0.2277147223461117,2,15,fold_3,fold,3
238,A,0.5026095545016525,6.038970777408985e-4,0.496786548420607,2,15,fold_3,fold,3
238,C,0.7712622934229919,8.505762818603708e-4,0.22788713029514623,2,15,fold_3,fold,3
239,A,0.5025064248658005,5.878581068031541e-4,0.49690571702739733,2,15,fold_3,fold,3
239,C,0.7711168788563292,8.281297651860361e-4,0.22805499137848426,2,15,fold_3,fold,3
240,A,0.5024060520614215,5.72228954485985e-4,0.497021718984092,2,15,fold_3,fold,3
240,C,0.7709753320401088,8.062481020314176e-4,0.228218419857861,2,15,fold_3,fold,3
241,A,0.5023083647333312,5.56999979474257e-4,0.4971346352871955,2,15,fold_3,fold,3
241,C,0.7708375540203225,7.849185530621471e-4,0.2283775274266134,2,15,fold_3,fold,3
242,A,0.5022132932513512,5.421617252058752e-4,0.49724454502344245,2,15,fold_3,fold,3
242,C,0.7707034481634846,7.641285856542416e-4,0.22853242325086245,2,15,fold_3,fold,3
243,A,0.5021207696749166,5.277049184639895e-4,0.4973515254066195,2,15,fold_3,fold,3
243,C,0.7705729201137426,7.438658752698285e-4,0.22868321401098754,2,15,fold_3,fold,3
244,A,0.5020307277180636,5.136204678623767e-4,0.4974556518140747,2,15,fold_3,fold,3
244,C,0.7704458777501693,7.241183064710748e-4,0.22883000394335937,2,15,fold_3,fold,3
245,A,0.5019431027148399,4.998994622308886e-4,0.4975569978229288,2,15,fold_3,fold,3
245,C,0.7703222311441764,7.04873973595286e-4,0.22897289488223055,2,15,fold_3,fold,3
246,A,0.5018578315851411,4.8653316890768654e-4,0.4976556352459512,2,15,fold_3,fold,3
246,C,0.7702018925171585,6.861211811132412e-4,0.22911198630172716,2,15,fold_3,fold,3
247,A,0.5017748528009772,4.7351303194486245e-4,0.49775163416707857,2,15,fold_3,fold,3
247,C,0.770084776198412,6.678484436917863e-4,0.229247375357896,2,15,fold_3,fold,3
248,A,0.5016941063531924,4.608306702338911e-4,0.4978450629765738,2,15,fold_3,fold,3
248,C,0.7699707985833016,6.500444859807031e-4,0.22937915693071692,2,15,fold_3,fold,3
249,A,0.5016155337186414,4.4847787555718233e-4,0.497935988405801,2,15,fold_3,fold,3
249,C,0.7698598780917947,6.326982421430875e-4,0.22950742366606242,2,15,fold_3,fold,3
250,A,0.5015390778278259,4.364466105717805e-4,0.4980244755616031,2,15,fold_3,fold,3
250,C,0.7697519351273215,6.15798855147217e-4,0.22963226601753145,2,15,fold_3,fold,3
251,A,0.5014646830330024,4.247290067311779e-4,0.4981105879602666,2,15,fold_3,fold,3
251,C,0.7696468920360405,5.993356758375684e-4,0.22975377228812174,2,15,fold_3,fold,3
252,A,0.5013922950767752,4.133173621509083e-4,0.49819438756107365,2,15,fold_3,fold,3
252,C,0.7695446730665032,5.832982618013352e-4,0.2298720286716945,2,15,fold_3,fold,3
253,A,0.5013218610611635,4.022041394234099e-4,0.49827593479941285,2,15,fold_3,fold,3
253,C,0.7694452043297599,5.676763760460705e-4,0.22998711929419455,2,15,fold_3,fold,3
254,A,0.5012533294171594,3.9138196338746057e-4,0.49835528861945394,2,15,fold_3,fold,3
254,C,0.7693484137599117,5.524599855033372e-4,0.23009912625458584,2,15,fold_3,fold,3
255,A,0.5011866498747742,3.8084361885726764e-4,0.4984325065063681,2,15,fold_3,fold,3
255,C,0.7692542310751543,5.376392593725279e-4,0.23020812966547458,2,15,fold_3,fold,3
256,A,0.5011217734335852,3.7058204831610003e-4,0.4985076445180981,2,15,fold_3,fold,3
256,C,0.7691625877392967,5.232045673182185e-4,0.23031420769338426,2,15,fold_3,fold,3
257,A,0.5010586523337667,3.605903495791181e-4,0.49858075731665413,2,15,fold_3,fold,3
257,C,0.7690734169238072,5.091464775337245e-4,0.23041743659865946,2,15,fold_3,fold,3
258,A,0.5009972400276258,3.5086177342986437e-4,0.49865189819894523,2,15,fold_3,fold,3
258,C,0.768986653470354,4.954557546828251e-4,0.23051789077496293,2,15,fold_3,fold,3
259,A,0.5009374911516297,3.413897212346598e-4,0.4987211191271357,2,15,fold_3,fold,3
259,C,0.768902233853909,4.821233577309935e-4,0.23061564278835917,2,15,fold_3,fold,3
260,A,0.5008793614989392,3.3216774253895667e-4,0.498788470758522,2,15,fold_3,fold,3
260,C,0.7688200961463747,4.6914043767683336e-4,0.23071076341594668,2,15,fold_3,fold,3
261,A,0.5008228079924251,3.2318953264949194e-4,0.49885400247492606,2,15,fold_3,fold,3
261,C,0.7687401799807743,4.5649833519382577e-4,0.2308033216840322,2,15,fold_3,fold,3
262,A,0.5007677886581906,3.144489302058865e-4,0.49891776241160396,2,15,fold_3,fold,3
262,C,0.7686624265159883,4.4418857819189945e-4,0.2308933849058204,2,15,fold_3,fold,3
263,A,0.5007142625995844,3.059399147451392e-4,0.49897979748567023,2,15,fold_3,fold,3
263,C,0.7685867784020789,4.3220287930781495e-4,0.23098101871861476,2,15,fold_3,fold,3
264,A,0.5006621899717022,2.976566042622908e-4,0.49904015342403524,2,15,fold_3,fold,3
264,C,0.7685131797461653,4.205331333327661e-4,0.2310662871205033,2,15,fold_3,fold,3
265,A,0.5006115319563812,2.895932527703144e-4,0.499098874790849,2,15,fold_3,fold,3
265,C,0.7684415760788851,4.0917141458517294e-4,0.23114925250653037,2,15,fold_3,fold,3
266,A,0.5005622507376761,2.8174424786215e-4,0.4991560050144621,2,15,fold_3,fold,3
266,C,0.76837191432143,3.9810997423609583e-4,0.23122997570433337,2,15,fold_3,fold,3
267,A,0.5005143094778224,2.7410410827760303e-4,0.4992115864139002,2,15,fold_3,fold,3
267,C,0.7683041427531604,3.873412375942835e-4,0.23130851600924496,2,15,fold_3,fold,3
268,A,0.500467672293673,2.666674814776461e-4,0.49926566022484914,2,15,fold_3,fold,3
268,C,0.7682382109798006,3.7685780135738694e-4,0.23138493121884185,2,15,fold_3,fold,3
269,A,0.5004223042336136,2.594291412285324e-4,0.4993182666251578,2,15,fold_3,fold,3
269,C,0.7681740699022149,3.6665243083549534e-4,0.23145927766694996,2,15,fold_3,fold,3
270,A,0.5003781712549449,2.5238398519796386e-4,0.49936944475985795,2,15,fold_3,fold,3
270,C,0.7681116716857629,3.5671805715275075e-4,0.23153161025708388,2,15,fold_3,fold,3
271,A,0.5003352402017291,2.455270325653624e-4,0.4994192327657053,2,15,fold_3,fold,3
271,C,0.7680509697302355,3.4704777443236005e-4,0.23160198249533226,2,15,fold_3,fold,3
272,A,0.5002934787831057,2.3885342164819788e-4,0.4994676677952467,2,15,fold_3,fold,3
272,C,0.7679919186403593,3.376348369700222e-4,0.23167044652267013,2,15,fold_3,fold,3
273,A,0.500252855552047,2.3235840754616397e-4,0.49951478604040694,2,15,fold_3,fold,3
273,C,0.767934474196885,3.2847265640045017e-4,0.23173705314671436,2,15,fold_3,fold,3
274,A,0.5002133398845786,2.260373598048711e-4,0.49956062275561636,2,15,fold_3,fold,3
274,C,0.767878593328233,3.1955479886129786e-4,0.23180185187290658,2,15,fold_3,fold,3
275,A,0.5001749019594339,2.1988576010057673e-4,0.49960521228046545,2,15,fold_3,fold,3
275,C,0.7678242340827127,3.1087498215853424e-4,0.23186489093512785,2,15,fold_3,fold,3
276,A,0.500137512738152,2.13899199947362e-4,0.4996485880619002,2,15,fold_3,fold,3
276,C,0.7677713556013075,3.024270729369954e-4,0.23192621732575483,2,15,fold_3,fold,3
277,A,0.5001011439456057,2.0807337842804264e-4,0.499690782675967,2,15,fold_3,fold,3
277,C,0.7677199180910024,2.942050838595593e-4,0.23198587682513988,2,15,fold_3,fold,3
278,A,0.5000657680509552,2.0240409994998592e-4,0.4997318278490953,2,15,fold_3,fold,3
278,C,0.7676698827986688,2.86203170798152e-4,0.23204391403053362,2,15,fold_3,fold,3
279,A,0.500031358249029,1.9688727202691163e-4,0.49977175447894356,2,15,fold_3,fold,3
279,C,0.7676212119855071,2.7841563003953515e-4,0.2321003723844523,2,15,fold_3,fold,3
280,A,0.49999788844210824,1.915189030876382e-4,0.4998105926548041,2,15,fold_3,fold,3
280,C,0.7675738689020127,2.7083689550857587e-4,0.23215529420247902,2,15,fold_3,fold,3
281,A,0.4999653332221248,1.8629510031263594e-4,0.4998483716775637,2,15,fold_3,fold,3
281,C,0.7675278177634758,2.634615360114913e-4,0.23220872070051374,2,15,fold_3,fold,3
282,A,0.4999336678532604,1.8121206749918068e-4,0.49988512007924035,2,15,fold_3,fold,3
282,C,0.7674830237260207,2.562842525013643e-4,0.23226069202147884,2,15,fold_3,fold,3
283,A,0.4999028682549435,1.7626610295578003e-4,0.49992086564210014,2,15,fold_3,fold,3
283,C,0.767439452863155,2.4929987536799296e-4,0.23231124726147562,2,15,fold_3,fold,3
284,A,0.4998729109852242,1.7145359742648907e-4,0.49995563541734944,2,15,fold_3,fold,3
284,C,0.767397072142841,2.4250336175398945e-4,0.2323604244954044,2,15,fold_3,fold,3
285,A,0.49984377322454127,1.667710320456412e-4,0.49998945574341386,2,15,fold_3,fold,3
285,C,0.7673558494050549,2.3588979289884007e-4,0.23240826080204657,2,15,fold_3,fold,3
286,A,0.499815432759859,1.6221497632344737e-4,0.5000223522638171,2,15,fold_3,fold,3
286,C,0.7673157533398656,2.2945437151248153e-4,0.23245479228862143,2,15,fold_3,fold,3
287,A,0.49978786796917807,1.5778208616284913e-4,0.5000543499446594,2,15,fold_3,fold,3
287,C,0.7672767534659977,2.231924191798146e-4,0.23250005411482186,2,15,fold_3,fold,3
288,A,0.49976105780639735,1.5346910190794374e-4,0.5000854730916949,2,15,fold_3,fold,3
288,C,0.7672388201098714,2.1709937379737763e-4,0.2325440805163318,2,15,fold_3,fold,3
289,A,0.49973498178654385,1.4927284642423283e-4,0.5001157453670317,2,15,fold_3,fold,3
289,C,0.7672019243851248,2.111707870433217e-4,0.23258690482783234,2,15,fold_3,fold,3
290,A,0.4997096199713425,1.4519022321091862e-4,0.5001451898054469,2,15,fold_3,fold,3
290,C,0.7671660381726075,2.0540232188169188e-4,0.23262855950551234,2,15,fold_3,fold,3
291,A,0.49968495295513143,1.41218214545353e-4,0.5001738288303237,2,15,fold_3,fold,3
291,C,0.767131134100823,1.9978975010183825e-4,0.23266907614907545,2,15,fold_3,fold,3
292,A,0.4996609618511133,1.373538796597536e-4,0.5002016842692271,2,15,fold_3,fold,3
292,C,0.7670971855268441,1.943289498937367e-4,0.2327084855232634,2,15,fold_3,fold,3
293,A,0.49963762827793423,1.335943529502316e-4,0.5002287773691151,2,15,fold_3,fold,3
293,C,0.7670641665176426,1.8901590345987005e-4,0.23274681757889765,2,15,fold_3,fold,3
294,A,0.49961493434658755,1.299368422181345e-4,0.5002551288111944,2,15,fold_3,fold,3
294,C,0.7670320518318905,1.8384669466422188e-4,0.2327841014734439,2,15,fold_3,fold,3
295,A,0.49959286264762953,1.2637862694365646e-4,0.5002807587254279,2,15,fold_3,fold,3
295,C,0.7670008169021667,1.7881750671883717e-4,0.2328203655911152,2,15,fold_3,fold,3
296,A,0.49957139623870733,1.2291705659163793e-4,0.5003056867046997,2,15,fold_3,fold,3
296,C,0.7669704378175829,1.7392461990831256e-4,0.2328556375625101,2,15,fold_3,fold,3
297,A,0.4995505186323997,1.1954954894944152e-4,0.5003299318186516,2,15,fold_3,fold,3
297,C,0.7669408913068425,1.6916440935251464e-4,0.23288994428380505,2,15,fold_3,fold,3
298,A,0.49953021378433166,1.1627358849674689e-4,0.5003535126271711,2,15,fold_3,fold,3
298,C,0.7669121547216894,1.6453334280774383e-4,0.23292331193550214,2,15,fold_3,fold,3
299,A,0.4995104660816075,1.1308672480709707e-4,0.5003764471935845,2,15,fold_3,fold,3
299,C,0.7668842060207577,1.600279785064809e-4,0.2329557660007358,2,15,fold_3,fold,3
300,A,0.4994912603315108,1.0998657098097584e-4,0.5003987530975083,2,15,fold_3,fold,3
300,C,0.7668570237538056,1.5564496303580548e-4,0.23298733128315907,2,15,fold_3,fold,3
301,A,0.4994725817504871,1.06970802110188e-4,0.5004204474474031,2,15,fold_3,fold,3
301,C,0.766830587046343,1.5138102925450566e-4,0.23301803192440199,2,15,fold_3,fold,3
302,A,0.4994544159534051,1.0403715377328079e-4,0.5004415468928219,2,15,fold_3,fold,3
302,C,0.7668048755846261,1.4723299424883999e-4,0.233047891421125,2,15,fold_3,fold,3
303,A,0.4994367489430781,1.0118342056172504e-4,0.5004620676363598,2,15,fold_3,fold,3
303,C,0.7667798696010121,1.4319775732686812e-4,0.23307693264165974,2,15,fold_3,fold,3
304,A,0.49941956710005336,9.840745463655537e-5,0.5004820254453096,2,15,fold_3,fold,3
304,C,0.7667555498596902,1.3927229805122155e-4,0.2331051778422586,2,15,fold_3,fold,3
305,A,0.4994028571726467,9.570716431514875e-5,0.5005014356630366,2,15,fold_3,fold,3
305,C,0.7667318976427406,1.3545367431012575e-4,0.2331326486829493,2,15,fold_3,fold,3
306,A,0.49938660626724224,9.308051268780635e-5,0.5005203132200704,2,15,fold_3,fold,3
306,C,0.7667088947365596,1.3173902042647105e-4,0.23315936624301303,2,15,fold_3,fold,3
307,A,0.49937080183881793,9.052551626378336e-5,0.500538672644919,2,15,fold_3,fold,3
307,C,0.7666865234186117,1.281255453046639e-4,0.23318535103608398,2,15,fold_3,fold,3
308,A,0.49935543168172614,8.804024364640758e-5,0.5005565280746267,2,15,fold_3,fold,3
308,C,0.7666647664445004,1.2461053061497908e-4,0.2332106230248831,2,15,fold_3,fold,3
309,A,0.499340483920703,8.562281423690056e-5,0.5005738932650602,2,15,fold_3,fold,3
309,C,0.7666436070353906,1.2119132901509093e-4,0.23323520163559547,2,15,fold_3,fold,3
310,A,0.4993259470020957,8.327139696652826e-5,0.5005907816009383,2,15,fold_3,fold,3
310,C,0.766623028865704,1.1786536240844418e-4,0.23325910577188785,2,15,fold_3,fold,3
311,A,0.49931180968532785,8.098420905666733e-5,0.5006072061056157,2,15,fold_3,fold,3
311,C,0.7666030160511684,1.1463012023908146e-4,0.23328235382859283,2,15,fold_3,fold,3
312,A,0.49929806103457297,7.875951480638826e-5,0.5006231794506205,2,15,fold_3,fold,3
312,C,0.7665835531371333,1.1148315782253018e-4,0.23330496370504522,2,15,fold_3,fold,3
313,A,0.499284690410644,7.659562440714412e-5,0.5006387139649486,2,15,fold_3,fold,3
313,C,0.7665646250871941,1.0842209471234597e-4,0.23332695281809246,2,15,fold_3,fold,3
314,A,0.49927168746308964,7.449089278414646e-5,0.5006538216441266,2,15,fold_3,fold,3
314,C,0.7665462172721115,1.0544461310187271e-4,0.2333483381147859,2,15,fold_3,fold,3
315,A,0.499259042122491,7.24437184640034e-5,0.5006685141590449,2,15,fold_3,fold,3
315,C,0.7665283154589932,1.0254845626076571e-4,0.23336913608474696,2,15,fold_3,fold,3
316,A,0.4992467445929647,7.045254246819163e-5,0.5006828028645668,2,15,fold_3,fold,3
316,C,0.7665109058007638,9.973142700581493e-5,0.2333893627722301,2,15,fold_3,fold,3
317,A,0.49923478534484816,6.851584723193153e-5,0.5006966988079197,2,15,fold_3,fold,3
317,C,0.7664939748259084,9.699138620558983e-5,0.2334090337878859,2,15,fold_3,fold,3
318,A,0.49922315510758125,6.663215554803163e-5,0.5007102127368709,2,15,fold_3,fold,3
318,C,0.7664775094284628,9.432625131841304e-5,0.2334281643202182,2,15,fold_3,fold,3
319,A,0.49921184486276915,6.480002953526966e-5,0.5007233551076959,2,15,fold_3,fold,3
319,C,0.7664614968582708,9.173399496317076e-5,0.23344676914676557,2,15,fold_3,fold,3
320,A,0.4992008458374277,6.301806963087126e-5,0.5007361360929409,2,15,fold_3,fold,3
320,C,0.7664459247114902,8.921264352244625e-5,0.2334648626449872,2,15,fold_3,fold,3
321,A,0.49919014949740076,6.128491360665245e-5,0.5007485655889926,2,15,fold_3,fold,3
321,C,0.7664307809213398,8.6760275777465225e-05,0.23348245880288182,2,15,fold_3,fold,3
322,A,0.4991797475409497,5.95992356083877e-5,0.500760653223442,2,15,fold_3,fold,3
322,C,0.7664160537490925,8.437502157433314e-5,0.23349957122933346,2,15,fold_3,fold,3
323,A,0.49916963189251284,5.795974521797128e-5,0.5007724083622695,2,15,fold_3,fold,3
323,C,0.766401731775287,8.20550605210386e-5,0.23351621316419252,2,15,fold_3,fold,3
324,A,0.4991597946966224,5.6365186537935475e-5,0.5007838401168399,2,15,fold_3,fold,3
324,C,0.7663878038911851,7.979862071469874e-5,0.2335323974881003,2,15,fold_3,fold,3
325,A,0.4991502283119882,5.48143372978968e-5,0.5007949573507146,2,15,fold_3,fold,3
325,C,0.7663742592904363,7.76039774985137e-5,0.2335481367320643,2,15,fold_3,fold,3
326,A,0.49914092530572696,5.330600798249805e-5,0.5008057686862906,2,15,fold_3,fold,3
326,C,0.7663610874609698,7.546945224789968e-5,0.23356344308678245,2,15,fold_3,fold,3
327,A,0.4991318784477515,5.183904098042311e-5,0.5008162825112681,2,15,fold_3,fold,3
327,C,0.7663482781770823,7.339341118526996e-5,0.23357832841173232,2,15,fold_3,fold,3
328,A,0.4991230807053018,5.041230975405654e-5,0.5008265069849444,2,15,fold_3,fold,3
328,C,0.7663358214917539,7.137426422293163e-5,0.23359280424402384,2,15,fold_3,fold,3
329,A,0.4991145252376212,4.9024718029372745e-5,0.5008364500443488,2,15,fold_3,fold,3
329,C,0.7663237077291427,6.941046383356525e-5,0.23360688180702424,2,15,fold_3,fold,3
330,A,0.49910620539077555,4.767519900563753e-5,0.5008461194102186,2,15,fold_3,fold,3
330,C,0.7663119274772929,6.75005039477669e-5,0.23362057201875952,2,15,fold_3,fold,3
331,A,0.4990981146926054,4.636271458450729e-5,0.5008555225928116,2,15,fold_3,fold,3
331,C,0.7663004715810241,6.564291887811537e-5,0.23363388550009737,2,15,fold_3,fold,3
332,A,0.4990902468478105,4.50862546181201e-5,0.5008646668975715,2,15,fold_3,fold,3
332,C,0.766289331135013,6.383628226924525e-5,0.23364683258271904,2,15,fold_3,fold,3
333,A,0.49908259573317276,4.384483617577617e-5,0.500873559430651,2,15,fold_3,fold,3
333,C,0.7662784974770468,6.207920607340706e-5,0.2336594233168806,2,15,fold_3,fold,3
334,A,0.4990751553928958,4.2637502828809255e-5,0.5008822071042759,2,15,fold_3,fold,3
334,C,0.7662679621814709,6.0370339550998856e-5,0.23367166747897794,2,15,fold_3,fold,3
335,A,0.4990679200340685,4.146332395325553e-5,0.5008906166419775,2,15,fold_3,fold,3
335,C,0.7662577170527991,5.870836829555478e-5,0.23368357457890745,2,15,fold_3,fold,3
336,A,0.49906088402226223,4.032139404993231e-5,0.5008987945836879,2,15,fold_3,fold,3
336,C,0.7662477541194792,5.7092013282683636e-5,0.23369515386723794,2,15,fold_3,fold,3
337,A,0.49905404187722263,3.921083208154198e-5,0.5009067472906953,2,15,fold_3,fold,3
337,C,0.7662380656278645,5.5520029942457134e-5,0.23370641434219472,2,15,fold_3,fold,3
338,A,0.4990473882687007,3.813078082642718e-5,0.5009144809504731,2,15,fold_3,fold,3
338,C,0.7662286440362878,5.3991207254747115e-5,0.23371736475645774,2,15,fold_3,fold,3
339,A,0.4990409180123734,3.7080406248601854e-5,0.5009220015813788,2,15,fold_3,fold,3
339,C,0.7662194820093474,5.2504366867027816e-5,0.23372801362378617,2,15,fold_3,fold,3
340,A,0.4990346260658867,3.6058896883695125e-5,0.5009293150372294,2,15,fold_3,fold,3
340,C,0.7662105724123045,5.1058362234148816e-5,0.23373836922546093,2,15,fold_3,fold,3
341,A,0.4990285075250015,3.506546324044551e-5,0.5009364270117587,2,15,fold_3,fold,3
341,C,0.7662019083056533,4.9652077779609e-5,0.2337484396165678,2,15,fold_3,fold,3
342,A,0.4990225576198344,3.409933721739179e-5,0.5009433430429473,2,15,fold_3,fold,3
342,C,0.7661934829398186,4.828442807785142e-5,0.2337582326321026,2,15,fold_3,fold,3
343,A,0.49901677171121434,3.315977153441232e-5,0.500950068517251,2,15,fold_3,fold,3
343,C,0.7661852897500155,4.69543570571191e-5,0.23376775589292628,2,15,fold_3,fold,3
344,A,0.4990111452871193,3.2246039178767966e-5,0.5009566086737022,2,15,fold_3,fold,3
344,C,0.7661773223512219,4.566083722240826e-5,0.23377701681155688,2,15,fold_3,fold,3
345,A,0.49900567395922185,3.135743286531443e-5,0.5009629686079128,2,15,fold_3,fold,3
345,C,0.7661695745332958,4.44028688980692e-5,0.23378602259780476,2,15,fold_3,fold,3
346,A,0.4990003534595213,3.049326451055087e-5,0.5009691532759681,2,15,fold_3,fold,3
346,C,0.7661620402562421,4.317947948961029e-5,0.23379478026426817,2,15,fold_3,fold,3
347,A,0.49899517963706647,2.965286472018088e-5,0.5009751674982125,2,15,fold_3,fold,3
347,C,0.7661547136455608,4.198972276426288e-5,0.23380329663167343,2,15,fold_3,fold,3
348,A,0.4989901484547697,2.8835582289866282e-5,0.5009810159629405,2,15,fold_3,fold,3
348,C,0.7661475889877716,4.0832678149882005e-5,0.23381157833407826,2,15,fold_3,fold,3
349,A,0.49898525598629945,2.804078371886061e-5,0.5009867032299813,2,15,fold_3,fold,3
349,C,0.7661406607260146,3.970745005175312e-5,0.23381963182393453,2,15,fold_3,fold,3
350,A,0.4989804984130661,2.7267852736216354e-5,0.5009922337341982,2,15,fold_3,fold,3
350,C,0.7661339234557958,3.861316718689473e-5,0.23382746337701696,2,15,fold_3,fold,3
351,A,0.49897587202127985,2.6516189839262486e-5,0.500997611788881,2,15,fold_3,fold,3
351,C,0.7661273719208433,3.75489819354425e-5,0.23383507909722157,2,15,fold_3,fold,3
352,A,0.49897137319909496,2.578521184405865e-5,0.5010028415890615,2,15,fold_3,fold,3
352,C,0.7661210010090572,3.651406970871473e-5,0.23384248492123352,2,15,fold_3,fold,3
353,A,0.49896699843382464,2.5074351447535063e-5,0.5010079272147276,2,15,fold_3,fold,3
353,C,0.7661148057485948,3.550762833356598e-5,0.2338496866230716,2,15,fold_3,fold,3
354,A,0.4989627443092374,2.4383056801036422e-5,0.5010128726339614,2,15,fold_3,fold,3
354,C,0.7661087813040348,3.4528877452640696e-5,0.23385668981851185,2,15,fold_3,fold,3
355,A,0.4989586075029217,2.3710791094989736e-5,0.5010176817059838,2,15,fold_3,fold,3
355,C,0.7661029229726677,3.357705794014791e-5,0.23386349996939176,2,15,fold_3,fold,3
356,A,0.4989545847837212,2.305703215442537e-5,0.50102235818412455,2,15,fold_3,fold,3
356,C,0.7660972261808696,3.26514313327832e-5,0.23387012238779867,2,15,fold_3,fold,3
357,A,0.49895067300924517,2.2421272045083673e-5,0.5010269057187098,2,15,fold_3,fold,3
357,C,0.7660916864805778,3.175127927543384e-5,0.23387656224014697,2,15,fold_3,fold,3
358,A,0.49894686912344,2.1803016689846592e-5,0.5010313278598701,2,15,fold_3,fold,3
358,C,0.7660862995458725,3.0875902981308865e-5,0.2338828245511475,2,15,fold_3,fold,3
359,A,0.49894317015422973,2.1201785495239026e-5,0.5010356280602757,2,15,fold_3,fold,3
359,C,0.7660810611696299,3.002462270614319e-5,0.23388891420766417,2,15,fold_3,fold,3
360,A,0.49893957321121774,2.061711098774962e-5,0.5010398096777943,2,15,fold_3,fold,3
360,C,0.766075967260288,2.919677723613254e-5,0.23389483596247526,2,15,fold_3,fold,3
361,A,0.49893607548345625,2.004853845972657e-5,0.5010438759780841,2,15,fold_3,fold,3
361,C,0.766071013838683,2.8391723389261984e-5,0.2339005944379271,2,15,fold_3,fold,3
362,A,0.4989326742372679,1.9495625624608975e-5,0.5010478301371079,2,15,fold_3,fold,3
362,C,0.7660661970349776,2.760883552969934e-5,0.23390619412949265,2,15,fold_3,fold,3
363,A,0.498929366814134,1.8957942281260067e-5,0.5010516752435843,2,15,fold_3,fold,3
363,C,0.7660615130856742,2.6847505094929693e-5,0.23391163940923182,2,15,fold_3,fold,3
364,A,0.49892615062863654,1.8435069987173438e-5,0.5010554143013756,2,15,fold_3,fold,3
364,C,0.766056958330703,2.6107140135316717e-5,0.23391693452916193,2,15,fold_3,fold,3
365,A,0.4989230231664569,1.7926601740328217e-5,0.5010590502318029,2,15,fold_3,fold,3
365,C,0.7660525292106016,2.538716486578084e-5,0.2339220836245332,2,15,fold_3,fold,3
0,A,0.9990000000000001,0.001,0,3,15,fold_3,fold,3
0,C,0.9990000000000007,0.0010000000000000002,0,3,15,fold_3,fold,3
1,A,0.9986198799356244,0.0011638646719797925,2.1625539239508016e-4,3,15,fold_3,fold,3
1,C,0.9987315906464951,0.0010621700790315006,2.0623927447411625e-4,3,15,fold_3,fold,3
2,A,0.9982045089327605,0.0013298156338941087,4.656754333459821e-4,3,15,fold_3,fold,3
2,C,0.9984532734800101,0.001122018996180739,4.24707523809228e-4,3,15,fold_3,fold,3
3,A,0.9977625432370277,0.0014897186424102844,7.477381205619685e-4,3,15,fold_3,fold,3
3,C,0.9981667588058848,0.0011784366071016428,6.548045870133962e-4,3,15,fold_3,fold,3
4,A,0.9972973073481425,0.0016417210961345136,0.0010609715557247325,3,15,fold_3,fold,3
4,C,0.997872857139939,0.0012313199551878277,8.958229048730803e-4,3,15,fold_3,fold,3
5,A,0.9968086922239733,0.0017873887134053311,0.0014039190626222357,3,15,fold_3,fold,3
5,C,0.9975717743611667,0.0012811344098195238,0.0011470912290144882,3,15,fold_3,fold,3
6,A,0.9962953312560716,0.0019290675747382791,0.0017756011691878748,3,15,fold_3,fold,3
6,C,0.9972634171974509,0.0013284976537480777,0.0014080851488006139,3,15,fold_3,fold,3
7,A,0.9957549782828952,0.0020695617224907982,0.0021754599946138173,3,15,fold_3,fold,3
7,C,0.9969474608897332,0.0013742031010638275,0.001678336009202307,3,15,fold_3,fold,3
8,A,0.995186095682754,0.0022104404398723835,0.0026034638773743423,3,15,fold_3,fold,3
8,C,0.9966236222694261,0.0014187661912396896,0.0019576115393346786,3,15,fold_3,fold,3
9,A,0.9945869518712823,0.0023531558221401333,0.0030598923065768774,3,15,fold_3,fold,3
9,C,0.9962915345986498,0.0014627357158180263,0.002245729685531775,3,15,fold_3,fold,3
10,A,0.9939567783537901,0.0024981942161893516,0.0035450274300222874,3,15,fold_3,fold,3
10,C,0.9959510152752472,0.0015063291055737317,0.0025426556191780495,3,15,fold_3,fold,3
11,A,0.9932938895439701,0.0026466326214041073,0.004059477834625415,3,15,fold_3,fold,3
11,C,0.9956016677902223,0.0015500186626092622,0.0028483135471691757,3,15,fold_3,fold,3
12,A,0.9925969919643067,0.0027990187247007854,0.004603989310992401,3,15,fold_3,fold,3
12,C,0.9952431602787718,0.0015941032873119983,0.003162736433916744,3,15,fold_3,fold,3
13,A,0.99186498191467,0.002955629289586079,0.005179388795743068,3,15,fold_3,fold,3
13,C,0.9948751970856456,0.0016387788746765046,0.00348602403967694,3,15,fold_3,fold,3
14,A,0.9910968139059628,0.003116640315120221,0.0057865457789178084,3,15,fold_3,fold,3
14,C,0.9944974989887692,0.0016841874784806888,0.003818313532752002,3,15,fold_3,fold,3
15,A,0.9902914503297889,0.0032821924714579445,0.006426357198753936,3,15,fold_3,fold,3
15,C,0.9941097934664643,0.001730440680831703,0.004159765852704581,3,15,fold_3,fold,3
16,A,0.9894478528143849,0.0034524038722484715,0.00709974331336761,3,15,fold_3,fold,3
16,C,0.9937118107977135,0.0017776289132355354,0.004510560289051645,3,15,fold_3,fold,3
17,A,0.988564985888886,0.003627369043009667,0.007807645068105211,3,15,fold_3,fold,3
17,C,0.993303282691125,0.0018258256822817956,0.004870891626593965,3,15,fold_3,fold,3
18,A,0.9876418205434093,0.0038071591554673734,0.0085510203011224,3,15,fold_3,fold,3
18,C,0.9928839416387314,0.0018750906275579041,0.005240967733710087,3,15,fold_3,fold,3
19,A,0.9866773354027272,0.003991825175787276,0.009330839421485758,3,15,fold_3,fold,3
19,C,0.9924535202996932,0.0019254723930435182,0.005621007307263644,3,15,fold_3,fold,3
20,A,0.985670516847607,0.004181401648254859,0.010148081504138842,3,15,fold_3,fold,3
20,C,0.9920117508362397,0.0019770112190284827,0.006011237944731561,3,15,fold_3,fold,3
21,A,0.9846203595136026,0.00437590938619401,0.011003731100203576,3,15,fold_3,fold,3
21,C,0.9915583643229138,0.002029741039326146,0.006411894637760241,3,15,fold_3,fold,3
22,A,0.983525867667283,0.0045753567544358185,0.011898775578281577,3,15,fold_3,fold,3
22,C,0.991093090318706,0.0020836910336475244,0.00682321864764678,3,15,fold_3,fold,3
23,A,0.9823860572929288,0.004779740005397276,0.01283420270167418,3,15,fold_3,fold,3
23,C,0.9906156566110392,0.0021388867226348686,0.0072454566663263794,3,15,fold_3,fold,3
24,A,0.9811999585720711,0.004989043188384967,0.013810998239544483,3,15,fold_3,fold,3
24,C,0.990125789096681,0.0021953507317230268,0.007678860171595474,3,15,fold_3,fold,3
25,A,0.9799666185660125,0.005203237907676866,0.014830143526309673,3,15,fold_3,fold,3
25,C,0.9896232117618528,0.0022531033265513877,0.008123684911597267,3,15,fold_3,fold,3
26,A,0.9786851040363448,0.005422283001283979,0.015892612962371717,3,15,fold_3,fold,3
26,C,0.9891076467360261,0.0023121627852541442,0.008580190478721387,3,15,fold_3,fold,3
27,A,0.9773545042585418,0.005646124165923813,0.016999371575533724,3,15,fold_3,fold,3
27,C,0.9885788143985604,0.002372545640911267,0.009048639960529455,3,15,fold_3,fold,3
28,A,0.9759739352405076,0.00587469312847551,0.01815137163101717,3,15,fold_3,fold,3
28,C,0.988036433541116,0.0024342668573320986,0.009529299601551265,3,15,fold_3,fold,3
29,A,0.9745425392014505,0.006107908847214947,0.019349551951336,3,15,fold_3,fold,3
29,C,0.9874802217307328,0.0024973400560071566,0.010022438213260751,3,15,fold_3,fold,3
30,A,0.9730594903280412,0.006345675691093461,0.020594833980864292,3,15,fold_3,fold,3
30,C,0.9869098953993738,0.002561777414658833,0.010528327185967362,3,15,fold_3,fold,3
31,A,0.9715240018130636,0.006587881108173436,0.02188811707876161,3,15,fold_3,fold,3
31,C,0.9863251699391395,0.002627589489621631,0.011047240571238952,3,15,fold_3,fold,3
32,A,0.9699353303439132,0.0068343951408452105,0.023230274515241373,3,15,fold_3,fold,3
32,C,0.985725760114335,0.0026947852408353407,0.011579454644828539,3,15,fold_3,fold,3
33,A,0.9682927743615471,0.007085072645940166,0.0246221529925131,3,15,fold_3,fold,3
33,C,0.9851113806849917,0.0027633722655418377,0.012125247049465847,3,15,fold_3,fold,3
34,A,0.9665956777956166,0.007339752660857464,0.02606456954352561,3,15,fold_3,fold,3
34,C,0.9844817467271844,0.002833356683052748,0.012684896589762735,3,15,fold_3,fold,3
35,A,0.9648434353428682,0.007598257134210698,0.02755830752292064,3,15,fold_3,fold,3
35,C,0.9838365739195317,0.00290474295399704,0.013258683126472739,3,15,fold_3,fold,3
36,A,0.9630354970925524,0.00786039018470617,0.029104112722739984,3,15,fold_3,fold,3
36,C,0.9831755789276949,0.002977533764573703,0.013846887307731866,3,15,fold_3,fold,3
37,A,0.9611713723516169,0.008125937872235138,0.030702689776147866,3,15,fold_3,fold,3
37,C,0.9824984798706927,0.0030517299543931743,0.014449790174913818,3,15,fold_3,fold,3
38,A,0.9592506332010505,0.008394668130396547,0.03235469866855231,3,15,fold_3,fold,3
38,C,0.9818049968162244,0.0031273304386762097,0.015067672745098598,3,15,fold_3,fold,3
39,A,0.9572729181223374,0.008666330685435026,0.03406075119222767,3,15,fold_3,fold,3
39,C,0.9810948522840413,0.003204332109773751,0.015700815606184203,3,15,fold_3,fold,3
40,A,0.9552379353670709,0.008940656987578389,0.03582140764535121,3,15,fold_3,fold,3
40,C,0.9803677717150775,0.003282729737046259,0.016349498547875246,3,15,fold_3,fold,3
41,A,0.9531454673395306,0.009217360187682102,0.037637172472787424,3,15,fold_3,fold,3
41,C,0.979623484103236,0.003362515836922607,0.017014000059842545,3,15,fold_3,fold,3
42,A,0.9509953742617089,0.009496135267833812,0.039508490470457736,3,15,fold_3,fold,3
42,C,0.9788617225878763,0.0034436805601130013,0.017694596852010823,3,15,fold_3,fold,3
43,A,0.9487875970037979,0.009776659309145709,0.041435743687056784,3,15,fold_3,fold,3
43,C,0.9780822249790042,0.003526211597785855,0.01839156342321124,3,15,fold_3,fold,3
44,A,0.9465221599581624,0.010058591845871732,0.043419248195965814,3,15,fold_3,fold,3
44,C,0.9772847343234004,0.003610094081874453,0.019105171594725415,3,15,fold_3,fold,3
45,A,0.9441991742723286,0.0103415753112178,0.045459250416453316,3,15,fold_3,fold,3
45,C,0.9764689995616389,0.0036953104708421997,0.019835689967518402,3,15,fold_3,fold,3
46,A,0.9418188409119097,0.010625235615807116,0.04755592347228374,3,15,fold_3,fold,3
46,C,0.9756347762183215,0.0037818404348707027,0.020583383346808516,3,15,fold_3,fold,3
47,A,0.9393814531930693,0.010909182869763565,0.049709363937168495,3,15,fold_3,fold,3
47,C,0.974781827080356,0.003869660750200384,0.021348512169443605,3,15,fold_3,fold,3
48,A,0.9368873988709395,0.011193012230310561,0.05191958889874985,3,15,fold_3,fold,3
48,C,0.9739099228709988,0.003958745200697401,0.022131331928303983,3,15,fold_3,fold,3
49,A,0.93433716200613115,0.011476304866676543,0.05418653312719246,3,15,fold_3,fold,3
49,C,0.9730188429467458,0.004049064481228698,0.02293209257202716,3,15,fold_3,fold,3
50,A,0.931731324610609,0.011758629052602434,0.05651004633678878,3,15,fold_3,fold,3
50,C,0.9721083760250616,0.00414058610208163,0.02375103787285592,3,15,fold_3,fold,3
51,A,0.9290705679120063,0.01203954137356575,0.058889890714427996,3,15,fold_3,fold,3
51,C,0.9711783209169563,0.004233274299436137,0.024588404783608433,3,15,fold_3,fold,3
52,A,0.926355673242664,0.01231858814200751,0.061325738615328716,3,15,fold_3,fold,3
52,C,0.9702284873112711,0.004327089947487395,0.025444422741242943,3,15,fold_3,fold,3
53,A,0.9235875224811868,0.012595306827504583,0.06381717069130684,3,15,fold_3,fold,3
53,C,0.9692586965136841,0.004421990482810681,0.026319313003504218,3,15,fold_3,fold,3
54,A,0.9207670979991573,0.012869227549031803,0.0663636744518112,3,15,fold_3,fold,3
54,C,0.9682687821582169,0.004517929840571293,0.027213288001211828,3,15,fold_3,fold,3
55,A,0.9178954822804739,0.013139874775318455,0.06896464294420725,3,15,fold_3,fold,3
55,C,0.9672585909849345,0.00461485839132432,0.02812655062374178,3,15,fold_3,fold,3
56,A,0.9149738571506039,0.013406769173425148,0.07161937367597136,3,15,fold_3,fold,3
56,C,0.9662279836508746,0.004712722882757903,0.02905929346636721,3,15,fold_3,fold,3
57,A,0.9120035024972707,0.013669429502045848,0.07432706800068502,3,15,fold_3,fold,3
57,C,0.9651768355138697,0.004811466394303437,0.030011698091826872,3,15,fold_3,fold,3
58,A,0.9089857944912314,0.01392737455025435,0.07708683095851357,3,15,fold_3,fold,3
58,C,0.9641050373942459,0.004911028304462289,0.030983934301291215,3,15,fold_3,fold,3
59,A,0.9059222033449897,0.014180125139753454,0.07989767151525662,3,15,fold_3,fold,3
59,C,0.9630124963309017,0.005011344269199126,0.031976159399899194,3,15,fold_3,fold,3
60,A,0.9028142906359061,0.01442720618174582,0.08275850318234705,3,15,fold_3,fold,3
60,C,0.9618991363335039,0.005112346211252062,0.03298851745524357,3,15,fold_3,fold,3
61,A,0.8996637061927961,0.014668148775094602,0.08566814503210841,3,15,fold_3,fold,3
61,C,0.9607648991274078,0.005213962321187794,0.03402113855140629,3,15,fold_3,fold,3
62,A,0.8964721848458624,0.01490249213136095,0.08862532302277726,3,15,fold_3,fold,3
62,C,0.9596097448164195,0.005316117070935291,0.03507413811264585,3,15,fold_3,fold,3
63,A,0.8932415418574616,0.015129786099574655,0.091628672042963,3,15,fold_3,fold,3
63,C,0.9584336527389592,0.005418731242231857,0.036147616018808774,3,15,fold_3,fold,3
64,A,0.8899736683173033,0.015349593357301128,0.09467673832539585,3,15,fold_3,fold,3
64,C,0.9572366221832572,0.005521721970874994,0.037241655845867035,3,15,fold_3,fold,3
65,A,0.8866705267377741,0.015561491187138215,0.09776798207508722,3,15,fold_3,fold,3
65,C,0.9560186729438861,0.005625002804923012,0.038356324251191044,3,15,fold_3,fold,3
66,A,0.8833341461964778,0.01576507331480244,0.10090078048872007,3,15,fold_3,fold,3
66,C,0.9547798458957482,0.005728483776880824,0.03949167032737223,3,15,fold_3,fold,3
67,A,0.8799666167266905,0.015959951988075368,0.10407343128523396,3,15,fold_3,fold,3
67,C,0.9535202036483769,0.0058320714912992264,0.040647724860324204,3,15,fold_3,fold,3
68,A,0.8765700833127987,0.016145760013852595,0.10728415667334792,3,15,fold_3,fold,3
68,C,0.9522398311746654,0.005935669229269967,0.041824499596063755,3,15,fold_3,fold,3
69,A,0.8731467398066934,0.01632215253712428,0.11053110765618215,3,15,fold_3,fold,3
69,C,0.9509388363435931,0.006039177069934637,0.04302198658647154,3,15,fold_3,fold,3
70,A,0.8696988227483402,0.016488808612975057,0.11381236863868444,3,15,fold_3,fold,3
70,C,0.9496173503804609,0.006142492028377885,0.044240157591161185,3,15,fold_3,fold,3
71,A,0.8662286049717898,0.01664543268437928,0.11712596234383162,3,15,fold_3,fold,3
71,C,0.9482755282974452,0.0062455082095728524,0.04547896349298309,3,15,fold_3,fold,3
72,A,0.8627383889943558,0.01679175597363006,0.12046985503201352,3,15,fold_3,fold,3
72,C,0.9469135492972209,0.006348116978662785,0.046738333724116204,3,15,fold_3,fold,3
73,A,0.8592305002894501,0.016927537720049082,0.1238419619905004,3,15,fold_3,fold,3
73,C,0.9455316171257835,0.0064502071478394875,0.04801817572637716,3,15,fold_3,fold,3
74,A,0.8557072805331053,0.017052566219324664,0.12724015324757057,3,15,fold_3,fold,3
74,C,0.9441299603596105,0.006551665179583323,0.0493183744608062,3,15,fold_3,fold,3
75,A,0.8521710808608947,0.01716665966883888,0.13066225947026744,3,15,fold_3,fold,3
75,C,0.9427088326297861,0.006652375405685658,0.05063879196452848,3,15,fold_3,fold,3
76,A,0.8486242551534067,0.017269666834559827,0.13410607801203522,3,15,fold_3,fold,3
76,C,0.9412685127886051,0.006752220261489692,0.05197926694990559,3,15,fold_3,fold,3
77,A,0.8450691533853394,0.017361467537365106,0.13756937907729536,3,15,fold_3,fold,3
77,C,0.939809305016923,0.006851080534873985,0.05333961444820414,3,15,fold_3,fold,3
78,A,0.8415081150884582,0.01744197294584817,0.1410499119656929,3,15,fold_3,fold,3
78,C,0.9383315388661788,0.0069488356294109335,0.054719625504410674,3,15,fold_3,fold,3
79,A,0.8379434629755597,0.01751112566926974,0.14454541135517013,3,15,fold_3,fold,3
79,C,0.936835569231173,0.00704536384091455,0.05611906692791299,3,15,fold_3,fold,3
80,A,0.8343774967620409,0.017568899654749153,0.1480536035832104,3,15,fold_3,fold,3
80,C,0.9353217762529918,0.0071405426464226365,0.05753768110058413,3,15,fold_3,fold,3
81,A,0.8308124872160261,0.01761529989601714,0.1515722128879571,3,15,fold_3,fold,3
81,C,0.9337905651521872,0.0072342490045867345,0.05897518584322682,3,15,fold_3,fold,3
82,A,0.827250670467912,0.017650361959311352,0.15509896757277616,3,15,fold_3,fold,3
82,C,0.9322423659911263,0.0073263596663934805,0.060431274342479926,3,15,fold_3,fold,3
83,A,0.8236942426097089,0.017674151331754828,0.1586316060585362,3,15,fold_3,fold,3
83,C,0.9306776333641277,0.0074167514950468395,0.061905615140823406,3,15,fold_3,fold,3
84,A,0.8201453546110561,0.017686762600300377,0.16216788278864405,3,15,fold_3,fold,3
84,C,0.9290968460145709,0.0075053017937213974,0.06339785219170947,3,15,fold_3,fold,3
85,A,0.8166061075739499,0.017688318472344797,0.1657055739537045,3,15,fold_3,fold,3
85,C,0.9275005063791494,0.0075918886397974604,0.06490760498105375,3,15,fold_3,fold,3
86,A,0.8130785483440844,0.017678968650589884,0.16924248300532652,3,15,fold_3,fold,3
86,C,0.9258891400598934,0.0076763912241206945,0.06643446871598664,3,15,fold_3,fold,3
87,A,0.8095646654928629,0.01765888857570001,0.1727764459314368,3,15,fold_3,fold,3
87,C,0.924263295224527,0.007758690193758989,0.06797801458171414,3,15,fold_3,fold,3
88,A,0.8060663856839965,0.017628278048081845,0.17630533626792097,3,15,fold_3,fold,3
88,C,0.9226235419360753,0.007838667996758647,0.06953779006716651,3,15,fold_3,fold,3
89,A,0.8025855704287976,0.017587359747035534,0.17982706982416682,3,15,fold_3,fold,3
89,C,0.9209704714131285,0.007916209227160825,0.07111331935971103,3,15,fold_3,fold,3
90,A,0.7991240132355321,0.01753637766124912,0.1833396091032194,3,15,fold_3,fold,3
90,C,0.9193046952225504,0.007991200968663039,0.07270410380878706,3,15,fold_3,fold,3
91,A,0.7956834371534299,0.017475595446133998,0.18684096740043601,3,15,fold_3,fold,3
91,C,0.9176268444067818,0.008063533135244917,0.074309622457973,3,15,fold_3,fold,3
92,A,0.7922654927086752,0.017405294723690738,0.19032921256763366,3,15,fold_3,fold,3
92,C,0.9159375685482309,0.008133098807056163,0.07592933264471356,3,15,fold_3,fold,3
93,A,0.7888717562262499,0.017325773340925273,0.1938024704328234,3,15,fold_3,fold,3
93,C,0.9142375347735427,0.008199794559848216,0.07756267066660888,3,15,fold_3,fold,3
94,A,0.7855037285287775,0.01723734360244842,0.1972589278687742,3,15,fold_3,fold,3
94,C,0.9125274267009381,0.008263520786247352,0.07920905251281526,3,15,fold_3,fold,3
95,A,0.7821628340010411,0.01714033049221098,0.20069683550674733,3,15,fold_3,fold,3
95,C,0.9108079433340541,0.008324182007198033,0.08086787465874773,3,15,fold_3,fold,3
96,A,0.7788504200066553,0.017035069898650133,0.2041145100946951,3,15,fold_3,fold,3
96,C,0.9090797979061073,0.008381687171943486,0.0825385149219491,3,15,fold_3,fold,3
97,A,0.7755677566411971,0.016921906856825972,0.20751033650197695,3,15,fold_3,fold,3
97,C,0.9073437166783747,0.008435949944955607,0.08422033337667023,3,15,fold_3,fold,3
98,A,0.7723160368044314,0.016801193820288943,0.21088276937528005,3,15,fold_3,fold,3
98,C,0.9056004376973092,0.00848688897828563,0.08591267332440476,3,15,fold_3,fold,3
99,A,0.7690963765727232,0.01667328897441413,0.21423033445286196,3,15,fold_3,fold,3
99,C,0.9038507095148027,0.008534428167881112,0.08761486231731752,3,15,fold_3,fold,3
100,A,0.7659098158516611,0.016538554601835453,0.2175516295465031,3,15,fold_3,fold,3
100,C,0.9020952898762817,0.008578496892501073,0.08932621323121616,3,15,fold_3,fold,3
101,A,0.7627573192879825,0.01639735550946436,0.22084532520255415,3,15,fold_3,fold,3
101,C,0.9003349443815811,0.008619030233958424,0.09104602538446152,3,15,fold_3,fold,3
102,A,0.7596397774193382,0.016250057525404187,0.22411016505525772,3,15,fold_3,fold,3
102,C,0.8985704451235199,0.008655969177523764,0.09277358569895643,3,15,fold_3,fold,3
103,A,0.7565580080400861,0.01609702607287116,0.22734496588704234,3,15,fold_3,fold,3
103,C,0.8968025693094128,0.008689260791441025,0.09450816989914666,3,15,fold_3,fold,3
104,A,0.75351275776116,0.015938624827034138,0.23054861741180538,3,15,fold_3,fold,3
104,C,0.8950320978706144,0.008718858384629102,0.09624904374475514,3,15,fold_3,fold,3
105,A,0.7505047037422409,0.015775214459505398,0.23372008179825488,3,15,fold_3,fold,3
105,C,0.8932598140654125,0.008744721641775215,0.09799546429281149,3,15,fold_3,fold,3
106,A,0.7475344555747288,0.015607151474044406,0.2368583929512277,3,15,fold_3,fold,3
106,C,0.8914865020804541,0.008766816735166907,0.09974668118437982,3,15,fold_3,fold,3
107,A,0.7446025572948715,0.015434787135669597,0.239962655569459,3,15,fold_3,fold,3
107,C,0.8897129456359099,0.00878511641280139,0.10150193795128894,3,15,fold_3,fold,3
108,A,0.7417094895054183,0.015258466495827357,0.24303204399875467,3,15,fold_3,fold,3
108,C,0.8879399265997808,0.008799600062160675,0.10326047333805938,3,15,fold_3,fold,3
109,A,0.7388556715880749,0.015078527512260808,0.24606580089966326,3,15,fold_3,fold,3
109,C,0.8861682236160533,0.008810253749782138,0.10502152263416527,3,15,fold_3,fold,3
110,A,0.7360414639874716,0.014895300263858555,0.24906323574866998,3,15,fold_3,fold,3
110,C,0.8843986107518301,0.008817070236404214,0.10678431901176394,3,15,fold_3,fold,3
111,A,0.7332671705489088,0.014709106259337985,0.2520237231917533,3,15,fold_3,fold,3
111,C,0.8826318561682541,0.00882004896773053,0.10854809486401581,3,15,fold_3,fold,3
112,A,0.730533040893359,0.014520257837752673,0.2549467012688877,3,15,fold_3,fold,3
112,C,0.8808687208198337,0.008819196041026977,0.11031208313913789,3,15,fold_3,fold,3
113,A,0.7278392728144921,0.014329057657918623,0.25783166952758885,3,15,fold_3,fold,3
113,C,0.8791099571866465,0.008814524147957291,0.11207551866539621,3,15,fold_3,fold,3
114,A,0.7251860146836613,0.014135798273366812,0.26067818704297147,3,15,fold_3,fold,3
114,C,0.8773563080434906,0.008806052494183222,0.11383763946232485,3,15,fold_3,fold,3
115,A,0.7225733678498814,0.01394076178907015,0.2634858703610493,3,15,fold_3,fold,3
115,C,0.8756085052700404,0.008793806696364627,0.11559768803359538,3,15,fold_3,fold,3
116,A,0.7200013890229896,0.013744219595803941,0.2662543913812054,3,15,fold_3,fold,3
116,C,0.8738672687055948,0.00877781865731743,0.11735491263708782,3,15,fold_3,fold,3
117,A,0.7174700926294518,0.013546432177626523,0.2689834751929213,3,15,fold_3,fold,3
117,C,0.8721333050518956,0.008758126420218932,0.11910856852788514,3,15,fold_3,fold,3
118,A,0.7149794531313881,0.01334764898769668,0.27167289788091314,3,15,fold_3,fold,3
118,C,0.8704073068270376,0.008734774002866586,0.12085791917009552,3,15,fold_3,fold,3
119,A,0.7125294073006472,0.013148108387486774,0.27432248431186534,3,15,fold_3,fold,3
119,C,0.8686899513732829,0.008707811213096286,0.12260223741362072,3,15,fold_3,fold,3
120,A,0.7101198564407156,0.01294803764436216,0.2769321059149225,3,15,fold_3,fold,3
120,C,0.8669818999212218,0.008677293446552542,0.12434080663222484,3,15,fold_3,fold,3
121,A,0.7077506685504259,0.012747652982459622,0.2795016784671141,3,15,fold_3,fold,3
121,C,0.8652837967124214,0.008643281468083252,0.1260729218194966,3,15,fold_3,fold,3
122,A,0.7054216804243263,0.012547159681812916,0.2820311598938612,3,15,fold_3,fold,3
122,C,0.8635962681823334,0.008605841178101536,0.12779789063956384,3,15,fold_3,fold,3
123,A,0.7031326996855478,0.012346752220740621,0.2845205480937113,3,15,fold_3,fold,3
123,C,0.8619199222049826,0.008565043365316686,0.12951503442969794,3,15,fold_3,fold,3
124,A,0.7008835067478948,0.012146614456626497,0.28696987879547964,3,15,fold_3,fold,3
124,C,0.8602553474005058,0.008520963447280292,0.1312236891522154,3,15,fold_3,fold,3
125,A,0.6986738567046482,0.011946919840369776,0.289379223454982,3,15,fold_3,fold,3
125,C,0.8586031125063772,0.008473681200228091,0.13292320629339519,3,15,fold_3,fold,3
126,A,0.6965034811423815,0.011747831659965983,0.2917486871976532,3,15,fold_3,fold,3
126,C,0.8569637658128569,0.008423280479721022,0.1346129537074227,3,15,fold_3,fold,3
127,A,0.6943720898787229,0.011549503308857588,0.2940784068124193,3,15,fold_3,fold,3
127,C,0.8553378346627227,0.008369848933613224,0.13629231640366485,3,15,fold_3,fold,3
128,A,0.6922793726234552,0.011352078575145922,0.2963685488013984,3,15,fold_3,fold,3
128,C,0.8537258250153239,0.008313477708782532,0.13796069727589258,3,15,fold_3,fold,3
129,A,0.6902250005632901,0.011155691947534827,0.29861930748917437,3,15,fold_3,fold,3
129,C,0.852128221074394,0.008254261153243259,0.13961751777236306,3,15,fold_3,fold,3
130,A,0.6882086278707875,0.010960468934561155,0.3008309031946512,3,15,fold_3,fold,3
130,C,0.8505454849789607,0.00819229651506218,0.1412622185059773,3,15,fold_3,fold,3
131,A,0.6862298931383773,0.01076652639382161,0.3030035804678027,3,15,fold_3,fold,3
131,C,0.8489780565564639,0.008127683639513682,0.1428942598040231,3,15,fold_3,fold,3
132,A,0.6842884207388396,0.010573972868150936,0.3051376063930091,3,15,fold_3,fold,3
132,C,0.8474263531368285,0.008060524665879252,0.14451312219729148,3,15,fold_3,fold,3
133,A,0.6823838221139681,0.010382908925943029,0.3072332689600898,3,15,fold_3,fold,3
133,C,0.8458907694261046,0.007990923725262587,0.1461183068486321,3,15,fold_3,fold,3
134,A,0.6805156969933077,0.010193427503092947,0.3092908755035973,3,15,fold_3,fold,3
134,C,0.8443716774379912,0.007918986640726487,0.14770933592128188,3,15,fold_3,fold,3
135,A,0.6786836345451889,0.010005614244322666,0.31131075121048873,3,15,fold_3,fold,3
135,C,0.8428694264814601,0.007844820630985431,0.14928575288755472,3,15,fold_3,fold,3
136,A,0.6768872144622854,0.009819547841906041,0.3132932376958091,3,15,fold_3,fold,3
136,C,0.8413843432024551,0.007768534018817851,0.15084712277872656,3,15,fold_3,fold,3
137,A,0.6751260079842212,0.009635300370042586,0.3152386916457346,3,15,fold_3,fold,3
137,C,0.8399167316775409,0.007690235945293227,0.15239303237716442,3,15,fold_3,fold,3
138,A,0.6733995788597323,0.009452937613356157,0.3171474835269123,3,15,fold_3,fold,3
138,C,0.8384668735571988,0.00761003609083208,0.15392309035196883,3,15,fold_3,fold,3
139,A,0.67170748425098,0.009272519388216553,0.31901999636080364,3,15,fold_3,fold,3
139,C,0.8370350282563739,0.00752804440403527,0.15543692733958994,3,15,fold_3,fold,3
140,A,0.6700492755827181,0.009094099855791621,0.3208566245614901,3,15,fold_3,fold,3
140,C,0.8356214331898086,0.0074443708391329,0.15693419597105862,3,15,fold_3,fold,3
141,A,0.6684244993388955,0.008917727825928876,0.32265777283517605,3,15,fold_3,fold,3
141,C,0.8342263040495504,0.007359125102817785,0.15841457084763153,3,15,fold_3,fold,3
142,A,0.6668326978093652,0.008743447051141832,0.32442385513949323,3,15,fold_3,fold,3
142,C,0.8328498351220536,0.007272416411143118,0.1598777484668021,3,15,fold_3,fold,3
143,A,0.6652734097892959,0.00857129651013824,0.3261552937005657,3,15,fold_3,fold,3
143,C,0.8314921996421774,0.007184353257077434,0.16132344710074653,3,15,fold_3,fold,3
144,A,0.6637461712338272,0.0084013106804751,0.3278525180856975,3,15,fold_3,fold,3
144,C,0.8301535501813886,0.007095043189224523,0.1627514066293861,3,15,fold_3,fold,3
145,A,0.6622505158704611,0.00823351980005961,0.3295159643294787,3,15,fold_3,fold,3
145,C,0.8288340190675152,0.0070045926021316445,0.1641613883303527,3,15,fold_3,fold,3
146,A,0.6607859757716017,0.008067950117335933,0.33114607411106334,3,15,fold_3,fold,3
146,C,0.8275337188332783,0.0069131065385244495,0.16555317462819627,3,15,fold_3,fold,3
147,A,0.6593520818895315,0.007904624130119674,0.3327432939803482,3,15,fold_3,fold,3
147,C,0.8262527426910365,0.006820688503704639,0.16692656880525902,3,15,fold_3,fold,3
148,A,0.6579483645561772,0.007743560813038685,0.33430807463078305,3,15,fold_3,fold,3
148,C,0.824991165030923,0.006727440292412151,0.16828139467666645,3,15,fold_3,fold,3
149,A,0.6565743539496389,0.007584775833818147,0.33584087021654274,3,15,fold_3,fold,3
149,C,0.8237490419399793,0.006633461828088752,0.1696174962319315,3,15,fold_3,fold,3
150,A,0.6552295805296007,0.007428281758545498,0.3373421377118544,3,15,fold_3,fold,3
150,C,0.8225264117396714,0.006538851014659184,0.17093473724567124,3,15,fold_3,fold,3
151,A,0.6539135754435523,0.007274088246151052,0.3388123363102965,3,15,fold_3,fold,3
151,C,0.8213232955392605,0.006443703600821339,0.17223300085991808,3,15,fold_3,fold,3
152,A,0.6526258709056644,0.007122202232398433,0.34025192686193667,3,15,fold_3,fold,3
152,C,0.8201396978026917,0.0063481130567624305,0.17351218914054548,3,15,fold_3,fold,3
153,A,0.651366000550013,0.006972628103734833,0.34166137134625246,3,15,fold_3,fold,3
153,C,0.8189756069266069,0.006252170463136549,0.17477222261025746,3,15,fold_3,fold,3
154,A,0.6501334997597938,0.006825367861375157,0.3430411323788305,3,15,fold_3,fold,3
154,C,0.8178309958273181,0.0061559644120966475,0.1760130397605847,3,15,fold_3,fold,3
155,A,0.6489279059740426,0.006680421276008582,0.34439167274994964,3,15,fold_3,fold,3
155,C,0.816705822534582,0.006059580920139694,0.1772345965452791,3,15,fold_3,fold,3
156,A,0.6477487589732799,0.006537786033532486,0.3457134549931874,3,15,fold_3,fold,3
156,C,0.8156000307900921,0.005963103352480907,0.17843686585742807,3,15,fold_3,fold,3
157,A,0.6465956011454385,0.006397457872234198,0.3470069409823267,3,15,fold_3,fold,3
157,C,0.8145135506487983,0.00586661235862873,0.17961983699257222,3,15,fold_3,fold,3
158,A,0.6454679777332869,0.006259430711847946,0.34827259155486484,3,15,fold_3,fold,3
158,C,0.8134462990811777,0.005770185818793817,0.18078351510002827,3,15,fold_3,fold,3
159,A,0.6443654370645171,0.006123696774915244,0.34951086616056737,3,15,fold_3,fold,3
159,C,0.8123981805747201,0.005673898800737235,0.1819279206245424,3,15,fold_3,fold,3
160,A,0.6432875307655747,0.0059902467008716084,0.3507222225335541,3,15,fold_3,fold,3
160,C,0.8113690877330343,0.005577823526639897,0.18305308874032594,3,15,fold_3,fold,3
161,A,0.6422338139602131,0.005859069653276676,0.3519071163865109,3,15,fold_3,fold,3
161,C,0.8103589018710183,0.005482029349554318,0.18415906877942714,3,15,fold_3,fold,3
162,A,0.6412038454537067,0.005730153420595301,0.3530660011256996,3,15,fold_3,fold,3
162,C,0.8093674936047016,0.005386582738981577,0.1852459236563171,3,15,fold_3,fold,3
163,A,0.6401971879035695,0.005603484510925605,0.3541993275855049,3,15,fold_3,fold,3
163,C,0.808394723434436,0.005291547275102577,0.18631372929045958,3,15,fold_3,fold,3
164,A,0.6392134079775802,0.005479048241055972,0.3553075437813637,3,15,fold_3,fold,3
164,C,0.8074404423202572,0.005196983651183495,0.1873625740285589,3,15,fold_3,fold,3
165,A,0.6382520764998227,0.005356828820217741,0.35639109467995994,3,15,fold_3,fold,3
165,C,0.8065044922482725,0.005102949683669084,0.18839255806805852,3,15,fold_3,fold,3
166,A,0.6373127685854441,0.005236809428883689,0.35745042198567156,3,15,fold_3,fold,3
166,C,0.8055867067871326,0.005009500329474509,0.1894037928833935,3,15,fold_3,fold,3
167,A,0.636395063764736,0.005118972292948558,0.35848596394231574,3,15,fold_3,fold,3
167,C,0.8046869116336477,0.004916687709978448,0.1903964006563746,3,15,fold_3,fold,3
168,A,0.6354985460971244,0.005003298753590032,0.35949815514928485,3,15,fold_3,fold,3
168,C,0.8038049251467235,0.004824561141269834,0.19137051371200642,3,15,fold_3,fold,3
169,A,0.6346228042756128,0.004889769333131463,0.36048742639125586,3,15,fold_3,fold,3
169,C,0.8029405588689591,0.0047331671701083084,0.19232627396093335,3,15,fold_3,fold,3
170,A,0.6337674317221362,0.0047783637971731945,0.36145420448069066,3,15,fold_3,fold,3
170,C,0.8020936180352346,0.004642549615152139,0.19326383234961297,3,15,fold_3,fold,3
171,A,0.6329320266743342,0.004669061213250424,0.362398912112415,3,15,fold_3,fold,3
171,C,0.8012639020677799,0.004552749612995417,0.19418334831922496,3,15,fold_3,fold,3
172,A,0.6321161922641408,0.004561840006260214,0.3633219677295985,3,15,fold_3,fold,3
172,C,0.8004512050572126,0.004463805668562357,0.19508498927422582,3,15,fold_3,fold,3
173,A,0.6313195365885963,0.004456678010885713,0.36422378540051864,3,15,fold_3,fold,3
173,C,0.7996553162292025,0.004375753709411908,0.1959689300613864,3,15,fold_3,fold,3
174,A,0.6305416727732465,0.004353552521227952,0.36510477470552555,3,15,fold_3,fold,3
174,C,0.7988760203964349,0.004288627143523946,0.1968353524600412,3,15,fold_3,fold,3
175,A,0.6297822190284905,0.00425244033783704,0.36596534063367137,3,15,fold_3,fold,3
175,C,0.7981130983956297,0.004202456920158374,0.19768444468421162,3,15,fold_3,fold,3
176,A,0.6290407986991806,0.004153317812319335,0.3668058834884999,3,15,fold_3,fold,3
176,C,0.7973663275094308,0.004117271593395101,0.19851640089717462,3,15,fold_3,fold,3
177,A,0.6283170403077906,0.004056160889683772,0.36762679880252597,3,15,fold_3,fold,3
177,C,0.7966354818730471,0.004033097387977461,0.19933142073897503,3,15,fold_3,fold,3
178,A,0.6276105775914453,0.003960945148577307,0.3684284772599773,3,15,fold_3,fold,3
178,C,0.7959203328655944,0.003949958267098207,0.20012970886730835,3,15,fold_3,fold,3
179,A,0.6269210495330754,0.0038676458395461785,0.3692113046273783,3,15,fold_3,fold,3
179,C,0.795220649486093,0.003867876001785606,0.2009114745121232,3,15,fold_3,fold,3
180,A,0.6262481003869497,0.0037762379214475988,0.36997566169160184,3,15,fold_3,fold,3
180,C,0.7945361987141942,0.003786870241566892,0.20167693104423903,3,15,fold_3,fold,3
181,A,0.6255913796988485,0.0036866960961250694,0.3707219242050268,3,15,fold_3,fold,3
181,C,0.7938667458557015,0.0037069585861040466,0.20242629555819444,3,15,fold_3,fold,3
182,A,0.624950542321087,0.0035989948414505055,0.37145046283746247,3,15,fold_3,fold,3
182,C,0.7932120548729882,0.0036281566575156214,0.20315978846949662,3,15,fold_3,fold,3
183,A,0.6243252484226358,0.003513108442826957,0.3721616431345369,3,15,fold_3,fold,3
183,C,0.7925718887005029,0.003550478173116107,0.2038776331263815,3,15,fold_3,fold,3
184,A,0.6237151634945379,0.00342901102323677,0.37285582548222546,3,15,fold_3,fold,3
184,C,0.7919460095455327,0.003473935018322859,0.2045800554361449,3,15,fold_3,fold,3
185,A,0.6231199583508318,0.003346676571912167,0.37353336507725615,3,15,fold_3,fold,3
185,C,0.7913341791744547,0.0033985373194985314,0.2052672835060479,3,15,fold_3,fold,3
186,A,0.6225393091251792,0.003266078971698175,0.37419461190312225,3,15,fold_3,fold,3
186,C,0.7907361591847158,0.0033242935165145758,0.20593954729876993,3,15,fold_3,fold,3
187,A,0.6219728972633953,0.0031871920251724138,0.3748399107114327,3,15,fold_3,fold,3
187,C,0.7901517112628322,0.0032512104348403673,0.20659707830232857,3,15,fold_3,fold,3
188,A,0.6214204095120579,0.003109989479571919,0.3754696010083689,3,15,fold_3,fold,3
188,C,0.7895805974286783,0.0031792933569680364,0.207240109214354,3,15,fold_3,fold,3
189,A,0.6208815379033867,0.003034445050589568,0.3760840170460229,3,15,fold_3,fold,3
189,C,0.7890225802664086,0.0031085460930211153,0.20786887364056914,3,15,fold_3,fold,3
190,A,0.6203559797365482,0.0029605324450825226,0.37668348781836825,3,15,fold_3,fold,3
190,C,0.7884774231423084,0.0030389710503922265,0.20848360580729802,3,15,fold_3,fold,3
191,A,0.6198434375555838,0.002888225382734859,0.3772683370616819,3,15,fold_3,fold,3
191,C,0.7879448904099358,0.0029705693022740636,0.2090845402877911,3,15,fold_3,fold,3
192,A,0.6193436191241005,0.002817497616713205,0.37783888325918624,3,15,fold_3,fold,3
192,C,0.7874247476029012,0.0029033406549630997,0.20967191174213604,3,15,fold_3,fold,3
193,A,0.6188562373969086,0.0027483229533527926,0.37839543964973843,3,15,fold_3,fold,3
193,C,0.7869167616156686,0.002837283713830766,0.21024595467050142,3,15,fold_3,fold,3
194,A,0.6183810104887469,0.0026806752709074813,0.3789383142403454,3,15,fold_3,fold,3
194,C,0.7864207008727031,0.00277239594786903,0.21080690317942818,3,15,fold_3,fold,3
195,A,0.6179176616402512,0.0026145285373942295,0.37946780982235484,3,15,fold_3,fold,3
195,C,0.7859363354863852,0.0027086737527286277,0.21135499076088504,3,15,fold_3,fold,3
196,A,0.6174659191813294,0.00254985682756011,0.3799842239911114,3,15,fold_3,fold,3
196,C,0.7854634374040478,0.0026461125121796294,0.21189045008377264,3,15,fold_3,fold,3
197,A,0.6170255164920674,0.0024866343389986093,0.38048784916893347,3,15,fold_3,fold,3
197,C,0.7850017805445093,0.00258470665793507,0.21241351279755497,3,15,fold_3,fold,3
198,A,0.6165961919613335,0.0024248354074403664,0.3809789726312262,3,15,fold_3,fold,3
198,C,0.7845511409245155,0.0025244497277893164,0.21292440934769494,3,15,fold_3,fold,3
199,A,0.6161776889431936,0.0023644345212422897,0.3814578765355647,3,15,fold_3,fold,3
199,C,0.7841112967754308,0.00246533442203168,0.2134233688025372,3,15,fold_3,fold,3
200,A,0.6157697557112943,0.0023054063350975854,0.3819248379536092,3,15,fold_3,fold,3
200,C,0.7836820286505906,0.002407352658105054,0.21391061869130354,3,15,fold_3,fold,3
201,A,0.6153721454113351,0.0022477256829882917,0.3823801289056761,3,15,fold_3,fold,3
201,C,0.7832631195236702,0.0023504956234872082,0.21438638485284273,3,15,fold_3,fold,3
202,A,0.6149846160117648,0.002191367590401183,0.3828240163978333,3,15,fold_3,fold,3
202,C,0.7828543548784453,0.0022947538267802233,0.214850891294774,3,15,fold_3,fold,3
203,A,0.6146069302528129,0.002136307285827262,0.3832567624613593,3,15,fold_3,fold,3
203,C,0.7824555227903264,0.002240117147000728,0.2153043600626729,3,15,fold_3,fold,3
204,A,0.614238855593998,0.0020825202115645454,0.3836786241944376,3,15,fold_3,fold,3
204,C,0.7820664139999988,0.002186574881069724,0.2157470111189324,3,15,fold_3,fold,3
205,A,0.6138801641602165,0.0020299820338434056,0.38408985380593996,3,15,fold_3,fold,3
205,C,0.7816868219795505,0.0021341157895071045,0.2161790622309425,3,15,fold_3,fold,3
206,A,0.613530632686533,0.0019786686522933485,0.38449069866117463,3,15,fold_3,fold,3
206,C,0.7813165429914274,0.0020827281403411097,0.21660072886823228,3,15,fold_3,fold,3
207,A,0.6131900424617774,0.0019285562087705773,0.38488140132945187,3,15,fold_3,fold,3
207,C,0.7809553761405383,0.0020323997512494457,0.2170122241082132,3,15,fold_3,fold,3
208,A,0.6128581792710689,0.0018796210955612817,0.3852621996333698,3,15,fold_3,fold,3
208,C,0.7806031234198793,0.0019831180299441802,0.21741375855017686,3,15,fold_3,fold,3
209,A,0.6125348333373531,0.0018318399629839003,0.38563332669966194,3,15,fold_3,fold,3
209,C,0.7802595897499668,0.0019348700128349419,0.21780554023719792,3,15,fold_3,fold,3
210,A,0.6122197992620741,0.0017851897264061333,0.3859950110115191,3,15,fold_3,fold,3
210,C,0.7799245830124093,0.0018876424019924902,0.2181877745855962,3,15,fold_3,fold,3
211,A,0.611912875965053,0.001739647572694141,0.38634747646225376,3,15,fold_3,fold,3
211,C,0.7795979140779299,0.0018414216004415394,0.21856066432162807,3,15,fold_3,fold,3
212,A,0.6116138666236939,0.001695190966111547,0.3866909424101943,3,15,fold_3,fold,3
212,C,0.7792793968291176,0.001796193745815384,0.21892440942506677,3,15,fold_3,fold,3
213,A,0.6113225786115974,0.0016517976536865526,0.3870256237347171,3,15,fold_3,fold,3
213,C,0.7789688481782325,0.00175194474240887,0.21927920707935808,3,15,fold_3,fold,3
214,A,0.6110388234366494,0.001609445670064902,0.38735173089328595,3,15,fold_3,fold,3
214,C,0.7786660880803058,0.0017086602916673809,0.21962525162802737,3,15,fold_3,fold,3
215,A,0.6107624166787088,0.001568113341866182,0.38766946997942503,3,15,fold_3,fold,3
215,C,0.7783709395418212,0.0016663259211503617,0.2199627345370282,3,15,fold_3,fold,3
216,A,0.6104931779269347,0.0015277792915605146,0.387979042781506,3,15,fold_3,fold,3
216,C,0.7780832286252488,0.0016249270120094704,0.22029184436274188,3,15,fold_3,fold,3
217,A,0.61023093071685,0.0014884224408830108,0.388280646842267,3,15,fold_3,fold,3
217,C,0.7778027844496587,0.001584448825022676,0.22061276672531896,3,15,fold_3,fold,3
218,A,0.6099755024672252,0.001450022013803159,0.3885744755189718,3,15,fold_3,fold,3
218,C,0.7775294391876794,0.0015448765252269884,0.22092568428709342,3,15,fold_3,fold,3
219,A,0.6097267244168174,0.0014125575390661715,0.3888607180441166,3,15,fold_3,fold,3
219,C,0.7772630280590251,0.0015061952051930508,0.22123077673578262,3,15,fold_3,fold,3
220,A,0.6094844315610722,0.0013760088523231343,0.3891395595866051,3,15,fold_3,fold,3
220,C,0.7770033893208034,0.001468389906985009,0.221528220772212,3,15,fold_3,fold,3
221,A,0.609248462588825,0.0013403560978665517,0.3894111813133092,3,15,fold_3,fold,3
221,C,0.7767503642548467,0.00143144564284949,0.2218181901023048,3,15,fold_3,fold,3
222,A,0.6090186598190732,0.0013055797299877964,0.38967576045093877,3,15,fold_3,fold,3
222,C,0.776503797152241,0.0013953474146775437,0.22210085543308164,3,15,fold_3,fold,3
223,A,0.6087948691378764,0.001271660513972687,0.38993347034815046,3,15,fold_3,fold,3
223,C,0.7762635352952757,0.001360080232283537,0.22237638447244099,3,15,fold_3,fold,3
224,A,0.6085769399354362,0.0012385795267512206,0.3901844805378124,3,15,fold_3,fold,3
224,C,0.7760294289369839,0.0013256291305445967,0.22264494193247233,3,15,fold_3,fold,3
225,A,0.6083647250434098,0.0012063181572172675,0.3904289567993723,3,15,fold_3,fold,3
225,C,0.775801331278463,0.0012919791854439512,0.2229066895360929,3,15,fold_3,fold,3
226,A,0.6081580806725093,0.0011748581062337381,0.390667061221257,3,15,fold_3,fold,3
226,C,0.7755790984441526,0.0012591155290611123,0.22316178602678605,3,15,fold_3,fold,3
227,A,0.6079568663504218,0.0011441813863386115,0.3908989522632406,3,15,fold_3,fold,3
227,C,0.7753625894552149,0.00122702336355162,0.22341038718123243,3,15,fold_3,fold,3
228,A,0.6077609448601083,0.0011142703211659642,0.3911247848187249,3,15,fold_3,fold,3
228,C,0.7751516662011999,0.0011956879741558749,0.22365264582464536,3,15,fold_3,fold,3
229,A,0.6075701821785202,0.0010851075445978584,0.391344710276881,3,15,fold_3,fold,3
229,C,0.774946193410113,0.001165094741281295,0.2238887118486054,3,15,fold_3,fold,3
230,A,0.6073844474157465,0.0010566759996608664,0.39155887658459304,3,15,fold_3,fold,3
230,C,0.7747460386170681,0.0011352291516965143,0.22411873223123488,3,15,fold_3,fold,3
231,A,0.6072036127546684,0.001028958937181072,0.3917674283081499,3,15,fold_3,fold,3
231,C,0.77455107213161,0.0011060768088765065,0.2243428510595138,3,15,fold_3,fold,3
232,A,0.6070275533911287,0.0010019399142111977,0.391970506694661,3,15,fold_3,fold,3
232,C,0.7743611670038753,0.0010776234425370552,0.2245612095535881,3,15,fold_3,fold,3
233,A,0.6068561474746372,9.75602792243236e-4,0.3921682497331189,3,15,fold_3,fold,3
233,C,0.7741761989896956,0.0010498549173964063,0.2247739460929077,3,15,fold_3,fold,3
234,A,0.6066892760496833,9.499317352196541e-4,0.3923607922150958,3,15,fold_3,fold,3
234,C,0.773996046514758,0.0010227572412007393,0.22498119624404206,3,15,fold_3,fold,3
235,A,0.6065268229976254,9.24911207355662e-4,0.3925482657950185,3,15,fold_3,fold,3
235,C,0.7738205906379237,9.96316572048823e-4,0.2251830927900273,3,15,fold_3,fold,3
236,A,0.6063686749792293,9.005259707847022e-4,0.39273079904998653,3,15,fold_3,fold,3
236,C,0.7736497150138366,9.705192250502057e-4,0.2253797657611155,3,15,fold_3,fold,3
237,A,0.6062147213778513,8.767610830390297e-4,0.39290851753910977,3,15,fold_3,fold,3
237,C,0.7734833058548626,9.453516783503162e-4,0.2255713424667883,3,15,fold_3,fold,3
238,A,0.6060648542432986,8.536018943768169e-4,0.3930815438623242,3,15,fold_3,fold,3
238,C,0.7733212518925275,9.208005785548964e-4,0.22575794752891767,3,15,fold_3,fold,3
239,A,0.6059189682363749,8.310340449668934e-4,0.39324999771865743,3,15,fold_3,fold,3
239,C,0.7731634443384628,8.968527455850925e-4,0.22593970291595145,3,15,fold_3,fold,3
240,A,0.6057769605741428,8.090434619417976e-4,0.3934139959639153,3,15,fold_3,fold,3
240,C,0.7730097768449878,8.734951769933776e-4,0.22611672797801755,3,15,fold_3,fold,3
241,A,0.6056387309758978,7.876163563294632e-4,0.3935736526677717,3,15,fold_3,fold,3
241,C,0.7728601454653916,8.507150517694886e-4,0.22628913948283855,3,15,fold_3,fold,3
242,A,0.6055041816098927,7.667392198734816e-4,0.3937290791702336,3,15,fold_3,fold,3
242,C,0.772714448613976,8.284997336644316e-4,0.22645705165235894,3,15,fold_3,fold,3
243,A,0.6053732170407953,7.463988217514822e-4,0.39388038413745413,3,15,fold_3,fold,3
243,C,0.772572587025949,8.068367740596746e-4,0.22662057619999315,3,15,fold_3,fold,3
244,A,0.6052457441779157,7.265822052008587e-4,0.39402767361688357,3,15,fold_3,fold,3
244,C,0.7724344637171928,7.857139144075121e-4,0.22677982236840075,3,15,fold_3,fold,3
245,A,0.6051216722241988,7.07276684060632e-4,0.3941710510917412,3,15,fold_3,fold,3
245,C,0.7722999839440209,7.651190882676357e-4,0.2269348969677126,3,15,fold_3,fold,3
246,A,0.6050009126259842,6.884698392379215e-4,0.39431061753477786,3,15,fold_3,fold,3
246,C,0.7721690551629127,7.450404229638757e-4,0.2270859044141229,3,15,fold_3,fold,3
247,A,0.6048833790235582,6.701495151071226e-4,0.3944464714613345,3,15,fold_3,fold,3
247,C,0.772041586990336,7.254662408842463e-4,0.2272329467687789,3,15,fold_3,fold,3
248,A,0.6047689872024823,6.523038158495006e-4,0.3945787089816683,3,15,fold_3,fold,3
248,C,0.7719174911626601,7.06385060445926e-4,0.22737612377689476,3,15,fold_3,fold,3
249,A,0.6046576550457143,6.349211017406402e-4,0.39470742385254476,3,15,fold_3,fold,3
249,C,0.7717966814962273,6.877855967468791e-4,0.22751553290702575,3,15,fold_3,fold,3
250,A,0.604549302486526,6.179899853928081e-4,0.39483270752808136,3,15,fold_3,fold,3
250,C,0.7716790738476254,6.696567619240087e-4,0.22765126939045005,3,15,fold_3,fold,3
251,A,0.6044438514622072,6.014993279588979e-4,0.3949546492098344,3,15,fold_3,fold,3
251,C,0.7715645860741789,6.519876652370675e-4,0.22778342626058443,3,15,fold_3,fold,3
252,A,0.6043412258685679,5.854382353043777e-4,0.395073335896127,3,15,fold_3,fold,3
252,C,0.7714531379947064,6.347676128967423e-4,0.22791209439239743,3,15,fold_3,fold,3
253,A,0.60424135151524,5.697960541533179e-4,0.39518885243060714,3,15,fold_3,fold,3
253,C,0.7713446513505824,6.179861076545212e-4,0.22803736254176374,3,15,fold_3,fold,3
254,A,0.6041441560817579,5.545623682142529e-4,0.39530128155002736,3,15,fold_3,fold,3
254,C,0.7712390497671181,6.016328481711092e-4,0.22815931738471049,3,15,fold_3,fold,3
255,A,0.6040495690744487,5.397269942913564e-4,0.395410703931259,3,15,fold_3,fold,3
255,C,0.7711362587153012,5.856977281793014e-4,0.22827804355652015,3,15,fold_3,fold,3
256,A,0.6039575217840955,5.252799783860688e-4,0.39551719823751846,3,15,fold_3,fold,3
256,C,0.7710362054738977,5.701708354564529e-4,0.22839362369064428,3,15,fold_3,fold,3
257,A,0.6038679472443895,5.112115917940774e-4,0.39562084116381563,3,15,fold_3,fold,3
257,C,0.7709388190919838,5.550424506209692e-4,0.22850613845739715,3,15,fold_3,fold,3
258,A,0.6037807801911715,4.97512327202247e-4,0.3957217074816261,3,15,fold_3,fold,3
258,C,0.7708440303518478,5.40303045766494e-4,0.22861566660238525,3,15,fold_3,fold,3
259,A,0.6036959570224363,4.841728947898411e-4,0.39581987008277436,3,15,fold_3,fold,3
259,C,0.7707517717323928,5.259432829468314e-4,0.22872228498465902,3,15,fold_3,fold,3
260,A,0.6036134157591156,4.7118421833811135e-4,0.3959154000225469,3,15,fold_3,fold,3
260,C,0.770661977372938,5.119540125238778e-4,0.2288260686145386,3,15,fold_3,fold,3
261,A,0.6035330960066233,4.5853743135207864e-4,0.39600836656202343,3,15,fold_3,fold,3
261,C,0.7705745830375129,4.983262713902622e-4,0.22892709069109862,3,15,fold_3,fold,3
262,A,0.6034549389171654,4.462238731981045e-4,0.3960988372096358,3,15,fold_3,fold,3
262,C,0.7704895260796338,4.850512810777595e-4,0.22902542263928877,3,15,fold_3,fold,3
263,A,0.6033788871527853,4.342350852605933e-4,0.3961868777619532,3,15,fold_3,fold,3
263,C,0.7704067454075709,4.7212044576190024e-4,0.22912113414666588,3,15,fold_3,fold,3
264,A,0.6033048848491732,4.225628071209661e-4,0.3962725523437059,3,15,fold_3,fold,3
264,C,0.7703261814501167,4.595253501726954e-4,0.22921429319971026,3,15,fold_3,fold,3
265,A,0.6032328775801948,4.111989727618206e-4,0.3963559234470424,3,15,fold_3,fold,3
265,C,0.770247776122854,4.472577574207839e-4,0.22930496611972467,3,15,fold_3,fold,3
266,A,0.6031628123231653,4.001357067989871e-4,0.39643705197003626,3,15,fold_3,fold,3
266,C,0.7701714727949681,4.3530960674783447e-4,0.22939321759828465,3,15,fold_3,fold,3
267,A,0.603094637424824,3.8936532074396993e-4,0.3965159972544319,3,15,fold_3,fold,3
267,C,0.7700972162565567,4.236730112094745e-4,0.22947911073223365,3,15,fold_3,fold,3
268,A,0.6030283025680403,3.7888030929917655e-4,0.3965928171226602,3,15,fold_3,fold,3
268,C,0.7700249526864886,4.12340255298587e-4,0.2295627070582116,3,15,fold_3,fold,3
269,A,0.6029637587392083,3.686733466879683e-4,0.3966675679141028,3,15,fold_3,fold,3
269,C,0.7699546296207843,4.013037925163243e-4,0.22964406658669828,3,15,fold_3,fold,3
270,A,0.6029009581963393,3.587372830215462e-4,0.3967403045206385,3,15,fold_3,fold,3
270,C,0.7698861959215345,3.905562428977479e-4,0.22972324783556863,3,15,fold_3,fold,3
271,A,0.602839854437843,3.490651407044781e-4,0.3968110804214527,3,15,fold_3,fold,3
271,C,0.7698196017463541,3.800903904985888e-4,0.22980030786314753,3,15,fold_3,fold,3
272,A,0.6027804021719717,3.3965011088051613e-4,0.39687994771714685,3,15,fold_3,fold,3
272,C,0.7697547985183858,3.69899180849234e-4,0.2298753023007631,3,15,fold_3,fold,3
273,A,0.6027225572869461,3.304855499201894e-4,0.3969469571631332,3,15,fold_3,fold,3
273,C,0.7696917388968368,3.5997571838162476e-4,0.2299482853847818,3,15,fold_3,fold,3
274,A,0.6026662768217186,3.2156497595150764e-4,0.3970121582023295,3,15,fold_3,fold,3
274,C,0.769630376748036,3.503132638344255e-4,0.2300193099881303,3,15,fold_3,fold,3
275,A,0.602611518937395,3.12882065434996e-4,0.3970755989971698,3,15,fold_3,fold,3
275,C,0.769570667117062,3.409052316414585e-4,0.23008842765129686,3,15,fold_3,fold,3
276,A,0.6025582428892847,3.044306497841444e-4,0.3971373264609308,3,15,fold_3,fold,3
276,C,0.7695125661998855,3.31745187308057e-4,0.2301556886128062,3,15,fold_3,fold,3
277,A,0.6025064089995781,2.9620471203222804e-4,0.39719738628838963,3,15,fold_3,fold,3
277,C,0.7694560313160456,3.228268447796974e-4,0.23022114183917433,3,15,fold_3,fold,3
278,A,0.6024559786306357,2.881983835463413e-4,0.3972558229858177,3,15,fold_3,fold,3
278,C,0.7694010208818636,3.1414406380695633e-4,0.2302848350543283,3,15,fold_3,fold,3
279,A,0.6024069141588868,2.8040594078937756e-4,0.3973126799003235,3,15,fold_3,fold,3
279,C,0.7693474943841814,3.056908473105667e-4,0.2303468147685078,3,15,fold_3,fold,3
280,A,0.6023591789493195,2.728218021305729e-4,0.39736799924855043,3,15,fold_3,fold,3
280,C,0.7692954123546173,2.974613387500594e-4,0.2304071263066332,3,15,fold_3,fold,3
281,A,0.6023127373305492,2.65440524705156e-4,0.3974218221447445,3,15,fold_3,fold,3
281,C,0.7692447363443483,2.8944981949924705e-4,0.23046581383615256,3,15,fold_3,fold,3
282,A,0.6022675545704773,2.582568013235213e-4,0.39747418862819883,3,15,fold_3,fold,3
282,C,0.7691954288994066,2.81650706231542e-4,0.23052292039436192,3,15,fold_3,fold,3
283,A,0.602223596852489,2.5126545743028557e-4,0.39752513769008063,3,15,fold_3,fold,3
283,C,0.7691474535364758,2.740585483178833e-4,0.23057848791520522,3,15,fold_3,fold,3
284,A,0.6021808312522265,2.4446144811348134e-4,0.39757470729966,3,15,fold_3,fold,3
284,C,0.769100774719205,2.666680252398288e-4,0.2306325572555548,3,15,fold_3,fold,3
285,A,0.6021392257148918,2.3783985516408253e-4,0.3976229344299438,3,15,fold_3,fold,3
285,C,0.7690553578350043,2.5947394402016307e-4,0.23068516822097557,3,15,fold_3,fold,3
286,A,0.6020987490330871,2.3139588418596247e-4,0.39766985508272623,3,15,fold_3,fold,3
286,C,0.7690111691723496,2.5247123667317806e-4,0.23073635959097852,3,15,fold_3,fold,3
287,A,0.6020593708251771,2.2512486175632686e-4,0.3977155043130681,3,15,fold_3,fold,3
287,C,0.7689681758985571,2.4565495767658597e-4,0.2307861691437655,3,15,fold_3,fold,3
288,A,0.6020210615141578,2.1902223263664197e-4,0.39775991625320517,3,15,fold_3,fold,3
288,C,0.768926346038061,2.3902028146691984e-4,0.2308346336804723,3,15,fold_3,fold,3
289,A,0.6019837923070455,2.1308355703392138e-4,0.39780312413592156,3,15,fold_3,fold,3
289,C,0.7688856484511286,2.325624999599779e-4,0.23088178904891044,3,15,fold_3,fold,3
290,A,0.6019475351747289,2.0730450791224376e-4,0.3978451603173576,3,15,fold_3,fold,3
290,C,0.7688460528130847,2.2627702009785463e-4,0.23092767016681787,3,15,fold_3,fold,3
291,A,0.6019122628323392,2.0168086835434783e-4,0.3978860562993067,3,15,fold_3,fold,3
291,C,0.7688075295939563,2.201593614238773e-4,0.2309723110446213,3,15,fold_3,fold,3
292,A,0.601877948720057,1.9620852897304022e-4,0.3979258427509706,3,15,fold_3,fold,3
292,C,0.7687700500385974,2.1420515368666853e-4,0.23101574480771583,3,15,fold_3,fold,3
293,A,0.6018445669844129,1.908834853721536e-4,0.39796454953021543,3,15,fold_3,fold,3
293,C,0.7687335861472537,2.0841013447440093e-4,0.23105800371827032,3,15,fold_3,fold,3
294,A,0.6018120924600222,1.8570183565670803e-4,0.3980022057043208,3,15,fold_3,fold,3
294,C,0.7686981106565595,2.027701468801998e-4,0.23109911919656073,3,15,fold_3,fold,3
295,A,0.6017805006517754,1.8065977799193046e-4,0.39803883957023295,3,15,fold_3,fold,3
295,C,0.7686635970209627,1.9728113719953884e-4,0.23113912184183774,3,15,fold_3,fold,3
296,A,0.6017497677174529,1.7575360821072626e-4,0.39807447867433676,3,15,fold_3,fold,3
296,C,0.7686300193945954,1.9193915266037186e-4,0.23117804145274473,3,15,fold_3,fold,3
297,A,0.6017198704507748,1.7097971746918053e-4,0.39810914983175444,3,15,fold_3,fold,3
297,C,0.7685973526135373,1.8674033918663512e-4,0.23121590704727485,3,15,fold_3,fold,3
298,A,0.6016907862648686,1.66334589949625e-4,0.3981428791451828,3,15,fold_3,fold,3
298,C,0.7685655721785107,1.8168093919567393e-4,0.2312527468822933,3,15,fold_3,fold,3
299,A,0.6016624931761241,1.6181480061077923e-4,0.39817569202326397,3,15,fold_3,fold,3
299,C,0.7685346542379533,1.767572894300417e-4,0.23128858847261693,3,15,fold_3,fold,3
300,A,0.6016349697884824,1.5741701298446794e-4,0.39820761319853304,3,15,fold_3,fold,3
300,C,0.7685045755715108,1.7196581882406584e-4,0.2313234586096657,3,15,fold_3,fold,3
301,A,0.6016081952780792,1.5313797701835917e-4,0.3982386667449029,3,15,fold_3,fold,3
301,C,0.7684753135739063,1.6730304640546987e-4,0.23135738337968909,3,15,fold_3,fold,3
302,A,0.6015821493782927,1.4897452696419034e-4,0.39826887609474215,3,15,fold_3,fold,3
302,C,0.7684468462391865,1.6276557923229585e-4,0.23139038818158036,3,15,fold_3,fold,3
303,A,0.6015568123651582,1.449235793108921e-4,0.39829826405553037,3,15,fold_3,fold,3
303,C,0.7684191521453564,1.583501103652868e-4,0.23142249774427898,3,15,fold_3,fold,3
304,A,0.6015321650431421,1.4098213076203304e-4,0.3983268528260966,3,15,fold_3,fold,3
304,C,0.7683922104393556,1.540534168758407e-4,0.23145373614376885,3,15,fold_3,fold,3
305,A,0.6015081887312744,1.3714725625697113e-4,0.3983546640124678,3,15,fold_3,fold,3
305,C,0.7683660008224248,1.498723578895832e-4,0.2314841268196858,3,15,fold_3,fold,3
306,A,0.6014848652496428,1.334161070351075e-4,0.39838171864332184,3,15,fold_3,fold,3
306,C,0.7683405035357952,1.458038726655563e-4,0.23151369259153803,3,15,fold_3,fold,3
307,A,0.6014621769062022,1.2978590874259752e-4,0.3984080371850548,3,15,fold_3,fold,3
307,C,0.7683156993467501,1.4184497871097096e-4,0.23154245567453977,3,15,fold_3,fold,3
308,A,0.6014401064839411,1.262539595809149e-4,0.3984336395564787,3,15,fold_3,fold,3
308,C,0.768291569534991,1.3799276993143748e-4,0.23157043769507707,3,15,fold_3,fold,3
309,A,0.6014186372283541,1.2281762849658607e-4,0.39845854514314993,3,15,fold_3,fold,3
309,C,0.7682680958793766,1.3424441481652043e-4,0.2315976597058058,3,15,fold_3,fold,3
310,A,0.6013977528352472,1.1947435341146363e-4,0.39848277281134126,3,15,fold_3,fold,3
310,C,0.7682452606449505,1.3059715466044313e-4,0.23162414220038996,3,15,fold_3,fold,3
311,A,0.6013774374388441,1.1622163949287949e-4,0.39850634092166265,3,15,fold_3,fold,3
311,C,0.7682230465702969,1.27048301817739e-4,0.23164990512788586,3,15,fold_3,fold,3
312,A,0.6013576756001954,1.1305705746302171e-4,0.39852926734234156,3,15,fold_3,fold,3
312,C,0.7682014368552218,1.235952379936083e-4,0.23167496790678554,3,15,fold_3,fold,3
313,A,0.6013384522958876,1.0997824194686725e-4,0.39855156946216547,3,15,fold_3,fold,3
313,C,0.7681804151487152,1.2023541256869618e-4,0.231699349438717,3,15,fold_3,fold,3
314,A,0.6013197529070378,1.0698288985800434e-4,0.3985732642031046,3,15,fold_3,fold,3
314,C,0.7681599655372283,1.1696634095800082e-4,0.23172306812181312,3,15,fold_3,fold,3
315,A,0.6013015632085714,1.0406875882167766e-4,0.39859436803260806,3,15,fold_3,fold,3
315,C,0.7681400725332336,1.1378560300358096e-4,0.23174614186376175,3,15,fold_3,fold,3
316,A,0.6012838693587751,1.0123366563439295e-4,0.3986148969755906,3,15,fold_3,fold,3
316,C,0.7681207210640703,1.1069084140071975e-4,0.231768588094529,3,15,fold_3,fold,3
317,A,0.6012666578891191,9.847548475941521e-5,0.39863486662612235,3,15,fold_3,fold,3
317,C,0.7681018964610662,1.0767976015717716e-4,0.23179042377877535,3,15,fold_3,fold,3
318,A,0.6012499156943377,9.579214685749411e-5,0.39865429215880493,3,15,fold_3,fold,3
318,C,0.7680835844489429,1.0475012308514768e-4,0.23181166542797138,3,15,fold_3,fold,3
319,A,0.6012336300227709,9.318163735215875e-5,0.39867318833987536,3,15,fold_3,fold,3
319,C,0.7680657711354697,1.0189975232551918e-4,0.2318323291122045,3,15,fold_3,fold,3
320,A,0.6012177884669576,9.064199502892066e-5,0.3986915695380144,3,15,fold_3,fold,3
320,C,0.7680484430013933,9.91265269040197e-5,0.23185243047170373,3,15,fold_3,fold,3
321,A,0.6012023789544532,8.817131066773006e-5,0.3987094497348799,3,15,fold_3,fold,3
321,C,0.7680315868906078,9.642838131882305e-5,0.23187198472807263,3,15,fold_3,fold,3
322,A,0.6011873897389167,8.576772570804057e-5,0.39872684253537444,3,15,fold_3,fold,3
322,C,0.768015190000592,9.380330415917611e-5,0.23189100669524865,3,15,fold_3,fold,3
323,A,0.601172809391407,8.342943094582746e-5,0.3987437611776475,3,15,fold_3,fold,3
323,C,0.7679992398730653,9.124933675459428e-5,0.23190951079018177,3,15,fold_3,fold,3
324,A,0.60115862679190335,8.115466526192857e-5,0.3987602185428343,3,15,fold_3,fold,3
324,C,0.7679837243848949,8.876457185417261e-5,0.2319275110432499,3,15,fold_3,fold,3
325,A,0.6011448311210654,7.894171438106812e-5,0.39877622716455363,3,15,fold_3,fold,3
325,C,0.7679686317392449,8.6347152335546e-5,0.231945021108419,3,15,fold_3,fold,3
326,A,0.6011314118521884,7.678890966093537e-5,0.3987917992381502,3,15,fold_3,fold,3
326,C,0.7679539504569226,8.399526994302637e-5,0.23196205427313493,3,15,fold_3,fold,3
327,A,0.6011183587433824,7.469462691069833e-5,0.39880694662970606,3,15,fold_3,fold,3
327,C,0.7679396693679692,8.170716405444318e-5,0.23197862346797707,3,15,fold_3,fold,3
328,A,0.6011056618299468,7.265728523834035e-5,0.3988216808848144,3,15,fold_3,fold,3
328,C,0.7679257776034624,7.948112047621411e-5,0.23199474127606193,3,15,fold_3,fold,3
329,A,0.6010933114169493,7.067534592620502e-5,0.3988360132371254,3,15,fold_3,fold,3
329,C,0.7679122645875192,7.731547026615305e-5,0.23201041994221397,3,15,fold_3,fold,3
330,A,0.601081298071996,6.87473113341522e-5,0.3988499546166699,3,15,fold_3,fold,3
330,C,0.7678991200295192,7.520858858353752e-5,0.232025671381897,3,15,fold_3,fold,3
331,A,0.6010696126181979,6.687172382973502e-5,0.39886351565797223,3,15,fold_3,fold,3
331,C,0.7678863339165122,7.315889356595015e-5,0.23204050718992267,3,15,fold_3,fold,3
332,A,0.6010582461273135,6.504716474481142e-5,0.39887670670794106,3,15,fold_3,fold,3
332,C,0.7678738965058302,7.116484523241249e-5,0.23205493864893736,3,15,fold_3,fold,3
333,A,0.6010471899130758,6.327225335801587e-5,0.39888953783356534,3,15,fold_3,fold,3
333,C,0.7678617983178979,6.922494441232157e-5,0.2320689767376891,3,15,fold_3,fold,3
334,A,0.6010364355246971,6.154564590252059e-5,0.3989020188293994,3,15,fold_3,fold,3
334,C,0.7678500301292136,6.733773169970749e-5,0.23208263213908564,3,15,fold_3,fold,3
335,A,0.6010259747405419,5.986603459852683e-5,0.3989141592248597,3,15,fold_3,fold,3
335,C,0.7678385829655218,6.550178643232872e-5,0.23209591524804551,3,15,fold_3,fold,3
336,A,0.6010157995619638,5.8232146709937704e-5,0.39892596829132737,3,15,fold_3,fold,3
336,C,0.7678274480951605,6.371572569512718e-5,0.23210883617914477,3,15,fold_3,fold,3
337,A,0.6010059022073135,5.6642743624666765e-5,0.3989374550490613,3,15,fold_3,fold,3
337,C,0.7678166170225826,6.197820334756361e-5,0.23212140477407128,3,15,fold_3,fold,3
338,A,0.600996275106103,5.5096619958052535e-5,0.3989486282739384,3,15,fold_3,fold,3
338,C,0.7678060814820454,6.0287909074361206e-5,0.23213363060888018,3,15,fold_3,fold,3
339,A,0.6009869108933136,5.359260267885036e-5,0.39895949650400725,3,15,fold_3,fold,3
339,C,0.7677958334314674,5.8643567459185524e-5,0.23214552300107238,3,15,fold_3,fold,3
340,A,0.6009778024038678,5.212955025728751e-5,0.3989700680458751,3,15,fold_3,fold,3
340,C,0.7677858650464398,5.7043937080793674e-5,0.23215709101647788,3,15,fold_3,fold,3
341,A,0.6009689426672442,5.070635183467511e-5,0.3989803509809216,3,15,fold_3,fold,3
341,C,0.7677761687143998,5.548780963119234e-5,0.23216834347596882,3,15,fold_3,fold,3
342,A,0.6009603249022297,4.932192641407619e-5,0.39899035317135595,3,15,fold_3,fold,3
342,C,0.767766737028949,5.397400905534464e-5,0.23217928896199408,3,15,fold_3,fold,3
343,A,0.6009519425118199,4.797522207154382e-5,0.3990000822661097,3,15,fold_3,fold,3
343,C,0.7677575627843406,5.250139071197556e-5,0.23218993582494887,3,15,fold_3,fold,3
344,A,0.6009437890782444,4.66652151874461e-5,0.3990095457065688,3,15,fold_3,fold,3
344,C,0.7677486389700762,5.106884055502566e-5,0.23220029218937044,3,15,fold_3,fold,3
345,A,0.6009358583581361,4.53909096974078e-5,0.3990187507321667,3,15,fold_3,fold,3
345,C,0.7677399587656831,4.9675274335313744e-5,0.2322103659599807,3,15,fold_3,fold,3
346,A,0.6009281442778203,4.415133636240673e-5,0.3990277043858174,3,15,fold_3,fold,3
346,C,0.7677315155356081,4.8319636821969604e-5,0.2322201648275686,3,15,fold_3,fold,3
347,A,0.6009206409287339,4.294555205756834e-5,0.39903641351920915,3,15,fold_3,fold,3
347,C,0.7677233028242438,4.7000901043206306e-5,0.23222969627471293,3,15,fold_3,fold,3
348,A,0.6009133425629613,4.177263907921845e-5,0.39904488479796024,3,15,fold_3,fold,3
348,C,0.767715314351093,4.571806754601042e-5,0.23223896758136223,3,15,fold_3,fold,3
349,A,0.6009062435888978,4.063170446975267e-5,0.39905312470663235,3,15,fold_3,fold,3
349,C,0.7677075440060597,4.447016367432725e-5,0.23224798583026607,3,15,fold_3,fold,3
350,A,0.6008993385670229,3.9521879359897084e-5,0.39906113955361816,3,15,fold_3,fold,3
350,C,0.7676999858448708,4.325624286533019e-5,0.2322567579122654,3,15,fold_3,fold,3
351,A,0.600892622205784,3.844231832794074e-5,0.39906893547588695,3,15,fold_3,fold,3
351,C,0.7676926340845974,4.207538396336851e-5,0.2322652905314376,3,15,fold_3,fold,3
352,A,0.6008860893576017,3.7392198775531066e-5,0.39907651844362185,3,15,fold_3,fold,3
352,C,0.7676854830993312,4.0926690551194807e-5,0.2322735902101174,3,15,fold_3,fold,3
353,A,0.6008797350149657,3.63707203196281e-5,0.3990838942647144,3,15,fold_3,fold,3
353,C,0.7676785274159299,3.9809290298076516e-5,0.23228166329377267,3,15,fold_3,fold,3
354,A,0.6008735543066475,3.537710420022425e-5,0.3990910685891528,3,15,fold_3,fold,3
354,C,0.7676717617099144,3.8722334324407486e-5,0.23228951595576158,3,15,fold_3,fold,3
355,A,0.6008675424940118,3.441059270344501e-5,0.39909804691328565,3,15,fold_3,fold,3
355,C,0.7676651808014588,3.7664996582437305e-5,0.23229715420196015,3,15,fold_3,fold,3
356,A,0.6008616949674227,3.347044859965168e-5,0.3991048345839776,3,15,fold_3,fold,3
356,C,0.767658779651481,3.663647325274539e-5,0.23230458387526642,3,15,fold_3,fold,3
357,A,0.6008560072427526,3.255595459617863e-5,0.3991114368026517,3,15,fold_3,fold,3
357,C,0.7676525533578523,3.563598215609499e-5,0.23231181065998927,3,15,fold_3,fold,3
358,A,0.6008504749579769,3.166641280434203e-5,0.39911785862921867,3,15,fold_3,fold,3
358,C,0.767646497151701,3.466276218030419e-5,0.23231884008611908,3,15,fold_3,fold,3
359,A,0.6008450938698682,3.0801144220368116e-5,0.3991241049859112,3,15,fold_3,fold,3
359,C,0.7676406063937986,3.371607272178133e-5,0.2323256775334811,3,15,fold_3,fold,3
360,A,0.600839859850775,2.9959488219894212e-5,0.39913018066100553,3,15,fold_3,fold,3
360,C,0.7676348765710724,3.279519314137919e-5,0.23233232823578664,3,15,fold_3,fold,3
361,A,0.6008347688854844,2.914080206570432e-5,0.3991360903124497,3,15,fold_3,fold,3
361,C,0.7676293032931943,3.189942223422632e-5,0.2323387972845708,3,15,fold_3,fold,3
362,A,0.600829817068176,2.8344460428369894e-5,0.399141838471396,3,15,fold_3,fold,3
362,C,0.7676238822892569,3.102807771320115e-5,0.23234508963302958,3,15,fold_3,fold,3
363,A,0.6008250005994524,2.756985491947077e-5,0.39914742954562826,3,15,fold_3,fold,3
363,C,0.767618609404545,3.0180495705723667e-5,0.23235121009974988,3,15,fold_3,fold,3
364,A,0.600820315783451,2.681639363708187e-5,0.39915286782291237,3,15,fold_3,fold,3
364,C,0.767613480597392,2.9356030263542047e-5,0.2323571633723441,3,15,fold_3,fold,3
365,A,0.6008157590250338,2.608350072321593e-5,0.399158157474243,3,15,fold_3,fold,3
365,C,0.7676084919361245,2.855405288520161e-5,0.2323629540109891,3,15,fold_3,fold,3
0,A,0.999,9.999999999999998e-4,0,4,15,fold_3,fold,3
0,C,0.999,9.999999999999998e-4,0,4,15,fold_3,fold,3
1,A,0.9985801127402301,0.0012001273778114352,2.1975988195932242e-4,4,15,fold_3,fold,3
1,C,0.9987053547612285,0.001086051051436733,2.0859418733559594e-4,4,15,fold_3,fold,3
2,A,0.998112748431134,0.00140678034166788,4.8047122719842143e-4,4,15,fold_3,fold,3
2,C,0.998395000471773,0.0011706823709506685,0.00043431715727730536,4,15,fold_3,fold,3
3,A,0.9976100315920644,0.00160790480921648,7.820635987193101e-4,4,15,fold_3,fold,3
3,C,0.9980721453426797,0.00125127260628281,6.765820510388218e-4,4,15,fold_3,fold,3
4,A,0.99707617127453,0.0018008050205981826,0.001123023704872246,4,15,fold_3,fold,3
4,C,0.9977381117324516,0.0013273885318208646,9.344997357274743e-4,4,15,fold_3,fold,3
5,A,0.9965101546418696,0.0019879215688108124,0.0015019237893203938,4,15,fold_3,fold,3
5,C,0.9973929460621345,0.001399805021172883,0.0012072489166931484,4,15,fold_3,fold,3
6,A,0.9959091164090762,0.002172879891670149,0.0019180036992531724,4,15,fold_3,fold,3
6,C,0.9970361536695114,0.0014696314027122328,0.0014942149277777455,4,15,fold_3,fold,3
7,A,0.9952695697168805,0.002359256858829309,0.0023711734242899997,4,15,fold_3,fold,3
7,C,0.9966669924161539,0.0015380147940828516,0.0017949927897630436,4,15,fold_3,fold,3
8,A,0.9945877561000908,0.0025500680661561187,0.0028621758337528677,4,15,fold_3,fold,3
8,C,0.9962845544840432,0.0016060456075333038,0.0021093999084220777,4,15,fold_3,fold,3
9,A,0.9938608892827901,0.0027470259243103454,0.003392084792899969,4,15,fold_3,fold,3
9,C,0.9958881171324336,0.0016744258576628169,0.0024374570099035577,4,15,fold_3,fold,3
10,A,0.9930864806868487,0.0029513253109802154,0.003962194002171903,4,15,fold_3,fold,3
10,C,0.9954770134489184,0.0017436898020346944,0.0027792967490468724,4,15,fold_3,fold,3
11,A,0.9922619484645813,0.003163958098637658,0.004574093436781652,4,15,fold_3,fold,3
11,C,0.9950505421188849,0.0018143081733330818,0.003135149707781224,4,15,fold_3,fold,3
12,A,0.9913848949590407,0.0033856322863052143,0.005229472754654859,4,15,fold_3,fold,3
12,C,0.9946080481153035,0.0018866355049979482,0.0035053163796994655,4,15,fold_3,fold,3
13,A,0.9904528987668467,0.0036169172376292478,0.005930183995524494,4,15,fold_3,fold,3
13,C,0.9941488708630374,0.0019609639286757665,0.003890165208287981,4,15,fold_3,fold,3
14,A,0.9894642124744175,0.003858144374007542,0.006677643151573823,4,15,fold_3,fold,3
14,C,0.9936725353943174,0.002037464136896231,0.004290000468785391,4,15,fold_3,fold,3
15,A,0.9884160177799438,0.004109808148800938,0.0074741740712558095,4,15,fold_3,fold,3
15,C,0.9931782767611861,0.0021163892228942376,0.004705334015918893,4,15,fold_3,fold,3
16,A,0.9873055687590984,0.004372302033366817,0.008322129207535963,4,15,fold_3,fold,3
16,C,0.992665352333224,0.0021979356195538395,0.005136712047220317,4,15,fold_3,fold,3
17,A,0.9861303610882255,0.0046459021316856185,0.009223736780089285,4,15,fold_3,fold,3
17,C,0.9921330866970861,0.0022822334342214854,0.005584679868692988,4,15,fold_3,fold,3
18,A,0.984887929037448,0.004930847592747696,0.010181223369803582,4,15,fold_3,fold,3
18,C,0.991580813193939,0.0023693903354516303,0.006049796470607933,4,15,fold_3,fold,3
19,A,0.9835757736026621,0.005227364340472813,0.011196862056866241,4,15,fold_3,fold,3
19,C,0.9910078514379553,0.0024595076797270785,0.006532640882318047,4,15,fold_3,fold,3
20,A,0.9821913589069412,0.005535661888223315,0.012272979204834939,4,15,fold_3,fold,3
20,C,0.9904135036614636,0.0025526830404768576,0.007033813298058591,4,15,fold_3,fold,3
21,A,0.9807321265130997,0.005855926158954981,0.013411947327946582,4,15,fold_3,fold,3
21,C,0.9897970562778096,0.002649009626881374,0.007553934095309626,4,15,fold_3,fold,3
22,A,0.9791955089202731,0.006188315104457953,0.014616175975268536,4,15,fold_3,fold,3
22,C,0.9891577814151912,0.002748576190414562,0.008093642394394846,4,15,fold_3,fold,3
23,A,0.9775789399806708,0.006532956250749722,0.015888103768579097,4,15,fold_3,fold,3
23,C,0.9884949376077747,0.0028514675621190795,0.008653594830106377,4,15,fold_3,fold,3
24,A,0.9758798641968405,0.006889944396697628,0.017230191406461867,4,15,fold_3,fold,3
24,C,0.9878077700809016,0.002957765261203747,0.009234464657894181,4,15,fold_3,fold,3
25,A,0.9740957464130162,0.007259338785924262,0.018644914801059,4,15,fold_3,fold,3
25,C,0.9870955110363904,0.0030675478708629775,0.0098369410927483,4,15,fold_3,fold,3
26,A,0.9722240824103471,0.007641159829662584,0.020134757759989613,4,15,fold_3,fold,3
26,C,0.9863573800976037,0.0031808911540494723,0.01046172874834771,4,15,fold_3,fold,3
27,A,0.9702624104237774,0.008035385613502663,0.02170220396272022,4,15,fold_3,fold,3
27,C,0.9855925849311277,0.0032978679821442512,0.011109547086728618,4,15,fold_3,fold,3
28,A,0.9682083225579762,0.008441948585006789,0.023349728857017343,4,15,fold_3,fold,3
28,C,0.9848003219708404,0.003418548150934886,0.011781129878224834,4,15,fold_3,fold,3
29,A,0.9660594795707382,0.008860731502433137,0.02507978892682879,4,15,fold_3,fold,3
29,C,0.983979777418568,0.0035429980979588644,0.012477224483473152,4,15,fold_3,fold,3
30,A,0.9638136122914809,0.009291571899544155,0.026894815808975178,4,15,fold_3,fold,3
30,C,0.983130129698177,0.0036712811140724526,0.013198589187750564,4,15,fold_3,fold,3
31,A,0.9614685552999206,0.009734244079297967,0.028797200620780835,4,15,fold_3,fold,3
31,C,0.9822505475939715,0.0038034559432325687,0.013945996462794355,4,15,fold_3,fold,3
32,A,0.9590222655527291,0.010188454435353832,0.0307892800119171,4,15,fold_3,fold,3
32,C,0.9813401916158901,0.003939576258033258,0.014720232126075448,4,15,fold_3,fold,3
33,A,0.9564728256397845,0.010653848603602922,0.03287332575661295,4,15,fold_3,fold,3
33,C,0.9803982178791998,0.0040796908747661835,0.015522091246034658,4,15,fold_3,fold,3
34,A,0.9538184565368921,0.011130009807491199,0.03505153365561677,4,15,fold_3,fold,3
34,C,0.9794237797685896,0.004223843314470209,0.016352376916939096,4,15,fold_3,fold,3
35,A,0.951057536769247,0.011616453141598662,0.03732601008915506,4,15,fold_3,fold,3
35,C,0.9784160288782939,0.004372071040422803,0.017211900081284825,4,15,fold_3,fold,3
36,A,0.9481886214942323,0.01211262114401328,0.03969875736175532,4,15,fold_3,fold,3
36,C,0.9773741164748079,0.004524404741393718,0.018101478783798676,4,15,fold_3,fold,3
37,A,0.9452104598166495,0.01261788153103737,0.04217165865231279,4,15,fold_3,fold,3
37,C,0.9762971955726643,0.004680867710138292,0.01902193671719734,4,15,fold_3,fold,3
38,A,0.942122011039969,0.013131526044905851,0.04474646291512468,4,15,fold_3,fold,3
38,C,0.9751844232777417,0.004841475237095253,0.01997410148516256,4,15,fold_3,fold,3
39,A,0.9389224606521175,0.013652769635093308,0.04742476971279002,4,15,fold_3,fold,3
39,C,0.9740349631909484,0.005006233966115224,0.020958802842938436,4,15,fold_3,fold,3
40,A,0.9356112347224657,0.014180749961686933,0.050208015315846975,4,15,fold_3,fold,3
40,C,0.9728479876448441,0.00517514127521479,0.021976871079942017,4,15,fold_3,fold,3
41,A,0.9321880174800004,0.014714527246161159,0.05309745527383817,4,15,fold_3,fold,3
41,C,0.9716226805950147,0.005348184489214487,0.023029134915770903,4,15,fold_3,fold,3
42,A,0.9286527677621508,0.015253084942901809,0.05609414729494818,4,15,fold_3,fold,3
42,C,0.9703582406645396,0.005525340095602333,0.024116419239857818,4,15,fold_3,fold,3
43,A,0.9250057306896962,0.015795331500806135,0.059198937809497414,4,15,fold_3,fold,3
43,C,0.9690538838606234,0.005706573102248006,0.02523954303712877,4,15,fold_3,fold,3
44,A,0.9212474480378575,0.016340102816856848,0.06241244914528591,4,15,fold_3,fold,3
44,C,0.9677088463457529,0.005891836409909005,0.026399317244339623,4,15,fold_3,fold,3
45,A,0.9173787698556086,0.016886165302010567,0.06573506484238074,4,15,fold_3,fold,3
45,C,0.9663223876859147,0.0060810700866269635,0.027596542227458772,4,15,fold_3,fold,3
46,A,0.9134008653333222,0.01743221986205957,0.06916691480461755,4,15,fold_3,fold,3
46,C,0.9648937943844278,0.006274200611161522,0.028832005004409824,4,15,fold_3,fold,3
47,A,0.9093152307502973,0.017976906943075542,0.07270786230662694,4,15,fold_3,fold,3
47,C,0.9634223834277212,0.006471140169128551,0.030106476403150863,4,15,fold_3,fold,3
48,A,0.9051236945178118,0.018518812506101566,0.07635749297608573,4,15,fold_3,fold,3
48,C,0.9619075058141112,0.0066717860079638334,0.03142070817792516,4,15,fold_3,fold,3
49,A,0.9008284201955674,0.019056474803708725,0.08011510500072343,4,15,fold_3,fold,3
49,C,0.9603485501725092,0.006876019820492841,0.032775430006998674,4,15,fold_3,fold,3
50,A,0.896431907727064,0.01958839197435412,0.08397970029858053,4,15,fold_3,fold,3
50,C,0.9587449465279659,0.0070837071467016385,0.03417134632533218,4,15,fold_3,fold,3
51,A,0.8919369924817746,0.020113030477140796,0.0879499770410839,4,15,fold_3,fold,3
51,C,0.9570961701791567,0.0072946968092339245,0.03560913301160975,4,15,fold_3,fold,3
52,A,0.8873468415246593,0.020628834320080634,0.0920243241552605,4,15,fold_3,fold,3
52,C,0.9554017456092065,0.007508820407779969,0.03708943398301478,4,15,fold_3,fold,3
53,A,0.8826649471183244,0.02113423496752888,0.09620081791414736,4,15,fold_3,fold,3
53,C,0.953661250406662,0.007725891880464917,0.038612857712873906,4,15,fold_3,fold,3
54,A,0.8778951176452291,0.021627661806078,0.10047722054869301,4,15,fold_3,fold,3
54,C,0.9518743191977462,0.007945707133858936,0.04017997366839463,4,15,fold_3,fold,3
55,A,0.8730414660340646,0.022107553063192557,0.10485098090274271,4,15,fold_3,fold,3
55,C,0.9500406475799086,0.008168043746712376,0.041791308673379414,4,15,fold_3,fold,3
56,A,0.8681083956526486,0.022572367071774114,0.1093192372755779,4,15,fold_3,fold,3
56,C,0.9481599960263558,0.008392660757756415,0.04344734321588687,4,15,fold_3,fold,3
57,A,0.8631005836741953,0.023020593749959684,0.1138788225758446,4,15,fold_3,fold,3
57,C,0.9462321937263931,0.008619298548472478,0.04514850772513484,4,15,fold_3,fold,3
58,A,0.8580229620506611,0.02345076613834263,0.1185262718109963,4,15,fold_3,fold,3
58,C,0.9442571423326345,0.008847678829221304,0.04689517883814452,4,15,fold_3,fold,3
59,A,0.852880696300781,0.023861471827204012,0.12325783187201562,4,15,fold_3,fold,3
59,C,0.9422348195900857,0.00907750473530649,0.04868767567460775,4,15,fold_3,fold,3
60,A,0.8476791623231231,0.024251364114717674,0.1280694735621597,4,15,fold_3,fold,3
60,C,0.9401652828194011,0.009308461039511873,0.0505262561410884,4,15,fold_3,fold,3
61,A,0.8424239214419487,0.0246191727455841,0.132956905812468,4,15,fold_3,fold,3
61,C,0.9380486722226454,0.0095402144880473,0.052411113289307844,4,15,fold_3,fold,3
62,A,0.8371206939266475,0.024963714076968384,0.13791559199638406,4,15,fold_3,fold,3
62,C,0.9358852139787256,0.009772414266351934,0.05434237175492276,4,15,fold_3,fold,3
63,A,0.8317753312723507,0.02528390051510347,0.14294076821254603,4,15,fold_3,fold,3
63,C,0.9336752230967655,0.010004692599856486,0.0563200843033763,4,15,fold_3,fold,3
64,A,0.8263937875548342,0.02557874907612882,0.14802746336903586,4,15,fold_3,fold,3
64,C,0.9314191059968875,0.010236665493389904,0.05834422850972259,4,15,fold_3,fold,3
65,A,0.8209820901749385,0.02584738894630078,0.1531705208787609,4,15,fold_3,fold,3
65,C,0.9291173627879654,0.010467933611848487,0.06041470360018671,4,15,fold_3,fold,3
66,A,0.8155463103070066,0.026089067936192336,0.15836462175680135,4,15,fold_3,fold,3
66,C,0.9267705892122309,0.010698083303741864,0.06253132748402841,4,15,fold_3,fold,3
67,A,0.8100925333715315,0.026303157737349762,0.16360430889111807,4,15,fold_3,fold,3
67,C,0.9243794782276026,0.010926687767889033,0.06469383400450772,4,15,fold_3,fold,3
68,A,0.8046268298483679,0.026489157911769305,0.16888401223986377,4,15,fold_3,fold,3
68,C,0.921944821201036,0.01115330836151383,0.06690187043744965,4,15,fold_3,fold,3
69,A,0.799155226754219,0.026646698551455076,0.17419807469432663,4,15,fold_3,fold,3
69,C,0.9194675086868057,0.011377496047763577,0.0691549952654315,4,15,fold_3,fold,3
70,A,0.7936836800737102,0.02677554158761256,0.17954077833867807,4,15,fold_3,fold,3
70,C,0.9169485307672396,0.011598792977799593,0.07145267625496184,4,15,fold_3,fold,3
71,A,0.7882180483833459,0.02687558077822607,0.18490637083842792,4,15,fold_3,fold,3
71,C,0.9143889769381276,0.01181673419904278,0.07379428886283108,4,15,fold_3,fold,3
72,A,0.7827640679383867,0.026946840368772818,0.19028909169284103,4,15,fold_3,fold,3
72,C,0.9117900355197359,0.012030849483917427,0.07617911499634576,4,15,fold_3,fold,3
73,A,0.7773273294337807,0.026989472474555548,0.1956831980916648,4,15,fold_3,fold,3
73,C,0.9091529925805949,0.01224066526892359,0.07860634215048153,4,15,fold_3,fold,3
74,A,0.7719132566211984,0.027003753252564256,0.20108299012623732,4,15,fold_3,fold,3
74,C,0.9064792303646376,0.012445706692447961,0.08107506294291471,4,15,fold_3,fold,3
75,A,0.7665270869276052,0.026990077951651703,0.20648283512074372,4,15,fold_3,fold,3
75,C,0.9037702252164879,0.012645499718085797,0.08358427506542591,4,15,fold_3,fold,3
76,A,0.7611738541877565,0.026948954942915982,0.21187719086932744,4,15,fold_3,fold,3
76,C,0.9010275450036911,0.01283957332897132,0.08613288166733857,4,15,fold_3,fold,3
77,A,0.7558583735691053,0.026880998844097854,0.21726062758679593,4,15,fold_3,fold,3
77,C,0.8982528460391168,0.013027461777276185,0.08871969218360626,4,15,fold_3,fold,3
78,A,0.7505852287324077,0.02678692286334793,0.22262784840424557,4,15,fold_3,fold,3
78,C,0.8954478695114063,0.013208706871708675,0.09134342361688472,4,15,fold_3,fold,3
79,A,0.7453587612373034,0.026667530496174662,0.22797370826652172,4,15,fold_3,fold,3
79,C,0.8926144374358974,0.013382860284715269,0.09400270227938544,4,15,fold_3,fold,3
80,A,0.7401830621708908,0.026523706713398175,0.2332932311157098,4,15,fold_3,fold,3
80,C,0.8897544481432071,0.013549485860230144,0.09669606599656212,4,15,fold_3,fold,3
81,A,0.7350619659485845,0.026356408778631584,0.2385816252727836,4,15,fold_3,fold,3
81,C,0.8868698713270446,0.013708161902197391,0.09942196677075821,4,15,fold_3,fold,3
82,A,0.7299990462105912,0.02616665683221161,0.24383429695719813,4,15,fold_3,fold,3
82,C,0.8839627426773357,0.013858483423705912,0.10217877389895848,4,15,fold_3,fold,3
83,A,0.7249976137145968,0.025955524374310143,0.24904686191109354,4,15,fold_3,fold,3
83,C,0.881035158128822,0.014000064336442655,0.10496477753473371,4,15,fold_3,fold,3
84,A,0.7200607161064507,0.02572412877295853,0.25421515512059095,4,15,fold_3,fold,3
84,C,0.8780892677592582,0.014132539560314152,0.1077781926804268,4,15,fold_3,fold,3
85,A,0.7151911394353815,0.025473621913651944,0.25933523865096575,4,15,fold_3,fold,3
85,C,0.8751272693748631,0.014255567033505634,0.11061716359163179,4,15,fold_3,fold,3
86,A,0.7103914112682483,0.025205181096879383,0.264403407634871,4,15,fold_3,fold,3
86,C,0.8721514018239138,0.014368829603948514,0.11347976857213755,4,15,fold_3,fold,3
87,A,0.7056638052486819,0.024920000278432747,0.26941619447288523,4,15,fold_3,fold,3
87,C,0.8691639380820657,0.014472036784144224,0.11636402513379031,4,15,fold_3,fold,3
88,A,0.7010103469434934,0.0246192817332562,0.2743703713232506,4,15,fold_3,fold,3
88,C,0.8661671781547734,0.014564926352947392,0.11926789549228034,4,15,fold_3,fold,3
89,A,0.6964328208116695,0.02430422821538837,0.2792629509729424,4,15,fold_3,fold,3
89,C,0.8631634418455555,0.01464726578786363,0.1221892923665805,4,15,fold_3,fold,3
90,A,0.6919327781359559,0.02397603566908178,0.2840911861949624,4,15,fold_3,fold,3
90,C,0.8601550614388018,0.014718853514406478,0.12512608504679065,4,15,fold_3,fold,3
91,A,0.6875115457682692,0.023635886525764923,0.28885256770596607,4,15,fold_3,fold,3
91,C,0.8571443743441033,0.014779519963137502,0.12807610569276004,4,15,fold_3,fold,3
92,A,0.6831702355302864,0.023284943624365357,0.2935448208453492,4,15,fold_3,fold,3
92,C,0.8541337157537472,0.014829128422452128,0.13103715582380138,4,15,fold_3,fold,3
93,A,0.6789097541263108,0.02292434477167661,0.29816590110201274,4,15,fold_3,fold,3
93,C,0.8511254113618929,0.014867575680108353,0.13400701295799755,4,15,fold_3,fold,3
94,A,0.6747308134333773,0.022555197948871567,0.302713988617752,4,15,fold_3,fold,3
94,C,0.8481217701931295,0.014894792448595762,0.1369834373582751,4,15,fold_3,fold,3
95,A,0.670633941043746,0.022178577159888264,0.30718748179636673,4,15,fold_3,fold,3
95,C,0.8451250775864115,0.01491074357190448,0.13996417884168522,4,15,fold_3,fold,3
96,A,0.6666194909449851,0.021795518909259265,0.3115849901457554,4,15,fold_3,fold,3
96,C,0.8421375883784744,0.014915428013412743,0.14294698360811317,4,15,fold_3,fold,3
97,A,0.6626876542336675,0.021407019289444544,0.31590532647688796,4,15,fold_3,fold,3
97,C,0.8391615203282698,0.014908878626898171,0.14592960104483213,4,15,fold_3,fold,3
98,A,0.6588384697701504,0.02101403165089677,0.3201474985789527,4,15,fold_3,fold,3
98,C,0.8361990478210031,0.01489116171506464,0.14890979046393327,4,15,fold_3,fold,3
99,A,0.6550718346933447,0.020617464822522157,0.32431070048413424,4,15,fold_3,fold,3
99,C,0.8332522958869764,0.014862376382271838,0.15188532773075247,4,15,fold_3,fold,3
100,A,0.6513875147254137,0.020218181846050835,0.32839430342853493,4,15,fold_3,fold,3
100,C,0.830323334566781,0.01482265369024721,0.1548540117429704,4,15,fold_3,fold,3
101,A,0.6477851542070783,0.019816999184811383,0.3323978466081101,4,15,fold_3,fold,3
101,C,0.8274141736505171,0.014772155627463167,0.15781367072201827,4,15,fold_3,fold,3
102,A,0.6442642858143433,0.019414686365332275,0.3363210278203246,4,15,fold_3,fold,3
102,C,0.8245267578146558,0.014711073904593459,0.160762168280752,4,15,fold_3,fold,3
103,A,0.6408243399170779,0.019011966009070347,0.3401636940738513,4,15,fold_3,fold,3
103,C,0.8216629621760277,0.014639628589995258,0.1636974092339767,4,15,fold_3,fold,3
104,A,0.637464653548621,0.018609514211338107,0.34392583224004036,4,15,fold_3,fold,3
104,C,0.8188245882781962,0.014558066600468118,0.16661734512133605,4,15,fold_3,fold,3
105,A,0.6341844789636488,0.018207961224995513,0.347607559811356,4,15,fold_3,fold,3
105,C,0.8160133605211822,0.014466660063595118,0.169519979415223,4,15,fold_3,fold,3
106,A,0.6309829917688973,0.017807892407538207,0.3512091158235651,4,15,fold_3,fold,3
106,C,0.8132309230414781,0.014365704568781147,0.172403372389742,4,15,fold_3,fold,3
107,A,0.627859298617845,0.01740984939180774,0.35473085199034626,4,15,fold_3,fold,3
107,C,0.8104788370451304,0.01425551732465376,0.1752656456302153,4,15,fold_3,fold,3
108,A,0.6248124444664234,0.017014331442356496,0.35817322409122,4,15,fold_3,fold,3
108,C,0.807758578592684,0.014136435240994793,0.1781049861663218,4,15,fold_3,fold,3
109,A,0.6218414193905284,0.01662179696304549,0.36153678364642644,4,15,fold_3,fold,3
109,C,0.8050715368319024,0.014008812952583206,0.18091965021551543,4,15,fold_3,fold,3
110,A,0.6189451649715298,0.016232665122820907,0.36482216990564853,4,15,fold_3,fold,3
110,C,0.8024190126700278,0.013873020803039938,0.1837079665269318,4,15,fold_3,fold,3
111,A,0.616122580260923,0.01584731756802617,0.36803010217105037,4,15,fold_3,fold,3
111,C,0.7998022178729912,0.013729442807383812,0.18646833931962545,4,15,fold_3,fold,3
112,A,0.6133725273343327,0.015466100196295523,0.3711613724693716,4,15,fold_3,fold,3
112,C,0.7972222745789495,0.013578474608620062,0.18919925081243055,4,15,fold_3,fold,3
113,A,0.6106938364498994,0.01508932496728164,0.374216838582819,4,15,fold_3,fold,3
113,C,0.7946802152092236,0.013420521444806592,0.19189926334596968,4,15,fold_3,fold,3
114,A,0.6080853108274877,0.014717271728566817,0.377197417443945,4,15,fold_3,fold,3
114,C,0.792176982757667,0.013255996141924279,0.1945670211004105,4,15,fold_3,fold,3
115,A,0.6055457310664629,0.014350190037875014,0.3801040788956623,4,15,fold_3,fold,3
115,C,0.7897134314376273,0.013085317146816017,0.19720125141555725,4,15,fold_3,fold,3
116,A,0.6030738592204299,0.013988300965586927,0.3829378398139837,4,15,fold_3,fold,3
116,C,0.7872903276642707,0.012908906613112368,0.19980076572261757,4,15,fold_3,fold,3
117,A,0.60066844254777,0.013631798864088331,0.3856997585881411,4,15,fold_3,fold,3
117,C,0.7849083513487907,0.01272718855177327,0.20236446009943684,4,15,fold_3,fold,3
118,A,0.5983282169570072,0.013280853092698205,0.3883909299502942,4,15,fold_3,fold,3
118,C,0.7825680974801685,0.01254058705663587,0.20489131546319506,4,15,fold_3,fold,3
119,A,0.5960519101660232,0.012935609688991663,0.391012480144985,4,15,fold_3,fold,3
119,C,0.7802700779694582,0.012349524614061863,0.20738039741648104,4,15,fold_3,fold,3
120,A,0.5938382445937974,0.012596192979294556,0.393565562426908,4,15,fold_3,fold,3
120,C,0.7780147237312346,0.012154420504410915,0.20983085576435287,4,15,fold_3,fold,3
121,A,0.5916859400028658,0.012262707122915554,0.3960513528742171,4,15,fold_3,fold,3
121,C,0.7758023869768876,0.011955689301690806,0.21224192372142067,4,15,fold_3,fold,3
122,A,0.5895937159100195,0.01193523758625308,0.39847104650372683,4,15,fold_3,fold,3
122,C,0.7736333436944972,0.011753739476400703,0.21461291682910094,4,15,fold_3,fold,3
123,A,0.5875602937820299,0.011613852544280654,0.40082585367368956,4,15,fold_3,fold,3
123,C,0.7715077962905973,0.011548972105308428,0.2169432316040929,4,15,fold_3,fold,3
124,A,0.5855843990323965,0.011298604208105065,0.4031169967594974,4,15,fold_3,fold,3
124,C,0.7694258763696056,0.011341779690677223,0.2192323439397162,4,15,fold_3,fold,3
125,A,0.5836647628342068,0.01098953007831598,0.4053457070874767,4,15,fold_3,fold,3
125,C,0.7673876476275399,0.011132545090296599,0.22147980728216377,4,15,fold_3,fold,3
126,A,0.5818001237633195,0.010686654124715016,0.40751322211196495,4,15,fold_3,fold,3
126,C,0.765393108837544,0.010921640558585553,0.2236852506038712,4,15,fold_3,fold,3
127,A,0.5799892292851787,0.0103899878937334,0.40962078282108655,4,15,fold_3,fold,3
127,C,0.7634421969058005,0.01070942689803716,0.2258483761961617,4,15,fold_3,fold,3
128,A,0.5782308370975653,0.010099531545502109,0.41166963135693313,4,15,fold_3,fold,3
128,C,0.7615347899778245,0.010496252719113055,0.2279689573030636,4,15,fold_3,fold,3
129,A,0.5765237163409859,0.00981527482271651,0.4136610088362968,4,15,fold_3,fold,3
129,C,0.7596707105752806,0.010282453806897005,0.23004683561782324,4,15,fold_3,fold,3
130,A,0.5748666486873191,0.009537197954082886,0.4155961533585981,4,15,fold_3,fold,3
130,C,0.7578497287457314,0.010068352591133431,0.23208191866313546,4,15,fold_3,fold,3
131,A,0.5732584293160267,0.009265272495742192,0.41747629818823234,4,15,fold_3,fold,3
131,C,0.7560715652103789,0.009854257714346188,0.2340741770752763,4,15,fold_3,fold,3
132,A,0.5716978677874913,0.00899946211329447,0.4193026700992139,4,15,fold_3,fold,3
132,C,0.7543358944930305,0.009640463695462115,0.23602364181150776,4,15,fold_3,fold,3
133,A,0.570183788821658,0.008739723307770179,0.42107648787057106,4,15,fold_3,fold,3
133,C,0.7526423480168424,0.009427250683866281,0.23793040129929205,4,15,fold_3,fold,3
134,A,0.5687150329894912,0.00848600608889444,0.42279896092161384,4,15,fold_3,fold,3
134,C,0.7509905171564557,0.009214884298632877,0.23979459854491073,4,15,fold_3,fold,3
135,A,0.5672904573241707,0.008238254598975675,0.42447128807685447,4,15,fold_3,fold,3
135,C,0.7493799562345854,0.00900361554740088,0.24161642821801446,4,15,fold_3,fold,3
136,A,0.5659089358583391,0.00799640769062727,0.4260946564510337,4,15,fold_3,fold,3
136,C,0.7478101854531464,0.00879368081939154,0.2433961337274625,4,15,fold_3,fold,3
137,A,0.5645693600932318,0.007760399461429038,0.42767024044533974,4,15,fold_3,fold,3
137,C,0.7462806937502724,0.008585301947012175,0.24513400430271462,4,15,fold_3,fold,3
138,A,0.5632706394049464,0.00753015974855036,0.4291992008465033,4,15,fold_3,fold,3
138,C,0.7447909415757175,0.008378686330368604,0.24683037209391373,4,15,fold_3,fold,3
139,A,0.5620117013926895,0.007305614586243977,0.4306826840210671,4,15,fold_3,fold,3
139,C,0.743340363578356,0.008174027118960992,0.24848560930268332,4,15,fold_3,fold,3
140,A,0.5607914921733753,0.007086686628966241,0.43212182119765896,4,15,fold_3,fold,3
140,C,0.7419283712005655,0.007971503444914232,0.2501001253545197,4,15,fold_3,fold,3
141,A,0.5596089766266086,0.006873295542714137,0.4335177278306774,4,15,fold_3,fold,3
141,C,0.7405543551752289,0.007771280702239995,0.2516743641225297,4,15,fold_3,fold,3
142,A,0.5584631385937295,0.006665358367005068,0.4348715030392642,4,15,fold_3,fold,3
142,C,0.7392176879220425,0.00757351086678911,0.25320880121116873,4,15,fold_3,fold,3
143,A,0.5573529810342966,0.006462789849766822,0.43618422911593574,4,15,fold_3,fold,3
143,C,0.7379177258406607,0.007378332851730436,0.25470394130760654,4,15,fold_3,fold,3
144,A,0.556277526143104,0.00626550275724475,0.437456971099651,4,15,fold_3,fold,3
144,C,0.7366538114990737,0.007185872893598931,0.25616031560732755,4,15,fold_3,fold,3
145,A,0.5552358154305927,0.006073408160874366,0.4386907764085334,4,15,fold_3,fold,3
145,C,0.7354252757162094,0.0069962449641942995,0.25757847931959577,4,15,fold_3,fold,3
146,A,0.5542269097692765,0.005886415702913148,0.43988667452781055,4,15,fold_3,fold,3
146,C,0.7342314395386,0.006809551203872004,0.2589590092575268,4,15,fold_3,fold,3
147,A,0.5532498894086216,0.005704433842478943,0.4410456767488999,4,15,fold_3,fold,3
147,C,0.7330716161113746,0.006625882372036368,0.2603025015165891,4,15,fold_3,fold,3
148,A,0.55230385396062,0.0055273700835198,0.4421687759558599,4,15,fold_3,fold,3
148,C,0.7319451124444712,0.006445318310924974,0.2616095692446028,4,15,fold_3,fold,3
149,A,0.551387922358202,0.005355131186041101,0.44325694645575725,4,15,fold_3,fold,3
149,C,0.7308512310754296,0.0062679284190484946,0.2628808405055216,4,15,fold_3,fold,3
150,A,0.5505012327884476,0.005187623361860118,0.4443111438496923,4,15,fold_3,fold,3
150,C,0.7297892716304973,0.00609377213092547,0.26411695623857695,4,15,fold_3,fold,3
151,A,0.5496429426023149,0.005024752456133978,0.4453323049415513,4,15,fold_3,fold,3
151,C,0.7287585322861971,0.005922899400050759,0.2653185683137519,4,15,fold_3,fold,3
152,A,0.5488122282027174,0.00486642411557985,0.4463213476817027,4,15,fold_3,fold,3
152,C,0.7277583111337587,0.005755351182311607,0.2664863376839302,4,15,fold_3,fold,3
153,A,0.5480082849125465,0.004712543944352715,0.4472791711430998,4,15,fold_3,fold,3
153,C,0.7267879074491228,0.00559115991731712,0.2676209326335597,4,15,fold_3,fold,3
154,A,0.5472303268241563,0.004563017648449132,0.44820665552739436,4,15,fold_3,fold,3
154,C,0.7258466228714393,0.005430350005372527,0.2687230271231884,4,15,fold_3,fold,3
155,A,0.5464775866317266,0.004417751169427519,0.4491046621988461,4,15,fold_3,fold,3
155,C,0.724933762493135,0.00527293827808389,0.2697932992287825,4,15,fold_3,fold,3
156,A,0.5457493154478787,0.004276650808148848,0.44997403374397216,4,15,fold_3,fold,3
156,C,0.7240486358647995,0.005118934460820014,0.27083242967438015,4,15,fold_3,fold,3
157,A,0.5450447826058283,0.004139623339173628,0.4508155940549985,4,15,fold_3,fold,3
157,C,0.7231905579182155,0.004968341625483675,0.27184110045630044,4,15,fold_3,fold,3
158,A,0.5443632754482977,0.004006576116399902,0.45163014843530286,4,15,fold_3,fold,3
158,C,0.7223588498109327,0.004821156632255802,0.27281999355681125,4,15,fold_3,fold,3
159,A,0.54370409910436035,0.0038774171704808367,0.45241848372515886,4,15,fold_3,fold,3
159,C,0.7215528396958667,0.004677370559177429,0.27376978974495636,4,15,fold_3,fold,3
160,A,0.5430665762553034,0.00375205529851461,0.45318136844618234,4,15,fold_3,fold,3
160,C,0.7207718634193792,0.004536969118621473,0.2746911674619994,4,15,fold_3,fold,3
161,A,0.5424500468905671,0.0036304001464566265,0.45391955296297637,4,15,fold_3,fold,3
161,C,0.7200152651513322,0.004399933059880278,0.2755848017887864,4,15,fold_3,fold,3
162,A,0.5418538680547597,0.0035123622846679223,0.4546337696605725,4,15,fold_3,fold,3
162,C,0.7192823979505606,0.004266238557254658,0.2764513634921847,4,15,fold_3,fold,3
163,A,0.5412774135866979,0.003397853276983189,0.4553247331363185,4,15,fold_3,fold,3
163,C,0.7185726242691792,0.004135857583175947,0.2772915181476449,4,15,fold_3,fold,3
164,A,0.5407200738513714,0.0032867857436552983,0.4559931404049731,4,15,fold_3,fold,3
164,C,0.717885316399104,0.004008758266026433,0.2781059253348708,4,15,fold_3,fold,3
165,A,0.5401812554656964,0.0031790734185087495,0.4566396711157944,4,15,fold_3,fold,3
165,C,0.7172198568640586,0.00388490523244426,0.2788952379034958,4,15,fold_3,fold,3
166,A,0.539660381018874,0.003074631200612766,0.4572649877805133,4,15,fold_3,fold,3
166,C,0.7165756387603259,0.0037642599340083228,0.27966010130566643,4,15,fold_3,fold,3
167,A,0.5391568887881222,0.0029733752007655135,0.45786973601111214,4,15,fold_3,fold,3
167,C,0.7159520660493132,0.003646780958295827,0.28040115299239166,4,15,fold_3,fold,3
168,A,0.5386702324505178,0.002875222783071321,0.45845454476641145,4,15,fold_3,fold,3
168,C,0.7153485538050329,0.00353242432441102,0.2811190218705557,4,15,fold_3,fold,3
169,A,0.5381998807916553,0.0027800926018511822,0.45902002660649316,4,15,fold_3,fold,3
169,C,0.7147645284194295,0.0034211437630835757,0.28181432781748733,4,15,fold_3,fold,3
170,A,0.5377453174117891,0.002687904634139115,0.45956677795407197,4,15,fold_3,fold,3
170,C,0.7141994277683975,0.0033128909815752163,0.28248768125002677,4,15,fold_3,fold,3
171,A,0.5373060404300258,0.0025985802080396646,0.460095379361934,4,15,fold_3,fold,3
171,C,0.7136527013411247,0.003207615913787579,0.28313968274508816,4,15,fold_3,fold,3
172,A,0.5368815621872148,0.002512042027125638,0.46060639578566054,4,15,fold_3,fold,3
172,C,0.7131238103354546,0.003105266955770587,0.2837709227087746,4,15,fold_3,fold,3
173,A,0.536471408948059,0.002428214191099845,0.46110037686084066,4,15,fold_3,fold,3
173,C,0.7126122277217994,0.003005791187026776,0.28438198109117296,4,15,fold_3,fold,3
174,A,0.5360751206029898,0.00234702221293117,0.4615778571840789,4,15,fold_3,fold,3
174,C,0.7121174382779454,0.00290913457803036,0.2849734271440253,4,15,fold_3,fold,3
175,A,0.5356922503702577,0.0022683930326677,0.4620393565970753,4,15,fold_3,fold,3
175,C,0.7116389385970369,0.0028152421844083795,0.28554581921855526,4,15,fold_3,fold,3
176,A,0.5353223644987227,0.002192255028116573,0.46248538047316096,4,15,fold_3,fold,3
176,C,0.7111762370709194,0.002724058328237648,0.28609970460084316,4,15,fold_3,fold,3
177,A,0.534965041971755,0.002118538022571548,0.4629164200056738,4,15,fold_3,fold,3
177,C,0.7107288538508746,0.002635526766923248,0.28663561938220283,4,15,fold_3,fold,3
178,A,0.5346198742126426,0.0020471732897645654,0.4633329524975926,4,15,fold_3,fold,3
178,C,0.7102963207877189,0.002549590850143184,0.28715408836213735,4,15,fold_3,fold,3
179,A,0.5342864647918837,0.001978093556212679,0.4637354416519028,4,15,fold_3,fold,3
179,C,0.7098781813531118,0.002466193665356123,0.2876556249815331,4,15,fold_3,fold,3
180,A,0.5339644291366907,0.0019112330011253468,0.464124337862184,4,15,fold_3,fold,3
180,C,0.709473990543781,0.002385278172372624,0.2881407312838472,4,15,fold_3,fold,3
181,A,0.5336533942430245,0.0018465272540302672,0.4645000785029464,4,15,fold_3,fold,3
181,C,0.7090833147703467,0.002306787327488497,0.2886098979021643,4,15,fold_3,fold,3
182,A,0.5333529983904524,0.0017839133902699594,0.46486308821927774,4,15,fold_3,fold,3
182,C,0.7087057317322513,0.002230664197675759,0.2890636040700733,4,15,fold_3,fold,3
183,A,0.5330628908600897,0.0017233299245158163,0.4652137792153929,4,15,fold_3,fold,3
183,C,0.7083408302802494,0.0021568520653230446,0.28950231765442785,4,15,fold_3,fold,3
184,A,0.5327827316558635,0.0016647168024410046,0.46555255154169495,4,15,fold_3,fold,3
184,C,0.7079882102678335,0.0020852945240108786,0.28992649520815456,4,15,fold_3,fold,3
185,A,0.5325121912293151,0.001608015390688137,0.4658797933799972,4,15,fold_3,fold,3
185,C,0.7076474823928417,0.0020159355657981674,0.2903365820413587,4,15,fold_3,fold,3
186,A,0.5322509502081546,0.0015531684652621595,0.46619588132658374,4,15,fold_3,fold,3
186,C,0.7073182680304396,0.0019487196604853518,0.29073301230907395,4,15,fold_3,fold,3
187,A,0.5319986991287282,0.0015001201984734909,0.4665011806727989,4,15,fold_3,fold,3
187,C,0.7070001990585919,0.0018835918273076054,0.29111620911410196,4,15,fold_3,fold,3
188,A,0.5317551381725555,0.0014488161445521761,0.4667960456828921,4,15,fold_3,fold,3
188,C,0.7066929176770254,0.0018204976995020905,0.29148658462347177,4,15,fold_3,fold,3
189,A,0.5315199769070944,0.0013992032240451315,0.4670808198688598,4,15,fold_3,fold,3
189,C,0.7063960762206979,0.0017593835821651577,0.2918445401971375,4,15,fold_3,fold,3
190,A,0.5312929340308377,0.00135122970710691,0.4673558362620553,4,15,fold_3,fold,3
190,C,0.7061093369685832,0.0017001965038148392,0.29219046652760217,4,15,fold_3,fold,3
191,A,0.531073737122851,0.0013048451957937961,0.4676214176813551,4,15,fold_3,fold,3
191,C,0.7058323719486533,0.0016428842620765968,0.29252474378926985,4,15,fold_3,fold,3
192,A,0.5308621223968519,0.0012600006054547938,0.4678778769976948,4,15,fold_3,fold,3
192,C,0.7055648627397799,0.0015873954638485402,0.2928477417963709,4,15,fold_3,fold,3
193,A,0.5306578344598908,0.0012166481453155706,0.4681255173947939,4,15,fold_3,fold,3
193,C,0.7053065002712829,0.0015336795603165972,0.29315982016840075,4,15,fold_3,fold,3
194,A,0.5304606260757179,0.001174741298346041,0.46836463262593575,4,15,fold_3,fold,3
194,C,0.7050569846207515,0.0014816868771720091,0.29346132850207646,4,15,fold_3,fold,3
195,A,0.5302702579328563,0.001134234800497599,0.46859550726664617,4,15,fold_3,fold,3
195,C,0.7048160248107462,0.001431368640367685,0.2937526065488852,4,15,fold_3,fold,3
196,A,0.5300864984174446,0.0010950846193908002,0.468818416963166,4,15,fold_3,fold,3
196,C,0.7045833386049043,0.0013826769977309584,0.29403398439736533,4,15,fold_3,fold,3
197,A,0.5299091233908567,0.0010572479325295593,0.46903362867661424,4,15,fold_3,fold,3
197,C,0.704358652303949,0.0013355650367340773,0.294305782659317,4,15,fold_3,fold,3
198,A,0.52973791597213,0.0010206831051139693,0.46924140092275524,4,15,fold_3,fold,3
198,C,0.7041417005420787,0.0012899867987096576,0.2945683126592136,4,15,fold_3,fold,3
199,A,0.5295726663251905,9.853496675197935e-4,0.4694419840072888,4,15,fold_3,fold,3
199,C,0.7039322260841003,0.0012458972897843345,0.29482187662611553,4,15,fold_3,fold,3
200,A,0.5294131714508841,9.512082925086068e-4,0.4696356202566074,4,15,fold_3,fold,3
200,C,0.7037299796237377,0.0012032524887890608,0.29506676788747277,4,15,fold_3,fold,3
201,A,0.5292592349837906,9.182207722284923e-4,0.4698225442439808,4,15,fold_3,fold,3
201,C,0.7035347195833908,0.0011620093523897464,0.2953032710642205,4,15,fold_3,fold,3
202,A,0.5291106669938196,8.863499950613105e-4,0.47000298301111815,4,15,fold_3,fold,3
202,C,0.7033462119156902,0.0011221258176680596,0.29553166226664346,4,15,fold_3,fold,3
203,A,0.528967283792539,8.555599223689489e-4,0.4701771562850919,4,15,fold_3,fold,3
203,C,0.7031642299071075,0.0010835608023690988,0.29575220929052404,4,15,fold_3,fold,3
204,A,0.5288289077442114,8.258155651873899e-4,0.4703452766906018,4,15,fold_3,fold,3
204,C,0.7029885539838607,0.00104627420301994,0.29596517181312004,4,15,fold_3,fold,3
205,A,0.5286953670815079,7.970829609140647e-4,0.470507549957578,4,15,fold_3,fold,3
205,C,0.7028189715203216,0.0010102268911106262,0.296170801588569,4,15,fold_3,fold,3
206,A,0.52856649572584,7.693291500306272e-4,0.47066417512412867,4,15,fold_3,fold,3
206,C,0.7026552766501309,9.753807075173592e-4,0.2963693426423505,4,15,fold_3,fold,3
207,A,0.5284421331122686,7.425221529001237e-4,0.4708153447348307,4,15,fold_3,fold,3
207,C,0.7024972700801903,9.416984553361089e-4,0.296561031464475,4,15,fold_3,fold,3
208,A,0.5283221240189289,7.166309466744201e-4,0.47096124503439735,4,15,fold_3,fold,3
208,C,0.7023447589076305,9.091438912842867e-4,0.29674609720108486,4,15,fold_3,fold,3
209,A,0.5282063184009215,6.91625442345344e-4,0.4711020561567333,4,15,fold_3,fold,3
209,C,0.7021975564399658,8.776817158170999e-4,0.29692476184421784,4,15,fold_3,fold,3
210,A,0.5280945712285985,6.674764619698465e-4,0.4712379523094317,4,15,fold_3,fold,3
210,C,0.7020554820184415,8.472775620959734e-4,0.2970972404194631,4,15,fold_3,fold,3
211,A,0.5279867423301863,6.441557160962318e-4,0.4713691019537167,4,15,fold_3,fold,3
211,C,0.7019183608447451,8.17897983937913e-4,0.2972637411713167,4,15,fold_3,fold,3
212,A,0.5278826962386746,6.216357814174404e-4,0.47149566797990794,4,15,fold_3,fold,3
212,C,0.7017860238111049,7.895104428634137e-4,0.29742446574603265,4,15,fold_3,fold,3
213,A,0.5277823020428907,5.998900786741799e-4,0.47161780787843516,4,15,fold_3,fold,3
213,C,0.7016583073338498,7.62083294353594e-4,0.29757960937179656,4,15,fold_3,fold,3
214,A,0.5276854332427134,5.788928508285524e-4,0.4717356739064588,4,15,fold_3,fold,3
214,C,0.7015350531904881,7.355857734192497e-4,0.29772936103609177,4,15,fold_3,fold,3
215,A,0.5275919676083171,5.586191415266496e-4,0.4718494132501559,4,15,fold_3,fold,3
215,C,0.7014161083603152,7.099879795767633e-4,0.29787390366010796,4,15,fold_3,fold,3
216,A,0.527501787043402,5.390447738667225e-4,0.4719591681827315,4,15,fold_3,fold,3
216,C,0.7013013248685843,6.852608613185933e-4,0.29801341427009714,4,15,fold_3,fold,3
217,A,0.5274147774523055,5.20146329487636e-4,0.47206507621820665,4,15,fold_3,fold,3
217,C,0.7011905596342575,6.613762001592562e-4,0.29814806416558143,4,15,fold_3,fold,3
218,A,0.5273308286109388,5.019011279905581e-4,0.47216727026107075,4,15,fold_3,fold,3
218,C,0.701083674321336,6.38306594331436e-4,0.29827801908433327,4,15,fold_3,fold,3
219,A,0.5272498340414582,4.842872067051437e-4,0.4722658787518364,4,15,fold_3,fold,3
219,C,0.70098053519374,6.160254422009763e-4,0.2984034393640606,4,15,fold_3,fold,3
220,A,0.5271716908905928,4.672833008099295e-4,0.472361025808598,4,15,fold_3,fold,3
220,C,0.7008810129737775,5.945069254638612e-4,0.2985244801007596,4,15,fold_3,fold,3
221,A,0.5270962998115456,4.5086882381518165e-4,0.47245283136463884,4,15,fold_3,fold,3
221,C,0.70078498270413,5.737259921830191e-4,0.2986412913036872,4,15,fold_3,fold,3
222,A,0.5270235648494032,4.350238484151136e-4,0.47254141130218136,4,15,fold_3,fold,3
222,C,0.7006923236133574,5.53658339717841e-4,0.2987540180469273,4,15,fold_3,fold,3
223,A,0.5269533933299488,4.197290877150771e-4,0.47262687758233485,4,15,fold_3,fold,3
223,C,0.7006029189848704,5.342803975946969e-4,0.2988628006175354,4,15,fold_3,fold,3
224,A,0.5268856957518238,4.0496587683819756e-4,0.4727093383713373,4,15,fold_3,fold,3
224,C,0.7005166560293734,5.155693103624767e-4,0.29896777466026425,4,15,fold_3,fold,3
225,A,0.5268203856819381,3.907161549147776e-4,0.4727888981631477,4,15,fold_3,fold,3
225,C,0.7004334257606781,4.975029204730705e-4,0.2990690713188475,4,15,fold_3,fold,3
226,A,0.5267573796540647,3.769624474568235e-4,0.4728656578984786,4,15,fold_3,fold,3
226,C,0.7003531228748964,4.800597512230261e-4,0.29916681737388146,4,15,fold_3,fold,3
227,A,0.5266965970705365,3.6368784911905894e-4,0.47293971508034577,4,15,fold_3,fold,3
227,C,0.7002756456329257,4.6321898978905995e-4,0.29926113537728544,4,15,fold_3,fold,3
228,A,0.526637960106953,3.5087600684685573e-4,0.4730111638861994,4,15,fold_3,fold,3
228,C,0.7002008957462097,4.4696047038678057e-4,0.2993521437834032,4,15,fold_3,fold,3
229,A,0.5265813936198518,3.385111034110926e-4,0.4730800952767373,4,15,fold_3,fold,3
229,C,0.7001287782656911,4.3126465757928047e-4,0.2994399570767302,4,15,fold_3,fold,3
230,A,0.5265268250572249,3.2657784132882886e-4,0.4731465971014456,4,15,fold_3,fold,3
230,C,0.7000592014739092,4.161126297591509e-4,0.29952468589633097,4,15,fold_3,fold,3
231,A,0.5264741843718509,3.150614271676011e-4,0.473210754200981,4,15,fold_3,fold,3
231,C,0.6999920767802037,4.0148606282437363e-4,0.2996064371569709,4,15,fold_3,fold,3
232,A,0.5264234039373306,3.039475562316045e-4,0.47327264850643797,4,15,fold_3,fold,3
232,C,0.6999273186189331,3.873672140672299e-4,0.29968531416699995,4,15,fold_3,fold,3
233,A,0.5263744184667757,2.932223976268081e-4,0.4733323591355967,4,15,fold_3,fold,3
233,C,0.6998648443506685,3.737389062924625e-4,0.2997614167430398,4,15,fold_3,fold,3
234,A,0.5263271649340735,2.8287257970158083e-4,0.47338996248622495,4,15,fold_3,fold,3
234,C,0.6998045741663006,3.6058451217889386e-4,0.29983484132151983,4,15,fold_3,fold,3
235,A,0.5262815824976445,2.728851758589375e-4,0.473445532326496,4,15,fold_3,fold,3
235,C,0.6997464309939938,3.478879388968012e-4,0.2999056810671096,4,15,fold_3,fold,3
236,A,0.5262376124266462,2.632476907361819e-4,0.47349913988261805,4,15,fold_3,fold,3
236,C,0.6996903404089113,3.356336129916372e-4,0.2999740259780974,4,15,fold_3,fold,3
237,A,0.5261951980295313,2.5394804674735034e-4,0.47355085392372115,4,15,fold_3,fold,3
237,C,0.6996362305456771,3.238064655431191e-4,0.3000399629887801,4,15,fold_3,fold,3
238,A,0.526154284584911,2.449745709835413e-4,0.4736007408441053,4,15,fold_3,fold,3
238,C,0.699584032013484,3.123919176071671e-4,0.30010357606890914,4,15,fold_3,fold,3
239,A,0.5261148192746448,2.363159824658754e-4,0.47364886474288914,4,15,fold_3,fold,3
239,C,0.6995336778138015,3.0137586594679885e-4,0.3001649463202518,4,15,fold_3,fold,3
240,A,0.5260767511191008,2.279613797455976e-4,0.473695287501154,4,15,fold_3,fold,3
240,C,0.6994851032606108,2.9074466905684623e-4,0.3002241520703324,4,15,fold_3,fold,3
241,A,0.5260400309145203,2.199002288456132e-4,0.47374006885663295,4,15,fold_3,fold,3
241,C,0.6994382459031083,2.8048513348621006e-4,0.30028126896340496,4,15,fold_3,fold,3
242,A,0.5260046111724258,2.121223515375535e-4,0.47378326647603736,4,15,fold_3,fold,3
242,C,0.6993930454508184,2.705845004603411e-4,0.30033637004872227,4,15,fold_3,fold,3
243,A,0.5259704460610025,2.046179139483053e-4,0.47382493602504866,4,15,fold_3,fold,3
243,C,0.6993494437010397,2.6103043280567323e-4,0.30038952586615403,4,15,fold_3,fold,3
244,A,0.5259374913484207,1.9737741548981057e-4,0.4738651312360899,4,15,fold_3,fold,3
244,C,0.6993073844685883,2.5181100217687376e-4,0.3004408045292338,4,15,fold_3,fold,3
245,A,0.5259057043480021,1.9039167810580595e-4,0.473903903973893,4,15,fold_3,fold,3
245,C,0.6992668135177497,2.4291467658697994e-4,0.3004902718056631,4,15,fold_3,fold,3
246,A,0.5258750438652118,1.8365183582911136e-4,0.4739413042989586,4,15,fold_3,fold,3
246,C,0.6992276784963938,2.3433030823979883e-4,0.3005379911953667,4,15,fold_3,fold,3
247,A,0.525845470146398,1.7714932464298365e-4,0.4739773805289589,4,15,fold_3,fold,3
247,C,0.6991899288721982,2.2604712166329302e-4,0.300584024006138,4,15,fold_3,fold,3
248,A,0.5258169448292289,1.7087587263998322e-4,0.4740121792981317,4,15,fold_3,fold,3
248,C,0.6991535158709158,2.1805470214206947e-4,0.3006284294269417,4,15,fold_3,fold,3
249,A,0.5257894308947811,1.6482349047189772e-4,0.4740457456147474,4,15,fold_3,fold,3
249,C,0.6991183924166208,2.1034298444671634e-4,0.3006712645989339,4,15,fold_3,fold,3
250,A,0.5257628926212274,1.5898446208412434e-4,0.4740781229166882,4,15,fold_3,fold,3
250,C,0.6990845130738881,2.0290224185714364e-4,0.3007125846842551,4,15,fold_3,fold,3
251,A,0.5257372955390677,1.533513357277635e-4,0.47410935312520397,4,15,fold_3,fold,3
251,C,0.6990518339918633,1.957230754764541e-4,0.3007524429326606,4,15,fold_3,fold,3
252,A,0.5257126063878607,1.4791691524306756e-4,0.4741394766968952,4,15,fold_3,fold,3
252,C,0.6990203128501289,1.887964038320123e-4,0.30079089074603915,4,15,fold_3,fold,3
253,A,0.5256887930744062,1.4267425160768285e-4,0.4741685326739852,4,15,fold_3,fold,3
253,C,0.6989899088063566,1.821134527597486e-4,0.3008279777408839,4,15,fold_3,fold,3
254,A,0.5256658246323376,1.3761663474317487e-4,0.4741965587329202,4,15,fold_3,fold,3
254,C,0.6989605824456723,1.7566574556747707e-4,0.30086375180876135,4,15,fold_3,fold,3
255,A,0.5256436711830674,1.3273758557336994e-4,0.4742235912313593,4,15,fold_3,fold,3
255,C,0.6989322957316788,1.6944509347276097e-4,0.3008982591748488,4,15,fold_3,fold,3
256,A,0.5256223038980642,1.280308483281351e-4,0.47424966525360696,4,15,fold_3,fold,3
256,C,0.6989050119591071,1.6344358631069578e-4,0.3009315444545825,4,15,fold_3,fold,3
257,A,0.525601694962394,1.2349038308627746e-4,0.4742748146545199,4,15,fold_3,fold,3
257,C,0.6988786957080222,1.5765358350678518e-4,0.3009636507084705,4,15,fold_3,fold,3
258,A,0.525581817539499,1.1911035855132123e-4,0.4742990721019492,4,15,fold_3,fold,3
258,C,0.6988533127995545,1.520677053099621e-4,0.3009946194951359,4,15,fold_3,fold,3
259,A,0.5255626457371791,1.1488514505398904e-4,0.4743224691177675,4,15,fold_3,fold,3
259,C,0.6988288302531012,1.4667882428063831e-4,0.3010244909226193,4,15,fold_3,fold,3
260,A,0.5255441545747188,1.1080930777529496e-4,0.4743450361175058,4,15,fold_3,fold,3
260,C,0.6988052162449585,1.414800570285987e-4,0.3010533036980144,4,15,fold_3,fold,3
261,A,0.525526319951144,1.0687760018426283e-4,0.4743668024486725,4,15,fold_3,fold,3
261,C,0.698782440068331,1.3646475619546645e-4,0.3010810951754725,4,15,fold_3,fold,3
262,A,0.525509118614553,1.0308495768436266e-4,0.4743877964277629,4,15,fold_3,fold,3
262,C,0.6987604720946958,1.3162650267641975e-4,0.30110790140262716,4,15,fold_3,fold,3
263,A,0.5254925281325024,9.942649146287165e-5,0.4744080453760345,4,15,fold_3,fold,3
263,C,0.6987392837364399,1.2695909807579328e-4,0.30113375716548385,4,15,fold_3,fold,3
264,A,0.5254765268633983,9.589748253745642e-5,0.4744275756540641,4,15,fold_3,fold,3
264,C,0.6987188474107796,1.2245655739118538e-4,0.30115869603182954,4,15,fold_3,fold,3
265,A,0.5254610939288744,9.249337599438589e-5,0.47444641269513055,4,15,fold_3,fold,3
265,C,0.6986991365048832,1.1811310192066991e-4,0.30118275039319575,4,15,fold_3,fold,3
266,A,0.525446209187115,8.920977541288624e-5,0.4744645810374733,4,15,fold_3,fold,3
266,C,0.6986801253421812,1.139231523877369e-4,0.3012059515054304,4,15,fold_3,fold,3
267,A,0.5254318532070867,8.604243747026025e-5,0.47448210435544247,4,15,fold_3,fold,3
267,C,0.6986617891498096,1.0988132227858317e-4,0.3012283295279118,4,15,fold_3,fold,3
268,A,0.5254180072436762,8.29872667225005e-5,0.4744990054896011,4,15,fold_3,fold,3
268,C,0.6986441040271625,1.0598241138641516e-4,0.30124991356145064,4,15,fold_3,fold,3
269,A,0.5254046532136574,8.00403105552607e-5,0.4745153064757863,4,15,fold_3,fold,3
269,C,0.698627046915517,1.0222139955749004e-4,0.3012707316849251,4,15,fold_3,fold,3
270,A,0.525391773672511,7.719775430014331e-5,0.474531028573189,4,15,fold_3,fold,3
270,C,0.698610595568684,9.859344063364198e-5,0.3012908109906815,4,15,fold_3,fold,3
271,A,0.5253793517920257,7.445591651132093e-5,0.4745461922914638,4,15,fold_3,fold,3
271,C,0.6985947285246709,9.509385658602496e-5,0.3013101776187438,4,15,fold_3,fold,3
272,A,0.5253673713386844,7.181124439773296e-5,0.47456081741691797,4,15,fold_3,fold,3
272,C,0.6985794250782992,9.171813183502081e-5,0.3013288567898675,4,15,fold_3,fold,3
273,A,0.5253558166527976,6.926030940614587e-5,0.4745749230377967,4,15,fold_3,fold,3
273,C,0.6985646652547703,8.846190775123185e-5,0.301346872837477,4,15,fold_3,fold,3
274,A,0.5253446726283493,6.679980295048211e-5,0.47458852756870107,4,15,fold_3,fold,3
274,C,0.6985504297841443,8.532097733256052e-5,0.3013642492385239,4,15,fold_3,fold,3
275,A,0.5253339246935512,6.442653228293622e-5,0.4746016487741661,4,15,fold_3,fold,3
275,C,0.6985367000766604,8.229128005245322e-5,0.301381008643288,4,15,fold_3,fold,3
276,A,0.5253235587920698,6.213741650251217e-5,0.47461430379142827,4,15,fold_3,fold,3
276,C,0.6985234581989496,7.936889687448516e-5,0.30139717290417495,4,15,fold_3,fold,3
277,A,0.5253135613648989,5.9929482696730976e-5,0.47462650915240384,4,15,fold_3,fold,3
277,C,0.6985106868510407,7.65500454285413e-5,0.3014127631035313,4,15,fold_3,fold,3
278,A,0.5253039193328706,5.779986221236467e-5,0.4746382808049169,4,15,fold_3,fold,3
278,C,0.6984983693441537,7.3831075343937e-5,0.30142779958050286,4,15,fold_3,fold,3
279,A,0.5252946200797666,5.5745787051157085e-5,0.47464963413318223,4,15,fold_3,fold,3
279,C,0.6984864895792793,7.120846373491696e-5,0.30144230195698607,4,15,fold_3,fold,3
280,A,0.5252856514360227,5.376458638660323e-5,0.4746605839775918,4,15,fold_3,fold,3
280,C,0.6984750320264832,6.867881083404979e-5,0.30145628916268197,4,15,fold_3,fold,3
281,A,0.5252770016629974,5.1853683197960234e-5,0.47467114465380456,4,15,fold_3,fold,3
281,C,0.6984639817049315,6.623883576914452e-5,0.30146977945929937,4,15,fold_3,fold,3
282,A,0.5252686594377942,5.0010591017774025e-5,0.4746813299711885,4,15,fold_3,fold,3
282,C,0.6984533241636035,6.388537247940309e-5,0.30148279046391757,4,15,fold_3,fold,3
283,A,0.525260613838604,4.823291078929954e-5,0.47469115325060657,4,15,fold_3,fold,3
283,C,0.698443045462678,6.161536576662056e-5,0.30149533917155596,4,15,fold_3,fold,3
284,A,0.5252528543305687,4.651832783030175e-5,0.474700627341601,4,15,fold_3,fold,3
284,C,0.6984331321555612,5.942586747734088e-5,0.30150744197696244,4,15,fold_3,fold,3
285,A,0.5252453707521338,4.4864608899816746e-05,0.4747097646389664,4,15,fold_3,fold,3
285,C,0.6984235712715401,5.731403281197164e-5,0.30151911469564896,4,15,fold_3,fold,3
286,A,0.5252381533018764,4.326959936455359e-5,0.4747185770987583,4,15,fold_3,fold,3
286,C,0.6984143502990399,5.527711675695849e-5,0.30153037258420406,4,15,fold_3,fold,3
287,A,0.5252311925257999,4.173122046171058e-5,0.4747270762537382,4,15,fold_3,fold,3
287,C,0.6984054571694597,5.331247063621638e-5,0.3015412303599057,4,15,fold_3,fold,3
288,A,0.525224479305066,4.02474666550726e-5,0.4747352732282797,4,15,fold_3,fold,3
288,C,0.6983968802415719,5.141753877810536e-5,0.3015517022196488,4,15,fold_3,fold,3
289,A,0.5252180048441616,3.88164030813549e-5,0.4747431787527567,4,15,fold_3,fold,3
289,C,0.6983886082864758,4.958985529434997e-5,0.3015618018582294,4,15,fold_3,fold,3
290,A,0.5252117606594804,3.743616308384118e-5,0.47475080317743573,4,15,fold_3,fold,3
290,C,0.698380630473053,4.782704096737577e-5,0.3015715424859796,4,15,fold_3,fold,3
291,A,0.5252057385682997,3.610494583043935e-5,0.4747581564858698,4,15,fold_3,fold,3
291,C,0.6983729363539526,4.612680024262586e-5,0.3015809368458055,4,15,fold_3,fold,3
292,A,0.5251999306781499,3.4821014013392196e-5,0.47476524830783745,4,15,fold_3,fold,3
292,C,0.6983655158520529,4.448691832253868e-5,0.301589997229626,4,15,fold_3,fold,3
293,A,0.5251943293765511,3.358269162794578e-5,0.47477208793182096,4,15,fold_3,fold,3
293,C,0.6983583592474016,4.290525835894347e-5,0.3015987354942395,4,15,fold_3,fold,3
294,A,0.5251889273211182,3.238836182736209e-5,0.47477868431705383,4,15,fold_3,fold,3
294,C,0.6983514571646138,4.137975874071684e-5,0.3016071630766457,4,15,fold_3,fold,3
295,A,0.5251837174300054,3.123646485174213e-5,0.4747850461051435,4,15,fold_3,fold,3
295,C,0.698344800560701,3.990843047363198e-5,0.3016152910088247,4,15,fold_3,fold,3
296,A,0.5251786928726877,3.0125496028204067e-5,0.4747911816312844,4,15,fold_3,fold,3
296,C,0.6983383807133415,3.848935464942444e-5,0.30162312993200857,4,15,fold_3,fold,3
297,A,0.5251738470610755,2.9054003840039042e-5,0.4747970989350847,4,15,fold_3,fold,3
297,C,0.6983321892095472,3.712068000117981e-5,0.3016306901104514,4,15,fold_3,fold,3
298,A,0.5251691736409273,2.802058806253878e-5,0.4748028057710102,4,15,fold_3,fold,3
298,C,0.698326217934737,3.580062054223373e-5,0.3016379814447207,4,15,fold_3,fold,3
299,A,0.5251646664835778,2.7023897963261527e-5,0.4748083096184593,4,15,fold_3,fold,3
299,C,0.6983204590621893,3.452745328585586e-5,0.3016450134845242,4,15,fold_3,fold,3
300,A,0.5251603196779471,2.6062630564573283e-5,0.4748136176914877,4,15,fold_3,fold,3
300,C,0.6983149050428686,3.329951604306837e-5,0.30165179544108905,4,15,fold_3,fold,3
301,A,0.5251561275228418,2.5135528966368987e-5,0.47481873694819193,4,15,fold_3,fold,3
301,C,0.6983095485956003,3.211520529602942e-5,0.3016583361991039,4,15,fold_3,fold,3
302,A,0.5251520845195139,2.4241380726945278e-5,0.4748236740997596,4,15,fold_3,fold,3
302,C,0.6983043826976049,3.097297414448913e-5,0.30166464432825263,4,15,fold_3,fold,3
303,A,0.5251481853644955,2.3379016300060257e-5,0.4748284356192055,4,15,fold_3,fold,3
303,C,0.6982994005753466,2.9871330322899495e-5,0.30167072809433126,4,15,fold_3,fold,3
304,A,0.5251444249426752,2.2547307526279686e-5,0.4748330277497979,4,15,fold_3,fold,3
304,C,0.6982945956957243,2.8808834285834355e-5,0.30167659546999,4,15,fold_3,fold,3
305,A,0.5251407983206308,2.174516617676869e-5,0.47483745651319237,4,15,fold_3,fold,3
305,C,0.6982899617575555,2.7784097359445223e-5,0.3016822541450844,4,15,fold_3,fold,3
306,A,0.525137300740181,2.0971542547747613e-5,0.47484172771727157,4,15,fold_3,fold,3
306,C,0.698285492683368,2.6795779956751477e-5,0.30168771153667473,4,15,fold_3,fold,3
307,A,0.5251339276121778,2.0225424103889648e-5,0.47484584696371795,4,15,fold_3,fold,3
307,C,0.6982811826114769,2.5842589854628456e-5,0.3016929747986686,4,15,fold_3,fold,3
308,A,0.5251306745105164,1.9505834168990864e-5,0.4748498196553142,4,15,fold_3,fold,3
308,C,0.6982770258883461,2.4923280530425006e-5,0.3016980508311241,4,15,fold_3,fold,3
309,A,0.5251275371663509,1.881183066230194e-5,0.4748536510029875,4,15,fold_3,fold,3
309,C,0.6982730170612109,2.403664955620923e-5,0.3017029462892331,4,15,fold_3,fold,3
310,A,0.5251245114625155,1.8142504878960067e-5,0.4748573460326064,4,15,fold_3,fold,3
310,C,0.6982691508709703,2.3181537048700403e-5,0.30170766759198053,4,15,fold_3,fold,3
311,A,0.5251215934281492,1.749698031300896e-5,0.47486090959153726,4,15,fold_3,fold,3
311,C,0.6982654222453223,2.2356824173003686e-5,0.30171222093050476,4,15,fold_3,fold,3
312,A,0.5251187792335068,1.6874411521550514e-5,0.4748643463549722,4,15,fold_3,fold,3
312,C,0.6982618262921421,2.1561431698333435e-5,0.30171661227615953,4,15,fold_3,fold,3
313,A,0.5251160651849444,1.6273983028615525e-5,0.474867660832027,4,15,fold_3,fold,3
313,C,0.6982583582930975,2.0794318603962265e-5,0.30172084738829924,4,15,fold_3,fold,3
314,A,0.5251134477201007,1.569490826738893e-5,0.47487085737163137,4,15,fold_3,fold,3
314,C,0.6982550136974872,2.0054480733690633e-5,0.30172493182177856,4,15,fold_3,fold,3
315,A,0.5251109234032332,1.5136428559469166e-5,0.47487394016820866,4,15,fold_3,fold,3
315,C,0.6982517881163001,1.9340949497186328e-5,0.30172887093420314,4,15,fold_3,fold,3
316,A,0.5251084889207213,1.4597812129885413e-5,0.4748769132671491,4,15,fold_3,fold,3
316,C,0.698248677316474,1.8652790616597242e-5,0.30173266989290914,4,15,fold_3,fold,3
317,A,0.5251061410767397,1.4078353156640895e-5,0.47487978057010305,4,15,fold_3,fold,3
317,C,0.6982456772153749,1.7989102916893124e-5,0.30173633368170844,4,15,fold_3,fold,3
318,A,0.5251038767890728,1.357737085358863e-5,0.4748825458400734,4,15,fold_3,fold,3
318,C,0.6982427838754509,1.7349017158441703e-5,0.3017398671073902,4,15,fold_3,fold,3
319,A,0.5251016930850793,1.3094208585488509e-5,0.474885212706335,4,15,fold_3,fold,3
319,C,0.6982399934990935,1.6731694910373134e-5,0.3017432748059965,4,15,fold_3,fold,3
320,A,0.5250995870978065,1.262823301413191e-5,0.4748877846691793,4,15,fold_3,fold,3
320,C,0.6982373024236661,1.613632746333514e-5,0.3017465612488701,4,15,fold_3,fold,3
321,A,0.5250975560622335,1.2178833274457328e-5,0.4748902651044913,4,15,fold_3,fold,3
321,C,0.6982347071167204,1.556213478028615e-5,0.30174973074849926,4,15,fold_3,fold,3
322,A,0.5250955973116559,1.1745420179617994e-5,0.4748926572681651,4,15,fold_3,fold,3
322,C,0.6982322041713686,1.5008364484018924e-5,0.3017527874641461,4,15,fold_3,fold,3
323,A,0.5250937082741887,1.1327425453996013e-5,0.4748949643003577,4,15,fold_3,fold,3
323,C,0.6982297903018381,1.4474290880151013e-5,0.30175573540728223,4,15,fold_3,fold,3
324,A,0.5250918864694031,1.0924300993193032e-5,0.47489718922960295,4,15,fold_3,fold,3
324,C,0.6982274623391576,1.3959214014358911e-5,0.3017585784468283,4,15,fold_3,fold,3
325,A,0.5250901295050776,1.0535518150059217e-5,0.47489933497677195,4,15,fold_3,fold,3
325,C,0.6982252172270245,1.3462458762675195e-5,0.30176132031421377,4,15,fold_3,fold,3
326,A,0.5250884350740621,1.0160567045854649e-5,0.47490140435889217,4,15,fold_3,fold,3
326,C,0.6982230520177958,1.2983373953705866e-5,0.3017639646082519,4,15,fold_3,fold,3
327,A,0.525086800951257,9.798955905668199e-6,0.4749034000928376,4,15,fold_3,fold,3
327,C,0.6982209638686334,1.2521331521664422e-5,0.30176651479984634,4,15,fold_3,fold,3
328,A,0.525085224990699,9.45021041724822e-6,0.47490532479888276,4,15,fold_3,fold,3
328,C,0.6982189500377823,1.2075725689155488e-5,0.3017689742365304,4,15,fold_3,fold,3
329,A,0.5250837051227495,9.113873112429153e-6,0.4749071810041383,4,15,fold_3,fold,3
329,C,0.6982170078809783,1.1645972178677468e-5,0.30177134614684376,4,15,fold_3,fold,3
330,A,0.5250822393513793,8.789502770365112e-6,0.47490897114585007,4,15,fold_3,fold,3
330,C,0.6982151348479911,1.1231507451848077e-5,0.30177363364455745,4,15,fold_3,fold,3
331,A,0.5250808257515565,8.476673841808478e-6,0.47491069757460086,4,15,fold_3,fold,3
331,C,0.6982133284792768,1.0831787975388738e-5,0.3017758397327481,4,15,fold_3,fold,3
332,A,0.5250794624667241,8.174975893698593e-6,0.474912362557382,4,15,fold_3,fold,3
332,C,0.6982115864027617,1.0446289512939514e-5,0.3017779673077255,4,15,fold_3,fold,3
333,A,0.52507814770636,7.884013073350217e-6,0.47491396828056553,4,15,fold_3,fold,3
333,C,0.6982099063307328,1.0074506441805361e-5,0.3017800191628261,4,15,fold_3,fold,3
334,A,0.5250768797436399,7.603403591556027e-6,0.4749155168527688,4,15,fold_3,fold,3
334,C,0.6982082860568402,9.715951093765882e-6,0.3017819979920671,4,15,fold_3,fold,3
335,A,0.5250756569131623,7.332779223940464e-6,0.4749170103076137,4,15,fold_3,fold,3
335,C,0.6982067234532068,9.370153119110026e-6,0.30178390639367436,4,15,fold_3,fold,3
336,A,0.5250744776087752,7.07178482992603e-6,0.47491845060639615,4,15,fold_3,fold,3
336,C,0.6982052164676411,9.036658873085796e-6,0.3017857468734852,4,15,fold_3,fold,3
337,A,0.5250733402814612,6.820077888694169e-6,0.4749198396406502,4,15,fold_3,fold,3
337,C,0.6982037631209465,8.715030823982774e-6,0.301787521848228,4,15,fold_3,fold,3
338,A,0.5250722434373141,6.577328051545263e-6,0.4749211792346346,4,15,fold_3,fold,3
338,C,0.6982023615043272,8.404846982092222e-6,0.3017892336486895,4,15,fold_3,fold,3
339,A,0.525071185635574,6.343216710081737e-6,0.47492247114771635,4,15,fold_3,fold,3
339,C,0.69820100977688615,8.105700348814877e-6,0.3017908845227656,4,15,fold_3,fold,3
340,A,0.5250701654867402,6.11743657965906e-6,0.47492371707668035,4,15,fold_3,fold,3
340,C,0.6981997061632087,7.817198385211968e-6,0.3017924766384071,4,15,fold_3,fold,3
341,A,0.5250691816507489,5.899691297568411e-6,0.47492491865795416,4,15,fold_3,fold,3
341,C,0.6981984489510417,7.538962499319104e-6,0.3017940120864604,4,15,fold_3,fold,3
342,A,0.5250682328352132,5.689695035432934e-6,0.47492607746975113,4,15,fold_3,fold,3
342,C,0.698197236489042,7.270627551565952e-6,0.30179549288340674,4,15,fold_3,fold,3
343,A,0.5250673177937306,5.4871721253183406e-6,0.47492719503414405,4,15,fold_3,fold,3
343,C,0.6981960671846165,7.0118413776675e-6,0.301796920974005,4,15,fold_3,fold,3
344,A,0.52506643532424635,5.291856699075049e-6,0.47492827281905536,4,15,fold_3,fold,3
344,C,0.6981949395018306,6.762264328374171e-6,0.30179829823384113,4,15,fold_3,fold,3
345,A,0.5250655842674754,5.10349234044656e-6,0.4749293122401841,4,15,fold_3,fold,3
345,C,0.6981938519593913,6.52156882548961e-6,0.30179962647178366,4,15,fold_3,fold,3
346,A,0.5250647635053839,4.9218317494945486e-6,0.4749303146628664,4,15,fold_3,fold,3
346,C,0.6981928031287072,6.289438933585303e-6,0.3018009074323575,4,15,fold_3,fold,3
347,A,0.5250639719597212,4.746636418906877e-6,0.4749312814038608,4,15,fold_3,fold,3
347,C,0.6981917916320217,6.0655699468606795e-6,0.30180214279803214,4,15,fold_3,fold,3
348,A,0.5250632085906013,4.577676321769924e-6,0.47493221373307676,4,15,fold_3,fold,3
348,C,0.6981908161405876,5.8496679906164505e-6,0.3018033341914215,4,15,fold_3,fold,3
349,A,0.525062472395145,4.414729610401326e-6,0.47493311287524276,4,15,fold_3,fold,3
349,C,0.6981898753729432,5.641449636828253e-6,0.30180448317741976,4,15,fold_3,fold,3
350,A,0.5250617624061619,4.25758232585301e-6,0.47493398001151266,4,15,fold_3,fold,3
350,C,0.6981889680932212,5.440641533324061e-6,0.3018055912652457,4,15,fold_3,fold,3
351,A,0.5250610776908717,4.106028117708199e-6,0.4749348162810101,4,15,fold_3,fold,3
351,C,0.6981880931095256,5.246980046086946e-6,0.30180665991042865,4,15,fold_3,fold,3
352,A,0.5250604173496966,3.9598679738093965e-6,0.4749356227823296,4,15,fold_3,fold,3
352,C,0.6981872492723752,5.060210914221424e-6,0.3018076905167116,4,15,fold_3,fold,3
353,A,0.5250597805150651,3.818909959566656e-6,0.4749364005749758,4,15,fold_3,fold,3
353,C,0.6981864354731889,4.880088917137415e-6,0.3018086844378945,4,15,fold_3,fold,3
354,A,0.5250591663502833,3.6829689665082524e-6,0.47493715068074965,4,15,fold_3,fold,3
354,C,0.6981856506428324,4.706377553521542e-6,0.3018096429796129,4,15,fold_3,fold,3
355,A,0.5250585740484324,3.5518664697470467e-6,0.4749378740850975,4,15,fold_3,fold,3
355,C,0.6981848937502215,4.538848731680209e-6,0.3018105674010462,4,15,fold_3,fold,3
356,A,0.5250580028313097,3.4254302940478987e-6,0.4749385717383964,4,15,fold_3,fold,3
356,C,0.6981841638009564,4.377282470853781e-6,0.30181145891657146,4,15,fold_3,fold,3
357,A,0.525057451948407,3.3034943881919967e-6,0.4749392445572043,4,15,fold_3,fold,3
357,C,0.6981834598360285,4.2214666131149755e-6,0.3018123186973582,4,15,fold_3,fold,3
358,A,0.5250569206759274,3.18589860734514e-6,0.47493989342546583,4,15,fold_3,fold,3
358,C,0.6981827809305537,4.071196545477987e-6,0.3018131478729017,4,15,fold_3,fold,3
359,A,0.5250564083158301,3.0724885031468477e-6,0.47494051919566627,4,15,fold_3,fold,3
359,C,0.6981821261925613,3.926274931858197e-6,0.30181394753250634,4,15,fold_3,fold,3
360,A,0.5250559141949229,2.963115121247347e-6,0.47494112268995614,4,15,fold_3,fold,3
360,C,0.6981814947618282,3.7865114545346878e-6,0.30181471872671684,4,15,fold_3,fold,3
361,A,0.5250554376639662,2.857634806029072e-6,0.4749417047012279,4,15,fold_3,fold,3
361,C,0.6981808858087397,3.6517225647800125e-6,0.30181546246869595,4,15,fold_3,fold,3
362,A,0.5250549780968315,2.755909012258464e-6,0.4749422659941561,4,15,fold_3,fold,3
362,C,0.6981802985332076,3.52173124233339e-6,0.30181617973555064,4,15,fold_3,fold,3
363,A,0.5250545348896734,2.6578041234228816e-6,0.47494280730620375,4,15,fold_3,fold,3
363,C,0.6981797321636174,3.396366763405117e-6,0.3018168714696196,4,15,fold_3,fold,3
364,A,0.5250541074601368,2.563191276516024e-6,0.4749433293485857,4,15,fold_3,fold,3
364,C,0.6981791859558155,3.2754644769104263e-6,0.3018175385797067,4,15,fold_3,fold,3
365,A,0.5250536952465965,2.471946193043615e-6,0.4749438328072102,4,15,fold_3,fold,3
365,C,0.6981786591921345,3.1588655886420417e-6,0.30181818194227616,4,15,fold_3,fold,3
0,A,0.9989999999999999,0.001,0,5,15,fold_3,fold,3
0,C,0.999,0.001,0,5,15,fold_3,fold,3
1,A,0.9985119496192906,0.001262197820405512,2.2585256030551687e-4,5,15,fold_3,fold,3
1,C,0.9987160089592003,0.0010763563228065529,2.0763471799265366e-4,5,15,fold_3,fold,3
2,A,0.9979611584696197,0.0015333934565343493,5.054480738467568e-4,5,15,fold_3,fold,3
2,C,0.9984183622930709,0.0011512038361779558,4.3043387075097336e-4,5,15,fold_3,fold,3
3,A,0.9973651034775043,0.0017963041885308616,8.385923339654341e-4,5,15,fold_3,fold,3
3,C,0.998109546208773,0.0012225832153834107,6.67870575843887e-4,5,15,fold_3,fold,3
4,A,0.9967290633484726,0.0020477994858823585,0.0012231371656437487,5,15,fold_3,fold,3
4,C,0.9977906563191762,0.0012901499563247483,9.191937244972272e-4,5,15,fold_3,fold,3
5,A,0.9960505019938142,0.0022923095239427873,0.0016571884822430595,5,15,fold_3,fold,3
5,C,0.9974618048646008,0.0013545036548109905,0.0011836914805871308,5,15,fold_3,fold,3
6,A,0.9953241687541442,0.0025358505033517137,0.00213998074250505,5,15,fold_3,fold,3
6,C,0.9971226367435742,0.0014165446914544961,0.001460818564970882,5,15,fold_3,fold,3
7,A,0.9945442347352049,0.002783893471172026,0.0026718717936230364,5,15,fold_3,fold,3
7,C,0.9967725895768286,0.001477204568732214,0.0017502058544387555,5,15,fold_3,fold,3
8,A,0.9937053448485573,0.003040501132208494,0.003254154019235339,5,15,fold_3,fold,3
8,C,0.9964110468250937,0.0015372943234080283,0.002051658851498406,5,15,fold_3,fold,3
9,A,0.9928018550058686,0.003308815159300347,0.003889329834829919,5,15,fold_3,fold,3
9,C,0.9960372710540647,0.0015975749507300824,0.0023651539952059364,5,15,fold_3,fold,3
10,A,0.9918296970775301,0.0035905127809110673,0.004579790141559206,5,15,fold_3,fold,3
10,C,0.9956507010418039,0.001658511690113543,0.002690787268083643,5,15,fold_3,fold,3
11,A,0.9907849279804478,0.003886878519430489,0.005328193500121984,5,15,fold_3,fold,3
11,C,0.9952507839503499,0.001720486222309115,0.0030287298273408442,5,15,fold_3,fold,3
12,A,0.9896646016345731,0.004198700667167896,0.00613669769825869,5,15,fold_3,fold,3
12,C,0.9948371058448127,0.0017837399604939633,0.0033791541946941585,5,15,fold_3,fold,3
13,A,0.988463939236565,0.004527155743348886,0.00700890502008697,5,15,fold_3,fold,3
13,C,0.9944089964624363,0.001848633915386317,0.003742369622178646,5,15,fold_3,fold,3
14,A,0.9871783033729993,0.004873149904394196,0.007948546722606347,5,15,fold_3,fold,3
14,C,0.9939658094811246,0.0019154443195865138,0.0041187461992903745,5,15,fold_3,fold,3
15,A,0.98580344306732,0.005237304185992388,0.00895925274668803,5,15,fold_3,fold,3
15,C,0.9935069594288602,0.0019843491080550365,0.004508691463086498,5,15,fold_3,fold,3
16,A,0.9843351360089886,0.005620170761249123,0.01004469322976141,5,15,fold_3,fold,3
16,C,0.9930318715342759,0.002055487994174062,0.0049126404715498,5,15,fold_3,fold,3
17,A,0.982769062119446,0.006022296815994749,0.011208641064559453,5,15,fold_3,fold,3
17,C,0.992539961038284,0.002128986447404606,0.005331052514309851,5,15,fold_3,fold,3
18,A,0.9811008030944135,0.00644421028743346,0.012454986618153039,5,15,fold_3,fold,3
18,C,0.9920306285202937,0.0022049610417149645,0.005764410437990775,5,15,fold_3,fold,3
19,A,0.9793258723880973,0.006886396643501625,0.013787730968400821,5,15,fold_3,fold,3
19,C,0.9915032600973447,0.0022835200768364238,0.0062132198258192765,5,15,fold_3,fold,3
20,A,0.9774397410177673,0.0073492871525193074,0.0152109718297127,5,15,fold_3,fold,3
20,C,0.9909572279792859,0.0023647644468137727,0.00667800757389746,5,15,fold_3,fold,3
21,A,0.9754378572842863,0.007833253949678454,0.01672888876603591,5,15,fold_3,fold,3
21,C,0.9903918904624703,0.0024487891565098683,0.007159320381018261,5,15,fold_3,fold,3
22,A,0.9733156658328246,0.008338604895149657,0.018345729272026358,5,15,fold_3,fold,3
22,C,0.989806591616607,0.0025356848391922984,0.007657723544201972,5,15,fold_3,fold,3
23,A,0.9710686293478138,0.00886557579723266,0.020065794854953963,5,15,fold_3,fold,3
23,C,0.9892006610198875,0.002625538863723188,0.008173800116388484,5,15,fold_3,fold,3
24,A,0.9686922534983453,0.009414320644566286,0.021893425857087964,5,15,fold_3,fold,3
24,C,0.9885734137110985,0.0027184359768769612,0.00870815031202529,5,15,fold_3,fold,3
25,A,0.9661821146831192,0.009984901052576673,0.023832984264302942,5,15,fold_3,fold,3
25,C,0.9879241503725805,0.002814458595536362,0.009261391031884681,5,15,fold_3,fold,3
26,A,0.9635338901530763,0.010577275577460625,0.02588883426946344,5,15,fold_3,fold,3
26,C,0.9872521577039028,0.002913686873929792,0.009834155422166925,5,15,fold_3,fold,3
27,A,0.9607433903794447,0.011191289014505716,0.028065320606050444,5,15,fold_3,fold,3
27,C,0.9865567089550469,0.0030161986215255076,0.010427092423428383,5,15,fold_3,fold,3
28,A,0.9578065676795994,0.01182668078909163,0.030366751531308654,5,15,fold_3,fold,3
28,C,0.9858370665722689,0.0031220694942474814,0.011040863933483774,5,15,fold_3,fold,3
29,A,0.9547195906683713,0.0124830402901438,0.03279736904148521,5,15,fold_3,fold,3
29,C,0.9850924789428365,0.003231372019123995,0.011676149038038819,5,15,fold_3,fold,3
30,A,0.9514788953671857,0.013159792243934385,0.03536131238888012,5,15,fold_3,fold,3
30,C,0.9843221815168549,0.0033441751524843043,0.012333643330660574,5,15,fold_3,fold,3
31,A,0.9480812035407923,0.013856209836518613,0.0380625866226888,5,15,fold_3,fold,3
31,C,0.9835254010619302,0.00346054428782884,0.013014054650241193,5,15,fold_3,fold,3
32,A,0.9445235518204349,0.014571410235025492,0.04090503794454025,5,15,fold_3,fold,3
32,C,0.9827013570300746,0.0035805408061831126,0.013718102163744013,5,15,fold_3,fold,3
33,A,0.9408033405946261,0.015304339091810174,0.04389232031356413,5,15,fold_3,fold,3
33,C,0.9818492620843623,0.0037042213599807203,0.014446516555657356,5,15,fold_3,fold,3
34,A,0.9369183823016757,0.01605375856255828,0.04702785913576604,5,15,fold_3,fold,3
34,C,0.9809683232080652,0.003831637175538166,0.015200039616397477,5,15,fold_3,fold,3
35,A,0.9328669458512944,0.016818240848343304,0.050314813300362436,5,15,fold_3,fold,3
35,C,0.9800577435423026,0.003962833401088386,0.015979423056608197,5,15,fold_3,fold,3
36,A,0.9286477983913876,0.017596164945331526,0.053756036663280736,5,15,fold_3,fold,3
36,C,0.979116724550007,0.004097848442467283,0.016785427007523602,5,15,fold_3,fold,3
37,A,0.9242602458031587,0.018385714914782414,0.057354039282058865,5,15,fold_3,fold,3
37,C,0.9781444682544498,0.004236713252560923,0.017618818492990893,5,15,fold_3,fold,3
38,A,0.9197041718182806,0.01918487968918864,0.06111094849253087,5,15,fold_3,fold,3
38,C,0.9771401795463371,0.004379450580012334,0.018480369873651134,5,15,fold_3,fold,3
39,A,0.9149800747642136,0.019991455134886694,0.06502847010089975,5,15,fold_3,fold,3
39,C,0.9761030686363613,0.004526074195359077,0.019370857168279923,5,15,fold_3,fold,3
40,A,0.910089100861592,0.02080304893522028,0.0691078502031883,5,15,fold_3,fold,3
40,C,0.9750323536948828,0.004676588107176491,0.02029105819794003,5,15,fold_3,fold,3
41,A,0.9050330731980587,0.021617088536261916,0.07334983826567966,5,15,fold_3,fold,3
41,C,0.973927263673597,0.004830985774364954,0.021241750552038658,5,15,fold_3,fold,3
42,A,0.89981451564504,0.022430832237202658,0.07775465211775735,5,15,fold_3,fold,3
42,C,0.9727870412879559,0.00498924931961911,0.02222370939242498,5,15,fold_3,fold,3
43,A,0.8944366710289643,0.023241383475901854,0.08232194549513465,5,15,fold_3,fold,3
43,C,0.971610946143916,0.005151348750982166,0.02323770510510264,5,15,fold_3,fold,3
44,A,0.888903512891242,0.02404570834125667,0.08705077876750085,5,15,fold_3,fold,3
44,C,0.97039825799849,0.005317241200048973,0.024284500801461738,5,15,fold_3,fold,3
45,A,0.8832197502244242,0.02484065628785186,0.0919395934877247,5,15,fold_3,fold,3
45,C,0.9691482801438099,0.00548687018597019,0.02536484967021924,5,15,fold_3,fold,3
46,A,0.8773908246638408,0.025622983943589264,0.09698619139256996,5,15,fold_3,fold,3
46,C,0.9678603429008596,0.005660164914460364,0.026479492184678974,5,15,fold_3,fold,3
47,A,0.8714228997347658,0.026389381808430565,0.10218771845680462,5,15,fold_3,fold,3
47,C,0.9665338072055437,0.005837039621045054,0.027629153173411563,5,15,fold_3,fold,3
48,A,0.865322841895019,0.027136503552165632,0.10754065455281556,5,15,fold_3,fold,3
48,C,0.9651680682674416,0.006017392967866679,0.02881453876469257,5,15,fold_3,fold,3
49,A,0.8590981934564662,0.027860997360592433,0.11304080918294172,5,15,fold_3,fold,3
49,C,0.9637625592789468,0.006201107504369105,0.030036333216684794,5,15,fold_3,fold,3
50,A,0.852757136875252,0.028559539419989236,0.118683323704759,5,15,fold_3,fold,3
50,C,0.9623167551561118,0.006388049197253703,0.031295195646635694,5,15,fold_3,fold,3
51,A,0.8463084510258155,0.02922886859990725,0.12446268037427732,5,15,fold_3,fold,3
51,C,0.9608301762837318,0.006578067042116636,0.03259175667415149,5,15,fold_3,fold,3
52,A,0.8397614602504017,0.029865821382387237,0.13037271836721157,5,15,fold_3,fold,3
52,C,0.9593023922373138,0.006770992766931577,0.033926614995756464,5,15,fold_3,fold,3
53,A,0.8331259817078084,0.03046736367378824,0.13640665461840343,5,15,fold_3,fold,3
53,C,0.957733025114015,0.006966640648721494,0.0353003342372638,5,15,fold_3,fold,3
54,A,0.8264122542559208,0.031030629965365382,0.14255711577871455,5,15,fold_3,fold,3
54,C,0.9561217536356604,0.007164807375298981,0.03671343898903935,5,15,fold_3,fold,3
55,A,0.8196308623077984,0.0315529601660752,0.1488161775261263,5,15,fold_3,fold,3
55,C,0.9544683170474353,0.00736527203417585,0.03816641091838801,5,15,fold_3,fold,3
56,A,0.8127926661583055,0.03203192631613547,0.1551754075255595,5,15,fold_3,fold,3
56,C,0.9527725180342663,0.007567796288069772,0.03965968567766385,5,15,fold_3,fold,3
57,A,0.8059087316064903,0.03246535634347897,0.16162591205003143,5,15,fold_3,fold,3
57,C,0.9510342254715859,0.007772124647809832,0.04119364988060446,5,15,fold_3,fold,3
58,A,0.7989902502870657,0.03285136022361777,0.1681583894893158,5,15,fold_3,fold,3
58,C,0.9492533776081604,0.00797798480792427,0.04276863758391455,5,15,fold_3,fold,3
59,A,0.7920484555090421,0.033188354266020015,0.17476319022493647,5,15,fold_3,fold,3
59,C,0.9474299852402224,0.008185088096926975,0.04438492666284973,5,15,fold_3,fold,3
60,A,0.7850945406168583,0.03347507883533234,0.1814303805478101,5,15,fold_3,fold,3
60,C,0.9455641344002296,0.008393130080502109,0.04604273551926646,5,15,fold_3,fold,3
61,A,0.7781395819135332,0.033710609424329775,0.18814980866213674,5,15,fold_3,fold,3
61,C,0.9436559885779919,0.008601791301097068,0.04774222012091128,5,15,fold_3,fold,3
62,A,0.7711944648148679,0.03389436317729666,0.19491117200783595,5,15,fold_3,fold,3
62,C,0.9417057907051675,0.008810738123708138,0.04948347117112332,5,15,fold_3,fold,3
63,A,0.7642698126769039,0.03402610165983212,0.20170408566326362,5,15,fold_3,fold,3
63,C,0.9397138649721501,0.00901962368114576,0.051266511346704395,5,15,fold_3,fold,3
64,A,0.757375919693197,0.03410592910452758,0.20851815120227557,5,15,fold_3,fold,3
64,C,0.937680618370373,0.00922808892797187,0.05309129270165432,5,15,fold_3,fold,3
65,A,0.7505226897194432,0.034134285464652706,0.21534302481590398,5,15,fold_3,fold,3
65,C,0.9356065418618859,0.009435763804845064,0.0549576943332688,5,15,fold_3,fold,3
66,A,0.7437195819868495,0.034111934586082304,0.22216848342706916,5,15,fold_3,fold,3
66,C,0.9334922111724046,0.009642268502175306,0.05686552032541903,5,15,fold_3,fold,3
67,A,0.7369755638362355,0.03403994829521247,0.228984487868552,5,15,fold_3,fold,3
67,C,0.9313382872424532,0.009847214809785098,0.058814497947759864,5,15,fold_3,fold,3
68,A,0.730299070506037,0.03391968698851521,0.23578124250544721,5,15,fold_3,fold,3
68,C,0.9291455163421621,0.010050207544576481,0.060804276113264014,5,15,fold_3,fold,3
69,A,0.723697972198996,0.033752777046308295,0.2425492507546952,5,15,fold_3,fold,3
69,C,0.9269147298265172,0.010250846050923666,0.0628344241225597,5,15,fold_3,fold,3
70,A,0.7171795487693674,0.03354108542571809,0.24927936580491425,5,15,fold_3,fold,3
70,C,0.9246468435105338,0.010448725766071521,0.06490443072339563,5,15,fold_3,fold,3
71,A,0.7107504719250989,0.033286692079697706,0.25596283599520303,5,15,fold_3,fold,3
71,C,0.9223428566653805,0.010643439839591106,0.06701370349502893,5,15,fold_3,fold,3
72,A,0.7044167944683117,0.03299186095940294,0.26259134457228517,5,15,fold_3,fold,3
72,C,0.9200038506466387,0.010834580795558053,0.06916156855780298,5,15,fold_3,fold,3
73,A,0.6981839463660953,0.03265901013652883,0.2691570434973767,5,15,fold_3,fold,3
73,C,0.9176309871563924,0.011021742227476459,0.07134727061612978,5,15,fold_3,fold,3
74,A,0.6920567371987133,0.03229068156725198,0.2756525812340352,5,15,fold_3,fold,3
74,C,0.9152255061412847,0.011204520516268173,0.0735699733424458,5,15,fold_3,fold,3
75,A,0.6860393644770076,0.03188951101460825,0.28207112450838434,5,15,fold_3,fold,3
75,C,0.9127887233315507,0.01138251656086209,0.07582876010758642,5,15,fold_3,fold,3
76,A,0.6801354272220168,0.031458198656258984,0.2884063741217244,5,15,fold_3,fold,3
76,C,0.9103220274314824,0.011555337510158666,0.07812263505835891,5,15,fold_3,fold,3
77,A,0.6743479441726128,0.030999480838783285,0.2946525749886031,5,15,fold_3,fold,3
77,C,0.9078268769744926,0.011722598485165898,0.0804505245403415,5,15,fold_3,fold,3
78,A,0.6686793759910948,0.030516103342708878,0.30080452066619606,5,15,fold_3,fold,3
78,C,0.9053047968568497,0.011883924280466406,0.0828112788626848,5,15,fold_3,fold,3
79,A,0.6631316508330585,0.03001079645348023,0.30685755271346077,5,15,fold_3,fold,3
79,C,0.9027573745655286,0.012038951034279533,0.08520367440019305,5,15,fold_3,fold,3
80,A,0.6577061926418086,0.029486252088596898,0.31280755526959486,5,15,fold_3,fold,3
80,C,0.9001862561181203,0.01218732785625814,0.08762641602562032,5,15,fold_3,fold,3
81,A,0.6524039515443014,0.028945103174736857,0.3186509452809613,5,15,fold_3,fold,3
81,C,0.8975931417352898,0.012328718402184285,0.09007813986252634,5,15,fold_3,fold,3
82,A,0.6472254357666494,0.028389905395760615,0.32438465883758993,5,15,fold_3,fold,3
82,C,0.8949797812681686,0.012462802385019456,0.09255741634681243,5,15,fold_3,fold,3
83,A,0.6421707445327755,0.027823121366560483,0.33000613410066426,5,15,fold_3,fold,3
83,C,0.8923479694046816,0.012589277012153077,0.09506275358316442,5,15,fold_3,fold,3
84,A,0.6372396014512577,0.027247107239739374,0.33551329130900254,5,15,fold_3,fold,3
84,C,0.8896995406802145,0.01270785833905309,0.09759260098073189,5,15,fold_3,fold,3
85,A,0.6324313879406321,0.026664101711079174,0.3409045103482891,5,15,fold_3,fold,3
85,C,0.8870363643196246,0.012818282529938137,0.1001453531504377,5,15,fold_3,fold,3
86,A,0.6277451762975906,0.026076217347377365,0.3461786063550321,5,15,fold_3,fold,3
86,C,0.8843603389389405,0.012920307016651951,0.10271935404440731,5,15,fold_3,fold,3
87,A,0.6231797620686215,0.025485434122643775,0.35133480380873433,5,15,fold_3,fold,3
87,C,0.8816733871360863,0.013013711547612722,0.10531290131629978,5,15,fold_3,fold,3
88,A,0.6187336954365903,0.024893595022724466,0.3563727095406852,5,15,fold_3,fold,3
88,C,0.8789774500007311,0.013098299119474237,0.10792425087979607,5,15,fold_3,fold,3
89,A,0.6144053113892513,0.024302403553654615,0.36129228505709404,5,15,fold_3,fold,3
89,C,0.8762744815735812,0.013173896785255627,0.1105516216411628,5,15,fold_3,fold,3
90,A,0.6101927584518811,0.023713423005843757,0.36609381854227546,5,15,fold_3,fold,3
90,C,0.8735664432869827,0.013240356332472676,0.11319320038054333,5,15,fold_3,fold,3
91,A,0.6060940258453891,0.02312807728110702,0.37077789687350404,5,15,fold_3,fold,3
91,C,0.8708552984174522,0.013297554827016781,0.11584714675553241,5,15,fold_3,fold,3
92,A,0.6021069690007989,0.022547653060065946,0.3753453779391356,5,15,fold_3,fold,3
92,C,0.8681430065794349,0.01334539502065307,0.11851159839991239,5,15,fold_3,fold,3
93,A,0.5982293333167091,0.021973303169531354,0.37979736351376014,5,15,fold_3,fold,3
93,C,0.8654315182918839,0.013383805618247344,0.1211846760898687,5,15,fold_3,fold,3
94,A,0.5944587761278776,0.021406050962270013,0.3841351729098533,5,15,fold_3,fold,3
94,C,0.8627227696466592,0.013412741403767714,0.12386448894957514,5,15,fold_3,fold,3
95,A,0.5907928868767247,0.020846795531807693,0.38836031759146866,5,15,fold_3,fold,3
95,C,0.8600186771069005,0.013432183225227178,0.1265491396678736,5,15,fold_3,fold,3
96,A,0.5872292055059648,0.020296317593283666,0.392474476900751,5,15,fold_3,fold,3
96,C,0.8573211324620909,0.013442137839982524,0.12923672969792746,5,15,fold_3,fold,3
97,A,0.5837652391073932,0.019755285877812043,0.3964794750147938,5,15,fold_3,fold,3
97,C,0.8546319979650311,0.013442637622822584,0.13192536441214472,5,15,fold_3,fold,3
98,A,0.5803984768772102,0.019224263901942304,0.4003772592208471,5,15,fold_3,fold,3
98,C,0.8519531016743151,0.013433740140393573,0.1346131581852916,5,15,fold_3,fold,3
99,A,0.5771264034429455,0.018703716985183267,0.4041698795718719,5,15,fold_3,fold,3
99,C,0.8492862330237766,0.013415527596702517,0.13729823937952038,5,15,fold_3,fold,3
100,A,0.5739465106387955,0.01819401940052125,0.40785946996068406,5,15,fold_3,fold,3
100,C,0.8466331386383368,0.013388106155573079,0.13997875520609107,5,15,fold_3,fold,3
101,A,0.5708563078143797,0.017695461556492372,0.41144823062912783,5,15,fold_3,fold,3
101,C,0.8439955184132466,0.013351605146924222,0.14265287643983054,5,15,fold_3,fold,3
102,A,0.5678533307674065,0.01720825712311349,0.41493841210948124,5,15,fold_3,fold,3
102,C,0.8413750218715024,0.013306176164626942,0.14531880196387162,5,15,fold_3,fold,3
103,A,0.5649351493943094,0.0167325500266927,0.418332300578998,5,15,fold_3,fold,3
103,C,0.8387732448116852,0.01325199206449216,0.14797476312382363,5,15,fold_3,fold,3
104,A,0.562099374154688,0.016268421250441534,0.4216322045948701,5,15,fold_3,fold,3
104,C,0.8361917262560243,0.013189245871647734,0.15061902787232792,5,15,fold_3,fold,3
105,A,0.5593436614453462,0.015815895389167983,0.42484044316548497,5,15,fold_3,fold,3
105,C,0.8336319457060171,0.013118149607142277,0.15324990468684052,5,15,fold_3,fold,3
106,A,0.556665717978653,0.015374946916792129,0.4279593351045551,5,15,fold_3,fold,3
106,C,0.8310953207104224,0.013038933044067377,0.15586574624550992,5,15,fold_3,fold,3
107,A,0.5540633042579686,0.014945506134727516,0.43099118960730426,5,15,fold_3,fold,3
107,C,0.8285832047480738,0.012951842403810917,0.15846495284811582,5,15,fold_3,fold,3
108,A,0.5515342372400351,0.014527464777588926,0.43393829798237643,5,15,fold_3,fold,3
108,C,0.8260968854255824,0.012857139003248832,0.16104597557116884,5,15,fold_3,fold,3
109,A,0.5490763922689496,0.01412068126170637,0.43680292646934427,5,15,fold_3,fold,3
109,C,0.823637582987688,0.012755097863851933,0.16360731914845977,5,15,fold_3,fold,3
110,A,0.546687704367206,0.013724985563740485,0.4395873100690532,5,15,fold_3,fold,3
110,C,0.8212064491363196,0.012646006293187757,0.1661475445704933,5,15,fold_3,fold,3
111,A,0.5443661689594099,0.013340183727960267,0.44229364731263066,5,15,fold_3,fold,3
111,C,0.8188045661519651,0.012530162449660435,0.1686652713983731,5,15,fold_3,fold,3
112,A,0.5421098420946868,0.012966062009909516,0.44492409589540316,5,15,fold_3,fold,3
112,C,0.816432946308771,0.012407873901359326,0.17115917978986855,5,15,fold_3,fold,3
113,A,0.5399168402417464,0.012602390655371398,0.44748076910288137,5,15,fold_3,fold,3
113,C,0.8140925315742716,0.01227945618831047,0.1736280122374202,5,15,fold_3,fold,3
114,A,0.5377853397174907,0.012248927325376576,0.44996573295713227,5,15,fold_3,fold,3
114,C,0.8117841935824444,0.012145231397788513,0.17607057501976675,5,15,fold_3,fold,3
115,A,0.5357135758057067,0.01190542018040841,0.45238100401388476,5,15,fold_3,fold,3
115,C,0.8095087338675719,0.012005526761725204,0.17848573937070356,5,15,fold_3,fold,3
116,A,0.5336998416171963,0.011571610639233077,0.45472854774357,5,15,fold_3,fold,3
116,C,0.8072668843451558,0.011860673284619217,0.18087244237022462,5,15,fold_3,fold,3
117,A,0.5317424867385157,0.011247235828607354,0.45701027743287703,5,15,fold_3,fold,3
117,C,0.8050593080254722,0.011711004409588001,0.18322968756493926,5,15,fold_3,fold,3
118,A,0.5298399157120456,0.01093203074114837,0.45922805354680574,5,15,fold_3,fold,3
118,C,0.8028865999444394,0.011556854729463611,0.18555654532609606,5,15,fold_3,fold,3
119,A,0.5279905863854909,0.010625730119803911,0.46138368349470493,5,15,fold_3,fold,3
119,C,0.8007492882960193,0.011398558749119754,0.18785215295486046,5,15,fold_3,fold,3
120,A,0.5261930081645161,0.010328070088036153,0.46347892174744854,5,15,fold_3,fold,3
120,C,0.7986478357498955,0.011236449704468335,0.1901157145456379,5,15,fold_3,fold,3
121,A,0.5244457401982815,0.010038789544927536,0.4655154702567908,5,15,fold_3,fold,3
121,C,0.796582640937963,0.01107085844278162,0.19234650061925554,5,15,fold_3,fold,3
122,A,0.5227473895239637,0.009757631344222285,0.4674949791318146,5,15,fold_3,fold,3
122,C,0.7945540400931221,0.010902112368205806,0.19454384753867154,5,15,fold_3,fold,3
123,A,0.521096609192848,0.009484343276001946,0.4694190475311488,5,15,fold_3,fold,3
123,C,0.7925623088238691,0.010730534455563791,0.19670715672056724,5,15,fold_3,fold,3
124,A,0.5194920963974536,0.009218678869209927,0.4712892247333366,5,15,fold_3,fold,3
124,C,0.790607664008457,0.010556442334805679,0.19883589365673698,5,15,fold_3,fold,3
125,A,0.517932590616193,0.008960398032567651,0.4731070113512397,5,15,fold_3,fold,3
125,C,0.7886902657926732,0.010380147447751356,0.20092958675957492,5,15,fold_3,fold,3
126,A,0.5164168717894708,0.008709267550645767,0.4748738606598834,5,15,fold_3,fold,3
126,C,0.786810219675688,0.01020195427808783,0.20298782604622312,5,15,fold_3,fold,3
127,A,0.5149437585386245,0.008465061451023282,0.47659118001035206,5,15,fold_3,fold,3
127,C,0.7849675786689814,0.010022159654941356,0.20501026167607816,5,15,fold_3,fold,3
128,A,0.5135121064369362,0.008227561257567706,0.47826033230549553,5,15,fold_3,fold,3
128,C,0.7831623455139044,0.009841052129746756,0.2069966023563499,5,15,fold_3,fold,3
129,A,0.5121208063399506,0.007996556143958947,0.4798826375160901,5,15,fold_3,fold,3
129,C,0.7813944749443248,0.009658911425426256,0.2089466136302482,5,15,fold_3,fold,3
130,A,0.5107687827809336,0.007771843000266448,0.4814593742187998,5,15,fold_3,fold,3
130,C,0.7796638759807598,0.009476007957064858,0.210860116062176,5,15,fold_3,fold,3
131,A,0.5094549924354074,0.007553226424798475,0.48299178113979363,5,15,fold_3,fold,3
131,C,0.7779704142438953,0.009292602422075356,0.2127369833340288,5,15,fold_3,fold,3
132,A,0.5081784226570897,0.007340518652686661,0.4844810586902238,5,15,fold_3,fold,3
132,C,0.776313914276853,0.009108945456905089,0.21457714026624158,5,15,fold_3,fold,3
133,A,0.5069380900872543,0.00713353943086,0.4859283704818854,5,15,fold_3,fold,3
133,C,0.7746941618645263,0.008925277358746713,0.21638056077672665,5,15,fold_3,fold,3
134,A,0.5057330393379588,0.006932115848719722,0.48733484481332195,5,15,fold_3,fold,3
134,C,0.7731109063403201,0.008741827869296701,0.21814726579038443,5,15,fold_3,fold,3
135,A,0.5045623417487894,0.006736082132879194,0.48870157611833,5,15,fold_3,fold,3
135,C,0.7715638628712747,0.008558816017421455,0.21987732111130337,5,15,fold_3,fold,3
136,A,0.5034250942160777,0.00654527941347006,0.490029626370453,5,15,fold_3,fold,3
136,C,0.7700527147134726,0.00837645001740201,0.22157083526912552,5,15,fold_3,fold,3
137,A,0.50232041809292,0.006359555468641019,0.49132002643843825,5,15,fold_3,fold,3
137,C,0.7685771154302472,0.008194927219411056,0.2232279573503412,5,15,fold_3,fold,3
138,A,0.5012474581579824,0.006178764453094943,0.4925737773889226,5,15,fold_3,fold,3
138,C,0.7671366910665699,0.008014434108809955,0.22484887482462135,5,15,fold_3,fold,3
139,A,0.5002053816505315,0.006002766615814097,0.4937918517336545,5,15,fold_3,fold,3
139,C,0.7657310422736778,0.007835146350740443,0.2264338113755822,5,15,fold_3,fold,3
140,A,0.4991933773689541,0.005831428011476628,0.4949751946195689,5,15,fold_3,fold,3
140,C,0.7643597463788692,0.007657228876423389,0.22798302474470689,5,15,fold_3,fold,3
141,A,0.4982106548297088,0.005664620209452274,0.49612472496083854,5,15,fold_3,fold,3
141,C,0.763022359396013,0.007480836007588124,0.22949680459639946,5,15,fold_3,fold,3
142,A,0.497256443483547,0.005502220003692941,0.49724133651276003,5,15,fold_3,fold,3
142,C,0.7617184179730445,0.007306111615513131,0.2309754704114434,5,15,fold_3,fold,3
143,A,0.4963299919857382,0.005344109126312864,0.49832589888794854,5,15,fold_3,fold,3
143,C,0.7604474412733265,0.0071331893112272435,0.23241936941544641,5,15,fold_3,fold,3
144,A,0.4954305675169979,0.005190173967186703,0.49937925851581616,5,15,fold_3,fold,3
144,C,0.7592089327883498,0.006962192663498511,0.233828874548151,5,15,fold_3,fold,3
145,A,0.49455745515179644,0.005040305301475231,0.5004022395467282,5,15,fold_3,fold,3
145,C,0.75800238207981,0.006793235441338384,0.23520438247885195,5,15,fold_3,fold,3
146,A,0.4937099572707906,0.00489439802661156,0.5013956447025969,5,15,fold_3,fold,3
146,C,0.7568272664496277,0.006626421877871707,0.23654631167249957,5,15,fold_3,fold,3
147,A,0.49288739301414314,0.0047523509099428205,0.5023602560759138,5,15,fold_3,fold,3
147,C,0.7556830525369703,0.006461846952561505,0.23785510051046865,5,15,fold_3,fold,3
148,A,0.492089097772627,0.004614066347921275,0.5032968358794516,5,15,fold_3,fold,3
148,C,0.7545691978417169,0.006299596688924761,0.23913120546935857,5,15,fold_3,fold,3
149,A,0.49131442271352854,0.004479450137454598,0.504206127149018,5,15,fold_3,fold,3
149,C,0.7534851521743084,0.0061397484650265784,0.2403750993606659,5,15,fold_3,fold,3
150,A,0.4905627343383827,0.004348411259886809,0.5050888544017308,5,15,fold_3,fold,3
150,C,0.7524303590321637,0.0059823713342212394,0.24158726963361482,5,15,fold_3,fold,3
151,A,0.48983341406983794,0.0042208616777865745,0.5059457242523753,5,15,fold_3,fold,3
151,C,0.751404256903293,0.005827526353742545,0.24276821674296556,5,15,fold_3,fold,3
152,A,0.48912585786514207,0.0040967161444745185,0.5067774259903839,5,15,fold_3,fold,3
152,C,0.7504062804979676,0.005675266918902696,0.2439184525831302,5,15,fold_3,fold,3
153,A,0.48843947585368114,0.003975892026307639,0.5075846321200114,5,15,fold_3,fold,3
153,C,0.7494358619095772,0.005525639100893412,0.24503849898952915,5,15,fold_3,fold,3
154,A,0.487773691996314,0.0038583091374718584,0.5083679988662143,5,15,fold_3,fold,3
154,C,0.7484924317060044,0.005378681986293309,0.2461288863077025,5,15,fold_3,fold,3
155,A,0.4871279437643418,0.0037438895869454265,0.5091281666487122,5,15,fold_3,fold,3
155,C,0.7475754199530992,0.005234428016554049,0.24719015203034697,5,15,fold_3,fold,3
156,A,0.48650168183615666,0.0036325576372150024,0.5098657605266281,5,15,fold_3,fold,3
156,C,0.7466842571719794,0.0050929033258989955,0.24822283950212407,5,15,fold_3,fold,3
157,A,0.4858943698097183,0.0035242395742772904,0.510581390616004,5,15,fold_3,fold,3
157,C,0.7458183752320118,0.004954128076228584,0.24922749669175878,5,15,fold_3,fold,3
158,A,0.4853054839291733,0.0034188635884147395,0.511275652482412,5,15,fold_3,fold,3
158,C,0.7449772081814957,0.004818116787775328,0.25020467503073035,5,15,fold_3,fold,3
159,A,0.4847345128240654,0.0033163596651945805,0.51194912751074,5,15,fold_3,fold,3
159,C,0.7441601930180545,0.0046848786643894505,0.25115492831755565,5,15,fold_3,fold,3
160,A,0.4841809572597257,0.003216659486113918,0.5126023832541617,5,15,fold_3,fold,3
160,C,0.7433667704010034,0.00455441791247081,0.2520788116865257,5,15,fold_3,fold,3
161,A,0.48364432989755657,0.003119696338300532,0.51323597376414265,5,15,fold_3,fold,3
161,C,0.7425963853078008,0.004426734052690325,0.2529768806395103,5,15,fold_3,fold,3
162,A,0.48312415506407114,0.0030254050326749622,0.5138504399032532,5,15,fold_3,fold,3
162,C,0.7418484876369055,0.004301822223766479,0.25384969013932823,5,15,fold_3,fold,3
163,A,0.482619968527619,0.0029337218299816826,0.5144463096423991,5,15,fold_3,fold,3
163,C,0.7411225327592975,0.004179673477675067,0.2546977937630281,5,15,fold_3,fold,3
164,A,0.48213131728189274,0.0028445843741054014,0.5150240983440022,5,15,fold_3,fold,3
164,C,0.7404179820209232,0.004060275065774823,0.25552174291330204,5,15,fold_3,fold,3
165,A,0.48165775933537197,0.0027579316321023005,0.5155843090325265,5,15,fold_3,fold,3
165,C,0.7397343031983792,0.003943610715429425,0.256322086086191,5,15,fold_3,fold,3
166,A,0.48119886350597646,0.0026737038403930494,0.5161274326536306,5,15,fold_3,fold,3
166,C,0.7390709709100777,0.0038296608967957765,0.2570993681931258,5,15,fold_3,fold,3
167,A,0.48075420922027706,0.0025918424565845788,0.5166539483231384,5,15,fold_3,fold,3
167,C,0.7384274669851376,0.0037184030795322626,0.25785412993532947,5,15,fold_3,fold,3
168,A,0.48032338631670585,0.0025122901164103435,0.5171643235668831,5,15,fold_3,fold,3
168,C,0.7378032807922124,0.003609811979255313,0.25858690722853334,5,15,fold_3,fold,3
169,A,0.47990599485227264,0.0024349905953041616,0.5176590145524232,5,15,fold_3,fold,3
169,C,0.737197909530392,0.003503859793655526,0.2592982306759521,5,15,fold_3,fold,3
170,A,0.4795016449123657,0.002359888774150389,0.5181384663134837,5,15,fold_3,fold,3
170,C,0.7366108584843677,0.003400516428189489,0.25998862508744297,5,15,fold_3,fold,3
171,A,0.4791099564232765,0.002286930608778071,0.5186031129679454,5,15,fold_3,fold,3
171,C,0.736041641245856,0.0032997497113821344,0.26065860904276134,5,15,fold_3,fold,3
172,A,0.4787305589671492,0.002216063102793422,0.5190533779300586,5,15,fold_3,fold,3
172,C,0.7354897799032806,0.003201525599870492,0.2613086944968487,5,15,fold_3,fold,3
173,A,0.4783630915990906,0.0021472342833764395,0.5194896741175321,5,15,fold_3,fold,3
173,C,0.734954805201679,0.003105808373215666,0.26193938642510606,5,15,fold_3,fold,3
174,A,0.47800720266625324,0.0020803931796915865,0.519912404154055,5,15,fold_3,fold,3
174,C,0.7344362566747422,0.003012560818643675,0.262551182506615,5,15,fold_3,fold,3
175,A,0.4776625496286928,0.002015489803589287,0.5203219605677174,5,15,fold_3,fold,3
175,C,0.7339336827507696,0.0029217444059053905,0.2631445728433253,5,15,fold_3,fold,3
176,A,0.4773287988819041,0.0019524751323013855,0.5207187259857954,5,15,fold_3,fold,3
176,C,0.7334466408342878,0.002833319452474086,0.2637200397132366,5,15,fold_3,fold,3
177,A,0.4770056255809062,0.001891301092858686,0.5211030733262357,5,15,fold_3,fold,3
177,C,0.7329746973650116,0.0027472452793129024,0.2642780573556752,5,15,fold_3,fold,3
178,A,0.4766927134658291,0.001831920547982982,0.5214753659861877,5,15,fold_3,fold,3
178,C,0.7325174278557408,0.002663480357462088,0.2648190917867969,5,15,fold_3,fold,3
179,A,0.47638975468893696,0.0017742872832288133,0.5218359580278343,5,15,fold_3,fold,3
179,C,0.73207441691076,0.002581982445717116,0.26534360064352214,5,15,fold_3,fold,3
180,A,0.4760964496430684,0.001718355995171958,0.5221851943617593,5,15,fold_3,fold,3
180,C,0.731645258226183,0.0025027087196858033,0.2658520330541311,5,15,fold_3,fold,3
181,A,0.4758125067914901,0.0016640822804621976,0.5225234109280487,5,15,fold_3,fold,3
181,C,0.731229554573642,0.0024256158925225367,0.2663448295338362,5,15,fold_3,fold,3
182,A,0.47553764249915936,0.0016114226255772202,0.5228509348752636,5,15,fold_3,fold,3
182,C,0.7308269177686634,0.002350660327643907,0.2668224219036935,5,15,fold_3,fold,3
183,A,0.4752715808654312,0.0015603343971325938,0.5231680847374365,5,15,fold_3,fold,3
183,C,0.7304369686249832,0.002277798143734875,0.2672852332312814,5,15,fold_3,fold,3
184,A,0.47501405355822024,0.0015107758326196234,0.5234751706091608,5,15,fold_3,fold,3
184,C,0.7300593368960026,0.002206985312358472,0.2677336777916388,5,15,fold_3,fold,3
185,A,0.4747647996496735,0.0014627060314585754,0.5237724943188677,5,15,fold_3,fold,3
185,C,0.7296936612045131,0.002138177748483692,0.26816816104700286,5,15,fold_3,fold,3
186,A,0.47452356545339097,0.0014160849462691444,0.52406034960034,5,15,fold_3,fold,3
186,C,0.7293395889617709,0.002071331394245611,0.2685890796439822,5,15,fold_3,fold,3
187,A,0.4742901043632418,0.001370873374273193,0.5243390222624847,5,15,fold_3,fold,3
187,C,0.7289967762769284,0.0020064022962492933,0.26899682142682413,5,15,fold_3,fold,3
188,A,0.4740641766938388,0.0013270329487570986,0.5246087903574036,5,15,fold_3,fold,3
188,C,0.7286648878577555,0.0019433466767254492,0.269391765465518,5,15,fold_3,fold,3
189,A,0.47384554952271585,0.001284526130532573,0.5248699243467511,5,15,fold_3,fold,3
189,C,0.7283435969035962,0.0018821209988445786,0.26977428209755916,5,15,fold_3,fold,3
190,A,0.4736339965342764,0.001243316199342802,0.5251226872663816,5,15,fold_3,fold,3
190,C,0.7280325849913344,0.0018226820264768348,0.27014473298218955,5,15,fold_3,fold,3
191,A,0.47342929786556137,0.0012033672451722023,0.5253673348892667,5,15,fold_3,fold,3
191,C,0.7277315419552252,0.0017649868786939764,0.27050347116608153,5,15,fold_3,fold,3
192,A,0.473231239953904,0.0011646441594281524,0.5256041158866684,5,15,fold_3,fold,3
192,C,0.727440165761278,0.0017089930793130637,0.27085084115941027,5,15,fold_3,fold,3
193,A,0.4730396153865117,0.0011271126259647954,0.525833271987524,5,15,fold_3,fold,3
193,C,0.7271581623769008,0.0016546586017375802,0.27118717902136197,5,15,fold_3,fold,3
194,A,0.47285422275204403,0.0010907391119291908,0.5260550381360268,5,15,fold_3,fold,3
194,C,0.726885245636466,0.001601941909367124,0.27151281245416603,5,15,fold_3,fold,3
195,A,0.4726748664942342,0.0010554908584156969,0.5262696426473504,5,15,fold_3,fold,3
195,C,0.7266211371033793,0.0015508019918368176,0.27182806090478506,5,15,fold_3,fold,3
196,A,0.47250135676759114,0.0010213358709196246,0.5264773073614889,5,15,fold_3,fold,3
196,C,0.7263655659292082,0.001501198397338272,0.27213323567345454,5,15,fold_3,fold,3
197,A,0.4723335092952485,9.882429095854003e-4,0.5266782477951659,5,15,fold_3,fold,3
197,C,0.7261182687104167,0.001453091261262043,0.2724286400283211,5,15,fold_3,fold,3
198,A,0.472171145228983,9.56181479248216e-4,0.5268726732917693,5,15,fold_3,fold,3
198,C,0.7258789893431521,0.0014064413313912556,0.2727145693254573,5,15,fold_3,fold,3
199,A,0.4720140910114505,9.251218192717586e-4,0.5270607871692782,5,15,fold_3,fold,3
199,C,0.725647478876547,0.0013612099898678072,0.2729913111335848,5,15,fold_3,fold,3
200,A,0.4718621782406767,8.950348931875846e-4,0.5272427868661362,5,15,fold_3,fold,3
200,C,0.7254234953649602,0.001317359272144045,0.2732591453628958,5,15,fold_3,fold,3
201,A,0.4717152435368242,8.658923781441665e-4,0.5274188640850315,5,15,fold_3,fold,3
201,C,0.7252068037195094,0.001274851883123014,0.2735183443973684,5,15,fold_3,fold,3
202,A,0.471573128411271,8.376666541756612e-4,0.5275892049345532,5,15,fold_3,fold,3
202,C,0.7249971755592648,0.0012336512106808594,0.27376917323005523,5,15,fold_3,fold,3
203,A,0.4714356791380222,8.103307933021198e-4,0.5277539900686758,5,15,fold_3,fold,3
203,C,0.7247943890624208,0.0011937213367554827,0.274011889600823,5,15,fold_3,fold,3
204,A,0.471302746627467,7.838585484742595e-4,0.5279133948240582,5,15,fold_3,fold,3
204,C,0.7245982288177343,0.0011550270461768973,0.274246744136089,5,15,fold_3,fold,3
205,A,0.4711741863025123,7.582243423770052e-4,0.5280675893551103,5,15,fold_3,fold,3
205,C,0.724408485676495,0.001117533833405909,0.27447398049009913,5,15,fold_3,fold,3
206,A,0.4710498579770826,7.334032561067896e-4,0.5282167387668102,5,15,fold_3,fold,3
206,C,0.7242249566052869,0.001081207907339253,0.27469383548737353,5,15,fold_3,fold,3
207,A,0.4709296257370178,7.093710177382219e-4,0.5283610032452438,5,15,fold_3,fold,3
207,C,0.72404744453975,0.001046016194330813,0.2749065392659194,5,15,fold_3,fold,3
208,A,0.47081335782335393,6.861039907960779e-4,0.5285005381858499,5,15,fold_3,fold,3
208,C,0.723875758239542,0.0010119263395704239,0.27511231542088743,5,15,fold_3,fold,3
209,A,0.47070092651799994,6.635791626487488e-4,0.5286354943193512,5,15,fold_3,fold,3
209,C,0.7237097121446934,9.789067069543146e-4,0.27531138114835274,5,15,fold_3,fold,3
210,A,0.47059220803180496,6.417741328393289e-4,0.5287660178353562,5,15,fold_3,fold,3
210,C,0.7235491262335049,9.469263775723142e-4,0.27550394738892264,5,15,fold_3,fold,3
211,A,0.47048708239500675,6.206671013704383e-4,0.5288922505036222,5,15,fold_3,fold,3
211,C,0.7233938258821474,9.159551469312626e-4,0.27569021897092133,5,15,fold_3,fold,3
212,A,0.4703854333500639,6.002368569586385e-4,0.5290143297929776,5,15,fold_3,fold,3
212,C,0.723243641726075,8.859635210277906e-4,0.27587039475289754,5,15,fold_3,fold,3
213,A,0.4702871482468436,5.804627652738944e-4,0.5291323889878812,5,15,fold_3,fold,3
213,C,0.7230984095233854,8.569227113737003e-4,0.2760446677652414,5,15,fold_3,fold,3
214,A,0.4701921179401752,5.61324757179261e-4,0.5292465573026458,5,15,fold_3,fold,3
214,C,0.7229579700202177,8.288046290729244e-4,0.2762132253507099,5,15,fold_3,fold,3
215,A,0.47010023668972173,5.428033169853767e-4,0.5293569599932927,5,15,fold_3,fold,3
215,C,0.722822168818274,8.015818780427853e-4,0.2763762493036841,5,15,fold_3,fold,3
216,A,0.4700114020621897,5.248794707339137e-4,0.5294637184670753,5,15,fold_3,fold,3
216,C,0.7226908562445499,7.752277474662795e-4,0.27653391600798294,5,15,fold_3,fold,3
217,A,0.46992551483581957,5.075347745234351e-4,0.5295669503896566,5,15,fold_3,fold,3
217,C,0.7225638872233328,7.497162035563212e-4,0.2766863965731102,5,15,fold_3,fold,3
218,A,0.4698424789071555,4.907513028905436e-4,0.5296667697899536,5,15,fold_3,fold,3
218,C,0.7224411211505101,7.250218807073368e-4,0.2768338569687822,5,15,fold_3,fold,3
219,A,0.469762201200069,4.7451163725856086e-4,0.5297632871626726,5,15,fold_3,fold,3
219,C,0.7223224217702642,7.011200721047612e-4,0.27697645815763144,5,15,fold_3,fold,3
220,A,0.46968459157699854,4.587988544652713e-4,0.5298566095685364,5,15,fold_3,fold,3
220,C,0.7222076570541501,6.779867198581233e-4,0.277114356225991,5,15,fold_3,fold,3
221,A,0.4696095627523935,4.435965153806204e-4,0.5299468407322263,5,15,fold_3,fold,3
221,C,0.7220966990826287,6.555984047188845e-4,0.27724770251265257,5,15,fold_3,fold,3
222,A,0.4695370302083141,4.288886536245471e-4,0.5300340811380616,5,15,fold_3,fold,3
222,C,0.7219894239290231,6.339323354397246e-4,0.2773766437355376,5,15,fold_3,fold,3
223,A,0.46946691211217856,4.146597643944477e-4,0.530118428123427,5,15,fold_3,fold,3
223,C,0.7218857115459627,6.129663378279479e-4,0.2775013221162099,5,15,fold_3,fold,3
224,A,0.46939912923660554,4.0089479341106835e-4,0.5301999759699831,5,15,fold_3,fold,3
224,C,0.7217854456542904,5.926788435417173e-4,0.27762187550216705,5,15,fold_3,fold,3
225,A,0.4693336048813329,3.87579125990983e-4,0.5302788159926747,5,15,fold_3,fold,3
225,C,0.7216885136344506,5.730488786742772e-4,0.277738437486874,5,15,fold_3,fold,3
226,A,0.4692702647971762,3.7469857625312304e-4,0.5303550366265712,5,15,fold_3,fold,3
226,C,0.7215948064203395,5.540560521677621e-4,0.27785113752749346,5,15,fold_3,fold,3
227,A,0.4692090371119823,3.622393764661762e-4,0.5304287235115518,5,15,fold_3,fold,3
227,C,0.7215042183956198,5.35680544095018e-4,0.2779601010602848,5,15,fold_3,fold,3
228,A,0.4691498522585651,3.50188166543073e-4,0.5304999595748918,5,15,fold_3,fold,3
228,C,0.7214166472925022,5.179030938447423e-4,0.27806544961365276,5,15,fold_3,fold,3
229,A,0.4690926429045622,3.385319836880636e-4,0.5305688251117502,5,15,fold_3,fold,3
229,C,0.7213319940929361,5.007049882423432e-4,0.27816730091881975,5,15,fold_3,fold,3
230,A,0.4690373438841973,3.272582522015574e-4,0.530635397863601,5,15,fold_3,fold,3
230,C,0.7212501629322372,4.840680496364168e-4,0.2782657690181266,5,15,fold_3,fold,3
231,A,0.46898389213189856,3.1635477344708104e-4,0.5306997530946543,5,15,fold_3,fold,3
231,C,0.7211710610050824,4.679746239780018e-4,0.27836096437094,5,15,fold_3,fold,3
232,A,0.4689322266177428,3.058097159840003e-4,0.5307619636662733,5,15,fold_3,fold,3
232,C,0.7210945984738963,4.524075689171905e-4,0.27845299395718615,5,15,fold_3,fold,3
233,A,0.46888228828468587,2.9561160586964415e-4,0.5308221001094441,5,15,fold_3,fold,3
233,C,0.7210206883795581,4.373502419399899e-4,0.2785419613785021,5,15,fold_3,fold,3
234,A,0.468834019987548,2.857493171336494e-4,0.530880230695318,5,15,fold_3,fold,3
234,C,0.7209492465544125,4.227864885659325e-4,0.2786279669570209,5,15,fold_3,fold,3
235,A,0.468787366433703,2.762120624268987e-4,0.53093642150387,5,15,fold_3,fold,3
235,C,0.7208801915375675,4.0870063062498134e-4,0.2787111078318065,5,15,fold_3,fold,3
236,A,0.46874227412545333,2.669893838469776e-4,0.5309907364906998,5,15,fold_3,fold,3
236,C,0.7208134444924206,3.950774546304938e-4,0.2787914780529479,5,15,fold_3,fold,3
237,A,0.4686986913040378,2.580711439416759e-4,0.5310432375520205,5,15,fold_3,fold,3
237,C,0.7207489291263905,3.819022002632984e-4,0.27886916867334655,5,15,fold_3,fold,3
238,A,0.46865656789524346,2.49447516891672e-4,0.5310939845878635,5,15,fold_3,fold,3
238,C,0.7206865716128141,3.691605489804477e-4,0.278944267838204,5,15,fold_3,fold,3
239,A,0.46861585545658563,2.4110897987316565e-4,0.5311430355635407,5,15,fold_3,fold,3
239,C,0.7206263005149843,3.568386127606672e-4,0.27901686087225447,5,15,fold_3,fold,3
240,A,0.46857650712601007,2.3304630460084457e-4,0.5311904465693891,5,15,fold_3,fold,3
240,C,0.7205680467122507,3.4492292299718856e-4,0.2790870303647511,5,15,fold_3,fold,3
241,A,0.46853847757209666,2.2525054905127715e-4,0.5312362718788518,5,15,fold_3,fold,3
241,C,0.7205117433281988,3.334004195473779e-4,0.27915485625225406,5,15,fold_3,fold,3
242,A,0.46850172294571435,2.17713049366479e-4,0.5312805640049196,5,15,fold_3,fold,3
242,C,0.7204573256608118,3.22258439947401e-4,0.2792204158992407,5,15,fold_3,fold,3
243,A,0.46846620083309926,2.104254119371559e-4,0.5313233737549634,5,15,fold_3,fold,3
243,C,0.7204047311146237,3.114847087990948e-4,0.27928378417657795,5,15,fold_3,fold,3
244,A,0.4684318702103207,2.0337950566483174e-4,0.5313647502840146,5,15,fold_3,fold,3
244,C,0.7203538991347761,3.0106732733519717e-4,0.27934503353788864,5,15,fold_3,fold,3
245,A,0.46839869139909585,1.96567454401848e-4,0.5314047411465015,5,15,fold_3,fold,3
245,C,0.7203047711429821,2.909947631681628e-4,0.27940423409384835,5,15,fold_3,fold,3
246,A,0.46836662602392837,1.8998162956798586e-4,0.531443392346503,5,15,fold_3,fold,3
246,C,0.7202572904753176,2.812558402269468e-4,0.2794614536844553,5,15,fold_3,fold,3
247,A,0.4683356369705214,1.836146429422566e-4,0.5314807483865363,5,15,fold_3,fold,3
247,C,0.7202114023218157,0.00027183972888532646,0.27951675794929803,5,15,fold_3,fold,3
248,A,0.4683056883454506,1.7745933962822112e-4,0.5315168523149212,5,15,fold_3,fold,3
248,C,0.7201670536678362,2.627359362846406e-4,0.27957021039587787,5,15,fold_3,fold,3
249,A,0.4682767454370495,1.7150879119100324e-4,0.5315517457717593,5,15,fold_3,fold,3
249,C,0.7201241932371374,2.5393429685309705e-4,0.2796218724660098,5,15,fold_3,fold,3
250,A,0.4682487746774846,1.657562889640967e-4,0.5315854690335512,5,15,fold_3,fold,3
250,C,0.7200827714366311,2.454249630233366e-4,0.27967180360034605,5,15,fold_3,fold,3
251,A,0.46822174360598107,1.6019533752383066e-4,0.5316180610564959,5,15,fold_3,fold,3
251,C,0.7200427403027815,2.3719839614924507e-4,0.2797200613010688,5,15,fold_3,fold,3
252,A,0.46819562083317084,1.5481964832915408e-4,0.5316495595185002,5,15,fold_3,fold,3
252,C,0.7200040534495976,2.292453576223601e-4,0.27976670119278063,5,15,fold_3,fold,3
253,A,0.46817037600654127,1.4962313352451397e-4,0.5316800008599336,5,15,fold_3,fold,3
253,C,0.7199666660181712,2.2155690018811828e-4,0.27981177708164096,5,15,fold_3,fold,3
254,A,0.46814597977693667,1.445998999033626e-4,0.5317094203231597,5,15,fold_3,fold,3
254,C,0.7199305346277544,2.1412435946155522e-4,0.27985534101278586,5,15,fold_3,fold,3
255,A,0.46812240376609693,1.397442430297478e-4,0.5317378519908726,5,15,fold_3,fold,3
255,C,0.7198956173282925,2.0693934564166726e-4,0.2798974433260661,5,15,fold_3,fold,3
256,A,0.4680996205352041,1.3505064151536595e-4,0.5317653288232792,5,15,fold_3,fold,3
256,C,0.7198618735544164,1.9999373542332787e-4,0.27993813271015955,5,15,fold_3,fold,3
257,A,0.46807760355440153,1.3051375144940313e-4,0.5317918826941489,5,15,fold_3,fold,3
257,C,0.7198292640808249,1.932796641053372e-4,0.2799774562550708,5,15,fold_3,fold,3
258,A,0.46805632717326057,1.2612840097843956e-4,0.5318175444257613,5,15,fold_3,fold,3
258,C,0.7197977509790278,1.8678951789293278e-4,0.28001545950308043,5,15,fold_3,fold,3
259,A,0.46803576659217455,1.2188958503364314e-4,0.5318423438227918,5,15,fold_3,fold,3
259,C,0.7197672975754327,1.805159263928147e-4,0.2800521864981753,5,15,fold_3,fold,3
260,A,0.468015897834645,1.1779246020243628e-4,0.5318663097051524,5,15,fold_3,fold,3
260,C,0.7197378684107077,1.744517552985116e-4,0.2800876798339927,5,15,fold_3,fold,3
261,A,0.4679966977204367,1.1383233974178801e-4,0.5318894699398218,5,15,fold_3,fold,3
261,C,0.7197094292004143,1.6859009926371317e-4,0.28012198070032224,5,15,fold_3,fold,3
262,A,0.4679781438395803,1.1000468873027252e-4,0.5319118514716896,5,15,fold_3,fold,3
262,C,0.7196819467968412,1.62924274961019e-4,0.28015512892819805,5,15,fold_3,fold,3
263,A,0.467960214527191,1.0630511935600897e-4,0.5319334803534527,5,15,fold_3,fold,3
263,C,0.7196553891520481,1.5744781432341844e-4,0.28018716303362873,5,15,fold_3,fold,3
264,A,0.4679428888390912,1.0272938633759668e-4,0.5319543817745719,5,15,fold_3,fold,3
264,C,0.7196297252820508,1.5215445796565267e-4,0.28021812025998333,5,15,fold_3,fold,3
265,A,0.467926146528193,9.92733824751563e-5,0.531974580089332,5,15,fold_3,fold,3
265,C,0.7196049252321283,1.4703814878251712e-4,0.2802480366190898,5,15,fold_3,fold,3
266,A,0.4679099680216437,9.593313432859103e-5,0.5319940988440277,5,15,fold_3,fold,3
266,C,0.7195809600432178,1.4209302572105033e-4,0.28027694693105987,5,15,fold_3,fold,3
267,A,0.46789433439869144,9.270479802018558e-5,0.5320129608032884,5,15,fold_3,fold,3
267,C,0.7195578017193806,1.373134177234803e-4,0.2803048848628954,5,15,fold_3,fold,3
268,A,0.46787922736925647,8.958465515868326e-5,0.532031187975586,5,15,fold_3,fold,3
268,C,0.7195354231962686,1.3269383783771983e-4,0.2803318829658945,5,15,fold_3,fold,3
269,A,0.46786462925319056,8.656910888198007e-5,0.5320488016379274,5,15,fold_3,fold,3
269,C,0.7195137983106141,1.2822897749215155e-4,0.28035797271189417,5,15,fold_3,fold,3
270,A,0.46785052296019974,8.365468001563673e-5,0.5320658223597844,5,15,fold_3,fold,3
270,C,0.7194929017706753,1.2391370093143073e-4,0.28038318452839345,5,15,fold_3,fold,3
271,A,0.4678368919704073,8.083800334439284e-5,0.5320822700262476,5,15,fold_3,fold,3
271,C,0.719472709127622,1.19743039809958e-4,0.2804075478325685,5,15,fold_3,fold,3
272,A,0.4678237203155455,7.81158239938791e-5,0.5320981638604603,5,15,fold_3,fold,3
272,C,0.7194531967478315,1.1571218793961182e-4,0.2804310910642279,5,15,fold_3,fold,3
273,A,0.46781099256075165,7.548499391982132e-5,0.5321135224453294,5,15,fold_3,fold,3
273,C,0.7194343417860776,1.1181649618843881e-4,0.28045384171773446,5,15,fold_3,fold,3
274,A,0.4677986937869468,7.294246850202154e-5,0.5321283637445513,5,15,fold_3,fold,3
274,C,0.7194161221595602,1.0805146752691661e-4,0.28047582637291246,5,15,fold_3,fold,3
275,A,0.4677868095737926,7.048530324043798e-5,0.5321427051229667,5,15,fold_3,fold,3
275,C,0.7193985165227909,1.0441275221841534e-4,0.28049707072499186,5,15,fold_3,fold,3
276,A,0.4677753259831902,6.811065055072348e-5,0.5321565633662594,5,15,fold_3,fold,3
276,C,0.7193815042432578,1.0089614315048142e-4,0.2805175996135916,5,15,fold_3,fold,3
277,A,0.4677642295433165,6.581575665662491e-5,0.5321699547000277,5,15,fold_3,fold,3
277,C,0.7193650653779019,9.749757130361194e-5,0.2805374370507949,5,15,fold_3,fold,3
278,A,0.4677535072331805,6.359795857669314e-5,0.5321828948082425,5,15,fold_3,fold,3
278,C,0.7193491806503262,9.421310135418809e-5,0.2805566062483203,5,15,fold_3,fold,3
279,A,0.46774314646767956,6.145468120278567e-5,0.5321953988511172,5,15,fold_3,fold,3
279,C,0.7193338314287565,9.103892740828566e-5,0.2805751296438344,5,15,fold_3,fold,3
280,A,0.4677331350831409,5.938343446789543e-5,0.5322074814823903,5,15,fold_3,fold,3
280,C,0.7193189997047114,8.797136886308644e-5,0.280593028926426,5,15,fold_3,fold,3
281,A,0.46772346132333364,5.7381810600878065e-5,0.5322191568660649,5,15,fold_3,fold,3
281,C,0.7193046680723562,8.500686639266373e-5,0.28061032506125166,5,15,fold_3,fold,3
282,A,0.46771411382593947,5.544748146569837e-5,0.5322304386925946,5,15,fold_3,fold,3
282,C,0.7192908197085367,8.214197805495366e-5,0.28062703831340763,5,15,fold_3,fold,3
283,A,0.46770508160946317,5.357819598286122e-5,0.5322413401945535,5,15,fold_3,fold,3
283,C,0.7192774383534575,7.93733755167605e-5,0.28064318827102547,5,15,fold_3,fold,3
284,A,0.4676963540605699,5.177177763074044e-5,0.5322518741617995,5,15,fold_3,fold,3
284,C,0.7192645082919826,7.669784039369586e-5,0.28065879386762294,5,15,fold_3,fold,3
285,A,0.46768792092183953,5.002612202456441e-5,0.5322620529561363,5,15,fold_3,fold,3
285,C,0.7192520143355553,7.41122607019949e-5,0.28067387340374167,5,15,fold_3,fold,3
286,A,0.4676797722799194,4.833919457086527e-5,0.5322718885255101,5,15,fold_3,fold,3
286,C,0.7192399418047053,7.161362741920167e-5,0.2806884445678762,5,15,fold_3,fold,3
287,A,0.4676718985540681,4.670902819524565e-5,0.5322813924177369,5,15,fold_3,fold,3
287,C,0.7192282765121132,6.919903115077041e-5,0.2807025244567358,5,15,fold_3,fold,3
288,A,0.46766429048507285,4.513372114136301e-5,0.5322905757937859,5,15,fold_3,fold,3
288,C,0.7192170047462564,6.686565889967876e-5,0.2807161295948438,5,15,fold_3,fold,3
289,A,0.4676569391245321,4.3611434839079234e-5,0.532299449440629,5,15,fold_3,fold,3
289,C,0.719206113255562,6.461079093620018e-5,0.28072927595350144,5,15,fold_3,fold,3
290,A,0.46764983582449016,4.214039183977624e-5,0.5323080237836695,5,15,fold_3,fold,3
290,C,0.7191955892330972,6.243179776505554e-5,0.28074197896913766,5,15,fold_3,fold,3
291,A,0.4676429722274168,4.071887381687728e-5,0.5323163088987674,5,15,fold_3,fold,3
291,C,0.7191854203017535,6.03261371871983e-5,0.2807542535610595,5,15,fold_3,fold,3
292,A,0.4676363402565058,3.934521962965335e-5,0.5323243145238633,5,15,fold_3,fold,3
292,C,0.7191755944999204,5.8291351453536766e-5,0.280766114148627,5,15,fold_3,fold,3
293,A,0.4676299321063118,3.8017823448462404e-5,0.5323320500702395,5,15,fold_3,fold,3
293,C,0.7191661002676285,5.632506450798962e-5,0.28077757466786374,5,15,fold_3,fold,3
294,A,0.467623740233677,3.673513293959619e-5,0.532339524633383,5,15,fold_3,fold,3
294,C,0.7191569264331544,5.442497931730352e-5,0.28078864858752894,5,15,fold_3,fold,3
295,A,0.4676177573489695,3.549564750796474e-5,0.5323467470035228,5,15,fold_3,fold,3
295,C,0.719148062200054,5.258887528511958e-5,0.2807993489246609,5,15,fold_3,fold,3
296,A,0.4676119764076069,3.4297916595884324e-5,0.5323537256757974,5,15,fold_3,fold,3
296,C,0.7191394971346399,5.081460574783536e-5,0.28080968825961344,5,15,fold_3,fold,3
297,A,0.46760639060186204,3.314053803628629e-5,0.5323604688601021,5,15,fold_3,fold,3
297,C,0.7191312211538533,4.9100095549865946e-5,0.28081967875059743,5,15,fold_3,fold,3
298,A,0.4676009933529392,3.2022156458704465e-5,0.5323669844906017,5,15,fold_3,fold,3
298,C,0.7191232245135568,4.7443338695966706e-5,0.28082933214774786,5,15,fold_3,fold,3
299,A,0.4675957783033127,3.094146174644326e-5,0.5323732802349408,5,15,fold_3,fold,3
299,C,0.7191154977971949,4.5842396078335364e-05,0.28083865980672584,5,15,fold_3,fold,3
300,A,0.46759073930931855,2.989718754337002e-5,0.5323793635031389,5,15,fold_3,fold,3
300,C,0.7191080319048457,4.42953932762672e-5,0.2808476727018775,5,15,fold_3,fold,3
301,A,0.46758587043399136,2.8888109808816457e-5,0.5323852414562,5,15,fold_3,fold,3
301,C,0.7191008180426196,4.280051842619053e-5,0.2808563814389541,5,15,fold_3,fold,3
302,A,0.4675811659401455,2.7913045419115682e-5,0.5323909210144352,5,15,fold_3,fold,3
302,C,0.7190938477124246,4.135602015996811e-5,0.28086479626741706,5,15,fold_3,fold,3
303,A,0.4675766202836765,2.6970850814340643e-5,0.5323964088655093,5,15,fold_3,fold,3
303,C,0.7190871127020527,3.996020560940172e-5,0.28087292709233713,5,15,fold_3,fold,3
304,A,0.4675722281070893,2.606042068884962e-5,0.5324017114722215,5,15,fold_3,fold,3
304,C,0.7190806050756229,3.8611438474932985e-5,0.280880783485902,5,15,fold_3,fold,3
305,A,0.4675679842332459,2.518068672428319e-5,0.5324068350800301,5,15,fold_3,fold,3
305,C,0.7190743171643056,3.730813715658297e-5,0.28088837469853706,5,15,fold_3,fold,3
306,A,0.46756388365931145,2.4330616363694478e-5,0.5324117857243245,5,15,fold_3,fold,3
306,C,0.7190682415573866,3.6048772945229344e-5,0.2808957096696682,5,15,fold_3,fold,3
307,A,0.4675599215509123,2.3509211625531946e-5,0.5324165692374626,5,15,fold_3,fold,3
307,C,0.7190623710936044,3.483186827236739e-5,0.28090279703812154,5,15,fold_3,fold,3
308,A,0.4675560932364803,2.2715507956229838e-5,0.532421191255563,5,15,fold_3,fold,3
308,C,0.7190566988527997,3.365599501655396e-5,0.28090964515218325,5,15,fold_3,fold,3
309,A,0.467552394201791,2.194857312019687e-5,0.5324256572250878,5,15,fold_3,fold,3
309,C,0.7190512181478143,3.2519772864779375e-5,0.2809162620793214,5,15,fold_3,fold,3
310,A,0.4675488200846799,2.1207506126030103e-5,0.5324299724091933,5,15,fold_3,fold,3
310,C,0.7190459225166843,3.142186772706847e-5,0.28092265561559027,5,15,fold_3,fold,3
311,A,0.4675453666699389,2.049143618781319e-5,0.5324341418938731,5,15,fold_3,fold,3
311,C,0.7190408057150789,3.0360990202650307e-5,0.28092883329471957,5,15,fold_3,fold,3
312,A,0.46754202988437704,1.979952172038902e-5,0.532438170593902,5,15,fold_3,fold,3
312,C,0.7190358617089979,2.9335894096084712e-5,0.28093480239690444,5,15,fold_3,fold,3
313,A,0.4675388057920567,1.9130949367534512e-5,0.5324420632585758,5,15,fold_3,fold,3
313,C,0.7190310846677156,2.8345374981785437e-5,0.2809405699573032,5,15,fold_3,fold,3
314,A,0.46753569058967503,1.848493306199411e-5,0.5324458244772627,5,15,fold_3,fold,3
314,C,0.7190264689569377,2.7388268815418807e-5,0.2809461427742461,5,15,fold_3,fold,3
315,A,0.4675326806021112,1.7860713116359012e-5,0.5324494586847724,5,15,fold_3,fold,3
315,C,0.7190220091322245,2.6463450590704028e-5,0.2809515274171827,5,15,fold_3,fold,3
316,A,0.46752977227811654,1.725755534380935e-5,0.5324529701665395,5,15,fold_3,fold,3
316,C,0.7190176999326015,2.5569833040178327e-05,0.28095673023435747,5,15,fold_3,fold,3
317,A,0.46752696218615,1.6674750207766477e-5,0.5324563630636407,5,15,fold_3,fold,3
317,C,0.7190135362743937,2.4706365378538057e-5,0.28096175736022805,5,15,fold_3,fold,3
318,A,0.4675242470103569,1.6111611999530774e-5,0.5324596413776445,5,15,fold_3,fold,3
318,C,0.719009513245271,2.3872032087203907e-5,0.28096661472264184,5,15,fold_3,fold,3
319,A,0.46752162354666893,1.5567478043008202e-5,0.5324628089752876,5,15,fold_3,fold,3
319,C,0.7190056260984893,2.3065851738801196e-5,0.2809713080497725,5,15,fold_3,fold,3
320,A,0.4675190886990568,1.5041707925656568e-5,0.5324658695930169,5,15,fold_3,fold,3
320,C,0.719001870247319,2.2286875860281173e-5,0.2809758428768206,5,15,fold_3,fold,3
321,A,0.4675166394758872,1.4533682754807578e-5,0.532468826841357,5,15,fold_3,fold,3
321,C,0.7189982412596689,2.1534187833451146e-5,0.28098022455249677,5,15,fold_3,fold,3
322,A,0.4675142729864125,1.4042804438547873e-5,0.5324716842091493,5,15,fold_3,fold,3
322,C,0.7189947348528835,2.0806901831715066e-5,0.28098445824528323,5,15,fold_3,fold,3
323,A,0.46751198643737574,1.3568494990366053e-5,0.5324744450676339,5,15,fold_3,fold,3
323,C,0.7189913468887159,2.0104161791864194e-5,0.28098854894949293,5,15,fold_3,fold,3
324,A,0.4675097771297315,1.3110195856798314e-5,0.5324771126744122,5,15,fold_3,fold,3
324,C,0.7189880733684642,1.942514041979164e-5,0.2809925014911152,5,15,fold_3,fold,3
325,A,0.4675076424554712,1.2667367267327515e-5,0.5324796901772613,5,15,fold_3,fold,3
325,C,0.7189849104282909,1.8769038229039372e-5,0.28099632053348095,5,15,fold_3,fold,3
326,A,0.46750557989456193,1.2239487605814913e-5,0.5324821806178321,5,15,fold_3,fold,3
326,C,0.7189818543346628,1.8135082611118424e-5,0.2810000105827239,5,15,fold_3,fold,3
327,A,0.4675035870119822,1.1826052802765263e-5,0.5324845869352153,5,15,fold_3,fold,3
327,C,0.718978901479992,1.7522526936577237e-5,0.28100357599307113,5,15,fold_3,fold,3
328,A,0.46750166145485844,1.142657574774802e-5,0.5324869119693931,5,15,fold_3,fold,3
328,C,0.7189760483783669,1.6930649685822304e-5,0.2810070209719471,5,15,fold_3,fold,3
329,A,0.46749980094970284,1.104058572131864e-5,0.5324891584645758,5,15,fold_3,fold,3
329,C,0.7189732916614762,1.6358753608728323e-5,0.28101034958491433,5,15,fold_3,fold,3
330,A,0.46749800329973384,1.0667627845804468e-5,0.5324913290724209,5,15,fold_3,fold,3
330,C,0.7189706280746442,1.5806164912103325e-5,0.28101356576044373,5,15,fold_3,fold,3
331,A,0.46749626638229463,1.0307262554339846e-5,0.5324934263551502,5,15,fold_3,fold,3
331,C,0.7189680544729987,1.527223247410404e-5,0.2810166732945279,5,15,fold_3,fold,3
332,A,0.46749458814635914,9.959065077553192e-6,0.532495452788563,5,15,fold_3,fold,3
332,C,0.7189655678177779,1.4756327084723263e-5,0.2810196758551381,5,15,fold_3,fold,3
333,A,0.46749296661011197,9.622624947329486e-6,0.5324974107649403,5,15,fold_3,fold,3
333,C,0.7189631651727552,1.4257840711500805e-5,0.2810225769865338,5,15,fold_3,fold,3
334,A,0.4674913998586232,9.29754551708908e-6,0.5324993025958599,5,15,fold_3,fold,3
334,C,0.718960843700783,1.377618578963561e-5,0.2810253801134269,5,15,fold_3,fold,3
335,A,0.46748988604158825,8.983443498040998e-6,0.5325011305149142,5,15,fold_3,fold,3
335,C,0.7189586006604599,1.3310794535700902e-5,0.28102808854500505,5,15,fold_3,fold,3
336,A,0.46748842337115293,8.679948510886629e-6,0.5325028966803363,5,15,fold_3,fold,3
336,C,0.7189564334028952,1.2861118284190977e-5,0.28103070547882186,5,15,fold_3,fold,3
337,A,0.4674870101198101,8.386702652466297e-6,0.5325046031775367,5,15,fold_3,fold,3
337,C,0.7189543393685975,1.2426626846151898e-5,0.28103323400455604,5,15,fold_3,fold,3
338,A,0.4674856446183623,8.103360076857266e-6,0.5325062520215619,5,15,fold_3,fold,3
338,C,0.7189523160844659,1.2006807889172148e-5,0.281035677107645,5,15,fold_3,fold,3
339,A,0.46748432525395484,7.829586590447632e-6,0.532507845159454,5,15,fold_3,fold,3
339,C,0.718950361160868,1.160116633803256e-5,0.28103803767279417,5,15,fold_3,fold,3
340,A,0.467483050468182,7.565059260525744e-6,0.5325093844725568,5,15,fold_3,fold,3
340,C,0.7189484722888327,1.1209223795336714e-5,0.2810403184873721,5,15,fold_3,fold,3
341,A,0.46748181875524597,7.309466036939517e-6,0.5325108717787174,5,15,fold_3,fold,3
341,C,0.7189466472373299,1.0830517981464927e-5,0.2810425222446878,5,15,fold_3,fold,3
342,A,0.46748062866018436,7.0625053863942155e-6,0.5325123088344298,5,15,fold_3,fold,3
342,C,0.7189448838506441,1.0464602193215708e-5,0.28104465154716224,5,15,fold_3,fold,3
343,A,0.46747947877715507,6.823885938971495e-6,0.5325136973369063,5,15,fold_3,fold,3
343,C,0.7189431800458302,1.0111044780519213e-5,0.2810467089093888,5,15,fold_3,fold,3
344,A,0.46747836774778273,6.593326146465747e-6,0.5325150389260715,5,15,fold_3,fold,3
344,C,0.718941533810265,9.76942864062669e-6,0.28104869676109434,5,15,fold_3,fold,3
345,A,0.46747729425955326,6.370553952146724e-6,0.5325163351864945,5,15,fold_3,fold,3
345,C,0.7189399431992748,9.43935072919932e-6,0.28105061744999743,5,15,fold_3,fold,3
346,A,0.4674762570442707,6.155306471570436e-6,0.5325175876492583,5,15,fold_3,fold,3
346,C,0.7189384063338351,9.120421587738021e-6,0.28105247324457544,5,15,fold_3,fold,3
347,A,0.4674752548765596,5.947329684072137e-6,0.5325187977937562,5,15,fold_3,fold,3
347,C,0.7189369213983775,8.812264886814636e-6,0.28105426633673547,5,15,fold_3,fold,3
348,A,0.46747428657242335,5.74637813458761e-6,0.5325199670494418,5,15,fold_3,fold,3
348,C,0.7189354866386224,8.5145169845809e-6,0.2810559988443928,5,15,fold_3,fold,3
349,A,0.46747335098784476,5.552214645459818e-6,0.5325210967975103,5,15,fold_3,fold,3
349,C,0.7189341003595332,8.226826500050315e-6,0.2810576728139691,5,15,fold_3,fold,3
350,A,0.46747244701743906,5.364610037899826e-6,0.5325221883725225,5,15,fold_3,fold,3
350,C,0.7189327609232998,7.948853900662866e-6,0.2810592902227982,5,15,fold_3,fold,3
351,A,0.4674715735931513,5.183342862781337e-6,0.5325232430639861,5,15,fold_3,fold,3
351,C,0.7189314667474329,7.680271103659903e-6,0.28106085298146394,5,15,fold_3,fold,3
352,A,0.46747072968299486,5.008199140458347e-6,0.5325242621178642,5,15,fold_3,fold,3
352,C,0.7189302163028675,7.420761090809555e-6,0.28106236293604236,5,15,fold_3,fold,3
353,A,0.4674699142898359,4.838972109306359e-6,0.5325252467380557,5,15,fold_3,fold,3
353,C,0.7189290081121817,7.1700175360411514e-6,0.2810638218702827,5,15,fold_3,fold,3
354,A,0.46746912645021393,4.675461982696639e-6,0.5325261980878035,5,15,fold_3,fold,3
354,C,0.7189278407478471,6.9277444455588e-6,0.2810652315077076,5,15,fold_3,fold,3
355,A,0.4674683652332107,4.517475714123094e-6,0.5325271172910747,5,15,fold_3,fold,3
355,C,0.718926712830545,6.69365581001991e-6,0.281066593513646,5,15,fold_3,fold,3
356,A,0.4674676297393486,4.364826770209933e-6,0.5325280054338816,5,15,fold_3,fold,3
356,C,0.7189256230275375,6.46747526837719e-6,0.28106790949719435,5,15,fold_3,fold,3
357,A,0.4674669190995284,4.21733491133783e-6,0.5325288635655604,5,15,fold_3,fold,3
357,C,0.7189245700511027,6.2489357829959515e-6,0.281069181013115,5,15,fold_3,fold,3
358,A,0.467466232474007,4.074825979634456e-6,0.5325296927000137,5,15,fold_3,fold,3
358,C,0.7189235526570066,6.037779325671589e-6,0.2810704095636686,5,15,fold_3,fold,3
359,A,0.4674655690514038,3.937131694083813e-6,0.5325304938169017,5,15,fold_3,fold,3
359,C,0.7189225696430396,5.833756574184014e-6,0.2810715966003861,5,15,fold_3,fold,3
360,A,0.46746492804774553,3.8040894525169294e-6,0.5325312678628014,5,15,fold_3,fold,3
360,C,0.7189216198476015,5.63662661903793e-6,0.28107274352578027,5,15,fold_3,fold,3
361,A,0.4674643087055402,3.675542140254037e-6,0.5325320157523206,5,15,fold_3,fold,3
361,C,0.718920702148322,5.4461566800492965e-6,0.28107385169499804,5,15,fold_3,fold,3
362,A,0.46746371029287986,3.5513379451762956e-6,0.5325327383691751,5,15,fold_3,fold,3
362,C,0.7189198154607449,5.262121832449661e-6,0.28107492241742227,5,15,fold_3,fold,3
363,A,0.4674631321025843,3.4313301790122163e-6,0.5325334365672373,5,15,fold_3,fold,3
363,C,0.718918958737044,5.084304742190439e-6,0.281075956958214,5,15,fold_3,fold,3
364,A,0.4674625734513584,3.3153771046309527e-6,0.5325341111715367,5,15,fold_3,fold,3
364,C,0.71891813096478685,4.91249541014044e-6,0.2810769565398032,5,15,fold_3,fold,3
365,A,0.46746203367899125,3.20334176914182e-6,0.5325347629792402,5,15,fold_3,fold,3
365,C,0.7189173311657393,4.746490924879098e-6,0.2810779223433359,5,15,fold_3,fold,3
0,A,0.9990000000000004,0.001,0,6,15,fold_3,fold,3
0,C,0.999,0.001,0,6,15,fold_3,fold,3
1,A,0.9984603305349038,0.0013093440840072042,2.3032538108968035e-4,6,15,fold_3,fold,3
1,C,0.998675456356283,0.001113287037739923,2.112566059763986e-4,6,15,fold_3,fold,3
2,A,0.997837194850027,0.00163781773518181,5.249874147902888e-4,6,15,fold_3,fold,3
2,C,0.9983275493192763,0.001227110723708282,4.453399570158039e-4,6,15,fold_3,fold,3
3,A,0.9971532414809838,0.0019616724244948982,8.850860945214163e-4,6,15,fold_3,fold,3
3,C,0.9979617311122811,0.001336482944761824,7.017859429552015e-4,6,15,fold_3,fold,3
4,A,0.9964142455993479,0.0022767444806781143,0.0013090099199745946,6,15,fold_3,fold,3
4,C,0.9975799829496249,0.0014404695506973022,9.795474996779454e-4,6,15,fold_3,fold,3
5,A,0.995615142077384,0.0025892735664319586,0.0017955843561848546,6,15,fold_3,fold,3
5,C,0.9971819582989454,0.0015403738014671106,0.001277667899587931,6,15,fold_3,fold,3
6,A,0.9947470413089388,0.0029077892897732232,0.002345169401287732,6,15,fold_3,fold,3
6,C,0.9967663357854253,0.001638132180396941,0.0015955320341795847,6,15,fold_3,fold,3
7,A,0.9938003775575366,0.0032399027485181513,0.0029597196939444574,6,15,fold_3,fold,3
7,C,0.9963314828926634,0.001735617191262046,0.00193289991607264,6,15,fold_3,fold,3
8,A,0.9927657537082725,0.003591543124760166,0.0036427031669675615,6,15,fold_3,fold,3
8,C,0.9958756867869937,0.0018344221584209283,0.0022898910545860233,6,15,fold_3,fold,3
9,A,0.9916339360816925,0.003967083077885752,0.004398980840421613,6,15,fold_3,fold,3
9,C,0.9953972245727488,0.0019358152408578098,0.002666960186393703,6,15,fold_3,fold,3
10,A,0.9903976196273568,0.004369198809206341,0.005233181563437995,6,15,fold_3,fold,3
10,C,0.9948947401406174,0.0020405896612857447,0.0030646701980964345,6,15,fold_3,fold,3
11,A,0.9890500659403442,0.004799980589513513,0.006149953470142365,6,15,fold_3,fold,3
11,C,0.9943669980240879,0.0021493531322202657,0.0034836488436913297,6,15,fold_3,fold,3
12,A,0.9875827151780999,0.0052617943302631295,0.007155490491637468,6,15,fold_3,fold,3
12,C,0.9938124470093912,0.0022627706203336866,0.003924782370272929,6,15,fold_3,fold,3
13,A,0.9859864431253945,0.0057568441796301975,0.008256712694975578,6,15,fold_3,fold,3
13,C,0.9932294586679953,0.0023814234361769987,0.004389117895828334,6,15,fold_3,fold,3
14,A,0.9842525343356224,0.006286950416714533,0.0094605152476629,6,15,fold_3,fold,3
14,C,0.9926165037362952,0.0025057440998193857,0.004877752163884734,6,15,fold_3,fold,3
15,A,0.9823721551759924,0.006853807364231397,0.01077403745977551,6,15,fold_3,fold,3
15,C,0.9919720467103929,0.002636101847163902,0.0053918514424435345,6,15,fold_3,fold,3
16,A,0.9803361596391951,0.007459080415144722,0.012204759945659662,6,15,fold_3,fold,3
16,C,0.991294500225985,0.002772844663118702,0.005932655110895566,6,15,fold_3,fold,3
17,A,0.9781350779545566,0.008104407350390502,0.013760514695052607,6,15,fold_3,fold,3
17,C,0.9905822130488501,0.002916313361044196,0.006501473590105192,6,15,fold_3,fold,3
18,A,0.9757591652435874,0.008791367332321158,0.015449467424090986,6,15,fold_3,fold,3
18,C,0.9898334692477783,0.0030668448116322514,0.007099685940589822,6,15,fold_3,fold,3
19,A,0.9731984590712972,0.009521446511815234,0.01728009441688752,6,15,fold_3,fold,3
19,C,0.9890464887787261,0.0032247728314048316,0.007728738389869349,6,15,fold_3,fold,3
20,A,0.9704428364193985,0.010296006171538885,0.019261157409062857,6,15,fold_3,fold,3
20,C,0.9882194272864657,0.0033904291050695923,0.008390143608465458,6,15,fold_3,fold,3
21,A,0.967482074111799,0.01111625112983946,0.021401674758362257,6,15,fold_3,fold,3
21,C,0.9873503755168885,0.0035641440958809447,0.009085480387231845,6,15,fold_3,fold,3
22,A,0.9643059174134461,0.011983195702689157,0.02371088688386448,6,15,fold_3,fold,3
22,C,0.9864373590000011,0.003746247517552448,0.00981639348244602,6,15,fold_3,fold,3
23,A,0.9609041592426797,0.012897626126614539,0.026198214630706047,6,15,fold_3,fold,3
23,C,0.9854783383531883,0.003937068170844042,0.010584593475966513,6,15,fold_3,fold,3
24,A,0.957266730713375,0.013860059581398253,0.028873209705226773,6,15,fold_3,fold,3
24,C,0.9844712103081814,0.004136933162524253,0.011391856529293276,6,15,fold_3,fold,3
25,A,0.9533838029465146,0.014870700471449727,0.03174549658203548,6,15,fold_3,fold,3
25,C,0.9834138094729051,0.004346166601736215,0.012240023925359151,6,15,fold_3,fold,3
26,A,0.9492458998114474,0.015929394744615643,0.03482470544393682,6,15,fold_3,fold,3
26,C,0.9823039108331542,0.004565087860253118,0.013131001306592862,6,15,fold_3,fold,3
27,A,0.9448439495568149,0.01703564362217107,0.038120406821013995,6,15,fold_3,fold,3
27,C,0.9811392414295168,0.004794010469987842,0.014066748100493721,6,15,fold_3,fold,3
28,A,0.9401695202781607,0.018188452649774624,0.0416420270720651,6,15,fold_3,fold,3
28,C,0.9799174675892305,0.0050332381864223435,0.015049294224347162,6,15,fold_3,fold,3
29,A,0.9352149887759145,0.019386269803126105,0.04539874142095891,6,15,fold_3,fold,3
29,C,0.9786361990292975,0.005283061812819289,0.016080739157882353,6,15,fold_3,fold,3
30,A,0.9299736339149026,0.02062701318646512,0.04939935289863248,6,15,fold_3,fold,3
30,C,0.9772930083595945,0.005543756864839729,0.01716323477556754,6,15,fold_3,fold,3
31,A,0.9244397614050444,0.021908047495747183,0.05365219109920747,6,15,fold_3,fold,3
31,C,0.9758854389266813,0.005815580436173405,0.018298980637144018,6,15,fold_3,fold,3
32,A,0.9186088725483321,0.023226129064283476,0.058164998387385036,6,15,fold_3,fold,3
32,C,0.9744110086250997,0.006098767221055523,0.019490224153843824,6,15,fold_3,fold,3
33,A,0.9124778296060528,0.02457736477045339,0.06294480562349403,6,15,fold_3,fold,3
33,C,0.9728672164675699,0.0063935252893427596,0.020739258243087144,6,15,fold_3,fold,3
34,A,0.9060450081677041,0.02595719229686599,0.0679977995354304,6,15,fold_3,fold,3
34,C,0.9712515527563736,0.006700031718731244,0.02204841552489456,6,15,fold_3,fold,3
35,A,0.8993104370100671,0.027360375861055858,0.07332918712887804,6,15,fold_3,fold,3
35,C,0.9695615111508095,0.007018428037805461,0.023420060811384324,6,15,fold_3,fold,3
36,A,0.8922759256361364,0.028781013334751616,0.07894306102911221,6,15,fold_3,fold,3
36,C,0.9677946014880561,0.007348815449652897,0.02485658306229093,6,15,fold_3,fold,3
37,A,0.8849451763155917,0.030212555607883506,0.08484226807652434,6,15,fold_3,fold,3
37,C,0.9659483632903115,0.0076912498647093396,0.026360386844979475,6,15,fold_3,fold,3
38,A,0.8773238757261576,0.031647840903838514,0.0910282833700039,6,15,fold_3,fold,3
38,C,0.9640203802750879,0.008045736802876215,0.02793388292203638,6,15,fold_3,fold,3
39,A,0.8694197613754314,0.03307914596823888,0.0975010926563299,6,15,fold_3,fold,3
39,C,0.9620082960344868,0.008412226231272149,0.029579477734241594,6,15,fold_3,fold,3
40,A,0.8612426587277878,0.034498254725713495,0.10425908654649826,6,15,fold_3,fold,3
40,C,0.9599098308284084,0.008790607405354645,0.03129956176623757,6,15,fold_3,fold,3
41,A,0.852804485735502,0.03589654409919501,0.11129897016530398,6,15,fold_3,fold,3
41,C,0.9577227993476944,0.0091807037862517,0.033096496866053954,6,15,fold_3,fold,3
42,A,0.8441192222360346,0.03726508611121288,0.11861569165275293,6,15,fold_3,fold,3
42,C,0.9554451293077814,0.009582268114513952,0.03497260257770511,6,15,fold_3,fold,3
43,A,0.8352028425580172,0.03859476481362738,0.1262023926283552,6,15,fold_3,fold,3
43,C,0.9530748807466738,0.009994977727160048,0.03693014152616644,6,15,fold_3,fold,3
44,A,0.8260732107307391,0.03987640591475201,0.13405038335450836,6,15,fold_3,fold,3
44,C,0.9506102658893587,0.010418430209827415,0.03897130390081345,6,15,fold_3,fold,3
45,A,0.8167499388789249,0.04110091626580809,0.14214914485526747,6,15,fold_3,fold,3
45,C,0.9480496694132131,0.01085213947910657,0.041098191107681085,6,15,fold_3,fold,3
46,A,0.8072542106359636,0.0422594297341391,0.15048635962989687,6,15,fold_3,fold,3
46,C,0.9453916689217277,0.01129553239165987,0.04331279868661157,6,15,fold_3,fold,3
47,A,0.7976085919060729,0.0433434419866536,0.15904796610727484,6,15,fold_3,fold,3
47,C,0.9426350535507643,0.01174794622312154,0.04561700022611525,6,15,fold_3,fold,3
48,A,0.7878367737384411,0.04434497464352233,0.16781825161803715,6,15,fold_3,fold,3
48,C,0.9397788467449311,0.012208626208407377,0.048012527046662805,6,15,fold_3,fold,3
49,A,0.7779632896227752,0.04525673278435956,0.17677997759286584,6,15,fold_3,fold,3
49,C,0.9368223283342904,0.012676723974640999,0.05050094769106999,6,15,fold_3,fold,3
50,A,0.7680132517107897,0.046072219349070846,0.1859145289401394,6,15,fold_3,fold,3
50,C,0.9337650512266173,0.013151297649585792,0.05308365112379816,6,15,fold_3,fold,3
51,A,0.7580120956227474,0.04678582775791407,0.19520207661933817,6,15,fold_3,fold,3
51,C,0.930606856766306,0.013631312860398707,0.05576183037329514,6,15,fold_3,fold,3
52,A,0.7479852931099618,0.04739294158556049,0.20462176530447748,6,15,fold_3,fold,3
52,C,0.9273478921822862,0.014115644186652645,0.058536463631062026,6,15,fold_3,fold,3
53,A,0.7379580560242397,0.047890021685624236,0.2141519222901368,6,15,fold_3,fold,3
53,C,0.9239886277181402,0.014603077535538883,0.061408294746320355,6,15,fold_3,fold,3
54,A,0.7279550591839887,0.048274660480699595,0.22377028033531116,6,15,fold_3,fold,3
54,C,0.9205298706794891,0.015092313890372425,0.0643778154301385,6,15,fold_3,fold,3
55,A,0.7180001909228769,0.04854560247172263,0.23345420660540095,6,15,fold_3,fold,3
55,C,0.9169727762768952,0.015581974384020507,0.06744524933908433,6,15,fold_3,fold,3
56,A,0.7081163274183477,0.04870274015460388,0.24318093242704875,6,15,fold_3,fold,3
56,C,0.913318856384716,0.016070606450980858,0.07061053716430278,6,15,fold_3,fold,3
57,A,0.6983251298046727,0.048747089874562194,0.25292778032076546,6,15,fold_3,fold,3
57,C,0.9095699865237129,0.016556690973553147,0.07387332250273444,6,15,fold_3,fold,3
58,A,0.6886468693543684,0.0486807460867315,0.2626723845588996,6,15,fold_3,fold,3
58,C,0.9057284104233074,0.017038650489699044,0.07723293908699405,6,15,fold_3,fold,3
59,A,0.6791002862754085,0.048506813119464365,0.2723929006051257,6,15,fold_3,fold,3
59,C,0.9017967415471727,0.017514858491065047,0.08068839996176345,6,15,fold_3,fold,3
60,A,0.6697024836513703,0.04822931754701496,0.2820681988016158,6,15,fold_3,fold,3
60,C,0.8977779614844027,0.017983649724246722,0.08423838879135016,6,15,fold_3,fold,3
61,A,0.6604688550333334,0.04785310620563219,0.29167803876103304,6,15,fold_3,fold,3
61,C,0.8936754153495264,0.01844333135955267,0.08788125329091956,6,15,fold_3,fold,3
62,A,0.6514130437299209,0.04738373408200344,0.30120322218807505,6,15,fold_3,fold,3
62,C,0.8894928042159024,0.018892194910668125,0.09161500087342951,6,15,fold_3,fold,3
63,A,0.6425469321257048,0.046827345241747365,0.310625722632547,6,15,fold_3,fold,3
63,C,0.8852341744778929,0.0193285288026447,0.09543729671946254,6,15,fold_3,fold,3
64,A,0.6338806588954723,0.04619054999081594,0.3199287911137112,6,15,fold_3,fold,3
64,C,0.8809039040861888,0.019750631463143785,0.09934546445066798,6,15,fold_3,fold,3
65,A,0.6254226610371153,0.04548030186180564,0.3290970371010789,6,15,fold_3,fold,3
65,C,0.8765066857323668,0.020156824778129107,0.10333648948950575,6,15,fold_3,fold,3
66,A,0.6171797370543906,0.04470377785102037,0.338116485094589,6,15,fold_3,fold,3
66,C,0.8720475071373034,0.02054546773598492,0.10740702512671116,6,15,fold_3,fold,3
67,A,0.6091571275693383,0.04386826465362135,0.3469746077770417,6,15,fold_3,fold,3
67,C,0.8675316286126196,0.02091497008224432,0.11155340130513669,6,15,fold_3,fold,3
68,A,0.6013586098409298,0.04298105294482595,0.35566033721424517,6,15,fold_3,fold,3
68,C,0.8629645580783034,0.021263805805439105,0.11577163611625854,6,15,fold_3,fold,3
69,A,0.593786602571402,0.04204934152251922,0.36416405590607814,6,15,fold_3,fold,3
69,C,0.8583520237601346,0.021590526271728507,0.1200574499681364,6,15,fold_3,fold,3
70,A,0.5864422775975187,0.04108015263800584,0.37247756976447505,6,15,fold_3,fold,3
70,C,0.8536999448472841,0.021893772818528348,0.12440628233418796,6,15,fold_3,fold,3
71,A,0.5793256757831334,0.04008025892272256,0.3805940652941437,6,15,fold_3,fold,3
71,C,0.8490144004341,0.022172288616279595,0.12881331094961915,6,15,fold_3,fold,3
72,A,0.5724358241242323,0.039056122500723794,0.3885080533750439,6,15,fold_3,fold,3
72,C,0.8443015970784585,0.022424929631222865,0.13327347329031808,6,15,fold_3,fold,3
73,A,0.5657708518053232,0.038013846120071484,0.3962153020746063,6,15,fold_3,fold,3
73,C,0.8395678353357772,0.022650674524607173,0.13778149013961627,6,15,fold_3,fold,3
74,A,0.559328103235192,0.03695913590298,0.40371276086182784,6,15,fold_3,fold,3
74,C,0.8348194756427172,0.022848633340140867,0.1423318910171425,6,15,fold_3,fold,3
75,A,0.5531042464786949,0.035897275041144545,0.41099847848016047,6,15,fold_3,fold,3
75,C,0.8300629039360122,0.023018054850040433,0.14691904121394725,6,15,fold_3,fold,3
76,A,0.5470953758673962,0.03483310755264688,0.41807151657995795,6,15,fold_3,fold,3
76,C,0.8253044973929418,0.02315833245356249,0.15153717015349677,6,15,fold_3,fold,3
77,A,0.5412971079023202,0.033771031074982215,0.42493186102269737,6,15,fold_3,fold,3
77,C,0.820550590672255,0.023269008547619586,0.1561804007801266,6,15,fold_3,fold,3
78,A,0.5357046698397264,0.032714997602988516,0.4315803325572855,6,15,fold_3,fold,3
78,C,0.8158074430203873,0.023349777315696738,0.16084277966391586,6,15,fold_3,fold,3
79,A,0.530312980594904,0.031668521059063336,0.43801849834603335,6,15,fold_3,fold,3
79,C,0.8110812065882914,0.023400485908781216,0.16551830750292854,6,15,fold_3,fold,3
80,A,0.5251167238267868,0.030634690579202786,0.44424858559401026,6,15,fold_3,fold,3
80,C,0.8063778962786629,0.02342113402039584,0.17020096970094117,6,15,fold_3,fold,3
81,A,0.5201104132647358,0.029616188420293982,0.45027339831496943,6,15,fold_3,fold,3
81,C,0.8017033614119194,0.02341187188622534,0.17488476670185515,6,15,fold_3,fold,3
82,A,0.515288450488977,0.028615311456642204,0.45609623805438126,6,15,fold_3,fold,3
82,C,0.7970632594630472,0.023372996766005252,0.17956374377094722,6,15,fold_3,fold,3
83,A,0.510645175481574,0.027633995326603995,0.461720829191822,6,15,fold_3,fold,3
83,C,0.7924630320822494,0.02330494799039263,0.1842320199273571,6,15,fold_3,fold,3
84,A,0.5061749103448766,0.02667384038875153,0.4671512492663707,6,15,fold_3,fold,3
84,C,0.7879078835709036,0.023208300678038175,0.1888838157510586,6,15,fold_3,fold,3
85,A,0.5018719966492539,0.025736138740307543,0.47239186461043864,6,15,fold_3,fold,3
85,C,0.7834027619417596,0.023083758247697046,0.1935134798105427,6,15,fold_3,fold,3
86,A,0.49773082691679654,0.02482190164505499,0.4774472714381488,6,15,fold_3,fold,3
86,C,0.7789523426494247,0.02293214386651538,0.19811551348405948,6,15,fold_3,fold,3
87,A,0.4937458707675321,0.023931886818758328,0.48232224241370963,6,15,fold_3,fold,3
87,C,0.7745610150350067,0.022754390988173005,0.20268459397682004,6,15,fold_3,fold,3
88,A,0.48991169624702446,0.023066625128037182,0.4870216786249382,6,15,fold_3,fold,3
88,C,0.7702328714849773,0.022551533146460037,0.2072155953685634,6,15,fold_3,fold,3
89,A,0.48622298687048215,0.02222644632437659,0.4915505668051417,6,15,fold_3,fold,3
89,C,0.7659716992799759,0.02232469316165383,0.21170360755836953,6,15,fold_3,fold,3
90,A,0.48267455488957833,0.021411503529266747,0.4959139415811545,6,15,fold_3,fold,3
90,C,0.7617809750655101,0.022075071928168082,0.21614395300632186,6,15,fold_3,fold,3
91,A,0.479261351208478,0.020621796311525633,0.5001168524799967,6,15,fold_3,fold,3
91,C,0.7576638618186348,0.021803936974507505,0.220532201206858,6,15,fold_3,fold,3
92,A,0.4759784724428164,0.019857192164826808,0.5041643353923565,6,15,fold_3,fold,3
92,C,0.7536232082118216,0.021512610926617912,0.22486418086156054,6,15,fold_3,fold,3
93,A,0.47282116552636727,0.019117446307617754,0.5080613881660154,6,15,fold_3,fold,3
93,C,0.7496615502189731,0.021202460032084234,0.22913598974894323,6,15,fold_3,fold,3
94,A,0.4697848302416997,0.018402219769900297,0.5118129499883994,6,15,fold_3,fold,3
94,C,0.7457811147956767,0.020874882887110723,0.23334400231721117,6,15,fold_3,fold,3
95,A,0.46686502001335844,0.01771109577187341,0.5154238842147681,6,15,fold_3,fold,3
95,C,0.7419838254511663,0.020531299495545153,0.2374848750532898,6,15,fold_3,fold,3
96,A,0.4640574412699902,0.017043594426607394,0.5188989643034027,6,15,fold_3,fold,3
96,C,0.7382713095220159,0.02017314077185446,0.24155554970612816,6,15,fold_3,fold,3
97,A,0.4613579516484002,0.01639918582309955,0.5222428625285004,6,15,fold_3,fold,3
97,C,0.7346449069530075,0.019801838583731437,0.2455532544632602,6,15,fold_3,fold,3
98,A,0.4587625572784266,0.0157773015671838,0.5254601411543899,6,15,fold_3,fold,3
98,C,0.7311056803881587,0.01941881641495548,0.24947550319688677,6,15,fold_3,fold,3
99,A,0.45626740935585214,0.015177344872803153,0.5285552457713437,6,15,fold_3,fold,3
99,C,0.7276544263761224,0.01902548071374481,0.25332009291013374,6,15,fold_3,fold,3
100,A,0.45386880018192893,0.014598699305149858,0.5315325005129214,6,15,fold_3,fold,3
100,C,0.7242916874984259,0.01862321297590433,0.2570850995256706,6,15,fold_3,fold,3
101,A,0.45156315882165793,0.014040736282405802,0.5343961048959361,6,15,fold_3,fold,3
101,C,0.7210177652361246,0.018213362596534093,0.2607688721673417,6,15,fold_3,fold,3
102,A,0.4493470465087009,0.013502821445448844,0.5371501320458497,6,15,fold_3,fold,3
102,C,0.7178327333995749,0.017797240509648125,0.26437002609077775,6,15,fold_3,fold,3
103,A,0.4472171519031845,0.012984320004721014,0.5397985280920945,6,15,fold_3,fold,3
103,C,0.7147364519567122,0.017376113621899916,0.26788743442138846,6,15,fold_3,fold,3
104,A,0.4451702862898773,0.012484601170733444,0.54234511253939,6,15,fold_3,fold,3
104,C,0.7117285811071619,0.016951200034702945,0.2713202188581339,6,15,fold_3,fold,3
105,A,0.44320337878745325,0.012003041770473085,0.5447935794420733,6,15,fold_3,fold,3
105,C,0.708808595462265,0.016523665038477794,0.27466773949925893,6,15,fold_3,fold,3
106,A,0.4413134716245529,0.011539029146977162,0.547147499228469,6,15,fold_3,fold,3
106,C,0.7059757982043133,0.01609461785365346,0.2779295839420329,6,15,fold_3,fold,3
107,A,0.43949771552539246,0.011091963433432475,0.5494103210411742,6,15,fold_3,fold,3
107,C,0.7032293351119218,0.01566510908538371,0.2811055558026941,6,15,fold_3,fold,3
108,A,0.4377533652367248,0.010661259286519488,0.5515853754767556,6,15,fold_3,fold,3
108,C,0.7005682083540519,0.015236128850659562,0.2841956627952878,6,15,fold_3,fold,3
109,A,0.43607777522019675,0.010246347155353955,0.5536758776244481,6,15,fold_3,fold,3
109,C,0.6979912899605406,0.014808605539381441,0.2872001045000777,6,15,fold_3,fold,3
110,A,0.4344683955253355,0.00984667415648595,0.5556849303181788,6,15,fold_3,fold,3
110,C,0.6954973348948915,0.01438340516164832,0.2901192599434604,6,15,fold_3,fold,3
111,A,0.4329227678498479,0.009461704620451476,0.5576155275297003,6,15,fold_3,fold,3
111,C,0.6930849936836615,0.013961331215862351,0.2929536751004751,6,15,fold_3,fold,3
112,A,0.43143852179390757,0.009090920363428621,0.5594705578426636,6,15,fold_3,fold,3
112,C,0.6907528245362913,0.013543125043103113,0.29570405042060594,6,15,fold_3,fold,3
113,A,0.43001337130752054,0.008733820734614912,0.5612528079578641,6,15,fold_3,fold,3
113,C,0.6884993049193298,0.013129466612637117,0.2983712284680327,6,15,fold_3,fold,3
114,A,0.4286451113273848,0.008389922483341604,0.5629649661892729,6,15,fold_3,fold,3
114,C,0.6863228425562319,0.012720975686119284,0.3009561817576499,6,15,fold_3,fold,3
115,A,0.4273316145971646,0.008058759484177485,0.5646096259186585,6,15,fold_3,fold,3
115,C,0.6842217858332241,0.012318213309102564,0.30346000085767394,6,15,fold_3,fold,3
116,A,0.4260708286635858,0.007739882352642754,0.5661892889837699,6,15,fold_3,fold,3
116,C,0.6821944335984178,0.011921683582165435,0.3058838828194166,6,15,fold_3,fold,3
117,A,0.4248607730396427,0.0074328579792503555,0.5677063689811069,6,15,fold_3,fold,3
117,C,0.6802390443478411,0.011531835666766039,0.3082291199853921,6,15,fold_3,fold,3
118,A,0.42369953652531317,0.007137269005374011,0.5691631944693126,6,15,fold_3,fold,3
118,C,0.6783538447987152,0.0111490659829253,0.3104970892183599,6,15,fold_3,fold,3
119,A,0.42258527467570484,0.00685271326067594,0.5705620120636191,6,15,fold_3,fold,3
119,C,0.6765370378560561,0.010773720558258612,0.3126892415856854,6,15,fold_3,fold,3
120,A,0.4215162074063264,0.006578803178380604,0.571904989415292,6,15,fold_3,fold,3
120,C,0.6747868099833273,0.010406097491088279,0.3148070925255841,6,15,fold_3,fold,3
121,A,0.4204906167253889,0.006315165201576712,0.5731942180730336,6,15,fold_3,fold,3
121,C,0.673101337991578,0.010046449493849335,0.3168522125145722,6,15,fold_3,fold,3
122,A,0.419506844583319,0.006061439191034814,0.5744317162256465,6,15,fold_3,fold,3
122,C,0.6714787952646653,0.009694986486305509,0.3188262182490277,6,15,fold_3,fold,3
123,A,0.41856329083012134,0.005817277842757585,0.5756194313271215,6,15,fold_3,fold,3
123,C,0.6699173574407383,0.009351878211216892,0.320730764348045,6,15,fold_3,fold,3
124,A,0.4176584112716845,0.005582346121566292,0.5767592426067479,6,15,fold_3,fold,3
124,C,0.6684152075722037,0.009017256848182522,0.3225675355796131,6,15,fold_3,fold,3
125,A,0.41679071581667626,0.005356320715382411,0.5778529634679426,6,15,fold_3,fold,3
125,C,0.6669705407879641,0.008691219604420599,0.32433823960761576,6,15,fold_3,fold,3
126,A,0.41595876670628595,0.005138889513447478,0.5789023437802664,6,15,fold_3,fold,3
126,C,0.6655815684827311,0.008373831264149968,0.32604460025311816,6,15,fold_3,fold,3
127,A,0.41516117681976245,0.004929751110548985,0.5799090720696889,6,15,fold_3,fold,3
127,C,0.6642465220589732,0.008065126680954285,0.32768835126007206,6,15,fold_3,fold,3
128,A,0.4143966080492637,0.004728614338365604,0.5808747776123707,6,15,fold_3,fold,3
128,C,0.6629636562470042,0.007765113200305792,0.32927123055268964,6,15,fold_3,fold,3
129,A,0.4136637697381442,0.004535197824369565,0.5818010324374858,6,15,fold_3,fold,3
129,C,0.6617312520298568,0.007473773000782235,0.33079497496936194,6,15,fold_3,fold,3
130,A,0.412961417177373,0.004349229578067755,0.5826893532445582,6,15,fold_3,fold,3
130,C,0.6605476191987097,0.007191065345323833,0.3322613154559659,6,15,fold_3,fold,3
131,A,0.41228835015552695,0.004170446603760711,0.5835412032407118,6,15,fold_3,fold,3
131,C,0.6594110985621412,0.006916928737821403,0.33367197270003784,6,15,fold_3,fold,3
132,A,0.41164341155801437,0.003998594538928356,0.5843579939030578,6,15,fold_3,fold,3
132,C,0.6583200638357821,0.0066512829780868265,0.3350286531861314,6,15,fold_3,fold,3
133,A,0.4110254860118793,0.0038334273169143593,0.5851410866712059,6,15,fold_3,fold,3
133,C,0.6572729232359575,0.006394031112230617,0.33633304565181177,6,15,fold_3,fold,3
134,A,0.41043349857292477,0.0036747068524445544,0.5858917945746313,6,15,fold_3,fold,3
134,C,0.6562681208002615,0.006145061276628692,0.3375868179231106,6,15,fold_3,fold,3
135,A,0.4098664134523139,0.0035222027484091705,0.5866113837992771,6,15,fold_3,fold,3
135,C,0.6553041374570402,0.005904248434905604,0.3387916141080543,6,15,fold_3,fold,3
136,A,0.409323232780169,0.00337569202229772,0.5873010751975328,6,15,fold_3,fold,3
136,C,0.6543794918649336,0.005671456008173487,0.3399490521268924,6,15,fold_3,fold,3
137,A,0.40880299540402154,0.0032349588506703692,0.5879620457453077,6,15,fold_3,fold,3
137,C,0.6534927410426318,0.0054465373995852984,0.3410607215577825,6,15,fold_3,fold,3
138,A,0.4083047757202432,0.0030997943300779436,0.5885954299496782,6,15,fold_3,fold,3
138,C,0.6526424808079142,0.005229337415096654,0.34212818177698895,6,15,fold_3,fold,3
139,A,0.4078276825368643,0.002969996252899024,0.5892023212102374,6,15,fold_3,fold,3
139,C,0.651827346043909,0.005019693583025267,0.343152960373066,6,15,fold_3,fold,3
140,A,0.4073708579663928,0.00284536889663659,0.5897837731369705,6,15,fold_3,fold,3
140,C,0.6510460108094264,0.004817437375498634,0.3441365518150751,6,15,fold_3,fold,3
141,A,0.40693347634745897,0.002725722825301231,0.5903408008272386,6,15,fold_3,fold,3
141,C,0.6502971883091814,0.0046223953352529405,0.34508041635556613,6,15,fold_3,fold,3
142,A,0.40651474319427294,0.0026108747016025924,0.590874382104125,6,15,fold_3,fold,3
142,C,0.6495796307386776,0.004434390111552374,0.3459859791497691,6,15,fold_3,fold,3
143,A,0.40611389417302607,0.0025006471087747704,0.5913854587181989,6,15,fold_3,fold,3
143,C,0.6488921290175385,0.004253241409243826,0.3468546295732169,6,15,fold_3,fold,3
144,A,0.405730194104493,0.0023948683809672873,0.5918749375145398,6,15,fold_3,fold,3
144,C,0.6482335124240266,0.004078766855131525,0.34768772072084236,6,15,fold_3,fold,3
145,A,0.40536293599217693,0.002293372441235101,0.5923436915665893,6,15,fold_3,fold,3
145,C,0.6476026481426149,0.003910782785953151,0.3484865690714322,6,15,fold_3,fold,3
146,A,0.40501144007544293,0.0021959986462579666,0.5927925612782999,6,15,fold_3,fold,3
146,C,0.6469984407355167,0.003749104962280348,0.3492524543022042,6,15,fold_3,fold,3
147,A,0.4046750529071457,0.002102591637014515,0.5932223554558392,6,15,fold_3,fold,3
147,C,0.646419831548227,0.003593549212664018,0.34998661923910773,6,15,fold_3,fold,3
148,A,0.40435314645530596,0.0020130011947343917,0.5936338523499589,6,15,fold_3,fold,3
148,C,0.6458657980582805,0.0034439320123647262,0.35069026992935426,6,15,fold_3,fold,3
149,A,0.4040451172284485,0.0019270821015194089,0.5940278006700319,6,15,fold_3,fold,3
149,C,0.6453353531758255,0.0033000710007014063,0.3513645758234729,6,15,fold_3,fold,3
150,A,0.4037503854242439,0.0018446940051159175,0.5944049205706406,6,15,fold_3,fold,3
150,C,0.6448275445038143,0.003161785441129747,0.3520106700550552,6,15,fold_3,fold,3
151,A,0.40346839410107255,0.0017657012874298923,0.5947659046114976,6,15,fold_3,fold,3
151,C,0.6443414535643436,0.0030288966284960604,0.3526296498071602,6,15,fold_3,fold,3
152,A,0.4031986083722271,0.0016899729363638596,0.5951114186914094,6,15,fold_3,fold,3
152,C,0.6438761949980518,0.0029012282468006906,0.35322257675514857,6,15,fold_3,fold,3
153,A,0.40294051462242686,0.00161738242066386,0.5954421029569095,6,15,fold_3,fold,3
153,C,0.6434309157422731,0.0027786066812703443,0.3537904775764569,6,15,fold_3,fold,3
154,A,0.4026936197463401,0.0015478075675129461,0.5957585726861474,6,15,fold_3,fold,3
154,C,0.6430047941931684,0.002660861288314686,0.35433434451851703,6,15,fold_3,fold,3
155,A,0.40245745040880226,0.0014811304426547698,0.5960614191485415,6,15,fold_3,fold,3
155,C,0.6425970393564875,0.002547824626777336,0.35485513601673563,6,15,fold_3,fold,3
156,A,0.4022315523264227,0.0014172372328675699,0.5963512104407093,6,15,fold_3,fold,3
156,C,0.6422068899912251,0.0024393326536606974,0.3553537773551138,6,15,fold_3,fold,3
157,A,0.40201548957026123,0.0013560181306437155,0.5966284922990941,6,15,fold_3,fold,3
157,C,0.6418336137499692,0.0023352248873148105,0.35583116136271714,6,15,fold_3,fold,3
158,A,0.401808843889274,0.0012973672209634606,0.5968937888897624,6,15,fold_3,fold,3
158,C,0.6414765063193054,0.002235344540929654,0.3562881491397655,6,15,fold_3,fold,3
159,A,0.4016112140541804,0.001241182370079476,0.5971476035757389,6,15,fold_3,fold,3
159,C,0.6411348905633006,0.0021395386290166377,0.35672557080768336,6,15,fold_3,fold,3
160,A,0.4014222152214401,0.0011873651162511451,0.5973904196623091,6,15,fold_3,fold,3
160,C,0.640808115672661,0.0020476580493932147,0.3571442262779465,6,15,fold_3,fold,3
161,A,0.4012414783169693,0.0011358205623854254,0.5976227011206446,6,15,fold_3,fold,3
161,C,0.6404955563219094,0.0019595576430116728,0.3575448860350795,6,15,fold_3,fold,3
162,A,0.40106864943928017,0.0010864572705567748,0.5978448932901639,6,15,fold_3,fold,3
162,C,0.6401966118366086,0.0018750962338118075,0.35792829192957915,6,15,fold_3,fold,3
163,A,0.4009033892816479,0.0010391871583915065,0.5980574235599606,6,15,fold_3,fold,3
163,C,0.63991070537238115,0.0017941366506277602,0.35829515797699196,6,15,fold_3,fold,3
164,A,0.400745372572967,9.939253973122758e-4,0.598260702029721,6,15,fold_3,fold,3
164,C,0.639637283107241,0.0017165457330352754,0.35864617115972314,6,15,fold_3,fold,3
165,A,0.40059428753690435,9.505903126458789e-4,0.5984551221504506,6,15,fold_3,fold,3
165,C,0.6393758134485421,0.0016421943228848782,0.35898199222857285,6,15,fold_3,fold,3
166,A,0.40044983536896833,9.091032856029993e-4,0.5986410613454296,6,15,fold_3,fold,3
166,C,0.6391257862556035,0.0015709572431320139,0.35930325650126405,6,15,fold_3,fold,3
167,A,0.40031172973111745,8.69388657142579e-4,0.59881888161174,6,15,fold_3,fold,3
167,C,0.6388867120789458,0.001502713265448311,0.3596105746556064,6,15,fold_3,fold,3
168,A,0.40017969626350136,8.31373633735091e-4,0.598988930102764,6,15,fold_3,fold,3
168,C,0.6386581214168547,0.0014373450679803419,0.35990453351516577,6,15,fold_3,fold,3
169,A,0.40005347211293957,7.949881950434264e-4,0.5991515396920168,6,15,fold_3,fold,3
169,C,0.6384395639898888,0.0013747391845039376,0.36018569682560786,6,15,fold_3,fold,3
170,A,0.3999328054777416,7.601650035383198e-4,0.5993070295187206,6,15,fold_3,fold,3
170,C,0.638230608033765,0.0013147859461218488,0.3604546060201136,6,15,fold_3,fold,3
171,A,0.39981745516846046,7.26839316057693e-4,0.5994557055154822,6,15,fold_3,fold,3
171,C,0.6380308396109665,0.0012573794165643669,0.360711780972469,6,15,fold_3,fold,3
172,A,0.39970719018417644,6.949488973303682e-4,0.5995978609184925,6,15,fold_3,fold,3
172,C,0.6378398619413072,0.0012024173220322875,0.3609577207366602,6,15,fold_3,fold,3
173,A,0.3996017893039049,6.644339354753619e-4,0.5997337767606191,6,15,fold_3,fold,3
173,C,0.637657294751582,0.0011498009764539696,0.3611929042719625,6,15,fold_3,fold,3
174,A,0.3995010406927149,6.352369594864531e-4,0.59986372234779906,6,15,fold_3,fold,3
174,C,0.6374827736443621,0.0010994352029457255,0.3614177911526915,6,15,fold_3,fold,3
175,A,0.3994047415221642,6.073027587087034e-4,0.5999879557191269,6,15,fold_3,fold,3
175,C,0.63731594948589,0.0010512282521895758,0.36163282226192045,6,15,fold_3,fold,3
176,A,0.39931269760464655,5.805783043111012e-4,0.6001067240910423,6,15,fold_3,fold,3
176,C,0.637156487813003,0.001005091718371147,0.3618384204686266,6,15,fold_3,fold,3
177,A,0.3992247230412357,5.550126727565717e-4,0.6002202642860076,6,15,fold_3,fold,3
177,C,0.6370040682589208,9.609404532558113e-4,0.3620349912878236,6,15,fold_3,fold,3
178,A,0.3991406398826553,5.305569712673381e-4,0.6003288031460782,6,15,fold_3,fold,3
178,C,0.6368583839977046,9.186924789228339e-4,0.36222292352337293,6,15,fold_3,fold,3
179,A,0.39906027780295444,5.071642652802893e-4,0.6004325579317659,6,15,fold_3,fold,3
179,C,0.6367191412071379,8.782688996231967e-4,0.3624025898932392,6,15,fold_3,fold,3
180,A,0.3989834737855183,4.847895078838756e-4,0.6005317367065975,6,15,fold_3,fold,3
180,C,0.6365860585497525,8.395938131763446e-4,0.36257434763707086,6,15,fold_3,fold,3
181,A,0.3989100718210247,4.633894712249271e-4,0.6006265387077502,6,15,fold_3,fold,3
181,C,0.6364588666716794,8.025942222745392e-4,0.36273853910604614,6,15,fold_3,fold,3
182,A,0.39883992261696394,4.4292267987082446e-4,0.6007171547031646,6,15,fold_3,fold,3
182,C,0.6363373077189894,7.67199946021071e-4,0.3628954923349878,6,15,fold_3,fold,3
183,A,0.39877288331835925,4.233493461096331e-4,0.6008037673355319,6,15,fold_3,fold,3
183,C,0.6362211348711607,7.333435319900337e-4,0.3630455215968497,6,15,fold_3,fold,3
184,A,0.39870881723931123,4.0463130716815487e-4,0.6008865514535202,6,15,fold_3,fold,3
184,C,0.6361101118912706,7.009601690600366e-4,0.36318892793966956,6,15,fold_3,fold,3
185,A,0.3986475936050208,3.8673196432535294e-4,0.6009656744306541,6,15,fold_3,fold,3
185,C,0.6360040126925517,6.699876012419809e-4,0.3633259997062047,6,15,fold_3,fold,3
186,A,0.39858908730392384,3.696162238961863e-4,0.6010412964721806,6,15,fold_3,fold,3
186,C,0.635902620920877,6.403660426915416e-4,0.36345701303643213,6,15,fold_3,fold,3
187,A,0.39853317864960763,3.5325044005876823e-4,0.6011135709103347,6,15,fold_3,fold,3
187,C,0.63580572955274,6.120380940702393e-4,0.36358223235319015,6,15,fold_3,fold,3
188,A,0.39847975315215933,3.376023594953678e-4,0.6011826444883454,6,15,fold_3,fold,3
188,C,0.6357131405083646,5.8494866039411e-4,0.36370191083124176,6,15,fold_3,fold,3
189,A,0.3984287012986327,3.226410678177063e-4,0.6012486576335497,6,15,fold_3,fold,3
189,C,0.6356246642794487,5.590448704899631e-4,0.36381629085006156,6,15,fold_3,fold,3
190,A,0.3983799183422886,3.083369377443125e-4,0.6013117447199671,6,15,fold_3,fold,3
190,C,0.6355401195711574,5.3427599815744e-4,0.3639256044306857,6,15,fold_3,fold,3
191,A,0.39833330410032664,2.9466157899293047e-4,0.601372034320681,6,15,fold_3,fold,3
191,C,0.6354593329579198,5.10593385111207e-4,0.36403007365696943,6,15,fold_3,fold,3
192,A,0.3982887627597758,2.8158778985634366e-4,0.6014296494503688,6,15,fold_3,fold,3
192,C,0.6353821385526066,4.8795036577359936e-4,0.3641299110816195,6,15,fold_3,fold,3
193,A,0.39824620269126354,2.690895104249886e-4,0.6014847077983116,6,15,fold_3,fold,3
193,C,0.6353083776886613,4.663021939663253e-4,0.36422532011737285,6,15,fold_3,fold,3
194,A,0.3982055362703671,2.571417774193355e-4,0.6015373219522127,6,15,fold_3,fold,3
194,C,0.6352378986147562,4.456059715376864e-4,0.3643164954137048,6,15,fold_3,fold,3
195,A,0.39816667970626834,2.4572068059422545e-4,0.6015875996131377,6,15,fold_3,fold,3
195,C,0.6351705562015859,4.258205789502108e-4,0.3644036232194635,6,15,fold_3,fold,3
196,A,0.3981295528774374,2.3480332067708694e-4,0.6016356438018851,6,15,fold_3,fold,3
196,C,0.6351062116603415,4.0690660784398214e-4,0.36448688173181354,6,15,fold_3,fold,3
197,A,0.3980940791740919,2.243677688016511e-4,0.6016815530571074,6,15,fold_3,fold,3
197,C,0.6350447322725249,3.8882629558216545e-4,0.3645664414318937,6,15,fold_3,fold,3
198,A,0.39806018534715265,2.1439302739843184e-4,0.601725421625449,6,15,fold_3,fold,3
198,C,0.6349859911306415,3.7154346177695197e-4,0.3646424654075807,6,15,fold_3,fold,3
199,A,0.3980278013634756,2.0485899250300796e-4,0.6017673396440216,6,15,fold_3,fold,3
199,C,0.634929866889452,3.550234467869683e-4,0.36471510966376075,6,15,fold_3,fold,3
200,A,0.39799686026709175,1.9574641744310163e-4,0.601807393315465,6,15,fold_3,fold,3
200,C,0.6348762435273472,3.392330521710174e-4,0.3647845234204823,6,15,fold_3,fold,3
201,A,0.3979672980462446,1.8703687786555086e-4,0.6018456650758897,6,15,fold_3,fold,3
201,C,0.6348250101175106,3.2414048307779163e-4,0.3648508493994124,6,15,fold_3,fold,3
202,A,0.3979390535059865,1.7871273806443295e-4,0.601882233755949,6,15,fold_3,fold,3
202,C,0.6347760606085067,3.0971529254655297e-4,0.36491422409894675,6,15,fold_3,fold,3
203,A,0.3979120681461181,1.7075711857185755e-4,0.6019171747353105,6,15,fold_3,fold,3
203,C,0.6347292936139308,2.959283276897791e-4,0.3649747780583812,6,15,fold_3,fold,3
204,A,0.3978862860442649,1.6315386497328113e-4,0.6019505600907615,6,15,fold_3,fold,3
204,C,0.6346846122107844,2.827516777253361e-4,0.3650326361114899,6,15,fold_3,fold,3
205,A,0.39786165374388616,1.558875179096117e-4,0.6019824587382046,6,15,fold_3,fold,3
205,C,0.6346419237462634,2.7015862382289763e-4,0.36508791762991233,6,15,fold_3,fold,3
206,A,0.39783812014701164,1.489432842288138e-4,0.6020129365687603,6,15,fold_3,fold,3
206,C,0.6346011396526051,2.5812359072691885e-4,0.3651407367566676,6,15,fold_3,fold,3
207,A,0.39781563641153,1.423070092502613e-4,0.6020420565792204,6,15,fold_3,fold,3
207,C,0.6345621752697022,2.4662210011654147e-4,0.3651912026301813,6,15,fold_3,fold,3
208,A,0.3977941558528386,1.359651501055753e-4,0.6020698789970568,6,15,fold_3,fold,3
208,C,0.6345249496751914,2.3563072566101524e-4,0.3652394195991483,6,15,fold_3,fold,3
209,A,0.3977736338496738,1.299047501206899e-4,0.6020964614002059,6,15,fold_3,fold,3
209,C,0.6344893855216956,2.2512704972878694e-4,0.36528548742857464,6,15,fold_3,fold,3
210,A,0.39775402775396557,1.2411341420429244e-4,0.6021218588318299,6,15,fold_3,fold,3
210,C,0.6344554088809665,2.1508962170691947e-4,0.3653295014973259,6,15,fold_3,fold,3
211,A,0.39773529680453934,1.1857928520771795e-4,0.6021461239102524,6,15,fold_3,fold,3
211,C,0.6344229490946256,2.0549791788526735e-4,0.3653715529874889,6,15,fold_3,fold,3
212,A,0.397717402044513,1.1329102122360452e-4,0.6021693069342641,6,15,fold_3,fold,3
212,C,0.6343919386312675,1.9633230286269073e-4,0.3654117290658714,6,15,fold_3,fold,3
213,A,0.39770030624223923,1.0823777379045336e-4,0.6021914559839711,6,15,fold_3,fold,3
213,C,0.6343623129496456,1.8757399243037403e-4,0.3654501130579237,6,15,fold_3,fold,3
214,A,0.39768397381564546,1.0340916697111476e-4,0.6022126170173835,6,15,fold_3,fold,3
214,C,0.63433401036772,1.7920501788754303e-4,0.3654867846143926,6,15,fold_3,fold,3
215,A,0.3976683707598297,9.87952772739812e-5,0.6022328339628968,6,15,fold_3,fold,3
215,C,0.6343069719372912,1.7120819174498624e-4,0.36552181987096327,6,15,fold_3,fold,3
216,A,0.39765346457777423,9.438661438652905e-5,0.6022521488078401,6,15,fold_3,fold,3
216,C,0.6342811413240392,1.635670747723204e-4,0.36555529160118905,6,15,fold_3,fold,3
217,A,0.39763922421405895,9.017410269167886e-5,0.6022706016832502,6,15,fold_3,fold,3
217,C,0.6342564646927034,1.5626594434540525e-4,0.3655872693629516,6,15,fold_3,fold,3
218,A,0.39762561999143514,8.614906353822593e-5,0.6022882309450281,6,15,fold_3,fold,3
218,C,0.6342328905972201,1.4928976405081143e-4,0.365617819638729,6,15,fold_3,fold,3
219,A,0.39761262355014665,8.230319823738262e-5,0.6023050732516154,6,15,fold_3,fold,3
219,C,0.6342103698756015,1.4262415450483083e-4,0.3656470059698934,6,15,fold_3,fold,3
220,A,0.3976002077898882,7.862857175828322e-5,0.6023211636383524,6,15,fold_3,fold,3
220,C,0.6341888555493537,1.3625536534524438e-4,0.3656748890853008,6,15,fold_3,fold,3
221,A,0.3975883468142751,7.511759709610233e-5,0.6023365355886293,6,15,fold_3,fold,3
221,C,0.6341683027272563,1.3017024835488856e-4,0.3657015270243885,6,15,fold_3,fold,3
222,A,0.3975770158777316,7.176302028724423e-5,0.60235122110198,6,15,fold_3,fold,3
222,C,0.634148668513317,1.2435623167690403e-4,0.36572697525500564,6,15,fold_3,fold,3
223,A,0.39756619133469967,6.855790604684764e-5,0.6023652507592536,6,15,fold_3,fold,3
223,C,0.6341299119187193,1.188012950824438e-4,0.36575128678619806,6,15,fold_3,fold,3
224,A,0.39755585059104115,6.549562400462738e-5,0.6023786537849538,6,15,fold_3,fold,3
224,C,0.6341119937776054,1.1349394625253193e-4,0.36577451227614255,6,15,fold_3,fold,3
225,A,0.3975459720575824,6.256983551585124e-5,0.6023914581069014,6,15,fold_3,fold,3
225,C,0.6340948766665231,1.0842319803672484e-4,0.3657967001354415,6,15,fold_3,fold,3
226,A,0.3975365351056744,5.977448102500079e-5,0.6024036904133016,6,15,fold_3,fold,3
226,C,0.6340785248273895,1.0357854665220978e-4,0.36581789662595793,6,15,fold_3,fold,3
227,A,0.39752752002469693,5.7103767960411184e-5,0.6024153762073428,6,15,fold_3,fold,3
227,C,0.6340629040938227,9.894995078796801e-5,0.3658381459553881,6,15,fold_3,fold,3
228,A,0.3975189079814309,5.455215913890498e-5,0.6024265398594303,6,15,fold_3,fold,3
228,C,0.6340479818206822,9.45278115795958e-5,0.3658574903677371,6,15,fold_3,fold,3
229,A,0.3975106809811992,5.211436166021657e-5,0.6024372046571409,6,15,fold_3,fold,3
229,C,0.6340337268167031,9.030295342153308e-5,0.3658759702298759,6,15,fold_3,fold,3
230,A,0.3975028218307205,4.978531627166349e-5,0.6024473928530085,6,15,fold_3,fold,3
230,C,0.634020109280076,8.626660558435011e-5,0.36589362411434084,6,15,fold_3,fold,3
231,A,0.39749531410258643,4.7560187184063685e-5,0.6024571257102297,6,15,fold_3,fold,3
231,C,0.6340071007368584,8.241038460545228e-5,0.3659104888785365,6,15,fold_3,fold,3
232,A,0.3974881421013054,4.5434352320847416e-5,0.6024664235463744,6,15,fold_3,fold,3
232,C,0.6339946739820848,7.872627742316727e-5,0.36592659974049224,6,15,fold_3,fold,3
233,A,0.3974812908308321,4.340339398279501e-5,0.6024753057751855,6,15,fold_3,fold,3
233,C,0.6339828030234635,7.520662522479534e-5,0.3659419903513108,6,15,fold_3,fold,3
234,A,0.3974747459635318,4.146308991149319e-5,0.6024837909465565,6,15,fold_3,fold,3
234,C,0.6339714630275549,7.184410798021145e-5,0.3659566928644656,6,15,fold_3,fold,3
235,A,0.3974684938105057,3.9609404735215537e-5,0.6024918967847589,6,15,fold_3,fold,3
235,C,0.6339606302683076,6.863172963356384e-5,0.36597073800205987,6,15,fold_3,fold,3
236,A,0.39746252129322773,3.7838481781550065e-5,0.6024996402249917,6,15,fold_3,fold,3
236,C,0.633950282077877,6.556280392660269e-5,0.3659841551181985,6,15,fold_3,fold,3
237,A,0.39745681591642623,3.614663524168634e-5,0.6025070374483324,6,15,fold_3,fold,3
237,C,0.6339403967995942,6.263094082809488e-5,0.3659969722595774,6,15,fold_3,fold,3
238,A,0.39745136574217066,3.453034267184207e-5,0.6025141039151581,6,15,fold_3,fold,3
238,C,0.6339309537430311,5.9830033544693487e-5,0.3660092162234239,6,15,fold_3,fold,3
239,A,0.39744615936509103,3.298623781785343e-5,0.6025208543970917,6,15,fold_3,fold,3
239,C,0.6339219331410221,5.7154246089489514e-5,0.3660209126128895,6,15,fold_3,fold,3
240,A,0.39744118588870125,3.151110374949235e-5,0.6025273030075489,6,15,fold_3,fold,3
240,C,0.6339133161086042,5.45980013853578e-5,0.36603208589001063,6,15,fold_3,fold,3
241,A,0.3974364349027642,3.010186629159161e-5,0.602533463230945,6,15,fold_3,fold,3
241,C,0.6339050846037693,5.2155969881046614e-5,0.3660427594263499,6,15,fold_3,fold,3
242,A,0.3974318964616553,2.8755587739558907e-5,0.6025393479506047,6,15,fold_3,fold,3
242,C,0.6338972213899422,4.98230586587916e-5,0.36605295555139866,6,15,fold_3,fold,3
243,A,0.39742756106369115,2.7469460847349605e-5,0.6025449694754608,6,15,fold_3,fold,3
243,C,0.6338897100001317,4.759440101302905e-5,0.36606269559885685,6,15,fold_3,fold,3
244,A,0.3974234196313647,2.624080307643389e-5,0.6025503395655596,6,15,fold_3,fold,3
244,C,0.633882534702651,4.5465346480559934e-5,0.36607199995086787,6,15,fold_3,fold,3
245,A,0.3974194634924578,2.506705109474931e-5,0.6025554694564473,6,15,fold_3,fold,3
245,C,0.6338756804683849,4.3431451303273355e-5,0.36608088808031236,6,15,fold_3,fold,3
246,A,0.3974156843619975,2.3945755515066174e-5,0.6025603698824878,6,15,fold_3,fold,3
246,C,0.6338691329394721,4.1488469305262756e-5,0.36608937859122237,6,15,fold_3,fold,3
247,A,0.39741207432499953,2.2874575862615885e-5,0.6025650510991394,6,15,fold_3,fold,3
247,C,0.6338628783994076,3.963234316688597e-5,0.36609748925742497,6,15,fold_3,fold,3
248,A,0.3974086258199859,2.185127576223773e-5,0.6025695229042514,6,15,fold_3,fold,3
248,C,0.6338569037444515,3.785919607899096e-5,0.36610523705947,6,15,fold_3,fold,3
249,A,0.3974053316232362,2.087371833570483e-5,0.6025737946584275,6,15,fold_3,fold,3
249,C,0.6338511964563119,3.61653237612234e-5,0.3661126382199274,6,15,fold_3,fold,3
250,A,0.3974021848337254,1.993986180026031e-5,0.6025778753044742,6,15,fold_3,fold,3
250,C,0.6338457445760443,3.454718682895226e-5,0.3661197082371261,6,15,fold_3,fold,3
251,A,0.3973991788587412,1.9047755259737016e-5,0.6025817733859988,6,15,fold_3,fold,3
251,C,0.6338405366791098,3.300140349391905e-5,0.3661264619173964,6,15,fold_3,fold,3
252,A,0.3973963074001378,1.8195534680033102e-5,0.6025854970651815,6,15,fold_3,fold,3
252,C,0.6338355618515286,3.1524742584419104e-5,0.3661329134058863,6,15,fold_3,fold,3
253,A,0.39739356444119905,1.7381419041024846e-5,0.6025890541397604,6,15,fold_3,fold,3
253,C,0.6338308096671158,3.0114116871335882e-5,0.36613907621601305,6,15,fold_3,fold,3
254,A,0.3973909442340819,1.6603706657329325e-5,0.6025924520592608,6,15,fold_3,fold,3
254,C,0.6338262701657057,2.8766576686910304e-5,0.36614496325760654,6,15,fold_3,fold,3
255,A,0.39738844128782663,1.586077166064184e-5,0.6025956979405138,6,15,fold_3,fold,3
255,C,0.6338219338323654,2.747930382366615e-5,0.3661505868638111,6,15,fold_3,fold,3
256,A,0.3973860503568913,1.5151060636677106e-5,0.6025987985824721,6,15,fold_3,fold,3
256,C,0.6338177915775137,2.6249605701431382e-5,0.3661559588167855,6,15,fold_3,fold,3
257,A,0.3973837664302036,1.4473089410034962e-5,0.6026017604803864,6,15,fold_3,fold,3
257,C,0.6338138347179414,2.5074909790899214e-5,0.36616109037226835,6,15,fold_3,fold,3
258,A,0.39738158472069235,1.3825439970588686e-5,0.6026045898393366,6,15,fold_3,fold,3
258,C,0.633810054958665,2.395275828264484e-5,0.3661659922830521,6,15,fold_3,fold,3
259,A,0.3973795006552923,1.3206757535263214e-5,0.6026072925871726,6,15,fold_3,fold,3
259,C,0.6338064443755963,2.2880802990977328e-5,0.36617067482141313,6,15,fold_3,fold,3
260,A,0.39737750986538795,1.2615747739326916e-5,0.6026098743868724,6,15,fold_3,fold,3
260,C,0.6338029953989743,2.1856800482446884e-5,0.36617514780054466,6,15,fold_3,fold,3
261,A,0.3973756081776862,1.2051173951569281e-05,0.6026123406483616,6,15,fold_3,fold,3
261,C,0.633799700797544,2.0878607419256287e-5,0.3661794205950369,6,15,fold_3,fold,3
262,A,0.39737379160549613,1.1511854707974496e-5,0.6026146965397965,6,15,fold_3,fold,3
262,C,0.6337965536634388,1.9944176108235607e-5,0.36618350216045353,6,15,fold_3,fold,3
263,A,0.3973720563403907,1.099666125872855e-5,0.6026169469983517,6,15,fold_3,fold,3
263,C,0.6337935473977298,1.905155024643119e-5,0.3661874010520242,6,15,fold_3,fold,3
264,A,0.3973703987442503,1.0504515223618182e-5,0.6026190967405258,6,15,fold_3,fold,3
264,C,0.633790675696626,1.8198860854740483e-5,0.3661911254425184,6,15,fold_3,fold,3
265,A,0.3973688153416538,1.0034386351088452e-5,0.6026211502719956,6,15,fold_3,fold,3
265,C,0.633787932538291,1.7384322391385274e-5,0.3661946831393171,6,15,fold_3,fold,3
266,A,0.39736730281260857,9.58529037642881e-6,0.6026231118970155,6,15,fold_3,fold,3
266,C,0.6337853121702379,1.660622903736614e-5,0.3661980816007255,6,15,fold_3,fold,3
267,A,0.39736585798560825,9.15628697475075e-6,0.6026249857274174,6,15,fold_3,fold,3
267,C,0.6337828090972969,1.5862951146375618e-5,0.3662013279515581,6,15,fold_3,fold,3
268,A,0.3973644778309982,8.746477804605086e-6,0.6026267756911968,6,15,fold_3,fold,3
268,C,0.6337804180701115,1.5152931851967417e-5,0.3662044289980356,6,15,fold_3,fold,3
269,A,0.3973631594546361,8.35500463826737e-6,0.6026284855407253,6,15,fold_3,fold,3
269,C,0.6337781340741615,1.447468382509186e-5,0.36620739124201207,6,15,fold_3,fold,3
270,A,0.397361900091837,7.981047574889236e-6,0.6026301188605893,6,15,fold_3,fold,3
270,C,0.633775952319254,1.382678617539975e-5,0.36621022089457056,6,15,fold_3,fold,3
271,A,0.39736069710158567,7.623823332873046e-6,0.6026316790750824,6,15,fold_3,fold,3
271,C,0.6337738682295009,1.3207881489993494e-5,0.36621292388900895,6,15,fold_3,fold,3
272,A,0.3973595479610117,7.282583617992465e-6,0.6026331694553702,6,15,fold_3,fold,3
272,C,0.6337718774337401,1.26166730035917e-5,0.366215505893257,6,15,fold_3,fold,3
273,A,0.39735845026010763,6.95661356392625e-6,0.6026345931263279,6,15,fold_3,fold,3
273,C,0.6337699757563786,1.205192189432488e-5,0.36621797232172676,6,15,fold_3,fold,3
274,A,0.397357401696683,6.645230242018451e-6,0.6026359530730752,6,15,fold_3,fold,3
274,C,0.6337681592086526,1.1512444699629953e-5,0.36622032834664653,6,15,fold_3,fold,3
275,A,0.3973564000715455,6.347781237215191e-6,0.6026372521472166,6,15,fold_3,fold,3
275,C,0.6337664239802714,1.0997110846951204e-5,0.36622257890888077,6,15,fold_3,fold,3
276,A,0.39735544328389477,6.0636432872614484e-6,0.6026384930728179,6,15,fold_3,fold,3
276,C,0.6337647664314364,1.0504840294185316e-5,0.36622472872826994,6,15,fold_3,fold,3
277,A,0.39735452932692433,5.792220982367767e-6,0.6026396784520929,6,15,fold_3,fold,3
277,C,0.6337631830852147,1.0034601275028792e-5,0.3662267823135105,6,15,fold_3,fold,3
278,A,0.3973536562836185,5.532945522678344e-6,0.6026408107708591,6,15,fold_3,fold,3
278,C,0.6337616706202611,9.585408144595675e-6,0.36622874397159316,6,15,fold_3,fold,3
279,A,0.3973528223227375,5.285273530987834e-6,0.6026418924037312,6,15,fold_3,fold,3
279,C,0.6337602258638579,9.156319320875463e-6,0.3662306178168201,6,15,fold_3,fold,3
280,A,0.39735202569498174,5.04868591826573e-6,0.6026429256191008,6,15,fold_3,fold,3
280,C,0.6337588457852631,8.746435317793852e-6,0.36623240777941823,6,15,fold_3,fold,3
281,A,0.39735126472932597,4.822686799653559e-6,0.6026439125838748,6,15,fold_3,fold,3
281,C,0.6337575274893642,8.354896865824564e-6,0.36623411761377017,6,15,fold_3,fold,3
282,A,0.39735053782952096,4.6068024587024596e-6,0.6026448553680209,6,15,fold_3,fold,3
282,C,0.6337562682106112,7.980883116277282e-6,0.36623575090627375,6,15,fold_3,fold,3
283,A,0.3973498434707477,4.400580357715974e-6,0.6026457559488946,6,15,fold_3,fold,3
283,C,0.6337550653072155,7.623609925556341e-6,0.36623731108285773,6,15,fold_3,fold,3
284,A,0.397349180196423,4.203588192156818e-6,0.6026466162153846,6,15,fold_3,fold,3
284,C,0.6337539162556289,7.282328215847235e-6,0.36623880141615583,6,15,fold_3,fold,3
285,A,0.3973485466151473,4.015412987165502e-6,0.602647437971866,6,15,fold_3,fold,3
285,C,0.633752818645231,6.956322408842958e-6,0.36624022503235887,6,15,fold_3,fold,3
286,A,0.3973479413977878,3.835660234324438e-6,0.6026482229419784,6,15,fold_3,fold,3
286,C,0.6337517701732992,6.644908929271586e-6,0.36624158491776976,6,15,fold_3,fold,3
287,A,0.3973473632746955,3.663953066883247e-6,0.6026489727722374,6,15,fold_3,fold,3
287,C,0.6337507686401687,6.347434775127964e-6,0.3662428839250565,6,15,fold_3,fold,3
288,A,0.3973468110330424,3.499931471739037e-6,0.6026496890354872,6,15,fold_3,fold,3
288,C,0.6337498119446213,6.063276151649003e-6,0.36624412477922663,6,15,fold_3,fold,3
289,A,0.39734628351427903,3.343251536540951e-6,0.6026503732341846,6,15,fold_3,fold,3
289,C,0.6337488980794905,5.791837166202967e-6,0.3662453100833443,6,15,fold_3,fold,3
290,A,0.39734577961170897,3.193584730359935e-6,0.6026510268035609,6,15,fold_3,fold,3
290,C,0.6337480251274408,5.532548581386577e-6,0.36624644232397724,6,15,fold_3,fold,3
291,A,0.39734529826816584,3.050617216432389e-6,0.6026516511146178,6,15,fold_3,fold,3
291,C,0.6337471912569602,5.284866623742926e-6,0.3662475238764156,6,15,fold_3,fold,3
292,A,0.3973448384737992,2.914049195553702e-6,0.6026522474770054,6,15,fold_3,fold,3
292,C,0.6337463947185109,5.048271845628647e-6,0.3662485570096427,6,15,fold_3,fold,3
293,A,0.3973443992639569,2.783594278759417e-6,0.6026528171417647,6,15,fold_3,fold,3
293,C,0.633745633840867,4.822268037867434e-6,0.36624954389109454,6,15,fold_3,fold,3
294,A,0.39734397971716157,2.658978887992246e-6,0.6026533613039499,6,15,fold_3,fold,3
294,C,0.6337449070276058,4.606381190930576e-6,0.3662504865912035,6,15,fold_3,fold,3
295,A,0.3973435789531823,2.539941683510361e-6,0.6026538811051335,6,15,fold_3,fold,3
295,C,0.6337442127537629,4.400158502485499e-6,0.3662513870877349,6,15,fold_3,fold,3
296,A,0.39734319613118607,2.426233016847678e-6,0.6026543776357975,6,15,fold_3,fold,3
296,C,0.6337435495626337,4.203167429248914e-6,0.3662522472699378,6,15,fold_3,fold,3
297,A,0.3973428304479736,2.317614408189248e-6,0.6026548519376179,6,15,fold_3,fold,3
297,C,0.6337429160627197,4.014994781172196e-6,0.36625306894249826,6,15,fold_3,fold,3
298,A,0.3973424811362991,2.213858047075344e-6,0.6026553050056531,6,15,fold_3,fold,3
298,C,0.6337423109248115,3.835245856074288e-6,0.3662538538293325,6,15,fold_3,fold,3
299,A,0.39734214746326024,2.114746315395629e-6,0.6026557377904247,6,15,fold_3,fold,3
299,C,0.6337417328791952,3.663543612920426e-6,0.36625460357719225,6,15,fold_3,fold,3
300,A,0.3973418287287579,2.020071331681086e-6,0.6026561511999107,6,15,fold_3,fold,3
300,C,0.6337411807129962,3.4995278820252965e-6,0.36625531975912196,6,15,fold_3,fold,3
301,A,0.3973415242640324,1.9296345157451223e-6,0.6026565461014523,6,15,fold_3,fold,3
301,C,0.633740653267633,3.342854610535113e-6,0.36625600387775664,6,15,fold_3,fold,3
302,A,0.3973412334302592,1.8432461727673962e-6,0.6026569233235677,6,15,fold_3,fold,3
302,C,0.6337401494363871,3.1931951416163743e-6,0.36625665736847,6,15,fold_3,fold,3
303,A,0.3973409556172106,1.7607250959541072e-6,0.6026572836576933,6,15,fold_3,fold,3
303,C,0.6337396681620829,3.0502355258487986e-6,0.3662572816023913,6,15,fold_3,fold,3
304,A,0.3973406902419725,1.681898186946883e-6,0.6026576278598406,6,15,fold_3,fold,3
304,C,0.6337392084348671,2.9136758633864185e-6,0.3662578778892695,6,15,fold_3,fold,3
305,A,0.39734043674772496,1.60660009318918e-6,0.6026579566521814,6,15,fold_3,fold,3
305,C,0.63373876929009465,2.7832296755149334e-6,0.3662584474802296,6,15,fold_3,fold,3
306,A,0.39734019460257586,1.5346728614941622e-6,0.6026582707245626,6,15,fold_3,fold,3
306,C,0.633738349806304,2.658623304293992e-6,0.3662589915703927,6,15,fold_3,fold,3
307,A,0.39733996329843957,1.4659656070916516e-6,0.6026585707359535,6,15,fold_3,fold,3
307,C,0.6337379491032803,2.539595339031581e-6,0.36625951130137974,6,15,fold_3,fold,3
308,A,0.39733974234997677,1.4003341974638253e-6,0.6026588573158262,6,15,fold_3,fold,3
308,C,0.6337375663402199,2.4258960683934176e-6,0.36626000776371165,6,15,fold_3,fold,3
309,A,0.3973395312935744,1.3376409503099923e-6,0.6026591310654752,6,15,fold_3,fold,3
309,C,0.6337372007139511,2.3172869570032474e-6,0.36626048199909134,6,15,fold_3,fold,3
310,A,0.39733932968637264,1.2777543450101919e-6,0.6026593925592824,6,15,fold_3,fold,3
310,C,0.633736851457263,2.2135401454412143e-6,0.3662609350025912,6,15,fold_3,fold,3
311,A,0.3973391371053373,1.2205487469851273e-6,0.6026596423459156,6,15,fold_3,fold,3
311,C,0.63373651783729,2.1144379725955215e-6,0.36626136772473794,6,15,fold_3,fold,3
312,A,0.3973389531463712,1.1659041443770998e-6,0.6026598809494843,6,15,fold_3,fold,3
312,C,0.6337361991539702,2.0197725193696995e-6,0.36626178107350876,6,15,fold_3,fold,3
313,A,0.3973387774234681,1.1137058965019634e-6,0.6026601088706356,6,15,fold_3,fold,3
313,C,0.6337358947385897,1.929345172791993e-6,0.36626217591623605,6,15,fold_3,fold,3
314,A,0.3973386095679015,1.0638444935466838e-6,0.6026603265876049,6,15,fold_3,fold,3
314,C,0.6337356039523675,1.8429662096156599e-6,0.3662625530814234,6,15,fold_3,fold,3
315,A,0.397338449227451,1.0162153270104366e-6,0.6026605345572219,6,15,fold_3,fold,3
315,C,0.6337353261851155,1.7604543985398125e-6,0.366262913360485,6,15,fold_3,fold,3
316,A,0.3973382960656645,9.707184704095501e-7,0.6026607332158652,6,15,fold_3,fold,3
316,C,0.6337350608539711,1.6816366202190717e-6,0.36626325750940847,6,15,fold_3,fold,3
317,A,0.3973381497611535,9.272584697879935e-7,0.6026609229803777,6,15,fold_3,fold,3
317,C,0.6337348074021596,1.6063475042673682e-6,0.3662635862503363,6,15,fold_3,fold,3
318,A,0.397338010006915,8.857441435954535e-7,0.6026611042489417,6,15,fold_3,fold,3
318,C,0.6337345652978343,1.5344290824967837e-6,0.36626390027308325,6,15,fold_3,fold,3
319,A,0.39733787650969044,8.460883915146459e-7,0.6026612774019168,6,15,fold_3,fold,3
319,C,0.6337343340329576,1.465730457665952e-6,0.36626420023658435,6,15,fold_3,fold,3
320,A,0.39733774898935276,8.082080118380876e-7,0.6026614428026356,6,15,fold_3,fold,3
320,C,0.6337341131222394,1.400107487045085e-6,0.36626448677027373,6,15,fold_3,fold,3
321,A,0.3973376271783112,7.720235270123703e-7,0.6026616007981621,6,15,fold_3,fold,3
321,C,0.6337339021021101,1.337422480135452e-6,0.36626476047540873,6,15,fold_3,fold,3
322,A,0.39733751082095736,7.374590169850804e-7,0.6026617517200253,6,15,fold_3,fold,3
322,C,0.6337337005297615,1.277543909910773e-6,0.3662650219263288,6,15,fold_3,fold,3
323,A,0.39733739967312526,7.044419600056814e-7,0.6026618958849136,6,15,fold_3,fold,3
323,C,0.6337335079822015,1.2203461369761166e-6,0.3662652716716611,6,15,fold_3,fold,3
324,A,0.3973372935015821,6.729030805472947e-7,0.6026620335953367,6,15,fold_3,fold,3
324,C,0.6337333240553815,1.1657091460669826e-6,0.36626551023547216,6,15,fold_3,fold,3
325,A,0.39733719208353213,6.427762040311422e-7,0.6026621651402632,6,15,fold_3,fold,3
325,C,0.6337331483633387,1.113518294336874e-6,0.366265738118367,6,15,fold_3,fold,3
326,A,0.3973370952061593,6.139981180496265e-7,0.6026622907957229,6,15,fold_3,fold,3
326,C,0.6337329805373896,1.0636640709063877e-6,0.36626595579853716,6,15,fold_3,fold,3
327,A,0.3973370026661711,5.86508439797565e-7,0.6026624108253895,6,15,fold_3,fold,3
327,C,0.6337328202253615,1.0160418671703557e-6,0.36626616373277004,6,15,fold_3,fold,3
328,A,0.3973369142693783,5.602494894340937e-7,0.6026625254811333,6,15,fold_3,fold,3
328,C,0.6337326670908435,9.705517573819893e-7,0.3662663623573994,6,15,fold_3,fold,3
329,A,0.39733682983028434,5.351661691101068e-7,0.602662635003547,6,15,fold_3,fold,3
329,C,0.6337325208124851,9.270982890545675e-7,0.36626655208922565,6,15,fold_3,fold,3
330,A,0.3973367491716987,5.112058474079629e-7,0.6026627396224541,6,15,fold_3,fold,3
330,C,0.6337323810833273,8.855902827416373e-7,0.3662667333263897,6,15,fold_3,fold,3
331,A,0.3973366721243629,4.883182489514637e-7,0.6026628395573872,6,15,fold_3,fold,3
331,C,0.6337322476101517,8.459406407762845e-7,0.3662669064492081,6,15,fold_3,fold,3
332,A,0.3973365985265968,4.664553489549465e-7,0.602662935018054,6,15,fold_3,fold,3
332,C,0.6337321201128664,8.080661645688995e-7,0.36626707182096974,6,15,fold_3,fold,3
333,A,0.3973365282239564,4.455712724906341e-7,0.6026630262047711,6,15,fold_3,fold,3
333,C,0.6337319983239208,7.718873800806073e-7,0.36626722978870013,6,15,fold_3,fold,3
334,A,0.39733646106891607,4.256221982632717e-7,0.6026631133088862,6,15,fold_3,fold,3
334,C,0.6337318819877417,7.37328371106735e-7,0.36626738068388787,6,15,fold_3,fold,3
335,A,0.3973363969205504,4.0656626669046846e-7,0.6026631965131817,6,15,fold_3,fold,3
335,C,0.6337317708601997,7.043166200209691e-7,0.3662675248231812,6,15,fold_3,fold,3
336,A,0.39733633564424814,3.88363492096202e-7,0.6026632759922601,6,15,fold_3,fold,3
336,C,0.6337316647080937,6.727828556464974e-7,0.36626766250905124,6,15,fold_3,fold,3
337,A,0.3973362771114207,3.7097567883351165e-7,0.6026633519129011,6,15,fold_3,fold,3
337,C,0.6337315633086645,6.42660907935339e-7,0.36626779403042786,6,15,fold_3,fold,3
338,A,0.39733622119923817,3.543663411606724e-7,0.6026634244344208,6,15,fold_3,fold,3
338,C,0.6337314664491253,6.138875691512877e-7,0.3662679196633053,6,15,fold_3,fold,3
339,A,0.39733616779037034,3.3850062670293085e-7,0.6026634937090035,6,15,fold_3,fold,3
339,C,0.6337313739262158,5.864024612655466e-7,0.3662680396713218,6,15,fold_3,fold,3
340,A,0.39733611677273867,3.2334524333944993e-7,0.6026635598820196,6,15,fold_3,fold,3
340,C,0.6337312855457787,5.601479092871138e-7,0.3662681543063127,6,15,fold_3,fold,3
341,A,0.3973360680392824,3.088683893622284e-7,0.602663623092328,6,15,fold_3,fold,3
341,C,0.6337312011223444,5.350688202623911e-7,0.3662682638088369,6,15,fold_3,fold,3
342,A,0.3973360214877362,2.9503968676064183e-7,0.6026636834725766,6,15,fold_3,fold,3
342,C,0.6337311204787485,5.111125676903941e-7,0.3662683684086837,6,15,fold_3,fold,3
343,A,0.3973359770204115,2.8183011749176486e-7,0.6026637411494709,6,15,fold_3,fold,3
343,C,0.6337310434457629,4.882288811112552e-7,0.36626846832535526,6,15,fold_3,fold,3
344,A,0.3973359345439928,2.6921196260291475e-7,0.6026637962440439,6,15,fold_3,fold,3
344,C,0.6337309698617315,4.6636974063653496e-7,0.36626856376852607,6,15,fold_3,fold,3
345,A,0.39733589396934416,2.571587440788072e-7,0.6026638488719115,6,15,fold_3,fold,3
345,C,0.6337308995722389,4.4548927620025105e-7,0.3662686549384852,6,15,fold_3,fold,3
346,A,0.397335855211319,2.4564516929142203e-7,0.6026638991435126,6,15,fold_3,fold,3
346,C,0.6337308324297787,4.25543671319366e-7,0.3662687420265499,6,15,fold_3,fold,3
347,A,0.39733581818858266,2.3464707793613445e-7,0.6026639471643384,6,15,fold_3,fold,3
347,C,0.6337307682934528,4.0649107116197377e-7,0.3662688252154772,6,15,fold_3,fold,3
348,A,0.39733578282344484,2.2414139134287132e-7,0.6026639930351644,6,15,fold_3,fold,3
348,C,0.6337307070286685,3.8829149473040504e-7,0.36626890467983736,6,15,fold_3,fold,3
349,A,0.3973357490416885,2.1410606405601621e-7,0.602664036852247,6,15,fold_3,fold,3
349,C,0.6337306485068621,3.709067509751299e-7,0.36626898058638735,6,15,fold_3,fold,3
350,A,0.3973357167724238,2.045200375815612e-7,0.602664078707537,6,15,fold_3,fold,3
350,C,0.633730592605223,3.543003586635377e-7,0.36626905309441854,6,15,fold_3,fold,3
351,A,0.3973356859479342,1.9536319620451655e-7,0.6026641186888702,6,15,fold_3,fold,3
351,C,0.6337305392064408,3.384374698355665e-7,0.3662691223560888,6,15,fold_3,fold,3
352,A,0.39733565650353186,1.8661632478393963e-7,0.6026641568801425,6,15,fold_3,fold,3
352,C,0.6337304881984581,3.232847966856651e-7,0.36626918851674567,6,15,fold_3,fold,3
353,A,0.39733562837742925,1.7826106843710295e-7,0.6026641933615025,6,15,fold_3,fold,3
353,C,0.633730439474232,3.0881054171774377e-7,0.36626925171522795,6,15,fold_3,fold,3
354,A,0.39733560151060093,1.7027989402823963e-7,0.6026642282095048,6,15,fold_3,fold,3
354,C,0.6337303929315109,2.949843310266401e-7,0.36626931208415753,6,15,fold_3,fold,3
355,A,0.3973355758466678,1.6265605338113116e-7,0.6026642614972777,6,15,fold_3,fold,3
355,C,0.6337303484726274,2.8177715056617234e-7,0.366269369750221,6,15,fold_3,fold,3
356,A,0.3973355513317739,1.553735481383796e-7,0.6026642932946773,6,15,fold_3,fold,3
356,C,0.6337303060042815,2.6916128527010463e-7,0.36626942483443153,6,15,fold_3,fold,3
357,A,0.39733552791447324,1.484170961936745e-7,0.6026643236684308,6,15,fold_3,fold,3
357,C,0.6337302654373544,2.571102608983522e-7,0.3662694774523848,6,15,fold_3,fold,3
358,A,0.397335505545624,1.4177209962666152e-7,0.6026643526822762,6,15,fold_3,fold,3
358,C,0.6337302266867113,2.45598788486443e-7,0.36626952771450016,6,15,fold_3,fold,3
359,A,0.39733548417828496,1.3542461407315777e-7,0.6026643803971002,6,15,fold_3,fold,3
359,C,0.6337301896710347,2.3460271128172492e-7,0.3662695757262536,6,15,fold_3,fold,3
360,A,0.397335463767616,1.2936131946648207e-7,0.6026644068710654,6,15,fold_3,fold,3
360,C,0.6337301543126451,2.2409895405501113e-7,0.36626962158839993,6,15,fold_3,fold,3
361,A,0.39733544427078427,1.235694920885283e-7,0.6026644321597237,6,15,fold_3,fold,3
361,C,0.6337301205373439,2.1406547468134709e-7,0.3662696653971824,6,15,fold_3,fold,3
362,A,0.39733542564687596,1.1803697787196757e-7,0.602664456316146,6,15,fold_3,fold,3
362,C,0.63373008827425,2.0448121788832584e-7,0.36626970724453306,6,15,fold_3,fold,3
363,A,0.3973354078568072,1.1275216689757835e-7,0.602664479391025,6,15,fold_3,fold,3
363,C,0.6337300574556569,1.9532607107494093e-7,0.3662697472182708,6,15,fold_3,fold,3
364,A,0.39733539086324654,1.077039690331942e-7,0.602664501432784,6,15,fold_3,fold,3
364,C,0.6337300280168947,1.8658082210825585e-7,0.3662697854022831,6,15,fold_3,fold,3
365,A,0.39733537463053054,1.0288179050864487e-7,0.6026645224876783,6,15,fold_3,fold,3
365,C,0.6337299998961811,1.7822711874166282e-7,0.36626982187669954,6,15,fold_3,fold,3
