t,subpop,S_indiv,I_indiv,R_indiv,REGION6,parset,parset_name,sens_type,sens_value
0,A,0.9990000000000001,9.999999999999998e-4,0,1,19,seed_3,seed,3
0,C,0.9990000000000002,0.0010000000000000002,0,1,19,seed_3,seed,3
1,A,0.9984733441994086,0.0012976519572500715,2.2900384334071893e-4,1,19,seed_3,seed,3
1,C,0.9986504217717703,0.0011361513302797822,2.13426897950222e-4,1,19,seed_3,seed,3
2,A,0.9978452861128155,0.0016331083011999232,5.216055859846797e-4,1,19,seed_3,seed,3
2,C,0.9982613555956231,0.0012834302400937497,4.552141642829999e-4,1,19,seed_3,seed,3
3,A,0.9971208253804883,0.001995136230867314,8.840383886446192e-4,1,19,seed_3,seed,3
3,C,0.9978307666284895,0.0014416850306535397,7.275483408576265e-4,1,19,seed_3,seed,3
4,A,0.9962945509171225,0.00238392376040045,0.0013215253224781501,1,19,seed_3,seed,3
4,C,0.9973553788207764,0.001611893514583168,0.0010327276646410757,1,19,seed_3,seed,3
5,A,0.9953534338907168,0.002806478165059616,0.0018400879442236327,1,19,seed_3,seed,3
5,C,0.9968309350156432,0.0017957541426990196,0.0013733108416597675,1,19,seed_3,seed,3
6,A,0.9942805593951628,0.003272055889695693,0.002447384715142147,1,19,seed_3,seed,3
6,C,0.9962524429379217,0.001995333301969867,0.0017522237601081789,1,19,seed_3,seed,3
7,A,0.9930570233783109,0.003790111052207151,0.003152865569482017,1,19,seed_3,seed,3
7,C,0.9956143252383388,0.002212877006074673,0.0021727977555884193,1,19,seed_3,seed,3
8,A,0.9916620627828322,0.004369937406372716,0.003967999810795363,1,19,seed_3,seed,3
8,C,0.9949103277633677,0.002450791850745392,0.0026388803858866405,1,19,seed_3,seed,3
9,A,0.9900735930888548,0.005020436329446767,0.004905970581697812,1,19,seed_3,seed,3
9,C,0.9941336626200183,0.0027115643206972132,0.0031547730592843192,1,19,seed_3,seed,3
10,A,0.9882677808755586,0.005750488783654415,0.005981730340786726,1,19,seed_3,seed,3
10,C,0.9932769217753489,0.002997794250682545,0.0037252839739682153,1,19,seed_3,seed,3
11,A,0.9862175007484943,0.006569608327294533,0.007212890924211953,1,19,seed_3,seed,3
11,C,0.9923316246219486,0.0033123469305046858,0.004356028447547415,1,19,seed_3,seed,3
12,A,0.9838954657493288,0.007486955220788802,0.008617579029882637,1,19,seed_3,seed,3
12,C,0.991289210691682,0.0036580299149709594,0.005052759393348059,1,19,seed_3,seed,3
13,A,0.9812731483288621,0.008511760628076424,0.010215091043061543,1,19,seed_3,seed,3
13,C,0.990140692230443,0.00403772056917308,0.005821587200383759,1,19,seed_3,seed,3
14,A,0.978315124163012,0.00965514248902021,0.01202973334796711,1,19,seed_3,seed,3
14,C,0.9888748502838589,0.004454944973817899,0.006670204742321417,1,19,seed_3,seed,3
15,A,0.9749867373277932,0.010927442534497105,0.014085820137710163,1,19,seed_3,seed,3
15,C,0.9874805829618784,0.004913098901138194,0.00760631813698286,1,19,seed_3,seed,3
16,A,0.9712482839042201,0.012339995852794479,0.01641172024298618,1,19,seed_3,seed,3
16,C,0.9859449803417148,0.005416057363410116,0.008638962294876883,1,19,seed_3,seed,3
17,A,0.9670621058785323,0.013902985562718014,0.01903490855874946,1,19,seed_3,seed,3
17,C,0.9842555511679313,0.005967493604146157,0.009776955227922435,1,19,seed_3,seed,3
18,A,0.9623867559069605,0.01562697248767002,0.02198627160536925,1,19,seed_3,seed,3
18,C,0.9823982251608034,0.006571464327733995,0.011030310511461012,1,19,seed_3,seed,3
19,A,0.9571798866059444,0.017521854022566535,0.025298259371489693,1,19,seed_3,seed,3
19,C,0.9803581549290387,0.00723214442046925,0.01240970065049339,1,19,seed_3,seed,3
20,A,0.9513955993530621,0.019597221056758887,0.029007179590179323,1,19,seed_3,seed,3
20,C,0.9781185767555756,0.007954123771789254,0.013927299472637336,1,19,seed_3,seed,3
21,A,0.9449894769507388,0.021860862661766605,0.03314966038749507,1,19,seed_3,seed,3
21,C,0.975662312429289,0.008741947946155279,0.01559573962455656,1,19,seed_3,seed,3
22,A,0.93791670952187145,0.0243189716939471,0.03776431878418185,1,19,seed_3,seed,3
22,C,0.9729709122672284,0.009600329833733016,0.017428757899038284,1,19,seed_3,seed,3
23,A,0.9301341644427934,0.026975392436379825,0.042890443120826495,1,19,seed_3,seed,3
23,C,0.9700251092324585,0.010533986235942363,0.01944090453159845,1,19,seed_3,seed,3
24,A,0.9216014159070262,0.029830758240120905,0.04856782585285314,1,19,seed_3,seed,3
24,C,0.9668046882981507,0.011547590829987025,0.021647720871862952,1,19,seed_3,seed,3
25,A,0.9122814982657727,0.03288192774623416,0.05483657398799318,1,19,seed_3,seed,3
25,C,0.9632883229394086,0.012645754956459454,0.024065922104131998,1,19,seed_3,seed,3
26,A,0.9021435691961585,0.03612144558671558,0.061734985217125816,1,19,seed_3,seed,3
26,C,0.9594544192409119,0.013832768787130162,0.02671281197195761,1,19,seed_3,seed,3
27,A,0.891165139931361,0.0395377256024725,0.06929713446616703,1,19,seed_3,seed,3
27,C,0.9552823336965369,0.015112304619747585,0.029605361683716233,1,19,seed_3,seed,3
28,A,0.8793276828640035,0.04311259826636657,0.07755971886963066,1,19,seed_3,seed,3
28,C,0.9507480643317863,0.01648815155675231,0.03276378411146103,1,19,seed_3,seed,3
29,A,0.8666265119523536,0.04682225210548746,0.08655123594215795,1,19,seed_3,seed,3
29,C,0.9458297725640107,0.01796295979593531,0.036207267640053394,1,19,seed_3,seed,3
30,A,0.8530682706436978,0.05063558272909708,0.09629614662720443,1,19,seed_3,seed,3
30,C,0.9405049546489557,0.01953863162700563,0.03995641372404008,1,19,seed_3,seed,3
31,A,0.8386716193526323,0.05451736531928752,0.10681101532808004,1,19,seed_3,seed,3
31,C,0.9347531958617868,0.021215912920126295,0.04403089121808708,1,19,seed_3,seed,3
32,A,0.8234667661551106,0.05842840227338522,0.11810483157150342,1,19,seed_3,seed,3
32,C,0.9285559810431424,0.022994331276536596,0.04844968768032185,1,19,seed_3,seed,3
33,A,0.8075012676931902,0.06231844765427632,0.13018028465253303,1,19,seed_3,seed,3
33,C,0.9218932757429034,0.024872015733044574,0.05323470852405254,1,19,seed_3,seed,3
34,A,0.7908357327620559,0.06613686006914334,0.1430274071688007,1,19,seed_3,seed,3
34,C,0.9147499371371363,0.026845145080949123,0.05840491778191501,1,19,seed_3,seed,3
35,A,0.7735444928919193,0.06982920229858075,0.1566263048094998,1,19,seed_3,seed,3
35,C,0.9071130773646151,0.028907985060836656,0.06397893757454863,1,19,seed_3,seed,3
36,A,0.7557133470955009,0.07334055832572398,0.17094609457877555,1,19,seed_3,seed,3
36,C,0.8989735874361334,0.031052661741630343,0.06997375082223581,1,19,seed_3,seed,3
37,A,0.737437079973129,0.07661666544075735,0.18594625458611355,1,19,seed_3,seed,3
37,C,0.8903260350664681,0.033269258888732806,0.07640470604480147,1,19,seed_3,seed,3
38,A,0.7188226289556573,0.07960397585289204,0.20157339519145095,1,19,seed_3,seed,3
38,C,0.8811697043920659,0.03554500974953277,0.08328528585840186,1,19,seed_3,seed,3
39,A,0.6999812507468989,0.08225463090886394,0.21776411834423628,1,19,seed_3,seed,3
39,C,0.871509525831548,0.03786470358380844,0.09062577058464273,1,19,seed_3,seed,3
40,A,0.6810211441960087,0.0845290824626125,0.23444977334137923,1,19,seed_3,seed,3
40,C,0.861355556459513,0.04021157870525917,0.09843286483522726,1,19,seed_3,seed,3
41,A,0.6620600801061568,0.08639106240157314,0.2515488574922698,1,19,seed_3,seed,3
41,C,0.8507240599825062,0.04256533800416385,0.10671060201333113,1,19,seed_3,seed,3
42,A,0.6432064945789696,0.08781650683260395,0.2689769985884261,1,19,seed_3,seed,3
42,C,0.8396376591476962,0.044904349547219995,0.11545799130508418,1,19,seed_3,seed,3
43,A,0.6245638912913368,0.08879042393124681,0.2866456847774163,1,19,seed_3,seed,3
43,C,0.8281250710529724,0.0472052214718327,0.12466970747519485,1,19,seed_3,seed,3
44,A,0.6062300328760867,0.08930692747232562,0.3044630396515857,1,19,seed_3,seed,3
44,C,0.8162213084827847,0.04944296255978732,0.13433572895742713,1,19,seed_3,seed,3
45,A,0.5882915721891127,0.0893703978582939,0.3223380299525943,1,19,seed_3,seed,3
45,C,0.8039670770759118,0.051592048618414994,0.14444087430567318,1,19,seed_3,seed,3
46,A,0.5708238056837892,0.08899421359279613,0.34018198072341466,1,19,seed_3,seed,3
46,C,0.791408191642688,0.053626947968335094,0.15496486038897678,1,19,seed_3,seed,3
47,A,0.5538915629670692,0.0881996626962927,0.3579087743366372,1,19,seed_3,seed,3
47,C,0.7785953606622983,0.055522381943781056,0.16588225739392023,1,19,seed_3,seed,3
48,A,0.5375487423847276,0.08701465255297888,0.37543660506229326,1,19,seed_3,seed,3
48,C,0.7655832387714341,0.05725404685254647,0.1771627143760197,1,19,seed_3,seed,3
49,A,0.5218363991742099,0.08547269209858756,0.3926909087272029,1,19,seed_3,seed,3
49,C,0.7524288866412214,0.05879979231816011,0.18877132104061786,1,19,seed_3,seed,3
50,A,0.5067847470529465,0.08361171566833625,0.4096035372787172,1,19,seed_3,seed,3
50,C,0.7391919825152384,0.0601397500890275,0.20066826739573387,1,19,seed_3,seed,3
51,A,0.4924128063827149,0.08146998392607759,0.4261172096912076,1,19,seed_3,seed,3
51,C,0.725929616177929,0.06125802248855762,0.21281236133351267,1,19,seed_3,seed,3
52,A,0.47873268682287307,0.07909007375627641,0.4421772394208499,1,19,seed_3,seed,3
52,C,0.7127032119899648,0.062140612779272936,0.22515617523076245,1,19,seed_3,seed,3
53,A,0.4657470099066752,0.07651252693569892,0.4577404631576264,1,19,seed_3,seed,3
53,C,0.6995696155832517,0.06277820562775317,0.237652178788996,1,19,seed_3,seed,3
54,A,0.45345099381903625,0.07377731095547753,0.4727716952254865,1,19,seed_3,seed,3
54,C,0.6865836891647885,0.06316566074061784,0.25025065009459313,1,19,seed_3,seed,3
55,A,0.4418343291501482,0.07092197811056476,0.4872436927392873,1,19,seed_3,seed,3
55,C,0.6737962124275239,0.06330188671410472,0.2629019008583706,1,19,seed_3,seed,3
56,A,0.430881817057222,0.06798261220001958,0.501135570742758,1,19,seed_3,seed,3
56,C,0.6612551754611783,0.0631895949102814,0.2755552296285393,1,19,seed_3,seed,3
57,A,0.42057453197375544,0.0649918300167973,0.5144336380094475,1,19,seed_3,seed,3
57,C,0.6490031687647625,0.06283521771196376,0.2881616135232734,1,19,seed_3,seed,3
58,A,0.41089030337132165,0.061978848879486195,0.5271308477491926,1,19,seed_3,seed,3
58,C,0.6370773584834977,0.06224891500252558,0.3006737265139783,1,19,seed_3,seed,3
59,A,0.40180493789286226,0.05896955815154276,0.5392255039555954,1,19,seed_3,seed,3
59,C,0.6255095864522795,0.061443754340773246,0.31304665920694474,1,19,seed_3,seed,3
60,A,0.39329268456171407,0.05598665326680489,0.5507206621714815,1,19,seed_3,seed,3
60,C,0.6143264502775287,0.06043535127477468,0.3252381984476965,1,19,seed_3,seed,3
61,A,0.38532659680475834,0.05304987328472586,0.5616235299105157,1,19,seed_3,seed,3
61,C,0.603549593283621,0.059241426976755336,0.33720897973962405,1,19,seed_3,seed,3
62,A,0.3778795849515607,0.050175450175041957,0.5719449648733975,1,19,seed_3,seed,3
62,C,0.5931950360076058,0.05788102787449852,0.34892393611789657,1,19,seed_3,seed,3
63,A,0.3709243189174609,0.047376822048503235,0.5816988590340353,1,19,seed_3,seed,3
63,C,0.5832740171366818,0.05637428719940496,0.3603516956639126,1,19,seed_3,seed,3
64,A,0.36443384355247843,0.044664637447204,0.5909015190003176,1,19,seed_3,seed,3
64,C,0.5737930610092785,0.05474172680969577,0.37146521218102646,1,19,seed_3,seed,3
65,A,0.3583818991574194,0.0420471257616936,0.5995709750808865,1,19,seed_3,seed,3
65,C,0.5647546390193713,0.053003705099729154,0.3822416558809,1,19,seed_3,seed,3
66,A,0.35274224826567396,0.03953068805387153,0.60772706368045315,1,19,seed_3,seed,3
66,C,0.5561577986089511,0.051180686265308466,0.3926615151257401,1,19,seed_3,seed,3
67,A,0.34749016607254046,0.03711948746483355,0.6153903464626265,1,19,seed_3,seed,3
67,C,0.5479980651145587,0.049291885634572534,0.4027100492508683,1,19,seed_3,seed,3
68,A,0.34260172028863445,0.03481609169794097,0.6225821880134247,1,19,seed_3,seed,3
68,C,0.5402682007336779,0.04735563042624896,0.41237616884007333,1,19,seed_3,seed,3
69,A,0.338053888654444,0.0326218715894707,0.6293242397560853,1,19,seed_3,seed,3
69,C,0.5329589884558147,0.045389139330728426,0.421651872213457,1,19,seed_3,seed,3
70,A,0.3338247451405222,0.03053692370929406,0.6356383311501836,1,19,seed_3,seed,3
70,C,0.5260591612531873,0.0434082354754643,0.43053260327134785,1,19,seed_3,seed,3
71,A,0.3298933711003187,0.028560385398564578,0.6415462435011167,1,19,seed_3,seed,3
71,C,0.519555964361466,0.04142739371582799,0.43901664192270495,1,19,seed_3,seed,3
72,A,0.32623993579372484,0.026690541696267178,0.6470695225100069,1,19,seed_3,seed,3
72,C,0.5134353865791359,0.03945958305339008,0.4471050303674746,1,19,seed_3,seed,3
73,A,0.3228458500694863,0.024924840267550104,0.652229309662964,1,19,seed_3,seed,3
73,C,0.5076822392129088,0.0375160177423851,0.45480174304470505,1,19,seed_3,seed,3
74,A,0.31969369811042186,0.023260159754694074,0.6570461421348849,1,19,seed_3,seed,3
74,C,0.5022806797027194,0.03560626901181951,0.4621130512854615,1,19,seed_3,seed,3
75,A,0.31676701519115746,0.021693110133507915,0.6615398746753336,1,19,seed_3,seed,3
75,C,0.49721473747896344,0.03373858345337497,0.46904667906766245,1,19,seed_3,seed,3
76,A,0.31405026814078046,0.020220074026359794,0.6657296578328592,1,19,seed_3,seed,3
76,C,0.49246840488848853,0.03191993843318465,0.4756116566783261,1,19,seed_3,seed,3
77,A,0.3115288787168294,0.018837211592852884,0.6696339096903182,1,19,seed_3,seed,3
77,C,0.48802566710296796,0.03015604582650045,0.4818182870705304,1,19,seed_3,seed,3
78,A,0.30918921015731676,0.01754051736905535,0.6732702724736268,1,19,seed_3,seed,3
78,C,0.48387061792747904,0.028451411754403435,0.4876779703181178,1,19,seed_3,seed,3
79,A,0.30701851936172964,0.016325903558953758,0.6766555770793161,1,19,seed_3,seed,3
79,C,0.4799876149367015,0.02680944816368661,0.49320293689961414,1,19,seed_3,seed,3
80,A,0.30500490062861696,0.015189269678427722,0.6798058296929553,1,19,seed_3,seed,3
80,C,0.47636140416827066,0.025232598245424193,0.49840599758630416,1,19,seed_3,seed,3
81,A,0.3031372354613019,0.0141265480894802,0.6827362164492183,1,19,seed_3,seed,3
81,C,0.4729771976251176,0.023722452617288795,0.5033003497575936,1,19,seed_3,seed,3
82,A,0.30140514906705934,0.01313373455689352,0.6854611163760479,1,19,seed_3,seed,3
82,C,0.4698207213637049,0.022279853183203552,0.5078994254530929,1,19,seed_3,seed,3
83,A,0.2997989694757362,0.012206913038889378,0.6879941174853744,1,19,seed_3,seed,3
83,C,0.4668782512868806,0.020904989241512215,0.5122167594716053,1,19,seed_3,seed,3
84,A,0.2983096867821277,0.011342277353543123,0.6903480358643287,1,19,seed_3,seed,3
84,C,0.46413664137947286,0.019597488829574822,0.5162658697909516,1,19,seed_3,seed,3
85,A,0.29692891256503856,0.01053614873882043,0.6925349386961418,1,19,seed_3,seed,3
85,C,0.4615833427207596,0.018356504992082374,0.5200601522871575,1,19,seed_3,seed,3
86,A,0.2956488405845533,0.009784988478729375,0.6945661709367172,1,19,seed_3,seed,3
86,C,0.45920641232524845,0.017180795376766707,0.523612792297986,1,19,seed_3,seed,3
87,A,0.2944622095198571,0.0090854060670447,0.6964523844130994,1,19,seed_3,seed,3
87,C,0.4569945133741099,0.016068794089044592,0.5269366925368453,1,19,seed_3,seed,3
88,A,0.2933622678362962,0.008434164052622062,0.6982035681110813,1,19,seed_3,seed,3
88,C,0.4549369099954525,0.01501867552885835,0.5300444144756882,1,19,seed_3,seed,3
89,A,0.29234274025705553,0.007828180435222263,0.6998290793077221,1,19,seed_3,seed,3
89,C,0.4530234530212471,0.014028411989705173,0.5329481349890477,1,19,seed_3,seed,3
90,A,0.29139779616895634,0.007264529316523731,0.7013376745145192,1,19,seed_3,seed,3
90,C,0.45124456746054264,0.013095823065133516,0.5356596094743232,1,19,seed_3,seed,3
91,A,0.2905220196910228,0.006740439765235498,0.7027375405437413,1,19,seed_3,seed,3
91,C,0.44959123538781487,0.012218619202276801,0.5381901454099084,1,19,seed_3,seed,3
92,A,0.2897103815007687,0.006253293223123557,0.7040363252761068,1,19,seed_3,seed,3
92,C,0.4480549761356951,0.011394439474816739,0.5405505843894877,1,19,seed_3,seed,3
93,A,0.28895821236254476,0.0058006198156482485,0.7052411678218073,1,19,seed_3,seed,3
93,C,0.446627824683313,0.010620883954613823,0.5427512913620723,1,19,seed_3,seed,3
94,A,0.28826117827797276,0.005380093882755367,0.7063587278392717,1,19,seed_3,seed,3
94,C,0.4453023091441424,0.009895541091348874,0.5448021497645088,1,19,seed_3,seed,3
95,A,0.2876152571873619,0.004989528935381667,0.7073952138772559,1,19,seed_3,seed,3
95,C,0.44407142782218295,0.009216010612465714,0.5467125615653526,1,19,seed_3,seed,3
96,A,0.28701671716150307,0.00462687218055876,0.7083564106579385,1,19,seed_3,seed,3
96,C,0.44292862608924666,0.008579922464583698,0.5484914514461711,1,19,seed_3,seed,3
97,A,0.28646209601590805,0.004290198745969153,0.709247705238122,1,19,seed_3,seed,3
97,C,0.441867773303565,0.007984952270126161,0.5501472744263083,1,19,seed_3,seed,3
98,A,0.2859481822695922,0.003977705729846778,0.7100741120005616,1,19,seed_3,seed,3
98,C,0.4408831399942405,0.0074288337223064604,0.5516880262834521,1,19,seed_3,seed,3
99,A,0.28547199737075674,0.0036877061817996958,0.7108402964474435,1,19,seed_3,seed,3
99,C,0.4399693755095992,0.00690936830506343,0.5531212561853373,1,19,seed_3,seed,3
100,A,0.28503077911795627,0.003418623093352587,0.7115505977886911,1,19,seed_3,seed,3
100,C,0.4391214862791452,0.006424432695148428,0.5544540810257074,1,19,seed_3,seed,3
101,A,0.28462196620914937,0.0031689834572055675,0.7122090503336451,1,19,seed_3,seed,3
101,C,0.43833481479346326,0.005971984173187464,0.5556932010333501,1,19,seed_3,seed,3
102,A,0.28424318385156916,0.0029374124427474836,0.7128194037056824,1,19,seed_3,seed,3
102,C,0.43760501937405494,0.005550064337892611,0.5568449162880531,1,19,seed_3,seed,3
103,A,0.28389223036615246,0.002722627726564995,0.7133851419072824,1,19,seed_3,seed,3
103,C,0.4369280547826635,0.005156801385115511,0.5579151438322193,1,19,seed_3,seed,3
104,A,0.28356706472318416,0.0025234340074152253,0.7139095012694008,1,19,seed_3,seed,3
104,C,0.4363001537019861,0.004790411183109374,0.5589094351149042,1,19,seed_3,seed,3
105,A,0.2832657949704557,0.002338717736105528,0.714395487293439,1,19,seed_3,seed,3
105,C,0.43571780913667824,0.004449197348733228,0.5598329935145878,1,19,seed_3,seed,3
106,A,0.28298666759154745,0.002167442120893022,0.714845890287559,1,19,seed_3,seed,3
106,C,0.4351777578905535,0.004131550524169199,0.5606906915852776,1,19,seed_3,seed,3
107,A,0.28272805820782293,0.0020086426350135298,0.7152632991571646,1,19,seed_3,seed,3
107,C,0.4346769658448388,0.003835947044374945,0.5614870871107862,1,19,seed_3,seed,3
108,A,0.2824884602367988,0.0018614214442024479,0.7156501183189994,1,19,seed_3,seed,3
108,C,0.4342126098510998,0.003560946850832244,0.5622264432980654,1,19,seed_3,seed,3
109,A,0.28226647622879397,0.0017249430200153046,0.7160085807511901,1,19,seed_3,seed,3
109,C,0.43378206343752734,0.003305190986090152,0.5629127455763822,1,19,seed_3,seed,3
110,A,0.2820608114768422,0.0015984308063543753,0.7163407577168027,1,19,seed_3,seed,3
110,C,0.43338288600777186,0.0030673990461687678,0.5635497149460593,1,19,seed_3,seed,3
111,A,0.28187026726734343,0.0014811636530234957,0.7166485690796334,1,19,seed_3,seed,3
111,C,0.4330128114685574,0.0028463663932611037,0.5641408221381823,1,19,seed_3,seed,3
112,A,0.28169373312350315,0.0013724717250470832,0.7169337951514502,1,19,seed_3,seed,3
112,C,0.43266973524094843,0.002640961081225483,0.564689303677827,1,19,seed_3,seed,3
113,A,0.2815301796056086,0.0012717326552831713,0.7171980877391081,1,19,seed_3,seed,3
113,C,0.432351702020907,0.002450120608604841,0.5651981773704869,1,19,seed_3,seed,3
114,A,0.28137865245138577,0.0011783683334365192,0.717442979215177,1,19,seed_3,seed,3
114,C,0.4320568955451839,0.0022728486504236495,0.5656702558043928,1,19,seed_3,seed,3
115,A,0.2812382674973381,0.0010918420679505744,0.717669890434711,1,19,seed_3,seed,3
115,C,0.43178362958022665,0.002108211830759106,0.5661081585890163,1,19,seed_3,seed,3
116,A,0.2811082056984918,0.0010116557921355138,0.7178801385093735,1,19,seed_3,seed,3
116,C,0.4315303391106455,0.0019553365270885636,0.5665143243622666,1,19,seed_3,seed,3
117,A,0.28098770821330865,9.373473017332056e-4,0.718074944484958,1,19,seed_3,seed,3
117,C,0.4312955716536186,0.001813405699684607,0.5668910226466972,1,19,seed_3,seed,3
118,A,0.2808760718589137,8.684876777192052e-4,0.7182554404633665,1,19,seed_3,seed,3
118,C,0.4310779791508668,0.0016816557723669998,0.5672403650767663,1,19,seed_3,seed,3
119,A,0.28077264505282984,8.046789556118242e-4,0.7184226759915572,1,19,seed_3,seed,3
119,C,0.4308763106300956,0.0015593736021893665,0.5675643157677138,1,19,seed_3,seed,3
120,A,0.28067682410780537,7.455519783099237e-4,0.7185776239138842,1,19,seed_3,seed,3
120,C,0.43068940545389445,0.001445893559022043,0.5678647009870837,1,19,seed_3,seed,3
121,A,0.28058804974082535,6.907643650662578e-4,0.7187211858941075,1,19,seed_3,seed,3
121,C,0.4305161869500598,0.001340594716999227,0.568143218332939,1,19,seed_3,seed,3
122,A,0.2805058037843536,6.399985912612163e-4,0.7188541976243846,1,19,seed_3,seed,3
122,C,0.43035565639769363,0.0012428981557937643,0.5684014454465133,1,19,seed_3,seed,3
123,A,0.2804296061447287,5.929602021387188e-4,0.7189774336531334,1,19,seed_3,seed,3
123,C,0.4302068874321828,0.0011522643755689057,0.5686408481922492,1,19,seed_3,seed,3
124,A,0.2803590120127384,5.493761641039208e-4,0.7190916118231578,1,19,seed_3,seed,3
124,C,0.4300690208793613,0.0010681908324671403,0.5688627882881722,1,19,seed_3,seed,3
125,A,0.28029360928710817,5.089933347198471e-4,0.7191973973781717,1,19,seed_3,seed,3
125,C,0.4299412599633859,9.902095977312457e-4,0.5690685304388831,1,19,seed_3,seed,3
126,A,0.2802330161750257,4.7157703349119944e-4,0.7192954067914835,1,19,seed_3,seed,3
126,C,0.42982286583373397,9.178851383136509e-4,0.5692592490279527,1,19,seed_3,seed,3
127,A,0.280176878959164,4.369097077985169e-4,0.7193862113330374,1,19,seed_3,seed,3
127,C,0.4297131533916976,8.508122150508363e-4,0.5694360343932513,1,19,seed_3,seed,3
128,A,0.2801248699305467,4.047896933800136e-4,0.719470340376073,1,19,seed_3,seed,3
128,C,0.42961148741252075,7.886138954655279e-4,0.5695998986920144,1,19,seed_3,seed,3
129,A,0.28007668547843767,3.750300653137464e-4,0.7195482844562489,1,19,seed_3,seed,3
129,C,0.42951727894864034,7.309396796991384e-4,0.5697517813716603,1,19,seed_3,seed,3
130,A,0.28003204432177475,3.4745757100557596e-4,0.7196204981072193,1,19,seed_3,seed,3
130,C,0.4294299819903941,6.774637355814147e-4,0.5698925542740246,1,19,seed_3,seed,3
131,A,0.27999068586801745,3.2191163795802655e-4,0.7196874024940243,1,19,seed_3,seed,3
131,C,0.4293490903608579,6.278832389855955e-4,0.5700230264001567,1,19,seed_3,seed,3
132,A,0.2799523686908339,2.9824345150023386e-4,0.7197493878576655,1,19,seed_3,seed,3
132,C,0.4292741348293402,5.819168147034847e-4,0.5701439483559569,1,19,seed_3,seed,3
133,A,0.27991686912011093,2.7631509875394335e-4,0.7198068157811356,1,19,seed_3,seed,3
133,C,0.4292046804313717,5.393030733377461e-4,0.5702560164952895,1,19,seed_3,seed,3
134,A,0.27988397993658354,2.5599877455524856e-4,0.7198600212888602,1,19,seed_3,seed,3
134,C,0.42914032398191654,4.997992398534726e-4,0.5703598767782296,1,19,seed_3,seed,3
135,A,0.27985350916253693,2.3717604460932762e-4,0.719909314792853,1,19,seed_3,seed,3
135,C,0.4290806917672502,4.6317986937435693e-4,0.5704561283633761,1,19,seed_3,seed,3
136,A,0.27982527894088755,2.1973716154444296e-4,0.7199549838975673,1,19,seed_3,seed,3
136,C,0.4290254374020986,4.292356456759176e-4,0.5705453269522249,1,19,seed_3,seed,3
137,A,0.27979912449638417,2.0358043021561186e-4,0.7199972950733995,1,19,seed_3,seed,3
137,C,0.42897423984054833,3.977722578468979e-4,0.570627987901605,1,19,seed_3,seed,3
138,A,0.2797748931732971,1.8861161898465809e-4,0.7200364952077178,1,19,seed_3,seed,3
138,C,0.428926801530444,3.6860935076448586e-4,0.5707045891187905,1,19,seed_3,seed,3
139,A,0.27975244354405904,1.7474341377689452e-4,0.7200728130421639,1,19,seed_3,seed,3
139,C,0.4288828467012869,3.415795452157823e-4,0.5707755737534965,1,19,seed_3,seed,3
140,A,0.2797316445834455,1.6189491179430758e-4,0.72010646050476,1,19,seed_3,seed,3
140,C,0.42884211977594,3.165275236229619e-4,0.570841352700437,1,19,seed_3,seed,3
141,A,0.2797123749033979,1.4999115198946505e-4,0.7201376339446133,1,19,seed_3,seed,3
141,C,0.4288043838971908,2.9330917743928604e-4,0.5709023069253715,1,19,seed_3,seed,3
142,A,0.2796945220440653,1.389626796798701e-4,0.7201665152762549,1,19,seed_3,seed,3
142,C,0.4287694195610042,2.7179081243606346e-4,0.5709587896265599,1,19,seed_3,seed,3
143,A,0.2796779818170373,1.2874514289353217e-4,0.7201932730400685,1,19,seed_3,seed,3
143,C,0.4287370233489588,2.5184840829054346e-4,0.5710111282427502,1,19,seed_3,seed,3
144,A,0.2796626576969029,1.1927891817707103e-4,0.7202180633849207,1,19,seed_3,seed,3
144,C,0.4287070067527599,2.3336692907031885e-4,0.5710596263181715,1,19,seed_3,seed,3
145,A,0.2796484602575719,1.1050876372664564e-4,0.7202410309787016,1,19,seed_3,seed,3
145,C,0.4286791950841952,2.1623968137452114e-4,0.5711045652344305,1,19,seed_3,seed,3
146,A,0.2796353066500403,1.0238349785267156e-4,0.7202623098521076,1,19,seed_3,seed,3
146,C,0.42865342646437304,2.003677170502016e-4,0.5711462058185767,1,19,seed_3,seed,3
147,A,0.2796231201185646,9.485570094609969e-5,0.7202820241804888,1,19,seed_3,seed,3
147,C,0.4286295508865103,1.856592775672169e-4,0.571184789835922,1,19,seed_3,seed,3
148,A,0.2796118295524468,8.788143924939976e-5,0.7203002890083043,1,19,seed_3,seed,3
148,C,0.4286074293470271,1.7202927729753718e-4,0.5712205413756751,1,19,seed_3,seed,3
149,A,0.2796013690707777,8.142000886596772e-5,0.7203172109203563,1,19,seed_3,seed,3
149,C,0.42858693303995443,1.5939882315004327e-4,0.5712536681368966,1,19,seed_3,seed,3
150,A,0.2795916776377517,7.543369851172025e-5,0.7203328886637361,1,19,seed_3,seed,3
150,C,0.42856794261013004,1.4769476806383324e-4,0.5712843626218059,1,19,seed_3,seed,3
151,A,0.2795826987062648,6.98875696517473e-5,0.7203474137240832,1,19,seed_3,seed,3
151,C,0.4285503474609063,1.3684929610135993e-4,0.5713128032429927,1,19,seed_3,seed,3
152,A,0.27957437988774436,6.474925275671446e-5,0.7203608708594987,1,19,seed_3,seed,3
152,C,0.42853404511239057,1.267995369927504e-4,0.5713391553506171,1,19,seed_3,seed,3
153,A,0.27956667264626023,5.9988758505802576e-5,0.7203733385952328,1,19,seed_3,seed,3
153,C,0.42851894060658013,1.1748720811498138e-4,0.5713635721853044,1,19,seed_3,seed,3
154,A,0.2795595320151475,5.557830284340282e-5,0.7203848896820098,1,19,seed_3,seed,3
154,C,0.4285049459559725,1.0885828201078944e-4,0.5713861957620179,1,19,seed_3,seed,3
155,A,0.2795529163344714,5.149214487520866e-5,0.7203955915206537,1,19,seed_3,seed,3
155,C,0.42849197963249397,1.0086267767721255e-4,0.5714071576898276,1,19,seed_3,seed,3
156,A,0.2795467870078127,4.770643666458116e-5,0.720405506555522,1,19,seed_3,seed,3
156,C,0.42847996609382716,9.345397397244205e-5,0.5714265799322008,1,19,seed_3,seed,3
157,A,0.279541108276943,4.419908405934563e-5,0.7204146926389979,1,19,seed_3,seed,3
157,C,0.4284688353443728,8.658914359776949e-5,0.5714445755120291,1,19,seed_3,seed,3
158,A,0.27953584701307316,4.0949617741896506e-5,0.7204232033691844,1,19,seed_3,seed,3
158,C,0.4284585225283792,8.022830621142627e-5,0.5714612491654089,1,19,seed_3,seed,3
159,A,0.2795309725234678,3.7939073753280234e-5,0.7204310884027793,1,19,seed_3,seed,3
159,C,0.4284489675528405,7.433449932656697e-5,0.5714766979478331,1,19,seed_3,seed,3
160,A,0.27952645637227636,3.514988279631889e-5,0.7204383937449267,1,19,seed_3,seed,3
160,C,0.4284401147380235,6.88734657369872e-5,0.5714910117962376,1,19,seed_3,seed,3
161,A,0.2795222722145528,3.2565767673936834e-5,0.7204451620177736,1,19,seed_3,seed,3
161,C,0.4284319124936021,6.381345630002354e-5,0.571504274050098,1,19,seed_3,seed,3
162,A,0.2795183956424789,3.0171648266109714e-5,0.7204514327092549,1,19,seed_3,seed,3
162,C,0.42842431301851125,5.91250469859057e-5,0.5715165619345016,1,19,seed_3,seed,3
163,A,0.279514804042904,2.795355349230583e-5,0.7204572424036038,1,19,seed_3,seed,3
163,C,0.4284172720228184,5.4780969177328555e-5,0.5715279470080048,1,19,seed_3,seed,3
164,A,0.27951147646536334,2.5898539746507344e-5,0.7204626249948898,1,19,seed_3,seed,3
164,C,0.428410748469963,5.0755952272966886e-5,0.5715384955777645,1,19,seed_3,seed,3
165,A,0.2795083934998016,2.3994615329405313e-5,0.7204676118848697,1,19,seed_3,seed,3
165,C,0.4284047043379174,4.702657771441957e-5,0.5715482690843672,1,19,seed_3,seed,3
166,A,0.27950553716329407,2.223067043726486e-5,0.7204722321662694,1,19,seed_3,seed,3
166,C,0.42839910439785034,4.357114361752878e-5,0.5715573244585322,1,19,seed_3,seed,3
167,A,0.27950289079510016,2.0596412299264178e-5,0.7204765127926013,1,19,seed_3,seed,3
167,C,0.4283939160090259,4.036953924629912e-5,0.5715657144517284,1,19,seed_3,seed,3
168,A,0.27950043895943405,1.908230508487705e-5,0.7204804787354802,1,19,seed_3,seed,3
168,C,0.428389108928753,3.7403128620762716e-5,0.5715734879426237,1,19,seed_3,seed,3
169,A,0.2794981673553882,1.7679514231339925e-5,0.7204841531303808,1,19,seed_3,seed,3
169,C,0.4283846551362873,3.465464260222602e-5,0.5715806902211128,1,19,seed_3,seed,3
170,A,0.27949606273348016,1.6379854865264674e-5,0.7204875574116542,1,19,seed_3,seed,3
170,C,0.42838052866962517,3.210807884103333e-5,0.571587363251533,1,19,seed_3,seed,3
171,A,0.27949411281834174,1.5175744017939438e-5,0.7204907114376399,1,19,seed_3,seed,3
171,C,0.42837670547431766,2.974860902010186e-5,0.5715935459166623,1,19,seed_3,seed,3
172,A,0.27949230623708715,1.4060156355441827e-5,0.7204936336065566,1,19,seed_3,seed,3
172,C,0.42837316326334385,2.7562492866382894e-5,0.5715992742437883,1,19,seed_3,seed,3
173,A,0.27949063245295835,1.3026583165123003e-5,0.7204963409638764,1,19,seed_3,seed,3
173,C,0.428369881387296,2.5536998439886874e-5,0.5716045816142644,1,19,seed_3,seed,3
174,A,0.2794890817038401,1.2068994358881039e-5,0.7204988493018004,1,19,seed_3,seed,3
174,C,0.4283668407140744,2.3660328244605068e-5,0.5716094989576804,1,19,seed_3,seed,3
175,A,0.27948764494530687,1.1181803271310108e-5,0.7205011732514213,1,19,seed_3,seed,3
175,C,0.42836402351743413,2.1921550738516653e-5,0.5716140549318272,1,19,seed_3,seed,3
176,A,0.2794863137978503,1.0359834047195448e-5,0.7205033263681029,1,19,seed_3,seed,3
176,C,0.4283614133736986,2.031053685043525e-5,0.5716182760894515,1,19,seed_3,seed,3
177,A,0.2794850804979918,9.598291427931682e-6,0.7205053212105811,1,19,seed_3,seed,3
177,C,0.4283589950660663,1.881790113964069e-5,0.5716221870327924,1,19,seed_3,seed,3
178,A,0.27948393785298936,8.89273276040413e-6,0.72050716941425,1,19,seed_3,seed,3
178,C,0.4283567544959487,1.7434947260332693e-5,0.5716258105567893,1,19,seed_3,seed,3
179,A,0.2794828791988757,8.239042064829791e-6,0.7205088817590597,1,19,seed_3,seed,3
179,C,0.4283546786008059,1.6153617417271215e-5,0.5716291677817775,1,19,seed_3,seed,3
180,A,0.279481898361578,7.63340601008861e-6,0.7205104682324128,1,19,seed_3,seed,3
180,C,0.42835275527802474,1.49664455216611e-5,0.5716322782764532,1,19,seed_3,seed,3
181,A,0.2794809896209033,7.072291656226745e-6,0.7205119380874403,1,19,seed_3,seed,3
181,C,0.42835097331439737,1.386651377742228e-5,0.5716351601718257,1,19,seed_3,seed,3
182,A,0.2794801476771687,6.552425834135107e-6,0.7205132998969973,1,19,seed_3,seed,3
182,C,0.42834932232075884,1.2847412447519869e-5,0.571637830266794,1,19,seed_3,seed,3
183,A,0.2794793676202825,6.070776041961886e-6,0.7205145616036742,1,19,seed_3,seed,3
183,C,0.42834779267144435,1.1903202568154583e-5,0.5716403041259858,1,19,seed_3,seed,3
184,A,0.2794786449011058,5.624532746675638e-6,0.7205157305661474,1,19,seed_3,seed,3
184,C,0.4283463754481886,1.1028381395454408e-5,0.5716425961704167,1,19,seed_3,seed,3
185,A,0.2794779753049106,5.211092987404493e-6,0.7205168136021022,1,19,seed_3,seed,3
185,C,0.4283450623881352,1.0217850384957866e-5,0.57164471976148,1,19,seed_3,seed,3
186,A,0.2794773549268006,4.82804518478461e-6,0.7205178170280143,1,19,seed_3,seed,3
186,C,0.4283438458356851,9.466885518706448e-6,0.5716466872787963,1,19,seed_3,seed,3
187,A,0.2794767801489288,4.473155067596216e-6,0.7205187466960035,1,19,seed_3,seed,3
187,C,0.4283427186978687,8.771109808232771e-6,0.5716485101923235,1,19,seed_3,seed,3
188,A,0.27947624761939655,4.1443526344870715e-6,0.72051960802796855,1,19,seed_3,seed,3
188,C,0.4283416744029997,8.12646781421652e-6,0.5716501991291874,1,19,seed_3,seed,3
189,A,0.2794757542327027,3.839720074667069e-6,0.720520406047223,1,19,seed_3,seed,3
189,C,0.4283407068623694,7.5292020352832196e-6,0.5716517639355969,1,19,seed_3,seed,3
190,A,0.2794752971116278,3.5574805769793303e-6,0.7205211454077949,1,19,seed_3,seed,3
190,C,0.4283398104347535,6.975831028952492e-6,0.5716532137342176,1,19,seed_3,seed,3
191,A,0.27947487359045475,3.2959879620209895e-6,0.7205218304215837,1,19,seed_3,seed,3
191,C,0.428338979893528,6.463129137951244e-6,0.5716545569773355,1,19,seed_3,seed,3
192,A,0.2794744811994169,3.053717076770486e-6,0.7205224650835061,1,19,seed_3,seed,3
192,C,0.42833821039619696,5.98810770429517e-6,0.5716558014960996,1,19,seed_3,seed,3
193,A,0.27947411765029784,2.8292548956313404e-6,0.7205230530948071,1,19,seed_3,seed,3
193,C,0.4283374974561679,5.547997662122311e-6,0.5716569545461718,1,19,seed_3,seed,3
194,A,0.2794737808230802,2.621292275923471e-6,0.7205235978846434,1,19,seed_3,seed,3
194,C,0.42833683691659064,5.140233408211787e-6,0.5716580228500008,1,19,seed_3,seed,3
195,A,0.27947346875358553,2.428616319679925e-6,0.7205241026300945,1,19,seed_3,seed,3
195,C,0.42833622492613144,4.762437856518685e-6,0.571659012636012,1,19,seed_3,seed,3
196,A,0.27947317962201496,2.250103297152475e-6,0.7205245702746881,1,19,seed_3,seed,3
196,C,0.428335657916511,4.412408589917081e-6,0.5716599296748994,1,19,seed_3,seed,3
197,A,0.27947291174233757,2.084712090710833e-6,0.7205250035455719,1,19,seed_3,seed,3
197,C,0.4283351325817083,4.088105028693111e-6,0.5716607793132633,1,19,seed_3,seed,3
198,A,0.27947266355245565,1.931478120858327e-6,0.7205254049694233,1,19,seed_3,seed,3
198,C,0.42833464585868447,3.787636541212176e-6,0.5716615665047738,1,19,seed_3,seed,3
199,A,0.27947243360509666,1.7895077189021538e-6,0.720525776887185,1,19,seed_3,seed,3
199,C,0.4283341949095262,3.509251427641104e-6,0.5716622958390466,1,19,seed_3,seed,3
200,A,0.2794722205593697,1.6579729134258913e-6,0.7205261214677169,1,19,seed_3,seed,3
200,C,0.42833377710489645,3.2513267126698722e-6,0.5716629715683911,1,19,seed_3,seed,3
201,A,0.2794720231729479,1.5361066001294648e-6,0.720526440720452,1,19,seed_3,seed,3
201,C,0.4283333900087096,3.012358687870964e-6,0.5716635976326031,1,19,seed_3,seed,3
202,A,0.2794718402948212,1.4231980668408212e-6,0.720526736507113,1,19,seed_3,seed,3
202,C,0.428333031363927,2.7909541486833736e-6,0.5716641776819233,1,19,seed_3,seed,3
203,A,0.2794716708585843,1.3185888475776433e-6,0.720527010552569,1,19,seed_3,seed,3
203,C,0.4283326990793979,2.585822275038969e-6,0.5716647150983267,1,19,seed_3,seed,3
204,A,0.2794715138762191,1.2216688814588803e-6,0.7205272644548997,1,19,seed_3,seed,3
204,C,0.4283323912176664,2.395767108385203e-6,0.571665213015225,1,19,seed_3,seed,3
205,A,0.2794713684323306,1.1318729540462699e-6,0.7205274996947142,1,19,seed_3,seed,3
205,C,0.42833210598367516,2.2196805813224107e-6,0.5716656743357428,1,19,seed_3,seed,3
206,A,0.2794712336788098,1.0486774003453141e-6,0.7205277176437901,1,19,seed_3,seed,3
206,C,0.42833184171430266,2.0565360592846558e-6,0.5716661017496383,1,19,seed_3,seed,3
207,A,0.27947110882988746,9.715970502230962e-7,0.7205279195730618,1,19,seed_3,seed,3
207,C,0.42833159686866284,1.9053823566684165e-6,0.571666497748981,1,19,seed_3,seed,3
208,A,0.2794709931575507,9.00182398415489e-7,0.7205281066600521,1,19,seed_3,seed,3
208,C,0.4283313700191233,1.765338192570239e-6,0.5716668646426848,1,19,seed_3,seed,3
209,A,0.27947088598729836,8.340169826092396e-7,0.7205282799957196,1,19,seed_3,seed,3
209,C,0.4283311598429807,1.6355870538551263e-6,0.5716672045699662,1,19,seed_3,seed,3
210,A,0.279470786694209,7.727149542956699e-7,0.7205284405908365,1,19,seed_3,seed,3
210,C,0.4283309651147475,1.5153724356352368e-6,0.5716675195128158,1,19,seed_3,seed,3
211,A,0.27947069469929386,7.159188282215872e-7,0.7205285893818785,1,19,seed_3,seed,3
211,C,0.4283307846990113,1.403993431444114e-6,0.5716678113075581,1,19,seed_3,seed,3
212,A,0.2794706094661215,6.632973973045161e-7,0.7205287272364803,1,19,seed_3,seed,3
212,C,0.42833061754380686,1.3008006474226097e-6,0.5716680816555448,1,19,seed_3,seed,3
213,A,0.27947053049769177,6.145438008453141e-7,0.7205288549585068,1,19,seed_3,seed,3
213,C,0.42833046267449293,1.2051924167174462e-6,0.5716683321330902,1,19,seed_3,seed,3
214,A,0.27947045733353404,5.693737347656927e-7,0.7205289732927316,1,19,seed_3,seed,3
214,C,0.42833031918805925,1.1166112920395417e-6,0.5716685642006486,1,19,seed_3,seed,3
215,A,0.2794703895470232,5.275237934274833e-7,0.720529082929184,1,19,seed_3,seed,3
215,C,0.4283301862478674,1.0345407959487384e-6,0.5716687792113371,1,19,seed_3,seed,3
216,A,0.27947032674289357,4.887499333586037e-7,0.7205291845071731,1,19,seed_3,seed,3
216,C,0.42833006307877125,9.58502409932291e-7,0.5716689784188184,1,19,seed_3,seed,3
217,A,0.27947026855493157,4.5282604992225373e-7,0.7205292786190188,1,19,seed_3,seed,3
217,C,0.4283299489625981,8.880527847345464e-7,0.5716691629846165,1,19,seed_3,seed,3
218,A,0.2794702146438418,4.195426586249757e-7,0.7205293658134997,1,19,seed_3,seed,3
218,C,0.42832984323396,8.227811556831599e-7,0.5716693339848837,1,19,seed_3,seed,3
219,A,0.2794701646952679,3.887056733698934e-7,0.7205294465990577,1,19,seed_3,seed,3
219,C,0.42832974527637463,7.623069479508021e-7,0.571669492416677,1,19,seed_3,seed,3
220,A,0.27947011841795943,3.601352745272372e-7,0.7205295214467653,1,19,seed_3,seed,3
220,C,0.4283296545186711,7.062775577974082e-7,0.5716696392037726,1,19,seed_3,seed,3
221,A,0.2794700755420733,3.33664860218467e-7,0.7205295907930653,1,19,seed_3,seed,3
221,C,0.4283295704316584,6.543662968631317e-7,0.5716697752020449,1,19,seed_3,seed,3
222,A,0.2794700358176,3.0914007469590663e-7,0.7205296550423258,1,19,seed_3,seed,3
222,C,0.42832949252504204,6.062704875317964e-7,0.5716699012044705,1,19,seed_3,seed,3
223,A,0.2794699990129072,2.864179081496826e-7,0.720529714569185,1,19,seed_3,seed,3
223,C,0.4283294203445632,5.617096982645294e-7,0.5716700179457388,1,19,seed_3,seed,3
224,A,0.27946996491338694,2.6536586269056883e-7,0.7205297697207494,1,19,seed_3,seed,3
224,C,0.42832935346935197,5.204241086187359e-7,0.5716701261065396,1,19,seed_3,seed,3
225,A,0.2794699333202073,2.458611796434636e-7,0.7205298208186124,1,19,seed_3,seed,3
225,C,0.42832929150947036,4.821729944230045e-7,0.571670226317535,1,19,seed_3,seed,3
226,A,0.27946990404914823,2.2779012364399822e-7,0.7205298681607288,1,19,seed_3,seed,3
226,C,0.428329234103643,4.4673332427867566e-7,0.5716703191630325,1,19,seed_3,seed,3
227,A,0.2794698769295318,2.1104731936219647e-7,0.7205299120231483,1,19,seed_3,seed,3
227,C,0.4283291809171482,4.138984592073998e-7,0.5716704051843939,1,19,seed_3,seed,3
228,A,0.27946985180322453,1.9553513698415421e-7,0.7205299526616382,1,19,seed_3,seed,3
228,C,0.42832913163986264,3.8347694786503047e-7,0.5716704848831916,1,19,seed_3,seed,3
229,A,0.2794698285237167,1.8116312286728242e-7,0.7205299903131598,1,19,seed_3,seed,3
229,C,0.4283290859844599,3.5529141029923745e-7,0.5716705587241299,1,19,seed_3,seed,3
230,A,0.2794698069552667,1.6784747204799394e-7,0.7205300251972606,1,19,seed_3,seed,3
230,C,0.4283290436847322,3.2917750374378517e-7,0.5716706271377642,1,19,seed_3,seed,3
231,A,0.27946978697211045,1.5551053952509954e-7,0.7205300575173497,1,19,seed_3,seed,3
231,C,0.4283290044940381,3.0498296442092146e-7,0.5716706905229979,1,19,seed_3,seed,3
232,A,0.2794697684577271,1.4408038746833199e-7,0.720530087461885,1,19,seed_3,seed,3
232,C,0.42832896818386285,2.825667197661621e-7,0.5716707492494179,1,19,seed_3,seed,3
233,A,0.279469751304161,1.3349036571099523e-7,0.7205301152054727,1,19,seed_3,seed,3
233,C,0.4283289345424885,2.6179806590016907e-7,0.5716708036594457,1,19,seed_3,seed,3
234,A,0.27946973541139064,1.2367872307988705e-7,0.7205301409098864,1,19,seed_3,seed,3
234,C,0.42832890337375734,2.4255590555264865e-7,0.5716708540703369,1,19,seed_3,seed,3
235,A,0.279469720686747,1.1458824729555096e-7,0.720530164725006,1,19,seed_3,seed,3
235,C,0.4283288744959311,2.2472804199559262e-7,0.571670900776026,1,19,seed_3,seed,3
236,A,0.2794697070443718,1.0616593134259236e-7,0.7205301867896979,1,19,seed_3,seed,3
236,C,0.42832884774062774,2.0821052486964751e-7,0.5716709440488472,1,19,seed_3,seed,3
237,A,0.27946969440471614,9.836266380813072e-8,0.7205302072326195,1,19,seed_3,seed,3
237,C,0.42832882295184044,1.929070429995352e-7,0.5716709841411171,1,19,seed_3,seed,3
238,A,0.2794696826940826,9.113294523338847e-8,0.7205302261729719,1,19,seed_3,seed,3
238,C,0.42832879998503415,1.787283682097275e-7,0.571671021286599,1,19,seed_3,seed,3
239,A,0.27946967184417626,8.443461200894834e-8,0.7205302437212122,1,19,seed_3,seed,3
239,C,0.4283287787062723,1.655918139263667e-7,0.5716710557019159,1,19,seed_3,seed,3
240,A,0.2794696617917126,7.822859394477709e-8,0.7205302599796932,1,19,seed_3,seed,3
240,C,0.42832875899144135,1.5342075980601464e-7,0.5716710875877989,1,19,seed_3,seed,3
241,A,0.27946965247808214,7.247870673874909e-8,0.7205302750432117,1,19,seed_3,seed,3
241,C,0.42832874072559896,1.4214424478989127e-7,0.5716711171301553,1,19,seed_3,seed,3
242,A,0.2794696438489462,6.715140377520696e-8,0.72053028899965,1,19,seed_3,seed,3
242,C,0.428328723802181,1.3169648040192916e-7,0.5716711445013392,1,19,seed_3,seed,3
243,A,0.27946963585419216,6.22157463982586e-8,0.7205303019300612,1,19,seed_3,seed,3
243,C,0.4283287081229034,1.220167924816725e-7,0.5716711698603036,1,19,seed_3,seed,3
244,A,0.2794696284472701,5.764299623737543e-8,0.7205303139097335,1,19,seed_3,seed,3
244,C,0.42832869359647513,1.130488217407789e-7,0.5716711933547016,1,19,seed_3,seed,3
245,A,0.27946962158511235,5.340656462885031e-8,0.7205303250083228,1,19,seed_3,seed,3
245,C,0.42832868013843506,1.0474042458679596e-7,0.5716712151211389,1,19,seed_3,seed,3
246,A,0.2794696152248777,4.948000213689219e-8,0.7205303352951211,1,19,seed_3,seed,3
246,C,0.4283286676647593,9.703973036519716e-8,0.5716712352955096,1,19,seed_3,seed,3
247,A,0.2794696093354955,4.5844127687460795e-8,0.7205303448203765,1,19,seed_3,seed,3
247,C,0.4283286561145184,8.990912249733147e-8,0.5716712539763604,1,19,seed_3,seed,3
248,A,0.27946960387113473,4.247064572068785e-8,0.7205303536582194,1,19,seed_3,seed,3
248,C,0.42832864539782434,8.329310962693718e-8,0.5716712713090661,1,19,seed_3,seed,3
249,A,0.27946959870125904,3.927896823169938e-8,0.7205303620197719,1,19,seed_3,seed,3
249,C,0.42832863525867226,7.703364556723866e-8,0.5716712877076818,1,19,seed_3,seed,3
250,A,0.2794695941885944,3.64930280209581e-8,0.720530369318379,1,19,seed_3,seed,3
250,C,0.4283286264084374,7.156990077257582e-8,0.5716713020216635,1,19,seed_3,seed,3
251,A,0.27946958999599797,3.390468665798838e-8,0.7205303760993156,1,19,seed_3,seed,3
251,C,0.42832861818591983,6.649368136839181e-8,0.5716713153203984,1,19,seed_3,seed,3
252,A,0.2794695861007699,3.14999289739476e-8,0.7205303823993012,1,19,seed_3,seed,3
252,C,0.4283286105465991,6.177750149481439e-8,0.5716713276758978,1,19,seed_3,seed,3
253,A,0.2794695824818182,2.9265733860761554e-8,0.7205303882524478,1,19,seed_3,seed,3
253,C,0.4283286034491113,5.739582475192582e-8,0.5716713391550633,1,19,seed_3,seed,3
254,A,0.2794695791195474,2.719000376789844e-8,0.7205303936904486,1,19,seed_3,seed,3
254,C,0.4283285968550251,5.3324925948773716e-8,0.5716713498200485,1,19,seed_3,seed,3
255,A,0.2794695759957525,2.526149919602351e-8,0.7205303987427486,1,19,seed_3,seed,3
255,C,0.42832859072863605,4.954276264087828e-8,0.5716713597286011,1,19,seed_3,seed,3
256,A,0.2794695730935179,2.346977783696402e-8,0.7205304034367036,1,19,seed_3,seed,3
256,C,0.4283285850367722,4.602885577907804e-8,0.5716713689343731,1,19,seed_3,seed,3
257,A,0.2794695703971302,2.1805138030419597e-8,0.7205304077977319,1,19,seed_3,seed,3
257,C,0.4283285797486123,4.276417882348537e-8,0.5716713774872078,1,19,seed_3,seed,3
258,A,0.27946956789198873,2.0258566231228378e-8,0.7205304118494437,1,19,seed_3,seed,3
258,C,0.4283285748355252,3.9731054722162765e-8,0.5716713854334197,1,19,seed_3,seed,3
259,A,0.2794695655645293,1.8821688202720076e-8,0.7205304156137821,1,19,seed_3,seed,3
259,C,0.4283285702709084,3.69130601967053e-8,0.5716713928160314,1,19,seed_3,seed,3
260,A,0.27946956340214896,1.748672367186344e-8,0.7205304191111283,1,19,seed_3,seed,3
260,C,0.4283285660300449,3.429493681648611e-8,0.5716713996750191,1,19,seed_3,seed,3
261,A,0.27946956139313983,1.624644420066376e-8,0.7205304223604164,1,19,seed_3,seed,3
261,C,0.4283285620899712,3.186250838007152e-8,0.5716714060475208,1,19,seed_3,seed,3
262,A,0.27946955952662283,1.509413404568218e-8,0.7205304253792432,1,19,seed_3,seed,3
262,C,0.42832855842935524,2.9602604156465028e-8,0.5716714119680422,1,19,seed_3,seed,3
263,A,0.27946955779249216,1.4023553793730373e-8,0.7205304281839531,1,19,seed_3,seed,3
263,C,0.4283285550283731,2.7502987570567e-8,0.571671417468638,1,19,seed_3,seed,3
264,A,0.27946955618135827,1.302890657682808e-8,0.7205304307897347,1,19,seed_3,seed,3
264,C,0.42832855186861313,2.5552289946714106e-8,0.5716714225790964,1,19,seed_3,seed,3
265,A,0.27946955468449675,1.2104806683477576e-8,0.7205304332106953,1,19,seed_3,seed,3
265,C,0.4283285489329646,2.3739948951548944e-8,0.5716714273270874,1,19,seed_3,seed,3
266,A,0.27946955329380324,1.124625039628661e-8,0.7205304354599469,1,19,seed_3,seed,3
266,C,0.4283285462055315,2.20561514029148e-8,0.5716714317383177,1,19,seed_3,seed,3
267,A,0.27946955200174683,1.0448588898026237e-8,0.7205304375496636,1,19,seed_3,seed,3
267,C,0.4283285436715471,2.0491780135111528e-8,0.5716714358366736,1,19,seed_3,seed,3
268,A,0.27946955080133185,9.707503099412006e-9,0.7205304394911645,1,19,seed_3,seed,3
268,C,0.42832854131729,1.903836463280905e-8,0.5716714396443465,1,19,seed_3,seed,3
269,A,0.27946954968605914,9.018980252302251e-9,0.7205304412949611,1,19,seed_3,seed,3
269,C,0.4283285391300123,1.7688035166323724e-8,0.5716714431819531,1,19,seed_3,seed,3
270,A,0.2794695486498888,8.379292221283305e-9,0.7205304429708195,1,19,seed_3,seed,3
270,C,0.4283285370978702,1.6433480181599506e-8,0.571671446468648,1,19,seed_3,seed,3
271,A,0.2794695476872104,7.784975296891138e-9,0.7205304445278149,1,19,seed_3,seed,3
271,C,0.4283285352098633,1.5267906710422135e-8,0.5716714495222306,1,19,seed_3,seed,3
272,A,0.27946954679281183,7.232811442847959e-9,0.7205304459743758,1,19,seed_3,seed,3
272,C,0.4283285334557658,1.4185003579121111e-8,0.5716714523592308,1,19,seed_3,seed,3
273,A,0.27946954596185025,6.719810867774702e-9,0.7205304473183393,1,19,seed_3,seed,3
273,C,0.428328531826081,1.3178907250080294e-8,0.5716714549950127,1,19,seed_3,seed,3
274,A,0.27946954518982625,6.243195837691409e-9,0.7205304485669779,1,19,seed_3,seed,3
274,C,0.42832853031198403,1.2244170067145056e-8,0.5716714574438472,1,19,seed_3,seed,3
275,A,0.27946954447255934,5.800385635341296e-9,0.7205304497270557,1,19,seed_3,seed,3
275,C,0.4283285289052767,1.1375730758535638e-8,0.5716714597189932,1,19,seed_3,seed,3
276,A,0.2794695438061658,5.388982586316179e-9,0.7205304508048512,1,19,seed_3,seed,3
276,C,0.4283285275983433,1.056888703188768e-8,0.5716714618327702,1,19,seed_3,seed,3
277,A,0.2794695431870378,5.006759076316689e-9,0.7205304518062042,1,19,seed_3,seed,3
277,C,0.42832852638410607,9.81927011303336e-9,0.5716714637966239,1,19,seed_3,seed,3
278,A,0.2794695426118218,4.6516454892475615e-9,0.720530452736533,1,19,seed_3,seed,3
278,C,0.4283285252559904,9.122821090660444e-9,0.5716714656211871,1,19,seed_3,seed,3
279,A,0.2794695420774046,4.321719000835117e-9,0.7205304536008766,1,19,seed_3,seed,3
279,C,0.4283285242078887,8.47576893876451e-9,0.5716714673163413,1,19,seed_3,seed,3
280,A,0.27946954158089177,4.015193167086091e-9,0.7205304544039141,1,19,seed_3,seed,3
280,C,0.42832852323412574,7.874610097894515e-9,0.5716714688912647,1,19,seed_3,seed,3
281,A,0.2794695411195953,3.7304082512114685e-9,0.7205304551499966,1,19,seed_3,seed,3
281,C,0.4283285223294287,7.316089504631984e-9,0.5716714703544821,1,19,seed_3,seed,3
282,A,0.27946954069101665,3.4658222366373325e-9,0.7205304558431617,1,19,seed_3,seed,3
282,C,0.4283285214888987,6.797182966585664e-9,0.5716714717139185,1,19,seed_3,seed,3
283,A,0.279469540292836,3.2200024774402287e-9,0.7205304564871626,1,19,seed_3,seed,3
283,C,0.428328520707985,6.31508078746885e-9,0.5716714729769352,1,19,seed_3,seed,3
284,A,0.2794695399228968,2.991617940995661e-9,0.7205304570854847,1,19,seed_3,seed,3
284,C,0.4283285199824587,5.86717255359511e-9,0.5716714741503681,1,19,seed_3,seed,3
285,A,0.27946953957919657,2.7794320008355087e-9,0.7205304576413712,1,19,seed_3,seed,3
285,C,0.4283285193083911,5.451032999417551e-9,0.5716714752405767,1,19,seed_3,seed,3
286,A,0.2794695392598734,2.58229574068916e-9,0.7205304581578312,1,19,seed_3,seed,3
286,C,0.42832851868213395,5.0644088755780685e-9,0.5716714762534579,1,19,seed_3,seed,3
287,A,0.2794695389631995,2.399141733451357e-9,0.7205304586376593,1,19,seed_3,seed,3
287,C,0.42832851810029426,4.705206748362535e-9,0.5716714771944993,1,19,seed_3,seed,3
288,A,0.2794695386875673,2.2289782613912024e-9,0.7205304590834548,1,19,seed_3,seed,3
288,C,0.42832851755972284,4.371481664500067e-9,0.5716714780687947,1,19,seed_3,seed,3
289,A,0.27946953843148425,2.070883946306217e-9,0.720530459497631,1,19,seed_3,seed,3
289,C,0.42832851705749286,4.061426619930748e-9,0.5716714788810807,1,19,seed_3,seed,3
290,A,0.2794695381935653,1.9240027604542056e-9,0.7205304598824327,1,19,seed_3,seed,3
290,C,0.4283285165908834,3.7733627754675675e-9,0.5716714796357533,1,19,seed_3,seed,3
291,A,0.279469537972521,1.7875393914493265e-9,0.7205304602399409,1,19,seed_3,seed,3
291,C,0.42832851615737016,3.5057303664903196e-9,0.5716714803368983,1,19,seed_3,seed,3
292,A,0.27946953776715416,1.6607549364257945e-9,0.7205304605720906,1,19,seed_3,seed,3
292,C,0.42832851575460434,3.2570802576723597e-9,0.5716714809883152,1,19,seed_3,seed,3
293,A,0.2794695375763539,1.5429629003547713e-9,0.7205304608806833,1,19,seed_3,seed,3
293,C,0.4283285153804053,3.026066095983357e-9,0.5716714815935284,1,19,seed_3,seed,3
294,A,0.27946953739908564,1.4335254791875215e-9,0.7205304611673887,1,19,seed_3,seed,3
294,C,0.428328515032747,2.8114370208427816e-9,0.5716714821558155,1,19,seed_3,seed,3
295,A,0.27946953723439116,1.3318501063495794e-9,0.7205304614337582,1,19,seed_3,seed,3
295,C,0.42832851470974775,2.6120308911513847e-9,0.571671482678222,1,19,seed_3,seed,3
296,A,0.27946953708137784,1.2373862441822682e-9,0.7205304616812361,1,19,seed_3,seed,3
296,C,0.42832851440965564,2.426767992707158e-9,0.5716714831635749,1,19,seed_3,seed,3
297,A,0.2794695369392173,1.1496224029581264e-9,0.7205304619111602,1,19,seed_3,seed,3
297,C,0.42832851413084994,2.2546451919337176e-9,0.5716714836145037,1,19,seed_3,seed,3
298,A,0.27946953680713965,1.0680833713290106e-9,0.7205304621247781,1,19,seed_3,seed,3
298,C,0.4283285138718188,2.094730504265564e-9,0.5716714840334508,1,19,seed_3,seed,3
299,A,0.2794695366844299,9.923276432104795e-10,0.7205304623232428,1,19,seed_3,seed,3
299,C,0.42832851363115954,1.9461580477800727e-9,0.5716714844226819,1,19,seed_3,seed,3
300,A,0.2794695365704234,9.21945027169785e-10,0.7205304625076316,1,19,seed_3,seed,3
300,C,0.4283285134075687,1.8081233547518883e-9,0.5716714847843065,1,19,seed_3,seed,3
301,A,0.2794695364645034,8.565544253729868e-10,0.7205304626789425,1,19,seed_3,seed,3
301,C,0.4283285131998377,1.6798790157434435e-9,0.5716714851202823,1,19,seed_3,seed,3
302,A,0.27946953636609534,7.958017700648044e-10,0.720530462838103,1,19,seed_3,seed,3
302,C,0.42832851300684005,1.5607306326459218e-9,0.5716714854324292,1,19,seed_3,seed,3
303,A,0.2794695362746676,7.393581064078872e-10,0.7205304629859743,1,19,seed_3,seed,3
303,C,0.42832851282753087,1.4500330587578624e-9,0.5716714857224348,1,19,seed_3,seed,3
304,A,0.2794695361897237,6.869178113005921e-10,0.7205304631233577,1,19,seed_3,seed,3
304,C,0.4283285126609408,1.3471869055427454e-9,0.571671485991873,1,19,seed_3,seed,3
305,A,0.2794695361108057,6.381969385287331e-10,0.7205304632509972,1,19,seed_3,seed,3
305,C,0.42832851250616505,1.2516352971508177e-9,0.5716714862421994,1,19,seed_3,seed,3
306,A,0.2794695360374848,5.929316812907752e-10,0.720530463369583,1,19,seed_3,seed,3
306,C,0.42832851236236763,1.1628608551322189e-9,0.5716714864747734,1,19,seed_3,seed,3
307,A,0.2794695359693641,5.508769437715025e-10,0.720530463479759,1,19,seed_3,seed,3
307,C,0.42832851222876894,1.0803828970145119e-9,0.5716714866908486,1,19,seed_3,seed,3
308,A,0.2794695359060748,5.118050140296821e-10,0.7205304635821198,1,19,seed_3,seed,3
308,C,0.4283285121046451,1.0037548335760418e-9,0.5716714868915994,1,19,seed_3,seed,3
309,A,0.27946953584727496,4.755043310138002e-10,0.7205304636772206,1,19,seed_3,seed,3
309,C,0.4283285119893264,9.32561750722216e-10,0.5716714870781124,1,19,seed_3,seed,3
310,A,0.27946953579264466,4.417783390599496e-10,0.7205304637655762,1,19,seed_3,seed,3
310,C,0.4283285118821855,8.664181627357577e-10,0.5716714872513958,1,19,seed_3,seed,3
311,A,0.2794695357418903,4.1044442359941266e-10,0.7205304638476661,1,19,seed_3,seed,3
311,C,0.42832851178264497,8.04965925036845e-10,0.571671487412389,1,19,seed_3,seed,3
312,A,0.279469535694735,3.8133292218277635e-10,0.720530463923932,1,19,seed_3,seed,3
312,C,0.42832851169016456,7.478722957497778e-10,0.5716714875619632,1,19,seed_3,seed,3
313,A,0.2794695356509246,3.5428620608229885e-10,0.720530463994789,1,19,seed_3,seed,3
313,C,0.4283285116042428,6.948281328851504e-10,0.5716714877009289,1,19,seed_3,seed,3
314,A,0.2794695356102216,3.2915782667620526e-10,0.720530464060621,1,19,seed_3,seed,3
314,C,0.4283285115244159,6.455462208938018e-10,0.5716714878300385,1,19,seed_3,seed,3
315,A,0.27946953557240467,3.0581172247876914e-10,0.7205304641217823,1,19,seed_3,seed,3
315,C,0.42832851145025,5.997597154954736e-10,0.5716714879499908,1,19,seed_3,seed,3
316,A,0.2794695355372706,2.841214824133073e-10,0.7205304641786074,1,19,seed_3,seed,3
316,C,0.4283285113813446,5.572206988107479e-10,0.5716714880614348,1,19,seed_3,seed,3
317,A,0.27946953550462883,2.639696613389499e-10,0.7205304642314014,1,19,seed_3,seed,3
317,C,0.4283285113173273,5.176988369727808e-10,0.5716714881649743,1,19,seed_3,seed,3
318,A,0.27946953547430214,2.4524714412499326e-10,0.7205304642804511,1,19,seed_3,seed,3
318,C,0.4283285112578493,4.809801329502765e-10,0.5716714882611704,1,19,seed_3,seed,3
319,A,0.27946953544612624,2.2785255482949554e-10,0.7205304643260219,1,19,seed_3,seed,3
319,C,0.42832851120259136,4.4686576782867887e-10,0.5716714883505436,1,19,seed_3,seed,3
320,A,0.2794695354199484,2.116917077830102e-10,0.7205304643683599,1,19,seed_3,seed,3
320,C,0.4283285111512514,4.151710242755305e-10,0.5716714884335768,1,19,seed_3,seed,3
321,A,0.27946953539562774,1.966770976052524e-10,0.7205304644076943,1,19,seed_3,seed,3
321,C,0.4283285111035536,3.857242863609353e-10,0.5716714885107221,1,19,seed_3,seed,3
322,A,0.279469535373032,1.8272742539330063e-10,0.7205304644442408,1,19,seed_3,seed,3
322,C,0.42832851105923814,3.5836611031750957e-10,0.5716714885823955,1,19,seed_3,seed,3
323,A,0.27946953535203867,1.6976715851579268e-10,0.7205304644781949,1,19,seed_3,seed,3
323,C,0.428328511018066,3.3294836120831546e-10,0.5716714886489849,1,19,seed_3,seed,3
324,A,0.27946953533253477,1.5772612162955265e-10,0.7205304645097396,1,19,seed_3,seed,3
324,C,0.4283285109798145,3.093334108281398e-10,0.5716714887108519,1,19,seed_3,seed,3
325,A,0.2794695353144136,1.4653911670412666e-10,0.7205304645390467,1,19,seed_3,seed,3
325,C,0.42832851094427654,2.8739339249503045e-10,0.5716714887683304,1,19,seed_3,seed,3
326,A,0.2794695352975783,1.36145569996791e-10,0.7205304645662771,1,19,seed_3,seed,3
326,C,0.42832851091125845,2.670095086970547e-10,0.5716714888217339,1,19,seed_3,seed,3
327,A,0.27946953528193696,1.2648920406651613e-10,0.7205304645915745,1,19,seed_3,seed,3
327,C,0.42832851088058194,2.48071387845428e-10,0.5716714888713462,1,19,seed_3,seed,3
328,A,0.27946953526740453,1.175177330509496e-10,0.7205304646150785,1,19,seed_3,seed,3
328,C,0.4283285108520821,2.3047648665106374e-10,0.5716714889174427,1,19,seed_3,seed,3
329,A,0.2794695352539028,1.0918257955644504e-10,0.7205304646369138,1,19,seed_3,seed,3
329,C,0.42832851082560236,2.1412953488860582e-10,0.5716714889602681,1,19,seed_3,seed,3
330,A,0.27946953524135937,1.0143861164062316e-10,0.7205304646572016,1,19,seed_3,seed,3
330,C,0.4283285108010022,1.9894201959586979e-10,0.5716714890000559,1,19,seed_3,seed,3
331,A,0.2794695352297056,9.424389843634388e-11,0.7205304646760516,1,19,seed_3,seed,3
331,C,0.4283285107781463,1.8483170579516494e-10,0.571671489037023,1,19,seed_3,seed,3
332,A,0.27946953521887813,8.755948303820517e-11,0.7205304646935622,1,19,seed_3,seed,3
332,C,0.42832851075691036,1.7172219090203905e-10,0.5716714890713662,1,19,seed_3,seed,3
333,A,0.27946953520881823,8.134917166519168e-11,0.720530464709832,1,19,seed_3,seed,3
333,C,0.42832851073718176,1.595424914874504e-10,0.5716714891032753,1,19,seed_3,seed,3
334,A,0.27946953519947204,7.557933764504088e-11,0.7205304647249479,1,19,seed_3,seed,3
334,C,0.428328510718852,1.4822665874741203e-10,0.5716714891329212,1,19,seed_3,seed,3
335,A,0.2794695351907891,7.02187393374264e-11,0.7205304647389922,1,19,seed_3,seed,3
335,C,0.42832851070182304,1.3771342141331538e-10,0.571671489160464,1,19,seed_3,seed,3
336,A,0.2794695351827217,6.523835097126488e-11,0.7205304647520395,1,19,seed_3,seed,3
336,C,0.42832851068600203,1.2794585398947e-10,0.57167148918605315,1,19,seed_3,seed,3
337,A,0.2794695351752267,6.061120548019391e-11,0.7205304647641617,1,19,seed_3,seed,3
337,C,0.4283285106713026,1.1887106852147743e-10,0.5716714892098276,1,19,seed_3,seed,3
338,A,0.2794695351682631,5.63122484852285e-11,0.7205304647754242,1,19,seed_3,seed,3
338,C,0.42832851065764443,1.1043992822648136e-10,0.5716714892319146,1,19,seed_3,seed,3
339,A,0.279469535161794,5.231820263396403e-11,0.7205304647858889,1,19,seed_3,seed,3
339,C,0.42832851064495636,1.0260678143469575e-10,0.5716714892524354,1,19,seed_3,seed,3
340,A,0.2794695351557827,4.8607441561768065e-11,0.7205304647956096,1,19,seed_3,seed,3
340,C,0.4283285106331684,9.532921440160099e-11,0.5716714892715024,1,19,seed_3,seed,3
341,A,0.27946953515019873,4.5159872792504684e-11,0.7205304648046423,1,19,seed_3,seed,3
341,C,0.42832851062221633,8.856782165237649e-11,0.5716714892892157,1,19,seed_3,seed,3
342,A,0.2794695351450102,4.1956828944736976e-11,0.7205304648130325,1,19,seed_3,seed,3
342,C,0.428328510612041,8.228599261505541e-11,0.5716714893056739,1,19,seed_3,seed,3
343,A,0.2794695351401901,3.8980966654328686e-11,0.7205304648208302,1,19,seed_3,seed,3
343,C,0.42832851060258725,7.644971338710532e-11,0.5716714893209639,1,19,seed_3,seed,3
344,A,0.2794695351357114,3.621617266614198e-11,0.720530464828071,1,19,seed_3,seed,3
344,C,0.4283285105938042,7.102738256206195e-11,0.5716714893351686,1,19,seed_3,seed,3
345,A,0.2794695351315507,3.3647476586353406e-11,0.7205304648348017,1,19,seed_3,seed,3
345,C,0.4283285105856435,6.598964011898609e-11,0.5716714893483654,1,19,seed_3,seed,3
346,A,0.2794695351276852,3.1260969822968416e-11,0.7205304648410538,1,19,seed_3,seed,3
346,C,0.42832851057806254,6.130920844823797e-11,0.5716714893606268,1,19,seed_3,seed,3
347,A,0.2794695351240937,2.9043730275626815e-11,0.7205304648468632,1,19,seed_3,seed,3
347,C,0.4283285105710188,5.696074465277879e-11,0.5716714893720194,1,19,seed_3,seed,3
348,A,0.2794695351207565,2.6983752366919853e-11,0.7205304648522595,1,19,seed_3,seed,3
348,C,0.428328510564475,5.2920703325265526e-11,0.5716714893826043,1,19,seed_3,seed,3
349,A,0.2794695351176567,2.506988203636216e-11,0.7205304648572739,1,19,seed_3,seed,3
349,C,0.4283285105583949,4.916720905792042e-11,0.5716714893924383,1,19,seed_3,seed,3
350,A,0.2794695351147765,2.3291756342685816e-11,0.7205304648619322,1,19,seed_3,seed,3
350,C,0.42832851055274623,4.5679937977971005e-11,0.5716714894015736,1,19,seed_3,seed,3
351,A,0.27946953511210043,2.1639747352409716e-11,0.7205304648662599,1,19,seed_3,seed,3
351,C,0.4283285105474982,4.2440007704771894e-11,0.5716714894100623,1,19,seed_3,seed,3
352,A,0.2794695351096145,2.0104910021502878e-11,0.7205304648702816,1,19,seed_3,seed,3
352,C,0.4283285105426216,3.94298752071782e-11,0.5716714894179475,1,19,seed_3,seed,3
353,A,0.2794695351073044,1.8678933742599936e-11,0.720530464874016,1,19,seed_3,seed,3
353,C,0.4283285105380932,3.663324167233321e-11,0.5716714894252747,1,19,seed_3,seed,3
354,A,0.2794695351051584,1.7354097352902818e-11,0.7205304648774877,1,19,seed_3,seed,3
354,C,0.42832851053388366,3.403496430942869e-11,0.5716714894320813,1,19,seed_3,seed,3
355,A,0.2794695351031647,1.6123227326774027e-11,0.7205304648807117,1,19,seed_3,seed,3
355,C,0.42832851052997223,3.162097435680467e-11,0.5716714894384048,1,19,seed_3,seed,3
356,A,0.2794695351013126,1.4979658933596276e-11,0.7205304648837079,1,19,seed_3,seed,3
356,C,0.42832851052634013,2.937820090453961e-11,0.5716714894442813,1,19,seed_3,seed,3
357,A,0.27946953509959116,1.3917200150580824e-11,0.7205304648864905,1,19,seed_3,seed,3
357,C,0.4283285105229647,2.7294500120058002e-11,0.5716714894497396,1,19,seed_3,seed,3
358,A,0.27946953509799277,1.2930098135125051e-11,0.7205304648890776,1,19,seed_3,seed,3
358,C,0.42832851051982923,2.5358589493536808e-11,0.571671489454812,1,19,seed_3,seed,3
359,A,0.2794695350965069,1.2013008075177748e-11,0.7205304648914796,1,19,seed_3,seed,3
359,C,0.42832851051691656,2.3559986747071733e-11,0.571671489459524,1,19,seed_3,seed,3
360,A,0.27946953509512656,1.1160964248948189e-11,0.7205304648937122,1,19,seed_3,seed,3
360,C,0.4283285105142095,2.188895307681814e-11,0.5716714894639018,1,19,seed_3,seed,3
361,A,0.2794695350938446,1.0369353137256522e-11,0.7205304648957859,1,19,seed_3,seed,3
361,C,0.4283285105116947,2.033644042078293e-11,0.571671489467969,1,19,seed_3,seed,3
362,A,0.2794695350926533,9.633888442939043e-12,0.7205304648977136,1,19,seed_3,seed,3
362,C,0.42832851050935766,1.8894042466741103e-11,0.5716714894717476,1,19,seed_3,seed,3
363,A,0.27946953509154643,8.95058788204626e-12,0.7205304648995029,1,19,seed_3,seed,3
363,C,0.42832851050718773,1.7553949135001742e-11,0.571671489475259,1,19,seed_3,seed,3
364,A,0.2794695350905185,8.315751621166715e-12,0.7205304649011666,1,19,seed_3,seed,3
364,C,0.42832851050517,1.6308904289563883e-11,0.5716714894785209,1,19,seed_3,seed,3
365,A,0.279469535089563,7.725942244121876e-12,0.7205304649027112,1,19,seed_3,seed,3
365,C,0.4283285105032967,1.5152166448683318e-11,0.5716714894815508,1,19,seed_3,seed,3
0,A,0.9989999999999998,0.001,0,2,19,seed_3,seed,3
0,C,0.9989999999999999,0.0010000000000000002,0,2,19,seed_3,seed,3
1,A,0.9984661313596092,0.0013042214633156109,2.2964717707630114e-4,2,19,seed_3,seed,3
1,C,0.9986543680722743,0.0011325537042723725,2.1307822345451833e-4,2,19,seed_3,seed,3
2,A,0.9978291174492538,0.0016466253509050792,5.24257199841236e-4,2,19,seed_3,seed,3
2,C,0.9982706290908623,0.0012756362296339639,4.537346795032263e-4,2,19,seed_3,seed,3
3,A,0.9970944444142281,0.002015476332843805,8.900792529281735e-4,2,19,seed_3,seed,3
3,C,0.9978467771093983,0.0014291757543600464,7.240471362413643e-4,2,19,seed_3,seed,3
4,A,0.996256682432854,0.002411008651759941,0.0013323089153856867,2,19,seed_3,seed,3
4,C,0.9973796746509638,0.0015941185023514361,0.0010262068466844847,2,19,seed_3,seed,3
5,A,0.9953025990189954,0.00284044984253954,0.001856951138465323,2,19,seed_3,seed,3
5,C,0.9968653026964341,0.0017720539947560284,0.0013626433088105093,2,19,seed_3,seed,3
6,A,0.9942148861643909,0.0033133800786253795,0.0024717337569832576,2,19,seed_3,seed,3
6,C,0.9962989385600496,0.0019649189246227837,0.0017361425153272845,2,19,seed_3,seed,3
7,A,0.9929740514254274,0.003839607122320225,0.003186341452252078,2,19,seed_3,seed,3
7,C,0.9956752625181382,0.002174836331852302,0.002149901150008465,2,19,seed_3,seed,3
8,A,0.9915591125472697,0.004428531191077875,0.004012356261652875,2,19,seed_3,seed,3
8,C,0.9949884149616081,0.0024040397839745725,0.0026075452544176265,2,19,seed_3,seed,3
9,A,0.9899475368839309,0.005089244990080641,0.004963218125988139,2,19,seed_3,seed,3
9,C,0.9942319765092364,0.002654862356992786,0.0031131611337702216,2,19,seed_3,seed,3
10,A,0.9881155342709367,0.005830616749423082,0.006053848979640743,2,19,seed_3,seed,3
10,C,0.9933990907737394,0.002929694246935233,0.0036712149793257003,2,19,seed_3,seed,3
11,A,0.9860360331714239,0.006662137066945478,0.007301829761629705,2,19,seed_3,seed,3
11,C,0.9924819079598588,0.0032311722083435443,0.004286919831798352,2,19,seed_3,seed,3
12,A,0.9836809881757013,0.007593193929768943,0.008725817894530353,2,19,seed_3,seed,3
12,C,0.9914722678633487,0.0035619540901366607,0.004965778046515981,2,19,seed_3,seed,3
13,A,0.9810201135760308,0.008633540794288344,0.010346345629680547,2,19,seed_3,seed,3
13,C,0.9903613221658449,0.003924850180292718,0.005713827653862945,2,19,seed_3,seed,3
14,A,0.9780190656932266,0.009793865526967772,0.012187068779805101,2,19,seed_3,seed,3
14,C,0.9891389791363886,0.004323001281082202,0.0065380195825298,2,19,seed_3,seed,3
15,A,0.9746426961170722,0.011084632406233981,0.01427267147669274,2,19,seed_3,seed,3
15,C,0.9877948051085803,0.004759580513980268,0.007445614377439606,2,19,seed_3,seed,3
16,A,0.970852942880131,0.012516659810695378,0.016630397309173223,2,19,seed_3,seed,3
16,C,0.9863173351393832,0.00523800610200908,0.008444658758606248,2,19,seed_3,seed,3
17,A,0.9666099913632122,0.014100639131887466,0.019289369504900702,2,19,seed_3,seed,3
17,C,0.9846943258736045,0.00576185452702194,0.00954381959937408,2,19,seed_3,seed,3
18,A,0.9618712640700284,0.01584729279028357,0.022281443139687444,2,19,seed_3,seed,3
18,C,0.9829123548266537,0.006334969015021875,0.010752676158323291,2,19,seed_3,seed,3
19,A,0.9565935152461226,0.01776658754688968,0.02563989720698779,2,19,seed_3,seed,3
19,C,0.9809573196968367,0.006961291867908457,0.012081388435255592,2,19,seed_3,seed,3
20,A,0.9507319921867288,0.01986760563434045,0.029400402178930446,2,19,seed_3,seed,3
20,C,0.9788139410081423,0.007644976204811058,0.013541082787047704,2,19,seed_3,seed,3
21,A,0.9442426980244191,0.02215783269486459,0.033599469280716346,2,19,seed_3,seed,3
21,C,0.9764663215624271,0.00839021041449029,0.015143468023082005,2,19,seed_3,seed,3
22,A,0.9370804862005592,0.02464323340131771,0.038276280398123315,2,19,seed_3,seed,3
22,C,0.973897055942776,0.009201429315938186,0.016901514741285706,2,19,seed_3,seed,3
23,A,0.9292029008799425,0.027327084258472977,0.04347001486158518,2,19,seed_3,seed,3
23,C,0.971088203515947,0.010083008883594325,0.01882878760045807,2,19,seed_3,seed,3
24,A,0.92056982583832625,0.030209717051628882,0.04922045711004503,2,19,seed_3,seed,3
24,C,0.9680209060578037,0.011039329507644332,0.020939764434551405,2,19,seed_3,seed,3
25,A,0.9111455437879196,0.03328746564451674,0.05556699056756438,2,19,seed_3,seed,3
25,C,0.9646755205442576,0.0120746612352938,0.023249818220449605,2,19,seed_3,seed,3
26,A,0.900899355338579,0.03655198357157447,0.06254866108984629,2,19,seed_3,seed,3
26,C,0.9610312975270955,0.01319316911313463,0.025775533359769495,2,19,seed_3,seed,3
27,A,0.8898090078787668,0.03999042219886762,0.07020056992236613,2,19,seed_3,seed,3
27,C,0.9570680121341967,0.01439852160785543,0.028533466257948368,2,19,seed_3,seed,3
28,A,0.8778605497351302,0.04358452788501846,0.07855492237985147,2,19,seed_3,seed,3
28,C,0.9527651397214675,0.01569396640287837,0.03154089387565249,2,19,seed_3,seed,3
29,A,0.8650484662299802,0.04730917151980757,0.0876423622502121,2,19,seed_3,seed,3
29,C,0.9481005520275569,0.01708246946851007,0.03481697850393197,2,19,seed_3,seed,3
30,A,0.851381273854232,0.051133500574854426,0.09748522557091348,2,19,seed_3,seed,3
30,C,0.9430538250552725,0.018565942416836904,0.038380232527890246,2,19,seed_3,seed,3
31,A,0.8368798764716959,0.05502057233389996,0.1080995511944034,2,19,seed_3,seed,3
31,C,0.9376049339106276,0.02014541129651419,0.04224965479285862,2,19,seed_3,seed,3
32,A,0.8215785669822456,0.058927358305888924,0.11949407471186536,2,19,seed_3,seed,3
32,C,0.9317344615149215,0.02182085265290378,0.046444685832173954,2,19,seed_3,seed,3
33,A,0.8055253701565824,0.06280631055707778,0.13166831928633949,2,19,seed_3,seed,3
33,C,0.9254247734353134,0.023590910724646925,0.050984315840041684,2,19,seed_3,seed,3
34,A,0.7887835209756779,0.06660528425545276,0.1446111947688696,2,19,seed_3,seed,3
34,C,0.9186601773084071,0.025452598364509846,0.05588722432708265,2,19,seed_3,seed,3
35,A,0.7714289430314236,0.0702700498121576,0.15830100715642006,2,19,seed_3,seed,3
35,C,0.9114276299325205,0.02740119730063335,0.061171172766845375,2,19,seed_3,seed,3
36,A,0.7535484906355917,0.07374536480815014,0.17270614455625755,2,19,seed_3,seed,3
36,C,0.9037168038090729,0.02943024251834583,0.06685295367258304,2,19,seed_3,seed,3
37,A,0.7352411795814233,0.07697609576631458,0.18778272465226228,2,19,seed_3,seed,3
37,C,0.8955210105443521,0.03153100623710187,0.07294798321854436,2,19,seed_3,seed,3
38,A,0.7166118814209996,0.07991124315967725,0.2034768754193228,2,19,seed_3,seed,3
38,C,0.8868379543263979,0.03369269589852478,0.0794693497750777,2,19,seed_3,seed,3
39,A,0.6977723148642082,0.08250343966595204,0.21972424546983998,2,19,seed_3,seed,3
39,C,0.8776697376260385,0.03590216057597118,0.0864281017979914,2,19,seed_3,seed,3
40,A,0.6788349892030375,0.08471317066791453,0.23645184012904827,2,19,seed_3,seed,3
40,C,0.8680240317242972,0.03814397634687719,0.0938319919288255,2,19,seed_3,seed,3
41,A,0.6599118537683814,0.08650808459838093,0.25358006163323726,2,19,seed_3,seed,3
41,C,0.8579134561970453,0.04040074081671063,0.10168580298624494,2,19,seed_3,seed,3
42,A,0.6411113790688763,0.08786484596540584,0.2710237749657179,2,19,seed_3,seed,3
42,C,0.8473562690878778,0.04265309480939243,0.1099906361027318,2,19,seed_3,seed,3
43,A,0.6225367517662367,0.08876896360185652,0.28869428463190716,2,19,seed_3,seed,3
43,C,0.8363760122097977,0.04488008160749397,0.11874390618270851,2,19,seed_3,seed,3
44,A,0.60428334203982,0.08921600727879689,0.3065006506813832,2,19,seed_3,seed,3
44,C,0.8250020891782406,0.047059288051919626,0.12793862276984075,2,19,seed_3,seed,3
45,A,0.5864364352963577,0.08921194004357394,0.32435162466006817,2,19,seed_3,seed,3
45,C,0.8132698910618084,0.04916721387638597,0.13756289506180414,2,19,seed_3,seed,3
46,A,0.5690694080038741,0.0887727475112265,0.3421578444848995,2,19,seed_3,seed,3
46,C,0.8012206293173056,0.05117974664252204,0.1475996240401716,2,19,seed_3,seed,3
47,A,0.5522440756162069,0.08792163072163044,0.3598342936621621,2,19,seed_3,seed,3
47,C,0.7888997844598229,0.05307304217564646,0.1580271733645316,2,19,seed_3,seed,3
48,A,0.5360107723379623,0.08668770207269029,0.3773015255893464,2,19,seed_3,seed,3
48,C,0.7763564403177504,0.054824111182510564,0.16881944849974076,2,19,seed_3,seed,3
49,A,0.5204085105302991,0.08510503657783118,0.39448645289186984,2,19,seed_3,seed,3
49,C,0.7636427528555648,0.05641133430179134,0.17994591284264252,2,19,seed_3,seed,3
50,A,0.505465446944718,0.08321145693879693,0.41132309611648477,2,19,seed_3,seed,3
50,C,0.7508131656103603,0.05781500923844024,0.1913718251511993,2,19,seed_3,seed,3
51,A,0.4911996762540617,0.08104709293435794,0.42775323081158045,2,19,seed_3,seed,3
51,C,0.7379234020323309,0.05901790195882933,0.20305869600884185,2,19,seed_3,seed,3
52,A,0.477620253601734,0.0786529735463719,0.4437267728518939,2,19,seed_3,seed,3
52,C,0.725029396101595,0.060005734887106824,0.21496486901129855,2,19,seed_3,seed,3
53,A,0.46472831809833726,0.07606982248810426,0.45920185941355873,2,19,seed_3,seed,3
53,C,0.712186272279335,0.06076756689552266,0.22704616082514373,2,19,seed_3,seed,3
54,A,0.45251815635324316,0.07333716402498269,0.47414467962177353,2,19,seed_3,seed,3
54,C,0.6994474724551032,0.06129602631700087,0.2392565012278959,2,19,seed_3,seed,3
55,A,0.4409785113252183,0.07049233675926388,0.48852915191551816,2,19,seed_3,seed,3
55,C,0.6868637194893796,0.06158750537747144,0.2515487751331496,2,19,seed_3,seed,3
56,A,0.4300936973930101,0.06756991936994754,0.5023363832370417,2,19,seed_3,seed,3
56,C,0.6744822243981555,0.06164217015550983,0.2638756054463337,2,19,seed_3,seed,3
57,A,0.4198444124813436,0.06460152679318049,0.5155540607254757,2,19,seed_3,seed,3
57,C,0.6623462108409873,0.06146378380409829,0.2761900053549145,2,19,seed_3,seed,3
58,A,0.4102084799550308,0.061615659036295053,0.5281758610086742,2,19,seed_3,seed,3
58,C,0.6504945357069158,0.06105944561820718,0.2884460186748763,2,19,seed_3,seed,3
59,A,0.4011616417394264,0.05863750777618253,0.5402008504843919,2,19,seed_3,seed,3
59,C,0.6389613185644796,0.06043929156368044,0.3005993898718411,2,19,seed_3,seed,3
60,A,0.392678296793672,0.055688880832423106,0.5516328223739059,2,19,seed_3,seed,3
60,C,0.6277756904269819,0.059616128029314375,0.31260818154370346,2,19,seed_3,seed,3
61,A,0.38473208039292267,0.05278831680596025,0.5624796028011165,2,19,seed_3,seed,3
61,C,0.6169617470829165,0.05860498358127893,0.32443326933580413,2,19,seed_3,seed,3
62,A,0.3772962842476898,0.049951313207818065,0.5727524025444917,2,19,seed_3,seed,3
62,C,0.6065386631742742,0.05742261857135252,0.3360387182543726,2,19,seed_3,seed,3
63,A,0.3703441993648435,0.04719056204582199,0.5824652385893347,2,19,seed_3,seed,3
63,C,0.5965208954773911,0.05608703592142393,0.3473920686011846,2,19,seed_3,seed,3
64,A,0.3638494165186439,0.044516174734900785,0.5916344087464561,2,19,seed_3,seed,3
64,C,0.5869184429817015,0.054617015286029594,0.3584645417322691,2,19,seed_3,seed,3
65,A,0.3577860734363841,0.04193592432736577,0.6002780022362496,2,19,seed_3,seed,3
65,C,0.5777371659040077,0.05303167585645494,0.36923115823953667,2,19,seed_3,seed,3
66,A,0.35212903580408694,0.039455511995022265,0.6084154522008915,2,19,seed_3,seed,3
66,C,0.5689791592446342,0.05135007481956842,0.3796707659357972,2,19,seed_3,seed,3
67,A,0.3468540222336463,0.037078834087066595,0.616067143679287,2,19,seed_3,seed,3
67,C,0.5606431585167776,0.04959085338191635,0.3897659881013052,2,19,seed_3,seed,3
68,A,0.3419376929190459,0.03480822800157218,0.623254079079381,2,19,seed_3,seed,3
68,C,0.5527249528409687,0.04777193939552678,0.39950310776350484,2,19,seed_3,seed,3
69,A,0.3373577128769133,0.03264469488870877,0.6299975922343781,2,19,seed_3,seed,3
69,C,0.545217790887496,0.045910308253503194,0.40887190085900066,2,19,seed_3,seed,3
70,A,0.33309279115144835,0.030588106161925865,0.6363191026866254,2,19,seed_3,seed,3
70,C,0.5381127732936092,0.04402179903473694,0.41786542767165386,2,19,seed_3,seed,3
71,A,0.3291226972584917,0.028637395124642456,0.6422399076168643,2,19,seed_3,seed,3
71,C,0.53139922613148,0.04212098214670204,0.42647979172181855,2,19,seed_3,seed,3
72,A,0.3254282601606809,0.026790729119741664,0.6477810107195778,2,19,seed_3,seed,3
72,C,0.5250650488794372,0.0402210747766099,0.4347138763439525,2,19,seed_3,seed,3
73,A,0.321991355640457,0.025045659582176645,0.6529629847773659,2,19,seed_3,seed,3
73,C,0.5190970317119563,0.03833389936747571,0.4425690689205684,2,19,seed_3,seed,3
74,A,0.31879488512588444,0.023399252293479698,0.6578058625806356,2,19,seed_3,seed,3
74,C,0.5134811400621089,0.036469878920863834,0.4500489810170254,2,19,seed_3,seed,3
75,A,0.3158227471244154,0.0218482013294236,0.6623290515461614,2,19,seed_3,seed,3
75,C,0.508202766709964,0.0346380624837803,0.457159170806256,2,19,seed_3,seed,3
76,A,0.3130598028448066,0.020388928038231995,0.6665512691169612,2,19,seed_3,seed,3
76,C,0.5032469523757924,0.03284617468972379,0.4639068729344846,2,19,seed_3,seed,3
77,A,0.3104918382236965,0.019017665138617433,0.6704904966376868,2,19,seed_3,seed,3
77,C,0.498598575980975,0.031100683903676173,0.4703007401153495,2,19,seed_3,seed,3
78,A,0.3081055239491009,0.017730527045252804,0.6741639490056471,2,19,seed_3,seed,3
78,C,0.4942425162152352,0.029406883974713686,0.47635059981005257,2,19,seed_3,seed,3
79,A,0.3058883741164992,0.016523568639287185,0.6775880572442141,2,19,seed_3,seed,3
79,C,0.49016378667345367,0.027768985024792366,0.48206722830175336,2,19,seed_3,seed,3
80,A,0.30382870399608114,0.015392834353339652,0.6807784616505795,2,19,seed_3,seed,3
80,C,0.486347647158299,0.026190209323112133,0.48746214351858824,2,19,seed_3,seed,3
81,A,0.30191558796122103,0.014334398286554582,0.683750013752224,2,19,seed_3,seed,3
81,C,0.4827796936669813,0.02467288908725045,0.4925474172457677,2,19,seed_3,seed,3
82,A,0.3001388179858444,0.013344396458888335,0.6865167855552665,2,19,seed_3,seed,3
82,C,0.479445929667142,0.023218563499774542,0.49733550683308375,2,19,seed_3,seed,3
83,A,0.2984888631216513,0.012419052258746632,0.6890920846196019,2,19,seed_3,seed,3
83,C,0.47633282083319045,0.021828073092963692,0.5018391060738456,2,19,seed_3,seed,3
84,A,0.2969568300294358,0.01155469632942858,0.6914884736411347,2,19,seed_3,seed,3
84,C,0.47342733549471194,0.020501649933659147,0.5060710145716292,2,19,seed_3,seed,3
85,A,0.2955344248074878,0.010747781714567558,0.6937177934779442,2,19,seed_3,seed,3
85,C,0.4707169729000729,0.019239002469449144,0.5100440246304783,2,19,seed_3,seed,3
86,A,0.2942139163987014,0.009994894832437227,0.6957911887688618,2,19,seed_3,seed,3
86,C,0.46818978119074367,0.01803939429514307,0.513770824514113,2,19,seed_3,seed,3
87,A,0.29298810166895584,0.009292762923878041,0.6977191354071668,2,19,seed_3,seed,3
87,C,0.4658343667444681,0.016901716443844896,0.5172639168116872,2,19,seed_3,seed,3
88,A,0.2918502720907566,0.008638258685475577,0.6995114692237667,2,19,seed_3,seed,3
88,C,0.46363989635126734,0.015824553050300214,0.5205355505984335,2,19,seed_3,seed,3
89,A,0.29079418201728663,0.008028402631083136,0.7011774153516308,2,19,seed_3,seed,3
89,C,0.4615960935229406,0.0148062404089741,0.5235976660680863,2,19,seed_3,seed,3
90,A,0.2898140186236432,0.007460363521462867,0.7027256178548937,2,19,seed_3,seed,3
90,C,0.45969323007571,0.013844919593202847,0.526461850331087,2,19,seed_3,seed,3
91,A,0.2889043735433199,0.006931457175461592,0.7041641692812184,2,19,seed_3,seed,3
91,C,0.45792211396602406,0.012938582917951824,0.5291393031160233,2,19,seed_3,seed,3
92,A,0.28806021611954685,0.006439144028826556,0.7055006398516263,2,19,seed_3,seed,3
92,C,0.45627407421462174,0.012085114608328127,0.531640811177051,2,19,seed_3,seed,3
93,A,0.2872768681768207,0.005981025760815702,0.706742106062364,2,19,seed_3,seed,3
93,C,0.45474094362856243,0.011282326082462569,0.5339767302889765,2,19,seed_3,seed,3
94,A,0.28654998027696416,0.005554841191197182,0.7078951785318385,2,19,seed_3,seed,3
94,C,0.45331503992110633,0.010527986282151545,0.5361569737967417,2,19,seed_3,seed,3
95,A,0.28587550943932927,0.005158461593804991,0.708966028966865,2,19,seed_3,seed,3
95,C,0.45198914573184945,0.0098198474948006,0.5381910067733495,2,19,seed_3,seed,3
96,A,0.28524969826015883,0.004789885589762204,0.7099604161500789,2,19,seed_3,seed,3
96,C,0.4507564879640392,0.00915566710762218,0.5400878449283378,2,19,seed_3,seed,3
97,A,0.2846690553394504,0.0044472337826946835,0.7108837108778546,2,19,seed_3,seed,3
97,C,0.4496107167821583,0.008533225721797386,0.5418560574960435,2,19,seed_3,seed,3
98,A,0.28413033694460005,0.004128743248478204,0.7117409198069207,2,19,seed_3,seed,3
98,C,0.4485458845492616,0.007950342033943215,0.5435037734167953,2,19,seed_3,seed,3
99,A,0.2836305298623449,0.0038327619480265393,0.712536708189629,2,19,seed_3,seed,3
99,C,0.44755642492836073,0.007404884868199912,0.5450386902034383,2,19,seed_3,seed,3
100,A,0.2831668353819527,0.003557743127132701,0.7132754214909148,2,19,seed_3,seed,3
100,C,0.4466371323180021,0.006894782721992895,0.5464680849600051,2,19,seed_3,seed,3
101,A,0.28273665433832196,0.003302239771262317,0.7139611058904156,2,19,seed_3,seed,3
101,C,0.4457831418075221,0.0064180311080794744,0.547798827084399,2,19,seed_3,seed,3
102,A,0.2823375731446862,0.003064899170380846,0.7145975276849331,2,19,seed_3,seed,3
102,C,0.44498990968677216,0.005972698061835319,0.5490373922513914,2,19,seed_3,seed,3
103,A,0.28196735076154633,0.002844457621939845,0.7151881916165131,2,19,seed_3,seed,3
103,C,0.44425319462827934,0.005556928040825422,0.550189877330895,2,19,seed_3,seed,3
104,A,0.28162390655053465,0.0026397352923664707,0.7157363581570985,2,19,seed_3,seed,3
104,C,0.44356903960214006,0.00516894445191508,0.5512620159459455,2,19,seed_3,seed,3
105,A,0.2813053089570746,0.0024496312591187805,0.7162450597838061,2,19,seed_3,seed,3
105,C,0.44293375456196604,0.00480705102031598,0.5522591944177189,2,19,seed_3,seed,3
106,A,0.281009764965817,0.002273118752034111,0.7167171162821486,2,19,seed_3,seed,3
106,C,0.4423438999167407,0.004469632198236376,0.5531864678850227,2,19,seed_3,seed,3
107,A,0.2807356102796354,0.0021092406025957264,0.717155149117768,2,19,seed_3,seed,3
107,C,0.44179627079556016,0.0041551527813973935,0.5540485764230425,2,19,seed_3,seed,3
108,A,0.2804813001780216,0.001957104903006873,0.717561594918972,2,19,seed_3,seed,3
108,C,0.4412878821072205,0.0038621568747415633,0.5548499610180374,2,19,seed_3,seed,3
109,A,0.280245401011108,0.0018158808764289324,0.7179387181124629,2,19,seed_3,seed,3
109,C,0.44081595438848004,0.0035892663305534486,0.5555947792809661,2,19,seed_3,seed,3
110,A,0.280026582286047,0.0016847949595020354,0.7182886227544506,2,19,seed_3,seed,3
110,C,0.44037790042595376,0.003335178768600861,0.5562869208054474,2,19,seed_3,seed,3
111,A,0.27982360930575473,0.0015631270950863258,0.7186132635991594,2,19,seed_3,seed,3
111,C,0.43997131263053874,0.003098665273640768,0.5569300220958198,2,19,seed_3,seed,3
112,A,0.2796353363237383,0.0014502072298820045,0.7189144564463801,2,19,seed_3,seed,3
112,C,0.4395939511403047,0.0028785678506667717,0.5575274810090296,2,19,seed_3,seed,3
113,A,0.27946070018071245,0.0013454120106916416,0.7191938878085954,2,19,seed_3,seed,3
113,C,0.4392437326258519,0.002673796705115241,0.5580824706690328,2,19,seed_3,seed,3
114,A,0.2792987143899509,0.0012481616732510008,0.7194531239367983,2,19,seed_3,seed,3
114,C,0.4389187197704288,0.0024833274048539334,0.5585979528247171,2,19,seed_3,seed,3
115,A,0.2791484636403494,0.0011579171169055868,0.7196936192427442,2,19,seed_3,seed,3
115,C,0.43861711139534443,0.0023061979721319447,0.5590766906325243,2,19,seed_3,seed,3
116,A,0.2790090986886596,0.0010741771573092708,0.7199167241540311,2,19,seed_3,seed,3
116,C,0.43833723320049195,0.002141505945714353,0.5595212608537935,2,19,seed_3,seed,3
117,A,0.2788798316142777,9.964759489027256e-4,0.7201236924368194,2,19,seed_3,seed,3
117,C,0.43807752908960323,0.0019884054461021625,0.5599340654642961,2,19,seed_3,seed,3
118,A,0.27875993141145344,9.243805691426068e-4,0.7203156880194052,2,19,seed_3,seed,3
118,C,0.4378365530501731,0.0018461042704454034,0.5603173426793809,2,19,seed_3,seed,3
119,A,0.2786487198952957,8.574887565571595e-4,0.7204937913481475,2,19,seed_3,seed,3
119,C,0.43761296155849855,0.0017138610385486544,0.5606731774029532,2,19,seed_3,seed,3
120,A,0.2785455678998477,7.954267944536026e-4,0.7206590053056993,2,19,seed_3,seed,3
120,C,0.4374055064810858,0.001590982406746279,0.5610035111121683,2,19,seed_3,seed,3
121,A,0.2784498917470816,7.378475329965762e-4,0.7208122607199215,2,19,seed_3,seed,3
121,C,0.4372130284426815,0.0014768203643499372,0.5613101511929675,2,19,seed_3,seed,3
122,A,0.27836114996893313,6.844285407610126e-4,0.7209544214903062,2,19,seed_3,seed,3
122,C,0.43703445063590474,0.0013707696203539461,0.5615947797437412,2,19,seed_3,seed,3
123,A,0.2782788402639708,6.348703789205039e-4,0.7210862893571092,2,19,seed_3,seed,3
123,C,0.4368687730451311,0.0012722650887253694,0.5618589618661418,2,19,seed_3,seed,3
124,A,0.2782024966720765,5.888949909395931e-4,0.7212086083369849,2,19,seed_3,seed,3
124,C,0.43671506705941626,0.0011807794773366189,0.5621041534632468,2,19,seed_3,seed,3
125,A,0.2781316869516909,5.46244200807157e-4,0.721322068847502,2,19,seed_3,seed,3
125,C,0.4365724704503268,0.0010958209835720755,0.5623317085661013,2,19,seed_3,seed,3
126,A,0.27806601014537596,5.066783130224127e-4,0.7214273115416012,2,19,seed_3,seed,3
126,C,0.4364401826920463,0.0010169310977847248,0.5625428862101691,2,19,seed_3,seed,3
127,A,0.27800509432034254,4.699748079583627e-4,0.7215249308716984,2,19,seed_3,seed,3
127,C,0.436317460602093,9.436825146250759e-4,0.5627388568832806,2,19,seed_3,seed,3
128,A,0.27794859447147613,4.3592712662152865e-4,0.7216154784019015,2,19,seed_3,seed,3
128,C,0.43620361428203624,8.756771513892898e-4,0.5629207085665752,2,19,seed_3,seed,3
129,A,0.2778961905752497,4.043435391169216e-4,0.7216994658856332,2,19,seed_3,seed,3
129,C,0.4360980033386457,8.125442716939401e-4,0.563089452389661,2,19,seed_3,seed,3
130,A,0.2778475857837517,3.7504609138838853e-4,0.7217773681248596,2,19,seed_3,seed,3
130,C,0.43600003336711324,7.539387120326125e-4,0.5632460279208535,2,19,seed_3,seed,3
131,A,0.27780250474883744,3.478696250952502e-4,0.7218496256260675,2,19,seed_3,seed,3
131,C,0.43590915267903013,6.995392082155791e-4,0.5633913081127563,2,19,seed_3,seed,3
132,A,0.27776069206708265,3.2266086579140944e-4,0.7219166470671259,2,19,seed_3,seed,3
132,C,0.43582484925882886,6.490468183333672e-4,0.5635261039228376,2,19,seed_3,seed,3
133,A,0.27772191083690306,2.992775748628362e-4,0.7219788115882347,2,19,seed_3,seed,3
133,C,0.4357466479333828,6.021834386353968e-4,0.5636511686279821,2,19,seed_3,seed,3
134,A,0.2776859413197773,2.7758776094853003e-4,0.7220364709192746,2,19,seed_3,seed,3
134,C,0.4356741077403192,5.586904085234332e-4,0.5637672018511566,2,19,seed_3,seed,3
135,A,0.2776525796981197,2.5746894682670407e-4,0.7220899513550534,2,19,seed_3,seed,3
135,C,0.43560681948159197,5.183272007265924e-4,0.5638748533176812,2,19,seed_3,seed,3
136,A,0.27762163692284536,2.3880748799497663e-4,0.7221395555891601,2,19,seed_3,seed,3
136,C,0.43554440344963186,4.808701926612068e-4,0.5639747263577072,2,19,seed_3,seed,3
137,A,0.27759293764418347,2.2149793941008016e-4,0.7221855644164068,2,19,seed_3,seed,3
137,C,0.43548650731426214,4.46111514976284e-4,0.5640673811707598,2,19,seed_3,seed,3
138,A,0.2775663192197627,2.0544246707818517e-4,0.7222282383131592,2,19,seed_3,seed,3
138,C,0.4354328041592944,4.1385797332360623e-4,0.5641533378673824,2,19,seed_3,seed,3
139,A,0.2775416307943886,1.905503014002196e-4,0.7222678189042102,2,19,seed_3,seed,3
139,C,0.4353829906584362,3.8393003945434614e-4,0.5642330793021075,2,19,seed_3,seed,3
140,A,0.2775187324463755,1.7673722936975968e-4,0.7223045303242548,2,19,seed_3,seed,3
140,C,0.43533678538089127,3.561609078083932e-4,0.5643070537112997,2,19,seed_3,seed,3
141,A,0.27749749439557203,1.6392512296776776e-4,0.7223385804814602,2,19,seed_3,seed,3
141,C,0.43529392721744775,3.3039561403049207e-4,0.5643756771685221,2,19,seed_3,seed,3
142,A,0.2774777962687181,1.520415011536964e-4,0.7223701622301277,2,19,seed_3,seed,3
142,C,0.43525417391886234,3.0649021162350174e-4,0.5644393358695134,2,19,seed_3,seed,3
143,A,0.27745952641795035,1.410191231363764e-4,0.7223994544589133,2,19,seed_3,seed,3
143,C,0.43521730073856685,2.8431100341268076e-4,0.5644983882580209,2,19,seed_3,seed,3
144,A,0.27744258128862653,1.3079561073268335e-4,0.7224266231006408,2,19,seed_3,seed,3
144,C,0.4351830991723319,2.637338245381535e-4,0.5645531670031291,2,19,seed_3,seed,3
145,A,0.2774268648329006,1.2131309776683031e-4,0.7224518220693323,2,19,seed_3,seed,3
145,C,0.4351513757880885,2.4464337382429694e-4,0.5646039808380862,2,19,seed_3,seed,3
146,A,0.27741228796574724,1.125179045937033e-4,0.7224751941296599,2,19,seed_3,seed,3
146,C,0.43512195113953267,2.2693259049761118e-4,0.5646511162699691,2,19,seed_3,seed,3
147,A,0.27739876806038016,1.0436023596538276e-4,0.7224968717036555,2,19,seed_3,seed,3
147,C,0.43509465875760267,2.1050207338968444e-4,0.5646948391690093,2,19,seed_3,seed,3
148,A,0.27738622848020583,9.679390058822157e-5,0.7225169776192054,2,19,seed_3,seed,3
148,C,0.43506934421430976,1.9525953992673555e-4,0.5647353962457634,2,19,seed_3,seed,3
149,A,0.2773745981446796,8.97760508324048e-5,0.7225356258044878,2,19,seed_3,seed,3
149,C,0.43504586425378183,1.811193223510048e-4,0.5647730164238665,2,19,seed_3,seed,3
150,A,0.2773638111265983,8.326694116011365e-5,0.7225529219322417,2,19,seed_3,seed,3
150,C,0.43502408598572406,1.6800189875123127e-4,0.5648079121155258,2,19,seed_3,seed,3
151,A,0.2773538062785716,7.722970393707482e-5,0.7225689640174908,2,19,seed_3,seed,3
151,C,0.4350038861368636,1.5583345661313754e-4,0.5648402804065231,2,19,seed_3,seed,3
152,A,0.2773445268865514,7.163014138634e-5,0.7225838429720617,2,19,seed_3,seed,3
152,C,0.4349851503562609,1.445454867365609e-4,0.5648703041570021,2,19,seed_3,seed,3
153,A,0.27733592034846244,6.64365325311003e-5,0.7225976431190062,2,19,seed_3,seed,3
153,C,0.43496777257060654,1.3407440549649237e-4,0.5648981530238986,2,19,seed_3,seed,3
154,A,0.2773279378761215,6.16194540545288e-5,0.722610442669824,2,19,seed_3,seed,3
154,C,0.43495165438595823,1.243612035471809e-4,0.5649239844104941,2,19,seed_3,seed,3
155,A,0.2773205342187544,5.715161407984551e-5,0.7226223141671655,2,19,seed_3,seed,3
155,C,0.43493670453259115,1.1535111918349932e-4,0.5649479443482238,2,19,seed_3,seed,3
156,A,0.2773136674065494,5.300769794404045e-5,0.722633324895507,2,19,seed_3,seed,3
156,C,0.4349228383498551,1.0699333468435973e-4,0.5649701683154587,2,19,seed_3,seed,3
157,A,0.2773072985127968,4.9164225104396934e-5,0.7226435372620986,2,19,seed_3,seed,3
157,C,0.4349099773081951,9.92406940692479e-5,0.5649907819977364,2,19,seed_3,seed,3
158,A,0.27730139143326693,4.5599416378185235e-5,0.7226530091503546,2,19,seed_3,seed,3
158,C,0.4348980485656446,9.204944079964593e-5,0.5650099019935582,2,19,seed_3,seed,3
159,A,0.2772959126815782,4.2293070772740204e-5,0.7226617942476492,2,19,seed_3,seed,3
159,C,0.4348869845563449,8.537897405174148e-5,0.5650276364696036,2,19,seed_3,seed,3
160,A,0.27729083119940084,3.922645121554783e-5,0.7226699423493839,2,19,seed_3,seed,3
160,C,0.4348767226087628,7.919162227476119e-5,0.565044085768963,2,19,seed_3,seed,3
161,A,0.2772861181804135,3.638217854609817e-5,0.7226774996410412,2,19,seed_3,seed,3
161,C,0.4348672045914753,7.345243284237883e-5,0.5650593429756817,2,19,seed_3,seed,3
162,A,0.27728174690702245,3.374413317059122e-5,0.7226845089598073,2,19,seed_3,seed,3
162,C,0.43485837658455645,6.812897666509611e-5,0.5650734944387774,2,19,seed_3,seed,3
163,A,0.27727769259892165,3.129736382912662e-5,0.7226910100372489,2,19,seed_3,seed,3
163,C,0.43485018857470287,6.319116672447055e-5,0.5650866202585725,2,19,seed_3,seed,3
164,A,0.2772739322726253,2.9028002962773985e-5,0.7226970397244108,2,19,seed_3,seed,3
164,C,0.4348425941723986,5.8611089554856076e-5,0.5650987947380477,2,19,seed_3,seed,3
165,A,0.2772704446111891,2.692318820446192e-5,0.7227026322006063,2,19,seed_3,seed,3
165,C,0.43483555034952454,5.436284876341471e-5,0.5651100868017127,2,19,seed_3,seed,3
166,A,0.2772672098433689,2.4970989551311297e-05,0.7227078191670792,2,19,seed_3,seed,3
166,C,0.4348290171959493,5.042241973957809e-5,0.5651205603843117,2,19,seed_3,seed,3
167,A,0.2772642096315498,2.3160341808030547e-5,0.7227126300266421,2,19,seed_3,seed,3
167,C,0.4348229576937122,4.6767514763988916e-5,0.5651302747915249,2,19,seed_3,seed,3
168,A,0.27726142696779316,2.1480981920772537e-5,0.7227170920502853,2,19,seed_3,seed,3
168,C,0.43481733750755336,4.337745778213248e-5,0.5651392850346642,2,19,seed_3,seed,3
169,A,0.2772588460774239,1.992339084823801e-5,0.7227212305317278,2,19,seed_3,seed,3
169,C,0.43481212479059866,4.02330681585066e-5,0.5651476421412434,2,19,seed_3,seed,3
170,A,0.2772564523296055,1.847873964209209e-5,0.7227250689307512,2,19,seed_3,seed,3
170,C,0.43480729000409446,3.7316552774034946e-5,0.5651553934431318,2,19,seed_3,seed,3
171,A,0.27725423215440426,1.7138839432311528e-5,0.7227286290061639,2,19,seed_3,seed,3
171,C,0.434802805750205,3.461140587350307e-5,0.565162582843922,2,19,seed_3,seed,3
172,A,0.27725217296585775,1.5896095035046413e-5,0.7227319309391073,2,19,seed_3,seed,3
172,C,0.4347986466168997,3.210231611129784e-5,0.5651692510669893,2,19,seed_3,seed,3
173,A,0.27725026309063033,1.4743461920989671e-5,0.7227349934474485,2,19,seed_3,seed,3
173,C,0.43479478903407853,2.9775080282469903e-5,0.5651754358856397,2,19,seed_3,seed,3
174,A,0.2772484917018374,1.3674406301149085e-5,0.7227378338918607,2,19,seed_3,seed,3
174,C,0.43479121114010527,2.761652326208424e-5,0.5651811723366318,2,19,seed_3,seed,3
175,A,0.27724684875766653,1.2682868104438814e-5,0.722740468374228,2,19,seed_3,seed,3
175,C,0.43478789265801526,2.561442370925803e-5,0.5651864929182754,2,19,seed_3,seed,3
176,A,0.27724532494445386,1.176322663778194e-5,0.7227429118289086,2,19,seed_3,seed,3
176,C,0.43478481478067915,2.375744512350255e-5,0.5651914277741977,2,19,seed_3,seed,3
177,A,0.2772439116238806,1.0910268734535717e-5,0.7227451781073844,2,19,seed_3,seed,3
177,C,0.43478196006428693,2.203507187012775e-5,0.565196004863844,2,19,seed_3,seed,3
178,A,0.2772426007840088,1.0119159211087462e-5,0.7227472800567798,2,19,seed_3,seed,3
178,C,0.4347793123295469,2.0437549818609306e-5,0.5652002501206339,2,19,seed_3,seed,3
179,A,0.2772413849938558,9.385413464487776e-6,0.7227492295926801,2,19,seed_3,seed,3
179,C,0.4347768565700449,1.8955831263043707e-5,0.5652041875986908,2,19,seed_3,seed,3
180,A,0.2772402573612719,8.704872056045709e-6,0.722751037766672,2,19,seed_3,seed,3
180,C,0.4347745788672312,1.7581523817225777e-5,0.5652078396089516,2,19,seed_3,seed,3
181,A,0.27723921149386743,8.073677137168682e-6,0.7227527148289962,2,19,seed_3,seed,3
181,C,0.43477246631157945,1.6306842999176324e-5,0.5652112268454224,2,19,seed_3,seed,3
182,A,0.2772382414627724,7.488250583811077e-6,0.7227542702866435,2,19,seed_3,seed,3
182,C,0.43477050692944735,1.5124568239315305e-5,0.5652143685023124,2,19,seed_3,seed,3
183,A,0.27723734176903075,6.945273715850381e-6,0.7227557129572538,2,19,seed_3,seed,3
183,C,0.43476868961524595,1.402800206630704e-5,0.5652172823826882,2,19,seed_3,seed,3
184,A,0.2772365073124206,6.441668486576454e-6,0.7227570510190933,2,19,seed_3,seed,3
184,C,0.43476700406851254,1.301093224190758e-5,0.5652199849992451,2,19,seed_3,seed,3
185,A,0.27723573336254576,5.974580035779647e-6,0.7227582920574188,2,19,seed_3,seed,3
185,C,0.43476544073555623,1.2067596632450306e-5,0.5652224916678121,2,19,seed_3,seed,3
186,A,0.27723501553201674,5.541360507609927e-6,0.7227594431074763,2,19,seed_3,seed,3
186,C,0.43476399075531696,1.1192650619726942e-5,0.5652248165940617,2,19,seed_3,seed,3
187,A,0.2772343497515794,5.139554041545612e-6,0.7227605106943791,2,19,seed_3,seed,3
187,C,0.4347626459091702,1.038113686819251e-5,0.5652269729539626,2,19,seed_3,seed,3
188,A,0.2772337322470465,4.766882851462062e-6,0.7227615008701017,2,19,seed_3,seed,3
188,C,0.43476139857433893,9.62845727859165e-6,0.5652289729683834,2,19,seed_3,seed,3
189,A,0.27723315951790084,4.4212343139472196e-6,0.7227624192477857,2,19,seed_3,seed,3
189,C,0.4347602416807122,8.930346970294805e-6,0.5652308279723177,2,19,seed_3,seed,3
190,A,0.2772326283174527,4.100648992715281e-6,0.7227632710335546,2,19,seed_3,seed,3
190,C,0.434759168670777,8.282850145928618e-6,0.5652325484790762,2,19,seed_3,seed,3
191,A,0.2772321356344325,3.8033095312650307e-6,0.7227640610560355,2,19,seed_3,seed,3
191,C,0.434758173462455,7.682297702397797e-6,0.5652341442398425,2,19,seed_3,seed,3
192,A,0.2772316786759228,3.5275303508462294e-6,0.7227647937937273,2,19,seed_3,seed,3
192,C,0.4347572504146351,7.125286462173529e-6,0.5652356242989031,2,19,seed_3,seed,3
193,A,0.2772312548515211,3.2717480953600682e-6,0.7227654734003836,2,19,seed_3,seed,3
193,C,0.43475639429520924,6.6086599078075505e-6,0.5652369970448825,2,19,seed_3,seed,3
194,A,0.2772308617586585,3.034512769048909e-6,0.722766103728572,2,19,seed_3,seed,3
194,C,0.4347556002514154,6.129490311054512e-6,0.5652382702582722,2,19,seed_3,seed,3
195,A,0.27723049716897963,2.8144795167530755e-6,0.7227666883515039,2,19,seed_3,seed,3
195,C,0.4347548637823388,5.685062155804839e-6,0.5652394511555051,2,19,seed_3,seed,3
196,A,0.2772301590157064,2.6104010001513053e-6,0.7227672305832926,2,19,seed_3,seed,3
196,C,0.43475418071340116,5.272856761291227e-6,0.5652405464298372,2,19,seed_3,seed,3
197,A,0.2772298453819277,2.4211203267775346e-6,0.7227677334977454,2,19,seed_3,seed,3
197,C,0.4347535471727032,4.890538018777558e-6,0.5652415622892792,2,19,seed_3,seed,3
198,A,0.27722955448972714,2.2455644917384317e-6,0.7227681999457816,2,19,seed_3,seed,3
198,C,0.4347529595690769,4.535939161199424e-6,0.5652425044917623,2,19,seed_3,seed,3
199,A,0.27722928469010705,2.0827382949609743e-6,0.7227686325715991,2,19,seed_3,seed,3
199,C,0.43475241457173597,4.2070504910360565e-6,0.565243378377771,2,19,seed_3,seed,3
200,A,0.2772290344536383,1.931718699491991e-6,0.7227690338276628,2,19,seed_3,seed,3
200,C,0.43475190909139694,3.902007997082001e-6,0.5652441889006065,2,19,seed_3,seed,3
201,A,0.2772288023617943,1.7916495988781157e-6,0.7227694059886065,2,19,seed_3,seed,3
201,C,0.4347514402627641,3.619082795813954e-6,0.5652449406544392,2,19,seed_3,seed,3
202,A,0.27722858709890463,1.6617369639568195e-6,0.7227697511641317,2,19,seed_3,seed,3
202,C,0.4347510054282992,3.3566713376471544e-6,0.5652456379003638,2,19,seed_3,seed,3
203,A,0.2772283874446993,1.541244341553851e-6,0.7227700713109588,2,19,seed_3,seed,3
203,C,0.4347506021231484,3.113286322731067e-6,0.5652462845905277,2,19,seed_3,seed,3
204,A,0.2772282022673908,1.4294886795723894e-6,0.7227703682439304,2,19,seed_3,seed,3
204,C,0.4347502280611803,2.8875482749225746e-6,0.5652468843905445,2,19,seed_3,seed,3
205,A,0.27722803051725836,1.325836454808389e-6,0.7227706436462872,2,19,seed_3,seed,3
205,C,0.4347498811220219,2.678177726284321e-6,0.5652474407002523,2,19,seed_3,seed,3
206,A,0.27722787122069575,1.2297000815412416e-6,0.7227708990792222,2,19,seed_3,seed,3
206,C,0.43474955933904325,2.483987967898539e-6,0.565247956672989,2,19,seed_3,seed,3
207,A,0.2772277234746961,1.14053458054073e-6,0.7227711359907242,2,19,seed_3,seed,3
207,C,0.4347492608882089,2.3038783259851304e-6,0.5652484352334649,2,19,seed_3,seed,3
208,A,0.2772275864417263,1.0578344896081535e-6,0.722771355723784,2,19,seed_3,seed,3
208,C,0.43474898407773943,2.1368279252815745e-6,0.5652488790943346,2,19,seed_3,seed,3
209,A,0.27722745934498527,9.811309981384272e-7,0.7227715595240166,2,19,seed_3,seed,3
209,C,0.4347487273385258,1.981889904394153e-6,0.5652492907715697,2,19,seed_3,seed,3
210,A,0.2772273414639979,9.099892894594134e-7,0.7227717485467126,2,19,seed_3,seed,3
210,C,0.43474848921522585,1.83818605038222e-6,0.565249672598723,2,19,seed_3,seed,3
211,A,0.27722723213052974,8.440060758823949e-7,0.7227719238633944,2,19,seed_3,seed,3
211,C,0.4347482683580258,1.7049018222056929e-6,0.5652500267401517,2,19,seed_3,seed,3
212,A,0.2772271307248011,7.828073124899893e-7,0.7227720864678852,2,19,seed_3,seed,3
212,C,0.4347480635149814,1.5812817348645113e-6,0.5652503552032834,2,19,seed_3,seed,3
213,A,0.277227036671973,7.260460767011518e-7,0.7227722372819498,2,19,seed_3,seed,3
213,C,0.43474787352492594,1.4666250780983206e-6,0.5652506598499952,2,19,seed_3,seed,3
214,A,0.27722694943888687,6.734006015926257e-7,0.7227723771605106,2,19,seed_3,seed,3
214,C,0.4347476973108866,1.3602819454063992e-6,0.565250942407166,2,19,seed_3,seed,3
215,A,0.27722686853104483,6.245724518277758e-7,0.7227725068965037,2,19,seed_3,seed,3
215,C,0.4347475338739808,1.2616495509026543e-6,0.5652512044764676,2,19,seed_3,seed,3
216,A,0.2772267934898037,5.792848318520739e-7,0.7227726272253643,2,19,seed_3,seed,3
216,C,0.4347473822877519,1.1701688131485917e-6,0.5652514475434359,2,19,seed_3,seed,3
217,A,0.27722672388977815,5.372810167643651e-7,0.722772738829205,2,19,seed_3,seed,3
217,C,0.4347472416929179,1.0853211866176342e-6,0.5652516729858942,2,19,seed_3,seed,3
218,A,0.27722665933642576,4.98322896968462e-7,0.7227728423406772,2,19,seed_3,seed,3
218,C,0.43474711129250604,1.0066257228454638e-6,0.565251882081771,2,19,seed_3,seed,3
219,A,0.27722659946381417,4.6218962835464514e-7,0.7227729383465574,2,19,seed_3,seed,3
219,C,0.4347469903473281,9.336363446206577e-7,0.5652520760163272,2,19,seed_3,seed,3
220,A,0.27722654393254365,4.28676380358819e-7,0.7227730273910765,2,19,seed_3,seed,3
220,C,0.4347468781717934,8.659393177756861e-7,0.5652522558888875,2,19,seed_3,seed,3
221,A,0.2772264924278247,3.9759317480231916e-7,0.7227731099790011,2,19,seed_3,seed,3
221,C,0.43474677413002505,8.031509062576241e-7,0.5652524227190691,2,19,seed_3,seed,3
222,A,0.2772264446576932,3.687638089291979e-7,0.7227731865784981,2,19,seed_3,seed,3
222,C,0.4347466776322475,7.449151971933101e-7,0.5652525774525542,2,19,seed_3,seed,3
223,A,0.2772264003513547,3.4202485653588183e-7,0.7227732576237884,2,19,seed_3,seed,3
223,C,0.4347465881314558,6.909020836282541e-7,0.5652527209664598,2,19,seed_3,seed,3
224,A,0.27722635925765127,3.172247415305873e-7,0.7227733235176065,2,19,seed_3,seed,3
224,C,0.4347465051203035,6.408053935106995e-7,0.565252854074303,2,19,seed_3,seed,3
225,A,0.2772263211436358,2.942228786704634e-7,0.7227733846334862,2,19,seed_3,seed,3
225,C,0.4347464281282323,5.943411543202432e-7,0.5652529775306132,2,19,seed_3,seed,3
226,A,0.2772262857932507,2.7288887660520213e-7,0.722773441317872,2,19,seed_3,seed,3
226,C,0.4347463567188027,5.512459835084229e-7,0.5652530920352145,2,19,seed_3,seed,3
227,A,0.2772262530061082,2.531017987091387e-7,0.722773493892094,2,19,seed_3,seed,3
227,C,0.43474629048722274,5.112755956312454e-7,0.5652531982371821,2,19,seed_3,seed,3
228,A,0.2772262225963462,2.3474947751146485e-7,0.7227735426541761,2,19,seed_3,seed,3
228,C,0.43474622905804944,4.7420341771475335e-7,0.565253296738533,2,19,seed_3,seed,3
229,A,0.2772261943915832,2.1772787883807963e-7,0.7227735878805382,2,19,seed_3,seed,3
229,C,0.4347461720830652,4.398193050076885e-7,0.565253388097629,2,19,seed_3,seed,3
230,A,0.27722616823193524,2.019405120603772e-7,0.7227736298275538,2,19,seed_3,seed,3
230,C,0.4347461192392996,4.0792834984391356e-7,0.5652534728323502,2,19,seed_3,seed,3
231,A,0.2772261439691104,1.8729788310765144e-7,0.7227736687330056,2,19,seed_3,seed,3
231,C,0.4347460702272015,3.7834977686467503e-7,0.5652535514230217,2,19,seed_3,seed,3
232,A,0.27722612146557313,1.7371698714225336e-7,0.7227737048174394,2,19,seed_3,seed,3
232,C,0.43474602476893837,3.509159183400212e-7,0.5652536243151424,2,19,seed_3,seed,3
233,A,0.2772261005937567,1.6112083802146074e-7,0.7227737382854053,2,19,seed_3,seed,3
233,C,0.4347459826068252,3.2547126378252323e-7,0.5652536919219112,2,19,seed_3,seed,3
234,A,0.27722608123534587,1.494380318786077e-7,0.7227737693266229,2,19,seed_3,seed,3
234,C,0.4347459435018595,3.0187157846731337e-7,0.5652537546265615,2,19,seed_3,seed,3
235,A,0.27722606328060395,1.3860234234941743e-7,0.7227737981170537,2,19,seed_3,seed,3
235,C,0.43474590723237116,2.799830858628866e-7,0.5652538127845436,2,19,seed_3,seed,3
236,A,0.2772260466277521,1.2855234514888283e-7,0.7227738248199026,2,19,seed_3,seed,3
236,C,0.4347458735927597,2.596817093392023e-7,0.5652538667255307,2,19,seed_3,seed,3
237,A,0.27722603118239075,1.1923106987044515e-7,0.7227738495865392,2,19,seed_3,seed,3
237,C,0.43474584239233616,2.40852368855494e-7,0.5652539167552946,2,19,seed_3,seed,3
238,A,0.2772260168569636,1.1058567637605416e-7,0.7227738725573603,2,19,seed_3,seed,3
238,C,0.43474581345423413,2.2338832731374154e-7,0.5652539631574395,2,19,seed_3,seed,3
239,A,0.2772260035702683,1.0256715850179895e-7,0.7227738938625732,2,19,seed_3,seed,3
239,C,0.4347457866144196,2.0719059208211372e-7,0.5652540061949883,2,19,seed_3,seed,3
240,A,0.277225991246975,9.513005449188985e-8,0.7227739136229708,2,19,seed_3,seed,3
240,C,0.4347457617207232,1.9216733010563407e-7,0.5652540461119462,2,19,seed_3,seed,3
241,A,0.27722597981720604,8.823219312874492e-8,0.7227739319506008,2,19,seed_3,seed,3
241,C,0.43474573863199134,1.7823335511636533e-7,0.5652540831346529,2,19,seed_3,seed,3
242,A,0.27722596921617493,8.183447563153423e-8,0.7227739489493495,2,19,seed_3,seed,3
242,C,0.4347457172173505,1.653096870889716e-7,0.5652541174729622,2,19,seed_3,seed,3
243,A,0.27722595938374867,7.59006111469152e-8,0.722773964715641,2,19,seed_3,seed,3
243,C,0.43474569735532853,1.5332301795274148e-7,0.5652541493216545,2,19,seed_3,seed,3
244,A,0.27722595026442315,7.039710383984931e-8,0.7227739793384726,2,19,seed_3,seed,3
244,C,0.43474567893380806,1.42205685530115e-7,0.565254178860507,2,19,seed_3,seed,3
245,A,0.2772259418065555,6.52927860704636e-8,0.7227739929006596,2,19,seed_3,seed,3
245,C,0.4347456618484648,1.3189473057323905e-7,0.5652542062568058,2,19,seed_3,seed,3
246,A,0.2772259339623459,6.05588112057682e-8,0.7227740054788439,2,19,seed_3,seed,3
246,C,0.43474564600274124,1.223318822489849e-7,0.5652542316653759,2,19,seed_3,seed,3
247,A,0.27722592668396745,5.6166315520887635e-8,0.7227740171497173,2,19,seed_3,seed,3
247,C,0.43474563130002675,1.13458835146289e-7,0.5652542552411374,2,19,seed_3,seed,3
248,A,0.27722591993767076,5.2094931215046715e-8,0.7227740279673976,2,19,seed_3,seed,3
248,C,0.4347456176721453,1.0523444577953664e-7,0.5652542770934089,2,19,seed_3,seed,3
249,A,0.27722591367157684,4.831334898036658e-8,0.7227740380150739,2,19,seed_3,seed,3
249,C,0.43474560501429715,9.759546849347055e-8,0.5652542973902344,2,19,seed_3,seed,3
250,A,0.2772259077325968,4.4729180049979934e-8,0.722774047538223,2,19,seed_3,seed,3
250,C,0.43474559301723664,9.03552742736198e-8,0.5652543166274894,2,19,seed_3,seed,3
251,A,0.27722590254419555,4.159798484073569e-8,0.7227740558578206,2,19,seed_3,seed,3
251,C,0.43474558253638407,8.403010625230513e-8,0.5652543334335112,2,19,seed_3,seed,3
252,A,0.27722589771899886,3.8685984080402877e-8,0.722774063595017,2,19,seed_3,seed,3
252,C,0.4347455727892249,7.814772072288718e-8,0.5652543490630546,2,19,seed_3,seed,3
253,A,0.2772258932315834,3.5977833405666044e-8,0.7227740707905839,2,19,seed_3,seed,3
253,C,0.43474556372439965,7.267712145805789e-8,0.5652543635984784,2,19,seed_3,seed,3
254,A,0.2772258890583014,3.3459262597035394e-8,0.7227740774824362,2,19,seed_3,seed,3
254,C,0.43474555529414255,6.758948209494233e-8,0.5652543771163759,2,19,seed_3,seed,3
255,A,0.2772258851771632,3.111700040154436e-8,0.7227740837058362,2,19,seed_3,seed,3
255,C,0.4347455474540317,6.285799420547506e-8,0.5652543896879741,2,19,seed_3,seed,3
256,A,0.2772258815677183,2.8938704601373643e-8,0.7227740894935766,2,19,seed_3,seed,3
256,C,0.4347455401627543,5.845772603513449e-8,0.5652544013795188,2,19,seed_3,seed,3
257,A,0.2772258782109469,2.6912896977950622e-8,0.722774094876157,2,19,seed_3,seed,3
257,C,0.4347455333818917,5.4365491130317645e-8,0.5652544122526181,2,19,seed_3,seed,3
258,A,0.2772258750891599,2.5028902828816617e-08,0.7227740998819372,2,19,seed_3,seed,3
258,C,0.4347455270757114,5.0559726162133134e-8,0.5652544223645627,2,19,seed_3,seed,3
259,A,0.27722587218590944,2.3276794718550468e-8,0.7227741045372961,2,19,seed_3,seed,3
259,C,0.4347455212109845,4.70203773028485e-8,0.5652544317686378,2,19,seed_3,seed,3
260,A,0.2772258694858957,2.16473401673435e-8,0.722774108866764,2,19,seed_3,seed,3
260,C,0.434745515756808,4.372879455628557e-8,0.5652544405143972,2,19,seed_3,seed,3
261,A,0.27722586697489227,2.0131953001575395e-8,0.7227741128931564,2,19,seed_3,seed,3
261,C,0.43474551068444245,4.066763348537341e-8,0.5652544486479236,2,19,seed_3,seed,3
262,A,0.2772258646396673,1.872264811003452e-8,0.7227741166376842,2,19,seed_3,seed,3
262,C,0.43474550596715955,3.7820763819042054e-8,0.5652544562120763,2,19,seed_3,seed,3
263,A,0.2772258624679165,1.741199936737432e-8,0.7227741201200844,2,19,seed_3,seed,3
263,C,0.43474550158010217,3.517318445688659e-8,0.565254463246713,2,19,seed_3,seed,3
264,A,0.2772258604481953,1.6193100503085948e-8,0.7227741233587042,2,19,seed_3,seed,3
264,C,0.43474549750015323,3.271094442374406e-8,0.5652544697889024,2,19,seed_3,seed,3
265,A,0.27722585856986126,1.505952870978967e-8,0.7227741263706091,2,19,seed_3,seed,3
265,C,0.4347454937058146,3.042106935767491e-8,0.5652544758731164,2,19,seed_3,seed,3
266,A,0.2772258568230169,1.400531079908132e-8,0.7227741291716722,2,19,seed_3,seed,3
266,C,0.4347454901770927,2.829149314399717e-8,0.5652544815314148,2,19,seed_3,seed,3
267,A,0.2772258551984578,1.3024891726595252e-8,0.7227741317766508,2,19,seed_3,seed,3
267,C,0.4347454868953922,2.631099433513681e-8,0.565254486793614,2,19,seed_3,seed,3
268,A,0.27722585368762354,1.2113105320429501e-8,0.7227741341992714,2,19,seed_3,seed,3
268,C,0.43474548384342193,2.4469137021275657e-8,0.5652544916874411,2,19,seed_3,seed,3
269,A,0.2772258522825519,1.1265147058688904e-8,0.722774136452301,2,19,seed_3,seed,3
269,C,0.43474548100509974,2.2756215840229057e-8,0.5652544962386846,2,19,seed_3,seed,3
270,A,0.2772258509758409,1.0476548752700248e-8,0.7227741385476113,2,19,seed_3,seed,3
270,C,0.4347454783654698,2.116320483679599e-8,0.5652545004713251,2,19,seed_3,seed,3
271,A,0.2772258497606037,9.743155002426228e-9,0.7227741404962418,2,19,seed_3,seed,3
271,C,0.4347454759106222,1.968170989403552e-8,0.5652545044076661,2,19,seed_3,seed,3
272,A,0.27722584863043626,9.061101299996074e-9,0.7227741423084619,2,19,seed_3,seed,3
272,C,0.43474547362762395,1.830392450122583e-8,0.565254508068452,2,19,seed_3,seed,3
273,A,0.2772258475793857,8.426793666531007e-9,0.7227741439938206,2,19,seed_3,seed,3
273,C,0.43474547150444237,1.702258867386882e-8,0.5652545114729698,2,19,seed_3,seed,3
274,A,0.27722584660191163,7.836889714396732e-9,0.7227741455611988,2,19,seed_3,seed,3
274,C,0.4347454695298898,1.5830950622753008e-8,0.56525451463916,2,19,seed_3,seed,3
275,A,0.2772258456928639,7.288281034614996e-9,0.7227741470188542,2,19,seed_3,seed,3
275,C,0.4347454676935627,1.4722731206077714e-8,0.5652545175837066,2,19,seed_3,seed,3
276,A,0.2772258448474528,6.778076817536832e-9,0.7227741483744703,2,19,seed_3,seed,3
276,C,0.4347454659857858,1.3692090842609859e-8,0.5652545203221249,2,19,seed_3,seed,3
277,A,0.27722584406122336,6.30358862012785e-9,0.7227741496351885,2,19,seed_3,seed,3
277,C,0.4347454643975582,1.2733598741023478e-8,0.5652545228688446,2,19,seed_3,seed,3
278,A,0.2772258433300326,5.8623161995984705e-9,0.7227741508076513,2,19,seed_3,seed,3
278,C,0.4347454629205113,1.184220428328195e-8,0.5652545252372858,2,19,seed_3,seed,3
279,A,0.2772258426500277,5.451934338730684e-9,0.7227741518980384,2,19,seed_3,seed,3
279,C,0.434745461546863,1.101321041127354e-8,0.5652545274399267,2,19,seed_3,seed,3
280,A,0.2772258420176253,5.070280593479078e-9,0.7227741529120941,2,19,seed_3,seed,3
280,C,0.43474546026937483,1.0242248876466402e-8,0.5652545294883777,2,19,seed_3,seed,3
281,A,0.2772258414294934,4.7153438982833645e-9,0.7227741538551625,2,19,seed_3,seed,3
281,C,0.4347454590813155,9.525257222166034e-9,0.5652545313934292,2,19,seed_3,seed,3
282,A,0.27722584088253227,4.385253969049481e-9,0.7227741547322136,2,19,seed_3,seed,3
282,C,0.4347454579764229,8.858457377087904e-9,0.56525453316512,2,19,seed_3,seed,3
283,A,0.2772258403738608,4.078271447959581e-9,0.722774155547868,2,19,seed_3,seed,3
283,C,0.434745456948877,8.238335747448344e-9,0.5652545348127871,2,19,seed_3,seed,3
284,A,0.27722583990079747,3.792778738179998e-9,0.7227741563064235,2,19,seed_3,seed,3
284,C,0.4347454559932638,7.661624702672548e-9,0.5652545363451124,2,19,seed_3,seed,3
285,A,0.2772258394608505,3.527271480172099e-9,0.7227741570118784,2,19,seed_3,seed,3
285,C,0.43474545510454615,7.125285357162686e-9,0.5652545377701698,2,19,seed_3,seed,3
286,A,0.2772258390517013,3.2803506246911878e-9,0.7227741576679487,2,19,seed_3,seed,3
286,C,0.4347454542780416,6.626491557397507e-9,0.5652545390954671,2,19,seed_3,seed,3
287,A,0.27722583867119355,3.0507150607033644e-9,0.722774158278091,2,19,seed_3,seed,3
287,C,0.4347454535093955,6.16261498998684e-9,0.5652545403279908,2,19,seed_3,seed,3
288,A,0.27722583831732317,2.8371547593739806e-9,0.7227741588455221,2,19,seed_3,seed,3
288,C,0.43474545279455606,5.731211332210346e-9,0.565254541474232,2,19,seed_3,seed,3
289,A,0.2772258379882244,2.6385443980008447e-9,0.7227741593732313,2,19,seed_3,seed,3
289,C,0.4347454521297589,5.330007372063682e-9,0.5652545425402341,2,19,seed_3,seed,3
290,A,0.27722583768216436,2.4538374302943247e-9,0.7227741598639991,2,19,seed_3,seed,3
290,C,0.43474545151149957,4.956889029943117e-9,0.5652545435316129,2,19,seed_3,seed,3
291,A,0.27722583739752893,2.2820605714877875e-9,0.7227741603204108,2,19,seed_3,seed,3
291,C,0.43474545093651906,4.6098902199709716e-9,0.5652545444535889,2,19,seed_3,seed,3
292,A,0.27722583713281884,2.122308669759422e-9,0.7227741607448722,2,19,seed_3,seed,3
292,C,0.43474545040179097,4.2871824901256845e-9,0.5652545453110266,2,19,seed_3,seed,3
293,A,0.2772258368866397,1.9737399385416533e-9,0.7227741611396206,2,19,seed_3,seed,3
293,C,0.434745449904495,3.9870653798777825e-9,0.5652545461084402,2,19,seed_3,seed,3
294,A,0.2772258366576939,1.8355715181725513e-9,0.7227741615067349,2,19,seed_3,seed,3
294,C,0.4347454494420115,3.7079574704293355e-9,0.5652545468500308,2,19,seed_3,seed,3
295,A,0.27722583644477466,1.7070753518180768e-9,0.7227741618481497,2,19,seed_3,seed,3
295,C,0.434745449011904,3.44838804756849e-9,0.5652545475397085,2,19,seed_3,seed,3
296,A,0.2772258362467609,1.5875743490873004e-9,0.7227741621656646,2,19,seed_3,seed,3
296,C,0.43474544861190517,3.2069893519809707e-9,0.5652545481811065,2,19,seed_3,seed,3
297,A,0.27722583606260875,1.4764388182079296e-9,0.7227741624609522,2,19,seed_3,seed,3
297,C,0.4347454482399066,2.9824893720652276e-9,0.5652545487776044,2,19,seed_3,seed,3
298,A,0.2772258358913478,1.3730831479618397e-9,0.7227741627355694,2,19,seed_3,seed,3
298,C,0.43474544789394926,2.7737051412742835e-9,0.5652545493323445,2,19,seed_3,seed,3
299,A,0.2772258357320758,1.2769627218964865e-9,0.7227741629909612,2,19,seed_3,seed,3
299,C,0.4347454475722115,2.5795365046657392e-9,0.5652545498482527,2,19,seed_3,seed,3
300,A,0.27722583558395303,1.1875710485520832e-9,0.7227741632284753,2,19,seed_3,seed,3
300,C,0.4347454472729945,2.3989603218138925e-9,0.5652545503280444,2,19,seed_3,seed,3
301,A,0.27722583544619983,1.104437092582648e-9,0.7227741634493634,2,19,seed_3,seed,3
301,C,0.4347454469947248,2.2310250755372815e-9,0.5652545507742502,2,19,seed_3,seed,3
302,A,0.2772258353180893,1.0271227927076857e-9,0.7227741636547882,2,19,seed_3,seed,3
302,C,0.4347454467359355,2.0748458580330086e-9,0.5652545511892191,2,19,seed_3,seed,3
303,A,0.27722583519894745,9.552207534157265e-10,0.7227741638458318,2,19,seed_3,seed,3
303,C,0.43474544649526087,1.929599707998437e-9,0.5652545515751383,2,19,seed_3,seed,3
304,A,0.27722583508814586,8.883520982564676e-10,0.7227741640235033,2,19,seed_3,seed,3
304,C,0.43474544627143547,1.7945212741697523e-9,0.5652545519340434,2,19,seed_3,seed,3
305,A,0.27722583498510045,8.261644734097829e-10,0.7227741641887351,2,19,seed_3,seed,3
305,C,0.43474544606327864,1.668898782427255e-9,0.5652545522678225,2,19,seed_3,seed,3
306,A,0.27722583488926855,7.683301910117173e-10,0.7227741643424014,2,19,seed_3,seed,3
306,C,0.43474544586969255,1.5520702852166582e-9,0.5652545525782372,2,19,seed_3,seed,3
307,A,0.2772258348001455,7.145445024539722e-10,0.7227741644853103,2,19,seed_3,seed,3
307,C,0.4347454456896595,1.4434201735233912e-9,0.5652545528669205,2,19,seed_3,seed,3
308,A,0.27722583471726103,6.645239925583258e-10,0.7227741646182149,2,19,seed_3,seed,3
308,C,0.43474544552222794,1.3423759330202655e-9,0.5652545531353954,2,19,seed_3,seed,3
309,A,0.2772258346401791,6.180050861642955e-10,0.7227741647418157,2,19,seed_3,seed,3
309,C,0.4347454453665179,1.2484051272956067e-9,0.5652545533850771,2,19,seed_3,seed,3
310,A,0.27722583456849326,5.747426592607638e-10,0.7227741648567645,2,19,seed_3,seed,3
310,C,0.43474544522170777,1.1610125922654656e-9,0.5652545536172803,2,19,seed_3,seed,3
311,A,0.27722583450182503,5.345087473972792e-10,0.7227741649636664,2,19,seed_3,seed,3
311,C,0.43474544508703417,1.079737826984076e-9,0.5652545538332255,2,19,seed_3,seed,3
312,A,0.27722583443982385,4.970913444640755e-10,0.7227741650630846,2,19,seed_3,seed,3
312,C,0.4347454449617901,1.00415256710801e-9,0.5652545540340574,2,19,seed_3,seed,3
313,A,0.2772258343821637,4.6229328518779943e-10,0.7227741651555436,2,19,seed_3,seed,3
313,C,0.43474544484531213,9.33858528241076e-10,0.5652545542208293,2,19,seed_3,seed,3
314,A,0.27722583432853964,4.299312067183036e-10,0.7227741652415294,2,19,seed_3,seed,3
314,C,0.43474544473698834,8.684853072190555e-10,0.5652545543945271,2,19,seed_3,seed,3
315,A,0.2772258342786689,3.998345822220011e-10,0.7227741653214961,2,19,seed_3,seed,3
315,C,0.434745444636247,8.076884303372155e-10,0.5652545545560633,2,19,seed_3,seed,3
316,A,0.27722583423228997,3.718448223173666e-10,0.7227741653958653,2,19,seed_3,seed,3
316,C,0.4347454445425584,7.511475382015862e-10,0.5652545547062944,2,19,seed_3,seed,3
317,A,0.2772258341891577,3.458144394129868e-10,0.7227741654650284,2,19,seed_3,seed,3
317,C,0.43474544445542884,6.985646976466527e-10,0.565254554846006,2,19,seed_3,seed,3
318,A,0.2772258341490448,3.216062705447742e-10,0.7227741655293509,2,19,seed_3,seed,3
318,C,0.4347454443743987,6.496628318244763e-10,0.5652545549759392,2,19,seed_3,seed,3
319,A,0.27722583411173946,2.990927546172149e-10,0.7227741655891677,2,19,seed_3,seed,3
319,C,0.43474544429904044,6.041842601927814e-10,0.5652545550967775,2,19,seed_3,seed,3
320,A,0.27722583407704604,2.781552602401812e-10,0.7227741656447993,2,19,seed_3,seed,3
320,C,0.43474544422895683,5.618893407087684e-10,0.565254555209154,2,19,seed_3,seed,3
321,A,0.2772258340447809,2.586834606194449e-10,0.7227741656965351,2,19,seed_3,seed,3
321,C,0.43474544416378086,5.225552070738822e-10,0.5652545553136662,2,19,seed_3,seed,3
322,A,0.2772258340147745,2.4057475220698e-10,0.7227741657446507,2,19,seed_3,seed,3
322,C,0.4347454441031653,4.859745943756507e-10,0.5652545554108587,2,19,seed_3,seed,3
323,A,0.27722583398686873,2.2373371404770896e-10,0.7227741657893969,2,19,seed_3,seed,3
323,C,0.4347454440467948,4.519547469385365e-10,0.5652545555012519,2,19,seed_3,seed,3
324,A,0.27722583396091666,2.0807160497381162e-10,0.722774165831012,2,19,seed_3,seed,3
324,C,0.4347454439943689,4.2031640262884827e-10,0.5652545555853136,2,19,seed_3,seed,3
325,A,0.2772258339367811,1.9350589599713301e-10,0.7227741658697128,2,19,seed_3,seed,3
325,C,0.43474544394561415,3.9089284826172095e-10,0.5652545556634926,2,19,seed_3,seed,3
326,A,0.2772258339143357,1.799598354357025e-10,0.722774165905705,2,19,seed_3,seed,3
326,C,0.4347454439002725,3.635290411327485e-10,0.5652545557361983,2,19,seed_3,seed,3
327,A,0.2772258338934604,1.6736204448286782e-10,0.7227741659391762,2,19,seed_3,seed,3
327,C,0.43474544385810493,3.3808079204534126e-10,0.5652545558038147,2,19,seed_3,seed,3
328,A,0.2772258338740472,1.55646141087955e-10,0.7227741659703062,2,19,seed_3,seed,3
328,C,0.43474544381888836,3.1441400552889676e-10,0.5652545558666978,2,19,seed_3,seed,3
329,A,0.27722583385599303,1.4475039016655028e-10,0.7227741659992568,2,19,seed_3,seed,3
329,C,0.4347454437824181,2.924039732442341e-10,0.5652545559251778,2,19,seed_3,seed,3
330,A,0.2772258338392023,1.3461737829724363e-10,0.7227741660261799,2,19,seed_3,seed,3
330,C,0.4347454437484997,2.7193471685301183e-10,0.5652545559795651,2,19,seed_3,seed,3
331,A,0.27722583382358745,1.2519371117467411e-10,0.7227741660512191,2,19,seed_3,seed,3
331,C,0.43474544371695606,2.5289837689377684e-10,0.5652545560301439,2,19,seed_3,seed,3
332,A,0.27722583380906546,1.1642973225570562e-10,0.7227741660745044,2,19,seed_3,seed,3
332,C,0.43474544368762214,2.351946444343467e-10,0.5652545560771834,2,19,seed_3,seed,3
333,A,0.27722583379556015,1.0827926121187933e-10,0.7227741660961609,2,19,seed_3,seed,3
333,C,0.4347454436603404,2.1873023247389113e-10,0.5652545561209305,2,19,seed_3,seed,3
334,A,0.27722583378300003,1.0069935043646348e-10,0.7227741661163002,2,19,seed_3,seed,3
334,C,0.43474544363496803,2.034183844315751e-10,0.5652545561616139,2,19,seed_3,seed,3
335,A,0.2772258337713197,9.36500587991435e-11,0.7227741661350304,2,19,seed_3,seed,3
335,C,0.4347454436113726,1.8917841697742657e-10,0.5652545561994491,2,19,seed_3,seed,3
336,A,0.27722583376045645,8.709424118258473e-11,0.7227741661524497,2,19,seed_3,seed,3
336,C,0.43474544358942835,1.7593529488446623e-10,0.5652545562346357,2,19,seed_3,seed,3
337,A,0.2772258337503539,8.099735275215014e-11,0.7227741661686489,2,19,seed_3,seed,3
337,C,0.4347454435690206,1.63619235642607e-10,0.5652545562673602,2,19,seed_3,seed,3
338,A,0.27722583374095844,7.53272669273966e-11,0.7227741661837149,2,19,seed_3,seed,3
338,C,0.43474544355004135,1.5216534175090148e-10,0.5652545562977934,2,19,seed_3,seed,3
339,A,0.27722583373222104,7.00541060961783e-11,0.7227741661977257,2,19,seed_3,seed,3
339,C,0.43474544353239053,1.4151325875056385e-10,0.5652545563260961,2,19,seed_3,seed,3
340,A,0.27722583372409465,6.515008417932945e-11,0.722774166210755,2,19,seed_3,seed,3
340,C,0.4347454435159758,1.3160685719682257e-10,0.5652545563524167,2,19,seed_3,seed,3
341,A,0.2772258337165374,6.05893602163461e-11,0.7227741662228728,2,19,seed_3,seed,3
341,C,0.4347454435007105,1.223939368938057e-10,0.5652545563768967,2,19,seed_3,seed,3
342,A,0.27722583370950954,5.634790220056053e-11,0.7227741662341427,2,19,seed_3,seed,3
342,C,0.43474544348651295,1.1382595183397604e-10,0.5652545563996613,2,19,seed_3,seed,3
343,A,0.27722583370297327,5.240336044630864e-11,0.7227741662446233,2,19,seed_3,seed,3
343,C,0.43474544347330984,1.0585775439272334e-10,0.5652545564208322,2,19,seed_3,seed,3
344,A,0.2772258336968943,4.873494982082028e-11,0.7227741662543704,2,19,seed_3,seed,3
344,C,0.4347454434610314,9.844735743019276e-11,0.5652545564405218,2,19,seed_3,seed,3
345,A,0.27722583369124165,4.5323340220271005e-11,0.7227741662634346,2,19,seed_3,seed,3
345,C,0.4347454434496111,9.15557130467777e-11,0.5652545564588335,2,19,seed_3,seed,3
346,A,0.2772258336859844,4.215055471287773e-11,0.7227741662718653,2,19,seed_3,seed,3
346,C,0.43474544343899085,8.514650682647338e-11,0.5652545564758631,2,19,seed_3,seed,3
347,A,0.27722583368109505,3.919987481231883e-11,0.7227741662797049,2,19,seed_3,seed,3
347,C,0.4347454434291145,7.918596648387848e-11,0.5652545564916995,2,19,seed_3,seed,3
348,A,0.27722583367654813,3.645575238233268e-11,0.7227741662869952,2,19,seed_3,seed,3
348,C,0.434745443419929,7.364268390655049e-11,0.5652545565064289,2,19,seed_3,seed,3
349,A,0.27722583367231934,3.39037277082894e-11,0.7227741662937761,2,19,seed_3,seed,3
349,C,0.4347454434113869,6.848744965498933e-11,0.565254556520126,2,19,seed_3,seed,3
350,A,0.27722583366838643,3.1530353304027575e-11,0.7227741663000826,2,19,seed_3,seed,3
350,C,0.4347454434034426,6.369309904817691e-11,0.5652545565328636,2,19,seed_3,seed,3
351,A,0.27722583366472947,2.932312306032744e-11,0.7227741663059477,2,19,seed_3,seed,3
351,C,0.4347454433960543,5.923436902669066e-11,0.5652545565447112,2,19,seed_3,seed,3
352,A,0.27722583366132786,2.7270406346576506e-11,0.7227741663114018,2,19,seed_3,seed,3
352,C,0.43474544338918264,5.508776503327728e-11,0.5652545565557282,2,19,seed_3,seed,3
353,A,0.2772258336581646,2.5361386671321576e-11,0.7227741663164734,2,19,seed_3,seed,3
353,C,0.4347454433827932,5.123143719121407e-11,0.5652545565659758,2,19,seed_3,seed,3
354,A,0.27722583365522246,2.3586004760764885e-11,0.7227741663211907,2,19,seed_3,seed,3
354,C,0.43474544337685006,4.764506519885701e-11,0.5652545565755039,2,19,seed_3,seed,3
355,A,0.2772258336524872,2.1934905524001534e-11,0.7227741663255787,2,19,seed_3,seed,3
355,C,0.43474544337132437,4.4309751243650933e-11,0.5652545565843659,2,19,seed_3,seed,3
356,A,0.2772258336499425,2.039938875785388e-11,0.7227741663296582,2,19,seed_3,seed,3
356,C,0.4347454433661845,4.120792042313465e-11,0.5652545565926081,2,19,seed_3,seed,3
357,A,0.27722583364757664,1.897136330252972e-11,0.7227741663334525,2,19,seed_3,seed,3
357,C,0.43474544336140436,3.832322813680977e-11,0.5652545566002718,2,19,seed_3,seed,3
358,A,0.27722583364537606,1.7643304406536938e-11,0.7227741663369809,2,19,seed_3,seed,3
358,C,0.4347454433569594,3.56404739608882e-11,0.5652545566074005,2,19,seed_3,seed,3
359,A,0.2772258336433289,1.640821407619805e-11,0.7227741663402621,2,19,seed_3,seed,3
359,C,0.43474544335282533,3.3145521552094975e-11,0.5652545566140295,2,19,seed_3,seed,3
360,A,0.27722583364142594,1.525958420083261e-11,0.7227741663433142,2,19,seed_3,seed,3
360,C,0.4347454433489804,3.0825224158473156e-11,0.5652545566201954,2,19,seed_3,seed,3
361,A,0.2772258336396558,1.4191362259301549e-11,0.7227741663461524,2,19,seed_3,seed,3
361,C,0.4347454433454045,2.8667355344681765e-11,0.5652545566259286,2,19,seed_3,seed,3
362,A,0.2772258336380096,1.319791942720994e-11,0.7227741663487921,2,19,seed_3,seed,3
362,C,0.434745443342079,2.6660544566753798e-11,0.5652545566312603,2,19,seed_3,seed,3
363,A,0.2772258336364792,1.2274020916713053e-11,0.7227741663512468,2,19,seed_3,seed,3
363,C,0.4347454433389868,2.4794217256837322e-11,0.5652545566362183,2,19,seed_3,seed,3
364,A,0.27722583363505504,1.1414798392636424e-11,0.7227741663535295,2,19,seed_3,seed,3
364,C,0.4347454433361118,2.3058539102204755e-11,0.5652545566408315,2,19,seed_3,seed,3
365,A,0.2772258336337311,1.0615724319560506e-11,0.7227741663556525,2,19,seed_3,seed,3
365,C,0.43474544333343657,2.1444364224918006e-11,0.5652545566451198,2,19,seed_3,seed,3
0,A,0.9989999999999999,9.999999999999998e-4,0,3,19,seed_3,seed,3
0,C,0.9990000000000001,0.0010000000000000002,0,3,19,seed_3,seed,3
1,A,0.9985596934563618,0.0012188344315176027,2.2147211212088198e-4,3,19,seed_3,seed,3
1,C,0.9986561540743603,0.0011309254730436891,2.1292045259650087e-4,3,19,seed_3,seed,3
2,A,0.9980514959038469,0.001459491173117664,4.890129230355148e-4,3,19,seed_3,seed,3
2,C,0.9982745390682917,0.0012723746140322894,4.5308631767635143e-4,3,19,seed_3,seed,3
3,A,0.9974763256593889,0.0017172193786851734,8.0645496192643e-4,3,19,seed_3,seed,3
3,C,0.9978530102360131,0.001424376892638111,7.226128713497481e-4,3,19,seed_3,seed,3
4,A,0.9968302887201089,0.00199251865170122,0.001177192628190355,3,19,seed_3,seed,3
4,C,0.9973884563909263,0.0015878519369947046,0.0010236916720790402,3,19,seed_3,seed,3
5,A,0.9961062296873414,0.0022887612239334406,0.0016050090887256715,3,19,seed_3,seed,3
5,C,0.9968770162636583,0.001764263507991334,0.001358720228351055,3,19,seed_3,seed,3
6,A,0.9952948127274702,0.002610672699280113,0.0020945145732487393,3,19,seed_3,seed,3
6,C,0.9963141124214293,0.001955441463573902,0.0017304461149970807,3,19,seed_3,seed,3
7,A,0.9943852960817299,0.0029633187749808095,0.0026513851432894754,3,19,seed_3,seed,3
7,C,0.9956945080569557,0.0021634421732594266,0.002142049769786205,3,19,seed_3,seed,3
8,A,0.9933662529296126,0.003351531116221531,0.0032822159541660966,3,19,seed_3,seed,3
8,C,0.9950125096830227,0.0023904038969247694,0.0025970864200541774,3,19,seed_3,seed,3
9,A,0.9922251198216651,0.0037801787162454904,0.003994701462089498,3,19,seed_3,seed,3
9,C,0.9942617520058608,0.002638619216094858,0.0030996287780439154,3,19,seed_3,seed,3
10,A,0.9909486089775986,0.00425402589660921,0.004797365125792181,3,19,seed_3,seed,3
10,C,0.9934354137933494,0.0029104444458527886,0.0036541417607973787,3,19,seed_3,seed,3
11,A,0.9895221997522003,0.0047779573320582795,0.005699842915741726,3,19,seed_3,seed,3
11,C,0.9925259697343511,0.0032083814024824924,0.0042656488631668986,3,19,seed_3,seed,3
12,A,0.9879303789388948,0.005357009711918701,0.006712611349187208,3,19,seed_3,seed,3
12,C,0.9915253380870405,0.003535049885567394,0.004939612027391994,3,19,seed_3,seed,3
13,A,0.9861564139233551,0.0059964179751561125,0.007847168101488245,3,19,seed_3,seed,3
13,C,0.990424752294364,0.003893218411699718,0.0056820292939360134,3,19,seed_3,seed,3
14,A,0.9841822413972185,0.006701650304375348,0.009116108298406178,3,19,seed_3,seed,3
14,C,0.9892146942121259,0.004285823455239513,0.006499482332634925,3,19,seed_3,seed,3
15,A,0.9819886230197942,0.007478377460770135,0.010532999519435825,3,19,seed_3,seed,3
15,C,0.9878849684820129,0.004715952952927245,0.0073990785650610005,3,19,seed_3,seed,3
16,A,0.9795547887521939,0.00833251520500146,0.012112696042804884,3,19,seed_3,seed,3
16,C,0.9864244763160649,0.005186893315860141,0.00838863036807499,3,19,seed_3,seed,3
17,A,0.97685836160239925,0.009270204217781217,0.013871434179819765,3,19,seed_3,seed,3
17,C,0.984821138054758,0.0057021405087174775,0.009476721436524577,3,19,seed_3,seed,3
18,A,0.9738756484245622,0.010297714362554269,0.015826637212883125,3,19,seed_3,seed,3
18,C,0.9830620102651075,0.006265365378917151,0.010672624355976856,3,19,seed_3,seed,3
19,A,0.9705817499647613,0.01142135714089213,0.017996892894345463,3,19,seed_3,seed,3
19,C,0.9811332938060937,0.00688039465331663,0.011986311540590868,3,19,seed_3,seed,3
20,A,0.9669505794504958,0.012647400135928724,0.020402020413575486,3,19,seed_3,seed,3
20,C,0.9790202784268203,0.007551201222477576,0.01342852035070251,3,19,seed_3,seed,3
21,A,0.9629549470774447,0.013981957315431047,0.02306309560712401,3,19,seed_3,seed,3
21,C,0.9767073107538972,0.008281885059809162,0.015010804186293775,3,19,seed_3,seed,3
22,A,0.9585667455176374,0.015430845983602828,0.02600240849876,3,19,seed_3,seed,3
22,C,0.9741778043695438,0.009076639485544265,0.01674555614491167,3,19,seed_3,seed,3
23,A,0.9537572153497805,0.016999410941056857,0.02924337370916293,3,19,seed_3,seed,3
23,C,0.9714142796895029,0.009939703940856956,0.018646016369640726,3,19,seed_3,seed,3
24,A,0.9484972733727792,0.01869231870273669,0.03281040792448488,3,19,seed_3,seed,3
24,C,0.9683984243090378,0.010875304427463237,0.02072627126349793,3,19,seed_3,seed,3
25,A,0.9427578707182771,0.02051334401144317,0.03672878527028041,3,19,seed_3,seed,3
25,C,0.9651111681341398,0.011887587285182147,0.02300124458067798,3,19,seed_3,seed,3
26,A,0.9365104889258722,0.022465088777979474,0.041024422296148715,3,19,seed_3,seed,3
26,C,0.961532799726624,0.012980525969734504,0.025486674303640305,3,19,seed_3,seed,3
27,A,0.9297277272509358,0.024548671171026996,0.04572360157803772,3,19,seed_3,seed,3
27,C,0.9576431215666612,0.014157809574745054,0.028199068858593315,3,19,seed_3,seed,3
28,A,0.9223839247069446,0.026763432076243862,0.05085264321681229,3,19,seed_3,seed,3
28,C,0.9534216420782149,0.015422724062337755,0.031155633859447352,3,19,seed_3,seed,3
29,A,0.9144558104618343,0.02910665074548594,0.056437538792679855,3,19,seed_3,seed,3
29,C,0.9488477981550247,0.016778022841119844,0.03437417900385379,3,19,seed_3,seed,3
30,A,0.9059232499172454,0.03157323553892308,0.06250351454383105,3,19,seed_3,seed,3
30,C,0.94390122747785965,0.018225773348820896,0.03787299917331956,3,19,seed_3,seed,3
31,A,0.8967700667586999,0.03415541306922894,0.06907452017207069,3,19,seed_3,seed,3
31,C,0.9385620952245755,0.019767182770809834,0.04167072200461571,3,19,seed_3,seed,3
32,A,0.8869848888481593,0.0368424548800711,0.07617265627176995,3,19,seed_3,seed,3
32,C,0.9328114726705435,0.021402411245846704,0.04578611608361115,3,19,seed_3,seed,3
33,A,0.8765619712387339,0.039620469274326685,0.08381755948694047,3,19,seed_3,seed,3
33,C,0.9266317616057383,0.02313037884155297,0.050237859552708423,3,19,seed_3,seed,3
34,A,0.865501967605676,0.04247227215845498,0.09202576023586911,3,19,seed_3,seed,3
34,C,0.9200071537133938,0.02494857233571634,0.05504427395089134,3,19,seed_3,seed,3
35,A,0.8538126298035136,0.04537734951836215,0.10081002067812414,3,19,seed_3,seed,3
35,C,0.912924127331968,0.026852853567801784,0.06022301910022985,3,19,seed_3,seed,3
36,A,0.8415093927790918,0.048311933808839275,0.1101786734120693,3,19,seed_3,seed,3
36,C,0.9053719709106189,0.028837279007500338,0.06579075008188011,3,19,seed_3,seed,3
37,A,0.8286157966276579,0.05124921530814171,0.12013498806420098,3,19,seed_3,seed,3
37,C,0.897343318186693,0.030893942263083833,0.07176273955022289,3,19,seed_3,seed,3
38,A,0.8151637031668417,0.05415970093104842,0.13067659590211037,3,19,seed_3,seed,3
38,C,0.8888346762608598,0.03301285183488567,0.07815247190425585,3,19,seed_3,seed,3
39,A,0.8011932754240848,0.05701172255800584,0.14179500201790993,3,19,seed_3,seed,3
39,C,0.8798469260478162,0.035181856066913555,0.08497121788527044,3,19,seed_3,seed,3
40,A,0.7867526988698921,0.059772087684647514,0.15347521344546006,3,19,seed_3,seed,3
40,C,0.8703857728223751,0.03738662715385245,0.092227600023772,3,19,seed_3,seed,3
41,A,0.771897634111344,0.06240685598610349,0.16569550990255222,3,19,seed_3,seed,3
41,C,0.8604621227444834,0.03961071561670069,0.09992716163881625,3,19,seed_3,seed,3
42,A,0.7566904047256031,0.06488221508571328,0.17842738018868382,3,19,seed_3,seed,3
42,C,0.8500923605879452,0.04183568494027489,0.10807195447178165,3,19,seed_3,seed,3
43,A,0.741198940584027,0.06716541856090648,0.19163564085506654,3,19,seed_3,seed,3
43,C,0.8392985053187655,0.0440413328538895,0.1166601618273443,3,19,seed_3,seed,3
44,A,0.725495513574892,0.0692257412349608,0.20527874519014602,3,19,seed_3,seed,3
44,C,0.8281082237056925,0.046206001376159066,0.12568577491814822,3,19,seed_3,seed,3
45,A,0.7096553165383208,0.07103540253245427,0.21930928092922533,3,19,seed_3,seed,3
45,C,0.8165546874564716,0.04830697261403889,0.13513833992948887,3,19,seed_3,seed,3
46,A,0.6937549463054787,0.07257040844787405,0.23367464524664652,3,19,seed_3,seed,3
46,C,0.8046762661830313,0.05032094167631912,0.14500279214064993,3,19,seed_3,seed,3
47,A,0.6778708574665758,0.07381126641402033,0.24831787611940281,3,19,seed_3,seed,3
47,C,0.7925160565534171,0.052224552272439696,0.15525939117414372,3,19,seed_3,seed,3
48,A,0.6620778543810997,0.07474353490682817,0.26317861071207144,3,19,seed_3,seed,3
48,C,0.7801212568310124,0.053994975135156775,0.1658837680338311,3,19,seed_3,seed,3
49,A,0.6464476847545259,0.07535818046248381,0.2781941347829911,3,19,seed_3,seed,3
49,C,0.7675424049160265,0.05561050494068395,0.17684709014328848,3,19,seed_3,seed,3
50,A,0.6310477893093944,0.07565172779734214,0.29330048289326316,3,19,seed_3,seed,3
50,C,0.7548325061556911,0.05705114845905481,0.18811634538525412,3,19,seed_3,seed,3
51,A,0.615940246678188,0.07562620533951504,0.3084335479822967,3,19,seed_3,seed,3
51,C,0.7420460834007654,0.05829917602088688,0.19965474057834784,3,19,seed_3,seed,3
52,A,0.6011809477955141,0.07528889234013204,0.32353015986435496,3,19,seed_3,seed,3
52,C,0.7292381869891915,0.059339608753974905,0.21142220425683447,3,19,seed_3,seed,3
53,A,0.5868190224057549,0.07465188300215528,0.3385290945920911,3,19,seed_3,seed,3
53,C,0.7164634055703826,0.06016061611141829,0.22337597831819883,3,19,seed_3,seed,3
54,A,0.5728964830954872,0.07373153289085381,0.353371984013659,3,19,seed_3,seed,3
54,C,0.7037749137603134,0.060753807402232275,0.23547127883745464,3,19,seed_3,seed,3
55,A,0.5594481017864223,0.07254779570383872,0.3680041025097389,3,19,seed_3,seed,3
55,C,0.6912235921862951,0.061114404443535296,0.24766200337016797,3,19,seed_3,seed,3
56,A,0.5465014901020453,0.07112349532091684,0.38237501457703615,3,19,seed_3,seed,3
56,C,0.67885724982357,0.061241289819056834,0.25990146035737377,3,19,seed_3,seed,3
57,A,0.5340773544321676,0.0694835717846058,0.39643907378322674,3,19,seed_3,seed,3
57,C,0.666719971431519,0.06113693270478011,0.2721430958637013,3,19,seed_3,seed,3
58,A,0.5221898907611272,0.06765433803919622,0.4101557711996767,3,19,seed_3,seed,3
58,C,0.654851604677468,0.060807201384198824,0.28434119393833157,3,19,seed_3,seed,3
59,A,0.510847284418062,0.06566277700972689,0.4234899385722102,3,19,seed_3,seed,3
59,C,0.6432873932619251,0.06026107742258777,0.2964515293154881,3,19,seed_3,seed,3
60,A,0.5000522818975924,0.06353590117305433,0.4364118169293536,3,19,seed_3,seed,3
60,C,0.6320577547811929,0.05951029057349363,0.3084319546453124,3,19,seed_3,seed,3
61,A,0.48980280480349553,0.06130019029302179,0.44889700490348217,3,19,seed_3,seed,3
61,C,0.6211881955677475,0.05856889587982455,0.3202429085524268,3,19,seed_3,seed,3
62,A,0.4800925796499934,0.05898111701910632,0.46092630333089957,3,19,seed_3,seed,3
62,C,0.6106993495553154,0.057452815239600614,0.3318478352050844,3,19,seed_3,seed,3
63,A,0.4709117615073073,0.05660276441558707,0.4724854740771063,3,19,seed_3,seed,3
63,C,0.6006071244718271,0.05617936505974346,0.3432135104684303,3,19,seed_3,seed,3
64,A,0.4622475339952399,0.05418753452972262,0.4835649314750377,3,19,seed_3,seed,3
64,C,0.5909229364307546,0.054766789705437885,0.35431027386380787,3,19,seed_3,seed,3
65,A,0.45408467265924146,0.05175594311901477,0.49415938422174444,3,19,seed_3,seed,3
65,C,0.5816540131990072,0.053233817569088834,0.36511216923190476,3,19,seed_3,seed,3
66,A,0.44640606301940255,0.04932649273747852,0.5042674442431196,3,19,seed_3,seed,3
66,C,0.5728037468549912,0.051599253117472155,0.3755970000275349,3,19,seed_3,seed,3
67,A,0.4391931682188828,0.046915614553053604,0.5138912172280633,3,19,seed_3,seed,3
67,C,0.5643720779136798,0.04988161461104794,0.3857463074752708,3,19,seed_3,seed,3
68,A,0.43242644403209657,0.044537668452840184,0.5230358875150635,3,19,seed_3,seed,3
68,C,0.5563558949802364,0.048098823632017174,0.3955452813877469,3,19,seed_3,seed,3
69,A,0.42608570114470967,0.04220499092202133,0.53170930793327,3,19,seed_3,seed,3
69,C,0.5487494363409237,0.04626794931591191,0.404982614343164,3,19,seed_3,seed,3
70,A,0.42015041632207656,0.03992798053942275,0.5399216031384997,3,19,seed_3,seed,3
70,C,0.5415446824028296,0.04440500738533643,0.41405031021183353,3,19,seed_3,seed,3
71,A,0.41459999573233286,0.03771521128372979,0.5476847929839369,3,19,seed_3,seed,3
71,C,0.5347317309708711,0.04252481126949967,0.42274345775962907,3,19,seed_3,seed,3
72,A,0.4094139935259097,0.03557356579569512,0.5550124406783951,3,19,seed_3,seed,3
72,C,0.5282991477780318,0.04064087272359612,0.4310599794983711,3,19,seed_3,seed,3
73,A,0.4045722891107739,0.03350838188322812,0.5619193290059986,3,19,seed_3,seed,3
73,C,0.5222342864889737,0.038765348228895914,0.4390003652821309,3,19,seed_3,seed,3
74,A,0.40005523124829023,0.031523602443653945,0.5684211663080566,3,19,seed_3,seed,3
74,C,0.5165235826294458,0.0369090187012223,0.44656739866933237,3,19,seed_3,seed,3
75,A,0.39584374959261387,0.029621927621803382,0.574534322785582,3,19,seed_3,seed,3
75,C,0.5111528140276919,0.03508130316645345,0.4537658828058544,3,19,seed_3,seed,3
76,A,0.39191943877668306,0.02780496428328484,0.580275596940032,3,19,seed_3,seed,3
76,C,0.5061073293482822,0.03329029900110629,0.4606023716506118,3,19,seed_3,seed,3
77,A,0.3882646191203273,0.02607336952938432,0.585662011350289,3,19,seed_3,seed,3
77,C,0.5013722459820714,0.03154284265330219,0.4670849113646261,3,19,seed_3,seed,3
78,A,0.3848623778117121,0.024426985802914573,0.5907106363853737,3,19,seed_3,seed,3
78,C,0.49693261945941053,0.02984458507046836,0.47322279547012086,3,19,seed_3,seed,3
79,A,0.3816965937536895,0.02286496624452941,0.5954384400017816,3,19,seed_3,seed,3
79,C,0.4927735864565611,0.028200077316024034,0.47902633622741564,3,19,seed_3,seed,3
80,A,0.3787519488190972,0.02138588962334847,0.5998621615575537,3,19,seed_3,seed,3
80,C,0.48888048348969354,0.026612862697476033,0.4845066538128287,3,19,seed_3,seed,3
81,A,0.37601392800425454,0.019987864480550416,0.603998207515195,3,19,seed_3,seed,3
81,C,0.48523894362901976,0.02508557211889533,0.4896754842520839,3,19,seed_3,seed,3
82,A,0.3734688107098768,0.018668622401328546,0.607862566888796,3,19,seed_3,seed,3
82,C,0.48183497373041917,0.023620019768836095,0.4945450065007447,3,19,seed_3,seed,3
83,A,0.3711036550560163,0.01742560065264529,0.6114707442913396,3,19,seed_3,seed,3
83,C,0.4786550146269706,0.0222172968480262,0.4991276885250041,3,19,seed_3,seed,3
84,A,0.36890627682312777,0.01625601468607084,0.614837708490802,3,19,seed_3,seed,3
84,C,0.4756859865309402,0.02087786166979751,0.5034361517992639,3,19,seed_3,seed,3
85,A,0.36686522435445684,0.015156921146246078,0.6179778544992969,3,19,seed_3,seed,3
85,C,0.4729153216943772,0.019601624957021307,0.5074830533486026,3,19,seed_3,seed,3
86,A,0.3649697505409529,0.014125272090941414,0.6209049773681057,3,19,seed_3,seed,3
86,C,0.4703309862050548,0.01838802950762173,0.5112809842873228,3,19,seed_3,seed,3
87,A,0.36320978281688465,0.013157961170931638,0.6236322560121844,3,19,seed_3,seed,3
87,C,0.4679214926313091,0.017236123687304684,0.5148423836813871,3,19,seed_3,seed,3
88,A,0.3615758919250502,0.012251862540264358,0.6261722455346852,3,19,seed_3,seed,3
88,C,0.46567590505220235,0.016144628473511845,0.5181794664742856,3,19,seed_3,seed,3
89,A,0.3600592600705372,0.011403863258539674,0.6285368766709236,3,19,seed_3,seed,3
89,C,0.46358383782343093,0.015111998002748952,0.5213041641738185,3,19,seed_3,seed,3
90,A,0.3586516489627619,0.010610889915502878,0.6307374611217355,3,19,seed_3,seed,3
90,C,0.4616354492514249,0.01413647374351289,0.524228077005062,3,19,seed_3,seed,3
91,A,0.3573453681223375,0.009869930184936135,0.632784701692726,3,19,seed_3,seed,3
91,C,0.45982143115832175,0.013216132561985849,0.5269624362796917,3,19,seed_3,seed,3
92,A,0.3561332437910119,0.009178049920166312,0.6346887062888228,3,19,seed_3,seed,3
92,C,0.45813299528248913,0.012348928929805186,0.529518075787705,3,19,seed_3,seed,3
93,A,0.35500858871587854,0.00853240635336785,0.6364590049307534,3,19,seed_3,seed,3
93,C,0.45656185734383353,0.011532731582707083,0.5319054110734588,3,19,seed_3,seed,3
94,A,0.35396517279096285,0.007930258124781034,0.638104569084256,3,19,seed_3,seed,3
94,C,0.45510021903932074,0.010765355404311151,0.5341344255563684,3,19,seed_3,seed,3
95,A,0.35299719487247955,0.007368972430529453,0.6396338326969903,3,19,seed_3,seed,3
95,C,0.4537407488544117,0.010044588600321916,0.5362146625452671,3,19,seed_3,seed,3
96,A,0.35209925580845597,0.006846029769256954,0.6410547144222882,3,19,seed_3,seed,3
96,C,0.4524765620549273,0.009368215676746628,0.5381552222683258,3,19,seed_3,seed,3
97,A,0.35126633272307073,0.006359026690199818,0.6423746405867286,3,19,seed_3,seed,3
97,C,0.4513012002091223,0.008734036672588753,0.5399647631182892,3,19,seed_3,seed,3
98,A,0.35049375456643467,0.00590567689810681,0.6436005685354586,3,19,seed_3,seed,3
98,C,0.45020861051236805,0.008139883084626971,0.5416515064030043,3,19,seed_3,seed,3
99,A,0.34977717893924076,0.005483811003429415,0.6447390100573289,3,19,seed_3,seed,3
99,C,0.4491931251623457,0.007583630858371637,0.5432232439792832,3,19,seed_3,seed,3
100,A,0.3491125701906042,0.005091375163004743,0.6457960546463923,3,19,seed_3,seed,3
100,C,0.44824944099528663,0.007063210783126225,0.5446873482215882,3,19,seed_3,seed,3
101,A,0.3484961787673599,0.004726428832206499,0.6467773924004335,3,19,seed_3,seed,3
101,C,0.44737259954204717,0.006576616618111884,0.5460507838398387,3,19,seed_3,seed,3
102,A,0.34792452177812594,0.0043871418244079774,0.6476883363974663,3,19,seed_3,seed,3
102,C,0.4465579676179407,0.0061219112605107335,0.5473201211215514,3,19,seed_3,seed,3
103,A,0.3473943647298127,0.004071790842294239,0.6485338444278935,3,19,seed_3,seed,3
103,C,0.4458012185315585,0.00569723123460424,0.5485015502338376,3,19,seed_3,seed,3
104,A,0.34690270439241083,0.0037787556162167325,0.6493185399913728,3,19,seed_3,seed,3
104,C,0.44509831397865696,0.005300789745889524,0.5496008962754537,3,19,seed_3,seed,3
105,A,0.34644675274498304,0.003506514762927305,0.6500467324920906,3,19,seed_3,seed,3
105,C,0.444445486668827,0.004930878516138917,0.5506236348150338,3,19,seed_3,seed,3
106,A,0.34602392195248993,0.003253641461205944,0.6507224365863022,3,19,seed_3,seed,3
106,C,0.4438392237147277,0.004585868593818752,0.5515749076914539,3,19,seed_3,seed,3
107,A,0.34563181032146123,0.0030187990251248544,0.6513493906534135,3,19,seed_3,seed,3
107,C,0.443276250798305,0.004264210313387476,0.5524595388883085,3,19,seed_3,seed,3
108,A,0.3452681891826631,0.0028007364405520483,0.6519310743767848,3,19,seed_3,seed,3
108,C,0.4427535171174223,0.003964432555054473,0.5532820503275228,3,19,seed_3,seed,3
109,A,0.34493099064981186,0.002598283917544787,0.6524707254326434,3,19,seed_3,seed,3
109,C,0.442268181108205,0.003685141435857533,0.5540466774559386,3,19,seed_3,seed,3
110,A,0.3446182962042833,0.002410348500942419,0.6529713552947745,3,19,seed_3,seed,3
110,C,0.4418175969317799,0.0034250185452256343,0.5547573845229934,3,19,seed_3,seed,3
111,A,0.34432832605739117,0.0022359097725618083,0.6534357641700481,3,19,seed_3,seed,3
111,C,0.44139930170855646,0.0031828188230338195,0.5554178794684094,3,19,seed_3,seed,3
112,A,0.3440594292423612,0.0020740156718371478,0.6538665550858014,3,19,seed_3,seed,3
112,C,0.44101100347850314,0.002957368164678791,0.5560316283568162,3,19,seed_3,seed,3
113,A,0.34381007438979005,0.0019237784553327165,0.654266147154877,3,19,seed_3,seed,3
113,C,0.4406505698625476,0.002747560825335968,0.5566018693121165,3,19,seed_3,seed,3
114,A,0.3435788411469266,0.0017843708057389285,0.6546367880473349,3,19,seed_3,seed,3
114,C,0.44031601739894655,0.002552356683395464,0.557131625917659,3,19,seed_3,seed,3
115,A,0.34336441219620717,0.0016550221036141946,0.6549805657001788,3,19,seed_3,seed,3
115,C,0.44000550152645174,0.002370778414126727,0.557623720059421,3,19,seed_3,seed,3
116,A,0.34316556583448177,0.0015350148673943754,0.6552994192981239,3,19,seed_3,seed,3
116,C,0.4397173071850917,0.002201908616312282,0.5580807841985947,3,19,seed_3,seed,3
117,A,0.34298116907592724,0.001423681364656487,0.6555951495594171,3,19,seed_3,seed,3
117,C,0.4394498400049964,0.0020448869272378717,0.5585052730677641,3,19,seed_3,seed,3
118,A,0.342810171243819,0.0013204003950647507,0.6558694283611158,3,19,seed_3,seed,3
118,C,0.43920161805375335,0.0018989071548970206,0.5588994747913508,3,19,seed_3,seed,3
119,A,0.3426515980181173,0.0012245942438173936,0.6561238077380647,3,19,seed_3,seed,3
119,C,0.4389712641131125,0.0017632144506964094,0.559265521436192,3,19,seed_3,seed,3
120,A,0.3425045459076269,0.0011357258029815807,0.6563597282893926,3,19,seed_3,seed,3
120,C,0.43875749845637974,0.001637102541290253,0.5596053990023321,3,19,seed_3,seed,3
121,A,0.34236817711750483,0.0010532958567733104,0.6565785270257207,3,19,seed_3,seed,3
121,C,0.4385591320984664,0.0015199110342117305,0.5599209568673225,3,19,seed_3,seed,3
122,A,0.34224171478476956,9.768405258087057e-4,0.6567814446894217,3,19,seed_3,seed,3
122,C,0.4383750604914593,0.0014110228085406147,0.5602139167000015,3,19,seed_3,seed,3
123,A,0.34212443855616836,9.059288646831144e-4,0.6569696325791472,3,19,seed_3,seed,3
123,C,0.4382042576395036,0.0013098614989022783,0.5604858808615945,3,19,seed_3,seed,3
124,A,0.3420156804844646,8.401606068040193e-4,0.6571441589087305,3,19,seed_3,seed,3
124,C,0.43804577060789857,0.00121588907863084,0.5607383403134706,3,19,seed_3,seed,3
125,A,0.3419148212206749,7.791640500984617e-4,0.6573060147292272,3,19,seed_3,seed,3
125,C,0.43789871440232864,0.001128603545899722,0.5609726820517721,3,19,seed_3,seed,3
126,A,0.3418212864813493,7.225940770123182e-4,0.6574561194416381,3,19,seed_3,seed,3
126,C,0.4377622671953013,0.0010475367149447737,0.5611901960897536,3,19,seed_3,seed,3
127,A,0.3417345437713593,6.701303021280419e-4,0.6575953259265126,3,19,seed_3,seed,3
127,C,0.43763566587793884,9.722521131086052e-4,0.5613920820089529,3,19,seed_3,seed,3
128,A,0.34165409934399604,6.214753407388692e-4,0.6577244253152665,3,19,seed_3,seed,3
128,C,0.4375182019164069,9.023429832846601e-4,0.5615794551003085,3,19,seed_3,seed,3
129,A,0.34157949538142385,5.763531918024291e-4,0.6578441514267735,3,19,seed_3,seed,3
129,C,0.43740921749337247,8.374303904143635e-4,0.561753352116214,3,19,seed_3,seed,3
130,A,0.34151030737971533,5.3450772883314e-4,0.6579551848914507,3,19,seed_3,seed,3
130,C,0.43730810191594105,7.771614299612737e-4,0.5619147366540972,3,19,seed_3,seed,3
131,A,0.34144614172379334,4.95701292434743e-4,0.6580581569837715,3,19,seed_3,seed,3
131,C,0.4372142882726523,7.212075356660827e-4,0.5620645041916817,3,19,seed_3,seed,3
132,A,0.3413866334385412,4.5971337849426197e-4,0.6581536531829645,3,19,seed_3,seed,3
132,C,0.43712725032290384,6.692628836230983e-4,0.5622034867934734,3,19,seed_3,seed,3
133,A,0.341331444103281,4.2633941629026563e-4,0.6582422164804279,3,19,seed_3,seed,3
133,C,0.4370464996031795,6.210428893950519e-4,0.5623324575074258,3,19,seed_3,seed,3
134,A,0.3412802599182284,3.9538963051486905e-4,0.6583243504512568,3,19,seed_3,seed,3
134,C,0.4369715827361418,5.762827938873945e-4,0.562452134469971,3,19,seed_3,seed,3
135,A,0.3412327899115526,3.6668798229148923e-4,0.6584005221061566,3,19,seed_3,seed,3
135,C,0.4369020789283182,5.34736334827346e-4,0.5625631847368558,3,19,seed_3,seed,3
136,A,0.3411887642769424,3.400711840302048e-4,0.6584711645390277,3,19,seed_3,seed,3
136,C,0.4368375976436793,4.961744998378544e-4,0.5626662278564827,3,19,seed_3,seed,3
137,A,0.3411479328322206,3.153877832852931e-4,0.6585366793844942,3,19,seed_3,seed,3
137,C,0.4367777764411412,4.6038435715797376e-4,0.5627618392017022,3,19,seed_3,seed,3
138,A,0.3411100635902534,2.9249731102872086e-4,0.6585974390987187,3,19,seed_3,seed,3
138,C,0.43672227896476534,4.2716796006147715e-4,0.5628505530751727,3,19,seed_3,seed,3
139,A,0.3410749414339878,2.712694900507657e-4,0.6586537890759605,3,19,seed_3,seed,3
139,C,0.4366707930761768,3.963413211427521e-4,0.5629328656026812,3,19,seed_3,seed,3
140,A,0.3410423668880429,2.5158349945985124e-4,0.6587060496124965,3,19,seed_3,seed,3
140,C,0.43662302911929946,3.67733452734718e-4,0.5630092374279675,3,19,seed_3,seed,3
141,A,0.3410121549798117,2.3332729147761898e-4,0.6587545177287112,3,19,seed_3,seed,3
141,C,0.4365787183082485,3.4118546979435e-4,0.5630800962219578,3,19,seed_3,seed,3
142,A,0.3409841341835698,2.1639695694295765e-4,0.6587994688594859,3,19,seed_3,seed,3
142,C,0.4365376112298056,3.1654975168356837e-4,0.56314583901851,3,19,seed_3,seed,3
143,A,0.34095814544154696,2.0069613616249945e-4,0.6588411584222907,3,19,seed_3,seed,3
143,C,0.43649947645247067,2.936891594036189e-4,0.5632068343881252,3,19,seed_3,seed,3
144,A,0.3409340412563492,1.8613547196447055e-4,0.658879823271686,3,19,seed_3,seed,3
144,C,0.4364640992346423,2.7247630498847627e-4,0.5632634244603676,3,19,seed_3,seed,3
145,A,0.34091168484953815,1.726321020167226e-4,0.6589156830484448,3,19,seed_3,seed,3
145,C,0.4364312803249645,2.527928699065912e-4,0.5633159268051282,3,19,seed_3,seed,3
146,A,0.340890949381534,1.601091876585485e-4,0.6589489414308077,3,19,seed_3,seed,3
146,C,0.4364008348483372,2.3452896945894917e-4,0.5633646361822042,3,19,seed_3,seed,3
147,A,0.34087171722837445,1.484954766749524e-4,0.65897978729495,3,19,seed_3,seed,3
147,C,0.43637259127157646,2.175825603025492e-4,0.5634098261681205,3,19,seed_3,seed,3
148,A,0.34085387931118816,1.3772489761361827e-4,0.6590083957911989,3,19,seed_3,seed,3
148,C,0.43634639044307677,2.018588883735458e-4,0.563451750668548,3,19,seed_3,seed,3
149,A,0.3408373344745215,1.2773618340750165e-4,0.6590349293420712,3,19,seed_3,seed,3
149,C,0.4363220847012502,1.872699746291055e-4,0.5634906453241199,3,19,seed_3,seed,3
150,A,0.3408219889099777,1.1847252221829527e-4,0.6590595385678053,3,19,seed_3,seed,3
150,C,0.4362995370468552,1.7373413616722202e-4,0.5635267288169774,3,19,seed_3,seed,3
151,A,0.340807755621839,1.0988123355650549e-4,0.659082363144604,3,19,seed_3,seed,3
151,C,0.4362786203747001,1.6117554041567204e-4,0.5635602040848852,3,19,seed_3,seed,3
152,A,0.340794553931628,1.0191346787367783e-4,0.6591035326004976,3,19,seed_3,seed,3
152,C,0.4362592167604676,1.4952379022330342e-4,0.5635912594493087,3,19,seed_3,seed,3
153,A,0.34078230901874323,9.452392794791262e-5,0.6591231670533102,3,19,seed_3,seed,3
153,C,0.43624121679875516,1.387135378140918e-4,0.5636200696634298,3,19,seed_3,seed,3
154,A,0.34077095149456604,8.767061047426454e-5,0.6591413778949592,3,19,seed_3,seed,3
154,C,0.43622451898868714,1.2868412563932352e-4,0.5636467968856737,3,19,seed_3,seed,3
155,A,0.3407604170075865,8.131456642674623e-5,0.6591582684259871,3,19,seed_3,seed,3
155,C,0.4362090291636955,1.1937925235983904e-4,0.5636715915839442,3,19,seed_3,seed,3
156,A,0.3407506458772693,7.541967883371928e-5,0.6591739344438965,3,19,seed_3,seed,3
156,C,0.4361946599623107,1.107466622529266e-4,0.5636945933754377,3,19,seed_3,seed,3
157,A,0.3407415827545823,6.995245670758576e-5,0.65918846478871,3,19,seed_3,seed,3
157,C,0.4361813303370224,1.0273785645026307e-4,0.5637159318065277,3,19,seed_3,seed,3
158,A,0.3407331763072347,6.488184395853803e-5,0.6592019418488052,3,19,seed_3,seed,3
158,C,0.4361689650985098,9.53078245133996e-5,0.5637357270769778,3,19,seed_3,seed,3
159,A,0.3407253789278259,6.017904220775929e-5,0.6592144420299653,3,19,seed_3,seed,3
159,C,0.4361574944926828,8.841479495315553e-5,0.5637540907123646,3,19,seed_3,seed,3
160,A,0.3407181464632336,5.5817346493727296e-5,0.6592260361902725,3,19,seed_3,seed,3
160,C,0.43614685380820023,8.202000339072354e-5,0.5637711261884086,3,19,seed_3,seed,3
161,A,0.3407114379636905,5.1771992936546884e-5,0.6592367900433713,3,19,seed_3,seed,3
161,C,0.4361369830122741,7.608747714168859e-5,0.5637869295105842,3,19,seed_3,seed,3
162,A,0.34070521545012106,4.802001749166746e-5,0.6592467645323883,3,19,seed_3,seed,3
162,C,0.43612782641271575,7.058383508305582e-5,0.5638015897522021,3,19,seed_3,seed,3
163,A,0.34069944369839167,4.4540124986933486e-5,0.6592560161766211,3,19,seed_3,seed,3
163,C,0.436119332344361,6.547810173925965e-5,0.5638151895539003,3,19,seed_3,seed,3
164,A,0.3406940900392673,4.131256769543084e-5,0.6592645973930376,3,19,seed_3,seed,3
164,C,0.436111452878113,6.074153459498905e-5,0.5638278055872918,3,19,seed_3,seed,3
165,A,0.3406891241729014,3.831903275069578e-5,0.6592725567943478,3,19,seed_3,seed,3
165,C,0.43610414355096305,5.6347463709581856e-5,0.5638395089853268,3,19,seed_3,seed,3
166,A,0.3406845179968235,3.5542537760876044e-5,0.6592799394654159,3,19,seed_3,seed,3
166,C,0.4360973631155112,5.227114277001718e-5,0.5638503657417179,3,19,seed_3,seed,3
167,A,0.3406802454464266,3.296733402490212e-5,0.6592867872195498,3,19,seed_3,seed,3
167,C,0.4360910733075497,4.8489610777973956e-5,0.5638604370816725,3,19,seed_3,seed,3
168,A,0.3406762823470516,3.0578816797027635e-5,0.6592931388361501,3,19,seed_3,seed,3
168,C,0.43608523863042964,4.4981563621446574e-5,0.5638697798059503,3,19,seed_3,seed,3
169,A,0.34067260627682405,2.8363442086341394e-5,0.6592990302810888,3,19,seed_3,seed,3
169,C,0.4360798261550022,4.172723483298701e-5,0.5638784466101651,3,19,seed_3,seed,3
170,A,0.3406691964394529,2.630864951517178e-5,0.6593044949110326,3,19,seed_3,seed,3
170,C,0.436074805333999,3.870828488477079e-5,0.5638864863811157,3,19,seed_3,seed,3
171,A,0.34066603354627506,2.4402790794804837e-5,0.6593095636629306,3,19,seed_3,seed,3
171,C,0.4360701478298226,3.590769841540927e-5,0.5638939444717624,3,19,seed_3,seed,3
172,A,0.3406630997068723,2.2635063409343652e-5,0.6593142652297187,3,19,seed_3,seed,3
172,C,0.4360658273547766,3.3309688825943614e-5,0.5639008629563979,3,19,seed_3,seed,3
173,A,0.34066037832762625,2.099544912834494e-5,0.6593186262232443,3,19,seed_3,seed,3
173,C,0.43606181952283546,3.089960972166558e-5,0.5639072808674427,3,19,seed_3,seed,3
174,A,0.34065785401764986,1.947465699516969e-5,0.6593226713253553,3,19,seed_3,seed,3
174,C,0.4360581017121306,2.8663872710545997e-5,0.5639132344151577,3,19,seed_3,seed,3
175,A,0.3406555125015425,1.8064070465883845e-5,0.659326423427992,3,19,seed_3,seed,3
175,C,0.4360546529373688,2.6589871107312486e-5,0.563918757191524,3,19,seed_3,seed,3
176,A,0.3406533405384869,1.675569839595687e-5,0.6593299037631166,3,19,seed_3,seed,3
176,C,0.43605145373146986,2.466590912147716e-5,0.563923880359408,3,19,seed_3,seed,3
177,A,0.3406513258472158,1.554212959422868e-5,0.6593331320231897,3,19,seed_3,seed,3
177,C,0.43604848603576535,2.288113613755461e-5,0.5639286328280966,3,19,seed_3,seed,3
178,A,0.340649457036427,1.4416490684045068e-5,0.6593361264728873,3,19,seed_3,seed,3
178,C,0.4360457330981275,2.122548572328999e-5,0.5639330414161489,3,19,seed_3,seed,3
179,A,0.3406477235402526,1.3372407030546458e-5,0.6593389040527152,3,19,seed_3,seed,3
179,C,0.43604317937846754,1.9689619027667346e-5,0.5639371310025063,3,19,seed_3,seed,3
180,A,0.3406461155584034,1.2403966510714211e-5,0.6593414804750851,3,19,seed_3,seed,3
180,C,0.43604081046105936,1.8264872254470668e-5,0.5639409246666873,3,19,seed_3,seed,3
181,A,0.34064462400066825,1.1505685919036014e-5,0.6593438703134127,3,19,seed_3,seed,3
181,C,0.43603861297321395,1.6943207919361707e-5,0.5639444438188674,3,19,seed_3,seed,3
182,A,0.3406432404354322,1.0672479816728667e-5,0.6593460870847518,3,19,seed_3,seed,3
182,C,0.43603657450982064,1.571716961910152e-5,0.563947708320559,3,19,seed_3,seed,3
183,A,0.340641957041935,9.899631646474525e-6,0.6593481433264188,3,19,seed_3,seed,3
183,C,0.43603468356335734,1.4579840060849478e-5,0.5639507365965802,3,19,seed_3,seed,3
184,A,0.3406407665659915,9.182766947638093e-6,0.6593500506670602,3,19,seed_3,seed,3
184,C,0.43603292945894834,1.3524802117458694e-5,0.5639535457389343,3,19,seed_3,seed,3
185,A,0.3406396622789249,8.517828518976623e-6,0.6593518198925561,3,19,seed_3,seed,3
185,C,0.43603130229413223,1.2546102691381121e-5,0.5639561516031775,3,19,seed_3,seed,3
186,A,0.340638637939478,7.9010533870133e-6,0.6593534610071354,3,19,seed_3,seed,3
186,C,0.4360297928829771,1.1638219185293694e-5,0.5639585688978372,3,19,seed_3,seed,3
187,A,0.34063768775848563,7.328951448582788e-6,0.6593549832900661,3,19,seed_3,seed,3
187,C,0.4360283927042439,1.0796028391962517e-5,0.5639608112673639,3,19,seed_3,seed,3
188,A,0.3406368063661179,6.798285665651382e-6,0.6593563953482164,3,19,seed_3,seed,3
188,C,0.4360270938532919,1.0014777629272797e-5,0.5639628913690782,3,19,seed_3,seed,3
189,A,0.3406359887814842,6.306053699408638e-6,0.6593577051648164,3,19,seed_3,seed,3
189,C,0.43602588899746925,9.290057958813998e-6,0.5639648209445716,3,19,seed_3,seed,3
190,A,0.3406352303844557,5.849470878869874e-6,0.6593589201446638,3,19,seed_3,seed,3
190,C,0.43602477133472684,8.617779337987825e-6,0.5639666108859349,3,19,seed_3,seed,3
191,A,0.34063452688952395,5.425954406863147e-6,0.6593600471560696,3,19,seed_3,seed,3
191,C,0.43602373455522814,7.994147566347727e-6,0.5639682712972075,3,19,seed_3,seed,3
192,A,0.34063387432155223,5.033108713369775e-6,0.6593610925697356,3,19,seed_3,seed,3
192,C,0.4360227728057313,7.4156428968955175e-6,0.5639698115513716,3,19,seed_3,seed,3
193,A,0.34063326899329127,4.66871187275266e-6,0.6593620622948362,3,19,seed_3,seed,3
193,C,0.4360218806565588,6.8790001923414275e-6,0.5639712403432491,3,19,seed_3,seed,3
194,A,0.34063270748452423,4.3307030074247314e-6,0.6593629618124682,3,19,seed_3,seed,3
194,C,0.4360210530709437,6.3811905148290675e-6,0.563972565738541,3,19,seed_3,seed,3
195,A,0.340632186622717,4.017170606261878e-6,0.6593637962066776,3,19,seed_3,seed,3
195,C,0.43602028537659965,5.919404045840824e-6,0.5639737952193548,3,19,seed_3,seed,3
196,A,0.340631703465076,3.726341691225712e-6,0.6593645701932326,3,19,seed_3,seed,3
196,C,0.4360195732393504,5.491034240303634e-6,0.5639749357264089,3,19,seed_3,seed,3
197,A,0.3406312552819111,3.4565717705164694e-6,0.6593652881463189,3,19,seed_3,seed,3
197,C,0.436018912638662,5.093663125832279e-6,0.5639759936982128,3,19,seed_3,seed,3
198,A,0.34063083954119167,3.206335521068015e-6,0.6593659541232867,3,19,seed_3,seed,3
198,C,0.4360182998449485,4.7250476644542025e-6,0.5639769751073879,3,19,seed_3,seed,3
199,A,0.34063045389423335,2.9742181473679004e-6,0.6593665718876178,3,19,seed_3,seed,3
199,C,0.4360177313985151,4.383107100121465e-6,0.5639778854943831,3,19,seed_3,seed,3
200,A,0.340630096162419,2.758907367448051e-6,0.6593671449302131,3,19,seed_3,seed,3
200,C,0.43601720409003825,4.065911220842056e-6,0.5639787299987421,3,19,seed_3,seed,3
201,A,0.3406297643248767,2.5591859804685693e-6,0.6593676764891411,3,19,seed_3,seed,3
201,C,0.43601671494243255,3.771669469385268e-6,0.5639795133880975,3,19,seed_3,seed,3
202,A,0.34062945650705984,2.373924973633369e-6,0.6593681695679672,3,19,seed_3,seed,3
202,C,0.43601626119406317,3.498720841272628e-6,0.5639802400850971,3,19,seed_3,seed,3
203,A,0.34062917097014395,2.202077129252461e-6,0.659368626952726,3,19,seed_3,seed,3
203,C,0.43601584028313695,3.2455245131838404e-6,0.56398091419235,3,19,seed_3,seed,3
204,A,0.3406289061012034,2.0426710956184427e-6,0.6593690512277,3,19,seed_3,seed,3
204,C,0.4360154498332571,3.0106511490108263e-6,0.5639815395155948,3,19,seed_3,seed,3
205,A,0.3406286604040892,1.8948058880086137e-6,0.6593694447900229,3,19,seed_3,seed,3
205,C,0.43601508763999713,2.792774834598676e-6,0.5639821195851681,3,19,seed_3,seed,3
206,A,0.3406284324909734,1.7576457885745702e-6,0.6593698098632386,3,19,seed_3,seed,3
206,C,0.43601475165846004,2.5906655957444897e-6,0.5639826576759448,3,19,seed_3,seed,3
207,A,0.34062822107450647,1.6304156161531853e-6,0.6593701485098779,3,19,seed_3,seed,3
207,C,0.436014439991732,2.4031824573020553e-6,0.5639831568258105,3,19,seed_3,seed,3
208,A,0.34062802496053973,1.5123963391393264e-6,0.6593704626431214,3,19,seed_3,seed,3
208,C,0.43601415088017703,2.229267004283316e-6,0.56398361985282,3,19,seed_3,seed,3
209,A,0.3406278430413767,1.402921006514052e-6,0.6593707540376178,3,19,seed_3,seed,3
209,C,0.4360138826914986,2.067937408670756e-6,0.5639840493710941,3,19,seed_3,seed,3
210,A,0.3406276742895125,1.3013709739328298e-6,0.6593710243395128,3,19,seed_3,seed,3
210,C,0.4360136339115259,1.918282888275304e-6,0.5639844478055873,3,19,seed_3,seed,3
211,A,0.3406275177518295,1.207172403456927e-6,0.6593712750757664,3,19,seed_3,seed,3
211,C,0.43601340313566667,1.7794585664044922e-6,0.5639848174057653,3,19,seed_3,seed,3
212,A,0.34062737254420844,1.11979301706837e-6,0.6593715076627739,3,19,seed_3,seed,3
212,C,0.43601318906097924,1.6506807033632805e-6,0.5639851602583171,3,19,seed_3,seed,3
213,A,0.3406272378465341,1.0387390855523253e-6,0.6593717234143803,3,19,seed_3,seed,3
213,C,0.43601299047881037,1.5312222729029053e-6,0.5639854782989164,3,19,seed_3,seed,3
214,A,0.34062711289805997,9.635526356654096e-7,0.6593719235493044,3,19,seed_3,seed,3
214,C,0.4360128062679761,1.4204088586697334e-6,0.5639857733231647,3,19,seed_3,seed,3
215,A,0.3406269969931104,8.938088597549864e-7,0.6593721091980308,3,19,seed_3,seed,3
215,C,0.43601263538843416,1.3176148475184935e-6,0.563986046996721,3,19,seed_3,seed,3
216,A,0.3406268894770952,8.291137131414932e-7,0.659372281409193,3,19,seed_3,seed,3
216,C,0.4360124768754009,1.2222598982201288e-6,0.5639863008647006,3,19,seed_3,seed,3
217,A,0.34062678974280647,7.691016856430879e-7,0.6593724411555085,3,19,seed_3,seed,3
217,C,0.4360123298339227,1.133805665647006e-6,0.56398653636041,3,19,seed_3,seed,3
218,A,0.34062669722699357,7.134337346109625e-7,0.6593725893392726,3,19,seed_3,seed,3
218,C,0.4360121934338089,1.0517527619573987e-6,0.5639867548134297,3,19,seed_3,seed,3
219,A,0.3406266114071761,6.617953677612469e-7,0.659372726797456,3,19,seed_3,seed,3
219,C,0.4360120669049471,9.756379376376738e-7,0.5639869574571164,3,19,seed_3,seed,3
220,A,0.34062653179869623,6.138948649399525e-7,0.6593728543064394,3,19,seed_3,seed,3
220,C,0.436011949532958,9.050314664997864e-7,0.5639871454355759,3,19,seed_3,seed,3
221,A,0.34062645795197705,5.694616287460351e-7,0.6593729725863942,3,19,seed_3,seed,3
221,C,0.4360118406551644,8.395347198811783e-7,0.5639873198101186,3,19,seed_3,seed,3
222,A,0.34062638944998513,5.282446546688352e-7,0.6593730823053603,3,19,seed_3,seed,3
222,C,0.43601173965684004,7.787779163607119e-7,0.5639874815652418,3,19,seed_3,seed,3
223,A,0.3406263259058737,4.900111120743568e-7,0.6593731840830153,3,19,seed_3,seed,3
223,C,0.4360116459677549,7.224180342938853e-7,0.5639876316142098,3,19,seed_3,seed,3
224,A,0.3406262669607965,4.545450280037923e-7,0.6593732784941757,3,19,seed_3,seed,3
224,C,0.43601155905893935,6.701368753887361e-7,0.5639877708041842,3,19,seed_3,seed,3
225,A,0.34062621228188344,4.2164606633085905e-7,0.659373366072049,3,19,seed_3,seed,3
225,C,0.43601147843970756,6.21639268395768e-7,0.5639878999210243,3,19,seed_3,seed,3
226,A,0.34062616156035935,3.9112839536533636e-7,0.6593734473112456,3,19,seed_3,seed,3
226,C,0.4360114036548828,5.766514027752572e-7,0.5639880196937138,3,19,seed_3,seed,3
227,A,0.3406261145097947,3.6281963749166464e-7,0.6593735226705669,3,19,seed_3,seed,3
227,C,0.436011334282231,5.34919282938472e-7,0.563988130798486,3,19,seed_3,seed,3
228,A,0.3406260708644975,3.3655989489658965e-7,0.6593735925756067,3,19,seed_3,seed,3
228,C,0.43601126993007416,4.962072943394185e-7,0.5639882338626311,3,19,seed_3,seed,3
229,A,0.34062603037800293,3.122008458711136e-7,0.6593736574211507,3,19,seed_3,seed,3
229,C,0.43601121023508066,4.602968733247164e-7,0.5639883294680457,3,19,seed_3,seed,3
230,A,0.3406259928216879,2.8960490657204424e-7,0.6593737175734055,3,19,seed_3,seed,3
230,C,0.43601115486021125,4.26985273234539e-7,0.5639884181545174,3,19,seed_3,seed,3
231,A,0.34062595798347467,2.686444534993446e-7,0.6593737733720706,3,19,seed_3,seed,3
231,C,0.43601110349281863,3.9608441979056923e-7,0.5639885004227613,3,19,seed_3,seed,3
232,A,0.34062592566663985,2.4920110228953265e-7,0.6593738251322575,3,19,seed_3,seed,3
232,C,0.43601105584288324,3.674198493107122e-7,0.5639885767372675,3,19,seed_3,seed,3
233,A,0.3406258956886944,2.3116503874441972e-7,0.6593738731462675,3,19,seed_3,seed,3
233,C,0.43601101164137246,3.4082972375765876e-7,0.5639886475289022,3,19,seed_3,seed,3
234,A,0.34062586788035987,2.144343983102419e-7,0.659373917685242,3,19,seed_3,seed,3
234,C,0.4360109706387267,3.16163917061684e-7,0.5639887131973569,3,19,seed_3,seed,3
235,A,0.3406258420846098,1.9891469049685626e-7,0.6593739590006993,3,19,seed_3,seed,3
235,C,0.4360109326034408,2.9328316756067185e-7,0.5639887741133915,3,19,seed_3,seed,3
236,A,0.3406258181557831,1.8451826498103215e-7,0.6593739973259515,3,19,seed_3,seed,3
236,C,0.4360108973207696,2.720582917732035e-7,0.5639888306209402,3,19,seed_3,seed,3
237,A,0.340625795958761,1.7116381637393548e-7,0.6593740328774228,3,19,seed_3,seed,3
237,C,0.4360108645915045,2.523694550666883e-7,0.5639888830390403,3,19,seed_3,seed,3
238,A,0.34062577536820404,1.5877592485178312e-7,0.6593740658558714,3,19,seed_3,seed,3
238,C,0.43601083423085635,2.3410549510362187e-7,0.5639889316636469,3,19,seed_3,seed,3
239,A,0.340625756267845,1.4728463005169942e-7,0.6593740964475243,3,19,seed_3,seed,3
239,C,0.4360108060674103,2.1716329424690103e-7,0.5639889767692952,3,19,seed_3,seed,3
240,A,0.34062573854983236,1.366250358209823e-7,0.6593741248251314,3,19,seed_3,seed,3
240,C,0.43601077994215237,2.0144719737838308e-7,0.5639890186106497,3,19,seed_3,seed,3
241,A,0.34062572211411707,1.2673694231865272e-7,0.6593741511489407,3,19,seed_3,seed,3
241,C,0.43601075570757797,1.8686846997714812e-7,0.5639890574239523,3,19,seed_3,seed,3
242,A,0.34062570686786486,1.1756449073013922e-7,0.6593741755676451,3,19,seed_3,seed,3
242,C,0.4360107332268125,1.7334477475893445e-7,0.5639890934284117,3,19,seed_3,seed,3
243,A,0.34062569272497617,1.090558758098674e-7,0.6593741982191473,3,19,seed_3,seed,3
243,C,0.4360107123729163,1.6079974820496246e-7,0.5639891268273356,3,19,seed_3,seed,3
244,A,0.340625679605619,1.0116306277305386e-7,0.6593742192313182,3,19,seed_3,seed,3
244,C,0.4360106930281838,1.491625834804782e-7,0.5639891578092336,3,19,seed_3,seed,3
245,A,0.34062566743574063,9.38414951391914e-8,0.6593742387227645,3,19,seed_3,seed,3
245,C,0.43601067508342944,1.3836760001453621e-7,0.5639891865489681,3,19,seed_3,seed,3
246,A,0.3406256561468193,8.704994556260815e-8,0.6593742568032352,3,19,seed_3,seed,3
246,C,0.4360106584376329,1.2835402379617282e-7,0.5639892132083435,3,19,seed_3,seed,3
247,A,0.3406256456754374,8.07502562797589e-8,0.6593742735743073,3,19,seed_3,seed,3
247,C,0.43601064299728165,1.1906560491834711e-7,0.5639892379371141,3,19,seed_3,seed,3
248,A,0.3406256359622399,7.490671571282903e-8,0.6593742891310447,3,19,seed_3,seed,3
248,C,0.4360106286748661,1.1044969889118723e-7,0.5639892608754342,3,19,seed_3,seed,3
249,A,0.3406256269519837,6.94860853286272e-8,0.6593743035619309,3,19,seed_3,seed,3
249,C,0.43601061538893277,1.0245730626588133e-7,0.5639892821537608,3,19,seed_3,seed,3
250,A,0.3406256185868639,6.445358665122317e-8,0.6593743169595485,3,19,seed_3,seed,3
250,C,0.43601060305425365,9.503715670078567e-8,0.5639893019085908,3,19,seed_3,seed,3
251,A,0.34062561082163983,5.978199939607569e-8,0.6593743293963611,3,19,seed_3,seed,3
251,C,0.43601059160412087,8.814912157281095e-8,0.5639893202467587,3,19,seed_3,seed,3
252,A,0.3406256036025447,5.543897603386847e-8,0.6593743409584787,3,19,seed_3,seed,3
252,C,0.4360105809592594,8.17455117581802e-8,0.5639893372952289,3,19,seed_3,seed,3
253,A,0.3406255971633403,5.15651502783828e-8,0.6593743512715087,3,19,seed_3,seed,3
253,C,0.4360105714643559,7.603367915091036e-8,0.563989352501965,3,19,seed_3,seed,3
254,A,0.3406255911740738,4.796201420479283e-8,0.6593743608639118,3,19,seed_3,seed,3
254,C,0.4360105626328941,7.072095117712895e-8,0.5639893666461544,3,19,seed_3,seed,3
255,A,0.3406255856033052,4.461065249922548e-8,0.6593743697860424,3,19,seed_3,seed,3
255,C,0.4360105544185157,6.577944110618611e-8,0.5639893798020436,3,19,seed_3,seed,3
256,A,0.34062558042179136,4.149347166439785e-8,0.6593743780847369,3,19,seed_3,seed,3
256,C,0.4360105467781041,6.118321073941349e-8,0.5639893920386859,3,19,seed_3,seed,3
257,A,0.3406255756023337,3.8594107644062345e-8,0.6593743858035583,3,19,seed_3,seed,3
257,C,0.4360105396715543,5.690813426091921e-8,0.5639894034203129,3,19,seed_3,seed,3
258,A,0.3406255711196339,3.589733990469456e-8,0.6593743929830255,3,19,seed_3,seed,3
258,C,0.43601053306156184,5.293177160116726e-8,0.5639894140066667,3,19,seed_3,seed,3
259,A,0.34062556695016,3.338901152197255e-8,0.6593743996608288,3,19,seed_3,seed,3
259,C,0.43601052691343256,4.9233250648959436e-8,0.5639894238533159,3,19,seed_3,seed,3
260,A,0.34062556307202546,3.105595485232342e-8,0.6593744058720205,3,19,seed_3,seed,3
260,C,0.43601052119489403,4.579315769356358e-8,0.5639894330119487,3,19,seed_3,seed,3
261,A,0.3406255594648735,2.8885922399159823e-8,0.6593744116492039,3,19,seed_3,seed,3
261,C,0.4360105158759296,4.259343552193369e-8,0.5639894415306356,3,19,seed_3,seed,3
262,A,0.3406255561097683,2.6867522510717883e-8,0.6593744170227084,3,19,seed_3,seed,3
262,C,0.4360105109286186,3.9617288636146396e-8,0.563989449454093,3,19,seed_3,seed,3
263,A,0.3406255529891002,2.4990159571791614e-8,0.6593744220207408,3,19,seed_3,seed,3
263,C,0.43601050632699273,3.684909509354845e-8,0.5639894568239117,3,19,seed_3,seed,3
264,A,0.3406255500864848,2.324397837526604e-8,0.6593744266695356,3,19,seed_3,seed,3
264,C,0.43601050204689923,3.427432450687339e-8,0.5639894636787771,3,19,seed_3,seed,3
265,A,0.3406255473866887,2.1619812381308366e-8,0.6593744309934987,3,19,seed_3,seed,3
265,C,0.4360104980658697,3.187946177391665e-8,0.56398947005467,3,19,seed_3,seed,3
266,A,0.34062554487553887,2.010913559249832e-8,0.6593744350153252,3,19,seed_3,seed,3
266,C,0.4360104943630076,2.965193613643246e-8,0.5639894759850561,3,19,seed_3,seed,3
267,A,0.3406255425398524,1.8704017792172948e-8,0.6593744387561291,3,19,seed_3,seed,3
267,C,0.4360104909188779,2.758005519588592e-8,0.5639894815010686,3,19,seed_3,seed,3
268,A,0.34062554036737114,1.739708291092618e-8,0.6593744422355458,3,19,seed_3,seed,3
268,C,0.4360104877154002,2.5652943539714743e-8,0.5639894866316569,3,19,seed_3,seed,3
269,A,0.34062553834668924,1.6181470302635275e-8,0.6593744454718394,3,19,seed_3,seed,3
269,C,0.4360104847357616,2.3860485655952147e-8,0.5639894914037542,3,19,seed_3,seed,3
270,A,0.3406255364672011,1.505079872666757e-8,0.659374448481999,3,19,seed_3,seed,3
270,C,0.4360104819643194,2.2193272836572133e-8,0.5639894958424082,3,19,seed_3,seed,3
271,A,0.34062553471904156,1.399913284713456e-8,0.6593744512818275,3,19,seed_3,seed,3
271,C,0.4360104793865274,2.0642553790855735e-8,0.5639894999709187,3,19,seed_3,seed,3
272,A,0.3406255330930309,1.3020952073280371e-8,0.6593744538860169,3,19,seed_3,seed,3
272,C,0.4360104769888543,1.920018870954869e-8,0.5639895038109558,3,19,seed_3,seed,3
273,A,0.34062553158063696,1.2111121574048999e-8,0.659374456308241,3,19,seed_3,seed,3
273,C,0.43601047475871635,1.7858606537587444e-8,0.5639895073826776,3,19,seed_3,seed,3
274,A,0.34062553017392083,1.1264865330735693e-8,0.6593744585612145,3,19,seed_3,seed,3
274,C,0.43601047268440407,1.6610765236427373e-8,0.5639895107048312,3,19,seed_3,seed,3
275,A,0.34062552886549624,1.0477741056323793e-8,0.6593744606567628,3,19,seed_3,seed,3
275,C,0.436010470755032,1.5450114817601936e-8,0.5639895137948543,3,19,seed_3,seed,3
276,A,0.3406255276484971,9.745616875156982e-9,0.6593744626058853,3,19,seed_3,seed,3
276,C,0.43601046896047113,1.4370562961703662e-8,0.5639895166689667,3,19,seed_3,seed,3
277,A,0.34062552651653505,9.064649632924642e-9,0.6593744644188165,3,19,seed_3,seed,3
277,C,0.43601046729130216,1.336644303989728e-8,0.5639895193422554,3,19,seed_3,seed,3
278,A,0.340625525463666,8.431264721326203e-9,0.6593744661050684,3,19,seed_3,seed,3
278,C,0.4360104657387642,1.2432484369534328e-8,0.5639895218287522,3,19,seed_3,seed,3
279,A,0.34062552448436617,7.842137312602754e-9,0.6593744676734952,3,19,seed_3,seed,3
279,C,0.4360104642947063,1.1563784548101963e-8,0.5639895241415085,3,19,seed_3,seed,3
280,A,0.3406255235734941,7.294174905407715e-9,0.6593744691323318,3,19,seed_3,seed,3
280,C,0.4360104629515511,1.0755783720285502e-8,0.5639895262926656,3,19,seed_3,seed,3
281,A,0.3406255227262678,6.784501090374909e-9,0.659374470489232,3,19,seed_3,seed,3
281,C,0.43601046170224567,1.0004240643072901e-8,0.5639895282935141,3,19,seed_3,seed,3
282,A,0.34062552193824036,6.31044045014713e-9,0.6593744717513198,3,19,seed_3,seed,3
282,C,0.4360104605402331,9.305210423266495e-9,0.5639895301545551,3,19,seed_3,seed,3
283,A,0.34062552120527484,5.869504514585187e-9,0.6593744729252203,3,19,seed_3,seed,3
283,C,0.43601045945941547,8.65502381054586e-9,0.5639895318855599,3,19,seed_3,seed,3
284,A,0.3406255205235253,5.459378697418659e-9,0.6593744740170965,3,19,seed_3,seed,3
284,C,0.4360104584541188,8.050267937390653e-9,0.5639895334956146,3,19,seed_3,seed,3
285,A,0.340625519889412,5.077910145752428e-9,0.6593744750326788,3,19,seed_3,seed,3
285,C,0.4360104575190639,7.487768404767159e-9,0.5639895349931675,3,19,seed_3,seed,3
286,A,0.34062551929960627,4.723096438637183e-9,0.6593744759772975,3,19,seed_3,seed,3
286,C,0.43601045664934557,6.964572619545639e-9,0.563989536386083,3,19,seed_3,seed,3
287,A,0.3406255187510128,4.393075075369247e-9,0.6593744768559127,3,19,seed_3,seed,3
287,C,0.43601045584039655,6.477934296186342e-9,0.5639895376816684,3,19,seed_3,seed,3
288,A,0.34062551824075077,4.086113698332673e-9,0.6593744776731342,3,19,seed_3,seed,3
288,C,0.43601045508797237,6.025299041343017e-9,0.5639895388867292,3,19,seed_3,seed,3
289,A,0.3406255177661434,3.800600999052711e-9,0.6593744784332556,3,19,seed_3,seed,3
289,C,0.4360104543881221,5.604290945717224e-9,0.5639895400075866,3,19,seed_3,seed,3
290,A,0.3406255173246992,3.5350382597173763e-9,0.659374479140264,3,19,seed_3,seed,3
290,C,0.4360104537371732,5.212700112783499e-9,0.563989541050127,3,19,seed_3,seed,3
291,A,0.34062551691409976,3.2880314857601634e-9,0.6593744797978695,3,19,seed_3,seed,3
291,C,0.4360104531317076,4.848471058923373e-9,0.5639895420198214,3,19,seed_3,seed,3
292,A,0.34062551653218975,3.0582840882004373e-9,0.6593744804095261,3,19,seed_3,seed,3
292,C,0.43601045256854826,4.509691924080122e-9,0.5639895429217588,3,19,seed_3,seed,3
293,A,0.3406255161769659,2.8445900781508906e-9,0.6593744809784439,3,19,seed_3,seed,3
293,C,0.4360104520447403,4.194584431376576e-9,0.5639895437606774,3,19,seed_3,seed,3
294,A,0.34062551584656264,2.6458277336569268e-9,0.6593744815076102,3,19,seed_3,seed,3
294,C,0.4360104515575301,3.901494566775085e-9,0.5639895445409756,3,19,seed_3,seed,3
295,A,0.340625515539246,2.4609537134951727e-9,0.6593744819998012,3,19,seed_3,seed,3
295,C,0.4360104511043644,3.6288838856125126e-9,0.5639895452667518,3,19,seed_3,seed,3
296,A,0.3406255152534029,2.2889975801020036e-9,0.6593744824576002,3,19,seed_3,seed,3
296,C,0.43601045068286215,3.3753214379863786e-9,0.5639895459418164,3,19,seed_3,seed,3
297,A,0.3406255149875316,2.1290567050810904e-9,0.6593744828834102,3,19,seed_3,seed,3
297,C,0.4360104502908116,3.1394762592922695e-9,0.563989546569711,3,19,seed_3,seed,3
298,A,0.3406255147402389,1.980291530997913e-9,0.6593744832794697,3,19,seed_3,seed,3
298,C,0.4360104499261562,2.9201103839158496e-9,0.5639895471537343,3,19,seed_3,seed,3
299,A,0.34062551451022555,1.841921164264549e-9,0.6593744836478541,3,19,seed_3,seed,3
299,C,0.43601044958697904,2.716072347081345e-9,0.5639895476969482,3,19,seed_3,seed,3
300,A,0.3406255142962827,1.7132192759786895e-9,0.6593744839904974,3,19,seed_3,seed,3
300,C,0.4360104492715021,2.526291140747637e-9,0.563989548202206,3,19,seed_3,seed,3
301,A,0.3406255140972905,1.5935102891976012e-9,0.6593744843092004,3,19,seed_3,seed,3
301,C,0.4360104489780689,2.3497705918258215e-9,0.5639895486721609,3,19,seed_3,seed,3
302,A,0.3406255139122011,1.482165832631466e-9,0.6593744846056325,3,19,seed_3,seed,3
302,C,0.436010448705138,2.185584133209494e-9,0.5639895491092775,3,19,seed_3,seed,3
303,A,0.340625513740046,1.3786014421393523e-9,0.6593744848813535,3,19,seed_3,seed,3
303,C,0.43601044845127834,2.0328699401705464e-9,0.5639895495158521,3,19,seed_3,seed,3
304,A,0.3406255135799186,1.2822734927118616e-9,0.6593744851378082,3,19,seed_3,seed,3
304,C,0.43601044821515594,1.8908264065911818e-9,0.5639895498940166,3,19,seed_3,seed,3
305,A,0.34062551343098046,1.1926763448346377e-9,0.6593744853763435,3,19,seed_3,seed,3
305,C,0.43601044799553373,1.7587079372867232e-9,0.5639895502457585,3,19,seed_3,seed,3
306,A,0.34062551329244894,1.1093396902523551e-9,0.6593744855982107,3,19,seed_3,seed,3
306,C,0.4360104477912559,1.6358210343328608e-9,0.563989550572923,3,19,seed_3,seed,3
307,A,0.34062551316359735,1.0318260831996263e-9,0.6593744858045766,3,19,seed_3,seed,3
307,C,0.4360104476012521,1.521520656854312e-9,0.563989550877227,3,19,seed_3,seed,3
308,A,0.34062551304374933,9.59728644138927e-10,0.6593744859965219,3,19,seed_3,seed,3
308,C,0.4360104474245242,1.415206835167277e-9,0.5639895511602676,3,19,seed_3,seed,3
309,A,0.3406255129322756,8.926689239513001e-10,0.6593744861750566,3,19,seed_3,seed,3
309,C,0.43601044726014543,1.3163215215030575e-9,0.5639895514235321,3,19,seed_3,seed,3
310,A,0.3406255128285904,8.30294917367884e-10,0.6593744863411157,3,19,seed_3,seed,3
310,C,0.43601044710725295,1.224345660782218e-9,0.5639895516684016,3,19,seed_3,seed,3
311,A,0.34062551273214986,7.722792152138366e-10,0.6593744864955713,3,19,seed_3,seed,3
311,C,0.4360104469650424,1.1387964660635765e-9,0.5639895518961596,3,19,seed_3,seed,3
312,A,0.3406255126424486,7.183172857649087e-10,0.6593744866392336,3,19,seed_3,seed,3
312,C,0.4360104468327698,1.0592248843667731e-9,0.5639895521080065,3,19,seed_3,seed,3
313,A,0.34062551255901485,6.681258761150156e-10,0.6593744867728598,3,19,seed_3,seed,3
313,C,0.4360104467097381,9.852132407093147e-10,0.5639895523050481,3,19,seed_3,seed,3
314,A,0.3406255124814113,6.214415255709936e-10,0.6593744868971478,3,19,seed_3,seed,3
314,C,0.4360104465953033,9.163730424723292e-10,0.5639895524883228,3,19,seed_3,seed,3
315,A,0.3406255124092297,5.780191824647476e-10,0.6593744870127523,3,19,seed_3,seed,3
315,C,0.4360104464888654,8.523429428356834e-10,0.5639895526587918,3,19,seed_3,seed,3
316,A,0.34062551234209126,5.376309178534053e-10,0.6593744871202778,3,19,seed_3,seed,3
316,C,0.43601044638986447,7.927868438692837e-10,0.5639895528173493,3,19,seed_3,seed,3
317,A,0.3406255122796448,5.000647291117185e-10,0.6593744872202904,3,19,seed_3,seed,3
317,C,0.4360104462977803,7.373921319466717e-10,0.5639895529648269,3,19,seed_3,seed,3
318,A,0.34062551222156123,4.6512342709049944e-10,0.6593744873133148,3,19,seed_3,seed,3
318,C,0.4360104462121317,6.858680368170672e-10,0.5639895531020015,3,19,seed_3,seed,3
319,A,0.34062551216753667,4.3262360103474805e-10,0.6593744873998397,3,19,seed_3,seed,3
319,C,0.4360104461324668,6.379441053345712e-10,0.5639895532295907,3,19,seed_3,seed,3
320,A,0.3406255121172869,4.0239465582792973e-10,0.6593744874803191,3,19,seed_3,seed,3
320,C,0.43601044605836764,5.933687818330814e-10,0.5639895533482631,3,19,seed_3,seed,3
321,A,0.34062551207054775,3.742779165086011e-10,0.6593744875551741,3,19,seed_3,seed,3
321,C,0.43601044598944644,5.519080876952404e-10,0.5639895534586455,3,19,seed_3,seed,3
322,A,0.3406255120270745,3.48125795358674e-10,0.6593744876247997,3,19,seed_3,seed,3
322,C,0.4360104459253417,5.133443931843485e-10,0.5639895535613145,3,19,seed_3,seed,3
323,A,0.34062551198663965,3.2380101719110387e-10,0.6593744876895603,3,19,seed_3,seed,3
323,C,0.4360104458657156,4.774752750925768e-10,0.5639895536568096,3,19,seed_3,seed,3
324,A,0.3406255119490291,3.0117589877030593e-10,0.6593744877497952,3,19,seed_3,seed,3
324,C,0.43601044581025605,4.4411245420916473e-10,0.5639895537456314,3,19,seed_3,seed,3
325,A,0.34062551191404705,2.801316785827602e-10,0.6593744878058214,3,19,seed_3,seed,3
325,C,0.4360104457586703,4.130808070313238e-10,0.5639895538282472,3,19,seed_3,seed,3
326,A,0.3406255118815094,2.60557893439571e-10,0.6593744878579331,3,19,seed_3,seed,3
326,C,0.4360104457106911,3.842174465302578e-10,0.5639895539050908,3,19,seed_3,seed,3
327,A,0.3406255118512452,2.4235179863860314e-10,0.6593744879064037,3,19,seed_3,seed,3
327,C,0.4360104456660639,3.5737086714717543e-10,0.5639895539765655,3,19,seed_3,seed,3
328,A,0.34062551182309503,2.2541782864246495e-10,0.6593744879514866,3,19,seed_3,seed,3
328,C,0.4360104456245546,3.324001495313431e-10,0.5639895540430453,3,19,seed_3,seed,3
329,A,0.3406255117969126,2.0966709544129405e-10,0.6593744879934207,3,19,seed_3,seed,3
329,C,0.4360104455859463,3.091742208457818e-10,0.5639895541048809,3,19,seed_3,seed,3
330,A,0.3406255117725592,1.9501692196711865e-10,0.6593744880324233,3,19,seed_3,seed,3
330,C,0.43601044555003415,2.8757116675791797e-10,0.5639895541623942,3,19,seed_3,seed,3
331,A,0.3406255117499083,1.8139040811058511e-10,0.6593744880687016,3,19,seed_3,seed,3
331,C,0.43601044551663265,2.674775915037873e-10,0.5639895542158907,3,19,seed_3,seed,3
332,A,0.34062551172883926,1.6871602706195102e-10,0.6593744881024451,3,19,seed_3,seed,3
332,C,0.43601044548556384,2.4878802266671355e-10,0.5639895542656477,3,19,seed_3,seed,3
333,A,0.3406255117092422,1.569272498650852e-10,0.65937448813383015,3,19,seed_3,seed,3
333,C,0.4360104454566664,2.3140435761163983e-10,0.5639895543119282,3,19,seed_3,seed,3
334,A,0.34062551169101507,1.459621961784503e-10,0.659374488163023,3,19,seed_3,seed,3
334,C,0.43601044542978834,2.1523534835225344e-10,0.5639895543549752,3,19,seed_3,seed,3
335,A,0.3406255116740611,1.357633094719071e-10,0.6593744881901754,3,19,seed_3,seed,3
335,C,0.4360104454047887,2.001961227386212e-10,0.563989554395015,3,19,seed_3,seed,3
336,A,0.3406255116582924,1.262770549052134e-10,0.6593744882154314,3,19,seed_3,seed,3
336,C,0.4360104453815357,1.8620773894731034e-10,0.5639895544322555,3,19,seed_3,seed,3
337,A,0.34062551164362503,1.1745363831519483e-10,0.6593744882389228,3,19,seed_3,seed,3
337,C,0.4360104453599073,1.7319677108833437e-10,0.5639895544668959,3,19,seed_3,seed,3
338,A,0.3406255116299821,1.0924674484024622e-10,0.6593744882607703,3,19,seed_3,seed,3
338,C,0.4360104453397902,1.6109492378814727e-10,0.5639895544991146,3,19,seed_3,seed,3
339,A,0.34062551161729293,1.016132958082046e-10,0.6593744882810944,3,19,seed_3,seed,3
339,C,0.43601044532107813,1.4983867370303355e-10,0.5639895545290818,3,19,seed_3,seed,3
340,A,0.3406255116054902,9.451322261145158e-11,0.6593744882999961,3,19,seed_3,seed,3
340,C,0.43601044530367367,1.3936893608117505e-10,0.5639895545569549,3,19,seed_3,seed,3
341,A,0.34062551159451265,8.790925638227298e-11,0.6593744883175783,3,19,seed_3,seed,3
341,C,0.43601044528748645,1.2963075462315634e-10,0.5639895545828819,3,19,seed_3,seed,3
342,A,0.3406255115843015,8.17667323644444e-11,0.6593744883339308,3,19,seed_3,seed,3
342,C,0.4360104452724302,1.205730130129704e-10,0.563989554606997,3,19,seed_3,seed,3
343,A,0.3406255115748052,7.605340795415081e-11,0.6593744883491426,3,19,seed_3,seed,3
343,C,0.4360104452584254,1.1214816660533271e-10,0.5639895546294266,3,19,seed_3,seed,3
344,A,0.3406255115659707,7.073929345510922e-11,0.6593744883632899,3,19,seed_3,seed,3
344,C,0.4360104452453989,1.043119928609135e-10,0.5639895546502887,3,19,seed_3,seed,3
345,A,0.340625511557754,6.579649465949658e-11,0.6593744883764495,3,19,seed_3,seed,3
345,C,0.4360104452332824,9.702335921950772e-11,0.5639895546696936,3,19,seed_3,seed,3
346,A,0.34062551155011156,6.119906642836456e-11,0.6593744883886891,3,19,seed_3,seed,3
346,C,0.43601044522201343,9.02440071926944e-11,0.5639895546877427,3,19,seed_3,seed,3
347,A,0.3406255115430033,5.692287650296083e-11,0.6593744884000736,3,19,seed_3,seed,3
347,C,0.4360104452115323,8.39383515426759e-11,0.5639895547045308,3,19,seed_3,seed,3
348,A,0.34062551153639137,5.294547883208188e-11,0.6593744884106623,3,19,seed_3,seed,3
348,C,0.436010445201782,7.80732934931737e-11,0.5639895547201448,3,19,seed_3,seed,3
349,A,0.340625511530242,4.924599575053181e-11,0.6593744884205129,3,19,seed_3,seed,3
349,C,0.43601044519271315,7.261804699191299e-11,0.5639895547346683,3,19,seed_3,seed,3
350,A,0.3406255115245218,4.580500839022427e-11,0.6593744884296727,3,19,seed_3,seed,3
350,C,0.43601044518427806,6.754397711273766e-11,0.5639895547481771,3,19,seed_3,seed,3
351,A,0.34062551151920123,4.260445474868044e-11,0.6593744884381929,3,19,seed_3,seed,3
351,C,0.436010445176433,6.282444974911817e-11,0.5639895547607421,3,19,seed_3,seed,3
352,A,0.34062551151425297,3.962753487986815e-11,0.6593744884461201,3,19,seed_3,seed,3
352,C,0.43601044516913623,5.843469181008527e-11,0.5639895547724297,3,19,seed_3,seed,3
353,A,0.34062551150965054,3.685862266796543e-11,0.6593744884534908,3,19,seed_3,seed,3
353,C,0.4360104451623487,5.43516611348401e-11,0.5639895547832992,3,19,seed_3,seed,3
354,A,0.340625511505369,3.4283183922484814e-11,0.6593744884603469,3,19,seed_3,seed,3
354,C,0.43601044515603554,5.0553925684310165e-11,0.5639895547934098,3,19,seed_3,seed,3
355,A,0.34062551150138726,3.188769999011322e-11,0.6593744884667261,3,19,seed_3,seed,3
355,C,0.4360104451501633,4.702155092685677e-11,0.563989554802814,3,19,seed_3,seed,3
356,A,0.3406255114976827,2.965959680048975e-11,0.6593744884726568,3,19,seed_3,seed,3
356,C,0.4360104451447023,4.373599520851738e-11,0.5639895548115621,3,19,seed_3,seed,3
357,A,0.34062551149423803,2.758717887793177e-11,0.6593744884781747,3,19,seed_3,seed,3
357,C,0.43601044513962206,4.068001244370871e-11,0.5639895548196969,3,19,seed_3,seed,3
358,A,0.3406255114910337,2.5659567950865314e-11,0.6593744884833066,3,19,seed_3,seed,3
358,C,0.43601044513489656,3.783756158946469e-11,0.5639895548272648,3,19,seed_3,seed,3
359,A,0.3406255114880535,2.3866645850844136e-11,0.6593744884880799,3,19,seed_3,seed,3
359,C,0.4360104451305027,3.519372244501603e-11,0.5639895548343042,3,19,seed_3,seed,3
360,A,0.34062551148528114,2.2199001401425636e-11,0.6593744884925198,3,19,seed_3,seed,3
360,C,0.43601044512641407,3.273461733474e-11,0.563989554840851,3,19,seed_3,seed,3
361,A,0.3406255114827023,2.0647881018114893e-11,0.6593744884966495,3,19,seed_3,seed,3
361,C,0.43601044512261194,3.0447338263387694e-11,0.5639895548469395,3,19,seed_3,seed,3
362,A,0.3406255114803047,1.920514276007218e-11,0.6593744885004905,3,19,seed_3,seed,3
362,C,0.43601044511907594,2.831987916122251e-11,0.5639895548526042,3,19,seed_3,seed,3
363,A,0.3406255114780735,1.786321359239382e-11,0.6593744885040626,3,19,seed_3,seed,3
363,C,0.43601044511578574,2.6341072863421044e-11,0.563989554857872,3,19,seed_3,seed,3
364,A,0.3406255114759991,1.6615049634633463e-11,0.659374488507386,3,19,seed_3,seed,3
364,C,0.4360104451127266,2.4500532492936446e-11,0.5639895548627724,3,19,seed_3,seed,3
365,A,0.3406255114740689,1.545409918690242e-11,0.6593744885104768,3,19,seed_3,seed,3
365,C,0.436010445109881,2.2788596939140307e-11,0.5639895548673314,3,19,seed_3,seed,3
0,A,0.999,0.0010000000000000002,0,4,19,seed_3,seed,3
0,C,0.9990000000000002,0.0010000000000000005,0,4,19,seed_3,seed,3
1,A,0.998519706368476,0.0012553456544314317,2.2494797709345457e-4,4,19,seed_3,seed,3
1,C,0.9986297538298577,0.0011549983680218855,2.152478021199699e-4,4,19,seed_3,seed,3
2,A,0.9979548365119083,0.0015409775742913005,5.041859138004474e-4,4,19,seed_3,seed,3
2,C,0.9982123055596909,0.0013246966533341537,4.6299778697509765e-4,4,19,seed_3,seed,3
3,A,0.9973073894805737,0.0018496878661981612,8.429226532280987e-4,4,19,seed_3,seed,3
3,C,0.9977454782744632,0.001508423110559439,7.460986149762026e-4,4,19,seed_3,seed,3
4,A,0.996571980784611,0.0021822663664414457,0.00124575284894742,4,19,seed_3,seed,3
4,C,0.9972251857477411,0.0017073615846082148,0.0010674526676517347,4,19,seed_3,seed,3
5,A,0.9957375427003701,0.0025443727900812344,0.001718084509548168,4,19,seed_3,seed,3
5,C,0.9966456668206625,0.0019239393408168439,0.0014303938385215131,4,19,seed_3,seed,3
6,A,0.994790618001941,0.0029430470869448344,0.002266334911113452,4,19,seed_3,seed,3
6,C,0.9960003408129412,0.0021610362838549455,0.0018386229032042035,4,19,seed_3,seed,3
7,A,0.9937155863266524,0.003385935710147489,0.002898477963200524,4,19,seed_3,seed,3
7,C,0.9952815828205597,0.0024219005806716152,0.002296516598769027,4,19,seed_3,seed,3
8,A,0.9924947307044427,0.00388087845325358,0.0036243908423039253,4,19,seed_3,seed,3
8,C,0.9944805931855746,0.0027100919832192282,0.002809314831205482,4,19,seed_3,seed,3
9,A,0.9911099170180838,0.004435185082970908,0.004454897898944744,4,19,seed_3,seed,3
9,C,0.9935882052543107,0.003029128166377581,0.003382666579311598,4,19,seed_3,seed,3
10,A,0.9895392232617197,0.005057089316650546,0.005403687421629217,4,19,seed_3,seed,3
10,C,0.9925932198497277,0.003383116453470211,0.004023663696803434,4,19,seed_3,seed,3
11,A,0.98776317601972,0.005753566875810851,0.006483257104469965,4,19,seed_3,seed,3
11,C,0.9914856238839506,0.0037756124350466166,0.004738763681001347,4,19,seed_3,seed,3
12,A,0.9857558269677108,0.0065336150789267345,0.007710557953363064,4,19,seed_3,seed,3
12,C,0.9902520143030807,0.004211265582457229,0.005536720114461535,4,19,seed_3,seed,3
13,A,0.9834912207488047,0.007405867467403059,0.009102911783793488,4,19,seed_3,seed,3
13,C,0.9888788960179256,0.0046946210268606035,0.006426482955214587,4,19,seed_3,seed,3
14,A,0.98093977348259,0.008379889682125167,0.010680336835285064,4,19,seed_3,seed,3
14,C,0.9873507903385035,0.005230784174706547,0.007418425486790005,4,19,seed_3,seed,3
15,A,0.9780698294586827,0.009465595217097033,0.012464575324219846,4,19,seed_3,seed,3
15,C,0.9856509893727077,0.005825154904831261,0.008523855722462205,4,19,seed_3,seed,3
16,A,0.9748493659492261,0.01067267760476298,0.014477956446009703,4,19,seed_3,seed,3
16,C,0.9837624093092694,0.006483143166587431,0.009754447524144064,4,19,seed_3,seed,3
17,A,0.9712445336690205,0.012011048018196203,0.016744418312783626,4,19,seed_3,seed,3
17,C,0.9816667848908082,0.007210425935629407,0.011122789173562962,4,19,seed_3,seed,3
18,A,0.9672160692153048,0.013491657471706407,0.01929227331298862,4,19,seed_3,seed,3
18,C,0.9793425827621903,0.00801352749393438,0.012643889743875246,4,19,seed_3,seed,3
19,A,0.9627233257797441,0.015125178603991679,0.02215149561626435,4,19,seed_3,seed,3
19,C,0.9767670263401084,0.00889915331055432,0.014333820349338234,4,19,seed_3,seed,3
20,A,0.9577251883880469,0.016921603897634526,0.025353207714319335,4,19,seed_3,seed,3
20,C,0.9739164520414401,0.00987403566880814,0.01620951228975002,4,19,seed_3,seed,3
21,A,0.9521778415442138,0.018890664092597285,0.028931494363188644,4,19,seed_3,seed,3
21,C,0.9707649025523147,0.010945295767702139,0.01828980167998403,4,19,seed_3,seed,3
22,A,0.9460374031240643,0.021040933278838374,0.03292166359709685,4,19,seed_3,seed,3
22,C,0.9672853873240731,0.012120007167905952,0.020594605508019673,4,19,seed_3,seed,3
23,A,0.939260125604411,0.023379373392009416,0.03736050100357919,4,19,seed_3,seed,3
23,C,0.9634496487778458,0.01340513423223738,0.02314521698991783,4,19,seed_3,seed,3
24,A,0.9318029803692298,0.025910924326873273,0.04228609530389706,4,19,seed_3,seed,3
24,C,0.9592281999211311,0.014807424577699011,0.0259643755011704,4,19,seed_3,seed,3
25,A,0.9236243023254566,0.028638031477800852,0.04773766619674096,4,19,seed_3,seed,3
25,C,0.954590386685668,0.016333272513665238,0.02907634080066637,4,19,seed_3,seed,3
26,A,0.9146857252008581,0.03156002404481464,0.053754250754327465,4,19,seed_3,seed,3
26,C,0.9495052970191659,0.017988380372268097,0.032506322608566264,4,19,seed_3,seed,3
27,A,0.9049534611991067,0.03467208788396893,0.060374450916924845,4,19,seed_3,seed,3
27,C,0.9439418335261593,0.01977745691333469,0.03628070956050505,4,19,seed_3,seed,3
28,A,0.8943999139956622,0.03796488075791634,0.06763520524642126,4,19,seed_3,seed,3
28,C,0.9378695554691746,0.02170390572425072,0.040426538806574715,4,19,seed_3,seed,3
29,A,0.8830050175737468,0.04142391368941944,0.07557106873683309,4,19,seed_3,seed,3
29,C,0.9312591560422103,0.023769494307607112,0.04497134965018279,4,19,seed_3,seed,3
30,A,0.8707571117786976,0.045028962688942575,0.08421392553236015,4,19,seed_3,seed,3
30,C,0.9240825087636728,0.0259740939367214,0.0499433972996051,4,19,seed_3,seed,3
31,A,0.8576556842311971,0.048754011039371145,0.09359030472943315,4,19,seed_3,seed,3
31,C,0.9163148223486831,0.028315114507680258,0.055370063143636954,4,19,seed_3,seed,3
32,A,0.8437120479399235,0.0525667223396103,0.10372122972046618,4,19,seed_3,seed,3
32,C,0.9079346297552212,0.03078718073123082,0.061278189513547736,4,19,seed_3,seed,3
33,A,0.8289513986236514,0.056428408666762096,0.11462019270958564,4,19,seed_3,seed,3
33,C,0.8989253635913709,0.03338155822593561,0.06769307818269381,4,19,seed_3,seed,3
34,A,0.8134126225031828,0.060294908700517603,0.1262924687963005,4,19,seed_3,seed,3
34,C,0.8892760883330106,0.036086017449433516,0.07463789421755715,4,19,seed_3,seed,3
35,A,0.7971487038913315,0.06411680224251266,0.1387344938661558,4,19,seed_3,seed,3
35,C,0.8789820198841094,0.03888454931154456,0.0821334308043465,4,19,seed_3,seed,3
36,A,0.7802263996954227,0.06784125430940222,0.15193234599517483,4,19,seed_3,seed,3
36,C,0.8680461337794938,0.04175728557640124,0.09019658064410437,4,19,seed_3,seed,3
37,A,0.7627280035390962,0.07141192292859994,0.16586007353230356,4,19,seed_3,seed,3
37,C,0.8564805380526812,0.044679675304517254,0.09883978664280274,4,19,seed_3,seed,3
38,A,0.7447438680520194,0.07477405116452335,0.18048208078345776,4,19,seed_3,seed,3
38,C,0.8443055310912465,0.04762443502795177,0.10807003388080327,4,19,seed_3,seed,3
39,A,0.726374297504422,0.07787375710657211,0.19575194538900675,4,19,seed_3,seed,3
39,C,0.8315506381913508,0.05056069406484691,0.1178886677438024,4,19,seed_3,seed,3
40,A,0.7077326317096095,0.08065709213672395,0.21161027615366662,4,19,seed_3,seed,3
40,C,0.8182562973874394,0.05345295056231459,0.12829075205024354,4,19,seed_3,seed,3
41,A,0.688931943356467,0.0830781740472629,0.22798988259627004,4,19,seed_3,seed,3
41,C,0.804471108541293,0.05626496318720977,0.1392639282714972,4,19,seed_3,seed,3
42,A,0.6700887005392359,0.08509696587383228,0.24481433358693222,4,19,seed_3,seed,3
42,C,0.7902527978615936,0.0589586400345321,0.15078856210387434,4,19,seed_3,seed,3
43,A,0.6513177116268645,0.086682534855165555,0.2619997535179705,4,19,seed_3,seed,3
43,C,0.7756674218800494,0.061495686410105596,0.16283689170984386,4,19,seed_3,seed,3
44,A,0.6327296350823312,0.08781313734327394,0.27945722757439617,4,19,seed_3,seed,3
44,C,0.7607874801149376,0.06383874091710307,0.17537377896795855,4,19,seed_3,seed,3
45,A,0.6144295889690666,0.08847641093204103,0.29709400009889236,4,19,seed_3,seed,3
45,C,0.7456909320356083,0.06595217952591566,0.18835688843847684,4,19,seed_3,seed,3
46,A,0.596513105543987,0.08867087662389683,0.31481601783211516,4,19,seed_3,seed,3
46,C,0.7304592628138399,0.06780392431334616,0.2017368128728144,4,19,seed_3,seed,3
47,A,0.5790653496181053,0.08840511115015176,0.3325295392317435,4,19,seed_3,seed,3
47,C,0.7151759635226074,0.06936626877219758,0.21545776770519456,4,19,seed_3,seed,3
48,A,0.5621558584989657,0.08769582334237848,0.35014831815865566,4,19,seed_3,seed,3
48,C,0.6999196607715744,0.07061808561989982,0.2294622536085251,4,19,seed_3,seed,3
49,A,0.5458499581997727,0.08656853126883314,0.36758151053139426,4,19,seed_3,seed,3
49,C,0.6847746845611401,0.0715415406301687,0.24368377480869108,4,19,seed_3,seed,3
50,A,0.5301948174608918,0.08505545672844675,0.38474972581066136,4,19,seed_3,seed,3
50,C,0.6698166771048956,0.07212728756167647,0.25805603533342736,4,19,seed_3,seed,3
51,A,0.5152264879690241,0.08319380637132674,0.40157970565964884,4,19,seed_3,seed,3
51,C,0.655116605790678,0.0723722114055304,0.27251118280379055,4,19,seed_3,seed,3
52,A,0.5009690041752181,0.0810235312281219,0.4180074645966603,4,19,seed_3,seed,3
52,C,0.640737404830042,0.07227968032356206,0.28698291484639626,4,19,seed_3,seed,3
53,A,0.4874380285004098,0.07858887633606783,0.4339730951635224,4,19,seed_3,seed,3
53,C,0.6267388318583138,0.07185892485306641,0.3014022432886201,4,19,seed_3,seed,3
54,A,0.4746381485961376,0.0759332489891772,0.44942860241468613,4,19,seed_3,seed,3
54,C,0.6131695816101207,0.07112477703011848,0.3157056413597604,4,19,seed_3,seed,3
55,A,0.4625654336767512,0.07310022711956707,0.46433433920368233,4,19,seed_3,seed,3
55,C,0.6000704694196508,0.07009736582951623,0.32983216475083343,4,19,seed_3,seed,3
56,A,0.45120943707512556,0.07013080348083989,0.47865975944403416,4,19,seed_3,seed,3
56,C,0.5874733836041095,0.06879996809983795,0.3437266482960522,4,19,seed_3,seed,3
57,A,0.4405537531243903,0.06706517271677387,0.49238107415883514,4,19,seed_3,seed,3
57,C,0.5754035648005613,0.0672595546099663,0.35733688058947227,4,19,seed_3,seed,3
58,A,0.43057739088641556,0.0639401911909888,0.5054824179225946,4,19,seed_3,seed,3
58,C,0.5638784006495786,0.06550485545125583,0.3706167438991652,4,19,seed_3,seed,3
59,A,0.4212554943802627,0.06078899177935681,0.5179555138403806,4,19,seed_3,seed,3
59,C,0.552907675193086,0.06356577330256336,0.38352655150435216,4,19,seed_3,seed,3
60,A,0.41256050638262237,0.057641212834601344,0.5297982807827761,4,19,seed_3,seed,3
60,C,0.5424949191867918,0.06147258929626222,0.3960324915169477,4,19,seed_3,seed,3
61,A,0.40446394442726474,0.05452199719565672,0.5410140583770785,4,19,seed_3,seed,3
61,C,0.5326381676909546,0.05925423767963616,0.40810759462940815,4,19,seed_3,seed,3
62,A,0.39693451878923697,0.05145462680405751,0.5516108544067055,4,19,seed_3,seed,3
62,C,0.5233308669176702,0.05694047131004838,0.4197286617722819,4,19,seed_3,seed,3
63,A,0.38994168052828027,0.048457447601888554,0.5616008718698308,4,19,seed_3,seed,3
63,C,0.5145622451102451,0.05455809038890619,0.430879664500848,4,19,seed_3,seed,3
64,A,0.38345446472072214,0.0455457741169819,0.5709997611622967,4,19,seed_3,seed,3
64,C,0.5063181697858761,0.05213239103274287,0.4415494391813807,4,19,seed_3,seed,3
65,A,0.37744231431918235,0.04273179204061616,0.5798258936402011,4,19,seed_3,seed,3
65,C,0.49858186314102787,0.04968644614936481,0.4517316907096076,4,19,seed_3,seed,3
66,A,0.37187545044053877,0.04002456168529518,0.5880999878741657,4,19,seed_3,seed,3
66,C,0.49133432005706046,0.04724072947142373,0.461424950471515,4,19,seed_3,seed,3
67,A,0.3667249067529957,0.03743112825735504,0.59584396498965,4,19,seed_3,seed,3
67,C,0.48455543380784194,0.04481372603278966,0.47063084015936935,4,19,seed_3,seed,3
68,A,0.36196284134262435,0.03495615248054799,0.6030810061768282,4,19,seed_3,seed,3
68,C,0.47822397044055637,0.04242139641691266,0.4793546331425313,4,19,seed_3,seed,3
69,A,0.3575624543886849,0.03260255546850783,0.6098349901428075,4,19,seed_3,seed,3
69,C,0.4723181042477391,0.04007764750418217,0.48760424824807774,4,19,seed_3,seed,3
70,A,0.35349831923324926,0.030371368744266707,0.6161303120224844,4,19,seed_3,seed,3
70,C,0.4668156135875715,0.0377939355037288,0.4953904509087007,4,19,seed_3,seed,3
71,A,0.34974636635532896,0.028262139206682604,0.6219914944379892,4,19,seed_3,seed,3
71,C,0.46169424131142933,0.035579533386494173,0.5027262253020766,4,19,seed_3,seed,3
72,A,0.3462841363620262,0.026272950635670835,0.6274429130023018,4,19,seed_3,seed,3
72,C,0.4569319713871961,0.033441373278243626,0.5096266553345613,4,19,seed_3,seed,3
73,A,0.34309047741192056,0.024401159763936635,0.6325083628241431,4,19,seed_3,seed,3
73,C,0.4525074147938427,0.03138483781700578,0.5161077473891512,4,19,seed_3,seed,3
74,A,0.34014547611925494,0.022643559171227453,0.6372109647095162,4,19,seed_3,seed,3
74,C,0.4483998801058408,0.029413956148484344,0.5221861637456745,4,19,seed_3,seed,3
75,A,0.3374304759976442,0.020996377044753274,0.6415731469576023,4,19,seed_3,seed,3
75,C,0.44458937659708636,0.027531416702922553,0.5278792066999898,4,19,seed_3,seed,3
76,A,0.33492807706641137,0.019455352485118406,0.6456165704484695,4,19,seed_3,seed,3
76,C,0.4410566732122857,0.025738654097568387,0.533204672690147,4,19,seed_3,seed,3
77,A,0.3326220922694795,0.018015883463808568,0.6493620242667134,4,19,seed_3,seed,3
77,C,0.43778338503822134,0.024036025209178493,0.5381805897526009,4,19,seed_3,seed,3
78,A,0.3304974795044821,0.01667317078189881,0.6528293497136192,4,19,seed_3,seed,3
78,C,0.4347520314656135,0.022423001574833012,0.5428249669595532,4,19,seed_3,seed,3
79,A,0.3285402711939856,0.015422320715404428,0.6560374080906097,4,19,seed_3,seed,3
79,C,0.43194605273564657,0.02089833220495744,0.547155615059395,4,19,seed_3,seed,3
80,A,0.32673751031009624,0.014258414017657704,0.6590040756722455,4,19,seed_3,seed,3
80,C,0.42934980232241376,0.01946017404973221,0.5511900236278529,4,19,seed_3,seed,3
81,A,0.32507719124044154,0.013176559771583706,0.6617462489879747,4,19,seed_3,seed,3
81,C,0.42694853180764525,0.018106203439596423,0.5549452647527587,4,19,seed_3,seed,3
82,A,0.32354820173421217,0.01217194283166511,0.6642798554341225,4,19,seed_3,seed,3
82,C,0.424728372700149,0.016833717218881147,0.5584379100809693,4,19,seed_3,seed,3
83,A,0.3221402649609778,0.01123986419734103,0.666619870841681,4,19,seed_3,seed,3
83,C,0.4226763132918475,0.01563972452594433,0.5616839621822084,4,19,seed_3,seed,3
84,A,0.3208438830094684,0.010375772009332325,0.6687803449811999,4,19,seed_3,seed,3
84,C,0.4207801694454696,0.014521027390281403,0.5646988031642486,4,19,seed_3,seed,3
85,A,0.3196502829895887,0.009575283552217626,0.6707744334581935,4,19,seed_3,seed,3
85,C,0.41902855064879185,0.013474289456731785,0.5674971598944776,4,19,seed_3,seed,3
86,A,0.31855136590625316,0.008834200684618054,0.6726144334091291,4,19,seed_3,seed,3
86,C,0.4174108241626562,0.012496093834929084,0.5700930820024136,4,19,seed_3,seed,3
87,A,0.31753965806362217,0.008148519780617848,0.6743118221557597,4,19,seed_3,seed,3
87,C,0.41591707572927145,0.011582991329737719,0.5724999329409901,4,19,seed_3,seed,3
88,A,0.3166082656314528,0.007514437886894623,0.6758772964816523,4,19,seed_3,seed,3
88,C,0.41453807238815643,0.01073154060098635,0.574730387010857,4,19,seed_3,seed,3
89,A,0.3157508319502557,0.00692835523941945,0.6773208128103245,4,19,seed_3,seed,3
89,C,0.4132652251545486,0.009938341172836809,0.5767964336726137,4,19,seed_3,seed,3
90,A,0.31496149741960217,0.006386874769673723,0.6786516278107245,4,19,seed_3,seed,3
90,C,0.4120905515852484,0.00920006005202626,0.5787093883627262,4,19,seed_3,seed,3
91,A,0.31423486196858574,0.0058867992628881555,0.6798783387685261,4,19,seed_3,seed,3
91,C,0.4110066389242537,0.00851345271336075,0.5804799083623852,4,19,seed_3,seed,3
92,A,0.3135659500982608,0.005425126727008007,0.6810089231747306,4,19,seed_3,seed,3
92,C,0.4100066084373154,0.007875379233630464,0.5821180123290531,4,19,seed_3,seed,3
93,A,0.3129501783857254,0.00499904441956526,0.6820507771947103,4,19,seed_3,seed,3
93,C,0.40908408118470163,0.00728281630832209,0.5836331025069764,4,19,seed_3,seed,3
94,A,0.31238332529316265,0.004605921888719496,0.6830107528181177,4,19,seed_3,seed,3
94,C,0.4082331452865143,0.0067328657897157,0.5850339889237695,4,19,seed_3,seed,3
95,A,0.31186150314296873,0.004243303309326942,0.6838951935477044,4,19,seed_3,seed,3
95,C,0.4074483247072737,0.006222760293817887,0.586328914998908,4,19,seed_3,seed,3
96,A,0.3113811321409465,0.003908899344802348,0.6847099685142513,4,19,seed_3,seed,3
96,C,0.40672454959945337,0.005749866357566366,0.5875255840429799,4,19,seed_3,seed,3
97,A,0.3109389163285509,0.0036005787340790425,0.6854605049373707,4,19,seed_3,seed,3
97,C,0.40605712823569073,0.005311685574671072,0.5886311861896374,4,19,seed_3,seed,3
98,A,0.3105318214817333,0.003316359829994293,0.6861518186882718,4,19,seed_3,seed,3
98,C,0.4054417207042001,0.004905854097933244,0.5896524251978666,4,19,seed_3,seed,3
99,A,0.3101570538882731,0.0030544018313104384,0.6867885442804161,4,19,seed_3,seed,3
99,C,0.4048743131985419,0.004530140751943777,0.5905955460495139,4,19,seed_3,seed,3
100,A,0.3098120445585283,0.0028129977726711842,0.687374957668801,4,19,seed_3,seed,3
100,C,0.40435119854700435,0.004182444534264463,0.5914663569187308,4,19,seed_3,seed,3
101,A,0.3094944271804434,0.0025905644366637226,0.687915008382893,4,19,seed_3,seed,3
101,C,0.4038689488741085,0.003860790478737858,0.5922702606471547,4,19,seed_3,seed,3
102,A,0.309202021051455,0.0023856340060920845,0.6884123449424533,4,19,seed_3,seed,3
102,C,0.40342439391471685,0.0035633250913489466,0.5930122809939329,4,19,seed_3,seed,3
103,A,0.30893281895932856,0.0021968476048957655,0.6888703334357767,4,19,seed_3,seed,3
103,C,0.40301460516516185,0.003288311781407414,0.5936970830534308,4,19,seed_3,seed,3
104,A,0.3086849756779936,0.002022949000991483,0.6892920753210159,4,19,seed_3,seed,3
104,C,0.4026368808248585,0.00303412614893189,0.5943289930262103,4,19,seed_3,seed,3
105,A,0.3084567940364544,0.0018627771874283237,0.6896804287761168,4,19,seed_3,seed,3
105,C,0.4022887277876183,0.0027992507955256697,0.5949120214168555,4,19,seed_3,seed,3
106,A,0.30824671136168297,0.001715258991892634,0.6900380296464241,4,19,seed_3,seed,3
106,C,0.4019678439209932,0.002582269810028041,0.5954498862689791,4,19,seed_3,seed,3
107,A,0.3080532885788038,0.0015794027370928845,0.6903673086841042,4,19,seed_3,seed,3
107,C,0.4016721034233289,0.002381863269950757,0.5959460333067188,4,19,seed_3,seed,3
108,A,0.30787520119400613,0.0014542927364000957,0.6906705060695932,4,19,seed_3,seed,3
108,C,0.40139954448321985,0.002196801955862598,0.596403653560918,4,19,seed_3,seed,3
109,A,0.3077112306180433,0.0013390839916456836,0.6909496853903102,4,19,seed_3,seed,3
109,C,0.4011483574395227,0.0020259422193348465,0.5968257003411426,4,19,seed_3,seed,3
110,A,0.3075602554971071,0.001232996926368743,0.6912067475765243,4,19,seed_3,seed,3
110,C,0.4009168729939716,0.0018682209233944185,0.5972149060826344,4,19,seed_3,seed,3
111,A,0.3074212436378492,0.0011353123985401842,0.6914434439636095,4,19,seed_3,seed,3
111,C,0.4007035511395896,0.0017226504833643206,0.5975737983770458,4,19,seed_3,seed,3
112,A,0.30729324488114607,0.0010453671684918881,0.6916613879503603,4,19,seed_3,seed,3
112,C,0.40050697124810264,0.0015883140929277293,0.5979047146589704,4,19,seed_3,seed,3
113,A,0.3071753847177907,9.625497568494998e-4,0.6918620655253599,4,19,seed_3,seed,3
113,C,0.4003258231071834,0.0014643611816542595,0.5982098157111623,4,19,seed_3,seed,3
114,A,0.30706685832824504,8.862965594933837e-4,0.6920468451122614,4,19,seed_3,seed,3
114,C,0.40015889853954684,0.0013500030947585853,0.5984910983656949,4,19,seed_3,seed,3
115,A,0.3069669249730768,8.160881805241661e-4,0.6922169868463989,4,19,seed_3,seed,3
115,C,0.400005083503163,0.0012445089744958953,0.5987504075223414,4,19,seed_3,seed,3
116,A,0.3068749028225691,7.514460181789616e-4,0.6923736511592518,4,19,seed_3,seed,3
116,C,0.39986335076708546,0.0011472018428253265,0.5989894473900894,4,19,seed_3,seed,3
117,A,0.30679016425934813,6.919291218702898e-4,0.692517906618781,4,19,seed_3,seed,3
117,C,0.39973275320612023,0.0010574548975020655,0.5992097918963777,4,19,seed_3,seed,3
118,A,0.3067121315853865,6.371312938172304e-4,0.6926507371207965,4,19,seed_3,seed,3
118,C,0.39961241763988575,9.746880260000541e-4,0.5994128943341147,4,19,seed_3,seed,3
119,A,0.30664027305312996,5.866783986519996e-4,0.6927730485482197,4,19,seed_3,seed,3
119,C,0.399501539121524,8.983645288566371e-4,0.59960009634962,4,19,seed_3,seed,3
120,A,0.306574099190957,5.402258633763601e-4,0.6928856749456669,4,19,seed_3,seed,3
120,C,0.399399375635295,8.279880404435435e-4,0.5997726363242609,4,19,seed_3,seed,3
121,A,0.3065131594224885,4.974563639122754e-4,0.6929893842135995,4,19,seed_3,seed,3
121,C,0.39930524319769717,7.630996392437946e-4,0.5999316571630591,4,19,seed_3,seed,3
122,A,0.30645703896779747,4.5807769142732163e-4,0.6930848833407751,4,19,seed_3,seed,3
122,C,0.3992185113465474,7.032751426979417e-4,0.6000782135107571,4,19,seed_3,seed,3
123,A,0.3064053559969418,4.2182078389032456e-4,0.693172823219169,4,19,seed_3,seed,3
123,C,0.39913859898252835,6.48122580163749e-4,0.6002132784373074,4,19,seed_3,seed,3
124,A,0.30635775900682516,3.884379072058549e-4,0.6932538030859687,4,19,seed_3,seed,3
124,C,0.3990649705268195,5.972798347147512e-4,0.6003377496384664,4,19,seed_3,seed,3
125,A,0.3063139244035315,3.5770097444841857e-4,0.6933283746220201,4,19,seed_3,seed,3
125,C,0.3989971323701927,5.504124437807204e-4,0.6004524551860264,4,19,seed_3,seed,3
126,A,0.3062735542782741,3.2939999478119657e-4,0.6933970457269448,4,19,seed_3,seed,3
126,C,0.3989346295964677,5.072115496915102e-4,0.60055815885384,4,19,seed_3,seed,3
127,A,0.30623637436309076,3.033416438509833e-4,0.6934602839930591,4,19,seed_3,seed,3
127,C,0.39887704296151905,4.673919926417036e-4,0.6006555650458393,4,19,seed_3,seed,3
128,A,0.30620213215057074,2.7934794598149707e-4,0.693518519903448,4,19,seed_3,seed,3
128,C,0.39882398610744735,4.306905376639672e-4,0.6007453233548874,4,19,seed_3,seed,3
129,A,0.3061705951628782,2.5725505905990266e-4,0.6935721497780625,4,19,seed_3,seed,3
129,C,0.39877510299212926,3.968642274221216e-4,0.6008280327804482,4,19,seed_3,seed,3
130,A,0.3061415493581882,2.3691215428672463e-4,0.6936215384875252,4,19,seed_3,seed,3
130,C,0.3987300655174976,3.656888528360984e-4,0.6009042456296653,4,19,seed_3,seed,3
131,A,0.3061147976644095,2.1818038391709479e-4,0.6936670219516732,4,19,seed_3,seed,3
131,C,0.39868857134221275,3.369575339987466e-4,0.6009744711237879,4,19,seed_3,seed,3
132,A,0.3060901586302835,2.00931930443245e-4,0.6937089094392735,4,19,seed_3,seed,3
132,C,0.39865034186499265,3.1047940426938783e-4,0.6010391787307388,4,19,seed_3,seed,3
133,A,0.3060674651841733,1.8504913084923014e-4,0.6937474856849777,4,19,seed_3,seed,3
133,C,0.3986151203652247,2.860783907457707e-4,0.6010988012440308,4,19,seed_3,seed,3
134,A,0.306046563491638,1.704236699827291e-4,0.6937830128383805,4,19,seed_3,seed,3
134,C,0.39858267028839495,2.6359208459263877e-4,0.6011537376270127,4,19,seed_3,seed,3
135,A,0.30602731190393223,1.5695583765860987e-4,0.693815732258409,4,19,seed_3,seed,3
135,C,0.3985527736651457,2.428706950384245e-4,0.6012043556398156,4,19,seed_3,seed,3
136,A,0.3060095799903351,1.4455384459797943e-4,0.6938458661650659,4,19,seed_3,seed,3
136,C,0.3985252296537868,2.23776081235458e-4,0.6012509942649774,4,19,seed_3,seed,3
137,A,0.30599324764762764,1.3313319264365744e-4,0.6938736191597281,4,19,seed_3,seed,3
137,C,0.39849985319676823,2.0618085654507156e-4,0.6012939659466869,4,19,seed_3,seed,3
138,A,0.3059782042804898,1.2261609497450822e-4,0.6938991796245361,4,19,seed_3,seed,3
138,C,0.39847647378220846,1.8996756012728378e-4,0.6013335586576637,4,19,seed_3,seed,3
139,A,0.3059643480471097,1.1293094235330546e-4,0.693922721010538,4,19,seed_3,seed,3
139,C,0.3984549343022824,1.7502789101224098e-4,0.6013700378067067,4,19,seed_3,seed,3
140,A,0.3059515851648061,1.0401181177542259e-4,0.6939444030234178,4,19,seed_3,seed,3
140,C,0.39843509000091576,1.6126200013521114e-4,0.6014036479989506,4,19,seed_3,seed,3
141,A,0.30593982927090113,9.579801418664872e-5,0.6939643727149122,4,19,seed_3,seed,3
141,C,0.39841680750389585,1.4857783612219524e-4,0.6014346146599825,4,19,seed_3,seed,3
142,A,0.3059290008344351,8.823367818993513e-5,0.6939827654873746,4,19,seed_3,seed,3
142,C,0.3983999639249615,1.3689054089863827e-4,0.60146314553414,4,19,seed_3,seed,3
143,A,0.30591902661465276,8.126736688527592e-5,0.6939997060184615,4,19,seed_3,seed,3
143,C,0.3983844460419492,1.2612189145413017e-4,0.6014894320665964,4,19,seed_3,seed,3
144,A,0.3059098391625229,7.485172520650088e-5,0.6940153091122716,4,19,seed_3,seed,3
144,C,0.3983701495375215,1.1619978434142832e-4,0.6015136506781376,4,19,seed_3,seed,3
145,A,0.3059013763618632,6.894315533243587e-5,0.6940296804828048,4,19,seed_3,seed,3
145,C,0.3983569782994303,1.0705775972556012e-4,0.6015359639408434,4,19,seed_3,seed,3
146,A,0.3058935810069206,6.350151794325145e-5,0.6940429174751361,4,19,seed_3,seed,3
146,C,0.3983448437756805,9.86345620212087e-5,0.6015565216622981,4,19,seed_3,seed,3
147,A,0.30588640041349024,5.848985727696153e-5,0.6940551097292318,4,19,seed_3,seed,3
147,C,0.39833366438027384,9.08737343877462e-5,0.6015754618853384,4,19,seed_3,seed,3
148,A,0.30587978606091315,5.387414807978328e-5,0.6940663397910066,4,19,seed_3,seed,3
148,C,0.3983233649456101,8.372324450848828e-5,0.6015929118098821,4,19,seed_3,seed,3
149,A,0.3058736932624827,4.96230627066298e-5,0.69407668367481,4,19,seed_3,seed,3
149,C,0.39831387621787573,7.713513928948352e-5,0.6016089886428353,4,19,seed_3,seed,3
150,A,0.3058680808620102,4.570775676971237e-5,0.6940862113812196,4,19,seed_3,seed,3
150,C,0.39830513439205556,7.106522628827634e-5,0.6016238003816569,4,19,seed_3,seed,3
151,A,0.3058629109544491,4.210167185873693e-5,0.694094987373692,4,19,seed_3,seed,3
151,C,0.3982970806834606,6.547277983849104e-5,0.6016374465367006,4,19,seed_3,seed,3
152,A,0.30585814862868194,3.878035397040439e-5,0.6941030710173467,4,19,seed_3,seed,3
152,C,0.39828966093291607,6.0320269981331784e-5,0.601650018797103,4,19,seed_3,seed,3
153,A,0.30585376173069745,3.572128639300227e-5,0.6941105169829109,4,19,seed_3,seed,3
153,C,0.3982828252429652,5.5573112456040646e-5,0.6016616016445777,4,19,seed_3,seed,3
154,A,0.3058497206455372,3.290373589325647e-5,0.69411737561857,4,19,seed_3,seed,3
154,C,0.3982765276426673,5.119943813425491e-5,0.6016722729192,4,19,seed_3,seed,3
155,A,0.30584599809652624,3.0308611145323074e-5,0.6941236932923276,4,19,seed_3,seed,3
155,C,0.39827072577872724,4.716988040465332e-5,0.601682104340869,4,19,seed_3,seed,3
156,A,0.30584256896040796,2.7918332425882166e-5,0.6941295127071675,4,19,seed_3,seed,3
156,C,0.39826538063092093,4.3457379125363937e-5,0.6016911619899538,4,19,seed_3,seed,3
157,A,0.305839410097115,2.5716711676504487e-5,0.6941348731912081,4,19,seed_3,seed,3
157,C,0.39826045624987527,4.003699986503698e-5,0.6016995067502601,4,19,seed_3,seed,3
158,A,0.30583650019303543,2.368884210615734e-5,0.6941398109648589,4,19,seed_3,seed,3
158,C,0.39825591951546796,3.6885767250522044e-5,0.601707194717282,4,19,seed_3,seed,3
159,A,0.3058338196166716,2.1820996573085716e-5,0.6941443593867541,4,19,seed_3,seed,3
159,C,0.3982517399142286,3.398251132934805e-5,0.6017142775744414,4,19,seed_3,seed,3
160,A,0.3058313502857369,2.0100534046228295e-5,0.6941485491802167,4,19,seed_3,seed,3
160,C,0.3982478893342436,3.130772593845936e-5,0.6017208029398176,4,19,seed_3,seed,3
161,A,0.305829075544764,1.8515813502114476e-5,0.6941524086417338,4,19,seed_3,seed,3
161,C,0.39824434187618124,2.8843438147464516e-5,0.6017268146856712,4,19,seed_3,seed,3
162,A,0.30582698005239894,1.7056114664515727e-5,0.6941559638329362,4,19,seed_3,seed,3
162,C,0.39824107367919076,2.6573087915840316e-5,0.6017323532328933,4,19,seed_3,seed,3
163,A,0.30582504967761376,1.5711565041478852e-5,0.6941592387573448,4,19,seed_3,seed,3
163,C,0.39823806276049206,2.4481417169609148e-5,0.601737455822338,4,19,seed_3,seed,3
164,A,0.3058232714041235,1.4473072758007301e-5,0.694162255523119,4,19,seed_3,seed,3
164,C,0.39823528886757686,2.2554367564183034e-5,0.6017421567648582,4,19,seed_3,seed,3
165,A,0.3058216332423676,1.3332264722758587e-5,0.6941650344929091,4,19,seed_3,seed,3
165,C,0.39823273334204823,2.0778986256576248e-5,0.6017464876716951,4,19,seed_3,seed,3
166,A,0.3058201241484475,1.228142970389806e-5,0.6941675944218486,4,19,seed_3,seed,3
166,C,0.39823037899416125,1.914333906222112e-5,0.6017504776667775,4,19,seed_3,seed,3
167,A,0.30581873394947046,1.1313465923556108e-5,0.6941699525846046,4,19,seed_3,seed,3
167,C,0.39822820998723885,1.7636430420668378e-5,0.6017541535823402,4,19,seed_3,seed,3
168,A,0.30581745327480303,1.0421832810823807e-5,0.6941721248923858,4,19,seed_3,seed,3
168,C,0.39822621173118405,1.6248129637624804e-5,0.6017575401391778,4,19,seed_3,seed,3
169,A,0.30581627349274493,9.600506582438639e-6,0.6941741260006723,4,19,seed_3,seed,3
169,C,0.39822437078436573,1.496910291300342e-5,0.6017606601127212,4,19,seed_3,seed,3
170,A,0.3058151866522191,8.843939346779956e-6,0.694175969408434,4,19,seed_3,seed,3
170,C,0.398222674763227,1.3790750702829932e-5,0.6017635344860691,4,19,seed_3,seed,3
171,A,0.3058141854290614,8.147021450978621e-6,0.6941776675494876,4,19,seed_3,seed,3
171,C,0.3982211122590106,1.2705149997758122e-5,0.6017661825909928,4,19,seed_3,seed,3
172,A,0.3058132630765542,7.5050468132111564e-6,0.694179231876634,4,19,seed_3,seed,3
172,C,0.39821967276102604,1.1705001133219997e-5,0.6017686222378411,4,19,seed_3,seed,3
173,A,0.305812413379869,6.913681002846728e-6,0.6941806729391287,4,19,seed_3,seed,3
173,C,0.39821834658596716,1.078357877626446e-5,0.6017708698352566,4,19,seed_3,seed,3
174,A,0.3058116306141073,6.368931850094544e-6,0.6941820004540437,4,19,seed_3,seed,3
174,C,0.39821712481278915,9.93468676191114e-6,0.6017729405004475,4,19,seed_3,seed,3
175,A,0.305810909505651,5.8671223842177205e-6,0.6941832233719659,4,19,seed_3,seed,3
175,C,0.398215999222704,9.152616477382543e-6,0.6017748481608182,4,19,seed_3,seed,3
176,A,0.30581024519656885,5.404865915371197e-6,0.6941843499375154,4,19,seed_3,seed,3
176,C,0.39821496224390546,8.432108516068129e-6,0.6017766056475771,4,19,seed_3,seed,3
177,A,0.30580963321183086,4.979043089839833e-6,0.6941853877450792,4,19,seed_3,seed,3
177,C,0.39821400690064396,7.768317344765813e-6,0.6017782247820127,4,19,seed_3,seed,3
178,A,0.3058090694291103,4.586780762015653e-6,0.6941863437901283,4,19,seed_3,seed,3
178,C,0.3982131267663019,7.156778747798896e-6,0.6017797164549512,4,19,seed_3,seed,3
179,A,0.30580855005096913,4.225432538935968e-6,0.6941872245164911,4,19,seed_3,seed,3
179,C,0.3982123159201757,6.593379830113201e-6,0.6017810906999936,4,19,seed_3,seed,3
180,A,0.3058080715792429,3.8925608646828374e-6,0.6941880358598916,4,19,seed_3,seed,3
180,C,0.3982115689076473,6.074331378508456e-6,0.6017823567609734,4,19,seed_3,seed,3
181,A,0.30580763079143897,3.5859205224997384e-6,0.6941887832880383,4,19,seed_3,seed,3
181,C,0.39821088070349514,5.596142395870183e-6,0.6017835231541084,4,19,seed_3,seed,3
182,A,0.3058072247190036,3.3034434421956725e-6,0.6941894718375538,4,19,seed_3,seed,3
182,C,0.39821024667809474,5.155596637760934e-6,0.6017845977252683,4,19,seed_3,seed,3
183,A,0.30580685062730356,3.0432247093483246e-6,0.6941901061479863,4,19,seed_3,seed,3
183,C,0.39820966256627294,4.749730994099852e-6,0.6017855877027328,4,19,seed_3,seed,3
184,A,0.30580650599718173,2.8035096810468924e-6,0.6941906904931374,4,19,seed_3,seed,3
184,C,0.39820912443862755,4.37581557098971e-6,0.60178649974580245,4,19,seed_3,seed,3
185,A,0.30580618850797336,2.582682120486983e-6,0.6941912288099059,4,19,seed_3,seed,3
185,C,0.3982086286750844,4.031335339113556e-6,0.6017873399895768,4,19,seed_3,seed,3
186,A,0.3058058960218611,2.3792532696930987e-6,0.69419172472487,4,19,seed_3,seed,3
186,C,0.39820817194055624,3.713973225591978e-6,0.6017881140862172,4,19,seed_3,seed,3
187,A,0.3058056265694569,2.19185178607111e-6,0.6941921815787555,4,19,seed_3,seed,3
187,C,0.39820775116250534,3.421594535878978e-6,0.6017888272429599,4,19,seed_3,seed,3
188,A,0.30580537833653676,2.019214474366346e-6,0.6941926024489897,4,19,seed_3,seed,3
188,C,0.3982073635102701,3.152232601120419e-6,0.6017894842571291,4,19,seed_3,seed,3
189,A,0.3058051496518011,1.8601777510523533e-6,0.6941929901704482,4,19,seed_3,seed,3
189,C,0.39820700637603357,2.9040755546443595e-6,0.6017900895484125,4,19,seed_3,seed,3
190,A,0.3058049389756176,1.7136697831758743e-6,0.6941933473545989,4,19,seed_3,seed,3
190,C,0.39820667735727305,2.6754541488196324e-6,0.6017906471885779,4,19,seed_3,seed,3
191,A,0.3058047448896442,1.5787032482791642e-6,0.6941936764071083,4,19,seed_3,seed,3
191,C,0.39820637424060357,2.4648305304807777e-6,0.6017911609288658,4,19,seed_3,seed,3
192,A,0.30580456608726675,1.4543686662517757e-6,0.6941939795440663,4,19,seed_3,seed,3
192,C,0.3982060949868861,2.2707878995351353e-6,0.6017916342252138,4,19,seed_3,seed,3
193,A,0.305804401364802,1.339828257862234e-6,0.6941942588069402,4,19,seed_3,seed,3
193,C,0.398205837717511,2.0920209812920568e-6,0.601792070261508,4,19,seed_3,seed,3
194,A,0.305804249613379,1.2343102883095374e-6,0.6941945160763328,4,19,seed_3,seed,3
194,C,0.39820560070175914,1.927327248516083e-6,0.6017924719709906,4,19,seed_3,seed,3
195,A,0.3058041098114754,1.1371038574370298e-6,0.6941947530846674,4,19,seed_3,seed,3
195,C,0.39820538234516656,1.7755988342359463e-6,0.6017928420559994,4,19,seed_3,seed,3
196,A,0.3058039810180301,1.047554101289764e-6,0.6941949714278677,4,19,seed_3,seed,3
196,C,0.39820518117878556,1.6358150809735072e-6,0.6017931830061332,4,19,seed_3,seed,3
197,A,0.3058038623661081,9.650577724941622e-7,0.6941951725761194,4,19,seed_3,seed,3
197,C,0.39820499584931596,1.5070356763268198e-6,0.6017934971150077,4,19,seed_3,seed,3
198,A,0.30580375305705476,8.89059169514741e-7,0.6941953578837754,4,19,seed_3,seed,3
198,C,0.3982048251099936,1.3883943287774806e-6,0.6017937864956782,4,19,seed_3,seed,3
199,A,0.3058036523551239,8.190463872144493e-7,0.6941955285984891,4,19,seed_3,seed,3
199,C,0.398204667812205,1.279092941220196e-6,0.6017940530948538,4,19,seed_3,seed,3
200,A,0.3058035595825144,7.545478633282559e-7,0.6941956858696212,4,19,seed_3,seed,3
200,C,0.39820452289776337,1.1783962430545634e-6,0.6017942987059949,4,19,seed_3,seed,3
201,A,0.30580347411481096,6.951291974692869e-7,0.694195830755991,4,19,seed_3,seed,3
201,C,0.3982043893917839,1.085626844758022e-6,0.6017945249813719,4,19,seed_3,seed,3
202,A,0.3058033953767748,6.40390221137099e-7,0.6941959642330037,4,19,seed_3,seed,3
202,C,0.39820426639613316,1.000160681696364e-6,0.601794733443184,4,19,seed_3,seed,3
203,A,0.30580332283847145,5.899622989012619e-7,0.6941960871992289,4,19,seed_3,seed,3
203,C,0.398204153083382,9.214228165429078e-7,0.6017949254938018,4,19,seed_3,seed,3
204,A,0.30580325601170405,5.435058425020078e-7,0.6941962004824548,4,19,seed_3,seed,3
204,C,0.3982040486912392,8.488835720866296e-7,0.6017951024251876,4,19,seed_3,seed,3
205,A,0.30580319444672033,5.007080210538154e-7,0.6941963048452603,4,19,seed_3,seed,3
205,C,0.39820395251742796,7.820549684295908e-7,0.6017952654276041,4,19,seed_3,seed,3
206,A,0.3058031377291876,4.6128065186743754e-7,0.6941964009901596,4,19,seed_3,seed,3
206,C,0.39820386391495505,7.204874406187559e-7,0.6017954155976051,4,19,seed_3,seed,3
207,A,0.30580308547740703,4.249582576306148e-7,0.6941964895643352,4,19,seed_3,seed,3
207,C,0.3982037822877637,6.63766814643156e-7,0.6017955539454208,4,19,seed_3,seed,3
208,A,0.30580303733973463,3.91496276814188e-7,0.6941965711639884,4,19,seed_3,seed,3
208,C,0.39820370708672154,6.115115214615132e-7,0.6017956814017571,4,19,seed_3,seed,3
209,A,0.3058029929922197,3.6066941520898225e-7,0.6941966463383659,4,19,seed_3,seed,3
209,C,0.3982036378059281,5.633700303268017e-7,0.6017957988240414,4,19,seed_3,seed,3
210,A,0.30580295213642306,3.322701274547398e-7,0.6941967155934496,4,19,seed_3,seed,3
210,C,0.39820357397930756,5.190184841483851e-7,0.6017959070022093,4,19,seed_3,seed,3
211,A,0.3058029144974053,3.0610721830242226e-7,0.6941967793953766,4,19,seed_3,seed,3
211,C,0.39820351517747754,4.781585209900704e-7,0.6017960066640022,4,19,seed_3,seed,3
212,A,0.30580287982188054,2.8200455416160363e-7,0.6941968381735656,4,19,seed_3,seed,3
212,C,0.3982034610048582,4.4051526705354393e-7,0.6017960984798757,4,19,seed_3,seed,3
213,A,0.3058028478765051,2.59799876231062e-7,0.694196892323618,4,19,seed_3,seed,3
213,C,0.398203411097013,4.058354876495219e-7,0.6017961830674997,4,19,seed_3,seed,3
214,A,0.3058028184463127,2.393437071981068e-7,0.6941969422099804,4,19,seed_3,seed,3
214,C,0.3982033651181951,3.7388588372137224e-7,0.601796260995921,4,19,seed_3,seed,3
215,A,0.3058027913332625,2.20498344125094e-7,0.6941969881683933,4,19,seed_3,seed,3
215,C,0.3982033227590901,3.444515224645988e-7,0.6017963327893882,4,19,seed_3,seed,3
216,A,0.30580276635490883,2.031369307244819e-7,0.6941970305081606,4,19,seed_3,seed,3
216,C,0.3982032837347329,3.173343914871003e-7,0.6017963989308757,4,19,seed_3,seed,3
217,A,0.30580274334317314,1.8714260276052646e-7,0.6941970695142248,4,19,seed_3,seed,3
217,C,0.39820324778259364,2.923520667858237e-7,0.6017964598653379,4,19,seed_3,seed,3
218,A,0.30580272214321025,1.7240770081010235e-7,0.6941971054490883,4,19,seed_3,seed,3
218,C,0.3982032146608117,2.693364855807486e-7,0.6017965160027027,4,19,seed_3,seed,3
219,A,0.30580270261236914,1.5883304507040645e-7,0.6941971385545854,4,19,seed_3,seed,3
219,C,0.39820318414656286,2.4813281575230066e-7,0.6017965677206208,4,19,seed_3,seed,3
220,A,0.30580268461923016,1.4632726732060898e-7,0.6941971690535023,4,19,seed_3,seed,3
220,C,0.39820315603457,2.285984142779526e-7,0.6017966153670152,4,19,seed_3,seed,3
221,A,0.3058026680427225,1.3480619553066854e-7,0.6941971971510819,4,19,seed_3,seed,3
221,C,0.3982031301357123,2.106018676622417e-7,0.60179665926242,4,19,seed_3,seed,3
222,A,0.30580265277130814,1.2419228696616957e-7,0.6941972230364053,4,19,seed_3,seed,3
222,C,0.39820310627575994,1.940221079058712e-7,0.6017966997021316,4,19,seed_3,seed,3
223,A,0.3058026387022314,1.1441410596559681e-7,0.6941972468836631,4,19,seed_3,seed,3
223,C,0.39820308429419965,1.7874759806757325e-7,0.6017967369582036,4,19,seed_3,seed,3
224,A,0.3058026257408234,1.0540583979472667e-7,0.6941972688533378,4,19,seed_3,seed,3
224,C,0.398203064043145,1.6467557714653587e-7,0.6017967712812783,4,19,seed_3,seed,3
225,A,0.30580261379988494,9.710687086057985e-8,0.6941972890932439,4,19,seed_3,seed,3
225,C,0.3982030453863822,1.517113928154528e-7,0.6017968029022261,4,19,seed_3,seed,3
226,A,0.30580260279905647,8.946133518761185e-8,0.6941973077396082,4,19,seed_3,seed,3
226,C,0.39820302819837383,1.3976781267283606e-7,0.6017968320338148,4,19,seed_3,seed,3
227,A,0.305802592664293,8.241776081478117e-8,0.6941973249179457,4,19,seed_3,seed,3
227,C,0.3982030123634488,1.287644601272555e-7,0.6017968588720906,4,19,seed_3,seed,3
228,A,0.3058025833274005,7.592874358695329e-8,0.6941973407438561,4,19,seed_3,seed,3
228,C,0.3982029977750769,1.1862730857578764e-7,0.6017968835976155,4,19,seed_3,seed,3
229,A,0.30580257472540695,6.995050982211223e-8,0.6941973553240837,4,19,seed_3,seed,3
229,C,0.39820298433488,1.0928799893636763e-7,0.6017969063771207,4,19,seed_3,seed,3
230,A,0.30580256680099754,6.444321919692193e-8,0.6941973687557832,4,19,seed_3,seed,3
230,C,0.39820297195332105,1.006843127747202e-7,0.6017969273623673,4,19,seed_3,seed,3
231,A,0.3058025595005203,5.936957799653478e-8,0.6941973811299006,4,19,seed_3,seed,3
231,C,0.3982029605465809,9.27580075877389e-8,0.6017969466954117,4,19,seed_3,seed,3
232,A,0.30580255277526824,5.469572927631007e-8,0.6941973925290025,4,19,seed_3,seed,3
232,C,0.3982029500385657,8.545620659317613e-8,0.6017969645052278,4,19,seed_3,seed,3
233,A,0.30580254657347994,5.038569527495664e-8,0.6941974030408246,4,19,seed_3,seed,3
233,C,0.3982029403484111,7.872271963253722e-8,0.6017969809288684,4,19,seed_3,seed,3
234,A,0.30580254087181014,4.642324827012462e-8,0.6941974127049421,4,19,seed_3,seed,3
234,C,0.39820293143964447,7.253220168637215e-8,0.6017969960281538,4,19,seed_3,seed,3
235,A,0.30580253560719134,4.276455296924865e-8,0.6941974216282553,4,19,seed_3,seed,3
235,C,0.39820292321373624,6.681618817304441e-8,0.6017970099700752,4,19,seed_3,seed,3
236,A,0.305802530576074,3.9268141083074933e-8,0.6941974301557848,4,19,seed_3,seed,3
236,C,0.398202915352656,6.135368520516625e-8,0.6017970232936585,4,19,seed_3,seed,3
237,A,0.30580252629369653,3.6292098506554525e-8,0.694197437414204,4,19,seed_3,seed,3
237,C,0.39820290866143215,5.6704090912530126e-8,0.6017970346344775,4,19,seed_3,seed,3
238,A,0.3058025223358643,3.354160924142567e-8,0.6941974441225265,4,19,seed_3,seed,3
238,C,0.3982029024772922,5.2406858864176764e-8,0.6017970451158482,4,19,seed_3,seed,3
239,A,0.3058025186779801,3.099957800749868e-8,0.6941974503224411,4,19,seed_3,seed,3
239,C,0.3982028967618089,4.843528579536606e-8,0.6017970548029066,4,19,seed_3,seed,3
240,A,0.30580251529731173,2.8650205312722077e-8,0.6941974560524828,4,19,seed_3,seed,3
240,C,0.39820289147946336,4.476469216803918e-8,0.6017970637558443,4,19,seed_3,seed,3
241,A,0.30580251217284976,2.6478889207056125e-8,0.6941974613482605,4,19,seed_3,seed,3
241,C,0.3982028865974329,4.137226874079645e-8,0.6017970720302974,4,19,seed_3,seed,3
242,A,0.3058025092851778,2.4472134506226133e-8,0.6941974662426881,4,19,seed_3,seed,3
242,C,0.3982028820853802,3.8236934831946356e-8,0.6017970796776849,4,19,seed_3,seed,3
243,A,0.30580250661634967,2.261746889729138e-8,0.6941974707661818,4,19,seed_3,seed,3
243,C,0.3982028779152665,3.5339207323785424e-8,0.6017970867455267,4,19,seed_3,seed,3
244,A,0.30580250414977983,2.090336540422833e-8,0.6941974749468536,4,19,seed_3,seed,3
244,C,0.3982028740611783,3.266107959411481e-8,0.6017970932777421,4,19,seed_3,seed,3
245,A,0.3058025018701398,1.9319170731300434e-8,0.6941974788106875,4,19,seed_3,seed,3
245,C,0.398202870499166,3.0185909622681717e-8,0.6017970993149245,4,19,seed_3,seed,3
246,A,0.305802499763264,1.7855039038558726e-8,0.6941974823816965,4,19,seed_3,seed,3
246,C,0.39820286720709586,2.789831657724849e-8,0.6017971048945877,4,19,seed_3,seed,3
247,A,0.30580249781605806,1.6501870737614094e-8,0.69419748568207,4,19,seed_3,seed,3
247,C,0.3982028641645104,2.578408523668119e-8,0.6017971100514045,4,19,seed_3,seed,3
248,A,0.3058024960164221,1.5251255927056395e-8,0.6941974887323213,4,19,seed_3,seed,3
248,C,0.398202861352502,2.3830077657147464e-8,0.6017971148174198,4,19,seed_3,seed,3
249,A,0.30580249435317153,1.4095422115758663e-8,0.6941974915514068,4,19,seed_3,seed,3
249,C,0.3982028587535985,2.2024151532520963e-8,0.601797119222251,4,19,seed_3,seed,3
250,A,0.30580249281597083,1.3027185908979869e-8,0.6941974941568438,4,19,seed_3,seed,3
250,C,0.39820285635164804,2.0355084741687688e-8,0.6017971232932677,4,19,seed_3,seed,3
251,A,0.3058024913952665,1.203990835683115e-8,0.6941974965648251,4,19,seed_3,seed,3
251,C,0.3982028541317266,1.8812505613893205e-8,0.6017971270557694,4,19,seed_3,seed,3
252,A,0.30580249008223087,1.1127453687450949e-8,0.6941974987903159,4,19,seed_3,seed,3
252,C,0.39820285208003775,1.7386828478800667e-8,0.601797130533135,4,19,seed_3,seed,3
253,A,0.30580248886870254,1.0284151168289038e-8,0.6941975008471459,4,19,seed_3,seed,3
253,C,0.3982028501838328,1.6069194100770198e-8,0.6017971337469723,4,19,seed_3,seed,3
254,A,0.3058024877471416,9.504759858355601e-9,0.694197502748098,4,19,seed_3,seed,3
254,C,0.39820284843132986,1.4851414627218239e-8,0.6017971367172569,4,19,seed_3,seed,3
255,A,0.3058024867105786,8.784436032272201e-9,0.694197504504985,4,19,seed_3,seed,3
255,C,0.39820284681163665,1.3725922708966378e-8,0.6017971394624408,4,19,seed_3,seed,3
256,A,0.3058024857525712,8.118703073579435e-9,0.6941975061287261,4,19,seed_3,seed,3
256,C,0.39820284531469,1.2685724476415056e-8,0.6017971419995857,4,19,seed_3,seed,3
257,A,0.3058024848671658,7.503423650134153e-9,0.6941975076294103,4,19,seed_3,seed,3
257,C,0.39820284393118793,1.1724356078856639e-8,0.6017971443444571,4,19,seed_3,seed,3
258,A,0.30580248404886046,6.9347739990499e-9,0.6941975090163659,4,19,seed_3,seed,3
258,C,0.39820284265253114,1.0835843506761844e-8,0.6017971465116252,4,19,seed_3,seed,3
259,A,0.3058024832925703,6.409220158445806e-9,0.6941975102982091,4,19,seed_3,seed,3
259,C,0.3982028414707761,1.0014665506812737e-8,0.6017971485145587,4,19,seed_3,seed,3
260,A,0.30580248259359505,5.923496004778474e-9,0.6941975114829089,4,19,seed_3,seed,3
260,C,0.39820284037857867,9.255719232008531e-9,0.6017971503657024,4,19,seed_3,seed,3
261,A,0.30580248194759185,5.4745829519090746e-9,0.6941975125778258,4,19,seed_3,seed,3
261,C,0.39820283936915174,8.554288546629319e-9,0.6017971520765605,4,19,seed_3,seed,3
262,A,0.30580248135054516,5.059691189727242e-9,0.6941975135897629,4,19,seed_3,seed,3
262,C,0.3982028384362222,7.906014719942998e-9,0.6017971536577625,4,19,seed_3,seed,3
263,A,0.3058024807987455,4.67624234481382e-9,0.6941975145250117,4,19,seed_3,seed,3
263,C,0.3982028375739934,7.306869340840916e-9,0.6017971551191369,4,19,seed_3,seed,3
264,A,0.3058024802887638,4.321853455348876e-9,0.6941975153893829,4,19,seed_3,seed,3
264,C,0.3982028367771079,6.753129285092659e-9,0.601797156469763,4,19,seed_3,seed,3
265,A,0.3058024798174305,3.994322160643892e-9,0.6941975161882467,4,19,seed_3,seed,3
265,C,0.3982028360406129,6.241353579665739e-9,0.6017971577180329,4,19,seed_3,seed,3
266,A,0.3058024793818176,3.691613013228876e-9,0.6941975169265697,4,19,seed_3,seed,3
266,C,0.39820283535993234,5.768362020344613e-9,0.6017971588717057,4,19,seed_3,seed,3
267,A,0.3058024789792164,3.4118448284048023e-9,0.694197517608938,4,19,seed_3,seed,3
267,C,0.39820283473083584,5.331215409778051e-9,0.6017971599379487,4,19,seed_3,seed,3
268,A,0.30580247860712667,3.1532789926223862e-9,0.6941975182395944,4,19,seed_3,seed,3
268,C,0.39820283414941454,4.927197293153802e-9,0.6017971609233884,4,19,seed_3,seed,3
269,A,0.30580247826323526,2.914308658009237e-9,0.6941975188224562,4,19,seed_3,seed,3
269,C,0.3982028336120553,4.553797078005271e-9,0.6017971618341477,4,19,seed_3,seed,3
270,A,0.3058024779454058,2.6934487558771766e-9,0.6941975193611468,4,19,seed_3,seed,3
270,C,0.39820283311541976,4.208694433256244e-9,0.6017971626758877,4,19,seed_3,seed,3
271,A,0.3058024776516619,2.4893267671329717e-9,0.6941975198590112,4,19,seed_3,seed,3
271,C,0.398202832656419,3.8897448705587785e-9,0.6017971634538354,4,19,seed_3,seed,3
272,A,0.30580247738017996,2.300674192221464e-9,0.6941975203191462,4,19,seed_3,seed,3
272,C,0.39820283223220476,3.594966418326263e-9,0.6017971641728288,4,19,seed_3,seed,3
273,A,0.3058024771292713,2.126318667578964e-9,0.6941975207444087,4,19,seed_3,seed,3
273,C,0.39820283184013844,3.3225273056534375e-9,0.6017971648373346,4,19,seed_3,seed,3
274,A,0.3058024768973781,1.965176679594131e-9,0.6941975211374454,4,19,seed_3,seed,3
274,C,0.39820283147778357,3.0707345795909513e-9,0.6017971654514811,4,19,seed_3,seed,3
275,A,0.30580247668305843,1.8162468307877553e-9,0.6941975215006937,4,19,seed_3,seed,3
275,C,0.39820283114289023,2.8380235850416823e-9,0.601797166019086,4,19,seed_3,seed,3
276,A,0.30580247648498143,1.678603616356206e-9,0.694197521836416,4,19,seed_3,seed,3
276,C,0.39820283083337626,2.6229482419063506e-9,0.6017971665436761,4,19,seed_3,seed,3
277,A,0.30580247630191454,1.5513916723633588e-9,0.6941975221466935,4,19,seed_3,seed,3
277,C,0.3982028305473181,2.4241720590739332e-9,0.6017971670285099,4,19,seed_3,seed,3
278,A,0.30580247613272166,1.4338204591509288e-9,0.6941975224334578,4,19,seed_3,seed,3
278,C,0.3982028302829375,2.2404598297029125e-9,0.6017971674766016,4,19,seed_3,seed,3
279,A,0.305802475976351,1.3251593509414746e-9,0.6941975226984899,4,19,seed_3,seed,3
279,C,0.3982028300385946,2.070669954504639e-9,0.6017971678907366,4,19,seed_3,seed,3
280,A,0.3058024758318306,1.2247330924645692e-9,0.6941975229434357,4,19,seed_3,seed,3
280,C,0.3982028298127673,1.9137473489320787e-9,0.6017971682734854,4,19,seed_3,seed,3
281,A,0.30580247569826274,1.1319176034710995e-9,0.6941975231698198,4,19,seed_3,seed,3
281,C,0.3982028296040536,1.7687168864166251e-9,0.6017971686272283,4,19,seed_3,seed,3
282,A,0.3058024755748171,1.0461361003095244e-9,0.6941975233790472,4,19,seed_3,seed,3
282,C,0.3982028294111582,1.6346773388752012e-9,0.601797168954164,4,19,seed_3,seed,3
283,A,0.30580247546072603,9.66855511445156e-10,0.694197523572418,4,19,seed_3,seed,3
283,C,0.3982028292328809,1.5107957764266708e-9,0.6017971692563239,4,19,seed_3,seed,3
284,A,0.305802475355282,8.935831646438357e-10,0.6941975237511343,4,19,seed_3,seed,3
284,C,0.3982028290681134,1.3963023915170312e-9,0.6017971695355833,4,19,seed_3,seed,3
285,A,0.30580247525782867,8.258637252301315e-10,0.6941975239163071,4,19,seed_3,seed,3
285,C,0.39820282891583364,1.2904857152902945e-9,0.6017971697936818,4,19,seed_3,seed,3
286,A,0.30580247516776127,7.632763663907234e-10,0.694197524068963,4,19,seed_3,seed,3
286,C,0.3982028287750926,1.192688196479268e-9,0.6017971700322182,4,19,seed_3,seed,3
287,A,0.3058024750845188,7.054321539360801e-10,0.6941975242100495,4,19,seed_3,seed,3
287,C,0.3982028286450194,1.1023021153433337e-9,0.6017971702526801,4,19,seed_3,seed,3
288,A,0.3058024750075848,6.519716292664249e-10,0.6941975243404437,4,19,seed_3,seed,3
288,C,0.3982028285248021,1.0187658072620975e-9,0.6017971704564316,4,19,seed_3,seed,3
289,A,0.30580247493648116,6.025625755200458e-10,0.694197524460955,4,19,seed_3,seed,3
289,C,0.3982028284136957,9.41560172518244e-10,0.6017971706447441,4,19,seed_3,seed,3
290,A,0.3058024748707666,5.568979530204902e-10,0.6941975245723354,4,19,seed_3,seed,3
290,C,0.39820282831100967,8.702054505810969e-10,0.6017971708187858,4,19,seed_3,seed,3
291,A,0.3058024748100312,5.146939911915197e-10,0.694197524675274,4,19,seed_3,seed,3
291,C,0.3982028282161048,8.042582388461671e-10,0.6017971709796367,4,19,seed_3,seed,3
292,A,0.30580247475389954,4.756884250811809e-10,0.6941975247704117,4,19,seed_3,seed,3
292,C,0.39820282812839225,7.433087373049699e-10,0.6017971711282991,4,19,seed_3,seed,3
293,A,0.30580247470202115,4.3963886553513504e-10,0.6941975248583396,4,19,seed_3,seed,3
293,C,0.3982028280473271,6.869782020232837e-10,0.601797171265694,4,19,seed_3,seed,3
294,A,0.30580247465407445,4.063212928900927e-10,0.694197524939604,4,19,seed_3,seed,3
294,C,0.3982028279724056,6.349165916037174e-10,0.6017971713926786,4,19,seed_3,seed,3
295,A,0.30580247460976173,3.755286648258726e-10,0.6941975250147095,4,19,seed_3,seed,3
295,C,0.39820282790316197,5.86800392007464e-10,0.6017971715100383,4,19,seed_3,seed,3
296,A,0.30580247456880705,3.470696297241497e-10,0.6941975250841241,4,19,seed_3,seed,3
296,C,0.3982028278391657,5.423306062186652e-10,0.6017971716185041,4,19,seed_3,seed,3
297,A,0.3058024745309552,3.207673375314164e-10,0.6941975251482765,4,19,seed_3,seed,3
297,C,0.398202827780019,5.012308962498355e-10,0.6017971717187495,4,19,seed_3,seed,3
298,A,0.305802474495973,2.9645834060326853e-10,0.6941975252075687,4,19,seed_3,seed,3
298,C,0.3982028277253551,4.632458657497566e-10,0.6017971718113998,4,19,seed_3,seed,3
299,A,0.3058024744636414,2.7399157847747566e-10,0.6941975252623667,4,19,seed_3,seed,3
299,C,0.3982028276748327,4.281394736787304e-10,0.6017971718970263,4,19,seed_3,seed,3
300,A,0.30580247443375996,2.532274386052519e-10,0.6941975253130123,4,19,seed_3,seed,3
300,C,0.3982028276281409,3.9569356675667707e-10,0.6017971719761664,4,19,seed_3,seed,3
301,A,0.305802474406143,2.3403688893726363e-10,0.6941975253598204,4,19,seed_3,seed,3
301,C,0.39820282758498643,3.6570652412078404e-10,0.6017971720493077,4,19,seed_3,seed,3
302,A,0.3058024743806194,2.1630067607724452e-10,0.6941975254030809,4,19,seed_3,seed,3
302,C,0.39820282754510217,3.3799200444128166e-10,0.6017971721169053,4,19,seed_3,seed,3
303,A,0.30580247435702923,1.9990858420447348e-10,0.6941975254430616,4,19,seed_3,seed,3
303,C,0.3982028275082408,3.1237778798514037e-10,0.6017971721793799,4,19,seed_3,seed,3
304,A,0.3058024743352273,1.8475875015959734e-10,0.6941975254800132,4,19,seed_3,seed,3
304,C,0.398202827474173,2.8870470643221496e-10,0.6017971722371224,4,19,seed_3,seed,3
305,A,0.30580247431507823,1.7075703043732017e-10,0.6941975255141652,4,19,seed_3,seed,3
305,C,0.39820282744268737,2.6682565379364985e-10,0.6017971722904873,4,19,seed_3,seed,3
306,A,0.30580247429645513,1.578164161520899e-10,0.6941975255457286,4,19,seed_3,seed,3
306,C,0.3982028274135875,2.466046722863331e-10,0.6017971723398083,4,19,seed_3,seed,3
307,A,0.30580247427924384,1.458564923410594e-10,0.6941975255748998,4,19,seed_3,seed,3
307,C,0.39820282738669205,2.2791610748296226e-10,0.6017971723853913,4,19,seed_3,seed,3
308,A,0.3058024742633365,1.3480293824412782e-10,0.6941975256018597,4,19,seed_3,seed,3
308,C,0.3982028273618361,2.106438274877848e-10,0.601797172427521,4,19,seed_3,seed,3
309,A,0.30580247424863505,1.2458706545555945e-10,0.694197525626777,4,19,seed_3,seed,3
309,C,0.39820282733886353,1.9468050128591756e-10,0.6017971724664567,4,19,seed_3,seed,3
310,A,0.30580247423504797,1.1514539107701322e-10,0.6941975256498064,4,19,seed_3,seed,3
310,C,0.39820282731763185,1.7992693178187116e-10,0.6017971725024417,4,19,seed_3,seed,3
311,A,0.30580247422249,1.0641924321935801e-10,0.6941975256710902,4,19,seed_3,seed,3
311,C,0.3982028272980087,1.662914393827402e-10,0.6017971725356998,4,19,seed_3,seed,3
312,A,0.3058024742108846,9.835439640167145e-11,0.6941975256907627,4,19,seed_3,seed,3
312,C,0.3982028272798729,1.536892922956042e-10,0.6017971725664378,4,19,seed_3,seed,3
313,A,0.30580247420015816,9.090073458163394e-11,0.6941975257089413,4,19,seed_3,seed,3
313,C,0.39820282726311224,1.4204217999898306e-10,0.6017971725948456,4,19,seed_3,seed,3
314,A,0.30580247419024437,8.401193972323857e-11,0.6941975257257441,4,19,seed_3,seed,3
314,C,0.39820282724762035,1.312777266164575e-10,0.6017971726211016,4,19,seed_3,seed,3
315,A,0.30580247418108164,7.764520396644522e-11,0.6941975257412728,4,19,seed_3,seed,3
315,C,0.39820282723330364,1.21329041168536e-10,0.601797172645368,4,19,seed_3,seed,3
316,A,0.3058024741726142,7.176096361008498e-11,0.6941975257556264,4,19,seed_3,seed,3
316,C,0.39820282722007144,1.1213430190800571e-10,0.6017971726677942,4,19,seed_3,seed,3
317,A,0.30580247416478734,6.632265325586493e-11,0.6941975257688898,4,19,seed_3,seed,3
317,C,0.39820282720784134,1.0363637215641139e-10,0.601797172688522,4,19,seed_3,seed,3
318,A,0.30580247415755457,6.129647860647268e-11,0.6941975257811493,4,19,seed_3,seed,3
318,C,0.3982028271965397,9.578244526747449e-11,0.6017971727076785,4,19,seed_3,seed,3
319,A,0.30580247415086986,5.665120638286533e-11,0.6941975257924795,4,19,seed_3,seed,3
319,C,0.3982028271860931,8.852371643503907e-11,0.6017971727253827,4,19,seed_3,seed,3
320,A,0.30580247414469125,5.235797031925143e-11,0.6941975258029502,4,19,seed_3,seed,3
320,C,0.3982028271764385,8.181507946834434e-11,0.6017971727417456,4,19,seed_3,seed,3
321,A,0.30580247413898104,4.83900917528298e-11,0.6941975258126294,4,19,seed_3,seed,3
321,C,0.3982028271675152,7.561484648152991e-11,0.6017971727568693,4,19,seed_3,seed,3
322,A,0.30580247413370365,4.4722913837762685e-11,0.6941975258215735,4,19,seed_3,seed,3
322,C,0.39820282715927013,6.988448884253624e-11,0.6017971727708461,4,19,seed_3,seed,3
323,A,0.30580247412882594,4.1333648323195776e-11,0.6941975258298403,4,19,seed_3,seed,3
323,C,0.3982028271516483,6.458839775380251e-11,0.6017971727837644,4,19,seed_3,seed,3
324,A,0.3058024741243184,3.820123394315304e-11,0.6941975258374804,4,19,seed_3,seed,3
324,C,0.3982028271446045,5.969366297699673e-11,0.601797172795703,4,19,seed_3,seed,3
325,A,0.30580247412015227,3.5306205538301476e-11,0.6941975258445421,4,19,seed_3,seed,3
325,C,0.39820282713809396,5.51698683267594e-11,0.601797172806736,4,19,seed_3,seed,3
326,A,0.30580247411630207,3.263057309626791e-11,0.6941975258510683,4,19,seed_3,seed,3
326,C,0.3982028271320769,5.098890266264634e-11,0.601797172816934,4,19,seed_3,seed,3
327,A,0.30580247411274264,3.01577099588308e-11,0.6941975258570986,4,19,seed_3,seed,3
327,C,0.39820282712651595,4.712478520476287e-11,0.6017971728263591,4,19,seed_3,seed,3
328,A,0.30580247410945405,2.7872249501274555e-11,0.6941975258626735,4,19,seed_3,seed,3
328,C,0.39820282712137667,4.355350408759135e-11,0.6017971728350696,4,19,seed_3,seed,3
329,A,0.3058024741064144,2.5759989641843795e-11,0.6941975258678262,4,19,seed_3,seed,3
329,C,0.3982028271166269,4.0252867148772974e-11,0.6017971728431207,4,19,seed_3,seed,3
330,A,0.3058024741036048,2.380780458789422e-11,0.6941975258725879,4,19,seed_3,seed,3
330,C,0.3982028271122369,3.720236402563865e-11,0.6017971728505611,4,19,seed_3,seed,3
331,A,0.30580247410100825,2.2003563270308158e-11,0.6941975258769879,4,19,seed_3,seed,3
331,C,0.3982028271081796,3.4383038702546244e-11,0.6017971728574364,4,19,seed_3,seed,3
332,A,0.3058024740986086,2.0336053959305335e-11,0.6941975258810551,4,19,seed_3,seed,3
332,C,0.39820282710442934,3.177737171702724e-11,0.6017971728637932,4,19,seed_3,seed,3
333,A,0.3058024740963915,1.8794914593193732e-11,0.6941975258848145,4,19,seed_3,seed,3
333,C,0.39820282710096366,2.9369171292762326e-11,0.6017971728696665,4,19,seed_3,seed,3
334,A,0.3058024740943407,1.7370568387106686e-11,0.6941975258882885,4,19,seed_3,seed,3
334,C,0.398202827097761,2.714347272288219e-11,0.6017971728750949,4,19,seed_3,seed,3
335,A,0.3058024740924467,1.6054164321585028e-11,0.694197525891499,4,19,seed_3,seed,3
335,C,0.39820282709480026,2.5086445378352338e-11,0.6017971728801119,4,19,seed_3,seed,3
336,A,0.3058024740906961,1.4837522141185382e-11,0.6941975258944667,4,19,seed_3,seed,3
336,C,0.3982028270920643,2.3185306763588806e-11,0.601797172884749,4,19,seed_3,seed,3
337,A,0.30580247408907807,1.3713081520969687e-11,0.6941975258972095,4,19,seed_3,seed,3
337,C,0.39820282708953647,2.1428243084547572e-11,0.6017971728890353,4,19,seed_3,seed,3
338,A,0.3058024740875823,1.2673855077443412e-11,0.6941975258997451,4,19,seed_3,seed,3
338,C,0.3982028270871994,1.980433582107118e-11,0.6017971728929963,4,19,seed_3,seed,3
339,A,0.3058024740861995,1.1713384976276158e-11,0.6941975259020863,4,19,seed_3,seed,3
339,C,0.39820282708503923,1.8303493933316956e-11,0.6017971728966562,4,19,seed_3,seed,3
340,A,0.3058024740849223,1.0825702772324528e-11,0.6941975259042517,4,19,seed_3,seed,3
340,C,0.3982028270830437,1.6916391096512896e-11,0.6017971729000413,4,19,seed_3,seed,3
341,A,0.3058024740837416,1.0005292331647123e-11,0.6941975259062534,4,19,seed_3,seed,3
341,C,0.39820282708119864,1.5634407767396205e-11,0.6017971729031676,4,19,seed_3,seed,3
342,A,0.3058024740826504,9.24705555360643e-12,0.6941975259081024,4,19,seed_3,seed,3
342,C,0.3982028270794934,1.4449577621839962e-11,0.6017971729060573,4,19,seed_3,seed,3
343,A,0.30580247408164213,8.546280690689674e-12,0.6941975259098119,4,19,seed_3,seed,3
343,C,0.39820282707791727,1.3354538051623791e-11,0.6017971729087277,4,19,seed_3,seed,3
344,A,0.30580247408071,7.89861306918179e-12,0.6941975259113915,4,19,seed_3,seed,3
344,C,0.3982028270764615,1.2342484412732661e-11,0.6017971729111969,4,19,seed_3,seed,3
345,A,0.30580247407984873,7.300028028743602e-12,0.6941975259128513,4,19,seed_3,seed,3
345,C,0.3982028270751152,1.1407127740878888e-11,0.6017971729134779,4,19,seed_3,seed,3
346,A,0.30580247407905226,6.7468059127368144e-12,0.6941975259142003,4,19,seed_3,seed,3
346,C,0.39820282707387117,1.0542655671490012e-11,0.6017971729155861,4,19,seed_3,seed,3
347,A,0.30580247407831646,6.2355089538815125e-12,0.6941975259154476,4,19,seed_3,seed,3
347,C,0.39820282707272164,9.743696321316068e-12,0.6017971729175351,4,19,seed_3,seed,3
348,A,0.30580247407763744,5.7629599116098845e-12,0.6941975259166014,4,19,seed_3,seed,3
348,C,0.39820282707165827,9.00528490721494e-12,0.6017971729193362,4,19,seed_3,seed,3
349,A,0.3058024740770077,5.3262223283653565e-12,0.6941975259176649,4,19,seed_3,seed,3
349,C,0.3982028270706766,8.322832894682664e-12,0.6017971729210011,4,19,seed_3,seed,3
350,A,0.3058024740764272,4.922582282156812e-12,0.6941975259186495,4,19,seed_3,seed,3
350,C,0.3982028270697682,7.69209948441573e-12,0.6017971729225388,4,19,seed_3,seed,3
351,A,0.30580247407589023,4.5495315219753664e-12,0.6941975259195596,4,19,seed_3,seed,3
351,C,0.3982028270689295,7.109165259721568e-12,0.6017971729239603,4,19,seed_3,seed,3
352,A,0.3058024740753945,4.204751881274868e-12,0.6941975259204016,4,19,seed_3,seed,3
352,C,0.39820282706815446,6.57040783102001e-12,0.6017971729252752,4,19,seed_3,seed,3
353,A,0.3058024740749353,3.886100872659196e-12,0.6941975259211781,4,19,seed_3,seed,3
353,C,0.39820282706743765,6.072479326089685e-12,0.6017971729264894,4,19,seed_3,seed,3
354,A,0.3058024740745117,3.591598374259829e-12,0.694197525921897,4,19,seed_3,seed,3
354,C,0.3982028270667759,5.6122855861823445e-12,0.6017971729276125,4,19,seed_3,seed,3
355,A,0.3058024740741202,3.3194143250708128e-12,0.6941975259225601,4,19,seed_3,seed,3
355,C,0.39820282706616406,5.186966938728127e-12,0.6017971729286498,4,19,seed_3,seed,3
356,A,0.305802474073758,3.0678573527784875e-12,0.6941975259231745,4,19,seed_3,seed,3
356,C,0.3982028270655979,4.793880427152584e-12,0.6017971729296082,4,19,seed_3,seed,3
357,A,0.30580247407342326,2.8353642635496265e-12,0.6941975259237407,4,19,seed_3,seed,3
357,C,0.398202827065075,4.43058338759437e-12,0.6017971729304944,4,19,seed_3,seed,3
358,A,0.3058024740731144,2.620490331257741e-12,0.6941975259242651,4,19,seed_3,seed,3
358,C,0.39820282706459187,4.094818274995521e-12,0.6017971729313132,4,19,seed_3,seed,3
359,A,0.3058024740728283,2.421900309391752e-12,0.694197525924749,4,19,seed_3,seed,3
359,C,0.3982028270641457,3.784498617604074e-12,0.6017971729320704,4,19,seed_3,seed,3
360,A,0.3058024740725641,2.2383601448985646e-12,0.6941975259251967,4,19,seed_3,seed,3
360,C,0.39820282706373267,3.4976960697667317e-12,0.6017971729327695,4,19,seed_3,seed,3
361,A,0.3058024740723201,2.068729305733792e-12,0.6941975259256108,4,19,seed_3,seed,3
361,C,0.3982028270633519,3.2326284226150307e-12,0.6017971729334167,4,19,seed_3,seed,3
362,A,0.30580247407209504,1.9119536934962042e-12,0.6941975259259935,4,19,seed_3,seed,3
362,C,0.39820282706299803,2.9876485293081118e-12,0.6017971729340135,4,19,seed_3,seed,3
363,A,0.3058024740718864,1.767059093168949e-12,0.6941975259263473,4,19,seed_3,seed,3
363,C,0.39820282706267296,2.7612340695592307e-12,0.6017971729345666,4,19,seed_3,seed,3
364,A,0.30580247407169353,1.633145119263801e-12,0.6941975259266732,4,19,seed_3,seed,3
364,C,0.3982028270623715,2.5519780898422135e-12,0.6017971729350778,4,19,seed_3,seed,3
365,A,0.30580247407151545,1.5093796207491832e-12,0.6941975259269758,4,19,seed_3,seed,3
365,C,0.39820282706209315,2.358580260494198e-12,0.6017971729355484,4,19,seed_3,seed,3
0,A,0.9989999999999999,0.001,0,5,19,seed_3,seed,3
0,C,0.9989999999999999,9.999999999999998e-4,0,5,19,seed_3,seed,3
1,A,0.9984509944536885,0.0013179889531967233,2.3101659311471905e-4,5,19,seed_3,seed,3
1,C,0.9986403904914395,0.0011453047387857951,2.1430476977509348e-4,5,19,seed_3,seed,3
2,A,0.9977954508969886,0.0016747386026105733,5.298105004011776e-4,5,19,seed_3,seed,3
2,C,0.9982369978190156,0.0013039701461118839,4.590320348714365e-4,5,19,seed_3,seed,3
3,A,0.9970378177311638,0.0020593665870520567,9.0281568178533e-4,5,19,seed_3,seed,3
3,C,0.9977875057839675,0.0014756959520716895,7.367982639604396e-4,5,19,seed_3,seed,3
4,A,0.9961710380051192,0.002473356040431315,0.0013556059544497362,5,19,seed_3,seed,3
4,C,0.9972881207194007,0.0016615733469073249,0.0010503059336909697,5,19,seed_3,seed,3
5,A,0.9951796783127245,0.0029253997999277447,0.0018949218873472032,5,19,seed_3,seed,3
5,C,0.9967337301652908,0.0018636641767515282,0.0014026056579586508,5,19,seed_3,seed,3
6,A,0.9940443084255589,0.003426318153142916,0.0025293734212984325,5,19,seed_3,seed,3
6,C,0.9961183492380169,0.002084495181563228,0.0017971555804179506,5,19,seed_3,seed,3
7,A,0.9927429260081508,0.0039872712303743885,0.0032698027614749547,5,19,seed_3,seed,3
7,C,0.9954351457114582,0.002326887686247327,0.002237966602293451,5,19,seed_3,seed,3
8,A,0.9912514818473153,0.004619154993341127,0.004129363159343377,5,19,seed_3,seed,3
8,C,0.9946764588049009,0.0025938701143286996,0.00272967108076966,5,19,seed_3,seed,3
9,A,0.9895441224477859,0.00533258384432935,0.005123293707884401,5,19,seed_3,seed,3
9,C,0.9938338820825172,0.0028886192015363903,0.0032774987159459494,5,19,seed_3,seed,3
10,A,0.987593475878953,0.006138001340748144,0.006268522780298824,5,19,seed_3,seed,3
10,C,0.992898409374675,0.0032144068288067163,0.0038871837965167547,5,19,seed_3,seed,3
11,A,0.9853678398720025,0.007046944609111796,0.007585215518885776,5,19,seed_3,seed,3
11,C,0.9918595470625482,0.0035749385831732056,0.00456551435427842,5,19,seed_3,seed,3
12,A,0.9828335798535099,0.008071033179993213,0.009095386966496779,5,19,seed_3,seed,3
12,C,0.9907060926650301,0.0039740397178954,0.005319867617075042,5,19,seed_3,seed,3
13,A,0.9799543853916888,0.009222413838630096,0.010823200769680403,5,19,seed_3,seed,3
13,C,0.9894258888554761,0.004415775269214414,0.006158335875308774,5,19,seed_3,seed,3
14,A,0.976692914955914,0.010513143751833473,0.012793941292252812,5,19,seed_3,seed,3
14,C,0.9880063291650021,0.004904275067309112,0.007089395767689577,5,19,seed_3,seed,3
15,A,0.9730044622026421,0.011957166910679795,0.015038370886677992,5,19,seed_3,seed,3
15,C,0.98643216131387,0.00544444866137825,0.008123390024750958,5,19,seed_3,seed,3
16,A,0.96884415496133,0.013567831927320974,0.01758801311134896,5,19,seed_3,seed,3
16,C,0.9846878191944464,0.006041200697030206,0.009270980108524084,5,19,seed_3,seed,3
17,A,0.9641636962185347,0.015358697976359414,0.020477605805106294,5,19,seed_3,seed,3
17,C,0.98275616181112,0.00669981408993472,0.010544024098945426,5,19,seed_3,seed,3
18,A,0.9589099033026132,0.01734364319407844,0.023746453503308604,5,19,seed_3,seed,3
18,C,0.9806177229849151,0.007426146728241722,0.011956130286842705,5,19,seed_3,seed,3
19,A,0.953035506795834,0.01953402904980626,0.027430464154359405,5,19,seed_3,seed,3
19,C,0.9782546083232926,0.008225457982817602,0.013519933693889928,5,19,seed_3,seed,3
20,A,0.9464781185401436,0.021942959506723397,0.031578921953133055,5,19,seed_3,seed,3
20,C,0.9756419560320326,0.009104816254118665,0.01525322771384942,5,19,seed_3,seed,3
21,A,0.9391949359939815,0.024577882922180966,0.03622718108383806,5,19,seed_3,seed,3
21,C,0.9727616614126539,0.010069180318252538,0.017169158269093668,5,19,seed_3,seed,3
22,A,0.9311273596796125,0.027446788795417152,0.04142585152497073,5,19,seed_3,seed,3
22,C,0.9695873841068805,0.011125515764529524,0.01928710012858975,5,19,seed_3,seed,3
23,A,0.9222253420788205,0.03055305692466557,0.04722160099651499,5,19,seed_3,seed,3
23,C,0.9660940358529426,0.012280074908513837,0.021625889238543514,5,19,seed_3,seed,3
24,A,0.91244159055961,0.03389595573510213,0.05366245370528749,5,19,seed_3,seed,3
24,C,0.9622548737392747,0.01353911154106341,0.024206014719661665,5,19,seed_3,seed,3
25,A,0.9017350095554367,0.03746974597801543,0.06079524446654929,5,19,seed_3,seed,3
25,C,0.958042570351279,0.014908522431925681,0.027048907216797088,5,19,seed_3,seed,3
26,A,0.8900728029270704,0.04126219410608467,0.0686650029668441,5,19,seed_3,seed,3
26,C,0.9534291224653646,0.016393679795543997,0.030177197739092037,5,19,seed_3,seed,3
27,A,0.8774326405591101,0.045254113180700065,0.07731324626019037,5,19,seed_3,seed,3
27,C,0.9483864560773982,0.01799917874180646,0.03361436518079549,5,19,seed_3,seed,3
28,A,0.863803882326511,0.04941855964220375,0.08677755803128512,5,19,seed_3,seed,3
28,C,0.9428862820251313,0.019728701430845062,0.03738501654402272,5,19,seed_3,seed,3
29,A,0.8491896658335305,0.05372091712446001,0.09708941704200984,5,19,seed_3,seed,3
29,C,0.9369010612237156,0.021584693715572558,0.041514245060712246,5,19,seed_3,seed,3
30,A,0.8336098792837565,0.05811798261882876,0.10827213809741588,5,19,seed_3,seed,3
30,C,0.9304046657400781,0.02356792242281178,0.046027411837109296,5,19,seed_3,seed,3
31,A,0.8171019575298217,0.06255868035727952,0.12033936211289863,5,19,seed_3,seed,3
31,C,0.9233730614126126,0.025677180305283986,0.050949758282102964,5,19,seed_3,seed,3
32,A,0.7997212520091485,0.0669844810717465,0.13329426691910465,5,19,seed_3,seed,3
32,C,0.9157846015179582,0.02790903359576537,0.056306364886277355,5,19,seed_3,seed,3
33,A,0.7815416897700438,0.07133127462638078,0.14712703560357515,5,19,seed_3,seed,3
33,C,0.9076216557515714,0.030257301255770204,0.062121042992658096,5,19,seed_3,seed,3
34,A,0.7626548832283682,0.0755308184444331,0.16181429832719907,5,19,seed_3,seed,3
34,C,0.8988711416699313,0.03271278203328287,0.06841607629678502,5,19,seed_3,seed,3
35,A,0.7431661634324761,0.0795134721254945,0.17732036444203012,5,19,seed_3,seed,3
35,C,0.8895247947772059,0.0352634128380431,0.07521179238474944,5,19,seed_3,seed,3
36,A,0.7231945007575888,0.08321007024810413,0.1935954289943068,5,19,seed_3,seed,3
36,C,0.8795805049861272,0.03789373232909311,0.08252576268477892,5,19,seed_3,seed,3
37,A,0.7028695109898921,0.08655464538019957,0.21057584362990855,5,19,seed_3,seed,3
37,C,0.8690431418101489,0.0405847595259608,0.09037209866389073,5,19,seed_3,seed,3
38,A,0.6823275777612032,0.08948722555085348,0.22818519668794401,5,19,seed_3,seed,3
38,C,0.85792518784849,0.04331404788593674,0.09876076426557275,5,19,seed_3,seed,3
39,A,0.6617077318014181,0.09195640476542995,0.24633586343315286,5,19,seed_3,seed,3
39,C,0.8462471714041673,0.046055916673335605,0.10769691192249718,5,19,seed_3,seed,3
40,A,0.6411474878911696,0.09392174177140894,0.2649307703374209,5,19,seed_3,seed,3
40,C,0.8340381838317114,0.04878170634937353,0.11718010981891411,5,19,seed_3,seed,3
41,A,0.6207791106744911,0.0953546344857601,0.2838662548397488,5,19,seed_3,seed,3
41,C,0.821335406179403,0.051460465543861786,0.12720412827673575,5,19,seed_3,seed,3
42,A,0.6007269978668821,0.0962387016772592,0.3030343004558586,5,19,seed_3,seed,3
42,C,0.8081837000606663,0.054059557883600264,0.13775674205573418,5,19,seed_3,seed,3
43,A,0.581104573919407,0.09657062836979266,0.3223247977108003,5,19,seed_3,seed,3
43,C,0.7946354826546174,0.05654534843920325,0.1488191689061784,5,19,seed_3,seed,3
44,A,0.5620112968065127,0.09636093589221092,0.3416277673012766,5,19,seed_3,seed,3
44,C,0.780750731672611,0.05888400067568866,0.16036526765170095,5,19,seed_3,seed,3
45,A,0.5435305134378892,0.09563311629166571,0.36083637027044563,5,19,seed_3,seed,3
45,C,0.7665959026466987,0.06104248411442637,0.1723616132388759,5,19,seed_3,seed,3
46,A,0.5257302114437853,0.094419889102437,0.3798498994537782,5,19,seed_3,seed,3
46,C,0.7522413051693023,0.06298989062514357,0.18476880420555358,5,19,seed_3,seed,3
47,A,0.5086634032989351,0.0927612891397713,0.3985753075612939,5,19,seed_3,seed,3
47,C,0.7377597068434195,0.064698392754239,0.1975419004023407,5,19,seed_3,seed,3
48,A,0.4923686079429084,0.090703207940436,0.4169281841166545,5,19,seed_3,seed,3
48,C,0.7232251673585707,0.06614403228319342,0.21063080035823453,5,19,seed_3,seed,3
49,A,0.4768707167949482,0.08829566256807543,0.43483362063697584,5,19,seed_3,seed,3
49,C,0.7087116241660859,0.06730742032859455,0.22398095550531888,5,19,seed_3,seed,3
50,A,0.46218225916506084,0.08559084930222742,0.4522268915327116,5,19,seed_3,seed,3
50,C,0.6942913117952869,0.06817431095440227,0.23753437725031004,5,19,seed_3,seed,3
51,A,0.4483049245577562,0.0826412973878392,0.4690537780544041,5,19,seed_3,seed,3
51,C,0.6800332545720269,0.06873597957845173,0.2512307658495226,5,19,seed_3,seed,3
52,A,0.4352311490006896,0.07949834353153927,0.4852705074677707,5,19,seed_3,seed,3
52,C,0.6660019932239402,0.0689893703817767,0.265008636394283,5,19,seed_3,seed,3
53,A,0.4229455703532257,0.07621102755357369,0.5008434020932007,5,19,seed_3,seed,3
53,C,0.6522566161148656,0.06893701000456678,0.2788063738805682,5,19,seed_3,seed,3
54,A,0.4114269213985935,0.07282484281057792,0.5157482357908283,5,19,seed_3,seed,3
54,C,0.6388497394892213,0.06858673518091415,0.2925635253298641,5,19,seed_3,seed,3
55,A,0.4006493887279148,0.06938115980263222,0.5299694514694534,5,19,seed_3,seed,3
55,C,0.6258269891131163,0.0679511841519139,0.3062218267349705,5,19,seed_3,seed,3
56,A,0.3905835616433335,0.06591711184752877,0.543499326509138,5,19,seed_3,seed,3
56,C,0.6132269251769371,0.06704714490805375,0.3197259299150095,5,19,seed_3,seed,3
57,A,0.3811973734024543,0.062465498262882065,0.5563371283346638,5,19,seed_3,seed,3
57,C,0.6010810615117007,0.06589485206190224,0.33302408642639647,5,19,seed_3,seed,3
58,A,0.3724571248537864,0.059054630286419704,0.5684882448597933,5,19,seed_3,seed,3
58,C,0.58941390650768,0.06451725114906501,0.3460688423432549,5,19,seed_3,seed,3
59,A,0.36432836886546455,0.055708343871032934,0.579963287263502,5,19,seed_3,seed,3
59,C,0.57824318657198,0.06293923075666898,0.3588175826713519,5,19,seed_3,seed,3
60,A,0.3567765331013394,0.05244625938001946,0.5907772075186404,5,19,seed_3,seed,3
60,C,0.5675803100389479,0.06118685210578494,0.3712328378552671,5,19,seed_3,seed,3
61,A,0.34976735586226565,0.049284160438653704,0.6009484836990805,5,19,seed_3,seed,3
61,C,0.5574309672052532,0.0592866294768778,0.3832824033178713,5,19,seed_3,seed,3
62,A,0.3432672437584154,0.046234363239820025,0.6104983930017643,5,19,seed_3,seed,3
62,C,0.5477957532856511,0.05726489775464263,0.39493934895970606,5,19,seed_3,seed,3
63,A,0.3372435806439422,0.04330605881672307,0.6194503605393349,5,19,seed_3,seed,3
63,C,0.5386707837503795,0.05514727486460493,0.40618194138501534,5,19,seed_3,seed,3
64,A,0.3316649639210627,0.040505664821901134,0.6278293712570352,5,19,seed_3,seed,3
64,C,0.5300483163032957,0.05295821558637813,0.4169934681103259,5,19,seed_3,seed,3
65,A,0.3265013567273884,0.03783719530128755,0.635661447971324,5,19,seed_3,seed,3
65,C,0.5219173759028728,0.05072065695536352,0.4273619671417629,5,19,seed_3,seed,3
66,A,0.3217241746585401,0.03530262161322174,0.6429732037282381,5,19,seed_3,seed,3
66,C,0.5142643539624471,0.0484557574018389,0.43727988863571426,5,19,seed_3,seed,3
67,A,0.31730633286199494,0.03290219962318218,0.6497914675148239,5,19,seed_3,seed,3
67,C,0.5070735562752244,0.046182725747673646,0.446743717977102,5,19,seed_3,seed,3
68,A,0.31322226700909794,0.030634759780664638,0.6561429732102373,5,19,seed_3,seed,3
68,C,0.5003276933187931,0.04391872883362916,0.45575357784757803,5,19,seed_3,seed,3
69,A,0.3094479304744332,0.028497967875809983,0.662054101649757,5,19,seed_3,seed,3
69,C,0.4940083171645778,0.04167886428506982,0.4643128185503534,5,19,seed_3,seed,3
70,A,0.30596076882599366,0.02648856067100886,0.6675506705029971,5,19,seed_3,seed,3
70,C,0.4880962073368887,0.03947618678235483,0.47242760588075516,5,19,seed_3,seed,3
71,A,0.30273967652722317,0.024602554608213128,0.6726577688645646,5,19,seed_3,seed,3
71,C,0.48257170436456776,0.03732177797363621,0.4801065176617971,5,19,seed_3,seed,3
72,A,0.29976494267801573,0.022835425471680472,0.6773996318503043,5,19,seed_3,seed,3
72,C,0.4774149911884943,0.03522485023917185,0.48736015857233345,5,19,seed_3,seed,3
73,A,0.29701819081129205,0.02118226045463433,0.6817995487340741,5,19,seed_3,seed,3
73,C,0.47260632667471086,0.03319287418360827,0.49420079914168,5,19,seed_3,seed,3
74,A,0.29448231566907507,0.01963788579342727,0.6858797985374985,5,19,seed_3,seed,3
74,C,0.4681262355234687,0.031231722473652655,0.5006420420028802,5,19,seed_3,seed,3
75,A,0.29214141640474295,0.01819697490113242,0.6896616086941253,5,19,seed_3,seed,3
75,C,0.4639556624983725,0.029345820261488315,0.5066985172401385,5,19,seed_3,seed,3
76,A,0.28998072800198765,0.016854138471964795,0.6931651335260471,5,19,seed_3,seed,3
76,C,0.46007609329604643,0.02753829865712285,0.5123856080468309,5,19,seed_3,seed,3
77,A,0.28798655285400593,0.015603997817294239,0.6964094493287,5,19,seed_3,seed,3
77,C,0.45646964602557505,0.02581114687698369,0.5177192070974406,5,19,seed_3,seed,3
78,A,0.2861461941360358,0.014441243149300145,0.6994125627146638,5,19,seed_3,seed,3
78,C,0.4531191375661043,0.024165359400999065,0.5227155030328976,5,19,seed_3,seed,3
79,A,0.2844478914548286,0.013360679324156043,0.7021914292210149,5,19,seed_3,seed,3
79,C,0.4500081291848429,0.02260107517214251,0.5273907956430135,5,19,seed_3,seed,3
80,A,0.28288075871172164,0.01235726140250217,0.7047619798857763,5,19,seed_3,seed,3
80,C,0.4471209550067766,0.02111770710187218,0.5317613378913506,5,19,seed_3,seed,3
81,A,0.28143472436522854,0.011426121590218254,0.7071391540445527,5,19,seed_3,seed,3
81,C,0.44444273617301894,0.019714061066858593,0.5358432027601232,5,19,seed_3,seed,3
82,A,0.280100474596997,0.010562588590809895,0.7093369368121927,5,19,seed_3,seed,3
82,C,0.441959383194029,0.01838844399652164,0.5396521728094489,5,19,seed_3,seed,3
83,A,0.2788693997218376,0.009762200467524953,0.7113683998106375,5,19,seed_3,seed,3
83,C,0.4396575888480185,0.017138760883119004,0.5432036502688629,5,19,seed_3,seed,3
84,A,0.2777335437778424,0.009020712313910132,0.7132457439082479,5,19,seed_3,seed,3
84,C,0.4375248137051937,0.01596260085016668,0.5465125854446393,5,19,seed_3,seed,3
85,A,0.27668555708044795,0.008334099885700134,0.714980343033852,5,19,seed_3,seed,3
85,C,0.4355492659837285,0.014857312737714125,0.5495934212785565,5,19,seed_3,seed,3
86,A,0.2757186516668104,0.007698559961194043,0.7165827883719968,5,19,seed_3,seed,3
86,C,0.4337198771149905,0.013820070865004174,0.5524600520200061,5,19,seed_3,seed,3
87,A,0.2748265596633851,0.007110507966946919,0.7180629323696686,5,19,seed_3,seed,3
87,C,0.4320262741726014,0.01284793170095672,0.5551257941264419,5,19,seed_3,seed,3
88,A,0.2740034945173713,0.006566573425765092,0.7194299320568628,5,19,seed_3,seed,3
88,C,0.4304587501495019,0.011937882194614974,0.5576033676558836,5,19,seed_3,seed,3
89,A,0.27324411490341133,0.0060635938141931104,0.7206922912823954,5,19,seed_3,seed,3
89,C,0.4290082328977239,0.011086880541840496,0.5599048865604347,5,19,seed_3,seed,3
90,A,0.2725434911159903,0.005598607295365899,0.7218579015886432,5,19,seed_3,seed,3
90,C,0.4276662533807759,0.010291890176761295,0.5620418564424615,5,19,seed_3,seed,3
91,A,0.27189707383164863,0.005168844624685759,0.7229340815436653,5,19,seed_3,seed,3
91,C,0.42642491375188385,0.009549907754699395,0.564025178493416,5,19,seed_3,seed,3
92,A,0.2713006651439481,0.004771720457195094,0.7239276143988561,5,19,seed_3,seed,3
92,C,0.4252768556643686,0.00885798584753035,0.5658651584880999,5,19,seed_3,seed,3
93,A,0.2707503917309985,0.004404824295735466,0.7248447839732661,5,19,seed_3,seed,3
93,C,0.42421522911781884,0.008213251034384538,0.5675715198477972,5,19,seed_3,seed,3
94,A,0.27024267999689794,0.004065911296163608,0.7256914087069382,5,19,seed_3,seed,3
94,C,0.42323366219254316,0.007612917902609365,0.5691534199048475,5,19,seed_3,seed,3
95,A,0.26977423304282633,0.00375289308705457,0.7264728738701188,5,19,seed_3,seed,3
95,C,0.42232623167964456,0.007054299696980583,0.5706194686233753,5,19,seed_3,seed,3
96,A,0.2693420093635909,0.0034638286910793387,0.7271941619453294,5,19,seed_3,seed,3
96,C,0.42148743483938084,0.006534816017273754,0.5719777491433462,5,19,seed_3,seed,3
97,A,0.2689432031585271,0.0031969156277822344,0.7278598812136905,5,19,seed_3,seed,3
97,C,0.42071216237987447,0.006051998011570793,0.5732358396085552,5,19,seed_3,seed,3
98,A,0.26857522613573187,0.002950481276602907,0.728474292587664,5,19,seed_3,seed,3
98,C,0.41999567271236227,0.0056034914688503495,0.5744008358187885,5,19,seed_3,seed,3
99,A,0.2682356906948773,0.0027229745591893185,0.7290413347459327,5,19,seed_3,seed,3
99,C,0.41933356749453915,0.0051870581839190385,0.5754793743215407,5,19,seed_3,seed,3
100,A,0.26792239439108584,0.0025129579708789403,0.7295646476380356,5,19,seed_3,seed,3
100,C,0.4187217684637479,0.004800575907382882,0.576477655628871,5,19,seed_3,seed,3
101,A,0.26763330559131493,0.0023190999765703717,0.7300475944321142,5,19,seed_3,seed,3
101,C,0.41815649555619594,0.00444203713937169,0.5774014673044308,5,19,seed_3,seed,3
102,A,0.2673665502348522,0.0021401677847352582,0.730493281980412,5,19,seed_3,seed,3
102,C,0.4176342462944384,0.004109546991889679,0.5782562067136711,5,19,seed_3,seed,3
103,A,0.26712039961225914,0.001975020509509415,0.7309045798782312,5,19,seed_3,seed,3
103,C,0.4171517764092557,0.003801320319974124,0.5790469032707704,5,19,seed_3,seed,3
104,A,0.2668932590855781,0.0018226027208641889,0.7312841381935574,5,19,seed_3,seed,3
104,C,0.4167060816526278,0.0035156782945018573,0.5797782400528706,5,19,seed_3,seed,3
105,A,0.26668365768041763,0.0016819383748628025,0.7316344039447195,5,19,seed_3,seed,3
105,C,0.41629438075511643,0.0032510445602062974,0.5804545746846778,5,19,seed_3,seed,3
106,A,0.26649023848449616,0.00155212511392403,0.7319576364015794,5,19,seed_3,seed,3
106,C,0.41591409947928215,0.0030059410974113154,0.581079959423307,5,19,seed_3,seed,3
107,A,0.26631174979023015,0.0014323289266529912,0.732255921283117,5,19,seed_3,seed,3
107,C,0.415562855718418,0.0027789838869631905,0.5816581603946176,5,19,seed_3,seed,3
108,A,0.2661470369237239,0.0013217791545159243,0.7325311839217598,5,19,seed_3,seed,3
108,C,0.41523844558782325,0.0025688784621162764,0.5821926759500601,5,19,seed_3,seed,3
109,A,0.26599503470782604,0.0012197638298667912,0.7327852014623075,5,19,seed_3,seed,3
109,C,0.4149388304553055,0.002374415416412871,0.5826867541282812,5,19,seed_3,seed,3
110,A,0.26585476051088647,0.0011256253288782412,0.733019614160235,5,19,seed_3,seed,3
110,C,0.41466212485839277,0.0021944659231003185,0.5831434092185059,5,19,seed_3,seed,3
111,A,0.2657253078358661,0.0010387563232938568,0.7332359358408395,5,19,seed_3,seed,3
111,C,0.41440658525694646,0.002027977310305301,0.5835654374327478,5,19,seed_3,seed,3
112,A,0.2656058404077279,9.585960149863128e-4,0.7334355635772857,5,19,seed_3,seed,3
112,C,0.41417059957130337,0.0018739687269916535,0.5839554317017047,5,19,seed_3,seed,3
113,A,0.26549558672084284,8.846266367500407e-4,0.733619786642408,5,19,seed_3,seed,3
113,C,0.41395267745812075,0.0017315269266406134,0.5843157956152388,5,19,seed_3,seed,3
114,A,0.26539383500934377,8.163702045993392e-4,0.7337897947860561,5,19,seed_3,seed,3
114,C,0.4137514412745227,0.0015998021921433021,0.5846487565333344,5,19,seed_3,seed,3
115,A,0.2652999286099809,7.5338550349558e-4,0.7339466858865236,5,19,seed_3,seed,3
115,C,0.413565617690485,0.0014780044125360724,0.5849563778969785,5,19,seed_3,seed,3
116,A,0.2652132616856236,6.952652929829369e-4,0.7340914730213937,5,19,seed_3,seed,3
116,C,0.41339402990476337,0.0013653993244371306,0.5852405707707976,5,19,seed_3,seed,3
117,A,0.2651332752812968,6.416337184097321e-4,0.7342250910002935,5,19,seed_3,seed,3
117,C,0.41323559042406416,0.0012613049249181917,0.5855031046510183,5,19,seed_3,seed,3
118,A,0.26505945368685546,5.921439139031342e-4,0.7343484023992419,5,19,seed_3,seed,3
118,C,0.4130892943672969,0.00116508805930242,0.5857456175734004,5,19,seed_3,seed,3
119,A,0.2649913210826211,5.464757837204127e-4,0.7344622031336585,5,19,seed_3,seed,3
119,C,0.4129542132593543,0.0010761611843446116,0.5859696255563017,5,19,seed_3,seed,3
120,A,0.2649284384460058,5.043339495277357e-4,0.7345672276044665,5,19,seed_3,seed,3
120,C,0.4128294892806941,9.939793054850653e-4,0.5861765314138218,5,19,seed_3,seed,3
121,A,0.2648704006987153,4.654458520174614e-4,0.7346641534492664,5,19,seed_3,seed,3
121,C,0.4127143299408292,9.180370855513465e-4,0.5863676329736202,5,19,seed_3,seed,3
122,A,0.26481683407573775,4.2955999591696726e-4,0.7347536059283462,5,19,seed_3,seed,3
122,C,0.41260800314572765,8.47866120995351e-4,0.5865441307332774,5,19,seed_3,seed,3
123,A,0.2647673936988354,3.9644432802885676e-4,0.7348361619731362,5,19,seed_3,seed,3
123,C,0.41250983263115465,7.830323806189566e-4,0.5867071349882277,5,19,seed_3,seed,3
124,A,0.26472176133862146,3.6588473858607345e-4,0.7349123539227923,5,19,seed_3,seed,3
124,C,0.4124191937358337,0.00072313380095926705,0.5868576724632073,5,19,seed_3,seed,3
125,A,0.26467964335052807,3.3768367686669775e-4,0.7349826729726053,5,19,seed_3,seed,3
125,C,0.4123355094900082,6.67798032046567e-4,0.5869966924779457,5,19,seed_3,seed,3
126,A,0.26464076877110626,3.116588726306793e-4,0.7350475723562628,5,19,seed_3,seed,3
126,C,0.4122582469965589,6.166803269607729e-4,0.5871250726764817,5,19,seed_3,seed,3
127,A,0.2646048875621785,2.8764215550956996e-4,0.7351074702823124,5,19,seed_3,seed,3
127,C,0.41218691408337577,5.694615684086504e-4,0.5872436243482145,5,19,seed_3,seed,3
128,A,0.2645717689913008,2.6547836501865526e-4,0.7351627526436811,5,19,seed_3,seed,3
128,C,0.41212105620717715,5.258464254314678e-4,0.5873530973673907,5,19,seed_3,seed,3
129,A,0.26454120013793414,2.450243443740205e-4,0.735213775517692,5,19,seed_3,seed,3
129,C,0.4120602535902857,4.8556163335032235e-4,0.5874541847763637,5,19,seed_3,seed,3
130,A,0.264512984515527,2.2614801178191216e-4,0.7352608674726907,5,19,seed_3,seed,3
130,C,0.4120041185732422,4.483543901459155e-4,0.587547527036612,5,19,seed_3,seed,3
131,A,0.26448694080048907,2.0872750332429923e-4,0.7353043316961857,5,19,seed_3,seed,3
131,C,0.41195229316727006,4.1399086261599175e-4,0.5876337159701156,5,19,seed_3,seed,3
132,A,0.26446290165974135,1.9265038199194043e-4,0.7353444479582669,5,19,seed_3,seed,3
132,C,0.411904446791777,3.8225479583113813e-4,0.5877132984123925,5,19,seed_3,seed,3
133,A,0.26444071266917835,1.778129078044106e-4,0.7353814744230168,5,19,seed_3,seed,3
133,C,0.4118602741831691,3.529462195888518e-4,0.587786779597243,5,19,seed_3,seed,3
134,A,0.26442023131590536,1.6411936441797207e-4,0.7354156493196775,5,19,seed_3,seed,3
134,C,0.41181949346198043,3.2588024604222806e-4,0.5878546262919773,5,19,seed_3,seed,3
135,A,0.2644013260778329,1.5148143776656504e-4,0.7354471924844018,5,19,seed_3,seed,3
135,C,0.41178184434681686,3.00885952392098e-4,0.5879172697007916,5,19,seed_3,seed,3
136,A,0.26438387557458093,1.3981764280295928e-4,0.7354763067826162,5,19,seed_3,seed,3
136,C,0.4117470865039299,2.7780534333560555e-4,0.5879751081527357,5,19,seed_3,seed,3
137,A,0.2643677677841282,1.2905279464119556e-4,0.7355031794212304,5,19,seed_3,seed,3
137,C,0.4117149980222387,2.564923880489958e-4,0.5880285095897131,5,19,seed_3,seed,3
138,A,0.26435289932010164,1.1911752067872944e-4,0.7355279831592199,5,19,seed_3,seed,3
138,C,0.41168537400434474,2.368121267420561e-4,0.5880778138689131,5,19,seed_3,seed,3
139,A,0.26433917476500807,1.0994781052281324e-4,0.7355508774244698,5,19,seed_3,seed,3
139,C,0.4116580252648341,2.1863984205592544e-4,0.5881233348931113,5,19,seed_3,seed,3
140,A,0.26432650605506514,1.0148460079473622e-4,0.7355720093441388,5,19,seed_3,seed,3
140,C,0.4116327771277702,2.0186029086760712e-4,0.5881653625813617,5,19,seed_3,seed,3
141,A,0.2643148119126303,9.36733921176148e-5,0.7355915146952526,5,19,seed_3,seed,3
141,C,0.4116094683158955,1.8636699234846714e-4,0.5882041646917564,5,19,seed_3,seed,3
142,A,0.26430401732251757,8.646389580000518e-5,0.7356095187816829,5,19,seed_3,seed,3
142,C,0.4115879499245557,1.7206156837188443e-4,0.5882399885070725,5,19,seed_3,seed,3
143,A,0.26429405304881926,7.980970791460082e-5,0.7356261372432664,5,19,seed_3,seed,3
143,C,0.41156808447396287,1.5885313259278954e-4,0.5882730623934459,5,19,seed_3,seed,3
144,A,0.26428485518907324,7.36680086464635e-5,0.7356414768022804,5,19,seed_3,seed,3
144,C,0.4115497450338256,1.466577247488261e-4,0.5883035972414259,5,19,seed_3,seed,3
145,A,0.26427636476288946,6.799928495025679e-5,0.7356556359521611,5,19,seed_3,seed,3
145,C,0.41153281441489004,1.3539778695916306e-4,0.588331787798151,5,19,seed_3,seed,3
146,A,0.2642685273323677,6.276707470873826e-5,0.7356687055929231,5,19,seed_3,seed,3
146,C,0.41151718442226226,1.2500167901199522e-4,0.5883578138987264,5,19,seed_3,seed,3
147,A,0.2642612926518371,5.793773072464871e-5,0.7356807696174379,5,19,seed_3,seed,3
147,C,0.4115027551658478,1.154032298308863e-4,0.588381841604322,5,19,seed_3,seed,3
148,A,0.26425461434465325,5.3480203006629115e-5,0.735691905452341,5,19,seed_3,seed,3
148,C,0.41148943442353875,1.065413224966489e-4,0.5884040242539667,5,19,seed_3,seed,3
149,A,0.2642484496049481,4.936583792875491e-5,0.7357021845571237,5,19,seed_3,seed,3
149,C,0.4114771370531336,9.835951037918553e-5,0.5884245034364861,5,19,seed_3,seed,3
150,A,0.26424275892241433,4.5568192953555614e-5,0.7357116728846331,5,19,seed_3,seed,3
150,C,0.4114657844492896,9.080566210281867e-5,0.5884434098886089,5,19,seed_3,seed,3
151,A,0.26423750582833017,4.2062865710272896e-5,0.7357204313059592,5,19,seed_3,seed,3
151,C,0.4114553040420367,8.383163322750582e-5,0.5884608643247362,5,19,seed_3,seed,3
152,A,0.2642326566611869,3.882733631391746e-5,0.7357285160025002,5,19,seed_3,seed,3
152,C,0.4114456288337299,7.73929626764578e-5,0.588476978203592,5,19,seed_3,seed,3
153,A,0.2642281803504033,3.584082189667698e-5,0.7357359788277004,5,19,seed_3,seed,3
153,C,0.41143669697146396,7.144859207790924e-5,0.5884918544364595,5,19,seed_3,seed,3
154,A,0.26422404821672363,3.3084142406795696e-5,0.73574286764087,5,19,seed_3,seed,3
154,C,0.41142845135224704,6.596060632962202e-5,0.5885055880414237,5,19,seed_3,seed,3
155,A,0.26422023378801607,3.053959679525882e-5,0.735749226615189,5,19,seed_3,seed,3
155,C,0.411420839258459,6.089399379218067e-5,0.5885182667477488,5,19,seed_3,seed,3
156,A,0.26421671262927676,2.8190848786896006e-5,0.7357550965219367,5,19,seed_3,seed,3
156,C,0.4114138120212374,5.621642465514925e-5,0.588529971554107,5,19,seed_3,seed,3
157,A,0.26421346218574426,2.602282149237673e-5,0.7357605149927636,5,19,seed_3,seed,3
157,C,0.4114073247096906,5.18980461178076e-5,0.5885407772441913,5,19,seed_3,seed,3
158,A,0.26421046163810863,2.402160017527494e-5,0.735765516761717,5,19,seed_3,seed,3
158,C,0.4114013358439309,4.791129312444939e-5,0.5885507528629437,5,19,seed_3,seed,3
159,A,0.26420769176888254,2.2174342541143302e-5,0.7357701338885765,5,19,seed_3,seed,3
159,C,0.41139580713012885,4.423071348472917e-5,0.5885599621563861,5,19,seed_3,seed,3
160,A,0.2642051348390767,2.0469195965069492e-5,0.7357743959649579,5,19,seed_3,seed,3
160,C,0.41139070321588267,4.0832806296480616e-5,0.588568463977821,5,19,seed_3,seed,3
161,A,0.2642027744743747,1.889522111990278e-5,0.735778330304506,5,19,seed_3,seed,3
161,C,0.4113859914643662,3.7695872669290655e-5,0.588576312662965,5,19,seed_3,seed,3
162,A,0.2642005955600822,1.7442321509152963e-5,0.7357819621184095,5,19,seed_3,seed,3
162,C,0.4113816417458015,3.479987782107649e-5,0.588583558376378,5,19,seed_3,seed,3
163,A,0.26419858414417097,1.6101178446943698e-5,0.7357853146773828,5,19,seed_3,seed,3
163,C,0.41137762624493485,3.212632368810497e-5,0.5885902474313781,5,19,seed_3,seed,3
164,A,0.2641967273477913,1.4863191062886918e-5,0.7357884094611447,5,19,seed_3,seed,3
164,C,0.4113739192832884,2.9658131252602346e-5,0.5885964225854602,5,19,seed_3,seed,3
165,A,0.2641950132826805,1.372042094259251e-5,0.7357912662963769,5,19,seed_3,seed,3
165,C,0.4113704971550544,2.7379531851657418e-5,0.588602123313094,5,19,seed_3,seed,3
166,A,0.2641934309749274,1.2665541044823726e-5,0.7357939034840274,5,19,seed_3,seed,3
166,C,0.41136733797558955,2.527596678634445e-5,0.5886073860576242,5,19,seed_3,seed,3
167,A,0.2641919702946155,1.1691788564195364e-5,0.7357963379168201,5,19,seed_3,seed,3
167,C,0.41136442154153463,2.3333994600986553e-5,0.5886122444638641,5,19,seed_3,seed,3
168,A,0.2641906218908799,1.0792921433992655e-5,0.7357985851876861,5,19,seed_3,seed,3
168,C,0.41136172920168046,2.1541205449660705e-5,0.5886167295928715,5,19,seed_3,seed,3
169,A,0.2641893771319649,9.963178187384624e-6,0.7358006596898466,5,19,seed_3,seed,3
169,C,0.41135924373773836,1.9886142010843805e-5,0.5886208701202509,5,19,seed_3,seed,3
170,A,0.26418822804990194,9.197240917174765e-6,0.7358025747091805,5,19,seed_3,seed,3
170,C,0.4113569492542807,1.8358226451746517e-5,0.5886246925192669,5,19,seed_3,seed,3
171,A,0.2641871672894363,8.490201094401442e-6,0.7358043425094698,5,19,seed_3,seed,3
171,C,0.41135483107711657,1.694769298151959e-5,0.5886282212299017,5,19,seed_3,seed,3
172,A,0.2641861880608973,7.837528024692295e-6,0.7358059744110774,5,19,seed_3,seed,3
172,C,0.41135287565948075,1.564552556732119e-5,0.5886314788149514,5,19,seed_3,seed,3
173,A,0.2641852840966904,7.235039738397315e-6,0.7358074808635712,5,19,seed_3,seed,3
173,C,0.4113510704954265,1.4443400419381643e-5,0.5886344861041537,5,19,seed_3,seed,3
174,A,0.26418444961113613,6.678876126487397e-6,0.7358088715127382,5,19,seed_3,seed,3
174,C,0.4113494040398669,1.3333632881474955e-5,0.5886372623272526,5,19,seed_3,seed,3
175,A,0.2641836792634051,6.165474148440787e-6,0.7358101552624456,5,19,seed_3,seed,3
175,C,0.4113478656347549,1.2309128389785999e-5,0.5886398252368544,5,19,seed_3,seed,3
176,A,0.2641829681233019,5.691544952126467e-6,0.7358113403317457,5,19,seed_3,seed,3
176,C,0.41134644544094734,1.1363337189717706e-5,0.5886421912218637,5,19,seed_3,seed,3
177,A,0.2641823116396835,5.254052757980214e-6,0.7358124343075583,5,19,seed_3,seed,3
177,C,0.4113451343752781,1.0490212523445214e-5,0.5886443754121975,5,19,seed_3,seed,3
178,A,0.26418170561130766,4.850195371203217e-6,0.7358134441933212,5,19,seed_3,seed,3
178,C,0.41134392405249054,9.68417202283884e-6,0.5886463917754865,5,19,seed_3,seed,3
179,A,0.26418114615992183,4.477386196239872e-6,0.735814376453882,5,19,seed_3,seed,3
179,C,0.41134280673161067,8.940062062507442e-6,0.5886482532063267,5,19,seed_3,seed,3
180,A,0.26418062970542905,4.133237637536818e-6,0.7358152370569333,5,19,seed_3,seed,3
180,C,0.4113417752664491,8.253124846439699e-6,0.5886499716087035,5,19,seed_3,seed,3
181,A,0.2641801529429563,3.815545779575336e-6,0.7358160315112632,5,19,seed_3,seed,3
181,C,0.4113408230599067,7.6189680190324316e-6,0.5886515579720736,5,19,seed_3,seed,3
182,A,0.26417971282169367,3.5222762474477396e-6,0.7358167649020598,5,19,seed_3,seed,3
182,C,0.4113399440217826,7.033536607246371e-6,0.5886530224416101,5,19,seed_3,seed,3
183,A,0.26417930652535504,3.251551156877521e-6,0.7358174419234881,5,19,seed_3,seed,3
183,C,0.41133913252983073,6.4930871153527304e-6,0.5886543743830527,5,19,seed_3,seed,3
184,A,0.2641789314541506,3.0016370696239498e-6,0.7358180669087803,5,19,seed_3,seed,3
184,C,0.4113383833938065,5.994163607355643e-6,0.5886556224425842,5,19,seed_3,seed,3
185,A,0.26417858520813536,2.7709338767119647e-6,0.7358186438579872,5,19,seed_3,seed,3
185,C,0.41133769182227226,5.533575624782458e-6,0.588656774602102,5,19,seed_3,seed,3
186,A,0.26417826557184776,2.557964537925232e-6,0.7358191764636136,5,19,seed_3,seed,3
186,C,0.4113370533919561,5.108377799182141e-6,0.5886578382302438,5,19,seed_3,seed,3
187,A,0.2641779705001228,2.361365611529798e-6,0.7358196681342651,5,19,seed_3,seed,3
187,C,0.41133646401946466,4.715851029425101e-6,0.5886588201295067,5,19,seed_3,seed,3
188,A,0.26417769810500175,2.1798785132963764e-6,0.735820122016485,5,19,seed_3,seed,3
188,C,0.41133591993516605,4.353485103829007e-6,0.58865972657973,5,19,seed_3,seed,3
189,A,0.2641774466436438,2.0123414485947406e-6,0.7358205410149079,5,19,seed_3,seed,3
189,C,0.41133541765908677,4.018962656313647e-6,0.5886605633782579,5,19,seed_3,seed,3
190,A,0.2641772145071704,1.8576819656760519e-6,0.7358209278108636,5,19,seed_3,seed,3
190,C,0.4113349539786488,3.7101443542694264e-6,0.5886613358769963,5,19,seed_3,seed,3
191,A,0.2641770002103692,1.7149100822651681e-6,0.7358212848795488,5,19,seed_3,seed,3
191,C,0.41133452592813047,3.4250552236592664e-6,0.5886620490166455,5,19,seed_3,seed,3
192,A,0.26417680238218144,1.5831119412807784e-6,0.7358216145058776,5,19,seed_3,seed,3
192,C,0.411334130769692,3.1618720241084155e-6,0.588662707358284,5,19,seed_3,seed,3
193,A,0.26417661975693135,1.4614439549101467e-6,0.7358219187991131,5,19,seed_3,seed,3
193,C,0.4113337659758724,2.9189115934168827e-6,0.5886633151125344,5,19,seed_3,seed,3
194,A,0.2641764511662251,1.3491273994176678e-6,0.7358221997063752,5,19,seed_3,seed,3
194,C,0.41133342921341737,2.6946200871199845e-6,0.5886638761664943,5,19,seed_3,seed,3
195,A,0.2641762955314687,1.2454434259551699e-6,0.7358224590251046,5,19,seed_3,seed,3
195,C,0.41133311832836494,2.487563044382149e-6,0.5886643941085914,5,19,seed_3,seed,3
196,A,0.2641761518569691,1.1497284553343101e-6,0.7358226984145763,5,19,seed_3,seed,3
196,C,0.4113328313322595,2.296416216815875e-6,0.5886648722515232,5,19,seed_3,seed,3
197,A,0.26417601922355943,1.0613699271881033e-6,0.7358229194065135,5,19,seed_3,seed,3
197,C,0.41133256638944343,2.1199571016660937e-6,0.5886653136534555,5,19,seed_3,seed,3
198,A,0.2641758967827177,9.798023762290397e-7,0.7358231234149061,5,19,seed_3,seed,3
198,C,0.4113323218053098,1.9570571252893495e-6,0.5886657211375652,5,19,seed_3,seed,3
199,A,0.26417578375113654,9.045038104145542e-7,0.7358233117450528,5,19,seed_3,seed,3
199,C,0.4113320960154674,1.806674427001516e-6,0.5886660973101056,5,19,seed_3,seed,3
200,A,0.2641756794057109,8.349923677731225e-7,0.7358234856019219,5,19,seed_3,seed,3
200,C,0.4113318875757348,1.667847197199182e-6,0.588666444577069,5,19,seed_3,seed,3
201,A,0.26417558307890804,7.708232304366392e-7,0.7358236460978603,5,19,seed_3,seed,3
201,C,0.4113316951529015,1.5396875271979328e-6,0.5886667651595724,5,19,seed_3,seed,3
202,A,0.26417549415450214,7.115857760783295e-7,0.7358237942597227,5,19,seed_3,seed,3
202,C,0.41133151751620245,1.4213757314958675e-6,0.5886670611080649,5,19,seed_3,seed,3
203,A,0.2641754120636211,6.56900948480948e-7,0.7358239310354301,5,19,seed_3,seed,3
203,C,0.4113313535294487,1.3121551061845108e-6,0.5886673343154445,5,19,seed_3,seed,3
204,A,0.26417533628111795,6.06418830368128e-7,0.7358240573000515,5,19,seed_3,seed,3
204,C,0.41133120214375474,1.2113270900131285e-6,0.5886675865291559,5,19,seed_3,seed,3
205,A,0.2641752663222011,5.598164029312254e-7,0.7358241738613954,5,19,seed_3,seed,3
205,C,0.41133106239083134,1.118246797183406e-6,0.5886678193623718,5,19,seed_3,seed,3
206,A,0.26417520173933895,5.16795477683393e-7,0.7358242814651845,5,19,seed_3,seed,3
206,C,0.41133093337679744,1.0323188933253406e-6,0.5886680343043095,5,19,seed_3,seed,3
207,A,0.26417514211939075,4.770807873793231e-7,0.7358243807998219,5,19,seed_3,seed,3
207,C,0.41133081427645685,9.529937882967373e-7,0.5886682327297549,5,19,seed_3,seed,3
208,A,0.26417508708096965,4.4041822376043736e-7,0.7358244725008065,5,19,seed_3,seed,3
208,C,0.4113307043280251,8.797641214719483e-7,0.5886684159078539,5,19,seed_3,seed,3
209,A,0.2641750362719958,4.065732108278854e-7,0.7358245571547928,5,19,seed_3,seed,3
209,C,0.4113306028282504,8.121615170536964e-7,0.5886685850102328,5,19,seed_3,seed,3
210,A,0.26417498936744765,3.7532920321567696e-7,0.7358246353033475,5,19,seed_3,seed,3
210,C,0.4113305091279235,7.497535886668954e-7,0.5886687411184888,5,19,seed_3,seed,3
211,A,0.2641749460672832,3.464863000391621e-7,0.7358247074464174,5,19,seed_3,seed,3
211,C,0.41133042262771957,6.921411740859914e-7,0.5886688852311077,5,19,seed_3,seed,3
212,A,0.2641749060945159,3.1985996533506896e-7,0.7358247740455184,5,19,seed_3,seed,3
212,C,0.4113303427743669,6.389557824177603e-7,0.5886690182698504,5,19,seed_3,seed,3
213,A,0.26417486919344774,2.952798468931605e-7,0.7358248355267053,5,19,seed_3,seed,3
213,C,0.4113302690571101,5.898572374189058e-7,0.5886691410856522,5,19,seed_3,seed,3
214,A,0.2641748351280298,2.7258868591102854e-7,0.7358248922832852,5,19,seed_3,seed,3
214,C,0.4113302010044393,5.445315018819446e-7,0.5886692544640599,5,19,seed_3,seed,3
215,A,0.26417480368035273,2.5164131048548613e-7,0.7358249446783363,5,19,seed_3,seed,3
215,C,0.4113301381810748,5.026886691782575e-7,0.5886693591302563,5,19,seed_3,seed,3
216,A,0.2641747746492552,2.323037064923085e-7,0.735824993047039,5,19,seed_3,seed,3
216,C,0.4113300801851887,4.6406110911729743e-7,0.5886694557537037,5,19,seed_3,seed,3
217,A,0.26417474784903194,2.1445215990212443e-7,0.7358250376988082,5,19,seed_3,seed,3
217,C,0.4113300266458255,4.2840175626667955e-7,0.5886695449524175,5,19,seed_3,seed,3
218,A,0.26417472310825085,1.979724650382968e-7,0.7358250789192844,5,19,seed_3,seed,3
218,C,0.4113299772205397,3.9548252978839705e-7,0.5886696272969304,5,19,seed_3,seed,3
219,A,0.2641747002686532,1.8275919370534862e-7,0.7358251169721529,5,19,seed_3,seed,3
219,C,0.41132993159319603,3.6509287468700375e-7,0.5886697033139289,5,19,seed_3,seed,3
220,A,0.2641746791841419,1.68715020506729e-7,0.7358251521008384,5,19,seed_3,seed,3
220,C,0.41132988947195304,3.370384151417906e-7,0.5886697734896318,5,19,seed_3,seed,3
221,A,0.26417465971984744,1.557501000309031e-7,0.7358251845300525,5,19,seed_3,seed,3
221,C,0.41132985058739413,3.1113971131165977e-7,0.5886698382728942,5,19,seed_3,seed,3
222,A,0.2641746417512642,1.4378149191718815e-7,0.7358252144672439,5,19,seed_3,seed,3
222,C,0.41132981469080665,2.8723111166283665e-7,0.5886698980780815,5,19,seed_3,seed,3
223,A,0.26417462516345475,1.3273263011957732e-7,0.7358252421039158,5,19,seed_3,seed,3
223,C,0.4113297815525889,2.6515969348027713e-7,0.5886699532877168,5,19,seed_3,seed,3
224,A,0.2641746098503133,1.2253283297002126e-7,0.7358252676168536,5,19,seed_3,seed,3
224,C,0.41132975096078117,2.4478428478737793e-7,0.588670004254933,5,19,seed_3,seed,3
225,A,0.2641745957138881,1.1311685021864192e-7,0.7358252911692621,5,19,seed_3,seed,3
225,C,0.41132972271971185,2.2597456005076486e-7,0.5886700513057285,5,19,seed_3,seed,3
226,A,0.2641745826637577,1.0442444890201471e-7,0.7358253129117929,5,19,seed_3,seed,3
226,C,0.411329696648749,2.0861021337218214e-7,0.5886700947410373,5,19,seed_3,seed,3
227,A,0.26417457061643157,9.640001293005801e-8,0.7358253329835557,5,19,seed_3,seed,3
227,C,0.4113296725811087,1.9258015904350289e-7,0.588670134838734,5,19,seed_3,seed,3
228,A,0.26417455949482216,8.899219253311881e-8,0.7358253515129853,5,19,seed_3,seed,3
228,C,0.41132965036279456,1.7778183163074294e-7,0.5886701718553737,5,19,seed_3,seed,3
229,A,0.26417454922779854,8.215360527442402e-8,0.7358253686185952,5,19,seed_3,seed,3
229,C,0.4113296298517117,1.641205889873286e-7,0.5886702060277006,5,19,seed_3,seed,3
230,A,0.26417453974965877,7.584048591267256e-8,0.7358253844098548,5,19,seed_3,seed,3
230,C,0.411329610916607,1.5150901310800142e-7,0.5886702375743783,5,19,seed_3,seed,3
231,A,0.26417453100001315,7.001260729240666e-8,0.7358253989873799,5,19,seed_3,seed,3
231,C,0.4113295934368425,1.3986675226513277e-7,0.5886702666964041,5,19,seed_3,seed,3
232,A,0.26417452292300514,6.463276322297035e-8,0.7358254124442312,5,19,seed_3,seed,3
232,C,0.41132957730083414,1.291194883184326e-7,0.5886702935796776,5,19,seed_3,seed,3
233,A,0.26417451546707865,5.966661185164357e-8,0.7358254248663086,5,19,seed_3,seed,3
233,C,0.4113295624055889,1.1919862395047101e-7,0.5886703183957878,5,19,seed_3,seed,3
234,A,0.2641745085814569,5.508032941065675e-8,0.7358254363382142,5,19,seed_3,seed,3
234,C,0.41132954864966675,1.1003659621239954e-7,0.5886703413137371,5,19,seed_3,seed,3
235,A,0.26417450222814354,5.0848607235974966e-8,0.735825446923249,5,19,seed_3,seed,3
235,C,0.41132953595716487,1.0158285061476106e-7,0.5886703624599848,5,19,seed_3,seed,3
236,A,0.2641744963539884,4.693604179405094e-8,0.7358254567099697,5,19,seed_3,seed,3
236,C,0.4113295242219034,9.376666759265462e-8,0.5886703820114276,5,19,seed_3,seed,3
237,A,0.26417449081851607,4.324906513408019e-8,0.7358254659324188,5,19,seed_3,seed,3
237,C,0.41132951316324945,8.640113244387127e-8,0.5886704004356178,5,19,seed_3,seed,3
238,A,0.264174486010818,4.004684037871026e-8,0.7358254739423421,5,19,seed_3,seed,3
238,C,0.4113295035585127,8.000396739361726e-8,0.5886704164375204,5,19,seed_3,seed,3
239,A,0.26417448155937173,3.7081905358467606e-8,0.7358254813587228,5,19,seed_3,seed,3
239,C,0.411329494665483,7.408083014733542e-8,0.5886704312536863,5,19,seed_3,seed,3
240,A,0.2641744774374939,3.433648605564385e-8,0.7358254882260201,5,19,seed_3,seed,3
240,C,0.41132948643085504,6.859621539564268e-8,0.5886704449729295,5,19,seed_3,seed,3
241,A,0.26417447362078383,3.1794329920510735e-8,0.7358254945848859,5,19,seed_3,seed,3
241,C,0.4113294788058821,6.351765692784592e-8,0.588670457676461,5,19,seed_3,seed,3
242,A,0.2641744700866487,2.944038773626206e-8,0.7358255004729644,5,19,seed_3,seed,3
242,C,0.41132947174542867,5.881509218019098e-8,0.588670469439479,5,19,seed_3,seed,3
243,A,0.26417446681416695,2.7260724522009342e-8,0.7358255059251081,5,19,seed_3,seed,3
243,C,0.4113294652076996,5.4460684281556034e-8,0.5886704803316161,5,19,seed_3,seed,3
244,A,0.26417446378396703,2.524243703298829e-8,0.7358255109735962,5,19,seed_3,seed,3
244,C,0.4113294591539951,5.042865727392302e-8,0.5886704904173474,5,19,seed_3,seed,3
245,A,0.26417446097811115,2.3373577369452173e-8,0.7358255156483111,5,19,seed_3,seed,3
245,C,0.4113294535484804,4.669514353227445e-8,0.5886704997563764,5,19,seed_3,seed,3
246,A,0.26417445837999015,2.164308224190433e-8,0.7358255199769292,5,19,seed_3,seed,3
246,C,0.41132944835797314,4.323804248073757e-8,0.5886705084039849,5,19,seed_3,seed,3
247,A,0.26417445597422295,2.0040707473820787e-8,0.7358255239850693,5,19,seed_3,seed,3
247,C,0.4113294435517475,4.003688976866777e-8,0.5886705164113618,5,19,seed_3,seed,3
248,A,0.2641744537465701,1.855696735403476e-8,0.7358255276964629,5,19,seed_3,seed,3
248,C,0.4113294391013543,3.707273613227612e-8,0.5886705238259101,5,19,seed_3,seed,3
249,A,0.26417445168384307,1.7183078479672932e-8,0.735825531133079,5,19,seed_3,seed,3
249,C,0.41132943498044794,3.43280352247371e-8,0.5886705306915165,5,19,seed_3,seed,3
250,A,0.26417444977383236,1.591090775712981e-8,0.7358255343152604,5,19,seed_3,seed,3
250,C,0.4113294311646349,3.178653975079869e-8,0.5886705370488244,5,19,seed_3,seed,3
251,A,0.2641744480052307,1.4732924253189306e-8,0.7358255372618452,5,19,seed_3,seed,3
251,C,0.4113294276313289,2.9433205291075426e-8,0.5886705429354662,5,19,seed_3,seed,3
252,A,0.2641744463675695,1.3642154611203052e-8,0.7358255399902758,5,19,seed_3,seed,3
252,C,0.4113294243596127,2.725410124671973e-8,0.5886705483862862,5,19,seed_3,seed,3
253,A,0.2641744448511542,1.2632141768347185e-8,0.7358255425167051,5,19,seed_3,seed,3
253,C,0.4113294213301201,2.5236328377318175e-8,0.5886705534335518,5,19,seed_3,seed,3
254,A,0.2641744434470074,1.169690672952721e-8,0.7358255448560862,5,19,seed_3,seed,3
254,C,0.41132941852491706,2.3367942443883175e-8,0.5886705581071401,5,19,seed_3,seed,3
255,A,0.2641744421468183,1.0830913171600947e-8,0.7358255470222681,5,19,seed_3,seed,3
255,C,0.411329415927399,2.1637883504951214e-8,0.5886705624347165,5,19,seed_3,seed,3
256,A,0.26417444094289005,1.002903466834896e-8,0.7358255490280748,5,19,seed_3,seed,3
256,C,0.41132941352219055,2.0035910447260305e-8,0.5886705664418989,5,19,seed_3,seed,3
257,A,0.26417443982809546,9.286524342141505e-9,0.73582555088538,5,19,seed_3,seed,3
257,C,0.41132941129505235,1.8552540363465024e-8,0.588670570152407,5,19,seed_3,seed,3
258,A,0.2641744387958358,8.598986762109368e-9,0.7358255526051772,5,19,seed_3,seed,3
258,C,0.4113294092328016,1.717899241882064e-8,0.5886705735882051,5,19,seed_3,seed,3
259,A,0.26417443784000033,7.962351923761787e-9,0.7358255541976488,5,19,seed_3,seed,3
259,C,0.4113294073232317,1.590713587250063e-8,0.5886705767696325,5,19,seed_3,seed,3
260,A,0.26417443695493065,7.3728511573133244e-9,0.735825555672218,5,19,seed_3,seed,3
260,C,0.41132940555503705,1.472944194389847e-8,0.5886705797155215,5,19,seed_3,seed,3
261,A,0.2641744361353881,6.826994813774103e-9,0.7358255570376172,5,19,seed_3,seed,3
261,C,0.41132940391775225,1.3638939251847634e-8,0.58867058244331,5,19,seed_3,seed,3
262,A,0.26417443537652113,6.321551608137412e-9,0.7358255583019271,5,19,seed_3,seed,3
262,C,0.41132940240168403,1.2629172545024756e-8,0.5886705849691439,5,19,seed_3,seed,3
263,A,0.2641744346738373,5.85352949058858e-9,0.735825559472633,5,19,seed_3,seed,3
263,C,0.4113294009978598,1.1694164490033633e-8,0.588670587307976,5,19,seed_3,seed,3
264,A,0.2641744340231774,5.420157934001306e-9,0.7358255605566651,5,19,seed_3,seed,3
264,C,0.4113293996979671,1.0828380288523109e-8,0.5886705894736524,5,19,seed_3,seed,3
265,A,0.2641744334206895,5.018871532856972e-9,0.7358255615604399,5,19,seed_3,seed,3
265,C,0.4113293984943131,1.0026694913890306e-8,0.5886705914789908,5,19,seed_3,seed,3
266,A,0.26417443286280706,4.647294816487009e-9,0.7358255624898985,5,19,seed_3,seed,3
266,C,0.41132939737977353,9.284362773627884e-9,0.5886705933358645,5,19,seed_3,seed,3
267,A,0.26417443234622834,4.3032281867283235e-9,0.7358255633505435,5,19,seed_3,seed,3
267,C,0.4113293963477486,8.596989617731817e-9,0.5886705950552619,5,19,seed_3,seed,3
268,A,0.2641744318678947,3.984634896739188e-9,0.735825564147471,5,19,seed_3,seed,3
268,C,0.4113293953921304,7.960506526882285e-9,0.5886705966473634,5,19,seed_3,seed,3
269,A,0.2641744314249745,3.689628993887319e-9,0.7358255648853964,5,19,seed_3,seed,3
269,C,0.41132939450726186,7.371145826420901e-9,0.5886705981215928,5,19,seed_3,seed,3
270,A,0.26417443101484683,3.4164641553298234e-9,0.73582556556869,5,19,seed_3,seed,3
270,C,0.41132939368790433,6.825418783547331e-9,0.588670599486675,5,19,seed_3,seed,3
271,A,0.2641744306350826,3.163523350189745e-9,0.7358255662013943,5,19,seed_3,seed,3
271,C,0.4113293929292106,6.3200949557141986e-9,0.588670600750695,5,19,seed_3,seed,3
272,A,0.2641744302834349,2.9293092671282253e-9,0.7358255667872555,5,19,seed_3,seed,3
272,C,0.4113293922266848,5.8521830679730305e-9,0.5886706019211317,5,19,seed_3,seed,3
273,A,0.2641744299578216,2.7124354506421593e-9,0.7358255673297421,5,19,seed_3,seed,3
273,C,0.41132939157617227,5.418913306075071e-9,0.5886706030049144,5,19,seed_3,seed,3
274,A,0.26417442965631516,2.511618093613837e-9,0.7358255678320665,5,19,seed_3,seed,3
274,C,0.4113293909738207,5.017720920510749e-9,0.588670604008458,5,19,seed_3,seed,3
275,A,0.26417442937713154,2.325668437523793e-9,0.7358255682972004,5,19,seed_3,seed,3
275,C,0.4113293904160639,4.646231044432159e-9,0.5886706049377051,5,19,seed_3,seed,3
276,A,0.26417442911861705,2.1534857353360263e-9,0.7358255687278974,5,19,seed_3,seed,3
276,C,0.41132938989960166,4.302244635588051e-9,0.5886706057981538,5,19,seed_3,seed,3
277,A,0.26417442887924153,1.9940507353957114e-9,0.7358255691267074,5,19,seed_3,seed,3
277,C,0.41132938942137637,3.983725459054804e-9,0.5886706065948996,5,19,seed_3,seed,3
278,A,0.26417442865758906,1.8464196475389026e-9,0.7358255694959924,5,19,seed_3,seed,3
278,C,0.4113293889785553,3.6887880336464733e-9,0.5886706073326555,5,19,seed_3,seed,3
279,A,0.2641744284523462,1.7097185562748065e-9,0.735825569837934,5,19,seed_3,seed,3
279,C,0.41132938856851975,3.415686470810248e-9,0.5886706080157935,5,19,seed_3,seed,3
280,A,0.26417442826229925,1.583138248554875e-9,0.7358255701545631,5,19,seed_3,seed,3
280,C,0.41132938818884157,3.162804140096776e-9,0.5886706086483552,5,19,seed_3,seed,3
281,A,0.26417442808632186,1.4659294218506431e-9,0.7358255704477478,5,19,seed_3,seed,3
281,C,0.4113293878372721,2.9286440990409697e-9,0.5886706092340832,5,19,seed_3,seed,3
282,A,0.2641744279233734,1.3573982491892114e-9,0.7358255707192285,5,19,seed_3,seed,3
282,C,0.41132938751173265,2.7118202321626726e-9,0.5886706097764474,5,19,seed_3,seed,3
283,A,0.2641744277724887,1.256902271930035e-9,0.7358255709706081,5,19,seed_3,seed,3
283,C,0.41132938721029383,2.511049045829341e-9,0.5886706102786574,5,19,seed_3,seed,3
284,A,0.2641744276327751,1.1638465966292132e-9,0.7358255712033777,5,19,seed_3,seed,3
284,C,0.4113293869311729,2.32514207059048e-9,0.5886706107436862,5,19,seed_3,seed,3
285,A,0.2641744275034052,1.0776803734770462e-9,0.7358255714189138,5,19,seed_3,seed,3
285,C,0.4113293866727161,2.152998826009237e-9,0.5886706111742852,5,19,seed_3,seed,3
286,A,0.2641744273836137,9.978935354617468e-10,0.7358255716184933,5,19,seed_3,seed,3
286,C,0.41132938643339373,1.9936003063465357e-9,0.5886706115730048,5,19,seed_3,seed,3
287,A,0.26417442727269075,9.240137789556516e-10,0.735825571803296,5,19,seed_3,seed,3
287,C,0.411329386211791,1.846002948536041e-9,0.5886706119422062,5,19,seed_3,seed,3
288,A,0.2641744271699797,8.556037678495538e-10,0.7358255719744172,5,19,seed_3,seed,3
288,C,0.41132938600659424,1.7093330467434206e-9,0.5886706122840731,5,19,seed_3,seed,3
289,A,0.2641744270748733,7.922585446841868e-10,0.7358255721328677,5,19,seed_3,seed,3
289,C,0.41132938581658923,1.5827815804467404e-9,0.5886706126006288,5,19,seed_3,seed,3
290,A,0.26417442698680804,7.33603133453266e-10,0.7358255722795888,5,19,seed_3,seed,3
290,C,0.4113293856406515,1.465599425422789e-9,0.5886706128937483,5,19,seed_3,seed,3
291,A,0.26417442690526305,6.792903198872316e-10,0.7358255724154464,5,19,seed_3,seed,3
291,C,0.41132938547773906,1.3570929192906346e-9,0.5886706131651676,5,19,seed_3,seed,3
292,A,0.2641744268297548,6.289985960774814e-10,0.7358255725412465,5,19,seed_3,seed,3
292,C,0.41132938532688823,1.256619755362644e-9,0.5886706134164906,5,19,seed_3,seed,3
293,A,0.2641744267598368,5.824302572737621e-10,0.7358255726577324,5,19,seed_3,seed,3
293,C,0.4113293851872062,1.1635851804965265e-9,0.5886706136492089,5,19,seed_3,seed,3
294,A,0.26417442669509583,5.393096395882353e-10,0.7358255727655941,5,19,seed_3,seed,3
294,C,0.4113293850578659,1.0774384744415008e-9,0.5886706138646964,5,19,seed_3,seed,3
295,A,0.2641744266351477,4.993814881738942e-10,0.7358255728654713,5,19,seed_3,seed,3
295,C,0.4113293849381,9.976696898380467e-10,0.58867061406423,5,19,seed_3,seed,3
296,A,0.2641744265796379,4.624094462173876e-10,0.7358255729579523,5,19,seed_3,seed,3
296,C,0.41132938482720194,9.238066335736099e-10,0.5886706142489919,5,19,seed_3,seed,3
297,A,0.2641744265282376,4.2817465580150357e-10,0.7358255730435882,5,19,seed_3,seed,3
297,C,0.41132938472451325,8.554120716253213e-10,0.5886706144200732,5,19,seed_3,seed,3
298,A,0.2641744264806428,3.9647446242531464e-10,0.735825573122883,5,19,seed_3,seed,3
298,C,0.4113293846294285,7.920811408373145e-10,0.5886706145784898,5,19,seed_3,seed,3
299,A,0.2641744264365722,3.6712121533004683e-10,0.7358255731963069,5,19,seed_3,seed,3
299,C,0.41132938454138296,7.334389523283695e-10,0.5886706147251782,5,19,seed_3,seed,3
300,A,0.26417442639576394,3.3994115634734936e-10,0.7358255732642952,5,19,seed_3,seed,3
300,C,0.411329384459855,6.791383723597884e-10,0.5886706148610052,5,19,seed_3,seed,3
301,A,0.2641744263579767,3.147733918420633e-10,0.7358255733272496,5,19,seed_3,seed,3
301,C,0.4113293843843647,6.288579674220198e-10,0.5886706149867766,5,19,seed_3,seed,3
302,A,0.2641744263229879,2.9146894007768437e-10,0.7358255733855434,5,19,seed_3,seed,3
302,C,0.4113293843144629,5.823001015214969e-10,0.588670615103237,5,19,seed_3,seed,3
303,A,0.26417442629058885,2.698898493068946e-10,0.7358255734395215,5,19,seed_3,seed,3
303,C,0.4113293842497351,5.391891743178402e-10,0.5886706152110746,5,19,seed_3,seed,3
304,A,0.2641744262605884,2.4990838115533514e-10,0.7358255734895037,5,19,seed_3,seed,3
304,C,0.41132938418980164,4.992699897015681e-10,0.5886706153109293,5,19,seed_3,seed,3
305,A,0.2641744262328095,2.3140625446454484e-10,0.7358255735357847,5,19,seed_3,seed,3
305,C,0.4113293841343039,4.6230624515508634e-10,0.5886706154033908,5,19,seed_3,seed,3
306,A,0.2641744262070866,2.142739451178872e-10,0.7358255735786394,5,19,seed_3,seed,3
306,C,0.41132938408291464,4.280791329547146e-10,0.5886706154890065,5,19,seed_3,seed,3
307,A,0.26417442618326914,1.9841003770469112e-10,0.7358255736183205,5,19,seed_3,seed,3
307,C,0.41132938403533115,3.9638604493350913e-10,0.5886706155682839,5,19,seed_3,seed,3
308,A,0.2641744261612143,1.8372062518467772e-10,0.7358255736550654,5,19,seed_3,seed,3
308,C,0.41132938399126917,3.6703937313772534e-10,0.5886706156416908,5,19,seed_3,seed,3
309,A,0.264174426140792,1.7011875299890885e-10,0.7358255736890891,5,19,seed_3,seed,3
309,C,0.41132938395047014,3.398653992773563e-10,0.5886706157096638,5,19,seed_3,seed,3
310,A,0.26417442612188197,1.575239043365953e-10,0.7358255737205937,5,19,seed_3,seed,3
310,C,0.4113293839126918,3.1470326639684964e-10,0.5886706157726054,5,19,seed_3,seed,3
311,A,0.26417442610437214,1.4586152351072895e-10,0.7358255737497661,5,19,seed_3,seed,3
311,C,0.41132938387770995,2.9140402667876444e-10,0.5886706158308859,5,19,seed_3,seed,3
312,A,0.26417442608815905,1.350625746211043e-10,0.7358255737767785,5,19,seed_3,seed,3
312,C,0.4113293838453187,2.6982975974383876e-10,0.588670615884852,5,19,seed_3,seed,3
313,A,0.26417442607314573,1.2506313289217752e-10,0.7358255738017923,5,19,seed_3,seed,3
313,C,0.4113293838153254,2.4985275622821886e-10,0.588670615934823,5,19,seed_3,seed,3
314,A,0.264174426059244,1.1580400626664153e-10,0.7358255738249515,5,19,seed_3,seed,3
314,C,0.4113293837875523,2.313547618050132e-10,0.5886706159810936,5,19,seed_3,seed,3
315,A,0.2641744260463716,1.0723038501469403e-10,0.7358255738463976,5,19,seed_3,seed,3
315,C,0.41132938376183575,2.1422627717515522e-10,0.5886706160239392,5,19,seed_3,seed,3
316,A,0.26417442603445224,9.929151728482553e-11,0.7358255738662571,5,19,seed_3,seed,3
316,C,0.4113293837380227,1.983659098838382e-10,0.5886706160636115,5,19,seed_3,seed,3
317,A,0.2641744260234151,9.194040867551319e-11,0.7358255738846441,5,19,seed_3,seed,3
317,C,0.41132938371597255,1.836797741256018e-10,0.5886706161003475,5,19,seed_3,seed,3
318,A,0.2641744260131951,8.51335440504285e-11,0.7358255739016709,5,19,seed_3,seed,3
318,C,0.41132938369555483,1.7008093493875475e-10,0.5886706161343636,5,19,seed_3,seed,3
319,A,0.264174426003732,7.883062994707262e-11,0.7358255739174371,5,19,seed_3,seed,3
319,C,0.4113293836766496,1.574888936187622e-10,0.5886706161658618,5,19,seed_3,seed,3
320,A,0.26417442599496926,7.299435605250427e-11,0.7358255739320365,5,19,seed_3,seed,3
320,C,0.4113293836591439,1.4582911142547212e-10,0.5886706161950278,5,19,seed_3,seed,3
321,A,0.2641744259868556,6.75901743537053e-11,0.7358255739455545,5,19,seed_3,seed,3
321,C,0.4113293836429346,1.3503256801109992e-10,0.5886706162220348,5,19,seed_3,seed,3
322,A,0.2641744259793424,6.258609462377311e-11,0.7358255739580718,5,19,seed_3,seed,3
322,C,0.4113293836279242,1.25035352989448e-10,0.5886706162470412,5,19,seed_3,seed,3
323,A,0.2641744259723856,5.7952495054289734e-11,0.7358255739696621,5,19,seed_3,seed,3
323,C,0.41132938361402505,1.157782876169361e-10,0.5886706162701961,5,19,seed_3,seed,3
324,A,0.2641744259659437,5.3661946907684335e-11,0.7358255739803949,5,19,seed_3,seed,3
324,C,0.41132938360115573,1.0720657448269576e-10,0.5886706162916385,5,19,seed_3,seed,3
325,A,0.26417442595997825,4.9689052151605495e-11,0.7358255739903312,5,19,seed_3,seed,3
325,C,0.4113293835892384,9.926947313406164e-11,0.5886706163114916,5,19,seed_3,seed,3
326,A,0.2641744259544555,4.6010293114168954e-11,0.7358255739995346,5,19,seed_3,seed,3
326,C,0.4113293835782038,9.19199997173211e-11,0.5886706163298754,5,19,seed_3,seed,3
327,A,0.2641744259493412,4.260389327010137e-11,0.7358255740080554,5,19,seed_3,seed,3
327,C,0.41132938356798726,8.511464885573031e-11,0.5886706163468989,5,19,seed_3,seed,3
328,A,0.2641744259446054,3.944968833369688e-11,0.7358255740159451,5,19,seed_3,seed,3
328,C,0.4113293835585252,7.881313611845379e-11,0.5886706163626616,5,19,seed_3,seed,3
329,A,0.2641744259402202,3.652900689550894e-11,0.7358255740232513,5,19,seed_3,seed,3
329,C,0.41132938354976467,7.297815955596501e-11,0.5886706163772569,5,19,seed_3,seed,3
330,A,0.2641744259361598,3.382455989619934e-11,0.7358255740300161,5,19,seed_3,seed,3
330,C,0.4113293835416523,6.757517889030884e-11,0.5886706163907716,5,19,seed_3,seed,3
331,A,0.2641744259323997,3.1320338283277406e-11,0.7358255740362788,5,19,seed_3,seed,3
331,C,0.41132938353414117,6.257221105314311e-11,0.5886706164032867,5,19,seed_3,seed,3
332,A,0.2641744259289183,2.9001518244901316e-11,0.7358255740420797,5,19,seed_3,seed,3
332,C,0.4113293835271859,5.793964086123705e-11,0.5886706164148745,5,19,seed_3,seed,3
333,A,0.26417442592569473,2.6854373459767125e-11,0.7358255740474505,5,19,seed_3,seed,3
333,C,0.41132938352074566,5.3650045708719673e-11,0.588670616425604,5,19,seed_3,seed,3
334,A,0.2641744259227097,2.486619384364341e-11,0.7358255740524247,5,19,seed_3,seed,3
334,C,0.4113293835147828,4.967803323833988e-11,0.5886706164355406,5,19,seed_3,seed,3
335,A,0.26417442591994555,2.3025210311566952e-11,0.7358255740570295,5,19,seed_3,seed,3
335,C,0.4113293835092599,4.600009103082669e-11,0.5886706164447401,5,19,seed_3,seed,3
336,A,0.26417442591738616,2.13205251103246e-11,0.7358255740612931,5,19,seed_3,seed,3
336,C,0.41132938350414616,4.259444742258716e-11,0.5886706164532591,5,19,seed_3,seed,3
337,A,0.26417442591501633,1.9742047308820825e-11,0.7358255740652427,5,19,seed_3,seed,3
337,C,0.4113293834994119,3.9440942627844944e-11,0.5886706164611466,5,19,seed_3,seed,3
338,A,0.26417442591282175,1.8280433065834605e-11,0.7358255740688967,5,19,seed_3,seed,3
338,C,0.4113293834950278,3.652090940361059e-11,0.5886706164684515,5,19,seed_3,seed,3
339,A,0.2641744259107899,1.692703031804572e-11,0.7358255740722837,5,19,seed_3,seed,3
339,C,0.41132938349096837,3.381706254777517e-11,0.5886706164752146,5,19,seed_3,seed,3
340,A,0.2641744259089079,1.567382755731715e-11,0.7358255740754177,5,19,seed_3,seed,3
340,C,0.4113293834872087,3.13133965728523e-11,0.5886706164814772,5,19,seed_3,seed,3
341,A,0.2641744259071663,1.4513406416275325e-11,0.7358255740783214,5,19,seed_3,seed,3
341,C,0.41132938348372833,2.899509097043641e-11,0.5886706164872764,5,19,seed_3,seed,3
342,A,0.26417442590555285,1.343889775103551e-11,0.7358255740810093,5,19,seed_3,seed,3
342,C,0.41132938348050574,2.6848422477113557e-11,0.5886706164926464,5,19,seed_3,seed,3
343,A,0.2641744259040585,1.244394097908265e-11,0.7358255740834972,5,19,seed_3,seed,3
343,C,0.4113293834775209,2.4860683839288943e-11,0.5886706164976178,5,19,seed_3,seed,3
344,A,0.2641744259026754,1.1522646427599562e-11,0.7358255740858008,5,19,seed_3,seed,3
344,C,0.41132938347475784,2.3020108592306858e-11,0.588670616502223,5,19,seed_3,seed,3
345,A,0.2641744259013946,1.0669560469362203e-11,0.7358255740879353,5,19,seed_3,seed,3
345,C,0.41132938347219894,2.131580140859255e-11,0.5886706165064853,5,19,seed_3,seed,3
346,A,0.26417442590020845,9.879633239822868e-12,0.7358255740899113,5,19,seed_3,seed,3
346,C,0.4113293834698289,1.9737673602509953e-11,0.5886706165104326,5,19,seed_3,seed,3
347,A,0.26417442589911055,9.148188744281083e-12,0.7358255740917408,5,19,seed_3,seed,3
347,C,0.4113293834676347,1.8276383410154783e-11,0.5886706165140884,5,19,seed_3,seed,3
348,A,0.26417442589809387,8.47089717819019e-12,0.7358255740934352,5,19,seed_3,seed,3
348,C,0.41132938346560444,1.6923280690568046e-11,0.5886706165174738,5,19,seed_3,seed,3
349,A,0.26417442589715234,7.843749296748975e-12,0.7358255740950046,5,19,seed_3,seed,3
349,C,0.41132938346372305,1.5670355721027388e-11,0.588670616520607,5,19,seed_3,seed,3
350,A,0.26417442589628015,7.26303268205749e-12,0.7358255740964575,5,19,seed_3,seed,3
350,C,0.4113293834619808,1.4510191783309249e-11,0.588670616523509,5,19,seed_3,seed,3
351,A,0.26417442589547313,6.725309767349924e-12,0.7358255740978021,5,19,seed_3,seed,3
351,C,0.41132938346036874,1.3435921260254327e-11,0.5886706165261965,5,19,seed_3,seed,3
352,A,0.26417442589472545,6.227397488217902e-12,0.7358255740990479,5,19,seed_3,seed,3
352,C,0.4113293834588744,1.2441184982749745e-11,0.5886706165286849,5,19,seed_3,seed,3
353,A,0.2641744258940331,5.766348440368755e-12,0.7358255741002009,5,19,seed_3,seed,3
353,C,0.4113293834574919,1.1520094586481178e-11,0.5886706165309893,5,19,seed_3,seed,3
354,A,0.2641744258933922,5.339433432381582e-12,0.7358255741012685,5,19,seed_3,seed,3
354,C,0.41132938345621045,1.0667197655624479e-11,0.5886706165331215,5,19,seed_3,seed,3
355,A,0.2641744258927986,4.944125330181294e-12,0.7358255741022566,5,19,seed_3,seed,3
355,C,0.4113293834550255,9.877445447144952e-12,0.5886706165350971,5,19,seed_3,seed,3
356,A,0.26417442589224904,4.578084097597426e-12,0.7358255741031728,5,19,seed_3,seed,3
356,C,0.41132938345392717,9.146163004646474e-12,0.5886706165369268,5,19,seed_3,seed,3
357,A,0.2641744258917403,4.239142944454886e-12,0.7358255741040205,5,19,seed_3,seed,3
357,C,0.41132938345291026,8.469021484859485e-12,0.58867061653862,5,19,seed_3,seed,3
358,A,0.26417442589126894,3.925295498590084e-12,0.7358255741048061,5,19,seed_3,seed,3
358,C,0.41132938345196923,7.842012532399349e-12,0.5886706165401885,5,19,seed_3,seed,3
359,A,0.2641744258908324,3.6346839300166144e-12,0.7358255741055325,5,19,seed_3,seed,3
359,C,0.4113293834510979,7.261424552526071e-12,0.5886706165416414,5,19,seed_3,seed,3
360,A,0.26417442589042855,3.365587961123588e-12,0.735825574106206,5,19,seed_3,seed,3
360,C,0.4113293834502901,6.723820742912168e-12,0.5886706165429857,5,19,seed_3,seed,3
361,A,0.26417442589005463,3.116414671683149e-12,0.7358255741068294,5,19,seed_3,seed,3
361,C,0.411329383449542,6.226018745412907e-12,0.5886706165442303,5,19,seed_3,seed,3
362,A,0.26417442588970785,2.885689074268306e-12,0.735825574107406,5,19,seed_3,seed,3
362,C,0.41132938344885145,5.765071809625365e-12,0.5886706165453847,5,19,seed_3,seed,3
363,A,0.26417442588938733,2.6720453830264197e-12,0.7358255741079409,5,19,seed_3,seed,3
363,C,0.41132938344820985,5.338251349531867e-12,0.5886706165464521,5,19,seed_3,seed,3
364,A,0.2641744258890902,2.4742189288751745e-12,0.7358255741084354,5,19,seed_3,seed,3
364,C,0.4113293834476162,4.943030791572809e-12,0.5886706165474404,5,19,seed_3,seed,3
365,A,0.26417442588881523,2.2910386732622756e-12,0.735825574108894,5,19,seed_3,seed,3
365,C,0.411329383447068,4.577070618536578e-12,0.5886706165483558,5,19,seed_3,seed,3
0,A,0.999,0.0010000000000000002,0,6,19,seed_3,seed,3
0,C,0.9990000000000001,0.001,0,6,19,seed_3,seed,3
1,A,0.9983996370329932,0.0013649565493878421,2.3540641761871895e-4,6,19,seed_3,seed,3
1,C,0.9986001657219749,0.0011819987950104488,2.1783548301424564e-4,6,19,seed_3,seed,3
2,A,0.9976660636546094,0.0017842974957546617,5.496388496364525e-4,6,19,seed_3,seed,3
2,C,0.9981414016431811,0.0013844188130599264,4.741795437616795e-4,6,19,seed_3,seed,3
3,A,0.9968044690669161,0.00224370727172705,9.518236613570958e-4,6,19,seed_3,seed,3
3,C,0.9976216853449981,0.001605446622783182,7.728680322189789e-4,6,19,seed_3,seed,3
4,A,0.9958035768854335,0.002746282318805446,0.0014501407957609412,6,19,seed_3,seed,3
4,C,0.9970355235350105,0.001846698273690943,0.0011177781912973758,6,19,seed_3,seed,3
5,A,0.9946403817535306,0.00330513737318876,0.0020544808732802797,6,19,seed_3,seed,3
5,C,0.9963747384211322,0.002111945874815207,0.0015133157040523961,6,19,seed_3,seed,3
6,A,0.9932856200679663,0.003936717819015676,0.00277766211301788,6,19,seed_3,seed,3
6,C,0.9956293327295407,0.0024059495328970604,0.0019647177375619823,6,19,seed_3,seed,3
7,A,0.9917058810055697,0.004658201788048333,0.0036359172063818693,6,19,seed_3,seed,3
7,C,0.994787780564626,0.002733972129494889,0.0024782473058795173,6,19,seed_3,seed,3
8,A,0.9898641091263595,0.005486834851468902,0.0046490560221709885,6,19,seed_3,seed,3
8,C,0.9938370795064984,0.0031016164729456867,0.003061304020557093,6,19,seed_3,seed,3
9,A,0.987719827946607,0.006439952101870841,0.005840219951522596,6,19,seed_3,seed,3
9,C,0.9927628555326703,0.003514755404400188,0.0037223890629287906,6,19,seed_3,seed,3
10,A,0.9852293409319537,0.007535212732187697,0.007235446335859021,6,19,seed_3,seed,3
10,C,0.9915494990765608,0.0039795147829536056,0.004470986140486412,6,19,seed_3,seed,3
11,A,0.9823426321692068,0.008791946310052298,0.008865421520740699,6,19,seed_3,seed,3
11,C,0.9901790689719305,0.004502713049774364,0.005318217978294212,6,19,seed_3,seed,3
12,A,0.9790053407419166,0.010230380452072769,0.010764278806011253,6,19,seed_3,seed,3
12,C,0.9886319677962752,0.005091603138082627,0.006276429065642365,6,19,seed_3,seed,3
13,A,0.9751562741159467,0.011872555815223302,0.012971170068831014,6,19,seed_3,seed,3
13,C,0.9868859727896984,0.005754246060254774,0.007359781150048048,6,19,seed_3,seed,3
14,A,0.9707301725730121,0.013741062786381037,0.015528764640606488,6,19,seed_3,seed,3
14,C,0.9849170860044959,0.006499163731878061,0.008583750263625706,6,19,seed_3,seed,3
15,A,0.9656552305876608,0.01585950503190097,0.01848526438043826,6,19,seed_3,seed,3
15,C,0.9826983345882644,0.007335714832763058,0.009965950578971173,6,19,seed_3,seed,3
16,A,0.9598556642019173,0.018251595979414652,0.021892739818668225,6,19,seed_3,seed,3
16,C,0.9802005949086265,0.008273814111837152,0.01152559097953692,6,19,seed_3,seed,3
17,A,0.9532513633855157,0.020940617694312626,0.025808018920171722,6,19,seed_3,seed,3
17,C,0.9773920241971681,0.00932402877973775,0.013283947023093936,6,19,seed_3,seed,3
18,A,0.9457589559318337,0.02394846506505901,0.03029257900310622,6,19,seed_3,seed,3
18,C,0.9742379685057171,0.010497517842533234,0.015264513651748756,6,19,seed_3,seed,3
19,A,0.9372934991917179,0.027294407990101435,0.035412092818180425,6,19,seed_3,seed,3
19,C,0.9707010027685881,0.01180590697232918,0.017493090259081513,6,19,seed_3,seed,3
20,A,0.9277706804220833,0.030993608017821892,0.04123571156009413,6,19,seed_3,seed,3
20,C,0.9667410554600725,0.013261106073380102,0.01999783846654606,6,19,seed_3,seed,3
21,A,0.9171096331293254,0.03505532006992611,0.04783504680074847,6,19,seed_3,seed,3
21,C,0.9623156180191402,0.014875073313079839,0.022809308667779388,6,19,seed_3,seed,3
22,A,0.9052362325076251,0.039480968721897776,0.05528279877047727,6,19,seed_3,seed,3
22,C,0.9573800923697692,0.01665949127811266,0.02596041635211913,6,19,seed_3,seed,3
23,A,0.8920858906877103,0.04426307521429104,0.06365103409799991,6,19,seed_3,seed,3
23,C,0.9518884417994417,0.018625433331403148,0.029486124869154376,6,19,seed_3,seed,3
24,A,0.877610021391306,0.0493807394885996,0.0730092391200937,6,19,seed_3,seed,3
24,C,0.9457933521670774,0.020782739390496883,0.03342390844242431,6,19,seed_3,seed,3
25,A,0.8617789235320498,0.05479962019750668,0.08342145627044326,6,19,seed_3,seed,3
25,C,0.9390475711437926,0.023139519699739534,0.0378129091564687,6,19,seed_3,seed,3
26,A,0.8445862095422375,0.06047032127541262,0.09494346918234992,6,19,seed_3,seed,3
26,C,0.9316049395741706,0.025701479564545403,0.042693580861283345,6,19,seed_3,seed,3
27,A,0.8260517004505895,0.06632806722767054,0.1076202323217405,6,19,seed_3,seed,3
27,C,0.9234215298918201,0.02847127843625711,0.04810719167192257,6,19,seed_3,seed,3
28,A,0.8062295219512534,0.0722896730919324,0.12148080495681335,6,19,seed_3,seed,3
28,C,0.9144574428458672,0.03144719567669521,0.05409536147743733,6,19,seed_3,seed,3
29,A,0.7852072988443117,0.07825673761461889,0.13653596354106928,6,19,seed_3,seed,3
29,C,0.9046786126497545,0.03462254706916487,0.06069884028108107,6,19,seed_3,seed,3
30,A,0.763104957156393,0.08411913672901644,0.15277590611459083,6,19,seed_3,seed,3
30,C,0.8940586397547253,0.03798498505714086,0.06795637518813388,6,19,seed_3,seed,3
31,A,0.7400734965908826,0.08975822360970295,0.1701682797994136,6,19,seed_3,seed,3
31,C,0.8825805328141805,0.04151578870553881,0.07590367848028119,6,19,seed_3,seed,3
32,A,0.7162919569829619,0.09505162951955529,0.18865641349748286,6,19,seed_3,seed,3
32,C,0.870238825533926,0.045189139064362276,0.08457203540171296,6,19,seed_3,seed,3
33,A,0.6919618078022585,0.09987943459909093,0.2081587575986506,6,19,seed_3,seed,3
33,C,0.8570416144239309,0.04897167475551224,0.09398671082055803,6,19,seed_3,seed,3
34,A,0.667298746015215,0.10413069041016583,0.22857056357461902,6,19,seed_3,seed,3
34,C,0.8430120001283861,0.05282254221601812,0.1041654576555957,6,19,seed_3,seed,3
35,A,0.6425245401265659,0.10770887836106106,0.24976658151237335,6,19,seed_3,seed,3
35,C,0.8281888537608186,0.05669393485063338,0.11511721138854777,6,19,seed_3,seed,3
36,A,0.6178591865411046,0.11053655721323324,0.27160425624566276,6,19,seed_3,seed,3
36,C,0.812627153764359,0.06053200888874069,0.12684083734690066,6,19,seed_3,seed,3
37,A,0.5935128336771475,0.11255943763076164,0.29392772869209155,6,19,seed_3,seed,3
37,C,0.796397987121657,0.0642780917820837,0.13932392109626085,6,19,seed_3,seed,3
38,A,0.5696785597607695,0.11374876838551094,0.3165726718537192,6,19,seed_3,seed,3
38,C,0.7795876570873567,0.06787041822016245,0.15254192469248234,6,19,seed_3,seed,3
39,A,0.5465266366920929,0.114101767960368,0.3393715953475379,6,19,seed_3,seed,3
39,C,0.7622959053992532,0.0712462937874471,0.16645780081329994,6,19,seed_3,seed,3
40,A,0.5242007678197739,0.11364021652620136,0.362159015654025,6,19,seed_3,seed,3
40,C,0.7446334094677808,0.07434451081725944,0.18102207971496015,6,19,seed_3,seed,3
41,A,0.5028162730479797,0.11240764232682396,0.3847760846251969,6,19,seed_3,seed,3
41,C,0.7267187555880199,0.07710782489599895,0.19617341951598166,6,19,seed_3,seed,3
42,A,0.48245991858478937,0.11046556401173908,0.40707451740347106,6,19,seed_3,seed,3
42,C,0.7086750460905116,0.07948532806318459,0.21183962584630456,6,19,seed_3,seed,3
43,A,0.46319107324124215,0.10788917845961939,0.4289197482991379,6,19,seed_3,seed,3
43,C,0.6906263100234614,0.08143456140526494,0.22793912857127452,6,19,seed_3,seed,3
44,A,0.4450439203760968,0.10476284392360455,0.450193235700298,6,19,seed_3,seed,3
44,C,0.6726939365178131,0.0829232103707002,0.24438285311148605,6,19,seed_3,seed,3
45,A,0.42803042838030814,0.10117570315367717,0.4707938684660144,6,19,seed_3,seed,3
45,C,0.654993366391469,0.08393025355814038,0.26107638005039013,6,19,seed_3,seed,3
46,A,0.4121437296585489,0.09721775393956317,0.49063851640188866,6,19,seed_3,seed,3
46,C,0.6376312385928543,0.08444649275928312,0.27792226864786174,6,19,seed_3,seed,3
47,A,0.3973615781780152,0.09297657169385104,0.5096618501281336,6,19,seed_3,seed,3
47,C,0.6207031223120534,0.08447445754630209,0.2948224201416443,6,19,seed_3,seed,3
48,A,0.3836496551996889,0.08853475922482107,0.5278155855754894,6,19,seed_3,seed,3
48,C,0.6042919026716188,0.08402773366631511,0.31168036366206514,6,19,seed_3,seed,3
49,A,0.37096459712119073,0.08396810460644202,0.5450672982723669,6,19,seed_3,seed,3
49,C,0.5884668345051217,0.08312980639960062,0.3284033590952776,6,19,seed_3,seed,3
50,A,0.3592566771342441,0.07934438729173199,0.5613989355740248,6,19,seed_3,seed,3
50,C,0.5732832307997162,0.08181253899416566,0.34490423020611805,6,19,seed_3,seed,3
51,A,0.34847209861408956,0.07472275669168846,0.5768051446942224,6,19,seed_3,seed,3
51,C,0.5587827111699913,0.08011442141540061,0.36110286741460895,6,19,seed_3,seed,3
52,A,0.33855488663486644,0.07015358964505801,0.5912915237200757,6,19,seed_3,seed,3
52,C,0.5449939076010056,0.07807872422828624,0.3769273681707075,6,19,seed_3,seed,3
53,A,0.32944839860966146,0.06567871752642071,0.6048728838639191,6,19,seed_3,seed,3
53,C,0.5319335128352211,0.07575167813236709,0.3923148090324121,6,19,seed_3,seed,3
54,A,0.32109650193346256,0.06133191169061192,0.617571586375924,6,19,seed_3,seed,3
54,C,0.5196075609823788,0.07318077423017581,0.4072116647874466,6,19,seed_3,seed,3
55,A,0.31344445767956425,0.05713954647959881,0.6294159958408365,6,19,seed_3,seed,3
55,C,0.5080128331774086,0.07041326031990028,0.421573906502691,6,19,seed_3,seed,3
56,A,0.30643954583208605,0.05312137685518428,0.6404390773127291,6,19,seed_3,seed,3
56,C,0.497138291901435,0.06749488518305677,0.4353668229155076,6,19,seed_3,seed,3
57,A,0.3000315162087751,0.04929133266978797,0.6506771511214374,6,19,seed_3,seed,3
57,C,0.4869664957007993,0.0644688890405214,0.4485646152586797,6,19,seed_3,seed,3
58,A,0.2941728649420468,0.045658325932797394,0.6601688091251562,6,19,seed_3,seed,3
58,C,0.4774749307100326,0.06137525261680988,0.4611498166731584,6,19,seed_3,seed,3
59,A,0.28881898296175373,0.04222702766529864,0.6689539893729476,6,19,seed_3,seed,3
59,C,0.46863722481815034,0.05825018928000212,0.47311258590184724,6,19,seed_3,seed,3
60,A,0.2839282069158726,0.038998591961514305,0.6770732011226132,6,19,seed_3,seed,3
60,C,0.4604242241153524,0.05512585447305313,0.4844499214115952,6,19,seed_3,seed,3
61,A,0.2794617986963599,0.03597131298673261,0.6845668883169077,6,19,seed_3,seed,3
61,C,0.45280492478645334,0.05203023883298337,0.4951648363805647,6,19,seed_3,seed,3
62,A,0.27538387327916686,0.03314120938795785,0.6914749173328754,6,19,seed_3,seed,3
62,C,0.44574726234165674,0.04898720976855669,0.5052655278897867,6,19,seed_3,seed,3
63,A,0.2716612902602158,0.03050253556044601,0.6978361741793384,6,19,seed_3,seed,3
63,C,0.4392187656177273,0.04601666790500617,0.514764566477266,6,19,seed_3,seed,3
64,A,0.26826352124098257,0.028048222042858468,0.7036882567161591,6,19,seed_3,seed,3
64,C,0.43318708654888466,0.04313478768787601,0.5236781257632386,6,19,seed_3,seed,3
65,A,0.2651625023916945,0.02577024936250667,0.7090672482457995,6,19,seed_3,seed,3
65,C,0.42762041887520474,0.04035431491242144,0.5320252662123727,6,19,seed_3,seed,3
66,A,0.2623324793367666,0.02365996091453768,0.7140075597486949,6,19,seed_3,seed,3
66,C,0.42248781998934504,0.03768489789552266,0.5398272821151308,6,19,seed_3,seed,3
67,A,0.25974984993772376,0.021708320938837965,0.7185418291234387,6,19,seed_3,seed,3
67,C,0.41775945016713123,0.03513343325332421,0.5471071165795449,6,19,seed_3,seed,3
68,A,0.25739300912515284,0.019906123837794096,0.7227008670370527,6,19,seed_3,seed,3
68,C,0.413406742639597,0.03270441148384027,0.553888845876562,6,19,seed_3,seed,3
69,A,0.25524219847753865,0.018244161225469766,0.7265136402969913,6,19,seed_3,seed,3
69,C,0.40940251663911675,0.030400251443480845,0.5601972319174036,6,19,seed_3,seed,3
70,A,0.25327936209498303,0.016713352969936607,0.73000728493508,6,19,seed_3,seed,3
70,C,0.405721044078365,0.02822161608851611,0.5660573398331161,6,19,seed_3,seed,3
71,A,0.25148800975965496,0.015304847861500532,0.733207142378845,6,19,seed_3,seed,3
71,C,0.40233807915388553,0.02616770445620809,0.571494216389906,6,19,seed_3,seed,3
72,A,0.24985308819147423,0.01401009868146425,0.7361368131270618,6,19,seed_3,seed,3
72,C,0.39923085891264043,0.024236516914354272,0.5765326241730049,6,19,seed_3,seed,3
73,A,0.24836086092212603,0.01282091583904301,0.738818223238831,6,19,seed_3,seed,3
73,C,0.3963780815843263,0.02242509238040691,0.5811968260352675,6,19,seed_3,seed,3
74,A,0.24699879674310882,0.011729503513164248,0.7412716997437263,6,19,seed_3,seed,3
74,C,0.3937598680268672,0.020729717772713024,0.5855104142004194,6,19,seed_3,seed,3
75,A,0.2457554665003087,0.010728481689725495,0.7435160518099648,6,19,seed_3,seed,3
75,C,0.3913577113839303,0.019146110117450946,0.5894961784986178,6,19,seed_3,seed,3
76,A,0.24462044795651428,0.009810896901363012,0.7455686551421221,6,19,seed_3,seed,3
76,C,0.3891544191259043,0.01766957248009778,0.593176008393998,6,19,seed_3,seed,3
77,A,0.2435842377851266,0.008970224566663076,0.7474455376482104,6,19,seed_3,seed,3
77,C,0.3871340477536675,0.01629512826589751,0.5965708239804356,6,19,seed_3,seed,3
78,A,0.24263817108444322,0.008200364090774338,0.7491614648247821,6,19,seed_3,seed,3
78,C,0.3852818351643503,0.015017633284816185,0.5997005315508349,6,19,seed_3,seed,3
79,A,0.24177434774265974,0.007495628635451503,0.7507300236218895,6,19,seed_3,seed,3
79,C,0.3835841319257006,0.013831868411080207,0.6025839996632202,6,19,seed_3,seed,3
80,A,0.2409855650256952,0.006850731118424839,0.75216370385588,6,19,seed_3,seed,3
80,C,0.3820283326943792,0.012732615292844116,0.6052390520127758,6,19,seed_3,seed,3
81,A,0.24026525586303826,0.006260767607518369,0.7534739765294431,6,19,seed_3,seed,3
81,C,0.3806028086020721,0.01171471747843582,0.6076824739194925,6,19,seed_3,seed,3
82,A,0.23960743248508312,0.0057211988803831685,0.7546713686345344,6,19,seed_3,seed,3
82,C,0.37929684142524267,0.010773128849868684,0.6099300297248894,6,19,seed_3,seed,3
83,A,0.239006635054392,0.005227830795901837,0.7557655341497068,6,19,seed_3,seed,3
83,C,0.37810056021784627,0.009902951020887242,0.6119964887612664,6,19,seed_3,seed,3
84,A,0.23845788484314123,0.004776794105890353,0.7567653210509687,6,19,seed_3,seed,3
84,C,0.37700488081436667,0.009099461333018182,0.6138956578526163,6,19,seed_3,seed,3
85,A,0.2379566415210921,0.0043645242131721326,0.7576788342657361,6,19,seed_3,seed,3
85,C,0.37600144838974486,0.008358133006919205,0.6156404186033364,6,19,seed_3,seed,3
86,A,0.23749876421367638,0.00398774119188968,0.7585134945944334,6,19,seed_3,seed,3
86,C,0.3750825831673758,0.007674648798207954,0.6172427680344168,6,19,seed_3,seed,3
87,A,0.23708047604201768,0.003643430275530588,0.7592760936824509,6,19,seed_3,seed,3
87,C,0.3742412293287173,0.007044909278621712,0.6187138613926606,6,19,seed_3,seed,3
88,A,0.23669833184312464,0.0033288229997691086,0.7599728451571064,6,19,seed_3,seed,3
88,C,0.37347090712836484,0.006465036705265491,0.6200640561663695,6,19,seed_3,seed,3
89,A,0.23634918876587355,0.00304137916181695,0.7606094320723098,6,19,seed_3,seed,3
89,C,0.372765668156102,0.005931375333132435,0.6213029565107651,6,19,seed_3,seed,3
90,A,0.23603017948058788,0.00277876968793186,0.7611910508314804,6,19,seed_3,seed,3
90,C,0.3721200536420716,0.005440488916285556,0.6224394574416422,6,19,seed_3,seed,3
91,A,0.23573868778377097,0.0025388604396079204,0.7617224517766203,6,19,seed_3,seed,3
91,C,0.37152905568053357,0.004989156021921911,0.6234817882975447,6,19,seed_3,seed,3
92,A,0.23547232639187274,0.0023196969725029232,0.7622079766356255,6,19,seed_3,seed,3
92,C,0.3709880812384845,0.004574363672279337,0.6244375550892353,6,19,seed_3,seed,3
93,A,0.23522891672007185,0.0021194902610128276,0.7626515930189165,6,19,seed_3,seed,3
93,C,0.3704929188071269,0.0041932997442865865,0.6253137814485858,6,19,seed_3,seed,3
94,A,0.23500647046224182,0.001936603381575947,0.7630569261561826,6,19,seed_3,seed,3
94,C,0.3700397075487311,0.0038433444866028833,0.6261169479646661,6,19,seed_3,seed,3
95,A,0.2348031728103649,0.0017695391271395154,0.7634272880624962,6,19,seed_3,seed,3
95,C,0.3696249087851503,0.0035220614548951996,0.6268530297599544,6,19,seed_3,seed,3
96,A,0.23461736716767365,0.001616928514792218,0.7637657043175339,6,19,seed_3,seed,3
96,C,0.36924527967513565,0.003227188109562652,0.6275275322153024,6,19,seed_3,seed,3
97,A,0.23444754123545541,0.001477520132790461,0.7640749386317539,6,19,seed_3,seed,3
97,C,0.3688978489481543,0.002956626255963099,0.6281455247958821,6,19,seed_3,seed,3
98,A,0.23429231433211917,0.0013501703034979038,0.7643575153643831,6,19,seed_3,seed,3
98,C,0.3685798945437458,0.002708432492005436,0.6287116729642496,6,19,seed_3,seed,3
99,A,0.23415042583641543,0.0012338340129442913,0.7646157401506404,6,19,seed_3,seed,3
99,C,0.3682889230235713,0.0024808087826896576,0.6292302681937372,6,19,seed_3,seed,3
100,A,0.23402072465651544,0.001127556556337744,0.7648517187871464,6,19,seed_3,seed,3
100,C,0.36802265062819967,0.0022720932546422047,0.6297052561171593,6,19,seed_3,seed,3
101,A,0.23390215963442554,0.0010304658511845117,0.7650673745143899,6,19,seed_3,seed,3
101,C,0.36777898585808977,0.0020807512796867512,0.630140262862223,6,19,seed_3,seed,3
102,A,0.23379377080036345,9.417653744746213e-4,0.7652644638251628,6,19,seed_3,seed,3
102,C,0.36755601346455824,0.001905366898365649,0.6305386196370758,6,19,seed_3,seed,3
103,A,0.2336946813998034,8.607276811509732e-4,0.7654445909190458,6,19,seed_3,seed,3
103,C,0.3673519797430372,0.0017446346193004405,0.6309033856376621,6,19,seed_3,seed,3
104,A,0.2336040906245153,7.866884605813411e-4,0.7656092209149041,6,19,seed_3,seed,3
104,C,0.36716527902809143,0.0015973516174019565,0.6312373693545049,6,19,seed_3,seed,3
105,A,0.2335212669852841,7.190410896631284e-4,0.7657596919250521,6,19,seed_3,seed,3
105,C,0.3669944412965325,0.0014624103434062743,0.6315431483600611,6,19,seed_3,seed,3
106,A,0.23344554226877123,6.572316445562499e-4,0.7658972260866714,6,19,seed_3,seed,3
106,C,0.36683812079145084,0.0013387915490358732,0.6318230876595146,6,19,seed_3,seed,3
107,A,0.23337630602603848,6.007543355212204e-4,0.7660229396384403,6,19,seed_3,seed,3
107,C,0.36669508558614133,0.001225557725781515,0.6320793566880775,6,19,seed_3,seed,3
108,A,0.23331300054548745,5.49147330982903e-4,0.7661378521235293,6,19,seed_3,seed,3
108,C,0.3665642080127546,0.001121846950384084,0.632313945036861,6,19,seed_3,seed,3
109,A,0.23325511626736617,5.019889389915684e-4,0.7662428947936427,6,19,seed_3,seed,3
109,C,0.36644445588606955,0.0010268671263168323,0.6325286769876135,6,19,seed_3,seed,3
110,A,0.2332021876005524,4.588941167932975e-4,0.7663389182826537,6,19,seed_3,seed,3
110,C,0.3663348844579914,9.398906077623573e-4,0.6327252249342455,6,19,seed_3,seed,3
111,A,0.23315378910577467,4.195112814920467e-4,0.7664266996127332,6,19,seed_3,seed,3
111,C,0.36623462904332355,8.602491905668833e-4,0.632905121766109,6,19,seed_3,seed,3
112,A,0.2331095320128142,3.835193966161956e-4,0.7665069485905708,6,19,seed_3,seed,3
112,C,0.3661428982619357,7.873294532925157e-4,0.6330697722847717,6,19,seed_3,seed,3
113,A,0.2330690610422508,3.5062531121157997e-4,0.7665803136465371,6,19,seed_3,seed,3
113,C,0.36605896784679187,7.205684306739026e-4,0.6332204637225337,6,19,seed_3,seed,3
114,A,0.2330320515049293,3.205613299541589e-4,0.7666473871651159,6,19,seed_3,seed,3
114,C,0.36598217497138213,6.594496012553682e-4,0.6333583754273623,6,19,seed_3,seed,3
115,A,0.2329982066544098,2.9308299477385184e-4,0.7667087103508166,6,19,seed_3,seed,3
115,C,0.36591191305327514,6.034991714482736e-4,0.6334845877752766,6,19,seed_3,seed,3
116,A,0.23296725526995843,2.679670599879391e-4,0.7667647776700539,6,19,seed_3,seed,3
116,C,0.36584762699396295,5.522826383257667e-4,0.6336000903677123,6,19,seed_3,seed,3
117,A,0.23293894945047333,2.4500964358459005e-4,0.7668160409059421,6,19,seed_3,seed,3
117,C,0.36578880882051157,5.054016118105862e-4,0.6337057895676775,6,19,seed_3,seed,3
118,A,0.23291306260022432,2.2402454003198026e-4,0.7668629128597437,6,19,seed_3,seed,3
118,C,0.3657349936939492,4.6249088097632127e-4,0.6338025154250735,6,19,seed_3,seed,3
119,A,0.23288938758966693,2.0484168049837907e-4,0.7669057707298343,6,19,seed_3,seed,3
119,C,0.36568575625412747,4.232157076559137e-4,0.6338910280382165,6,19,seed_3,seed,3
120,A,0.23286773507597874,1.8730572764714766e-4,0.7669449591963743,6,19,seed_3,seed,3
120,C,0.36564070727299697,3.872693315181436e-4,0.6339720233954859,6,19,seed_3,seed,3
121,A,0.23284793196938,1.71274793217114e-4,0.766980793237402,6,19,seed_3,seed,3
121,C,0.365599490590613,3.543706715022363e-4,0.634046138737884,6,19,seed_3,seed,3
122,A,0.23282982003249203,1.5661926766832952e-4,0.76701356069984,6,19,seed_3,seed,3
122,C,0.36556178031016145,3.242622094852403e-4,0.634113957480354,6,19,seed_3,seed,3
123,A,0.2328132546010733,1.4322075213210218e-4,0.7670435246467943,6,19,seed_3,seed,3
123,C,0.36552727823017517,2.967080429098574e-4,0.6341760137269157,6,19,seed_3,seed,3
124,A,0.2327981034155272,1.3097108373030328e-4,0.7670709255007422,6,19,seed_3,seed,3
124,C,0.365495711494004,2.714920938177205e-4,0.6342327964121781,6,19,seed_3,seed,3
125,A,0.23278424555351154,1.1977144607589867e-4,0.7670959830004123,6,19,seed_3,seed,3
125,C,0.365466830438252,2.484164624526444e-4,0.6342847530992952,6,19,seed_3,seed,3
126,A,0.23277157045485586,1.0953155747648886e-4,0.7671188979876674,6,19,seed_3,seed,3
126,C,0.3654404066234478,2.2729991437125493e-4,0.6343322934621817,6,19,seed_3,seed,3
127,A,0.2327599770307459,1.0016893002869682e-4,0.767139854039226,6,19,seed_3,seed,3
127,C,0.3654162310315938,2.0797649076941137e-4,0.6343757924776356,6,19,seed_3,seed,3
128,A,0.23274937284984462,9.160819339344101e-5,0.7671590189567626,6,19,seed_3,seed,3
128,C,0.36539411241649733,1.9029423244734211e-4,0.6344155933510551,6,19,seed_3,seed,3
129,A,0.23273967339465607,8.378047758163121e-5,0.7671765461277631,6,19,seed_3,seed,3
129,C,0.3653738757939649,1.7411400849500733e-4,0.6344520101975393,6,19,seed_3,seed,3
130,A,0.2327308013820336,7.662284957241243e-5,0.7671925757683942,6,19,seed_3,seed,3
130,C,0.3653553610600724,1.5930844140705458e-4,0.6344853304985204,6,19,seed_3,seed,3
131,A,0.23272268614226932,7.007779904119965e-5,0.7672072360586899,6,19,seed_3,seed,3
131,C,0.3653384217266469,1.4576092094271707e-4,0.6345158173524095,6,19,seed_3,seed,3
132,A,0.23271526305168147,6.409276889217163e-5,0.7672206441794264,6,19,seed_3,seed,3
132,C,0.3653229237640827,1.3336469962087327e-4,0.6345437115362966,6,19,seed_3,seed,3
133,A,0.2327084730140693,5.8619726669226286e-5,0.767232907259261,6,19,seed_3,seed,3
133,C,0.36530874454236895,1.2202206327586051e-4,0.6345692333943553,6,19,seed_3,seed,3
134,A,0.23270226198680147,5.361477326258461e-5,0.7672441232399346,6,19,seed_3,seed,3
134,C,0.3652957718620501,1.1164357059220432e-4,0.6345925845673586,6,19,seed_3,seed,3
135,A,0.23269658054767678,4.90377856488382e-5,0.7672543816666744,6,19,seed_3,seed,3
135,C,0.36528390306745584,1.0214735601904443e-4,0.6346139495765254,6,19,seed_3,seed,3
136,A,0.2326913834990236,4.4852090688910215e-5,0.7672637644102881,6,19,seed_3,seed,3
136,C,0.3652730442352443,9.345849089760624e-5,0.6346334972738592,6,19,seed_3,seed,3
137,A,0.23268662950584196,4.10241672483516e-5,0.7672723463269093,6,19,seed_3,seed,3
137,C,0.36526310943190754,8.550839797451132e-5,0.6346513821701185,6,19,seed_3,seed,3
138,A,0.23268228076503233,3.752337418197604e-5,0.767280195860785,6,19,seed_3,seed,3
138,C,0.36525402003435425,7.823431496698284e-5,0.6346677456506787,6,19,seed_3,seed,3
139,A,0.23267830270302953,3.43217019193805e-5,0.7672873755950512,6,19,seed_3,seed,3
139,C,0.3652457041082182,7.157880312253008e-5,0.6346827170886585,6,19,seed_3,seed,3
140,A,0.23267466369939488,3.1393545589582385e-5,0.7672939427550157,6,19,seed_3,seed,3
140,C,0.36523809583900335,6.548929704734092e-5,0.6346964148639496,6,19,seed_3,seed,3
141,A,0.23267133483412808,2.871549780366895e-5,0.767299949668069,6,19,seed_3,seed,3
141,C,0.36523113501157334,5.991769237624543e-5,0.6347089472960511,6,19,seed_3,seed,3
142,A,0.23266828965665795,2.6266159381470545e-5,0.7673054441839614,6,19,seed_3,seed,3
142,C,0.3652247665339005,5.481996814059568e-5,0.6347204134979583,6,19,seed_3,seed,3
143,A,0.2326655039746432,2.4025966459495865e-5,0.7673104700588975,6,19,seed_3,seed,3
143,C,0.3652189400012981,5.015584094762584e-5,0.6347309041577543,6,19,seed_3,seed,3
144,A,0.2326629556608787,2.1977032553953216e-5,0.7673150673065675,6,19,seed_3,seed,3
144,C,0.36521360929769386,4.588844831779355e-5,0.6347405022539881,6,19,seed_3,seed,3
145,A,0.23266062447674765,2.010300427716468e-5,0.7673192725189754,6,19,seed_3,seed,3
145,C,0.3652087322308168,4.19840587418182e-5,0.6347492837104406,6,19,seed_3,seed,3
146,A,0.23265849191080318,1.83889295197725e-5,0.7673231191596772,6,19,seed_3,seed,3
146,C,0.365204270198401,3.8411806219792494e-5,0.6347573179953789,6,19,seed_3,seed,3
147,A,0.23265654103117078,1.6821137015452932e-5,0.7673266378318139,6,19,seed_3,seed,3
147,C,0.3652001878827704,3.51434472303016e-5,0.6347646686699991,6,19,seed_3,seed,3
148,A,0.23265475635059174,1.538712629980381e-5,0.7673298565231083,6,19,seed_3,seed,3
148,C,0.3651964529714086,3.215313824737965e-5,0.6347713938903435,6,19,seed_3,seed,3
149,A,0.23265312370301822,1.4075467161428392e-5,0.7673328008298204,6,19,seed_3,seed,3
149,C,0.3651930359012871,2.9417232078623022e-5,0.6347775468666339,6,19,seed_3,seed,3
150,A,0.23265163013076734,1.2875707761957158e-5,0.76733549416147,6,19,seed_3,seed,3
150,C,0.36518990962493764,2.6914091440825374e-5,0.634783176283622,6,19,seed_3,seed,3
151,A,0.23265026378133535,1.1778290673623568e-5,0.7673379579279929,6,19,seed_3,seed,3
151,C,0.36518704939642727,2.4623918321375483e-5,0.6347883266852514,6,19,seed_3,seed,3
152,A,0.23264901381302783,1.0774476148618122e-5,0.767340211710824,6,19,seed_3,seed,3
152,C,0.3651844325755372,2.2528597794918786e-5,0.6347930388266676,6,19,seed_3,seed,3
153,A,0.23264787030867407,9.85627199426542e-6,0.7673422734193305,6,19,seed_3,seed,3
153,C,0.36518203844859703,2.0611555075979405e-5,0.6347973499963264,6,19,seed_3,seed,3
154,A,0.23264682419670696,9.016369482549104e-6,0.7673441594338101,6,19,seed_3,seed,3
154,C,0.365179848064564,1.8857624690032598e-5,0.6348012943107461,6,19,seed_3,seed,3
155,A,0.2326458671789943,8.24808477240171e-6,0.7673458847362324,6,19,seed_3,seed,3
155,C,0.3651778440850422,1.7252930739593815e-5,0.6348049029842167,6,19,seed_3,seed,3
156,A,0.2326449916648382,7.545305368526787e-6,0.7673474630297933,6,19,seed_3,seed,3
156,C,0.36517601064706884,1.578477732770919e-5,0.6348082045756039,6,19,seed_3,seed,3
157,A,0.2326441907106123,6.902441181302826e-6,0.7673489068482071,6,19,seed_3,seed,3
157,C,0.36517433323756254,1.4441548278104674e-5,0.6348112252141603,6,19,seed_3,seed,3
158,A,0.23264345796455724,6.314379791179737e-6,0.7673502276556529,6,19,seed_3,seed,3
158,C,0.36517279857846763,1.3212615366921819e-5,0.6348139888061654,6,19,seed_3,seed,3
159,A,0.23264278761629104,5.776445554790907e-6,0.7673514359381548,6,19,seed_3,seed,3
159,C,0.3651713945216604,1.208825434507625e-5,0.6348165172239942,6,19,seed_3,seed,3
160,A,0.23264217435063217,5.2843622215419535e-6,0.7673525412871463,6,19,seed_3,seed,3
160,C,0.3651701099527986,1.1059568091235595e-5,0.6348188304791103,6,19,seed_3,seed,3
161,A,0.23264161330536534,4.834218758131267e-6,0.7673535524758763,6,19,seed_3,seed,3
161,C,0.36516893470335515,1.011841629104693e-5,0.6348209468803548,6,19,seed_3,seed,3
162,A,0.23264110003261254,4.422438104716828e-6,0.7673544775292827,6,19,seed_3,seed,3
162,C,0.3651678594701317,9.257351089442424e-6,0.6348228831787791,6,19,seed_3,seed,3
163,A,0.23264063046350078,4.045748610379089e-6,0.7673553237878882,6,19,seed_3,seed,3
163,C,0.36516687574162726,8.469558209629004e-6,0.6348246547001635,6,19,seed_3,seed,3
164,A,0.2326402008758496,3.701157917343935e-6,0.7673560979662328,6,19,seed_3,seed,3
164,C,0.3651659757306642,7.748803075092962e-6,0.6348262754662606,6,19,seed_3,seed,3
165,A,0.23263980786461075,3.3859290833429257e-6,0.7673568062063053,6,19,seed_3,seed,3
165,C,0.36516515231275365,7.089381510101694e-6,0.6348277583057365,6,19,seed_3,seed,3
166,A,0.23263944831483538,3.0975587496873007e-6,0.7673574541264162,6,19,seed_3,seed,3
166,C,0.3651643989696998,6.486074630113724e-6,0.6348291149556698,6,19,seed_3,seed,3
167,A,0.2326391193769427,2.833757179256262e-6,0.7673580468658784,6,19,seed_3,seed,3
167,C,0.3651637097380099,5.934107566438012e-6,0.6348303561544238,6,19,seed_3,seed,3
168,A,0.23263881844410347,2.5924300037759746e-6,0.767358589125893,6,19,seed_3,seed,3
168,C,0.3651630791616854,5.429111699612706e-6,0.6348314917266155,6,19,seed_3,seed,3
169,A,0.23263854313154922,2.371661533617739e-6,0.7673590852069175,6,19,seed_3,seed,3
169,C,0.36516250224903885,4.967090103541432e-6,0.634832530660858,6,19,seed_3,seed,3
170,A,0.23263829125764687,2.169699495994304e-6,0.7673595390428571,6,19,seed_3,seed,3
170,C,0.3651619744331797,4.544385927668832e-6,0.6348334811808929,6,19,seed_3,seed,3
171,A,0.23263806082658775,1.9849410789891714e-6,0.7673599542323337,6,19,seed_3,seed,3
171,C,0.3651614915358657,4.157653467602235e-6,0.6348343508106662,6,19,seed_3,seed,3
172,A,0.2326378500125545,1.815920169410325e-6,0.7673603340672767,6,19,seed_3,seed,3
172,C,0.3651610497344281,3.803831695761203e-6,0.6348351464338768,6,19,seed_3,seed,3
173,A,0.23263765714523435,1.6612956821024792e-6,0.7673606815590838,6,19,seed_3,seed,3
173,C,0.3651606455315115,3.4801200430163773e-6,0.6348358743484454,6,19,seed_3,seed,3
174,A,0.23263748069657128,1.5198408871577752e-6,0.7673609994625423,6,19,seed_3,seed,3
174,C,0.36516027572739335,3.1839562400119974e-6,0.6348365403163662,6,19,seed_3,seed,3
175,A,0.23263731926864423,1.390433649515219e-6,0.7673612902977068,6,19,seed_3,seed,3
175,C,0.36515993739465047,2.912996043116427e-6,0.6348371496093054,6,19,seed_3,seed,3
176,A,0.23263717158258154,1.272047502789127e-6,0.767361556369916,6,19,seed_3,seed,3
176,C,0.3651596278549912,2.665094684806324e-6,0.634837707050323,6,19,seed_3,seed,3
177,A,0.23263703646841943,1.163743485865703e-6,0.7673617997880945,6,19,seed_3,seed,3
177,C,0.36515934465805044,2.4382899018379885e-6,0.634838217052048,6,19,seed_3,seed,3
178,A,0.2326369128558227,1.064662676973967e-6,0.7673620224814999,6,19,seed_3,seed,3
178,C,0.3651590855619925,2.2307864071094615e-6,0.6348386836516001,6,19,seed_3,seed,3
179,A,0.23263679976560037,9.740193655261324e-7,0.7673622262150339,6,19,seed_3,seed,3
179,C,0.3651588485157702,2.0409416824505877e-6,0.634839110542549,6,19,seed_3,seed,3
180,A,0.2326366963019407,8.910948071488847e-7,0.7673624126032518,6,19,seed_3,seed,3
180,C,0.36515863164288126,1.867252980013953e-6,0.6348395011041393,6,19,seed_3,seed,3
181,A,0.2326366016453086,8.152315120091865e-7,0.7673625831231798,6,19,seed_3,seed,3
181,C,0.36515843322652125,1.7083454294837506e-6,0.6348398584280498,6,19,seed_3,seed,3
182,A,0.23263651504595154,7.458280208191232e-7,0.7673627391260273,6,19,seed_3,seed,3
182,C,0.3651582516959872,1.5629611570594072e-6,0.6348401853428556,6,19,seed_3,seed,3
183,A,0.23263643581795437,6.823341268158867e-7,0.7673628818479191,6,19,seed_3,seed,3
183,C,0.36515808561424884,1.429949330165836e-6,0.6348404844364219,6,19,seed_3,seed,3
184,A,0.23263636333380217,6.242465055869611e-7,0.7673630124196925,6,19,seed_3,seed,3
184,C,0.36515793366656957,1.3082570491539713e-6,0.6348407580763819,6,19,seed_3,seed,3
185,A,0.23263629701940824,5.711047178773213e-7,0.7673631318758736,6,19,seed_3,seed,3
185,C,0.3651577946500998,1.1969210139471684e-6,0.6348410084288864,6,19,seed_3,seed,3
186,A,0.23263623634956385,5.22487553501755e-7,0.7673632411628841,6,19,seed_3,seed,3
186,C,0.365157667464357,1.0950598997142758e-6,0.6348412374757432,6,19,seed_3,seed,3
187,A,0.23263618084377352,4.780096872155006e-7,0.7673633411465381,6,19,seed_3,seed,3
187,C,0.36515755110251186,1.0018673812560867e-6,0.6348414470301075,6,19,seed_3,seed,3
188,A,0.23263613006245193,4.3731861989179723e-7,0.7673634326189281,6,19,seed_3,seed,3
188,C,0.3651574446434187,9.166057509206008e-7,0.6348416387508313,6,19,seed_3,seed,3
189,A,0.23263608360343596,4.000918806359472e-7,0.7673635163046841,6,19,seed_3,seed,3
189,C,0.3651573472443221,8.386000795549338e-7,0.6348418141555974,6,19,seed_3,seed,3
190,A,0.2326360410988003,3.6603446755081166e-7,0.7673635928667316,6,19,seed_3,seed,3
190,C,0.3651572581341927,7.672328742954132e-7,0.6348419746329328,6,19,seed_3,seed,3
191,A,0.23263600221194236,3.348765067750356e-7,0.7673636629115511,6,19,seed_3,seed,3
191,C,0.3651571766076122,7.019391909265607e-7,0.634842121453197,6,19,seed_3,seed,3
192,A,0.2326359666349146,3.0637111115832376e-7,0.7673637269939754,6,19,seed_3,seed,3
192,C,0.36515710201919876,6.422021621349173e-7,0.6348422557786402,6,19,seed_3,seed,3
193,A,0.23263593408598404,2.8029242153165063e-7,0.7673637856215945,6,19,seed_3,seed,3
193,C,0.36515703377849235,5.875489062732507e-7,0.6348423786726014,6,19,seed_3,seed,3
194,A,0.2326359043074019,2.564338149871743e-7,0.7673638392587822,6,19,seed_3,seed,3
194,C,0.3651569713452844,5.375467842602995e-7,0.6348424911079307,6,19,seed_3,seed,3
195,A,0.23263587706336142,2.3460626591491235e-7,0.7673638883303732,6,19,seed_3,seed,3
195,C,0.3651569142253398,4.917999749954592e-7,0.634842593974686,6,19,seed_3,seed,3
196,A,0.2326358521381273,2.14636846761238e-7,0.7673639332250254,6,19,seed_3,seed,3
196,C,0.3651568619664813,4.4994634218751075e-7,0.6348426880871757,6,19,seed_3,seed,3
197,A,0.23263582933433014,1.9636735658746345e-7,0.767363974298313,6,19,seed_3,seed,3
197,C,0.3651568141550174,4.116545678007162e-7,0.6348427741904139,6,19,seed_3,seed,3
198,A,0.2326358084714009,1.7965306652610498e-7,0.7673640118755324,6,19,seed_3,seed,3
198,C,0.36515677041246103,3.766215294333175e-7,0.6348428529660103,6,19,seed_3,seed,3
199,A,0.23263578938414112,1.643615721631e-7,0.7673640462542861,6,19,seed_3,seed,3
199,C,0.36515673039253477,3.4456990087214263e-7,0.6348429250375656,6,19,seed_3,seed,3
200,A,0.23263577192141424,1.5037174372588504e-7,0.7673640777068422,6,19,seed_3,seed,3
200,C,0.36515669377843074,3.152459568329776e-7,0.6348429909756129,6,19,seed_3,seed,3
201,A,0.23263575594494887,1.375727657359535e-7,0.7673641064822855,6,19,seed_3,seed,3
201,C,0.36515666028030297,2.884175645120908e-7,0.6348430513021325,6,19,seed_3,seed,3
202,A,0.2326357413282432,1.258632584966802e-7,0.7673641328084988,6,19,seed_3,seed,3
202,C,0.3651566296329739,2.6387234605266605e-7,0.6348431064946806,6,19,seed_3,seed,3
203,A,0.2326357279555627,1.1515047443845596e-7,0.767364156893962,6,19,seed_3,seed,3
203,C,0.3651566015938294,2.4141599738245876e-7,0.634843156990173,6,19,seed_3,seed,3
204,A,0.2326357157210253,1.053495629357883e-7,0.7673641789294118,6,19,seed_3,seed,3
204,C,0.36515657594090656,2.2087075011025472e-7,0.634843203188344,6,19,seed_3,seed,3
205,A,0.23263570452775822,9.638289614346948e-8,0.7673641990893457,6,19,seed_3,seed,3
205,C,0.36515655247112455,2.0207396091456384e-7,0.6348432454549142,6,19,seed_3,seed,3
206,A,0.23263569428709568,8.817942458480503e-8,0.7673642175334797,6,19,seed_3,seed,3
206,C,0.3651565309986065,1.8487676308217404e-7,0.6348432841246294,6,19,seed_3,seed,3
207,A,0.2326356849179431,8.067416666957557e-8,0.7673642344078904,6,19,seed_3,seed,3
207,C,0.36515651135334415,1.6914299815115574e-7,0.6348433195036581,6,19,seed_3,seed,3
208,A,0.2326356763461546,7.380771080705855e-8,0.7673642498461352,6,19,seed_3,seed,3
208,C,0.36515649337989325,1.5474817381711487e-7,0.634843351871933,6,19,seed_3,seed,3
209,A,0.23263566850389863,6.752570609927672e-8,0.7673642639703959,6,19,seed_3,seed,3
209,C,0.36515647693604675,1.4157839789459566e-7,0.6348433814855543,6,19,seed_3,seed,3
210,A,0.23263566132929261,6.177856938147235e-8,0.767364276892137,6,19,seed_3,seed,3
210,C,0.3651564618920688,1.2952976534121234e-7,0.634843408578166,6,19,seed_3,seed,3
211,A,0.23263565476587503,5.652106166760834e-8,0.7673642887130622,6,19,seed_3,seed,3
211,C,0.36515644812958364,1.1850747137385372e-7,0.6348434333629452,6,19,seed_3,seed,3
212,A,0.23263564876142342,5.171134092982228e-8,0.7673642995272366,6,19,seed_3,seed,3
212,C,0.3651564355391035,1.0842382769507675e-7,0.6348434560370692,6,19,seed_3,seed,3
213,A,0.23263564326799907,4.7311000213711924e-8,0.7673643094209994,6,19,seed_3,seed,3
213,C,0.3651564240201255,9.919834253035333e-8,0.6348434767815322,6,19,seed_3,seed,3
214,A,0.23263563823612507,4.328039712697056e-8,0.7673643184834792,6,19,seed_3,seed,3
214,C,0.3651564134689097,9.07479321054438e-8,0.6348434957831586,6,19,seed_3,seed,3
215,A,0.2326356336279334,3.9589195137127114e-8,0.7673643267828708,6,19,seed_3,seed,3
215,C,0.3651564038060675,8.3009014117792e-8,0.6348435131849186,6,19,seed_3,seed,3
216,A,0.23263562940193808,3.620415673741031e-8,0.7673643343939054,6,19,seed_3,seed,3
216,C,0.3651563949446114,7.591192118415685e-8,0.6348435291434671,6,19,seed_3,seed,3
217,A,0.23263562570988872,3.3246838623227183e-8,0.7673643410432731,6,19,seed_3,seed,3
217,C,0.36515638720273863,6.971149522075198e-8,0.6348435430857664,6,19,seed_3,seed,3
218,A,0.23263562231941343,3.0531094759421624e-8,0.7673643471494911,6,19,seed_3,seed,3
218,C,0.3651563800932158,6.401751491263727e-8,0.6348435558892697,6,19,seed_3,seed,3
219,A,0.23263561920587938,2.803719082454749e-8,0.7673643527569298,6,19,seed_3,seed,3
219,C,0.365156373564394,5.878861423984933e-8,0.6348435676469923,6,19,seed_3,seed,3
220,A,0.23263561634666455,2.5747004702157895e-8,0.7673643579063307,6,19,seed_3,seed,3
220,C,0.36515636756884007,5.3986805909534807e-8,0.6348435784443529,6,19,seed_3,seed,3
221,A,0.23263561372099556,2.3643894764029763e-8,0.7673643626351098,6,19,seed_3,seed,3
221,C,0.36515636206300023,4.957720539311757e-8,0.6348435883597952,6,19,seed_3,seed,3
222,A,0.2326356113097955,2.1712578910548204e-8,0.7673643669776246,6,19,seed_3,seed,3
222,C,0.365156357006873,4.552777749618542e-8,0.6348435974653504,6,19,seed_3,seed,3
223,A,0.2326356090955461,1.9939023495114082e-8,0.7673643709654304,6,19,seed_3,seed,3
223,C,0.3651563523637258,4.1809103628167115e-8,0.63484360582717,6,19,seed_3,seed,3
224,A,0.2326356070621602,1.831034132475854e-8,0.7673643746274981,6,19,seed_3,seed,3
224,C,0.3651563480998278,3.839416808108279e-8,0.6348436135060042,6,19,seed_3,seed,3
225,A,0.23263560519486412,1.6814697995189586e-8,0.7673643779904389,6,19,seed_3,seed,3
225,C,0.3651563441842024,3.5258161764743245e-8,0.6348436205576374,6,19,seed_3,seed,3
226,A,0.23263560348009082,1.544122587913695e-8,0.7673643810786839,6,19,seed_3,seed,3
226,C,0.36515634058840113,3.2378301972590336e-8,0.6348436270332969,6,19,seed_3,seed,3
227,A,0.23263560190538257,1.4179945142541655e-8,0.7673643839146718,6,19,seed_3,seed,3
227,C,0.36515633728630315,2.973366686882366e-8,0.6348436329800308,6,19,seed_3,seed,3
228,A,0.23263560045929813,1.3021691214264003e-8,0.7673643865190103,6,19,seed_3,seed,3
228,C,0.3651563342539171,2.7305043494404955e-8,0.6348436384410383,6,19,seed_3,seed,3
229,A,0.23263559913133164,1.1958048181930151e-8,0.7673643889106202,6,19,seed_3,seed,3
229,C,0.36515633146921483,2.507478818774182e-8,0.6348436434559963,6,19,seed_3,seed,3
230,A,0.23263559791183483,1.0981287629644648e-8,0.7673643911068787,6,19,seed_3,seed,3
230,C,0.3651563289119649,2.3026698406038655e-8,0.6348436480613355,6,19,seed_3,seed,3
231,A,0.23263559679194723,1.0084312472879117e-8,0.7673643931237398,6,19,seed_3,seed,3
231,C,0.3651563265635901,2.114589501612805e-8,0.6348436522905159,6,19,seed_3,seed,3
232,A,0.2326355957635336,9.260605382193198e-9,0.7673643949758614,6,19,seed_3,seed,3
232,C,0.36515632440702783,1.9418714199649403e-8,0.6348436561742586,6,19,seed_3,seed,3
233,A,0.23263559481912077,8.504181420818557e-9,0.7673643966766971,6,19,seed_3,seed,3
233,C,0.3651563224266118,1.783260818729114e-8,0.63484365974078,6,19,seed_3,seed,3
234,A,0.23263559395184902,7.809544551783037e-9,0.7673643982386068,6,19,seed_3,seed,3
234,C,0.3651563206079554,1.637605410094921e-8,0.6348436630159909,6,19,seed_3,seed,3
235,A,0.23263559315541643,7.17164769839219e-9,0.767364399672936,6,19,seed_3,seed,3
235,C,0.36515631893784545,1.503847024155986e-8,0.6348436660236851,6,19,seed_3,seed,3
236,A,0.23263559242403672,6.585856067725657e-9,0.7673644009901072,6,19,seed_3,seed,3
236,C,0.3651563174041482,1.381013921445319e-8,0.6348436687857125,6,19,seed_3,seed,3
237,A,0.23263559175239684,6.047913471870108e-9,0.7673644021996908,6,19,seed_3,seed,3
237,C,0.36515631599572296,1.2682137332863513e-8,0.6348436713221408,6,19,seed_3,seed,3
238,A,0.23263559113561655,5.5539113954569755e-9,0.7673644033104727,6,19,seed_3,seed,3
238,C,0.365156314702336,1.1646269790891311e-8,0.6348436736513932,6,19,seed_3,seed,3
239,A,0.23263559056921515,5.100260597338707e-9,0.7673644043305242,6,19,seed_3,seed,3
239,C,0.3651563135145934,1.069501112743566e-8,0.6348436757903971,6,19,seed_3,seed,3
240,A,0.23263559004907788,4.683665028725971e-9,0.7673644052672582,6,19,seed_3,seed,3
240,C,0.3651563124238627,9.821450554760009e-9,0.6348436777546853,6,19,seed_3,seed,3
241,A,0.232635589571425,4.301097881980055e-9,0.767364406127477,6,19,seed_3,seed,3
241,C,0.3651563114222235,9.019241752710113e-9,0.6348436795585356,6,19,seed_3,seed,3
242,A,0.23263558913278776,3.949779596518272e-9,0.767364406917433,6,19,seed_3,seed,3
242,C,0.36515631050239705,8.282556763485195e-9,0.6348436812150463,6,19,seed_3,seed,3
243,A,0.23263558872997803,3.627157661501687e-9,0.7673644076428645,6,19,seed_3,seed,3
243,C,0.3651563096577015,7.606043652241187e-9,0.634843682736255,6,19,seed_3,seed,3
244,A,0.23263558836007003,3.33088806850691e-9,0.7673644083090424,6,19,seed_3,seed,3
244,C,0.36515630888200024,6.98478762593622e-9,0.6348436841332125,6,19,seed_3,seed,3
245,A,0.23263558802037615,3.058818279378475e-9,0.7673644089208055,6,19,seed_3,seed,3
245,C,0.36515630816965705,6.414275327953129e-9,0.634843685416068,6,19,seed_3,seed,3
246,A,0.23263558770842846,2.8089715854732056e-9,0.7673644094826001,6,19,seed_3,seed,3
246,C,0.3651563075154983,5.89036204910471e-9,0.6348436865941399,6,19,seed_3,seed,3
247,A,0.23263558742196072,2.5795327446224713e-9,0.767364409998507,6,19,seed_3,seed,3
247,C,0.36515630691477063,5.409241616814624e-9,0.6348436876759892,6,19,seed_3,seed,3
248,A,0.23263558715889168,2.368834791426171e-9,0.7673644104722727,6,19,seed_3,seed,3
248,C,0.3651563063631095,4.967418743723307e-9,0.6348436886694724,6,19,seed_3,seed,3
249,A,0.23263558691731012,2.175346925021317e-9,0.7673644109073422,6,19,seed_3,seed,3
249,C,0.36515630585650793,4.561683634835524e-9,0.6348436895818091,6,19,seed_3,seed,3
250,A,0.23263558669546103,1.997663386299929e-9,0.7673644113068754,6,19,seed_3,seed,3
250,C,0.3651563053912853,4.189088668734002e-9,0.6348436904196264,6,19,seed_3,seed,3
251,A,0.23263558649173244,1.8344932437430716e-9,0.7673644116737741,6,19,seed_3,seed,3
251,C,0.3651563049640619,3.8469269834516186e-9,0.6348436911890118,6,19,seed_3,seed,3
252,A,0.23263558630464481,1.6846510136421063e-9,0.7673644120107049,6,19,seed_3,seed,3
252,C,0.3651563045717326,3.53271281143121e-9,0.6348436918955532,6,19,seed_3,seed,3
253,A,0.23263558613283786,1.5470480465427684e-9,0.767364412320114,6,19,seed_3,seed,3
253,C,0.36515630421145,3.2441634207094257e-9,0.6348436925443874,6,19,seed_3,seed,3
254,A,0.23263558597506442,1.4206846173169003e-9,0.7673644126042511,6,19,seed_3,seed,3
254,C,0.3651563038805942,2.9791825311294555e-9,0.6348436931402238,6,19,seed_3,seed,3
255,A,0.23263558583017804,1.3046426613805576e-9,0.7673644128651803,6,19,seed_3,seed,3
255,C,0.3651563035767622,2.7358450851038928e-9,0.634843693687392,6,19,seed_3,seed,3
256,A,0.23263558569712578,1.1980791042734516e-9,0.7673644131047963,6,19,seed_3,seed,3
256,C,0.3651563032977477,2.5123832622890424e-9,0.6348436941898695,6,19,seed_3,seed,3
257,A,0.23263558557494096,1.1002197359206126e-9,0.7673644133248393,6,19,seed_3,seed,3
257,C,0.3651563030415221,2.30717363815802e-9,0.6348436946513034,6,19,seed_3,seed,3
258,A,0.2326355854627364,1.0103535860950009e-9,0.7673644135269098,6,19,seed_3,seed,3
258,C,0.36515630280622535,2.1187253854333705e-9,0.6348436950750482,6,19,seed_3,seed,3
259,A,0.2326355853596967,9.27827758209305e-10,0.767364413712475,6,19,seed_3,seed,3
259,C,0.36515630259014736,1.9456694472706967e-9,0.6348436954641823,6,19,seed_3,seed,3
260,A,0.2326355852650733,8.520426856900152e-10,0.7673644138828841,6,19,seed_3,seed,3
260,C,0.3651563023917188,1.7867485908318006e-9,0.6348436958215327,6,19,seed_3,seed,3
261,A,0.23263558517817887,7.824477758544763e-10,0.767364414039374,6,19,seed_3,seed,3
261,C,0.36515630220949724,1.6408082731135802e-9,0.6348436961496934,6,19,seed_3,seed,3
262,A,0.2326355850983815,7.185374095516673e-10,0.7673644141830804,6,19,seed_3,seed,3
262,C,0.3651563020421599,1.506788253320819e-9,0.6348436964510523,6,19,seed_3,seed,3
263,A,0.23263558502510223,6.598472675743301e-10,0.7673644143150511,6,19,seed_3,seed,3
263,C,0.36515630188849013,1.383714890333636e-9,0.6348436967277943,6,19,seed_3,seed,3
264,A,0.2326355849578085,6.059509571489717e-10,0.7673644144362404,6,19,seed_3,seed,3
264,C,0.3651563017473721,1.2706940693118323e-9,0.634843696981933,6,19,seed_3,seed,3
265,A,0.23263558489601094,5.564569139909919e-10,0.7673644145475319,6,19,seed_3,seed,3
265,C,0.365156301617781,1.1669047060485953e-9,0.6348436972153153,6,19,seed_3,seed,3
266,A,0.23263558483926114,5.110055574146321e-10,0.767364414649733,6,19,seed_3,seed,3
266,C,0.36515630149877415,1.071592781883616e-9,0.6348436974296325,6,19,seed_3,seed,3
267,A,0.23263558478714672,4.692666778264e-10,0.7673644147435862,6,19,seed_3,seed,3
267,C,0.36515630138948735,9.840658658398662e-10,0.6348436976264454,6,19,seed_3,seed,3
268,A,0.23263558473928916,4.309370376192562e-10,0.7673644148297745,6,19,seed_3,seed,3
268,C,0.36515630128912785,9.036880841880078e-10,0.634843697807184,6,19,seed_3,seed,3
269,A,0.23263558469534015,3.957381680355676e-10,0.7673644149089213,6,19,seed_3,seed,3
269,C,0.3651563011969659,8.298755008929607e-10,0.63484369797316,6,19,seed_3,seed,3
270,A,0.23263558465498146,3.634143459908731e-10,0.7673644149816039,6,19,seed_3,seed,3
270,C,0.36515630111233044,7.620918753820109e-10,0.6348436981255768,6,19,seed_3,seed,3
271,A,0.23263558461791867,3.3373073615815094e-10,0.767364415048351,6,19,seed_3,seed,3
271,C,0.3651563010346086,6.998447668152204e-10,0.6348436982655457,6,19,seed_3,seed,3
272,A,0.23263558458388328,3.0647168481317726e-10,0.7673644151096448,6,19,seed_3,seed,3
272,C,0.36515630096323515,6.426819565560292e-10,0.6348436983940823,6,19,seed_3,seed,3
273,A,0.2326355845526282,2.814391530442844e-10,0.7673644151659333,6,19,seed_3,seed,3
273,C,0.36515630089769135,5.901881628517598e-10,0.6348436985121203,6,19,seed_3,seed,3
274,A,0.23263558452392588,2.584512779425113e-10,0.7673644152176233,6,19,seed_3,seed,3
274,C,0.36515630083750134,5.419820238565103e-10,0.6348436986205171,6,19,seed_3,seed,3
275,A,0.23263558449756763,2.373410513180641e-10,0.7673644152650918,6,19,seed_3,seed,3
275,C,0.36515630078222683,4.977133270784592e-10,0.6348436987200591,6,19,seed_3,seed,3
276,A,0.23263558447336272,2.1795510634298335e-10,0.7673644153086827,6,19,seed_3,seed,3
276,C,0.3651563007314678,4.570604651238234e-10,0.6348436988114713,6,19,seed_3,seed,3
277,A,0.23263558445113464,2.001526034909458e-10,0.7673644153487132,6,19,seed_3,seed,3
277,C,0.3651563006848545,4.1972809903662717e-10,0.6348436988954161,6,19,seed_3,seed,3
278,A,0.23263558443072216,1.8380420676454131e-10,0.7673644153854732,6,19,seed_3,seed,3
278,C,0.3651563006420488,3.854450133176568e-10,0.6348436989725063,6,19,seed_3,seed,3
279,A,0.23263558441197696,1.6879114450499992e-10,0.7673644154192317,6,19,seed_3,seed,3
279,C,0.3651563006027391,3.5396214504263545e-10,0.6348436990432987,6,19,seed_3,seed,3
280,A,0.2326355843947628,1.5500434644568238e-10,0.7673644154502329,6,19,seed_3,seed,3
280,C,0.36515630056664,3.250507744991353e-10,0.6348436991083083,6,19,seed_3,seed,3
281,A,0.23263558437895504,1.4234365123453116e-10,0.7673644154787019,6,19,seed_3,seed,3
281,C,0.3651563005334903,2.985008636326964e-10,0.634843699168009,6,19,seed_3,seed,3
282,A,0.23263558436443785,1.307170787442402e-10,0.7673644155048447,6,19,seed_3,seed,3
282,C,0.3651563005030477,2.7411953014283233e-10,0.6348436992228339,6,19,seed_3,seed,3
283,A,0.2326355843511068,1.2004016182152625e-10,0.7673644155288527,6,19,seed_3,seed,3
283,C,0.3651563004750915,2.5172964621373513e-10,0.6348436992731784,6,19,seed_3,seed,3
284,A,0.23263558433886464,1.1023533262033114e-10,0.7673644155508992,6,19,seed_3,seed,3
284,C,0.3651563004494191,2.3116855169962136e-10,0.6348436993194129,6,19,seed_3,seed,3
285,A,0.2326355843276224,1.0123135906039202e-10,0.7673644155711465,6,19,seed_3,seed,3
285,C,0.36515630042584296,2.122868724161283e-10,0.6348436993618696,6,19,seed_3,seed,3
286,A,0.2326355843172985,9.296282731679488e-11,0.7673644155897386,6,19,seed_3,seed,3
286,C,0.36515630040419295,1.9494743495279648e-10,0.6348436994008584,6,19,seed_3,seed,3
287,A,0.23263558430781767,8.53696665805768e-11,0.7673644156068132,6,19,seed_3,seed,3
287,C,0.3651563003843115,1.7902427012285412e-10,0.634843699436664,6,19,seed_3,seed,3
288,A,0.23263558429911116,7.839671263756668e-11,0.7673644156224919,6,19,seed_3,seed,3
288,C,0.36515630036605345,1.6440169781048362e-10,0.6348436994695447,6,19,seed_3,seed,3
289,A,0.23263558429111575,7.199330709469561e-11,0.7673644156368904,6,19,seed_3,seed,3
289,C,0.36515630034928714,1.5097348656707957e-10,0.6348436994997383,6,19,seed_3,seed,3
290,A,0.23263558428377362,6.611292934200578e-11,0.7673644156501129,6,19,seed_3,seed,3
290,C,0.36515630033388985,1.386420818510652e-10,0.6348436995274667,6,19,seed_3,seed,3
291,A,0.23263558427703118,6.071285857643634e-11,0.7673644156622563,6,19,seed_3,seed,3
291,C,0.36515630031975127,1.2731789730450106e-10,0.6348436995529319,6,19,seed_3,seed,3
292,A,0.23263558427083947,5.575386343187368e-11,0.767364415673406,6,19,seed_3,seed,3
292,C,0.36515630030676666,1.169186639176994e-10,0.6348436995763147,6,19,seed_3,seed,3
293,A,0.2326355842651534,5.1199916960535884e-11,0.7673644156836471,6,19,seed_3,seed,3
293,C,0.36515630029484203,1.0736883235359155e-10,0.634843699597788,6,19,seed_3,seed,3
294,A,0.23263558425993175,4.701793489494381e-11,0.7673644156930498,6,19,seed_3,seed,3
294,C,0.36515630028389184,9.859902408979608e-11,0.6348436996175078,6,19,seed_3,seed,3
295,A,0.2326355842551367,4.317753528888285e-11,0.7673644157016851,6,19,seed_3,seed,3
295,C,0.3651563002738372,9.054552739099913e-11,0.6348436996356179,6,19,seed_3,seed,3
296,A,0.23263558425073322,3.965081779108254e-11,0.7673644157096163,6,19,seed_3,seed,3
296,C,0.3651563002646028,8.314983444993843e-11,0.6348436996522475,6,19,seed_3,seed,3
297,A,0.23263558424668962,3.641216092908456e-11,0.7673644157168984,6,19,seed_3,seed,3
297,C,0.36515630025612195,7.635821635324275e-11,0.6348436996675192,6,19,seed_3,seed,3
298,A,0.232635584242976,3.343803602323983e-11,0.767364415723586,6,19,seed_3,seed,3
298,C,0.36515630024833534,7.012133269240467e-11,0.6348436996815435,6,19,seed_3,seed,3
299,A,0.23263558423956585,3.0706836202988034e-11,0.7673644157297274,6,19,seed_3,seed,3
299,C,0.3651563002411842,6.439387315669296e-11,0.634843699694423,6,19,seed_3,seed,3
300,A,0.2326355842364345,2.819871943724742e-11,0.7673644157353676,6,19,seed_3,seed,3
300,C,0.36515630023461615,5.913422835410571e-11,0.6348436997062485,6,19,seed_3,seed,3
301,A,0.23263558423355826,2.5895464387970743e-11,0.7673644157405456,6,19,seed_3,seed,3
301,C,0.36515630022858603,5.430418751747678e-11,0.6348436997171101,6,19,seed_3,seed,3
302,A,0.23263558423091765,2.3780338031875762e-11,0.7673644157453027,6,19,seed_3,seed,3
302,C,0.3651563002230478,4.986866090727821e-11,0.6348436997270838,6,19,seed_3,seed,3
303,A,0.2326355842284924,2.183797409488681e-11,0.7673644157496698,6,19,seed_3,seed,3
303,C,0.36515630021796197,4.579542488836048e-11,0.6348436997362422,6,19,seed_3,seed,3
304,A,0.23263558422626524,2.0054261416094623e-11,0.7673644157536802,6,19,seed_3,seed,3
304,C,0.3651563002132919,4.2054887828636046e-11,0.6348436997446548,6,19,seed_3,seed,3
305,A,0.23263558422421957,1.84162414301813e-11,0.767364415757363,6,19,seed_3,seed,3
305,C,0.36515630020900286,3.861987511898784e-11,0.6348436997523786,6,19,seed_3,seed,3
306,A,0.23263558422234168,1.69120140235074e-11,0.7673644157607457,6,19,seed_3,seed,3
306,C,0.36515630020506373,3.546543175259484e-11,0.6348436997594706,6,19,seed_3,seed,3
307,A,0.232635584220617,1.553065107989351e-11,0.7673644157638522,6,19,seed_3,seed,3
307,C,0.36515630020144696,3.256864102943402e-11,0.6348436997659845,6,19,seed_3,seed,3
308,A,0.23263558421903308,1.4262117087997834e-11,0.7673644157667054,6,19,seed_3,seed,3
308,C,0.36515630019812495,2.9908458068865667e-11,0.6348436997719661,6,19,seed_3,seed,3
309,A,0.23263558421757857,1.3097196233494086e-11,0.767364415769325,6,19,seed_3,seed,3
309,C,0.36515630019507545,2.746555692079047e-11,0.6348436997774597,6,19,seed_3,seed,3
310,A,0.23263558421624286,1.2027425446367725e-11,0.7673644157717302,6,19,seed_3,seed,3
310,C,0.36515630019227396,2.5222190164654694e-11,0.6348436997825035,6,19,seed_3,seed,3
311,A,0.23263558421501615,1.1045032916913737e-11,0.7673644157739394,6,19,seed_3,seed,3
311,C,0.36515630018970174,2.3162059976306727e-11,0.6348436997871368,6,19,seed_3,seed,3
312,A,0.2326355842138899,1.0142881633749968e-11,0.767364415775968,6,19,seed_3,seed,3
312,C,0.36515630018733986,2.1270199726018672e-11,0.6348436997913903,6,19,seed_3,seed,3
313,A,0.23263558421285532,9.314417533646016e-12,0.7673644157778307,6,19,seed_3,seed,3
313,C,0.36515630018517076,1.953286524749515e-11,0.6348436997952981,6,19,seed_3,seed,3
314,A,0.2326355842119056,8.553621886472846e-12,0.7673644157795413,6,19,seed_3,seed,3
314,C,0.3651563001831785,1.7937434987950054e-11,0.6348436997988849,6,19,seed_3,seed,3
315,A,0.23263558421103295,7.854967569347177e-12,0.7673644157811115,6,19,seed_3,seed,3
315,C,0.36515630018134887,1.6472318313852583e-11,0.6348436998021787,6,19,seed_3,seed,3
316,A,0.23263558421023214,7.213378912300428e-12,0.7673644157825548,6,19,seed_3,seed,3
316,C,0.365156300179669,1.5126871306192604e-11,0.6348436998052042,6,19,seed_3,seed,3
317,A,0.23263558420949645,6.624194827144608e-12,0.7673644157838796,6,19,seed_3,seed,3
317,C,0.3651563001781263,1.3891319433655796e-11,0.6348436998079822,6,19,seed_3,seed,3
318,A,0.2326355842088208,6.083134935062712e-12,0.7673644157850964,6,19,seed_3,seed,3
318,C,0.36515630017670975,1.2756686541271217e-11,0.6348436998105335,6,19,seed_3,seed,3
319,A,0.23263558420820063,5.586268478219263e-12,0.7673644157862141,6,19,seed_3,seed,3
319,C,0.36515630017540907,1.1714729639988492e-11,0.6348436998128775,6,19,seed_3,seed,3
320,A,0.2326355842076304,5.129985762167206e-12,0.7673644157872386,6,19,seed_3,seed,3
320,C,0.36515630017421385,1.0757879022162568e-11,0.6348436998150279,6,19,seed_3,seed,3
321,A,0.2326355842071075,4.710971930494045e-12,0.7673644157881819,6,19,seed_3,seed,3
321,C,0.365156300173117,9.879183268365231e-12,0.6348436998170046,6,19,seed_3,seed,3
322,A,0.23263558420662725,4.3261828825675375e-12,0.7673644157890469,6,19,seed_3,seed,3
322,C,0.36515630017210976,9.072258746053847e-12,0.6348436998188195,6,19,seed_3,seed,3
323,A,0.232635584206186,3.9728231583138815e-12,0.7673644157898413,6,19,seed_3,seed,3
323,C,0.36515630017118406,8.331243233152259e-12,0.6348436998204847,6,19,seed_3,seed,3
324,A,0.23263558420578095,3.648325629361259e-12,0.7673644157905719,6,19,seed_3,seed,3
324,C,0.3651563001703348,7.650753329623449e-12,0.6348436998220153,6,19,seed_3,seed,3
325,A,0.2326355842054085,3.3503328490053233e-12,0.7673644157912404,6,19,seed_3,seed,3
325,C,0.365156300169554,7.025845347633878e-12,0.6348436998234201,6,19,seed_3,seed,3
326,A,0.23263558420506694,3.0766799255039696e-12,0.7673644157918561,6,19,seed_3,seed,3
326,C,0.365156300168838,6.4519793961806436e-12,0.6348436998247109,6,19,seed_3,seed,3
327,A,0.23263558420475305,2.8253787942761512e-12,0.7673644157924215,6,19,seed_3,seed,3
327,C,0.3651563001681795,5.9249863992601105e-12,0.6348436998258956,6,19,seed_3,seed,3
328,A,0.2326355842044649,2.5946037747423466e-12,0.76736441579294,6,19,seed_3,seed,3
328,C,0.36515630016757605,5.441037807968456e-12,0.634843699826985,6,19,seed_3,seed,3
329,A,0.23263558420420033,2.3826783068773803e-12,0.7673644157934166,6,19,seed_3,seed,3
329,C,0.3651563001670206,4.996617786495707e-12,0.6348436998279826,6,19,seed_3,seed,3
330,A,0.2326355842039574,2.1880627711167952e-12,0.7673644157938541,6,19,seed_3,seed,3
330,C,0.3651563001665107,4.588497669947684e-12,0.634843699828901,6,19,seed_3,seed,3
331,A,0.2326355842037341,2.0093433031286765e-12,0.7673644157942553,6,19,seed_3,seed,3
331,C,0.3651563001660428,4.213712508434234e-12,0.6348436998297433,6,19,seed_3,seed,3
332,A,0.23263558420352926,1.845221522190567e-12,0.7673644157946254,6,19,seed_3,seed,3
332,C,0.36515630016561296,3.8695395270194e-12,0.6348436998305168,6,19,seed_3,seed,3
333,A,0.23263558420334116,1.694505098548322e-12,0.7673644157949641,6,19,seed_3,seed,3
333,C,0.3651563001652184,3.5534783450471775e-12,0.634843699831228,6,19,seed_3,seed,3
334,A,0.232635584203168,1.5560990912291492e-12,0.7673644157952749,6,19,seed_3,seed,3
334,C,0.36515630016485595,3.2632328111382548e-12,0.6348436998318803,6,19,seed_3,seed,3
335,A,0.23263558420300956,1.428997993378315e-12,0.767364415795561,6,19,seed_3,seed,3
335,C,0.3651563001645228,2.996694321891123e-12,0.6348436998324792,6,19,seed_3,seed,3
336,A,0.2326355842028638,1.312278427329149e-12,0.767364415795824,6,19,seed_3,seed,3
336,C,0.36515630016421713,2.7519265030994562e-12,0.6348436998330305,6,19,seed_3,seed,3
337,A,0.23263558420273003,1.20509243598487e-12,0.7673644157960653,6,19,seed_3,seed,3
337,C,0.36515630016393674,2.527151139570426e-12,0.6348436998335364,6,19,seed_3,seed,3
338,A,0.23263558420260708,1.1066613234527435e-12,0.7673644157962861,6,19,seed_3,seed,3
338,C,0.36515630016367934,2.3207352641251895e-12,0.6348436998339997,6,19,seed_3,seed,3
339,A,0.23263558420249433,1.0162699970949676e-12,0.7673644157964903,6,19,seed_3,seed,3
339,C,0.3651563001634431,2.131179287869254e-12,0.6348436998344275,6,19,seed_3,seed,3
340,A,0.2326355842023906,9.332617724986347e-13,0.767364415796676,6,19,seed_3,seed,3
340,C,0.3651563001632249,1.9571061064618195e-12,0.6348436998348174,6,19,seed_3,seed,3
341,A,0.23263558420229555,8.570336028181765e-13,0.767364415796847,6,19,seed_3,seed,3
341,C,0.3651563001630255,1.7972510964443064e-12,0.6348436998351771,6,19,seed_3,seed,3
342,A,0.2326355842022081,7.870316976904139e-13,0.7673644157970047,6,19,seed_3,seed,3
342,C,0.36515630016284206,1.6504529278836356e-12,0.6348436998355065,6,19,seed_3,seed,3
343,A,0.23263558420212796,7.227474999943742e-13,0.7673644157971494,6,19,seed_3,seed,3
343,C,0.36515630016267386,1.5156451274323455e-12,0.6348436998358101,6,19,seed_3,seed,3
344,A,0.2326355842020539,6.637139912272534e-13,0.7673644157972814,6,19,seed_3,seed,3
344,C,0.36515630016251893,1.3918483305117492e-12,0.6348436998360881,6,19,seed_3,seed,3
345,A,0.23263558420198635,6.09502298655284e-13,0.767364415797404,6,19,seed_3,seed,3
345,C,0.3651563001623775,1.2781631663311745e-12,0.6348436998363445,6,19,seed_3,seed,3
346,A,0.2326355842019243,5.597185795906337e-13,0.767364415797516,6,19,seed_3,seed,3
346,C,0.3651563001622471,1.1737637240535929e-12,0.6348436998365791,6,19,seed_3,seed,3
347,A,0.23263558420186722,5.140011601588472e-13,0.7673644157976193,6,19,seed_3,seed,3
347,C,0.36515630016212736,1.077891552640083e-12,0.634843699836795,6,19,seed_3,seed,3
348,A,0.23263558420181482,4.720179077701308e-13,0.7673644157977129,6,19,seed_3,seed,3
348,C,0.3651563001620176,9.89850150782585e-13,0.634843699836993,6,19,seed_3,seed,3
349,A,0.23263558420176672,4.334638182056895e-13,0.7673644157978007,6,19,seed_3,seed,3
349,C,0.36515630016191664,9.089999068949252e-13,0.6348436998371745,6,19,seed_3,seed,3
350,A,0.23263558420172215,3.9805879978944097e-13,0.7673644157978794,6,19,seed_3,seed,3
350,C,0.3651563001618245,8.347534524016728e-13,0.6348436998373416,6,19,seed_3,seed,3
351,A,0.23263558420168176,3.6554563854730123e-13,0.767364415797952,6,19,seed_3,seed,3
351,C,0.3651563001617386,7.665713945669582e-13,0.6348436998374954,6,19,seed_3,seed,3
352,A,0.23263558420164446,3.3568812957104544e-13,0.7673644157980203,6,19,seed_3,seed,3
352,C,0.3651563001616603,7.03958397862743e-13,0.6348436998376348,6,19,seed_3,seed,3
353,A,0.23263558420161012,3.082693610112627e-13,0.7673644157980816,6,19,seed_3,seed,3
353,C,0.3651563001615889,6.46459585408043e-13,0.6348436998377646,6,19,seed_3,seed,3
354,A,0.23263558420157876,2.830901382327351e-13,0.7673644157981383,6,19,seed_3,seed,3
354,C,0.36515630016152273,5.936572343359995e-13,0.6348436998378832,6,19,seed_3,seed,3
355,A,0.23263558420155,2.5996753668384213e-13,0.76736441579819,6,19,seed_3,seed,3
355,C,0.36515630016146255,5.451677410809464e-13,0.6348436998379928,6,19,seed_3,seed,3
356,A,0.23263558420152347,2.38733572966715e-13,0.7673644157982384,6,19,seed_3,seed,3
356,C,0.3651563001614065,5.006388345386276e-13,0.6348436998380921,6,19,seed_3,seed,3
357,A,0.23263558420149888,2.1923398419634483e-13,0.7673644157982813,6,19,seed_3,seed,3
357,C,0.36515630016135536,4.597470174614859e-13,0.6348436998381844,6,19,seed_3,seed,3
358,A,0.23263558420147676,2.0132710804543789e-13,0.7673644157983218,6,19,seed_3,seed,3
358,C,0.3651563001613089,4.2219521453644513e-13,0.6348436998382695,6,19,seed_3,seed,3
359,A,0.23263558420145625,1.8488285293415061e-13,0.7673644157983593,6,19,seed_3,seed,3
359,C,0.3651563001612658,3.8771061564651995e-13,0.6348436998383471,6,19,seed_3,seed,3
360,A,0.23263558420143715,1.6978175299427124e-13,0.7673644157983929,6,19,seed_3,seed,3
360,C,0.36515630016122624,3.560426937882123e-13,0.6348436998384185,6,19,seed_3,seed,3
361,A,0.23263558420142003,1.5591410024754792e-13,0.7673644157984234,6,19,seed_3,seed,3
361,C,0.3651563001611904,3.2696138482246517e-13,0.6348436998384843,6,19,seed_3,seed,3
362,A,0.23263558420140412,1.431791475878236e-13,0.7673644157984519,6,19,seed_3,seed,3
362,C,0.36515630016115697,3.0025541608268615e-13,0.6348436998385437,6,19,seed_3,seed,3
363,A,0.23263558420138972,1.314843768630992e-13,0.7673644157984798,6,19,seed_3,seed,3
363,C,0.3651563001611265,2.757307715008354e-13,0.634843699838599,6,19,seed_3,seed,3
364,A,0.23263558420137614,1.2074482674017986e-13,0.7673644157985025,6,19,seed_3,seed,3
364,C,0.3651563001610977,2.532092821009052e-13,0.6348436998386491,6,19,seed_3,seed,3
365,A,0.23263558420136407,1.1088247546888349e-13,0.7673644157985259,6,19,seed_3,seed,3
365,C,0.3651563001610725,2.3252733161987206e-13,0.6348436998386959,6,19,seed_3,seed,3
