t,subpop,S_indiv,I_indiv,R_indiv,REGION6,parset,parset_name,sens_type,sens_value
0,A,0.9990000000000001,9.999999999999998e-4,0,1,3,r0_3,r0,3
0,C,0.9990000000000002,0.0010000000000000002,0,1,3,r0_3,r0,3
1,A,0.9983083469285893,0.001448940362489712,2.4271270892091952e-4,1,3,r0_3,r0,3
1,C,0.9985081014838941,0.0012662355311840244,2.2566298492280104e-4,1,3,r0_3,r0,3
2,A,0.9973602206707786,0.002049810174390827,5.899691548297761e-4,1,3,r0_3,r0,3
2,C,0.9978892552144013,0.0015996519391296878,5.110928464693263e-4,1,3,r0_3,r0,3
3,A,0.9960829633431083,0.002841189258080078,0.0010758473988115034,1,3,r0_3,r0,3
3,C,0.9971119174641201,0.0020167502581268293,8.713322777533988e-4,1,3,r0_3,r0,3
4,A,0.9943798540409167,0.0038765759513375323,0.0017435700077461794,1,3,r0_3,r0,3
4,C,0.9961365207368985,0.0025383450761352335,0.0013251341869662252,1,3,r0_3,r0,3
5,A,0.9921254151614656,0.005226271726184704,0.0026483131123494854,1,3,r0_3,r0,3
5,C,0.9949140571603835,0.003190233184737708,0.0018957096548802182,1,3,r0_3,r0,3
6,A,0.9891574562561208,0.006980768533023858,0.003861775210855897,1,3,r0_3,r0,3
6,C,0.9933829406530108,0.004004745361149776,0.0026123139858392225,1,3,r0_3,r0,3
7,A,0.9852719693489667,0.009252583725101732,0.005475446925931407,1,3,r0_3,r0,3
7,C,0.9914672387200232,0.005021556309445058,0.0035112049705308926,1,3,r0_3,r0,3
8,A,0.9802127818017325,0.012180282232741231,0.007606935965525057,1,3,r0_3,r0,3
8,C,0.9890725506377478,0.006289615506047623,0.004637833856204697,1,3,r0_3,r0,3
9,A,0.9736694929061723,0.015927905375635473,0.010402601718192366,1,3,r0_3,r0,3
9,C,0.9860844549780162,0.007867700368612089,0.006047844653372296,1,3,r0_3,r0,3
10,A,0.9652632751622319,0.0206900375989988,0.014046687238770074,1,3,r0_3,r0,3
10,C,0.9823618289849548,0.00982748423914914,0.007810686775896653,1,3,r0_3,r0,3
11,A,0.9545538757383094,0.02668370975436093,0.01876241450732863,1,3,r0_3,r0,3
11,C,0.9777363755853818,0.012253116938002542,0.010010507476614016,1,3,r0_3,r0,3
12,A,0.9410379209913576,0.03414319503992091,0.024818883968721145,1,3,r0_3,r0,3
12,C,0.9720068405503385,0.015243249813762955,0.012749909635898988,1,3,r0_3,r0,3
13,A,0.9241665489572555,0.04330057636286561,0.032532874679879344,1,3,r0_3,r0,3
13,C,0.9649362437007131,0.018910814949776644,0.016152941349509245,1,3,r0_3,r0,3
14,A,0.9033765757661073,0.054357493454479225,0.042265930779413416,1,3,r0_3,r0,3
14,C,0.956250543239832,0.023381548378532218,0.020367908381635973,1,3,r0_3,r0,3
15,A,0.8781462517553095,0.06744209491015492,0.05441165333453503,1,3,r0_3,r0,3
15,C,0.9456428021792995,0.028788878263287736,0.025568319557412164,1,3,r0_3,r0,3
16,A,0.8480665900978219,0.08255511833980111,0.06937829156237689,1,3,r0_3,r0,3
16,C,0.932778284497026,0.035266828566012695,0.031954886936960546,1,3,r0_3,r0,3
17,A,0.8129350848793441,0.09950835614432489,0.08755655897633093,1,3,r0_3,r0,3
17,C,0.9173082061319042,0.04293727503749124,0.03975451883060424,1,3,r0_3,r0,3
18,A,0.7728467696311005,0.11787677409222612,0.10927645627667304,1,3,r0_3,r0,3
18,C,0.8988926411712922,0.05189176984108023,0.04921558898762668,1,3,r0_3,r0,3
19,A,0.7282666975440693,0.13697702847013807,0.134756273985793,1,3,r0_3,r0,3
19,C,0.8772326321289038,0.06216781646219375,0.060599551408902934,1,3,r0_3,r0,3
20,A,0.68005062935647,0.1558952405701716,0.16405413007335787,1,3,r0_3,r0,3
20,C,0.8521103062745768,0.07372179224891502,0.07416790147650736,1,3,r0_3,r0,3
21,A,0.6293962645027436,0.17357335179053748,0.1970303837067186,1,3,r0_3,r0,3
21,C,0.8234341375809067,0.08640250854008565,0.0901633538790082,1,3,r0_3,r0,3
22,A,0.5777269278192858,0.1889437529698075,0.2333293192109068,1,3,r0_3,r0,3
22,C,0.7912855409420742,0.09992900296652983,0.10878545609139531,1,3,r0_3,r0,3
23,A,0.52652299501365,0.2010843972933173,0.2723926076930328,1,3,r0_3,r0,3
23,C,0.7559529158660935,0.1138834608621615,0.13016362327174594,1,3,r0_3,r0,3
24,A,0.47714566399114416,0.20935013344668563,0.3135042025621699,1,3,r0_3,r0,3
24,C,0.7179412877136124,0.12772718169867453,0.15433153058771432,1,3,r0_3,r0,3
25,A,0.43070007767079843,0.2134469100262274,0.3558530123029745,1,3,r0_3,r0,3
25,C,0.6779549947974226,0.14083951204976178,0.1812054931528147,1,3,r0_3,r0,3
26,A,0.3879564823604461,0.21343426888193626,0.3986092487576174,1,3,r0_3,r0,3
26,C,0.6368404523504202,0.15258392848693889,0.2105756191626407,1,3,r0_3,r0,3
27,A,0.3493544443380242,0.2096670901780029,0.44097846548397196,1,3,r0_3,r0,3
27,C,0.5955203279812364,0.16237212517480243,0.2421075468439626,1,3,r0_3,r0,3
28,A,0.3150296048784962,0.20270683731991643,0.482263557801587,1,3,r0_3,r0,3
28,C,0.5548955571096701,0.16974181522043377,0.27536262766989594,1,3,r0_3,r0,3
29,A,0.2848807599286048,0.19322622400404524,0.5218930160673493,1,3,r0_3,r0,3
29,C,0.515770056893111,0.17440598965836224,0.3098239534485269,1,3,r0_3,r0,3
30,A,0.2586530299965122,0.18191497784635918,0.5594319921571288,1,3,r0_3,r0,3
30,C,0.4787903516268606,0.17627165833329814,0.34493799003984094,1,3,r0_3,r0,3
31,A,0.2359993314675655,0.16941962295988575,0.5945810455725478,1,3,r0_3,r0,3
31,C,0.44441546922005165,0.17543195052732216,0.380152580252627,1,3,r0_3,r0,3
32,A,0.21653106857228724,0.15630843189072344,0.6271604995369889,1,3,r0_3,r0,3
32,C,0.4129203930518291,0.17213185157324426,0.41494775537492645,1,3,r0_3,r0,3
33,A,0.19985646452475375,0.14304844302561803,0.6570950924496292,1,3,r0_3,r0,3
33,C,0.38441247835410974,0.16672233522831947,0.44886518641757106,1,3,r0_3,r0,3
34,A,0.1856026254733849,0.13000366811654976,0.6843937064100646,1,3,r0_3,r0,3
34,C,0.3588629646979155,0.15961367285592365,0.48152336244616145,1,3,r0_3,r0,3
35,A,0.17342919038270513,0.117442438766186,0.7091283708511089,1,3,r0_3,r0,3
35,C,0.33614502736316404,0.15122960261154675,0.5126253700252893,1,3,r0_3,r0,3
36,A,0.16303358131581316,0.10555103358546071,0.7314153850987255,1,3,r0_3,r0,3
36,C,0.31606955095567374,0.14197340321574367,0.5419570458285823,1,3,r0_3,r0,3
37,A,0.15415107970545167,0.09444718897918357,0.751401731315365,1,3,r0_3,r0,3
37,C,0.2984118191985219,0.13220741046145398,0.5693807703400261,1,3,r0_3,r0,3
38,A,0.14655637376795133,0.08419299811643685,0.7692506281156121,1,3,r0_3,r0,3
38,C,0.2829358457685679,0.12223686626451283,0.594827287966918,1,3,r0_3,r0,3
39,A,0.14005248717565202,0.07481109700567798,0.78513641581867,1,3,r0_3,r0,3
39,C,0.2694027655506523,0.11231651547754191,0.6182807189718061,1,3,r0_3,r0,3
40,A,0.13447539339207001,0.06629216270401886,0.7992324439039095,1,3,r0_3,r0,3
40,C,0.25758812528888464,0.10264048114692809,0.6397713935641872,1,3,r0_3,r0,3
41,A,0.12968534480146174,0.05860602282256133,0.8117086323759768,1,3,r0_3,r0,3
41,C,0.24728335059756076,0.09335380565696141,0.6593628437454769,1,3,r0_3,r0,3
42,A,0.12556547395105527,0.05170725527523736,0.8227272707737067,1,3,r0_3,r0,3
42,C,0.23829998328704668,0.08455536676677267,0.6771446499461798,1,3,r0_3,r0,3
43,A,0.12201678085051379,0.045542722462330744,0.8324404966871548,1,3,r0_3,r0,3
43,C,0.23046981390989374,0.07630870560781303,0.6932214804822933,1,3,r0_3,r0,3
44,A,0.11895538993731862,0.04005508828537153,0.8409895217773092,1,3,r0_3,r0,3
44,C,0.223643831733029,0.06864883342607807,0.7077073348408944,1,3,r0_3,r0,3
45,A,0.11631071476753826,0.03518551695443971,0.848503768278021,1,3,r0_3,r0,3
45,C,0.2176914915906972,0.06158744004918897,0.7207210683601142,1,3,r0_3,r0,3
46,A,0.11402347906271304,0.030876343635157386,0.8551001773021301,1,3,r0_3,r0,3
46,C,0.2124996858847398,0.05511906132491956,0.7323812527903417,1,3,r0_3,r0,3
47,A,0.11204217889902092,0.027071150448469503,0.8608866706525098,1,3,r0_3,r0,3
47,C,0.20796762856104964,0.04922617377155245,0.7428061976673973,1,3,r0_3,r0,3
48,A,0.11032416960833427,0.023717669163232438,0.8659581612284335,1,3,r0_3,r0,3
48,C,0.20400976008063537,0.04388229434989471,0.7521079455694684,1,3,r0_3,r0,3
49,A,0.10883264527913378,0.020766925009694976,0.8704004297111707,1,3,r0_3,r0,3
49,C,0.20055098207625713,0.03905559995464083,0.7603934179691029,1,3,r0_3,r0,3
50,A,0.10753672215787421,0.01817423800842345,0.8742890398337032,1,3,r0_3,r0,3
50,C,0.19752708681883718,0.03471056761445487,0.7677623455667073,1,3,r0_3,r0,3
51,A,0.10640978619936639,0.01589881542945055,0.8776913983711829,1,3,r0_3,r0,3
51,C,0.19488205369222972,0.03081056564672134,0.7743073806610503,1,3,r0_3,r0,3
52,A,0.10542894980018351,0.013903759566259355,0.8806672906335563,1,3,r0_3,r0,3
52,C,0.1925671797857682,0.027318978682226065,0.7801138415320067,1,3,r0_3,r0,3
53,A,0.10457458660325104,0.01215592148666415,0.8832694919100846,1,3,r0_3,r0,3
53,C,0.1905401867110039,0.02419997548525283,0.7852598378037428,1,3,r0_3,r0,3
54,A,0.10382990163293074,0.010625698241867645,0.885544400125203,1,3,r0_3,r0,3
54,C,0.18876449971365114,0.021419071309021768,0.7898164289773273,1,3,r0_3,r0,3
55,A,0.10318044263280958,0.009286751418851711,0.8875328059483389,1,3,r0_3,r0,3
55,C,0.1872083682561321,0.01894368758340777,0.7938479441604599,1,3,r0_3,r0,3
56,A,0.10261372665787973,0.008115713638035465,0.8892705597040865,1,3,r0_3,r0,3
56,C,0.18584415745907185,0.01674344190147533,0.7974124006394517,1,3,r0_3,r0,3
57,A,0.10211895717917326,0.007091908488748192,0.8907891343320788,1,3,r0_3,r0,3
57,C,0.18464778988250174,0.01479024313124572,0.8005619669862531,1,3,r0_3,r0,3
58,A,0.10168679407685277,0.0061970859374564985,0.8921161199856922,1,3,r0_3,r0,3
58,C,0.18359828413005974,0.013058287765907653,0.8033434281040321,1,3,r0_3,r0,3
59,A,0.1013091524301293,0.005415172571807293,0.8932756749980638,1,3,r0_3,r0,3
59,C,0.1826773507937952,0.011524011493259044,0.8057986377129451,1,3,r0_3,r0,3
60,A,0.10097902545176606,0.004732036973821636,0.8942889375744119,1,3,r0_3,r0,3
60,C,0.1818690350212417,0.01016600934789822,0.8079649556308593,1,3,r0_3,r0,3
61,A,0.10069033243989839,0.004135272576132657,0.8951743949839694,1,3,r0_3,r0,3
61,C,0.18115940550140602,0.008964927049045866,0.809875667449548,1,3,r0_3,r0,3
62,A,0.10043779042712893,0.0036139997356860703,0.8959482098371854,1,3,r0_3,r0,3
62,C,0.18053628767834626,0.007903330440795317,0.8115603818808577,1,3,r0_3,r0,3
63,A,0.10021680566238982,0.003158687207357304,0.8966245071302534,1,3,r0_3,r0,3
63,C,0.17998903523322116,0.00696556350789882,0.8130454012588799,1,3,r0_3,r0,3
64,A,0.100023380883224,0.0027609920724659355,0.8972156270443102,1,3,r0_3,r0,3
64,C,0.1795083331463851,0.006137603880468355,0.8143540629731465,1,3,r0_3,r0,3
65,A,0.09985403548071896,0.002413616755514971,0.8977323477637668,1,3,r0_3,r0,3
65,C,0.17908602704335433,0.005406921123344639,0.8155070518333006,1,3,r0_3,r0,3
66,A,0.099705736668151565,0.002110181739343326,0.8981840815925054,1,3,r0_3,r0,3
66,C,0.17871497503949962,0.004762340457940827,0.8165226845025603,1,3,r0_3,r0,3
67,A,0.09957584019799091,0.001845112656538718,0.8985790471454705,1,3,r0_3,r0,3
67,C,0.17838891913101823,0.004193913423701257,0.8174171674452827,1,3,r0_3,r0,3
68,A,0.0994620439708317,0.0016135496117286152,0.8989244064174389,1,3,r0_3,r0,3
68,C,0.17810238377117654,0.003692807706524028,0.8182048085223005,1,3,r0_3,r0,3
69,A,0.09936233641602416,0.0014112446359774728,0.8992264189479998,1,3,r0_3,r0,3
69,C,0.17785056248299724,0.0032511776027817126,0.8188982599142232,1,3,r0_3,r0,3
70,A,0.09927495289933203,0.0012344734872537441,0.8994905736134148,1,3,r0_3,r0,3
70,C,0.17762922137453918,0.002862047218286695,0.8195087314071751,1,3,r0_3,r0,3
71,A,0.09919835165783886,0.0010799843105261397,0.8997216640316347,1,3,r0_3,r0,3
71,C,0.17743464460159983,0.0025192339185351,0.8200461214798642,1,3,r0_3,r0,3
72,A,0.09913119180683888,9.449510873953561e-4,0.8999238571057656,1,3,r0_3,r0,3
72,C,0.17726358469719114,0.0022172785743099256,0.8205191367285,1,3,r0_3,r0,3
73,A,0.09907230427574627,8.269142122302272e-4,0.9001007815120242,1,3,r0_3,r0,3
73,C,0.17711319768686237,0.0019513614541235727,0.8209354408590146,1,3,r0_3,r0,3
74,A,0.09902066449128757,7.237236338441975e-4,0.9002556118748677,1,3,r0_3,r0,3
74,C,0.17698098173204055,0.0017172194278938556,0.8213017988400653,1,3,r0_3,r0,3
75,A,0.09897537365234285,6.334980092864485e-4,0.9003911283383705,1,3,r0_3,r0,3
75,C,0.17686473416748685,0.001511080658579087,0.8216241851739353,1,3,r0_3,r0,3
76,A,0.09893564525109619,5.545951213026274e-4,0.9005097596276006,1,3,r0_3,r0,3
76,C,0.17676252001690224,0.0013296139735947173,0.8219078660095029,1,3,r0_3,r0,3
77,A,0.09890079217920804,4.8558414576642205e-4,0.9006136236750251,1,3,r0_3,r0,3
77,C,0.17667264207426095,0.0011698821521070038,0.8221574757736314,1,3,r0_3,r0,3
78,A,0.09887021343317264,4.252173840584458e-4,0.9007045691827688,1,3,r0_3,r0,3
78,C,0.17659361030575135,0.0010292956159952435,0.8223770940782532,1,3,r0_3,r0,3
79,A,0.09884338228375399,3.7240491383808334e-4,0.9007842128024077,1,3,r0_3,r0,3
79,C,0.1765241144426788,9.05570000202841e-4,0.822570315557119,1,3,r0_3,r0,3
80,A,0.0988198369294696,3.261943072177682e-4,0.9008539687633126,1,3,r0_3,r0,3
80,C,0.1764630019791646,7.966903294907361e-4,0.8227403076913451,1,3,r0_3,r0,3
81,A,0.09879917286578738,2.857540446820701e-4,0.9009150730895302,1,3,r0_3,r0,3
81,C,0.17640926002180943,7.008806174628064e-4,0.8228898593607286,1,3,r0_3,r0,3
82,A,0.09878103593431457,2.5035854536452107e-4,0.900968605520321,1,3,r0_3,r0,3
82,C,0.17636199879548045,6.165765058114378e-4,0.8230214246987078,1,3,r0_3,r0,3
83,A,0.09876511586063128,2.1937433007565018e-4,0.9010155098092945,1,3,r0_3,r0,3
83,C,0.17632043634121358,5.424001304404691e-4,0.8231371635283468,1,3,r0_3,r0,3
84,A,0.09875114059807243,1.9224789990471188e-4,0.9010566115020235,1,3,r0_3,r0,3
84,C,0.17628388503828593,4.7713771062613816e-4,0.8232389772510889,1,3,r0_3,r0,3
85,A,0.09873887158404358,1.6849555475189688e-4,0.9010926328612047,1,3,r0_3,r0,3
85,C,0.17625174018102674,4.197201234469801e-4,0.823328539695527,1,3,r0_3,r0,3
86,A,0.09872809968054333,1.4769470538304033e-4,0.9011242056140738,1,3,r0_3,r0,3
86,C,0.17622347014212397,3.6920598391043425e-4,0.823407323873965,1,3,r0_3,r0,3
87,A,0.09871864155647656,1.2947617416493023e-4,0.9011518822693582,1,3,r0_3,r0,3
87,C,0.17619860760224204,3.2476659721449144e-4,0.8234766258005438,1,3,r0_3,r0,3
88,A,0.09871033644982136,1.1351733213626393e-4,0.9011761462180433,1,3,r0_3,r0,3
88,C,0.176176741691621,2.856725010785501e-4,0.8235375858073012,1,3,r0_3,r0,3
89,A,0.09870304333976533,9.953611810938737e-5,0.9011974205421259,1,3,r0_3,r0,3
89,C,0.17615751109029218,2.51281570209356e-4,0.8235912073394974,1,3,r0_3,r0,3
90,A,0.0986966385120325,8.728590252388224e-5,0.9012160755854437,1,3,r0_3,r0,3
90,C,0.17614059804722002,2.2102860378446759e-4,0.8236383733489964,1,3,r0_3,r0,3
91,A,0.09869101344144673,7.655103859611874e-5,0.9012324355199564,1,3,r0_3,r0,3
91,C,0.1761257231562929,1.944161867903206e-4,0.8236798606569158,1,3,r0_3,r0,3
92,A,0.0986860729227427,6.714295252366413e-5,0.9012467841247331,1,3,r0_3,r0,3
92,C,0.17611264073617333,1.7100660945850002e-4,0.8237163526543683,1,3,r0_3,r0,3
93,A,0.09868173342026121,5.8896704331467444e-5,0.9012593698754066,1,3,r0_3,r0,3
93,C,0.17610113474140793,1.5041471253183876e-4,0.8237484505460589,1,3,r0_3,r0,3
94,A,0.09867792162473048,5.1667990746427036e-5,0.9012704103845235,1,3,r0_3,r0,3
94,C,0.1760910151713108,1.3230158214942264e-4,0.8237766832465399,1,3,r0_3,r0,3
95,A,0.09867457319678243,4.533054584393531e-5,0.901280096257372,1,3,r0_3,r0,3
95,C,0.17608211492894268,1.163690120675368e-4,0.8238015160589903,1,3,r0_3,r0,3
96,A,0.09867163166829884,3.977387665798732e-5,0.9012885944550431,1,3,r0_3,r0,3
96,C,0.17607428706574843,1.0235463248392398e-4,0.8238233583017688,1,3,r0_3,r0,3
97,A,0.09866904747617183,3.490127998425144e-5,0.9012960512438438,1,3,r0_3,r0,3
97,C,0.1760674023524761,9.002761524515803e-5,0.8238425700322795,1,3,r0_3,r0,3
98,A,0.09866677711295999,3.062810566396111e-5,0.9013025947813758,1,3,r0_3,r0,3
98,C,0.17606134713824703,7.918488621883208e-5,0.8238594679755346,1,3,r0_3,r0,3
99,A,0.0986647823830543,2.68802412215875e-5,0.9013083373757246,1,3,r0_3,r0,3
99,C,0.17605602146924088,6.964779093717202e-5,0.823874330739822,1,3,r0_3,r0,3
100,A,0.09866302975211144,2.359279145833989e-5,0.9013133774564307,1,3,r0_3,r0,3
100,C,0.17605133743771623,6.125916252013547e-5,0.8238874033997635,1,3,r0_3,r0,3
101,A,0.09866148977688272,2.0708925555532612e-5,0.9013178012975611,1,3,r0_3,r0,3
101,C,0.17604721773108226,5.388074195968608e-5,0.8238989015269567,1,3,r0_3,r0,3
102,A,0.09866013660449821,1.8178868299194858e-5,0.9013216845272027,1,3,r0_3,r0,3
102,C,0.1760435943547338,4.739090642023061e-5,0.8239090147388463,1,3,r0_3,r0,3
103,A,0.09865894753287736,1.5959017585639827e-5,0.901325093449537,1,3,r0_3,r0,3
103,C,0.1760404075080179,4.168266887646663e-5,0.8239179098231066,1,3,r0_3,r0,3
104,A,0.09865790262533249,1.401117342533689e-5,0.9013280862012423,1,3,r0_3,r0,3
104,C,0.1760376045960901,3.66619179234784e-5,0.8239257334859877,1,3,r0_3,r0,3
105,A,0.09865698437278084,1.2301864543169913e-5,0.9013307137626768,1,3,r0_3,r0,3
105,C,0.176035139361557,3.2245869516075285e-5,0.8239326147689273,1,3,r0_3,r0,3
106,A,0.09865617739741624,1.0801759636471202e-5,0.9013330208429465,1,3,r0_3,r0,3
106,C,0.17603297112093938,2.8361704819146326e-5,0.8239386671742424,1,3,r0_3,r0,3
107,A,0.09865546819256088,9.485152203125828e-6,0.9013350466552352,1,3,r0_3,r0,3
107,C,0.17603106409292402,2.494537143930433e-5,0.8239439905356377,1,3,r0_3,r0,3
108,A,0.09865484489430726,8.329509776678835e-6,0.9013368255959157,1,3,r0_3,r0,3
108,C,0.17602938680744531,2.1940528508858486e-5,0.8239486726640464,1,3,r0_3,r0,3
109,A,0.0986542970811671,7.315079681100067e-6,0.9013383878391522,1,3,r0_3,r0,3
109,C,0.17602791158607362,1.9297618620866103e-5,0.8239527907953054,1,3,r0_3,r0,3
110,A,0.09865381559828464,6.424544201232705e-6,0.9013397598575142,1,3,r0_3,r0,3
110,C,0.17602661408515707,1.697305147163878e-5,0.8239564128633713,1,3,r0_3,r0,3
111,A,0.09865339240314548,5.642718822324627e-6,0.9013409648780328,1,3,r0_3,r0,3
111,C,0.17602547289403767,1.492848570309994e-5,0.8239595986202591,1,3,r0_3,r0,3
112,A,0.09865302043010896,4.956288054465499e-6,0.9013420232818364,1,3,r0_3,r0,3
112,C,0.17602446918163997,1.3130197071481746e-5,0.8239624006212884,1,3,r0_3,r0,3
113,A,0.09865269347147762,4.353574153411885e-6,0.9013429529543685,1,3,r0_3,r0,3
113,C,0.1760235863856253,1.1548522588217481e-5,0.8239648650917865,1,3,r0_3,r0,3
114,A,0.09865240607309274,3.824334656858246e-6,0.9013437695922503,1,3,r0_3,r0,3
114,C,0.17602280993902147,1.015737155685505e-5,0.8239670326894214,1,3,r0_3,r0,3
115,A,0.09865215344267943,3.35958512334289e-6,0.9013444869721973,1,3,r0_3,r0,3
115,C,0.17602212702981687,8.933795475551004e-6,0.8239689391747075,1,3,r0_3,r0,3
116,A,0.09865193136937177,2.95144389022654e-6,0.9013451171867376,1,3,r0_3,r0,3
116,C,0.17602152638952784,7.85760969873957e-6,0.8239706160007724,1,3,r0_3,r0,3
117,A,0.0986517361530379,2.5929960877942385e-6,0.901345670850874,1,3,r0_3,r0,3
117,C,0.17602099810723218,6.911060628480616e-6,0.823972090832139,1,3,r0_3,r0,3
118,A,0.09865156454221777,2.278174511453743e-6,0.9013461572832712,1,3,r0_3,r0,3
118,C,0.17602053346600396,6.078532962098193e-6,0.8239733880010339,1,3,r0_3,r0,3
119,A,0.09865141367962033,2.0016552567177555e-6,0.9013465846651227,1,3,r0_3,r0,3
119,C,0.17602012479906023,5.346292185825399e-6,0.8239745289087528,1,3,r0_3,r0,3
120,A,0.09865128105425873,1.7587662753003195e-6,0.9013469601794651,1,3,r0_3,r0,3
120,C,0.176019765363245,4.702258074270321e-6,0.8239755323786792,1,3,r0_3,r0,3
121,A,0.09865116445941023,1.545407237989974e-6,0.9013472901333515,1,3,r0_3,r0,3
121,C,0.1760194492277571,4.135805460645035e-6,0.823976414966781,1,3,r0_3,r0,3
122,A,0.09865106195568887,1.3579792960056785e-6,0.9013475800650155,1,3,r0_3,r0,3
122,C,0.17601917117628155,3.6375889937832746e-6,0.8239771912347245,1,3,r0_3,r0,3
123,A,0.09865097183860876,1.1933235125753889e-6,0.9013478348378784,1,3,r0_3,r0,3
123,C,0.17601892662091118,3.1993889961042483e-6,0.8239778739900925,1,3,r0_3,r0,3
124,A,0.09865089261009118,1.0486668898373101e-6,0.9013480587230202,1,3,r0_3,r0,3
124,C,0.17601871152644094,2.8139758840788904e-6,0.8239784744976741,1,3,r0_3,r0,3
125,A,0.09865082295343354,9.215750485280837e-7,0.9013482554715181,1,3,r0_3,r0,3
125,C,0.17601852234378373,2.474990916570994e-6,0.8239790026653002,1,3,r0_3,r0,3
126,A,0.09865076171132148,8.099107349932042e-7,0.9013484283779448,1,3,r0_3,r0,3
126,C,0.1760183559514058,2.17684130448437e-6,0.8239794672072908,1,3,r0_3,r0,3
127,A,0.09865070786650758,7.117974338228283e-7,0.9013485803360586,1,3,r0_3,r0,3
127,C,0.1760182096038199,1.9146079522681184e-6,0.823979875788227,1,3,r0_3,r0,3
128,A,0.09865066052483965,6.255874549991823e-7,0.9013487138877053,1,3,r0_3,r0,3
128,C,0.17601808088628423,1.6839643105907513e-6,0.8239802351494045,1,3,r0_3,r0,3
129,A,0.09865061890034574,5.498339428458323e-7,0.901348831265711,1,3,r0_3,r0,3
129,C,0.17601796767495478,1.4811050025392153e-6,0.8239805512200425,1,3,r0_3,r0,3
130,A,0.098650582302131265,4.832663223868444e-7,0.9013489344315461,1,3,r0_3,r0,3
130,C,0.1760178681018423,1.302683046395914e-6,0.8239808292151104,1,3,r0_3,r0,3
131,A,0.09865055012286475,4.2476875880295325e-7,0.9013490251083763,1,3,r0_3,r0,3
131,C,0.17601778052399109,1.1457546395902538e-6,0.8239810737213707,1,3,r0_3,r0,3
132,A,0.09865052182865948,3.733612584995031e-7,0.9013491048100813,1,3,r0_3,r0,3
132,C,0.1760177034963664,1.0077305931839866e-6,0.8239812887730404,1,3,r0_3,r0,3
133,A,0.09865049695018308,3.2818308646996404e-7,0.9013491748667302,1,3,r0_3,r0,3
133,C,0.17601763574801524,8.863336160027112e-7,0.82398147791837,1,3,r0_3,r0,3
134,A,0.09865047507484387,2.884782148946648e-7,0.901349236446941,1,3,r0_3,r0,3
134,C,0.17601757616109134,7.795607439816282e-7,0.823981644278165,1,3,r0_3,r0,3
135,A,0.0986504558399241,2.535825531012992e-7,0.9013492905775218,1,3,r0_3,r0,3
135,C,0.1760175237524131,6.856502950231703e-7,0.8239817905972926,1,3,r0_3,r0,3
136,A,0.09865043892654633,2.2291273988409597e-7,0.9013493381607143,1,3,r0_3,r0,3
136,C,0.17601747765724007,6.030528042225246e-7,0.8239819192899567,1,3,r0_3,r0,3
137,A,0.09865042405436943,1.9595630629258194e-7,0.9013493799893234,1,3,r0_3,r0,3
137,C,0.17601743711500334,5.304054600955105e-7,0.8239820324795366,1,3,r0_3,r0,3
138,A,0.09865041097692755,1.7226304068806887e-7,0.9013494167600317,1,3,r0_3,r0,3
138,C,0.17601740145675868,4.6650962012622936e-7,0.8239821320336198,1,3,r0_3,r0,3
139,A,0.09865039947753286,1.514374085986549e-7,0.9013494490850579,1,3,r0_3,r0,3
139,C,0.1760173700941477,4.1031103473698327e-7,0.8239822195948173,1,3,r0_3,r0,3
140,A,0.09865038936567595,1.3313189805915205e-7,0.9013494775024274,1,3,r0_3,r0,3
140,C,0.17601734250968815,3.608824534404992e-7,0.8239822966078558,1,3,r0_3,r0,3
141,A,0.09865038047385943,1.1704117704481849e-7,0.9013495024849638,1,3,r0_3,r0,3
141,C,0.1760173182482397,3.1740832623123713e-7,0.8239823643434337,1,3,r0_3,r0,3
142,A,0.09865037265481742,1.02896963566778e-7,0.9013495244482193,1,3,r0_3,r0,3
142,C,0.17601729690948878,2.791713478394104e-7,0.8239824239191635,1,3,r0_3,r0,3
143,A,0.09865036577906922,9.046352122455226e-8,0.9013495437574095,1,3,r0_3,r0,3
143,C,0.17601727814134824,2.455406228691945e-7,0.8239824763180306,1,3,r0_3,r0,3
144,A,0.09865035973277037,7.953370372170038e-8,0.901349560733526,1,3,r0_3,r0,3
144,C,0.1760172616341444,2.1596125657576568e-7,0.8239825224045997,1,3,r0_3,r0,3
145,A,0.09865035441582268,6.992548123753367e-8,0.901349575658696,1,3,r0_3,r0,3
145,C,0.17601724711550995,1.899451995474181e-7,0.8239825629392906,1,3,r0_3,r0,3
146,A,0.09865034974021551,6.147889231771779e-8,0.9013495887808922,1,3,r0_3,r0,3
146,C,0.17601723434589134,1.6706320081873908e-7,0.8239825985909085,1,3,r0_3,r0,3
147,A,0.09865034562847994,5.4053208940384185e-8,0.9013496003183105,1,3,r0_3,r0,3
147,C,0.1760172231143687,1.4693731661130902e-7,0.8239826299483144,1,3,r0_3,r0,3
148,A,0.09865034201255003,4.7524847508866827e-8,0.9013496104626024,1,3,r0_3,r0,3
148,C,0.17601721323556885,1.29235378337937e-7,0.8239826575290538,1,3,r0_3,r0,3
149,A,0.09865033883266784,4.178536460164319e-8,0.901349619381968,1,3,r0_3,r0,3
149,C,0.17601720454669811,1.1366567876356737e-7,0.823982681787623,1,3,r0_3,r0,3
150,A,0.09865033603629328,3.673945973909095e-8,0.9013496272242477,1,3,r0_3,r0,3
150,C,0.1760171969045876,9.997167438251996e-8,0.8239827031237383,1,3,r0_3,r0,3
151,A,0.09865033357726904,3.2303449671557223e-8,0.9013496341192808,1,3,r0_3,r0,3
151,C,0.17601719018343054,8.79279328169218e-8,0.8239827218886359,1,3,r0_3,r0,3
152,A,0.09865033141493879,2.840365268505825e-8,0.9013496401814092,1,3,r0_3,r0,3
152,C,0.17601718427238452,7.733583524982665e-8,0.8239827383917796,1,3,r0_3,r0,3
153,A,0.09865032951340331,2.4975035650435602e-8,0.9013496455115617,1,3,r0_3,r0,3
153,C,0.17601717907355893,6.801997229835904e-8,0.823982752906469,1,3,r0_3,r0,3
154,A,0.09865032784109228,2.196042948998334e-8,0.901349650198479,1,3,r0_3,r0,3
154,C,0.1760171745008455,5.982604683598759e-8,0.8239827656731078,1,3,r0_3,r0,3
155,A,0.09865032637035871,1.9309792330468497e-8,0.9013496543198488,1,3,r0_3,r0,3
155,C,0.17601717047881968,5.2618904707915686e-8,0.8239827769022767,1,3,r0_3,r0,3
156,A,0.09865032507695329,1.6979249848452375e-8,0.9013496579437951,1,3,r0_3,r0,3
156,C,0.17601716694131042,4.627997430299224e-8,0.8239827867787147,1,3,r0_3,r0,3
157,A,0.09865032393951698,1.4930169216030164e-8,0.9013496611303135,1,3,r0_3,r0,3
157,C,0.17601716383002128,4.070479381491344e-8,0.8239827954651835,1,3,r0_3,r0,3
158,A,0.09865032293920682,1.312848135792906e-8,0.9013496639323113,1,3,r0_3,r0,3
158,C,0.17601716109351753,3.580119655763904e-8,0.8239828031052855,1,3,r0_3,r0,3
159,A,0.09865032205946342,1.1544254473823182e-8,0.9013496663962821,1,3,r0_3,r0,3
159,C,0.1760171586865863,3.14881653202481e-8,0.8239828098252483,1,3,r0_3,r0,3
160,A,0.09865032128575968,1.0151239803051318e-8,0.9013496685630008,1,3,r0_3,r0,3
160,C,0.17601715656955605,2.7694613109068214e-8,0.8239828157358319,1,3,r0_3,r0,3
161,A,0.09865032060532895,8.926377675155686e-9,0.9013496704682941,1,3,r0_3,r0,3
161,C,0.17601715470755872,2.4358058340135322e-8,0.8239828209343839,1,3,r0_3,r0,3
162,A,0.09865032000698254,7.849463369504864e-9,0.9013496721435538,1,3,r0_3,r0,3
162,C,0.17601715307002838,2.1423730021808882e-8,0.8239828255062427,1,3,r0_3,r0,3
163,A,0.09865031948091901,6.90280335312511e-9,0.9013496736162773,1,3,r0_3,r0,3
163,C,0.17601715163018514,1.884364197754823e-8,0.8239828295261713,1,3,r0_3,r0,3
164,A,0.098650319018362,6.070557996472161e-9,0.9013496749110791,1,3,r0_3,r0,3
164,C,0.1760171503640484,1.6574821107656114e-8,0.8239828330611293,1,3,r0_3,r0,3
165,A,0.098650318611575,5.338767441965265e-9,0.9013496760496577,1,3,r0_3,r0,3
165,C,0.1760171492504734,1.4579378796246695e-8,0.8239828361701476,1,3,r0_3,r0,3
166,A,0.09865031825284408,4.693518009143623e-9,0.9013496770536373,1,3,r0_3,r0,3
166,C,0.17601714826837575,1.2819533683471732e-8,0.8239828389120891,1,3,r0_3,r0,3
167,A,0.0986503179367195,4.124982043177808e-9,0.9013496779382985,1,3,r0_3,r0,3
167,C,0.17601714740285615,1.1268586625374226e-8,0.8239828413285583,1,3,r0_3,r0,3
168,A,0.09865031765825405,3.62424222192769e-9,0.9013496787175034,1,3,r0_3,r0,3
168,C,0.17601714664038645,9.902297940475773e-9,0.8239828434573164,1,3,r0_3,r0,3
169,A,0.09865031742868463,3.21150960946136e-9,0.9013496793598058,1,3,r0_3,r0,3
169,C,0.1760171460117314,8.77579426310802e-9,0.8239828452124746,1,3,r0_3,r0,3
170,A,0.09865031722524381,2.845792030167589e-9,0.901349679928964,1,3,r0_3,r0,3
170,C,0.17601714545459304,7.777443664835048e-9,0.823982846767963,1,3,r0_3,r0,3
171,A,0.09865031704495744,2.5217321254177258e-9,0.9013496804333111,1,3,r0_3,r0,3
171,C,0.17601714496083568,6.8926672296774155e-9,0.8239828481464953,1,3,r0_3,r0,3
172,A,0.09865031688518953,2.2345832646494242e-9,0.9013496808802273,1,3,r0_3,r0,3
172,C,0.17601714452324982,6.108544563338356e-9,0.8239828493682054,1,3,r0_3,r0,3
173,A,0.09865031674360496,1.980139886585073e-9,0.9013496812762556,1,3,r0_3,r0,3
173,C,0.17601714413544417,5.413625116981853e-9,0.8239828504509303,1,3,r0_3,r0,3
174,A,0.09865031661813384,1.7546757911439567e-9,0.9013496816271906,1,3,r0_3,r0,3
174,C,0.17601714379175606,4.797760975337514e-9,0.8239828514104823,1,3,r0_3,r0,3
175,A,0.09865031650694235,1.5548894735612707e-9,0.9013496819381692,1,3,r0_3,r0,3
175,C,0.17601714348716696,4.251958667065216e-9,0.823982852260875,1,3,r0_3,r0,3
176,A,0.09865031640840488,1.377855696406316e-9,0.9013496822137391,1,3,r0_3,r0,3
176,C,0.17601714321722817,3.768247833384067e-9,0.8239828530145253,1,3,r0_3,r0,3
177,A,0.09865031632108162,1.2209825871456849e-9,0.9013496824579369,1,3,r0_3,r0,3
177,C,0.1760171429779986,3.3395648371490865e-9,0.8239828536824382,1,3,r0_3,r0,3
178,A,0.09865031624369579,1.0819736303250272e-9,0.9013496826743298,1,3,r0_3,r0,3
178,C,0.1760171427659834,2.959649612730892e-9,0.8239828542743667,1,3,r0_3,r0,3
179,A,0.09865031617511662,9.587939955516905e-10,0.9013496828660899,1,3,r0_3,r0,3
179,C,0.17601714257808798,2.6229542504075838e-9,0.823982854798959,1,3,r0_3,r0,3
180,A,0.0986503161143418,8.496407063182874e-10,0.9013496830360171,1,3,r0_3,r0,3
180,C,0.17601714241156774,2.324561980334924e-9,0.8239828552638704,1,3,r0_3,r0,3
181,A,0.09865031606048297,7.529162112597365e-10,0.9013496831866001,1,3,r0_3,r0,3
181,C,0.1760171422639911,2.060115373024769e-9,0.8239828556758931,1,3,r0_3,r0,3
182,A,0.09865031601275326,6.672049695199965e-10,0.9013496833200413,1,3,r0_3,r0,3
182,C,0.17601714213320324,1.825752707848776e-9,0.8239828560410433,1,3,r0_3,r0,3
183,A,0.098650315970455,5.912527062610125e-10,0.901349683438292,1,3,r0_3,r0,3
183,C,0.17601714201729415,1.6180515803613787e-9,0.823982856364654,1,3,r0_3,r0,3
184,A,0.09865031593297008,5.239480336307953e-10,0.901349683543082,1,3,r0_3,r0,3
184,C,0.17601714191457096,1.433978924943482e-9,0.8239828566514488,1,3,r0_3,r0,3
185,A,0.09865031589975075,4.643061673008798e-10,0.9013496836359433,1,3,r0_3,r0,3
185,C,0.176017141823534,1.2708467229506017e-9,0.8239828569056198,1,3,r0_3,r0,3
186,A,0.09865031587031148,4.114544994996633e-10,0.9013496837182349,1,3,r0_3,r0,3
186,C,0.17601714174285352,1.1262727495739928e-9,0.8239828571308747,1,3,r0_3,r0,3
187,A,0.09865031584422214,3.6461981676257876e-10,0.9013496837911575,1,3,r0_3,r0,3
187,C,0.17601714167135124,9.98145786203238e-10,0.8239828573305031,1,3,r0_3,r0,3
188,A,0.0986503158211016,3.231169747954238e-10,0.901349683855782,1,3,r0_3,r0,3
188,C,0.17601714160798315,8.845947902879494e-10,0.8239828575074222,1,3,r0_3,r0,3
189,A,0.09865031580061191,2.8633886395310215e-10,0.9013496839130491,1,3,r0_3,r0,3
189,C,0.17601714155182366,7.839615715941685e-10,0.8239828576642124,1,3,r0_3,r0,3
190,A,0.09865031578245374,2.537475196648697e-10,0.9013496839637982,1,3,r0_3,r0,3
190,C,0.1760171415020539,6.947765803842957e-10,0.823982857803171,1,3,r0_3,r0,3
191,A,0.09865031576636198,2.2486624429057573e-10,0.9013496840087726,1,3,r0_3,r0,3
191,C,0.17601714145794528,6.157374448971236e-10,0.823982857926317,1,3,r0_3,r0,3
192,A,0.09865031575210084,1.9927262783475079e-10,0.9013496840486254,1,3,r0_3,r0,3
192,C,0.176017141418855,5.456899534234411e-10,0.8239828580354551,1,3,r0_3,r0,3
193,A,0.09865031573946256,1.7659236388626378e-10,0.9013496840839442,1,3,r0_3,r0,3
193,C,0.17601714138421165,4.836111995139272e-10,0.8239828581321769,1,3,r0_3,r0,3
194,A,0.09865031572826248,1.5649377019370397e-10,0.9013496841152437,1,3,r0_3,r0,3
194,C,0.17601714135350932,4.2859464445620146e-10,0.823982858217898,1,3,r0_3,r0,3
195,A,0.09865031571833689,1.3868293360183672e-10,0.901349684142981,1,3,r0_3,r0,3
195,C,0.17601714132629917,3.798368790704649e-10,0.823982858293863,1,3,r0_3,r0,3
196,A,0.09865031570954035,1.2289940817594083e-10,0.9013496841675597,1,3,r0_3,r0,3
196,C,0.17601714130218532,3.366258915064383e-10,0.8239828583611889,1,3,r0_3,r0,3
197,A,0.0986503157017449,1.0891240345835432e-10,0.9013496841893425,1,3,r0_3,r0,3
197,C,0.17601714128081414,2.9833066971635266e-10,0.8239828584208544,1,3,r0_3,r0,3
198,A,0.09865031569483645,9.651740699260313e-11,0.9013496842086457,1,3,r0_3,r0,3
198,C,0.1760171412618747,2.643919867690245e-10,0.8239828584737339,1,3,r0_3,r0,3
199,A,0.09865031568871409,8.553319162097886e-11,0.9013496842257523,1,3,r0_3,r0,3
199,C,0.17601714124508944,2.3431423444297573e-10,0.8239828585205964,1,3,r0_3,r0,3
200,A,0.09865031568328837,7.57991637049769e-11,0.9013496842409118,1,3,r0_3,r0,3
200,C,0.1760171412302141,2.0765818584460558e-10,0.8239828585621283,1,3,r0_3,r0,3
201,A,0.09865031567847976,6.717301341771304e-11,0.9013496842543464,1,3,r0_3,r0,3
201,C,0.17601714121703063,1.8403458136390895e-10,0.8239828585989346,1,3,r0_3,r0,3
202,A,0.09865031567421839,5.952863268673984e-11,0.9013496842662527,1,3,r0_3,r0,3
202,C,0.17601714120534737,1.6309844430344786e-10,0.8239828586315556,1,3,r0_3,r0,3
203,A,0.09865031567044197,5.2754270289751185e-11,0.901349684276804,1,3,r0_3,r0,3
203,C,0.17601714119499273,1.4454404317166581e-10,0.8239828586604638,1,3,r0_3,r0,3
204,A,0.09865031566709516,4.675089708213833e-11,0.9013496842861537,1,3,r0_3,r0,3
204,C,0.1760171411858161,1.2810042707488479e-10,0.8239828586860829,1,3,r0_3,r0,3
205,A,0.09865031566412906,4.143075741534449e-11,0.9013496842944394,1,3,r0_3,r0,3
205,C,0.17601714117768383,1.1352746901126104e-10,0.8239828587087895,1,3,r0_3,r0,3
206,A,0.09865031566150056,3.671608553370435e-11,0.9013496843017837,1,3,r0_3,r0,3
206,C,0.17601714117047645,1.0061235928687774e-10,0.8239828587289116,1,3,r0_3,r0,3
207,A,0.09865031565917107,3.2537968155024835e-11,0.901349684308291,1,3,r0_3,r0,3
207,C,0.17601714116408915,8.916649784727778e-11,0.8239828587467453,1,3,r0_3,r0,3
208,A,0.09865031565710683,2.8835336582080153e-11,0.9013496843140585,1,3,r0_3,r0,3
208,C,0.17601714115842787,7.902274014310004e-11,0.8239828587625484,1,3,r0_3,r0,3
209,A,0.09865031565527706,2.5554073604487465e-11,0.901349684319169,1,3,r0_3,r0,3
209,C,0.1760171411534114,7.003295638727241e-11,0.8239828587765564,1,3,r0_3,r0,3
210,A,0.09865031565365566,2.2646222043708764e-11,0.9013496843236978,1,3,r0_3,r0,3
210,C,0.17601714114896505,6.206586817506129e-11,0.823982858788969,1,3,r0_3,r0,3
211,A,0.09865031565221893,2.006928350266874e-11,0.901349684327712,1,3,r0_3,r0,3
211,C,0.1760171411450253,5.5005131646588505e-11,0.8239828587999716,1,3,r0_3,r0,3
212,A,0.09865031565094544,1.77855969167963e-11,0.9013496843312685,1,3,r0_3,r0,3
212,C,0.17601714114153288,4.874763845856139e-11,0.8239828588097201,1,3,r0_3,r0,3
213,A,0.09865031564981684,1.576178787098349e-11,0.901349684334422,1,3,r0_3,r0,3
213,C,0.17601714113843797,4.3202010072888726e-11,0.8239828588183592,1,3,r0_3,r0,3
214,A,0.09865031564881674,1.3968280619668128e-11,0.9013496843372146,1,3,r0_3,r0,3
214,C,0.17601714113569553,3.8287263351558553e-11,0.8239828588260188,1,3,r0_3,r0,3
215,A,0.09865031564793034,1.23788656665703e-11,0.9013496843396906,1,3,r0_3,r0,3
215,C,0.17601714113326472,3.393162795596168e-11,0.8239828588328036,1,3,r0_3,r0,3
216,A,0.09865031564714488,1.097031657691205e-11,0.9013496843418846,1,3,r0_3,r0,3
216,C,0.17601714113111042,3.0071498281105025e-11,0.8239828588388184,1,3,r0_3,r0,3
217,A,0.09865031564644873,9.722050415685008e-12,0.9013496843438302,1,3,r0_3,r0,3
217,C,0.1760171411292013,2.6650504619775646e-11,0.8239828588441478,1,3,r0_3,r0,3
218,A,0.09865031564583168,8.61582684413784e-12,0.9013496843455526,1,3,r0_3,r0,3
218,C,0.17601714112750944,2.3618689992835144e-11,0.8239828588488723,1,3,r0_3,r0,3
219,A,0.09865031564528508,7.635481472498621e-12,0.9013496843470798,1,3,r0_3,r0,3
219,C,0.1760171411260102,2.093178062486776e-11,0.8239828588530581,1,3,r0_3,r0,3
220,A,0.09865031564480048,6.766689568318887e-12,0.9013496843484325,1,3,r0_3,r0,3
220,C,0.17601714112468145,1.8550539411912148e-11,0.8239828588567687,1,3,r0_3,r0,3
221,A,0.0986503156443711,5.996756664077008e-12,0.9013496843496334,1,3,r0_3,r0,3
221,C,0.1760171411235038,1.644019293994062e-11,0.8239828588600577,1,3,r0_3,r0,3
222,A,0.0986503156439904,5.314433001316025e-12,0.9013496843506953,1,3,r0_3,r0,3
222,C,0.17601714112246006,1.45699236868149e-11,0.8239828588629711,1,3,r0_3,r0,3
223,A,0.09865031564365316,4.709749097387759e-12,0.9013496843516364,1,3,r0_3,r0,3
223,C,0.17601714112153496,1.2912419992323029e-11,0.8239828588655531,1,3,r0_3,r0,3
224,A,0.09865031564335437,4.173870029935418e-12,0.9013496843524731,1,3,r0_3,r0,3
224,C,0.1760171411207153,1.1443477224491128e-11,0.8239828588678418,1,3,r0_3,r0,3
225,A,0.09865031564308936,3.698966308105076e-12,0.9013496843532117,1,3,r0_3,r0,3
225,C,0.17601714111998842,1.0141644317984542e-11,0.8239828588698691,1,3,r0_3,r0,3
226,A,0.09865031564285465,3.2780994421385256e-12,0.9013496843538671,1,3,r0_3,r0,3
226,C,0.17601714111934474,8.987910522983562e-12,0.8239828588716683,1,3,r0_3,r0,3
227,A,0.09865031564264658,2.9051205380239373e-12,0.9013496843544486,1,3,r0_3,r0,3
227,C,0.17601714111877426,7.965427790112891e-12,0.8239828588732607,1,3,r0_3,r0,3
228,A,0.09865031564246225,2.5745804344139656e-12,0.9013496843549632,1,3,r0_3,r0,3
228,C,0.17601714111826822,7.0592647374000374e-12,0.8239828588746718,1,3,r0_3,r0,3
229,A,0.0986503156422988,2.2816500688400984e-12,0.90134968435542,1,3,r0_3,r0,3
229,C,0.17601714111782021,6.256188608253516e-12,0.8239828588759234,1,3,r0_3,r0,3
230,A,0.09865031564215399,2.0220499038655953e-12,0.9013496843558249,1,3,r0_3,r0,3
230,C,0.17601714111742325,5.544472027112068e-12,0.8239828588770332,1,3,r0_3,r0,3
231,A,0.09865031564202571,1.7919873913990118e-12,0.9013496843561823,1,3,r0_3,r0,3
231,C,0.17601714111707126,4.9137217493450026e-12,0.8239828588780154,1,3,r0_3,r0,3
232,A,0.09865031564191204,1.5881015512028149e-12,0.9013496843565003,1,3,r0_3,r0,3
232,C,0.17601714111675895,4.35472688677678e-12,0.8239828588788861,1,3,r0_3,r0,3
233,A,0.09865031564181129,1.4074138575507627e-12,0.9013496843567818,1,3,r0_3,r0,3
233,C,0.17601714111648295,3.859324400155031e-12,0.8239828588796589,1,3,r0_3,r0,3
234,A,0.09865031564172187,1.2472847157497669e-12,0.9013496843570312,1,3,r0_3,r0,3
234,C,0.1760171411162376,3.4202798937897e-12,0.8239828588803422,1,3,r0_3,r0,3
235,A,0.09865031564164262,1.1053748920809044e-12,0.9013496843572525,1,3,r0_3,r0,3
235,C,0.17601714111602063,3.0311819712274388e-12,0.8239828588809489,1,3,r0_3,r0,3
236,A,0.0986503156415724,9.7961133334805e-13,0.9013496843574484,1,3,r0_3,r0,3
236,C,0.17601714111582814,2.6863486092314715e-12,0.8239828588814864,1,3,r0_3,r0,3
237,A,0.09865031564151033,8.681568764060831e-13,0.9013496843576212,1,3,r0_3,r0,3
237,C,0.17601714111565758,2.380744182841349e-12,0.8239828588819625,1,3,r0_3,r0,3
238,A,0.09865031564145521,7.693834049159817e-13,0.901349684357776,1,3,r0_3,r0,3
238,C,0.17601714111550615,2.1099059298248733e-12,0.8239828588823834,1,3,r0_3,r0,3
239,A,0.09865031564140637,6.818480609742727e-13,0.9013496843579122,1,3,r0_3,r0,3
239,C,0.17601714111537264,1.8698787806786553e-12,0.8239828588827577,1,3,r0_3,r0,3
240,A,0.09865031564136321,6.042721639260917e-13,0.9013496843580332,1,3,r0_3,r0,3
240,C,0.17601714111525382,1.657157602496118e-12,0.8239828588830898,1,3,r0_3,r0,3
241,A,0.0986503156413248,5.355225282483288e-13,0.9013496843581398,1,3,r0_3,r0,3
241,C,0.1760171411151487,1.468636013286974e-12,0.8239828588833831,1,3,r0_3,r0,3
242,A,0.09865031564129079,4.745949074608219e-13,0.9013496843582346,1,3,r0_3,r0,3
242,C,0.17601714111505537,1.3015610192806813e-12,0.8239828588836442,1,3,r0_3,r0,3
243,A,0.09865031564126063,4.205993221023609e-13,0.9013496843583184,1,3,r0_3,r0,3
243,C,0.17601714111497271,1.1534928127798843e-12,0.8239828588838747,1,3,r0_3,r0,3
244,A,0.09865031564123393,3.7274705734914135e-13,0.9013496843583928,1,3,r0_3,r0,3
244,C,0.17601714111489955,1.0222691434895447e-12,0.8239828588840791,1,3,r0_3,r0,3
245,A,0.09865031564121032,3.303391402588634e-13,0.9013496843584597,1,3,r0_3,r0,3
245,C,0.17601714111483452,9.059737430341464e-13,0.8239828588842589,1,3,r0_3,r0,3
246,A,0.09865031564118935,2.9275612825113125e-13,0.9013496843585184,1,3,r0_3,r0,3
246,C,0.17601714111477715,8.029083415644005e-13,0.823982858884421,1,3,r0_3,r0,3
247,A,0.0986503156411707,2.594490596002729e-13,0.9013496843585703,1,3,r0_3,r0,3
247,C,0.1760171411147262,7.115678678102206e-13,0.8239828588845635,1,3,r0_3,r0,3
248,A,0.09865031564115423,2.299314337005806e-13,0.9013496843586162,1,3,r0_3,r0,3
248,C,0.17601714111468114,6.306184704249016e-13,0.8239828588846901,1,3,r0_3,r0,3
249,A,0.09865031564113969,2.037721038551184e-13,0.9013496843586571,1,3,r0_3,r0,3
249,C,0.17601714111464098,5.588780390242246e-13,0.8239828588848008,1,3,r0_3,r0,3
250,A,0.09865031564112668,1.8058897903324548e-13,0.9013496843586933,1,3,r0_3,r0,3
250,C,0.17601714111460542,4.952989437199602e-13,0.8239828588849001,1,3,r0_3,r0,3
251,A,0.09865031564111536,1.6004344198133592e-13,0.9013496843587254,1,3,r0_3,r0,3
251,C,0.17601714111457406,4.389527346012499e-13,0.8239828588849885,1,3,r0_3,r0,3
252,A,0.09865031564110505,1.4183540267868416e-13,0.901349684358753,1,3,r0_3,r0,3
252,C,0.1760171411145462,3.890165839683017e-13,0.8239828588850654,1,3,r0_3,r0,3
253,A,0.09865031564109618,1.2569891463042903e-13,0.9013496843587786,1,3,r0_3,r0,3
253,C,0.17601714111452155,3.447612706535217e-13,0.8239828588851349,1,3,r0_3,r0,3
254,A,0.0986503156410881,1.1139828996173024e-13,0.9013496843588008,1,3,r0_3,r0,3
254,C,0.1760171411144998,3.0554053115495035e-13,0.8239828588851965,1,3,r0_3,r0,3
255,A,0.09865031564108107,9.872465656244141e-14,0.9013496843588208,1,3,r0_3,r0,3
255,C,0.17601714111447994,2.707816222059973e-13,0.8239828588852497,1,3,r0_3,r0,3
256,A,0.09865031564107486,8.749290698001683e-14,0.9013496843588379,1,3,r0_3,r0,3
256,C,0.17601714111446307,2.3997695696608296e-13,0.8239828588852979,1,3,r0_3,r0,3
257,A,0.09865031564106919,7.75389944828456e-14,0.9013496843588534,1,3,r0_3,r0,3
257,C,0.1760171411144478,2.1267669269493622e-13,0.8239828588853406,1,3,r0_3,r0,3
258,A,0.09865031564106432,6.871753678913943e-14,0.9013496843588666,1,3,r0_3,r0,3
258,C,0.17601714111443414,1.8848216166787206e-13,0.8239828588853781,1,3,r0_3,r0,3
259,A,0.09865031564105983,6.08996924521023e-14,0.9013496843588792,1,3,r0_3,r0,3
259,C,0.17601714111442213,1.6704004940328824e-13,0.8239828588854105,1,3,r0_3,r0,3
260,A,0.09865031564105599,5.397127887606404e-14,0.9013496843588905,1,3,r0_3,r0,3
260,C,0.1760171411144117,1.4803723518664918e-13,0.8239828588854412,1,3,r0_3,r0,3
261,A,0.0986503156410527,4.783110446881789e-14,0.9013496843588993,1,3,r0_3,r0,3
261,C,0.1760171411144023,1.3119621954678402e-13,0.8239828588854674,1,3,r0_3,r0,3
262,A,0.0986503156410496,4.2389490564174216e-14,0.901349684358908,1,3,r0_3,r0,3
262,C,0.17601714111439382,1.1627107191164574e-13,0.8239828588854905,1,3,r0_3,r0,3
263,A,0.09865031564104691,3.7566961521434883e-14,0.9013496843589156,1,3,r0_3,r0,3
263,C,0.17601714111438663,1.0304383926686796e-13,0.8239828588855116,1,3,r0_3,r0,3
264,A,0.0986503156410446,3.329308386566005e-14,0.9013496843589222,1,3,r0_3,r0,3
264,C,0.17601714111438008,9.132136337252537e-14,0.8239828588855291,1,3,r0_3,r0,3
265,A,0.09865031564104249,2.950543751013245e-14,0.9013496843589288,1,3,r0_3,r0,3
265,C,0.1760171411143742,8.093246005969938e-14,0.8239828588855453,1,3,r0_3,r0,3
266,A,0.09865031564104056,2.6148704032154605e-14,0.9013496843589333,1,3,r0_3,r0,3
266,C,0.1760171411143691,7.172541941592767e-14,0.8239828588855603,1,3,r0_3,r0,3
267,A,0.09865031564103889,2.3173858683449847e-14,0.9013496843589384,1,3,r0_3,r0,3
267,C,0.17601714111436456,6.356579035457465e-14,0.8239828588855737,1,3,r0_3,r0,3
268,A,0.09865031564103743,2.053745433196025e-14,0.9013496843589427,1,3,r0_3,r0,3
268,C,0.1760171411143604,5.6334417216041264e-14,0.8239828588855842,1,3,r0_3,r0,3
269,A,0.0986503156410361,1.820098686495487e-14,0.9013496843589455,1,3,r0_3,r0,3
269,C,0.17601714111435673,4.9925699762482633e-14,0.8239828588855937,1,3,r0_3,r0,3
270,A,0.09865031564103502,1.6130332834509793e-14,0.9013496843589495,1,3,r0_3,r0,3
270,C,0.17601714111435374,4.4246050987436404e-14,0.8239828588856032,1,3,r0_3,r0,3
271,A,0.09865031564103394,1.4295251027244324e-14,0.9013496843589517,1,3,r0_3,r0,3
271,C,0.17601714111435074,3.921253055745114e-14,0.8239828588856105,1,3,r0_3,r0,3
272,A,0.09865031564103298,1.2668940778496527e-14,0.9013496843589544,1,3,r0_3,r0,3
272,C,0.17601714111434852,3.4751633604954084e-14,0.8239828588856183,1,3,r0_3,r0,3
273,A,0.09865031564103226,1.1227650534841093e-14,0.9013496843589569,1,3,r0_3,r0,3
273,C,0.17601714111434616,3.0798217324616854e-14,0.8239828588856237,1,3,r0_3,r0,3
274,A,0.09865031564103155,9.950330950500231e-15,0.9013496843589592,1,3,r0_3,r0,3
274,C,0.17601714111434422,2.729454968828638e-14,0.8239828588856292,1,3,r0_3,r0,3
275,A,0.09865031564103094,8.818327452575387e-15,0.9013496843589612,1,3,r0_3,r0,3
275,C,0.1760171411143425,2.418946638001963e-14,0.8239828588856334,1,3,r0_3,r0,3
276,A,0.09865031564103026,7.815107784422328e-15,0.9013496843589621,1,3,r0_3,r0,3
276,C,0.1760171411143409,2.143762363988735e-14,0.823982858885638,1,3,r0_3,r0,3
277,A,0.09865031564102981,6.9260205474498466e-15,0.901349684358963,1,3,r0_3,r0,3
277,C,0.17601714111433953,1.8998836105771407e-14,0.8239828588856418,1,3,r0_3,r0,3
278,A,0.09865031564102936,6.1380812144399856e-15,0.9013496843589639,1,3,r0_3,r0,3
278,C,0.17601714111433825,1.683748998361402e-14,0.8239828588856446,1,3,r0_3,r0,3
279,A,0.09865031564102891,5.4397824887807845e-15,0.9013496843589652,1,3,r0_3,r0,3
279,C,0.1760171411143373,1.4922022976602246e-14,0.8239828588856478,1,3,r0_3,r0,3
280,A,0.09865031564102872,4.8209262396343834e-15,0.9013496843589667,1,3,r0_3,r0,3
280,C,0.17601714111433642,1.3224463378657058e-14,0.8239828588856511,1,3,r0_3,r0,3
281,A,0.09865031564102839,4.2724745582297785e-15,0.9013496843589676,1,3,r0_3,r0,3
281,C,0.17601714111433578,1.1720021601576747e-14,0.8239828588856538,1,3,r0_3,r0,3
282,A,0.0986503156410281,3.7864177597750375e-15,0.9013496843589685,1,3,r0_3,r0,3
282,C,0.1760171411143348,1.0386728170876528e-14,0.823982858885655,1,3,r0_3,r0,3
283,A,0.0986503156410278,3.355657403008901e-15,0.901349684358969,1,3,r0_3,r0,3
283,C,0.1760171411143342,9.20511290395194e-15,0.823982858885657,1,3,r0_3,r0,3
284,A,0.09865031564102758,2.9739026187732996e-15,0.9013496843589692,1,3,r0_3,r0,3
284,C,0.17601714111433356,8.157920585581876e-15,0.8239828588856589,1,3,r0_3,r0,3
285,A,0.09865031564102744,2.6355782333896703e-15,0.90134968435897,1,3,r0_3,r0,3
285,C,0.17601714111433317,7.229858988760409e-15,0.8239828588856605,1,3,r0_3,r0,3
286,A,0.09865031564102729,2.3357433449051747e-15,0.9013496843589706,1,3,r0_3,r0,3
286,C,0.1760171411143326,6.407375561187633e-15,0.8239828588856616,1,3,r0_3,r0,3
287,A,0.09865031564102714,2.0700191629547304e-15,0.9013496843589709,1,3,r0_3,r0,3
287,C,0.17601714111433214,5.678459516356309e-15,0.8239828588856627,1,3,r0_3,r0,3
288,A,0.098650315641027,1.834525058293205e-15,0.9013496843589713,1,3,r0_3,r0,3
288,C,0.17601714111433198,5.032466439156366e-15,0.8239828588856644,1,3,r0_3,r0,3
289,A,0.09865031564102689,1.625821888612536e-15,0.9013496843589718,1,3,r0_3,r0,3
289,C,0.17601714111433156,4.459962844647605e-15,0.8239828588856652,1,3,r0_3,r0,3
290,A,0.09865031564102678,1.4408617695842833e-15,0.9013496843589724,1,3,r0_3,r0,3
290,C,0.17601714111433137,3.952588420376479e-15,0.8239828588856657,1,3,r0_3,r0,3
291,A,0.09865031564102668,1.2769435641555368e-15,0.9013496843589726,1,3,r0_3,r0,3
291,C,0.17601714111433106,3.5029339398974848e-15,0.8239828588856661,1,3,r0_3,r0,3
292,A,0.09865031564102657,1.1316734335718285e-15,0.9013496843589726,1,3,r0_3,r0,3
292,C,0.1760171411143308,3.1044330653640957e-15,0.8239828588856666,1,3,r0_3,r0,3
293,A,0.09865031564102653,1.0029298767554182e-15,0.901349684358973,1,3,r0_3,r0,3
293,C,0.1760171411143306,2.75126645883066e-15,0.8239828588856672,1,3,r0_3,r0,3
294,A,0.09865031564102647,8.888327472277083e-16,0.9013496843589731,1,3,r0_3,r0,3
294,C,0.17601714111433037,2.4382768020307923e-15,0.8239828588856676,1,3,r0_3,r0,3
295,A,0.09865031564102646,7.877157949284031e-16,0.9013496843589736,1,3,r0_3,r0,3
295,C,0.1760171411143303,2.1608934836777694e-15,0.8239828588856685,1,3,r0_3,r0,3
296,A,0.09865031564102641,6.981023319035635e-16,0.9013496843589737,1,3,r0_3,r0,3
296,C,0.17601714111433006,1.915065854490031e-15,0.8239828588856684,1,3,r0_3,r0,3
297,A,0.09865031564102636,6.186836664604704e-16,0.9013496843589733,1,3,r0_3,r0,3
297,C,0.17601714111433,1.6972040752601013e-15,0.8239828588856694,1,3,r0_3,r0,3
298,A,0.09865031564102636,5.482999908220142e-16,0.901349684358974,1,3,r0_3,r0,3
298,C,0.1760171411143298,1.504126694166929e-15,0.8239828588856692,1,3,r0_3,r0,3
299,A,0.09865031564102626,4.85923443147596e-16,0.901349684358974,1,3,r0_3,r0,3
299,C,0.17601714111432976,1.3330141877993029e-15,0.8239828588856696,1,3,r0_3,r0,3
300,A,0.09865031564102619,4.306430965448569e-16,0.9013496843589741,1,3,r0_3,r0,3
300,C,0.17601714111432962,1.1813677874465357e-15,0.8239828588856698,1,3,r0_3,r0,3
301,A,0.09865031564102615,3.816516558406823e-16,0.9013496843589738,1,3,r0_3,r0,3
301,C,0.17601714111432962,1.0469729893936805e-15,0.8239828588856699,1,3,r0_3,r0,3
302,A,0.09865031564102614,3.3823366782205883e-16,0.9013496843589739,1,3,r0_3,r0,3
302,C,0.1760171411143295,9.278672163594625e-16,0.82398285888567,1,3,r0_3,r0,3
303,A,0.09865031564102612,2.997550727617138e-16,0.9013496843589739,1,3,r0_3,r0,3
303,C,0.1760171411143294,8.2231115783455545e-16,0.82398285888567,1,3,r0_3,r0,3
304,A,0.0986503156410261,2.656539446329867e-16,0.901349684358974,1,3,r0_3,r0,3
304,C,0.17601714111432937,7.287633708010035e-16,0.8239828588856705,1,3,r0_3,r0,3
305,A,0.0986503156410261,2.3543228477913595e-16,0.9013496843589743,1,3,r0_3,r0,3
305,C,0.17601714111432928,6.458577699252726e-16,0.8239828588856704,1,3,r0_3,r0,3
306,A,0.09865031564102605,2.0864874918789193e-16,0.9013496843589741,1,3,r0_3,r0,3
306,C,0.1760171411143293,5.723836785125451e-16,0.8239828588856709,1,3,r0_3,r0,3
307,A,0.09865031564102603,1.8491220315721642e-16,0.9013496843589741,1,3,r0_3,r0,3
307,C,0.1760171411143293,5.072681489048703e-16,0.8239828588856709,1,3,r0_3,r0,3
308,A,0.098650315641026,1.6387600922210403e-16,0.9013496843589741,1,3,r0_3,r0,3
308,C,0.1760171411143292,4.495602941466511e-16,0.8239828588856708,1,3,r0_3,r0,3
309,A,0.098650315641026,1.4523296495417118e-16,0.9013496843589741,1,3,r0_3,r0,3
309,C,0.17601714111432917,3.984174022973944e-16,0.8239828588856708,1,3,r0_3,r0,3
310,A,0.098650315641026,1.2871081653833561e-16,0.9013496843589741,1,3,r0_3,r0,3
310,C,0.1760171411143291,3.5309262967352543e-16,0.8239828588856708,1,3,r0_3,r0,3
311,A,0.098650315641026,1.1406828293458753e-16,0.9013496843589741,1,3,r0_3,r0,3
311,C,0.17601714111432917,3.1292409519115837e-16,0.8239828588856712,1,3,r0_3,r0,3
312,A,0.098650315641026,1.01091532246912e-16,0.9013496843589741,1,3,r0_3,r0,3
312,C,0.1760171411143292,2.773252147349976e-16,0.8239828588856714,1,3,r0_3,r0,3
313,A,0.09865031564102597,8.959105897321578e-17,0.9013496843589743,1,3,r0_3,r0,3
313,C,0.17601714111432906,2.457761351887607e-16,0.8239828588856712,1,3,r0_3,r0,3
314,A,0.09865031564102593,7.939891652195009e-17,0.9013496843589741,1,3,r0_3,r0,3
314,C,0.17601714111432906,2.1781614298140445e-16,0.8239828588856715,1,3,r0_3,r0,3
315,A,0.09865031564102593,7.03662645723324e-17,0.9013496843589743,1,3,r0_3,r0,3
315,C,0.17601714111432906,1.9303693625251557e-16,0.8239828588856715,1,3,r0_3,r0,3
316,A,0.09865031564102593,6.236119545962402e-17,0.9013496843589741,1,3,r0_3,r0,3
316,C,0.17601714111432903,1.7107666238980784e-16,0.8239828588856714,1,3,r0_3,r0,3
317,A,0.09865031564102593,5.526680784189352e-17,0.9013496843589741,1,3,r0_3,r0,3
317,C,0.17601714111432903,1.5161463386843883e-16,0.8239828588856715,1,3,r0_3,r0,3
318,A,0.09865031564102593,4.8979499516068767e-17,0.9013496843589741,1,3,r0_3,r0,3
318,C,0.17601714111432903,1.3436664522715959e-16,0.8239828588856715,1,3,r0_3,r0,3
319,A,0.09865031564102593,4.340745445159418e-17,0.9013496843589741,1,3,r0_3,r0,3
319,C,0.176017141114329,1.1908082279475399e-16,0.8239828588856715,1,3,r0_3,r0,3
320,A,0.09865031564102593,3.846930194640235e-17,0.9013496843589741,1,3,r0_3,r0,3
320,C,0.17601714111432903,1.0553394656001215e-16,0.8239828588856717,1,3,r0_3,r0,3
321,A,0.09865031564102593,3.4092928323617814e-17,0.9013496843589741,1,3,r0_3,r0,3
321,C,0.17601714111432903,9.352819047323493e-17,0.8239828588856717,1,3,r0_3,r0,3
322,A,0.09865031564102593,3.021442381513523e-17,0.9013496843589741,1,3,r0_3,r0,3
322,C,0.17601714111432903,8.288823357765093e-17,0.8239828588856717,1,3,r0_3,r0,3
323,A,0.09865031564102593,2.6777149252497152e-17,0.9013496843589741,1,3,r0_3,r0,3
323,C,0.17601714111432903,7.345869978438088e-17,0.8239828588856717,1,3,r0_3,r0,3
324,A,0.09865031564102593,2.3730908935174564e-17,0.9013496843589741,1,3,r0_3,r0,3
324,C,0.17601714111432903,6.510188890379597e-17,0.8239828588856717,1,3,r0_3,r0,3
325,A,0.09865031564102593,2.1031217596967192e-17,0.9013496843589741,1,3,r0_3,r0,3
325,C,0.17601714111432903,5.769576579935118e-17,0.8239828588856717,1,3,r0_3,r0,3
326,A,0.09865031564102593,1.8638650765455534e-17,0.9013496843589741,1,3,r0_3,r0,3
326,C,0.17601714111432903,5.1132178299356805e-17,0.8239828588856717,1,3,r0_3,r0,3
327,A,0.09865031564102593,1.651826902730282e-17,0.9013496843589741,1,3,r0_3,r0,3
327,C,0.17601714111432903,4.531527784272272e-17,0.8239828588856717,1,3,r0_3,r0,3
328,A,0.09865031564102593,1.4639107791524367e-17,0.9013496843589741,1,3,r0_3,r0,3
328,C,0.17601714111432903,4.016011979524681e-17,0.8239828588856717,1,3,r0_3,r0,3
329,A,0.09865031564102593,1.2973725085278414e-17,0.9013496843589741,1,3,r0_3,r0,3
329,C,0.17601714111432903,3.559142296942319e-17,0.8239828588856717,1,3,r0_3,r0,3
330,A,0.09865031564102593,1.149780085001466e-17,0.9013496843589741,1,3,r0_3,r0,3
330,C,0.17601714111432903,3.1542470371777815e-17,0.8239828588856717,1,3,r0_3,r0,3
331,A,0.09865031564102593,1.018978174275963e-17,0.9013496843589741,1,3,r0_3,r0,3
331,C,0.17601714111432903,2.795413484804293e-17,0.8239828588856717,1,3,r0_3,r0,3
332,A,0.09865031564102593,9.030566393652101e-18,0.9013496843589741,1,3,r0_3,r0,3
332,C,0.17601714111432903,2.4774015664176263e-17,0.8239828588856717,1,3,r0_3,r0,3
333,A,0.09865031564102593,8.00322646369557e-18,0.9013496843589741,1,3,r0_3,r0,3
333,C,0.17601714111432903,2.1955673300068828e-17,0.8239828588856717,1,3,r0_3,r0,3
334,A,0.09865031564102593,7.092759433459443e-18,0.9013496843589741,1,3,r0_3,r0,3
334,C,0.17601714111432903,1.9457951289743008e-17,0.8239828588856717,1,3,r0_3,r0,3
335,A,0.09865031564102593,6.2858695154537644e-18,0.9013496843589741,1,3,r0_3,r0,3
335,C,0.17601714111432903,1.7244375210386808e-17,0.8239828588856717,1,3,r0_3,r0,3
336,A,0.09865031564102593,5.570773490711885e-18,0.9013496843589741,1,3,r0_3,r0,3
336,C,0.17601714111432903,1.52826200436154e-17,0.8239828588856717,1,3,r0_3,r0,3
337,A,0.09865031564102593,4.937028634101882e-18,0.9013496843589741,1,3,r0_3,r0,3
337,C,0.17601714111432903,1.3544038130796926e-17,0.8239828588856717,1,3,r0_3,r0,3
338,A,0.09865031564102593,4.375380215464508e-18,0.9013496843589741,1,3,r0_3,r0,3
338,C,0.17601714111432903,1.2003240829138844e-17,0.8239828588856717,1,3,r0_3,r0,3
339,A,0.09865031564102593,3.877626349554772e-18,0.9013496843589741,1,3,r0_3,r0,3
339,C,0.17601714111432903,1.0637727759427157e-17,0.8239828588856717,1,3,r0_3,r0,3
340,A,0.09865031564102593,3.4364982211198406e-18,0.9013496843589741,1,3,r0_3,r0,3
340,C,0.17601714111432903,9.427558231295673e-18,0.8239828588856717,1,3,r0_3,r0,3
341,A,0.09865031564102593,3.0455539359793765e-18,0.9013496843589741,1,3,r0_3,r0,3
341,C,0.17601714111432903,8.355060047823807e-18,0.8239828588856717,1,3,r0_3,r0,3
342,A,0.09865031564102593,2.6990844479630323e-18,0.9013496843589741,1,3,r0_3,r0,3
342,C,0.17601714111432903,7.404571437114555e-18,0.8239828588856717,1,3,r0_3,r0,3
343,A,0.09865031564102593,2.392030187910994e-18,0.9013496843589741,1,3,r0_3,r0,3
343,C,0.17601714111432903,6.562212342260261e-18,0.8239828588856717,1,3,r0_3,r0,3
344,A,0.09865031564102593,2.119907177231952e-18,0.9013496843589741,1,3,r0_3,r0,3
344,C,0.17601714111432903,5.815681729826374e-18,0.8239828588856717,1,3,r0_3,r0,3
345,A,0.09865031564102593,1.8787415470211786e-18,0.9013496843589741,1,3,r0_3,r0,3
345,C,0.17601714111432903,5.154077956933564e-18,0.8239828588856717,1,3,r0_3,r0,3
346,A,0.09865031564102593,1.6650115064924959e-18,0.9013496843589741,1,3,r0_3,r0,3
346,C,0.17601714111432903,4.567739573745564e-18,0.8239828588856717,1,3,r0_3,r0,3
347,A,0.09865031564102593,1.4755959132642386e-18,0.9013496843589741,1,3,r0_3,r0,3
347,C,0.17601714111432903,4.048104236589232e-18,0.8239828588856717,1,3,r0_3,r0,3
348,A,0.09865031564102593,1.3077286944495926e-18,0.9013496843589741,1,3,r0_3,r0,3
348,C,0.17601714111432903,3.587583671404592e-18,0.8239828588856717,1,3,r0_3,r0,3
349,A,0.09865031564102593,1.158958454824634e-18,0.9013496843589741,1,3,r0_3,r0,3
349,C,0.17601714111432903,3.1794528618714875e-18,0.8239828588856717,1,3,r0_3,r0,3
350,A,0.09865031564102593,1.027112672612934e-18,0.9013496843589741,1,3,r0_3,r0,3
350,C,0.17601714111432903,2.8177518426720625e-18,0.8239828588856717,1,3,r0_3,r0,3
351,A,0.09865031564102593,9.1026597931689e-19,0.9013496843589741,1,3,r0_3,r0,3
351,C,0.17601714111432903,2.4971986664635112e-18,0.8239828588856717,1,3,r0_3,r0,3
352,A,0.09865031564102593,8.067120416920844e-19,0.9013496843589741,1,3,r0_3,r0,3
352,C,0.17601714111432903,2.2131122710129796e-18,0.8239828588856717,1,3,r0_3,r0,3
353,A,0.09865031564102593,7.149386433484441e-19,0.9013496843589741,1,3,r0_3,r0,3
353,C,0.17601714111432903,1.961344121238413e-18,0.8239828588856717,1,3,r0_3,r0,3
354,A,0.09865031564102593,6.33605601491215e-19,0.9013496843589741,1,3,r0_3,r0,3
354,C,0.17601714111432903,1.7382176278380055e-18,0.8239828588856717,1,3,r0_3,r0,3
355,A,0.09865031564102593,5.615251959171486e-19,0.9013496843589741,1,3,r0_3,r0,3
355,C,0.17601714111432903,1.5404744577794342e-18,0.8239828588856717,1,3,r0_3,r0,3
356,A,0.09865031564102593,4.97644824463917e-19,0.9013496843589741,1,3,r0_3,r0,3
356,C,0.17601714111432903,1.3652269526168721e-18,0.8239828588856717,1,3,r0_3,r0,3
357,A,0.09865031564102593,4.410316316246504e-19,0.9013496843589741,1,3,r0_3,r0,3
357,C,0.17601714111432903,1.20991595979694e-18,0.8239828588856717,1,3,r0_3,r0,3
358,A,0.09865031564102593,3.9085888585432366e-19,0.9013496843589741,1,3,r0_3,r0,3
358,C,0.17601714111432903,1.0722734611609305e-18,0.8239828588856717,1,3,r0_3,r0,3
359,A,0.09865031564102593,3.4639390663158024e-19,0.9013496843589741,1,3,r0_3,r0,3
359,C,0.17601714111432903,9.502894529045452e-19,0.8239828588856717,1,3,r0_3,r0,3
360,A,0.09865031564102593,3.0698736497120894e-19,0.9013496843589741,1,3,r0_3,r0,3
360,C,0.17601714111432903,8.421825933407059e-19,0.8239828588856717,1,3,r0_3,r0,3
361,A,0.09865031564102593,2.720638011394942e-19,0.9013496843589741,1,3,r0_3,r0,3
361,C,0.17601714111432903,7.4637418983248e-19,0.8239828588856717,1,3,r0_3,r0,3
362,A,0.09865031564102593,2.4111322109991236e-19,0.9013496843589741,1,3,r0_3,r0,3
362,C,0.17601714111432903,6.61465145025377e-19,0.8239828588856717,1,3,r0_3,r0,3
363,A,0.09865031564102593,2.1368364896969665e-19,0.9013496843589741,1,3,r0_3,r0,3
363,C,0.17601714111432903,5.862155257230973e-19,0.8239828588856717,1,3,r0_3,r0,3
364,A,0.09865031564102593,1.8937452672875559e-19,0.9013496843589741,1,3,r0_3,r0,3
364,C,0.17601714111432903,5.195264560494779e-19,0.8239828588856717,1,3,r0_3,r0,3
365,A,0.09865031564102593,1.6783086479512578e-19,0.9013496843589741,1,3,r0_3,r0,3
365,C,0.17601714111432903,4.604240704811282e-19,0.8239828588856717,1,3,r0_3,r0,3
0,A,0.9989999999999998,0.001,0,2,3,r0_3,r0,3
0,C,0.9989999999999999,0.0010000000000000002,0,2,3,r0_3,r0,3
1,A,0.9983021927558277,0.0014545601114317607,2.4324713273923221e-4,2,3,r0_3,r0,3
1,C,0.9985111689430237,0.0012634284832470162,2.2540257372967882e-4,2,3,r0_3,r0,3
2,A,0.9973443774556952,0.002063246517818581,5.923760264862604e-4,2,3,r0_3,r0,3
2,C,0.9978973396549462,0.0015927728418946097,5.098875031595142e-4,2,3,r0_3,r0,3
3,A,0.9960529285990948,0.002865124064205171,0.0010819473366995116,2,3,r0_3,r0,3
3,C,0.9971276284624403,0.002004162448258473,8.682090892988574e-4,2,3,r0_3,r0,3
4,A,0.9943281083051058,0.003915428976984245,0.0017564627179103857,2,3,r0_3,r0,3
4,C,0.9961627997101937,0.00251819088133808,0.001319009408468893,2,3,r0_3,r0,3
5,A,0.9920448964289088,0.005284284951581325,0.002670818619509775,2,3,r0_3,r0,3
5,C,0.9949559595461172,0.0031594804161729165,0.0018845600377088646,2,3,r0_3,r0,3
6,A,0.9890382029259006,0.007063880772194144,0.0038979163019054923,2,3,r0_3,r0,3
6,C,0.9934470183313162,0.003959493683785845,0.0025934879848994166,2,3,r0_3,r0,3
7,A,0.9850973515667041,0.009370374665401117,0.0055322737678938074,2,3,r0_3,r0,3
7,C,0.9915608498299717,0.004957376931481122,0.003481773238547895,2,3,r0_3,r0,3
8,A,0.979966136486465,0.012342624492995313,0.007691239020539036,2,3,r0_3,r0,3
8,C,0.9892071086501604,0.006199890191807985,0.004593001158031871,2,3,r0_3,r0,3
9,A,0.9733249809062656,0.0161495525574597,0.010525466536275467,2,3,r0_3,r0,3
9,C,0.9862731607552362,0.007744779256512683,0.005982059988252115,2,3,r0_3,r0,3
10,A,0.9647940569541625,0.020985944471402063,0.014219998574435367,2,3,r0_3,r0,3
10,C,0.9826235945035185,0.009660658539712387,0.007715746956770004,2,3,r0_3,r0,3
11,A,0.9539221958243804,0.027074072460059124,0.01900373171555994,2,3,r0_3,r0,3
11,C,0.9780933562034635,0.012029948433362303,0.009876695363175201,2,3,r0_3,r0,3
12,A,0.9402003325128555,0.034649577384520104,0.02515009010262583,2,3,r0_3,r0,3
12,C,0.9724868321334409,0.014948344186891348,0.012564823679667969,2,3,r0_3,r0,3
13,A,0.9230745721871485,0.04394568434805484,0.03297974346479795,2,3,r0_3,r0,3
13,C,0.9655740554595647,0.018525408384378522,0.015900536156058326,2,3,r0_3,r0,3
14,A,0.9019798949500681,0.05516251629318137,0.04285758875675125,2,3,r0_3,r0,3
14,C,0.9570893426799217,0.02288310526241365,0.020027552057665397,2,3,r0_3,r0,3
15,A,0.8763939760014082,0.06842378959756047,0.055182234401031816,2,3,r0_3,r0,3
15,C,0.9467330873735268,0.028151902472185672,0.02511501015428812,2,3,r0_3,r0,3
16,A,0.8459197128406325,0.08371756984876112,0.0703627173106063,2,3,r0_3,r0,3
16,C,0.934179596114451,0.03446256631492299,0.03135783757062593,2,3,r0_3,r0,3
17,A,0.8103682536868191,0.10084112669747289,0.08879061961570771,2,3,r0_3,r0,3
17,C,0.9190863538055738,0.04193609354252809,0.038977552651899075,2,3,r0_3,r0,3
18,A,0.7698573145177168,0.11935103681814996,0.1107916486641339,2,3,r0_3,r0,3
18,C,0.901118949713957,0.05066496873529885,0.04821608155074525,2,3,r0_3,r0,3
19,A,0.724885074191042,0.13853848987624096,0.13657643593271726,2,3,r0_3,r0,3
19,C,0.8799784933565657,0.06069144995441522,0.05933005668902012,2,3,r0_3,r0,3
20,A,0.676342201419355,0.15746777653185282,0.16619002204879146,2,3,r0_3,r0,3
20,C,0.8554417039862071,0.0719812359733198,0.07257706004047411,2,3,r0_3,r0,3
21,A,0.6254577412048662,0.17506787222801665,0.19947438656711705,2,3,r0_3,r0,3
21,C,0.8274054044741549,0.08439684935725514,0.08819774616859082,2,3,r0_3,r0,3
22,A,0.5736732692064794,0.19027106926003928,0.2360556615334826,2,3,r0_3,r0,3
22,C,0.7959299162150698,0.09767682221007451,0.10639326157485562,2,3,r0_3,r0,3
23,A,0.5224725081419397,0.20216654990405303,0.27536094195400695,2,3,r0_3,r0,3
23,C,0.7612714974586081,0.11142867473462062,0.12729982780677201,2,3,r0_3,r0,3
24,A,0.4732071334395418,0.2101328224938666,0.316660044066592,2,3,r0_3,r0,3
24,C,0.7238998318233588,0.12513809477052407,0.15096207340611703,2,3,r0_3,r0,3
25,A,0.42695971111403097,0.21390618778986775,0.3591341010961017,2,3,r0_3,r0,3
25,C,0.68448129215548,0.1382062991318279,0.1773124087126908,2,3,r0_3,r0,3
26,A,0.38447533022186337,0.21357584145391786,0.4019488283242187,2,3,r0_3,r0,3
26,C,0.6438314289606152,0.1500087363950181,0.20615983464436657,2,3,r0_3,r0,3
27,A,0.3461605206686787,0.20952236868364216,0.4443171106476792,2,3,r0_3,r0,3
27,C,0.6028449625097769,0.15996335129877803,0.23719168619144468,2,3,r0_3,r0,3
28,A,0.31212711534431353,0.20232379917285648,0.4855490854828295,2,3,r0_3,r0,3
28,C,0.5624114852118061,0.1675989153770195,0.26998959941117406,2,3,r0_3,r0,3
29,A,0.2822594611837674,0.19265825909631087,0.5250822797199227,2,3,r0_3,r0,3
29,C,0.5233364448887781,0.17260752713873356,0.304056027972489,2,3,r0_3,r0,3
30,A,0.256288182015147,0.1812180508727666,0.5624937671120858,2,3,r0_3,r0,3
30,C,0.4862793822893117,0.17487084068143016,0.3388497770292588,2,3,r0_3,r0,3
31,A,0.2338604793447685,0.16864546595283736,0.5974940547023944,2,3,r0_3,r0,3
31,C,0.4517218642781456,0.17445271217772285,0.3738254235441296,2,3,r0_3,r0,3
32,A,0.2145864811090192,0.1554994599833916,0.6299140589075889,2,3,r0_3,r0,3
32,C,0.41996221593303507,0.17157166396355233,0.4084661201034136,2,3,r0_3,r0,3
33,A,0.19807707329409147,0.14223595226757868,0.6596869744383309,2,3,r0_3,r0,3
33,C,0.39113118893514187,0.16655596419307042,0.4423128468717882,2,3,r0_3,r0,3
34,A,0.18396035751990658,0.12921371137558224,0.6868259311045112,2,3,r0_3,r0,3
34,C,0.3652257652038468,0.1597994576140634,0.47497477718208875,2,3,r0_3,r0,3
35,A,0.17189949348665728,0.11669425729371742,0.7114062492196258,2,3,r0_3,r0,3
35,C,0.3421402361742319,0.1517149772897742,0.5061447865359938,2,3,r0_3,r0,3
36,A,0.16159551066635913,0.10485603095549766,0.733548458378143,2,3,r0_3,r0,3
36,C,0.3216985870092271,0.1427029383494249,0.5355984746413496,2,3,r0_3,r0,3
37,A,0.15278787244854108,0.0938108477328734,0.7534012798185853,2,3,r0_3,r0,3
37,C,0.3036862143731255,0.13312578299682895,0.5631880026300455,2,3,r0_3,r0,3
38,A,0.1452517112702124,0.08361839354151591,0.7711298951882717,2,3,r0_3,r0,3
38,C,0.28787244631327924,0.12329552029680511,0.5888320333899162,2,3,r0_3,r0,3
39,A,0.1387967380701887,0.07429699803892285,0.7869062638908885,2,3,r0_3,r0,3
39,C,0.27402640356476654,0.11346663902549095,0.6125069574097424,2,3,r0_3,r0,3
40,A,0.13325853270373658,0.06583616723064463,0.8009053000656192,2,3,r0_3,r0,3
40,C,0.261923113991936,0.10384322894376931,0.6342336570642942,2,3,r0_3,r0,3
41,A,0.1285001700445514,0.058204177621277324,0.8132956523341709,2,3,r0_3,r0,3
41,C,0.251355476422288,0.0945755164597015,0.6540690071180104,2,3,r0_3,r0,3
42,A,0.12440498650924345,0.05135601887618256,0.8242389946145742,2,3,r0_3,r0,3
42,C,0.24213367425265991,0.08577144229988143,0.6720948834474584,2,3,r0_3,r0,3
43,A,0.12087561165933472,0.045237687272410954,0.8338867010682549,2,3,r0_3,r0,3
43,C,0.23408834062752926,0.07749938033060941,0.6884122790418606,2,3,r0_3,r0,3
44,A,0.1178296619115297,0.03979142302197902,0.8423789150664915,2,3,r0_3,r0,3
44,C,0.22706929000662823,0.06979837350973825,0.7031323364836347,2,3,r0_3,r0,3
45,A,0.11519705270903109,0.03495875585425169,0.8498441914367173,2,3,r0_3,r0,3
45,C,0.22094406692144566,0.06268507897545059,0.7163708541031042,2,3,r0_3,r0,3
46,A,0.11291855670801347,0.030681739022890807,0.8563997042690957,2,3,r0_3,r0,3
46,C,0.21559658405718565,0.05615767219996315,0.7282457437428521,2,3,r0_3,r0,3
47,A,0.11094482820590838,0.026905650205874345,0.8621495215882173,2,3,r0_3,r0,3
47,C,0.21092739625984233,0.050201255308005954,0.7388713484321513,2,3,r0_3,r0,3
48,A,0.10923227307660316,0.02357725299128194,0.8671904739321146,2,3,r0_3,r0,3
48,C,0.2068467215288821,0.04479171215712443,0.7483615663139955,2,3,r0_3,r0,3
49,A,0.10774503804696109,0.02064848490102753,0.8716064770520117,2,3,r0_3,r0,3
49,C,0.20327903864880847,0.03989891906956222,0.7568220422816294,2,3,r0_3,r0,3
50,A,0.10645209105272495,0.018074725965527304,0.8754731829817494,2,3,r0_3,r0,3
50,C,0.200157940806647,0.03548905817462246,0.7643530010187304,2,3,r0_3,r0,3
51,A,0.10532705890396278,0.015815518923802566,0.8788574221722333,2,3,r0_3,r0,3
51,C,0.19742611976607607,0.031526413797630305,0.7710474664362927,2,3,r0_3,r0,3
52,A,0.10434747194938057,0.013834413035491827,0.8818181150151277,2,3,r0_3,r0,3
52,C,0.19503408530773664,0.02797482999521025,0.7769910846970532,2,3,r0_3,r0,3
53,A,0.10349386923627896,0.012098545534007524,0.8844075852297134,2,3,r0_3,r0,3
53,C,0.1929385780247789,0.02479892191335845,0.7822625000618627,2,3,r0_3,r0,3
54,A,0.10274952707101703,0.010578549382320009,0.8866719235466638,2,3,r0_3,r0,3
54,C,0.19110200872875802,0.021964560165006468,0.7869334311062349,2,3,r0_3,r0,3
55,A,0.10210004445628577,0.009248276681044195,0.8886516788626697,2,3,r0_3,r0,3
55,C,0.189491693802928,0.019439323725127015,0.7910689824719447,2,3,r0_3,r0,3
56,A,0.1015331231104278,0.008084761187832105,0.890382115701741,2,3,r0_3,r0,3
56,C,0.18807948606898564,0.017193110830364216,0.7947274031006513,2,3,r0_3,r0,3
57,A,0.10103791600634769,0.007067274311189392,0.8918948096824628,2,3,r0_3,r0,3
57,C,0.18684037642522552,0.015197469830019428,0.7979621537447563,2,3,r0_3,r0,3
58,A,0.10060511887633058,0.006177686735777556,0.8932171943878925,2,3,r0_3,r0,3
58,C,0.1857527500896443,0.013426432764372815,0.8008208171459829,2,3,r0_3,r0,3
59,A,0.1002266806388877,0.005400037709202974,0.8943732816519101,2,3,r0_3,r0,3
59,C,0.18479775804902165,0.011856197846968976,0.80334604410401,2,3,r0_3,r0,3
60,A,0.09989567807186751,0.004720417262237386,0.8953839046658959,2,3,r0_3,r0,3
60,C,0.18395909444061648,0.010465328324561145,0.8055755772348212,2,3,r0_3,r0,3
61,A,0.09960596514479751,0.004126340246744811,0.8962676946084571,2,3,r0_3,r0,3
61,C,0.18322218998980064,0.009233965860650556,0.8075438441495493,2,3,r0_3,r0,3
62,A,0.09935264536686864,0.0036077591620731755,0.8970395954710578,2,3,r0_3,r0,3
62,C,0.18257537528322307,0.008145676872486338,0.8092789478442911,2,3,r0_3,r0,3
63,A,0.09913077358368175,0.0031544649759170564,0.8977147614404017,2,3,r0_3,r0,3
63,C,0.18200680577275904,0.007183388312508825,0.8108098059147315,2,3,r0_3,r0,3
64,A,0.09893639736143951,0.0027582481510285755,0.8983053544875311,2,3,r0_3,r0,3
64,C,0.18150694374868673,0.006332953310520061,0.8121601029407929,2,3,r0_3,r0,3
65,A,0.09876625904773077,0.0024123158321692653,0.8988214251201001,2,3,r0_3,r0,3
65,C,0.1810678928277135,0.0055824338418464445,0.8133496733304415,2,3,r0_3,r0,3
66,A,0.09861711157921557,0.0021098780361352722,0.89927301038465,2,3,r0_3,r0,3
66,C,0.18068174503425355,0.004919659680680114,0.8143985952850656,2,3,r0_3,r0,3
67,A,0.09848645241471976,0.001845688648587097,0.899667858936692,2,3,r0_3,r0,3
67,C,0.1803423699072121,0.004335014510044838,0.8153226155827437,2,3,r0_3,r0,3
68,A,0.09837190099377754,0.001614753540435159,0.900013345465788,2,3,r0_3,r0,3
68,C,0.1800439127793436,0.0038192045866709905,0.8161368826339844,2,3,r0_3,r0,3
69,A,0.09827146813598331,0.0014128994790382594,0.9003156323849782,2,3,r0_3,r0,3
69,C,0.17978145554325917,0.0033643155958956008,0.8168542288608462,2,3,r0_3,r0,3
70,A,0.09818340078431795,0.00123645076835833,0.9005801484473238,2,3,r0_3,r0,3
70,C,0.17955064310635002,0.0029632600039156067,0.8174860968897334,2,3,r0_3,r0,3
71,A,0.09810614493990442,0.0010821518428082834,0.9008117032172874,2,3,r0_3,r0,3
71,C,0.17934759917271967,0.002609669199597203,0.8180427316276835,2,3,r0_3,r0,3
72,A,0.09803838239757018,9.472459887900564e-4,0.9010143716136395,2,3,r0_3,r0,3
72,C,0.17916902047251743,0.0022980650900969756,0.8185329144373852,2,3,r0_3,r0,3
73,A,0.09797886726944698,8.291331466210325e-4,0.9011919995839327,2,3,r0_3,r0,3
73,C,0.17901177122583178,0.0020232074448125526,0.8189650213293571,2,3,r0_3,r0,3
74,A,0.0979266587494304,7.258547460400224e-4,0.9013474865045296,2,3,r0_3,r0,3
74,C,0.17887347376309434,0.0017810966030785437,0.8193454296338275,2,3,r0_3,r0,3
75,A,0.09788085409236756,6.355347040750998e-4,0.9014836112035575,2,3,r0_3,r0,3
75,C,0.17875183967911162,0.0015678617867522639,0.819680298534136,2,3,r0_3,r0,3
76,A,0.09784074983268178,5.56714704580341e-4,0.9016025354627378,2,3,r0_3,r0,3
76,C,0.17864507942003832,0.0013804601757772571,0.8199744604041842,2,3,r0_3,r0,3
77,A,0.09780551480651083,4.876760985355901e-4,0.9017068090949535,2,3,r0_3,r0,3
77,C,0.17855107185954897,0.0012152705880987674,0.8202336575523521,2,3,r0_3,r0,3
78,A,0.09777458242632998,4.2725432723500235e-4,0.9017981632464344,2,3,r0_3,r0,3
78,C,0.1784683618209521,0.0010697939091945015,0.8204618442698544,2,3,r0_3,r0,3
79,A,0.09774743492044956,3.7438800572723446e-4,0.9018781770738243,2,3,r0_3,r0,3
79,C,0.17839561554656241,9.41731613360153e-4,0.8206626528400777,2,3,r0_3,r0,3
80,A,0.09772360301653825,3.281173176029471e-4,0.9019482796658594,2,3,r0_3,r0,3
80,C,0.17833162169407737,8.289914109047764e-4,0.8208393868950183,2,3,r0_3,r0,3
81,A,0.09770267635391597,2.876059963096366e-4,0.9020097176497748,2,3,r0_3,r0,3
81,C,0.17827531742586142,7.297320474924467e-4,0.8209949505266446,2,3,r0_3,r0,3
82,A,0.09768429766055728,2.5212876088909805e-4,0.9020635735785532,2,3,r0_3,r0,3
82,C,0.17822577412416588,6.423402893255956e-4,0.8211318855865075,2,3,r0_3,r0,3
83,A,0.09766815505349537,2.210548781792757e-4,0.9021107900683252,2,3,r0_3,r0,3
83,C,0.17818217845918233,5.653997821044991e-4,0.821252421758713,2,3,r0_3,r0,3
84,A,0.09765397543699096,1.9383408776126585e-4,0.9021521904752484,2,3,r0_3,r0,3
84,C,0.17814381607529395,4.976639950981429e-4,0.8213585199296078,2,3,r0_3,r0,3
85,A,0.09764151927595102,1.6998548097635997e-4,0.9021884952430734,2,3,r0_3,r0,3
85,C,0.17811005860598994,4.380345292253949e-4,0.8214519068647856,2,3,r0_3,r0,3
86,A,0.09763057635759988,1.4908851110540528e-4,0.9022203351312945,2,3,r0_3,r0,3
86,C,0.17808035308647763,3.855433065882268e-4,0.8215341036069344,2,3,r0_3,r0,3
87,A,0.0976209581986294,1.3076719782783149e-4,0.9022482746035427,2,3,r0_3,r0,3
87,C,0.17805420261671645,3.3931942876837636e-4,0.8216064779545142,2,3,r0_3,r0,3
88,A,0.09761250360391259,1.1470141405664938e-4,0.9022727949820311,2,3,r0_3,r0,3
88,C,0.17803118083227482,2.986144526968177e-4,0.8216702047150302,2,3,r0_3,r0,3
89,A,0.09760507514937808,1.0061948153546106e-4,0.9022943053690861,2,3,r0_3,r0,3
89,C,0.1780109230335125,2.6278723266440944e-4,0.8217262897338241,2,3,r0_3,r0,3
90,A,0.09759854977231285,8.827868894773762e-5,0.902313171538739,2,3,r0_3,r0,3
90,C,0.17799310209856406,2.3126235681513864e-4,0.8217756355446202,2,3,r0_3,r0,3
91,A,0.09759281688452723,7.746141176790396e-5,0.902329721703704,2,3,r0_3,r0,3
91,C,0.17797742361912214,2.035217146215831e-4,0.821819054666257,2,3,r0_3,r0,3
92,A,0.0975877790414491,6.797650241990558e-5,0.9023442444561304,2,3,r0_3,r0,3
92,C,0.17796362760124323,1.79107410414052e-4,0.8218572649883428,2,3,r0_3,r0,3
93,A,0.09758335140920626,5.965817739325492e-5,0.9023569904134001,2,3,r0_3,r0,3
93,C,0.17795148710814296,1.57619419555357e-4,0.821890893472302,2,3,r0_3,r0,3
94,A,0.09757946000475491,5.236237256821997e-5,0.9023681776226773,2,3,r0_3,r0,3
94,C,0.17794080375376925,1.3870779525137597e-4,0.8219204884509799,2,3,r0_3,r0,3
95,A,0.09757603988881017,4.5963022062700794e-5,0.9023779970891274,2,3,r0_3,r0,3
95,C,0.17793140305138688,1.2206459484521839e-4,0.8219465323537682,2,3,r0_3,r0,3
96,A,0.09757303388380557,4.034943992757612e-5,0.9023866166762674,2,3,r0_3,r0,3
96,C,0.17792313108880556,1.0741807814561165e-4,0.8219694508330477,2,3,r0_3,r0,3
97,A,0.097570391692712,3.542453617456958e-5,0.9023941837711137,2,3,r0_3,r0,3
97,C,0.17791585222642492,9.452867192104817e-5,0.8219896191016541,2,3,r0_3,r0,3
98,A,0.0975680691496206,3.1103303968674426e-5,0.9024008275464104,2,3,r0_3,r0,3
98,C,0.1779094471359538,8.318553028632236e-5,0.8220073673337597,2,3,r0_3,r0,3
99,A,0.09756602748913706,2.731134473723898e-5,0.9024066611661248,2,3,r0_3,r0,3
99,C,0.17790381088941526,7.320318798017846e-5,0.8220229859226041,2,3,r0_3,r0,3
100,A,0.09756423267629011,2.398351841674721e-5,0.9024117838052944,2,3,r0_3,r0,3
100,C,0.17789885120316434,6.441847998458384e-5,0.8220367303168499,2,3,r0_3,r0,3
101,A,0.09756265481513927,2.1062757668877734e-5,0.9024162824271913,2,3,r0_3,r0,3
101,C,0.1778944868828336,5.6687809969800745e-5,0.8220488253071961,2,3,r0_3,r0,3
102,A,0.09756126763258344,1.849903803409547e-5,0.9024202333293823,2,3,r0_3,r0,3
102,C,0.1778906464613648,4.988475709040678e-5,0.8220594687815458,2,3,r0_3,r0,3
103,A,0.09756004804101376,1.62485093755596e-5,0.9024237034496102,2,3,r0_3,r0,3
103,C,0.17788726704108468,4.38980370808549e-5,0.8220688349218355,2,3,r0_3,r0,3
104,A,0.0975589757547932,1.4272736767800508e-5,0.902426751508439,2,3,r0_3,r0,3
104,C,0.17788429327595626,3.862970890668996e-5,0.8220770770151361,2,3,r0_3,r0,3
105,A,0.09755803295059606,1.2538030199491986e-5,0.902429429019205,2,3,r0_3,r0,3
105,C,0.17788167646845138,3.399358266683838e-5,0.8220843299488825,2,3,r0_3,r0,3
106,A,0.09755720396715119,1.1014853926459857e-5,0.9024317811789218,2,3,r0_3,r0,3
106,C,0.17787937376949514,2.9913808630807994e-5,0.8220907124218728,2,3,r0_3,r0,3
107,A,0.09755647504150172,9.677309465634708e-6,0.9024338476490332,2,3,r0_3,r0,3
107,C,0.17787734747408288,2.6323634345129683e-5,0.8220963288915718,2,3,r0_3,r0,3
108,A,0.09755583407805465,8.502684463946768e-6,0.9024356632374808,2,3,r0_3,r0,3
108,C,0.1778755644030174,2.3164313133570384e-5,0.8221012712838486,2,3,r0_3,r0,3
109,A,0.09755527044617304,7.471058634948651e-6,0.9024372584951926,2,3,r0_3,r0,3
109,C,0.17787399535987886,2.0384144946356878e-5,0.8221056204951737,2,3,r0_3,r0,3
110,A,0.09755477480243947,6.564958809404621e-6,0.9024386602387516,2,3,r0_3,r0,3
110,C,0.17787261465322474,1.7937632118202394e-5,0.8221094477146584,2,3,r0_3,r0,3
111,A,0.09755433893444819,5.7690566802848326e-6,0.9024398920088709,2,3,r0_3,r0,3
111,C,0.17787139967586277,1.5784735740737438e-5,0.8221128155883956,2,3,r0_3,r0,3
112,A,0.09755395562355323,5.069904005815927e-6,0.9024409744724413,2,3,r0_3,r0,3
112,C,0.17787033053448417,1.3890220849704158e-5,0.8221157792446655,2,3,r0_3,r0,3
113,A,0.09755361852431835,4.455700722609479e-6,0.9024419257749586,2,3,r0_3,r0,3
113,C,0.17786938972377345,1.2223080108562194e-5,0.8221183871961182,2,3,r0_3,r0,3
114,A,0.0975533220586573,3.916091887631718e-6,0.9024427618494553,2,3,r0_3,r0,3
114,C,0.1778685618397154,1.0756026681206291e-5,0.8221206821336056,2,3,r0_3,r0,3
115,A,0.0975530613228507,3.4419898165005102e-6,0.9024434966873329,2,3,r0_3,r0,3
115,C,0.17786783332735326,9.46504795501436e-6,0.8221227016246906,2,3,r0_3,r0,3
116,A,0.09755283200586055,3.0254182436432483e-6,0.9024441425758964,2,3,r0_3,r0,3
116,C,0.17786719225883288,8.329012767437792e-6,0.8221244787284004,2,3,r0_3,r0,3
117,A,0.09755263031755898,2.659375751652677e-6,0.9024447103066893,2,3,r0_3,r0,3
117,C,0.17786662813807544,7.3293257124139225e-6,0.8221260425362126,2,3,r0_3,r0,3
118,A,0.09755245292566989,2.3377160752529372e-6,0.9024452093582546,2,3,r0_3,r0,3
118,C,0.1778661317289025,6.449622896841826e-6,0.8221274186481993,2,3,r0_3,r0,3
119,A,0.09755229690035815,2.055043185784562e-6,0.9024456480564566,2,3,r0_3,r0,3
119,C,0.177865694903793,5.675504192731843e-6,0.8221286295920138,2,3,r0_3,r0,3
120,A,0.09755215966554567,1.8066193175478864e-6,0.9024460337151362,2,3,r0_3,r0,3
120,C,0.17786531051080098,4.994297602536418e-6,0.8221296951915963,2,3,r0_3,r0,3
121,A,0.09755203895612775,1.5882843302308601e-6,0.9024463727595416,2,3,r0_3,r0,3
121,C,0.17786497225645495,4.394851895388335e-6,0.8221306328916492,2,3,r0_3,r0,3
122,A,0.09755193278037368,1.396385001316557e-6,0.9024466708346256,2,3,r0_3,r0,3
122,C,0.17786467460270483,3.8673541257373785e-6,0.8221314580431679,2,3,r0_3,r0,3
123,A,0.09755183938688249,1.2277130155113201e-6,0.9024469329001014,2,3,r0_3,r0,3
123,C,0.17786441267624367,3.40316903886879e-6,0.8221321841547174,2,3,r0_3,r0,3
124,A,0.09755175723554248,1.0794505761302676e-6,0.9024471633138815,2,3,r0_3,r0,3
124,C,0.17786418218871536,2.9946977434493153e-6,0.8221328231135406,2,3,r0_3,r0,3
125,A,0.09755168497200431,9.491226964356746e-7,0.9024473659052998,2,3,r0_3,r0,3
125,C,0.17786397936650156,2.6352533413786276e-6,0.8221333853801569,2,3,r0_3,r0,3
126,A,0.09755162140524508,8.345553459366297e-7,0.9024475440394085,2,3,r0_3,r0,3
126,C,0.17786380088893508,2.3189514812816624e-6,0.8221338801595841,2,3,r0_3,r0,3
127,A,0.09755156548784699,7.338387290525672e-7,0.9024477006734241,2,3,r0_3,r0,3
127,C,0.1778636438339322,2.0406140450392846e-6,0.8221343155520222,2,3,r0_3,r0,3
128,A,0.09755151629865953,6.452950633266448e-7,0.9024478384062767,2,3,r0_3,r0,3
128,C,0.17786350563014833,1.7956843915121462e-6,0.8221346986854614,2,3,r0_3,r0,3
129,A,0.09755147302756077,5.674503029722583e-7,0.9024479595221364,2,3,r0_3,r0,3
129,C,0.17786338401487706,1.58015277086493e-6,0.8221350358323524,2,3,r0_3,r0,3
130,A,0.0975514349620577,4.990093222615534e-7,0.9024480660286194,2,3,r0_3,r0,3
130,C,0.17786327699700719,1.3904906893243855e-6,0.8221353325123038,2,3,r0_3,r0,3
131,A,0.09755140147550938,4.3883413336688685e-7,0.9024481596903576,2,3,r0_3,r0,3
131,C,0.17786318282441943,1.2235931505299758e-6,0.8221355935824313,2,3,r0_3,r0,3
132,A,0.09755137201676942,3.859247658647098e-7,0.9024482420584644,2,3,r0_3,r0,3
132,C,0.17786309995530125,1.0767278283871262e-6,0.8221358233168713,2,3,r0_3,r0,3
133,A,0.09755134610108236,3.394024811676538e-7,0.9024483144964358,2,3,r0_3,r0,3
133,C,0.17786302703290363,9.474903396803335e-7,0.8221360254767559,2,3,r0_3,r0,3
134,A,0.09755132330207807,2.9849503548439445e-7,0.9024483782028866,2,3,r0_3,r0,3
134,C,0.17786296286332878,8.33764884488804e-7,0.82213620337178706,2,3,r0_3,r0,3
135,A,0.09755130324473267,2.625237402295865e-7,0.9024484342315275,2,3,r0_3,r0,3
135,C,0.17786290639598024,7.336896102717994e-7,0.8221363599144089,2,3,r0_3,r0,3
136,A,0.09755128559917954,2.308920997422458e-7,0.9024484835087215,2,3,r0_3,r0,3
136,C,0.17786285670636587,6.45626132776066e-7,0.8221364976675021,2,3,r0_3,r0,3
137,A,0.09755127007526714,2.0307583326981402e-7,0.9024485268488996,2,3,r0_3,r0,3
137,C,0.17786281298095846,5.681327149281575e-7,0.8221366188863266,2,3,r0_3,r0,3
138,A,0.09755125641777289,1.7861411191743374e-7,0.9024485649681164,2,3,r0_3,r0,3
138,C,0.1778627745038786,4.999406647267202e-7,0.8221367255554561,2,3,r0_3,r0,3
139,A,0.09755124440219548,1.5710186207062495e-7,0.9024485984959425,2,3,r0_3,r0,3
139,C,0.17786274064517396,4.399335658391909e-7,0.8221368194212612,2,3,r0_3,r0,3
140,A,0.09755123383105362,1.3818300501536944e-7,0.9024486279859415,2,3,r0_3,r0,3
140,C,0.17786271085050379,3.871290008876806e-7,0.822136902020495,2,3,r0_3,r0,3
141,A,0.09755122453063152,1.215445183364035e-7,0.9024486539248502,2,3,r0_3,r0,3
141,C,0.17786268463206523,3.4066246790543294e-7,0.8221369747054659,2,3,r0_3,r0,3
142,A,0.09755121634881457,1.0691247819484333e-7,0.9024486767387082,2,3,r0_3,r0,3
142,C,0.17786266156256272,2.9977669603933534e-7,0.822137038660741,2,3,r0_3,r0,3
143,A,0.09755120915234992,9.404708148001414e-8,0.9024486968005682,2,3,r0_3,r0,3
143,C,0.1778626412675521,2.638080787228005e-7,0.8221370949243691,2,3,r0_3,r0,3
144,A,0.09755120282190169,8.273367065356762e-8,0.9024487144444278,2,3,r0_3,r0,3
144,C,0.17786262341161027,2.3216216175419106e-7,0.8221371444262274,2,3,r0_3,r0,3
145,A,0.09755119725233487,7.278323775450033e-8,0.9024487299644275,2,3,r0_3,r0,3
145,C,0.17786260769914172,2.0431507505218477e-7,0.8221371879857837,2,3,r0_3,r0,3
146,A,0.09755119233846693,6.40068097619591e-8,0.9024487436547234,2,3,r0_3,r0,3
146,C,0.1778625938343108,1.7974252059272822e-7,0.8221372264231688,2,3,r0_3,r0,3
147,A,0.09755118800667195,5.627219566585883e-8,0.9024487557211333,2,3,r0_3,r0,3
147,C,0.17786258160996601,1.580773717193969e-7,0.8221372603126621,2,3,r0_3,r0,3
148,A,0.09755118419185566,4.946259638711134e-8,0.9024487663455479,2,3,r0_3,r0,3
148,C,0.17786257084289767,1.389949315039777e-7,0.8221372901621707,2,3,r0_3,r0,3
149,A,0.09755118104254737,4.384325381445833e-8,0.9024487751141989,2,3,r0_3,r0,3
149,C,0.17786256195222497,1.2323800331696218e-7,0.8221373148097708,2,3,r0_3,r0,3
150,A,0.09755117825059581,3.886267119015931e-8,0.9024487828867337,2,3,r0_3,r0,3
150,C,0.177862554069432,1.0926733020185773e-7,0.8221373366632371,2,3,r0_3,r0,3
151,A,0.09755117577544087,3.444818841547395e-8,0.9024487897763713,2,3,r0_3,r0,3
151,C,0.1778625470802618,9.688041708691848e-8,0.8221373560393198,2,3,r0_3,r0,3
152,A,0.09755117358112779,3.0535417924844285e-8,0.9024487958834544,2,3,r0_3,r0,3
152,C,0.17786254088341008,8.589772425758448e-8,0.8221373732188672,2,3,r0_3,r0,3
153,A,0.09755117163578365,2.7067301792667398e-8,0.9024488012969153,2,3,r0_3,r0,3
153,C,0.17786253538905605,7.616006509394943e-8,0.8221373884508797,2,3,r0_3,r0,3
154,A,0.09755116991115363,2.3993276459207226e-8,0.9024488060955702,2,3,r0_3,r0,3
154,C,0.1778625305175623,6.75262987999114e-8,0.8221374019561388,2,3,r0_3,r0,3
155,A,0.09755116838219059,2.126853277071517e-8,0.9024488103492762,2,3,r0_3,r0,3
155,C,0.17786252619831963,5.987128468792178e-8,0.8221374139303954,2,3,r0_3,r0,3
156,A,0.09755116702669095,1.885336043913721e-8,0.9024488141199483,2,3,r0_3,r0,3
156,C,0.177862522368722,5.308406836929252e-8,0.8221374245472092,2,3,r0_3,r0,3
157,A,0.09755116582497061,1.6712567274651955e-8,0.9024488174624621,2,3,r0_3,r0,3
157,C,0.17786251897326227,4.7066273561106954e-8,0.8221374339604639,2,3,r0_3,r0,3
158,A,0.09755116475958044,1.4814964648855027e-8,0.9024488204254554,2,3,r0_3,r0,3
158,C,0.17786251596272465,4.173067620087038e-8,0.8221374423065997,2,3,r0_3,r0,3
159,A,0.09755116381505105,1.313291162418219e-8,0.9024488230520369,2,3,r0_3,r0,3
159,C,0.17786251329347258,3.699994020231442e-8,0.8221374497065884,2,3,r0_3,r0,3
160,A,0.09755116297766957,1.164191105075352e-8,0.9024488253804198,2,3,r0_3,r0,3
160,C,0.17786251092681651,3.280549652852634e-8,0.8221374562676864,2,3,r0_3,r0,3
161,A,0.09755116223527845,1.0320251698125322e-8,0.9024488274444702,2,3,r0_3,r0,3
161,C,0.17786250882845406,2.9086549335762593e-8,0.8221374620849968,2,3,r0_3,r0,3
162,A,0.09755116157710086,9.148691167885708e-9,0.9024488292742093,2,3,r0_3,r0,3
162,C,0.1778625069679697,2.578919478302643e-8,0.8221374672428357,2,3,r0_3,r0,3
163,A,0.09755116099358194,8.110174933715614e-9,0.9024488308962435,2,3,r0_3,r0,3
163,C,0.17786250531839673,2.2865639735440554e-8,0.8221374718159633,2,3,r0_3,r0,3
164,A,0.09755116047625215,7.189587387405148e-9,0.902448832334161,2,3,r0_3,r0,3
164,C,0.17786250385582558,2.0273509037279726e-8,0.8221374758706663,2,3,r0_3,r0,3
165,A,0.09755116001760195,6.373531240263148e-9,0.9024488336088665,2,3,r0_3,r0,3
165,C,0.1778625025590569,1.7975231314244937e-8,0.8221374794657098,2,3,r0_3,r0,3
166,A,0.09755115961097476,5.650132046387575e-9,0.9024488347388927,2,3,r0_3,r0,3
166,C,0.17786250140929497,1.5937494402751667e-8,0.8221374826532104,2,3,r0_3,r0,3
167,A,0.09755115925046881,5.008864983559025e-9,0.9024488357406666,2,3,r0_3,r0,3
167,C,0.1778625003898746,1.4130762513169817e-8,0.8221374854793629,2,3,r0_3,r0,3
168,A,0.09755115893085209,4.440401354560408e-9,0.9024488366287466,2,3,r0_3,r0,3
168,C,0.17786249948601907,1.252884812872436e-8,0.8221374879851319,2,3,r0_3,r0,3
169,A,0.09755115864748651,3.936472557423448e-9,0.902448837416041,2,3,r0_3,r0,3
169,C,0.17786249868462856,1.1108532434075098e-8,0.8221374902068389,2,3,r0_3,r0,3
170,A,0.09755115839625958,3.4897495537439743e-9,0.9024488381139913,2,3,r0_3,r0,3
170,C,0.17786249797408618,9.849228777253267e-9,0.8221374921766837,2,3,r0_3,r0,3
171,A,0.09755115817352596,3.0937360300722063e-9,0.9024488387327373,2,3,r0_3,r0,3
171,C,0.17786249734409415,8.73268427648671e-9,0.8221374939232216,2,3,r0_3,r0,3
172,A,0.09755115797605339,2.74267373070378e-9,0.902448839281273,2,3,r0_3,r0,3
172,C,0.17786249678552,7.742715257463606e-9,0.8221374954717646,2,3,r0_3,r0,3
173,A,0.09755115780097691,2.4314585582602096e-9,0.9024488397675641,2,3,r0_3,r0,3
173,C,0.1778624962902683,6.8649726815340425e-9,0.8221374968447606,2,3,r0_3,r0,3
174,A,0.09755115764575602,2.15556621802003e-9,0.9024488401986774,2,3,r0_3,r0,3
174,C,0.1778624958511596,6.086734165540368e-9,0.822137498062106,2,3,r0_3,r0,3
175,A,0.09755115750813863,1.910986319829467e-9,0.9024488405808744,2,3,r0_3,r0,3
175,C,0.17786249546183053,5.396719578901169e-9,0.822137499141451,2,3,r0_3,r0,3
176,A,0.09755115738612807,1.6941639747491874e-9,0.9024488409197085,2,3,r0_3,r0,3
176,C,0.17786249511663704,4.784927545167572e-9,0.8221375000984356,2,3,r0_3,r0,3
177,A,0.0975511572779545,1.5019480333269794e-9,0.9024488412200969,2,3,r0_3,r0,3
177,C,0.1778624948105758,4.242490478263528e-9,0.8221375009469343,2,3,r0_3,r0,3
178,A,0.09755115718204838,1.331545209596417e-9,0.9024488414864072,2,3,r0_3,r0,3
178,C,0.17786249453921057,3.761546052266391e-9,0.8221375016992409,2,3,r0_3,r0,3
179,A,0.09755115709701817,1.180479421020123e-9,0.9024488417225016,2,3,r0_3,r0,3
179,C,0.17786249429860887,3.3351232417749314e-9,0.8221375023662661,2,3,r0_3,r0,3
180,A,0.09755115702163077,1.0465557508910576e-9,0.9024488419318138,2,3,r0_3,r0,3
180,C,0.17786249408528296,2.957041281100817e-9,0.822137502957676,2,3,r0_3,r0,3
181,A,0.09755115695479225,9.278285072984853e-10,0.9024488421173785,2,3,r0_3,r0,3
181,C,0.17786249389614017,2.6218200777679684e-9,0.8221375034820403,2,3,r0_3,r0,3
182,A,0.09755115689553324,8.225729126510732e-10,0.9024488422818936,2,3,r0_3,r0,3
182,C,0.1778624937284389,2.324600781825433e-9,0.8221375039469594,2,3,r0_3,r0,3
183,A,0.09755115684299419,7.292600108079131e-10,0.902448842427745,2,3,r0_3,r0,3
183,C,0.1778624935797496,2.061075359680089e-9,0.8221375043591757,2,3,r0_3,r0,3
184,A,0.09755115679641292,6.465344258788546e-10,0.9024488425570533,2,3,r0_3,r0,3
184,C,0.17786249344791616,1.8274241516695139e-9,0.8221375047246609,2,3,r0_3,r0,3
185,A,0.09755115675511371,5.731946484085441e-10,0.9024488426716918,2,3,r0_3,r0,3
185,C,0.17786249333102752,1.6202605083136932e-9,0.8221375050487126,2,3,r0_3,r0,3
186,A,0.09755115671849776,5.081755615654438e-10,0.9024488427733282,2,3,r0_3,r0,3
186,C,0.17786249322739003,1.4365817027844135e-9,0.8221375053360286,2,3,r0_3,r0,3
187,A,0.09755115668603367,4.505329526593709e-10,0.9024488428634337,2,3,r0_3,r0,3
187,C,0.17786249313550118,1.2737254081007016e-9,0.822137505590774,2,3,r0_3,r0,3
188,A,0.097551156657251,3.994297842883573e-10,0.90244884294332,2,3,r0_3,r0,3
188,C,0.17786249305402949,1.1293311082152942e-9,0.8221375058166406,2,3,r0_3,r0,3
189,A,0.0975511566317319,3.54124025429596e-10,0.9024488430141449,2,3,r0_3,r0,3
189,C,0.17786249298179352,1.0013058824807196e-9,0.8221375060169005,2,3,r0_3,r0,3
190,A,0.09755115660910649,3.139578634626897e-10,0.9024488430769357,2,3,r0_3,r0,3
190,C,0.17786249291774672,8.877940736656001e-10,0.8221375061944611,2,3,r0_3,r0,3
191,A,0.09755115658904666,2.783481435942146e-10,0.9024488431326054,2,3,r0_3,r0,3
191,C,0.1778624928609601,7.871503874903886e-10,0.8221375063518908,2,3,r0_3,r0,3
192,A,0.09755115657126133,2.467778928515387e-10,0.9024488431819608,2,3,r0_3,r0,3
192,C,0.1778624928106112,6.97916046061171e-10,0.8221375064914729,2,3,r0_3,r0,3
193,A,0.09755115655549243,2.1878880693965549e-10,0.9024488432257177,2,3,r0_3,r0,3
193,C,0.17786249276597016,6.187976438520453e-10,0.822137506615233,2,3,r0_3,r0,3
194,A,0.09755115654151188,1.9397459036066406e-10,0.9024488432645141,2,3,r0_3,r0,3
194,C,0.17786249272638976,5.486484005036027e-10,0.822137506724963,2,3,r0_3,r0,3
195,A,0.09755115652911638,1.7197505280860914e-10,0.9024488432989085,2,3,r0_3,r0,3
195,C,0.17786249269129584,4.864515388693569e-10,0.8221375068222512,2,3,r0_3,r0,3
196,A,0.09755115651812646,1.524708759211815e-10,0.9024488433294023,2,3,r0_3,r0,3
196,C,0.17786249266018114,4.3130554738487124e-10,0.822137506908514,2,3,r0_3,r0,3
197,A,0.09755115650838246,1.3517897423623555e-10,0.9024488433564383,2,3,r0_3,r0,3
197,C,0.17786249263259288,3.8241111314636365e-10,0.822137506984995,2,3,r0_3,r0,3
198,A,0.09755115649974347,1.1984838285657454e-10,0.9024488433804085,2,3,r0_3,r0,3
198,C,0.17786249260813283,3.3905953630155e-10,0.8221375070528079,2,3,r0_3,r0,3
199,A,0.09755115649208386,1.0625661199749755e-10,0.9024488434016598,2,3,r0_3,r0,3
199,C,0.1778624925864457,3.006224578260376e-10,0.8221375071129329,2,3,r0_3,r0,3
200,A,0.09755115648529283,9.42064153902484e-11,0.9024488434205009,2,3,r0_3,r0,3
200,C,0.17786249256721653,2.6654275179543123e-10,0.822137507166241,2,3,r0_3,r0,3
201,A,0.09755115647927173,8.352292554004642e-11,0.9024488434372058,2,3,r0_3,r0,3
201,C,0.1778624925501675,2.3632645014187306e-10,0.8221375072135052,2,3,r0_3,r0,3
202,A,0.09755115647393327,7.405111417782235e-11,0.9024488434520155,2,3,r0_3,r0,3
202,C,0.17786249253505132,2.0953558284900748e-10,0.8221375072554122,2,3,r0_3,r0,3
203,A,0.09755115646920019,6.565354097804373e-11,0.9024488434651466,2,3,r0_3,r0,3
203,C,0.17786249252164896,1.8578182980808726e-10,0.8221375072925697,2,3,r0_3,r0,3
204,A,0.09755115646500377,5.82083578102207e-11,0.9024488434767886,2,3,r0_3,r0,3
204,C,0.1778624925097654,1.6472089232247745e-10,0.8221375073255135,2,3,r0_3,r0,3
205,A,0.09755115646128298,5.160753951000831e-11,0.9024488434871103,2,3,r0_3,r0,3
205,C,0.17786249249922922,1.460475026786848e-10,0.8221375073547234,2,3,r0_3,r0,3
206,A,0.09755115645798398,4.5755315451535035e-11,0.9024488434962608,2,3,r0_3,r0,3
206,C,0.17786249248988767,1.2949099945044854e-10,0.8221375073806216,2,3,r0_3,r0,3
207,A,0.09755115645505935,4.0566779123741364e-11,0.9024488435043746,2,3,r0_3,r0,3
207,C,0.17786249248160502,1.1481140440238682e-10,0.8221375074035837,2,3,r0_3,r0,3
208,A,0.09755115645246609,3.596665550270819e-11,0.902448843511568,2,3,r0_3,r0,3
208,C,0.1778624924742613,1.0179594413009885e-10,0.8221375074239428,2,3,r0_3,r0,3
209,A,0.09755115645016692,3.188820828023069e-11,0.9024488435179445,2,3,r0_3,r0,3
209,C,0.17786249246775002,9.025596623020359e-11,0.8221375074419941,2,3,r0_3,r0,3
210,A,0.09755115644812845,2.827227120911875e-11,0.9024488435235996,2,3,r0_3,r0,3
210,C,0.17786249246197697,8.002420422239501e-11,0.8221375074579989,2,3,r0_3,r0,3
211,A,0.09755115644632081,2.506638920133898e-11,0.9024488435286127,2,3,r0_3,r0,3
211,C,0.1778624924568585,7.095235377167265e-11,0.8221375074721897,2,3,r0_3,r0,3
212,A,0.09755115644471848,2.2224056993881766e-11,0.9024488435330572,2,3,r0_3,r0,3
212,C,0.1778624924523201,6.290892290549313e-11,0.8221375074847714,2,3,r0_3,r0,3
213,A,0.09755115644329765,1.9704044181938688e-11,0.9024488435369984,2,3,r0_3,r0,3
213,C,0.17786249244829622,5.577732607642101e-11,0.8221375074959268,2,3,r0_3,r0,3
214,A,0.09755115644203805,1.7469796833441336e-11,0.9024488435404923,2,3,r0_3,r0,3
214,C,0.17786249244472835,4.945419431415717e-11,0.8221375075058175,2,3,r0_3,r0,3
215,A,0.09755115644092115,1.5488906997221182e-11,0.9024488435435898,2,3,r0_3,r0,3
215,C,0.17786249244156516,4.3847876944967304e-11,0.8221375075145869,2,3,r0_3,r0,3
216,A,0.09755115643993081,1.373264239975027e-11,0.9024488435463366,2,3,r0_3,r0,3
216,C,0.17786249243876043,3.887711316173154e-11,0.8221375075223631,2,3,r0_3,r0,3
217,A,0.0975511564390528,1.2175529500092292e-11,0.9024488435487725,2,3,r0_3,r0,3
217,C,0.17786249243627358,3.4469854189731805e-11,0.8221375075292564,2,3,r0_3,r0,3
218,A,0.09755115643827435,1.0794983848036652e-11,0.9024488435509309,2,3,r0_3,r0,3
218,C,0.17786249243406932,3.056221897609333e-11,0.8221375075353704,2,3,r0_3,r0,3
219,A,0.09755115643758425,9.570982377688676e-12,0.9024488435528443,2,3,r0_3,r0,3
219,C,0.17786249243211405,2.70975682661499e-11,0.8221375075407887,2,3,r0_3,r0,3
220,A,0.09755115643697233,8.485772878048228e-12,0.9024488435545424,2,3,r0_3,r0,3
220,C,0.1778624924303808,2.4025683645958907e-11,0.8221375075455931,2,3,r0_3,r0,3
221,A,0.0975511564364298,7.523616422192064e-12,0.9024488435560469,2,3,r0_3,r0,3
221,C,0.17786249242884414,2.1302039651614905e-11,0.8221375075498538,2,3,r0_3,r0,3
222,A,0.09755115643594862,6.670559015440719e-12,0.9024488435573819,2,3,r0_3,r0,3
222,C,0.1778624924274816,1.8887158394969123e-11,0.8221375075536318,2,3,r0_3,r0,3
223,A,0.09755115643552212,5.9142291473017165e-12,0.9024488435585638,2,3,r0_3,r0,3
223,C,0.17786249242627342,1.6746037351389407e-11,0.8221375075569808,2,3,r0_3,r0,3
224,A,0.097551156435144,5.243658308211196e-12,0.9024488435596121,2,3,r0_3,r0,3
224,C,0.17786249242520252,1.4847642015641706e-11,0.822137507559951,2,3,r0_3,r0,3
225,A,0.09755115643480869,4.649121865617775e-12,0.9024488435605417,2,3,r0_3,r0,3
225,C,0.1778624924242526,1.316445607220214e-11,0.822137507562583,2,3,r0_3,r0,3
226,A,0.09755115643451139,4.1219979896143985e-12,0.902448843561367,2,3,r0_3,r0,3
226,C,0.1778624924234106,1.1672082559951112e-11,0.8221375075649175,2,3,r0_3,r0,3
227,A,0.09755115643424792,3.6546425804266705e-12,0.9024488435620982,2,3,r0_3,r0,3
227,C,0.1778624924226643,1.0348890250336371e-11,0.8221375075669886,2,3,r0_3,r0,3
228,A,0.0975511564340142,3.2402783824183345e-12,0.9024488435627462,2,3,r0_3,r0,3
228,C,0.17786249242200203,9.175700113437648e-12,0.8221375075688225,2,3,r0_3,r0,3
229,A,0.09755115643380692,2.8728966796598563e-12,0.9024488435633196,2,3,r0_3,r0,3
229,C,0.1778624924214152,8.135507326464038e-12,0.8221375075704498,2,3,r0_3,r0,3
230,A,0.09755115643362333,2.547170123656052e-12,0.9024488435638303,2,3,r0_3,r0,3
230,C,0.17786249242089483,7.213234800233338e-12,0.8221375075718925,2,3,r0_3,r0,3
231,A,0.09755115643346028,2.2583754745353577e-12,0.9024488435642813,2,3,r0_3,r0,3
231,C,0.17786249242043353,6.395514641207463e-12,0.8221375075731716,2,3,r0_3,r0,3
232,A,0.09755115643331586,2.0023250882415177e-12,0.9024488435646818,2,3,r0_3,r0,3
232,C,0.1778624924200245,5.670494391301308e-12,0.8221375075743064,2,3,r0_3,r0,3
233,A,0.09755115643318801,1.7753061772093296e-12,0.9024488435650372,2,3,r0_3,r0,3
233,C,0.1778624924196617,5.0276652324611116e-12,0.8221375075753105,2,3,r0_3,r0,3
234,A,0.09755115643307442,1.574026960320741e-12,0.9024488435653519,2,3,r0_3,r0,3
234,C,0.1778624924193398,4.457709666508673e-12,0.822137507576202,2,3,r0_3,r0,3
235,A,0.09755115643297364,1.3955689201570468e-12,0.9024488435656304,2,3,r0_3,r0,3
235,C,0.17786249241905536,3.952366462575756e-12,0.8221375075769956,2,3,r0_3,r0,3
236,A,0.09755115643288446,1.2373444748213704e-12,0.9024488435658781,2,3,r0_3,r0,3
236,C,0.17786249241880225,3.504310914609616e-12,0.822137507577695,2,3,r0_3,r0,3
237,A,0.09755115643280537,1.0970594501898184e-12,0.9024488435660978,2,3,r0_3,r0,3
237,C,0.17786249241857818,3.107048673342602e-12,0.8221375075783158,2,3,r0_3,r0,3
238,A,0.09755115643273504,9.726798081178755e-13,0.9024488435662924,2,3,r0_3,r0,3
238,C,0.17786249241837937,2.7548216138729408e-12,0.822137507578867,2,3,r0_3,r0,3
239,A,0.09755115643267295,8.624021478919939e-13,0.9024488435664643,2,3,r0_3,r0,3
239,C,0.17786249241820304,2.4425243744547216e-12,0.822137507579355,2,3,r0_3,r0,3
240,A,0.0975511564326178,7.646275529724087e-13,0.9024488435666167,2,3,r0_3,r0,3
240,C,0.17786249241804694,2.1656303567683316e-12,0.8221375075797879,2,3,r0_3,r0,3
241,A,0.09755115643256895,6.779384036170169e-13,0.9024488435667536,2,3,r0_3,r0,3
241,C,0.17786249241790827,1.9201261150821497e-12,0.8221375075801719,2,3,r0_3,r0,3
242,A,0.09755115643252554,6.01077819012591e-13,0.902448843566874,2,3,r0_3,r0,3
242,C,0.17786249241778565,1.7024531833090043e-12,0.8221375075805128,2,3,r0_3,r0,3
243,A,0.09755115643248724,5.329314306937715e-13,0.9024488435669805,2,3,r0_3,r0,3
243,C,0.17786249241767652,1.5094564967694345e-12,0.8221375075808154,2,3,r0_3,r0,3
244,A,0.0975511564324531,4.725112228559398e-13,0.902448843567075,2,3,r0_3,r0,3
244,C,0.17786249241758012,1.3383386610608137e-12,0.8221375075810826,2,3,r0_3,r0,3
245,A,0.09755115643242294,4.1894120515662563e-13,0.9024488435671594,2,3,r0_3,r0,3
245,C,0.17786249241749466,1.1866194051821633e-12,0.8221375075813199,2,3,r0_3,r0,3
246,A,0.09755115643239598,3.7144471018665333e-13,0.9024488435672325,2,3,r0_3,r0,3
246,C,0.17786249241741853,1.0520996312077345e-12,0.8221375075815297,2,3,r0_3,r0,3
247,A,0.09755115643237228,3.293331313629833e-13,0.9024488435672989,2,3,r0_3,r0,3
247,C,0.17786249241735125,9.328295394271318e-13,0.8221375075817167,2,3,r0_3,r0,3
248,A,0.09755115643235117,2.919959378921724e-13,0.9024488435673572,2,3,r0_3,r0,3
248,C,0.17786249241729163,8.270803669415398e-13,0.8221375075818815,2,3,r0_3,r0,3
249,A,0.09755115643233252,2.588918216553171e-13,0.9024488435674082,2,3,r0_3,r0,3
249,C,0.17786249241723867,7.333193291447087e-13,0.8221375075820283,2,3,r0_3,r0,3
250,A,0.09755115643231595,2.295408492754935e-13,0.9024488435674544,2,3,r0_3,r0,3
250,C,0.17786249241719174,6.501874056845756e-13,0.8221375075821585,2,3,r0_3,r0,3
251,A,0.09755115643230126,2.0351750216660993e-13,0.9024488435674952,2,3,r0_3,r0,3
251,C,0.17786249241715021,5.764796391575604e-13,0.8221375075822733,2,3,r0_3,r0,3
252,A,0.09755115643228825,1.804445069709848e-13,0.9024488435675313,2,3,r0_3,r0,3
252,C,0.1778624924171132,5.111276706708332e-13,0.8221375075823756,2,3,r0_3,r0,3
253,A,0.09755115643227676,1.599873653536311e-13,0.9024488435675636,2,3,r0_3,r0,3
253,C,0.17786249241708052,4.531842546220114e-13,0.8221375075824665,2,3,r0_3,r0,3
254,A,0.09755115643226644,1.4184950402152682e-13,0.9024488435675918,2,3,r0_3,r0,3
254,C,0.17786249241705135,4.0180952882979944e-13,0.8221375075825458,2,3,r0_3,r0,3
255,A,0.09755115643225738,1.2576797467559924e-13,0.9024488435676165,2,3,r0_3,r0,3
255,C,0.1778624924170262,3.562588411354005e-13,0.8221375075826189,2,3,r0_3,r0,3
256,A,0.09755115643224933,1.1150964153571004e-13,0.9024488435676387,2,3,r0_3,r0,3
256,C,0.17786249241700314,3.1587195602718273e-13,0.822137507582681,2,3,r0_3,r0,3
257,A,0.09755115643224227,9.886780115074252e-14,0.9024488435676595,2,3,r0_3,r0,3
257,C,0.177862492416983,2.8006348484390105e-13,0.8221375075827377,2,3,r0_3,r0,3
258,A,0.09755115643223604,8.765918547563948e-14,0.9024488435676771,2,3,r0_3,r0,3
258,C,0.17786249241696508,2.483144008468968e-13,0.8221375075827874,2,3,r0_3,r0,3
259,A,0.09755115643223035,7.772130475595207e-14,0.9024488435676924,2,3,r0_3,r0,3
259,C,0.17786249241694913,2.2016451617638527e-13,0.8221375075828309,2,3,r0_3,r0,3
260,A,0.09755115643222527,6.89100916887274e-14,0.9024488435677055,2,3,r0_3,r0,3
260,C,0.17786249241693503,1.9520581164894292e-13,0.8221375075828705,2,3,r0_3,r0,3
261,A,0.09755115643222091,6.109781269794619e-14,0.9024488435677182,2,3,r0_3,r0,3
261,C,0.1778624924169224,1.7307652271485506e-13,0.8221375075829039,2,3,r0_3,r0,3
262,A,0.09755115643221708,5.4171216036560175e-14,0.9024488435677289,2,3,r0_3,r0,3
262,C,0.17786249241691138,1.5345589585412865e-13,0.8221375075829351,2,3,r0_3,r0,3
263,A,0.09755115643221356,4.8029889861723165e-14,0.9024488435677377,2,3,r0_3,r0,3
263,C,0.17786249241690172,1.3605953940766904e-13,0.8221375075829626,2,3,r0_3,r0,3
264,A,0.09755115643221056,4.258480647484466e-14,0.9024488435677471,2,3,r0_3,r0,3
264,C,0.17786249241689292,1.2063530145616594e-13,0.822137507582987,2,3,r0_3,r0,3
265,A,0.09755115643220788,3.775703161782247e-14,0.9024488435677543,2,3,r0_3,r0,3
265,C,0.17786249241688515,1.0695961499853253e-13,0.822137507583008,2,3,r0_3,r0,3
266,A,0.09755115643220531,3.34765801103796e-14,0.9024488435677609,2,3,r0_3,r0,3
266,C,0.1778624924168784,9.483425745501991e-14,0.8221375075830273,2,3,r0_3,r0,3
267,A,0.09755115643220319,2.9681401235571764e-14,0.9024488435677679,2,3,r0_3,r0,3
267,C,0.17786249241687224,8.408347752556982e-14,0.822137507583044,2,3,r0_3,r0,3
268,A,0.09755115643220132,2.631647916201755e-14,0.9024488435677722,2,3,r0_3,r0,3
268,C,0.17786249241686686,7.455144775859797e-14,0.8221375075830591,2,3,r0_3,r0,3
269,A,0.09755115643219962,2.333303535496967e-14,0.9024488435677767,2,3,r0_3,r0,3
269,C,0.17786249241686222,6.610000589732945e-14,0.8221375075830727,2,3,r0_3,r0,3
270,A,0.09755115643219817,2.0687821435286757e-14,0.9024488435677812,2,3,r0_3,r0,3
270,C,0.17786249241685795,5.860665231190521e-14,0.8221375075830839,2,3,r0_3,r0,3
271,A,0.09755115643219689,1.834249218572105e-14,0.9024488435677852,2,3,r0_3,r0,3
271,C,0.17786249241685412,5.196277439771647e-14,0.8221375075830939,2,3,r0_3,r0,3
272,A,0.09755115643219575,1.6263049661199493e-14,0.9024488435677884,2,3,r0_3,r0,3
272,C,0.1778624924168509,4.607207229513808e-14,0.8221375075831031,2,3,r0_3,r0,3
273,A,0.09755115643219461,1.441935032131787e-14,0.9024488435677908,2,3,r0_3,r0,3
273,C,0.17786249241684787,4.0849163070113197e-14,0.822137507583111,2,3,r0_3,r0,3
274,A,0.09755115643219367,1.2784668042016646e-14,0.9024488435677931,2,3,r0_3,r0,3
274,C,0.17786249241684535,3.6218343129181405e-14,0.822137507583119,2,3,r0_3,r0,3
275,A,0.09755115643219282,1.133530667139971e-14,0.9024488435677959,2,3,r0_3,r0,3
275,C,0.17786249241684307,3.211249093192505e-14,0.8221375075831248,2,3,r0_3,r0,3
276,A,0.09755115643219216,1.0050256512399128e-14,0.9024488435677972,2,3,r0_3,r0,3
276,C,0.1778624924168409,2.8472094096178994e-14,0.8221375075831304,2,3,r0_3,r0,3
277,A,0.0975511564321915,8.91088975189902e-15,0.902448843567799,2,3,r0_3,r0,3
277,C,0.17786249241683907,2.5244386794358045e-14,0.8221375075831361,2,3,r0_3,r0,3
278,A,0.09755115643219091,7.900690420623781e-15,0.9024488435678005,2,3,r0_3,r0,3
278,C,0.1778624924168375,2.2382584937876254e-14,0.8221375075831404,2,3,r0_3,r0,3
279,A,0.09755115643219045,7.0050149687580755e-15,0.9024488435678021,2,3,r0_3,r0,3
279,C,0.1778624924168361,1.9845208064021348e-14,0.8221375075831442,2,3,r0_3,r0,3
280,A,0.09755115643219005,6.2108799861598816e-15,0.9024488435678036,2,3,r0_3,r0,3
280,C,0.1778624924168348,1.7595478096358945e-14,0.8221375075831482,2,3,r0_3,r0,3
281,A,0.09755115643218956,5.506773989589714e-15,0.902448843567805,2,3,r0_3,r0,3
281,C,0.17786249241683355,1.5600786263986005e-14,0.82213750758315,2,3,r0_3,r0,3
282,A,0.0975511564321892,4.882490548316798e-15,0.9024488435678061,2,3,r0_3,r0,3
282,C,0.17786249241683263,1.3832220452883196e-14,0.8221375075831531,2,3,r0_3,r0,3
283,A,0.09755115643218883,4.328980328836587e-15,0.9024488435678067,2,3,r0_3,r0,3
283,C,0.17786249241683183,1.2264146138549008e-14,0.8221375075831558,2,3,r0_3,r0,3
284,A,0.09755115643218863,3.8382199137289134e-15,0.9024488435678079,2,3,r0_3,r0,3
284,C,0.177862492416831,1.0873834825734674e-14,0.8221375075831582,2,3,r0_3,r0,3
285,A,0.09755115643218842,3.403095492881007e-15,0.9024488435678082,2,3,r0_3,r0,3
285,C,0.17786249241683028,9.641134609690881e-15,0.8221375075831604,2,3,r0_3,r0,3
286,A,0.09755115643218819,3.017299740920016e-15,0.902448843567809,2,3,r0_3,r0,3
286,C,0.1778624924168296,8.548178083868806e-15,0.8221375075831617,2,3,r0_3,r0,3
287,A,0.09755115643218795,2.675240385872541e-15,0.9024488435678091,2,3,r0_3,r0,3
287,C,0.17786249241682914,7.579123360336567e-15,0.8221375075831633,2,3,r0_3,r0,3
288,A,0.09755115643218785,2.3719591435662545e-15,0.9024488435678095,2,3,r0_3,r0,3
288,C,0.1778624924168287,6.7199244491257154e-15,0.8221375075831645,2,3,r0_3,r0,3
289,A,0.09755115643218765,2.1030598431254357e-15,0.9024488435678099,2,3,r0_3,r0,3
289,C,0.1778624924168281,5.958127668829415e-15,0.8221375075831655,2,3,r0_3,r0,3
290,A,0.09755115643218748,1.8646446987456514e-15,0.9024488435678106,2,3,r0_3,r0,3
290,C,0.1778624924168279,5.282691134645476e-15,0.822137507583167,2,3,r0_3,r0,3
291,A,0.09755115643218737,1.6532578096923328e-15,0.9024488435678109,2,3,r0_3,r0,3
291,C,0.17786249241682758,4.68382471322652e-15,0.822137507583168,2,3,r0_3,r0,3
292,A,0.09755115643218724,1.4658350637083076e-15,0.9024488435678112,2,3,r0_3,r0,3
292,C,0.17786249241682717,4.152848118855545e-15,0.8221375075831681,2,3,r0_3,r0,3
293,A,0.09755115643218717,1.2996597202670463e-15,0.9024488435678116,2,3,r0_3,r0,3
293,C,0.177862492416827,3.682065096742304e-15,0.8221375075831694,2,3,r0_3,r0,3
294,A,0.09755115643218713,1.1523230294363861e-15,0.902448843567812,2,3,r0_3,r0,3
294,C,0.17786249241682667,3.2646518694548466e-15,0.8221375075831695,2,3,r0_3,r0,3
295,A,0.09755115643218702,1.0216893153883018e-15,0.9024488435678122,2,3,r0_3,r0,3
295,C,0.17786249241682647,2.894558229496628e-15,0.8221375075831703,2,3,r0_3,r0,3
296,A,0.09755115643218698,9.05865018389595e-16,0.9024488435678122,2,3,r0_3,r0,3
296,C,0.17786249241682628,2.5664198444130662e-15,0.8221375075831712,2,3,r0_3,r0,3
297,A,0.0975511564321869,8.031712464944301e-16,0.9024488435678122,2,3,r0_3,r0,3
297,C,0.17786249241682614,2.2754805033317532e-15,0.8221375075831717,2,3,r0_3,r0,3
298,A,0.09755115643218688,7.121194390392075e-16,0.9024488435678124,2,3,r0_3,r0,3
298,C,0.17786249241682595,2.01752317793676e-15,0.822137507583172,2,3,r0_3,r0,3
299,A,0.09755115643218681,6.313897891515273e-16,0.9024488435678123,2,3,r0_3,r0,3
299,C,0.17786249241682586,1.788808898638697e-15,0.8221375075831723,2,3,r0_3,r0,3
300,A,0.09755115643218677,5.5981211248157e-16,0.9024488435678126,2,3,r0_3,r0,3
300,C,0.17786249241682578,1.5860225599794776e-15,0.8221375075831729,2,3,r0_3,r0,3
301,A,0.09755115643218674,4.963488848262652e-16,0.9024488435678123,2,3,r0_3,r0,3
301,C,0.1778624924168255,1.4062248697469462e-15,0.8221375075831724,2,3,r0_3,r0,3
302,A,0.09755115643218672,4.4008020275812195e-16,0.9024488435678125,2,3,r0_3,r0,3
302,C,0.17786249241682547,1.2468097453245237e-15,0.8221375075831729,2,3,r0_3,r0,3
303,A,0.09755115643218672,3.9019044924743124e-16,0.9024488435678129,2,3,r0_3,r0,3
303,C,0.17786249241682547,1.1054665397561728e-15,0.8221375075831733,2,3,r0_3,r0,3
304,A,0.09755115643218668,3.459564709828746e-16,0.902448843567813,2,3,r0_3,r0,3
304,C,0.1778624924168254,9.801465500114008e-16,0.8221375075831733,2,3,r0_3,r0,3
305,A,0.09755115643218662,3.06737096009733e-16,0.9024488435678131,2,3,r0_3,r0,3
305,C,0.17786249241682528,8.690333220034906e-16,0.8221375075831734,2,3,r0_3,r0,3
306,A,0.09755115643218659,2.719638397345218e-16,0.9024488435678131,2,3,r0_3,r0,3
306,C,0.1778624924168252,7.7051632194624165e-16,0.8221375075831737,2,3,r0_3,r0,3
307,A,0.09755115643218658,2.4113266457175207e-16,0.902448843567813,2,3,r0_3,r0,3
307,C,0.17786249241682514,6.831675924280472e-16,0.8221375075831737,2,3,r0_3,r0,3
308,A,0.09755115643218655,2.1379667378231127e-16,0.9024488435678131,2,3,r0_3,r0,3
308,C,0.17786249241682509,6.05721054844126e-16,0.8221375075831738,2,3,r0_3,r0,3
309,A,0.09755115643218654,1.8955963360844927e-16,0.9024488435678132,2,3,r0_3,r0,3
309,C,0.17786249241682497,5.370541583659826e-16,0.8221375075831739,2,3,r0_3,r0,3
310,A,0.09755115643218654,1.68070229736623e-16,0.9024488435678132,2,3,r0_3,r0,3
310,C,0.17786249241682492,4.761716085317002e-16,0.8221375075831737,2,3,r0_3,r0,3
311,A,0.09755115643218651,1.4901697496668394e-16,0.9024488435678131,2,3,r0_3,r0,3
311,C,0.17786249241682486,4.2219094149435764e-16,0.8221375075831737,2,3,r0_3,r0,3
312,A,0.09755115643218654,1.3212369413920106e-16,0.9024488435678134,2,3,r0_3,r0,3
312,C,0.17786249241682486,3.743297329635046e-16,0.8221375075831737,2,3,r0_3,r0,3
313,A,0.09755115643218648,1.1714552093223204e-16,0.9024488435678133,2,3,r0_3,r0,3
313,C,0.17786249241682484,3.318942573101406e-16,0.8221375075831738,2,3,r0_3,r0,3
314,A,0.09755115643218648,1.0386534849136436e-16,0.9024488435678133,2,3,r0_3,r0,3
314,C,0.1778624924168248,2.942694323414881e-16,0.8221375075831739,2,3,r0_3,r0,3
315,A,0.09755115643218648,9.209068244136242e-17,0.9024488435678134,2,3,r0_3,r0,3
315,C,0.17786249241682478,2.60909903975187e-16,0.822137507583174,2,3,r0_3,r0,3
316,A,0.09755115643218648,8.16508506622721e-17,0.9024488435678133,2,3,r0_3,r0,3
316,C,0.17786249241682478,2.313321415894828e-16,0.8221375075831745,2,3,r0_3,r0,3
317,A,0.09755115643218648,7.2394529384396e-17,0.9024488435678133,2,3,r0_3,r0,3
317,C,0.17786249241682478,2.0510742947525681e-16,0.8221375075831744,2,3,r0_3,r0,3
318,A,0.09755115643218648,6.418754974182375e-17,0.9024488435678134,2,3,r0_3,r0,3
318,C,0.17786249241682475,1.8185565280430253e-16,0.8221375075831743,2,3,r0_3,r0,3
319,A,0.09755115643218648,5.691095298963319e-17,0.9024488435678134,2,3,r0_3,r0,3
319,C,0.17786249241682472,1.6123978804440607e-16,0.8221375075831743,2,3,r0_3,r0,3
320,A,0.09755115643218648,5.045926619441497e-17,0.9024488435678134,2,3,r0_3,r0,3
320,C,0.1778624924168247,1.4296101796239883e-16,0.8221375075831742,2,3,r0_3,r0,3
321,A,0.09755115643218645,4.4738973403665984e-17,0.9024488435678134,2,3,r0_3,r0,3
321,C,0.17786249241682467,1.2675440040945994e-16,0.8221375075831743,2,3,r0_3,r0,3
322,A,0.09755115643218644,3.9667160133170104e-17,0.9024488435678134,2,3,r0_3,r0,3
322,C,0.1778624924168247,1.1238502810976445e-16,0.8221375075831744,2,3,r0_3,r0,3
323,A,0.09755115643218644,3.517031152382019e-17,0.9024488435678134,2,3,r0_3,r0,3
323,C,0.1778624924168247,9.9644623790425494e-17,0.8221375075831744,2,3,r0_3,r0,3
324,A,0.09755115643218644,3.118324674684986e-17,0.9024488435678134,2,3,r0_3,r0,3
324,C,0.1778624924168247,8.834852130075069e-17,0.8221375075831744,2,3,r0_3,r0,3
325,A,0.09755115643218644,2.7648174211425247e-17,0.9024488435678134,2,3,r0_3,r0,3
325,C,0.1778624924168247,7.833298896356146e-17,0.8221375075831744,2,3,r0_3,r0,3
326,A,0.09755115643218644,2.4513853879628033e-17,0.9024488435678134,2,3,r0_3,r0,3
326,C,0.1778624924168247,6.9452856361819175e-17,0.8221375075831745,2,3,r0_3,r0,3
327,A,0.09755115643218644,2.1734854546426743e-17,0.9024488435678134,2,3,r0_3,r0,3
327,C,0.1778624924168247,6.15794101619517e-17,0.8221375075831745,2,3,r0_3,r0,3
328,A,0.09755115643218645,1.9270895318783686e-17,0.9024488435678135,2,3,r0_3,r0,3
328,C,0.1778624924168247,5.459852847483287e-17,0.8221375075831745,2,3,r0_3,r0,3
329,A,0.09755115643218645,1.7086261757156518e-17,0.9024488435678135,2,3,r0_3,r0,3
329,C,0.1778624924168247,4.840902669567217e-17,0.8221375075831745,2,3,r0_3,r0,3
330,A,0.09755115643218645,1.514928817178247e-17,0.9024488435678135,2,3,r0_3,r0,3
330,C,0.1778624924168247,4.292119093497473e-17,0.8221375075831745,2,3,r0_3,r0,3
331,A,0.09755115643218645,1.3431898660612184e-17,0.9024488435678135,2,3,r0_3,r0,3
331,C,0.1778624924168247,3.805547760325695e-17,0.8221375075831745,2,3,r0_3,r0,3
332,A,0.09755115643218645,1.1909200145154545e-17,0.9024488435678135,2,3,r0_3,r0,3
332,C,0.1778624924168247,3.374136047988741e-17,0.8221375075831745,2,3,r0_3,r0,3
333,A,0.09755115643218645,1.0559121547986067e-17,0.9024488435678135,2,3,r0_3,r0,3
333,C,0.1778624924168247,2.9916308471157946e-17,0.8221375075831745,2,3,r0_3,r0,3
334,A,0.09755115643218645,9.362093876173402e-18,0.9024488435678135,2,3,r0_3,r0,3
334,C,0.1778624924168247,2.652487925157421e-17,0.8221375075831745,2,3,r0_3,r0,3
335,A,0.09755115643218645,8.300766572193445e-18,0.9024488435678135,2,3,r0_3,r0,3
335,C,0.1778624924168247,2.3517915653497906e-17,0.8221375075831745,2,3,r0_3,r0,3
336,A,0.09755115643218645,7.359756020852957e-18,0.9024488435678135,2,3,r0_3,r0,3
336,C,0.1778624924168247,2.08518331571859e-17,0.8221375075831745,2,3,r0_3,r0,3
337,A,0.09755115643218645,6.525422566816422e-18,0.9024488435678135,2,3,r0_3,r0,3
337,C,0.1778624924168247,1.8487988153732636e-17,0.8221375075831745,2,3,r0_3,r0,3
338,A,0.09755115643218645,5.785672810614657e-18,0.9024488435678135,2,3,r0_3,r0,3
338,C,0.1778624924168247,1.6392117824183715e-17,0.8221375075831745,2,3,r0_3,r0,3
339,A,0.09755115643218645,5.129784317421796e-18,0.9024488435678135,2,3,r0_3,r0,3
339,C,0.1778624924168247,1.4533843516133665e-17,0.8221375075831745,2,3,r0_3,r0,3
340,A,0.09755115643218645,4.5482501977623e-18,0.9024488435678135,2,3,r0_3,r0,3
340,C,0.1778624924168247,1.2886230419485401e-17,0.8221375075831745,2,3,r0_3,r0,3
341,A,0.09755115643218645,4.0326413073553184e-18,0.9024488435678135,2,3,r0_3,r0,3
341,C,0.1778624924168247,1.1425397159079671e-17,0.8221375075831745,2,3,r0_3,r0,3
342,A,0.09755115643218645,3.575484068693341e-18,0.9024488435678135,2,3,r0_3,r0,3
342,C,0.1778624924168247,1.0130169645423538e-17,0.8221375075831745,2,3,r0_3,r0,3
343,A,0.09755115643218645,3.170152143390033e-18,0.9024488435678135,2,3,r0_3,r0,3
343,C,0.1778624924168247,8.981774166247869e-18,0.8221375075831745,2,3,r0_3,r0,3
344,A,0.09755115643218645,2.8107703850988657e-18,0.9024488435678135,2,3,r0_3,r0,3
344,C,0.1778624924168247,7.963565270400387e-18,0.8221375075831745,2,3,r0_3,r0,3
345,A,0.09755115643218645,2.492129680811122e-18,0.9024488435678135,2,3,r0_3,r0,3
345,C,0.1778624924168247,7.060784499879986e-18,0.8221375075831745,2,3,r0_3,r0,3
346,A,0.09755115643218645,2.2096114461687454e-18,0.9024488435678135,2,3,r0_3,r0,3
346,C,0.1778624924168247,6.260346472946657e-18,0.8221375075831745,2,3,r0_3,r0,3
347,A,0.09755115643218645,1.959120680361949e-18,0.9024488435678135,2,3,r0_3,r0,3
347,C,0.1778624924168247,5.550649217683017e-18,0.8221375075831745,2,3,r0_3,r0,3
348,A,0.09755115643218645,1.737026610252393e-18,0.9024488435678135,2,3,r0_3,r0,3
348,C,0.1778624924168247,4.921406006881472e-18,0.8221375075831745,2,3,r0_3,r0,3
349,A,0.09755115643218645,1.5401100644022978e-18,0.9024488435678135,2,3,r0_3,r0,3
349,C,0.1778624924168247,4.363496255196626e-18,0.8221375075831745,2,3,r0_3,r0,3
350,A,0.09755115643218645,1.3655168088495552e-18,0.9024488435678135,2,3,r0_3,r0,3
350,C,0.1778624924168247,3.868833325527354e-18,0.8221375075831745,2,3,r0_3,r0,3
351,A,0.09755115643218645,1.2107161792213155e-18,0.9024488435678135,2,3,r0_3,r0,3
351,C,0.1778624924168247,3.430247312020706e-18,0.8221375075831745,2,3,r0_3,r0,3
352,A,0.09755115643218645,1.0734643985508335e-18,0.9024488435678135,2,3,r0_3,r0,3
352,C,0.1778624924168247,3.041381117080311e-18,0.8221375075831745,2,3,r0_3,r0,3
353,A,0.09755115643218645,9.51772054285483e-19,0.9024488435678135,2,3,r0_3,r0,3
353,C,0.1778624924168247,2.6965983084482622e-18,0.8221375075831745,2,3,r0_3,r0,3
354,A,0.09755115643218645,8.4387526238585215e-19,0.9024488435678135,2,3,r0_3,r0,3
354,C,0.1778624924168247,2.390901421776251e-18,0.8221375075831745,2,3,r0_3,r0,3
355,A,0.09755115643218645,7.482101003978483e-19,0.9024488435678135,2,3,r0_3,r0,3
355,C,0.1778624924168247,2.1198595247352983e-18,0.8221375075831745,2,3,r0_3,r0,3
356,A,0.09755115643218645,6.633899389109772e-19,0.9024488435678135,2,3,r0_3,r0,3
356,C,0.1778624924168247,1.8795439927400657e-18,0.8221375075831745,2,3,r0_3,r0,3
357,A,0.09755115643218645,5.881853428276735e-19,0.9024488435678135,2,3,r0_3,r0,3
357,C,0.1778624924168247,1.6664715653870829e-18,0.8221375075831745,2,3,r0_3,r0,3
358,A,0.09755115643218645,5.215062511174328e-19,0.9024488435678135,2,3,r0_3,r0,3
358,C,0.1778624924168247,1.4775538582368613e-18,0.8221375075831745,2,3,r0_3,r0,3
359,A,0.09755115643218645,4.623861767558119e-19,0.9024488435678135,2,3,r0_3,r0,3
359,C,0.1778624924168247,1.310052598136995e-18,0.8221375075831745,2,3,r0_3,r0,3
360,A,0.09755115643218645,4.099681978304611e-19,0.9024488435678135,2,3,r0_3,r0,3
360,C,0.1778624924168247,1.1615399332432954e-18,0.8221375075831745,2,3,r0_3,r0,3
361,A,0.09755115643218645,3.6349253675902103e-19,0.9024488435678135,2,3,r0_3,r0,3
361,C,0.1778624924168247,1.029863242451498e-18,0.8221375075831745,2,3,r0_3,r0,3
362,A,0.09755115643218645,3.2228554758302815e-19,0.9024488435678135,2,3,r0_3,r0,3
362,C,0.1778624924168247,9.13113934168802e-19,0.8221375075831745,2,3,r0_3,r0,3
363,A,0.09755115643218645,2.8574995171173874e-19,0.9024488435678135,2,3,r0_3,r0,3
363,C,0.1778624924168247,8.09599782178168e-19,0.8221375075831745,2,3,r0_3,r0,3
364,A,0.09755115643218645,2.533561805857691e-19,0.9024488435678135,2,3,r0_3,r0,3
364,C,0.1778624924168247,7.178203976167557e-19,0.8221375075831745,2,3,r0_3,r0,3
365,A,0.09755115643218645,2.246346997749901e-19,0.9024488435678135,2,3,r0_3,r0,3
365,C,0.1778624924168247,6.364454815463956e-19,0.8221375075831745,2,3,r0_3,r0,3
0,A,0.9989999999999999,9.999999999999998e-4,0,3,3,r0_3,r0,3
0,C,0.9990000000000001,0.0010000000000000002,0,3,3,r0_3,r0,3
1,A,0.998381263485449,0.001382129948563725,2.3660656598836706e-4,3,3,r0_3,r0,3
1,C,0.9985125296072416,0.0012621561656963483,2.2531422706067758e-4,3,3,r0_3,r0,3
2,A,0.9975586477377122,0.0018805386779645666,5.608135843229108e-4,3,3,r0_3,r0,3
2,C,0.9979009951367948,0.0015896660944674887,5.093387687372458e-4,3,3,r0_3,r0,3
3,A,0.9964755274497856,0.0025251338761754978,9.993386740396373e-4,3,3,r0_3,r0,3
3,C,0.9971340371320854,0.0019989004265422742,8.670624413730699e-4,3,3,r0_3,r0,3
4,A,0.9950619586412689,0.0033537266747592632,0.001584314683972807,3,3,r0_3,r0,3
4,C,0.9961741916653992,0.0025094944056105817,0.0013163139289904982,3,3,r0_3,r0,3
5,A,0.9932287268465659,0.004414844101015444,0.0023564290524199943,3,3,r0_3,r0,3
5,C,0.9949748182447435,0.0031458888560520443,0.0018792928992033267,3,3,r0_3,r0,3
6,A,0.9908578351867949,0.005772459701829047,0.003369705111375307,3,3,r0_3,r0,3
6,C,0.9934751737464215,0.00393983696798649,0.002584989285591407,3,3,r0_3,r0,3
7,A,0.9878066799041898,0.007503053606361055,0.004690266489450895,3,3,r0_3,r0,3
7,C,0.9916027184702877,0.004929048908899886,0.0034682326208120224,3,3,r0_3,r0,3
8,A,0.9838964627284843,0.009701184757616103,0.006402352513899865,3,3,r0_3,r0,3
8,C,0.9892668092839924,0.006160327429973948,0.0045728632860329846,3,3,r0_3,r0,3
9,A,0.9789103908920495,0.012479514188440856,0.008610094919509882,3,3,r0_3,r0,3
9,C,0.9863574561868681,0.007689956768695931,0.005952587044436149,3,3,r0_3,r0,3
10,A,0.9725863285215451,0.015971310104629967,0.011442361373824544,3,3,r0_3,r0,3
10,C,0.982740743312772,0.009585685701136585,0.007673570986091308,3,3,r0_3,r0,3
11,A,0.9646143827715389,0.02032937686600535,0.015056240362457165,3,3,r0_3,r0,3
11,C,0.9782558461768093,0.011927610828286481,0.009816542994905227,3,3,r0_3,r0,3
12,A,0.9546291016973707,0.025727025040720785,0.019643873261909837,3,3,r0_3,r0,3
12,C,0.972708308330316,0.01481073465473224,0.01248095701495245,3,3,r0_3,r0,3
13,A,0.9422237440824639,0.03234640964882121,0.02542984626871515,3,3,r0_3,r0,3
13,C,0.965873058328184,0.018342152723784783,0.01578478894803253,3,3,r0_3,r0,3
14,A,0.9269521046346395,0.04037043200400079,0.03267746336135956,3,3,r0_3,r0,3
14,C,0.9574882069989246,0.022642007176952698,0.019869785824122056,3,3,r0_3,r0,3
15,A,0.9083589260873208,0.04995875627168017,0.04168231764099948,3,3,r0_3,r0,3
15,C,0.9472610890710628,0.027837575333041677,0.02490133559589424,3,3,r0_3,r0,3
16,A,0.886002336563405,0.061225266007258715,0.05277239742933555,3,3,r0_3,r0,3
16,C,0.93486708966241,0.034059700339581465,0.031073209998008527,3,3,r0_3,r0,3
17,A,0.8595166495641735,0.07419692507451837,0.0662864253613077,3,3,r0_3,r0,3
17,C,0.9199701656937059,0.0414278552103606,0.03860197909593485,3,3,r0_3,r0,3
18,A,0.828669307607572,0.08877269596556286,0.08255799642686497,3,3,r0_3,r0,3
18,C,0.9022374211702979,0.05003565503797971,0.04772692379172317,3,3,r0_3,r0,3
19,A,0.7934315503892975,0.10468384543508154,0.1018846041756209,3,3,r0_3,r0,3
19,C,0.8813691795066024,0.059928898148021915,0.058701922345377,3,3,r0_3,r0,3
20,A,0.75403976548748,0.12147001159420735,0.12449022291831373,3,3,r0_3,r0,3
20,C,0.8571380965264276,0.07107938504373536,0.0717825184298363,3,3,r0_3,r0,3
21,A,0.7110315427160876,0.138480972742406,0.15048748454150626,3,3,r0_3,r0,3
21,C,0.8294317632494115,0.0833590246975792,0.08720921205300997,3,3,r0_3,r0,3
22,A,0.6652382391444897,0.15491842085494145,0.17984334000056842,3,3,r0_3,r0,3
22,C,0.7982965754527351,0.09651877479351186,0.1051846497537536,3,3,r0_3,r0,3
23,A,0.617732104041067,0.16991074193603214,0.2123571540229003,3,3,r0_3,r0,3
23,C,0.7639711411369795,0.11017919704065034,0.125849661822372,3,3,r0_3,r0,3
24,A,0.5697231362618438,0.18262157528268766,0.24765528845546841,3,3,r0_3,r0,3
24,C,0.7269036061953758,0.12384000120242396,0.14925639260220064,3,3,r0_3,r0,3
25,A,0.5224327990388806,0.1923593325876492,0.28520786837346973,3,3,r0_3,r0,3
25,C,0.6877414364813321,0.13691202928772717,0.17534653423094024,3,3,r0_3,r0,3
26,A,0.47696427743027053,0.1986657191808156,0.3243700033889139,3,3,r0_3,r0,3
26,C,0.6472847009748602,0.1487748390357627,0.2039404599893778,3,3,r0_3,r0,3
27,A,0.43420720554685033,0.20136034409398462,0.36443245035916605,3,3,r0_3,r0,3
27,C,0.6064185621138309,0.15884495367424045,0.23473648421192794,3,3,r0_3,r0,3
28,A,0.3947842426667063,0.20053617881389765,0.40467957851939473,3,3,r0_3,r0,3
28,C,0.5660276679026445,0.16664555649331309,0.2673267756040424,3,3,r0_3,r0,3
29,A,0.3590506287263445,0.19651446043294898,0.4444349108407071,3,3,r0_3,r0,3
29,C,0.52692293063797,0.1718554949183387,0.30122157444369096,3,3,r0_3,r0,3
30,A,0.32712079269118133,0.1897745080158828,0.4831046992929357,3,3,r0_3,r0,3
30,C,0.4897747774640278,0.17433844587179198,0.33588677666418015,3,3,r0_3,r0,3
31,A,0.29891645455423055,0.18088237963391865,0.5202011658118509,3,3,r0_3,r0,3
31,C,0.45507813501298533,0.17414335796739833,0.37077850701961695,3,3,r0_3,r0,3
32,A,0.274226895866989,0.17042035473161077,0.5553527494014008,3,3,r0_3,r0,3
32,C,0.42314509746638745,0.17147551849869125,0.40537938403492085,3,3,r0_3,r0,3
33,A,0.2527615310699004,0.15893721167980052,0.5883012572502975,3,3,r0_3,r0,3
33,C,0.39412092731905785,0.16665392347174368,0.4392251492091991,3,3,r0_3,r0,3
34,A,0.2341913486620682,0.14691670240664986,0.6188919489312817,3,3,r0_3,r0,3
34,C,0.3680124505268461,0.16006475595891265,0.4719227935142431,3,3,r0_3,r0,3
35,A,0.21818134311639897,0.13475923550230903,0.6470594213812926,3,3,r0_3,r0,3
35,C,0.3447225384799507,0.15211616119693852,0.5031613003231111,3,3,r0_3,r0,3
36,A,0.2044059937099105,0.12278495309022683,0.6728090531998621,3,3,r0_3,r0,3
36,C,0.3240830413554598,0.14320950594276688,0.532707452701773,3,3,r0_3,r0,3
37,A,0.19256657239401925,0.11123125940542476,0.6962021682005567,3,3,r0_3,r0,3
37,C,0.30588484685021206,0.13370848579247127,0.5604066673573144,3,3,r0_3,r0,3
38,A,0.18239405441969633,0.10026544166301653,0.7173405039172868,3,3,r0_3,r0,3
38,C,0.2898993464181023,0.12392853486042121,0.5861721187214779,3,3,r0_3,r0,3
39,A,0.17365184811942538,0.08999406792156107,0.7363540839590147,3,3,r0_3,r0,3
39,C,0.2758946800642407,0.11412930871642796,0.6099760112193312,3,3,r0_3,r0,3
40,A,0.1661341306473022,0.08047750604183881,0.7533883633108586,3,3,r0_3,r0,3
40,C,0.26364808186045874,0.10451595113407085,0.6318359670054707,3,3,r0_3,r0,3
41,A,0.15966336736257264,0.07173957778741148,0.7685970548500172,3,3,r0_3,r0,3
41,C,0.25295152448278513,0.09524329981495369,0.6518051757022624,3,3,r0_3,r0,3
42,A,0.1540870130267224,0.06377634933019292,0.7821366376430855,3,3,r0_3,r0,3
42,C,0.24361413241915109,0.08642190120410065,0.6699639663767483,3,3,r0_3,r0,3
43,A,0.14927803307994364,0.05656473140231229,0.7941572355177445,3,3,r0_3,r0,3
43,C,0.2354684387588869,0.07812283987905161,0.6864087213620607,3,3,r0_3,r0,3
44,A,0.14512338545285258,0.05006790026363593,0.8048087142835119,3,3,r0_3,r0,3
44,C,0.22835929423834267,0.07039027473962492,0.7012504310220337,3,3,r0_3,r0,3
45,A,0.14153031921503983,0.044241106870106156,0.8142285739148541,3,3,r0_3,r0,3
45,C,0.22215434372665518,0.06324183458148948,0.7146038216918554,3,3,r0_3,r0,3
46,A,0.1384188424164638,0.03903493953936481,0.8225462180441713,3,3,r0_3,r0,3
46,C,0.21673620830233156,0.05667778170144863,0.7265860099962194,3,3,r0_3,r0,3
47,A,0.1357214406813031,0.03439801902422034,0.8298805402944766,3,3,r0_3,r0,3
47,C,0.212003138532799,0.05068408881941698,0.7373127726477835,3,3,r0_3,r0,3
48,A,0.13338069273436134,0.030279202650374554,0.8363401046152642,3,3,r0_3,r0,3
48,C,0.2078667133890479,0.045237249091156166,0.7468960375197958,3,3,r0_3,r0,3
49,A,0.1313473420040086,0.02662912515779079,0.8420235328382003,3,3,r0_3,r0,3
49,C,0.2042498567609122,0.04030794322322155,0.7554422000158647,3,3,r0_3,r0,3
50,A,0.12957931762936575,0.023400811605932468,0.8470198707647006,3,3,r0_3,r0,3
50,C,0.20108560688883095,0.03586289212271021,0.7630515009884572,3,3,r0_3,r0,3
51,A,0.1280405313385398,0.02055016854807774,0.851409300113383,3,3,r0_3,r0,3
51,C,0.19831570456475578,0.031866682140001455,0.7698176132952426,3,3,r0_3,r0,3
52,A,0.12670063083065708,0.018037184208077612,0.8552621849612658,3,3,r0_3,r0,3
52,C,0.19589053409094204,0.028283990794253373,0.7758254751148045,3,3,r0_3,r0,3
53,A,0.1255327784362384,0.01582418926222162,0.8586430323015403,3,3,r0_3,r0,3
53,C,0.19376577005434473,0.02507910238096865,0.7811551275646854,3,3,r0_3,r0,3
54,A,0.12451402992212501,0.013877199408319805,0.8616087706695554,3,3,r0_3,r0,3
54,C,0.19190312712426036,0.02221777214179027,0.7858791007339482,3,3,r0_3,r0,3
55,A,0.12362492189429353,0.012165907595222123,0.8642091705104828,3,3,r0_3,r0,3
55,C,0.1902697904413488,0.019667742094338952,0.790062467464313,3,3,r0_3,r0,3
56,A,0.1228485171341379,0.010662890739453923,0.8664885921264097,3,3,r0_3,r0,3
56,C,0.18883699239037458,0.017398584518104075,0.793764423091521,3,3,r0_3,r0,3
57,A,0.12217018024784725,0.009343625215744727,0.8684861945364077,3,3,r0_3,r0,3
57,C,0.18757968163228927,0.015382037037224135,0.7970382813304864,3,3,r0_3,r0,3
58,A,0.12157724846250838,0.00818625476233552,0.8702364967751558,3,3,r0_3,r0,3
58,C,0.18647602417274786,0.013592054207712301,0.79993192161954,3,3,r0_3,r0,3
59,A,0.12105864406081554,0.007171167719625037,0.8717701882195578,3,3,r0_3,r0,3
59,C,0.18550678863413164,0.012004555931537094,0.8024886554343306,3,3,r0_3,r0,3
60,A,0.12060510766767167,0.00628162209127739,0.8731132702410509,3,3,r0_3,r0,3
60,C,0.18465579795749712,0.010598436927335496,0.804745765115168,3,3,r0_3,r0,3
61,A,0.12020808747277222,0.005501873452354129,0.8742900390748743,3,3,r0_3,r0,3
61,C,0.18390802066804568,0.009353368076084142,0.8067386112558692,3,3,r0_3,r0,3
62,A,0.11986038789828478,0.004818445359262593,0.8753211667424525,3,3,r0_3,r0,3
62,C,0.18325072866718276,0.008251521398059963,0.8084977499347582,3,3,r0_3,r0,3
63,A,0.1195559267428469,0.0042198093275958234,0.8762242639295564,3,3,r0_3,r0,3
63,C,0.1826731071990777,0.007277354809674478,0.8100495379912471,3,3,r0_3,r0,3
64,A,0.11928962090316476,0.0036962220897568698,0.8770141570070786,3,3,r0_3,r0,3
64,C,0.18216607432808615,0.006417497894484606,0.8114164277774296,3,3,r0_3,r0,3
65,A,0.11905615151753618,0.0032374085265741057,0.8777064399558903,3,3,r0_3,r0,3
65,C,0.18172008558419034,0.005657641430998934,0.8126222729848122,3,3,r0_3,r0,3
66,A,0.11885155168208338,0.0028356347988446615,0.8783128135190726,3,3,r0_3,r0,3
66,C,0.18132797100441153,0.0049867742828983335,0.8136852547126896,3,3,r0_3,r0,3
67,A,0.11867222258663253,0.002483845492956703,0.878843931920411,3,3,r0_3,r0,3
67,C,0.18098319691233386,0.004394709680100283,0.8146220934075661,3,3,r0_3,r0,3
68,A,0.11851497707222483,0.00217576163566485,0.879309261292111,3,3,r0_3,r0,3
68,C,0.18067995455062652,0.003872265363547092,0.815447780085828,3,3,r0_3,r0,3
69,A,0.11837707928326976,0.0019059709944339654,0.879716949722297,3,3,r0_3,r0,3
69,C,0.18041323175913554,0.0034114042694606407,0.8161753639714026,3,3,r0_3,r0,3
70,A,0.11825607857562954,0.0016696128559876315,0.880074308568383,3,3,r0_3,r0,3
70,C,0.18017851917444366,0.0030048183434943612,0.8168166624820613,3,3,r0_3,r0,3
71,A,0.11814997449969182,0.0014627103421369595,0.8803873151581717,3,3,r0_3,r0,3
71,C,0.17997212098636856,0.002646458077950682,0.8173814209356814,3,3,r0_3,r0,3
72,A,0.11805703633146161,0.0012818171510698138,0.8806611465174689,3,3,r0_3,r0,3
72,C,0.17979082773030813,0.0023310250426328816,0.81787814722706,3,3,r0_3,r0,3
73,A,0.11797543206419293,0.0011232827985288997,0.8809012851372783,3,3,r0_3,r0,3
73,C,0.1796312303545118,0.0020528540216374165,0.8183159156238508,3,3,r0_3,r0,3
74,A,0.11790382348909546,9.844410405604042e-4,0.8811117354703438,3,3,r0_3,r0,3
74,C,0.17949082388948537,0.0018077435530691602,0.8187014325574445,3,3,r0_3,r0,3
75,A,0.11784099981979256,8.628796376092694e-4,0.8812961205425984,3,3,r0_3,r0,3
75,C,0.17936733373692745,0.0015918555333318532,0.8190408107297414,3,3,r0_3,r0,3
76,A,0.1177858676634449,7.564208905179634e-4,0.8814577114460362,3,3,r0_3,r0,3
76,C,0.17925870057544996,0.0014017018249692728,0.8193395975995815,3,3,r0_3,r0,3
77,A,0.11773747715450147,6.631747131593989e-4,0.8815993481323404,3,3,r0_3,r0,3
77,C,0.17916312841600454,0.001234224603725505,0.8196026469802693,3,3,r0_3,r0,3
78,A,0.1176949826947444,5.814602360381524e-4,0.8817235570692163,3,3,r0_3,r0,3
78,C,0.17907901328616915,0.0010866824278294616,0.8198343042860019,3,3,r0_3,r0,3
79,A,0.11765765684443662,5.098337974642823e-4,0.881832509358099,3,3,r0_3,r0,3
79,C,0.1790049695989105,9.566961867061497e-4,0.8200383342143838,3,3,r0_3,r0,3
80,A,0.11762486496967875,4.470382337955995e-4,0.8819280967965245,3,3,r0_3,r0,3
80,C,0.17893978415396805,8.421757041299105e-4,0.8202180401419031,3,3,r0_3,r0,3
81,A,0.11759606991040376,3.9201181499399286e-4,0.8820119182746029,3,3,r0_3,r0,3
81,C,0.17888242552130126,7.413362467484295e-4,0.8203762382319518,3,3,r0_3,r0,3
82,A,0.11757078978644123,3.438033609890159e-4,0.8820854068525709,3,3,r0_3,r0,3
82,C,0.17883196662303014,6.525712222398628e-4,0.8205154621547306,3,3,r0_3,r0,3
83,A,0.11754859151249948,3.0155929621598817e-4,0.8821498491912836,3,3,r0_3,r0,3
83,C,0.17878757266237555,5.744322358917676e-4,0.8206379951017332,3,3,r0_3,r0,3
84,A,0.11752909407584468,2.645302716609508e-4,0.8822063756524943,3,3,r0_3,r0,3
84,C,0.17874850704082648,5.056387669399317e-4,0.8207458541922342,3,3,r0_3,r0,3
85,A,0.11751196635750912,2.3206668891945735e-4,0.8822559669535708,3,3,r0_3,r0,3
85,C,0.17871412738731968,4.450715380415131e-4,0.8208408010746399,3,3,r0_3,r0,3
86,A,0.11749691990111462,2.0360403240931988e-4,0.8822994760664759,3,3,r0_3,r0,3
86,C,0.17868387231630395,3.9175049176268565e-4,0.8209243771919327,3,3,r0_3,r0,3
87,A,0.11748370164433025,1.7864817418544856e-4,0.8823376501814841,3,3,r0_3,r0,3
87,C,0.17865724802138,3.4481235444868037e-4,0.8209979396241707,3,3,r0_3,r0,3
88,A,0.1174720888784616,1.5676520975043995e-4,0.882371145911789,3,3,r0_3,r0,3
88,C,0.17863381887663174,3.0349473071144563e-4,0.8210626863926557,3,3,r0_3,r0,3
89,A,0.11746188582528759,1.3757456887564714e-4,0.8824005396058366,3,3,r0_3,r0,3
89,C,0.178613200988289,2.671250613929708e-4,0.8211196739503168,3,3,r0_3,r0,3
90,A,0.11745292070303978,1.2074311658677312e-4,0.8824263361803735,3,3,r0_3,r0,3
90,C,0.17859505666210296,2.351111192470367e-4,0.8211698322186505,3,3,r0_3,r0,3
91,A,0.11744504286139539,1.059793962485164e-4,0.8824489777423566,3,3,r0_3,r0,3
91,C,0.17857908901007835,2.0693175485011063e-4,0.8212139792350707,3,3,r0_3,r0,3
92,A,0.11743812010245178,9.302825186146254e-5,0.882468851645686,3,3,r0_3,r0,3
92,C,0.17856503689591618,1.8212821187002672e-4,0.8212528348922147,3,3,r0_3,r0,3
93,A,0.11743203634587879,8.1666151350484e-5,0.8824862975027714,3,3,r0_3,r0,3
93,C,0.17855267050726822,1.6029648929830674e-4,0.8212870330034332,3,3,r0_3,r0,3
94,A,0.11742668964448426,7.169722463788246e-5,0.882501613130877,3,3,r0_3,r0,3
94,C,0.17854178757366568,1.4108078994662807e-4,0.8213171316363876,3,3,r0_3,r0,3
95,A,0.11742199045708003,6.294982721764331e-5,0.8825150597157032,3,3,r0_3,r0,3
95,C,0.17853221006352307,1.2416778773494664e-4,0.82134362214874,3,3,r0_3,r0,3
96,A,0.11741786017460511,5.5273609262364285e-5,0.8825268662161325,3,3,r0_3,r0,3
96,C,0.17852378135627447,1.0928169704283067e-4,0.8213669369466812,3,3,r0_3,r0,3
97,A,0.11741422977204652,4.8536843149842903e-5,0.8825372333848034,3,3,r0_3,r0,3
97,C,0.1785163636506107,9.617976182138526e-5,0.8213874565875684,3,3,r0_3,r0,3
98,A,0.11741103862162182,4.2624077045631604e-5,0.8825463373013337,3,3,r0_3,r0,3
98,C,0.17850983567603432,8.464826663315785e-5,0.8214055160573336,3,3,r0_3,r0,3
99,A,0.11740823346357318,3.7434105424023984e-5,0.8825543324310028,3,3,r0_3,r0,3
99,C,0.17850409070153422,7.449905698658225e-5,0.8214214102414792,3,3,r0_3,r0,3
100,A,0.11740576751059037,3.2878207540942297e-5,0.8825613542818692,3,3,r0_3,r0,3
100,C,0.1784990347971534,6.556649573341905e-5,0.8214353987071141,3,3,r0_3,r0,3
101,A,0.1174035996616633,2.8878605033146427e-5,0.8825675217333031,3,3,r0_3,r0,3
101,C,0.17849458530372805,5.770478116782033e-5,0.8214477099151039,3,3,r0_3,r0,3
102,A,0.11740169380948459,2.536710655263652e-5,0.8825729390839617,3,3,r0_3,r0,3
102,C,0.17849066948136194,5.078557683795965e-5,0.8214585449418018,3,3,r0_3,r0,3
103,A,0.11740001823121898,2.228391866240812e-5,0.882577697850119,3,3,r0_3,r0,3
103,C,0.17848722331761765,4.469591998261587e-5,0.8214680807623989,3,3,r0_3,r0,3
104,A,0.11739854505393195,1.957660516124397e-5,0.8825818783409078,3,3,r0_3,r0,3
104,C,0.1784841904790583,3.9336380030897855e-5,0.8214764731409123,3,3,r0_3,r0,3
105,A,0.1173972497859002,1.7199176997888008e-5,0.8825855510371022,3,3,r0_3,r0,3
105,C,0.17848152138963724,3.4619438621589856e-5,0.8214838591717412,3,3,r0_3,r0,3
106,A,0.11739611090542051,1.5111295847915867e-5,0.8825887777987316,3,3,r0_3,r0,3
106,C,0.1784791724201776,3.0468063933716188e-5,0.8214903595158876,3,3,r0_3,r0,3
107,A,0.11739510949977121,1.3277576573833792e-5,0.8825916129236544,3,3,r0_3,r0,3
107,C,0.17847710517505963,2.6814455334513412e-5,0.8214960803696051,3,3,r0_3,r0,3
108,A,0.11739422894811996,1.1666976094283811e-5,0.8825941040757845,3,3,r0_3,r0,3
108,C,0.1784752858643383,2.359893785832535e-5,0.8215011151978026,3,3,r0_3,r0,3
109,A,0.11739345464305932,1.0252257992172074e-5,0.8825962930989492,3,3,r0_3,r0,3
109,C,0.17847368475114503,2.0768988819230742e-5,0.821505546260038,3,3,r0_3,r0,3
110,A,0.11739277374608882,9.009523512794443e-6,0.882598216730398,3,3,r0_3,r0,3
110,C,0.17847227566541896,1.8278380937296034e-5,0.8215094459536441,3,3,r0_3,r0,3
111,A,0.11739217497290189,7.91780068854619e-6,0.8825999072264089,3,3,r0_3,r0,3
111,C,0.17847103557603372,1.6086428084776677e-5,0.821512877995882,3,3,r0_3,r0,3
112,A,0.11739164840481758,6.958684322135734e-6,0.8826013929108594,3,3,r0_3,r0,3
112,C,0.17846994421426765,1.4157321350442789e-5,0.8215158984643827,3,3,r0_3,r0,3
113,A,0.11739118532315279,6.116020478319529e-6,0.8826026986563691,3,3,r0_3,r0,3
113,C,0.1784689837424513,1.2459544595802554e-5,0.8215185567129528,3,3,r0_3,r0,3
114,A,0.11739077806373388,5.375629947193644e-6,0.8826038463063178,3,3,r0_3,r0,3
114,C,0.17846813846236073,1.0965359993752159e-5,0.8215208961776459,3,3,r0_3,r0,3
115,A,0.11739041988909076,4.725065845677888e-6,0.8826048550450633,3,3,r0_3,r0,3
115,C,0.1784673945585798,9.65035519491506e-6,0.8215229550862245,3,3,r0_3,r0,3
116,A,0.11739010487618959,4.1534011082079365e-6,0.8826057417227009,3,3,r0_3,r0,3
116,C,0.1784667398726892,8.493044712290724e-6,0.8215247670825994,3,3,r0_3,r0,3
117,A,0.11738982781779353,3.6510421807999146e-6,0.8826065211400246,3,3,r0_3,r0,3
117,C,0.17846616370450905,7.4745190937531545e-6,0.8215263617763975,3,3,r0_3,r0,3
118,A,0.11738958413579594,3.2095656600838314e-6,0.8826072062985441,3,3,r0_3,r0,3
118,C,0.17846565663719202,6.578136131928745e-6,0.8215277652266755,3,3,r0_3,r0,3
119,A,0.1173893698050741,2.8215750332717284e-6,0.8826078086198919,3,3,r0_3,r0,3
119,C,0.17846521038329718,5.789249070225096e-6,0.8215290003676331,3,3,r0_3,r0,3
120,A,0.11738918128658071,2.4805750335772157e-6,0.8826083381383847,3,3,r0_3,r0,3
120,C,0.17846481764933075,5.094967377664047e-6,0.8215300873832926,3,3,r0_3,r0,3
121,A,0.1173890154685465,2.1808614353485504e-6,0.8826088036700181,3,3,r0_3,r0,3
121,C,0.1784644720165351,4.483946195747253e-6,0.8215310440372694,3,3,r0_3,r0,3
122,A,0.11738886961481143,1.9174243824793544e-6,0.8826092129608061,3,3,r0_3,r0,3
122,C,0.17846416783597777,3.94620102365635e-6,0.8215318859629986,3,3,r0_3,r0,3
123,A,0.11738874131941526,1.6858635797261043e-6,0.8826095728170047,3,3,r0_3,r0,3
123,C,0.17846390013621918,3.4729446171511088e-6,0.8215326269191641,3,3,r0_3,r0,3
124,A,0.11738862846668914,1.4823138838685207e-6,0.8826098892194268,3,3,r0_3,r0,3
124,C,0.1784636645420574,3.056443438680947e-6,0.821533279014504,3,3,r0_3,r0,3
125,A,0.11738852919617904,1.3033800133102255e-6,0.8826101674238073,3,3,r0_3,r0,3
125,C,0.17846345720301965,2.6898913156989256e-6,0.8215338529056644,3,3,r0_3,r0,3
126,A,0.11738844187181594,1.1460792535948623e-6,0.8826104120489308,3,3,r0_3,r0,3
126,C,0.1784632747304281,2.367298245109544e-6,0.8215343579713277,3,3,r0_3,r0,3
127,A,0.11738836505481562,1.007791175242228e-6,0.8826106271540086,3,3,r0_3,r0,3
127,C,0.17846311414201485,2.0833925287357763e-6,0.8215348024654568,3,3,r0_3,r0,3
128,A,0.11738829747985852,8.862135018979009e-7,0.8826108163066384,3,3,r0_3,r0,3
128,C,0.17846297281318196,1.8335346419954025e-6,0.8215351936521752,3,3,r0_3,r0,3
129,A,0.11738823803414954,7.793233732772278e-7,0.8826109826424741,3,3,r0_3,r0,3
129,C,0.17846284843410332,1.6136414293435243e-6,0.8215355379244668,3,3,r0_3,r0,3
130,A,0.11738818573900944,6.853433406630945e-7,0.8826111289176493,3,3,r0_3,r0,3
130,C,0.17846273897197346,1.4201193885673437e-6,0.8215358409086377,3,3,r0_3,r0,3
131,A,0.11738813973369076,6.027115144186674e-7,0.8826112575547934,3,3,r0_3,r0,3
131,C,0.17846264263778386,1.249805954383873e-6,0.8215361075562613,3,3,r0_3,r0,3
132,A,0.11738809926115337,5.300553545367133e-7,0.8826113706834918,3,3,r0_3,r0,3
132,C,0.17846255785708498,1.0999178223729883e-6,0.8215363422250921,3,3,r0_3,r0,3
133,A,0.11738806365555134,4.6616865793294967e-7,0.8826114701757901,3,3,r0_3,r0,3
133,C,0.17846248324425298,9.680054692068396e-7,0.8215365487502786,3,3,r0_3,r0,3
134,A,0.11738803233123928,4.0999135111321835e-7,0.8826115576774088,3,3,r0_3,r0,3
134,C,0.17846241757984188,8.519131262958538e-7,0.8215367305070316,3,3,r0_3,r0,3
135,A,0.11738800477309981,3.605917449924818e-7,0.8826116346351548,3,3,r0_3,r0,3
135,C,0.17846235979065742,7.497435530700831e-7,0.8215368904657894,3,3,r0_3,r0,3
136,A,0.11738798052804285,3.171509507139054e-7,0.8826117023210052,3,3,r0_3,r0,3
136,C,0.17846230893221374,6.598270341915166e-7,0.8215370312407524,3,3,r0_3,r0,3
137,A,0.11738795919752937,2.789491925096953e-7,0.8826117618532796,3,3,r0_3,r0,3
137,C,0.17846226417329816,5.806940945929721e-7,0.8215371551326073,3,3,r0_3,r0,3
138,A,0.11738794043099525,2.4535378584987525e-7,0.8826118142152194,3,3,r0_3,r0,3
138,C,0.17846222478238644,5.110514863982605e-7,0.8215372641661267,3,3,r0_3,r0,3
139,A,0.11738792392007409,2.1580857758940472e-7,0.8826118602713493,3,3,r0_3,r0,3
139,C,0.17846219011568704,4.497610553657907e-7,0.8215373601232566,3,3,r0_3,r0,3
140,A,0.11738790939351078,1.8982466975749708e-7,0.8826119007818192,3,3,r0_3,r0,3
140,C,0.17846215960661918,3.958211415970973e-7,0.82153744457224,3,3,r0_3,r0,3
141,A,0.11738789661269342,1.6697227047686057e-7,0.8826119364150361,3,3,r0_3,r0,3
141,C,0.1784621327565522,3.483502106499384e-7,0.8215375188932387,3,3,r0_3,r0,3
142,A,0.11738788536673067,1.4687174631756022e-7,0.8826119677615235,3,3,r0_3,r0,3
142,C,0.17846210912459554,3.0656880334332694e-7,0.8215375843066028,3,3,r0_3,r0,3
143,A,0.11738787547394766,1.291962842468788e-7,0.8826119953297672,3,3,r0_3,r0,3
143,C,0.1784620883307456,2.6980510016107996e-7,0.8215376418641536,3,3,r0_3,r0,3
144,A,0.11738786676973924,1.136498981132259e-7,0.8826120195803616,3,3,r0_3,r0,3
144,C,0.17846207003060252,2.3745022331797107e-7,0.8215376925191741,3,3,r0_3,r0,3
145,A,0.11738785911339329,9.997975173396474e-8,0.8826120409068541,3,3,r0_3,r0,3
145,C,0.17846205392960127,2.0898339808273003e-7,0.8215377370870003,3,3,r0_3,r0,3
146,A,0.11738785236019723,8.79259369308261e-8,0.8826120597138657,3,3,r0_3,r0,3
146,C,0.17846203972470223,1.8386886508009065e-7,0.8215377764064333,3,3,r0_3,r0,3
147,A,0.11738784645155387,7.738326068198751e-8,0.882612076165186,3,3,r0_3,r0,3
147,C,0.1784620272931563,1.6188961035110714e-7,0.8215378108172328,3,3,r0_3,r0,3
148,A,0.11738784122208626,6.805495731199891e-8,0.8826120907229559,3,3,r0_3,r0,3
148,C,0.17846201628843805,1.4243298931404234e-7,0.8215378412785704,3,3,r0_3,r0,3
149,A,0.11738783634411816,5.93551386135905e-8,0.8826121043007445,3,3,r0_3,r0,3
149,C,0.1784620060221586,1.2428192796938927e-7,0.8215378696959132,3,3,r0_3,r0,3
150,A,0.11738783256228139,5.2614146255171684e-8,0.8826121148235719,3,3,r0_3,r0,3
150,C,0.17846199805955235,1.1020377860082761e-7,0.8215378917366696,3,3,r0_3,r0,3
151,A,0.11738782920940614,4.66391844323562e-8,0.8826121241514078,3,3,r0_3,r0,3
151,C,0.1784619909989236,9.772033918939331e-8,0.8215379112807369,3,3,r0_3,r0,3
152,A,0.11738782623682263,4.134314021346289e-8,0.8826121324200379,3,3,r0_3,r0,3
152,C,0.17846198473810018,8.665096894488499e-8,0.8215379286109309,3,3,r0_3,r0,3
153,A,0.11738782360138351,3.66488159052998e-8,0.8826121397498001,3,3,r0_3,r0,3
153,C,0.1784619791864824,7.683548897618105e-8,0.8215379439780282,3,3,r0_3,r0,3
154,A,0.11738782126484044,3.248779928271297e-8,0.8826121462473608,3,3,r0_3,r0,3
154,C,0.17846197426373378,6.813186458344548e-8,0.8215379576044011,3,3,r0_3,r0,3
155,A,0.11738781919328439,2.879946271061064e-8,0.8826121520072517,3,3,r0_3,r0,3
155,C,0.17846196989861832,6.041414999751793e-8,0.821537969687231,3,3,r0_3,r0,3
156,A,0.11738781735665547,2.5530076436049688e-8,0.8826121571132687,3,3,r0_3,r0,3
156,C,0.17846196602796963,5.357066592415679e-8,0.8215379804013643,3,3,r0_3,r0,3
157,A,0.1173878157283041,2.2632023006790515e-8,0.8826121616396724,3,3,r0_3,r0,3
157,C,0.17846196259577518,4.7502383523062304e-8,0.8215379899018423,3,3,r0_3,r0,3
158,A,0.11738781428460562,2.0063101265725718e-8,0.8826121656522928,3,3,r0_3,r0,3
158,C,0.17846195955236882,4.2121491438515844e-8,0.8215379983261382,3,3,r0_3,r0,3
159,A,0.11738781300461539,1.7785909692296534e-8,0.8826121692094755,3,3,r0_3,r0,3
159,C,0.17846195685371036,3.735012514707113e-8,0.8215380057961654,3,3,r0_3,r0,3
160,A,0.11738781186976487,1.5767300032154378e-8,0.8826121723629349,3,3,r0_3,r0,3
160,C,0.17846195446074725,3.311924023632705e-8,0.821538012420014,3,3,r0_3,r0,3
161,A,0.11738781086359315,1.3977893192315735e-8,0.8826121751585143,3,3,r0_3,r0,3
161,C,0.17846195233885134,2.9367613311398476e-8,0.8215380182935349,3,3,r0_3,r0,3
162,A,0.11738780997150583,1.2391650296324433e-8,0.8826121776368433,3,3,r0_3,r0,3
162,C,0.1784619504573175,2.6040956072389352e-8,0.8215380235017268,3,3,r0_3,r0,3
163,A,0.11738780918056506,1.0985492606113858e-8,0.882612179833942,3,3,r0_3,r0,3
163,C,0.17846194878891786,2.3091129743693587e-8,0.8215380281199538,3,3,r0_3,r0,3
164,A,0.11738780847930004,9.738964736420115e-9,0.8826121817817355,3,3,r0_3,r0,3
164,C,0.17846194730950893,2.047544848799555e-8,0.8215380322150406,3,3,r0_3,r0,3
165,A,0.11738780785754141,8.63393622441872e-9,0.8826121835085232,3,3,r0_3,r0,3
165,C,0.1784619459976837,1.8156061725405845e-8,0.8215380358462552,3,3,r0_3,r0,3
166,A,0.11738780730627289,7.654337081186151e-9,0.882612185039389,3,3,r0_3,r0,3
166,C,0.1784619448344578,1.60994064199008e-8,0.8215380390661359,3,3,r0_3,r0,3
167,A,0.11738780681750205,6.7859234509899656e-9,0.8826121863965742,3,3,r0_3,r0,3
167,C,0.1784619438029985,1.4275721407638337e-8,0.8215380419212807,3,3,r0_3,r0,3
168,A,0.11738780638414158,6.016069946683518e-9,0.8826121875997888,3,3,r0_3,r0,3
168,C,0.1784619428883798,1.2658616739451393e-8,0.8215380444530036,3,3,r0_3,r0,3
169,A,0.11738780599990871,5.33358562117629e-9,0.8826121886665064,3,3,r0_3,r0,3
169,C,0.17846194207736665,1.1224691805864435e-8,0.821538046697942,3,3,r0_3,r0,3
170,A,0.11738780565923329,4.728550881789402e-9,0.8826121896122155,3,3,r0_3,r0,3
170,C,0.1784619413582221,9.95319671885283e-9,0.8215380486885807,3,3,r0_3,r0,3
171,A,0.11738780535717665,4.192172957562254e-9,0.8826121904506502,3,3,r0_3,r0,3
171,C,0.17846194072054003,8.825732050389847e-9,0.8215380504537261,3,3,r0_3,r0,3
172,A,0.11738780508936013,3.7166578283630587e-9,0.8826121911939819,3,3,r0_3,r0,3
172,C,0.17846194015509345,7.825982583531171e-9,0.821538052018925,3,3,r0_3,r0,3
173,A,0.11738780485190192,3.2950966948623205e-9,0.8826121918530012,3,3,r0_3,r0,3
173,C,0.1784619396536985,6.939481221959917e-9,0.8215380534068214,3,3,r0_3,r0,3
174,A,0.11738780464136014,2.9213653815618158e-9,0.8826121924372742,3,3,r0_3,r0,3
174,C,0.1784619392091,6.153399643351151e-9,0.8215380546374986,3,3,r0_3,r0,3
175,A,0.11738780445468344,2.590035175639539e-9,0.8826121929552821,3,3,r0_3,r0,3
175,C,0.17846193881486452,5.456362666285713e-9,0.8215380557287721,3,3,r0_3,r0,3
176,A,0.11738780428916602,2.296293804965611e-9,0.8826121934145402,3,3,r0_3,r0,3
176,C,0.1784619384652867,4.838283644777259e-9,0.8215380566964293,3,3,r0_3,r0,3
177,A,0.11738780414240924,2.0358754012743594e-9,0.882612193821715,3,3,r0_3,r0,3
177,C,0.17846193815530823,4.290218508518516e-9,0.8215380575544737,3,3,r0_3,r0,3
178,A,0.1173878040122866,1.80499842596607e-9,0.8826121941827147,3,3,r0_3,r0,3
178,C,0.1784619378804429,3.804236336759668e-9,0.8215380583153196,3,3,r0_3,r0,3
179,A,0.11738780389691214,1.6003106524985677e-9,0.8826121945027771,3,3,r0_3,r0,3
179,C,0.17846193763671403,3.3733045929756585e-9,0.8215380589899816,3,3,r0_3,r0,3
180,A,0.11738780379461425,1.4188404025286733e-9,0.8826121947865437,3,3,r0_3,r0,3
180,C,0.17846193742059357,2.9911873596241884e-9,0.8215380595882188,3,3,r0_3,r0,3
181,A,0.11738780370391087,1.2579533243938826e-9,0.8826121950381355,3,3,r0_3,r0,3
181,C,0.17846193722895495,2.6523551004100667e-9,0.8215380601186897,3,3,r0_3,r0,3
182,A,0.11738780362348737,1.1153140835303286e-9,0.8826121952611988,3,3,r0_3,r0,3
182,C,0.1784619370590246,2.3519046442777568e-9,0.8215380605890709,3,3,r0_3,r0,3
183,A,0.11738780355217836,9.888524061940214e-10,0.8826121954589685,3,3,r0_3,r0,3
183,C,0.17846193690834333,2.085488233264955e-9,0.8215380610061688,3,3,r0_3,r0,3
184,A,0.11738780348895148,8.767329814428672e-10,0.8826121956343171,3,3,r0_3,r0,3
184,C,0.1784619367747306,1.8492506075070636e-9,0.821538061376018,3,3,r0_3,r0,3
185,A,0.11738780343288971,7.773287826811046e-10,0.8826121957897819,3,3,r0_3,r0,3
185,C,0.17846193665625365,1.639773216982401e-9,0.8215380617039744,3,3,r0_3,r0,3
186,A,0.11738780338318154,6.891974199918737e-10,0.8826121959276206,3,3,r0_3,r0,3
186,C,0.17846193655119716,1.454024752714495e-9,0.821538061994779,3,3,r0_3,r0,3
187,A,0.1173878033391067,6.110601787205536e-10,0.8826121960498327,3,3,r0_3,r0,3
187,C,0.1784619364580411,1.289317281592762e-9,0.8215380622526418,3,3,r0_3,r0,3
188,A,0.11738780330002699,5.417834389697782e-10,0.8826121961581899,3,3,r0_3,r0,3
188,C,0.17846193637543756,1.1432673500591783e-9,0.8215380624812954,3,3,r0_3,r0,3
189,A,0.11738780326537566,4.803622054012701e-10,0.8826121962542622,3,3,r0_3,r0,3
189,C,0.1784619363021913,1.013761493810318e-9,0.8215380626840475,3,3,r0_3,r0,3
190,A,0.11738780323465112,4.2590550752231514e-10,0.8826121963394425,3,3,r0_3,r0,3
190,C,0.17846193623724152,8.989256544199713e-10,0.8215380628638315,3,3,r0_3,r0,3
191,A,0.11738780320740863,3.7762345810030444e-10,0.8826121964149678,3,3,r0_3,r0,3
191,C,0.17846193617964967,7.970980602711154e-10,0.8215380630232523,3,3,r0_3,r0,3
192,A,0.11738780318325312,3.34815780250056e-10,0.8826121964819319,3,3,r0_3,r0,3
192,C,0.1784619361285816,7.068051796571644e-10,0.8215380631646143,3,3,r0_3,r0,3
193,A,0.117387803161835,2.968616385358328e-10,0.8826121965413032,3,3,r0_3,r0,3
193,C,0.17846193608329847,6.26740397465214e-10,0.8215380632899614,3,3,r0_3,r0,3
194,A,0.11738780314284399,2.6321062365887605e-10,0.8826121965939452,3,3,r0_3,r0,3
194,C,0.17846193604314456,5.557451075278071e-10,0.8215380634011109,3,3,r0_3,r0,3
195,A,0.1173878031260047,2.3337476087593205e-10,0.8826121966406204,3,3,r0_3,r0,3
195,C,0.17846193600753923,4.92791946697211e-10,0.8215380634996686,3,3,r0_3,r0,3
196,A,0.11738780311107377,2.0692142562261955e-10,0.8826121966820047,3,3,r0_3,r0,3
196,C,0.17846193597596752,4.3696992810013885e-10,0.8215380635870628,3,3,r0_3,r0,3
197,A,0.1173878030978347,1.8346706330510175e-10,0.8826121967186985,3,3,r0_3,r0,3
197,C,0.17846193594797186,3.8747125844146774e-10,0.8215380636645567,3,3,r0_3,r0,3
198,A,0.11738780308609603,1.6267162193305316e-10,0.8826121967512326,3,3,r0_3,r0,3
198,C,0.17846193592314752,3.4357964859472825e-10,0.8215380637332734,3,3,r0_3,r0,3
199,A,0.11738780307568714,1.4423361664469986e-10,0.8826121967800803,3,3,r0_3,r0,3
199,C,0.1784619359011352,3.0465994832576327e-10,0.8215380637942052,3,3,r0_3,r0,3
200,A,0.11738780306645798,1.2788575437240646e-10,0.8826121968056571,3,3,r0_3,r0,3
200,C,0.17846193588161652,2.7014895515700295e-10,0.8215380638482347,3,3,r0_3,r0,3
201,A,0.11738780305827433,1.1339105504918741e-10,0.8826121968283349,3,3,r0_3,r0,3
201,C,0.1784619358643086,2.3954726437029354e-10,0.8215380638961445,3,3,r0_3,r0,3
202,A,0.11738780305101808,1.0053941298162599e-10,0.8826121968484417,3,3,r0_3,r0,3
202,C,0.1784619358489616,2.1241204221212018e-10,0.8215380639386266,3,3,r0_3,r0,3
203,A,0.11738780304458404,8.91445484184626e-11,0.8826121968662715,3,3,r0_3,r0,3
203,C,0.1784619358353526,1.8835061772441042e-10,0.8215380639762959,3,3,r0_3,r0,3
204,A,0.11738780303887908,7.904130502000433e-11,0.8826121968820806,3,3,r0_3,r0,3
204,C,0.17846193582328557,1.6701480047009952e-10,0.8215380640096999,3,3,r0_3,r0,3
205,A,0.11738780303382036,7.008325396430187e-11,0.8826121968960969,3,3,r0_3,r0,3
205,C,0.1784619358125852,1.48095841926835e-10,0.8215380640393187,3,3,r0_3,r0,3
206,A,0.11738780302933499,6.214056988512287e-11,0.8826121969085247,3,3,r0_3,r0,3
206,C,0.1784619358030973,1.3131996763648465e-10,0.8215380640655827,3,3,r0_3,r0,3
207,A,0.11738780302535776,5.509814778913014e-11,0.8826121969195438,3,3,r0_3,r0,3
207,C,0.17846193579468417,1.1644441545733532e-10,0.8215380640888725,3,3,r0_3,r0,3
208,A,0.11738780302183138,4.8853933602979835e-11,0.8826121969293163,3,3,r0_3,r0,3
208,C,0.17846193578722358,1.0325392258951672e-10,0.8215380641095223,3,3,r0_3,r0,3
209,A,0.1173878030187043,4.3317444106338666e-11,0.8826121969379794,3,3,r0_3,r0,3
209,C,0.1784619357806085,9.155761053824707e-11,0.8215380641278347,3,3,r0_3,r0,3
210,A,0.11738780301593156,3.840845475923085e-11,0.8826121969456595,3,3,r0_3,r0,3
210,C,0.1784619357747426,8.118622293904048e-11,0.8215380641440707,3,3,r0_3,r0,3
211,A,0.11738780301347292,3.405583636607803e-11,0.8826121969524707,3,3,r0_3,r0,3
211,C,0.17846193576954128,7.198967633744606e-11,0.8215380641584697,3,3,r0_3,r0,3
212,A,0.11738780301129277,3.019652372159491e-11,0.8826121969585092,3,3,r0_3,r0,3
212,C,0.17846193576492916,6.383488813075162e-11,0.8215380641712376,3,3,r0_3,r0,3
213,A,0.11738780300936004,2.6774601192025777e-11,0.8826121969638656,3,3,r0_3,r0,3
213,C,0.17846193576083952,5.660385098795168e-11,0.8215380641825575,3,3,r0_3,r0,3
214,A,0.1173878030076459,2.374049204072944e-11,0.882612196968613,3,3,r0_3,r0,3
214,C,0.17846193575721309,5.0191925092235533e-11,0.8215380641925968,3,3,r0_3,r0,3
215,A,0.11738780300612618,2.1050239687650953e-11,0.8826121969728237,3,3,r0_3,r0,3
215,C,0.17846193575399705,4.450632391068151e-11,0.821538064201497,3,3,r0_3,r0,3
216,A,0.11738780300477863,1.8664870481718424e-11,0.8826121969765564,3,3,r0_3,r0,3
216,C,0.17846193575114544,3.946477149104983e-11,0.8215380642093895,3,3,r0_3,r0,3
217,A,0.1173878030035836,1.6549828739211287e-11,0.8826121969798665,3,3,r0_3,r0,3
217,C,0.17846193574861718,3.4994311855663666e-11,0.8215380642163886,3,3,r0_3,r0,3
218,A,0.11738780300252427,1.467447585048259e-11,0.8826121969828019,3,3,r0_3,r0,3
218,C,0.17846193574637528,3.103025326333559e-11,0.8215380642225942,3,3,r0_3,r0,3
219,A,0.11738780300158463,1.3011646187632775e-11,0.8826121969854038,3,3,r0_3,r0,3
219,C,0.17846193574438712,2.7515232061938777e-11,0.8215380642280966,3,3,r0_3,r0,3
220,A,0.11738780300075162,1.1537253370345875e-11,0.8826121969877113,3,3,r0_3,r0,3
220,C,0.17846193574262478,2.439838258479119e-11,0.8215380642329791,3,3,r0_3,r0,3
221,A,0.11738780300001297,1.0229941178112205e-11,0.8826121969897578,3,3,r0_3,r0,3
221,C,0.1784619357410612,2.1634601078561705e-11,0.8215380642373041,3,3,r0_3,r0,3
222,A,0.11738780299935792,9.070774045101214e-12,0.8826121969915718,3,3,r0_3,r0,3
222,C,0.17846193573967542,1.9183893011115834e-11,0.8215380642411424,3,3,r0_3,r0,3
223,A,0.11738780299877709,8.042962648434425e-12,0.8826121969931797,3,3,r0_3,r0,3
223,C,0.17846193573844615,1.7010794314292318e-11,0.8215380642445431,3,3,r0_3,r0,3
224,A,0.11738780299826218,7.1316206098986165e-12,0.8826121969946065,3,3,r0_3,r0,3
224,C,0.17846193573735644,1.508385818650329e-11,0.8215380642475612,3,3,r0_3,r0,3
225,A,0.11738780299780545,6.3235487826295825e-12,0.8826121969958711,3,3,r0_3,r0,3
225,C,0.17846193573639038,1.3375200028750622e-11,0.8215380642502362,3,3,r0_3,r0,3
226,A,0.11738780299740055,5.6070439945549255e-12,0.8826121969969924,3,3,r0_3,r0,3
226,C,0.17846193573553332,1.1860093928892715e-11,0.8215380642526086,3,3,r0_3,r0,3
227,A,0.11738780299704153,4.9717294752219065e-12,0.8826121969979854,3,3,r0_3,r0,3
227,C,0.1784619357347732,1.0516614854939474e-11,0.8215380642547104,3,3,r0_3,r0,3
228,A,0.11738780299672315,4.40840450721297e-12,0.8826121969988675,3,3,r0_3,r0,3
228,C,0.1784619357340993,9.32532137960166e-12,0.8215380642565752,3,3,r0_3,r0,3
229,A,0.11738780299644092,3.908911122234687e-12,0.8826121969996509,3,3,r0_3,r0,3
229,C,0.1784619357335022,8.268974344841752e-12,0.8215380642582308,3,3,r0_3,r0,3
230,A,0.1173878029961907,3.466015909243361e-12,0.882612197000343,3,3,r0_3,r0,3
230,C,0.1784619357329725,7.332287395185448e-12,0.821538064259697,3,3,r0_3,r0,3
231,A,0.11738780299596871,3.07330522310344e-12,0.8826121970009582,3,3,r0_3,r0,3
231,C,0.17846193573250252,6.501705765787042e-12,0.8215380642609955,3,3,r0_3,r0,3
232,A,0.11738780299577184,2.7250922636548158e-12,0.8826121970015031,3,3,r0_3,r0,3
232,C,0.17846193573208602,5.765210146218045e-12,0.8215380642621489,3,3,r0_3,r0,3
233,A,0.11738780299559752,2.4163347018664433e-12,0.8826121970019871,3,3,r0_3,r0,3
233,C,0.1784619357317166,5.112142734647605e-12,0.821538064263171,3,3,r0_3,r0,3
234,A,0.11738780299544253,2.1425616338331175e-12,0.8826121970024139,3,3,r0_3,r0,3
234,C,0.1784619357313893,4.533053014952919e-12,0.821538064264079,3,3,r0_3,r0,3
235,A,0.1173878029953053,1.8998088172732807e-12,0.8826121970027953,3,3,r0_3,r0,3
235,C,0.17846193573109875,4.019560998868567e-12,0.821538064264882,3,3,r0_3,r0,3
236,A,0.11738780299518373,1.6845612490071179e-12,0.8826121970031316,3,3,r0_3,r0,3
236,C,0.17846193573084124,3.5642359596624234e-12,0.8215380642655957,3,3,r0_3,r0,3
237,A,0.11738780299507585,1.4937022511863314e-12,0.8826121970034305,3,3,r0_3,r0,3
237,C,0.17846193573061261,3.1604889025046885e-12,0.8215380642662271,3,3,r0_3,r0,3
238,A,0.11738780299498028,1.3244683284118253e-12,0.882612197003696,3,3,r0_3,r0,3
238,C,0.1784619357304103,2.8024772154791047e-12,0.821538064266787,3,3,r0_3,r0,3
239,A,0.1173878029948953,1.1744091415383955e-12,0.8826121970039298,3,3,r0_3,r0,3
239,C,0.17846193573023092,2.485020121449668e-12,0.8215380642672848,3,3,r0_3,r0,3
240,A,0.11738780299482016,1.0413520181400074e-12,0.8826121970041384,3,3,r0_3,r0,3
240,C,0.17846193573007155,2.203523707294245e-12,0.8215380642677254,3,3,r0_3,r0,3
241,A,0.11738780299475349,9.233704853719953e-13,0.882612197004323,3,3,r0_3,r0,3
241,C,0.17846193572993035,1.95391444560957e-12,0.8215380642681156,3,3,r0_3,r0,3
242,A,0.11738780299469427,8.187563692715582e-13,0.882612197004487,3,3,r0_3,r0,3
242,C,0.1784619357298052,1.7325802468856325e-12,0.8215380642684627,3,3,r0_3,r0,3
243,A,0.11738780299464188,7.25995056231283e-13,0.8826121970046328,3,3,r0_3,r0,3
243,C,0.17846193572969402,1.536318189120116e-12,0.8215380642687689,3,3,r0_3,r0,3
244,A,0.11738780299459543,6.437435582120173e-13,0.8826121970047608,3,3,r0_3,r0,3
244,C,0.1784619357295957,1.3622881684721828e-12,0.8215380642690422,3,3,r0_3,r0,3
245,A,0.11738780299455426,5.708110638961156e-13,0.8826121970048755,3,3,r0_3,r0,3
245,C,0.17846193572950855,1.2079718002376498e-12,0.8215380642692842,3,3,r0_3,r0,3
246,A,0.11738780299451768,5.061416940091796e-13,0.8826121970049771,3,3,r0_3,r0,3
246,C,0.17846193572943106,1.07113597540446e-12,0.8215380642694979,3,3,r0_3,r0,3
247,A,0.11738780299448529,4.487992109807858e-13,0.8826121970050665,3,3,r0_3,r0,3
247,C,0.17846193572936264,9.498005454179206e-13,0.8215380642696881,3,3,r0_3,r0,3
248,A,0.11738780299445643,3.9795346143514846e-13,0.8826121970051453,3,3,r0_3,r0,3
248,C,0.17846193572930164,8.422096675240695e-13,0.8215380642698566,3,3,r0_3,r0,3
249,A,0.11738780299443091,3.528683551123808e-13,0.8826121970052163,3,3,r0_3,r0,3
249,C,0.17846193572924765,7.468063960314863e-13,0.8215380642700059,3,3,r0_3,r0,3
250,A,0.11738780299440835,3.12891206085875e-13,0.8826121970052783,3,3,r0_3,r0,3
250,C,0.17846193572920002,6.622101518068604e-13,0.8215380642701391,3,3,r0_3,r0,3
251,A,0.11738780299438824,2.7744328199672897e-13,0.8826121970053341,3,3,r0_3,r0,3
251,C,0.17846193572915758,5.871967441705963e-13,0.8215380642702567,3,3,r0_3,r0,3
252,A,0.11738780299437042,2.4601142375201926e-13,0.8826121970053828,3,3,r0_3,r0,3
252,C,0.17846193572911978,5.206806549668209e-13,0.8215380642703598,3,3,r0_3,r0,3
253,A,0.11738780299435479,2.1814061571075804e-13,0.8826121970054275,3,3,r0_3,r0,3
253,C,0.1784619357290863,4.616993308301919e-13,0.8215380642704525,3,3,r0_3,r0,3
254,A,0.11738780299434086,1.9342739724495436e-13,0.8826121970054664,3,3,r0_3,r0,3
254,C,0.178461935729057,4.093992538269369e-13,0.8215380642705349,3,3,r0_3,r0,3
255,A,0.11738780299432841,1.7151402104337278e-13,0.8826121970054999,3,3,r0_3,r0,3
255,C,0.17846193572903088,3.6302359022049127e-13,0.8215380642706067,3,3,r0_3,r0,3
256,A,0.11738780299431742,1.5208327338173916e-13,0.8826121970055312,3,3,r0_3,r0,3
256,C,0.17846193572900737,3.219012383506078e-13,0.8215380642706714,3,3,r0_3,r0,3
257,A,0.11738780299430777,1.348538813408522e-13,0.8826121970055573,3,3,r0_3,r0,3
257,C,0.17846193572898672,2.854371171383087e-13,0.8215380642707278,3,3,r0_3,r0,3
258,A,0.11738780299429914,1.1957644045653089e-13,0.8826121970055828,3,3,r0_3,r0,3
258,C,0.17846193572896843,2.5310355468209327e-13,0.8215380642707785,3,3,r0_3,r0,3
259,A,0.11738780299429147,1.0602980382402037e-13,0.8826121970056029,3,3,r0_3,r0,3
259,C,0.17846193572895228,2.2443265233015564e-13,0.8215380642708233,3,3,r0_3,r0,3
260,A,0.11738780299428457,9.40178803636641e-14,0.8826121970056203,3,3,r0_3,r0,3
260,C,0.17846193572893781,1.9900951372942422e-13,0.8215380642708634,3,3,r0_3,r0,3
261,A,0.11738780299427864,8.336679588119515e-14,0.8826121970056389,3,3,r0_3,r0,3
261,C,0.17846193572892521,1.7646624086927898e-13,0.8215380642708989,3,3,r0_3,r0,3
262,A,0.11738780299427325,7.392237581079026e-14,0.8826121970056526,3,3,r0_3,r0,3
262,C,0.1784619357289137,1.564766102369204e-13,0.8215380642709302,3,3,r0_3,r0,3
263,A,0.11738780299426844,6.554791318823777e-14,0.8826121970056657,3,3,r0_3,r0,3
263,C,0.1784619357289037,1.3875135204325068e-13,0.8215380642709575,3,3,r0_3,r0,3
264,A,0.11738780299426443,5.812218953266947e-14,0.8826121970056782,3,3,r0_3,r0,3
264,C,0.17846193572889474,1.2303396420510727e-13,0.8215380642709825,3,3,r0_3,r0,3
265,A,0.11738780299426055,5.153771997821386e-14,0.8826121970056878,3,3,r0_3,r0,3
265,C,0.1784619357288868,1.090970005081387e-13,0.8215380642710044,3,3,r0_3,r0,3
266,A,0.11738780299425712,4.5699197244669756e-14,0.8826121970056962,3,3,r0_3,r0,3
266,C,0.1784619357288799,9.673877923645135e-14,0.8215380642710228,3,3,r0_3,r0,3
267,A,0.11738780299425429,4.0522111915959927e-14,0.882612197005705,3,3,r0_3,r0,3
267,C,0.1784619357288737,8.578046463971448e-14,0.8215380642710403,3,3,r0_3,r0,3
268,A,0.1173878029942518,3.5931529048422025e-14,0.8826121970057131,3,3,r0_3,r0,3
268,C,0.17846193572886832,7.606347900372475e-14,0.8215380642710562,3,3,r0_3,r0,3
269,A,0.11738780299424954,3.186100339491575e-14,0.8826121970057194,3,3,r0_3,r0,3
269,C,0.1784619357288634,6.744720787458153e-14,0.8215380642710692,3,3,r0_3,r0,3
270,A,0.11738780299424739,2.8251617537614682e-14,0.8826121970057247,3,3,r0_3,r0,3
270,C,0.1784619357288591,5.980696522886545e-14,0.8215380642710812,3,3,r0_3,r0,3
271,A,0.1173878029942457,2.505112897653058e-14,0.8826121970057293,3,3,r0_3,r0,3
271,C,0.17846193572885533,5.303218914546363e-14,0.8215380642710919,3,3,r0_3,r0,3
272,A,0.11738780299424413,2.2213213969928126e-14,0.8826121970057347,3,3,r0_3,r0,3
272,C,0.17846193572885166,4.7024841859669367e-14,0.821538064271101,3,3,r0_3,r0,3
273,A,0.11738780299424263,1.9696796867204805e-14,0.8826121970057379,3,3,r0_3,r0,3
273,C,0.17846193572884891,4.16979910661573e-14,0.8215380642711102,3,3,r0_3,r0,3
274,A,0.11738780299424138,1.7465455555370707e-14,0.8826121970057413,3,3,r0_3,r0,3
274,C,0.178461935728846,3.6974551920161975e-14,0.8215380642711163,3,3,r0_3,r0,3
275,A,0.11738780299424013,1.5486894235400505e-14,0.8826121970057442,3,3,r0_3,r0,3
275,C,0.17846193572884375,3.278617154347363e-14,0.8215380642711233,3,3,r0_3,r0,3
276,A,0.11738780299423912,1.3732475932695767e-14,0.8826121970057468,3,3,r0_3,r0,3
276,C,0.17846193572884161,2.907223989058974e-14,0.8215380642711292,3,3,r0_3,r0,3
277,A,0.1173878029942383,1.2176807973515288e-14,0.8826121970057502,3,3,r0_3,r0,3
277,C,0.17846193572883992,2.5779012661287272e-14,0.821538064271135,3,3,r0_3,r0,3
278,A,0.11738780299423747,1.0797374426134889e-14,0.8826121970057519,3,3,r0_3,r0,3
278,C,0.1784619357288382,2.285883356730192e-14,0.8215380642711388,3,3,r0_3,r0,3
279,A,0.11738780299423696,9.574210185497157e-15,0.8826121970057548,3,3,r0_3,r0,3
279,C,0.17846193572883656,2.0269444698549462e-14,0.8215380642711423,3,3,r0_3,r0,3
280,A,0.11738780299423626,8.489611983054316e-15,0.8826121970057562,3,3,r0_3,r0,3
280,C,0.17846193572883537,1.7973375009212642e-14,0.8215380642711468,3,3,r0_3,r0,3
281,A,0.11738780299423587,7.527882138128656e-15,0.8826121970057579,3,3,r0_3,r0,3
281,C,0.17846193572883412,1.5937398074485696e-14,0.8215380642711494,3,3,r0_3,r0,3
282,A,0.11738780299423542,6.67510134115332e-15,0.8826121970057589,3,3,r0_3,r0,3
282,C,0.17846193572883307,1.4132051271184095e-14,0.8215380642711526,3,3,r0_3,r0,3
283,A,0.11738780299423485,5.918927179481843e-15,0.8826121970057598,3,3,r0_3,r0,3
283,C,0.17846193572883226,1.2531209424289073e-14,0.8215380642711548,3,3,r0_3,r0,3
284,A,0.11738780299423453,5.2484154891502156e-15,0.8826121970057614,3,3,r0_3,r0,3
284,C,0.17846193572883154,1.11117067496731e-14,0.8215380642711575,3,3,r0_3,r0,3
285,A,0.11738780299423415,4.653861946441478e-15,0.8826121970057621,3,3,r0_3,r0,3
285,C,0.1784619357288309,9.853001622144463e-15,0.8215380642711596,3,3,r0_3,r0,3
286,A,0.11738780299423388,4.1266616061225045e-15,0.8826121970057627,3,3,r0_3,r0,3
286,C,0.1784619357288301,8.736879317674258e-15,0.821538064271161,3,3,r0_3,r0,3
287,A,0.11738780299423361,3.659184353041003e-15,0.8826121970057632,3,3,r0_3,r0,3
287,C,0.17846193572882976,7.7471884281921e-15,0.8215380642711632,3,3,r0_3,r0,3
288,A,0.11738780299423336,3.2446644641492566e-15,0.8826121970057639,3,3,r0_3,r0,3
288,C,0.1784619357288293,6.8696071346122415e-15,0.8215380642711645,3,3,r0_3,r0,3
289,A,0.11738780299423314,2.8771026822959225e-15,0.8826121970057643,3,3,r0_3,r0,3
289,C,0.1784619357288286,6.091435955829941e-15,0.8215380642711654,3,3,r0_3,r0,3
290,A,0.11738780299423292,2.5511793842771063e-15,0.8826121970057648,3,3,r0_3,r0,3
290,C,0.1784619357288283,5.4014139745185965e-15,0.8215380642711662,3,3,r0_3,r0,3
291,A,0.1173878029942327,2.262177587409312e-15,0.8826121970057647,3,3,r0_3,r0,3
291,C,0.17846193572882793,4.7895558779297746e-15,0.8215380642711675,3,3,r0_3,r0,3
292,A,0.11738780299423256,2.0059146735118e-15,0.8826121970057652,3,3,r0_3,r0,3
292,C,0.1784619357288276,4.24700746879512e-15,0.821538064271168,3,3,r0_3,r0,3
293,A,0.11738780299423246,1.7786818562371327e-15,0.8826121970057661,3,3,r0_3,r0,3
293,C,0.17846193572882732,3.765917527119721e-15,0.8215380642711687,3,3,r0_3,r0,3
294,A,0.11738780299423242,1.5771905003291613e-15,0.8826121970057664,3,3,r0_3,r0,3
294,C,0.1784619357288271,3.33932419850335e-15,0.8215380642711692,3,3,r0_3,r0,3
295,A,0.11738780299423232,1.3985245238945348e-15,0.8826121970057667,3,3,r0_3,r0,3
295,C,0.17846193572882682,2.96105424914823e-15,0.8215380642711697,3,3,r0_3,r0,3
296,A,0.11738780299423217,1.2400981929940842e-15,0.8826121970057669,3,3,r0_3,r0,3
296,C,0.17846193572882665,2.6256337329930567e-15,0.8215380642711705,3,3,r0_3,r0,3
297,A,0.11738780299423211,1.0996186976461425e-15,0.8826121970057674,3,3,r0_3,r0,3
297,C,0.17846193572882654,2.328208778237923e-15,0.8215380642711712,3,3,r0_3,r0,3
298,A,0.11738780299423207,9.750529675470845e-16,0.8826121970057673,3,3,r0_3,r0,3
298,C,0.17846193572882638,2.0644753469624903e-15,0.8215380642711716,3,3,r0_3,r0,3
299,A,0.11738780299423196,8.645982471857401e-16,0.8826121970057673,3,3,r0_3,r0,3
299,C,0.17846193572882615,1.8306169513891954e-15,0.8215380642711717,3,3,r0_3,r0,3
300,A,0.11738780299423192,7.66656004446383e-16,0.8826121970057675,3,3,r0_3,r0,3
300,C,0.17846193572882618,1.6232494254838455e-15,0.8215380642711724,3,3,r0_3,r0,3
301,A,0.11738780299423186,6.798087950475297e-16,0.8826121970057677,3,3,r0_3,r0,3
301,C,0.17846193572882596,1.4393719526836596e-15,0.8215380642711725,3,3,r0_3,r0,3
302,A,0.11738780299423185,6.027997479494648e-16,0.8826121970057682,3,3,r0_3,r0,3
302,C,0.1784619357288259,1.2763236410752878e-15,0.8215380642711727,3,3,r0_3,r0,3
303,A,0.1173878029942318,5.345143748015036e-16,0.8826121970057681,3,3,r0_3,r0,3
303,C,0.1784619357288258,1.131745017622231e-15,0.8215380642711733,3,3,r0_3,r0,3
304,A,0.11738780299423174,4.73964440139895e-16,0.8826121970057681,3,3,r0_3,r0,3
304,C,0.1784619357288258,1.0035438842248858e-15,0.8215380642711733,3,3,r0_3,r0,3
305,A,0.11738780299423171,4.2027365887588115e-16,0.8826121970057681,3,3,r0_3,r0,3
305,C,0.1784619357288257,8.898650415162448e-16,0.8215380642711734,3,3,r0_3,r0,3
306,A,0.1173878029942317,3.726650140625519e-16,0.8826121970057682,3,3,r0_3,r0,3
306,C,0.17846193572882563,7.890634422664331e-16,0.8215380642711736,3,3,r0_3,r0,3
307,A,0.11738780299423165,3.3044951138174255e-16,0.8826121970057682,3,3,r0_3,r0,3
307,C,0.17846193572882568,6.996803858990081e-16,0.821538064271174,3,3,r0_3,r0,3
308,A,0.11738780299423163,2.9301620758776854e-16,0.8826121970057685,3,3,r0_3,r0,3
308,C,0.17846193572882557,6.204224096299249e-16,0.8215380642711739,3,3,r0_3,r0,3
309,A,0.11738780299423156,2.598233685843058e-16,0.8826121970057681,3,3,r0_3,r0,3
309,C,0.17846193572882552,5.501425707628642e-16,0.8215380642711738,3,3,r0_3,r0,3
310,A,0.11738780299423159,2.303906291616788e-16,0.8826121970057684,3,3,r0_3,r0,3
310,C,0.17846193572882538,4.878238492759146e-16,0.8215380642711737,3,3,r0_3,r0,3
311,A,0.11738780299423153,2.0429204094772348e-16,0.8826121970057683,3,3,r0_3,r0,3
311,C,0.17846193572882532,4.3256443045634624e-16,0.8215380642711736,3,3,r0_3,r0,3
312,A,0.11738780299423153,1.8114990779592114e-16,0.8826121970057683,3,3,r0_3,r0,3
312,C,0.17846193572882532,3.835646549516464e-16,0.8215380642711737,3,3,r0_3,r0,3
313,A,0.1173878029942315,1.606293197247625e-16,0.8826121970057683,3,3,r0_3,r0,3
313,C,0.17846193572882532,3.4011544665973216e-16,0.8215380642711738,3,3,r0_3,r0,3
314,A,0.11738780299423153,1.42433305940878e-16,0.8826121970057685,3,3,r0_3,r0,3
314,C,0.17846193572882524,3.015880517709194e-16,0.8215380642711739,3,3,r0_3,r0,3
315,A,0.11738780299423153,1.2629853698327808e-16,0.8826121970057685,3,3,r0_3,r0,3
315,C,0.1784619357288252,2.6742494006842965e-16,0.821538064271174,3,3,r0_3,r0,3
316,A,0.1173878029942315,1.1199151374586866e-16,0.8826121970057684,3,3,r0_3,r0,3
316,C,0.17846193572882518,2.3713173690574807e-16,0.8215380642711742,3,3,r0_3,r0,3
317,A,0.11738780299423147,9.930518822198277e-17,0.8826121970057685,3,3,r0_3,r0,3
317,C,0.17846193572882524,2.1027006910848093e-16,0.8215380642711743,3,3,r0_3,r0,3
318,A,0.11738780299423149,8.805596706317377e-17,0.8826121970057685,3,3,r0_3,r0,3
318,C,0.17846193572882524,1.8645122127372731e-16,0.8215380642711743,3,3,r0_3,r0,3
319,A,0.11738780299423147,7.808105458513742e-17,0.8826121970057685,3,3,r0_3,r0,3
319,C,0.17846193572882518,1.6533051066727535e-16,0.8215380642711742,3,3,r0_3,r0,3
320,A,0.11738780299423147,6.923609676655765e-17,0.8826121970057685,3,3,r0_3,r0,3
320,C,0.17846193572882516,1.466022993177324e-16,0.8215380642711743,3,3,r0_3,r0,3
321,A,0.11738780299423147,6.139309214300585e-17,0.8826121970057685,3,3,r0_3,r0,3
321,C,0.17846193572882516,1.299955711276024e-16,0.8215380642711743,3,3,r0_3,r0,3
322,A,0.11738780299423147,5.443853936085522e-17,0.8826121970057685,3,3,r0_3,r0,3
322,C,0.17846193572882516,1.1527000999766033e-16,0.8215380642711743,3,3,r0_3,r0,3
323,A,0.11738780299423147,4.827179458137066e-17,0.8826121970057685,3,3,r0_3,r0,3
323,C,0.17846193572882518,1.0221252221115915e-16,0.8215380642711744,3,3,r0_3,r0,3
324,A,0.11738780299423147,4.280361496231171e-17,0.8826121970057685,3,3,r0_3,r0,3
324,C,0.17846193572882518,9.063415275326978e-17,0.8215380642711744,3,3,r0_3,r0,3
325,A,0.11738780299423147,3.7954867137482137e-17,0.8826121970057685,3,3,r0_3,r0,3
325,C,0.17846193572882518,8.036735094180878e-17,0.8215380642711745,3,3,r0_3,r0,3
326,A,0.11738780299423147,3.3655382002665693e-17,0.8826121970057685,3,3,r0_3,r0,3
326,C,0.17846193572882516,7.12635458001806e-17,0.8215380642711744,3,3,r0_3,r0,3
327,A,0.11738780299423147,2.9842939233860707e-17,0.8826121970057685,3,3,r0_3,r0,3
327,C,0.17846193572882516,6.319099608574783e-17,0.8215380642711744,3,3,r0_3,r0,3
328,A,0.11738780299423147,2.6462366841318855e-17,0.8826121970057685,3,3,r0_3,r0,3
328,C,0.17846193572882516,5.603288386138088e-17,0.8215380642711744,3,3,r0_3,r0,3
329,A,0.11738780299423147,2.3464742727779118e-17,0.8826121970057685,3,3,r0_3,r0,3
329,C,0.17846193572882516,4.968562402225069e-17,0.8215380642711744,3,3,r0_3,r0,3
330,A,0.11738780299423147,2.08066866953782e-17,0.8826121970057685,3,3,r0_3,r0,3
330,C,0.17846193572882516,4.405736531569555e-17,0.8215380642711744,3,3,r0_3,r0,3
331,A,0.11738780299423147,1.844973264417378e-17,0.8826121970057685,3,3,r0_3,r0,3
331,C,0.17846193572882516,3.9066661200804455e-17,0.8215380642711744,3,3,r0_3,r0,3
332,A,0.11738780299423147,1.6359771936727688e-17,0.8826121970057685,3,3,r0_3,r0,3
332,C,0.17846193572882516,3.464129110149883e-17,0.8215380642711744,3,3,r0_3,r0,3
333,A,0.11738780299423147,1.4506559743234635e-17,0.8826121970057685,3,3,r0_3,r0,3
333,C,0.17846193572882516,3.071721544803038e-17,0.8215380642711744,3,3,r0_3,r0,3
334,A,0.11738780299423147,1.286327736178459e-17,0.8826121970057685,3,3,r0_3,r0,3
334,C,0.17846193572882516,2.7237648906735705e-17,0.8215380642711744,3,3,r0_3,r0,3
335,A,0.11738780299423147,1.1406144105434224e-17,0.8826121970057685,3,3,r0_3,r0,3
335,C,0.17846193572882516,2.4152238639039117e-17,0.8215380642711744,3,3,r0_3,r0,3
336,A,0.11738780299423147,1.0114073155105828e-17,0.8826121970057685,3,3,r0_3,r0,3
336,C,0.17846193572882516,2.1416335645134256e-17,0.8215380642711744,3,3,r0_3,r0,3
337,A,0.11738780299423147,8.968366397783363e-18,0.8826121970057685,3,3,r0_3,r0,3
337,C,0.17846193572882516,1.8990348647957915e-17,0.8215380642711744,3,3,r0_3,r0,3
338,A,0.11738780299423147,7.952443833683943e-18,0.8826121970057685,3,3,r0_3,r0,3
338,C,0.17846193572882516,1.683917116750469e-17,0.8215380642711744,3,3,r0_3,r0,3
339,A,0.11738780299423147,7.051603636376268e-18,0.8826121970057685,3,3,r0_3,r0,3
339,C,0.17846193572882516,1.4931673494672553e-17,0.8215380642711744,3,3,r0_3,r0,3
340,A,0.11738780299423147,6.25280939343478e-18,0.8826121970057685,3,3,r0_3,r0,3
340,C,0.17846193572882516,1.3240252212989407e-17,0.8215380642711744,3,3,r0_3,r0,3
341,A,0.11738780299423147,5.54450144858199e-18,0.8826121970057685,3,3,r0_3,r0,3
341,C,0.17846193572882516,1.1740430749346396e-17,0.8215380642711744,3,3,r0_3,r0,3
342,A,0.11738780299423147,4.916429615072652e-18,0.8826121970057685,3,3,r0_3,r0,3
342,C,0.17846193572882516,1.041050517330533e-17,0.8215380642711744,3,3,r0_3,r0,3
343,A,0.11738780299423147,4.359504839361397e-18,0.8826121970057685,3,3,r0_3,r0,3
343,C,0.17846193572882516,9.231230119339217e-18,0.8215380642711744,3,3,r0_3,r0,3
344,A,0.11738780299423147,3.865667668346743e-18,0.8826121970057685,3,3,r0_3,r0,3
344,C,0.17846193572882516,8.185540286984976e-18,0.8215380642711744,3,3,r0_3,r0,3
345,A,0.11738780299423147,3.427771616666993e-18,0.8826121970057685,3,3,r0_3,r0,3
345,C,0.17846193572882516,7.25830348873461e-18,0.8215380642711744,3,3,r0_3,r0,3
346,A,0.11738780299423147,3.0394797461583546e-18,0.8826121970057685,3,3,r0_3,r0,3
346,C,0.17846193572882516,6.4361016720194096e-18,0.8215380642711744,3,3,r0_3,r0,3
347,A,0.11738780299423147,2.6951729607922158e-18,0.8826121970057685,3,3,r0_3,r0,3
347,C,0.17846193572882516,5.707036746454617e-18,0.8215380642711744,3,3,r0_3,r0,3
348,A,0.11738780299423147,2.389868689955066e-18,0.8826121970057685,3,3,r0_3,r0,3
348,C,0.17846193572882516,5.060558406469329e-18,0.8215380642711744,3,3,r0_3,r0,3
349,A,0.11738780299423147,2.119148783274296e-18,0.8826121970057685,3,3,r0_3,r0,3
349,C,0.17846193572882516,4.487311457741363e-18,0.8215380642711744,3,3,r0_3,r0,3
350,A,0.11738780299423147,1.879095573522581e-18,0.8826121970057685,3,3,r0_3,r0,3
350,C,0.17846193572882516,3.9790004380484735e-18,0.8215380642711744,3,3,r0_3,r0,3
351,A,0.11738780299423147,1.6662351834820983e-18,0.8826121970057685,3,3,r0_3,r0,3
351,C,0.17846193572882516,3.528269570700489e-18,0.8215380642711744,3,3,r0_3,r0,3
352,A,0.11738780299423147,1.4774872498379179e-18,0.8826121970057685,3,3,r0_3,r0,3
352,C,0.17846193572882516,3.128596328632052e-18,0.8215380642711744,3,3,r0_3,r0,3
353,A,0.11738780299423147,1.3101203504949896e-18,0.8826121970057685,3,3,r0_3,r0,3
353,C,0.17846193572882516,2.7741970363386936e-18,0.8215380642711744,3,3,r0_3,r0,3
354,A,0.11738780299423147,1.1617124753342393e-18,0.8826121970057685,3,3,r0_3,r0,3
354,C,0.17846193572882516,2.4599431780849323e-18,0.8215380642711744,3,3,r0_3,r0,3
355,A,0.11738780299423147,1.0301159763292129e-18,0.8826121970057685,3,3,r0_3,r0,3
355,C,0.17846193572882516,2.1812871831049105e-18,0.8215380642711744,3,3,r0_3,r0,3
356,A,0.11738780299423147,9.134264880919629e-19,0.8826121970057685,3,3,r0_3,r0,3
356,C,0.17846193572882516,1.9341966176628494e-18,0.8215380642711744,3,3,r0_3,r0,3
357,A,0.11738780299423147,8.099553690785721e-19,0.8826121970057685,3,3,r0_3,r0,3
357,C,0.17846193572882516,1.715095831666117e-18,0.8215380642711744,3,3,r0_3,r0,3
358,A,0.11738780299423147,7.182052646347775e-19,0.8826121970057685,3,3,r0_3,r0,3
358,C,0.17846193572882516,1.5208142153985643e-18,0.8215380642711744,3,3,r0_3,r0,3
359,A,0.11738780299423147,6.368484382406139e-19,0.8826121970057685,3,3,r0_3,r0,3
359,C,0.17846193572882516,1.3485403175968319e-18,0.8215380642711744,3,3,r0_3,r0,3
360,A,0.11738780299423147,5.647075573734721e-19,0.8826121970057685,3,3,r0_3,r0,3
360,C,0.17846193572882516,1.195781160911961e-18,0.8215380642711744,3,3,r0_3,r0,3
361,A,0.11738780299423147,5.007386559314895e-19,0.8826121970057685,3,3,r0_3,r0,3
361,C,0.17846193572882516,1.060326166009949e-18,0.8215380642711744,3,3,r0_3,r0,3
362,A,0.11738780299423147,4.440160266575731e-19,0.8826121970057685,3,3,r0_3,r0,3
362,C,0.17846193572882516,9.402151622566413e-19,0.8215380642711744,3,3,r0_3,r0,3
363,A,0.11738780299423147,3.9371882493468405e-19,0.8826121970057685,3,3,r0_3,r0,3
363,C,0.17846193572882516,8.337100220692548e-19,0.8215380642711744,3,3,r0_3,r0,3
364,A,0.11738780299423147,3.4911919008928956e-19,0.8826121970057685,3,3,r0_3,r0,3
364,C,0.17846193572882516,7.392695084550012e-19,0.8215380642711744,3,3,r0_3,r0,3
365,A,0.11738780299423147,3.0957171230069224e-19,0.8826121970057685,3,3,r0_3,r0,3
365,C,0.17846193572882516,6.555269717553116e-19,0.8215380642711744,3,3,r0_3,r0,3
0,A,0.999,0.0010000000000000002,0,4,3,r0_3,r0,3
0,C,0.9990000000000002,0.0010000000000000005,0,4,3,r0_3,r0,3
1,A,0.9983469727041631,0.0014135651341972552,2.3946216163958856e-4,4,3,r0_3,r0,3
1,C,0.9984918733181588,0.0012810627207831217,2.2706396105803893e-4,4,3,r0_3,r0,3
2,A,0.9974629914916051,0.001962288821861893,5.747196865327303e-4,4,3,r0_3,r0,3
2,C,0.9978457866595735,0.0016366608220509597,5.175525183758198e-4,4,3,r0_3,r0,3
3,A,0.9962829980603197,0.0026810221122409703,0.0010359798274384871,4,3,r0_3,r0,3
3,C,0.9970263826137441,0.0020855194541131573,8.880979321428768e-4,4,3,r0_3,r0,3
4,A,0.9947202957765787,0.0036176930330029753,0.0016620111904175892,4,3,r0_3,r0,3
4,C,0.9959883698006228,0.0026518578809456997,0.0013597723184320977,4,3,r0_3,r0,3
5,A,0.9926629976753053,0.004834701981302308,0.0025023003433936072,4,3,r0_3,r0,3
5,C,0.994674856758627,0.003366174360460608,0.0019589688809130267,4,3,r0_3,r0,3
6,A,0.9899670871417942,0.006412073449318085,0.0036208394088879303,4,3,r0_3,r0,3
6,C,0.9930139823437462,0.004266917753391445,0.0027190999028628695,4,3,r0_3,r0,3
7,A,0.9864531126101045,0.00844854674187523,0.005098340648019872,4,3,r0_3,r0,3
7,C,0.9909171372374562,0.005401272822078378,0.003681589940464611,4,3,r0_3,r0,3
8,A,0.9818939425699479,0.011066968665578176,0.007039088764473906,4,3,r0_3,r0,3
8,C,0.9882726605137456,0.006828211250513486,0.004899128235740891,4,3,r0_3,r0,3
9,A,0.9760110385646972,0.01441507758392089,0.009573883851382041,4,3,r0_3,r0,3
9,C,0.9849432604219123,0.00861952469708393,0.0064372148810038455,4,3,r0_3,r0,3
10,A,0.9684660860245066,0.01866787229529036,0.012866041680204103,4,3,r0_3,r0,3
10,C,0.9807605163822565,0.010862162369695024,0.008377321248048693,4,3,r0_3,r0,3
11,A,0.9588595674818575,0.024024993352390955,0.017115439165751173,4,3,r0_3,r0,3
11,C,0.9755214200209789,0.013659153505767067,0.010819426473252517,4,3,r0_3,r0,3
12,A,0.946728668315116,0.030706541380205826,0.02256479030467834,4,3,r0_3,r0,3
12,C,0.9689825024680994,0.017131246129047335,0.01388625140285412,4,3,r0_3,r0,3
13,A,0.9315558320348356,0.038942056565645485,0.029502111399519693,4,3,r0_3,r0,3
13,C,0.9608572241362132,0.02141641973915286,0.017726356124633882,4,3,r0_3,r0,3
14,A,0.9127967164205316,0.04894377973544726,0.03825950384402098,4,3,r0_3,r0,3
14,C,0.9508172264045285,0.02666564016202805,0.022517133433442936,4,3,r0_3,r0,3
15,A,0.8899157540125374,0.060875746898102455,0.04920849908936096,4,3,r0_3,r0,3
15,C,0.9384953101409104,0.033037083213242745,0.02846760664584798,4,3,r0_3,r0,3
16,A,0.8624505317422042,0.07480603739087031,0.06274343086692495,4,3,r0_3,r0,3
16,C,0.9234999120590917,0.0406828201679669,0.03581726777294017,4,3,r0_3,r0,3
17,A,0.8300904411758888,0.0906510006310522,0.07925855819305838,4,3,r0_3,r0,3
17,C,0.9054355118651274,0.049730295439826565,0.04483419269504556,4,3,r0_3,r0,3
18,A,0.7927694017394016,0.1081185059912358,0.09911209226936327,4,3,r0_3,r0,3
18,C,0.8839361425351457,0.060255945436332975,0.055807912028523796,4,3,r0_3,r0,3
19,A,0.7507503295599125,0.12667087890732537,0.12257879153276198,4,3,r0_3,r0,3
19,C,0.8587134999926828,0.07225158384435273,0.06903491616296488,4,3,r0_3,r0,3
20,A,0.7046734058053356,0.14552599906388883,0.14980059513077648,4,3,r0_3,r0,3
20,C,0.8296117818393806,0.08558999344859397,0.08479822471202479,4,3,r0_3,r0,3
21,A,0.6555510048065871,0.1637061026004513,0.1807428925929614,4,3,r0_3,r0,3
21,C,0.7966640766654542,0.09999422770043329,0.10334169563411098,4,3,r0_3,r0,3
22,A,0.6046853152774928,0.18014850925403317,0.21516617546847314,4,3,r0_3,r0,3
22,C,0.7601380492718265,0.11502433785105119,0.12483761287712222,4,3,r0_3,r0,3
23,A,0.5535337167534555,0.19384705428525803,0.2526192289612867,4,3,r0_3,r0,3
23,C,0.7205621594403239,0.13008423001339978,0.1493536105462774,4,3,r0_3,r0,3
24,A,0.5035305384103588,0.20400101856630798,0.29246844302333286,4,3,r0_3,r0,3
24,C,0.6787067913468763,0.14446699345007177,0.17682621520305042,4,3,r0_3,r0,3
25,A,0.4559275951113054,0.2101228894861067,0.33394951540258777,4,3,r0_3,r0,3
25,C,0.6355278435954064,0.15742708433448083,0.2070450720701123,4,3,r0_3,r0,3
26,A,0.41167681125436817,0.21208373550911064,0.376239453236522,4,3,r0_3,r0,3
26,C,0.5920694037583424,0.1682750568245504,0.2396555394171085,4,3,r0_3,r0,3
27,A,0.37139289452294577,0.21008729502584264,0.4185198104512125,4,3,r0_3,r0,3
27,C,0.5493642550869262,0.17645920558289288,0.2741765393301814,4,3,r0_3,r0,3
28,A,0.3353608103472907,0.20459741588043975,0.4600417737722696,4,3,r0_3,r0,3
28,C,0.5083282117824471,0.1816339598576079,0.31003782835994453,4,3,r0_3,r0,3
29,A,0.3035883028059588,0.19624391399787516,0.5001677831961665,4,3,r0_3,r0,3
29,C,0.4696882910566706,0.1836896010081162,0.34662210793521253,4,3,r0_3,r0,3
30,A,0.2758838014399396,0.18572157073297035,0.5383946278270902,4,3,r0_3,r0,3
30,C,0.43394825655373975,0.1827385701679144,0.3833131732783451,4,3,r0_3,r0,3
31,A,0.25193000637599083,0.17371268737102932,0.5743573062529785,4,3,r0_3,r0,3
31,C,0.4013913359319135,0.17907259095690417,0.4195360731111811,4,3,r0_3,r0,3
32,A,0.23134530088385385,0.16083274071905906,0.607821958397087,4,3,r0_3,r0,3
32,C,0.3721075078120791,0.17310395746261814,0.4547885347253026,4,3,r0_3,r0,3
33,A,0.21372856059028136,0.14760311131720583,0.6386683280925116,4,3,r0_3,r0,3
33,C,0.34603605190477416,0.16530666762163265,0.4886572804735945,4,3,r0_3,r0,3
34,A,0.1986885092938947,0.13444214786957756,0.6668693428365272,4,3,r0_3,r0,3
34,C,0.32301071272181026,0.15616546918843924,0.5208238180897512,4,3,r0_3,r0,3
35,A,0.18586411513111936,0.12166485140126837,0.6924710334676116,4,3,r0_3,r0,3
35,C,0.30280038856406255,0.14613484646324798,0.5510647649726893,4,3,r0_3,r0,3
36,A,0.17493216994754954,0.10949300187295273,0.7155748281794966,4,3,r0_3,r0,3
36,C,0.2851394833083335,0.13561610341134564,0.5792444132803221,4,3,r0_3,r0,3
37,A,0.1656099620815951,0.09807210555117854,0.736317932367226,4,3,r0_3,r0,3
37,C,0.26975488961344873,0.12494452928261854,0.6053005811039325,4,3,r0_3,r0,3
38,A,0.15765303076400236,0.08748723542064607,0.7548597338153515,4,3,r0_3,r0,3
38,C,0.2563815554151354,0.1143883075372866,0.6292301370475784,4,3,r0_3,r0,3
39,A,0.15085428583055938,0.07777476820702357,0.7713709459624176,4,3,r0_3,r0,3
39,C,0.24477271494704447,0.1041498019060071,0.6510774831469492,4,3,r0_3,r0,3
40,A,0.1450362940085354,0.0689364073060404,0.7860272986854251,4,3,r0_3,r0,3
40,C,0.2347015096434261,0.09437680195358447,0.6709216884029908,4,3,r0_3,r0,3
41,A,0.14004974393019443,0.06094854723275724,0.7990017088370484,4,3,r0_3,r0,3
41,C,0.22596558763093313,0.08516806133266006,0.688866351036406,4,3,r0_3,r0,3
42,A,0.13576907493859894,0.05377052004470483,0.810460405016696,4,3,r0_3,r0,3
42,C,0.21838657192939842,0.07658278763646784,0.7050306404341334,4,3,r0_3,r0,3
43,A,0.13208866450157641,0.04735095209901283,0.8205603833994104,4,3,r0_3,r0,3
43,C,0.21180858883348314,0.06864886024335581,0.7195425509231609,4,3,r0_3,r0,3
44,A,0.12892005855937338,0.041632340774471296,0.8294476006661542,4,3,r0_3,r0,3
44,C,0.20609667199072856,0.06136983383401996,0.7325334941752523,4,3,r0_3,r0,3
45,A,0.12618826807259204,0.036555498264953946,0.8372562336624549,4,3,r0_3,r0,3
45,C,0.201133736128005,0.05473301141988637,0.7441332524521094,4,3,r0_3,r0,3
46,A,0.12382991150159572,0.032061383058513325,0.84410870543989,4,3,r0_3,r0,3
46,C,0.19681858878641403,0.048713555275943295,0.7544678559376414,4,3,r0_3,r0,3
47,A,0.12179146410512602,0.028092716785833048,0.8501158191090404,4,3,r0_3,r0,3
47,C,0.1930640536406468,0.04327833429703995,0.7636576120623144,4,3,r0_3,r0,3
48,A,0.12002751044433668,0.024595278331329483,0.8553772112243343,4,3,r0_3,r0,3
48,C,0.1897949968366541,0.03838937479380252,0.7718156283695439,4,3,r0_3,r0,3
49,A,0.1184998710772864,0.021518896902017817,0.859981232020695,4,3,r0_3,r0,3
49,C,0.1869473397096589,0.034006375010940226,0.7790462852794008,4,3,r0_3,r0,3
50,A,0.11717520914722335,0.01881636820220715,0.8640084226505689,4,3,r0_3,r0,3
50,C,0.18446449822246064,0.030087683513813166,0.7854478182637268,4,3,r0_3,r0,3
51,A,0.11602558745149,0.016445309561163177,0.8675291029873469,4,3,r0_3,r0,3
51,C,0.1822984950227523,0.026592707332819224,0.791108797644428,4,3,r0_3,r0,3
52,A,0.11502715563788157,0.014367344458916504,0.8706054999032028,4,3,r0_3,r0,3
52,C,0.18040793546462403,0.02348218849435991,0.7961098760410154,4,3,r0_3,r0,3
53,A,0.1141594049330677,0.012547865469539435,0.8732927295973933,4,3,r0_3,r0,3
53,C,0.17875694377512427,0.02071885967840044,0.800524196546476,4,3,r0_3,r0,3
54,A,0.11340463992746265,0.010955765967542148,0.875639594104995,4,3,r0_3,r0,3
54,C,0.17731431031076345,0.018267688501912765,0.8044180011873221,4,3,r0_3,r0,3
55,A,0.11274785593938004,0.009563650289357985,0.8776884937712617,4,3,r0_3,r0,3
55,C,0.17605336249442172,0.016096516226232153,0.8078501212793469,4,3,r0_3,r0,3
56,A,0.11217595328322286,0.008346895293341334,0.8794771514234356,4,3,r0_3,r0,3
56,C,0.17495065834275034,0.014175468927699622,0.8108738727295514,4,3,r0_3,r0,3
57,A,0.11167799683240784,0.007284398813696772,0.8810376043538958,4,3,r0_3,r0,3
57,C,0.173986500752525,0.012478146373304206,0.813535352874169,4,3,r0_3,r0,3
58,A,0.11124406373818062,0.006356608114754533,0.8823993281470659,4,3,r0_3,r0,3
58,C,0.17314291865006334,0.010979468775736755,0.8158776125742,4,3,r0_3,r0,3
59,A,0.11086571315567889,0.005546572936305811,0.8835877139080143,4,3,r0_3,r0,3
59,C,0.1724045238806735,0.009657114072540461,0.8179383620467864,4,3,r0_3,r0,3
60,A,0.11053575819379313,0.004839615630444791,0.8846246261757622,4,3,r0_3,r0,3
60,C,0.17175812851225986,0.008491269295954375,0.8197506021917865,4,3,r0_3,r0,3
61,A,0.11024790889179337,0.004222723650205573,0.885529367458001,4,3,r0_3,r0,3
61,C,0.17119213801940747,0.007464031695664895,0.8213438302849289,4,3,r0_3,r0,3
62,A,0.1099967157886034,0.003684497544795561,0.8863187866666017,4,3,r0_3,r0,3
62,C,0.17069645246610843,0.006559408583105323,0.8227441389507856,4,3,r0_3,r0,3
63,A,0.10977745080839064,0.0032149547901472366,0.8870075944014619,4,3,r0_3,r0,3
63,C,0.1702622634250042,0.005763141013678703,0.8239745955613185,4,3,r0_3,r0,3
64,A,0.10958598901058424,0.0028053204487291893,0.8876086905406855,4,3,r0_3,r0,3
64,C,0.16988184799003897,0.005062483719828376,0.8250556682901332,4,3,r0_3,r0,3
65,A,0.10941879094524194,0.0024480198713839264,0.8881331891833728,4,3,r0_3,r0,3
65,C,0.1695485474727531,0.0044462630796654025,0.8260051894475802,4,3,r0_3,r0,3
66,A,0.10927272275703855,0.002136313283532528,0.8885909639594286,4,3,r0_3,r0,3
66,C,0.16925643802784981,0.0039043867935681102,0.8268391751785811,4,3,r0_3,r0,3
67,A,0.10914516286617063,0.0018645400923684777,0.8889902970414616,4,3,r0_3,r0,3
67,C,0.16900054149495028,0.0034282575545720173,0.827571200950477,4,3,r0_3,r0,3
68,A,0.10903366910014989,0.0016274143936475837,0.8893389165062027,4,3,r0_3,r0,3
68,C,0.16877620223505513,0.003009754338194368,0.8282140434267499,4,3,r0_3,r0,3
69,A,0.10893596358192165,0.0014199947292031076,0.8896440416888743,4,3,r0_3,r0,3
69,C,0.16857905318808628,0.0026411624541818127,0.8287797843577323,4,3,r0_3,r0,3
70,A,0.10885104551171278,0.0012401086887872989,0.8899088457995001,4,3,r0_3,r0,3
70,C,0.16840717147188664,0.0023190701981772614,0.8292737583299369,4,3,r0_3,r0,3
71,A,0.10877646649900514,0.0010824369408560736,0.8901410965601387,4,3,r0_3,r0,3
71,C,0.1682558301235709,0.0020350095802462885,0.8297091602961826,4,3,r0_3,r0,3
72,A,0.10871127410778243,9.449100500582935e-4,0.8903438158421587,4,3,r0_3,r0,3
72,C,0.16812317714194133,0.0017856225182825431,0.8300912003397755,4,3,r0_3,r0,3
73,A,0.1086542776761279,8.24940686373327e-4,0.8905207816374977,4,3,r0_3,r0,3
73,C,0.1680068956082336,0.0015667007761487547,0.8304264036156177,4,3,r0_3,r0,3
74,A,0.10860443909571689,7.202747416174964e-4,0.8906752861626666,4,3,r0_3,r0,3
74,C,0.1679049575473427,0.0013745407087132145,0.8307205017439445,4,3,r0_3,r0,3
75,A,0.10856090772453668,6.290661969312212e-4,0.8908100260785312,4,3,r0_3,r0,3
75,C,0.16781569560446877,0.0012060833633201905,0.8309782210322105,4,3,r0_3,r0,3
76,A,0.10852282694291752,5.494605122998288e-4,0.8909277125447831,4,3,r0_3,r0,3
76,C,0.16773742348901724,0.0010582210918057059,0.8312043554191758,4,3,r0_3,r0,3
77,A,0.10848951993371768,4.7999439939107617e-4,0.8910304856668916,4,3,r0_3,r0,3
77,C,0.1676688037415916,9.284793190168612e-4,0.8314027169393917,4,3,r0_3,r0,3
78,A,0.10846037895454659,4.1935617443157076e-4,0.8911202648710214,4,3,r0_3,r0,3
78,C,0.1676086315524071,8.146217791526216e-4,0.8315767466684393,4,3,r0_3,r0,3
79,A,0.10843487623559955,3.6640906801739184e-4,0.8911987146963836,4,3,r0_3,r0,3
79,C,0.1675558571507296,7.146944411285548e-4,0.8317294484081407,4,3,r0_3,r0,3
80,A,0.10841256384469733,3.2019076382796207e-4,0.8912672453914742,4,3,r0_3,r0,3
80,C,0.16750958615722686,6.270276012706644e-4,0.8318633862415019,4,3,r0_3,r0,3
81,A,0.10839304045294067,2.7984060084950866e-4,0.8913271189462096,4,3,r0_3,r0,3
81,C,0.16746901521870444,5.501186818294685e-4,0.8319808660994658,4,3,r0_3,r0,3
82,A,0.10837595295545802,2.446028930531013e-4,0.8913794441514884,4,3,r0_3,r0,3
82,C,0.16743343543242745,4.82639292705159e-4,0.832083925274868,4,3,r0_3,r0,3
83,A,0.10836099479390617,2.1382332460403436e-4,0.8914251818814897,4,3,r0_3,r0,3
83,C,0.16740222936487975,4.2343020318409366e-4,0.8321743404319376,4,3,r0_3,r0,3
84,A,0.1083478950358141,1.8692496132084193e-4,0.8914651800028647,4,3,r0_3,r0,3
84,C,0.16737484983921389,3.7146256353101604e-4,0.832253687597255,4,3,r0_3,r0,3
85,A,0.1083364193179128,1.6341013056124707e-4,0.8915001705515255,4,3,r0_3,r0,3
85,C,0.16735082202880447,3.2584218301099136e-4,0.8323233357881847,4,3,r0_3,r0,3
86,A,0.1083263706490673,1.428620305654524e-4,0.891530767320368,4,3,r0_3,r0,3
86,C,0.16732974522326258,2.858130675987585e-4,0.8323844417091376,4,3,r0_3,r0,3
87,A,0.10831757490202568,1.2491296778918405e-4,0.8915575121301854,4,3,r0_3,r0,3
87,C,0.16731126448102904,2.507049963067496e-4,0.8324380305226645,4,3,r0_3,r0,3
88,A,0.10830987537579699,1.0923255243763145e-4,0.8915808920717654,4,3,r0_3,r0,3
88,C,0.1672950599205305,2.1991368973684053e-4,0.8324850263897323,4,3,r0_3,r0,3
89,A,0.1083031336363066,9.552957116981899e-5,0.8916013367925244,4,3,r0_3,r0,3
89,C,0.16728084832588144,1.9290375966020396e-4,0.8325262479144577,4,3,r0_3,r0,3
90,A,0.10829722945203277,8.355183105364592e-5,0.8916192187169129,4,3,r0_3,r0,3
90,C,0.16726838301624455,1.6920845180090844e-4,0.8325624085319546,4,3,r0_3,r0,3
91,A,0.10829205856476515,7.308127160240047e-5,0.891634860163633,4,3,r0_3,r0,3
91,C,0.16725744948346755,1.4842154321390624e-4,0.8325941289733191,4,3,r0_3,r0,3
92,A,0.10828752994640312,6.392798490411353e-5,0.8916485420686924,4,3,r0_3,r0,3
92,C,0.16724786000020286,1.3018730830771197e-4,0.8326219526914903,4,3,r0_3,r0,3
93,A,0.10828356373828765,5.592574836758136e-5,0.8916605105133434,4,3,r0_3,r0,3
93,C,0.1672394495367545,1.1419288898630382e-4,0.8326463575742601,4,3,r0_3,r0,3
94,A,0.10828008989047025,4.892908991863303e-5,0.8916709810196113,4,3,r0_3,r0,3
94,C,0.1672320730375266,1.0016317840270306e-4,0.8326677637840695,4,3,r0_3,r0,3
95,A,0.10827704708383158,4.281097056737303e-5,0.8916801419456013,4,3,r0_3,r0,3
95,C,0.16722560325642466,8.785674515992195e-5,0.832686539998416,4,3,r0_3,r0,3
96,A,0.10827438169817127,3.746056863420904e-5,0.8916881577331961,4,3,r0_3,r0,3
96,C,0.16721992868920313,7.706194277615983e-5,0.8327030093680216,4,3,r0_3,r0,3
97,A,0.10827204682877126,3.2781169557239414e-5,0.8916951720016714,4,3,r0_3,r0,3
97,C,0.16721495160122005,6.759319852714492e-5,0.8327174552002525,4,3,r0_3,r0,3
98,A,0.10827000141595726,2.8688301288649933e-5,0.891701310282755,4,3,r0_3,r0,3
98,C,0.16721058627418342,5.9287709522080564e-5,0.8327301260162945,4,3,r0_3,r0,3
99,A,0.10826820950540554,2.5108156023873865e-5,0.8917066823385696,4,3,r0_3,r0,3
99,C,0.16720675750965522,5.200261741426199e-5,0.8327412398729317,4,3,r0_3,r0,3
100,A,0.10826663961365891,2.1976242927249386e-5,0.8917113841434139,4,3,r0_3,r0,3
100,C,0.16720339934194042,4.561257566418109e-5,0.8327509880823937,4,3,r0_3,r0,3
101,A,0.10826526417383536,1.9236214317572885e-5,0.8917154996118472,4,3,r0_3,r0,3
101,C,0.16720045391101857,4.000761798311666e-5,0.8327595384709986,4,3,r0_3,r0,3
102,A,0.1082640590608122,1.6838861023474924e-5,0.8917191020781652,4,3,r0_3,r0,3
102,C,0.16719787049376855,3.5091323095915345e-5,0.8327670381831365,4,3,r0_3,r0,3
103,A,0.10826300314831133,1.4741177664482972e-5,0.8917222556740237,4,3,r0_3,r0,3
103,C,0.1671956045994319,3.0779103807251414e-5,0.8327736162967608,4,3,r0_3,r0,3
104,A,0.10826207793416996,1.2905574715028222e-5,0.891725016491114,4,3,r0_3,r0,3
104,C,0.16719361720190562,2.699675226044995e-5,0.8327793860458317,4,3,r0_3,r0,3
105,A,0.10826126721403394,1.1299194358365403e-5,0.8917274335916076,4,3,r0_3,r0,3
105,C,0.16719187406944344,2.3679168981960774e-5,0.8327844467615743,4,3,r0_3,r0,3
106,A,0.10826055679647474,9.8933146423875e-6,0.8917295498888824,4,3,r0_3,r0,3
106,C,0.16719034517795622,2.0769249881895412e-5,0.832788885572162,4,3,r0_3,r0,3
107,A,0.10825993425285073,8.662827535231756e-6,0.8917314029196135,4,3,r0_3,r0,3
107,C,0.16718900419475405,1.8216906605907134e-5,0.8327927788986399,4,3,r0_3,r0,3
108,A,0.10825938869770983,7.585781868225204e-6,0.891733025520422,4,3,r0_3,r0,3
108,C,0.1671878280244184,1.597820456024977e-5,0.8327961937710205,4,3,r0_3,r0,3
109,A,0.10825891059650815,6.642984154749467e-6,0.8917344464193377,4,3,r0_3,r0,3
109,C,0.167186796410332,1.4014606345193534e-5,0.8327991889833225,4,3,r0_3,r0,3
110,A,0.10825849159750124,5.8176504492420765e-06,0.8917356907520496,4,3,r0_3,r0,3
110,C,0.16718589158554184,1.22923086487244e-5,0.8328018161058104,4,3,r0_3,r0,3
111,A,0.10825812438472586,5.0951026166217034e-6,0.8917367805126565,4,3,r0_3,r0,3
111,C,0.1671850979667919,1.0781660968313314e-5,0.832804120372239,4,3,r0_3,r0,3
112,A,0.1082578025493205,4.46250310543042e-6,0.8917377349475745,4,3,r0_3,r0,3
112,C,0.16718440188619482,9.456655718162663e-6,0.8328061414580872,4,3,r0_3,r0,3
113,A,0.10825752047683841,3.908623225034415e-6,0.8917385708999368,4,3,r0_3,r0,3
113,C,0.1671837913558147,8.294480806253703e-6,0.832807914163379,4,3,r0_3,r0,3
114,A,0.1082572732485766,3.4236406908758314e-6,0.8917393031107316,4,3,r0_3,r0,3
114,C,0.16718325586115626,7.275127066964107e-6,0.8328094690117763,4,3,r0_3,r0,3
115,A,0.10825705655518648,2.9989627620613665e-6,0.8917399444820511,4,3,r0_3,r0,3
115,C,0.1671827861800347,6.3810438983290335e-6,0.8328108327760663,4,3,r0_3,r0,3
116,A,0.10825686662104392,2.62707173495505e-6,0.8917405063072205,4,3,r0_3,r0,3
116,C,0.1671823742237299,5.596837215285745e-6,0.8328120289390551,4,3,r0_3,r0,3
117,A,0.10825670013803111,2.301389947186845e-6,0.8917409984720209,4,3,r0_3,r0,3
117,C,0.1671820128976727,4.909004513524546e-6,0.832813078097814,4,3,r0_3,r0,3
118,A,0.10825655420755054,2.016161807629625e-6,0.891741429630642,4,3,r0_3,r0,3
118,C,0.16718169597925597,4.305702473376562e-6,0.8328139983182695,4,3,r0_3,r0,3
119,A,0.1082564262897457,1.7663506914061228e-6,0.891741807359563,4,3,r0_3,r0,3
119,C,0.16718141801066272,3.776543104529444e-6,0.8328148054462332,4,3,r0_3,r0,3
120,A,0.10825631415903078,1.5475488189476893e-6,0.8917421382921503,4,3,r0_3,r0,3
120,C,0.1671811742048645,3.312414930281359e-6,0.8328155133802042,4,3,r0_3,r0,3
121,A,0.10825621586514221,1.3558984775773373e-6,0.8917424282363804,4,3,r0_3,r0,3
121,C,0.16718096036317814,2.9053261389550924e-6,0.8328161343106837,4,3,r0_3,r0,3
122,A,0.10825612969903012,1.1880231506820051e-6,0.8917426822778188,4,3,r0_3,r0,3
122,C,0.16718077280295282,2.548267002256805e-6,0.8328166789300471,4,3,r0_3,r0,3
123,A,0.10825605416297958,1.0409673052116923e-6,0.8917429048697149,4,3,r0_3,r0,3
123,C,0.167180608294148,2.23508920260341e-6,0.8328171566166506,4,3,r0_3,r0,3
124,A,0.10825598794444065,9.121437411608007e-7,0.891743099911818,4,3,r0_3,r0,3
124,C,0.16718046400370315,1.960399983523282e-6,0.8328175755963145,4,3,r0_3,r0,3
125,A,0.10825592989310584,7.992875498507866e-7,0.8917432708193446,4,3,r0_3,r0,3
125,C,0.1671803374467484,1.7194693049499475e-6,0.8328179430839462,4,3,r0_3,r0,3
126,A,0.10825587900082824,7.004158479794107e-7,0.8917434205833235,4,3,r0_3,r0,3
126,C,0.16718022644381098,1.5081484061158136e-6,0.8328182654077837,4,3,r0_3,r0,3
127,A,0.10825583438403061,6.137925599594053e-7,0.8917435518234085,4,3,r0_3,r0,3
127,C,0.1671801290832778,1.3227983749780565e-6,0.8328185481183478,4,3,r0_3,r0,3
128,A,0.10825579526829415,5.378976130134729e-7,0.8917436668340925,4,3,r0_3,r0,3
128,C,0.1671800436884786,1.1602274948029683e-6,0.8328187960840282,4,3,r0_3,r0,3
129,A,0.10825576097485635,4.713999898453449e-7,0.8917437676251526,4,3,r0_3,r0,3
129,C,0.16717996878880745,1.0176362894389393e-6,0.8328190135749021,4,3,r0_3,r0,3
130,A,0.10825573090878278,4.1313415390613845e-7,0.8917438559570638,4,3,r0_3,r0,3
130,C,0.16717990309440062,8.925693213505863e-7,0.8328192043362772,4,3,r0_3,r0,3
131,A,0.10825570454860121,3.6207942355216293e-7,0.8917439333719759,4,3,r0_3,r0,3
131,C,0.16717984547391876,7.828729127483437e-7,0.8328193716531688,4,3,r0_3,r0,3
132,A,0.10825568143722201,3.173419248647619e-7,0.8917440012208531,4,3,r0_3,r0,3
132,C,0.16717979493506585,6.866580620769992e-7,0.832819518406871,4,3,r0_3,r0,3
133,A,0.10825566117397974,2.781387995827593e-7,0.8917440606872202,4,3,r0_3,r0,3
133,C,0.16717975060750104,6.022679175100865e-7,0.8328196471245799,4,3,r0_3,r0,3
134,A,0.10825564340766197,2.4378438536310577e-7,0.8917441128079528,4,3,r0_3,r0,3
134,C,0.16717971172784993,5.282492475071013e-7,0.8328197600229027,4,3,r0_3,r0,3
135,A,0.10825562783039878,2.1367812119225526e-7,0.8917441584914798,4,3,r0_3,r0,3
135,C,0.1671796776265568,4.6332741728171427e-7,0.8328198590460247,4,3,r0_3,r0,3
136,A,0.10825561417230915,1.8729396187434955e-7,0.8917441985337287,4,3,r0_3,r0,3
136,C,0.1671796477163561,4.0638444037607646e-7,0.8328199458992035,4,3,r0_3,r0,3
137,A,0.10825560219680894,1.6417111269314313e-7,0.8917442336320777,4,3,r0_3,r0,3
137,C,0.16717962148215723,3.564397274693785e-7,0.8328200220781159,4,3,r0_3,r0,3
138,A,0.10825559169646068,1.4390584409514126e-7,0.8917442643976948,4,3,r0_3,r0,3
138,C,0.16717959847209202,3.126330427198503e-7,0.8328200888948653,4,3,r0_3,r0,3
139,A,0.10825558249005947,1.2614573614206446e-7,0.8917442913642037,4,3,r0_3,r0,3
139,C,0.16717957829123267,2.742125458748503e-7,0.8328201474962216,4,3,r0_3,r0,3
140,A,0.10825557441956796,1.1058364839676535e-7,0.8917443149967837,4,3,r0_3,r0,3
140,C,0.16717956059496447,2.4052217827225603e-7,0.8328201988828573,4,3,r0_3,r0,3
141,A,0.10825556734453125,9.69467724688795e-8,0.8917443357086954,4,3,r0_3,r0,3
141,C,0.167179545076889,2.1097863256942212e-7,0.8328202439444775,4,3,r0_3,r0,3
142,A,0.10825556113954195,8.499166967763812e-8,0.8917443538687907,4,3,r0_3,r0,3
142,C,0.1671795314633123,1.8506086055311658e-7,0.8328202834758279,4,3,r0_3,r0,3
143,A,0.10825555569014392,7.449633475280654e-8,0.8917443698135221,4,3,r0_3,r0,3
143,C,0.16717951950431037,1.6229306609548834e-7,0.8328203182026246,4,3,r0_3,r0,3
144,A,0.10825555089763268,6.52694241556157e-8,0.8917443838329426,4,3,r0_3,r0,3
144,C,0.1671795089842597,1.4226475149165306e-07,0.8328203487509899,4,3,r0_3,r0,3
145,A,0.10825554664116292,5.707722446215784e-8,0.8917443962816123,4,3,r0_3,r0,3
145,C,0.16717949963873324,1.2447250190155362e-7,0.8328203758887653,4,3,r0_3,r0,3
146,A,0.10825554318994886,5.043864086787746e-8,0.8917444063714104,4,3,r0_3,r0,3
146,C,0.16717949205821017,1.1004048114394476e-7,0.8328203979013094,4,3,r0_3,r0,3
147,A,0.10825554014006503,4.4573770683298374e-8,0.8917444152861657,4,3,r0_3,r0,3
147,C,0.16717948535781593,9.728406263512534e-8,0.8328204173581206,4,3,r0_3,r0,3
148,A,0.10825553744427695,3.939129885615702e-8,0.8917444231644233,4,3,r0_3,r0,3
148,C,0.16717947943416744,8.600642581104863e-8,0.8328204345594064,4,3,r0_3,r0,3
149,A,0.10825553506146036,3.481176288736305e-8,0.8917444301267763,4,3,r0_3,r0,3
149,C,0.16717947419722057,7.603614411534602e-8,0.8328204497666353,4,3,r0_3,r0,3
150,A,0.10825553295526863,3.076496224626982e-8,0.8917444362797688,4,3,r0_3,r0,3
150,C,0.16717946956736862,6.722166339815236e-8,0.8328204632109679,4,3,r0_3,r0,3
151,A,0.10825553109357787,2.718887756541791e-8,0.8917444417175456,4,3,r0_3,r0,3
151,C,0.16717946547423387,5.942899824446846e-8,0.8328204750967674,4,3,r0_3,r0,3
152,A,0.10825552944799594,2.4028716133523695e-8,0.8917444465232872,4,3,r0_3,r0,3
152,C,0.16717946185559796,5.253969534961236e-8,0.8328204856047071,4,3,r0_3,r0,3
153,A,0.10825552799342947,2.123606890329881e-8,0.8917444507705022,4,3,r0_3,r0,3
153,C,0.16717945865645348,4.644903298512678e-8,0.8328204948945124,4,3,r0_3,r0,3
154,A,0.10825552670769913,1.876816596459595e-8,0.8917444545241355,4,3,r0_3,r0,3
154,C,0.1671794558281717,4.1064429187238894e-8,0.8328205031074004,4,3,r0_3,r0,3
155,A,0.10825552557120253,1.6587218963417436e-8,0.8917444578415799,4,3,r0_3,r0,3
155,C,0.16717945332775944,3.6304034472443376e-8,0.8328205103682061,4,3,r0_3,r0,3
156,A,0.10825552456661305,1.4659840297547274e-8,0.891744460773546,4,3,r0_3,r0,3
156,C,0.16717945111720867,3.2095487689512953e-8,0.8328205167873038,4,3,r0_3,r0,3
157,A,0.10825552367861722,1.2956530111171945e-8,0.8917444633648528,4,3,r0_3,r0,3
157,C,0.16717944916291677,2.8374816096851284e-8,0.8328205224622666,4,3,r0_3,r0,3
158,A,0.10825552289367937,1.1451223162520138e-8,0.8917444656550967,4,3,r0_3,r0,3
158,C,0.16717944743517746,2.508546294628754e-8,0.83282052747936,4,3,r0_3,r0,3
159,A,0.10825552219983647,1.012088856675845e-8,0.8917444676792752,4,3,r0_3,r0,3
159,C,0.16717944590772724,2.2177427792478412e-8,0.832820531914846,4,3,r0_3,r0,3
160,A,0.10825552158651355,8.945176235653934e-9,0.8917444694683099,4,3,r0_3,r0,3
160,C,0.16717944455734693,1.960650646049348e-8,0.8328205358361453,4,3,r0_3,r0,3
161,A,0.10825552104436428,7.906104558677427e-9,0.8917444710495306,4,3,r0_3,r0,3
161,C,0.16717944336351043,1.7333619118952638e-8,0.8328205393028699,4,3,r0_3,r0,3
162,A,0.10825552056512745,6.987784508569605e-9,0.891744472447088,4,3,r0_3,r0,3
162,C,0.16717944230807022,1.532421624528136e-8,0.832820542367713,4,3,r0_3,r0,3
163,A,0.10825552014150075,6.17617591790236e-9,0.8917444736823232,4,3,r0_3,r0,3
163,C,0.16717944137498236,1.3547753453608918e-8,0.8328205450772637,4,3,r0_3,r0,3
164,A,0.10825551976703011,5.458872170629881e-9,0.8917444747740974,4,3,r0_3,r0,3
164,C,0.1671794405500631,1.1977227202548742e-8,0.8328205474727093,4,3,r0_3,r0,3
165,A,0.10825551943601036,4.8249099917992376e-9,0.8917444757390801,4,3,r0_3,r0,3
165,C,0.1671794398207731,1.0588764325477822e-8,0.8328205495904613,4,3,r0_3,r0,3
166,A,0.10825551914339866,4.2646014070981435e-9,0.8917444765920002,4,3,r0_3,r0,3
166,C,0.16717943917602643,9.36125915500127e-9,0.8328205514627146,4,3,r0_3,r0,3
167,A,0.1082555188847377,3.7693852820972325e-9,0.8917444773458779,4,3,r0_3,r0,3
167,C,0.16717943860602227,8.276052676460474e-9,0.8328205531179237,4,3,r0_3,r0,3
168,A,0.10825551865608764,3.3316961617474052e-9,0.8917444780122172,4,3,r0_3,r0,3
168,C,0.16717943810209632,7.316648911222981e-9,0.8328205545812541,4,3,r0_3,r0,3
169,A,0.1082555184539657,2.9448483903385074e-9,0.8917444786011863,4,3,r0_3,r0,3
169,C,0.1671794376565885,6.468464182061132e-9,0.8328205558749477,4,3,r0_3,r0,3
170,A,0.10825551827529367,2.6029337279649497e-9,0.8917444791217726,4,3,r0_3,r0,3
170,C,0.16717943726272572,5.71860542137132e-9,0.8328205570186689,4,3,r0_3,r0,3
171,A,0.10825551811735015,2.3007308918285533e-9,0.8917444795819187,4,3,r0_3,r0,3
171,C,0.1671794369145224,5.055674188041892e-9,0.832820558029803,4,3,r0_3,r0,3
172,A,0.1082555179777303,2.033625631598602e-9,0.8917444799886445,4,3,r0_3,r0,3
172,C,0.16717943660668458,4.4695934035115495e-9,0.8328205589237225,4,3,r0_3,r0,3
173,A,0.10825551785430802,1.7975401109309273e-9,0.8917444803481522,4,3,r0_3,r0,3
173,C,0.16717943633453308,3.951454173323662e-9,0.8328205597140137,4,3,r0_3,r0,3
174,A,0.10825551774520335,1.588870510545155e-9,0.8917444806659258,4,3,r0_3,r0,3
174,C,0.16717943609393063,3.4933803657878842e-9,0.8328205604126891,4,3,r0_3,r0,3
175,A,0.1082555176487556,1.4044318948097711e-9,0.8917444809468124,4,3,r0_3,r0,3
175,C,0.16717943588122017,3.0884088892752263e-9,0.8328205610303703,4,3,r0_3,r0,3
176,A,0.10825551756349605,1.2414094955490642e-9,0.8917444811950942,4,3,r0_3,r0,3
176,C,0.16717943569316876,2.730383848298014e-9,0.8328205615764469,4,3,r0_3,r0,3
177,A,0.10825551748812681,1.0973156654948233e-9,0.8917444814145576,4,3,r0_3,r0,3
177,C,0.16717943552691691,2.413862969489612e-9,0.8328205620592204,4,3,r0_3,r0,3
178,A,0.10825551742150016,9.699518409864262e-10,0.8917444816085481,4,3,r0_3,r0,3
178,C,0.16717943537993796,2.134034875106435e-9,0.8328205624860266,4,3,r0_3,r0,3
179,A,0.10825551736260212,8.573749305238165e-10,0.8917444817800223,4,3,r0_3,r0,3
179,C,0.1671794352499978,1.8866459465620242e-9,0.8328205628633574,4,3,r0_3,r0,3
180,A,0.10825551731053601,7.578676137897846e-10,0.8917444819315964,4,3,r0_3,r0,3
180,C,0.16717943513512104,1.6679356662760299e-9,0.8328205631969443,4,3,r0_3,r0,3
181,A,0.10825551726450908,6.699120958314133e-10,0.891744482065578,4,3,r0_3,r0,3
181,C,0.1671794350335611,1.4745794549954456e-9,0.832820563491859,4,3,r0_3,r0,3
182,A,0.10825551722382083,5.921669141537384e-10,0.8917444821840116,4,3,r0_3,r0,3
182,C,0.16717943494377502,1.303638135680423e-9,0.8328205637525878,4,3,r0_3,r0,3
183,A,0.10825551718785208,5.234464433507016e-10,0.8917444822887007,4,3,r0_3,r0,3
183,C,0.16717943486439707,1.1525132557741039e-9,0.8328205639830893,4,3,r0_3,r0,3
184,A,0.10825551715605491,4.627027833026445e-10,0.8917444823812407,4,3,r0_3,r0,3
184,C,0.16717943479422137,1.0189075887267533e-9,0.832820564186872,4,3,r0_3,r0,3
185,A,0.1082555171279463,4.0900975354472493e-10,0.8917444824630443,4,3,r0_3,r0,3
185,C,0.16717943473218058,9.007902143716656e-10,0.8328205643670286,4,3,r0_3,r0,3
186,A,0.10825551710309742,3.6154874840684463e-10,0.8917444825353535,4,3,r0_3,r0,3
186,C,0.16717943467733196,7.963656469197228e-10,0.8328205645263023,4,3,r0_3,r0,3
187,A,0.1082555170811305,3.195962377901043e-10,0.891744482599272,4,3,r0_3,r0,3
187,C,0.16717943462884194,7.04046543240917e-10,0.832820564667112,4,3,r0_3,r0,3
188,A,0.10825551706171178,2.8251272003384876e-10,0.8917444826557753,4,3,r0_3,r0,3
188,C,0.16717943458597284,6.224295735159182e-10,0.8328205647915979,4,3,r0_3,r0,3
189,A,0.10825551704454511,2.497329588707763e-10,0.8917444827057229,4,3,r0_3,r0,3
189,C,0.16717943454807363,5.502740889188306e-10,0.8328205649016523,4,3,r0_3,r0,3
190,A,0.10825551702936914,2.2075735589385282e-10,0.8917444827498745,4,3,r0_3,r0,3
190,C,0.1671794345145677,4.864832631676553e-10,0.832820564998948,4,3,r0_3,r0,3
191,A,0.1082555170159533,1.951443255324992e-10,0.8917444827889024,4,3,r0_3,r0,3
191,C,0.16717943448494624,4.300874198761553e-10,0.8328205650849669,4,3,r0_3,r0,3
192,A,0.10825551700409317,1.7250355621575906e-10,0.8917444828234029,4,3,r0_3,r0,3
192,C,0.1671794344587583,3.802292926821141e-10,0.8328205651610122,4,3,r0_3,r0,3
193,A,0.10825551699360876,1.5249005467216684e-10,0.8917444828539014,4,3,r0_3,r0,3
193,C,0.16717943443560643,3.361509940953002e-10,0.8328205652282423,4,3,r0_3,r0,3
194,A,0.10825551698434017,1.3479888230725823e-10,0.8917444828808606,4,3,r0_3,r0,3
194,C,0.16717943441513827,2.9718249498212116e-10,0.8328205652876776,4,3,r0_3,r0,3
195,A,0.10825551697614659,1.191605031944347e-10,0.8917444829046945,4,3,r0_3,r0,3
195,C,0.16717943439704328,2.627314395666448e-10,0.83282056534022475,4,3,r0_3,r0,3
196,A,0.10825551696890287,1.0533667257597523e-10,0.8917444829257597,4,3,r0_3,r0,3
196,C,0.1671794343810459,2.322741411284063e-10,0.8328205653866814,4,3,r0_3,r0,3
197,A,0.10825551696249941,9.311680304218935e-11,0.8917444829443834,4,3,r0_3,r0,3
197,C,0.16717943436690255,2.0534762152484965e-10,0.8328205654277492,4,3,r0_3,r0,3
198,A,0.1082555169568386,8.231475286501941e-11,0.8917444829608474,4,3,r0_3,r0,3
198,C,0.16717943435439903,1.815425735330967e-10,0.8328205654640569,4,3,r0_3,r0,3
199,A,0.10825551695183408,7.276598742004274e-11,0.8917444829753987,4,3,r0_3,r0,3
199,C,0.16717943434334526,1.6049713903324904e-10,0.8328205654961575,4,3,r0_3,r0,3
200,A,0.10825551694740977,6.432507033687134e-11,0.8917444829882637,4,3,r0_3,r0,3
200,C,0.16717943433357263,1.4189140845680375e-10,0.832820565524536,4,3,r0_3,r0,3
201,A,0.1082555169434988,5.686344605997816e-11,0.8917444829996367,4,3,r0_3,r0,3
201,C,0.167179434324933,1.254425578875207e-10,0.8328205655496231,4,3,r0_3,r0,3
202,A,0.10825551694004139,5.0267479957310615e-11,0.8917444830096913,4,3,r0_3,r0,3
202,C,0.16717943431729512,1.1090054989485266e-10,0.832820565571805,4,3,r0_3,r0,3
203,A,0.1082555169369848,4.4436726051016313e-11,0.891744483018579,4,3,r0_3,r0,3
203,C,0.16717943431054222,9.804433274920642e-11,0.832820565591414,4,3,r0_3,r0,3
204,A,0.10825551693428274,3.92823959235628e-11,0.8917444830264345,4,3,r0_3,r0,3
204,C,0.1671794343045725,8.667848024408746e-11,0.8328205656087492,4,3,r0_3,r0,3
205,A,0.10825551693189386,3.4726005426797066e-11,0.8917444830333807,4,3,r0_3,r0,3
205,C,0.1671794342992945,7.663022104771765e-11,0.8328205656240744,4,3,r0_3,r0,3
206,A,0.10825551692978218,3.0698178575875895e-11,0.8917444830395201,4,3,r0_3,r0,3
206,C,0.16717943429462903,6.774681242571496e-11,0.8328205656376247,4,3,r0_3,r0,3
207,A,0.10825551692791523,2.713759020320155e-11,0.891744483044949,4,3,r0_3,r0,3
207,C,0.16717943429050375,5.989321842313409e-11,0.8328205656496039,4,3,r0_3,r0,3
208,A,0.10825551692626456,2.399003150791538e-11,0.8917444830497454,4,3,r0_3,r0,3
208,C,0.16717943428685667,5.295005719657414e-11,0.8328205656601922,4,3,r0_3,r0,3
209,A,0.10825551692480553,2.1207584113621495e-11,0.8917444830539863,4,3,r0_3,r0,3
209,C,0.1671794342836326,4.681178630179008e-11,0.8328205656695552,4,3,r0_3,r0,3
210,A,0.10825551692351577,1.8747889937090336e-11,0.8917444830577366,4,3,r0_3,r0,3
210,C,0.16717943428078236,4.1385098357212105e-11,0.8328205656778332,4,3,r0_3,r0,3
211,A,0.10825551692237548,1.6573505854540104e-11,0.8917444830610511,4,3,r0_3,r0,3
211,C,0.16717943427826246,3.6587502688799415e-11,0.8328205656851501,4,3,r0_3,r0,3
212,A,0.10825551692136742,1.4651333285184145e-11,0.8917444830639818,4,3,r0_3,r0,3
212,C,0.16717943427603452,3.234607139823243e-11,0.8328205656916196,4,3,r0_3,r0,3
213,A,0.10825551692047612,1.2952113992140726e-11,0.8917444830665711,4,3,r0_3,r0,3
213,C,0.16717943427406493,2.859633079362356e-11,0.832820565697338,4,3,r0_3,r0,3
214,A,0.1082555169196882,1.1449984411475304e-11,0.8917444830688609,4,3,r0_3,r0,3
214,C,0.1671794342723239,2.528128133155835e-11,0.8328205657023946,4,3,r0_3,r0,3
215,A,0.10825551691899177,1.0122081713355187e-11,0.8917444830708862,4,3,r0_3,r0,3
215,C,0.1671794342707847,2.2350531172751496e-11,0.8328205657068649,4,3,r0_3,r0,3
216,A,0.10825551691837616,8.948195588700882e-12,0.891744483072676,4,3,r0_3,r0,3
216,C,0.16717943426942375,1.9759530180624766e-11,0.8328205657108173,4,3,r0_3,r0,3
217,A,0.10825551691783154,7.910460452388516e-12,0.8917444830742577,4,3,r0_3,r0,3
217,C,0.16717943426822043,1.7468892718929136e-11,0.8328205657143098,4,3,r0_3,r0,3
218,A,0.1082555169173504,6.993083370658594e-12,0.8917444830756573,4,3,r0_3,r0,3
218,C,0.16717943426715698,1.544379895435102e-11,0.8328205657174,4,3,r0_3,r0,3
219,A,0.10825551691692499,6.182103565344489e-12,0.8917444830768924,4,3,r0_3,r0,3
219,C,0.16717943426621665,1.3653465563384524e-11,0.8328205657201299,4,3,r0_3,r0,3
220,A,0.10825551691654897,5.465179829176015e-12,0.8917444830779857,4,3,r0_3,r0,3
220,C,0.16717943426538506,1.2070677797755281e-11,0.8328205657225433,4,3,r0_3,r0,3
221,A,0.10825551691621643,4.831402612099948e-12,0.891744483078953,4,3,r0_3,r0,3
221,C,0.16717943426465037,1.067137579538175e-11,0.8328205657246779,4,3,r0_3,r0,3
222,A,0.10825551691592239,4.271127914795173e-12,0.8917444830798071,4,3,r0_3,r0,3
222,C,0.16717943426400073,9.434288848438815e-12,0.8328205657265665,4,3,r0_3,r0,3
223,A,0.10825551691566267,3.775830458090076e-12,0.8917444830805626,4,3,r0_3,r0,3
223,C,0.16717943426342619,8.340612069077142e-12,0.8328205657282334,4,3,r0_3,r0,3
224,A,0.10825551691543293,3.3379738908960195e-12,0.8917444830812302,4,3,r0_3,r0,3
224,C,0.1671794342629182,7.373720537832283e-12,0.8328205657297086,4,3,r0_3,r0,3
225,A,0.10825551691522967,2.950896059038913e-12,0.8917444830818193,4,3,r0_3,r0,3
225,C,0.1671794342624693,6.518916589526193e-12,0.832820565731012,4,3,r0_3,r0,3
226,A,0.10825551691505016,2.608707586257464e-12,0.8917444830823417,4,3,r0_3,r0,3
226,C,0.16717943426207196,5.763206396331533e-12,0.8328205657321642,4,3,r0_3,r0,3
227,A,0.10825551691489128,2.3062022255046626e-12,0.8917444830828019,4,3,r0_3,r0,3
227,C,0.16717943426172166,5.095102446689697e-12,0.8328205657331841,4,3,r0_3,r0,3
228,A,0.1082555169147511,2.03877760970384e-12,0.8917444830832105,4,3,r0_3,r0,3
228,C,0.16717943426141116,4.504448925754607e-12,0.8328205657340843,4,3,r0_3,r0,3
229,A,0.10825551691462698,1.8023651972620168e-12,0.8917444830835698,4,3,r0_3,r0,3
229,C,0.1671794342611369,3.982267339125275e-12,0.8328205657348812,4,3,r0_3,r0,3
230,A,0.10825551691451717,1.5933683470940573e-12,0.8917444830838892,4,3,r0_3,r0,3
230,C,0.16717943426089443,3.520620030277701e-12,0.8328205657355852,4,3,r0_3,r0,3
231,A,0.10825551691442034,1.4086075775869959e-12,0.8917444830841708,4,3,r0_3,r0,3
231,C,0.1671794342606799,3.1124895207885714e-12,0.832820565736209,4,3,r0_3,r0,3
232,A,0.10825551691433465,1.2452721764983105e-12,0.8917444830844202,4,3,r0_3,r0,3
232,C,0.16717943426049037,2.7516718381125866e-12,0.8328205657367574,4,3,r0_3,r0,3
233,A,0.10825551691425896,1.1008774248385855e-12,0.8917444830846409,4,3,r0_3,r0,3
233,C,0.16717943426032314,2.4326822093992e-12,0.83282056573724506,4,3,r0_3,r0,3
234,A,0.10825551691419187,9.732267833212704e-13,0.8917444830848344,4,3,r0_3,r0,3
234,C,0.16717943426017473,2.150671687809055e-12,0.8328205657376747,4,3,r0_3,r0,3
235,A,0.10825551691413286,8.603784655648819e-13,0.891744483085009,4,3,r0_3,r0,3
235,C,0.1671794342600438,1.901353443974339e-12,0.832820565738055,4,3,r0_3,r0,3
236,A,0.10825551691408038,7.606158890590096e-13,0.8917444830851603,4,3,r0_3,r0,3
236,C,0.16717943425992798,1.6809376021659374e-12,0.8328205657383907,4,3,r0_3,r0,3
237,A,0.10825551691403396,6.724215539742776e-13,0.8917444830852947,4,3,r0_3,r0,3
237,C,0.16717943425982576,1.486073630617603e-12,0.8328205657386876,4,3,r0_3,r0,3
238,A,0.10825551691399304,5.94453952108378e-13,0.8917444830854129,4,3,r0_3,r0,3
238,C,0.16717943425973528,1.3137994102871919e-12,0.832820565738951,4,3,r0_3,r0,3
239,A,0.10825551691395686,5.255271544119983e-13,0.8917444830855179,4,3,r0_3,r0,3
239,C,0.16717943425965523,1.1614962078534483e-12,0.8328205657391841,4,3,r0_3,r0,3
240,A,0.10825551691392504,4.645927663332186e-13,0.8917444830856114,4,3,r0_3,r0,3
240,C,0.16717943425958454,1.0268488684963734e-12,0.8328205657393891,4,3,r0_3,r0,3
241,A,0.10825551691389657,4.1072397627887047e-13,0.8917444830856925,4,3,r0_3,r0,3
241,C,0.1671794342595219,9.078106233547598e-13,0.8328205657395696,4,3,r0_3,r0,3
242,A,0.10825551691387164,3.631014543661002e-13,0.8917444830857656,4,3,r0_3,r0,3
242,C,0.16717943425946702,8.025719767016913e-13,0.8328205657397307,4,3,r0_3,r0,3
243,A,0.10825551691384959,3.210008868127822e-13,0.8917444830858297,4,3,r0_3,r0,3
243,C,0.16717943425941792,7.095331998943157e-13,0.8328205657398732,4,3,r0_3,r0,3
244,A,0.10825551691383006,2.83781956221029e-13,0.8917444830858869,4,3,r0_3,r0,3
244,C,0.16717943425937476,6.272800139803588e-13,0.8328205657399991,4,3,r0_3,r0,3
245,A,0.10825551691381277,2.508786000232258e-13,0.891744483085938,4,3,r0_3,r0,3
245,C,0.1671794342593366,5.545620913144277e-13,0.83282056574011,4,3,r0_3,r0,3
246,A,0.10825551691379744,2.2179039876520161e-13,0.8917444830859811,4,3,r0_3,r0,3
246,C,0.16717943425930262,4.902740492963879e-13,0.8328205657402068,4,3,r0_3,r0,3
247,A,0.10825551691378386,1.9607496340762618e-13,0.8917444830860193,4,3,r0_3,r0,3
247,C,0.1671794342592728,4.3343864773425355e-13,0.8328205657402953,4,3,r0_3,r0,3
248,A,0.10825551691377208,1.7334120539026928e-13,0.891744483086055,4,3,r0_3,r0,3
248,C,0.16717943425924645,3.8319193376030046e-13,0.8328205657403708,4,3,r0_3,r0,3
249,A,0.10825551691376148,1.5324338722633203e-13,0.8917444830860857,4,3,r0_3,r0,3
249,C,0.16717943425922308,3.3877010879877085e-13,0.8328205657404384,4,3,r0_3,r0,3
250,A,0.10825551691375211,1.3547586322869627e-13,0.8917444830861136,4,3,r0_3,r0,3
250,C,0.16717943425920248,2.99497918186252e-13,0.832820565740498,4,3,r0_3,r0,3
251,A,0.10825551691374385,1.197684301517998e-13,0.8917444830861367,4,3,r0_3,r0,3
251,C,0.16717943425918433,2.647783866553239e-13,0.8328205657405509,4,3,r0_3,r0,3
252,A,0.1082555169137367,1.0588221705233677e-13,0.8917444830861582,4,3,r0_3,r0,3
252,C,0.16717943425916804,2.340837437393406e-13,0.8328205657405976,4,3,r0_3,r0,3
253,A,0.10825551691373024,9.360605182570086e-14,0.8917444830861767,4,3,r0_3,r0,3
253,C,0.16717943425915402,2.069474011559521e-13,0.8328205657406401,4,3,r0_3,r0,3
254,A,0.10825551691372438,8.275324913021389e-14,0.8917444830861925,4,3,r0_3,r0,3
254,C,0.16717943425914142,1.829568602180291e-13,0.8328205657406768,4,3,r0_3,r0,3
255,A,0.10825551691371936,7.315877082457988e-14,0.8917444830862076,4,3,r0_3,r0,3
255,C,0.16717943425913032,1.6174744145795957e-13,0.8328205657407087,4,3,r0_3,r0,3
256,A,0.10825551691371484,6.467671571333738e-14,0.8917444830862206,4,3,r0_3,r0,3
256,C,0.1671794342591203,1.429967411496585e-13,0.8328205657407375,4,3,r0_3,r0,3
257,A,0.10825551691371095,5.717810040670906e-14,0.8917444830862319,4,3,r0_3,r0,3
257,C,0.1671794342591116,1.2641973046219887e-13,0.8328205657407622,4,3,r0_3,r0,3
258,A,0.10825551691370754,5.0548897531452215e-14,0.891744483086243,4,3,r0_3,r0,3
258,C,0.16717943425910398,1.1176442274754403e-13,0.8328205657407849,4,3,r0_3,r0,3
259,A,0.10825551691370451,4.4688301445595744e-14,0.8917444830862522,4,3,r0_3,r0,3
259,C,0.16717943425909712,9.880804310105468e-14,0.8328205657408048,4,3,r0_3,r0,3
260,A,0.10825551691370165,3.9507195071905555e-14,0.8917444830862592,4,3,r0_3,r0,3
260,C,0.16717943425909104,8.735364196844613e-14,0.8328205657408216,4,3,r0_3,r0,3
261,A,0.10825551691369925,3.4926794525277775e-14,0.891744483086266,4,3,r0_3,r0,3
261,C,0.1671794342590857,7.72271013228066e-14,0.8328205657408372,4,3,r0_3,r0,3
262,A,0.10825551691369723,3.087745091461814e-14,0.8917444830862721,4,3,r0_3,r0,3
262,C,0.16717943425908108,6.827448790271691e-14,0.8328205657408511,4,3,r0_3,r0,3
263,A,0.10825551691369546,2.729759109129561e-14,0.8917444830862794,4,3,r0_3,r0,3
263,C,0.16717943425907708,6.035971327816988e-14,0.8328205657408636,4,3,r0_3,r0,3
264,A,0.10825551691369383,2.4132781230382752e-14,0.8917444830862831,4,3,r0_3,r0,3
264,C,0.16717943425907322,5.3362465175060185e-14,0.8328205657408736,4,3,r0_3,r0,3
265,A,0.10825551691369223,2.1334898999788315e-14,0.8917444830862867,4,3,r0_3,r0,3
265,C,0.16717943425907006,4.7176378612403547e-14,0.832820565740884,4,3,r0_3,r0,3
266,A,0.10825551691369087,1.886140172967932e-14,0.8917444830862897,4,3,r0_3,r0,3
266,C,0.1671794342590671,4.170741905921307e-14,0.8328205657408914,4,3,r0_3,r0,3
267,A,0.10825551691368976,1.667467942666744e-14,0.8917444830862937,4,3,r0_3,r0,3
267,C,0.1671794342590645,3.687245300013356e-14,0.8328205657408984,4,3,r0_3,r0,3
268,A,0.10825551691368866,1.4741482828169308e-14,0.8917444830862961,4,3,r0_3,r0,3
268,C,0.16717943425906226,3.25979842338172e-14,0.8328205657409052,4,3,r0_3,r0,3
269,A,0.10825551691368776,1.3032417779738225e-14,0.891744483086299,4,3,r0_3,r0,3
269,C,0.1671794342590603,2.881903666950087e-14,0.8328205657409108,4,3,r0_3,r0,3
270,A,0.10825551691368702,1.1521498231340028e-14,0.8917444830863014,4,3,r0_3,r0,3
270,C,0.16717943425905865,2.5478166620357784e-14,0.8328205657409161,4,3,r0_3,r0,3
271,A,0.10825551691368641,1.0185751070409856e-14,0.8917444830863042,4,3,r0_3,r0,3
271,C,0.16717943425905707,2.2524589603793845e-14,0.8328205657409202,4,3,r0_3,r0,3
272,A,0.10825551691368576,9.00486677622848e-15,0.8917444830863062,4,3,r0_3,r0,3
272,C,0.16717943425905574,1.9913408368076657e-14,0.8328205657409243,4,3,r0_3,r0,3
273,A,0.10825551691368505,7.960890582150805e-15,0.8917444830863073,4,3,r0_3,r0,3
273,C,0.16717943425905446,1.7604930410559788e-14,0.8328205657409277,4,3,r0_3,r0,3
274,A,0.10825551691368464,7.03794944841125e-15,0.8917444830863093,4,3,r0_3,r0,3
274,C,0.16717943425905346,1.5564064613124158e-14,0.8328205657409316,4,3,r0_3,r0,3
275,A,0.10825551691368421,6.2220106929607024e-15,0.8917444830863097,4,3,r0_3,r0,3
275,C,0.1671794342590524,1.3759787823113277e-14,0.832820565740934,4,3,r0_3,r0,3
276,A,0.10825551691368385,5.5006686093431255e-15,0.8917444830863109,4,3,r0_3,r0,3
276,C,0.16717943425905157,1.2164673271280343e-14,0.8328205657409367,4,3,r0_3,r0,3
277,A,0.1082555169136835,4.862955826324988e-15,0.8917444830863117,4,3,r0_3,r0,3
277,C,0.1671794342590509,1.0754473658244265e-14,0.8328205657409389,4,3,r0_3,r0,3
278,A,0.10825551691368329,4.299176540326223e-15,0.8917444830863129,4,3,r0_3,r0,3
278,C,0.16717943425905032,9.507752571967797e-15,0.8328205657409411,4,3,r0_3,r0,3
279,A,0.108255516913683,3.800759084391811e-15,0.8917444830863137,4,3,r0_3,r0,3
279,C,0.16717943425904963,8.405558633447221e-15,0.832820565740942,4,3,r0_3,r0,3
280,A,0.10825551691368271,3.3601255915517064e-15,0.8917444830863142,4,3,r0_3,r0,3
280,C,0.167179434259049,7.431137417313703e-15,0.8328205657409434,4,3,r0_3,r0,3
281,A,0.10825551691368247,2.970576770417594e-15,0.8917444830863147,4,3,r0_3,r0,3
281,C,0.16717943425904852,6.569676768261015e-15,0.8328205657409449,4,3,r0_3,r0,3
282,A,0.10825551691368229,2.6261900407141205e-15,0.8917444830863148,4,3,r0_3,r0,3
282,C,0.16717943425904808,5.808081641863277e-15,0.8328205657409454,4,3,r0_3,r0,3
283,A,0.10825551691368213,2.3217294796365135e-15,0.8917444830863153,4,3,r0_3,r0,3
283,C,0.16717943425904783,5.134775047145426e-15,0.8328205657409465,4,3,r0_3,r0,3
284,A,0.10825551691368203,2.0525662095570866e-15,0.8917444830863156,4,3,r0_3,r0,3
284,C,0.16717943425904747,4.539522065040623e-15,0.8328205657409478,4,3,r0_3,r0,3
285,A,0.10825551691368195,1.8146080164031533e-15,0.8917444830863163,4,3,r0_3,r0,3
285,C,0.1671794342590473,4.013274267644988e-15,0.8328205657409485,4,3,r0_3,r0,3
286,A,0.10825551691368182,1.6042371276424905e-15,0.8917444830863169,4,3,r0_3,r0,3
286,C,0.16717943425904705,3.5480321710111637e-15,0.8328205657409494,4,3,r0_3,r0,3
287,A,0.10825551691368172,1.4182552071367597e-15,0.8917444830863175,4,3,r0_3,r0,3
287,C,0.1671794342590469,3.136723640889038e-15,0.8328205657409499,4,3,r0_3,r0,3
288,A,0.10825551691368163,1.2538347249865366e-15,0.8917444830863174,4,3,r0_3,r0,3
288,C,0.1671794342590467,2.7730963868846347e-15,0.8328205657409504,4,3,r0_3,r0,3
289,A,0.10825551691368156,1.10847596540983e-15,0.8917444830863179,4,3,r0_3,r0,3
289,C,0.1671794342590463,2.451622918469304e-15,0.8328205657409499,4,3,r0_3,r0,3
290,A,0.10825551691368145,9.799690208701102e-16,0.8917444830863179,4,3,r0_3,r0,3
290,C,0.16717943425904627,2.1674165238978535e-15,0.8328205657409509,4,3,r0_3,r0,3
291,A,0.10825551691368138,8.66360192048845e-16,0.8917444830863178,4,3,r0_3,r0,3
291,C,0.16717943425904605,1.9161569874171666e-15,0.8328205657409511,4,3,r0_3,r0,3
292,A,0.10825551691368134,7.659222834619655e-16,0.8917444830863178,4,3,r0_3,r0,3
292,C,0.16717943425904608,1.694024917766091e-15,0.8328205657409522,4,3,r0_3,r0,3
293,A,0.10825551691368131,6.771283430390795e-16,0.891744483086318,4,3,r0_3,r0,3
293,C,0.1671794342590459,1.4976436896958272e-15,0.8328205657409524,4,3,r0_3,r0,3
294,A,0.10825551691368132,5.986284463564919e-16,0.8917444830863186,4,3,r0_3,r0,3
294,C,0.16717943425904588,1.3240281159655712e-15,0.8328205657409523,4,3,r0_3,r0,3
295,A,0.10825551691368125,5.292291725144416e-16,0.8917444830863186,4,3,r0_3,r0,3
295,C,0.16717943425904572,1.1705390695777408e-15,0.8328205657409529,4,3,r0_3,r0,3
296,A,0.10825551691368111,4.6787545957976e-16,0.8917444830863185,4,3,r0_3,r0,3
296,C,0.16717943425904572,1.0348433664666224e-15,0.8328205657409531,4,3,r0_3,r0,3
297,A,0.10825551691368106,4.1363456369989786e-16,0.8917444830863185,4,3,r0_3,r0,3
297,C,0.16717943425904558,9.148782988182437e-16,0.8328205657409531,4,3,r0_3,r0,3
298,A,0.10825551691368102,3.6568187798332336e-16,0.8917444830863189,4,3,r0_3,r0,3
298,C,0.16717943425904552,8.088202798933818e-16,0.8328205657409531,4,3,r0_3,r0,3
299,A,0.10825551691368102,3.2328839552113844e-16,0.8917444830863189,4,3,r0_3,r0,3
299,C,0.1671794342590455,7.150571237244764e-16,0.8328205657409536,4,3,r0_3,r0,3
300,A,0.10825551691368099,2.858096259255646e-16,0.891744483086319,4,3,r0_3,r0,3
300,C,0.16717943425904547,6.321635383108076e-16,0.8328205657409538,4,3,r0_3,r0,3
301,A,0.108255516913681,2.5267579686290263e-16,0.8917444830863189,4,3,r0_3,r0,3
301,C,0.1671794342590454,5.588794597846277e-16,0.8328205657409536,4,3,r0_3,r0,3
302,A,0.10825551691368103,2.2338319159781283e-16,0.8917444830863193,4,3,r0_3,r0,3
302,C,0.16717943425904536,4.9409089820642035e-16,0.8328205657409536,4,3,r0_3,r0,3
303,A,0.108255516913681,1.9748649083947057e-16,0.8917444830863193,4,3,r0_3,r0,3
303,C,0.16717943425904533,4.368130038267039e-16,0.8328205657409536,4,3,r0_3,r0,3
304,A,0.10825551691368097,1.745920024509802e-16,0.891744483086319,4,3,r0_3,r0,3
304,C,0.16717943425904522,3.8617509640502965e-16,0.8328205657409535,4,3,r0_3,r0,3
305,A,0.10825551691368096,1.5435167608368584e-16,0.8917444830863193,4,3,r0_3,r0,3
305,C,0.16717943425904525,3.4140743001719143e-16,0.832820565740954,4,3,r0_3,r0,3
306,A,0.1082555169136809,1.3645781179546409e-16,0.891744483086319,4,3,r0_3,r0,3
306,C,0.16717943425904525,3.0182949231675403e-16,0.832820565740954,4,3,r0_3,r0,3
307,A,0.1082555169136809,1.20638381920767e-16,0.8917444830863194,4,3,r0_3,r0,3
307,C,0.16717943425904527,2.668396596962859e-16,0.8328205657409542,4,3,r0_3,r0,3
308,A,0.10825551691368089,1.0665289550735886e-16,0.8917444830863194,4,3,r0_3,r0,3
308,C,0.16717943425904522,2.3590605218651106e-16,0.8328205657409543,4,3,r0_3,r0,3
309,A,0.10825551691368086,9.428874223536488e-17,0.8917444830863193,4,3,r0_3,r0,3
309,C,0.16717943425904522,2.0855844856670251e-16,0.8328205657409543,4,3,r0_3,r0,3
310,A,0.10825551691368086,8.335796007213774e-17,0.8917444830863192,4,3,r0_3,r0,3
310,C,0.16717943425904522,1.8438113839520775e-16,0.8328205657409545,4,3,r0_3,r0,3
311,A,0.10825551691368086,7.369437772091708e-17,0.8917444830863192,4,3,r0_3,r0,3
311,C,0.1671794342590452,1.6300660280305206e-16,0.8328205657409543,4,3,r0_3,r0,3
312,A,0.10825551691368089,6.515108835871089e-17,0.8917444830863194,4,3,r0_3,r0,3
312,C,0.1671794342590451,1.441099278466576e-16,0.8328205657409545,4,3,r0_3,r0,3
313,A,0.10825551691368089,5.759821625485192e-17,0.8917444830863193,4,3,r0_3,r0,3
313,C,0.16717943425904508,1.274038654971706e-16,0.8328205657409544,4,3,r0_3,r0,3
314,A,0.10825551691368089,5.092094231473384e-17,0.8917444830863193,4,3,r0_3,r0,3
314,C,0.16717943425904508,1.1263446718860382e-16,0.8328205657409542,4,3,r0_3,r0,3
315,A,0.10825551691368089,4.5017758529980283e-17,0.8917444830863193,4,3,r0_3,r0,3
315,C,0.16717943425904508,9.957722355045209e-17,0.8328205657409544,4,3,r0_3,r0,3
316,A,0.10825551691368088,3.979892479662264e-17,0.8917444830863193,4,3,r0_3,r0,3
316,C,0.1671794342590451,8.803365164493608e-17,0.8328205657409545,4,3,r0_3,r0,3
317,A,0.10825551691368088,3.5185104639668595e-17,0.8917444830863193,4,3,r0_3,r0,3
317,C,0.1671794342590451,7.782827783154249e-17,0.8328205657409543,4,3,r0_3,r0,3
318,A,0.10825551691368088,3.110615910252665e-17,0.8917444830863193,4,3,r0_3,r0,3
318,C,0.1671794342590451,6.880597039544285e-17,0.8328205657409543,4,3,r0_3,r0,3
319,A,0.10825551691368088,2.7500080464466545e-17,0.8917444830863193,4,3,r0_3,r0,3
319,C,0.1671794342590451,6.082958139313314e-17,0.8328205657409543,4,3,r0_3,r0,3
320,A,0.10825551691368088,2.431204957520704e-17,0.8917444830863193,4,3,r0_3,r0,3
320,C,0.1671794342590451,5.377786186903735e-17,0.8328205657409543,4,3,r0_3,r0,3
321,A,0.10825551691368088,2.1493602475162145e-17,0.8917444830863193,4,3,r0_3,r0,3
321,C,0.16717943425904513,4.7543618752323097e-17,0.8328205657409545,4,3,r0_3,r0,3
322,A,0.10825551691368088,1.9001893631409815e-17,0.8917444830863193,4,3,r0_3,r0,3
322,C,0.16717943425904513,4.2032085416957173e-17,0.8328205657409545,4,3,r0_3,r0,3
323,A,0.10825551691368088,1.679904458835076e-17,0.8917444830863193,4,3,r0_3,r0,3
323,C,0.16717943425904513,3.7159481135914274e-17,0.8328205657409545,4,3,r0_3,r0,3
324,A,0.10825551691368088,1.4851568130621415e-17,0.8917444830863193,4,3,r0_3,r0,3
324,C,0.16717943425904513,3.2851737531833097e-17,0.8328205657409545,4,3,r0_3,r0,3
325,A,0.10825551691368088,1.3129859203869451e-17,0.8917444830863193,4,3,r0_3,r0,3
325,C,0.16717943425904513,2.904337266491901e-17,0.8328205657409545,4,3,r0_3,r0,3
326,A,0.10825551691368088,1.1607744853904393e-17,0.8917444830863193,4,3,r0_3,r0,3
326,C,0.16717943425904513,2.5676495652145352e-17,0.8328205657409545,4,3,r0_3,r0,3
327,A,0.10825551691368088,1.0262086342278116e-17,0.8917444830863193,4,3,r0_3,r0,3
327,C,0.16717943425904513,2.269992664644248e-17,0.8328205657409545,4,3,r0_3,r0,3
328,A,0.10825551691368088,9.072427388837232e-18,0.8917444830863193,4,3,r0_3,r0,3
328,C,0.16717943425904513,2.0068418862575517e-17,0.8328205657409545,4,3,r0_3,r0,3
329,A,0.10825551691368088,8.020683194004313e-18,0.8917444830863193,4,3,r0_3,r0,3
329,C,0.16717943425904513,1.774197079369934e-17,0.8328205657409545,4,3,r0_3,r0,3
330,A,0.10825551691368088,7.090865513204486e-18,0.8917444830863193,4,3,r0_3,r0,3
330,C,0.16717943425904513,1.5685218140590354e-17,0.8328205657409545,4,3,r0_3,r0,3
331,A,0.10825551691368088,6.268839603555007e-18,0.8917444830863193,4,3,r0_3,r0,3
331,C,0.16717943425904513,1.386689623954336e-17,0.8328205657409545,4,3,r0_3,r0,3
332,A,0.10825551691368088,5.542109347904342e-18,0.8917444830863193,4,3,r0_3,r0,3
332,C,0.16717943425904513,1.2259364808754856e-17,0.8328205657409545,4,3,r0_3,r0,3
333,A,0.10825551691368088,4.899627289569447e-18,0.8917444830863193,4,3,r0_3,r0,3
333,C,0.16717943425904513,1.08381877888711e-17,0.8328205657409545,4,3,r0_3,r0,3
334,A,0.10825551691368088,4.331626689833102e-18,0.8917444830863193,4,3,r0_3,r0,3
334,C,0.16717943425904513,9.581761890865389e-18,0.8328205657409545,4,3,r0_3,r0,3
335,A,0.10825551691368088,3.8294730550699164e-18,0.8917444830863193,4,3,r0_3,r0,3
335,C,0.16717943425904513,8.470988204807309e-18,0.8328205657409545,4,3,r0_3,r0,3
336,A,0.10825551691368088,3.385532876361663e-18,0.8917444830863193,4,3,r0_3,r0,3
336,C,0.16717943425904513,7.488981877654837e-18,0.8328205657409545,4,3,r0_3,r0,3
337,A,0.10825551691368088,2.993057586137898e-18,0.8917444830863193,4,3,r0_3,r0,3
337,C,0.16717943425904513,6.6208154468868646e-18,0.8328205657409545,4,3,r0_3,r0,3
338,A,0.10825551691368088,2.6460809677170278e-18,0.8917444830863193,4,3,r0_3,r0,3
338,C,0.16717943425904513,5.8532919283950235e-18,0.8328205657409545,4,3,r0_3,r0,3
339,A,0.10825551691368088,2.339328458141561e-18,0.8917444830863193,4,3,r0_3,r0,3
339,C,0.16717943425904513,5.17474420934819e-18,0.8328205657409545,4,3,r0_3,r0,3
340,A,0.10825551691368088,2.068136965509454e-18,0.8917444830863193,4,3,r0_3,r0,3
340,C,0.16717943425904513,4.5748576966040495e-18,0.8328205657409545,4,3,r0_3,r0,3
341,A,0.10825551691368088,1.8283839818502307e-18,0.8917444830863193,4,3,r0_3,r0,3
341,C,0.16717943425904513,4.044513524749295e-18,0.8328205657409545,4,3,r0_3,r0,3
342,A,0.10825551691368088,1.6164249139091597e-18,0.8917444830863193,4,3,r0_3,r0,3
342,C,0.16717943425904513,3.57564994037681e-18,0.8328205657409545,4,3,r0_3,r0,3
343,A,0.10825551691368088,1.4290376791351546e-18,0.8917444830863193,4,3,r0_3,r0,3
343,C,0.16717943425904513,3.1611397555045072e-18,0.8328205657409545,4,3,r0_3,r0,3
344,A,0.10825551691368088,1.2633737246159855e-18,0.8917444830863193,4,3,r0_3,r0,3
344,C,0.16717943425904513,2.7946820073075034e-18,0.8328205657409545,4,3,r0_3,r0,3
345,A,0.10825551691368088,1.1169147243483196e-18,0.8917444830863193,4,3,r0_3,r0,3
345,C,0.16717943425904513,2.4707061772849822e-18,0.8328205657409545,4,3,r0_3,r0,3
346,A,0.10825551691368088,9.874342965923773e-19,0.8917444830863193,4,3,r0_3,r0,3
346,C,0.16717943425904513,2.1842875137202243e-18,0.8328205657409545,4,3,r0_3,r0,3
347,A,0.10825551691368088,8.729641591632827e-19,0.8917444830863193,4,3,r0_3,r0,3
347,C,0.16717943425904513,1.9310721710553644e-18,0.8328205657409545,4,3,r0_3,r0,3
348,A,0.10825551691368088,7.717642084326437e-19,0.8917444830863193,4,3,r0_3,r0,3
348,C,0.16717943425904513,1.7072110269612108e-18,0.8328205657409545,4,3,r0_3,r0,3
349,A,0.10825551691368088,6.822960670491307e-19,0.8917444830863193,4,3,r0_3,r0,3
349,C,0.16717943425904513,1.509301171649813e-18,0.8328205657409545,4,3,r0_3,r0,3
350,A,0.10825551691368088,6.031996981538319e-19,0.8917444830863193,4,3,r0_3,r0,3
350,C,0.16717943425904513,1.3343341804663545e-18,0.8328205657409545,4,3,r0_3,r0,3
351,A,0.10825551691368088,5.332727307115757e-19,0.8917444830863193,4,3,r0_3,r0,3
351,C,0.16717943425904513,1.1796503828740834e-18,0.8328205657409545,4,3,r0_3,r0,3
352,A,0.10825551691368088,4.714521816268263e-19,0.8917444830863193,4,3,r0_3,r0,3
352,C,0.16717943425904513,1.0428984328449344e-18,0.8328205657409545,4,3,r0_3,r0,3
353,A,0.10825551691368088,4.1679829678694384e-19,0.8917444830863193,4,3,r0_3,r0,3
353,C,0.16717943425904513,9.21999566085948e-19,0.8328205657409545,4,3,r0_3,r0,3
354,A,0.10825551691368088,3.6848026538752127e-19,0.8917444830863193,4,3,r0_3,r0,3
354,C,0.16717943425904513,8.15116000776235e-19,0.8328205657409545,4,3,r0_3,r0,3
355,A,0.10825551691368088,3.257635903721442e-19,0.8917444830863193,4,3,r0_3,r0,3
355,C,0.16717943425904513,7.206230014745955e-19,0.8328205657409545,4,3,r0_3,r0,3
356,A,0.10825551691368088,2.8799892299506996e-19,0.8917444830863193,4,3,r0_3,r0,3
356,C,0.16717943425904513,6.370841815417055e-19,0.8328205657409545,4,3,r0_3,r0,3
357,A,0.10825551691368088,2.546121917728319e-19,0.8917444830863193,4,3,r0_3,r0,3
357,C,0.16717943425904513,5.632296686494334e-19,0.8328205657409545,4,3,r0_3,r0,3
358,A,0.10825551691368088,2.250958757679272e-19,0.8917444830863193,4,3,r0_3,r0,3
358,C,0.16717943425904513,4.979368014715054e-19,0.8328205657409545,4,3,r0_3,r0,3
359,A,0.10825551691368088,1.9900128954374395e-19,0.8917444830863193,4,3,r0_3,r0,3
359,C,0.16717943425904513,4.402130641262748e-19,0.8328205657409545,4,3,r0_3,r0,3
360,A,0.10825551691368088,1.7593176250915736e-19,0.8917444830863193,4,3,r0_3,r0,3
360,C,0.16717943425904513,3.891809989583104e-19,0.8328205657409545,4,3,r0_3,r0,3
361,A,0.10825551691368088,1.5553660896756812e-19,0.8917444830863193,4,3,r0_3,r0,3
361,C,0.16717943425904513,3.440648683182575e-19,0.8328205657409545,4,3,r0_3,r0,3
362,A,0.10825551691368088,1.3750579720529472e-19,0.8917444830863193,4,3,r0_3,r0,3
362,C,0.16717943425904513,3.041788625868976e-19,0.8328205657409545,4,3,r0_3,r0,3
363,A,0.10825551691368088,1.2156523658086227e-19,0.8917444830863193,4,3,r0_3,r0,3
363,C,0.16717943425904513,2.6891667519376873e-19,0.8328205657409545,4,3,r0_3,r0,3
364,A,0.10825551691368088,1.0747261097142905e-19,0.8917444830863193,4,3,r0_3,r0,3
364,C,0.16717943425904513,2.3774228616038176e-19,0.8328205657409545,4,3,r0_3,r0,3
365,A,0.10825551691368088,9.501369523816884e-20,0.8917444830863193,4,3,r0_3,r0,3
365,C,0.16717943425904513,2.1018181406881178e-19,0.8328205657409545,4,3,r0_3,r0,3
0,A,0.9989999999999999,0.001,0,5,3,r0_3,r0,3
0,C,0.9989999999999999,9.999999999999998e-4,0,5,3,r0_3,r0,3
1,A,0.9982884452074388,0.0014671155320732014,2.4443926048762474e-4,5,3,r0_3,r0,3
1,C,0.9985001612883025,0.0012734960196406485,2.2634269205575467e-4,5,3,r0_3,r0,3
2,A,0.9973073980293928,0.002094679554184298,5.979224164232746e-4,5,3,r0_3,r0,3
2,C,0.9978673055008879,0.0016183644551034531,5.143300440079158e-4,5,3,r0_3,r0,3
3,A,0.9959780939637157,0.0029252678964934165,0.001096638139790894,5,3,r0_3,r0,3
3,C,0.9970673511763641,0.0020526436483799945,8.800051752539386e-4,5,3,r0_3,r0,3
4,A,0.9941962574647876,0.004017513252280629,0.001786229282932339,5,3,r0_3,r0,3
4,C,0.9960578698611063,0.0025989476515467795,0.0013431824873471195,5,3,r0_3,r0,3
5,A,0.991823669916202,0.005449979086863135,0.0027263509969350577,5,3,r0_3,r0,3
5,C,0.9947849875138367,0.0032860429981841285,0.001928969487979543,5,3,r0_3,r0,3
6,A,0.9886792773511113,0.007325066170190893,0.003995656478698846,5,3,r0_3,r0,3
6,C,0.9931801622369205,0.00415045884528186,0.0026693789177971382,5,3,r0_3,r0,3
7,A,0.9845365681542788,0.009769036342686452,0.00569439550303463,5,3,r0_3,r0,3
7,C,0.991159180064452,0.005236847395126484,0.003603972540422821,5,3,r0_3,r0,3
8,A,0.9791088993508122,0.012938825592479358,0.00795227505670843,5,3,r0_3,r0,3
8,C,0.9886162527136018,0.0066009182731459675,0.004782829013252517,5,3,r0_3,r0,3
9,A,0.9720463101090228,0.017021621316485786,0.010932068574490488,5,3,r0_3,r0,3
9,C,0.9854220586335528,0.008310140727643725,0.006267800638801539,5,3,r0_3,r0,3
10,A,0.9629256412990986,0.022237030799766605,0.014837327901135155,5,3,r0_3,r0,3
10,C,0.9814181531961631,0.010446189717558587,0.008135657086279065,5,3,r0_3,r0,3
11,A,0.9512473874849384,0.028833232408986387,0.019919380106075576,5,3,r0_3,r0,3
11,C,0.9764118017825414,0.013106793470686459,0.010481404746773268,5,3,r0_3,r0,3
12,A,0.9364432437417607,0.037075294155570114,0.02648146210267065,5,3,r0_3,r0,3
12,C,0.9701719907679788,0.01640659793873339,0.013421411293287767,5,3,r0_3,r0,3
13,A,0.9178982640873733,0.047221802043200686,0.034879933869425464,5,3,r0_3,r0,3
13,C,0.9624265169591093,0.020476719096885327,0.017096763944006374,5,3,r0_3,r0,3
14,A,0.8950025724901929,0.0594835006993206,0.04551392681048675,5,3,r0_3,r0,3
14,C,0.9528659393057303,0.02546000864178608,0.02167405205248402,5,3,r0_3,r0,3
15,A,0.867201394619206,0.07397607490561689,0.058822530475177846,5,3,r0_3,r0,3
15,C,0.941138948998211,0.03150892311082452,0.027352127890963356,5,3,r0_3,r0,3
16,A,0.8340994196264511,0.09065041353349676,0.07525016684005285,5,3,r0_3,r0,3
16,C,0.9268696016206618,0.03877162096374598,0.03435877741559383,5,3,r0_3,r0,3
17,A,0.7955710110539255,0.1092198378703248,0.0952091510757497,5,3,r0_3,r0,3
17,C,0.9096743852106035,0.04737546612160421,0.04295014866779339,5,3,r0_3,r0,3
18,A,0.75186490075452606,0.1291086941572933,0.11902640508818153,5,3,r0_3,r0,3
18,C,0.8891930885818836,0.0574029800261902,0.05340393139192646,5,3,r0_3,r0,3
19,A,0.7036718678271348,0.14944518936410034,0.1468829428087642,5,3,r0_3,r0,3
19,C,0.8651317390073365,0.0688610954304054,0.06600716556225796,5,3,r0_3,r0,3
20,A,0.6521167116633336,0.16912308974480458,0.17876019859186312,5,3,r0_3,r0,3
20,C,0.837313994847292,0.08164881275153191,0.08103719240117668,5,3,r0_3,r0,3
21,A,0.5986719640011698,0.18692259767595762,0.21440543832287268,5,3,r0_3,r0,3
21,C,0.8057330384758621,0.09552772033245466,0.09873924119168369,5,3,r0_3,r0,3
22,A,0.5449793684246179,0.20169405941901586,0.2533265721563659,5,3,r0_3,r0,3
22,C,0.7705991575394312,0.11010577198636066,0.11929507047420945,5,3,r0_3,r0,3
23,A,0.49264478965459063,0.21253433884316386,0.29482087150224473,5,3,r0_3,r0,3
23,C,0.7323678280814685,0.12483999815203811,0.142792173766493,5,3,r0_3,r0,3
24,A,0.44304211901193863,0.21891541424736488,0.3380424667406959,5,3,r0_3,r0,3
24,C,0.6917287163431839,0.13907357290983874,0.16919771074697731,5,3,r0_3,r0,3
25,A,0.3971902472377236,0.2207303856263397,0.3820793671359367,5,3,r0_3,r0,3
25,C,0.6495641632251515,0.1520960420238644,0.1983397947509853,5,3,r0_3,r0,3
26,A,0.35570174582351793,0.21825075436607735,0.42604749981040435,5,3,r0_3,r0,3
26,C,0.6068544418737617,0.16323572657893506,0.2299098315473045,5,3,r0_3,r0,3
27,A,0.31883051946120744,0.21203600157285898,0.46913347896593405,5,3,r0_3,r0,3
27,C,0.5646053771001657,0.17192453358496113,0.2634700893148725,5,3,r0_3,r0,3
28,A,0.2865280173238486,0.20281040190617383,0.5106615807699776,5,3,r0_3,r0,3
28,C,0.5237289460456167,0.1777808374323474,0.29849021652203556,5,3,r0_3,r0,3
29,A,0.25853551535832425,0.1913557133788679,0.550108771262808,5,3,r0_3,r0,3
29,C,0.484976208971372,0.18064107669371782,0.3343827143349093,5,3,r0_3,r0,3
30,A,0.2344747655705196,0.1784200774430234,0.5871051569864575,5,3,r0_3,r0,3
30,C,0.4488951038593665,0.18055487152266295,0.370550024617972,5,3,r0_3,r0,3
31,A,0.21391058755306938,0.16466693966064277,0.6214224727862876,5,3,r0_3,r0,3
31,C,0.41582236050869986,0.17775454611908123,0.40642309337221777,5,3,r0_3,r0,3
32,A,0.1964012165817108,0.15064405398220354,0.6529547294360853,5,3,r0_3,r0,3
32,C,0.3859018603961966,0.1726022765360349,0.4414958630677692,5,3,r0_3,r0,3
33,A,0.18152246689979043,0.13678501941789156,0.6816925136823194,5,3,r0_3,r0,3
33,C,0.35912346814057344,0.1655377234851617,0.4753388083742643,5,3,r0_3,r0,3
34,A,0.16888995002464716,0.12340849293519565,0.7077015570401566,5,3,r0_3,r0,3
34,C,0.3353625748175166,0.15702217364107224,0.5076152515414113,5,3,r0_3,r0,3
35,A,0.1581637164961903,0.11073410837350332,0.7311021751303055,5,3,r0_3,r0,3
35,C,0.3144180390144466,0.1475016257787087,0.5380803352068436,5,3,r0_3,r0,3
36,A,0.14904958417401598,0.09889971402995668,0.7520507017960271,5,3,r0_3,r0,3
36,C,0.29604659182237303,0.1373783431180284,0.566575065059599,5,3,r0_3,r0,3
37,A,0.14129594137440263,0.08798090106795098,0.7707231575576458,5,3,r0_3,r0,3
37,C,0.279990407344682,0.12699535551271804,0.5930142371426003,5,3,r0_3,r0,3
38,A,0.134689371222071,0.07800444977172728,0.7873061790062016,5,3,r0_3,r0,3
38,C,0.26599262305045857,0.11663263129538676,0.617374745654154,5,3,r0_3,r0,3
39,A,0.12905177654658623,0.06896151697617567,0.801986706477238,5,3,r0_3,r0,3
39,C,0.2538105782542079,0.10650599505327703,0.6396834266925152,5,3,r0_3,r0,3
40,A,0.12423113726974343,0.06081893341327409,0.8149499293169825,5,3,r0_3,r0,3
40,C,0.24321709906237576,0.0967784320264543,0.6600044689111696,5,3,r0_3,r0,3
41,A,0.12010206000279096,0.05352735165773496,0.8263705883394737,5,3,r0_3,r0,3
41,C,0.23400950091228642,0.08756105452274966,0.6784294445649646,5,3,r0_3,r0,3
42,A,0.11655866299769703,0.047027952562602046,0.8364133844397016,5,3,r0_3,r0,3
42,C,0.22600631628601234,0.07892587271184728,0.6950678110021398,5,3,r0_3,r0,3
43,A,0.11351286020393385,0.041256803191876974,0.8452303366041887,5,3,r0_3,r0,3
43,C,0.21904853029356705,0.07091082824134712,0.7100406414650852,5,3,r0_3,r0,3
44,A,0.11089085155827323,0.03614869014196206,0.8529604582997642,5,3,r0_3,r0,3
44,C,0.21299737425205087,0.0635286315289187,0.7234739942190311,5,3,r0_3,r0,3
45,A,0.1086301765153027,0.031639930200837364,0.85972989328386,5,3,r0_3,r0,3
45,C,0.20773197146551436,0.05677412586471911,0.7354939026697667,5,3,r0_3,r0,3
46,A,0.10667830981157153,0.02766934021986663,0.8656523499685627,5,3,r0_3,r0,3
46,C,0.20314755927043504,0.050628240717666965,0.7462242000118977,5,3,r0_3,r0,3
47,A,0.10499088181650713,0.024179445938663262,0.8708296722448292,5,3,r0_3,r0,3
47,C,0.19915352121317345,0.04506259435628607,0.75578388443054,5,3,r0_3,r0,3
48,A,0.10353025996722501,0.02111695482439745,0.8753527852083777,5,3,r0_3,r0,3
48,C,0.19567145315343107,0.04004268718757094,0.764285859658997,5,3,r0_3,r0,3
49,A,0.10226510318244689,0.018433936101084337,0.8793009607164696,5,3,r0_3,r0,3
49,C,0.19263490740380265,0.035531137557243984,0.7718339550389521,5,3,r0_3,r0,3
50,A,0.1011675570802792,0.01608517483391517,0.882747268085806,5,3,r0_3,r0,3
50,C,0.189984027272988,0.03148796940114699,0.7785280033258649,5,3,r0_3,r0,3
51,A,0.10021470418731407,0.014031257067520078,0.8857540387451664,5,3,r0_3,r0,3
51,C,0.18766882939257867,0.027874117100623264,0.7844570535067986,5,3,r0_3,r0,3
52,A,0.09938682760234854,0.012236647353477926,0.8883765250441734,5,3,r0_3,r0,3
52,C,0.18564577170983526,0.024651167803014285,0.7897030604871499,5,3,r0_3,r0,3
53,A,0.09866691840264637,0.01066952087328963,0.890663560724063,5,3,r0_3,r0,3
53,C,0.18387694862514195,0.021782304222032596,0.7943407471528249,5,3,r0_3,r0,3
54,A,0.09804009020419575,0.009300967013508788,0.8926589427822953,5,3,r0_3,r0,3
54,C,0.18232882034597486,0.0192317174536074,0.7984394622004194,5,3,r0_3,r0,3
55,A,0.0974952085130049,0.008108853132038787,0.894395938354956,5,3,r0_3,r0,3
55,C,0.18097612566524646,0.016970798264003554,0.8020530760707502,5,3,r0_3,r0,3
56,A,0.09702010398501706,0.007068382502821169,0.8959115135121625,5,3,r0_3,r0,3
56,C,0.17979101011023496,0.014965908361455305,0.8052430815283096,5,3,r0_3,r0,3
57,A,0.09660617948760293,0.006161629281751893,0.8972321912306448,5,3,r0_3,r0,3
57,C,0.1787536246949884,0.013191568031348237,0.8080548072736625,5,3,r0_3,r0,3
58,A,0.09624526691937428,0.005371312514118991,0.8983834205665059,5,3,r0_3,r0,3
58,C,0.1778449978048198,0.0116224307627631,0.8105325714324169,5,3,r0_3,r0,3
59,A,0.09593039186116337,0.004682478051443835,0.8993871300873918,5,3,r0_3,r0,3
59,C,0.17704881293498673,0.010235811066246983,0.8127153759987675,5,3,r0_3,r0,3
60,A,0.09565561873530663,0.004082246405432453,0.9002621348592602,5,3,r0_3,r0,3
60,C,0.1763510771691129,0.00901151287656539,0.8146374099543231,5,3,r0_3,r0,3
61,A,0.0954157252899189,0.0035591885796847833,0.9010250861303952,5,3,r0_3,r0,3
61,C,0.17573941470032411,0.007931160839890932,0.8163294244597846,5,3,r0_3,r0,3
62,A,0.09520623134999909,0.0031034249148412653,0.90169034373516,5,3,r0_3,r0,3
62,C,0.175203135872657,0.006978417698816658,0.817818446428526,5,3,r0_3,r0,3
63,A,0.0950232500270284,0.002706334750331319,0.90227041522264,5,3,r0_3,r0,3
63,C,0.1747329128632445,0.006138686390517348,0.8191284007462389,5,3,r0_3,r0,3
64,A,0.09486336924069709,0.0023603257825491495,0.9027763049767535,5,3,r0_3,r0,3
64,C,0.17432051829888087,0.0053988625396663315,0.8202806191614537,5,3,r0_3,r0,3
65,A,0.0947236342526392,0.0020588029669270595,0.9032175627804335,5,3,r0_3,r0,3
65,C,0.17395878413878024,0.004747307277490444,0.8212939085837303,5,3,r0_3,r0,3
66,A,0.09460148199367942,0.001796034227205326,0.9036024837791155,5,3,r0_3,r0,3
66,C,0.1736414567576075,0.0041736947708150935,0.8221848484715775,5,3,r0_3,r0,3
67,A,0.09449467952423257,0.001567022472490787,0.9039382980032763,5,3,r0_3,r0,3
67,C,0.17336306031333307,0.003668860197338079,0.8229680794893264,5,3,r0_3,r0,3
68,A,0.09440127938021156,0.0013674101397355514,0.9042313104800536,5,3,r0_3,r0,3
68,C,0.17311879589785176,0.0032246770871507883,0.8236565270149971,5,3,r0_3,r0,3
69,A,0.09431958363199382,0.0011934008084289525,0.9044870155595782,5,3,r0_3,r0,3
69,C,0.17290445925638884,0.0028339501347649713,0.8242615906088461,5,3,r0_3,r0,3
70,A,0.09424811245869444,0.0010416898627652422,0.904710197678541,5,3,r0_3,r0,3
70,C,0.17271636844298374,0.0024903170009549485,0.8247933145560612,5,3,r0_3,r0,3
71,A,0.09418557582929335,9.094015391063635e-4,0.9049050226316002,5,3,r0_3,r0,3
71,C,0.17255129851014364,0.002188157178897364,0.825260544310959,5,3,r0_3,r0,3
72,A,0.09413084847448479,7.940328735563774e-4,0.9050751186519588,5,3,r0_3,r0,3
72,C,0.17240642355775962,0.0019225087391094332,0.8256710677031306,5,3,r0_3,r0,3
73,A,0.09408294829223622,6.934049673720578e-4,0.9052236467403919,5,3,r0_3,r0,3
73,C,0.17227926638504704,0.0016889936134193736,0.8260317400015325,5,3,r0_3,r0,3
74,A,0.09404101898975942,6.056235620884652e-4,0.9053533574481517,5,3,r0_3,r0,3
74,C,0.17216765771022277,0.001483755229758675,0.8263485870600196,5,3,r0_3,r0,3
75,A,0.09400431294928563,5.290399468294597e-4,0.9054666471038842,5,3,r0_3,r0,3
75,C,0.17206969567598102,0.0013033950959455704,0.826626909228072,5,3,r0_3,r0,3
76,A,0.0939721744275818,4.6221255995733477e-4,0.9055656130124616,5,3,r0_3,r0,3
76,C,0.1719837060016951,0.0011449095186300436,0.8268713844796749,5,3,r0_3,r0,3
77,A,0.0939440296389587,4.038843333357927e-4,0.9056520860277062,5,3,r0_3,r0,3
77,C,0.17190821802259418,0.001005650004101884,0.8270861319733033,5,3,r0_3,r0,3
78,A,0.09391937904407445,3.529649870663929e-4,0.9057276559688602,5,3,r0_3,r0,3
78,C,0.17184194598585933,8.832915406446464e-4,0.8272747624734933,5,3,r0_3,r0,3
79,A,0.0938977875322229,3.085085380828803e-4,0.9057937039296937,5,3,r0_3,r0,3
79,C,0.17178376547871307,7.75793552025933e-4,0.8274404409692622,5,3,r0_3,r0,3
80,A,0.0938788743129977,2.6969017946733596e-4,0.9058514355075366,5,3,r0_3,r0,3
80,C,0.17173268910229506,6.813595725280367e-4,0.8275859513251788,5,3,r0_3,r0,3
81,A,0.09386230540886781,2.357891336074042e-4,0.9059019054575248,5,3,r0_3,r0,3
81,C,0.17168784812315163,5.984059030186246e-4,0.8277137459738299,5,3,r0_3,r0,3
82,A,0.09384778850758807,2.06176930249595e-4,0.9059460345621629,5,3,r0_3,r0,3
82,C,0.17164847965395733,5.255388650175547e-4,0.8278259814810247,5,3,r0_3,r0,3
83,A,0.09383506833170077,1.8030689506670985e-4,0.905984624773232,5,3,r0_3,r0,3
83,C,0.17161391514310503,4.6153441939035143e-4,0.8279245504375041,5,3,r0_3,r0,3
84,A,0.0938239218019417,1.5770318521757026e-4,0.9060183750128391,5,3,r0_3,r0,3
84,C,0.171583568452522,4.053174385368096e-4,0.828011114108939,5,3,r0_3,r0,3
85,A,0.09381415358522188,1.379507166229136e-4,0.9060478956981541,5,3,r0_3,r0,3
85,C,0.17155692484041257,3.559424841399738e-4,0.8280871326754469,5,3,r0_3,r0,3
86,A,0.09380559254543816,1.2068716953916369e-4,0.9060737202850228,5,3,r0_3,r0,3
86,C,0.17153353205528213,3.1257792624273683e-4,0.8281538900184762,5,3,r0_3,r0,3
87,A,0.09379808887488521,1.0559656826861291e-4,0.9060963145568464,5,3,r0_3,r0,3
87,C,0.17151299307040674,2.7449281649505406e-4,0.8282125141130984,5,3,r0_3,r0,3
88,A,0.09379151152455995,9.240354786210146e-5,0.906116084927578,5,3,r0_3,r0,3
88,C,0.17149495957578095,2.410451512093718e-4,0.8282639952730105,5,3,r0_3,r0,3
89,A,0.09378574580568355,8.086801077078238e-5,0.9061333861835454,5,3,r0_3,r0,3
89,C,0.17147912591654196,2.1167100078139716e-4,0.8283092030826767,5,3,r0_3,r0,3
90,A,0.09378069126587776,7.078041217455169e-5,0.906148528321947,5,3,r0_3,r0,3
90,C,0.1714652237016713,1.8587480960830888e-4,0.8283489014887194,5,3,r0_3,r0,3
91,A,0.09377625990213347,6.19578168774932e-5,0.9061617822809883,5,3,r0_3,r0,3
91,C,0.17145301722756526,1.632210850283518e-4,0.8283837616874075,5,3,r0_3,r0,3
92,A,0.09377237464196037,5.424056722188785e-5,0.9061733847908178,5,3,r0_3,r0,3
92,C,0.17144229956420773,1.433272461799723e-4,0.8284143731896121,5,3,r0_3,r0,3
93,A,0.0937689679973923,4.7489339960379006e-5,0.9061835426626479,5,3,r0_3,r0,3
93,C,0.17143288908292365,1.2585728294190376e-4,0.8284412536341337,5,3,r0_3,r0,3
94,A,0.09376598085821333,4.158251423908088e-5,0.9061924366275473,5,3,r0_3,r0,3
94,C,0.17142462634088854,1.105160746460149e-4,0.8284648575844655,5,3,r0_3,r0,3
95,A,0.09376336143386849,3.641387340410903e-5,0.9062002246927278,5,3,r0_3,r0,3
95,C,0.17141737133842647,9.70443778833094e-5,0.8284855842836898,5,3,r0_3,r0,3
96,A,0.09376106434242014,3.18906372110792e-5,0.9062070450203682,5,3,r0_3,r0,3
96,C,0.17141100114378877,8.521446764240168e-5,0.828503784388569,5,3,r0_3,r0,3
97,A,0.09375904982088648,2.7931764734289058e-5,0.9062130184143795,5,3,r0_3,r0,3
97,C,0.1714054078258939,7.482633409747299e-5,0.8285197658400089,5,3,r0_3,r0,3
98,A,0.09375728302981189,2.4466464976018564e-5,0.9062182505052119,5,3,r0_3,r0,3
98,C,0.1714004966303599,6.570432681954996e-5,0.8285337990428219,5,3,r0_3,r0,3
99,A,0.09375573343906175,2.1432885563228048e-5,0.9062228336753756,5,3,r0_3,r0,3
99,C,0.17139618436545184,5.7694185495392084e-5,0.8285461214490532,5,3,r0_3,r0,3
100,A,0.09375437429031429,1.877696991357348e-5,0.9062268487397719,5,3,r0_3,r0,3
100,C,0.17139239798477274,5.0660429216157915e-5,0.8285569415860103,5,3,r0_3,r0,3
101,A,0.09375318212954156,1.645146795516121e-5,0.9062303664025037,5,3,r0_3,r0,3
101,C,0.1713890733496043,4.448407241875317e-5,0.8285664425779768,5,3,r0_3,r0,3
102,A,0.09375213639893172,1.4415076310836034e-5,0.9062334485247574,5,3,r0_3,r0,3
102,C,0.17138615414531147,3.906062297615318e-5,0.8285747852317131,5,3,r0_3,r0,3
103,A,0.09375121907856589,1.26316858818833e-5,0.906236149235552,5,3,r0_3,r0,3
103,C,0.17138359092785552,3.429832030927581e-5,0.8285821107518353,5,3,r0_3,r0,3
104,A,0.0937504143716158,1.1069723006402759e-5,0.9062385159053784,5,3,r0_3,r0,3
104,C,0.17138134028429128,3.0116583772376736e-5,0.8285885431319381,5,3,r0_3,r0,3
105,A,0.0937497084287882,9.701574948428257e-6,0.9062405899962629,5,3,r0_3,r0,3
105,C,0.17137936409588164,2.6444649714390036e-5,0.8285941912544044,5,3,r0_3,r0,3
106,A,0.09374908910758245,8.503090012682237e-6,0.9062424078024047,5,3,r0_3,r0,3
106,C,0.17137762889242272,2.322037633269085e-5,0.8285991507312439,5,3,r0_3,r0,3
107,A,0.09374854576162803,7.453141666192902e-6,0.9062440010967064,5,3,r0_3,r0,3
107,C,0.17137610528588348,2.0389194641060086e-5,0.8286035055194757,5,3,r0_3,r0,3
108,A,0.09374806905591439,6.533247472908759e-6,0.9062453976966119,5,3,r0_3,r0,3
108,C,0.17137476747264757,1.790318637902073e-5,0.8286073293409748,5,3,r0_3,r0,3
109,A,0.09374765080473238,5.727235932190941e-6,0.9062466219593355,5,3,r0_3,r0,3
109,C,0.17137359279603528,1.57202734355548e-5,0.828610686930529,5,3,r0_3,r0,3
110,A,0.09374728382973212,5.020955663444831e-6,0.906247695214603,5,3,r0_3,r0,3
110,C,0.17137256136226886,1.3803506025868826e-5,0.8286136351317054,5,3,r0_3,r0,3
111,A,0.09374696183567952,4.402021696684665e-6,0.9062486361426241,5,3,r0_3,r0,3
111,C,0.171371655703551,1.2120437931048414e-5,0.828616223858517,5,3,r0_3,r0,3
112,A,0.09374667930160992,3.8595939059057955e-6,0.9062494611044842,5,3,r0_3,r0,3
112,C,0.17137086048231728,1.0642577934185274e-5,0.8286184969397491,5,3,r0_3,r0,3
113,A,0.0937464313853953,3.3841833065855542e-6,0.9062501844312975,5,3,r0_3,r0,3
113,C,0.17137016223145815,9.34490790584251e-6,0.8286204928606345,5,3,r0_3,r0,3
114,A,0.09374621384007147,2.967482715247292e-6,0.9062508186772144,5,3,r0_3,r0,3
114,C,0.1713695491261476,8.205459460061062e-6,0.8286222454143911,5,3,r0_3,r0,3
115,A,0.09374602294051672,2.602218787575759e-6,0.9062513748406974,5,3,r0_3,r0,3
115,C,0.17136901078352135,7.204942210360258e-6,0.8286237842742686,5,3,r0_3,r0,3
116,A,0.09374585541920881,2.2820227440569306e-6,0.9062518625580468,5,3,r0_3,r0,3
116,C,0.1713685380868411,6.326417393722281e-6,0.828625135495765,5,3,r0_3,r0,3
117,A,0.0937457084099146,2.001317363641384e-6,0.9062522902727222,5,3,r0_3,r0,3
117,C,0.17136812303111634,5.555011277402505e-6,0.8286263219576065,5,3,r0_3,r0,3
118,A,0.09374557939831529,1.7552181522278152e-6,0.9062526653835328,5,3,r0_3,r0,3
118,C,0.1713677585875267,4.877663453309328e-6,0.8286273637490208,5,3,r0_3,r0,3
119,A,0.09374546617871608,1.539446905155771e-6,0.9062529943743788,5,3,r0_3,r0,3
119,C,0.17136743858437115,4.282905782148114e-6,0.8286282785098481,5,3,r0_3,r0,3
120,A,0.0937453668160957,1.3502561197130268e-6,0.9062532829277848,5,3,r0_3,r0,3
120,C,0.17136715760253482,3.760668285192614e-6,0.82862908172918,5,3,r0_3,r0,3
121,A,0.09374527961283663,1.1843628906515635e-6,0.9062535360242716,5,3,r0_3,r0,3
121,C,0.1713669108837217,3.3021087081575807e-6,0.8286297870075693,5,3,r0_3,r0,3
122,A,0.0937452030795536,1.0388910823211993e-6,0.9062537580293655,5,3,r0_3,r0,3
122,C,0.17136669424987389,2.899462860013712e-6,0.828630406287266,5,3,r0_3,r0,3
123,A,0.093745135909511,9.113207291013325e-7,0.9062539527697611,5,3,r0_3,r0,3
123,C,0.17136650403241332,2.545913186332986e-6,0.8286309500544007,5,3,r0_3,r0,3
124,A,0.09374507695619073,7.994437577716651e-7,0.9062541236000514,5,3,r0_3,r0,3
124,C,0.17136633701011472,2.235473358341625e-6,0.8286314275165272,5,3,r0_3,r0,3
125,A,0.09374502521361883,7.013252414756715e-7,0.9062542734611394,5,3,r0_3,r0,3
125,C,0.17136619035455097,1.9628869321165165e-6,0.8286318467585159,5,3,r0_3,r0,3
126,A,0.09374497979911253,6.152694907527212e-7,0.9062544049313965,5,3,r0_3,r0,3
126,C,0.17136606158219564,1.7235383643966187e-6,0.8286322148794407,5,3,r0_3,r0,3
127,A,0.09374493993815178,5.397903723657561e-7,0.90625452027147535,5,3,r0_3,r0,3
127,C,0.17136594851236484,1.513374875692195e-6,0.8286325381127597,5,3,r0_3,r0,3
128,A,0.09374490495110642,4.735853251138547e-7,0.90625462146356806,5,3,r0_3,r0,3
128,C,0.1713658492302901,1.3288378374669661e-6,0.8286328219318719,5,3,r0_3,r0,3
129,A,0.09374487424159707,4.1551261041647793e-7,0.9062547102457915,5,3,r0_3,r0,3
129,C,0.17136576205469073,1.166802523238813e-6,0.8286330711427865,5,3,r0_3,r0,3
130,A,0.09374484728628502,3.6457139375367886e-7,0.9062547881423213,5,3,r0_3,r0,3
130,C,0.1713656855093003,1.0245252052734967e-6,0.8286332899654942,5,3,r0_3,r0,3
131,A,0.09374482362591562,3.198843029647798e-7,0.9062548564897819,5,3,r0_3,r0,3
131,C,0.1713656182978703,8.995967015107057e-7,0.8286334821054289,5,3,r0_3,r0,3
132,A,0.09374480285746341,2.8068215354170126e-7,0.9062549164603815,5,3,r0_3,r0,3
132,C,0.17136555928221667,7.899015858610112e-7,0.8286336508161977,5,3,r0_3,r0,3
133,A,0.09374478462724056,2.462905703080582e-7,0.9062549690821886,5,3,r0_3,r0,3
133,C,0.1713655074629449,6.935823712353194e-7,0.8286337989546846,5,3,r0_3,r0,3
134,A,0.09374476862484887,2.1611826916596967e-7,0.906255015256882,5,3,r0_3,r0,3
134,C,0.17136546196252786,6.090080592995478e-7,0.8286339290294127,5,3,r0_3,r0,3
135,A,0.09374475457787827,1.8964679218139686e-7,0.9062550557753286,5,3,r0_3,r0,3
135,C,0.17136542201044336,5.347465248267957e-7,0.8286340432430315,5,3,r0_3,r0,3
136,A,0.09374474224725166,1.6642151498763657e-7,0.9062550913312333,5,3,r0_3,r0,3
136,C,0.17136538693012746,4.695402671476887e-7,0.8286341435296062,5,3,r0_3,r0,3
137,A,0.0937447314231433,1.4604376808858523e-7,0.9062551225330888,5,3,r0_3,r0,3
137,C,0.17136535612751544,4.1228511808192235e-7,0.8286342315873664,5,3,r0_3,r0,3
138,A,0.09374472192139614,1.2816393352785153e-7,0.9062551499146707,5,3,r0_3,r0,3
138,C,0.1713653290809839,3.620115458673453e-7,0.8286343089074708,5,3,r0_3,r0,3
139,A,0.09374471358037959,1.1247539575589072e-7,0.9062551739442244,5,3,r0_3,r0,3
139,C,0.17136530533251557,3.178682386326735e-7,0.828634376799246,5,3,r0_3,r0,3
140,A,0.09374470625823104,9.870924063906056e-8,0.9062551950325284,5,3,r0_3,r0,3
140,C,0.17136528447994406,2.791076895309738e-7,0.828634436412366,5,3,r0_3,r0,3
141,A,0.09374469983043673,8.662960974863604e-8,0.906255213539953,5,3,r0_3,r0,3
141,C,0.17136526617014305,2.450735394801736e-7,0.8286344887563181,5,3,r0_3,r0,3
142,A,0.09374469418770848,7.602962863543619e-8,0.9062552297826632,5,3,r0_3,r0,3
142,C,0.17136525009304637,2.151894631942013e-7,0.8286345347174892,5,3,r0_3,r0,3
143,A,0.09374468923412016,6.672783793619377e-8,0.9062552440380416,5,3,r0_3,r0,3
143,C,0.17136523597639802,1.889494103343651e-7,0.8286345750741908,5,3,r0_3,r0,3
144,A,0.09374468488547323,5.8565065023991884e-8,0.9062552565494616,5,3,r0_3,r0,3
144,C,0.17136522358113973,1.6590903656669406e-7,0.8286346105098221,5,3,r0_3,r0,3
145,A,0.09374468106786184,5.140168144382278e-8,0.9062552675304553,5,3,r0_3,r0,3
145,C,0.1713652126973654,1.4567817886047618e-7,0.8286346416244574,5,3,r0_3,r0,3
146,A,0.09374467771641604,4.511520378187089e-8,0.9062552771683803,5,3,r0_3,r0,3
146,C,0.1713652031407692,1.279142618409019e-7,0.8286346689449684,5,3,r0_3,r0,3
147,A,0.09374467477414547,3.959808771831732e-8,0.9062552856277668,5,3,r0_3,r0,3
147,C,0.17136519474938477,1.1231622754221587e-7,0.8286346929343883,5,3,r0_3,r0,3
148,A,0.0937446721910335,3.47560009648143e-8,0.9062552930529656,5,3,r0_3,r0,3
148,C,0.17136518738101875,9.861977461065177e-8,0.8286347139992073,5,3,r0_3,r0,3
149,A,0.09374466992324633,3.050631752268647e-8,0.9062552995704354,5,3,r0_3,r0,3
149,C,0.1713651809110176,8.659319977182625e-8,0.8286347324957831,5,3,r0_3,r0,3
150,A,0.09374466793232412,2.6776579381775332e-8,0.9062553052910969,5,3,r0_3,r0,3
150,C,0.17136517522997777,7.603314771214604e-8,0.828634748736875,5,3,r0_3,r0,3
151,A,0.09374466618452314,2.3503245547864743e-8,0.9062553103122313,5,3,r0_3,r0,3
151,C,0.17136517024188522,6.676115050800902e-8,0.8286347629969633,5,3,r0_3,r0,3
152,A,0.093744664650201745,2.0630525456365932e-8,0.9062553147192736,5,3,r0_3,r0,3
152,C,0.1713651658623777,5.8620394944466444e-8,0.8286347755172276,5,3,r0_3,r0,3
153,A,0.0937446633032324,1.8109262838814843e-8,0.9062553185875049,5,3,r0_3,r0,3
153,C,0.17136516201707472,5.147262593404025e-8,0.8286347865102996,5,3,r0_3,r0,3
154,A,0.09374466212064828,1.589626676929026e-8,0.9062553219830844,5,3,r0_3,r0,3
154,C,0.17136515864057963,4.5196284118541594e-8,0.8286347961631355,5,3,r0_3,r0,3
155,A,0.09374466108235913,1.3953773992094343e-8,0.906255324963868,5,3,r0_3,r0,3
155,C,0.17136515567567182,3.968500753487496e-8,0.828634804639321,5,3,r0_3,r0,3
156,A,0.09374466017078774,1.2248759884916294e-8,0.9062553275804517,5,3,r0_3,r0,3
156,C,0.17136515307227457,3.484571518478034e-8,0.8286348120820104,5,3,r0_3,r0,3
157,A,0.09374465937049177,1.0752222203053495e-8,0.9062553298772862,5,3,r0_3,r0,3
157,C,0.17136515078638592,3.0596614386232375e-8,0.8286348186169997,5,3,r0_3,r0,3
158,A,0.09374465866787043,9.438625623749402e-9,0.9062553318935038,5,3,r0_3,r0,3
158,C,0.17136514877924178,2.686565162685932e-8,0.8286348243551069,5,3,r0_3,r0,3
159,A,0.09374465805097884,8.285552027352742e-9,0.9062553336634699,5,3,r0_3,r0,3
159,C,0.17136514701679204,2.358953364068643e-8,0.8286348293936745,5,3,r0_3,r0,3
160,A,0.09374465750935504,7.27337452144827e-9,0.90625533521727,5,3,r0_3,r0,3
160,C,0.1713651454692082,2.0712814807814305e-8,0.8286348338179775,5,3,r0_3,r0,3
161,A,0.09374465703382477,6.384887294092997e-9,0.9062553365812887,5,3,r0_3,r0,3
161,C,0.17136514411032663,1.8186861988645594e-8,0.8286348377028124,5,3,r0_3,r0,3
162,A,0.09374465661635567,5.605031404455463e-9,0.9062553377786127,5,3,r0_3,r0,3
162,C,0.17136514291723642,1.5969088749401333e-8,0.8286348411136739,5,3,r0_3,r0,3
163,A,0.09374465624992838,4.9206513711831934e-9,0.9062553388294211,5,3,r0_3,r0,3
163,C,0.17136514186991372,1.4022272803472007e-8,0.8286348441078127,5,3,r0_3,r0,3
164,A,0.0937446559282883,4.320027897027157e-9,0.9062553397516838,5,3,r0_3,r0,3
164,C,0.17136514095051245,1.2313242122666324e-8,0.8286348467362474,5,3,r0_3,r0,3
165,A,0.093744655645852007,3.792702393718298e-9,0.9062553405614464,5,3,r0_3,r0,3
165,C,0.17136514014309895,1.081238081972425e-8,0.828634849044518,5,3,r0_3,r0,3
166,A,0.09374465539745008,3.3289946282272496e-9,0.9062553412735558,5,3,r0_3,r0,3
166,C,0.17136513943292056,9.492261853731522e-9,0.8286348510748169,5,3,r0_3,r0,3
167,A,0.09374465517875163,2.920797296798558e-9,0.9062553419004507,5,3,r0_3,r0,3
167,C,0.17136513880761287,8.329905072706478e-9,0.8286348528624818,5,3,r0_3,r0,3
168,A,0.09374465498460675,2.5584788458387758e-9,0.9062553424569142,5,3,r0_3,r0,3
168,C,0.17136513825246688,7.297968645024268e-9,0.8286348544495641,5,3,r0_3,r0,3
169,A,0.09374465482659891,2.2636692784828693e-9,0.9062553429097321,5,3,r0_3,r0,3
169,C,0.1713651378005952,6.458002749408682e-9,0.8286348557414025,5,3,r0_3,r0,3
170,A,0.09374465468680906,2.002882589028981e-9,0.9062553433103083,5,3,r0_3,r0,3
170,C,0.1713651374007967,5.714834111140411e-9,0.8286348568843681,5,3,r0_3,r0,3
171,A,0.09374465456311377,1.7721482336569577e-9,0.906255343664738,5,3,r0_3,r0,3
171,C,0.17136513704700662,5.0571871070234205e-9,0.8286348578958066,5,3,r0_3,r0,3
172,A,0.09374465445365972,1.568001866865193e-9,0.9062553439783385,5,3,r0_3,r0,3
172,C,0.17136513673392925,4.475220177234708e-9,0.8286348587908503,5,3,r0_3,r0,3
173,A,0.09374465435680718,1.3873786751148265e-9,0.9062553442558136,5,3,r0_3,r0,3
173,C,0.17136513645688023,3.960224295397483e-9,0.8286348595828947,5,3,r0_3,r0,3
174,A,0.0937446542711051,1.2275672753023172e-9,0.9062553445013277,5,3,r0_3,r0,3
174,C,0.17136513621171356,3.50449264077507e-9,0.8286348602837942,5,3,r0_3,r0,3
175,A,0.09374465419526959,1.0861689363941415e-9,0.9062553447185616,5,3,r0_3,r0,3
175,C,0.17136513599475978,3.1012052680725216e-9,0.8286348609040338,5,3,r0_3,r0,3
176,A,0.09374465412816492,9.610615090676917e-10,0.9062553449107744,5,3,r0_3,r0,3
176,C,0.1713651358027726,2.744327048979686e-9,0.8286348614529,5,3,r0_3,r0,3
177,A,0.09374465406878527,8.503675193643906e-10,0.9062553450808474,5,3,r0_3,r0,3
177,C,0.17136513563287878,2.428517358202154e-9,0.8286348619386054,5,3,r0_3,r0,3
178,A,0.0937446540162417,7.524259452806729e-10,0.9062553452313337,5,3,r0_3,r0,3
178,C,0.17136513548253576,2.1490501524755938e-9,0.8286348623684128,5,3,r0_3,r0,3
179,A,0.09374465396974692,6.657672508554231e-10,0.9062553453644855,5,3,r0_3,r0,3
179,C,0.17136513534949424,1.9017432465834027e-9,0.8286348627487619,5,3,r0_3,r0,3
180,A,0.09374465392860468,5.890913015043547e-10,0.9062553454823038,5,3,r0_3,r0,3
180,C,0.17136513523176275,1.6828957280250584e-9,0.828634863085342,5,3,r0_3,r0,3
181,A,0.09374465389219848,5.212478278490317e-10,0.9062553455865542,5,3,r0_3,r0,3
181,C,0.1713651351275792,1.489232573773028e-9,0.8286348633831881,5,3,r0_3,r0,3
182,A,0.0937446538599835,4.612191437513603e-10,0.906255345678798,5,3,r0_3,r0,3
182,C,0.17136513503538509,1.3178556403311604e-9,0.8286348636467594,5,3,r0_3,r0,3
183,A,0.0937446538314766,4.0810485827653074e-10,0.9062553457604186,5,3,r0_3,r0,3
183,C,0.1713651349538004,1.1662002936805428e-9,0.82863486388,5,3,r0_3,r0,3
184,A,0.09374465380625144,3.611083513845811e-10,0.9062553458326408,5,3,r0_3,r0,3
184,C,0.1713651348816041,1.031997030096888e-9,0.8286348640863975,5,3,r0_3,r0,3
185,A,0.09374465378393014,3.195248097485954e-10,0.9062553458965443,5,3,r0_3,r0,3
185,C,0.17136513481771606,9.132375135093645e-10,0.8286348642690452,5,3,r0_3,r0,3
186,A,0.09374465376417809,2.8273064261928227e-10,0.9062553459530914,5,3,r0_3,r0,3
186,C,0.17136513476118043,8.081445211621938e-10,0.8286348644306756,5,3,r0_3,r0,3
187,A,0.09374465374669991,2.501741184572845e-10,0.9062553460031262,5,3,r0_3,r0,3
187,C,0.17136513471115028,7.151453478263531e-10,0.8286348645737039,5,3,r0_3,r0,3
188,A,0.0937446537312333,2.2136708145113983e-10,0.9062553460473983,5,3,r0_3,r0,3
188,C,0.17136513466687806,6.328482705643276e-10,0.8286348647002745,5,3,r0_3,r0,3
189,A,0.09374465371754742,1.9587762334523203e-10,0.9062553460865748,5,3,r0_3,r0,3
189,C,0.17136513462770026,5.600217223793775e-10,0.8286348648122782,5,3,r0_3,r0,3
190,A,0.09374465370543665,1.7332360019084754e-10,0.9062553461212399,5,3,r0_3,r0,3
190,C,0.17136513459303077,4.955758606652827e-10,0.8286348649113928,5,3,r0_3,r0,3
191,A,0.09374465369471999,1.533668967863985e-10,0.9062553461519135,5,3,r0_3,r0,3
191,C,0.17136513456235095,4.3854625862501803e-10,0.8286348649991025,5,3,r0_3,r0,3
192,A,0.09374465368523693,1.3570835242326899e-10,0.9062553461790551,5,3,r0_3,r0,3
192,C,0.17136513453520197,3.880794733329626e-10,0.8286348650767184,5,3,r0_3,r0,3
193,A,0.09374465367684526,1.2008327159374913e-10,0.9062553462030714,5,3,r0_3,r0,3
193,C,0.17136513451117721,3.4342027365058333e-10,0.8286348651454031,5,3,r0_3,r0,3
194,A,0.09374465366941954,1.0625745227338365e-10,0.906255346224322,5,3,r0_3,r0,3
194,C,0.17136513448991691,3.039003383068875e-10,0.8286348652061825,5,3,r0_3,r0,3
195,A,0.0937446536628487,9.402367205762396e-11,0.9062553462431279,5,3,r0_3,r0,3
195,C,0.1713651344711036,2.6892825456805466e-10,0.828634865259969,5,3,r0_3,r0,3
196,A,0.09374465365703417,8.319857934900452e-11,0.9062553462597679,5,3,r0_3,r0,3
196,C,0.17136513445445511,2.379806678288566e-10,0.8286348653075656,5,3,r0_3,r0,3
197,A,0.093744653651888707,7.361994288415427e-11,0.9062553462744909,5,3,r0_3,r0,3
197,C,0.17136513443972243,2.1059444968163446e-10,0.8286348653496843,5,3,r0_3,r0,3
198,A,0.09374465364733568,6.514421827948738e-11,0.9062553462875206,5,3,r0_3,r0,3
198,C,0.171365134426685,1.863597672598094e-10,0.8286348653869565,5,3,r0_3,r0,3
199,A,0.09374465364330678,5.7644395041693546e-11,0.90625534629905,5,3,r0_3,r0,3
199,C,0.17136513441514797,1.6491395014020838e-10,0.8286348654199381,5,3,r0_3,r0,3
200,A,0.09374465363974123,5.100809170606873e-11,0.9062553463092503,5,3,r0_3,r0,3
200,C,0.1713651344049389,1.459360630237232e-10,0.8286348654491261,5,3,r0_3,r0,3
201,A,0.09374465363658642,4.513587049588166e-11,0.906255346318279,5,3,r0_3,r0,3
201,C,0.17136513439590426,1.291421029755987e-10,0.8286348654749547,5,3,r0_3,r0,3
202,A,0.09374465363379443,3.9939746195579083e-11,0.9062553463262658,5,3,r0_3,r0,3
202,C,0.17136513438790935,1.1428074935301918e-10,0.8286348654978098,5,3,r0_3,r0,3
203,A,0.09374465363132399,3.534186684944868e-11,0.9062553463333334,5,3,r0_3,r0,3
203,C,0.17136513438083478,1.0112960281847494e-10,0.8286348655180368,5,3,r0_3,r0,3
204,A,0.09374465362913788,3.127334647932723e-11,0.9062553463395889,5,3,r0_3,r0,3
204,C,0.17136513437457415,8.949185715644741e-11,0.8286348655359349,5,3,r0_3,r0,3
205,A,0.09374465362720343,2.7673232298996676e-11,0.9062553463451247,5,3,r0_3,r0,3
205,C,0.1713651343690339,7.919335408774791e-11,0.8286348655517731,5,3,r0_3,r0,3
206,A,0.09374465362549146,2.448759092342516e-11,0.9062553463500208,5,3,r0_3,r0,3
206,C,0.17136513436413114,7.007997700731335e-11,0.8286348655657884,5,3,r0_3,r0,3
207,A,0.09374465362397653,2.166869985842172e-11,0.9062553463543543,5,3,r0_3,r0,3
207,C,0.17136513435979275,6.201534464317759e-11,0.8286348655781919,5,3,r0_3,r0,3
208,A,0.09374465362263605,1.9174332137493066e-11,0.9062553463581899,5,3,r0_3,r0,3
208,C,0.17136513435595355,5.4878770122597294e-11,0.828634865589167,5,3,r0_3,r0,3
209,A,0.09374465362144985,1.696712336287714e-11,0.9062553463615827,5,3,r0_3,r0,3
209,C,0.17136513435255635,4.856345488604177e-11,0.8286348655988812,5,3,r0_3,r0,3
210,A,0.09374465362040019,1.5014011693372213e-11,0.9062553463645858,5,3,r0_3,r0,3
210,C,0.17136513434955006,4.297489049937727e-11,0.828634865607477,5,3,r0_3,r0,3
211,A,0.09374465361947128,1.3285742311754002e-11,0.9062553463672427,5,3,r0_3,r0,3
211,C,0.17136513434688935,3.802944431882563e-11,0.8286348656150804,5,3,r0_3,r0,3
212,A,0.09374465361864927,1.1756428975300807e-11,0.9062553463695938,5,3,r0_3,r0,3
212,C,0.17136513434453518,3.3653107916817146e-11,0.8286348656218122,5,3,r0_3,r0,3
213,A,0.09374465361792195,1.040316608584635e-11,0.9062553463716754,5,3,r0_3,r0,3
213,C,0.17136513434245182,2.9780389565469033e-11,0.8286348656277691,5,3,r0_3,r0,3
214,A,0.09374465361727834,9.20568543700847e-12,0.9062553463735167,5,3,r0_3,r0,3
214,C,0.17136513434060827,2.6353334157279896e-11,0.8286348656330382,5,3,r0_3,r0,3
215,A,0.09374465361670883,8.146052497740567e-12,0.9062553463751455,5,3,r0_3,r0,3
215,C,0.17136513433897677,2.3320655910673455e-11,0.8286348656377026,5,3,r0_3,r0,3
216,A,0.09374465361620474,7.208397677331162e-12,0.9062553463765872,5,3,r0_3,r0,3
216,C,0.17136513433753295,2.0636970881432172e-11,0.8286348656418308,5,3,r0_3,r0,3
217,A,0.09374465361575866,6.3786785418801265e-12,0.9062553463778626,5,3,r0_3,r0,3
217,C,0.17136513433625558,1.8262117794641716e-11,0.8286348656454825,5,3,r0_3,r0,3
218,A,0.09374465361536397,5.64446941667214e-12,0.906255346378992,5,3,r0_3,r0,3
218,C,0.1713651343351248,1.6160557033468688e-11,0.8286348656487148,5,3,r0_3,r0,3
219,A,0.09374465361501483,4.994775219726514e-12,0.9062553463799908,5,3,r0_3,r0,3
219,C,0.17136513433412445,1.430083879070251e-11,0.8286348656515742,5,3,r0_3,r0,3
220,A,0.09374465361470567,4.419866735304679e-12,0.9062553463808741,5,3,r0_3,r0,3
220,C,0.171365134333239,1.2655132424001367e-11,0.828634865654106,5,3,r0_3,r0,3
221,A,0.09374465361443225,3.91113485775901e-12,0.9062553463816574,5,3,r0_3,r0,3
221,C,0.17136513433245582,1.119880997168964e-11,0.8286348656563468,5,3,r0_3,r0,3
222,A,0.0937446536141901,3.4609616206438665e-12,0.9062553463823483,5,3,r0_3,r0,3
222,C,0.17136513433176243,9.91007759645818e-12,0.8286348656583276,5,3,r0_3,r0,3
223,A,0.09374465361397595,3.062606077754431e-12,0.9062553463829609,5,3,r0_3,r0,3
223,C,0.1713651343311489,8.76964944155593e-12,0.8286348656600818,5,3,r0_3,r0,3
224,A,0.09374465361378653,2.7101033254902796e-12,0.9062553463835038,5,3,r0_3,r0,3
224,C,0.171365134330606,7.760459018757884e-12,0.8286348656616329,5,3,r0_3,r0,3
225,A,0.0937446536136188,2.3981751530063134e-12,0.9062553463839834,5,3,r0_3,r0,3
225,C,0.17136513433012568,6.867403809053993e-12,0.8286348656630081,5,3,r0_3,r0,3
226,A,0.09374465361347042,2.122150980969891e-12,0.9062553463844072,5,3,r0_3,r0,3
226,C,0.17136513432970055,6.077119254028261e-12,0.8286348656642231,5,3,r0_3,r0,3
227,A,0.09374465361333913,1.8778979040086076e-12,0.9062553463847834,5,3,r0_3,r0,3
227,C,0.17136513432932413,5.377778755726179e-12,0.8286348656652972,5,3,r0_3,r0,3
228,A,0.09374465361322286,1.6617587884243088e-12,0.9062553463851156,5,3,r0_3,r0,3
228,C,0.17136513432899136,4.758916692022334e-12,0.8286348656662498,5,3,r0_3,r0,3
229,A,0.09374465361311998,1.4704974982340245e-12,0.90625534638541,5,3,r0_3,r0,3
229,C,0.1713651343286966,4.211271800743366e-12,0.828634865667092,5,3,r0_3,r0,3
230,A,0.09374465361302889,1.3012504254314231e-12,0.9062553463856695,5,3,r0_3,r0,3
230,C,0.17136513432843611,3.72664858046856e-12,0.8286348656678374,5,3,r0_3,r0,3
231,A,0.09374465361294836,1.1514836036210832e-12,0.9062553463859008,5,3,r0_3,r0,3
231,C,0.17136513432820552,3.297794647588057e-12,0.8286348656684984,5,3,r0_3,r0,3
232,A,0.09374465361287714,1.0189547593149705e-12,0.9062553463861038,5,3,r0_3,r0,3
232,C,0.1713651343280012,2.918292206478564e-12,0.8286348656690811,5,3,r0_3,r0,3
233,A,0.09374465361281412,9.01679731177121e-13,0.9062553463862845,5,3,r0_3,r0,3
233,C,0.1713651343278203,2.5824620058316114e-12,0.8286348656695971,5,3,r0_3,r0,3
234,A,0.09374465361275833,7.979027560564302e-13,0.90625534638644345,5,3,r0_3,r0,3
234,C,0.17136513432766057,2.285278348796798e-12,0.8286348656700541,5,3,r0_3,r0,3
235,A,0.09374465361270896,7.060701760208008e-13,0.9062553463865847,5,3,r0_3,r0,3
235,C,0.1713651343275193,2.0222938835440565e-12,0.8286348656704587,5,3,r0_3,r0,3
236,A,0.09374465361266522,6.248071724832156e-13,0.90625534638671,5,3,r0_3,r0,3
236,C,0.17136513432739392,1.789573048739491e-12,0.828634865670817,5,3,r0_3,r0,3
237,A,0.09374465361262663,5.528971788733802e-13,0.9062553463868207,5,3,r0_3,r0,3
237,C,0.17136513432728298,1.583633177949474e-12,0.8286348656711341,5,3,r0_3,r0,3
238,A,0.09374465361259235,4.892636634466692e-13,0.9062553463869187,5,3,r0_3,r0,3
238,C,0.17136513432718495,1.4013923816031047e-12,0.8286348656714141,5,3,r0_3,r0,3
239,A,0.0937446536125621,4.32954009337127e-13,0.9062553463870058,5,3,r0_3,r0,3
239,C,0.17136513432709824,1.2401234265688782e-12,0.8286348656716612,5,3,r0_3,r0,3
240,A,0.09374465361253524,3.8312525038586127e-13,0.9062553463870822,5,3,r0_3,r0,3
240,C,0.17136513432702163,1.097412923155338e-12,0.8286348656718808,5,3,r0_3,r0,3
241,A,0.0937446536125115,3.3903144908145496e-13,0.90625534638715,5,3,r0_3,r0,3
241,C,0.17136513432695374,9.711252087707352e-13,0.8286348656720758,5,3,r0_3,r0,3
242,A,0.09374465361249062,3.0001252755206893e-13,0.9062553463872098,5,3,r0_3,r0,3
242,C,0.17136513432689343,8.593703877620617e-13,0.8286348656722476,5,3,r0_3,r0,3
243,A,0.09374465361247203,2.65484384318459e-13,0.9062553463872619,5,3,r0_3,r0,3
243,C,0.17136513432684033,7.60476049150758e-13,0.8286348656723993,5,3,r0_3,r0,3
244,A,0.09374465361245564,2.349301487796576e-13,0.9062553463873099,5,3,r0_3,r0,3
244,C,0.1713651343267934,6.729622390219433e-13,0.8286348656725343,5,3,r0_3,r0,3
245,A,0.09374465361244108,2.078924424472922e-13,0.9062553463873508,5,3,r0_3,r0,3
245,C,0.17136513432675154,5.955193130298012e-13,0.8286348656726534,5,3,r0_3,r0,3
246,A,0.09374465361242809,1.8396653102598967e-13,0.9062553463873878,5,3,r0_3,r0,3
246,C,0.17136513432671474,5.269883375825004e-13,0.8286348656727581,5,3,r0_3,r0,3
247,A,0.09374465361241677,1.6279426478204168e-13,0.9062553463874206,5,3,r0_3,r0,3
247,C,0.1713651343266821,4.663437464109594e-13,0.8286348656728523,5,3,r0_3,r0,3
248,A,0.09374465361240679,1.44058716450591e-13,0.9062553463874496,5,3,r0_3,r0,3
248,C,0.17136513432665315,4.126779929774613e-13,0.8286348656729343,5,3,r0_3,r0,3
249,A,0.0937446536123978,1.2747943640927144e-13,0.9062553463874748,5,3,r0_3,r0,3
249,C,0.17136513432662748,3.6518796900384476e-13,0.8286348656730067,5,3,r0_3,r0,3
250,A,0.09374465361238987,1.1280825392738943e-13,0.9062553463874968,5,3,r0_3,r0,3
250,C,0.17136513432660513,3.231629860732826e-13,0.8286348656730725,5,3,r0_3,r0,3
251,A,0.09374465361238286,9.982556183824828e-14,0.906255346387517,5,3,r0_3,r0,3
251,C,0.17136513432658512,2.8597414012311307e-13,0.8286348656731289,5,3,r0_3,r0,3
252,A,0.09374465361237673,8.833702886935891e-14,0.9062553463875346,5,3,r0_3,r0,3
252,C,0.1713651343265674,2.5306489985229907e-13,0.8286348656731799,5,3,r0_3,r0,3
253,A,0.09374465361237133,7.817069035443755e-14,0.9062553463875506,5,3,r0_3,r0,3
253,C,0.1713651343265518,2.2394277826816959e-13,0.8286348656732242,5,3,r0_3,r0,3
254,A,0.09374465361236638,6.917437384467117e-14,0.9062553463875634,5,3,r0_3,r0,3
254,C,0.1713651343265377,1.981719626198218e-13,0.8286348656732636,5,3,r0_3,r0,3
255,A,0.09374465361236216,6.121342104545196e-14,0.9062553463875761,5,3,r0_3,r0,3
255,C,0.17136513432652573,1.7536679246106833e-13,0.8286348656732998,5,3,r0_3,r0,3
256,A,0.09374465361235833,5.416867196793656e-14,0.9062553463875876,5,3,r0_3,r0,3
256,C,0.17136513432651482,1.5518598824224952e-13,0.8286348656733307,5,3,r0_3,r0,3
257,A,0.09374465361235494,4.793468111163441e-14,0.9062553463875963,5,3,r0_3,r0,3
257,C,0.1713651343265051,1.3732754406187562e-13,0.8286348656733579,5,3,r0_3,r0,3
258,A,0.0937446536123521,4.2418138968962487e-14,0.9062553463876062,5,3,r0_3,r0,3
258,C,0.17136513432649664,1.2152420814818786e-13,0.8286348656733821,5,3,r0_3,r0,3
259,A,0.09374465361234942,3.753647521739768e-14,0.9062553463876128,5,3,r0_3,r0,3
259,C,0.171365134326489,1.0753948343610808e-13,0.8286348656734036,5,3,r0_3,r0,3
260,A,0.093744653612347,3.3216622685567646e-14,0.9062553463876195,5,3,r0_3,r0,3
260,C,0.17136513432648243,9.516408838825067e-14,0.8286348656734225,5,3,r0_3,r0,3
261,A,0.09374465361234502,2.9393923587103906e-14,0.9062553463876254,5,3,r0_3,r0,3
261,C,0.17136513432647643,8.421282509622372e-14,0.8286348656734389,5,3,r0_3,r0,3
262,A,0.09374465361234319,2.6011161646402155e-14,0.9062553463876306,5,3,r0_3,r0,3
262,C,0.17136513432647116,7.45218077933818e-14,0.8286348656734535,5,3,r0_3,r0,3
263,A,0.09374465361234162,2.3017705625510764e-14,0.9062553463876352,5,3,r0_3,r0,3
263,C,0.1713651343264666,6.594601030374598e-14,0.8286348656734669,5,3,r0_3,r0,3
264,A,0.09374465361234022,2.0368751429423963e-14,0.9062553463876396,5,3,r0_3,r0,3
264,C,0.17136513432646253,5.835709572468297e-14,0.8286348656734787,5,3,r0_3,r0,3
265,A,0.09374465361233891,1.8024651443091755e-14,0.9062553463876434,5,3,r0_3,r0,3
265,C,0.17136513432645895,5.164149586455867e-14,0.8286348656734894,5,3,r0_3,r0,3
266,A,0.09374465361233786,1.5950321059569705e-14,0.9062553463876465,5,3,r0_3,r0,3
266,C,0.17136513432645573,4.5698711694159317e-14,0.8286348656734988,5,3,r0_3,r0,3
267,A,0.09374465361233685,1.4114713514488312e-14,0.9062553463876494,5,3,r0_3,r0,3
267,C,0.17136513432645295,4.0439809378145825e-14,0.8286348656735064,5,3,r0_3,r0,3
268,A,0.09374465361233603,1.2490355164732269e-14,0.9062553463876521,5,3,r0_3,r0,3
268,C,0.1713651343264505,3.578608937965524e-14,0.8286348656735145,5,3,r0_3,r0,3
269,A,0.09374465361233521,1.1052934253010818e-14,0.9062553463876539,5,3,r0_3,r0,3
269,C,0.17136513432644832,3.16679087136953e-14,0.8286348656735206,5,3,r0_3,r0,3
270,A,0.09374465361233451,9.780937007361824e-15,0.9062553463876559,5,3,r0_3,r0,3
270,C,0.17136513432644618,2.8023638758880188e-14,0.8286348656735257,5,3,r0_3,r0,3
271,A,0.0937446536123339,8.655325619201017e-15,0.9062553463876581,5,3,r0_3,r0,3
271,C,0.17136513432644454,2.4798742974137856e-14,0.8286348656735311,5,3,r0_3,r0,3
272,A,0.09374465361233332,7.659253284065288e-15,0.9062553463876595,5,3,r0_3,r0,3
272,C,0.17136513432644312,2.1944960751089623e-14,0.8286348656735355,5,3,r0_3,r0,3
273,A,0.09374465361233288,6.7778120411352135e-15,0.9062553463876604,5,3,r0_3,r0,3
273,C,0.17136513432644157,1.9419585200044684e-14,0.828634865673539,5,3,r0_3,r0,3
274,A,0.09374465361233243,5.997809633662643e-15,0.9062553463876618,5,3,r0_3,r0,3
274,C,0.17136513432644038,1.7184824041009867e-14,0.8286348656735426,5,3,r0_3,r0,3
275,A,0.09374465361233207,5.307572050941364e-15,0.9062553463876624,5,3,r0_3,r0,3
275,C,0.17136513432643938,1.5207234041863118e-14,0.8286348656735459,5,3,r0_3,r0,3
276,A,0.09374465361233177,4.6967687959937054e-15,0.9062553463876636,5,3,r0_3,r0,3
276,C,0.17136513432643846,1.3457220540057095e-14,0.8286348656735489,5,3,r0_3,r0,3
277,A,0.09374465361233142,4.156258263361026e-15,0.9062553463876644,5,3,r0_3,r0,3
277,C,0.17136513432643763,1.1908594558193443e-14,0.828634865673551,5,3,r0_3,r0,3
278,A,0.09374465361233124,3.6779509124409e-15,0.9062553463876656,5,3,r0_3,r0,3
278,C,0.17136513432643694,1.0538180885700767e-14,0.8286348656735532,5,3,r0_3,r0,3
279,A,0.09374465361233102,3.254688188215471e-15,0.906255346387666,5,3,r0_3,r0,3
279,C,0.17136513432643613,9.325471261557078e-15,0.8286348656735545,5,3,r0_3,r0,3
280,A,0.09374465361233082,2.880135376953513e-15,0.9062553463876664,5,3,r0_3,r0,3
280,C,0.17136513432643555,8.252317467934346e-15,0.8286348656735559,5,3,r0_3,r0,3
281,A,0.09374465361233067,2.5486867930728e-15,0.9062553463876669,5,3,r0_3,r0,3
281,C,0.1713651343264351,7.302659741910132e-15,0.8286348656735576,5,3,r0_3,r0,3
282,A,0.0937446536123305,2.2553818779424895e-15,0.9062553463876677,5,3,r0_3,r0,3
282,C,0.1713651343264346,6.462286440926053e-15,0.8286348656735586,5,3,r0_3,r0,3
283,A,0.09374465361233028,1.9958309547516088e-15,0.9062553463876681,5,3,r0_3,r0,3
283,C,0.17136513432643416,5.718621365384887e-15,0.8286348656735595,5,3,r0_3,r0,3
284,A,0.09374465361233009,1.7661495281148431e-15,0.9062553463876678,5,3,r0_3,r0,3
284,C,0.171365134326434,5.060535555667942e-15,0.8286348656735616,5,3,r0_3,r0,3
285,A,0.09374465361233005,1.56290014499487e-15,0.9062553463876685,5,3,r0_3,r0,3
285,C,0.17136513432643366,4.478180747113408e-15,0.8286348656735625,5,3,r0_3,r0,3
286,A,0.09374465361232992,1.3830409467062997e-15,0.9062553463876685,5,3,r0_3,r0,3
286,C,0.17136513432643333,3.962841990608387e-15,0.8286348656735629,5,3,r0_3,r0,3
287,A,0.09374465361232986,1.2238801419249141e-15,0.9062553463876689,5,3,r0_3,r0,3
287,C,0.17136513432643308,3.5068072332604485e-15,0.8286348656735638,5,3,r0_3,r0,3
288,A,0.0937446536123298,1.0830357192561861e-15,0.906255346387669,5,3,r0_3,r0,3
288,C,0.1713651343264328,3.103251907422404e-15,0.8286348656735638,5,3,r0_3,r0,3
289,A,0.09374465361232975,9.583997958677578e-16,0.906255346387669,5,3,r0_3,r0,3
289,C,0.17136513432643266,2.746136799964864e-15,0.8286348656735648,5,3,r0_3,r0,3
290,A,0.09374465361232971,8.481070707593139e-16,0.9062553463876694,5,3,r0_3,r0,3
290,C,0.1713651343264325,2.4301176779004425e-15,0.828634865673565,5,3,r0_3,r0,3
291,A,0.09374465361232966,7.505069068766305e-16,0.9062553463876697,5,3,r0_3,r0,3
291,C,0.17136513432643227,2.1504653105102953e-15,0.8286348656735657,5,3,r0_3,r0,3
292,A,0.09374465361232961,6.64138626260751e-16,0.9062553463876698,5,3,r0_3,r0,3
292,C,0.17136513432643213,1.902994695316081e-15,0.8286348656735656,5,3,r0_3,r0,3
293,A,0.09374465361232956,5.877096492060414e-16,0.9062553463876698,5,3,r0_3,r0,3
293,C,0.17136513432643208,1.6840024302818564e-15,0.8286348656735664,5,3,r0_3,r0,3
294,A,0.09374465361232953,5.200761489220315e-16,0.9062553463876699,5,3,r0_3,r0,3
294,C,0.17136513432643194,1.4902112923472201e-15,0.8286348656735668,5,3,r0_3,r0,3
295,A,0.09374465361232949,4.602259325530495e-16,0.9062553463876699,5,3,r0_3,r0,3
295,C,0.1713651343264318,1.318721193734553e-15,0.8286348656735668,5,3,r0_3,r0,3
296,A,0.09374465361232946,4.072632923312106e-16,0.90625534638767,5,3,r0_3,r0,3
296,C,0.1713651343264317,1.1669657820909223e-15,0.828634865673567,5,3,r0_3,r0,3
297,A,0.09374465361232949,3.603956001270433e-16,0.90625534638767,5,3,r0_3,r0,3
297,C,0.1713651343264317,1.0326740349852512e-15,0.8286348656735671,5,3,r0_3,r0,3
298,A,0.09374465361232943,3.1892144475667467e-16,0.9062553463876701,5,3,r0_3,r0,3
298,C,0.17136513432643152,9.138362740219566e-16,0.8286348656735673,5,3,r0_3,r0,3
299,A,0.09374465361232942,2.8222013449601186e-16,0.9062553463876704,5,3,r0_3,r0,3
299,C,0.17136513432643144,8.086740899718154e-16,0.8286348656735671,5,3,r0_3,r0,3
300,A,0.09374465361232939,2.4974240768614716e-16,0.9062553463876704,5,3,r0_3,r0,3
300,C,0.1713651343264314,7.156137288493048e-16,0.8286348656735676,5,3,r0_3,r0,3
301,A,0.093744653612329365,2.210022123963168e-16,0.9062553463876705,5,3,r0_3,r0,3
301,C,0.17136513432643138,6.332625406586651e-16,0.8286348656735677,5,3,r0_3,r0,3
302,A,0.093744653612329365,1.9556943211175357e-16,0.9062553463876705,5,3,r0_3,r0,3
302,C,0.17136513432643133,5.603881383639096e-16,0.8286348656735679,5,3,r0_3,r0,3
303,A,0.09374465361232935,1.7306344857323946e-16,0.9062553463876705,5,3,r0_3,r0,3
303,C,0.1713651343264313,4.958999551964494e-16,0.8286348656735679,5,3,r0_3,r0,3
304,A,0.09374465361232935,1.53147445425027e-16,0.9062553463876704,5,3,r0_3,r0,3
304,C,0.1713651343264312,4.3883292430521065e-16,0.8286348656735677,5,3,r0_3,r0,3
305,A,0.09374465361232931,1.3552336741559917e-16,0.9062553463876704,5,3,r0_3,r0,3
305,C,0.1713651343264312,3.883330365149683e-16,0.8286348656735678,5,3,r0_3,r0,3
306,A,0.09374465361232932,1.199274597074759e-16,0.9062553463876706,5,3,r0_3,r0,3
306,C,0.17136513432643116,3.4364456006454836e-16,0.8286348656735678,5,3,r0_3,r0,3
307,A,0.0937446536123293,1.0612632053478807e-16,0.9062553463876705,5,3,r0_3,r0,3
307,C,0.17136513432643116,3.0409873106810345e-16,0.8286348656735678,5,3,r0_3,r0,3
308,A,0.09374465361232928,9.391340813059966e-17,0.9062553463876706,5,3,r0_3,r0,3
308,C,0.17136513432643116,2.6910374545203514e-16,0.828634865673568,5,3,r0_3,r0,3
309,A,0.09374465361232928,8.310594969779709e-17,0.9062553463876706,5,3,r0_3,r0,3
309,C,0.17136513432643113,2.3813590265549637e-16,0.8286348656735683,5,3,r0_3,r0,3
310,A,0.09374465361232928,7.354220591927581e-17,0.9062553463876706,5,3,r0_3,r0,3
310,C,0.17136513432643108,2.1073176829011142e-16,0.8286348656735684,5,3,r0_3,r0,3
311,A,0.09374465361232927,6.507905046712917e-17,0.9062553463876706,5,3,r0_3,r0,3
311,C,0.17136513432643102,1.8648123891780637e-16,0.8286348656735683,5,3,r0_3,r0,3
312,A,0.09374465361232927,5.758982805645076e-17,0.9062553463876706,5,3,r0_3,r0,3
312,C,0.17136513432643102,1.650214049069368e-16,0.8286348656735683,5,3,r0_3,r0,3
313,A,0.09374465361232927,5.09624589049109e-17,0.9062553463876706,5,3,r0_3,r0,3
313,C,0.17136513432643102,1.4603111943338392e-16,0.8286348656735684,5,3,r0_3,r0,3
314,A,0.09374465361232927,4.509776137375138e-17,0.9062553463876707,5,3,r0_3,r0,3
314,C,0.17136513432643102,1.2922619251262037e-16,0.8286348656735684,5,3,r0_3,r0,3
315,A,0.09374465361232928,3.990796764168481e-17,0.9062553463876708,5,3,r0_3,r0,3
315,C,0.17136513432643094,1.143551380915096e-16,0.8286348656735683,5,3,r0_3,r0,3
316,A,0.09374465361232928,3.5315410197009605e-17,0.9062553463876706,5,3,r0_3,r0,3
316,C,0.17136513432643094,1.0119541055499484e-16,0.8286348656735683,5,3,r0_3,r0,3
317,A,0.09374465361232928,3.125135948979908e-17,0.9062553463876706,5,3,r0_3,r0,3
317,C,0.17136513432643094,8.955007432694478e-17,0.8286348656735683,5,3,r0_3,r0,3
318,A,0.09374465361232928,2.765499534834851e-17,0.9062553463876706,5,3,r0_3,r0,3
318,C,0.17136513432643094,7.924485672567517e-17,0.8286348656735683,5,3,r0_3,r0,3
319,A,0.09374465361232928,2.4472496766027972e-17,0.9062553463876706,5,3,r0_3,r0,3
319,C,0.17136513432643094,7.012553997008078e-17,0.8286348656735683,5,3,r0_3,r0,3
320,A,0.09374465361232928,2.165623643626199e-17,0.9062553463876706,5,3,r0_3,r0,3
320,C,0.17136513432643094,6.20556533077095e-17,0.8286348656735683,5,3,r0_3,r0,3
321,A,0.09374465361232928,1.916406798104612e-17,0.9062553463876706,5,3,r0_3,r0,3
321,C,0.17136513432643094,5.491443072743221e-17,0.8286348656735683,5,3,r0_3,r0,3
322,A,0.09374465361232928,1.6958695205684813e-17,0.9062553463876706,5,3,r0_3,r0,3
322,C,0.17136513432643094,4.859500369384705e-17,0.8286348656735683,5,3,r0_3,r0,3
323,A,0.09374465361232928,1.5007113940057597e-17,0.9062553463876706,5,3,r0_3,r0,3
323,C,0.17136513432643097,4.30028018576577e-17,0.8286348656735684,5,3,r0_3,r0,3
324,A,0.09374465361232928,1.3280118113060897e-17,0.9062553463876706,5,3,r0_3,r0,3
324,C,0.17136513432643097,3.8054137808627024e-17,0.8286348656735684,5,3,r0_3,r0,3
325,A,0.09374465361232928,1.1751862668196866e-17,0.9062553463876706,5,3,r0_3,r0,3
325,C,0.17136513432643097,3.3674954691911707e-17,0.8286348656735684,5,3,r0_3,r0,3
326,A,0.09374465361232928,1.0399476778968699e-17,0.9062553463876706,5,3,r0_3,r0,3
326,C,0.17136513432643097,2.979971794583365e-17,0.8286348656735684,5,3,r0_3,r0,3
327,A,0.09374465361232928,9.202721575533067e-18,0.9062553463876706,5,3,r0_3,r0,3
327,C,0.17136513432643097,2.6370434575924474e-17,0.8286348656735684,5,3,r0_3,r0,3
328,A,0.09374465361232928,8.143687260216417e-18,0.9062553463876706,5,3,r0_3,r0,3
328,C,0.17136513432643097,2.3335785288662144e-17,0.8286348656735684,5,3,r0_3,r0,3
329,A,0.09374465361232928,7.206525071607283e-18,0.9062553463876706,5,3,r0_3,r0,3
329,C,0.17136513432643097,2.065035650478456e-17,0.8286348656735684,5,3,r0_3,r0,3
330,A,0.09374465361232928,6.377210119957143e-18,0.9062553463876706,5,3,r0_3,r0,3
330,C,0.17136513432643097,1.8273960724779427e-17,0.8286348656735684,5,3,r0_3,r0,3
331,A,0.09374465361232928,5.643331487990223e-18,0.9062553463876706,5,3,r0_3,r0,3
331,C,0.17136513432643097,1.6171035132522744e-17,0.8286348656735684,5,3,r0_3,r0,3
332,A,0.09374465361232928,4.993906488495208e-18,0.9062553463876706,5,3,r0_3,r0,3
332,C,0.17136513432643097,1.4310109404900205e-17,0.8286348656735684,5,3,r0_3,r0,3
333,A,0.09374465361232928,4.419216310290363e-18,0.9062553463876706,5,3,r0_3,r0,3
333,C,0.17136513432643097,1.2663334751499303e-17,0.8286348656735684,5,3,r0_3,r0,3
334,A,0.09374465361232928,3.9106605723168755e-18,0.9062553463876706,5,3,r0_3,r0,3
334,C,0.17136513432643097,1.1206067156925915e-17,0.8286348656735684,5,3,r0_3,r0,3
335,A,0.09374465361232928,3.4606286155942978e-18,0.9062553463876706,5,3,r0_3,r0,3
335,C,0.17136513432643097,9.91649858263915e-18,0.8286348656735684,5,3,r0_3,r0,3
336,A,0.09374465361232928,3.0623856068428797e-18,0.9062553463876706,5,3,r0_3,r0,3
336,C,0.17136513432643097,8.775330609233318e-18,0.8286348656735684,5,3,r0_3,r0,3
337,A,0.09374465361232928,2.709971749245648e-18,0.9062553463876706,5,3,r0_3,r0,3
337,C,0.17136513432643097,7.765485635217897e-18,0.8286348656735684,5,3,r0_3,r0,3
338,A,0.09374465361232928,2.3981130919809587e-18,0.9062553463876706,5,3,r0_3,r0,3
338,C,0.17136513432643097,6.87185131037962e-18,0.8286348656735684,5,3,r0_3,r0,3
339,A,0.09374465361232928,2.122142603740325e-18,0.9062553463876706,5,3,r0_3,r0,3
339,C,0.17136513432643097,6.081054379167455e-18,0.8286348656735684,5,3,r0_3,r0,3
340,A,0.09374465361232928,1.877930329053924e-18,0.9062553463876706,5,3,r0_3,r0,3
340,C,0.17136513432643097,5.3812605496625e-18,0.8286348656735684,5,3,r0_3,r0,3
341,A,0.09374465361232928,1.6618215821765432e-18,0.9062553463876706,5,3,r0_3,r0,3
341,C,0.17136513432643097,4.761997393168051e-18,0.8286348656735684,5,3,r0_3,r0,3
342,A,0.09374465361232928,1.4705822535740296e-18,0.9062553463876706,5,3,r0_3,r0,3
342,C,0.17136513432643097,4.213997624109052e-18,0.8286348656735684,5,3,r0_3,r0,3
343,A,0.09374465361232928,1.3013504104949066e-18,0.9062553463876706,5,3,r0_3,r0,3
343,C,0.17136513432643097,3.729060414921508e-18,0.8286348656735684,5,3,r0_3,r0,3
344,A,0.09374465361232928,1.151593467306569e-18,0.9062553463876706,5,3,r0_3,r0,3
344,C,0.17136513432643097,3.2999286705067484e-18,0.8286348656735684,5,3,r0_3,r0,3
345,A,0.09374465361232928,1.0190702846303912e-18,0.9062553463876706,5,3,r0_3,r0,3
345,C,0.17136513432643097,2.9201804256602443e-18,0.8286348656735684,5,3,r0_3,r0,3
346,A,0.09374465361232928,9.017976300723104e-19,0.9062553463876706,5,3,r0_3,r0,3
346,C,0.17136513432643097,2.5841327402355296e-18,0.8286348656735684,5,3,r0_3,r0,3
347,A,0.09374465361232928,7.980204986191523e-19,0.9062553463876706,5,3,r0_3,r0,3
347,C,0.17136513432643097,2.286756653832552e-18,0.8286348656735684,5,3,r0_3,r0,3
348,A,0.09374465361232928,7.061858485329797e-19,0.9062553463876706,5,3,r0_3,r0,3
348,C,0.17136513432643097,2.023601927305631e-18,0.8286348656735684,5,3,r0_3,r0,3
349,A,0.09374465361232928,6.249193605004612e-19,0.9062553463876706,5,3,r0_3,r0,3
349,C,0.17136513432643097,1.790730444590394e-18,0.8286348656735684,5,3,r0_3,r0,3
350,A,0.09374465361232928,5.530048684957181e-19,0.9062553463876706,5,3,r0_3,r0,3
350,C,0.17136513432643097,1.584657279382771e-18,0.8286348656735684,5,3,r0_3,r0,3
351,A,0.09374465361232928,4.893661607153359e-19,0.9062553463876706,5,3,r0_3,r0,3
351,C,0.17136513432643097,1.4022985427904621e-18,0.8286348656735684,5,3,r0_3,r0,3
352,A,0.09374465361232928,4.330508746694239e-19,0.9062553463876706,5,3,r0_3,r0,3
352,C,0.17136513432643097,1.2409252326068534e-18,0.8286348656735684,5,3,r0_3,r0,3
353,A,0.09374465361232928,3.832162441656022e-19,0.9062553463876706,5,3,r0_3,r0,3
353,C,0.17136513432643097,1.0981223939562783e-18,0.8286348656735684,5,3,r0_3,r0,3
354,A,0.09374465361232928,3.391164871312797e-19,0.9062553463876706,5,3,r0_3,r0,3
354,C,0.17136513432643097,9.717529794457994e-19,0.8286348656735684,5,3,r0_3,r0,3
355,A,0.09374465361232928,3.0009164482894e-19,0.9062553463876706,5,3,r0_3,r0,3
355,C,0.17136513432643097,8.599258682079837e-19,0.8286348656735684,5,3,r0_3,r0,3
356,A,0.09374465361232928,2.655577054396821e-19,0.9062553463876706,5,3,r0_3,r0,3
356,C,0.17136513432643097,7.60967565239043e-19,0.8286348656735684,5,3,r0_3,r0,3
357,A,0.09374465361232928,2.349978642112928e-19,0.9062553463876706,5,3,r0_3,r0,3
357,C,0.17136513432643097,6.733971575123685e-19,0.8286348656735684,5,3,r0_3,r0,3
358,A,0.09374465361232928,2.0795478937631238e-19,0.9062553463876706,5,3,r0_3,r0,3
358,C,0.17136513432643097,5.959041520852006e-19,0.8286348656735684,5,3,r0_3,r0,3
359,A,0.09374465361232928,1.840237780972401e-19,0.9062553463876706,5,3,r0_3,r0,3
359,C,0.17136513432643097,5.273288645452616e-19,0.8286348656735684,5,3,r0_3,r0,3
360,A,0.09374465361232928,1.6284670001564127e-19,0.9062553463876706,5,3,r0_3,r0,3
360,C,0.17136513432643097,4.666450643100846e-19,0.8286348656735684,5,3,r0_3,r0,3
361,A,0.09374465361232928,1.4410663776866462e-19,0.9062553463876706,5,3,r0_3,r0,3
361,C,0.17136513432643097,4.1294461706556403e-19,0.8286348656735684,5,3,r0_3,r0,3
362,A,0.09374465361232928,1.2752314426685876e-19,0.9062553463876706,5,3,r0_3,r0,3
362,C,0.17136513432643097,3.6542389451754854e-19,0.8286348656735684,5,3,r0_3,r0,3
363,A,0.09374465361232928,1.1284804575719433e-19,0.9062553463876706,5,3,r0_3,r0,3
363,C,0.17136513432643097,3.2337174807811886e-19,0.8286348656735684,5,3,r0_3,r0,3
364,A,0.09374465361232928,9.986172786306996e-20,0.9062553463876706,5,3,r0_3,r0,3
364,C,0.17136513432643097,2.8615886651253186e-19,0.8286348656735684,5,3,r0_3,r0,3
365,A,0.09374465361232928,8.836984902096587e-20,0.9062553463876706,5,3,r0_3,r0,3
365,C,0.17136513432643097,2.5322835828380837e-19,0.8286348656735684,5,3,r0_3,r0,3
0,A,0.999,0.0010000000000000002,0,6,3,r0_3,r0,3
0,C,0.9990000000000001,0.001,0,6,3,r0_3,r0,3
1,A,0.9982446963099452,0.0015072818490171997,2.480218410383386e-4,6,3,r0_3,r0,3
1,C,0.9984687483495541,0.0013022555727529906,2.289960776917727e-4,6,3,r0_3,r0,3
2,A,0.9971803022088844,0.0022038697209127165,6.158280702037116e-4,6,3,r0_3,r0,3
2,C,0.9977826346845531,0.001690585790888246,5.267795245588971e-4,6,3,r0_3,r0,3
3,A,0.9957103404296953,0.0031432495386858276,0.0011464100316192164,6,3,r0_3,r0,3
3,C,0.9968994556000552,0.002187756867516856,9.127875324278123e-4,6,3,r0_3,r0,3
4,A,0.99370229443791,0.0044020814355392015,0.0018956241265508007,6,3,r0_3,r0,3
4,C,0.9957646740365533,0.0028236648224829125,0.0014116611409651753,6,3,r0_3,r0,3
5,A,0.9909822805169601,0.006082078415640864,0.002935641067398752,6,3,r0_3,r0,3
5,C,0.9943097553744525,0.0036360980355034486,0.002054146590044969,6,3,r0_3,r0,3
6,A,0.9873122223735766,0.008321663084153528,0.00436611454226981,6,3,r0_3,r0,3
6,C,0.9924432925270021,0.004675403645874857,0.002881303827123817,6,3,r0_3,r0,3
7,A,0.9823942648747632,0.011291643204012793,0.006314091921223897,6,3,r0_3,r0,3
7,C,0.9900528807206308,0.0060031935627485565,0.003943925716620506,6,3,r0_3,r0,3
8,A,0.9758465755654245,0.015206537000227319,0.008946887434348298,6,3,r0_3,r0,3
8,C,0.9869952038595475,0.007697373707246516,0.0053074224332056,6,3,r0_3,r0,3
9,A,0.9672005602250324,0.020322593762228426,0.012476846012739216,6,3,r0_3,r0,3
9,C,0.9830932680378566,0.0098530782071037,0.007053653755041118,6,3,r0_3,r0,3
10,A,0.9558770698908093,0.026945717773477523,0.017177212335713486,6,3,r0_3,r0,3
10,C,0.9781236936642407,0.01258870185910914,0.00928760447665118,6,3,r0_3,r0,3
11,A,0.9412103024389284,0.0354099776827083,0.02337971987836414,6,3,r0_3,r0,3
11,C,0.9718188582113413,0.01604339873944071,0.012137743049218908,6,3,r0_3,r0,3
12,A,0.9224524516345165,0.04606001762947763,0.03148753073600599,6,3,r0_3,r0,3
12,C,0.9638550587073846,0.02038093099983214,0.01576401029278303,6,3,r0_3,r0,3
13,A,0.8988272699329363,0.05920254327558284,0.04197018679148157,6,3,r0_3,r0,3
13,C,0.9538523827663488,0.025786184821275728,0.020361432412375337,6,3,r0_3,r0,3
14,A,0.8696153362799648,0.07503605408671683,0.05534860963331761,6,3,r0_3,r0,3
14,C,0.9413791228861943,0.032457597542074425,0.026163279571730553,6,3,r0_3,r0,3
15,A,0.8342792219593204,0.09355654650953693,0.07216423153114193,6,3,r0_3,r0,3
15,C,0.9259655326968185,0.040592296375460475,0.03344217092772123,6,3,r0_3,r0,3
16,A,0.7926215913226152,0.11444870796088945,0.09292970071649514,6,3,r0_3,r0,3
16,C,0.9071282343849543,0.05036257617645597,0.04250918943858842,6,3,r0_3,r0,3
17,A,0.7449391568276549,0.1370053464057281,0.11805549676661689,6,3,r0_3,r0,3
17,C,0.8844164403531879,0.06187959305132497,0.0537039665954859,6,3,r0_3,r0,3
18,A,0.6921204802008524,0.16011090233940065,0.14776861745974668,6,3,r0_3,r0,3
18,C,0.8574732083058396,0.07514862922269401,0.06737816247146543,6,3,r0_3,r0,3
19,A,0.6356368162480078,0.18232425141370232,0.1820389323382892,6,3,r0_3,r0,3
19,C,0.8261095388044952,0.09002010466971215,0.08387035652579207,6,3,r0_3,r0,3
20,A,0.5773911788131254,0.202075762738982,0.22053305844789245,6,3,r0_3,r0,3
20,C,0.79038080633619,0.1061488821013597,0.10347031156245083,6,3,r0_3,r0,3
21,A,0.5194614360439228,0.21792947440145613,0.2626090895546209,6,3,r0_3,r0,3
21,C,0.7506523951908669,0.12297112686948718,0.12637647793964676,6,3,r0_3,r0,3
22,A,0.4637873845286221,0.22883829141695414,0.30737432405442355,6,3,r0_3,r0,3
22,C,0.7076186791928921,0.1397267985067858,0.15265452230032275,6,3,r0_3,r0,3
23,A,0.41192152710649893,0.23429927786132743,0.3537791950321747,6,3,r0_3,r0,3
23,C,0.6622715896975183,0.1555252477047368,0.1822031625977439,6,3,r0_3,r0,3
24,A,0.3648901231256748,0.23437534735488016,0.40073452951944444,6,3,r0_3,r0,3
24,C,0.6158035509989506,0.1694570925705169,0.21473935643053227,6,3,r0_3,r0,3
25,A,0.32319770668966985,0.22959523820793742,0.44720705510239334,6,3,r0_3,r0,3
25,C,0.569482160978668,0.18071183368813976,0.24980600533319297,6,3,r0_3,r0,3
26,A,0.28689922363446085,0.22079574193610146,0.4923050344294383,6,3,r0_3,r0,3
26,C,0.524498939898985,0.18869590965830565,0.2868051504427089,6,3,r0_3,r0,3
27,A,0.2557247057129592,0.20895306422508136,0.5353222300619596,6,3,r0_3,r0,3
27,C,0.48184981200984744,0.1931042967669408,0.3250458912232114,6,3,r0_3,r0,3
28,A,0.2292166986190419,0.19503534753926904,0.575747953841689,6,3,r0_3,r0,3
28,C,0.44226332316692957,0.19392922908598673,0.3638074477470835,6,3,r0_3,r0,3
29,A,0.2068298376608256,0.17991327026539822,0.6132568920737766,6,3,r0_3,r0,3
29,C,0.4061814468354936,0.19142304991596368,0.40239550324854073,6,3,r0_3,r0,3
30,A,0.18800276853182385,0.16431406216151667,0.64768316930666,6,3,r0_3,r0,3
30,C,0.37378678893845335,0.18602773908005046,0.4401854719814963,6,3,r0_3,r0,3
31,A,0.17220317783013794,0.1488065412446734,0.6789902809251877,6,3,r0_3,r0,3
31,C,0.3450540321497039,0.17829348357193822,0.47665248427835694,6,3,r0_3,r0,3
32,A,0.1589521964511933,0.1338079013342017,0.7072399022146054,6,3,r0_3,r0,3
32,C,0.31980944295767444,0.16880427195375972,0.5113862850885655,6,3,r0_3,r0,3
33,A,0.14783354266278412,0.1196008526190182,0.7325656047181973,6,3,r0_3,r0,3
33,C,0.2977838303096856,0.15812206567442302,0.5440941040158906,6,3,r0_3,r0,3
34,A,0.13849226846606247,0.10636291037206475,0.7551448211618726,6,3,r0_3,r0,3
34,C,0.2786643796839943,0.1467468351803501,0.574588785135656,6,3,r0_3,r0,3
35,A,0.1306294491262628,0.09418833693309815,0.7751822139406389,6,3,r0_3,r0,3
35,C,0.26212519674960866,0.1350998850235493,0.602774918226842,6,3,r0_3,r0,3
36,A,0.12399879135244468,0.08310825769268473,0.7928929509548702,6,3,r0_3,r0,3
36,C,0.2478519352136896,0.12351450020717762,0.6286335645791317,6,3,r0_3,r0,3
37,A,0.11839267318091534,0.07311048706830185,0.8084968397507833,6,3,r0_3,r0,3
37,C,0.2355475905839227,0.1122490613386626,0.6522033480774143,6,3,r0_3,r0,3
38,A,0.11364204028881092,0.0641519952972459,0.8222059644139434,6,3,r0_3,r0,3
38,C,0.22494639503686462,0.10148593957411058,0.6735676653890249,6,3,r0_3,r0,3
39,A,0.10960649184938942,0.05617104209185353,0.834222466058758,6,3,r0_3,r0,3
39,C,0.21581172878228821,0.0913486311447787,0.6928396400729326,6,3,r0_3,r0,3
40,A,0.10617094900965872,0.04909443215975402,0.8447346188305876,6,3,r0_3,r0,3
40,C,0.20793768561118334,0.08190938594046593,0.7101529284483509,6,3,r0_3,r0,3
41,A,0.10324041775239684,0.04284411325285748,0.8539154689947458,6,3,r0_3,r0,3
41,C,0.20114621315922734,0.07320209337718266,0.7256516934635908,6,3,r0_3,r0,3
42,A,0.10073561545434596,0.037342093934897305,0.8619222906107574,6,3,r0_3,r0,3
42,C,0.19528389281371453,0.0652331157041283,0.7394829914821568,6,3,r0_3,r0,3
43,A,0.09859071963774692,0.032512152119678665,0.8688971282425743,6,3,r0_3,r0,3
43,C,0.1902190233745304,0.05798775065826248,0.7517932259672075,6,3,r0_3,r0,3
44,A,0.09675081211545095,0.02828178728392883,0.8749674006006201,6,3,r0_3,r0,3
44,C,0.18583882057062578,0.051436443065698986,0.7627247363636733,6,3,r0_3,r0,3
45,A,0.09517083544509915,0.024584712731494623,0.8802444518234065,6,3,r0_3,r0,3
45,C,0.1820487642880082,0.04554067412879814,0.772410561583193,6,3,r0_3,r0,3
46,A,0.0938113026260164,0.021357725044432087,0.8848309723295527,6,3,r0_3,r0,3
46,C,0.17876463561353334,0.04025531398380495,0.7809800504026613,6,3,r0_3,r0,3
47,A,0.09264023441499293,0.018545277519177464,0.8888144880658283,6,3,r0_3,r0,3
47,C,0.17591700953455858,0.03553340193340168,0.7885495885320389,6,3,r0_3,r0,3
48,A,0.09163037644862594,0.016096897979252164,0.8922727255721219,6,3,r0_3,r0,3
48,C,0.17344591508653995,0.03132699200693387,0.7952270929065265,6,3,r0_3,r0,3
49,A,0.09075864039620592,0.013967467386987495,0.895273892216806,6,3,r0_3,r0,3
49,C,0.17129999360400677,0.027589090839678802,0.8011109155563143,6,3,r0_3,r0,3
50,A,0.09000530792777621,0.012116673046368225,0.8978780190258557,6,3,r0_3,r0,3
50,C,0.1694348994542878,0.024274444335834734,0.8062906562098792,6,3,r0_3,r0,3
51,A,0.08935394228478279,0.01050942910371857,0.9001366286114977,6,3,r0_3,r0,3
51,C,0.16781330271122877,0.02134082959541967,0.810845867693351,6,3,r0_3,r0,3
52,A,0.08879032591367081,0.009114425119294058,0.9020952489670354,6,3,r0_3,r0,3
52,C,0.16640265050875563,0.018748595125768562,0.8148487543654764,6,3,r0_3,r0,3
53,A,0.08830214926217392,0.007903821411735078,0.9037940293260909,6,3,r0_3,r0,3
53,C,0.16517453465456877,0.016460823352485894,0.8183646419929465,6,3,r0_3,r0,3
54,A,0.0878791023280647,0.006853698126816381,0.9052671995451189,6,3,r0_3,r0,3
54,C,0.16410494707201545,0.014444298654995335,0.8214507542729891,6,3,r0_3,r0,3
55,A,0.08751226892167496,0.0059429621989959365,0.9065447688793292,6,3,r0_3,r0,3
55,C,0.16317298762584853,0.012668626984177254,0.824158385389973,6,3,r0_3,r0,3
56,A,0.08719405022741801,0.005153332920920441,0.9076526168516605,6,3,r0_3,r0,3
56,C,0.16236072528188852,0.01110654546460852,0.8265327292535027,6,3,r0_3,r0,3
57,A,0.08691796260902471,0.004469004920747886,0.9086130324702276,6,3,r0_3,r0,3
57,C,0.16165275842749172,0.009733753936504642,0.8286134876360025,6,3,r0_3,r0,3
58,A,0.08667825641204074,0.003875813184857951,0.909445930403102,6,3,r0_3,r0,3
58,C,0.1610353512255678,0.008527896013148926,0.8304367527612824,6,3,r0_3,r0,3
59,A,0.08647003488631408,0.0033615891093132367,0.9101683760043734,6,3,r0_3,r0,3
59,C,0.16049672716135407,0.007469234544390325,0.8320340382942547,6,3,r0_3,r0,3
60,A,0.08628912388080037,0.002915885381464561,0.9107949907377355,6,3,r0_3,r0,3
60,C,0.16002677915126617,0.006540374635958515,0.8334328462127749,6,3,r0_3,r0,3
61,A,0.08613188664067871,0.0025295528311775686,0.9113385605281443,6,3,r0_3,r0,3
61,C,0.1596166579020887,0.005725763246723496,0.8346575788511894,6,3,r0_3,r0,3
62,A,0.08599518718211653,0.0021946728571556116,0.9118101399607281,6,3,r0_3,r0,3
62,C,0.15925868760835374,0.005011644954946745,0.8357296674366999,6,3,r0_3,r0,3
63,A,0.08587631132866547,0.0019043744512441112,0.9122193142200911,6,3,r0_3,r0,3
63,C,0.15894618827158383,0.0043858466653514585,0.8366679650630642,6,3,r0_3,r0,3
64,A,0.08577290929393587,0.0016527006221877802,0.9125743900838762,6,3,r0_3,r0,3
64,C,0.15867334537978556,0.00383761571262905,0.837489038907586,6,3,r0_3,r0,3
65,A,0.08568292941211036,0.0014344480233081317,0.9128826225645817,6,3,r0_3,r0,3
65,C,0.15843505526407342,0.0033573930196432304,0.8382075517162834,6,3,r0_3,r0,3
66,A,0.08560461766272233,0.001245169521104009,0.9131502128161735,6,3,r0_3,r0,3
66,C,0.15822693104713642,0.002936861419243013,0.8388362075336206,6,3,r0_3,r0,3
67,A,0.0855364044620633,0.0010808902677388187,0.9133827052701979,6,3,r0_3,r0,3
67,C,0.15804502686043231,0.002568467896418341,0.8393865052431501,6,3,r0_3,r0,3
68,A,0.085477035583909,9.384380882805352e-4,0.913584526327812,6,3,r0_3,r0,3
68,C,0.15788617513894024,0.0022460960213633507,0.8398677288396957,6,3,r0_3,r0,3
69,A,0.08542543451838909,8.150945021389306e-4,0.9137594709794727,6,3,r0_3,r0,3
69,C,0.15774764602815805,0.001964437276869743,0.8402879166949732,6,3,r0_3,r0,3
70,A,0.08538047846271618,7.080296879571957e-4,0.9139114918493274,6,3,r0_3,r0,3
70,C,0.15762658063715015,0.0017178972673278232,0.8406555220955217,6,3,r0_3,r0,3
71,A,0.0853413158518903,6.151066354511342e-4,0.9140435775126586,6,3,r0_3,r0,3
71,C,0.1575207966863874,0.0015021743762765852,0.8409770289373367,6,3,r0_3,r0,3
72,A,0.08530721389761269,5.344928652650021e-4,0.9141582932371236,6,3,r0_3,r0,3
72,C,0.1574284068941813,0.0013135265503185726,0.8412580665554992,6,3,r0_3,r0,3
73,A,0.0852775102522204,4.6453543464398836e-4,0.914257954313136,6,3,r0_3,r0,3
73,C,0.1573477008372896,0.00114855145776457,0.841503747704945,6,3,r0_3,r0,3
74,A,0.08525162902545128,4.0380218584000266e-4,0.9143445687887085,6,3,r0_3,r0,3
74,C,0.15727718502925744,0.0010042660870582213,0.841718548883684,6,3,r0_3,r0,3
75,A,0.08522907323414344,3.5106221005279836e-4,0.914419864555804,6,3,r0_3,r0,3
75,C,0.1572155647755218,8.78074148435401e-4,0.8419063610760437,6,3,r0_3,r0,3
76,A,0.08520940353156607,3.052311074795371e-4,0.9144853653609544,6,3,r0_3,r0,3
76,C,0.15716169136580724,7.676654492893272e-4,0.8420706431849021,6,3,r0_3,r0,3
77,A,0.0851922468587807,2.6539258880941847e-4,0.9145423605524095,6,3,r0_3,r0,3
77,C,0.1571145846110856,6.710617771679405e-4,0.8422143536117461,6,3,r0_3,r0,3
78,A,0.08517729057705369,2.3078304156491132e-4,0.9145919263813818,6,3,r0_3,r0,3
78,C,0.15707341864206864,5.865902977661951e-4,0.8423399910601651,6,3,r0_3,r0,3
79,A,0.08516425664370006,2.007251776780927e-4,0.9146350181786207,6,3,r0_3,r0,3
79,C,0.15703745728739285,5.127578722752161e-4,0.8424497848403318,6,3,r0_3,r0,3
80,A,0.08515289589415678,1.746135686207361e-4,0.9146724905372229,6,3,r0_3,r0,3
80,C,0.157006039510768,4.4822259641868394e-4,0.8425457378928131,6,3,r0_3,r0,3
81,A,0.08514299015779139,1.519201623538547e-4,0.9147050896798545,6,3,r0_3,r0,3
81,C,0.1569785845727259,3.918037119554995e-4,0.8426296117153192,6,3,r0_3,r0,3
82,A,0.08513435136644108,1.321919559797167e-4,0.9147334566775791,6,3,r0_3,r0,3
82,C,0.156954589792142,3.4247716032593546e-4,0.8427029330475314,6,3,r0_3,r0,3
83,A,0.08512681717434946,1.1503971620544424e-4,0.9147581431094444,6,3,r0_3,r0,3
83,C,0.15693361957509938,2.9935406462462775e-4,0.8427670263602739,6,3,r0_3,r0,3
84,A,0.08512024629981835,1.0012606847126244e-4,0.9147796276317098,6,3,r0_3,r0,3
84,C,0.15691529365669596,2.616575481902042e-4,0.8428230487951142,6,3,r0_3,r0,3
85,A,0.08511451527078083,8.715725345166985e-5,0.9147983274757677,6,3,r0_3,r0,3
85,C,0.15689927878101204,2.2870617099960308e-4,0.8428720150479881,6,3,r0_3,r0,3
86,A,0.08510951628719073,7.587776501589683e-5,0.914814605947794,6,3,r0_3,r0,3
86,C,0.15688528316218528,1.9990278437331363e-4,0.8429148140534416,6,3,r0_3,r0,3
87,A,0.08510515544777603,6.606591646613508e-5,0.9148287786357585,6,3,r0_3,r0,3
87,C,0.15687305187976894,1.7472523970711026e-4,0.8429522228805245,6,3,r0_3,r0,3
88,A,0.08510135102157822,5.752951688283791e-5,0.9148411194615393,6,3,r0_3,r0,3
88,C,0.1568623624044086,1.5271737647443043e-4,0.8429849202191168,6,3,r0_3,r0,3
89,A,0.0850980318235984,5.010181509073046e-5,0.9148518663613111,6,3,r0_3,r0,3
89,C,0.15685302038558613,1.334805331644905e-4,0.8430134990812489,6,3,r0_3,r0,3
90,A,0.08509513580357417,4.363799277726298e-5,0.9148612262036496,6,3,r0_3,r0,3
90,C,0.15684485596996856,1.1666610390567971e-4,0.8430384779261257,6,3,r0_3,r0,3
91,A,0.08509260885919108,3.8012234807808655e-5,0.914869378906001,6,3,r0_3,r0,3
91,C,0.15683772068584553,1.0196921640720297e-4,0.8430603100977476,6,3,r0_3,r0,3
92,A,0.08509040381818839,3.311523146921518e-5,0.9148764809503428,6,3,r0_3,r0,3
92,C,0.1568314847600023,8.912327622274648e-5,0.843079391963774,6,3,r0_3,r0,3
93,A,0.0850884795590895,2.885202884330309e-5,0.9148826684120681,6,3,r0_3,r0,3
93,C,0.15682603479266874,7.78952300965529e-5,0.8430960699772357,6,3,r0_3,r0,3
94,A,0.08508680024667788,2.5140165105996356e-5,0.9148880595882175,6,3,r0_3,r0,3
94,C,0.15682127172916152,6.808142644157585e-5,0.8431106468443967,6,3,r0_3,r0,3
95,A,0.08508533463050803,2.190796774606428e-5,0.9148927574017452,6,3,r0_3,r0,3
95,C,0.15681710899455278,5.9503816995319205e-5,0.8431233871884511,6,3,r0_3,r0,3
96,A,0.08508405545538636,1.909313011960436e-5,0.9148968514144944,6,3,r0_3,r0,3
96,C,0.15681347091898903,5.200673844656722e-5,0.8431345223425643,6,3,r0_3,r0,3
97,A,0.08508293895026794,1.6641483035701954e-5,0.9149004195666968,6,3,r0_3,r0,3
97,C,0.1568102913674797,4.545410859612717e-5,0.8431442545239238,6,3,r0_3,r0,3
98,A,0.08508196438330067,1.4505929728428594e-5,0.9149035296869701,6,3,r0_3,r0,3
98,C,0.15680751254311734,3.9726975327914534e-5,0.843152760481554,6,3,r0_3,r0,3
99,A,0.08508111367254656,1.2645517742221586e-5,0.9149062408097115,6,3,r0_3,r0,3
99,C,0.15680508393706513,3.472136512204838e-5,0.8431601946978127,6,3,r0_3,r0,3
100,A,0.08508037104583892,1.1024631210813478e-5,0.9149086043229493,6,3,r0_3,r0,3
100,C,0.15680296140848934,3.0346396847688185e-5,0.8431666921946636,6,3,r0_3,r0,3
101,A,0.0850797227444271,9.612289995304744e-6,0.9149106649655774,6,3,r0_3,r0,3
101,C,0.1568011063805708,2.652263248406846e-5,0.8431723709869446,6,3,r0_3,r0,3
102,A,0.08507915676507119,8.38154223483692e-6,0.9149124616926935,6,3,r0_3,r0,3
102,C,0.15679948513876238,2.3180636682646646e-5,0.8431773342245548,6,3,r0_3,r0,3
103,A,0.08507866263546474,7.3089374743601845e-6,0.91491402842706,6,3,r0_3,r0,3
103,C,0.15679806821799988,2.025971825638297e-5,0.843181672063746,6,3,r0_3,r0,3
104,A,0.08507823121848611,6.374069179439012e-6,0.9149153947123343,6,3,r0_3,r0,3
104,C,0.15679682986716353,1.7706829855503996e-5,0.843185463302981,6,3,r0_3,r0,3
105,A,0.08507785454151065,5.559177299212408e-6,0.9149165862811904,6,3,r0_3,r0,3
105,C,0.15679574758091644,1.5475605720758202e-5,0.8431887768133627,6,3,r0_3,r0,3
106,A,0.08507752564758903,4.848803003535195e-6,0.9149176255494069,6,3,r0_3,r0,3
106,C,0.15679480169049398,1.3525520339646133e-5,0.8431916727891664,6,3,r0_3,r0,3
107,A,0.0850772384657096,4.229488772981812e-6,0.9149185320455178,6,3,r0_3,r0,3
107,C,0.15679397500610975,1.1821152988141995e-5,0.8431942038409026,6,3,r0_3,r0,3
108,A,0.08507698769769684,3.689517860121293e-6,0.9149193227844417,6,3,r0_3,r0,3
108,C,0.15679325250447523,1.0331544888127826e-5,0.8431964159506365,6,3,r0_3,r0,3
109,A,0.0850767687195986,3.218687899754466e-6,0.9149200125925007,6,3,r0_3,r0,3
109,C,0.15679262105573263,9.029637300698115e-6,0.8431983493069672,6,3,r0_3,r0,3
110,A,0.08507657749569027,2.80811414429607e-6,0.9149206143901644,6,3,r0_3,r0,3
110,C,0.15679206918480457,7.891780345522185e-6,0.8432000390348503,6,3,r0_3,r0,3
111,A,0.08507641050347867,2.450058416724711e-6,0.914921139438105,6,3,r0_3,r0,3
111,C,0.15679158686282577,6.897303645109315e-6,0.8432015158335293,6,3,r0_3,r0,3
112,A,0.08507626466829081,2.137780400166311e-6,0.9149215975513085,6,3,r0_3,r0,3
112,C,0.15679116532486068,6.028141026487732e-6,0.843202806534113,6,3,r0_3,r0,3
113,A,0.0850761373062239,1.8654083282672627e-6,0.9149219972854478,6,3,r0_3,r0,3
113,C,0.15679079691060344,5.268502476327549e-6,0.84320393458692,6,3,r0_3,r0,3
114,A,0.08507602607438268,1.6278265285577464e-6,0.9149223460990873,6,3,r0_3,r0,3
114,C,0.15679047492516426,4.604587403933764e-6,0.8432049204874327,6,3,r0_3,r0,3
115,A,0.08507592892746689,1.4205776119078613e-6,0.914922650494921,6,3,r0_3,r0,3
115,C,0.15679019351738663,4.024334033265606e-6,0.8432057821485797,6,3,r0_3,r0,3
116,A,0.08507584407989861,1.2397773819502763e-6,0.9149229161427201,6,3,r0_3,r0,3
116,C,0.15678994757351267,3.5172003471229325e-6,0.8432065352261414,6,3,r0_3,r0,3
117,A,0.08507576997278356,1.0820408017236277e-6,0.9149231479864145,6,3,r0_3,r0,3
117,C,0.15678973262424659,3.0739726213377453e-6,0.8432071934031322,6,3,r0_3,r0,3
118,A,0.08507570524508191,9.44417572045289e-7,0.9149233503373456,6,3,r0_3,r0,3
118,C,0.15678954476353793,2.68659807603944e-6,0.8432077686383853,6,3,r0_3,r0,3
119,A,0.08507564870845404,8.243360663985144e-7,0.9149235269554802,6,3,r0_3,r0,3
119,C,0.15678938057759445,2.3480386079592913e-6,0.8432082713837973,6,3,r0_3,r0,3
120,A,0.08507559932531158,7.195545318877862e-7,0.9149236811201571,6,3,r0_3,r0,3
120,C,0.15678923708284506,2.05214294866363e-6,0.8432087107742052,6,3,r0_3,r0,3
121,A,0.08507555618966271,6.28118609028455e-7,0.9149238156917271,6,3,r0_3,r0,3
121,C,0.15678911167172052,1.7935349277046721e-6,0.8432090947933505,6,3,r0_3,r0,3
122,A,0.08507551851039702,5.483243475155826e-7,0.9149239331652551,6,3,r0_3,r0,3
122,C,0.1567890020652674,1.5675158121943852e-6,0.8432094304189212,6,3,r0_3,r0,3
123,A,0.08507548559669621,4.786860030246002e-7,0.9149240357173005,6,3,r0_3,r0,3
123,C,0.15678890627173378,1.3699789499052652e-6,0.8432097237493157,6,3,r0_3,r0,3
124,A,0.08507545684530192,4.1790799370055823e-7,0.9149241252467041,6,3,r0_3,r0,3
124,C,0.1567888225503758,1.1973351662321794e-6,0.8432099801144589,6,3,r0_3,r0,3
125,A,0.08507543172940275,3.648604762318567e-7,0.91492420341012,6,3,r0_3,r0,3
125,C,0.15678874937982296,1.046447560416079e-6,0.8432102041726163,6,3,r0_3,r0,3
126,A,0.08507540978893316,3.1855807195025795e-7,0.9149242716529953,6,3,r0_3,r0,3
126,C,0.15678868543043303,9.145745169773857e-7,0.8432103999950494,6,3,r0_3,r0,3
127,A,0.08507539062210653,2.781413346749661e-7,0.9149243312365579,6,3,r0_3,r0,3
127,C,0.15678862954012907,7.99319897426844e-7,0.8432105711399737,6,3,r0_3,r0,3
128,A,0.08507537387802369,2.428606052468304e-7,0.9149243832613706,6,3,r0_3,r0,3
128,C,0.1567885806932829,6.985895076819019e-7,0.8432107207172104,6,3,r0_3,r0,3
129,A,0.08507535925021925,2.1206194393992847e-7,0.9149244286878369,6,3,r0_3,r0,3
129,C,0.15678853800225828,6.105530505578685e-7,0.8432108514446912,6,3,r0_3,r0,3
130,A,0.0850753464710296,1.8517487211546e-7,0.914924468354097,6,3,r0_3,r0,3
130,C,0.15678850069128156,5.336108722903098e-7,0.8432109656978471,6,3,r0_3,r0,3
131,A,0.08507533530667434,1.617016893991461e-7,0.9149245029916352,6,3,r0_3,r0,3
131,C,0.15678846808234378,4.6636489909037385e-7,0.8432110655527572,6,3,r0_3,r0,3
132,A,0.0850753255529622,1.412081630157263e-7,0.9149245332388748,6,3,r0_3,r0,3
132,C,0.15678843958288136,4.0759323583184363e-7,0.8432111528238827,6,3,r0_3,r0,3
133,A,0.08507531703154222,1.2331541228838447e-7,0.9149245596530449,6,3,r0_3,r0,3
133,C,0.15678841467500662,3.562279654237282e-7,0.8432112290970278,6,3,r0_3,r0,3
134,A,0.08507530958663075,1.0769283426146682e-7,0.9149245827205355,6,3,r0_3,r0,3
134,C,0.15678839290609703,3.1133574559375766e-7,0.8432112957581561,6,3,r0_3,r0,3
135,A,0.08507530308215014,9.405193140740141e-8,0.9149246028659194,6,3,r0_3,r0,3
135,C,0.15678837388056527,2.7210083682726963e-7,0.8432113540185981,6,3,r0_3,r0,3
136,A,0.0850752973997295,8.21419878354875e-8,0.9149246204582834,6,3,r0_3,r0,3
136,C,0.1567883572541078,2.3781324969931606e-7,0.8432114049326426,6,3,r0_3,r0,3
137,A,0.08507529243652226,7.17453832265722e-8,0.9149246358180958,6,3,r0_3,r0,3
137,C,0.15678834272741016,2.0785576106769994e-7,0.8432114494168276,6,3,r0_3,r0,3
138,A,0.08507528810105933,6.266871360017113e-8,0.9149246492302273,6,3,r0_3,r0,3
138,C,0.15678833003415937,1.8167919873577459e-7,0.843211488286642,6,3,r0_3,r0,3
139,A,0.0850752843130352,5.474231950199381e-8,0.9149246609446454,6,3,r0_3,r0,3
139,C,0.15678831894043432,1.5880118541342326e-7,0.8432115222583805,6,3,r0_3,r0,3
140,A,0.08507528099424277,4.780114004992396e-8,0.9149246712046178,6,3,r0_3,r0,3
140,C,0.15678830921829887,1.3875168127904884e-7,0.8432115520300191,6,3,r0_3,r0,3
141,A,0.08507527808749271,4.17245873100092e-8,0.9149246801879193,6,3,r0_3,r0,3
141,C,0.156788300700985,1.2118678255443877e-7,0.8432115781122328,6,3,r0_3,r0,3
142,A,0.08507527553709282,3.639542927446905e-8,0.914924688067478,6,3,r0_3,r0,3
142,C,0.15678829322593452,1.0577126476157403e-7,0.8432116010028022,6,3,r0_3,r0,3
143,A,0.08507527346073228,3.20598249382075e-8,0.914924694479444,6,3,r0_3,r0,3
143,C,0.15678828713789572,9.321608637481113e-8,0.8432116196460189,6,3,r0_3,r0,3
144,A,0.08507527163122436,2.8241110690558728e-8,0.9149247001276645,6,3,r0_3,r0,3
144,C,0.15678828177252108,8.215121718983235e-8,0.8432116360762609,6,3,r0_3,r0,3
145,A,0.0850752700192112,2.4877603164640416e-8,0.9149247051031849,6,3,r0_3,r0,3
145,C,0.15678827704402992,7.239975726696983e-8,0.8432116505562145,6,3,r0_3,r0,3
146,A,0.08507526859882802,2.1914988701531746e-8,0.9149247094861835,6,3,r0_3,r0,3
146,C,0.15678827287682146,6.38058045692394e-8,0.843211663317374,6,3,r0_3,r0,3
147,A,0.08507526734728672,1.9305441582550385e-8,0.9149247133472721,6,3,r0_3,r0,3
147,C,0.15678826920427114,5.6231962559684085e-8,0.8432116745637676,6,3,r0_3,r0,3
148,A,0.0850752662445107,1.700684794614286e-8,0.9149247167486417,6,3,r0_3,r0,3
148,C,0.15678826596766118,4.955714362482322e-8,0.8432116844751951,6,3,r0_3,r0,3
149,A,0.08507526527281138,1.4982122695587255e-8,0.9149247197450662,6,3,r0_3,r0,3
149,C,0.15678826311524516,4.3674633225793207e-8,0.8432116932101231,6,3,r0_3,r0,3
150,A,0.08507526441660432,1.3198608232665277e-8,0.9149247223847877,6,3,r0_3,r0,3
150,C,0.15678826060141748,3.849038382996372e-8,0.8432117009081976,6,3,r0_3,r0,3
151,A,0.08507526366215847,1.1627545196223334e-8,0.9149247247102975,6,3,r0_3,r0,3
151,C,0.15678825838598792,3.3921511349042456e-8,0.8432117076925009,6,3,r0_3,r0,3
152,A,0.08507526299737575,1.0243606566104029e-8,0.9149247267590183,6,3,r0_3,r0,3
152,C,0.15678825643353506,2.9894970046915846e-8,0.8432117136714936,6,3,r0_3,r0,3
153,A,0.08507526241159723,9.024487531935973e-9,0.914924728563915,6,3,r0_3,r0,3
153,C,0.15678825471284344,2.634638473350413e-8,0.8432117189407696,6,3,r0_3,r0,3
154,A,0.08507526189543141,7.950544439976613e-9,0.9149247301540249,6,3,r0_3,r0,3
154,C,0.1567882531964026,2.3219021575286184e-8,0.8432117235845773,6,3,r0_3,r0,3
155,A,0.08507526144060354,7.004476934773952e-9,0.9149247315549195,6,3,r0_3,r0,3
155,C,0.15678825185996628,2.046288106911243e-8,0.8432117276771507,6,3,r0_3,r0,3
156,A,0.08507526103982277,6.171048119162278e-9,0.9149247327891297,6,3,r0_3,r0,3
156,C,0.1567882506821694,1.803389867885801e-8,0.8432117312839319,6,3,r0_3,r0,3
157,A,0.08507526068666489,5.436838177739341e-9,0.9149247338764963,6,3,r0_3,r0,3
157,C,0.15678824964417942,1.5893240355604134e-8,0.8432117344625788,6,3,r0_3,r0,3
158,A,0.08507526037547025,4.7900274557701405e-9,0.914924734834502,6,3,r0_3,r0,3
158,C,0.1567882487294016,1.4006681678893078e-8,0.8432117372639149,6,3,r0_3,r0,3
159,A,0.08507526010125105,4.220205466458961e-9,0.9149247356785424,6,3,r0_3,r0,3
159,C,0.15678824792321075,1.23440606934055e-8,0.8432117397327284,6,3,r0_3,r0,3
160,A,0.08507525985961334,3.7182027226702697e-9,0.9149247364221846,6,3,r0_3,r0,3
160,C,0.15678824721271659,1.0878795693553205e-8,0.8432117419084877,6,3,r0_3,r0,3
161,A,0.08507525964668484,3.2759426614382512e-9,0.9149247370773724,6,3,r0_3,r0,3
161,C,0.15678824658655988,9.58746024677887e-9,0.8432117438259801,6,3,r0_3,r0,3
162,A,0.08507525945905403,2.886311257118904e-9,0.9149247376546352,6,3,r0_3,r0,3
162,C,0.15678824603473024,8.449408661414011e-9,0.8432117455158632,6,3,r0_3,r0,3
163,A,0.08507525929371464,2.5430422075369953e-9,0.9149247381632436,6,3,r0_3,r0,3
163,C,0.1567882455484035,7.446445906284912e-9,0.8432117470051512,6,3,r0_3,r0,3
164,A,0.08507525914801779,2.240615828985899e-9,0.9149247386113668,6,3,r0_3,r0,3
164,C,0.15678824511980535,6.562536730330689e-9,0.8432117483176576,6,3,r0_3,r0,3
165,A,0.08507525901962973,1.974170024116088e-9,0.9149247390062004,6,3,r0_3,r0,3
165,C,0.15678824474208275,5.783549283439089e-9,0.8432117494743693,6,3,r0_3,r0,3
166,A,0.08507525890649333,1.7394218766545756e-9,0.9149247393540837,6,3,r0_3,r0,3
166,C,0.15678824440919706,5.097029182136721e-9,0.8432117504937738,6,3,r0_3,r0,3
167,A,0.08507525880679698,1.5325986037501342e-9,0.9149247396606048,6,3,r0_3,r0,3
167,C,0.15678824411582576,4.492000394699551e-9,0.8432117513921732,6,3,r0_3,r0,3
168,A,0.08507525871894335,1.3503767479516262e-9,0.9149247399306795,6,3,r0_3,r0,3
168,C,0.15678824385727852,3.958789759481857e-9,0.8432117521839324,6,3,r0_3,r0,3
169,A,0.08507525864152585,1.189828624292138e-9,0.9149247401686458,6,3,r0_3,r0,3
169,C,0.15678824362942134,3.488872332981482e-9,0.8432117528817065,6,3,r0_3,r0,3
170,A,0.0850752585733043,1.0483751558756074e-9,0.9149247403783202,6,3,r0_3,r0,3
170,C,0.15678824342861167,3.0747350951585464e-9,0.8432117534966527,6,3,r0_3,r0,3
171,A,0.08507525851318615,9.237443350192358e-10,0.9149247405630694,6,3,r0_3,r0,3
171,C,0.15678824325163845,2.7097568330055513e-9,0.8432117540386039,6,3,r0_3,r0,3
172,A,0.08507525846020904,8.139346382419043e-10,0.9149247407258562,6,3,r0_3,r0,3
172,C,0.15678824309567269,2.388102282012184e-9,0.8432117545162245,6,3,r0_3,r0,3
173,A,0.0850752584135243,7.171828036976343e-10,0.9149247408692933,6,3,r0_3,r0,3
173,C,0.1567882429582202,2.1046288331124184e-9,0.8432117549371495,6,3,r0_3,r0,3
174,A,0.08507525837238453,6.319354503451324e-10,0.9149247409956804,6,3,r0_3,r0,3
174,C,0.15678824283708404,1.8548043135898969e-9,0.8432117553081119,6,3,r0_3,r0,3
175,A,0.08507525833613118,5.5682408037345e-10,0.9149247411070456,6,3,r0_3,r0,3
175,C,0.1567882427303271,1.6346345274602245e-9,0.8432117556350385,6,3,r0_3,r0,3
176,A,0.08507525830418351,4.906430611848928e-10,0.9149247412051736,6,3,r0_3,r0,3
176,C,0.15678824263624216,1.4405993968773173e-9,0.8432117559231594,6,3,r0_3,r0,3
177,A,0.08507525827603027,4.323302314624121e-10,0.9149247412916394,6,3,r0_3,r0,3
177,C,0.15678824255332535,1.269596683618755e-9,0.843211756177077,6,3,r0_3,r0,3
178,A,0.08507525825122081,3.809498183056507e-10,0.9149247413678306,6,3,r0_3,r0,3
178,C,0.15678824248025114,1.1188923908909481e-9,0.8432117564008544,6,3,r0_3,r0,3
179,A,0.08507525822935781,3.356773897988497e-10,0.914924741434966,6,3,r0_3,r0,3
179,C,0.1567882424158512,9.86077052496343e-10,0.8432117565980722,6,3,r0_3,r0,3
180,A,0.08507525821009133,2.9578660028330245e-10,0.9149247414941233,6,3,r0_3,r0,3
180,C,0.15678824235909583,8.690272105288714e-10,0.8432117567718782,6,3,r0_3,r0,3
181,A,0.08507525819311285,2.6063751458224834e-10,0.9149247415462501,6,3,r0_3,r0,3
181,C,0.15678824230907717,7.658714657154643e-10,0.8432117569250517,6,3,r0_3,r0,3
182,A,0.08507525817815069,2.296663229381431e-10,0.9149247415921838,6,3,r0_3,r0,3
182,C,0.1567882422649956,6.749605576268025e-10,0.8432117570600434,6,3,r0_3,r0,3
183,A,0.08507525816496542,2.0237628084734826e-10,0.914924741632658,6,3,r0_3,r0,3
183,C,0.15678824222614707,5.948409969028099e-10,0.8432117571790101,6,3,r0_3,r0,3
184,A,0.08507525815334602,1.7832972798889036e-10,0.914924741668323,6,3,r0_3,r0,3
184,C,0.15678824219191015,5.242318254844196e-10,0.843211757283859,6,3,r0_3,r0,3
185,A,0.08507525814310656,1.5714105728717162e-10,0.9149247416997536,6,3,r0_3,r0,3
185,C,0.15678824216173684,4.6200413797093303e-10,0.8432117573762574,6,3,r0_3,r0,3
186,A,0.085075258134083,1.3847052120905286e-10,0.9149247417274462,6,3,r0_3,r0,3
186,C,0.1567882421351455,4.071630326115734e-10,0.8432117574576916,6,3,r0_3,r0,3
187,A,0.08507525812613083,1.2201877544296655e-10,0.9149247417518501,6,3,r0_3,r0,3
187,C,0.15678824211171044,3.5883170464665743e-10,0.8432117575294579,6,3,r0_3,r0,3
188,A,0.08507525811912314,1.0752207209335451e-10,0.9149247417733546,6,3,r0_3,r0,3
188,C,0.15678824209105738,3.1623742796477195e-10,0.8432117575927052,6,3,r0_3,r0,3
189,A,0.08507525811294778,9.47480250363725e-11,0.9149247417923049,6,3,r0_3,r0,3
189,C,0.15678824207285552,2.7869920076076683e-10,0.8432117576484455,6,3,r0_3,r0,3
190,A,0.08507525810750545,8.34918792891994e-11,0.9149247418090026,6,3,r0_3,r0,3
190,C,0.15678824205681477,2.4561685767545616e-10,0.8432117576975693,6,3,r0_3,r0,3
191,A,0.08507525810270941,7.357322436825029e-11,0.9149247418237164,6,3,r0_3,r0,3
191,C,0.1567882420426778,2.1646147434356242e-10,0.8432117577408611,6,3,r0_3,r0,3
192,A,0.08507525809848296,6.483309876540753e-11,0.9149247418366839,6,3,r0_3,r0,3
192,C,0.1567882420302188,1.9076691093919172e-10,0.8432117577790147,6,3,r0_3,r0,3
193,A,0.0850752580947583,5.713143897184787e-11,0.9149247418481109,6,3,r0_3,r0,3
193,C,0.1567882420192388,1.6812235951809838e-10,0.8432117578126375,6,3,r0_3,r0,3
194,A,0.08507525809147608,5.034483202803159e-11,0.9149247418581796,6,3,r0_3,r0,3
194,C,0.15678824200956246,1.4816577600450222e-10,0.8432117578422715,6,3,r0_3,r0,3
195,A,0.08507525808858338,4.436453546567872e-11,0.9149247418670514,6,3,r0_3,r0,3
195,C,0.15678824200103436,1.3057809181372799e-10,0.8432117578683879,6,3,r0_3,r0,3
196,A,0.08507525808603418,3.909473281206729e-11,0.9149247418748707,6,3,r0_3,r0,3
196,C,0.1567882419935189,1.150781125666058e-10,0.8432117578914032,6,3,r0_3,r0,3
197,A,0.08507525808378776,3.445099661831851e-11,0.9149247418817619,6,3,r0_3,r0,3
197,C,0.15678824198689542,1.0141802233666913e-10,0.8432117579116869,6,3,r0_3,r0,3
198,A,0.08507525808180812,3.035893431271049e-11,0.9149247418878338,6,3,r0_3,r0,3
198,C,0.15678824198105792,8.937942155235672e-11,0.8432117579295629,6,3,r0_3,r0,3
199,A,0.08507525808006344,2.6752995121422312e-11,0.9149247418931833,6,3,r0_3,r0,3
199,C,0.1567882419759136,7.876983520841055e-11,0.8432117579453177,6,3,r0_3,r0,3
200,A,0.08507525807852594,2.3575418889932543e-11,0.9149247418978979,6,3,r0_3,r0,3
200,C,0.15678824197137967,6.941963555991307e-11,0.8432117579591994,6,3,r0_3,r0,3
201,A,0.08507525807717095,2.0775309920393348e-11,0.9149247419020545,6,3,r0_3,r0,3
201,C,0.15678824196738428,6.117933009909806e-11,0.8432117579714367,6,3,r0_3,r0,3
202,A,0.08507525807597677,1.830782095049439e-11,0.9149247419057148,6,3,r0_3,r0,3
202,C,0.15678824196386298,5.391717145517348e-11,0.8432117579822193,6,3,r0_3,r0,3
203,A,0.0850752580749246,1.6133434167604417e-11,0.9149247419089426,6,3,r0_3,r0,3
203,C,0.1567882419607599,4.751705100318775e-11,0.843211757991724,6,3,r0_3,r0,3
204,A,0.08507525807399721,1.4217327726320101e-11,0.9149247419117856,6,3,r0_3,r0,3
204,C,0.15678824195802485,4.187664251039383e-11,0.8432117580000977,6,3,r0_3,r0,3
205,A,0.08507525807317996,1.25288175761238e-11,0.914924741914291,6,3,r0_3,r0,3
205,C,0.1567882419556147,3.6905766130213354e-11,0.8432117580074807,6,3,r0_3,r0,3
206,A,0.08507525807245973,1.1040865660140677e-11,0.9149247419164998,6,3,r0_3,r0,3
206,C,0.15678824195349045,3.252494659667122e-11,0.843211758013985,6,3,r0_3,r0,3
207,A,0.08507525807182499,9.729646584983765e-12,0.9149247419184459,6,3,r0_3,r0,3
207,C,0.15678824195161853,2.8664142564656997e-11,0.8432117580197173,6,3,r0_3,r0,3
208,A,0.0850752580712657,8.574165806193033e-12,0.9149247419201602,6,3,r0_3,r0,3
208,C,0.1567882419499686,2.5261626780048408e-11,0.8432117580247703,6,3,r0_3,r0,3
209,A,0.08507525807077268,7.555923203580632e-12,0.9149247419216708,6,3,r0_3,r0,3
209,C,0.15678824194851435,2.226299917626935e-11,0.8432117580292208,6,3,r0_3,r0,3
210,A,0.08507525807033842,6.658616648734207e-12,0.9149247419230032,6,3,r0_3,r0,3
210,C,0.15678824194723315,1.9620317118626564e-11,0.843211758033146,6,3,r0_3,r0,3
211,A,0.08507525806995543,5.86788080909365e-12,0.9149247419241766,6,3,r0_3,r0,3
211,C,0.15678824194610394,1.7291328890724395e-11,0.8432117580366051,6,3,r0_3,r0,3
212,A,0.08507525806961812,5.1710569987435985e-12,0.9149247419252108,6,3,r0_3,r0,3
212,C,0.1567882419451087,1.5238798167893823e-11,0.843211758039653,6,3,r0_3,r0,3
213,A,0.0850752580693208,4.556990384458804e-12,0.9149247419261232,6,3,r0_3,r0,3
213,C,0.1567882419442314,1.3429908677271014e-11,0.8432117580423389,6,3,r0_3,r0,3
214,A,0.08507525806905869,4.015851294621137e-12,0.9149247419269256,6,3,r0_3,r0,3
214,C,0.15678824194345872,1.1835739526187033e-11,0.8432117580447066,6,3,r0_3,r0,3
215,A,0.08507525806882779,3.5389777654573765e-12,0.9149247419276332,6,3,r0_3,r0,3
215,C,0.15678824194277757,1.0430802810377522e-11,0.8432117580467935,6,3,r0_3,r0,3
216,A,0.08507525806862429,3.118736799848209e-12,0.9149247419282581,6,3,r0_3,r0,3
216,C,0.1567882419421773,9.192636109251665e-12,0.8432117580486312,6,3,r0_3,r0,3
217,A,0.08507525806844497,2.7484021142111886e-12,0.9149247419288074,6,3,r0_3,r0,3
217,C,0.15678824194164812,8.101443352997649e-12,0.8432117580502514,6,3,r0_3,r0,3
218,A,0.0850752580682869,2.422046413490222e-12,0.9149247419292914,6,3,r0_3,r0,3
218,C,0.15678824194118154,7.139778319672269e-12,0.8432117580516784,6,3,r0_3,r0,3
219,A,0.08507525806814767,2.1344464673443445e-12,0.9149247419297184,6,3,r0_3,r0,3
219,C,0.15678824194077065,6.292265701993128e-12,0.843211758052937,6,3,r0_3,r0,3
220,A,0.08507525806802489,1.8809994659645182e-12,0.9149247419300944,6,3,r0_3,r0,3
220,C,0.1567882419404085,5.545355284218703e-12,0.8432117580540472,6,3,r0_3,r0,3
221,A,0.08507525806791667,1.6576493148584645e-12,0.9149247419304262,6,3,r0_3,r0,3
221,C,0.15678824194008945,4.887105298867845e-12,0.843211758055024,6,3,r0_3,r0,3
222,A,0.08507525806782136,1.4608216873370024e-12,0.9149247419307182,6,3,r0_3,r0,3
222,C,0.15678824193980814,4.306991499559972e-12,0.8432117580558842,6,3,r0_3,r0,3
223,A,0.08507525806773729,1.2873667933238479e-12,0.9149247419309762,6,3,r0_3,r0,3
223,C,0.15678824193956017,3.795738894976764e-12,0.8432117580566442,6,3,r0_3,r0,3
224,A,0.08507525806766315,1.1345089500823602e-12,0.9149247419312017,6,3,r0_3,r0,3
224,C,0.1567882419393418,3.3451734656979917e-12,0.8432117580573136,6,3,r0_3,r0,3
225,A,0.08507525806759807,9.998021416814712e-13,0.9149247419314025,6,3,r0_3,r0,3
225,C,0.1567882419391492,2.948091470261959e-12,0.8432117580579035,6,3,r0_3,r0,3
226,A,0.08507525806754053,8.810908596149671e-13,0.9149247419315787,6,3,r0_3,r0,3
226,C,0.15678824193897953,2.598144270847816e-12,0.8432117580584226,6,3,r0_3,r0,3
227,A,0.08507525806748986,7.764755958072433e-13,0.9149247419317348,6,3,r0_3,r0,3
227,C,0.1567882419388299,2.2897368309362347e-12,0.8432117580588806,6,3,r0_3,r0,3
228,A,0.08507525806744518,6.842824348855916e-13,0.9149247419318707,6,3,r0_3,r0,3
228,C,0.15678824193869806,2.0179382607451606e-12,0.8432117580592842,6,3,r0_3,r0,3
229,A,0.08507525806740583,6.030362588162101e-13,0.9149247419319911,6,3,r0_3,r0,3
229,C,0.15678824193858185,1.778402981163653e-12,0.8432117580596392,6,3,r0_3,r0,3
230,A,0.08507525806737108,5.314371346859922e-13,0.9149247419320974,6,3,r0_3,r0,3
230,C,0.1567882419384796,1.5673012457405198e-12,0.8432117580599532,6,3,r0_3,r0,3
231,A,0.08507525806734055,4.683395074229225e-13,0.9149247419321912,6,3,r0_3,r0,3
231,C,0.15678824193838933,1.3812579099019896e-12,0.8432117580602292,6,3,r0_3,r0,3
232,A,0.08507525806731363,4.1273386419443693e-13,0.9149247419322741,6,3,r0_3,r0,3
232,C,0.15678824193831006,1.217298468430714e-12,0.8432117580604732,6,3,r0_3,r0,3
233,A,0.0850752580672898,3.6373057682679237e-13,0.9149247419323466,6,3,r0_3,r0,3
233,C,0.15678824193823998,1.0728014984441198e-12,0.8432117580606882,6,3,r0_3,r0,3
234,A,0.08507525806726897,3.2054566348462847e-13,0.9149247419324109,6,3,r0_3,r0,3
234,C,0.15678824193817814,9.45456747522361e-13,0.843211758060876,6,3,r0_3,r0,3
235,A,0.08507525806725055,2.824882415980864e-13,0.9149247419324674,6,3,r0_3,r0,3
235,C,0.1567882419381239,8.332281968914339e-13,0.8432117580610442,6,3,r0_3,r0,3
236,A,0.08507525806723423,2.489494711185143e-13,0.9149247419325174,6,3,r0_3,r0,3
236,C,0.1567882419380759,7.343215091090225e-13,0.8432117580611906,6,3,r0_3,r0,3
237,A,0.08507525806721991,2.193928110571836e-13,0.914924741932561,6,3,r0_3,r0,3
237,C,0.15678824193803348,6.471553398008168e-13,0.8432117580613193,6,3,r0_3,r0,3
238,A,0.08507525806720723,1.933454332975981e-13,0.9149247419325994,6,3,r0_3,r0,3
238,C,0.15678824193799643,5.703360547739316e-13,0.843211758061434,6,3,r0_3,r0,3
239,A,0.08507525806719615,1.7039065620808869e-13,0.9149247419326336,6,3,r0_3,r0,3
239,C,0.1567882419379633,5.026354482799293e-13,0.8432117580615333,6,3,r0_3,r0,3
240,A,0.08507525806718637,1.5016127691467297e-13,0.9149247419326642,6,3,r0_3,r0,3
240,C,0.1567882419379346,4.429711061827605e-13,0.8432117580616237,6,3,r0_3,r0,3
241,A,0.08507525806717778,1.3233369548650249e-13,0.9149247419326905,6,3,r0_3,r0,3
241,C,0.15678824193790908,3.903891000741149e-13,0.843211758061701,6,3,r0_3,r0,3
242,A,0.08507525806717015,1.1662273696827155e-13,0.9149247419327138,6,3,r0_3,r0,3
242,C,0.1567882419378865,3.440487356463215e-13,0.843211758061769,6,3,r0_3,r0,3
243,A,0.08507525806716333,1.0277708840646651e-13,0.914924741932733,6,3,r0_3,r0,3
243,C,0.1567882419378667,3.0320911172659104e-13,0.8432117580618295,6,3,r0_3,r0,3
244,A,0.08507525806715749,9.057527764299356e-14,0.9149247419327523,6,3,r0_3,r0,3
244,C,0.15678824193784938,2.6721727384076957e-13,0.8432117580618832,6,3,r0_3,r0,3
245,A,0.08507525806715226,7.982212985621308e-14,0.9149247419327681,6,3,r0_3,r0,3
245,C,0.15678824193783372,2.354977752566617e-13,0.8432117580619293,6,3,r0_3,r0,3
246,A,0.08507525806714765,7.034564482988028e-14,0.9149247419327823,6,3,r0_3,r0,3
246,C,0.1567882419378203,2.0754347655329272e-13,0.8432117580619719,6,3,r0_3,r0,3
247,A,0.08507525806714362,6.19942450603085e-14,0.9149247419327944,6,3,r0_3,r0,3
247,C,0.15678824193780838,1.829074372586252e-13,0.8432117580620091,6,3,r0_3,r0,3
248,A,0.08507525806714013,5.4634350677493785e-14,0.9149247419328057,6,3,r0_3,r0,3
248,C,0.15678824193779797,1.6119577005824906e-13,0.843211758062041,6,3,r0_3,r0,3
249,A,0.0850752580671369,4.814824235313342e-14,0.9149247419328148,6,3,r0_3,r0,3
249,C,0.15678824193778854,1.4206134323011011e-13,0.8432117580620696,6,3,r0_3,r0,3
250,A,0.08507525806713422,4.24321779927221e-14,0.9149247419328245,6,3,r0_3,r0,3
250,C,0.15678824193778038,1.2519823061845404e-13,0.8432117580620953,6,3,r0_3,r0,3
251,A,0.08507525806713168,3.7394733071501644e-14,0.9149247419328317,6,3,r0_3,r0,3
251,C,0.1567882419377732,1.1033682041194336e-13,0.8432117580621163,6,3,r0_3,r0,3
252,A,0.08507525806712954,3.295533805400616e-14,0.9149247419328372,6,3,r0_3,r0,3
252,C,0.1567882419377669,9.72395045240203e-14,0.843211758062136,6,3,r0_3,r0,3
253,A,0.08507525806712764,2.9042989491628535e-14,0.9149247419328437,6,3,r0_3,r0,3
253,C,0.15678824193776136,8.569687965636607e-14,0.8432117580621529,6,3,r0_3,r0,3
254,A,0.08507525806712601,2.5595114172579358e-14,0.9149247419328492,6,3,r0_3,r0,3
254,C,0.1567882419377564,7.552439930720444e-14,0.8432117580621681,6,3,r0_3,r0,3
255,A,0.08507525806712453,2.255656814831834e-14,0.914924741932853,6,3,r0_3,r0,3
255,C,0.15678824193775195,6.655942319600311e-14,0.8432117580621811,6,3,r0_3,r0,3
256,A,0.08507525806712327,1.9878754619265252e-14,0.914924741932857,6,3,r0_3,r0,3
256,C,0.1567882419377482,5.865861693009872e-14,0.8432117580621933,6,3,r0_3,r0,3
257,A,0.08507525806712202,1.7518846564897924e-14,0.9149247419328608,6,3,r0_3,r0,3
257,C,0.1567882419377448,5.169566033851873e-14,0.8432117580622042,6,3,r0_3,r0,3
258,A,0.08507525806712107,1.5439101679693555e-14,0.9149247419328639,6,3,r0_3,r0,3
258,C,0.15678824193774188,4.555922783331142e-14,0.8432117580622129,6,3,r0_3,r0,3
259,A,0.08507525806712017,1.360625865359967e-14,0.9149247419328665,6,3,r0_3,r0,3
259,C,0.1567882419377392,4.015120850792749e-14,0.8432117580622213,6,3,r0_3,r0,3
260,A,0.08507525806711942,1.1991005137495293e-14,0.914924741932869,6,3,r0_3,r0,3
260,C,0.1567882419377369,3.538513751517076e-14,0.8432117580622278,6,3,r0_3,r0,3
261,A,0.08507525806711867,1.0567508881257772e-14,0.914924741932871,6,3,r0_3,r0,3
261,C,0.15678824193773494,3.118481364521511e-14,0.8432117580622343,6,3,r0_3,r0,3
262,A,0.0850752580671181,9.313004542958637e-15,0.9149247419328732,6,3,r0_3,r0,3
262,C,0.1567882419377332,2.7483081001199132e-14,0.8432117580622406,6,3,r0_3,r0,3
263,A,0.08507525806711765,8.207429561950775e-15,0.914924741932875,6,3,r0_3,r0,3
263,C,0.15678824193773172,2.4220755304224558e-14,0.8432117580622451,6,3,r0_3,r0,3
264,A,0.08507525806711713,7.233103253537876e-15,0.9149247419328759,6,3,r0_3,r0,3
264,C,0.15678824193773014,2.1345677608286467e-14,0.8432117580622489,6,3,r0_3,r0,3
265,A,0.08507525806711672,6.374444023152944e-15,0.9149247419328772,6,3,r0_3,r0,3
265,C,0.15678824193772894,1.881188039698044e-14,0.8432117580622526,6,3,r0_3,r0,3
266,A,0.08507525806711627,5.617720148293706e-15,0.9149247419328782,6,3,r0_3,r0,3
266,C,0.15678824193772775,1.6578852640603108e-14,0.8432117580622558,6,3,r0_3,r0,3
267,A,0.08507525806711604,4.950830149900914e-15,0.9149247419328794,6,3,r0_3,r0,3
267,C,0.15678824193772672,1.461089209110312e-14,0.8432117580622588,6,3,r0_3,r0,3
268,A,0.08507525806711573,4.363109241595823e-15,0.91492474193288,6,3,r0_3,r0,3
268,C,0.15678824193772586,1.2876534465249833e-14,0.8432117580622616,6,3,r0_3,r0,3
269,A,0.08507525806711544,3.845158759219182e-15,0.9149247419328805,6,3,r0_3,r0,3
269,C,0.15678824193772511,1.1348050385463368e-14,0.843211758062264,6,3,r0_3,r0,3
270,A,0.08507525806711516,3.3886958420759013e-15,0.9149247419328814,6,3,r0_3,r0,3
270,C,0.1567882419377245,1.0001002035270292e-14,0.8432117580622659,6,3,r0_3,r0,3
271,A,0.08507525806711501,2.9864209612939515e-15,0.9149247419328819,6,3,r0_3,r0,3
271,C,0.15678824193772395,8.813852441082718e-15,0.8432117580622676,6,3,r0_3,r0,3
272,A,0.08507525806711488,2.6319011762334615e-15,0.9149247419328828,6,3,r0_3,r0,3
272,C,0.1567882419377234,7.767621133399827e-15,0.8432117580622691,6,3,r0_3,r0,3
273,A,0.08507525806711466,2.319467251502583e-15,0.9149247419328831,6,3,r0_3,r0,3
273,C,0.15678824193772303,6.845580682056629e-15,0.8432117580622704,6,3,r0_3,r0,3
274,A,0.08507525806711454,2.0441229888773713e-15,0.9149247419328839,6,3,r0_3,r0,3
274,C,0.15678824193772276,6.0329892536491526e-15,0.8432117580622723,6,3,r0_3,r0,3
275,A,0.08507525806711444,1.80146532383216e-15,0.9149247419328836,6,3,r0_3,r0,3
275,C,0.15678824193772242,5.316854915196379e-15,0.8432117580622729,6,3,r0_3,r0,3
276,A,0.08507525806711434,1.5876139085918368e-15,0.9149247419328841,6,3,r0_3,r0,3
276,C,0.15678824193772206,4.68572791566604e-15,0.8432117580622738,6,3,r0_3,r0,3
277,A,0.08507525806711427,1.3991490553736055e-15,0.9149247419328846,6,3,r0_3,r0,3
277,C,0.15678824193772184,4.129517624308128e-15,0.8432117580622746,6,3,r0_3,r0,3
278,A,0.08507525806711416,1.2330570472220104e-15,0.9149247419328845,6,3,r0_3,r0,3
278,C,0.15678824193772153,3.639331198959662e-15,0.8432117580622754,6,3,r0_3,r0,3
279,A,0.08507525806711415,1.0866819416965984e-15,0.9149247419328852,6,3,r0_3,r0,3
279,C,0.15678824193772134,3.207331404907923e-15,0.8432117580622762,6,3,r0_3,r0,3
280,A,0.08507525806711408,9.576830965330207e-16,0.9149247419328856,6,3,r0_3,r0,3
280,C,0.15678824193772106,2.8266113110834833e-15,0.8432117580622762,6,3,r0_3,r0,3
281,A,0.08507525806711404,8.439977379270889e-16,0.9149247419328856,6,3,r0_3,r0,3
281,C,0.15678824193772095,2.4910838601935257e-15,0.8432117580622767,6,3,r0_3,r0,3
282,A,0.08507525806711391,7.438079727519096e-16,0.9149247419328861,6,3,r0_3,r0,3
282,C,0.1567882419377209,2.1953845472139683e-15,0.8432117580622777,6,3,r0_3,r0,3
283,A,0.08507525806711383,6.555117168915665e-16,0.914924741932886,6,3,r0_3,r0,3
283,C,0.15678824193772076,1.9347856482310418e-15,0.8432117580622779,6,3,r0_3,r0,3
284,A,0.08507525806711376,5.776970757474471e-16,0.9149247419328859,6,3,r0_3,r0,3
284,C,0.1567882419377206,1.7051206382448005e-15,0.8432117580622782,6,3,r0_3,r0,3
285,A,0.08507525806711376,5.091197652475553e-16,0.9149247419328858,6,3,r0_3,r0,3
285,C,0.15678824193772056,1.5027175705099804e-15,0.8432117580622784,6,3,r0_3,r0,3
286,A,0.08507525806711377,4.486832138849352e-16,0.914924741932886,6,3,r0_3,r0,3
286,C,0.15678824193772048,1.3243403688942455e-15,0.8432117580622787,6,3,r0_3,r0,3
287,A,0.08507525806711375,3.9542102705598494e-16,0.9149247419328861,6,3,r0_3,r0,3
287,C,0.15678824193772042,1.1671370894000746e-15,0.843211758062279,6,3,r0_3,r0,3
288,A,0.0850752580671137,3.4848153313125553e-16,0.9149247419328861,6,3,r0_3,r0,3
288,C,0.1567882419377204,1.028594322508958e-15,0.8432117580622798,6,3,r0_3,r0,3
289,A,0.08507525806711365,3.07114164178399e-16,0.9149247419328862,6,3,r0_3,r0,3
289,C,0.15678824193772029,9.06497008105872e-16,0.8432117580622793,6,3,r0_3,r0,3
290,A,0.08507525806711363,2.706574535258667e-16,0.9149247419328863,6,3,r0_3,r0,3
290,C,0.1567882419377202,7.988930204944014e-16,0.8432117580622792,6,3,r0_3,r0,3
291,A,0.08507525806711363,2.3852845821555604e-16,0.9149247419328863,6,3,r0_3,r0,3
291,C,0.1567882419377201,7.040619572782815e-16,0.8432117580622792,6,3,r0_3,r0,3
292,A,0.08507525806711358,2.1021343718196623e-16,0.9149247419328863,6,3,r0_3,r0,3
292,C,0.15678824193772004,6.2048763309769455e-16,0.8432117580622794,6,3,r0_3,r0,3
293,A,0.08507525806711358,1.852596360789632e-16,0.9149247419328863,6,3,r0_3,r0,3
293,C,0.15678824193772006,5.46833838442852e-16,0.8432117580622798,6,3,r0_3,r0,3
294,A,0.08507525806711358,1.6326804737435136e-16,0.9149247419328861,6,3,r0_3,r0,3
294,C,0.15678824193772,4.819229759702473e-16,0.8432117580622799,6,3,r0_3,r0,3
295,A,0.0850752580671136,1.4388702993016449e-16,0.9149247419328865,6,3,r0_3,r0,3
295,C,0.15678824193772,4.2471723275330687e-16,0.8432117580622799,6,3,r0_3,r0,3
296,A,0.0850752580671136,1.2680668603243052e-16,0.9149247419328865,6,3,r0_3,r0,3
296,C,0.1567882419377199,3.7430198744431246e-16,0.8432117580622799,6,3,r0_3,r0,3
297,A,0.0850752580671136,1.1175390594803282e-16,0.9149247419328865,6,3,r0_3,r0,3
297,C,0.1567882419377199,3.2987118705683826e-16,0.8432117580622802,6,3,r0_3,r0,3
298,A,0.08507525806711358,9.848800076192312e-17,0.9149247419328865,6,3,r0_3,r0,3
298,C,0.15678824193771987,2.90714459568757e-16,0.8432117580622801,6,3,r0_3,r0,3
299,A,0.08507525806711358,8.679685365612147e-17,0.9149247419328868,6,3,r0_3,r0,3
299,C,0.15678824193771984,2.5620575629863406e-16,0.84321175806228,6,3,r0_3,r0,3
300,A,0.08507525806711355,7.649352808314007e-17,0.9149247419328865,6,3,r0_3,r0,3
300,C,0.15678824193771984,2.2579334246674903e-16,0.8432117580622801,6,3,r0_3,r0,3
301,A,0.08507525806711354,6.741327859331118e-17,0.9149247419328865,6,3,r0_3,r0,3
301,C,0.1567882419377198,1.9899097590712134e-16,0.8432117580622802,6,3,r0_3,r0,3
302,A,0.08507525806711354,5.94109165148509e-17,0.9149247419328865,6,3,r0_3,r0,3
302,C,0.15678824193771979,1.753701328934031e-16,0.8432117580622801,6,3,r0_3,r0,3
303,A,0.08507525806711354,5.235848835280159e-17,0.9149247419328865,6,3,r0_3,r0,3
303,C,0.15678824193771979,1.5455315697201285e-16,0.8432117580622803,6,3,r0_3,r0,3
304,A,0.08507525806711357,4.6143229820580484e-17,0.9149247419328868,6,3,r0_3,r0,3
304,C,0.15678824193771973,1.362072203285553e-16,0.8432117580622801,6,3,r0_3,r0,3
305,A,0.08507525806711357,4.066576270872556e-17,0.9149247419328868,6,3,r0_3,r0,3
305,C,0.15678824193771973,1.2003900292677095e-16,0.8432117580622803,6,3,r0_3,r0,3
306,A,0.08507525806711357,3.583850582886168e-17,0.9149247419328868,6,3,r0_3,r0,3
306,C,0.15678824193771973,1.057900027856885e-16,0.8432117580622801,6,3,r0_3,r0,3
307,A,0.08507525806711357,3.1584274597673827e-17,0.9149247419328868,6,3,r0_3,r0,3
307,C,0.15678824193771973,9.323240290457822e-17,0.8432117580622804,6,3,r0_3,r0,3
308,A,0.08507525806711357,2.783504686250015e-17,0.9149247419328868,6,3,r0_3,r0,3
308,C,0.15678824193771973,8.216542886156861e-17,0.8432117580622804,6,3,r0_3,r0,3
309,A,0.08507525806711357,2.4530875236761542e-17,0.9149247419328868,6,3,r0_3,r0,3
309,C,0.15678824193771973,7.241213877647099e-17,0.8432117580622803,6,3,r0_3,r0,3
310,A,0.08507525806711357,2.1618928552667874e-17,0.9149247419328868,6,3,r0_3,r0,3
310,C,0.1567882419377197,6.381659431485607e-17,0.8432117580622801,6,3,r0_3,r0,3
311,A,0.08507525806711357,1.9052647103394797e-17,0.9149247419328868,6,3,r0_3,r0,3
311,C,0.1567882419377197,5.624136750262395e-17,0.8432117580622801,6,3,r0_3,r0,3
312,A,0.08507525806711357,1.679099816655651e-17,0.9149247419328868,6,3,r0_3,r0,3
312,C,0.1567882419377197,4.956534348933209e-17,0.8432117580622801,6,3,r0_3,r0,3
313,A,0.08507525806711357,1.4797819904409326e-17,0.9149247419328868,6,3,r0_3,r0,3
313,C,0.15678824193771973,4.36817841302588e-17,0.8432117580622803,6,3,r0_3,r0,3
314,A,0.08507525806711357,1.3041243149455843e-17,0.9149247419328868,6,3,r0_3,r0,3
314,C,0.15678824193771973,3.8496621427220155e-17,0.8432117580622803,6,3,r0_3,r0,3
315,A,0.08507525806711357,1.1493181829580546e-17,0.9149247419328868,6,3,r0_3,r0,3
315,C,0.15678824193771973,3.392695354320117e-17,0.8432117580622803,6,3,r0_3,r0,3
316,A,0.08507525806711357,1.0128883884453748e-17,0.9149247419328868,6,3,r0_3,r0,3
316,C,0.15678824193771973,2.989971934466979e-17,0.8432117580622803,6,3,r0_3,r0,3
317,A,0.08507525806711357,8.926535492242074e-18,0.9149247419328868,6,3,r0_3,r0,3
317,C,0.15678824193771973,2.6350530279789512e-17,0.8432117580622803,6,3,r0_3,r0,3
318,A,0.08507525806711357,7.866912278134652e-18,0.9149247419328868,6,3,r0_3,r0,3
318,C,0.15678824193771973,2.3222640916278175e-17,0.8432117580622803,6,3,r0_3,r0,3
319,A,0.08507525806711357,6.933071927462019e-18,0.9149247419328868,6,3,r0_3,r0,3
319,C,0.15678824193771973,2.0466041679586643e-17,0.8432117580622803,6,3,r0_3,r0,3
320,A,0.08507525806711357,6.1100832882678556e-18,0.9149247419328868,6,3,r0_3,r0,3
320,C,0.15678824193771973,1.803665928584495e-17,0.8432117580622803,6,3,r0_3,r0,3
321,A,0.08507525806711357,5.3847876316775135e-18,0.9149247419328868,6,3,r0_3,r0,3
321,C,0.15678824193771973,1.589565208587662e-17,0.8432117580622803,6,3,r0_3,r0,3
322,A,0.08507525806711357,4.745588252624251e-18,0.9149247419328868,6,3,r0_3,r0,3
322,C,0.15678824193771973,1.400878905404552e-17,0.8432117580622803,6,3,r0_3,r0,3
323,A,0.08507525806711357,4.1822650454912255e-18,0.9149247419328868,6,3,r0_3,r0,3
323,C,0.15678824193771973,1.2345902488785639e-17,0.8432117580622803,6,3,r0_3,r0,3
324,A,0.08507525806711357,3.6858110955675405e-18,0.9149247419328868,6,3,r0_3,r0,3
324,C,0.15678824193771973,1.0880405695436458e-17,0.8432117580622803,6,3,r0_3,r0,3
325,A,0.08507525806711357,3.2482886623720353e-18,0.9149247419328868,6,3,r0_3,r0,3
325,C,0.15678824193771973,9.588867899977554e-18,0.8432117580622803,6,3,r0_3,r0,3
326,A,0.08507525806711357,2.8627022617190317e-18,0.9149247419328868,6,3,r0_3,r0,3
326,C,0.15678824193771973,8.450639632123364e-18,0.8432117580622803,6,3,r0_3,r0,3
327,A,0.08507525806711357,2.5228868141222214e-18,0.9149247419328868,6,3,r0_3,r0,3
327,C,0.15678824193771973,7.447522577436713e-18,0.8432117580622803,6,3,r0_3,r0,3
328,A,0.08507525806711357,2.2234090704037826e-18,0.9149247419328868,6,3,r0_3,r0,3
328,C,0.15678824193771973,6.563478617571895e-18,0.8432117580622803,6,3,r0_3,r0,3
329,A,0.08507525806711357,1.959480738794859e-18,0.9149247419328868,6,3,r0_3,r0,3
329,C,0.15678824193771973,5.784373408337234e-18,0.8432117580622803,6,3,r0_3,r0,3
330,A,0.08507525806711357,1.7268819244647903e-18,0.9149247419328868,6,3,r0_3,r0,3
330,C,0.15678824193771973,5.097750395831286e-18,0.8432117580622803,6,3,r0_3,r0,3
331,A,0.08507525806711357,1.5218936573114328e-18,0.9149247419328868,6,3,r0_3,r0,3
331,C,0.15678824193771973,4.492631657560108e-18,0.8432117580622803,6,3,r0_3,r0,3
332,A,0.08507525806711357,1.341238429164524e-18,0.9149247419328868,6,3,r0_3,r0,3
332,C,0.15678824193771973,3.959342384327455e-18,0.8432117580622803,6,3,r0_3,r0,3
333,A,0.08507525806711357,1.1820277896231344e-18,0.9149247419328868,6,3,r0_3,r0,3
333,C,0.15678824193771973,3.489356196665699e-18,0.8432117580622803,6,3,r0_3,r0,3
334,A,0.08507525806711357,1.0417161626139293e-18,0.9149247419328868,6,3,r0_3,r0,3
334,C,0.15678824193771973,3.0751588226831487e-18,0.8432117580622803,6,3,r0_3,r0,3
335,A,0.08507525806711357,9.18060145224528e-19,0.9149247419328868,6,3,r0_3,r0,3
335,C,0.15678824193771973,2.710127957771162e-18,0.8432117580622803,6,3,r0_3,r0,3
336,A,0.08507525806711357,8.09082638025942e-19,0.9149247419328868,6,3,r0_3,r0,3
336,C,0.15678824193771973,2.388427385334529e-18,0.8432117580622803,6,3,r0_3,r0,3
337,A,0.08507525806711357,7.130412333517271e-19,0.9149247419328868,6,3,r0_3,r0,3
337,C,0.15678824193771973,2.1049136657176426e-18,0.8432117580622803,6,3,r0_3,r0,3
338,A,0.08507525806711357,6.284003560844502e-19,0.9149247419328868,6,3,r0_3,r0,3
338,C,0.15678824193771973,1.855053901442971e-18,0.8432117580622803,6,3,r0_3,r0,3
339,A,0.08507525806711357,5.5380671150090305e-19,0.9149247419328868,6,3,r0_3,r0,3
339,C,0.15678824193771973,1.6348532639693863e-18,0.8432117580622803,6,3,r0_3,r0,3
340,A,0.08507525806711357,4.880676476057232e-19,0.9149247419328868,6,3,r0_3,r0,3
340,C,0.15678824193771973,1.440791123247882e-18,0.8432117580622803,6,3,r0_3,r0,3
341,A,0.08507525806711357,4.301320859841648e-19,0.9149247419328868,6,3,r0_3,r0,3
341,C,0.15678824193771973,1.2697647588960993e-18,0.8432117580622803,6,3,r0_3,r0,3
342,A,0.08507525806711357,3.7907371627393553e-19,0.9149247419328868,6,3,r0_3,r0,3
342,C,0.15678824193771973,1.1190397530301708e-18,0.8432117580622803,6,3,r0_3,r0,3
343,A,0.08507525806711357,3.340761858255158e-19,0.9149247419328868,6,3,r0_3,r0,3
343,C,0.15678824193771973,9.862062704943406e-19,0.8432117580622803,6,3,r0_3,r0,3
344,A,0.08507525806711357,2.9442004636764723e-19,0.9149247419328868,6,3,r0_3,r0,3
344,C,0.15678824193771973,8.691405330581803e-19,0.8432117580622803,6,3,r0_3,r0,3
345,A,0.08507525806711357,2.5947125163067494e-19,0.9149247419328868,6,3,r0_3,r0,3
345,C,0.15678824193771973,7.659708609806742e-19,0.8432117580622803,6,3,r0_3,r0,3
346,A,0.08507525806711357,2.286710196519274e-19,0.9149247419328868,6,3,r0_3,r0,3
346,C,0.15678824193771973,6.7504774830799925e-19,0.8432117580622803,6,3,r0_3,r0,3
347,A,0.08507525806711357,2.0152689843027335e-19,0.9149247419328868,6,3,r0_3,r0,3
347,C,0.15678824193771973,5.949174905448234e-19,0.8432117580622803,6,3,r0_3,r0,3
348,A,0.08507525806711357,1.77604892235777e-19,0.9149247419328868,6,3,r0_3,r0,3
348,C,0.15678824193771973,5.242989424158687e-19,0.8432117580622803,6,3,r0_3,r0,3
349,A,0.08507525806711357,1.5652252256807166e-19,0.9149247419328868,6,3,r0_3,r0,3
349,C,0.15678824193771973,4.620630345529941e-19,0.8432117580622803,6,3,r0_3,r0,3
350,A,0.08507525806711357,1.3794271281523074e-19,0.9149247419328868,6,3,r0_3,r0,3
350,C,0.15678824193771973,4.072147216148097e-19,0.8432117580622803,6,3,r0_3,r0,3
351,A,0.08507525806711357,1.2156839883518357e-19,0.9149247419328868,6,3,r0_3,r0,3
351,C,0.15678824193771973,3.588770732202818e-19,0.8432117580622803,6,3,r0_3,r0,3
352,A,0.08507525806711357,1.0713777928857966e-19,0.9149247419328868,6,3,r0_3,r0,3
352,C,0.15678824193771973,3.162772533376825e-19,0.8432117580622803,6,3,r0_3,r0,3
353,A,0.08507525806711357,9.442012978105201e-20,0.9149247419328868,6,3,r0_3,r0,3
353,C,0.15678824193771973,2.7873416396340864e-19,0.8432117580622803,6,3,r0_3,r0,3
354,A,0.08507525806711357,8.321211388761292e-20,0.9149247419328868,6,3,r0_3,r0,3
354,C,0.15678824193771973,2.45647555534315e-19,0.8432117580622803,6,3,r0_3,r0,3
355,A,0.08507525806711357,7.333453207659213e-20,0.9149247419328868,6,3,r0_3,r0,3
355,C,0.15678824193771973,2.164884299677709e-19,0.8432117580622803,6,3,r0_3,r0,3
356,A,0.08507525806711357,6.462945655210078e-20,0.9149247419328868,6,3,r0_3,r0,3
356,C,0.15678824193771973,1.9079058289052674e-19,0.8432117580622803,6,3,r0_3,r0,3
357,A,0.08507525806711357,5.695770620446462e-20,0.9149247419328868,6,3,r0_3,r0,3
357,C,0.15678824193771973,1.6814314983116683e-19,0.8432117580622803,6,3,r0_3,r0,3
358,A,0.08507525806711357,5.0196621296040533e-20,0.9149247419328868,6,3,r0_3,r0,3
358,C,0.15678824193771973,1.4818403720256406e-19,0.8432117580622803,6,3,r0_3,r0,3
359,A,0.08507525806711357,4.423810230228943e-20,0.9149247419328868,6,3,r0_3,r0,3
359,C,0.15678824193771973,1.305941330470298e-19,0.8432117580622803,6,3,r0_3,r0,3
360,A,0.08507525806711357,3.8986881551536767e-20,0.9149247419328868,6,3,r0_3,r0,3
360,C,0.15678824193771973,1.150922049839188e-19,0.8432117580622803,6,3,r0_3,r0,3
361,A,0.08507525806711357,3.4359000029050736e-20,0.9149247419328868,6,3,r0_3,r0,3
361,C,0.15678824193771973,1.0143040378663171e-19,0.8432117580622803,6,3,r0_3,r0,3
362,A,0.08507525806711357,3.028046499141769e-20,0.9149247419328868,6,3,r0_3,r0,3
362,C,0.15678824193771973,8.939030069893314e-20,0.8432117580622803,6,3,r0_3,r0,3
363,A,0.08507525806711357,2.6686066936652665e-20,0.9149247419328868,6,3,r0_3,r0,3
363,C,0.15678824193771973,7.877939524778189e-20,0.8432117580622803,6,3,r0_3,r0,3
364,A,0.08507525806711357,2.3518336973543883e-20,0.9149247419328868,6,3,r0_3,r0,3
364,C,0.15678824193771973,6.942803715615445e-20,0.8432117580622803,6,3,r0_3,r0,3
365,A,0.08507525806711357,2.0726627997223788e-20,0.9149247419328868,6,3,r0_3,r0,3
365,C,0.15678824193771973,6.118671421547493e-20,0.8432117580622803,6,3,r0_3,r0,3
