t,subpop,S_indiv,I_indiv,R_indiv,REGION6,parset,parset_name,sens_type,sens_value
0,A,0.9990000000000001,9.999999999999998e-4,0,1,16,gamma_0.1,gamma,0.1
0,C,0.9990000000000002,0.0010000000000000002,0,1,16,gamma_0.1,gamma,0.1
1,A,0.9987728031042606,0.0011212034481771734,1.059934475620457e-4,1,16,gamma_0.1,gamma,0.1
1,C,0.9988470277211743,0.0010504624048700457,1.0250987395655357e-4,1,16,gamma_0.1,gamma,0.1
2,A,0.9985240339901255,0.0012514016754378934,2.2456433443758343e-4,1,16,gamma_0.1,gamma,0.1
2,C,0.9986870545819042,0.0011027859921942502,2.101594259017594e-4,1,16,gamma_0.1,gamma,0.1
3,A,0.9982536382002453,0.0013897872075400574,3.5657459221464556e-4,1,16,gamma_0.1,gamma,0.1
3,C,0.9985198961936472,0.0011569683417476803,3.23135464605914e-4,1,16,gamma_0.1,gamma,0.1
4,A,0.9979614543108618,0.0015357361789791163,5.02809510157992e-4,1,16,gamma_0.1,gamma,0.1
4,C,0.9983453464757367,0.0012130287586012173,4.416247656614767e-4,1,16,gamma_0.1,gamma,0.1
5,A,0.9976471085482064,0.0016888900736354508,6.640013781585075e-4,1,16,gamma_0.1,gamma,0.1
5,C,0.99816317538243,0.001271008609446487,5.658160081237476e-4,1,16,gamma_0.1,gamma,0.1
6,A,0.9973099721403317,0.0018491634169500756,8.40864442718351e-4,1,16,gamma_0.1,gamma,0.1
6,C,0.9979731256136618,0.0013309704080797142,6.959039782579308e-4,1,16,gamma_0.1,gamma,0.1
7,A,0.9969491475366352,0.0020167290894412084,0.0010341233739240823,1,16,gamma_0.1,gamma,0.1
7,C,0.9977749112527199,0.001392996364357907,8.320923829222876e-4,1,16,gamma_0.1,gamma,0.1
8,A,0.9965635234872449,0.002191959055872277,0.001244517456884229,1,16,gamma_0.1,gamma,0.1
8,C,0.9975682270271595,0.0014571827884511275,9.745901843878097e-4,1,16,gamma_0.1,gamma,0.1
9,A,0.9961516927188802,0.002375422746513173,0.001472884534606739,1,16,gamma_0.1,gamma,0.1
9,C,0.9973527218265091,0.0015236466954301022,0.001123631478060799,1,16,gamma_0.1,gamma,0.1
10,A,0.9957122336594428,0.0025677268478689003,0.0017200394926880679,1,16,gamma_0.1,gamma,0.1
10,C,0.9971280583733053,0.0015925029141706313,0.0012794387125244372,1,16,gamma_0.1,gamma,0.1
11,A,0.995243524290312,0.0027695731024439917,0.0019869026072438455,1,16,gamma_0.1,gamma,0.1
11,C,0.9968938627043794,0.0016638796693199019,0.00144225762630058,1,16,gamma_0.1,gamma,0.1
12,A,0.9947438219953563,0.002981712335475089,0.0022744656691685928,1,16,gamma_0.1,gamma,0.1
12,C,0.9966497410162232,0.001737911950669952,0.0016123470331052276,1,16,gamma_0.1,gamma,0.1
13,A,0.9942112805014329,0.0032049228108060822,0.002583796687759836,1,16,gamma_0.1,gamma,0.1
13,C,0.9963952803809923,0.0018147401257344916,0.0017899794932730842,1,16,gamma_0.1,gamma,0.1
14,A,0.9936439598303001,0.0034399978870822364,0.002916042282617,1,16,gamma_0.1,gamma,0.1
14,C,0.996130049136747,0.0018945090345014884,0.0019754418287530823,1,16,gamma_0.1,gamma,0.1
15,A,0.993039832041513,0.0036877391132188026,0.003272428845268645,1,16,gamma_0.1,gamma,0.1
15,C,0.9958535970416854,0.0019773674165098187,0.0021690355418049105,1,16,gamma_0.1,gamma,0.1
16,A,0.9923969743323734,0.003948883521613498,0.0036541421460126525,1,16,gamma_0.1,gamma,0.1
16,C,0.9955654975316123,0.0020634541420997935,0.0023710483262885415,1,16,gamma_0.1,gamma,0.1
17,A,0.9917126443089299,0.004224441387928145,0.0040629143031420305,1,16,gamma_0.1,gamma,0.1
17,C,0.9952651425206596,0.002152963229467423,0.0025818942498730306,1,16,gamma_0.1,gamma,0.1
18,A,0.9909853523993117,0.004514942595509616,0.0044997050051789915,1,16,gamma_0.1,gamma,0.1
18,C,0.9949522018437249,0.002245998062748897,0.0028018000935269892,1,16,gamma_0.1,gamma,0.1
19,A,0.9902122117466375,0.0048213991375820305,0.004966389115781048,1,16,gamma_0.1,gamma,0.1
19,C,0.9946260358170245,0.0023427573462592288,0.003031206836717077,1,16,gamma_0.1,gamma,0.1
20,A,0.9893908324111296,0.005144614384164933,0.0054645532047059775,1,16,gamma_0.1,gamma,0.1
20,C,0.9942861152892345,0.0024434016654234425,0.0032704830453417046,1,16,gamma_0.1,gamma,0.1
21,A,0.9885186447701612,0.005485433615224804,0.005995921614613843,1,16,gamma_0.1,gamma,0.1
21,C,0.9939318717403648,0.0025481012940163144,0.0035200269656192043,1,16,gamma_0.1,gamma,0.1
22,A,0.9875929944083008,0.005844713195161644,0.006562292396537168,1,16,gamma_0.1,gamma,0.1
22,C,0.9935627182466756,0.002657029969026735,0.003780251784296761,1,16,gamma_0.1,gamma,0.1
23,A,0.9866111253301897,0.006223322961410224,0.00716555170839999,1,16,gamma_0.1,gamma,0.1
23,C,0.9931780457146624,0.0027703656570059933,0.004051588628332483,1,16,gamma_0.1,gamma,0.1
24,A,0.9855701777115283,0.006622146789792263,0.0078076754986785195,1,16,gamma_0.1,gamma,0.1
24,C,0.9927772221818758,0.0028882907600686044,0.004334487058054107,1,16,gamma_0.1,gamma,0.1
25,A,0.9844671876608871,0.007042082529013376,0.008490729810099075,1,16,gamma_0.1,gamma,0.1
25,C,0.9923595924460658,0.003010992252991734,0.00462941530094289,1,16,gamma_0.1,gamma,0.1
26,A,0.9832990871409196,0.00748404146029322,0.009216871398785948,1,16,gamma_0.1,gamma,0.1
26,C,0.9919244776109645,0.003138661821399448,0.004936860567635592,1,16,gamma_0.1,gamma,0.1
27,A,0.9820627039548497,0.0079489472941419,0.009988348751008156,1,16,gamma_0.1,gamma,0.1
27,C,0.9914711745215329,0.003271496003283506,0.005257329475185021,1,16,gamma_0.1,gamma,0.1
28,A,0.9807547621013447,0.008437734684134009,0.010807503214522153,1,16,gamma_0.1,gamma,0.1
28,C,0.9909989551478515,0.0034096963213036294,0.005591348530843659,1,16,gamma_0.1,gamma,0.1
29,A,0.9793718827364487,0.0089513472413078575,0.01167677002224299,1,16,gamma_0.1,gamma,0.1
29,C,0.9905070659624639,0.0035534693964744367,0.0059394646410617655,1,16,gamma_0.1,gamma,0.1
30,A,0.9779105858707872,0.009490735038764757,0.012598679090449172,1,16,gamma_0.1,gamma,0.1
30,C,0.9899947273309228,0.003703027038617017,0.0063022456304601656,1,16,gamma_0.1,gamma,0.1
31,A,0.9763672928741518,0.010056851597189533,0.01357585552865882,1,16,gamma_0.1,gamma,0.1
31,C,0.9894611329224483,0.003858586311436107,0.0066802807661162835,1,16,gamma_0.1,gamma,0.1
32,A,0.9747383298461993,0.010650650340130713,0.014611019813670115,1,16,gamma_0.1,gamma,0.1
32,C,0.9889054491437138,0.004020369570782528,0.007074181285504327,1,16,gamma_0.1,gamma,0.1
33,A,0.9730199319152876,0.011273080505415298,0.015706987579297355,1,16,gamma_0.1,gamma,0.1
33,C,0.9883268145990481,0.004188604474613708,0.00748458092633843,1,16,gamma_0.1,gamma,0.1
34,A,0.9712082485336093,0.011925082497299363,0.01686666896909174,1,16,gamma_0.1,gamma,0.1
34,C,0.9877243395811824,0.004363523962948939,0.00791213645586888,1,16,gamma_0.1,gamma,0.1
35,A,0.969299349840806,0.012607582663261037,0.018093067495932938,1,16,gamma_0.1,gamma,0.1
35,C,0.987097105597436,0.00454536620591404,0.008357528196650355,1,16,gamma_0.1,gamma,0.1
36,A,0.9672892341700973,0.013321487479773094,0.019389278350128717,1,16,gamma_0.1,gamma,0.1
36,C,0.9864441649367257,0.004734374517797834,0.008821460545476788,1,16,gamma_0.1,gamma,0.1
37,A,0.9651738367709758,0.01406767713294546,0.020758486096078305,1,16,gamma_0.1,gamma,0.1
37,C,0.9857645402831731,0.004930797234881752,0.009304662481945298,1,16,gamma_0.1,gamma,0.1
38,A,0.9629490398210325,0.01484699848263279,0.022203961696335178,1,16,gamma_0.1,gamma,0.1
38,C,0.9850572243824675,0.0051348875546405656,0.009807888062891984,1,16,gamma_0.1,gamma,0.1
39,A,0.9606106832543192,0.015660256585357163,0.02372906016032388,1,16,gamma_0.1,gamma,0.1
39,C,0.9843211792456655,0.005346903410450409,0.010331917343885458,1,16,gamma_0.1,gamma,0.1
40,A,0.9581545808344604,0.016508212244833488,0.025337206920706363,1,16,gamma_0.1,gamma,0.1
40,C,0.983555339511107,0.00556710670856352,0.010877553780328718,1,16,gamma_0.1,gamma,0.1
41,A,0.9555765294733478,0.01739156986777964,0.027031900658872975,1,16,gamma_0.1,gamma,0.1
41,C,0.9827586095659707,0.0057957634580272695,0.011445626976002347,1,16,gamma_0.1,gamma,0.1
42,A,0.9528723230386006,0.018310960438137257,0.028816716523263456,1,16,gamma_0.1,gamma,0.1
42,C,0.9819298595142889,0.006033143992732627,0.012036996492978815,1,16,gamma_0.1,gamma,0.1
43,A,0.9500377719902307,0.0192669313204832,0.03069529668928527,1,16,gamma_0.1,gamma,0.1
43,C,0.9810679256764675,0.006279522485031452,0.012652551838501393,1,16,gamma_0.1,gamma,0.1
44,A,0.9470687284312398,0.02025994477828029,0.03267132679047986,1,16,gamma_0.1,gamma,0.1
44,C,0.9801716165331366,0.006535175644876002,0.01329320782198917,1,16,gamma_0.1,gamma,0.1
45,A,0.943961105181012,0.021290366524822076,0.03474852829416584,1,16,gamma_0.1,gamma,0.1
45,C,0.979239712469938,0.006800382290934575,0.0139599052391282,1,16,gamma_0.1,gamma,0.1
46,A,0.9407108952354976,0.022358451450041384,0.036930653314460396,1,16,gamma_0.1,gamma,0.1
46,C,0.9782709642408371,0.007075423059365678,0.014653612699794604,1,16,gamma_0.1,gamma,0.1
47,A,0.9373141946109931,0.023464330367985977,0.039221475021021406,1,16,gamma_0.1,gamma,0.1
47,C,0.9772640926618629,0.0073605798792196935,0.015375327458916548,1,16,gamma_0.1,gamma,0.1
48,A,0.9337672280702052,0.024607997871037738,0.04162477405875651,1,16,gamma_0.1,gamma,0.1
48,C,0.9762177894297192,0.007656135231356769,0.01612607533892392,1,16,gamma_0.1,gamma,0.1
49,A,0.9300663763224944,0.02578930033136641,0.0441443233461378,1,16,gamma_0.1,gamma,0.1
49,C,0.9751307182557769,0.007962371311691337,0.016906910432531685,1,16,gamma_0.1,gamma,0.1
50,A,0.9262082041032239,0.0270079235783318,0.046783872318443824,1,16,gamma_0.1,gamma,0.1
50,C,0.9740015159356954,0.0082795691523865865,0.017718914911916954,1,16,gamma_0.1,gamma,0.1
51,A,0.9221894866259484,0.028263381502026855,0.04954713187202566,1,16,gamma_0.1,gamma,0.1
51,C,0.9728287933138259,0.008608007769764777,0.018563198916409267,1,16,gamma_0.1,gamma,0.1
52,A,0.918007244870875,0.029555001347579577,0.05243775378154489,1,16,gamma_0.1,gamma,0.1
52,C,0.971611136677055,0.008947962986595337,0.01944090033634995,1,16,gamma_0.1,gamma,0.1
53,A,0.9136587779240776,0.030881911300462993,0.05545931077545944,1,16,gamma_0.1,gamma,0.1
53,C,0.9703471092805132,0.009299706279287969,0.020353184440198468,1,16,gamma_0.1,gamma,0.1
54,A,0.9091416908017492,0.03224303096783294,0.0586152782304175,1,16,gamma_0.1,gamma,0.1
54,C,0.9690352529248197,0.00966350369188486,0.021301243383294855,1,16,gamma_0.1,gamma,0.1
55,A,0.9044539238016426,0.03363706202004841,0.061909014178309366,1,16,gamma_0.1,gamma,0.1
55,C,0.9676740897720024,0.010039614621666913,0.02228629560633035,1,16,gamma_0.1,gamma,0.1
56,A,0.8995937857953751,0.03506247802928878,0.0653437361753367,1,16,gamma_0.1,gamma,0.1
56,C,0.9662621245084804,0.010428290389796679,0.023309585101722395,1,16,gamma_0.1,gamma,0.1
57,A,0.894559987792608,0.03651751531066102,0.06892249689673138,1,16,gamma_0.1,gamma,0.1
57,C,0.964797846773898,0.010829772697510077,0.024372380528591517,1,16,gamma_0.1,gamma,0.1
58,A,0.8893516739312097,0.0380001661255882,0.07264815994320191,1,16,gamma_0.1,gamma,0.1
58,C,0.9632797337880353,0.011244292043352888,0.025475974168611314,1,16,gamma_0.1,gamma,0.1
59,A,0.8839684501617385,0.039508174140854835,0.07652337569740665,1,16,gamma_0.1,gamma,0.1
59,C,0.9617062531967944,0.011672066081105102,0.026621680722099614,1,16,gamma_0.1,gamma,0.1
60,A,0.878410411746009,0.04103903165901211,0.0805505565949788,1,16,gamma_0.1,gamma,0.1
60,C,0.9600758661897574,0.012113297871669839,0.02781083593857301,1,16,gamma_0.1,gamma,0.1
61,A,0.8726781695061383,0.042589978693081856,0.08473185180077972,1,16,gamma_0.1,gamma,0.1
61,C,0.9583870309118803,0.012568174019682011,0.029044795068437775,1,16,gamma_0.1,gamma,0.1
62,A,0.8667728736892799,0.04415800444885689,0.08906912186186405,1,16,gamma_0.1,gamma,0.1
62,C,0.9566382061666999,0.013036862713956687,0.03032493111934281,1,16,gamma_0.1,gamma,0.1
63,A,0.8606962346745015,0.04573985154071193,0.0935639137847864,1,16,gamma_0.1,gamma,0.1
63,C,0.9548278553957962,0.01351951169174964,0.031652632912454966,1,16,gamma_0.1,gamma,0.1
64,A,0.8544505401283075,0.047332023088334646,0.09821743678335787,1,16,gamma_0.1,gamma,0.1
64,C,0.9529544509409227,0.01401624612728056,0.033029302931799086,1,16,gamma_0.1,gamma,0.1
65,A,0.8480386684386367,0.04893079271245627,0.10303053884890674,1,16,gamma_0.1,gamma,0.1
65,C,0.9510164785984944,0.014527166441988495,0.03445635495951647,1,16,gamma_0.1,gamma,0.1
66,A,0.8414640980875197,0.050532217506421846,0.10800368440605874,1,16,gamma_0.1,gamma,0.1
66,C,0.9490124424697179,0.01505234604176061,0.03593521148852059,1,16,gamma_0.1,gamma,0.1
67,A,0.8347309125114227,0.05213215408136101,0.11313693340721681,1,16,gamma_0.1,gamma,0.1
67,C,0.9469408701015284,0.0155918289932266,0.037467300905243875,1,16,gamma_0.1,gamma,0.1
68,A,0.8278438000710865,0.053726277716550724,0.11842992221236275,1,16,gamma_0.1,gamma,0.1
68,C,0.9448003179111754,0.016145627651637257,0.03905405443718695,1,16,gamma_0.1,gamma,0.1
69,A,0.8208080488968452,0.055310104549961374,0.12388184655319383,1,16,gamma_0.1,gamma,0.1
69,C,0.9425893768873498,0.016713720251245734,0.040696902861404254,1,16,gamma_0.1,gamma,0.1
70,A,0.8136295364681589,0.05687901667438454,0.12949144685745614,1,16,gamma_0.1,gamma,0.1
70,C,0.9403066785592767,0.01729604846986116,0.0423972729708634,1,16,gamma_0.1,gamma,0.1
71,A,0.8063147138309754,0.05842828995855736,0.13525699621046727,1,16,gamma_0.1,gamma,0.1
71,C,0.9379509012213499,0.017892514982034976,0.0441565837966152,1,16,gamma_0.1,gamma,0.1
72,A,0.7988705844141456,0.0599531243619613,0.14117629122389255,1,16,gamma_0.1,gamma,0.1
72,C,0.9355207763968164,0.018502981017873583,0.04597624258531065,1,16,gamma_0.1,gamma,0.1
73,A,0.7913046774990675,0.06144867644790288,0.14724664605302942,1,16,gamma_0.1,gamma,0.1
73,C,0.9330150955205427,0.01912726394589755,0.04785764053355909,1,16,gamma_0.1,gamma,0.1
74,A,0.7836250165022787,0.06291009373443544,0.1534648897632866,1,16,gamma_0.1,gamma,0.1
74,C,0.9304327168179625,0.01976513489943676,0.0498021482826008,1,16,gamma_0.1,gamma,0.1
75,A,0.7758400823261964,0.06433255046818925,0.1598273672056147,1,16,gamma_0.1,gamma,0.1
75,C,0.9277725723538185,0.02041631646746835,0.0518111111787128,1,16,gamma_0.1,gamma,0.1
76,A,0.7679587721171254,0.06571128436304663,0.1663299435198266,1,16,gamma_0.1,gamma,0.1
76,C,0.9250336752206433,0.021080480472486705,0.05388584430687186,1,16,gamma_0.1,gamma,0.1
77,A,0.7599903538503254,0.0670416338103147,0.17296801233936,1,16,gamma_0.1,gamma,0.1
77,C,0.9222151268329482,0.02175724585952042,0.05602762730753114,1,16,gamma_0.1,gamma,0.1
78,A,0.7519444172408665,0.06831907503936091,0.17973650771977337,1,16,gamma_0.1,gamma,0.1
78,C,0.9193161242894922,0.022446176721618492,0.05823769898888836,1,16,gamma_0.1,gamma,0.1
79,A,0.743830821550455,0.06953925869062999,0.1866299197589158,1,16,gamma_0.1,gamma,0.1
79,C,0.9163359677622703,0.023146780488108462,0.06051725174962015,1,16,gamma_0.1,gamma,0.1
80,A,0.7356596409182992,0.07069804525942625,0.19364231382227476,1,16,gamma_0.1,gamma,0.1
80,C,0.913274067867528,0.02385850630275192,0.06286742582971827,1,16,gamma_0.1,gamma,0.1
81,A,0.7274411078822043,0.07179153888384374,0.2007673532339516,1,16,gamma_0.1,gamma,0.1
81,C,0.9101299529711162,0.02458074361910626,0.06528930340977665,1,16,gamma_0.1,gamma,0.1
82,A,0.7191855558125547,0.07281611894618524,0.20799832524126016,1,16,gamma_0.1,gamma,0.1
82,C,0.9069032763744506,0.025312821043600966,0.06778390258194808,1,16,gamma_0.1,gamma,0.1
83,A,0.7109033609554632,0.07376846903311517,0.21532817001142196,1,16,gamma_0.1,gamma,0.1
83,C,0.9035938233299646,0.026054005451430492,0.07035217121860451,1,16,gamma_0.1,gamma,0.1
84,A,0.7026048848049353,0.07464560282131875,0.22274951237374518,1,16,gamma_0.1,gamma,0.1
84,C,0.9002015178280026,0.026803501404507688,0.07299498076748814,1,16,gamma_0.1,gamma,0.1
85,A,0.6943004175068537,0.07544488651252404,0.23025469598062182,1,16,gamma_0.1,gamma,0.1
85,C,0.8967264290959969,0.027560450899092568,0.07571312000490972,1,16,gamma_0.1,gamma,0.1
86,A,0.6860001229685376,0.07616405750524598,0.23783581952621677,1,16,gamma_0.1,gamma,0.1
86,C,0.8931687777492489,0.02832393346947089,0.07850728878128042,1,16,gamma_0.1,gamma,0.1
87,A,0.6777139863006383,0.07680123906536107,0.24548477463400115,1,16,gamma_0.1,gamma,0.1
87,C,0.889528941532026,0.0290929666721367,0.08137809179583724,1,16,gamma_0.1,gamma,0.1
88,A,0.6694517641609314,0.07735495083487051,0.253193285004198,1,16,gamma_0.1,gamma,0.1
88,C,0.8858074605871088,0.029866506973114937,0.08432603243977599,1,16,gamma_0.1,gamma,0.1
89,A,0.6612229385042068,0.07782411509568586,0.26095294640010824,1,16,gamma_0.1,gamma,0.1
89,C,0.8820050421919559,0.030643451058899096,0.08735150674914412,1,16,gamma_0.1,gamma,0.1
90,A,0.653036674169398,0.07820805878264317,0.2687552670479582,1,16,gamma_0.1,gamma,0.1
90,C,0.8781225649006117,0.03142263758863881,0.09045479751074895,1,16,gamma_0.1,gamma,0.1
91,A,0.6449017806556758,0.0785065113161753,0.2765917080281483,1,16,gamma_0.1,gamma,0.1
91,C,0.8741610820322795,0.03220284940177303,0.0936360685659478,1,16,gamma_0.1,gamma,0.1
92,A,0.6368266783558124,0.07871959839777627,0.28445372324641144,1,16,gamma_0.1,gamma,0.1
92,C,0.8701218244501384,0.0329828161914367,0.09689535935842296,1,16,gamma_0.1,gamma,0.1
93,A,0.6288193694308207,0.07884783197807381,0.29233279859110456,1,16,gamma_0.1,gamma,0.1
93,C,0.8660062025773889,0.033761217649747564,0.10023257977286387,1,16,gamma_0.1,gamma,0.1
94,A,0.6208874134269469,0.07889209666619652,0.30022048990685574,1,16,gamma_0.1,gamma,0.1
94,C,0.8618158076016708,0.03453668708647369,0.10364750531185547,1,16,gamma_0.1,gamma,0.1
95,A,0.6130379076564967,0.07885363289921692,0.30810845944428694,1,16,gamma_0.1,gamma,0.1
95,C,0.8575524118242343,0.035307815517587236,0.1071397726581791,1,16,gamma_0.1,gamma,0.1
96,A,0.6052774722893282,0.07873401723115368,0.31598851047951904,1,16,gamma_0.1,gamma,0.1
96,C,0.8532179681160047,0.03607315621488015,0.11070887566911508,1,16,gamma_0.1,gamma,0.1
97,A,0.5976122400334478,0.0785351401318372,0.3238526198347146,1,16,gamma_0.1,gamma,0.1
97,C,0.8488146084495517,0.03683122970226015,0.114354161848188,1,16,gamma_0.1,gamma,0.1
98,A,0.5900478502222973,0.0782591817066449,0.33169296807105864,1,16,gamma_0.1,gamma,0.1
98,C,0.8443446414833079,0.037580529178629654,0.1180748293380633,1,16,gamma_0.1,gamma,0.1
99,A,0.5825894470738717,0.07790858575882426,0.3395019671673037,1,16,gamma_0.1,gamma,0.1
99,C,0.8398105491825206,0.03831952634147033,0.12186992447600929,1,16,gamma_0.1,gamma,0.1
100,A,0.5752416818430163,0.07748603261764127,0.34727228553934286,1,16,gamma_0.1,gamma,0.1
100,C,0.8352149824701873,0.039046677579359576,0.12573833995045272,1,16,gamma_0.1,gamma,0.1
101,A,0.5680087185484678,0.07699441115304911,0.3549968702984832,1,16,gamma_0.1,gamma,0.1
101,C,0.830560755912177,0.039760430494200194,0.12967881359362216,1,16,gamma_0.1,gamma,0.1
102,A,0.5608942429658305,0.0764367903481889,0.3626689666859804,1,16,gamma_0.1,gamma,0.1
102,C,0.8258508414386817,0.040459230719750834,0.13368992784156677,1,16,gamma_0.1,gamma,0.1
103,A,0.5539014744838406,0.07581639085518375,0.37028213466097587,1,16,gamma_0.1,gamma,0.1
103,C,0.8210883611373657,0.04114152897448199,0.13777010988815286,1,16,gamma_0.1,gamma,0.1
104,A,0.5470331804851993,0.07513655685857035,0.37783026265623143,1,16,gamma_0.1,gamma,0.1
104,C,0.8162765791427318,0.04180578830291895,0.14191763255434955,1,16,gamma_0.1,gamma,0.1
105,A,0.5402916928909919,0.07440072855997026,0.38530757854903913,1,16,gamma_0.1,gamma,0.1
105,C,0.8114188926610123,0.042450491450245875,0.1461306158887418,1,16,gamma_0.1,gamma,0.1
106,A,0.5336789265090527,0.07361241556705563,0.3927086579238914,1,16,gamma_0.1,gamma,0.1
106,C,0.8065188221801208,0.04307414831027467,0.15040702950960477,1,16,gamma_0.1,gamma,0.1
107,A,0.5271963988322759,0.0727751714378856,0.4000284297298386,1,16,gamma_0.1,gamma,0.1
107,C,0.8015800009249153,0.04367530338231257,0.1547446956927739,1,16,gamma_0.1,gamma,0.1
108,A,0.5208452509523892,0.07189256958892619,0.40726217945868504,1,16,gamma_0.1,gamma,0.1
108,C,0.7966061636255599,0.044252543171451525,0.15914129320298803,1,16,gamma_0.1,gamma,0.1
109,A,0.5146262692783088,0.07096818073246623,0.414405549989225,1,16,gamma_0.1,gamma,0.1
109,C,0.7916011346733789,0.0448045034668904,0.16359436185973142,1,16,gamma_0.1,gamma,0.1
110,A,0.508539907770817,0.07000555197183032,0.4214545402573537,1,16,gamma_0.1,gamma,0.1
110,C,0.7865688157452045,0.04532987643276033,0.1681013078220349,1,16,gamma_0.1,gamma,0.1
111,A,0.5025863104283599,0.06900818764888433,0.4284055019227556,1,16,gamma_0.1,gamma,0.1
111,C,0.7815131729836231,0.04582741744613619,0.17265940957023893,1,16,gamma_0.1,gamma,0.1
112,A,0.4967653337842318,0.06797953200515995,0.4352551342106088,1,16,gamma_0.1,gamma,0.1
112,C,0.7764382238253897,0.046295951618355737,0.17726582455625423,1,16,gamma_0.1,gamma,0.1
113,A,0.4910765692027814,0.06692295368587407,0.4420004771113442,1,16,gamma_0.1,gamma,0.1
113,C,0.7713480235738369,0.04673437993857921,0.18191759648758407,1,16,gamma_0.1,gamma,0.1
114,A,0.48551936478984276,0.06584173208706698,0.44863890312309074,1,16,gamma_0.1,gamma,0.1
114,C,0.7662466518133176,0.04714168498227081,0.18661166320441294,1,16,gamma_0.1,gamma,0.1
115,A,0.4800928467589446,0.06473904552096034,0.4551681077200939,1,16,gamma_0.1,gamma,0.1
115,C,0.7611381987647572,0.04751693613169443,0.19134486510354826,1,16,gamma_0.1,gamma,0.1
116,A,0.474795940120114,0.06361796115312521,0.4615860987267601,1,16,gamma_0.1,gamma,0.1
116,C,0.7560267516813947,0.04785929426061297,0.1961139540579921,1,16,gamma_0.1,gamma,0.1
117,A,0.4696273885820453,0.062481426646611014,0.4678911847713441,1,16,gamma_0.1,gamma,0.1
117,C,0.7509163813823708,0.04816801584121216,0.2009156027764183,1,16,gamma_0.1,gamma,0.1
118,A,0.4645857735811614,0.06133226343274644,0.4740819629860924,1,16,gamma_0.1,gamma,0.1
118,C,0.7458111290192739,0.04844245643777621,0.20574641454294929,1,16,gamma_0.1,gamma,0.1
119,A,0.45966953237202246,0.06017316151598751,0.48015730611199015,1,16,gamma_0.1,gamma,0.1
119,C,0.7407149931669478,0.048682073558624736,0.21060293327442686,1,16,gamma_0.1,gamma,0.1
120,A,0.4548769751328071,0.05900667571072233,0.4861163491564705,1,16,gamma_0.1,gamma,0.1
120,C,0.7356319173248015,0.0488864288453299,0.2154816538298683,1,16,gamma_0.1,gamma,0.1
121,A,0.45020630105997533,0.05783522319825413,0.49195847574177004,1,16,gamma_0.1,gamma,0.1
121,C,0.7305657779058834,0.049055189588859835,0.22037903250525578,1,16,gamma_0.1,gamma,0.1
122,A,0.44565561342023663,0.05666108230867499,0.4976833042710888,1,16,gamma_0.1,gamma,0.1
122,C,0.7255203728038188,0.049188129550903986,0.22529149764527606,1,16,gamma_0.1,gamma,0.1
123,A,0.4412229335855273,0.05548639238642888,0.5032906740280444,1,16,gamma_0.1,gamma,0.1
123,C,0.7204994105812573,0.049285129115066294,0.23021546030367576,1,16,gamma_0.1,gamma,0.1
124,A,0.43690621404838853,0.05431315463861202,0.5087806313130001,1,16,gamma_0.1,gamma,0.1
124,C,0.715506500348679,0.049346174766482225,0.23514732488483853,1,16,gamma_0.1,gamma,0.1
125,A,0.4327033504351394,0.05314323385620017,0.5141534157086607,1,16,gamma_0.1,gamma,0.1
125,C,0.7105451423860483,0.04937135791358545,0.24008349970036358,1,16,gamma_0.1,gamma,0.1
126,A,0.42861219254444277,0.05197836089884392,0.5194094465567132,1,16,gamma_0.1,gamma,0.1
126,C,0.7056187195497134,0.04936087307432948,0.24502040737595704,1,16,gamma_0.1,gamma,0.1
127,A,0.42463055444866243,0.05082013583473946,0.5245493097165982,1,16,gamma_0.1,gamma,0.1
127,C,0.7007304894950611,0.04931501545848578,0.24995449504645387,1,16,gamma_0.1,gamma,0.1
128,A,0.42075622369864507,0.04967003163445114,0.5295737446669038,1,16,gamma_0.1,gamma,0.1
128,C,0.6958835777378541,0.04923417798189432,0.2548822442802509,1,16,gamma_0.1,gamma,0.1
129,A,0.4169869696741824,0.04852939832584729,0.5344836319999705,1,16,gamma_0.1,gamma,0.1
129,C,0.6910809715700711,0.04911884775160075,0.2598001806783282,1,16,gamma_0.1,gamma,0.1
130,A,0.4133205511250568,0.04739946752361783,0.5392799813513264,1,16,gamma_0.1,gamma,0.1
130,C,0.6863255148378818,0.0489696020649558,0.2647048830971622,1,16,gamma_0.1,gamma,0.1
131,A,0.4097547229503371,0.04628135725231206,0.5439639197973509,1,16,gamma_0.1,gamma,0.1
131,C,0.6816199035805627,0.04878710397017491,0.26959299244926194,1,16,gamma_0.1,gamma,0.1
132,A,0.40628724226495067,0.04517607698824337,0.5485366807468054,1,16,gamma_0.1,gamma,0.1
132,C,0.6769666825210203,0.04857209743906303,0.27446122003991674,1,16,gamma_0.1,gamma,0.1
133,A,0.4029158738023374,0.044084532852958554,0.552999593344704,1,16,gamma_0.1,gamma,0.1
133,C,0.6723682423916862,0.048325402204346904,0.2793063554039657,1,16,gamma_0.1,gamma,0.1
134,A,0.3996383947011662,0.04300753289825442,0.5573540724005801,1,16,gamma_0.1,gamma,0.1
134,C,0.6678268180733136,0.048047908314938305,0.28412527361174866,1,16,gamma_0.1,gamma,0.1
135,A,0.3964525987230642,0.04194579242938344,0.5616016088475528,1,16,gamma_0.1,gamma,0.1
135,C,0.6633444875183748,0.047740570462888536,0.28891494201873574,1,16,gamma_0.1,gamma,0.1
136,A,0.3933562999470629,0.04089993931931353,0.5657437607336228,1,16,gamma_0.1,gamma,0.1
136,C,0.6589231714256046,0.0474044021357034,0.2936724264386932,1,16,gamma_0.1,gamma,0.1
137,A,0.3903473359848111,0.03987051927297123,0.5697821447422173,1,16,gamma_0.1,gamma,0.1
137,C,0.6545646336276042,0.04704046964685164,0.2983948967255439,1,16,gamma_0.1,gamma,0.1
138,A,0.3874235707585454,0.038858001006276253,0.5737184282351786,1,16,gamma_0.1,gamma,0.1
138,C,0.6502704821499099,0.046649886095757896,0.30307963175433206,1,16,gamma_0.1,gamma,0.1
139,A,0.3845828968815981,0.037862781310263244,0.5775543218081379,1,16,gamma_0.1,gamma,0.1
139,C,0.6460421708968354,0.04623380530645198,0.3077240237967114,1,16,gamma_0.1,gamma,0.1
140,A,0.38182323767886833,0.03688518997562621,0.5812915723455048,1,16,gamma_0.1,gamma,0.1
140,C,0.6418810019172957,0.045793415791503186,0.3123255822912009,1,16,gamma_0.1,gamma,0.1
141,A,0.37914254888182936,0.03592549455808781,0.5849319565600831,1,16,gamma_0.1,gamma,0.1
141,C,0.6377881282024608,0.045329934784622765,0.31688193701291617,1,16,gamma_0.1,gamma,0.1
142,A,0.37653882003358896,0.03498390496593745,0.5884772750004734,1,16,gamma_0.1,gamma,0.1
142,C,0.6337645569643244,0.04484460238390927,0.32139084065176576,1,16,gamma_0.1,gamma,0.1
143,A,0.3740100756302356,0.034060577861732284,0.5919293465080319,1,16,gamma_0.1,gamma,0.1
143,C,0.6298111533471757,0.044338675840861076,0.3258501708119624,1,16,gamma_0.1,gamma,0.1
144,A,0.371554376028439,0.03315562086737777,0.5952900031041839,1,16,gamma_0.1,gamma,0.1
144,C,0.6259286445218705,0.04381342402895786,0.33025793144917126,1,16,gamma_0.1,gamma,0.1
145,A,0.36916981814549266,0.03226909656634663,0.5985610852881622,1,16,gamma_0.1,gamma,0.1
145,C,0.622117624113751,0.043270122121500394,0.33461225376474857,1,16,gamma_0.1,gamma,0.1
146,A,0.36685453597546325,0.031401026299834545,0.6017444377247027,1,16,gamma_0.1,gamma,0.1
146,C,0.6183785569162631,0.042710046504431526,0.33891139657930436,1,16,gamma_0.1,gamma,0.1
147,A,0.364606700942481,0.030551393756487927,0.6048419053010309,1,16,gamma_0.1,gamma,0.1
147,C,0.6147117838441112,0.04213446994567572,0.34315374621021344,1,16,gamma_0.1,gamma,0.1
148,A,0.3624245221104972,0.02972014835698249,0.6078553295325206,1,16,gamma_0.1,gamma,0.1
148,C,0.6111175270816223,0.04154465703873894,0.3473378158796374,1,16,gamma_0.1,gamma,0.1
149,A,0.3603062462673321,0.028907208436013944,0.6107865452966541,1,16,gamma_0.1,gamma,0.1
149,C,0.6075958953839884,0.040941859934764575,0.351462244681247,1,16,gamma_0.1,gamma,0.1
150,A,0.35825015789911957,0.028112464225658808,0.6136373778752219,1,16,gamma_0.1,gamma,0.1
150,C,0.6041468894912588,0.040327314373727094,0.35552579613501384,1,16,gamma_0.1,gamma,0.1
151,A,0.3562545790694485,0.02733578064539832,0.6164096402851525,1,16,gamma_0.1,gamma,0.1
151,C,0.6007704076175786,0.039702236022016966,0.35952735636040406,1,16,gamma_0.1,gamma,0.1
152,A,0.3543178692159629,0.026576999905101588,0.619105130878935,1,16,gamma_0.1,gamma,0.1
152,C,0.5974662509807422,0.039067817120434174,0.36346593189882365,1,16,gamma_0.1,gamma,0.1
153,A,0.35243842487582133,0.025835943927918322,0.621725631196261,1,16,gamma_0.1,gamma,0.1
153,C,0.5942341293398838,0.03842522344367256,0.36734064721644366,1,16,gamma_0.1,gamma,0.1
154,A,0.3506146793502317,0.025112416600502185,0.6242729040492657,1,16,gamma_0.1,gamma,0.1
154,C,0.5910736665118017,0.0377755915697029,0.37115074191849623,1,16,gamma_0.1,gamma,0.1
155,A,0.34884510231713656,0.02440620585837345,0.626748691824489,1,16,gamma_0.1,gamma,0.1
155,C,0.587984405839131,0.03712002645502614,0.3748955677058431,1,16,gamma_0.1,gamma,0.1
156,A,0.34712819940003015,0.023717085614510188,0.6291547149854599,1,16,gamma_0.1,gamma,0.1
156,C,0.5849658155863119,0.036459599309576624,0.3785745851041116,1,16,gamma_0.1,gamma,0.1
157,A,0.3454625116999552,0.023044817539400325,0.6314926707606446,1,16,gamma_0.1,gamma,0.1
157,C,0.5820172942419053,0.03579534576312235,0.38218735999497233,1,16,gamma_0.1,gamma,0.1
158,A,0.343846615296875,0.022389152700801065,0.6337642320023233,1,16,gamma_0.1,gamma,0.1
158,C,0.579138175708421,0.03512826431335224,0.3857335599782257,1,16,gamma_0.1,gamma,0.1
159,A,0.3422791207258565,0.02174983307138094,0.6359710462027621,1,16,gamma_0.1,gamma,0.1
159,C,0.5763277343632417,0.03445931504443057,0.38921295059232713,1,16,gamma_0.1,gamma,0.1
160,A,0.34075867243282654,0.021126592912292116,0.63811473465488,1,16,gamma_0.1,gamma,0.1
160,C,0.5735851899766343,0.03378941860359803,0.39262539141976643,1,16,gamma_0.1,gamma,0.1
161,A,0.33928394821405733,0.020519160040536506,0.6401968917454064,1,16,gamma_0.1,gamma,0.1
161,C,0.5709097124757174,0.033119455421839986,0.3959708321024426,1,16,gamma_0.1,gamma,0.1
162,A,0.3378536586429835,0.019927256987745685,0.6422190843692706,1,16,gamma_0.1,gamma,0.1
162,C,0.5683004265412988,0.03245026516784173,0.3992493082908615,1,16,gamma_0.1,gamma,0.1
163,A,0.33646654648743896,0.019350602057795423,0.6441828514547654,1,16,gamma_0.1,gamma,0.1
163,C,0.565756416034795,0.03178264641566559,0.4024609375495399,1,16,gamma_0.1,gamma,0.1
164,A,0.335121386120043,0.018788910290260207,0.6460897035896971,1,16,gamma_0.1,gamma,0.1
164,C,0.5632767282469019,0.03111735651368477,0.40560591523941447,1,16,gamma_0.1,gamma,0.1
165,A,0.33381698292411294,0.01824189433643315,0.6479411227394529,1,16,gamma_0.1,gamma,0.1
165,C,0.5608603779631776,0.030455111640253302,0.4086845103965702,1,16,gamma_0.1,gamma,0.1
166,A,0.3325521726970816,0.017709265254336016,0.6497385620485822,1,16,gamma_0.1,gamma,0.1
166,C,0.5585063513436697,0.029796587031105194,0.41169706162522623,1,16,gamma_0.1,gamma,0.1
167,A,0.3313258210531224,0.017190733228814207,0.6514834457180638,1,16,gamma_0.1,gamma,0.1
167,C,0.5562136096156421,0.02914241736295404,0.4146439730214032,1,16,gamma_0.1,gamma,0.1
168,A,0.33013682282646145,0.016686008222446275,0.6531771689510922,1,16,gamma_0.1,gamma,0.1
168,C,0.5539810925794483,0.028493197278390628,0.41752571014215994,1,16,gamma_0.1,gamma,0.1
169,A,0.3289841014766403,0.016194800562641932,0.6548210979607174,1,16,gamma_0.1,gamma,0.1
169,C,0.5518077219282271,0.027849482037974424,0.4203427960337982,1,16,gamma_0.1,gamma,0.1
170,A,0.32786660849681265,0.015716821469975967,0.6564165700332107,1,16,gamma_0.1,gamma,0.1
170,C,0.5496924043831034,0.027211788285845875,0.42309580733105123,1,16,gamma_0.1,gamma,0.1
171,A,0.32678332282597866,0.015251783532490869,0.6579648936415303,1,16,gamma_0.1,gamma,0.1
171,C,0.5476340346465829,0.02658059491547333,0.42578537043794296,1,16,gamma_0.1,gamma,0.1
172,A,0.32573325026591826,0.014799401130384672,0.6594673486036969,1,16,gamma_0.1,gamma,0.1
172,C,0.5456314981776829,0.025956344022623784,0.4284121577996922,1,16,gamma_0.1,gamma,0.1
173,A,0.32471542290347866,0.014359390815188708,0.6609251862813326,1,16,gamma_0.1,gamma,0.1
173,C,0.5436836737928944,0.02533944193333848,0.4309768842737672,1,16,gamma_0.1,gamma,0.1
174,A,0.32372889853875675,0.013931471647242762,0.6623396298140001,1,16,gamma_0.1,gamma,0.1
174,C,0.5417894360975634,0.024730260295427697,0.4334803036070098,1,16,gamma_0.1,gamma,0.1
175,A,0.32277276011964745,0.013515365494998785,0.6637118743853534,1,16,gamma_0.1,gamma,0.1
175,C,0.5399476577527033,0.02412913722266923,0.4359232050246294,1,16,gamma_0.1,gamma,0.1
176,A,0.3218461151831301,0.013110797299423705,0.6650430875174458,1,16,gamma_0.1,gamma,0.1
176,C,0.5381572115826329,0.023536378481550782,0.4383064099358165,1,16,gamma_0.1,gamma,0.1
177,A,0.32094809530361473,0.012717495306521338,0.6663344093898641,1,16,gamma_0.1,gamma,0.1
177,C,0.5364169725291518,0.022952258711077995,0.44063076875977025,1,16,gamma_0.1,gamma,0.1
178,A,0.3200778555486107,0.01233519127075697,0.667586953180633,1,16,gamma_0.1,gamma,0.1
178,C,0.5347258194581342,0.022377022666882806,0.4428971578749818,1,16,gamma_0.1,gamma,0.1
179,A,0.31923457394193794,0.011963620631946418,0.6688018054261153,1,16,gamma_0.1,gamma,0.1
179,C,0.533082636824607,0.021810886481572655,0.44510647669381975,1,16,gamma_0.1,gamma,0.1
180,A,0.3184174509346504,0.011602522667967125,0.6699800263973831,1,16,gamma_0.1,gamma,0.1
180,C,0.5314863162024209,0.02125403893394184,0.4472596448636378,1,16,gamma_0.1,gamma,0.1
181,A,0.3176257088838114,0.011251640625466346,0.6711226504907215,1,16,gamma_0.1,gamma,0.1
181,C,0.5299357576846472,0.02070664272038188,0.4493575995949711,1,16,gamma_0.1,gamma,0.1
182,A,0.31685859153928614,0.0109107218305031,0.67223068663021,1,16,gamma_0.1,gamma,0.1
182,C,0.5284298711611989,0.020168835722084614,0.4514012931167156,1,16,gamma_0.1,gamma,0.1
183,A,0.316115363538555,0.010579517781019806,0.6733051186804248,1,16,gamma_0.1,gamma,0.1
183,C,0.5269675774793717,0.019640732263018598,0.4533916902576088,1,16,gamma_0.1,gamma,0.1
184,A,0.3153953099096695,0.010257784222775871,0.6743469058675547,1,16,gamma_0.1,gamma,0.1
184,C,0.5255478094935794,0.01912242435359729,0.455329766152822,1,16,gamma_0.1,gamma,0.1
185,A,0.31469773558238984,0.009945281210259383,0.6753569832073506,1,16,gamma_0.1,gamma,0.1
185,C,0.5241695130103096,0.018613982915660854,0.45721650407403,1,16,gamma_0.1,gamma,0.1
186,A,0.31402196490755724,0.009641773153971677,0.6763362619384706,1,16,gamma_0.1,gamma,0.1
186,C,0.5228316476341688,0.018115458984957693,0.45905289338087363,1,16,gamma_0.1,gamma,0.1
187,A,0.3133673411847046,0.009347028855369215,0.6772856299599251,1,16,gamma_0.1,gamma,0.1
187,C,0.5215331875207025,0.017626884887875668,0.4608399275914211,1,16,gamma_0.1,gamma,0.1
188,A,0.312733226197916,0.009060821530631582,0.6782059522714526,1,16,gamma_0.1,gamma,0.1
188,C,0.5202731220414988,0.01714827538961152,0.4625786025688877,1,16,gamma_0.1,gamma,0.1
189,A,0.3121189997599374,0.0087829288243157725,0.6790980714157463,1,16,gamma_0.1,gamma,0.1
189,C,0.5190504563669989,0.016679628811361282,0.46426991482163854,1,16,gamma_0.1,gamma,0.1
190,A,0.3115240592645328,0.00851313281386439,0.6799628079216028,1,16,gamma_0.1,gamma,0.1
190,C,0.5178642119722062,0.016220928114513162,0.4659148599132808,1,16,gamma_0.1,gamma,0.1
191,A,0.3109478192470677,0.008251220005854201,0.680800960747077,1,16,gamma_0.1,gamma,0.1
191,C,0.5167134270703293,0.01577214195021583,0.4675144309794543,1,16,gamma_0.1,gamma,0.1
192,A,0.31038971095330015,0.007996981324796303,0.6816133077219034,1,16,gamma_0.1,gamma,0.1
192,C,0.5155971569791533,0.015333225673045545,0.4690696173478008,1,16,gamma_0.1,gamma,0.1
193,A,0.309849181916336,0.00775021209522607,0.6824006059884387,1,16,gamma_0.1,gamma,0.1
193,C,0.5145144744247458,0.014904122317804764,0.4705814032574493,1,16,gamma_0.1,gamma,0.1
194,A,0.3093256955417232,0.007510712017756131,0.68316359244052,1,16,gamma_0.1,gamma,0.1
194,C,0.5134644697869212,0.014484763538760895,0.4720507666743198,1,16,gamma_0.1,gamma,0.1
195,A,0.3088187307006441,0.007278285139706347,0.6839029841596499,1,16,gamma_0.1,gamma,0.1
195,C,0.5124462512906672,0.01407507051089198,0.47347867819844347,1,16,gamma_0.1,gamma,0.1
196,A,0.3083277813311446,0.00705273982087182,0.6846194788479836,1,16,gamma_0.1,gamma,0.1
196,C,0.5114589451475471,0.013674954792941825,0.47486610005951085,1,16,gamma_0.1,gamma,0.1
197,A,0.3078523560473645,0.006833888694942022,0.6853137552576937,1,16,gamma_0.1,gamma,0.1
197,C,0.5105016956508936,0.013284319152296682,0.4762139851968105,1,16,gamma_0.1,gamma,0.1
198,A,0.30739197775670424,0.00662154862703851,0.6859864736162572,1,16,gamma_0.1,gamma,0.1
198,C,0.5095736652283763,0.012903058351879179,0.47752327641974507,1,16,gamma_0.1,gamma,0.1
199,A,0.3069461832848637,0.006415540667798734,0.6866382760473374,1,16,gamma_0.1,gamma,0.1
199,C,0.5086740344554158,0.012531059899419023,0.47879490564516547,1,16,gamma_0.1,gamma,0.1
200,A,0.30651452300869786,0.006215690004396419,0.687269786986907,1,16,gamma_0.1,gamma,0.1
200,C,0.5078020020326278,0.012168204759605486,0.4800297932077662,1,16,gamma_0.1,gamma,0.1
201,A,0.3060965604968029,0.006021825908861169,0.6878816135943367,1,16,gamma_0.1,gamma,0.1
201,C,0.5069567847303368,0.011814368029800874,0.4812288472398634,1,16,gamma_0.1,gamma,0.1
202,A,0.30569187215780325,0.00583378168399689,0.6884743461581996,1,16,gamma_0.1,gamma,0.1
202,C,0.5061376173032511,0.011469419579800152,0.48239296311694696,1,16,gamma_0.1,gamma,0.1
203,A,0.3053000468962024,0.005651394607238056,0.68904855849656,1,16,gamma_0.1,gamma,0.1
203,C,0.5053437523776814,0.0111332246568482,0.48352302296546906,1,16,gamma_0.1,gamma,0.1
204,A,0.30492068577575826,0.005474505872698324,0.6896048083515421,1,16,gamma_0.1,gamma,0.1
204,C,0.504574460313959,0.010805644456636006,0.48461989522940346,1,16,gamma_0.1,gamma,0.1
205,A,0.30455340169029466,0.005302960531657213,0.690143637778048,1,16,gamma_0.1,gamma,0.1
205,C,0.5038290290465283,0.010486536661203728,0.4856844342922689,1,16,gamma_0.1,gamma,0.1
206,A,0.3041978190418577,0.0051366074317134545,0.6906655735264294,1,16,gamma_0.1,gamma,0.1
206,C,0.5031067639039286,0.010175755944766203,0.48671748015130706,1,16,gamma_0.1,gamma,0.1
207,A,0.30385357342614183,0.004975299154819738,0.6911711274190381,1,16,gamma_0.1,gamma,0.1
207,C,0.5024069874107261,0.00987315444856815,0.48771985814070645,1,16,gamma_0.1,gamma,0.1
208,A,0.3035203113250832,0.004818891954393077,0.6916607967205244,1,16,gamma_0.1,gamma,0.1
208,C,0.5017290390733248,0.009578582225877241,0.4886923787007975,1,16,gamma_0.1,gamma,0.1
209,A,0.3031976898065265,0.004667245691675569,0.6921350645017985,1,16,gamma_0.1,gamma,0.1
209,C,0.5010722751514926,0.009291887658209683,0.4896358371902964,1,16,gamma_0.1,gamma,0.1
210,A,0.3028853762308776,0.004520223771505446,0.6925943999976166,1,16,gamma_0.1,gamma,0.1
210,C,0.5004360684173174,0.009012917843896961,0.49055101373878557,1,16,gamma_0.1,gamma,0.1
211,A,0.3025830479646496,0.004377693077646905,0.6930392589577037,1,16,gamma_0.1,gamma,0.1
211,C,0.4998198079031628,0.008741518960124891,0.4914386731367121,1,16,gamma_0.1,gamma,0.1
212,A,0.3022903921007846,0.004239523907815104,0.6934700839914005,1,16,gamma_0.1,gamma,0.1
212,C,0.49922289864009906,0.008477536599583634,0.49229956476031866,1,16,gamma_0.1,gamma,0.1
213,A,0.3020071051856764,0.004105589908521605,0.6938873049058014,1,16,gamma_0.1,gamma,0.1
213,C,0.49864476138814384,0.008220816082854793,0.49313442252900247,1,16,gamma_0.1,gamma,0.1
214,A,0.301732892952769,0.003975768009853842,0.6942913390373773,1,16,gamma_0.1,gamma,0.1
214,C,0.49808483235959466,0.007971202747644788,0.4939439648927598,1,16,gamma_0.1,gamma,0.1
215,A,0.30146747006264113,0.003849938360293057,0.6946825915770665,1,16,gamma_0.1,gamma,0.1
215,C,0.49754256293660565,0.007728542215957953,0.49472889484743715,1,16,gamma_0.1,gamma,0.1
216,A,0.3012105598494691,0.003727984261666567,0.6950614558888641,1,16,gamma_0.1,gamma,0.1
216,C,0.49701741938407956,0.007492680640287353,0.49548989997563336,1,16,gamma_0.1,gamma,0.1
217,A,0.30096189407376134,0.003609792104322128,0.6954283138219164,1,16,gamma_0.1,gamma,0.1
217,C,0.4965088825588866,0.007263464929880053,0.496227652511234,1,16,gamma_0.1,gamma,0.1
218,A,0.30072121268125823,0.0034952513026046,0.6957835360161375,1,16,gamma_0.1,gamma,0.1
218,C,0.496016447616294,0.0070407429581069965,0.49694280942559893,1,16,gamma_0.1,gamma,0.1
219,A,0.30048826356789116,0.003384254230708131,0.6961274822014009,1,16,gamma_0.1,gamma,0.1
219,C,0.4955396237144589,0.006824363751940156,0.49763601253359996,1,16,gamma_0.1,gamma,0.1
220,A,0.3002628023506922,0.0032766961589706586,0.6964605014903362,1,16,gamma_0.1,gamma,0.1
220,C,0.4950779337177458,0.006614177664510373,0.4983078886177453,1,16,gamma_0.1,gamma,0.1
221,A,0.3000445921445471,0.003172475190671977,0.6967829326647804,1,16,gamma_0.1,gamma,0.1
221,C,0.49463091389955566,0.00641003653169867,0.4989590495687465,1,16,gamma_0.1,gamma,0.1
222,A,0.29983340334468206,0.0030714921993886244,0.6970951044559297,1,16,gamma_0.1,gamma,0.1
222,C,0.4941981136453698,0.006211793813628406,0.49959009254100306,1,16,gamma_0.1,gamma,0.1
223,A,0.2996290134147756,0.0029736507669591286,0.6973973358182649,1,16,gamma_0.1,gamma,0.1
223,C,0.4937790951564976,0.006019304722007272,0.5002016001214953,1,16,gamma_0.1,gamma,0.1
224,A,0.2994312066805898,0.002878857122103464,0.6976899361973069,1,16,gamma_0.1,gamma,0.1
224,C,0.4933734331551061,0.005832426334132284,0.5007941405107617,1,16,gamma_0.1,gamma,0.1
225,A,0.29923977412900515,0.002787020079737346,0.697973205791258,1,16,gamma_0.1,gamma,0.1
225,C,0.4929807145910116,0.0056510176943638515,0.5013682677146234,1,16,gamma_0.1,gamma,0.1
226,A,0.299054513212361,0.0026980509810182367,0.6982474358066206,1,16,gamma_0.1,gamma,0.1
226,C,0.4926005383506708,0.005474939903849459,0.5019245217454794,1,16,gamma_0.1,gamma,0.1
227,A,0.29887522765798535,0.002611863634156629,0.6985129087078576,1,16,gamma_0.1,gamma,0.1
227,C,0.49223251496874487,0.005304056199253209,0.5024634288320022,1,16,gamma_0.1,gamma,0.1
228,A,0.29870172728281075,0.00252837425602205,0.6987698984611672,1,16,gamma_0.1,gamma,0.1
228,C,0.49187626634258746,0.0051382320212090766,0.5029855016362025,1,16,gamma_0.1,gamma,0.1
229,A,0.2985338278129645,0.0024475014145699274,0.699018670772466,1,16,gamma_0.1,gamma,0.1
229,C,0.4915314254499805,0.004977335073177304,0.5034912394768426,1,16,gamma_0.1,gamma,0.1
230,A,0.29837135070823606,0.0023691659721121272,0.699259483319651,1,16,gamma_0.1,gamma,0.1
230,C,0.49119763607036365,0.00482123537135139,0.5039811285582849,1,16,gamma_0.1,gamma,0.1
231,A,0.2982141229913072,0.002293291029451308,0.6994925859792414,1,16,gamma_0.1,gamma,0.1
231,C,0.49087455250985057,0.0046698052862355925,0.5044556422039141,1,16,gamma_0.1,gamma,0.1
232,A,0.29806197708164256,0.0022198018708965094,0.6997182210474621,1,16,gamma_0.1,gamma,0.1
232,C,0.4905618393301955,0.004522919576483162,0.5049152410933216,1,16,gamma_0.1,gamma,0.1
233,A,0.29791475063393874,0.002148625910174913,0.6999366234558865,1,16,gamma_0.1,gamma,0.1
233,C,0.49025917108193606,0.004380455415555177,0.5053603735025082,1,16,gamma_0.1,gamma,0.1
234,A,0.2977722863810324,0.0020796926372522243,0.7001480209817155,1,16,gamma_0.1,gamma,0.1
234,C,0.4899662320418468,0.004242292411729385,0.5057914755464255,1,16,gamma_0.1,gamma,0.1
235,A,0.29763443198115347,0.0020129335660718966,0.7003526344527748,1,16,gamma_0.1,gamma,0.1
235,C,0.4896827159548524,0.00410831262196071,0.5062089714231872,1,16,gamma_0.1,gamma,0.1
236,A,0.29750103986943743,0.0019482821832215171,0.7005506779473404,1,16,gamma_0.1,gamma,0.1
236,C,0.4894083257805239,0.0039784005600687145,0.5066132736594066,1,16,gamma_0.1,gamma,0.1
237,A,0.29737196711359104,0.0018856738975325897,0.700742358988877,1,16,gamma_0.1,gamma,0.1
237,C,0.48914277344423407,0.003852443199700828,0.507004783356065,1,16,gamma_0.1,gamma,0.1
238,A,0.29724707527360444,0.0018250459906182898,0.7009278787357776,1,16,gamma_0.1,gamma,0.1
238,C,0.48888577959306756,0.003730329972495354,0.5073838904344371,1,16,gamma_0.1,gamma,0.1
239,A,0.2971262302654371,0.0017663375683520384,0.7011074321662116,1,16,gamma_0.1,gamma,0.1
239,C,0.4886370733565344,0.003611952761843313,0.5077509738816225,1,16,gamma_0.1,gamma,0.1
240,A,0.29700930222855254,0.0017094895132881535,0.7012812082581602,1,16,gamma_0.1,gamma,0.1
240,C,0.4883963921121414,0.003497205892625026,0.5081064019952344,1,16,gamma_0.1,gamma,0.1
241,A,0.2968961653972267,0.0016544444380242054,0.7014493901647486,1,16,gamma_0.1,gamma,0.1
241,C,0.4881634812558451,0.0033859861172757344,0.508450532626879,1,16,gamma_0.1,gamma,0.1
242,A,0.29678669797553775,0.0016011466395049261,0.701612155384958,1,16,gamma_0.1,gamma,0.1
242,C,0.4879380939774067,0.003278192598510276,0.5087837134240822,1,16,gamma_0.1,gamma,0.1
243,A,0.29668078201592957,0.0015495420542629525,0.7017696759298071,1,16,gamma_0.1,gamma,0.1
243,C,0.48771999104066166,0.0031737268890222833,0.509106282070316,1,16,gamma_0.1,gamma,0.1
244,A,0.2965783033012833,0.001499578214593489,0.7019221184841237,1,16,gamma_0.1,gamma,0.1
244,C,0.48750894056867805,0.003072492908448421,0.5094185665228732,1,16,gamma_0.1,gamma,0.1
245,A,0.296479151230387,0.0014512042056581459,0.7020696445639565,1,16,gamma_0.1,gamma,0.1
245,C,0.4873047178338248,0.002974396917870962,0.5097208852483045,1,16,gamma_0.1,gamma,0.1
246,A,0.2963832187067254,0.001404370623512126,0.7022124106697615,1,16,gamma_0.1,gamma,0.1
246,C,0.4871071050526906,0.0028793474921147977,0.5100135474551942,1,16,gamma_0.1,gamma,0.1
247,A,0.2962904020305148,0.0013590295340477196,0.7023505684354365,1,16,gamma_0.1,gamma,0.1
247,C,0.4869158911858527,0.002787255490078694,0.5102968533240679,1,16,gamma_0.1,gamma,0.1
248,A,0.2962006007938756,0.0013151344328463433,0.7024842647732782,1,16,gamma_0.1,gamma,0.1
248,C,0.4867308717424329,0.0026980340233240313,0.5105710942342435,1,16,gamma_0.1,gamma,0.1
249,A,0.29611371777908296,0.0012726402059308416,0.7026136420149868,1,16,gamma_0.1,gamma,0.1
249,C,0.48655184858941286,0.00261159842312898,0.5108365529874587,1,16,gamma_0.1,gamma,0.1
250,A,0.29602965885980487,0.001231503091409057,0.7027388380487862,1,16,gamma_0.1,gamma,0.1
250,C,0.4863786297656574,0.0025278662062015616,0.5110935040281427,1,16,gamma_0.1,gamma,0.1
251,A,0.2959483329052506,0.0011916806419989198,0.7028599864527508,1,16,gamma_0.1,gamma,0.1
251,C,0.48621102930057636,0.0024467570392317727,0.5113422136601925,1,16,gamma_0.1,gamma,0.1
252,A,0.29586965168714774,0.0011531316884247442,0.7029772166244284,1,16,gamma_0.1,gamma,0.1
252,C,0.4860488670373887,0.0023681927024500594,0.5115829402601607,1,16,gamma_0.1,gamma,0.1
253,A,0.29579352978948126,0.0011158163036739043,0.7030906539068444,1,16,gamma_0.1,gamma,0.1
253,C,0.48589196846090393,0.002292097052347133,0.5118159344867498,1,16,gamma_0.1,gamma,0.1
254,A,0.29571988452091386,0.0010796957681026376,0.7032004197109832,1,16,gamma_0.1,gamma,0.1
254,C,0.4857401645297603,0.0022183959836987724,0.5120414394865378,1,16,gamma_0.1,gamma,0.1
255,A,0.2956486358298131,0.0010447325353792729,0.7033066316348069,1,16,gamma_0.1,gamma,0.1
255,C,0.48559329151306807,0.0021470173910282777,0.512259691095904,1,16,gamma_0.1,gamma,0.1
256,A,0.2955797062218239,0.0010108901992528477,0.7034094035789233,1,16,gamma_0.1,gamma,0.1
256,C,0.485451190831341,0.0020778911296290693,0.5124709180390296,1,16,gamma_0.1,gamma,0.1
257,A,0.2955130206799005,9.781334611347176e-4,0.7035088458589642,1,16,gamma_0.1,gamma,0.1
257,C,0.48531370890170233,0.0020109489762605605,0.5126753421220368,1,16,gamma_0.1,gamma,0.1
258,A,0.29544850658675265,9.464280984804497e-4,0.7036050653147671,1,16,gamma_0.1,gamma,0.1
258,C,0.485180696987232,0.0019461245896210918,0.5128731784231457,1,16,gamma_0.1,gamma,0.1
259,A,0.2953860936496149,9.15740933959137e-4,0.7036981654164262,1,16,gamma_0.1,gamma,0.1
259,C,0.48505201105041035,0.0018833534706934765,0.5130646354788954,1,16,gamma_0.1,gamma,0.1
260,A,0.29532571382729284,8.860398053969236e-4,0.7037882463673097,1,16,gamma_0.1,gamma,0.1
260,C,0.48492751161056913,0.001822572923050539,0.5132499154663802,1,16,gamma_0.1,gamma,0.1
261,A,0.2952673012594153,8.572935364813594e-4,0.7038754052041039,1,16,gamma_0.1,gamma,0.1
261,C,0.4848070636052702,0.0017637220132004944,0.5134292143815278,1,16,gamma_0.1,gamma,0.1
262,A,0.2952107921978253,8.294719082138116e-4,0.7039597358939609,1,16,gamma_0.1,gamma,0.1
262,C,0.4846905362555349,0.0017067415310465623,0.5136027222134186,1,16,gamma_0.1,gamma,0.1
263,A,0.2951561249400649,8.025456310952865e-4,0.7040413294288395,1,16,gamma_0.1,gamma,0.1
263,C,0.48457780293482566,0.001651573950525195,0.513770623114649,1,16,gamma_0.1,gamma,0.1
264,A,0.2951032397648771,7.764863180324977e-4,0.7041202739170899,1,16,gamma_0.1,gamma,0.1
264,C,0.48446874104173604,0.0015981633904843208,0.5139330955677792,1,16,gamma_0.1,gamma,0.1
265,A,0.2950520788696768,7.512664579506154e-4,0.7041966546723729,1,16,gamma_0.1,gamma,0.1
265,C,0.48436323187625974,0.001546455575856431,0.5140903125478841,1,16,gamma_0.1,gamma,0.1
266,A,0.2950025863099343,7.268593900989678e-4,0.7042705542999659,1,16,gamma_0.1,gamma,0.1
266,C,0.48426116051959817,0.0014963977991758783,0.5142424416812262,1,16,gamma_0.1,gamma,0.1
267,A,0.294954707940417,7.032392790357954e-4,0.7043420527805464,1,16,gamma_0.1,gamma,0.1
267,C,0.48416241571739943,0.0014479388824845153,0.514389645400116,1,16,gamma_0.1,gamma,0.1
268,A,0.29490839135822794,6.803810902782484e-4,0.7044112275514945,1,16,gamma_0.1,gamma,0.1
268,C,0.4840668897663634,0.0014010291396652135,0.5145320810939711,1,16,gamma_0.1,gamma,0.1
269,A,0.2948635858475988,6.58260566603965e-4,0.7044781535857972,1,16,gamma_0.1,gamma,0.1
269,C,0.4839744784041243,0.0013556203392387416,0.5146699012566369,1,16,gamma_0.1,gamma,0.1
270,A,0.2948202423263877,6.368542049906037e-4,0.7045429034686221,1,16,gamma_0.1,gamma,0.1
270,C,0.48388508070233277,0.0013116656676554516,0.5148032536300112,1,16,gamma_0.1,gamma,0.1
271,A,0.29477831329421544,6.161392341797015e-4,0.7046055474716055,1,16,gamma_0.1,gamma,0.1
271,C,0.48379859896286725,0.0012691196931094257,0.5149322813440238,1,16,gamma_0.1,gamma,0.1
272,A,0.294737752782214,5.960935928513304e-4,0.7046661536249348,1,16,gamma_0.1,gamma,0.1
272,C,0.48371493861708004,0.0012279383298991473,0.5150571230530223,1,16,gamma_0.1,gamma,0.1
273,A,0.29469851630432903,5.766959083960944e-4,0.7047247877872749,1,16,gamma_0.1,gamma,0.1
273,C,0.4836340081280184,0.0011880788033556873,0.5151779130686249,1,16,gamma_0.1,gamma,0.1
274,A,0.29466056081012465,5.579254762711444e-4,0.7047815137136045,1,16,gamma_0.1,gamma,0.1
274,C,0.483555718895542,0.0011494996153564156,0.5152947814891011,1,16,gamma_0.1,gamma,0.1
275,A,0.294623844639064,5.397622399270216e-4,0.7048363931210087,1,16,gamma_0.1,gamma,0.1
275,C,0.48347998516424623,0.0011121605104394354,0.515407854325313,1,16,gamma_0.1,gamma,0.1
276,A,0.29458832747620073,5.221867712922589e-4,0.7048894857525067,1,16,gamma_0.1,gamma,0.1
276,C,0.48340672393414186,0.0010760224425315284,0.5155172536233271,1,16,gamma_0.1,gamma,0.1
277,A,0.29455397030925884,5.051802518027779e-4,0.7049408494389381,1,16,gamma_0.1,gamma,0.1
277,C,0.48333585487399755,0.001041047542299901,0.5156230975837023,1,16,gamma_0.1,gamma,0.1
278,A,0.2945207353870439,4.887244539633178e-4,0.7049905401589924,1,16,gamma_0.1,gamma,0.1
278,C,0.4832673002372924,0.001007199085135987,0.5157255006775703,1,16,gamma_0.1,gamma,0.1
279,A,0.2944885861791564,4.7280172342825856e-4,0.7050386120974154,1,16,gamma_0.1,gamma,0.1
279,C,0.4832009847806956,9.744414597775212e-4,0.5158245737595277,1,16,gamma_0.1,gamma,0.1
280,A,0.2944574873369655,4.5739496158938496e-4,0.7050851177014461,1,16,gamma_0.1,gamma,0.1
280,C,0.4831368356850032,9.427401375732967e-4,0.5159204241774256,1,16,gamma_0.1,gamma,0.1
281,A,0.2944274046557998,4.424876086582317e-4,0.705130107735541,1,16,gamma_0.1,gamma,0.1
281,C,0.4830747824784842,9.120616423932287e-4,0.5160131558791223,1,16,gamma_0.1,gamma,0.1
282,A,0.29439830503832876,4.280636272311955e-4,0.7051736313344391,1,16,gamma_0.1,gamma,0.1
282,C,0.48301475696254526,8.82373521185634e-4,0.5161028695162684,1,16,gamma_0.1,gamma,0.1
283,A,0.29437015645909054,4.141074863250483e-4,0.7052157360545848,1,16,gamma_0.1,gamma,0.1
283,C,0.48295669313966694,8.536443151804907e-4,0.5161896625451527,1,16,gamma_0.1,gamma,0.1
284,A,0.2943429279301308,4.006041458713265e-4,0.7052564679239978,1,16,gamma_0.1,gamma,0.1
284,C,0.48290052714353415,8.258435317377829e-4,0.5162736293247286,1,16,gamma_0.1,gamma,0.1
285,A,0.29431658946773204,3.8753904165808215e-4,0.705295871490608,1,16,gamma_0.1,gamma,0.1
285,C,0.48284619717132027,7.989416168384268e-4,0.5163548612118415,1,16,gamma_0.1,gamma,0.1
286,A,0.2942911120601809,3.748980707076585e-4,0.7053339898691101,1,16,gamma_0.1,gamma,0.1
286,C,0.48279364341804065,7.72909928214176e-4,0.5164334466537454,1,16,gamma_0.1,gamma,0.1
287,A,0.29426646763655595,3.6266757707927803e-4,0.7053708647863641,1,16,gamma_0.1,gamma,0.1
287,C,0.4827428080129296,7.4772070911182e-4,0.5165094712779592,1,16,gamma_0.1,gamma,0.1
288,A,0.29424262903650117,3.5083433808547916e-4,0.7054065366254132,1,16,gamma_0.1,gamma,0.1
288,C,0.4826936349577853,7.233470626861934e-4,0.5165830179795295,1,16,gamma_0.1,gamma,0.1
289,A,0.29421956998095267,3.3938555091165987e-4,0.7054410444681362,1,16,gamma_0.1,gamma,0.1
289,C,0.48264607006721066,6.997629270158667e-4,0.5166541670057742,1,16,gamma_0.1,gamma,0.1
290,A,0.2941972650437927,3.283088196282e-4,0.7054744261365796,1,16,gamma_0.1,gamma,0.1
290,C,0.4826000609107202,6.769430507346972e-4,0.5167229960385452,1,16,gamma_0.1,gamma,0.1
291,A,0.29417568962439844,3.1759214258481684e-4,0.7055067182330169,1,16,gamma_0.1,gamma,0.1
291,C,0.48255555675663364,6.548629692717748e-4,0.5167895802740949,1,16,gamma_0.1,gamma,0.1
292,A,0.294154819921066,3.072239001770045e-4,0.7055379561787578,1,16,gamma_0.1,gamma,0.1
292,C,0.4825125085177212,6.334989816917144e-4,0.5168539925005886,1,16,gamma_0.1,gamma,0.1
293,A,0.29413463290526887,2.9719284297461855e-4,0.7055681742517572,1,16,gamma_0.1,gamma,0.1
293,C,0.4824708686985371,6.128281281268309e-4,0.5169163031733363,1,16,gamma_0.1,gamma,0.1
294,A,0.2941151062967417,2.874880802028853e-4,0.7055974056230553,1,16,gamma_0.1,gamma,0.1
294,C,0.48243059134440724,5.92828167792293e-4,0.5169765804877998,1,16,gamma_0.1,gamma,0.1
295,A,0.29409621853935214,2.780990685663019e-4,0.7056256823920817,1,16,gamma_0.1,gamma,0.1
295,C,0.4823916319920055,5.734775575750262e-4,0.5170348904504216,1,16,gamma_0.1,gamma,0.1
296,A,0.29407794877774035,2.690156014061106e-4,0.7056530356208535,1,16,gamma_0.1,gamma,0.1
296,C,0.48235394762147366,5.547554311867815e-4,0.5170912969473394,1,16,gamma_0.1,gamma,0.1
297,A,0.2940602768346995,2.6022779818223014e-4,0.7056794953671195,1,16,gamma_0.1,gamma,0.1
297,C,0.48231749661006434,5.366415788716003e-4,0.5171458618110649,1,16,gamma_0.1,gamma,0.1
298,A,0.2940431831892825,2.5172609427071083e-4,0.7057050907164473,1,16,gamma_0.1,gamma,0.1
298,C,0.4822822386872143,5.191164276575616e-4,0.517198644885128,1,16,gamma_0.1,gamma,0.1
299,A,0.2940266489556017,2.4350123106800867e-4,0.7057298498133305,1,16,gamma_0.1,gamma,0.1
299,C,0.48224813489105467,5.021610221426754e-4,0.5172497040868015,1,16,gamma_0.1,gamma,0.1
300,A,0.294010655862307,2.3554424639355123e-4,0.7057537998912993,1,16,gamma_0.1,gamma,0.1
300,C,0.48221514752627864,4.8575700580451937e-4,0.5172990954679163,1,16,gamma_0.1,gamma,0.1
301,A,0.2939951862327182,2.278464651822434e-4,0.705776967302099,1,16,gamma_0.1,gamma,0.1
301,C,0.48218324012334385,4.698866028231305e-4,0.5173468732738321,1,16,gamma_0.1,gamma,0.1
302,A,0.29398022296559495,2.203994904588809e-4,0.7057993775439473,1,16,gamma_0.1,gamma,0.1
302,C,0.4821523773989665,4.5453260040684886e-4,0.5173930900006275,1,16,gamma_0.1,gamma,0.1
303,A,0.29396574951651483,2.13195194586392e-4,0.7058210552888993,1,16,gamma_0.1,gamma,0.1
303,C,0.48212252521785903,4.396783316101715e-4,0.5174377964505298,1,16,gamma_0.1,gamma,0.1
304,A,0.29395174987985695,2.0622571078022126e-4,0.7058420244093639,1,16,gamma_0.1,gamma,0.1
304,C,0.4820936505556936,4.253076586331798e-4,0.5174810417856726,1,16,gamma_0.1,gamma,0.1
305,A,0.293938208571352,1.994834248813061e-4,0.7058623080037667,1,16,gamma_0.1,gamma,0.1
305,C,0.4820657214632239,4.1140495659196957e-4,0.5175228735801846,1,16,gamma_0.1,gamma,0.1
306,A,0.29392511061120136,1.9296096738026535e-4,0.7058819284214178,1,16,gamma_0.1,gamma,0.1
306,C,0.482038707031557,3.9795509774952106e-4,0.5175633378706935,1,16,gamma_0.1,gamma,0.1
307,A,0.29391244150772927,1.866512056855881e-4,0.7059009072865855,1,16,gamma_0.1,gamma,0.1
307,C,0.48201257735853215,3.849434361964037e-4,0.5176024792052719,1,16,gamma_0.1,gamma,0.1
308,A,0.2939001872415625,1.805472366288028e-4,0.705919265521807,1,16,gamma_0.1,gamma,0.1
308,C,0.48198730351615965,3.7235579297084155e-4,0.5176403406908681,1,16,gamma_0.1,gamma,0.1
309,A,0.2938883342503211,1.7464237919978144e-4,0.7059370233704787,1,16,gamma_0.1,gamma,0.1
309,C,0.48196285751910917,3.601784416077355e-4,0.5176769640392836,1,16,gamma_0.1,gamma,0.1
310,A,0.293876869413793,1.6893016750551973e-4,0.7059542004187016,1,16,gamma_0.1,gamma,0.1
310,C,0.48193921229418973,3.483980941063331e-4,0.5177123896117033,1,16,gamma_0.1,gamma,0.1
311,A,0.29386578003959263,1.634043439458954e-4,0.7059708156164626,1,16,gamma_0.1,gamma,0.1
311,C,0.4819163416508207,3.37001887306365e-4,0.5177466564618749,1,16,gamma_0.1,gamma,0.1
312,A,0.2938550538492775,1.5805885260006491e-4,0.7059868872981231,1,16,gamma_0.1,gamma,0.1
312,C,0.4818942202524262,3.2597736966248885e-4,0.5177798023779113,1,16,gamma_0.1,gamma,0.1
313,A,0.2938446789649104,1.5288783281733792e-4,0.7060024332022726,1,16,gamma_0.1,gamma,0.1
313,C,0.4818728235887718,3.153124884071149e-4,0.5178118639228213,1,16,gamma_0.1,gamma,0.1
314,A,0.29383464389605585,1.4788561300651547e-4,0.7060174704909373,1,16,gamma_0.1,gamma,0.1
314,C,0.48185212794915705,3.049955770917223e-4,0.5178428764737518,1,16,gamma_0.1,gamma,0.1
315,A,0.29382493752719574,1.4304670461785394e-4,0.70603201576818575,1,16,gamma_0.1,gamma,0.1
315,C,0.4818321103964863,2.9501534349700214e-4,0.5178728742600163,1,16,gamma_0.1,gamma,0.1
316,A,0.2938155491055466,1.3836579631195466e-4,0.7060460850981418,1,16,gamma_0.1,gamma,0.1
316,C,0.4818127487421699,2.8536085790224584e-4,0.5179018903999297,1,16,gamma_0.1,gamma,0.1
317,A,0.29380646822927475,1.3383774831004374e-4,0.7060596940224161,1,16,gamma_0.1,gamma,0.1
317,C,0.48179402152181783,2.7602154170457946e-4,0.5179299569364798,1,16,gamma_0.1,gamma,0.1
318,A,0.29379768483608765,1.2945758692024575e-4,0.7060728575769916,1,16,gamma_0.1,gamma,0.1
318,C,0.4817759079717295,2.669871563788023e-4,0.5179571048718901,1,16,gamma_0.1,gamma,0.1
319,A,0.2937891891921958,1.252204992346102e-4,0.7060855903085697,1,16,gamma_0.1,gamma,0.1
319,C,0.481758388006138,2.5824779276874027e-4,0.5179833642010935,1,16,gamma_0.1,gamma,0.1
320,A,0.29378097188162994,1.2112182799178052e-4,0.7060979062903784,1,16,gamma_0.1,gamma,0.1
320,C,0.4817414421951663,2.4979386070118404e-4,0.518008763944134,1,16,gamma_0.1,gamma,0.1
321,A,0.29377302379590076,1.1715706660034591e-4,0.7061098191374978,1,16,gamma_0.1,gamma,0.1
321,C,0.48172505174351865,2.4161607891367185e-4,0.5180333321775681,1,16,gamma_0.1,gamma,0.1
322,A,0.2937653361240006,1.1332185431806476e-4,0.7061213420216811,1,16,gamma_0.1,gamma,0.1
322,C,0.48170919846984517,2.3370546528758365e-4,0.5180570960648668,1,16,gamma_0.1,gamma,0.1
323,A,0.29375790034271554,1.0961197158223481e-4,0.7061324876857034,1,16,gamma_0.1,gamma,0.1
323,C,0.4816938647867734,2.2605332737804385e-4,0.5180800818858495,1,16,gamma_0.1,gamma,0.1
324,A,0.2937507082072619,1.0602333548666212e-4,0.7061432684572516,1,16,gamma_0.1,gamma,0.1
324,C,0.4816790336815804,2.1865125323244775e-4,0.5181023150651881,1,16,gamma_0.1,gamma,0.1
325,A,0.29374375174222334,1.025519954007996e-4,0.7061536962623758,1,16,gamma_0.1,gamma,0.1
325,C,0.4816646886974971,2.114911024895634e-4,0.5181238202000146,1,16,gamma_0.1,gamma,0.1
326,A,0.29373702323277634,9.919412872674052e-5,0.7061637826384966,1,16,gamma_0.1,gamma,0.1
326,C,0.4816508139156069,2.0456499775132803e-4,0.5181446210866437,1,16,gamma_0.1,gamma,0.1
327,A,0.29373051521620425,9.594603678987714e-5,0.7061735387470057,1,16,gamma_0.1,gamma,0.1
327,C,0.481637393937334,1.9786531621960853e-4,0.5181647407464457,1,16,gamma_0.1,gamma,0.1
328,A,0.2937242204736838,9.28041408591512e-5,0.7061829753854575,1,16,gamma_0.1,gamma,0.1
328,C,0.48162441386750043,1.9138468159040072e-4,0.5181842014509094,1,16,gamma_0.1,gamma,0.1
329,A,0.29371813202233976,8.976497829294239e-5,0.706192102999367,1,16,gamma_0.1,gamma,0.1
329,C,0.48161185929791966,1.8511595619809083e-4,0.5182030247458808,1,16,gamma_0.1,gamma,0.1
330,A,0.2937122431075562,8.682519880675548e-5,0.706200931693637,1,16,gamma_0.1,gamma,0.1
330,C,0.4815997162915361,1.7905223340261293e-4,0.5182212314750609,1,16,gamma_0.1,gamma,0.1
331,A,0.2937065471955349,8.398156085897414e-5,0.7062094712436067,1,16,gamma_0.1,gamma,0.1
331,C,0.48158797136706255,1.7318683021246966e-4,0.5182388418027238,1,16,gamma_0.1,gamma,0.1
332,A,0.2937010379660976,8.123092815105704e-5,0.7062177311057514,1,16,gamma_0.1,gamma,0.1
332,C,0.4815766114841314,1.6751328013677244e-4,0.5182558752357315,1,16,gamma_0.1,gamma,0.1
333,A,0.29369570930572286,7.85702662386579e-5,0.7062257204280379,1,16,gamma_0.1,gamma,0.1
333,C,0.48156562402890984,1.620253262596196e-4,0.5182723506448299,1,16,gamma_0.1,gamma,0.1
334,A,0.29369055530080435,7.599663925024995e-5,0.7062334480599453,1,16,gamma_0.1,gamma,0.1
334,C,0.4815549968001951,1.567169145302946e-4,0.5182882862852755,1,16,gamma_0.1,gamma,0.1
335,A,0.29368557023113046,7.350720670994182e-5,0.7062409225621581,1,16,gamma_0.1,gamma,0.1
335,C,0.4815447179959508,1.5158218726293895e-4,0.5183036998167855,1,16,gamma_0.1,gamma,0.1
336,A,0.2936807485635789,7.109922046126177e-5,0.7062481522159597,1,16,gamma_0.1,gamma,0.1
336,C,0.48153477620029006,1.4661547683950934e-4,0.5183186083228709,1,16,gamma_0.1,gamma,0.1
337,A,0.29367608494600766,6.877002168878363e-5,0.7062551450323029,1,16,gamma_0.1,gamma,0.1
337,C,0.4815251603708683,1.4181129960998606e-4,0.5183330283295222,1,16,gamma_0.1,gamma,0.1
338,A,0.293671574201355,6.651703803456486e-5,0.7062619087606107,1,16,gamma_0.1,gamma,0.1
338,C,0.4815158598266957,1.3716434998396586e-4,0.5183469758233202,1,16,gamma_0.1,gamma,0.1
339,A,0.293667211321921,6.433778080644571e-5,0.7062684508972729,1,16,gamma_0.1,gamma,0.1
339,C,0.4815068642363416,1.3266949470791664e-4,0.51836046626895,1,16,gamma_0.1,gamma,0.1
340,A,0.2936629914638421,6.222984227535904e-5,0.7062747786938826,1,16,gamma_0.1,gamma,0.1
340,C,0.48149816360652115,1.2832176732252793e-4,0.51837351462615755,1,16,gamma_0.1,gamma,0.1
341,A,0.29365890994174265,6.019089305887221e-5,0.7062808991651984,1,16,gamma_0.1,gamma,0.1
341,C,0.48148974827105157,1.2411636279473858e-4,0.5183861353661535,1,16,gamma_0.1,gamma,0.1
342,A,0.29365496222356,5.821867958828088e-5,0.7062868190968515,1,16,gamma_0.1,gamma,0.1
342,C,0.48148160888017466,1.20048632319186e-4,0.5183983424875053,1,16,gamma_0.1,gamma,0.1
343,A,0.29365114392553837,5.631102165663362e-5,0.7062925450528053,1,16,gamma_0.1,gamma,0.1
343,C,0.4814737363902172,1.1611407828392405e-4,0.5184101495314984,1,16,gamma_0.1,gamma,0.1
344,A,0.2936474508073853,5.446581004516118e-5,0.7062980833825696,1,16,gamma_0.1,gamma,0.1
344,C,0.4814661220535931,1.123083493954318e-4,0.5184215695970108,1,16,gamma_0.1,gamma,0.1
345,A,0.29364387876758585,5.268100422565725e-5,0.706303440228189,1,16,gamma_0.1,gamma,0.1
345,C,0.48145875740912936,1.0862723595807368e-4,0.5184326153549134,1,16,gamma_0.1,gamma,0.1
346,A,0.29364042383887135,5.095463013642718e-5,0.7063086215309918,1,16,gamma_0.1,gamma,0.1
346,C,0.4814516342727034,1.05066665303289e-4,0.5184432990619922,1,16,gamma_0.1,gamma,0.1
347,A,0.2936370821838315,4.9284778029496444e-5,0.7063136330381392,1,16,gamma_0.1,gamma,0.1
347,C,0.4814447447281991,1.0162269736393393e-4,0.5184536325744381,1,16,gamma_0.1,gamma,0.1
348,A,0.29363385009067045,4.766960038683648e-5,0.706318480308942,1,16,gamma_0.1,gamma,0.1
348,C,0.4814380811187299,9.829152038931317e-5,0.5184636273608805,1,16,gamma_0.1,gamma,0.1
349,A,0.293630723969108,4.6107309903438514e-5,0.7063231687209883,1,16,gamma_0.1,gamma,0.1
349,C,0.48143163603818295,9.506944679658478e-5,0.5184732945150202,1,16,gamma_0.1,gamma,0.1
350,A,0.29362770034640034,4.459617753512756e-5,0.7063277034760648,1,16,gamma_0.1,gamma,0.1
350,C,0.48142540232300757,9.195290915432706e-5,0.5184826447678386,1,16,gamma_0.1,gamma,0.1
351,A,0.29362477586350544,4.3134530609077656e-5,0.7063320896058859,1,16,gamma_0.1,gamma,0.1
351,C,0.48141937304428656,8.89384562941911e-5,0.5184916884994195,1,16,gamma_0.1,gamma,0.1
352,A,0.2936219472713622,4.1720750995045326e-5,0.7063363319776422,1,16,gamma_0.1,gamma,0.1
352,C,0.4814135415000669,8.602274954667195e-5,0.5185004357503856,1,16,gamma_0.1,gamma,0.1
353,A,0.29361921142729874,4.035327333540608e-5,0.7063404352993661,1,16,gamma_0.1,gamma,0.1
353,C,0.48140790120793825,8.320255909714635e-5,0.5185088962329654,1,16,gamma_0.1,gamma,0.1
354,A,0.2936165652915496,3.903058333212967e-5,0.7063444041251187,1,16,gamma_0.1,gamma,0.1
354,C,0.48140244589784265,8.047476045843951e-5,0.5185170793416986,1,16,gamma_0.1,gamma,0.1
355,A,0.29361400592389636,3.775121608889509e-5,0.7063482428600149,1,16,gamma_0.1,gamma,0.1
355,C,0.48139716950513906,7.783633105629489e-5,0.5185249941638054,1,16,gamma_0.1,gamma,0.1
356,A,0.2936115304804077,3.651375450659435e-5,0.7063519557650844,1,16,gamma_0.1,gamma,0.1
356,C,0.48139206616387425,7.528434692422144e-5,0.5185326494892002,1,16,gamma_0.1,gamma,0.1
357,A,0.293609136210296,3.531682773053334e-5,0.7063555469619742,1,16,gamma_0.1,gamma,0.1
357,C,0.4813871302002934,7.281597950430312e-5,0.5185400538202022,1,16,gamma_0.1,gamma,0.1
358,A,0.2936068204528636,3.415910964768705e-5,0.7063590204374884,1,16,gamma_0.1,gamma,0.1
358,C,0.48138235612653724,7.042849255064853e-5,0.518547215380913,1,16,gamma_0.1,gamma,0.1
359,A,0.29360458063456485,3.3039317432418824e-5,0.7063623800480029,1,16,gamma_0.1,gamma,0.1
359,C,0.4813777386345688,6.811923913226945e-5,0.5185541421262986,1,16,gamma_0.1,gamma,0.1
360,A,0.2936024142661484,3.195621013912158e-5,0.7063656295237136,1,16,gamma_0.1,gamma,0.1
360,C,0.4813732725902869,6.588565873225925e-5,0.5185608417509808,1,16,gamma_0.1,gamma,0.1
361,A,0.2936003189399023,3.090858734028761e-5,0.706368772472757,1,16,gamma_0.1,gamma,0.1
361,C,0.4813689530278294,6.372527444024428e-5,0.5185673216977295,1,16,gamma_0.1,gamma,0.1
362,A,0.29359829232698903,2.9895287808560486e-5,0.7063718123852034,1,16,gamma_0.1,gamma,0.1
362,C,0.48136477514407205,6.163569023517517e-5,0.5185735891656919,1,16,gamma_0.1,gamma,0.1
363,A,0.29359633217485864,2.8915188241364147e-5,0.7063747526369007,1,16,gamma_0.1,gamma,0.1
363,C,0.48136073429329684,5.961458835559976e-5,0.5185796511183474,1,16,gamma_0.1,gamma,0.1
364,A,0.2935944363047582,2.7967202026752273e-5,0.7063775964932139,1,16,gamma_0.1,gamma,0.1
364,C,0.4813568259820404,5.765972675465889e-5,0.5185855142912045,1,16,gamma_0.1,gamma,0.1
365,A,0.29359260260931636,2.7050278049161668e-5,0.7063803471126351,1,16,gamma_0.1,gamma,0.1
365,C,0.48135304586411093,5.576893663712637e-5,0.5185911851992524,1,16,gamma_0.1,gamma,0.1
0,A,0.9989999999999998,0.001,0,2,16,gamma_0.1,gamma,0.1
0,C,0.9989999999999999,0.0010000000000000002,0,2,16,gamma_0.1,gamma,0.1
1,A,0.9987702833971158,0.0011236038512255197,1.0611275165855989e-4,2,16,gamma_0.1,gamma,0.1
1,C,0.9988482700916299,0.0010492784122705903,1.0245149609974838e-4,2,16,gamma_0.1,gamma,0.1
2,A,0.9985185635096301,0.001256383989265761,2.2505250110360357e-4,2,16,gamma_0.1,gamma,0.1
2,C,0.9986897542500897,0.0011003261226005408,2.0991962731024404e-4,2,16,gamma_0.1,gamma,0.1
3,A,0.9982448251261048,0.0013974784229849287,3.5769645091033035e-4,2,16,gamma_0.1,gamma,0.1
3,C,0.9985242712795175,0.0011531464588619626,3.225822616222894e-4,2,16,gamma_0.1,gamma,0.1
4,A,0.9979489316828032,0.0015462285611412717,5.048397560548976e-4,2,16,gamma_0.1,gamma,0.1
4,C,0.9983516198880342,0.0012077625611421013,4.406175508229745e-4,2,16,gamma_0.1,gamma,0.1
5,A,0.9976305190251383,0.0017022579734819433,6.672230013792344e-4,2,16,gamma_0.1,gamma,0.1
5,C,0.9981715764658868,0.001264217484894732,5.642060492171398e-4,2,16,gamma_0.1,gamma,0.1
6,A,0.997288949366827,0.001865479537828524,8.455710953443983e-4,2,16,gamma_0.1,gamma,0.1
6,C,0.9979838907040087,0.0013225738761448943,6.935354198475999e-4,2,16,gamma_0.1,gamma,0.1
7,A,0.9969233125467096,0.002036074770576239,0.0010406126827132971,2,16,gamma_0.1,gamma,0.1
7,C,0.9977882883975497,0.001382911434534714,8.288001679155844e-4,2,16,gamma_0.1,gamma,0.1
8,A,0.9965324718193556,0.002214430951645561,0.0012530972289986344,2,16,gamma_0.1,gamma,0.1
8,C,0.9975844758252553,0.001445322924776583,9.702012499688035e-4,2,16,gamma_0.1,gamma,0.1
9,A,0.9961149872765922,0.002401138806730856,0.0014838739166766683,2,16,gamma_0.1,gamma,0.1
9,C,0.9973721167475308,0.001509920000091014,0.0011179632523770685,2,16,gamma_0.1,gamma,0.1
10,A,0.9956694016403443,0.002596828584773613,0.001733769774881595,2,16,gamma_0.1,gamma,0.1
10,C,0.9971508883789022,0.0015768119878091724,0.0012722996332903014,2,16,gamma_0.1,gamma,0.1
11,A,0.9951940539085572,0.0028022255331093798,0.0020037205583341117,2,16,gamma_0.1,gamma,0.1
11,C,0.9969204333758459,0.001646120560682933,0.0014334460634713782,2,16,gamma_0.1,gamma,0.1
12,A,0.9946871590307318,0.0030181050978591154,0.002294735871408474,2,16,gamma_0.1,gamma,0.1
12,C,0.9966803757525313,0.0017179736347953253,0.0016016506126753645,2,16,gamma_0.1,gamma,0.1
13,A,0.994147109242339,0.0032451553065150547,0.0026077354511458216,2,16,gamma_0.1,gamma,0.1
13,C,0.9964303801238141,0.0017924847273248152,0.0017771351488596312,2,16,gamma_0.1,gamma,0.1
14,A,0.9935710703124174,0.0034845372857159633,0.002944392401866999,2,16,gamma_0.1,gamma,0.1
14,C,0.9961698594419415,0.0018698489837324702,0.001960291574325607,2,16,gamma_0.1,gamma,0.1
15,A,0.9929580763604002,0.00373662987029577,0.0033052937693046295,2,16,gamma_0.1,gamma,0.1
15,C,0.9958986140872883,0.0019501314799684419,0.002151254432744483,2,16,gamma_0.1,gamma,0.1
16,A,0.9923053512722709,0.004002512689349457,0.003692136038379785,2,16,gamma_0.1,gamma,0.1
16,C,0.9956160704619343,0.0020335184699097723,0.002350411068156136,2,16,gamma_0.1,gamma,0.1
17,A,0.9916103915696973,0.004283103975689287,0.004106504454613121,2,16,gamma_0.1,gamma,0.1
17,C,0.9953217119565374,0.00212017312817472,0.002558114915288639,2,16,gamma_0.1,gamma,0.1
18,A,0.9908718532671104,0.00457889075952291,0.0045492559733657095,2,16,gamma_0.1,gamma,0.1
18,C,0.9950152612517645,0.002210182508968919,0.002774556239266,2,16,gamma_0.1,gamma,0.1
19,A,0.9900861028736938,0.0048911397794607426,0.005022757346844134,2,16,gamma_0.1,gamma,0.1
19,C,0.994695968673201,0.0023037771361956866,0.0030002541906028173,2,16,gamma_0.1,gamma,0.1
20,A,0.9892515126761054,0.005220398142148732,0.005528089181745611,2,16,gamma_0.1,gamma,0.1
20,C,0.9943634988999421,0.0024010580531018183,0.003235443046955885,2,16,gamma_0.1,gamma,0.1
21,A,0.9883643442889039,0.005567897409797051,0.006067758301299459,2,16,gamma_0.1,gamma,0.1
21,C,0.9940170824487039,0.002502254356531963,0.0034806631947626333,2,16,gamma_0.1,gamma,0.1
22,A,0.9874233334055871,0.005934042324306021,0.006642624270106529,2,16,gamma_0.1,gamma,0.1
22,C,0.9936564592687915,0.0026074422118413693,0.003736098519367515,2,16,gamma_0.1,gamma,0.1
23,A,0.9864248497872453,0.006319989394840294,0.00725516081791489,2,16,gamma_0.1,gamma,0.1
23,C,0.9932808827985093,0.0027168396689114184,0.004002277532579471,2,16,gamma_0.1,gamma,0.1
24,A,0.9853660729421198,0.006726608529180419,0.007907318528698993,2,16,gamma_0.1,gamma,0.1
24,C,0.99288977328369,0.0028306129943254186,0.004279613721984128,2,16,gamma_0.1,gamma,0.1
25,A,0.9842439700623059,0.007154819024346867,0.008601210913348317,2,16,gamma_0.1,gamma,0.1
25,C,0.9924825070799558,0.0029489393431289834,0.004568553576914049,2,16,gamma_0.1,gamma,0.1
26,A,0.9830553897595639,0.007605555694733959,0.009339054545702176,2,16,gamma_0.1,gamma,0.1
26,C,0.9920584355199248,0.0030720008950841627,0.004869563584991737,2,16,gamma_0.1,gamma,0.1
27,A,0.9817970934098955,0.00807976308899722,0.01012314350110588,2,16,gamma_0.1,gamma,0.1
27,C,0.9916168909126813,0.0031999836361358883,0.005183125451182326,2,16,gamma_0.1,gamma,0.1
28,A,0.980465734931699,0.00857839670827839,0.010955868360022882,2,16,gamma_0.1,gamma,0.1
28,C,0.9911571816592812,0.003333078339458504,0.005509740001260228,2,16,gamma_0.1,gamma,0.1
29,A,0.9790578606565106,0.009102421096251812,0.011839718247237894,2,16,gamma_0.1,gamma,0.1
29,C,0.990678591400652,0.0034714807293798264,0.005849927869968814,2,16,gamma_0.1,gamma,0.1
30,A,0.9775699125473214,0.009652807048894539,0.012777280403784286,2,16,gamma_0.1,gamma,0.1
30,C,0.9901803787122123,0.0036153915185514617,0.00620422976923588,2,16,gamma_0.1,gamma,0.1
31,A,0.9759982319977427,0.010230528298432224,0.013771239703825752,2,16,gamma_0.1,gamma,0.1
31,C,0.9896617767616094,0.003765016431312419,0.006573206807076128,2,16,gamma_0.1,gamma,0.1
32,A,0.9743390639113876,0.01083655771081491,0.014824378377797437,2,16,gamma_0.1,gamma,0.1
32,C,0.9891219928567346,0.003920566226873178,0.006957440916392036,2,16,gamma_0.1,gamma,0.1
33,A,0.9725885614066929,0.011471862952834378,0.015939575640472103,2,16,gamma_0.1,gamma,0.1
33,C,0.9885602079448627,0.004082256710057467,0.007357535345080103,2,16,gamma_0.1,gamma,0.1
34,A,0.9707427914606876,0.012137401585901889,0.017119806953410494,2,16,gamma_0.1,gamma,0.1
34,C,0.9879755761170128,0.004250308718516847,0.007774115164470856,2,16,gamma_0.1,gamma,0.1
35,A,0.9687977416702638,0.012834115558133581,0.018368142771601502,2,16,gamma_0.1,gamma,0.1
35,C,0.9873672241434421,0.004424948080567355,0.008207827775989338,2,16,gamma_0.1,gamma,0.1
36,A,0.9667493282299422,0.013562925075996407,0.019687746694061502,2,16,gamma_0.1,gamma,0.1
36,C,0.9867342510499039,0.004606405540804196,0.008659343409292454,2,16,gamma_0.1,gamma,0.1
37,A,0.9645934051983311,0.014324721841624607,0.021081872960044566,2,16,gamma_0.1,gamma,0.1
37,C,0.9860757277390786,0.004794916651537379,0.009129355609384403,2,16,gamma_0.1,gamma,0.1
38,A,0.9623257751214906,0.015120361645358066,0.0225538632331516,2,16,gamma_0.1,gamma,0.1
38,C,0.9853906966615928,0.004990721628035466,0.009618581710371924,2,16,gamma_0.1,gamma,0.1
39,A,0.9599422010811761,0.015950656307121194,0.024107142611702242,2,16,gamma_0.1,gamma,0.1
39,C,0.9846781715419816,0.005194065165290331,0.010127763292727137,2,16,gamma_0.1,gamma,0.1
40,A,0.9574384198464241,0.01681636294019092,0.025745217213383822,2,16,gamma_0.1,gamma,0.1
40,C,0.9839371362081165,0.00540519634567348,0.010657667446210405,2,16,gamma_0.1,gamma,0.1
41,A,0.9548101588724135,0.017718185285418842,0.02747165584216742,2,16,gamma_0.1,gamma,0.1
41,C,0.9831665494702652,0.005624367681391114,0.011209082848344017,2,16,gamma_0.1,gamma,0.1
42,A,0.952053148608638,0.018656753299823692,0.029290098091538447,2,16,gamma_0.1,gamma,0.1
42,C,0.9823653395554532,0.005851835592429373,0.011782824852118897,2,16,gamma_0.1,gamma,0.1
43,A,0.9491631406689612,0.019632613213677395,0.031204246117360657,2,16,gamma_0.1,gamma,0.1
43,C,0.9815324045680794,0.00608785994598445,0.012379735485936733,2,16,gamma_0.1,gamma,0.1
44,A,0.9461359306745807,0.02064620635681843,0.033217862968600805,2,16,gamma_0.1,gamma,0.1
44,C,0.9806666087936572,0.006332704146683333,0.01300068705965935,2,16,gamma_0.1,gamma,0.1
45,A,0.9429673836886974,0.0216978718742629,0.03533474443703958,2,16,gamma_0.1,gamma,0.1
45,C,0.9797667898642206,0.006586633708697251,0.013646576427082847,2,16,gamma_0.1,gamma,0.1
46,A,0.9396534555947653,0.022787835893009898,0.037558708512224294,2,16,gamma_0.1,gamma,0.1
46,C,0.978831759230172,0.006849915712371309,0.014318325057457228,2,16,gamma_0.1,gamma,0.1
47,A,0.9361902158273546,0.023916195660750702,0.039893588511895194,2,16,gamma_0.1,gamma,0.1
47,C,0.9778603007318277,0.007122818466790925,0.015016880801382216,2,16,gamma_0.1,gamma,0.1
48,A,0.9325738734028999,0.025082904607359242,0.04234322198974121,2,16,gamma_0.1,gamma,0.1
48,C,0.9768511701573852,0.007405610992822674,0.015743218849792785,2,16,gamma_0.1,gamma,0.1
49,A,0.9288008053682248,0.026287759306510675,0.04491143532526538,2,16,gamma_0.1,gamma,0.1
49,C,0.9758030960221707,0.00769856228501426,0.01649834169281503,2,16,gamma_0.1,gamma,0.1
50,A,0.9248675863491468,0.027530387173097262,0.04760202647775536,2,16,gamma_0.1,gamma,0.1
50,C,0.9747147807775633,0.008001940466013128,0.017283278756424072,2,16,gamma_0.1,gamma,0.1
51,A,0.9207710199051752,0.02881023359752481,0.050418746497300236,2,16,gamma_0.1,gamma,0.1
51,C,0.9735849020277955,0.008316011863167829,0.018099086109036582,2,16,gamma_0.1,gamma,0.1
52,A,0.9165081651373641,0.030126551252513935,0.05336528361012116,2,16,gamma_0.1,gamma,0.1
52,C,0.9724121135074917,0.008641040200218969,0.018946846292289526,2,16,gamma_0.1,gamma,0.1
53,A,0.9120763751454093,0.03147838515821184,0.056445239696379296,2,16,gamma_0.1,gamma,0.1
53,C,0.97119504658756,0.008977285389164171,0.019827668023276547,2,16,gamma_0.1,gamma,0.1
54,A,0.9074733316882534,0.03286456042494635,0.05966210788680077,2,16,gamma_0.1,gamma,0.1
54,C,0.9699323118750263,0.009325002359279624,0.020742685765694272,2,16,gamma_0.1,gamma,0.1
55,A,0.9026970744800084,0.03428367330801809,0.06301925221197346,2,16,gamma_0.1,gamma,0.1
55,C,0.9686225008563148,0.009684439961100506,0.021693059182585236,2,16,gamma_0.1,gamma,0.1
56,A,0.897746030422068,0.035734083269653306,0.06651988630827899,2,16,gamma_0.1,gamma,0.1
56,C,0.9672641877354927,0.010055839784458405,0.022679972480047907,2,16,gamma_0.1,gamma,0.1
57,A,0.8926190470134504,0.037213904385942555,0.07016704860060727,2,16,gamma_0.1,gamma,0.1
57,C,0.965855931635492,0.01043943475472798,0.023704633609781117,2,16,gamma_0.1,gamma,0.1
58,A,0.8873154262192058,0.03872099784893908,0.07396357593185474,2,16,gamma_0.1,gamma,0.1
58,C,0.9643962790790681,0.010835447601065383,0.024768273319867962,2,16,gamma_0.1,gamma,0.1
59,A,0.8818349550703437,0.04025296723075742,0.0779120776988986,2,16,gamma_0.1,gamma,0.1
59,C,0.9628837666549147,0.011244089292065454,0.025872144053019724,2,16,gamma_0.1,gamma,0.1
60,A,0.8761779329026254,0.04180715655291814,0.08201491054445771,2,16,gamma_0.1,gamma,0.1
60,C,0.9613169238786918,0.011665557430445365,0.027017518690863187,2,16,gamma_0.1,gamma,0.1
61,A,0.8703451965983737,0.04338065058772488,0.08627415281390118,2,16,gamma_0.1,gamma,0.1
61,C,0.9596942763078405,0.012100034556120532,0.028205689136040702,2,16,gamma_0.1,gamma,0.1
62,A,0.8643381439936954,0.0449702773612911,0.0906915786450135,2,16,gamma_0.1,gamma,0.1
62,C,0.9580143489397716,0.012547686341461316,0.029437964718767456,2,16,gamma_0.1,gamma,0.1
63,A,0.8581587543595306,0.0465726133510638,0.09526863228940526,2,16,gamma_0.1,gamma,0.1
63,C,0.9562756698843315,0.013008659699609992,0.030715670416059736,2,16,gamma_0.1,gamma,0.1
64,A,0.8518096049133502,0.048183991800178586,0.10000640328647142,2,16,gamma_0.1,gamma,0.1
64,C,0.9544767742958017,0.013483080827241284,0.03204014487695621,2,16,gamma_0.1,gamma,0.1
65,A,0.8452938829744285,0.049800514245190344,0.10490560278038152,2,16,gamma_0.1,gamma,0.1
65,C,0.9526162085641328,0.013971053186285508,0.0334127382495823,2,16,gamma_0.1,gamma,0.1
66,A,0.8386153937035168,0.05141806518396262,0.10996654111252044,2,16,gamma_0.1,gamma,0.1
66,C,0.9506925347724159,0.01447265542273861,0.034834809804844595,2,16,gamma_0.1,gamma,0.1
67,A,0.8317785630436333,0.053032329957856346,0.11518910699851047,2,16,gamma_0.1,gamma,0.1
67,C,0.9487043354247983,0.014987939226668297,0.036307725348534485,2,16,gamma_0.1,gamma,0.1
68,A,0.8247884356277055,0.05463881577744671,0.12057274859484816,2,16,gamma_0.1,gamma,0.1
68,C,0.946650218436955,0.015516927146098662,0.03783285441694584,2,16,gamma_0.1,gamma,0.1
69,A,0.8176506672774869,0.05623287587877126,0.12611645684374154,2,16,gamma_0.1,gamma,0.1
69,C,0.9445288223800299,0.016059610368104153,0.03941156725186619,2,16,gamma_0.1,gamma,0.1
70,A,0.8103715118950295,0.05780973668591197,0.13181875141905938,2,16,gamma_0.1,gamma,0.1
70,C,0.9423388219688829,0.016615946478659216,0.04104523155245683,2,16,gamma_0.1,gamma,0.1
71,A,0.8029578027141508,0.05936452774919176,0.13767766953665714,2,16,gamma_0.1,gamma,0.1
71,C,0.940078933784407,0.017185857212948026,0.04273520900264308,2,16,gamma_0.1,gamma,0.1
72,A,0.795416927967735,0.06089231416100752,0.14369075787125754,2,16,gamma_0.1,gamma,0.1
72,C,0.9377479222159801,0.017769226210278953,0.044482851573739095,2,16,gamma_0.1,gamma,0.1
73,A,0.7877568010741688,0.06238813111041575,0.14985506781541602,2,16,gamma_0.1,gamma,0.1
73,C,0.9353446056063932,0.018365896790144415,0.0462894976034631,2,16,gamma_0.1,gamma,0.1
74,A,0.779985825524474,0.06384702018792038,0.15616715428760566,2,16,gamma_0.1,gamma,0.1
74,C,0.9328678625784999,0.018975669767214896,0.04815646765428617,2,16,gamma_0.1,gamma,0.1
75,A,0.7721128547629199,0.06526406699155338,0.16262307824552644,2,16,gamma_0.1,gamma,0.1
75,C,0.9303166385202295,0.019598301323794472,0.05008506015597657,2,16,gamma_0.1,gamma,0.1
76,A,0.7641471474620144,0.06663443953251175,0.1692184130054753,2,16,gamma_0.1,gamma,0.1
76,C,0.9276899522016048,0.020233500959293407,0.05207654683910043,2,16,gamma_0.1,gamma,0.1
77,A,0.7560983186786664,0.06795342690362366,0.1759482544177106,2,16,gamma_0.1,gamma,0.1
77,C,0.9249869024941983,0.02088092953758889,0.054132167968212214,2,16,gamma_0.1,gamma,0.1
78,A,0.7479762874489512,0.0692164776538681,0.18280723489718037,2,16,gamma_0.1,gamma,0.1
78,C,0.9222066751600778,0.021540197454337467,0.056253127385583745,2,16,gamma_0.1,gamma,0.1
79,A,0.7397912214438555,0.07041923730223114,0.18978954125391345,2,16,gamma_0.1,gamma,0.1
79,C,0.9193485496742424,0.022210862947160973,0.05844058737859625,2,16,gamma_0.1,gamma,0.1
80,A,0.7315534793661039,0.07155758442479827,0.19688893620909848,2,16,gamma_0.1,gamma,0.1
80,C,0.9164119060414782,0.02289243057225165,0.06069566338626935,2,16,gamma_0.1,gamma,0.1
81,A,0.7232735518111328,0.0726276647632571,0.20409878342560986,2,16,gamma_0.1,gamma,0.1
81,C,0.9133962315657914,0.02358434987143135,0.06301941856277782,2,16,gamma_0.1,gamma,0.1
82,A,0.7149620013397929,0.07362592283208604,0.2114120758281213,2,16,gamma_0.1,gamma,0.1
82,C,0.9103011275277411,0.02428601425404146,0.06541285821821755,2,16,gamma_0.1,gamma,0.1
83,A,0.7066294025174238,0.07454913054417549,0.21882146693839996,2,16,gamma_0.1,gamma,0.1
83,C,0.9071263157225504,0.02499676011813039,0.06787692415932005,2,16,gamma_0.1,gamma,0.1
84,A,0.6982862826655307,0.07539441242833617,0.22631930490613317,2,16,gamma_0.1,gamma,0.1
84,C,0.9038716448095448,0.025715866235195884,0.07041248895525876,2,16,gamma_0.1,gamma,0.1
85,A,0.6899430640483182,0.07615926707585874,0.23389766887582297,2,16,gamma_0.1,gamma,0.1
85,C,0.9005370964216963,0.02644255342220583,0.07302035015609666,2,16,gamma_0.1,gamma,0.1
86,A,0.681610008151873,0.07684158454970814,0.2415484072984195,2,16,gamma_0.1,gamma,0.1
86,C,0.8971227909834406,0.02717598452284015,0.07570122449371862,2,16,gamma_0.1,gamma,0.1
87,A,0.673297162784934,0.07743965944686086,0.2492631777682056,2,16,gamma_0.1,gamma,0.1
87,C,0.8936289931791398,0.02791526472342727,0.07845574209743444,2,16,gamma_0.1,gamma,0.1
88,A,0.6650143124549127,0.07795219959633343,0.25703348794875397,2,16,gamma_0.1,gamma,0.1
88,C,0.8900561170221659,0.0286594422193131,0.0812844407585209,2,16,gamma_0.1,gamma,0.1
89,A,0.6567709325299993,0.07837833032415961,0.2648507371458405,2,16,gamma_0.1,gamma,0.1
89,C,0.8864047304693602,0.029407509250854436,0.08418776027978594,2,16,gamma_0.1,gamma,0.1
90,A,0.6485761476263181,0.07871759428880332,0.2727062580848791,2,16,gamma_0.1,gamma,0.1
90,C,0.8826755595257355,0.030158403526318246,0.08716603694794557,2,16,gamma_0.1,gamma,0.1
91,A,0.6404386945535443,0.0789699469911647,0.280591358455291,2,16,gamma_0.1,gamma,0.1
91,C,0.8788694917864289,0.03091101004538433,0.09021949816818568,2,16,gamma_0.1,gamma,0.1
92,A,0.6323668900420034,0.07913574816008254,0.2884973617979134,2,16,gamma_0.1,gamma,0.1
92,C,0.874987579365525,0.03166416333296421,0.09334825730151221,2,16,gamma_0.1,gamma,0.1
93,A,0.6243686033884247,0.07921574927675733,0.29641564733481834,2,16,gamma_0.1,gamma,0.1
93,C,0.8710310411638559,0.032416650089836845,0.09655230874630916,2,16,gamma_0.1,gamma,0.1
94,A,0.6164512340823131,0.0792110775469182,0.30433768837076847,2,16,gamma_0.1,gamma,0.1
94,C,0.8670012644306642,0.033167212263365296,0.09983152330597041,2,16,gamma_0.1,gamma,0.1
95,A,0.6086216943967753,0.07912321667414152,0.31225508892908305,2,16,gamma_0.1,gamma,0.1
95,C,0.862899805577815,0.03391455053760249,0.10318564388458293,2,16,gamma_0.1,gamma,0.1
96,A,0.6008863968486023,0.07895398482981511,0.3201596183215832,2,16,gamma_0.1,gamma,0.1
96,C,0.8587283902100987,0.03465732823752676,0.1066142815523763,2,16,gamma_0.1,gamma,0.1
97,A,0.5932512463611541,0.07870551024583672,0.3280432433930092,2,16,gamma_0.1,gamma,0.1
97,C,0.8544889123407007,0.03539417563739224,0.11011691202190813,2,16,gamma_0.1,gamma,0.1
98,A,0.585721636904077,0.07838020487193487,0.335898158223988,2,16,gamma_0.1,gamma,0.1
98,C,0.8501834327668613,0.036123694658433785,0.11369287257470562,2,16,gamma_0.1,gamma,0.1
99,A,0.5783024523350421,0.07798073654350453,0.34371681112145397,2,16,gamma_0.1,gamma,0.1
99,C,0.8458141765872856,0.036844463936359095,0.1173413594763545,2,16,gamma_0.1,gamma,0.1
100,A,0.5709980711286757,0.07751000010139525,0.35149192876992874,2,16,gamma_0.1,gamma,0.1
100,C,0.8413835298500186,0.03755504423415615,0.12106142591582496,2,16,gamma_0.1,gamma,0.1
101,A,0.5638123746464889,0.07697108789306009,0.35921653746045107,2,16,gamma_0.1,gamma,0.1
101,C,0.8368940353270518,0.03825398417081372,0.12485198050213535,2,16,gamma_0.1,gamma,0.1
102,A,0.5567487585794713,0.07636726006467148,0.3668839813558569,2,16,gamma_0.1,gamma,0.1
102,C,0.8323483874199543,0.038939826231763584,0.12871178634828137,2,16,gamma_0.1,gamma,0.1
103,A,0.5498101471822631,0.07570191502687697,0.37448793779085937,2,16,gamma_0.1,gamma,0.1
103,C,0.8277494262089982,0.039611113022296696,0.1326394607687045,2,16,gamma_0.1,gamma,0.1
104,A,0.5429990099134602,0.0749785604444227,0.38202242964211813,2,16,gamma_0.1,gamma,0.1
104,C,0.8231001306665636,0.040266393720960254,0.13663347561247488,2,16,gamma_0.1,gamma,0.1
105,A,0.5363173800997174,0.07420078506352763,0.38948183483675514,2,16,gamma_0.1,gamma,0.1
105,C,0.8184036110640531,0.040904230686065836,0.14069215824988052,2,16,gamma_0.1,gamma,0.1
106,A,0.5297668752569575,0.07337223164613679,0.3968608930969053,2,16,gamma_0.1,gamma,0.1
106,C,0.8136631006107343,0.04152320616407263,0.14481369322519333,2,16,gamma_0.1,gamma,0.1
107,A,0.5233487186872469,0.07249657126869033,0.4041547100440631,2,16,gamma_0.1,gamma,0.1
107,C,0.8088819463657361,0.04212192905090043,0.1489961245833633,2,16,gamma_0.1,gamma,0.1
108,A,0.5170637620385928,0.07157747915302864,0.4113587588083783,2,16,gamma_0.1,gamma,0.1
108,C,0.8040635994819337,0.042699041645169945,0.15323735887289774,2,16,gamma_0.1,gamma,0.1
109,A,0.5109125085084479,0.0706186121868392,0.41846887930471316,2,16,gamma_0.1,gamma,0.1
109,C,0.7992116048404699,0.04325322633809775,0.1575351688214317,2,16,gamma_0.1,gamma,0.1
110,A,0.5048951363938784,0.06962358825561271,0.4254812753505086,2,16,gamma_0.1,gamma,0.1
110,C,0.7943295901411922,0.04378321218401844,0.16188719767478957,2,16,gamma_0.1,gamma,0.1
111,A,0.49901152272297983,0.06859596746628792,0.43239250981073213,2,16,gamma_0.1,gamma,0.1
111,C,0.7894212545213274,0.04428778129399547,0.16629096418467743,2,16,gamma_0.1,gamma,0.1
112,A,0.49326126673593657,0.06753923530256427,0.4391994979614994,2,16,gamma_0.1,gamma,0.1
112,C,0.7844903567808579,0.04476577499466206,0.1707438682244803,2,16,gamma_0.1,gamma,0.1
113,A,0.4876437130123013,0.06645678772122914,0.4458994992664693,2,16,gamma_0.1,gamma,0.1
113,C,0.7795407032966348,0.045216099696469864,0.17524319700689747,2,16,gamma_0.1,gamma,0.1
114,A,0.48215797406654287,0.06535191817397036,0.4524901077594869,2,16,gamma_0.1,gamma,0.1
114,C,0.7745761357097052,0.04563773241861356,0.17978613187168052,2,16,gamma_0.1,gamma,0.1
115,A,0.47680295226030006,0.06422780651561288,0.45896924122408705,2,16,gamma_0.1,gamma,0.1
115,C,0.7696005184723015,0.046029725921098386,0.18436975560660102,2,16,gamma_0.1,gamma,0.1
116,A,0.4715773609068237,0.06308750973758596,0.46533512935559,2,16,gamma_0.1,gamma,0.1
116,C,0.764617726342059,0.0463912133979184,0.18899106026002305,2,16,gamma_0.1,gamma,0.1
117,A,0.46647974446855683,0.061933954446899295,0.4715863010845434,2,16,gamma_0.1,gamma,0.1
117,C,0.75963163191126,0.04672141268963748,0.1936469553991026,2,16,gamma_0.1,gamma,0.1
118,A,0.46150849777164005,0.060769930996823325,0.4777215712315355,2,16,gamma_0.1,gamma,0.1
118,C,0.7546460932575022,0.047019629978821205,0.19833427676367668,2,16,gamma_0.1,gamma,0.1
119,A,0.4566618841816277,0.05959808916499241,0.48374002665338073,2,16,gamma_0.1,gamma,0.1
119,C,0.7496649417999837,0.04728526293748594,0.20304979526253183,2,16,gamma_0.1,gamma,0.1
120,A,0.45193805270340315,0.05842093526679711,0.4896410120297992,2,16,gamma_0.1,gamma,0.1
120,C,0.7446919704423226,0.04751780330172977,0.20779022625594779,2,16,gamma_0.1,gamma,0.1
121,A,0.4473350539852427,0.057240830586450756,0.49542411542830644,2,16,gamma_0.1,gamma,0.1
121,C,0.7397309220787845,0.04771683885495533,0.21255223906625945,2,16,gamma_0.1,gamma,0.1
122,A,0.442850855221858,0.056059991005091174,0.5010891537730514,2,16,gamma_0.1,gamma,0.1
122,C,0.73478547853582,0.047882054807548875,0.21733246665663178,2,16,gamma_0.1,gamma,0.1
123,A,0.4384833539641162,0.054880487704599766,0.5066361583312836,2,16,gamma_0.1,gamma,0.1
123,C,0.7298592500151521,0.048013234567473674,0.22212751541737513,2,16,gamma_0.1,gamma,0.1
124,A,0.43423039085395154,0.05370424882707757,0.5120653603189718,2,16,gamma_0.1,gamma,0.1
124,C,0.7249557650983149,0.048110259902808414,0.2269339749988758,2,16,gamma_0.1,gamma,0.1
125,A,0.4300897613120638,0.05253306197270007,0.5173771767152363,2,16,gamma_0.1,gamma,0.1
125,C,0.7200784613656213,0.04817311050371569,0.23174842813066293,2,16,gamma_0.1,gamma,0.1
126,A,0.4260592262144501,0.05136857742184134,0.5225721963637088,2,16,gamma_0.1,gamma,0.1
126,C,0.7152306766722285,0.04820186296045987,0.2365674603673109,2,16,gamma_0.1,gamma,0.1
127,A,0.42213652159458787,0.05021231197744841,0.5276511664279633,2,16,gamma_0.1,gamma,0.1
127,C,0.7104156411319822,0.04819668916484209,0.24138766970317638,2,16,gamma_0.1,gamma,0.1
128,A,0.4183193674227151,0.049065653319662846,0.5326149792576228,2,16,gamma_0.1,gamma,0.1
128,C,0.7056364698243685,0.04815785417536139,0.2462056760002708,2,16,gamma_0.1,gamma,0.1
129,A,0.4146054755091931,0.047929864779134926,0.537464659711672,2,16,gamma_0.1,gamma,0.1
129,C,0.7008961562508629,0.04808571357240837,0.25101813017672836,2,16,gamma_0.1,gamma,0.1
130,A,0.4109925565812998,0.046806090442304486,0.5422013529763953,2,16,gamma_0.1,gamma,0.1
130,C,0.6961975665601385,0.04798071033334866,0.2558217231065136,2,16,gamma_0.1,gamma,0.1
131,A,0.4074783265856529,0.04569536050739035,0.5468263129069564,2,16,gamma_0.1,gamma,0.1
131,C,0.6915434345509477,0.04784337126476259,0.2606131941842894,2,16,gamma_0.1,gamma,0.1
132,A,0.4040605122699678,0.044598596816068835,0.5513408909139643,2,16,gamma_0.1,gamma,0.1
132,C,0.6869363574513722,0.0476743030354253,0.26538933951320404,2,16,gamma_0.1,gamma,0.1
133,A,0.4007368560969759,0.043516618493824315,0.5557465254091998,2,16,gamma_0.1,gamma,0.1
133,C,0.6823787924670689,0.04747418785514734,0.27014701967778426,2,16,gamma_0.1,gamma,0.1
134,A,0.39750512054168313,0.04245014763997957,0.5600447318183379,2,16,gamma_0.1,gamma,0.1
134,C,0.6778730540866503,0.04724377884450843,0.2748831670688422,2,16,gamma_0.1,gamma,0.1
135,A,0.39436309182169316,0.041399815015376346,0.5642370931629299,2,16,gamma_0.1,gamma,0.1
135,C,0.6734213121267898,0.04698389514136484,0.2795947927318443,2,16,gamma_0.1,gamma,0.1
136,A,0.39130858310900096,0.04036616568190844,0.5683252512090904,2,16,gamma_0.1,gamma,0.1
136,C,0.6690255904938105,0.04669541679139255,0.2842789927147966,2,16,gamma_0.1,gamma,0.1
137,A,0.3883394372697093,0.03934966455424228,0.5723108981760474,2,16,gamma_0.1,gamma,0.1
137,C,0.6646877666332474,0.04637927947039467,0.28893295389635804,2,16,gamma_0.1,gamma,0.1
138,A,0.38545352917578357,0.038350701830134344,0.5761957689940814,2,16,gamma_0.1,gamma,0.1
138,C,0.6604095716349938,0.046036469085301984,0.293553959279703,2,16,gamma_0.1,gamma,0.1
139,A,0.38264876763034533,0.03736959827142772,0.5799816340982277,2,16,gamma_0.1,gamma,0.1
139,C,0.6561925909583917,0.045668016299297384,0.2981393927423102,2,16,gamma_0.1,gamma,0.1
140,A,0.37992309694548065,0.03640661031288555,0.5836702927416343,2,16,gamma_0.1,gamma,0.1
140,C,0.6520382657388817,0.045274991024804215,0.3026867432363131,2,16,gamma_0.1,gamma,0.1
141,A,0.37727449820899667,0.0354619349805839,0.5872635668104189,2,16,gamma_0.1,gamma,0.1
141,C,0.6479478946355338,0.04485849692615187,0.3071936084383148,2,16,gamma_0.1,gamma,0.1
142,A,0.37470099027399356,0.03453571460577266,0.5907632951202338,2,16,gamma_0.1,gamma,0.1
142,C,0.6439226361770038,0.04441966597139453,0.31165769785160197,2,16,gamma_0.1,gamma,0.1
143,A,0.37220063050252483,0.033628041323922706,0.5941713281735529,2,16,gamma_0.1,gamma,0.1
143,C,0.6399635115624644,0.0439596530700026,0.3160768353675324,2,16,gamma_0.1,gamma,0.1
144,A,0.3697715152920942,0.03273896135208022,0.5974895233558254,2,16,gamma_0.1,gamma,0.1
144,C,0.6360714078734837,0.04347963083011404,0.3204489612964017,2,16,gamma_0.1,gamma,0.1
145,A,0.36741178041127426,0.03186847904061936,0.6007197405481058,2,16,gamma_0.1,gamma,0.1
145,C,0.6322470816528367,0.04298078446586069,0.3247721338813032,2,16,gamma_0.1,gamma,0.1
146,A,0.3651196011679954,0.03101656069847838,0.6038638381335263,2,16,gamma_0.1,gamma,0.1
146,C,0.6284911628074322,0.0424643068812261,0.3290445303113422,2,16,gamma_0.1,gamma,0.1
147,A,0.36289319243407353,0.030183138191010008,0.6069236693749155,2,16,gamma_0.1,gamma,0.1
147,C,0.6248041587891979,0.04193139395757743,0.3332644472532247,2,16,gamma_0.1,gamma,0.1
148,A,0.36073080854326595,0.029368112315654754,0.6099010791410799,2,16,gamma_0.1,gamma,0.1
148,C,0.6211864590160292,0.04138324006152592,0.3374303009224437,2,16,gamma_0.1,gamma,0.1
149,A,0.3586307430811274,0.028571355959226587,0.612797900959646,2,16,gamma_0.1,gamma,0.1
149,C,0.6176383394918141,0.04082103379110575,0.3415406267170799,2,16,gamma_0.1,gamma,0.1
150,A,0.3565913285832002,0.027792717041856936,0.615615954374943,2,16,gamma_0.1,gamma,0.1
150,C,0.6141599675858483,0.040245953975371083,0.34559407843878037,2,16,gamma_0.1,gamma,0.1
151,A,0.354610936155757,0.027032021254354888,0.618357042589888,2,16,gamma_0.1,gamma,0.1
151,C,0.6107514069346786,0.03965916593850101,0.3495894271268179,2,16,gamma_0.1,gamma,0.1
152,A,0.3526879750312796,0.026289074597090217,0.6210229503716305,2,16,gamma_0.1,gamma,0.1
152,C,0.6074126224322717,0.03906181803563471,0.35352555953209325,2,16,gamma_0.1,gamma,0.1
153,A,0.35082089206956907,0.025563665728939033,0.6236154422014911,2,16,gamma_0.1,gamma,0.1
153,C,0.6041434852764808,0.03845503846500327,0.35740147625851565,2,16,gamma_0.1,gamma,0.1
154,A,0.3490081712143727,0.02485556813496416,0.6261362606506635,2,16,gamma_0.1,gamma,0.1
154,C,0.6009437780416642,0.037839932358776605,0.3612162895995605,2,16,gamma_0.1,gamma,0.1
155,A,0.34724833291424284,0.024164542121772704,0.6285871249639848,2,16,gamma_0.1,gamma,0.1
155,C,0.5978131997494883,0.03721757915268656,0.36496922109782315,2,16,gamma_0.1,gamma,0.1
156,A,0.34553993351513607,0.023490336649826787,0.6309697298350361,2,16,gamma_0.1,gamma,0.1
156,C,0.5947513709125526,0.036589030232048944,0.36865959885539823,2,16,gamma_0.1,gamma,0.1
157,A,0.34388156463117564,0.022832691012117965,0.6332857443567067,2,16,gamma_0.1,gamma,0.1
157,C,0.5917578385279032,0.03595530684962716,0.37228685462247085,2,16,gamma_0.1,gamma,0.1
158,A,0.34227185249916225,0.02219133636852338,0.6355368111323139,2,16,gamma_0.1,gamma,0.1
158,C,0.5888320809999065,0.035317398309029725,0.3758505206910647,2,16,gamma_0.1,gamma,0.1
159,A,0.3407094573216881,0.021565997144964263,0.6377245455333478,2,16,gamma_0.1,gamma,0.1
159,C,0.5859735129740811,0.03467626040583996,0.3793502266200792,2,16,gamma_0.1,gamma,0.1
160,A,0.33919307260299614,0.02095639230628124,0.6398505350907229,2,16,gamma_0.1,gamma,0.1
160,C,0.5831814900657162,0.03403281411733914,0.3827856958169449,2,16,gamma_0.1,gamma,0.1
161,A,0.3377214244811023,0.020362236511511103,0.6419163390073866,2,16,gamma_0.1,gamma,0.1
161,C,0.5804553134692368,0.03338794453050537,0.3861567420002573,2,16,gamma_0.1,gamma,0.1
162,A,0.3362932710591259,0.01978324115995964,0.6439234877809153,2,16,gamma_0.1,gamma,0.1
162,C,0.5777942344363435,0.0327424999970045,0.389463265566652,2,16,gamma_0.1,gamma,0.1
163,A,0.334907401738292,0.019219115336113958,0.645873482925593,2,16,gamma_0.1,gamma,0.1
163,C,0.57519745861281,0.032097291503152034,0.39270524988403777,2,16,gamma_0.1,gamma,0.1
164,A,0.3335626365546784,0.018669566661063376,0.6477677967842593,2,16,gamma_0.1,gamma,0.1
164,C,0.5726641502256691,0.03145309224227949,0.39588275753204977,2,16,gamma_0.1,gamma,0.1
165,A,0.33225782552138744,0.0181343020577127,0.6496078724208999,2,16,gamma_0.1,gamma,0.1
165,C,0.5701934361141354,0.030810637376539565,0.3989959265093251,2,16,gamma_0.1,gamma,0.1
166,A,0.3309918479775554,0.017613028436669297,0.6513951235857758,2,16,gamma_0.1,gamma,0.1
166,C,0.567784409599621,0.030170623974530686,0.402044966425849,2,16,gamma_0.1,gamma,0.1
167,A,0.3297636119452148,0.017105453309368655,0.6531309347454158,2,16,gamma_0.1,gamma,0.1
167,C,0.5654361341894462,0.02953371111315913,0.40503015469739534,2,16,gamma_0.1,gamma,0.1
168,A,0.3285720534949576,0.016611285334481505,0.6548166611705615,2,16,gamma_0.1,gamma,0.1
168,C,0.563147647114134,0.028900520128181863,0.4079518327576839,2,16,gamma_0.1,gamma,0.1
169,A,0.3274161361210493,0.0161302348033158,0.6564536290756353,2,16,gamma_0.1,gamma,0.1
169,C,0.5609179626965749,0.02827163500089288,0.4108104023025328,2,16,gamma_0.1,gamma,0.1
170,A,0.32629485012650256,0.01566201406955267,0.6580431358039437,2,16,gamma_0.1,gamma,0.1
170,C,0.5587460755523005,0.02764760286872738,0.41360632157897287,2,16,gamma_0.1,gamma,0.1
171,A,0.32520721201845054,0.01520633792828014,0.6595864500532687,2,16,gamma_0.1,gamma,0.1
171,C,0.5566309636216195,0.027028934647298483,0.41634010173108077,2,16,gamma_0.1,gamma,0.1
172,A,0.32415226391406626,0.014762923948921012,0.6610848121370142,2,16,gamma_0.1,gamma,0.1
172,C,0.554571591035622,0.026416105751316754,0.41901230321306226,2,16,gamma_0.1,gamma,0.1
173,A,0.3231290729571754,0.014331492766299053,0.6625394342765256,2,16,gamma_0.1,gamma,0.1
173,C,0.5525669108186423,0.025809556902483644,0.4216235322788746,2,16,gamma_0.1,gamma,0.1
174,A,0.32213673074564064,0.013911768333761345,0.663951500920598,2,16,gamma_0.1,gamma,0.1
174,C,0.5506158674301892,0.0252096950132628,0.4241744375565491,2,16,gamma_0.1,gamma,0.1
175,A,0.3211743527695073,0.013503478141965246,0.6653221690885275,2,16,gamma_0.1,gamma,0.1
175,C,0.5487173991497747,0.024616894136012844,0.42666570671421405,2,16,gamma_0.1,gamma,0.1
176,A,0.3202410778598692,0.013106353406648199,0.666652568733483,2,16,gamma_0.1,gamma,0.1
176,C,0.5468704403087195,0.024031496467397977,0.429098063223883,2,16,gamma_0.1,gamma,0.1
177,A,0.31933606764835953,0.012720129228419141,0.6679438031232218,2,16,gamma_0.1,gamma,0.1
177,C,0.5450739233734401,0.02345381339850943,0.4314722632280507,2,16,gamma_0.1,gamma,0.1
178,A,0.3184585060371423,0.012344544727348108,0.6691969492355093,2,16,gamma_0.1,gamma,0.1
178,C,0.5433267808850255,0.022884126601771342,0.43378909251320363,2,16,gamma_0.1,gamma,0.1
179,A,0.3176075986792744,0.011979343154888147,0.6704130581658376,2,16,gamma_0.1,gamma,0.1
179,C,0.5416279472601024,0.022322689146370044,0.43604936359352775,2,16,gamma_0.1,gamma,0.1
180,A,0.31678257246925834,0.011624271985438004,0.6715931555453026,2,16,gamma_0.1,gamma,0.1
180,C,0.5399763604581875,0.021769726634557274,0.43825391290725596,2,16,gamma_0.1,gamma,0.1
181,A,0.31598267504363914,0.011279082989647918,0.6727382419667133,2,16,gamma_0.1,gamma,0.1
181,C,0.538370963520855,0.0212254383517547,0.4404035981273898,2,16,gamma_0.1,gamma,0.1
182,A,0.31520717429144135,0.010943532291375286,0.6738492934171825,2,16,gamma_0.1,gamma,0.1
182,C,0.5368107059881823,0.020689998423964025,0.4424992955878539,2,16,gamma_0.1,gamma,0.1
183,A,0.31445535787428547,0.010617380410019743,0.6749272617156946,2,16,gamma_0.1,gamma,0.1
183,C,0.5352945451979313,0.020163556976568457,0.4445418978254998,2,16,gamma_0.1,gamma,0.1
184,A,0.31372653275598633,0.010300392289801083,0.675973074954213,2,16,gamma_0.1,gamma,0.1
184,C,0.5338214474729727,0.01964624128917889,0.44653231123784803,2,16,gamma_0.1,gamma,0.1
185,A,0.313020024741462,0.009992337317394882,0.6769876379411436,2,16,gamma_0.1,gamma,0.1
185,C,0.5323903892023888,0.019138156941712572,0.4484714538558991,2,16,gamma_0.1,gamma,0.1
186,A,0.31233517802476873,0.009692989329209062,0.6779718326460225,2,16,gamma_0.1,gamma,0.1
186,C,0.5310003578215754,0.01863938894747759,0.45036025323094897,2,16,gamma_0.1,gamma,0.1
187,A,0.3116713547461056,0.009402126609426624,0.6789265186444677,2,16,gamma_0.1,gamma,0.1
187,C,0.5296503526969962,0.018150002869130037,0.4521996444338748,2,16,gamma_0.1,gamma,0.1
188,A,0.31102793455760763,0.009119531879883088,0.6798525335625099,2,16,gamma_0.1,gamma,0.1
188,C,0.5283393859204071,0.017670045914539065,0.4539905681650542,2,16,gamma_0.1,gamma,0.1
189,A,0.3104043141977479,0.008844992282704106,0.6807506935195481,2,16,gamma_0.1,gamma,0.1
189,C,0.5270664830177306,0.017199548009550567,0.4557339689727189,2,16,gamma_0.1,gamma,0.1
190,A,0.3097999070742249,0.008578299356531474,0.6816217935692434,2,16,gamma_0.1,gamma,0.1
190,C,0.525830683577651,0.016738522845019557,0.4574307935773301,2,16,gamma_0.1,gamma,0.1
191,A,0.30921414285517385,0.008319249007087777,0.682466608137739,2,16,gamma_0.1,gamma,0.1
191,C,0.5246310418047757,0.01628696889595041,0.4590819892992741,2,16,gamma_0.1,gamma,0.1
192,A,0.30864646706855287,0.008067641472759712,0.6832858914586871,2,16,gamma_0.1,gamma,0.1
192,C,0.5234666270019654,0.015844870411022605,0.4606885025870115,2,16,gamma_0.1,gamma,0.1
193,A,0.3080963407095775,0.00782328128580826,0.6840803780046153,2,16,gamma_0.1,gamma,0.1
193,C,0.5223365239862869,0.015412198371080883,0.4622512776426318,2,16,gamma_0.1,gamma,0.1
194,A,0.3075632398560524,0.007585977229746025,0.6848507829142013,2,16,gamma_0.1,gamma,0.1
194,C,0.5212398334429326,0.014988911415416613,0.4637712551416509,2,16,gamma_0.1,gamma,0.1
195,A,0.30704665529149316,0.007355542293365645,0.685597802415141,2,16,gamma_0.1,gamma,0.1
195,C,0.5201756722212708,0.014574956734933538,0.46524937104379555,2,16,gamma_0.1,gamma,0.1
196,A,0.3065460921359042,0.007131793621853259,0.6863221142422421,2,16,gamma_0.1,gamma,0.1
196,C,0.5191431735770151,0.014170270931563419,0.46668655549142113,2,16,gamma_0.1,gamma,0.1
197,A,0.3060610694841039,0.006914552465377216,0.6870243780505193,2,16,gamma_0.1,gamma,0.1
197,C,0.518141487364301,0.013774780843540496,0.4680837317921595,2,16,gamma_0.1,gamma,0.1
198,A,0.305591120051474,0.006703644125500616,0.6877052358230248,2,16,gamma_0.1,gamma,0.1
198,C,0.5171697801812756,0.013388404336341973,0.46944181548238084,2,16,gamma_0.1,gamma,0.1
199,A,0.3051357898270331,0.006498897899728805,0.6883653122732377,2,16,gamma_0.1,gamma,0.1
199,C,0.5162272354726783,0.013011051059279783,0.4707617134680436,2,16,gamma_0.1,gamma,0.1
200,A,0.30469463773372013,0.006300147024470188,0.6890052152418097,2,16,gamma_0.1,gamma,0.1
200,C,0.5153130535926487,0.012642623167888847,0.47204432323946344,2,16,gamma_0.1,gamma,0.1
201,A,0.3042672352957893,0.00610722861665995,0.6896255360875508,2,16,gamma_0.1,gamma,0.1
201,C,0.5144264518309323,0.012283016012410764,0.4732905321566574,2,16,gamma_0.1,gamma,0.1
202,A,0.3038531663132114,0.005919983614270251,0.6902268500725179,2,16,gamma_0.1,gamma,0.1
202,C,0.5135666644053698,0.011932118792799533,0.47450121680183033,2,16,gamma_0.1,gamma,0.1
203,A,0.30345202654299114,0.005738256715907083,0.6908097167411018,2,16,gamma_0.1,gamma,0.1
203,C,0.5127329424234816,0.011589815180789784,0.475677242395729,2,16,gamma_0.1,gamma,0.1
204,A,0.30306342338728676,0.005561896319673069,0.6913746802930396,2,16,gamma_0.1,gamma,0.1
204,C,0.5119245538157722,0.011255983909661564,0.47681946227456545,2,16,gamma_0.1,gamma,0.1
205,A,0.3026869755882564,0.005390754461457211,0.691922269950286,2,16,gamma_0.1,gamma,0.1
205,C,0.5111407832432269,0.010930499332420436,0.47792871742435145,2,16,gamma_0.1,gamma,0.1
206,A,0.302322312929516,0.005224686752799403,0.6924530003176848,2,16,gamma_0.1,gamma,0.1
206,C,0.5103809319812949,0.01061323194922006,0.479005836069483,2,16,gamma_0.1,gamma,0.1
207,A,0.30196907594414085,0.005063552318445119,0.6929673717374147,2,16,gamma_0.1,gamma,0.1
207,C,0.5096443177827047,0.010304048904714898,0.48005163331257966,2,16,gamma_0.1,gamma,0.1
208,A,0.30162691562909416,0.004907213733725287,0.6934658706371806,2,16,gamma_0.1,gamma,0.1
208,C,0.5089302747209676,0.010002814456446305,0.4810669108225852,2,16,gamma_0.1,gamma,0.1
209,A,0.30129549316599974,0.00475553696186206,0.6939489698721384,2,16,gamma_0.1,gamma,0.1
209,C,0.5082381530165532,0.009709390415142825,0.482052456568304,2,16,gamma_0.1,gamma,0.1
210,A,0.3009744796481627,0.00460839129128967,0.6944171290605478,2,16,gamma_0.1,gamma,0.1
210,C,0.5075673188475722,0.009423636557833766,0.483009044594595,2,16,gamma_0.1,gamma,0.1
211,A,0.3006635558137607,0.004465649273074759,0.6948707949131645,2,16,gamma_0.1,gamma,0.1
211,C,0.506917154146688,0.009145411014749066,0.4839374348385629,2,16,gamma_0.1,gamma,0.1
212,A,0.3003624117851033,0.004327186658515983,0.6953104015563809,2,16,gamma_0.1,gamma,0.1
212,C,0.506287056385793,0.008874570631035266,0.4848383729831724,2,16,gamma_0.1,gamma,0.1
213,A,0.30007074681386503,0.0041928823369942305,0.6957363708491403,2,16,gamma_0.1,gamma,0.1
213,C,0.5056764383498845,0.008610971304307885,0.485712590345808,2,16,gamma_0.1,gamma,0.1
214,A,0.29978826903221373,0.004062618274135347,0.6961491126936504,2,16,gamma_0.1,gamma,0.1
214,C,0.5050847279015311,0.0083544682990343,0.48656080379943606,2,16,gamma_0.1,gamma,0.1
215,A,0.2995146952097272,0.003936279450341427,0.6965490253399306,2,16,gamma_0.1,gamma,0.1
215,C,0.5045113677371957,0.00810491653873249,0.487383715724073,2,16,gamma_0.1,gamma,0.1
216,A,0.299249750516024,0.003813753799742094,0.6969364956842341,2,16,gamma_0.1,gamma,0.1
216,C,0.5039558151366039,0.007862170876976547,0.48818201398641997,2,16,gamma_0.1,gamma,0.1
217,A,0.2989931682890024,0.0036949321496128696,0.6973118995613851,2,16,gamma_0.1,gamma,0.1
217,C,0.503417541706238,0.007626086348194205,0.4889563719455674,2,16,gamma_0.1,gamma,0.1
218,A,0.2987446898086081,0.0035797081603033934,0.6976756020310898,2,16,gamma_0.1,gamma,0.1
218,C,0.5028960331179569,0.007396518399222858,0.48970744848281983,2,16,gamma_0.1,gamma,0.1
219,A,0.2985040640760288,0.0034679782657136794,0.6980279576582573,2,16,gamma_0.1,gamma,0.1
219,C,0.5023907888436894,0.00717332310256694,0.4904358880537423,2,16,gamma_0.1,gamma,0.1
220,A,0.2982710475982366,0.003359641614353076,0.6983693107874123,2,16,gamma_0.1,gamma,0.1
220,C,0.5019013218870539,0.006956357352277982,0.4911423207606684,2,16,gamma_0.1,gamma,0.1
221,A,0.298045404177769,0.003254600011013274,0.6986999958112181,2,16,gamma_0.1,gamma,0.1
221,C,0.5014271585126922,0.006745479043357987,0.4918273624439493,2,16,gamma_0.1,gamma,0.1
222,A,0.29782690470768247,0.0031527578590841193,0.6990203374332334,2,16,gamma_0.1,gamma,0.1
222,C,0.5009678379740586,0.006540547235563392,0.49249161479037806,2,16,gamma_0.1,gamma,0.1
223,A,0.2976153269715576,0.003054022103537841,0.6993306509249042,2,16,gamma_0.1,gamma,0.1
223,C,0.500522912240314,0.006341422302459683,0.4931356654572267,2,16,gamma_0.1,gamma,0.1
224,A,0.29741045544849215,0.002958302174604945,0.6996312423769036,2,16,gamma_0.1,gamma,0.1
224,C,0.5000919457229503,0.006147966066549278,0.4937600882104996,2,16,gamma_0.1,gamma,0.1
225,A,0.29721208112297,0.0028655099321626036,0.6999224089448672,2,16,gamma_0.1,gamma,0.1
225,C,0.4996745150026962,0.00596004192126663,0.4943654430760372,2,16,gamma_0.1,gamma,0.1
226,A,0.29702000129952905,0.002775559610854382,0.7002044390896163,2,16,gamma_0.1,gamma,0.1
226,C,0.49927020855720305,0.005777514940613093,0.49495227650218326,2,16,gamma_0.1,gamma,0.1
227,A,0.29683401942213006,0.0026883677659571233,0.7004776128119123,2,16,gamma_0.1,gamma,0.1
227,C,0.4988786264900159,0.005600251977142873,0.4955211215328425,2,16,gamma_0.1,gamma,0.1
228,A,0.2966539448981385,0.002603853220010972,0.70074220188185,2,16,gamma_0.1,gamma,0.1
228,C,0.4984993802611874,0.00542812174904293,0.49607249798976855,2,16,gamma_0.1,gamma,0.1
229,A,0.29647959292682763,0.0025219370102251477,0.7009984700629477,2,16,gamma_0.1,gamma,0.1
229,C,0.4981320924199571,0.005260994916976929,0.4966069126630659,2,16,gamma_0.1,gamma,0.1
230,A,0.2963107843323163,0.0024425423366706512,0.7012466733310132,2,16,gamma_0.1,gamma,0.1
230,C,0.4977763963398052,0.005098744151333203,0.497124859508861,2,16,gamma_0.1,gamma,0.1
231,A,0.2961473454008517,0.0023655945112695882,0.7014870600878784,2,16,gamma_0.1,gamma,0.1
231,C,0.49743193595622764,0.004941244190497387,0.4976268198532744,2,16,gamma_0.1,gamma,0.1
232,A,0.2959891077223453,0.002291020907589803,0.7017198713700645,2,16,gamma_0.1,gamma,0.1
232,C,0.4970983655074775,0.004788371890749052,0.49811326260177363,2,16,gamma_0.1,gamma,0.1
233,A,0.295835908036079,0.0022187509114518444,0.7019453410524695,2,16,gamma_0.1,gamma,0.1
233,C,0.49677534927851535,0.004640006268351248,0.49858464445313505,2,16,gamma_0.1,gamma,0.1
234,A,0.295687588080488,0.0021487158723540348,0.7021636960471573,2,16,gamma_0.1,gamma,0.1
234,C,0.49646256134839306,0.004496028534369922,0.4990414101172372,2,16,gamma_0.1,gamma,0.1
235,A,0.29554399444694385,0.0020808490557200237,0.7023751564973362,2,16,gamma_0.1,gamma,0.1
235,C,0.49615968534126,0.004356322122733434,0.4994839925360049,2,16,gamma_0.1,gamma,0.1
236,A,0.2954049784374371,0.002015085595972305,0.7025799359665913,2,16,gamma_0.1,gamma,0.1
236,C,0.49586641418115124,0.004220772712018345,0.4999128131068298,2,16,gamma_0.1,gamma,0.1
237,A,0.2952703959260914,0.0019513624504339303,0.702778241623474,2,16,gamma_0.1,gamma,0.1
237,C,0.49558244985069577,0.0040892682414241585,0.5003282819078805,2,16,gamma_0.1,gamma,0.1
238,A,0.2951401072244102,0.0018896183540597765,0.702970274421531,2,16,gamma_0.1,gamma,0.1
238,C,0.4953075031538857,0.0039616989213747626,0.5007307979247385,2,16,gamma_0.1,gamma,0.1
239,A,0.2950139769501815,0.001829793774997589,0.7031562292748209,2,16,gamma_0.1,gamma,0.1
239,C,0.49504129348299436,0.003837957239159806,0.5011207492778467,2,16,gamma_0.1,gamma,0.1
240,A,0.2948918738999583,0.0017718308709782802,0.7033362952290636,2,16,gamma_0.1,gamma,0.1
240,C,0.4947835485897146,0.0037179379600066624,0.5014985134502794,2,16,gamma_0.1,gamma,0.1
241,A,0.2947736709250244,0.001715673446533888,0.7035106556284433,2,16,gamma_0.1,gamma,0.1
241,C,0.49453400436063044,0.00360153812395215,0.5018644575154171,2,16,gamma_0.1,gamma,0.1
242,A,0.29465924481077727,0.0016612669110409907,0.7036794882781823,2,16,gamma_0.1,gamma,0.1
242,C,0.4942924045970276,0.0034886570388624363,0.5022189383641099,2,16,gamma_0.1,gamma,0.1
243,A,0.2945484761594432,0.0016085582375864552,0.7038429656029705,2,16,gamma_0.1,gamma,0.1
243,C,0.49405850079911057,0.0033791962699289925,0.5025623029309609,2,16,gamma_0.1,gamma,0.1
244,A,0.2944412492760418,0.0015574959226517576,0.7040012548013074,2,16,gamma_0.1,gamma,0.1
244,C,0.4938320519546526,0.0032730596259494585,0.5028948884193989,2,16,gamma_0.1,gamma,0.1
245,A,0.29433745205753126,0.0015080299466113541,0.7041545179958573,2,16,gamma_0.1,gamma,0.1
245,C,0.49361282433208736,0.0031701531426832404,0.5032170225252294,2,16,gamma_0.1,gamma,0.1
246,A,0.2942369758850534,0.0014601117350397695,0.7043029123799065,2,16,gamma_0.1,gamma,0.1
246,C,0.4934005912780543,0.0030703850635545094,0.503529023658391,2,16,gamma_0.1,gamma,0.1
247,A,0.29413971551920287,0.0014136941208226102,0.7044465903599744,2,16,gamma_0.1,gamma,0.1
247,C,0.49319513301939216,0.0029736658179574113,0.5038312011626516,2,16,gamma_0.1,gamma,0.1
248,A,0.2940455689982514,0.0013687313070639918,0.704585699694685,2,16,gamma_0.1,gamma,0.1
248,C,0.4929962364695673,0.002879907997403962,0.5041238555330277,2,16,gamma_0.1,gamma,0.1
249,A,0.29395443753924905,0.0013251788307838664,0.7047203836299671,2,16,gamma_0.1,gamma,0.1
249,C,0.4928036950395279,0.002789026329738379,0.5044072786307324,2,16,gamma_0.1,gamma,0.1
250,A,0.2938662254419352,0.0012829935273982152,0.7048507810306661,2,16,gamma_0.1,gamma,0.1
250,C,0.4926173084529361,0.0027009376516268324,0.5046817538954371,2,16,gamma_0.1,gamma,0.1
251,A,0.2937808399953874,0.0012421334959744825,0.7049770265086379,2,16,gamma_0.1,gamma,0.1
251,C,0.492436882565768,0.0026155608795182103,0.5049475565547134,2,16,gamma_0.1,gamma,0.1
252,A,0.2936981913873397,0.0012025580652537916,0.7050992505474057,2,16,gamma_0.1,gamma,0.1
252,C,0.4922622291902307,0.002532816979258692,0.505204953830509,2,16,gamma_0.1,gamma,0.1
253,A,0.2936181926160999,0.0011642277604312732,0.7052175796234673,2,16,gamma_0.1,gamma,0.1
253,C,0.4920931659229528,0.002452628934529868,0.5054542051425165,2,16,gamma_0.1,gamma,0.1
254,A,0.293540759405009,0.001127104270685596,0.7053321363243052,2,16,gamma_0.1,gamma,0.1
254,C,0.4919295159773993,0.0023749217142686866,0.5056955623083319,2,16,gamma_0.1,gamma,0.1
255,A,0.2934658101193594,0.001091150417448491,0.7054430394631918,2,16,gamma_0.1,gamma,0.1
255,C,0.4917711080204669,0.0022996222392158237,0.5059292697403173,2,16,gamma_0.1,gamma,0.1
256,A,0.2933932656857325,0.0010563301234046956,0.7055504041908626,2,16,gamma_0.1,gamma,0.1
256,C,0.4916177760131932,0.0022266593477289517,0.5061555646390785,2,16,gamma_0.1,gamma,0.1
257,A,0.2933230495136682,0.001022608382212411,0.7056543421041195,2,16,gamma_0.1,gamma,0.1
257,C,0.4914693590555239,0.0021559637609872423,0.5063746771834887,2,16,gamma_0.1,gamma,0.1
258,A,0.2932550874196226,9.89951228934158e-4,0.7057549613514436,2,16,gamma_0.1,gamma,0.1
258,C,0.4913257012350842,0.002087468047703982,0.5065868307172126,2,16,gamma_0.1,gamma,0.1
259,A,0.29318930755314654,9.583257111677143e-4,0.7058523667356863,2,16,gamma_0.1,gamma,0.1
259,C,0.49118665147986806,0.0020211065884553456,0.5067922419316769,2,16,gamma_0.1,gamma,0.1
260,A,0.29312564032522503,9.2769986086661e-4,0.705946659813908,2,16,gamma_0.1,gamma,0.1
260,C,0.49105206341481383,0.001956815539724964,0.5069911210454621,2,16,gamma_0.1,gamma,0.1
261,A,0.29306401833872375,8.980426668395016e-4,0.7060379389944376,2,16,gamma_0.1,gamma,0.1
261,C,0.49092179522215745,0.0018945327977559672,0.5071836719800876,2,16,gamma_0.1,gamma,0.1
262,A,0.293004376320882,8.693240479175633e-4,0.7061262996311997,2,16,gamma_0.1,gamma,0.1
262,C,0.49079570950553264,0.0018341979622950126,0.5073700925321706,2,16,gamma_0.1,gamma,0.1
263,A,0.2929466510578038,8.41514826778926e-4,0.706211834115418,2,16,gamma_0.1,gamma,0.1
263,C,0.4906736731577203,0.0017757523003055907,0.5075505745419744,2,16,gamma_0.1,gamma,0.1
264,A,0.2928907813308787,8.145867044190757e-4,0.7062946319647015,2,16,gamma_0.1,gamma,0.1
264,C,0.49055555723197986,0.0017191387097214759,0.5077253040582983,2,16,gamma_0.1,gamma,0.1
265,A,0.29283670785510074,7.885122352560716e-4,0.7063747799096427,2,16,gamma_0.1,gamma,0.1
265,C,0.49044123681691,0.001664301683305176,0.5078944614997848,2,16,gamma_0.1,gamma,0.1
266,A,0.29278437321921236,7.632648028591865e-4,0.7064523619779283,2,16,gamma_0.1,gamma,0.1
266,C,0.4903305909147395,0.0016111872726700005,0.5080582218125903,2,16,gamma_0.1,gamma,0.1
267,A,0.2927337218276381,7.388185962902393e-4,0.7065274595760717,2,16,gamma_0.1,gamma,0.1
267,C,0.49022350232299344,0.0015597430525205323,0.5082167546244859,2,16,gamma_0.1,gamma,0.1
268,A,0.29268469984414947,7.151485870456083e-4,0.7066001515688046,2,16,gamma_0.1,gamma,0.1
268,C,0.49011985751945614,0.0015099180851587527,0.5083702243953853,2,16,gamma_0.1,gamma,0.1
269,A,0.2926372551372202,6.922305065877769e-4,0.7066705143561923,2,16,gamma_0.1,gamma,0.1
269,C,0.49001954655035346,0.0014616628853000454,0.5085187905643466,2,16,gamma_0.1,gamma,0.1
270,A,0.2925913372270165,6.700408244552566e-4,0.7067386219485278,2,16,gamma_0.1,gamma,0.1
270,C,0.4899224629216949,0.0014149293852390333,0.5086626076930669,2,16,gamma_0.1,gamma,0.1
271,A,0.29254689723398636,6.48556726939593e-4,0.7068045460390744,2,16,gamma_0.1,gamma,0.1
271,C,0.489828503493686,0.0013696709004007962,0.5088018256059134,2,16,gamma_0.1,gamma,0.1
272,A,0.2925038878289913,6.277560963180636e-4,0.7068683560746907,2,16,gamma_0.1,gamma,0.1
272,C,0.48973756837815746,0.0013258420953088808,0.5089365895265328,2,16,gamma_0.1,gamma,0.1
273,A,0.29246226318494856,6.076174906307612e-4,0.7069301193244214,2,16,gamma_0.1,gamma,0.1
273,C,0.4896495608389215,0.001283398949998127,0.5090670402110798,2,16,gamma_0.1,gamma,0.1
274,A,0.2924219789299327,5.881201239908674e-4,0.7069899009460759,2,16,gamma_0.1,gamma,0.1
274,C,0.489564387194999,0.0012422987268971618,0.5091933140781039,2,16,gamma_0.1,gamma,0.1
275,A,0.29238299210169866,5.692438474170264e-4,0.707047764050884,2,16,gamma_0.1,gamma,0.1
275,C,0.48948195672664213,0.001202499938202417,0.5093155433351558,2,16,gamma_0.1,gamma,0.1
276,A,0.2923452611035851,5.509691301767571e-4,0.7071037697662381,2,16,gamma_0.1,gamma,0.1
276,C,0.4894021815840845,0.0011639623137626061,0.5094338561021539,2,16,gamma_0.1,gamma,0.1
277,A,0.2923087456617569,5.332770416298865e-4,0.707157977296613,2,16,gamma_0.1,gamma,0.1
277,C,0.4893249766989438,0.0011266467694898946,0.5095483765315665,2,16,gamma_0.1,gamma,0.1
278,A,0.29227340678375296,5.161492335611043e-4,0.7072104439826863,2,16,gamma_0.1,gamma,0.1
278,C,0.48925025969822883,0.001090515376311604,0.5096592249254592,2,16,gamma_0.1,gamma,0.1
279,A,0.29223920671829307,4.995679229908458e-4,0.7072612253587157,2,16,gamma_0.1,gamma,0.1
279,C,0.48917795082085663,0.0010555313296740634,0.5097665178494689,2,16,gamma_0.1,gamma,0.1
280,A,0.29220610891631965,4.8351587545382424e-4,0.7073103752082265,2,16,gamma_0.1,gamma,0.1
280,C,0.4891079728366395,0.0010216589196081307,0.5098703682437534,2,16,gamma_0.1,gamma,0.1
281,A,0.2921740779932242,4.679763887346264e-4,0.7073579456180417,2,16,gamma_0.1,gamma,0.1
281,C,0.4890402509676607,9.888635013640147e-4,0.5099708855309756,2,16,gamma_0.1,gamma,0.1
282,A,0.2921430796922355,4.5293327704992996e-4,0.7074039870307152,2,16,gamma_0.1,gamma,0.1
282,C,0.48897471281199534,9.57111466621203e-4,0.5100681757213835,2,16,gamma_0.1,gamma,0.1
283,A,0.2921130808489334,4.383708556669999e-4,0.7074485482953992,2,16,gamma_0.1,gamma,0.1
283,C,0.4889112882696847,9.263702152777219e-4,0.5101623415150369,2,16,gamma_0.1,gamma,0.1
284,A,0.2920840493568469,4.242739259482741e-4,0.7074916767172045,2,16,gamma_0.1,gamma,0.1
284,C,0.48884990947093576,8.966081278214727e-4,0.5102534824012426,2,16,gamma_0.1,gamma,0.1
285,A,0.29205595413411434,4.106277608119792e-4,0.7075334181050732,2,16,gamma_0.1,gamma,0.1
285,C,0.4887905107064593,8.677945382849514e-4,0.5103416947552539,2,16,gamma_0.1,gamma,0.1
286,A,0.29202876509117554,3.9741809059881276e-4,0.7075738168182254,2,16,gamma_0.1,gamma,0.1
286,C,0.488733028359911,8.398997077834446e-4,0.5104270719323041,2,16,gamma_0.1,gamma,0.1
287,A,0.2920024530994515,3.8463108933510043e-4,0.7076129158112137,2,16,gamma_0.1,gamma,0.1
287,C,0.4886774008423549,8.128947986360627e-4,0.5105097043590078,2,16,gamma_0.1,gamma,0.1
288,A,0.29197698996099825,3.7225336138257275e-4,0.7076507566776192,2,16,gamma_0.1,gamma,0.1
288,C,0.48862356852871613,7.867518490670004e-4,0.5105896796222168,2,16,gamma_0.1,gamma,0.1
289,A,0.29195234837909967,3.602719284653324e-4,0.7076873796924338,2,16,gamma_0.1,gamma,0.1
289,C,0.48857147369614895,7.614437484841395e-4,0.5106670825553661,2,16,gamma_0.1,gamma,0.1
290,A,0.2919285019297695,3.4867421706477776e-4,0.7077228238531654,2,16,gamma_0.1,gamma,0.1
290,C,0.4885210604642837,7.369442133313369e-4,0.5107419953223844,2,16,gamma_0.1,gamma,0.1
291,A,0.2919054250341346,3.3744804617330754e-4,0.7077571269196926,2,16,gamma_0.1,gamma,0.1
291,C,0.48847227473727906,7.132277635098027e-4,0.5108144974992119,2,16,gamma_0.1,gamma,0.1
292,A,0.2918830929316793,3.2658161539778665e-4,0.707790325452923,2,16,gamma_0.1,gamma,0.1
292,C,0.4884250641476496,6.902696993631776e-4,0.5108846661529887,2,16,gamma_0.1,gamma,0.1
293,A,0.2918614816543214,3.160634934038876e-4,0.7078224548522742,2,16,gamma_0.1,gamma,0.1
293,C,0.48837937800180664,6.680460792202823e-4,0.5109525759189716,2,16,gamma_0.1,gamma,0.1
294,A,0.29184056800129415,3.058826066926391e-4,0.7078535493920135,2,16,gamma_0.1,gamma,0.1
294,C,0.48833516722726816,6.465336974891303e-4,0.5110182990752431,2,16,gamma_0.1,gamma,0.1
295,A,0.2918203295148063,2.960282287006691e-4,0.7078836422564927,2,16,gamma_0.1,gamma,0.1
295,C,0.4882923843214784,6.257100632952044e-4,0.5110819056152262,2,16,gamma_0.1,gamma,0.1
296,A,0.29180074445646914,2.864899692157804e-4,0.7079127655743157,2,16,gamma_0.1,gamma,0.1
296,C,0.4882509833022109,6.055533796566598e-4,0.511143463318134,2,16,gamma_0.1,gamma,0.1
297,A,0.29178179178445235,2.77257764099647e-4,0.707940950451448,2,16,gamma_0.1,gamma,0.1
297,C,0.4882109196594957,5.860425231885615e-4,0.5112030378173162,2,16,gamma_0.1,gamma,0.1
298,A,0.29176345113135704,2.683218653095941e-4,0.7079682270033333,2,16,gamma_0.1,gamma,0.1
298,C,0.48817215030902333,5.671570243281021e-4,0.5112606926666495,2,16,gamma_0.1,gamma,0.1
299,A,0.29174570278278095,2.5967283121157994e-4,0.7079946243860069,2,16,gamma_0.1,gamma,0.1
299,C,0.4881346335469961,5.488770480723171e-4,0.5113164894049315,2,16,gamma_0.1,gamma,0.1
300,A,0.29172852765655155,2.513015171766675e-4,0.7080201708262707,2,16,gamma_0.1,gamma,0.1
300,C,0.4880983290063701,5.311833752196925e-4,0.5113704876184099,2,16,gamma_0.1,gamma,0.1
301,A,0.2917119072826139,2.4319906645343275e-4,0.7080448936509327,2,16,gamma_0.1,gamma,0.1
301,C,0.4880631976144575,5.140573841067918e-4,0.5114227450014373,2,16,gamma_0.1,gamma,0.1
302,A,0.2916958237835446,2.3535690130890657e-4,0.7080688193151473,2,16,gamma_0.1,gamma,0.1
302,C,0.4880292015518381,4.974810328308459e-4,0.511473317415332,2,16,gamma_0.1,gamma,0.1
303,A,0.2916802598556828,2.2776671443082327e-4,0.7080919734298873,2,16,gamma_0.1,gamma,0.1
303,C,0.4879963042125621,4.8143684194917045e-4,0.5115222589454899,2,16,gamma_0.1,gamma,0.1
304,A,0.29166519875084757,2.2042046058408607e-4,0.7081143807885671,2,16,gamma_0.1,gamma,0.1
304,C,0.48796447016557287,4.659078776460907e-4,0.5115696219567818,2,16,gamma_0.1,gamma,0.1
305,A,0.29165062425863786,2.1331034851453697e-4,0.7081360653928475,2,16,gamma_0.1,gamma,0.1
305,C,0.4879336651173479,4.508777353580509e-4,0.5116154571472937,2,16,gamma_0.1,gamma,0.1
306,A,0.2916365206892789,2.06428833093243e-4,0.7081570504776274,2,16,gamma_0.1,gamma,0.1
306,C,0.48790385587570145,4.36330523847444e-4,0.5116598136004528,2,16,gamma_0.1,gamma,0.1
307,A,0.2916228728570205,1.9976860769474843e-4,0.7081773585352843,2,16,gamma_0.1,gamma,0.1
307,C,0.48787501031470426,4.222508497158805e-4,0.5117027388355797,2,16,gamma_0.1,gamma,0.1
308,A,0.2916096660640478,1.93322596802756e-4,0.7081970113391506,2,16,gamma_0.1,gamma,0.1
308,C,0.48784709734073045,4.086238023472543e-4,0.5117442788569225,2,16,gamma_0.1,gamma,0.1
309,A,0.29159688608490536,1.8708394883693992e-4,0.7082160299662581,2,16,gamma_0.1,gamma,0.1
309,C,0.48782008685953726,3.9543493927119143e-4,0.5117844782011911,2,16,gamma_0.1,gamma,0.1
310,A,0.291584519151414,1.8104602919475943e-4,0.7082344348193906,2,16,gamma_0.1,gamma,0.1
310,C,0.48779394974440027,3.8267027193755846e-4,0.5118233799836638,2,16,gamma_0.1,gamma,0.1
311,A,0.29157255193805826,1.7520241350224715e-4,0.7082522456484385,2,16,gamma_0.1,gamma,0.1
311,C,0.4877686578052292,3.7031625189265326e-4,0.511861025942878,2,16,gamma_0.1,gamma,0.1
312,A,0.2915609715478404,1.695468810679017e-4,0.7082694815710917,2,16,gamma_0.1,gamma,0.1
312,C,0.48774418375867634,3.583597573477596e-4,0.5118974564839761,2,16,gamma_0.1,gamma,0.1
313,A,0.2915497654985783,1.6407340853393543e-4,0.7082861610928882,2,16,gamma_0.1,gamma,0.1
313,C,0.48772050119916494,3.4678808013078184e-4,0.5119327107207029,2,16,gamma_0.1,gamma,0.1
314,A,0.2915389217096399,1.5877616371930616e-4,0.7083023021266405,2,16,gamma_0.1,gamma,0.1
314,C,0.4876975845708448,3.3558891301184744e-4,0.5119668265161428,2,16,gamma_0.1,gamma,0.1
315,A,0.2915284284890968,1.5364949964907245e-4,0.7083179220112541,2,16,gamma_0.1,gamma,0.1
315,C,0.4876754091404207,3.2475033739380593e-4,0.5119998405221865,2,16,gamma_0.1,gamma,0.1
316,A,0.29151827452128193,1.4868794876476504e-4,0.7083330375299535,2,16,gamma_0.1,gamma,0.1
316,C,0.48765395097084496,3.14260811358686e-4,0.5120317882177957,2,16,gamma_0.1,gamma,0.1
317,A,0.2915084488547458,1.438862173105887e-4,0.7083476649279432,2,16,gamma_0.1,gamma,0.1
317,C,0.48763318689584434,3.041091580612611e-4,0.5120627039460954,2,16,gamma_0.1,gamma,0.1
318,A,0.2914989408905926,1.3923917989040193e-4,0.7083618199295173,2,16,gamma_0.1,gamma,0.1
318,C,0.4876130944952374,2.942845544609841e-4,0.5120926209503012,2,16,gamma_0.1,gamma,0.1
319,A,0.29148974037118536,1.3474187419055145e-4,0.7083755177546239,2,16,gamma_0.1,gamma,0.1
319,C,0.4875936520710524,2.847765203837077e-4,0.5121215714085641,2,16,gamma_0.1,gamma,0.1
320,A,0.29148083736921265,1.3038949586377063e-4,0.7083887731349234,2,16,gamma_0.1,gamma,0.1
320,C,0.487574838624383,2.755749079047104e-4,0.5121495864677137,2,16,gamma_0.1,gamma,0.1
321,A,0.29147222227709924,1.261773935694668e-4,0.7084016003293311,2,16,gamma_0.1,gamma,0.1
321,C,0.48755663383298703,2.6666989104471705e-4,0.5121766962759691,2,16,gamma_0.1,gamma,0.1
322,A,0.2914638857967567,1.2210106416584934e-4,0.7084140131390771,2,16,gamma_0.1,gamma,0.1
322,C,0.4875390180295964,2.580519557706957e-4,0.5122029300146321,2,16,gamma_0.1,gamma,0.1
323,A,0.29145581892965616,1.1815614804946598e-4,0.7084260249222945,2,16,gamma_0.1,gamma,0.1
323,C,0.48752197218091275,2.497118902934081e-4,0.5122283159287944,2,16,gamma_0.1,gamma,0.1
324,A,0.29144801296722145,1.1433842463783706e-4,0.7084376486081413,2,16,gamma_0.1,gamma,0.1
324,C,0.4875054778672625,2.4164077565378528e-4,0.5122528813570847,2,16,gamma_0.1,gamma,0.1
325,A,0.2914404594815219,1.1064380799098542e-4,0.7084488967104874,2,16,gamma_0.1,gamma,0.1
325,C,0.48748951726291484,2.3382997659040516e-4,0.512276652760495,2,16,gamma_0.1,gamma,0.1
326,A,0.29143315031627043,1.0706834256777445e-4,0.7084597813411613,2,16,gamma_0.1,gamma,0.1
326,C,0.4874740731170088,2.2627113268043115e-4,0.5122996557503096,2,16,gamma_0.1,gamma,0.1
327,A,0.29142607757809674,1.0360819911309238e-4,0.7084703142227903,2,16,gamma_0.1,gamma,0.1
327,C,0.48745912873510194,2.1895614974663273e-4,0.5123219151151518,2,16,gamma_0.1,gamma,0.1
328,A,0.29141923362811034,1.0025967067199108e-4,0.7084805067012183,2,16,gamma_0.1,gamma,0.1
328,C,0.48744466796128777,2.1187719152310647e-4,0.5123434548471887,2,16,gamma_0.1,gamma,0.1
329,A,0.29141261107372424,9.701916872702382e-5,0.7084903697575499,2,16,gamma_0.1,gamma,0.1
329,C,0.48743067516090466,2.050266715725897e-4,0.5123642981675217,2,16,gamma_0.1,gamma,0.1
330,A,0.29140620276074314,9.388321945512383e-5,0.7084999140198016,2,16,gamma_0.1,gamma,0.1
330,C,0.48741713520378105,1.9839724544838417e-4,0.5123844675507708,2,16,gamma_0.1,gamma,0.1
331,A,0.29140000176570485,9.084846010046418e-5,0.7085091497741934,2,16,gamma_0.1,gamma,0.1
331,C,0.48740403344801386,1.9198180309405329e-4,0.5124039847488935,2,16,gamma_0.1,gamma,0.1
332,A,0.29139400138846344,8.791163545983562e-5,0.708518086976077,2,16,gamma_0.1,gamma,0.1
332,C,0.48739135572427356,0.00018577346147420975,0.5124228708142524,2,16,gamma_0.1,gamma,0.1
333,A,0.29138819514500924,8.506959447716915e-5,0.708526735260514,2,16,gamma_0.1,gamma,0.1
333,C,0.487379088320609,1.797655574298508e-4,0.5124411461219597,2,16,gamma_0.1,gamma,0.1
334,A,0.2913825767605224,8.231928694393772e-5,0.7085351039525328,2,16,gamma_0.1,gamma,0.1
334,C,0.48736721796772825,1.7395164075186518e-4,0.5124588303915186,2,16,gamma_0.1,gamma,0.1
335,A,0.2913771401626457,7.965776030225098e-5,0.7085432020770516,2,16,gamma_0.1,gamma,0.1
335,C,0.48735573182475994,1.683254674664865e-4,0.5124759427077751,2,16,gamma_0.1,gamma,0.1
336,A,0.29137187947496956,7.708215654755478e-5,0.7085510383684834,2,16,gamma_0.1,gamma,0.1
336,C,0.48734461746545865,1.6288099332661585e-4,0.5124925015412142,2,16,gamma_0.1,gamma,0.1
337,A,0.2913667890107301,7.458970922792872e-5,0.7085586212800417,2,16,gamma_0.1,gamma,0.1
337,C,0.4873338628648698,1.5761236750308128e-4,0.5125085247676275,2,16,gamma_0.1,gamma,0.1
338,A,0.29136186326670777,7.21777405370634e-5,0.7085659589927554,2,16,gamma_0.1,gamma,0.1
338,C,0.487323456386398,1.525139264700334e-4,0.5125240296871315,2,16,gamma_0.1,gamma,0.1
339,A,0.2913570969173189,6.984365849807698e-5,0.7085730594241821,2,16,gamma_0.1,gamma,0.1
339,C,0.48731338676930874,1.4758018807885663e-4,0.5125390330426128,2,16,gamma_0.1,gamma,0.1
340,A,0.2913524848088993,6.758495423542041e-5,0.708579930236865,2,16,gamma_0.1,gamma,0.1
340,C,0.4873036431166177,1.4280584581507447e-4,0.5125535510375674,2,16,gamma_0.1,gamma,0.1
341,A,0.291348021954169,6.539919933219069e-5,0.7085865788464986,2,16,gamma_0.1,gamma,0.1
341,C,0.48729421488337354,1.3818576323290277e-4,0.5125675993533924,2,16,gamma_0.1,gamma,0.1
342,A,0.2913437035268743,6.328404327025295e-5,0.7085930124298554,2,16,gamma_0.1,gamma,0.1
342,C,0.48728509186532015,1.3371496856222213e-4,0.5125811931661169,2,16,gamma_0.1,gamma,0.1
343,A,0.2913395248566041,6.123721095064784e-5,0.7085992379324465,2,16,gamma_0.1,gamma,0.1
343,C,0.4872762641879088,1.2938864948288073e-4,0.5125943471626093,2,16,gamma_0.1,gamma,0.1
344,A,0.2913354814237674,5.92565002918298e-5,0.7086052620759409,2,16,gamma_0.1,gamma,0.1
344,C,0.4872677222956745,1.252021480613769e-4,0.5126070755562638,2,16,gamma_0.1,gamma,0.1
345,A,0.2913315688547387,5.7339779903357215e-5,0.708611091365357,2,16,gamma_0.1,gamma,0.1
345,C,0.4872594569419546,1.2115095584509931e-4,0.5126193921022009,2,16,gamma_0.1,gamma,0.1
346,A,0.2913277829171526,5.54849868327217e-5,0.7086167320960155,2,16,gamma_0.1,gamma,0.1
346,C,0.48725145917892565,1.172307091094213e-4,0.512631310111965,2,16,gamma_0.1,gamma,0.1
347,A,0.29132411951535087,5.369012438307419e-5,0.7086221903602664,2,16,gamma_0.1,gamma,0.1
347,C,0.4872437203479703,1.1343718425310319e-4,0.5126428424677779,2,16,gamma_0.1,gamma,0.1
348,A,0.2913205746859806,5.195325999966876e-5,0.7086274720540188,2,16,gamma_0.1,gamma,0.1
348,C,0.48723623207034605,1.097662933375322e-4,0.5126540016363158,2,16,gamma_0.1,gamma,0.1
349,A,0.2913171445937276,5.027252322290608e-5,0.7086325828830496,2,16,gamma_0.1,gamma,0.1
349,C,0.487228986238166,1.062140797654892e-4,0.5126647996820684,2,16,gamma_0.1,gamma,0.1
350,A,0.29131382552718693,4.864610370592869e-5,0.7086375283691075,2,16,gamma_0.1,gamma,0.1
350,C,0.4872219750056513,1.0277671409523594e-4,0.5126752482802539,2,16,gamma_0.1,gamma,0.1
351,A,0.2913106138948719,4.707224929477672e-5,0.7086423138558331,2,16,gamma_0.1,gamma,0.1
351,C,0.4872151907806788,9.945048998583983e-5,0.5126853587293355,2,16,gamma_0.1,gamma,0.1
352,A,0.29130750622134544,4.5549264169169484e-5,0.7086469445144857,2,16,gamma_0.1,gamma,0.1
352,C,0.48720862621659494,9.623182026975901e-5,0.5126951419631353,2,16,gamma_0.1,gamma,0.1
353,A,0.29130449914347734,4.407550704203789e-5,0.7086514253494804,2,16,gamma_0.1,gamma,0.1
353,C,0.4872022742042952,9.311723314882012e-5,0.5127046085625558,2,16,gamma_0.1,gamma,0.1
354,A,0.2913015894068232,4.2649389415988026e-5,0.7086557612037608,2,16,gamma_0.1,gamma,0.1
354,C,0.48719612786455485,9.010336850983728e-5,0.5127137687669359,2,16,gamma_0.1,gamma,0.1
355,A,0.2912987738621168,4.126937389493155e-5,0.7086599567639874,2,16,gamma_0.1,gamma,0.1
355,C,0.4871901805406078,8.718697435622533e-5,0.5127226324850361,2,16,gamma_0.1,gamma,0.1
356,A,0.2912960494618806,3.9933972549169316e-5,0.7086640165655703,2,16,gamma_0.1,gamma,0.1
356,C,0.48718442579096705,8.436490335206304e-5,0.5127312093056814,2,16,gamma_0.1,gamma,0.1
357,A,0.29129341325713765,3.8641745332268057e-5,0.7086679449975309,2,16,gamma_0.1,gamma,0.1
357,C,0.4871788573824704,8.163410947515966e-5,0.5127395085080545,2,16,gamma_0.1,gamma,0.1
358,A,0.2912908623942363,3.7391298548117836e-5,0.7086717463072162,2,16,gamma_0.1,gamma,0.1
358,C,0.4871734692835577,7.899164477578638e-5,0.5127475390716669,2,16,gamma_0.1,gamma,0.1
359,A,0.2912883941117726,3.618128336660768e-5,0.7086754246048613,2,16,gamma_0.1,gamma,0.1
359,C,0.4871682556577565,7.64346562378186e-5,0.5127553096860065,2,16,gamma_0.1,gamma,0.1
360,A,0.29128600573761365,3.501039438640344e-5,0.7086789838680002,2,16,gamma_0.1,gamma,0.1
360,C,0.4871632108573809,7.39603827391406e-5,0.5127628287598804,2,16,gamma_0.1,gamma,0.1
361,A,0.29128369468601656,3.387736824335807e-5,0.70868242794574,2,16,gamma_0.1,gamma,0.1
361,C,0.48715832941743803,7.156615210824734e-5,0.5127701044304538,2,16,gamma_0.1,gamma,0.1
362,A,0.2912814584548387,3.278098226312876e-5,0.7086857605628972,2,16,gamma_0.1,gamma,0.1
362,C,0.4871536060497209,6.924937827407367e-5,0.512777144572005,2,16,gamma_0.1,gamma,0.1
363,A,0.29127929462284147,3.1720053156618004e-5,0.7086889853240022,2,16,gamma_0.1,gamma,0.1
363,C,0.48714903563710055,6.700755850616341e-5,0.5127839568043949,2,16,gamma_0.1,gamma,0.1
364,A,0.2912772008470739,3.069343575689873e-5,0.7086921057171688,2,16,gamma_0.1,gamma,0.1
364,C,0.4871446132279944,6.48382707423792e-5,0.5127905485012614,2,16,gamma_0.1,gamma,0.1
365,A,0.2912751748603503,2.970002179632405e-5,0.7086951251178538,2,16,gamma_0.1,gamma,0.1
365,C,0.4871403340310279,6.273917100143663e-5,0.5127969267979712,2,16,gamma_0.1,gamma,0.1
0,A,0.9989999999999999,9.999999999999998e-4,0,3,16,gamma_0.1,gamma,0.1
0,C,0.9990000000000001,0.0010000000000000002,0,3,16,gamma_0.1,gamma,0.1
1,A,0.998801763440563,0.0010935863146751862,1.0465024476055644e-4,3,16,gamma_0.1,gamma,0.1
1,C,0.9988488542599647,0.0010487190229962683,1.0242671703824597e-4,3,16,gamma_0.1,gamma,0.1
2,A,0.9985885737923862,0.0011925016265518572,2.1892458106283005e-4,3,16,gamma_0.1,gamma,0.1
2,C,0.9986910014016843,0.0010991868645022372,2.098117338154134e-4,3,16,gamma_0.1,gamma,0.1
3,A,0.998360264149013,0.0012963989453633053,3.4333690562470047e-4,3,16,gamma_0.1,gamma,0.1
3,C,0.9985262571746688,0.0011514130624849272,3.2232976284707766e-4,3,16,gamma_0.1,gamma,0.1
4,A,0.9981166038988645,0.0014050206841941279,4.783754169399432e-4,3,16,gamma_0.1,gamma,0.1
4,C,0.9983544161817911,0.0012054247777376565,4.4015904047287204e-4,3,16,gamma_0.1,gamma,0.1
5,A,0.9978572407985573,0.0015182437140660713,6.245154873773119e-4,3,16,gamma_0.1,gamma,0.1
5,C,0.9981752465173146,0.0012612690671586593,5.634844155272386e-4,3,16,gamma_0.1,gamma,0.1
6,A,0.9975817108340149,0.0016360790204984661,7.822101454871332e-4,3,16,gamma_0.1,gamma,0.1
6,C,0.9979885020862,0.0013190083473127497,6.924895664868979e-4,3,16,gamma_0.1,gamma,0.1
7,A,0.99728940549232,0.001758654634002597,9.51939873676882e-4,3,16,gamma_0.1,gamma,0.1
7,C,0.997793903347186,0.0013787231695000669,8.273734833129768e-4,3,16,gamma_0.1,gamma,0.1
8,A,0.9969796371948498,0.0018861828759933234,0.0011341799291566571,3,16,gamma_0.1,gamma,0.1
8,C,0.9975911623581926,0.0014405031046892352,9.683345371187667e-4,3,16,gamma_0.1,gamma,0.1
9,A,0.996651627549734,0.0020189381987817563,0.0013294342514841538,3,16,gamma_0.1,gamma,0.1
9,C,0.9973799703066564,0.0015044478757091618,0.0011155818176356433,3,16,gamma_0.1,gamma,0.1
10,A,0.9963045087276328,0.0021572489569033414,0.0015382423154644458,3,16,gamma_0.1,gamma,0.1
10,C,0.9971599955721895,0.0015706670877813566,0.0012693373400271073,3,16,gamma_0.1,gamma,0.1
11,A,0.9959373436853531,0.002301478528336242,0.0017611777863102477,3,16,gamma_0.1,gamma,0.1
11,C,0.9969308881228719,0.0016392774937263384,0.0014298343834017642,3,16,gamma_0.1,gamma,0.1
12,A,0.995549135129487,0.002452013092910872,0.001998851777602837,3,16,gamma_0.1,gamma,0.1
12,C,0.9966922801576522,0.001710401654678544,0.0015973181876684176,3,16,gamma_0.1,gamma,0.1
13,A,0.995138832446295,0.0026092528562714217,0.002251914697433139,3,16,gamma_0.1,gamma,0.1
13,C,0.9964437865664808,0.0017841669451852708,0.0017720464883336207,3,16,gamma_0.1,gamma,0.1
14,A,0.9947053364532399,0.002773606143292215,0.0025210574034667077,3,16,gamma_0.1,gamma,0.1
14,C,0.9961850051922436,0.0018607048428762338,0.001954289964879105,3,16,gamma_0.1,gamma,0.1
15,A,0.9942475019036864,0.0029454862386721456,0.002807011857641184,3,16,gamma_0.1,gamma,0.1
15,C,0.9959155168974742,0.0019401504740677,0.0021443326284597487,3,16,gamma_0.1,gamma,0.1
16,A,0.9937641386817069,0.003125309789575975,0.0031105515287175,3,16,gamma_0.1,gamma,0.1
16,C,0.995634885486672,0.002022642340633669,0.0023424721726949737,3,16,gamma_0.1,gamma,0.1
17,A,0.9932540120887492,0.0033134962078021552,0.003432491703449149,3,16,gamma_0.1,gamma,0.1
17,C,0.9953426575109513,0.002108322184422106,0.0025490203046266233,3,16,gamma_0.1,gamma,0.1
18,A,0.9927158423913509,0.003510467837207393,0.0037736897714418876,3,16,gamma_0.1,gamma,0.1
18,C,0.9950383619758436,0.0021973349571092274,0.0027643030670471244,3,16,gamma_0.1,gamma,0.1
19,A,0.9921483039485549,0.00371665051376672,0.004135045537678341,3,16,gamma_0.1,gamma,0.1
19,C,0.9947215099773808,0.002289828861474446,0.002988661161144217,3,16,gamma_0.1,gamma,0.1
20,A,0.9915500241697514,0.003932474229685405,0.004517501600563366,3,16,gamma_0.1,gamma,0.1
20,C,0.9943915942851022,0.002385955439083695,0.003222450275813613,3,16,gamma_0.1,gamma,0.1
21,A,0.9909195994333369,0.0041583686979987915,0.004922031868664728,3,16,gamma_0.1,gamma,0.1
21,C,0.994048095207519,0.002485867847768832,0.003466036944712889,3,16,gamma_0.1,gamma,0.1
22,A,0.9902556276623169,0.004394754466904703,0.0053496178707786324,3,16,gamma_0.1,gamma,0.1
22,C,0.9936904926882539,0.0025897174628658434,0.0037197898488800633,3,16,gamma_0.1,gamma,0.1
23,A,0.9895565598633808,0.004642087473501707,0.0058013526631170015,3,16,gamma_0.1,gamma,0.1
23,C,0.9933182111284652,0.0026976698867345605,0.003984118984799967,3,16,gamma_0.1,gamma,0.1
24,A,0.9888207548166164,0.004900841214181607,0.0062784039692021084,3,16,gamma_0.1,gamma,0.1
24,C,0.9929306393980176,0.002809898794421307,0.00425946180756118,3,16,gamma_0.1,gamma,0.1
25,A,0.988046611225696,0.005171468277963998,0.006781920496340098,3,16,gamma_0.1,gamma,0.1
25,C,0.9925271797650018,0.002926571925857326,0.004546248309141013,3,16,gamma_0.1,gamma,0.1
26,A,0.9872324464830218,0.0054544360051804325,0.007313117511797615,3,16,gamma_0.1,gamma,0.1
26,C,0.9921072025597332,0.0030478640851705685,0.004844933355096684,3,16,gamma_0.1,gamma,0.1
27,A,0.9863765300441254,0.0057502179269285966,0.007873252028945977,3,16,gamma_0.1,gamma,0.1
27,C,0.9916700585844016,0.003173953902972114,0.005155987512625981,3,16,gamma_0.1,gamma,0.1
28,A,0.9854770789826511,0.006059294076545879,0.008463626940803699,3,16,gamma_0.1,gamma,0.1
28,C,0.9912150770207354,0.0033050242348157052,0.005479898744448788,3,16,gamma_0.1,gamma,0.1
29,A,0.9845322540981924,0.006382151139856411,0.009085594761951313,3,16,gamma_0.1,gamma,0.1
29,C,0.9907415634643809,0.003441262534066599,0.005817174001552535,3,16,gamma_0.1,gamma,0.1
30,A,0.9835401602052307,0.006719281934196123,0.009740557860572737,3,16,gamma_0.1,gamma,0.1
30,C,0.9902487995685391,0.0035828608959412355,0.006168339535520349,3,16,gamma_0.1,gamma,0.1
31,A,0.9824988468199064,0.007071184695403619,0.010429968484690475,3,16,gamma_0.1,gamma,0.1
31,C,0.989736042773811,0.0037300160667068315,0.006533941159483322,3,16,gamma_0.1,gamma,0.1
32,A,0.9814063087778602,0.007438362236238665,0.011155328985901491,3,16,gamma_0.1,gamma,0.1
32,C,0.9892025259349515,0.003882929453570552,0.006914544611478699,3,16,gamma_0.1,gamma,0.1
33,A,0.9802604868160399,0.00782132097020345,0.011918192213757452,3,16,gamma_0.1,gamma,0.1
33,C,0.9886474568489949,0.004041807133731623,0.007310736017273107,3,16,gamma_0.1,gamma,0.1
34,A,0.9790592744920127,0.008220569516703809,0.012720155991283916,3,16,gamma_0.1,gamma,0.1
34,C,0.9880700207411351,0.004206859305283425,0.007723119953582415,3,16,gamma_0.1,gamma,0.1
35,A,0.9778005105299572,0.008636617880144673,0.013562871589898122,3,16,gamma_0.1,gamma,0.1
35,C,0.9874693757409523,0.004378300996385916,0.008152323262661618,3,16,gamma_0.1,gamma,0.1
36,A,0.9764819732936559,0.009069976289346754,0.014448050416997307,3,16,gamma_0.1,gamma,0.1
36,C,0.9868446491938865,0.004556352594523299,0.0085989982115913,3,16,gamma_0.1,gamma,0.1
37,A,0.9751013933713656,0.009521152830406651,0.01537745379822825,3,16,gamma_0.1,gamma,0.1
37,C,0.9861949421516736,0.004741238875508199,0.009063818972817755,3,16,gamma_0.1,gamma,0.1
38,A,0.9736564595482092,0.009990651406907315,0.01635288904488307,3,16,gamma_0.1,gamma,0.1
38,C,0.9855193309349726,0.00493318852231399,0.009547480542713779,3,16,gamma_0.1,gamma,0.1
39,A,0.9721448183701389,0.010478969913169031,0.01737621171669251,3,16,gamma_0.1,gamma,0.1
39,C,0.98481686558207715,0.0051324341912562365,0.010050700226665382,3,16,gamma_0.1,gamma,0.1
40,A,0.970564074494122,0.010986598155762077,0.0184493273501163,3,16,gamma_0.1,gamma,0.1
40,C,0.9840865684590493,0.005339212528568657,0.010574219012381933,3,16,gamma_0.1,gamma,0.1
41,A,0.9689117936831044,0.01151401541956251,0.019574190897331603,3,16,gamma_0.1,gamma,0.1
41,C,0.983327433909903,0.005553763972726571,0.011118802117370864,3,16,gamma_0.1,gamma,0.1
42,A,0.9671855072901088,0.012061687762966367,0.02075280494692479,3,16,gamma_0.1,gamma,0.1
42,C,0.9825384284505764,0.0057763324275772925,0.011685239121846417,3,16,gamma_0.1,gamma,0.1
43,A,0.9653827170718432,0.012630065117328226,0.021987217810829456,3,16,gamma_0.1,gamma,0.1
43,C,0.9817184909818694,0.006007164899682391,0.012274344118447213,3,16,gamma_0.1,gamma,0.1
44,A,0.9635008997777438,0.013219578402509492,0.02327952181974718,3,16,gamma_0.1,gamma,0.1
44,C,0.9808665328939202,0.006246511146563636,0.012886955959517103,3,16,gamma_0.1,gamma,0.1
45,A,0.9615375126087945,0.013830636100218403,0.02463185129098554,3,16,gamma_0.1,gamma,0.1
45,C,0.9799814381791621,0.006494623251795254,0.013523938569042803,3,16,gamma_0.1,gamma,0.1
46,A,0.9594899997304304,0.014463620311921452,0.026046379957649985,3,16,gamma_0.1,gamma,0.1
46,C,0.9790620636624137,0.006751755110699065,0.014186181226887367,3,16,gamma_0.1,gamma,0.1
47,A,0.9573557987054806,0.015118883148775292,0.027525318145744805,3,16,gamma_0.1,gamma,0.1
47,C,0.9781072393886117,0.00701816191737765,0.014874598694009507,3,16,gamma_0.1,gamma,0.1
48,A,0.9551323468688998,0.015796743262799923,0.029070909868299955,3,16,gamma_0.1,gamma,0.1
48,C,0.9771157690901499,0.007294099637712124,0.015590131272137837,3,16,gamma_0.1,gamma,0.1
49,A,0.952817088948317,0.016497481753966783,0.030685429297716435,3,16,gamma_0.1,gamma,0.1
49,C,0.9760864307812772,0.007579824372838928,0.01633374484588489,3,16,gamma_0.1,gamma,0.1
50,A,0.9504074857365772,0.017221337604609366,0.03237117665881335,3,16,gamma_0.1,gamma,0.1
50,C,0.9750179774871031,0.007875591626087475,0.0171064308868069,3,16,gamma_0.1,gamma,0.1
51,A,0.9479010232403658,0.017968503045594674,0.03413047371404066,3,16,gamma_0.1,gamma,0.1
51,C,0.9739091381157822,0.008181655515814467,0.017909206368401476,3,16,gamma_0.1,gamma,0.1
52,A,0.9452952221528302,0.01873911896030954,0.03596565888685964,3,16,gamma_0.1,gamma,0.1
52,C,0.9727586184795706,0.008498267942138439,0.018743113578291653,3,16,gamma_0.1,gamma,0.1
53,A,0.9425876478773658,0.01953327018252935,0.037879081940105246,3,16,gamma_0.1,gamma,0.1
53,C,0.9715651024723821,0.008825677686229511,0.01960921984138752,3,16,gamma_0.1,gamma,0.1
54,A,0.9397759212684237,0.020350980596381883,0.03987309813519482,3,16,gamma_0.1,gamma,0.1
54,C,0.9703272534147105,0.00916412942612228,0.02050861715916714,3,16,gamma_0.1,gamma,0.1
55,A,0.9368577300339258,0.021192208098605104,0.04195006186746819,3,16,gamma_0.1,gamma,0.1
55,C,0.9690437155778034,0.009513862670189274,0.021442421752006738,3,16,gamma_0.1,gamma,0.1
56,A,0.9338308406704765,0.022056839527187466,0.04411231980233727,3,16,gamma_0.1,gamma,0.1
56,C,0.967713115897486,0.009875110614448115,0.022411773488065796,3,16,gamma_0.1,gamma,0.1
57,A,0.9306931108707113,0.022944685608941487,0.04636220352034856,3,16,gamma_0.1,gamma,0.1
57,C,0.9663340658860758,0.01024809892392365,0.02341783519000091,3,16,gamma_0.1,gamma,0.1
58,A,0.9274425023984153,0.023855475939708916,0.048702021661875386,3,16,gamma_0.1,gamma,0.1
58,C,0.964905163750708,0.010633044433651815,0.024461791815641676,3,16,gamma_0.1,gamma,0.1
59,A,0.9240770944088119,0.02478885402451036,0.0511340515666773,3,16,gamma_0.1,gamma,0.1
59,C,0.9634249967270337,0.01103015376630524,0.025544849506662148,3,16,gamma_0.1,gamma,0.1
60,A,0.9205950971466702,0.025744372434697228,0.05366053041863358,3,16,gamma_0.1,gamma,0.1
60,C,0.9618921436373682,0.011439621866820529,0.026668234495813164,3,16,gamma_0.1,gamma,0.1
61,A,0.9169948659343552,0.02672148814985669,0.056283645915788244,3,16,gamma_0.1,gamma,0.1
61,C,0.9603051776813275,0.011861630455788667,0.027833191862883824,3,16,gamma_0.1,gamma,0.1
62,A,0.9132749153646151,0.02771955814658994,0.05900552648879521,3,16,gamma_0.1,gamma,0.1
62,C,0.9586626694657885,0.012296346402983771,0.029040984131229356,3,16,gamma_0.1,gamma,0.1
63,A,0.909433933613705,0.028737835292670613,0.06182823109362421,3,16,gamma_0.1,gamma,0.1
63,C,0.9569631902799434,0.012743920022330692,0.030292889697724857,3,16,gamma_0.1,gamma,0.1
64,A,0.9054707967793908,0.029775464609890206,0.0647537386107175,3,16,gamma_0.1,gamma,0.1
64,C,0.95520531562059,0.01320448329062804,0.03159020108878219,3,16,gamma_0.1,gamma,0.1
65,A,0.9013845831331967,0.030831479975703617,0.06778393689110047,3,16,gamma_0.1,gamma,0.1
65,C,0.9533876289715092,0.013678147993753303,0.03293422303473755,3,16,gamma_0.1,gamma,0.1
66,A,0.8971745871661648,0.031904801336124805,0.07092061149770988,3,16,gamma_0.1,gamma,0.1
66,C,0.9515087258394258,0.01416500380527715,0.034326270355296756,3,16,gamma_0.1,gamma,0.1
67,A,0.8928403333010815,0.03299423250197029,0.07416543419694835,3,16,gamma_0.1,gamma,0.1
67,C,0.9495672180472011,0.014665116303243044,0.03576766564955501,3,16,gamma_0.1,gamma,0.1
68,A,0.888381589133312,0.0340984596043702,0.07751995126231749,3,16,gamma_0.1,gamma,0.1
68,C,0.9475617382839062,0.015178524931230696,0.03725973678486442,3,16,gamma_0.1,gamma,0.1
69,A,0.8837983780726116,0.03521605026855587,0.08098557165883327,3,16,gamma_0.1,gamma,0.1
69,C,0.945490944907151,0.015705240913343098,0.03880381417950571,3,16,gamma_0.1,gamma,0.1
70,A,0.87909099123473,0.036345453581347,0.08456355518392278,3,16,gamma_0.1,gamma,0.1
70,C,0.9433535269938039,0.016245245131300302,0.040401227874896306,3,16,gamma_0.1,gamma,0.1
71,A,0.8742599984375412,0.037485000915140905,0.08825500064731834,3,16,gamma_0.1,gamma,0.1
71,C,0.9411482096312572,0.016798485974692766,0.04205330439405226,3,16,gamma_0.1,gamma,0.1
72,A,0.869306258154515,0.03863290766682862,0.09206083417865585,3,16,gamma_0.1,gamma,0.1
72,C,0.9388737594391691,0.01736487717661362,0.043761363384214706,3,16,gamma_0.1,gamma,0.1
73,A,0.8642309262807505,0.03978727596235006,0.0959817977568994,3,16,gamma_0.1,gamma,0.1
73,C,0.9365289903087549,0.01794429564837102,0.04552671404287364,3,16,gamma_0.1,gamma,0.1
74,A,0.8590354635698033,0.04094609836984997,0.10001843806034774,3,16,gamma_0.1,gamma,0.1
74,C,0.9341127693438418,0.018536579328312694,0.04735065132784565,3,16,gamma_0.1,gamma,0.1
75,A,0.8537216416050774,0.042107262655108474,0.1041710957398139,3,16,gamma_0.1,gamma,0.1
75,C,0.9316240229851888,0.019141525061188356,0.04923445195362408,3,16,gamma_0.1,gamma,0.1
76,A,0.8482915471778822,0.0432685576016895,0.10843989522042692,3,16,gamma_0.1,gamma,0.1
76,C,0.9290617432961569,0.01975888652591424,0.051179370177929055,3,16,gamma_0.1,gamma,0.1
77,A,0.8427475849553526,0.04442767990550215,0.1128247351391453,3,16,gamma_0.1,gamma,0.1
77,C,0.9264249943847567,0.020388372230998233,0.05318663338424571,3,16,gamma_0.1,gamma,0.1
78,A,0.837092478334912,0.04558224213973457,0.11732527952535321,3,16,gamma_0.1,gamma,0.1
78,C,0.9237129189336997,0.021029643598163773,0.05525743746813757,3,16,gamma_0.1,gamma,0.1
79,A,0.8313292683976503,0.04672978177158019,0.12194094983076927,3,16,gamma_0.1,gamma,0.1
79,C,0.9209247448068936,0.021682313155872227,0.05739294203723318,3,16,gamma_0.1,gamma,0.1
80,A,0.8254613108908392,0.04786777119689024,0.12667091791226956,3,16,gamma_0.1,gamma,0.1
80,C,0.9180597916975154,0.022345942865480875,0.05959426543700387,3,16,gamma_0.1,gamma,0.1
81,A,0.8194922711898811,0.04899362874305039,0.13151410006706796,3,16,gamma_0.1,gamma,0.1
81,C,0.9151174777795694,0.023020042603660647,0.06186247961676918,3,16,gamma_0.1,gamma,0.1
82,A,0.8134261172117596,0.05010473057431796,0.13646915221392328,3,16,gamma_0.1,gamma,0.1
82,C,0.9120973263218408,0.023704068825391392,0.06419860485276817,3,16,gamma_0.1,gamma,0.1
83,A,0.807267110275333,0.05119842341798638,0.14153446630667885,3,16,gamma_0.1,gamma,0.1
83,C,0.9089989722201036,0.024397423432307917,0.06660360434758715,3,16,gamma_0.1,gamma,0.1
84,A,0.8010197939281268,0.05227203801438635,0.146708168057486,3,16,gamma_0.1,gamma,0.1
84,C,0.9058221684009016,0.02509945287136715,0.06907837872773209,3,16,gamma_0.1,gamma,0.1
85,A,0.7946889807841102,0.05332290317925052,0.15198811603663817,3,16,gamma_0.1,gamma,0.1
85,C,0.9025667920476709,0.02580944748871148,0.07162376046361825,3,16,gamma_0.1,gamma,0.1
86,A,0.788279737443625,0.054348360352316896,0.157371902204058,3,16,gamma_0.1,gamma,0.1
86,C,0.899232850598393,0.026526641162889948,0.07424050823871725,3,16,gamma_0.1,gamma,0.1
87,A,0.7817973675893849,0.0553457784962589,0.16285685391435623,3,16,gamma_0.1,gamma,0.1
87,C,0.8958204874618336,0.027250211241177442,0.07692930129698772,3,16,gamma_0.1,gamma,0.1
88,A,0.775247393360632,0.05631256921543863,0.16844003742393077,3,16,gamma_0.1,gamma,0.1
88,C,0.8923299873948334,0.027979278804977765,0.0796907338001887,3,16,gamma_0.1,gamma,0.1
89,A,0.768635535184627,0.057246201902660186,0.1741182629127138,3,16,gamma_0.1,gamma,0.1
89,C,0.8887617814933774,0.02871290927791634,0.08252530922870521,3,16,gamma_0.1,gamma,0.1
90,A,0.7619676901967506,0.05814421878603948,0.17988809101720987,3,16,gamma_0.1,gamma,0.1
90,C,0.8851164517371329,0.029450113401403483,0.08543343486146407,3,16,gamma_0.1,gamma,0.1
91,A,0.7552499094358982,0.059004249708215536,0.1857458408558847,3,16,gamma_0.1,gamma,0.1
91,C,0.8813947350341107,0.030189848593501663,0.08841541637238624,3,16,gamma_0.1,gamma,0.1
92,A,0.7484883740123576,0.05982402647541365,0.19168759951222772,3,16,gamma_0.1,gamma,0.1
92,C,0.87759752671246,0.030931020705073472,0.09147145258246606,3,16,gamma_0.1,gamma,0.1
93,A,0.7416893704603613,0.0606013966150493,0.19770923292459,3,16,gamma_0.1,gamma,0.1
93,C,0.8737258834085857,0.03167248618361984,0.09460163040779447,3,16,gamma_0.1,gamma,0.1
94,A,0.7348592654949159,0.06133433638915321,0.20380639811592904,3,16,gamma_0.1,gamma,0.1
94,C,0.8697810253031547,0.032413054652149303,0.09780592004469585,3,16,gamma_0.1,gamma,0.1
95,A,0.7280044803975824,0.062020962920760286,0.20997455668165785,3,16,gamma_0.1,gamma,0.1
95,C,0.8657643376595224,0.033151491906804706,0.10108417043367185,3,16,gamma_0.1,gamma,0.1
96,A,0.7211314652591823,0.06265954530071403,0.21620898944010467,3,16,gamma_0.1,gamma,0.1
96,C,0.8616773716233135,0.03388652333266163,0.10443610504402463,3,16,gamma_0.1,gamma,0.1
97,A,0.714246673307606,0.06324851455479477,0.22250481213759993,3,16,gamma_0.1,gamma,0.1
97,C,0.8575218442467968,0.034616837732439384,0.10786131802076357,3,16,gamma_0.1,gamma,0.1
98,A,0.7073565355445735,0.06378647236652407,0.22885699208890234,3,16,gamma_0.1,gamma,0.1
98,C,0.8532996377072327,0.035341091558122845,0.11135927073464356,3,16,gamma_0.1,gamma,0.1
99,A,0.7004674359072651,0.06427219846871467,0.2352603656240206,3,16,gamma_0.1,gamma,0.1
99,C,0.8490127976944005,0.03605791353067965,0.11492928877491927,3,16,gamma_0.1,gamma,0.1
100,A,0.6935856871596554,0.06470465663566242,0.24170965620468204,3,16,gamma_0.1,gamma,0.1
100,C,0.8446635309491984,0.03676590962812699,0.11857055942267436,3,16,gamma_0.1,gamma,0.1
101,A,0.6867175077047735,0.06508299922731438,0.2481994930679131,3,16,gamma_0.1,gamma,0.1
101,C,0.8402542019424522,0.037463668417187006,0.12228212964036075,3,16,gamma_0.1,gamma,0.1
102,A,0.6798689994930062,0.06540657025665207,0.2547244302503415,3,16,gamma_0.1,gamma,0.1
102,C,0.8357873286907271,0.03814976669880908,0.12606290461046346,3,16,gamma_0.1,gamma,0.1
103,A,0.6730461271833446,0.06567490697168916,0.2612789658449669,3,16,gamma_0.1,gamma,0.1
103,C,0.8312655777139569,0.0388227754330463,0.12991164685299855,3,16,gamma_0.1,gamma,0.1
104,A,0.6662546986943615,0.0658877399633937,0.2678575613422451,3,16,gamma_0.1,gamma,0.1
104,C,0.8266917581479006,0.03948126590424119,0.13382697594785745,3,16,gamma_0.1,gamma,0.1
105,A,0.6595003472605396,0.06604499183001085,0.27445466090944953,3,16,gamma_0.1,gamma,0.1
105,C,0.822068815032829,0.04012381608326561,0.13780736888390593,3,16,gamma_0.1,gamma,0.1
106,A,0.6527885150849887,0.06614677444868938,0.2810647104663226,3,16,gamma_0.1,gamma,0.1
106,C,0.8173998218083942,0.04074901713941413,0.14185116105219123,3,16,gamma_0.1,gamma,0.1
107,A,0.6461244386603768,0.06619338491878239,0.28768217642084054,3,16,gamma_0.1,gamma,0.1
107,C,0.8126879720524938,0.0413554800517516,0.1459565478957542,3,16,gamma_0.1,gamma,0.1
108,A,0.6395131358359645,0.06618530022906502,0.2943015639349709,3,16,gamma_0.1,gamma,0.1
108,C,0.8079365705058031,0.041941842270687014,0.15012158722350993,3,16,gamma_0.1,gamma,0.1
109,A,0.6329593945938706,0.06612317080586005,0.3009174346002695,3,16,gamma_0.1,gamma,0.1
109,C,0.8031490234450307,0.042506774364926544,0.15434420219004275,3,16,gamma_0.1,gamma,0.1
110,A,0.6264677635913891,0.06600781299498479,0.30752442341362646,3,16,gamma_0.1,gamma,0.1
110,C,0.7983288284571148,0.04304898660539973,0.15862218493748637,3,16,gamma_0.1,gamma,0.1
111,A,0.6200425444470432,0.06584020059944695,0.31411725495350945,3,16,gamma_0.1,gamma,0.1
111,C,0.7934795636826482,0.043567235427253936,0.16295320089009696,3,16,gamma_0.1,gamma,0.1
112,A,0.6136877857386868,0.06562145559338364,0.32069075866792945,3,16,gamma_0.1,gamma,0.1
112,C,0.7886048766010165,0.044060329712469086,0.1673347936865138,3,16,gamma_0.1,gamma,0.1
113,A,0.6074072786619431,0.0653528381403003,0.3272398831977558,3,16,gamma_0.1,gamma,0.1
113,C,0.7837084724349028,0.044527136836133345,0.17176439072896355,3,16,gamma_0.1,gamma,0.1
114,A,0.6012045542865998,0.0650357360412925,0.3337597096721083,3,16,gamma_0.1,gamma,0.1
114,C,0.7787941022550687,0.04496658842190266,0.17623930932302764,3,16,gamma_0.1,gamma,0.1
115,A,0.595082882338067,0.0646716537366645,0.34024546392526966,3,16,gamma_0.1,gamma,0.1
115,C,0.7738655508687955,0.04537768575496835,0.18075676337623656,3,16,gamma_0.1,gamma,0.1
116,A,0.5890452714195853,0.06426220098370607,0.34669252759670915,3,16,gamma_0.1,gamma,0.1
116,C,0.768926624577399,0.04575950480383481,0.1853138706187658,3,16,gamma_0.1,gamma,0.1
117,A,0.5830944705807454,0.06380908133147477,0.35309644808777957,3,16,gamma_0.1,gamma,0.1
117,C,0.7639811388892951,0.046111200805848684,0.1899076603048571,3,16,gamma_0.1,gamma,0.1
118,A,0.5772329721310444,0.06331408050843935,0.35945294736051614,3,16,gamma_0.1,gamma,0.1
118,C,0.7590329062747594,0.046432012375964636,0.19453508134927672,3,16,gamma_0.1,gamma,0.1
119,A,0.5714630155930115,0.06277905483164052,0.3657579295753482,3,16,gamma_0.1,gamma,0.1
119,C,0.7540857240471915,0.04672126510347644,0.19919301084933191,3,16,gamma_0.1,gamma,0.1
120,A,0.5657865926868634,0.062205919738071026,0.3720074875750654,3,16,gamma_0.1,gamma,0.1
120,C,0.7491433624532347,0.04697837460707204,0.2038782629396923,3,16,gamma_0.1,gamma,0.1
121,A,0.5602054532372704,0.06159663853075881,0.3781979082319715,3,16,gamma_0.1,gamma,0.1
121,C,0.7442095530509002,0.04720284902449082,0.2085875979246082,3,16,gamma_0.1,gamma,0.1
122,A,0.554721111892851,0.06095321142324137,0.38432567668390855,3,16,gamma_0.1,gamma,0.1
122,C,0.7392879774506868,0.04739429091924608,0.21331773163006645,3,16,gamma_0.1,gamma,0.1
123,A,0.5493348555505633,0.06027766495666808,0.3903874794927684,3,16,gamma_0.1,gamma,0.1
123,C,0.7343822564897334,0.04755239859328031,0.21806534491698634,3,16,gamma_0.1,gamma,0.1
124,A,0.5440477513800195,0.05957204185392132,0.3963802067660594,3,16,gamma_0.1,gamma,0.1
124,C,0.7294959399033405,0.04767696680090724,0.22282709329575182,3,16,gamma_0.1,gamma,0.1
125,A,0.5388606553466077,0.05883839136533539,0.4023009532880574,3,16,gamma_0.1,gamma,0.1
125,C,0.7246324965519233,0.04776788686582393,0.22759961658225347,3,16,gamma_0.1,gamma,0.1
126,A,0.5337742211373485,0.05807876015062665,0.4081470187120243,3,16,gamma_0.1,gamma,0.1
126,C,0.7197953052536675,0.047825146210206816,0.2323795485361252,3,16,gamma_0.1,gamma,0.1
127,A,0.528788909398223,0.0572951837328116,0.4139159068689653,3,16,gamma_0.1,gamma,0.1
127,C,0.7149876462672959,0.04784882730966309,0.23716352642304286,3,16,gamma_0.1,gamma,0.1
128,A,0.5239049971931573,0.05648967855514048,0.41960532425170194,3,16,gamma_0.1,gamma,0.1
128,C,0.7102126934731439,0.0478391060827346,0.24194820044412124,3,16,gamma_0.1,gamma,0.1
129,A,0.5191225876151626,0.05566423464970776,0.4252131777351288,3,16,gamma_0.1,gamma,0.1
129,C,0.7054735072561307,0.04779624976560359,0.246730242978266,3,16,gamma_0.1,gamma,0.1
130,A,0.5144416194695854,0.054820808935599735,0.4307375715948148,3,16,gamma_0.1,gamma,0.1
130,C,0.7007730281324762,0.047720614281268205,0.2515063575862558,3,16,gamma_0.1,gamma,0.1
131,A,0.5098618769643796,0.05396131914868543,0.4361768038869341,3,16,gamma_0.1,gamma,0.1
131,C,0.6961140711307946,0.047612641140940125,0.2562732877282643,3,16,gamma_0.1,gamma,0.1
132,A,0.5053829993478616,0.053087638399519535,0.44152936225262,3,16,gamma_0.1,gamma,0.1
132,C,0.6914993209342924,0.04747285391593567,0.2610278251497726,3,16,gamma_0.1,gamma,0.1
133,A,0.501004490441388,0.052201590349480506,0.4467939192091323,3,16,gamma_0.1,gamma,0.1
133,C,0.68693132778249,0.04730185432262937,0.2657668178948819,3,16,gamma_0.1,gamma,0.1
134,A,0.4967257280200723,0.05130494499090265,0.45196932698902503,3,16,gamma_0.1,gamma,0.1
134,C,0.6824125041259486,0.0471003179635612,0.2704871779104895,3,16,gamma_0.1,gamma,0.1
135,A,0.4925459730002708,0.050399415012960296,0.4570546119867693,3,16,gamma_0.1,gamma,0.1
135,C,0.6779451220222005,0.04686898976857659,0.2751858882092228,3,16,gamma_0.1,gamma,0.1
136,A,0.4884643783985372,0.0494866527311475,0.4620489688703149,3,16,gamma_0.1,gamma,0.1
136,C,0.673531311255064,0.046608679181494916,0.27986000956344226,3,16,gamma_0.1,gamma,0.1
137,A,0.48447999803241953,0.04856824755484791,0.46695175441273357,3,16,gamma_0.1,gamma,0.1
137,C,0.6691730581538863,0.04632025513897044,0.28450668670714285,3,16,gamma_0.1,gamma,0.1
138,A,0.4805917949385934,0.04764572396503984,0.47176248109636637,3,16,gamma_0.1,gamma,0.1
138,C,0.6648722050845957,0.04600464088813712,0.289123154027267,3,16,gamma_0.1,gamma,0.1
139,A,0.4767986494884776,0.04672053997248276,0.4764808105390405,3,16,gamma_0.1,gamma,0.1
139,C,0.6606304505807707,0.045662808688632955,0.2937067407305955,3,16,gamma_0.1,gamma,0.1
140,A,0.4730993671856945,0.04579408602547957,0.48110654678882697,3,16,gamma_0.1,gamma,0.1
140,C,0.6564493500798129,0.04529577444325916,0.29825487547692886,3,16,gamma_0.1,gamma,0.1
141,A,0.46949268613381334,0.04486768433545203,0.4856396295307356,3,16,gamma_0.1,gamma,0.1
141,C,0.652330317226462,0.04490459229997047,0.3027650904735668,3,16,gamma_0.1,gamma,0.1
142,A,0.4659772841663788,0.04394258858811338,0.49008012724550815,3,16,gamma_0.1,gamma,0.1
142,C,0.6482746257037665,0.044490349265961716,0.30723502503027117,3,16,gamma_0.1,gamma,0.1
143,A,0.4625517856344953,0.04301998400803279,0.49442823035747346,3,16,gamma_0.1,gamma,0.1
143,C,0.6442834115499471,0.04405415987222285,0.311662428577831,3,16,gamma_0.1,gamma,0.1
144,A,0.45921476785006343,0.042100987744743586,0.4986842444051925,3,16,gamma_0.1,gamma,0.1
144,C,0.6403576759186932,0.043597160924197395,0.3160451631571091,3,16,gamma_0.1,gamma,0.1
145,A,0.45596476718530865,0.04118664954919096,0.5028485832654995,3,16,gamma_0.1,gamma,0.1
145,C,0.6364982882399303,0.043120506371231535,0.3203812053888379,3,16,gamma_0.1,gamma,0.1
146,A,0.45280028483163254,0.04027795270995684,0.5069217624584101,3,16,gamma_0.1,gamma,0.1
146,C,0.632705989738285,0.04262536232418162,0.32466864793753597,3,16,gamma_0.1,gamma,0.1
147,A,0.4497197922225023,0.0393758152200699,0.5109043925574291,3,16,gamma_0.1,gamma,0.1
147,C,0.6289813972666286,0.04211290224765712,0.3289057004857148,3,16,gamma_0.1,gamma,0.1
148,A,0.4467217361241268,0.0384810911488746,0.5147971727269993,3,16,gamma_0.1,gamma,0.1
148,C,0.6253250074099687,0.04158430235288209,0.3330906902371496,3,16,gamma_0.1,gamma,0.1
149,A,0.4438045434077011,0.03759457218630654,0.5186008844059921,3,16,gamma_0.1,gamma,0.1
149,C,0.621737200825208,0.04104073720480055,0.33722206196999127,3,16,gamma_0.1,gamma,0.1
150,A,0.44096662550723975,0.036716989339296055,0.5223163851534652,3,16,gamma_0.1,gamma,0.1
150,C,0.6182182467728663,0.04048337556483261,0.3412983776623011,3,16,gamma_0.1,gamma,0.1
151,A,0.4382063825737241,0.03584901475569623,0.5259446026705801,3,16,gamma_0.1,gamma,0.1
151,C,0.6147683078038768,0.039913376481986555,0.34531831571413735,3,16,gamma_0.1,gamma,0.1
152,A,0.43552220733622526,0.034991263653425496,0.5294865290103498,3,16,gamma_0.1,gamma,0.1
152,C,0.6113874445658105,0.03933188564260678,0.3492806697915829,3,16,gamma_0.1,gamma,0.1
153,A,0.4329124886814937,0.03414429633382554,0.5329432149846804,3,16,gamma_0.1,gamma,0.1
153,C,0.6080756206952255,0.038740031985759156,0.35318434731901605,3,16,gamma_0.1,gamma,0.1
154,A,0.4303756149635088,0.03330862026029272,0.5363157647761985,3,16,gamma_0.1,gamma,0.1
154,C,0.6048327077646682,0.03813892458892384,0.3570283676464085,3,16,gamma_0.1,gamma,0.1
155,A,0.42790997705452405,0.032484692185013014,0.5396053307604628,3,16,gamma_0.1,gamma,0.1
155,C,0.6016584902548313,0.03752964982633698,0.3608118599188308,3,16,gamma_0.1,gamma,0.1
156,A,0.42551397114941786,0.03167292030799733,0.5428131085425847,3,16,gamma_0.1,gamma,0.1
156,C,0.5985526705247788,0.036913268799821534,0.3645340606753996,3,16,gamma_0.1,gamma,0.1
157,A,0.423186001335334,0.030873666453914834,0.5459403322107522,3,16,gamma_0.1,gamma,0.1
157,C,0.5955148737555589,0.036290815039604275,0.3681943112048372,3,16,gamma_0.1,gamma,0.1
158,A,0.42092448193857845,0.03008724825364189,0.5489882698077787,3,16,gamma_0.1,gamma,0.1
158,C,0.5925446528449246,0.03566329247063143,0.37179205468444454,3,16,gamma_0.1,gamma,0.1
159,A,0.41872783966053884,0.029313941318890126,0.5519582190205705,3,16,gamma_0.1,gamma,0.1
159,C,0.5896414932330359,0.0350316736382344,0.37532683312872966,3,16,gamma_0.1,gamma,0.1
160,A,0.4165945155141446,0.028553981399598836,0.5548515030862565,3,16,gamma_0.1,gamma,0.1
160,C,0.5868048176412249,0.03439689818551077,0.3787982841732641,3,16,gamma_0.1,gamma,0.1
161,A,0.4145229665722139,0.027807566514969243,0.5576694669128176,3,16,gamma_0.1,gamma,0.1
161,C,0.5840339907080652,0.033759871573453906,0.38220613771848116,3,16,gamma_0.1,gamma,0.1
162,A,0.41251166753871205,0.027074859050128672,0.5604134734111581,3,16,gamma_0.1,gamma,0.1
162,C,0.5813283235090615,0.033121464033726476,0.3855502124572122,3,16,gamma_0.1,gamma,0.1
163,A,0.41055911215367363,0.02635598781148552,0.5630849000348414,3,16,gamma_0.1,gamma,0.1
163,C,0.5786870779482556,0.03248250974306423,0.38883041230868015,3,16,gamma_0.1,gamma,0.1
164,A,0.40866381444212896,0.025651050034843286,0.5656851355230273,3,16,gamma_0.1,gamma,0.1
164,C,0.5761094710118849,0.03184380620758795,0.39204672278052544,3,16,gamma_0.1,gamma,0.1
165,A,0.4068243098170574,0.024960113341270424,0.5682155768416729,3,16,gamma_0.1,gamma,0.1
165,C,0.5735946788759784,0.031206113844766983,0.3951992072792545,3,16,gamma_0.1,gamma,0.1
166,A,0.40503915604591995,0.024283217636576176,0.5706776263175035,3,16,gamma_0.1,gamma,0.1
166,C,0.571141840861523,0.03057015575025064,0.39828800338822584,3,16,gamma_0.1,gamma,0.1
167,A,0.4033069340900144,0.023620376950994684,0.5730726889589914,3,16,gamma_0.1,gamma,0.1
167,C,0.5687500632322081,0.02993661763675061,0.4013133191310414,3,16,gamma_0.1,gamma,0.1
168,A,0.4016262488256135,0.022971581216218884,0.5754021699581674,3,16,gamma_0.1,gamma,0.1
168,C,0.5664184228294303,0.029306147933620824,0.404275429236949,3,16,gamma_0.1,gamma,0.1
169,A,0.39999572965488206,0.022336797978158067,0.5776674723669596,3,16,gamma_0.1,gamma,0.1
169,C,0.5641459705461971,0.028679358030289738,0.40717467142351393,3,16,gamma_0.1,gamma,0.1
170,A,0.39841403101487094,0.021715974043631694,0.5798699949414974,3,16,gamma_0.1,gamma,0.1
170,C,0.5619317346355255,0.02805682265399418,0.41001144271047923,3,16,gamma_0.1,gamma,0.1
171,A,0.3968798327921501,0.021109037060106077,0.5820111301477436,3,16,gamma_0.1,gamma,0.1
171,C,0.5597747238538333,0.02743908036863223,0.4127861957775336,3,16,gamma_0.1,gamma,0.1
172,A,0.39539184065022925,0.0205158970280222,0.5840922623217488,3,16,gamma_0.1,gamma,0.1
172,C,0.5576739304401697,0.026826634182353985,0.4154994353774772,3,16,gamma_0.1,gamma,0.1
173,A,0.39394878627656166,0.019936447745693926,0.5861147659777443,3,16,gamma_0.1,gamma,0.1
173,C,0.5556283329331734,0.026219952251724864,0.41815171481510355,3,16,gamma_0.1,gamma,0.1
174,A,0.3925494275555384,0.019370568187080522,0.588080004257381,3,16,gamma_0.1,gamma,0.1
174,C,0.5536368988280835,0.02561946867106171,0.4207436325008548,3,16,gamma_0.1,gamma,0.1
175,A,0.3911925486735586,0.018818123813038757,0.5899893275134033,3,16,gamma_0.1,gamma,0.1
175,C,0.551698587076607,0.02502558433617616,0.42327582858721735,3,16,gamma_0.1,gamma,0.1
176,A,0.3898769601618898,0.018278967816951045,0.5918440720211596,3,16,gamma_0.1,gamma,0.1
176,C,0.5498123504330561,0.024438667872184936,0.4257489816947592,3,16,gamma_0.1,gamma,0.1
177,A,0.3886014988826661,0.017752942305883403,0.5936455588114501,3,16,gamma_0.1,gamma,0.1
177,C,0.5479771376507612,0.023859056615490516,0.42816380573374874,3,16,gamma_0.1,gamma,0.1
178,A,0.38736502796305744,0.01723987941862952,0.5953950926183137,3,16,gamma_0.1,gamma,0.1
178,C,0.5461918955331057,0.023287057640610405,0.4305210468262854,3,16,gamma_0.1,gamma,0.1
179,A,0.3861664366823133,0.016739602382160514,0.5970939609355268,3,16,gamma_0.1,gamma,0.1
179,C,0.5444555708438193,0.022722948823183063,0.43282148033299905,3,16,gamma_0.1,gamma,0.1
180,A,0.3850046403161176,0.016251926508139967,0.598743433175743,3,16,gamma_0.1,gamma,0.1
180,C,0.542767112081389,0.022166979931092904,0.43506590798751804,3,16,gamma_0.1,gamma,0.1
181,A,0.3838785799423645,0.015776660131282656,0.600344759926352,3,16,gamma_0.1,gamma,0.1
181,C,0.5411254711226293,0.021619373736229873,0.4372551551411407,3,16,gamma_0.1,gamma,0.1
182,A,0.3827872222122122,0.015313605491431176,0.6018991722963556,3,16,gamma_0.1,gamma,0.1
182,C,0.539529604740625,0.021080327139961302,0.43939006811941494,3,16,gamma_0.1,gamma,0.1
183,A,0.3817295590899999,0.014862559561294715,0.6034078813487058,3,16,gamma_0.1,gamma,0.1
183,C,0.5379784760023327,0.020550012305973,0.4414715116916946,3,16,gamma_0.1,gamma,0.1
184,A,0.38070460756536906,0.014423314821842077,0.6048720776127882,3,16,gamma_0.1,gamma,0.1
184,C,0.5364710555511907,0.0200285777947028,0.4435003666541057,3,16,gamma_0.1,gamma,0.1
185,A,0.3797114093407057,0.013995659987376603,0.6062929306719184,3,16,gamma_0.1,gamma,0.1
185,C,0.5350063227800547,0.019516149694136696,0.44547752752580877,3,16,gamma_0.1,gamma,0.1
186,A,0.378749030496741,0.013579380682355932,0.6076715888209027,3,16,gamma_0.1,gamma,0.1
186,C,0.5335832668997568,0.019012832742279086,0.44740390035796324,3,16,gamma_0.1,gamma,0.1
187,A,0.37781656113903017,0.01317426007200238,0.6090091787889671,3,16,gamma_0.1,gamma,0.1
187,C,0.5322008879085776,0.018518711437071976,0.44928040065435043,3,16,gamma_0.1,gamma,0.1
188,A,0.37691311502797314,0.012780079448527906,0.6103068055234993,3,16,gamma_0.1,gamma,0.1
188,C,0.5308581974680786,0.018033851129742078,0.45110795140217924,3,16,gamma_0.1,gamma,0.1
189,A,0.3760378291941652,0.012396618775521631,0.611565552030313,3,16,gamma_0.1,gamma,0.1
189,C,0.5295542196897777,0.01755829909891919,0.4528874812113037,3,16,gamma_0.1,gamma,0.1
190,A,0.37518986354160894,0.012023657192074499,0.6127864792663174,3,16,gamma_0.1,gamma,0.1
190,C,0.528287991838117,0.01709208560215476,0.45461992255972683,3,16,gamma_0.1,gamma,0.1
191,A,0.3743684004406498,0.011660973478683745,0.6139706260806664,3,16,gamma_0.1,gamma,0.1
191,C,0.5270585649545039,0.016635224902452134,0.4563062101430441,3,16,gamma_0.1,gamma,0.1
192,A,0.37357264431243054,0.011308346486883308,0.6151190092006857,3,16,gamma_0.1,gamma,0.1
192,C,0.52586500440709,0.016187716267721034,0.457947279325188,3,16,gamma_0.1,gamma,0.1
193,A,0.3728018212064643,0.01096555553452145,0.6162326232590135,3,16,gamma_0.1,gamma,0.1
193,C,0.524706390370847,0.015749544941446567,0.45954406468770664,3,16,gamma_0.1,gamma,0.1
194,A,0.37205517837285135,0.010632380768515947,0.6173124408586335,3,16,gamma_0.1,gamma,0.1
194,C,0.523581818242275,0.01532068308313319,0.46109749867459304,3,16,gamma_0.1,gamma,0.1
195,A,0.37133198383053057,0.010308603496842983,0.618359412672626,3,16,gamma_0.1,gamma,0.1
195,C,0.5224903989930398,0.014901090677353542,0.462608510329606,3,16,gamma_0.1,gamma,0.1
196,A,0.3706315259328607,0.009994006491473648,0.6193744675756658,3,16,gamma_0.1,gamma,0.1
196,C,0.5214312594665974,0.014490716410513178,0.464078024122889,3,16,gamma_0.1,gamma,0.1
197,A,0.3699531129316617,0.00968837426392894,0.6203585128044098,3,16,gamma_0.1,gamma,0.1
197,C,0.520403542621672,0.014089498514707111,0.4655069588636199,3,16,gamma_0.1,gamma,0.1
198,A,0.3692960725407781,0.00939149331506475,0.621312434144158,3,16,gamma_0.1,gamma,0.1
198,C,0.5194064077263436,0.013697365578268202,0.46689622669538755,3,16,gamma_0.1,gamma,0.1
199,A,0.36865975150011676,0.009103152360628492,0.6222370961392537,3,16,gamma_0.1,gamma,0.1
199,C,0.5184390305062543,0.013314237322798635,0.46824673217094664,3,16,gamma_0.1,gamma,0.1
200,A,0.3680435151410309,0.00882314253406436,0.623133342324905,3,16,gamma_0.1,gamma,0.1
200,C,0.517500603250353,0.012940025346653906,0.4695593714029931,3,16,gamma_0.1,gamma,0.1
201,A,0.36744674695382606,0.008551257567985032,0.6240019954781882,3,16,gamma_0.1,gamma,0.1
201,C,0.51659033487736294,0.01257463383501128,0.4708350312876264,3,16,gamma_0.1,gamma,0.1
202,A,0.3668688481581176,0.008287293955670018,0.6248438578862126,3,16,gamma_0.1,gamma,0.1
202,C,0.5157074509660474,0.012217960236803093,0.4720745887971493,3,16,gamma_0.1,gamma,0.1
203,A,0.3663092372766429,0.008031051093888165,0.6256597116294697,3,16,gamma_0.1,gamma,0.1
203,C,0.5148511937521553,0.01186989590891991,0.4732789103389244,3,16,gamma_0.1,gamma,0.1
204,A,0.36576734971312286,0.0077823314082817036,0.6264503188785963,3,16,gamma_0.1,gamma,0.1
204,C,0.5140208220947649,0.011530326728198493,0.47444885117703506,3,16,gamma_0.1,gamma,0.1
205,A,0.36524263733466383,0.007540940462488723,0.627216422202848,3,16,gamma_0.1,gamma,0.1
205,C,0.5132156114146337,0.011199133671804334,0.4755852549135629,3,16,gamma_0.1,gamma,0.1
206,A,0.3647345680591531,0.007306687052128249,0.6279587448887196,3,16,gamma_0.1,gamma,0.1
206,C,0.5124348536069477,0.010876193366713225,0.47668895302633885,3,16,gamma_0.1,gamma,0.1
207,A,0.3642426254480403,0.007079383284709988,0.6286779912672487,3,16,gamma_0.1,gamma,0.1
207,C,0.5116778569307976,0.010561378609049621,0.4777607644601526,3,16,gamma_0.1,gamma,0.1
208,A,0.36376630830491036,0.006858844646431638,0.6293748470486584,3,16,gamma_0.1,gamma,0.1
208,C,0.5109439458776555,0.01025455885395251,0.4788014952683919,3,16,gamma_0.1,gamma,0.1
209,A,0.36330513028002087,0.00664489005693052,0.6300499796630481,3,16,gamma_0.1,gamma,0.1
209,C,0.5102324610205471,0.009955600677189725,0.47981193830226215,3,16,gamma_0.1,gamma,0.1
210,A,0.36285861948118414,0.006437341912801283,0.6307040386060142,3,16,gamma_0.1,gamma,0.1
210,C,0.5095427588460917,0.009664368209135188,0.48079287294477224,3,16,gamma_0.1,gamma,0.1
211,A,0.36242631809117015,0.006236026120751003,0.6313376557880793,3,16,gamma_0.1,gamma,0.1
211,C,0.5088742115711272,0.009380723542094302,0.4817450648867777,3,16,gamma_0.1,gamma,0.1
212,A,0.3620077819918351,0.0060407721212013075,0.6319514458869626,3,16,gamma_0.1,gamma,0.1
212,C,0.5082262069455873,0.009104527111943872,0.48266926594246895,3,16,gamma_0.1,gamma,0.1
213,A,0.3616025803951269,0.00585141290310648,0.6325460067017664,3,16,gamma_0.1,gamma,0.1
213,C,0.5075981480431428,0.0088356380550818,0.48356621390177595,3,16,gamma_0.1,gamma,0.1
214,A,0.36121029548107514,0.00566778501070219,0.6331219195082225,3,16,gamma_0.1,gamma,0.1
214,C,0.5069894530410624,0.008573914541660939,0.48443663241727614,3,16,gamma_0.1,gamma,0.1
215,A,0.36083052204289134,0.00548972854285377,0.6336797494142545,3,16,gamma_0.1,gamma,0.1
215,C,0.5063995549906509,0.008319214086069593,0.4852812309232798,3,16,gamma_0.1,gamma,0.1
216,A,0.3604628671392458,0.0053170871456343855,0.6342200457151196,3,16,gamma_0.1,gamma,0.1
216,C,0.505827901579511,0.008071393835627128,0.4861007045848606,3,16,gamma_0.1,gamma,0.1
217,A,0.36010694975377194,0.005149707998728625,0.6347433422475008,3,16,gamma_0.1,gamma,0.1
217,C,0.5052739548868106,0.007830310838466857,0.4868957342747228,3,16,gamma_0.1,gamma,0.1
218,A,0.35976240046183305,0.004987441796219382,0.6352501577419486,3,16,gamma_0.1,gamma,0.1
218,C,0.5047371911325991,0.007595822291565458,0.48766698657583546,3,16,gamma_0.1,gamma,0.1
219,A,0.35942886110457123,0.004830142722279477,0.6357409961731503,3,16,gamma_0.1,gamma,0.1
219,C,0.5042171004222105,0.0073677857698596595,0.4884151138079302,3,16,gamma_0.1,gamma,0.1
220,A,0.35910598447021835,0.004677668422254478,0.6362163471075268,3,16,gamma_0.1,gamma,0.1
220,C,0.503713186486631,0.007146059437369627,0.48914075407600044,3,16,gamma_0.1,gamma,0.1
221,A,0.3587934339826753,0.004529879969592482,0.6366766860477308,3,16,gamma_0.1,gamma,0.1
221,C,0.5032249664197216,0.006930502241230676,0.48984453133904826,3,16,gamma_0.1,gamma,0.1
222,A,0.3584908833973072,0.0043866418290465494,0.6371224747736449,3,16,gamma_0.1,gamma,0.1
222,C,0.5027519704130646,0.006720974089515365,0.4905270554974196,3,16,gamma_0.1,gamma,0.1
223,A,0.35819801650391936,0.004247821816546728,0.6375541616795345,3,16,gamma_0.1,gamma,0.1
223,C,0.5022937414891526,0.006517336013702584,0.49118892249714674,3,16,gamma_0.1,gamma,0.1
224,A,0.357914526836862,0.004113291056111323,0.6379721821070259,3,16,gamma_0.1,gamma,0.1
224,C,0.5018498352335764,0.006319450316625407,0.49183071444979853,3,16,gamma_0.1,gamma,0.1
225,A,0.35764011739219287,0.00398292393414101,0.6383769586736667,3,16,gamma_0.1,gamma,0.1
225,C,0.5014198195268493,0.006127180706702419,0.4924529997664474,3,16,gamma_0.1,gamma,0.1
226,A,0.3573745003518217,0.0038565980514153934,0.6387689015967636,3,16,gamma_0.1,gamma,0.1
226,C,0.501003274276378,0.005940392419232063,0.4930563333043901,3,16,gamma_0.1,gamma,0.1
227,A,0.3571173968145641,0.0037341941730886555,0.639148409012347,3,16,gamma_0.1,gamma,0.1
227,C,0.5005997911491096,0.005758952325500195,0.4936412565253906,3,16,gamma_0.1,gamma,0.1
228,A,0.35686853653400896,0.003615596176956436,0.6395158672890338,3,16,gamma_0.1,gamma,0.1
228,C,0.5002089733053466,0.005582729030398233,0.49420829766425484,3,16,gamma_0.1,gamma,0.1
229,A,0.3566276576631065,0.0035006910002552166,0.6398716513366396,3,16,gamma_0.1,gamma,0.1
229,C,0.49983043513407227,0.005411592959306315,0.4947579719066218,3,16,gamma_0.1,gamma,0.1
230,A,0.3563945065053677,0.0033893685852236333,0.6402161249094086,3,16,gamma_0.1,gamma,0.1
230,C,0.4994638019902129,0.005245416434857219,0.4952907815749297,3,16,gamma_0.1,gamma,0.1
231,A,0.35616883727259857,0.0032815218236442556,0.6405496409037575,3,16,gamma_0.1,gamma,0.1
231,C,0.49910870993418566,0.00508407374422856,0.4958072163215854,3,16,gamma_0.1,gamma,0.1
232,A,0.3559504118490226,0.0031770465005661885,0.6408725416504121,3,16,gamma_0.1,gamma,0.1
232,C,0.49876480547401525,0.0049274411975753,0.4963077533284081,3,16,gamma_0.1,gamma,0.1
233,A,0.35573899956171,0.0030758412373935373,0.6411851592008964,3,16,gamma_0.1,gamma,0.1
233,C,0.4984317453103017,0.004775397178190149,0.496792857511508,3,16,gamma_0.1,gamma,0.1
234,A,0.3555343769571839,0.0029778074345089534,0.6414878156083081,3,16,gamma_0.1,gamma,0.1
234,C,0.4981091960842779,0.004627822184947156,0.49726298173077566,3,16,gamma_0.1,gamma,0.1
235,A,0.3553363275840908,0.0028828492135873985,0.6417808232023218,3,16,gamma_0.1,gamma,0.1
235,C,0.4977968341291774,0.004484598867555187,0.497718567003266,3,16,gamma_0.1,gamma,0.1
236,A,0.3551446417818166,0.0027908733597423025,0.6420644848584397,3,16,gamma_0.1,gamma,0.1
236,C,0.4974943452251082,0.004345612055123924,0.4981600427197672,3,16,gamma_0.1,gamma,0.1
237,A,0.3549591164749303,0.00270178926363419,0.6423390942614358,3,16,gamma_0.1,gamma,0.1
237,C,0.497201424357579,0.004210748778521297,0.4985878268638997,3,16,gamma_0.1,gamma,0.1
238,A,0.35477955497332925,0.002615508863660501,0.6426049361630097,3,16,gamma_0.1,gamma,0.1
238,C,0.4969177754798499,0.004079898286977328,0.499002326233174,3,16,gamma_0.1,gamma,0.1
239,A,0.35460576677797073,0.0025319465883342695,0.6428622866336945,3,16,gamma_0.1,gamma,0.1
239,C,0.4966431112792038,0.003952952059364171,0.4994039366614307,3,16,gamma_0.1,gamma,0.1
240,A,0.3544375673920654,0.0024510192989496103,0.6431114133089849,3,16,gamma_0.1,gamma,0.1
240,C,0.4963771529472707,0.003829803810559064,0.49979304324217055,3,16,gamma_0.1,gamma,0.1
241,A,0.35427477813760755,0.00237264623262236,0.6433525756297694,3,16,gamma_0.1,gamma,0.1
241,C,0.49611962995445674,0.0037103494932748987,0.500170020552269,3,16,gamma_0.1,gamma,0.1
242,A,0.35411722597712947,0.002296748945785827,0.6435860250770842,3,16,gamma_0.1,gamma,0.1
242,C,0.49587027982859333,0.003594487295722345,0.5005352328756844,3,16,gamma_0.1,gamma,0.1
243,A,0.35396474334054756,0.0022232512582133494,0.6438120054012377,3,16,gamma_0.1,gamma,0.1
243,C,0.49562884793782164,0.0034821176354464527,0.5008890344267326,3,16,gamma_0.1,gamma,0.1
244,A,0.3538171679569923,0.0021520791976319883,0.6440307528453756,3,16,gamma_0.1,gamma,0.1
244,C,0.4953950872777811,0.0033731431496611744,0.5012317695725577,3,16,gamma_0.1,gamma,0.1
245,A,0.3536743426914896,0.002083160944984519,0.6442424963635257,3,16,gamma_0.1,gamma,0.1
245,C,0.4951687582631273,0.003267468682385829,0.5015637730544873,3,16,gamma_0.1,gamma,0.1
246,A,0.3535361153863911,0.0020164267803904593,0.6444474578332191,3,16,gamma_0.1,gamma,0.1
246,C,0.4949496285233873,0.0031650012686698357,0.5018853702079427,3,16,gamma_0.1,gamma,0.1
247,A,0.35340233870741783,0.0019518090298509324,0.6446458522627315,3,16,gamma_0.1,gamma,0.1
247,C,0.49473747270317875,0.0030656501161744156,0.5021968771806475,3,16,gamma_0.1,gamma,0.1
248,A,0.3532728699942163,0.0018892420127382392,0.6448378879930449,3,16,gamma_0.1,gamma,0.1
248,C,0.49453207226677703,0.002969326584362704,0.5024986011488588,3,16,gamma_0.1,gamma,0.1
249,A,0.35314757111531253,0.001828661990100479,0.6450237668945871,3,16,gamma_0.1,gamma,0.1
249,C,0.49433321530703417,0.0028759441615368933,0.5027908405314289,3,16,gamma_0.1,gamma,0.1
250,A,0.35302630832733445,0.0017700071138136092,0.6452036845588522,3,16,gamma_0.1,gamma,0.1
250,C,0.49414069635861374,0.002785418439941621,0.5030738852014454,3,16,gamma_0.1,gamma,0.1
251,A,0.3529089521384169,0.0017132173766053395,0.6453778304849768,3,16,gamma_0.1,gamma,0.1
251,C,0.49395431621554275,0.002697667089141182,0.5033480166953175,3,16,gamma_0.1,gamma,0.1
252,A,0.35279537717566234,0.001658234562971744,0.6455463882613672,3,16,gamma_0.1,gamma,0.1
252,C,0.49377388175302916,0.0026126098278638752,0.5036135084191082,3,16,gamma_0.1,gamma,0.1
253,A,0.3526854620565463,0.001605002201003467,0.64570953574245,3,16,gamma_0.1,gamma,0.1
253,C,0.4935992057535167,0.0025301683944942304,0.5038706258519879,3,16,gamma_0.1,gamma,0.1
254,A,0.3525790892641886,0.001553465515135397,0.6458674452206752,3,16,gamma_0.1,gamma,0.1
254,C,0.49343010673694226,0.002450266516381188,0.504119626746676,3,16,gamma_0.1,gamma,0.1
255,A,0.35247614502635377,0.0015035713798305492,0.6460202835938164,3,16,gamma_0.1,gamma,0.1
255,C,0.4932664087951293,0.002372829878118549,0.5043607613267532,3,16,gamma_0.1,gamma,0.1
256,A,0.3523765191980957,0.0014552682742060366,0.6461682125276984,3,16,gamma_0.1,gamma,0.1
256,C,0.49310794143028996,0.002297786088943298,0.5045942724807675,3,16,gamma_0.1,gamma,0.1
257,A,0.35228010514795494,0.001408506237606266,0.6463113886144384,3,16,gamma_0.1,gamma,0.1
257,C,0.49295453939757694,0.002225064649386908,0.5048203959530365,3,16,gamma_0.1,gamma,0.1
258,A,0.3521867996475912,0.0013632368261260208,0.646449963526284,3,16,gamma_0.1,gamma,0.1
258,C,0.49280604255161176,0.002154596917304807,0.5050393605310819,3,16,gamma_0.1,gamma,0.1
259,A,0.35209650276476695,0.0013194130700840325,0.6465840841651486,3,16,gamma_0.1,gamma,0.1
259,C,0.4926622956969547,0.0020863160734001787,0.505251388229645,3,16,gamma_0.1,gamma,0.1
260,A,0.3520091177595939,0.0012769894324456716,0.6467138928079594,3,16,gamma_0.1,gamma,0.1
260,C,0.49252314844242784,0.0020201570863490454,0.5054566944712231,3,16,gamma_0.1,gamma,0.1
261,A,0.35192455098393477,0.0012359217681914782,0.6468395272478743,3,16,gamma_0.1,gamma,0.1
261,C,0.49238845505925555,0.0019560566776258333,0.5056554882631171,3,16,gamma_0.1,gamma,0.1
262,A,0.35184271178388765,0.0011961672846267505,0.64696112093148606,3,16,gamma_0.1,gamma,0.1
262,C,0.4922580743429348,0.0018939532861204458,0.505847972370945,3,16,gamma_0.1,gamma,0.1
263,A,0.35176351240525217,0.001157684502625802,0.6470788030921215,3,16,gamma_0.1,gamma,0.1
263,C,0.4921318694787696,0.0018337870326308335,0.5060343434885991,3,16,gamma_0.1,gamma,0.1
264,A,0.35168686790190345,0.0011204332188032495,0.6471926988792931,3,16,gamma_0.1,gamma,0.1
264,C,0.49200970791102144,0.0017754996843080575,0.5062147924046699,3,16,gamma_0.1,gamma,0.1
265,A,0.3516126960469802,0.0010843744686034897,0.6473029294844169,3,16,gamma_0.1,gamma,0.1
265,C,0.49189146121557864,0.0017190346191244387,0.5063895041652974,3,16,gamma_0.1,gamma,0.1
266,A,0.35154091724680825,0.0010494704902983976,0.647409612262893,3,16,gamma_0.1,gamma,0.1
266,C,0.49177700497608834,0.0016643367904292123,0.5065586582334834,3,16,gamma_0.1,gamma,0.1
267,A,0.351471454457494,0.0010156846898824363,0.6475128608526249,3,16,gamma_0.1,gamma,0.1
267,C,0.4916662186634881,0.0016113526916506106,0.5067224286448626,3,16,gamma_0.1,gamma,0.1
268,A,0.3514042331040786,9.82981606854294e-4,0.6476127852890677,3,16,gamma_0.1,gamma,0.1
268,C,0.49155898551885086,0.001560030321198905,0.5068809841599501,3,16,gamma_0.1,gamma,0.1
269,A,0.3513391810022159,9.513268808707344e-4,0.647709492116914,3,16,gamma_0.1,gamma,0.1
269,C,0.4914551924394815,0.0015103191476167298,0.5070344884129018,3,16,gamma_0.1,gamma,0.1
270,A,0.3512762282822705,9.206872192611312e-4,0.6478030844984681,3,16,gamma_0.1,gamma,0.1
270,C,0.49135472986818507,0.0014621700750224325,0.5071831000567901,3,16,gamma_0.1,gamma,0.1
271,A,0.3512153073157773,8.910303653888683e-4,0.6478936623188342,3,16,gamma_0.1,gamma,0.1
271,C,0.4912574916856597,0.0014155354088858227,0.5073269729054541,3,16,gamma_0.1,gamma,0.1
272,A,0.35115635264419254,8.623250678454018e-4,0.647981322287962,3,16,gamma_0.1,gamma,0.1
272,C,0.49116337510589775,0.0013703688221717257,0.5074662560719311,3,16,gamma_0.1,gamma,0.1
273,A,0.3510993009098645,8.345410504624288e-4,0.648066158039674,3,16,gamma_0.1,gamma,0.1
273,C,0.4910722805745824,0.0013266253218830793,0.5076010941035333,3,16,gamma_0.1,gamma,0.1
274,A,0.3510440907891589,8.076489831272724e-4,0.6481482602277125,3,16,gamma_0.1,gamma,0.1
274,C,0.49098411167036615,0.0012842612160318136,0.5077316271136018,3,16,gamma_0.1,gamma,0.1
275,A,0.3509906629276802,7.816204533865567e-4,0.6482277166189325,3,16,gamma_0.1,gamma,0.1
275,C,0.4908987750089704,0.0012432340810626123,0.5078579909099673,3,16,gamma_0.1,gamma,0.1
276,A,0.3509389598775105,7.564279388228235e-4,0.6483046121836673,3,16,gamma_0.1,gamma,0.1
276,C,0.49081618015006345,0.0012035027297516623,0.5079803171201853,3,16,gamma_0.1,gamma,0.1
277,A,0.3508889260364242,7.320447801886683e-4,0.6483790291833863,3,16,gamma_0.1,gamma,0.1
277,C,0.49073623950681267,0.0011650271795994424,0.5080987333135876,3,16,gamma_0.1,gamma,0.1
278,A,0.35084050758901053,7.084451552827319e-4,0.6484510472557077,3,16,gamma_0.1,gamma,0.1
278,C,0.49065886825806965,0.001127768621734179,0.5082133631201969,3,16,gamma_0.1,gamma,0.1
279,A,0.3507936524496353,6.856040535519158e-4,0.6485207434968127,3,16,gamma_0.1,gamma,0.1
279,C,0.4905839842631095,0.001091689390340016,0.5083243263465501,3,16,gamma_0.1,gamma,0.1
280,A,0.3507483102072113,6.634972514041533e-4,0.6485881925413852,3,16,gamma_0.1,gamma,0.1
280,C,0.4905115079788738,0.0010567529326219326,0.5084317390885039,3,16,gamma_0.1,gamma,0.1
281,A,0.3507044320716943,6.421012882160084e-4,0.6486534666400889,3,16,gamma_0.1,gamma,0.1
281,C,0.4904413623796274,0.0010229237793171404,0.5085357138410551,3,16,gamma_0.1,gamma,0.1
282,A,0.3506619708222743,6.213934430194912e-4,0.6487166357347056,3,16,gamma_0.1,gamma,0.1
282,C,0.49037347287899663,9.901675157609768e-4,0.508636359605243,3,16,gamma_0.1,gamma,0.1
283,A,0.35062088075719444,6.013517118524462e-4,0.648777767530952,3,16,gamma_0.1,gamma,0.1
283,C,0.49030776725430175,9.584507535133792e-4,0.5087337819921834,3,16,gamma_0.1,gamma,0.1
284,A,0.3505811176451602,5.819547857570366e-4,0.6488369275690834,3,16,gamma_0.1,gamma,0.1
284,C,0.49024417557314603,9.277411025505931e-4,0.5088280833243037,3,16,gamma_0.1,gamma,0.1
285,A,0.3505426386782779,5.631820294109132e-4,0.648894179292311,3,16,gamma_0.1,gamma,0.1
285,C,0.4901826301221689,8.980071440250842e-4,0.5089193627338058,3,16,gamma_0.1,gamma,0.1
286,A,0.35050540242649036,5.45013460375799e-4,0.6489495841131345,3,16,gamma_0.1,gamma,0.1
286,C,0.4901230653379472,8.692184035954079e-4,0.5090077162584556,3,16,gamma_0.1,gamma,0.1
287,A,0.35046936879344337,5.274297289483835e-4,0.6490032014776073,3,16,gamma_0.1,gamma,0.1
287,C,0.49006541773995077,8.413453253264586e-4,0.5090932369347231,3,16,gamma_0.1,gamma,0.1
288,A,0.35043449897376594,5.104120985988795e-4,0.649055088927635,3,16,gamma_0.1,gamma,0.1
288,C,0.49000962586550845,8.143592461599177e-4,0.509176014888331,3,16,gamma_0.1,gamma,0.1
289,A,0.35040075541168486,4.939424269818196e-4,0.649105302161333,3,16,gamma_0.1,gamma,0.1
289,C,0.48995563020674315,7.882323709520892e-4,0.5092561374223057,3,16,gamma_0.1,gamma,0.1
290,A,0.3503681017609711,4.780031475050788e-4,0.6491538950915234,3,16,gamma_0.1,gamma,0.1
290,C,0.4899033731493918,7.629377480773531e-4,0.50933368910253,3,16,gamma_0.1,gamma,0.1
291,A,0.3503365028461505,4.6257725144270687e-4,0.649200919902406,3,16,gamma_0.1,gamma,0.1
291,C,0.48985279891349703,7.384492455935926e-4,0.5094087518409086,3,16,gamma_0.1,gamma,0.1
292,A,0.35030592462494275,4.4764827057740557e-4,0.6492464271044798,3,16,gamma_0.1,gamma,0.1
292,C,0.4898038534958721,7.147415279652281e-4,0.5094814049761637,3,16,gamma_0.1,gamma,0.1
293,A,0.35027633415190046,4.332002603587167e-4,0.6492904655877405,3,16,gamma_0.1,gamma,0.1
293,C,0.4897564846143298,6.917900333388819e-4,0.5095517253523312,3,16,gamma_0.1,gamma,0.1
294,A,0.3502476995432057,4.1921778356327925e-4,0.6493330826732316,3,16,gamma_0.1,gamma,0.1
294,C,0.4897106416536103,6.695709513660047e-4,0.509619787395025,3,16,gamma_0.1,gamma,0.1
295,A,0.3502199899425813,4.056858944437495e-4,0.6493743241629751,3,16,gamma_0.1,gamma,0.1
295,C,0.48966627561294385,6.480612015663844e-4,0.5096856631854897,3,16,gamma_0.1,gamma,0.1
296,A,0.35019317548829426,3.9259012335324895e-4,0.6494142343883526,3,16,gamma_0.1,gamma,0.1
296,C,0.48962333905523453,6.27238412225897e-4,0.50974942253254,3,16,gamma_0.1,gamma,0.1
297,A,0.3501672272812067,3.7991646183240636e-4,0.6494528562569611,3,16,gamma_0.1,gamma,0.1
297,C,0.48958178605778513,6.070808998213779e-4,0.5098111330423934,3,16,gamma_0.1,gamma,0.1
298,A,0.35014211735384587,3.676513481463352e-4,0.6494902312980083,3,16,gamma_0.1,gamma,0.1
298,C,0.48954157216454597,5.87567648965132e-4,0.5098708601864888,3,16,gamma_0.1,gamma,0.1
299,A,0.35011781864046687,3.557816532591413e-4,0.649526399706275,3,16,gamma_0.1,gamma,0.1
299,C,0.4895026543398225,5.6867829286124e-4,0.5099286673673165,3,16,gamma_0.1,gamma,0.1
300,A,0.35009430494805877,3.442946672338306e-4,0.6495614003847081,3,16,gamma_0.1,gamma,0.1
300,C,0.489464990923414,5.503930942655801e-4,0.5099846159823213,3,16,gamma_0.1,gamma,0.1
301,A,0.35007155092829056,3.331780860457254e-4,0.6495952709856643,3,16,gamma_0.1,gamma,0.1
301,C,0.48942854158713456,5.326929269411812e-4,0.5100387654859252,3,16,gamma_0.1,gamma,0.1
302,A,0.35004953205034506,3.2241999879779057e-4,0.6496280479508575,3,16,gamma_0.1,gamma,0.1
302,C,0.48939326729267674,5.155592576003386e-4,0.510091173449723,3,16,gamma_0.1,gamma,0.1
303,A,0.3500282245746217,3.120088753264753e-4,0.649659766550052,3,16,gamma_0.1,gamma,0.1
303,C,0.48935913025077843,4.989741283247283e-4,0.5101418956208976,3,16,gamma_0.1,gamma,0.1
304,A,0.3500076055272843,3.0193355418699485e-4,0.6496904609185281,3,16,gamma_0.1,gamma,0.1
304,C,0.4893260938816591,4.8292013945462885e-4,0.5101909859788867,3,16,gamma_0.1,gamma,0.1
305,A,0.34998765267561915,2.921832310071991e-4,0.6497201640933744,3,16,gamma_0.1,gamma,0.1
305,C,0.4892941227766777,4.6738043293822616e-4,0.5102384967903851,3,16,gamma_0.1,gamma,0.1
306,A,0.349968344504181,2.827474471994284e-4,0.6497489080486198,3,16,gamma_0.1,gamma,0.1
306,C,0.48926318266118646,4.5233867613191206e-4,0.5102844786626817,3,16,gamma_0.1,gamma,0.1
307,A,0.3499496601917107,2.7361607902003776e-4,0.6497767237292685,3,16,gamma_0.1,gamma,0.1
307,C,0.48923324035854066,4.377790460424012e-4,0.5103289805954172,3,16,gamma_0.1,gamma,0.1
308,A,0.34993157958878157,2.647793269665781e-4,0.6498036410842507,3,16,gamma_0.1,gamma,0.1
308,C,0.4892042637552266,4.236862140016313e-4,0.5103720500307728,3,16,gamma_0.1,gamma,0.1
309,A,0.3499140831961692,2.5622770550261427e-4,0.649829689098328,3,16,gamma_0.1,gamma,0.1
309,C,0.48917622176707914,4.100453307648771e-4,0.5104137329021559,3,16,gamma_0.1,gamma,0.1
310,A,0.3498971521439103,2.4795203310074124e-4,0.6498548958229884,3,16,gamma_0.1,gamma,0.1
310,C,0.4891490843065607,3.968420120231635e-4,0.5104540736814154,3,16,gamma_0.1,gamma,0.1
311,A,0.3498807681710391,2.3994342259444065e-4,0.6498792884063666,3,16,gamma_0.1,gamma,0.1
311,C,0.48912282225104853,3.8406232432073385e-4,0.510493115424631,3,16,gamma_0.1,gamma,0.1
312,A,0.3498649136059628,2.321932718296559e-4,0.6499028931222078,3,16,gamma_0.1,gamma,0.1
312,C,0.489097407412129,3.716927713684167e-4,0.5105308998165028,3,16,gamma_0.1,gamma,0.1
313,A,0.3498495713474802,2.246932546072032e-4,0.6499257353979115,3,16,gamma_0.1,gamma,0.1
313,C,0.48907281250584866,3.597202807437757e-4,0.5105674672134072,3,16,gamma_0.1,gamma,0.1
314,A,0.3498347248463992,2.1743531190738648e-4,0.649947839841694,3,16,gamma_0.1,gamma,0.1
314,C,0.4890490111238994,3.4813219096899314e-4,0.5106028566851313,3,16,gamma_0.1,gamma,0.1
315,A,0.3498203580877459,2.1041164338841004e-4,0.6499692302688658,3,16,gamma_0.1,gamma,0.1
315,C,0.48902597770570444,3.3691623895756417e-4,0.5106371060553379,3,16,gamma_0.1,gamma,0.1
316,A,0.34980645557355144,2.03614699150409e-4,0.6499899297272974,3,16,gamma_0.1,gamma,0.1
316,C,0.4890036875113897,3.260605478209334e-4,0.5106702519407885,3,16,gamma_0.1,gamma,0.1
317,A,0.3497930023061845,1.970371717571328e-4,0.6500099605220581,3,16,gamma_0.1,gamma,0.1
317,C,0.4889821165955994,3.1555361502630613e-4,0.5107023297893754,3,16,gamma_0.1,gamma,0.1
318,A,0.3497799837722209,1.9067198850752527e-4,0.6500293442392724,3,16,gamma_0.1,gamma,0.1
318,C,0.48896124178213474,3.0538430089695125e-4,0.5107333739169679,3,16,gamma_0.1,gamma,0.1
319,A,0.34976738592683343,1.845123039496675e-4,0.6500481017692171,3,16,gamma_0.1,gamma,0.1
319,C,0.4889410406394017,2.955418174464657e-4,0.5107634175431522,3,16,gamma_0.1,gamma,0.1
320,A,0.3497551951786837,1.7855149262975523e-4,0.6500662533286863,3,16,gamma_0.1,gamma,0.1
320,C,0.4889214914566206,2.8601571753855584e-4,0.51079249282584,3,16,gamma_0.1,gamma,0.1
321,A,0.3497433983752974,1.7278314206898364e-4,0.6500838184826336,3,16,gamma_0.1,gamma,0.1
321,C,0.488902573220798,2.7679588436403977e-4,0.5108206308948379,3,16,gamma_0.1,gamma,0.1
322,A,0.34973198278891005,1.6720104596140904e-4,0.6501008161651283,3,16,gamma_0.1,gamma,0.1
322,C,0.48888426559441633,2.678725212268905e-4,0.5108478618843556,3,16,gamma_0.1,gamma,0.1
323,A,0.3497209361027695,1.617991975860594e-4,0.6501172646996451,3,16,gamma_0.1,gamma,0.1
323,C,0.48886654889383835,2.592361416312873e-4,0.5108742149645307,3,16,gamma_0.1,gamma,0.1
324,A,0.3497102463978785,1.5657178342674293e-4,0.6501331818186955,3,16,gamma_0.1,gamma,0.1
324,C,0.4888494040683854,2.5087755966175736e-4,0.5108997183719531,3,16,gamma_0.1,gamma,0.1
325,A,0.349699902140164,1.5151317699320333e-4,0.6501485846828438,3,16,gamma_0.1,gamma,0.1
325,C,0.48883281268008694,2.4278788064867178e-4,0.5109243994392628,3,16,gamma_0.1,gamma,0.1
326,A,0.34968989216805774,1.4661793283744196e-4,0.6501634898991047,3,16,gamma_0.1,gamma,0.1
326,C,0.4888167568840686,2.3495849211145026e-4,0.5109482846238208,3,16,gamma_0.1,gamma,0.1
327,A,0.34968020568048025,1.418807807592073e-4,0.6501779135387595,3,16,gamma_0.1,gamma,0.1
327,C,0.4888012194095557,2.2738105497202584e-4,0.5109713995354732,3,16,gamma_0.1,gamma,0.1
328,A,0.34967083222520473,1.3729662019485258e-4,0.6501918711546002,3,16,gamma_0.1,gamma,0.1
328,C,0.48878618354148956,2.200474950312784e-4,0.5109937689634799,3,16,gamma_0.1,gamma,0.1
329,A,0.34966176168760615,1.3286051478384532e-4,0.6502053777976096,3,16,gamma_0.1,gamma,0.1
329,C,0.488771633102723,2.1294999470116728e-4,0.511015416902576,3,16,gamma_0.1,gamma,0.1
330,A,0.3496529842797609,1.2856768710748558e-4,0.650218448033131,3,16,gamma_0.1,gamma,0.1
330,C,0.48875755243678215,2.0608098498561069e-4,0.5110363665782339,3,16,gamma_0.1,gamma,0.1
331,A,0.34964449052990787,1.24413513594491e-4,0.6502310959564979,3,16,gamma_0.1,gamma,0.1
331,C,0.48874392639116643,1.9943313770322821e-4,0.5110566404711306,3,16,gamma_0.1,gamma,0.1
332,A,0.3496362712722394,1.2039351958827116e-4,0.6502433352081726,3,16,gamma_0.1,gamma,0.1
332,C,0.4887307403012039,1.929993579452232e-4,0.5110762603408506,3,16,gamma_0.1,gamma,0.1
333,A,0.34962831763703184,1.1650337457086919e-4,0.6502551789883977,3,16,gamma_0.1,gamma,0.1
333,C,0.4887179799743916,1.8677277676180248e-4,0.5110952472488466,3,16,gamma_0.1,gamma,0.1
334,A,0.34962062104108277,1.1273888753868867e-4,0.6502666400713792,3,16,gamma_0.1,gamma,0.1
334,C,0.4887056316752529,1.8074674407071985e-4,0.5111136215806751,3,16,gamma_0.1,gamma,0.1
335,A,0.34961317317846613,1.0909600252528662e-4,0.6502777308190082,3,16,gamma_0.1,gamma,0.1
335,C,0.48869368211067293,1.7491482178165827e-4,0.511131403067545,3,16,gamma_0.1,gamma,0.1
336,A,0.3496059660115796,1.0557079426663964e-4,0.6502884631941548,3,16,gamma_0.1,gamma,0.1
336,C,0.4886821184156972,1.6927077713032012e-4,0.5111486108071734,3,16,gamma_0.1,gamma,0.1
337,A,0.34959899176247927,1.0215946400443391e-4,0.6502988487735154,3,16,gamma_0.1,gamma,0.1
337,C,0.4886709281397881,1.6380857621623473e-4,0.5111652632839964,3,16,gamma_0.1,gamma,0.1
338,A,0.34959224290450247,9.88583354230605e-5,0.6503088987600736,3,16,gamma_0.1,gamma,0.1
338,C,0.4886600992335179,1.585223777384393e-4,0.5111813783887438,3,16,gamma_0.1,gamma,0.1
339,A,0.34958571215414846,9.566385071612441e-5,0.6503186239951356,3,16,gamma_0.1,gamma,0.1
339,C,0.48864962003568396,1.5340652692332577e-4,0.5111969734373905,3,16,gamma_0.1,gamma,0.1
340,A,0.34957939246323133,9.257256677841116e-5,0.6503280349699908,3,16,gamma_0.1,gamma,0.1
340,C,0.48863947926084295,1.484555496390952e-4,0.5112120651895176,3,16,gamma_0.1,gamma,0.1
341,A,0.34957327701127877,8.958115151936846e-5,0.6503371418372021,3,16,gamma_0.1,gamma,0.1
341,C,0.48862966598722657,1.436641466913985e-4,0.5112266698660821,3,16,gamma_0.1,gamma,0.1
342,A,0.34956735919818105,8.668638029428423e-5,0.6503459544215255,3,16,gamma_0.1,gamma,0.1
342,C,0.48862016964506716,1.3902718829487485e-4,0.5112408031666379,3,16,gamma_0.1,gamma,0.1
343,A,0.34956163263707307,8.388513244945786e-5,0.6503544822304774,3,16,gamma_0.1,gamma,0.1
343,C,0.4886109800052749,1.345397087154392e-4,0.5112544802860092,3,16,gamma_0.1,gamma,0.1
344,A,0.3495560911474506,8.117438797777384e-5,0.6503627344645717,3,16,gamma_0.1,gamma,0.1
344,C,0.4886020871684903,1.3019690107829893e-4,0.5112677159304313,3,16,gamma_0.1,gamma,0.1
345,A,0.3495507287485018,7.855122428119579e-5,0.650370720027218,3,16,gamma_0.1,gamma,0.1
345,C,0.4885934815544775,1.2599411233681098e-4,0.5112805243331843,3,16,gamma_0.1,gamma,0.1
346,A,0.34954553965266144,7.601281303680832e-5,0.650378447534302,3,16,gamma_0.1,gamma,0.1
346,C,0.48858515389187046,1.2192683839742603e-4,0.5112929192697327,3,16,gamma_0.1,gamma,0.1
347,A,0.3495405182593677,7.355641716313345e-5,0.6503859253234695,3,16,gamma_0.1,gamma,0.1
347,C,0.4885770952082248,1.1799071939607937e-4,0.5113049140723797,3,16,gamma_0.1,gamma,0.1
348,A,0.34953565914902335,7.117938788355973e-5,0.6503931614630923,3,16,gamma_0.1,gamma,0.1
348,C,0.4885692968204148,1.1418153512153744e-4,0.5113165216444638,3,16,gamma_0.1,gamma,0.1
349,A,0.3495309570771494,6.887916188379398e-5,0.650400163760966,3,16,gamma_0.1,gamma,0.1
349,C,0.4885617503253206,1.1049520058128077e-4,0.5113277544740987,3,16,gamma_0.1,gamma,0.1
350,A,0.3495264069687308,6.665325856037182e-5,0.6504069397727098,3,16,gamma_0.1,gamma,0.1
350,C,0.4885544475908123,1.0692776170567797e-4,0.5113386246474817,3,16,gamma_0.1,gamma,0.1
351,A,0.3495220039127368,6.449927735733754e-5,0.6504134968099047,3,16,gamma_0.1,gamma,0.1
351,C,0.4885473807470401,1.0347539118629758e-4,0.511349143861774,3,16,gamma_0.1,gamma,0.1
352,A,0.34951774315683415,6.241489518829825e-5,0.6504198419479783,3,16,gamma_0.1,gamma,0.1
352,C,0.48854054217798143,1.0013438444431651e-4,0.5113593234375771,3,16,gamma_0.1,gamma,0.1
353,A,0.34951362010225046,6.0397863941138496e-5,0.650425982033808,3,16,gamma_0.1,gamma,0.1
353,C,0.4885339245132723,9.690115572509563e-5,0.5113691743310028,3,16,gamma_0.1,gamma,0.1
354,A,0.34950963029881915,5.844600806277244e-5,0.6504319236931179,3,16,gamma_0.1,gamma,0.1
354,C,0.48852752062030547,9.377223431511245e-5,0.5113787071453773,3,16,gamma_0.1,gamma,0.1
355,A,0.3495057694401781,5.6557222221388074e-5,0.6504376733375998,3,16,gamma_0.1,gamma,0.1
355,C,0.48852132359656864,9.074426087753302e-5,0.5113879321425544,3,16,gamma_0.1,gamma,0.1
356,A,0.34950203335912255,5.472946904372104e-5,0.6504432371718344,3,16,gamma_0.1,gamma,0.1
356,C,0.48851532676223136,8.78139839028226e-5,0.5113968592538652,3,16,gamma_0.1,gamma,0.1
357,A,0.3494984180231091,5.296077692496796e-5,0.6504486211999656,3,16,gamma_0.1,gamma,0.1
357,C,0.488509523652979,8.497825627089647e-5,0.5114054980907494,3,16,gamma_0.1,gamma,0.1
358,A,0.3494949195299093,5.124923790902799e-5,0.6504538312321821,3,16,gamma_0.1,gamma,0.1
358,C,0.48850390801307025,8.223403192139599e-5,0.5114138579550068,3,16,gamma_0.1,gamma,0.1
359,A,0.3494915341033936,4.959300563682995e-5,0.6504588728909694,3,16,gamma_0.1,gamma,0.1
359,C,0.48849847378861766,7.957836262879311e-5,0.5114219478487546,3,16,gamma_0.1,gamma,0.1
360,A,0.3494882580894617,4.799029336057605e-5,0.6504637516171777,3,16,gamma_0.1,gamma,0.1
360,C,0.48849321512107763,7.70083948791065e-5,0.5114297764840429,3,16,gamma_0.1,gamma,0.1
361,A,0.3494850879520987,4.6439372021798343e-5,0.6504684726758786,3,16,gamma_0.1,gamma,0.1
361,C,0.4884881263409696,7.452136684511451e-5,0.5114373522921859,3,16,gamma_0.1,gamma,0.1
362,A,0.34948202026956016,4.493856839119283e-5,0.6504730411620482,3,16,gamma_0.1,gamma,0.1
362,C,0.4884832019617712,7.211460545703192e-5,0.5114446834327719,3,16,gamma_0.1,gamma,0.1
363,A,0.349479051730677,4.3486263268256964e-5,0.6504774620060546,3,16,gamma_0.1,gamma,0.1
363,C,0.48847843667403035,6.97855235657161e-5,0.511451777802405,3,16,gamma_0.1,gamma,0.1
364,A,0.3494761791312879,4.208088973882141e-5,0.6504817399789726,3,16,gamma_0.1,gamma,0.1
364,C,0.4884738253396513,6.753161719554133e-5,0.511458643043153,3,16,gamma_0.1,gamma,0.1
365,A,0.3494733993707781,4.0720931488626314e-5,0.6504858796977335,3,16,gamma_0.1,gamma,0.1
365,C,0.48846936298638055,6.53504628841771e-5,0.5114652865507351,3,16,gamma_0.1,gamma,0.1
0,A,0.999,0.0010000000000000002,0,4,16,gamma_0.1,gamma,0.1
0,C,0.9990000000000002,0.0010000000000000005,0,4,16,gamma_0.1,gamma,0.1
1,A,0.9987884184376948,0.0011063122494927885,1.05269312813029e-4,4,16,gamma_0.1,gamma,0.1
1,C,0.998840570628719,0.0010566139041643557,1.0281546711534164e-4,4,16,gamma_0.1,gamma,0.1
2,A,0.99855862534311,0.001219843200384162,2.2153145650568958e-4,4,16,gamma_0.1,gamma,0.1
2,C,0.9986729197902453,0.0011156666415354428,2.1141356821823739e-4,4,16,gamma_0.1,gamma,0.1
3,A,0.9983104645906309,0.001340051506116149,3.4948390325241876e-4,4,16,gamma_0.1,gamma,0.1
3,C,0.9984968420673225,0.0011771206609011017,3.2603727177573673e-4,4,16,gamma_0.1,gamma,0.1
4,A,0.9980436748906566,0.001466538925846044,4.897861834984371e-4,4,16,gamma_0.1,gamma,0.1
4,C,0.9983120963554659,0.0012409722503381197,4.4693139419513006e-4,4,16,gamma_0.1,gamma,0.1
5,A,0.997757843358563,0.0015991195541180119,6.430370873194764e-4,4,16,gamma_0.1,gamma,0.1
5,C,0.9981184167484753,0.0013072533555851657,5.743298959395311e-4,4,16,gamma_0.1,gamma,0.1
6,A,0.9974523556249217,0.00173779162048399,8.098527545947209e-4,4,16,gamma_0.1,gamma,0.1
6,C,0.9979154863123608,0.0013760317001859086,7.084819874530763e-4,4,16,gamma_0.1,gamma,0.1
7,A,0.9971264111619407,0.0018827364841889475,9.908523538705637e-4,4,16,gamma_0.1,gamma,0.1
7,C,0.9977029498707486,0.0014474071347534022,8.496429944986116e-4,4,16,gamma_0.1,gamma,0.1
8,A,0.9967790016066799,0.0020342966177204123,0.0011867017755999817,4,16,gamma_0.1,gamma,0.1
8,C,0.997480399933151,0.0015215115654575203,9.980885013924534e-4,4,16,gamma_0.1,gamma,0.1
9,A,0.996409056021048,0.0021928856687631923,0.0013980583101885714,4,16,gamma_0.1,gamma,0.1
9,C,0.9972474249990199,0.0015984870897656088,0.0011540879112137059,4,16,gamma_0.1,gamma,0.1
10,A,0.9960153428263813,0.0023590062676975042,0.0016256509059204558,4,16,gamma_0.1,gamma,0.1
10,C,0.9970035655767994,0.001678497716487341,0.0013179367067132164,4,16,gamma_0.1,gamma,0.1
11,A,0.9955965226913318,0.0025332166624083695,0.0018702606462590162,4,16,gamma_0.1,gamma,0.1
11,C,0.996748331349497,0.0017617213451652273,0.0014899473053380718,4,16,gamma_0.1,gamma,0.1
12,A,0.995151162831551,0.0027161110709332274,0.0021327260975162,4,16,gamma_0.1,gamma,0.1
12,C,0.9964812028987541,0.0018483466761246977,0.0016704504251234206,4,16,gamma_0.1,gamma,0.1
13,A,0.9946777468838583,0.0029083067401652557,0.002413946375975851,4,16,gamma_0.1,gamma,0.1
13,C,0.9962016328904396,0.0019385710272019838,0.001859796082358379,4,16,gamma_0.1,gamma,0.1
14,A,0.9941746816279923,0.003110435312885682,0.002714883059121356,4,16,gamma_0.1,gamma,0.1
14,C,0.9959090468108653,0.002032598807615604,0.0020583543815183114,4,16,gamma_0.1,gamma,0.1
15,A,0.9936403003154951,0.0033231382614495,0.0030365614230550694,4,16,gamma_0.1,gamma,0.1
15,C,0.9956028432338989,0.002130640585900326,0.00226651618020079,4,16,gamma_0.1,gamma,0.1
16,A,0.9930728636850737,0.003547065001838374,0.003380071313088215,4,16,gamma_0.1,gamma,0.1
16,C,0.9952823937302644,0.0022329125908488513,0.0024846936788874914,4,16,gamma_0.1,gamma,0.1
17,A,0.9924705595836937,0.00378287250289195,0.003746567913413713,4,16,gamma_0.1,gamma,0.1
17,C,0.9949470425114668,0.002339636511779058,0.0027133209767548237,4,16,gamma_0.1,gamma,0.1
18,A,0.9918316025960489,0.004031191332688177,0.004137206071262813,4,16,gamma_0.1,gamma,0.1
18,C,0.9945961425374024,0.002451027565673669,0.002952829896924836,4,16,gamma_0.1,gamma,0.1
19,A,0.9911537903815095,0.0042927782918325726,0.0045534313266581096,4,16,gamma_0.1,gamma,0.1
19,C,0.9942288944848914,0.002567346999273211,0.00320375851583556,4,16,gamma_0.1,gamma,0.1
20,A,0.990435500182198,0.0045681773890228015,0.004996322428778521,4,16,gamma_0.1,gamma,0.1
20,C,0.9938447085622003,0.0026887844627041034,0.0034665069750954634,4,16,gamma_0.1,gamma,0.1
21,A,0.989674283619514,0.004858197040323831,0.005467519340162004,4,16,gamma_0.1,gamma,0.1
21,C,0.9934426941320381,0.0028156234850384297,0.0037416823829240432,4,16,gamma_0.1,gamma,0.1
22,A,0.9888679917436413,0.005163526075960692,0.005968482180398385,4,16,gamma_0.1,gamma,0.1
22,C,0.9930220679911358,0.0029481085457104916,0.0040298234631540135,4,16,gamma_0.1,gamma,0.1
23,A,0.9880143307003674,0.005484888255200435,0.006500781044432583,4,16,gamma_0.1,gamma,0.1
23,C,0.9925819930655233,0.0030864981410396656,0.004331508793435202,4,16,gamma_0.1,gamma,0.1
24,A,0.9871109277279736,0.0058230204434113276,0.007066051828615276,4,16,gamma_0.1,gamma,0.1
24,C,0.9921216021604923,0.003231057272194326,0.004647340567313728,4,16,gamma_0.1,gamma,0.1
25,A,0.9861553189434655,0.00617867446085351,0.00766600659568115,4,16,gamma_0.1,gamma,0.1
25,C,0.9916399929676103,0.003382058565453537,0.004977948466936225,4,16,gamma_0.1,gamma,0.1
26,A,0.985144947977482,0.006552617059836838,0.008302434962681182,4,16,gamma_0.1,gamma,0.1
26,C,0.9911362270531301,0.0035397825456636146,0.0053239904012078116,4,16,gamma_0.1,gamma,0.1
27,A,0.9840771658904854,0.006945629446577156,0.008977204662937388,4,16,gamma_0.1,gamma,0.1
27,C,0.9906093292090745,0.0037045178057113783,0.00568615298521448,4,16,gamma_0.1,gamma,0.1
28,A,0.9829492310784158,0.007358506523905575,0.009692262397677474,4,16,gamma_0.1,gamma,0.1
28,C,0.9900582866716782,0.0038765611685070587,0.006065152159814372,4,16,gamma_0.1,gamma,0.1
29,A,0.9817583083812035,0.007792055955146929,0.01044963566364904,4,16,gamma_0.1,gamma,0.1
29,C,0.9894820478665581,0.004056217913213139,0.006461734220227493,4,16,gamma_0.1,gamma,0.1
30,A,0.9805014783819485,0.008247095718731804,0.011251425899320188,4,16,gamma_0.1,gamma,0.1
30,C,0.9888795253526576,0.004243801058506897,0.006876673588836491,4,16,gamma_0.1,gamma,0.1
31,A,0.9791757311187177,0.008724453360904697,0.012099815520377668,4,16,gamma_0.1,gamma,0.1
31,C,0.9882495920466895,0.004439632056840915,0.007310775896471367,4,16,gamma_0.1,gamma,0.1
32,A,0.9777779508639443,0.009224965881277263,0.012997083254777352,4,16,gamma_0.1,gamma,0.1
32,C,0.9875910734036375,0.0046440422976518694,0.007764884298709038,4,16,gamma_0.1,gamma,0.1
33,A,0.9763049273504898,0.009749476049032217,0.013945596600479154,4,16,gamma_0.1,gamma,0.1
33,C,0.9869027502567645,0.004857372338463051,0.008239877404773527,4,16,gamma_0.1,gamma,0.1
34,A,0.9747533720497057,0.010298827833055331,0.014947800117238647,4,16,gamma_0.1,gamma,0.1
34,C,0.9861833638973507,0.005079970554753603,0.00873666554789653,4,16,gamma_0.1,gamma,0.1
35,A,0.973119918456936,0.010873863569260688,0.01600621797380378,4,16,gamma_0.1,gamma,0.1
35,C,0.9854316142758998,0.00531219321652045,0.009256192507578732,4,16,gamma_0.1,gamma,0.1
36,A,0.9714011206155884,0.011475421020080976,0.017123458364329918,4,16,gamma_0.1,gamma,0.1
36,C,0.9846461571683596,0.005554404752974937,0.009799438078665478,4,16,gamma_0.1,gamma,0.1
37,A,0.9695934560125141,0.012104329534739958,0.018302214452745956,4,16,gamma_0.1,gamma,0.1
37,C,0.9838256028550779,0.005806977655867474,0.010367419489054067,4,16,gamma_0.1,gamma,0.1
38,A,0.9676933319596775,0.012761405416832268,0.019545262623489643,4,16,gamma_0.1,gamma,0.1
38,C,0.9829685159794682,0.006070292078575753,0.010961191941955864,4,16,gamma_0.1,gamma,0.1
39,A,0.9656970931705618,0.013447446792993152,0.02085546003644479,4,16,gamma_0.1,gamma,0.1
39,C,0.9820734156520962,0.0063447353226409745,0.01158184902526132,4,16,gamma_0.1,gamma,0.1
40,A,0.963601029446443,0.014163228233272346,0.022235742320284677,4,16,gamma_0.1,gamma,0.1
40,C,0.9811387754186025,0.006630701306673593,0.012230523274723697,4,16,gamma_0.1,gamma,0.1
41,A,0.9614013837674349,0.014909495061444431,0.023689121171120864,4,16,gamma_0.1,gamma,0.1
41,C,0.9801630231775289,0.00692858999700437,0.012908386825467277,4,16,gamma_0.1,gamma,0.1
42,A,0.9590943630752231,0.015686955984354288,0.02521868094042188,4,16,gamma_0.1,gamma,0.1
42,C,0.979144541207376,0.007238806630930841,0.013616652161693563,4,16,gamma_0.1,gamma,0.1
43,A,0.9566761496191555,0.01649627592315643,0.0268275744576891,4,16,gamma_0.1,gamma,0.1
43,C,0.978081666512067,0.007561760884161683,0.014356572603770766,4,16,gamma_0.1,gamma,0.1
44,A,0.9541429120016133,0.017338069366505664,0.02851901863188011,4,16,gamma_0.1,gamma,0.1
44,C,0.9769726913750028,0.00789786602215426,0.015129442602844137,4,16,gamma_0.1,gamma,0.1
45,A,0.9514908180485776,0.018212892776442256,0.03029628917497905,4,16,gamma_0.1,gamma,0.1
45,C,0.9758158641034022,0.00824753789080974,0.015936598005788852,4,16,gamma_0.1,gamma,0.1
46,A,0.948716049946649,0.019121235799553542,0.03216271425379791,4,16,gamma_0.1,gamma,0.1
46,C,0.974609389983036,0.008611193712657866,0.0167794163043049,4,16,gamma_0.1,gamma,0.1
47,A,0.9458148207715031,0.02006351200925831,0.034121667219237886,4,16,gamma_0.1,gamma,0.1
47,C,0.9733514325015337,0.00898925074481616,0.017659316753650078,4,16,gamma_0.1,gamma,0.1
48,A,0.9427833918655475,0.021040049606229332,0.036176558528222276,4,16,gamma_0.1,gamma,0.1
48,C,0.9720401148724511,0.009382124828537971,0.01857776029901086,4,16,gamma_0.1,gamma,0.1
49,A,0.9396180912879757,0.022051081920513162,0.03833082679151174,4,16,gamma_0.1,gamma,0.1
49,C,0.970673521864676,0.009790228806085011,0.019536249329238593,4,16,gamma_0.1,gamma,0.1
50,A,0.9363153336923944,0.02309673748421435,0.04058792882339129,4,16,gamma_0.1,gamma,0.1
50,C,0.969249701945704,0.010213970771983723,0.020536327282312698,4,16,gamma_0.1,gamma,0.1
51,A,0.9328716416479859,0.024177029716188084,0.042951328635826166,4,16,gamma_0.1,gamma,0.1
51,C,0.9677666697649127,0.010653752149334198,0.021579578085754118,4,16,gamma_0.1,gamma,0.1
52,A,0.9292836681887042,0.025291846427277453,0.04542448538401945,4,16,gamma_0.1,gamma,0.1
52,C,0.9662224090083998,0.011109965596861383,0.022667625394739387,4,16,gamma_0.1,gamma,0.1
53,A,0.9255482204173292,0.026440939305694904,0.0480108402769758,4,16,gamma_0.1,gamma,0.1
53,C,0.9646148756494846,0.011582992748022556,0.02380213160249262,4,16,gamma_0.1,gamma,0.1
54,A,0.9216622840979373,0.027623913453053078,0.05071380244900923,4,16,gamma_0.1,gamma,0.1
54,C,0.9629420016124364,0.012073201775119304,0.02498479661244473,4,16,gamma_0.1,gamma,0.1
55,A,0.9176230491711892,0.028840217041534156,0.05353673378727623,4,16,gamma_0.1,gamma,0.1
55,C,0.9612016988676388,0.012580944770936213,0.02621735636142558,4,16,gamma_0.1,gamma,0.1
56,A,0.9134279360493998,0.030089131220478592,0.05648293273012122,4,16,gamma_0.1,gamma,0.1
56,C,0.9593918639793061,0.013106554945584702,0.027501581075108774,4,16,gamma_0.1,gamma,0.1
57,A,0.9090746224868734,0.03136976043921746,0.059555617073910085,4,16,gamma_0.1,gamma,0.1
57,C,0.9575103831263917,0.013650343640143794,0.02883927323346479,4,16,gamma_0.1,gamma,0.1
58,A,0.9045610708037376,0.03268102335418288,0.0627579058420805,4,16,gamma_0.1,gamma,0.1
58,C,0.9555551376137998,0.014212597159587349,0.03023226522661322,4,16,gamma_0.1,gamma,0.1
59,A,0.8998855552357364,0.034021644481723595,0.06609280028254082,4,16,gamma_0.1,gamma,0.1
59,C,0.9535240098875734,0.01479357342792837,0.031682416684498275,4,16,gamma_0.1,gamma,0.1
60,A,0.8950466891608725,0.03539014676470013,0.0695631640744274,4,16,gamma_0.1,gamma,0.1
60,C,0.9514148900653876,0.015393498470485862,0.03319161146412665,4,16,gamma_0.1,gamma,0.1
61,A,0.89004345192115,0.036784845234979796,0.07317170284386958,4,16,gamma_0.1,gamma,0.1
61,C,0.9492256829913958,0.016012562731300615,0.03476175427730207,4,16,gamma_0.1,gamma,0.1
62,A,0.8848752149301717,0.03820384196150161,0.07692094310832649,4,16,gamma_0.1,gamma,0.1
62,C,0.9469543158208961,0.01665091723691874,0.03639476694218546,4,16,gamma_0.1,gamma,0.1
63,A,0.8795417667430697,0.03964502246896808,0.08081321078796165,4,16,gamma_0.1,gamma,0.1
63,C,0.9445987461352927,0.017308669620925546,0.03809258424378003,4,16,gamma_0.1,gamma,0.1
64,A,0.874043336726844,0.04110605383181472,0.08485060944134157,4,16,gamma_0.1,gamma,0.1
64,C,0.9421569705856851,0.017985880023901595,0.039857149390413786,4,16,gamma_0.1,gamma,0.1
65,A,0.8683806170137507,0.04258438458625163,0.08903499839999784,4,16,gamma_0.1,gamma,0.1
65,C,0.939627034051807,0.018682556893030326,0.04169040905516252,4,16,gamma_0.1,gamma,0.1
66,A,0.8625547823642562,0.044077246642697986,0.09336797099304615,4,16,gamma_0.1,gamma,0.1
66,C,0.9370070393037054,0.019398652703132815,0.04359430799316155,4,16,gamma_0.1,gamma,0.1
67,A,0.856567507582812,0.045581659348036985,0.09785083306915227,4,16,gamma_0.1,gamma,0.1
67,C,0.934295157144657,0.02013405962711059,0.045570783228232534,4,16,gamma_0.1,gamma,0.1
68,A,0.8504209821357152,0.04709443582671782,0.10248458203756641,4,16,gamma_0.1,gamma,0.1
68,C,0.9314896370070981,0.020888605187620136,0.04762175780528362,4,16,gamma_0.1,gamma,0.1
69,A,0.8441179216384955,0.048612191699975014,0.10726988666153003,4,16,gamma_0.1,gamma,0.1
69,C,0.9285888179654896,0.021662047926101085,0.04974913410840875,4,16,gamma_0.1,gamma,0.1
70,A,0.8376615759015437,0.05013135625278059,0.11220706784567688,4,16,gamma_0.1,gamma,0.1
70,C,0.9255911401225606,0.02245407312902235,0.05195478674841629,4,16,gamma_0.1,gamma,0.1
71,A,0.8310557332509488,0.051648186084842854,0.11729608066420799,4,16,gamma_0.1,gamma,0.1
71,C,0.9224951563174149,0.023264288654928585,0.05424055502765736,4,16,gamma_0.1,gamma,0.1
72,A,0.8243047208784731,0.05315878124315812,0.12253649787837002,4,16,gamma_0.1,gamma,0.1
72,C,0.9192995440957432,0.024092220909696746,0.05660823499456026,4,16,gamma_0.1,gamma,0.1
73,A,0.8174134010200093,0.05465910379048138,0.12792749518951002,4,16,gamma_0.1,gamma,0.1
73,C,0.9160031178736926,0.024937311021100233,0.0590595711052081,4,16,gamma_0.1,gamma,0.1
74,A,0.8103871628140067,0.056144998718774916,0.13346783846721788,4,16,gamma_0.1,gamma,0.1
74,C,0.9126048412183531,0.025798911267063778,0.06159624751458277,4,16,gamma_0.1,gamma,0.1
75,A,0.8032319097488853,0.05761221707051697,0.13915587318059874,4,16,gamma_0.1,gamma,0.1
75,C,0.9091038391595284,0.026676281814778508,0.06421987902569247,4,16,gamma_0.1,gamma,0.1
76,A,0.7959540426709388,0.05905644108442285,0.14498951624463854,4,16,gamma_0.1,gamma,0.1
76,C,0.9054994104392778,0.027568587830101996,0.06693200173062029,4,16,gamma_0.1,gamma,0.1
77,A,0.7885604383905109,0.06047331113648396,0.1509662504730047,4,16,gamma_0.1,gamma,0.1
77,C,0.9017910395981039,0.028474897018327432,0.06973406338356926,4,16,gamma_0.1,gamma,0.1
78,A,0.7810584239928318,0.061858454203634644,0.1570831218035343,4,16,gamma_0.1,gamma,0.1
78,C,0.8979784087895507,0.029394177658319403,0.0726274135521307,4,16,gamma_0.1,gamma,0.1
79,A,0.7734557470293039,0.06320751353732322,0.16333673943337376,4,16,gamma_0.1,gamma,0.1
79,C,0.8940614092087328,0.030325297192050637,0.07561329359921785,4,16,gamma_0.1,gamma,0.1
80,A,0.7657605418332201,0.06451617919913867,0.16972327896764175,4,16,gamma_0.1,gamma,0.1
80,C,0.8900401520150929,0.031267021430631856,0.07869282655427413,4,16,gamma_0.1,gamma,0.1
81,A,0.7579812922692454,0.0657802190815801,0.17623848864917552,4,16,gamma_0.1,gamma,0.1
81,C,0.8859149786256998,0.03221801443591796,0.08186700693838186,4,16,gamma_0.1,gamma,0.1
82,A,0.750126791287404,0.06699551001454376,0.18287769869805198,4,16,gamma_0.1,gamma,0.1
82,C,0.8816864702531243,0.0331768391332392,0.0851366906136376,4,16,gamma_0.1,gamma,0.1
83,A,0.7422060977097898,0.06815806854145551,0.18963583374875487,4,16,gamma_0.1,gamma,0.1
83,C,0.8773554565633365,0.03414195870424618,0.08850258473241768,4,16,gamma_0.1,gamma,0.1
84,A,0.734228490696925,0.06926408097096516,0.19650742833211043,4,16,gamma_0.1,gamma,0.1
84,C,0.8729230233116432,0.035111738820799446,0.09196523786755689,4,16,gamma_0.1,gamma,0.1
85,A,0.7262034224509036,0.07030993224255688,0.20348664530653907,4,16,gamma_0.1,gamma,0.1
85,C,0.8683905188567674,0.036084450734832116,0.09552503040840074,4,16,gamma_0.1,gamma,0.1
86,A,0.7181404696610303,0.07129223323722367,0.21056729710174643,4,16,gamma_0.1,gamma,0.1
86,C,0.8637595594203756,0.03705827526876984,0.09918216531085447,4,16,gamma_0.1,gamma,0.1
87,A,0.7100492842482481,0.0722078461523481,0.21774286959940317,4,16,gamma_0.1,gamma,0.1
87,C,0.8590320329796615,0.03803130772801761,0.1029366592923207,4,16,gamma_0.1,gamma,0.1
88,A,0.7019395439700685,0.07305390759034198,0.22500654843958964,4,16,gamma_0.1,gamma,0.1
88,C,0.8542101016886801,0.039001563746914936,0.1067883345644071,4,16,gamma_0.1,gamma,0.1
89,A,0.6938209034465576,0.07382784904490547,0.2323512475085365,4,16,gamma_0.1,gamma,0.1
89,C,0.8492962027374499,0.03996698606567756,0.11073681119687202,4,16,gamma_0.1,gamma,0.1
90,A,0.6857029461483193,0.07452741451795816,0.23976963933372208,4,16,gamma_0.1,gamma,0.1
90,C,0.844293047569919,0.040925452224689005,0.11478150020539066,4,16,gamma_0.1,gamma,0.1
91,A,0.6775951378581994,0.07515067505375723,0.247254187088043,4,16,gamma_0.1,gamma,0.1
91,C,0.8392036193955815,0.04187478315078356,0.1189215974536339,4,16,gamma_0.1,gamma,0.1
92,A,0.6695067820833693,0.07569604003042818,0.25479717788620276,4,16,gamma_0.1,gamma,0.1
92,C,0.8340311689464696,0.04281275259656657,0.12315607845696493,4,16,gamma_0.1,gamma,0.1
93,A,0.6614469778522131,0.07616226510433365,0.2623907570434533,4,16,gamma_0.1,gamma,0.1
93,C,0.8287792084501745,0.04373709737931052,0.12748369417051586,4,16,gamma_0.1,gamma,0.1
94,A,0.6534245802803696,0.07654845676036486,0.2700269629592653,4,16,gamma_0.1,gamma,0.1
94,C,0.8234515038097074,0.04464552835188699,0.13190296783840594,4,16,gamma_0.1,gamma,0.1
95,A,0.6454481642338372,0.07685407347957147,0.2776977622865905,4,16,gamma_0.1,gamma,0.1
95,C,0.8180520650016871,0.04553574202494272,0.13641219297337104,4,16,gamma_0.1,gamma,0.1
96,A,0.6375259913569735,0.07707892359171258,0.2853950850513129,4,16,gamma_0.1,gamma,0.1
96,C,0.8125851347257184,0.04640543274694328,0.14100943252733952,4,16,gamma_0.1,gamma,0.1
97,A,0.6296659806716047,0.07722315993248169,0.29311085939591336,4,16,gamma_0.1,gamma,0.1
97,C,0.8070551753595882,0.047252305336852145,0.1456925193035608,4,16,gamma_0.1,gamma,0.1
98,A,0.6218756828915777,0.07728727147258134,0.3008370456358412,4,16,gamma_0.1,gamma,0.1
98,C,0.8014668542966829,0.04807408805348395,0.15045905764983322,4,16,gamma_0.1,gamma,0.1
99,A,0.614162258536097,0.07727207212795073,0.3085656693359523,4,16,gamma_0.1,gamma,0.1
99,C,0.79582502776322,0.048868545776439884,0.15530642646033826,4,16,gamma_0.1,gamma,0.1
100,A,0.6065324598663921,0.0771786869964867,0.3162888531371219,4,16,gamma_0.1,gamma,0.1
100,C,0.7901347232330728,0.04963349326626204,0.16023178350066636,4,16,gamma_0.1,gamma,0.1
101,A,0.598992616615029,0.07700853629580263,0.32399884708916765,4,16,gamma_0.1,gamma,0.1
101,C,0.7844011205766879,0.05036680836620811,0.1652320710571038,4,16,gamma_0.1,gamma,0.1
102,A,0.591548625424948,0.07676331730010359,0.33168805727494766,4,16,gamma_0.1,gamma,0.1
102,C,0.7786295320975989,0.051066445005067865,0.17030402289733332,4,16,gamma_0.1,gamma,0.1
103,A,0.5842059428610225,0.07644498459753808,0.33934907254144,4,16,gamma_0.1,gamma,0.1
103,C,0.7728253816241337,0.05173044586027281,0.17544417251559324,4,16,gamma_0.1,gamma,0.1
104,A,0.5769695818933283,0.07605572892367578,0.3469746891829962,4,16,gamma_0.1,gamma,0.1
104,C,0.766994182839694,0.05235695453908374,0.18064886262122193,4,16,gamma_0.1,gamma,0.1
105,A,0.5698441115431039,0.07559795500126126,0.3545579334556345,4,16,gamma_0.1,gamma,0.1
105,C,0.7611415170401997,0.052944227144140994,0.185914255815659,4,16,gamma_0.1,gamma,0.1
106,A,0.5628336595319692,0.07507425863350901,0.3620920818345217,4,16,gamma_0.1,gamma,0.1
106,C,0.7552730105153487,0.05349064309484052,0.19123634638981094,4,16,gamma_0.1,gamma,0.1
107,A,0.5559419176863059,0.07448740335677811,0.36957067895691537,4,16,gamma_0.1,gamma,0.1
107,C,0.7493943117549383,0.0539947150838127,0.19661097316125054,4,16,gamma_0.1,gamma,0.1
108,A,0.5491721498369015,0.07384029694214561,0.3769875532209523,4,16,gamma_0.1,gamma,0.1
108,C,0.7435110686822602,0.05445509805853809,0.20203383325919963,4,16,gamma_0.1,gamma,0.1
109,A,0.5425272019354481,0.07313596802590745,0.38433683003864405,4,16,gamma_0.1,gamma,0.1
109,C,0.73762890611375,0.05487059713139151,0.20750049675485818,4,16,gamma_0.1,gamma,0.1
110,A,0.536009514112737,0.07237754311878233,0.39161294276847974,4,16,gamma_0.1,gamma,0.1
110,C,0.7317534036380887,0.05524017433623869,0.2130064220256725,4,16,gamma_0.1,gamma,0.1
111,A,0.529621134411084,0.0715682242118504,0.3988106413770657,4,16,gamma_0.1,gamma,0.1
111,C,0.7258900740998159,0.055562954165433664,0.21854697173475032,4,16,gamma_0.1,gamma,0.1
112,A,0.5233637339288885,0.07071126717151291,0.40592499889959993,4,16,gamma_0.1,gamma,0.1
112,C,0.7200443428615674,0.05583822783758905,0.22411742930084338,4,16,gamma_0.1,gamma,0.1
113,A,0.5172386231214473,0.06980996109197521,0.4129514157865771,4,16,gamma_0.1,gamma,0.1
113,C,0.7142215280059414,0.056065456263828264,0.22971301573022918,4,16,gamma_0.1,gamma,0.1
114,A,0.5112467690131667,0.06886760874728626,0.41988562223954745,4,16,gamma_0.1,gamma,0.1
114,C,0.7084268216225733,0.05624427169796296,0.23532890667946343,4,16,gamma_0.1,gamma,0.1
115,A,0.5053888130918056,0.06788750825643386,0.42672367865176186,4,16,gamma_0.1,gamma,0.1
115,C,0.7026652723089216,0.05637447807368524,0.2409602496173927,4,16,gamma_0.1,gamma,0.1
116,A,0.4996650896727415,0.06687293604755211,0.43346197427970673,4,16,gamma_0.1,gamma,0.1
116,C,0.6969417689950358,0.05645605004896322,0.24660218095600167,4,16,gamma_0.1,gamma,0.1
117,A,0.494075644538772,0.06582713118247027,0.4400972242787572,4,16,gamma_0.1,gamma,0.1
117,C,0.6912610261833947,0.05648913079410195,0.25224984302250186,4,16,gamma_0.1,gamma,0.1
118,A,0.4886202536787747,0.0647532810801924,0.4466264652410335,4,16,gamma_0.1,gamma,0.1
118,C,0.6856275706753489,0.05647402857514224,0.2578984007495087,4,16,gamma_0.1,gamma,0.1
119,A,0.48329844196687805,0.06365450865679155,0.45304704937633056,4,16,gamma_0.1,gamma,0.1
119,C,0.6800457298358583,0.05641121219815585,0.26354305796598715,4,16,gamma_0.1,gamma,0.1
120,A,0.47810950164236815,0.06253386087980276,0.45935663747782984,4,16,gamma_0.1,gamma,0.1
120,C,0.6745196214287982,0.05630130539232218,0.26917907317887924,4,16,gamma_0.1,gamma,0.1
121,A,0.47305251046872204,0.061394298718035284,0.46555319081324187,4,16,gamma_0.1,gamma,0.1
121,C,0.6690531450361501,0.05614508022023403,0.27480177474361484,4,16,gamma_0.1,gamma,0.1
122,A,0.46812634946804105,0.0602386884525928,0.47163496207936545,4,16,gamma_0.1,gamma,0.1
122,C,0.6636499750558069,0.05594344961314263,0.2804065753310492,4,16,gamma_0.1,gamma,0.1
123,A,0.46332972014606666,0.0590697943001273,0.47760048555380524,4,16,gamma_0.1,gamma,0.1
123,C,0.6583135552526636,0.05569745913869744,0.2859889856086383,4,16,gamma_0.1,gamma,0.1
124,A,0.4586611611175218,0.05789027230937352,0.4834485665731038,4,16,gamma_0.1,gamma,0.1
124,C,0.653047094849686,0.055408278086834455,0.2915446270634792,4,16,gamma_0.1,gamma,0.1
125,A,0.4541190641038567,0.056702665436139825,0.48917827046000373,4,16,gamma_0.1,gamma,0.1
125,C,0.6478535660677243,0.055077190025764076,0.29706924390651124,4,16,gamma_0.1,gamma,0.1
126,A,0.449701689240764,0.055509399743901726,0.4947889110153335,4,16,gamma_0.1,gamma,0.1
126,C,0.6427357030754497,0.054705582915604345,0.3025587140089471,4,16,gamma_0.1,gamma,0.1
127,A,0.4454071796626884,0.05431278165436874,0.5002800386829416,4,16,gamma_0.1,gamma,0.1
127,C,0.6376960022750562,0.05429493889207141,0.30800905883287233,4,16,gamma_0.1,gamma,0.1
128,A,0.4412335753419742,0.05311499616925437,0.5056514284887715,4,16,gamma_0.1,gamma,0.1
128,C,0.6327367238414583,0.05384682383005309,0.3134164523284901,4,16,gamma_0.1,gamma,0.1
129,A,0.4371788261726299,0.051918105980121275,0.5109030678472497,4,16,gamma_0.1,gamma,0.1
129,C,0.6278598944220943,0.053362876796681315,0.3187772287812263,4,16,gamma_0.1,gamma,0.1
130,A,0.4332408042950598,0.05072405138513958,0.5160351443198009,4,16,gamma_0.1,gamma,0.1
130,C,0.6230673109017683,0.052844799495491514,0.3240878896027408,4,16,gamma_0.1,gamma,0.1
131,A,0.4294173156634835,0.04953465093440363,0.5210480334021131,4,16,gamma_0.1,gamma,0.1
131,C,0.6183605451356545,0.052294345794552964,0.3293451090697926,4,16,gamma_0.1,gamma,0.1
132,A,0.42570611086406246,0.04835160272687057,0.5259422864090669,4,16,gamma_0.1,gamma,0.1
132,C,0.613740949551413,0.05171331142473997,0.33454573902384616,4,16,gamma_0.1,gamma,0.1
133,A,0.4221048951979446,0.047176486283312884,0.5307186185187438,4,16,gamma_0.1,gamma,0.1
133,C,0.6092096635196577,0.05110352392791979,0.3396868125524208,4,16,gamma_0.1,gamma,0.1
134,A,0.41861133804806244,0.046010764922434756,0.5353778970295037,4,16,gamma_0.1,gamma,0.1
134,C,0.6047676203923062,0.05046683292694984,0.3447655466807433,4,16,gamma_0.1,gamma,0.1
135,A,0.4152230815516998,0.044855788571304074,0.5399211298769961,4,16,gamma_0.1,gamma,0.1
135,C,0.6004155551106657,0.0498051007802406,0.34977934410909345,4,16,gamma_0.1,gamma,0.1
136,A,0.41193774860328547,0.04371279694551183,0.5443494544512033,4,16,gamma_0.1,gamma,0.1
136,C,0.5961540122884387,0.04912019367444456,0.354725794037117,4,16,gamma_0.1,gamma,0.1
137,A,0.40875295021402003,0.04258292303855522,0.5486641267474243,4,16,gamma_0.1,gamma,0.1
137,C,0.5919833546786104,0.048413973200140334,0.35960267212124836,4,16,gamma_0.1,gamma,0.1
138,A,0.405666292256686,0.04146719686402911,0.5528665108792845,4,16,gamma_0.1,gamma,0.1
138,C,0.5879037719375478,0.04768828844702401,0.3644079396154285,4,16,gamma_0.1,gamma,0.1
139,A,0.40267538162505134,0.040366549398531376,0.5569580689764176,4,16,gamma_0.1,gamma,0.1
139,C,0.5839152896046284,0.04694496864686435,0.3691397417485062,4,16,gamma_0.1,gamma,0.1
140,A,0.3997778318378752,0.03928181667764116,0.560940351484484,4,16,gamma_0.1,gamma,0.1
140,C,0.5800177782213344,0.04618581638446605,0.3737964053941998,4,16,gamma_0.1,gamma,0.1
141,A,0.39697126811768957,0.038213744001692765,0.5648149878806179,4,16,gamma_0.1,gamma,0.1
141,C,0.5762109625195594,0.04541260138933617,0.3783764360911045,4,16,gamma_0.1,gamma,0.1
142,A,0.3942533319745196,0.03716299021219873,0.5685836778132813,4,16,gamma_0.1,gamma,0.1
142,C,0.5724944306152708,0.044627054913547376,0.38287851447118254,4,16,gamma_0.1,gamma,0.1
143,A,0.39162168532466374,0.03613013200353106,0.572248182671804,4,16,gamma_0.1,gamma,0.1
143,C,0.568867643151392,0.04383086469334917,0.3873014921552586,4,16,gamma_0.1,gamma,0.1
144,A,0.389074014171879,0.035115668240499436,0.5758103175876222,4,16,gamma_0.1,gamma,0.1
144,C,0.5653299423255759,0.04302567050024566,0.39164438717417827,4,16,gamma_0.1,gamma,0.1
145,A,0.38660803188269854,0.034120024251058576,0.5792719438662428,4,16,gamma_0.1,gamma,0.1
145,C,0.5618805607771125,0.04221306024983075,0.39590637897305836,4,16,gamma_0.1,gamma,0.1
146,A,0.38422148208156987,0.03314355607207192,0.582634961846357,4,16,gamma_0.1,gamma,0.1
146,C,0.5585186302806219,0.04139456666492793,0.4000868030544505,4,16,gamma_0.1,gamma,0.1
147,A,0.38191214119253103,0.03218655462720574,0.5859013041802629,4,16,gamma_0.1,gamma,0.1
147,C,0.5552431902119367,0.04057166447343685,0.4041851453146265,4,16,gamma_0.1,gamma,0.1
148,A,0.3796778206529998,0.03124924981908215,0.5890729295279172,4,16,gamma_0.1,gamma,0.1
148,C,0.5520531957565481,0.039745768118102674,0.40820103612534875,4,16,gamma_0.1,gamma,0.1
149,A,0.37751636882440964,0.030331814520313076,0.5921518166552775,4,16,gamma_0.1,gamma,0.1
149,C,0.5489475258379654,0.038918229950916906,0.4121342442111164,4,16,gamma_0.1,gamma,0.1
150,A,0.37542567262304793,0.02943436845079601,0.5951399589261573,4,16,gamma_0.1,gamma,0.1
150,C,0.5459249907467281,0.038090338884263095,0.4159846703690097,4,16,gamma_0.1,gamma,0.1
151,A,0.3734036588931491,0.02855698193115187,0.5980393591756986,4,16,gamma_0.1,gamma,0.1
151,C,0.5429843394539599,0.037263319470725094,0.41975234107531556,4,16,gamma_0.1,gamma,0.1
152,A,0.3714482955430884,0.027699679504261786,0.6008520249526499,4,16,gamma_0.1,gamma,0.1
152,C,0.5401242665974051,0.036438331382278595,0.42343740202031616,4,16,gamma_0.1,gamma,0.1
153,A,0.369557592464429,0.02686244341865261,0.6035799641169178,4,16,gamma_0.1,gamma,0.1
153,C,0.5373434191320857,0.03561646925826427,0.42704011160964916,4,16,gamma_0.1,gamma,0.1
154,A,0.3677296022524779,0.026045216969151457,0.6062251807783697,4,16,gamma_0.1,gamma,0.1
154,C,0.5346404026412366,0.03479876289111656,0.4305608344676462,4,16,gamma_0.1,gamma,0.1
155,A,0.3659624207457955,0.025247907691775706,0.6087896715624285,4,16,gamma_0.1,gamma,0.1
155,C,0.5320137873058923,0.033986177719237544,0.4340000349748698,4,16,gamma_0.1,gamma,0.1
156,A,0.3642541874010101,0.024470390411194188,0.6112754221877948,4,16,gamma_0.1,gamma,0.1
156,C,0.5294621135338644,0.0331796155970871,0.4373582708690477,4,16,gamma_0.1,gamma,0.1
157,A,0.3626030855182101,0.023712510140267363,0.613684404341523,4,16,gamma_0.1,gamma,0.1
157,C,0.5269838972511292,0.03237991581323435,0.4406361869356353,4,16,gamma_0.1,gamma,0.1
158,A,0.361007342331154,0.022974084832186496,0.6160185728366591,4,16,gamma_0.1,gamma,0.1
158,C,0.5245776348606931,0.03158785632791885,0.4438345088113894,4,16,gamma_0.1,gamma,0.1
159,A,0.3594652289755887,0.022254907986615682,0.6182798630377954,4,16,gamma_0.1,gamma,0.1
159,C,0.5222418078757372,0.030804155202742097,0.4469540369215212,4,16,gamma_0.1,gamma,0.1
160,A,0.3579750603479819,0.02155475111200426,0.620470188540015,4,16,gamma_0.1,gamma,0.1
160,C,0.5199748872352242,0.03002947219641705,0.4499956405683596,4,16,gamma_0.1,gamma,0.1
161,A,0.35653519486611573,0.020873366046890333,0.6225914390869941,4,16,gamma_0.1,gamma,0.1
161,C,0.5177753373112589,0.02926441050190551,0.45296025218683633,4,16,gamma_0.1,gamma,0.1
162,A,0.35514403414209605,0.020210487143573326,0.624645478714331,4,16,gamma_0.1,gamma,0.1
162,C,0.5156416196185021,0.0285095186017102,0.45584886177978784,4,16,gamma_0.1,gamma,0.1
163,A,0.35380002257740123,0.01956583331809087,0.6266341441045086,4,16,gamma_0.1,gamma,0.1
163,C,0.513572196236687,0.027765292219537076,0.45866251154377574,4,16,gamma_0.1,gamma,0.1
164,A,0.35250164688986735,0.018939109969815637,0.6285592431403163,4,16,gamma_0.1,gamma,0.1
164,C,0.5115655329575698,0.02703217634837843,0.4614022906940516,4,16,gamma_0.1,gamma,0.1
165,A,0.3512474355794533,0.018330010776577293,0.6304225536439702,4,16,gamma_0.1,gamma,0.1
165,C,0.5096201021689024,0.02631056733575178,0.4640693304953477,4,16,gamma_0.1,gamma,0.1
166,A,0.3500359583412859,0.01773821936907198,0.6322258222896429,4,16,gamma_0.1,gamma,0.1
166,C,0.5077343854872509,0.025600815009405316,0.4666647995033429,4,16,gamma_0.1,gamma,0.1
167,A,0.3488658254330056,0.017163410889364773,0.6339707636776295,4,16,gamma_0.1,gamma,0.1
167,C,0.5059068761521067,0.02490322482781678,0.46918989902007635,4,16,gamma_0.1,gamma,0.1
168,A,0.3477356870028244,0.01660525343841013,0.6356590595587662,4,16,gamma_0.1,gamma,0.1
168,C,0.5041360811937023,0.02421806004127273,0.47164585876502485,4,16,gamma_0.1,gamma,0.1
169,A,0.3466442323840319,0.016063409417707973,0.6372923581982595,4,16,gamma_0.1,gamma,0.1
169,C,0.5024205233869959,0.023545543850704332,0.4740339327622989,4,16,gamma_0.1,gamma,0.1
170,A,0.345590189361281,0.01553753677011059,0.6388722738686077,4,16,gamma_0.1,gamma,0.1
170,C,0.5007587430039914,0.022885861552882254,0.4763553954431264,4,16,gamma_0.1,gamma,0.1
171,A,0.34457232341358274,0.01502729012467142,0.6404003864617455,4,16,gamma_0.1,gamma,0.1
171,C,0.4991492993763474,0.0222391626619091,0.47861153796174466,4,16,gamma_0.1,gamma,0.1
172,A,0.34358943693851124,0.014532321850395845,0.6418782412110927,4,16,gamma_0.1,gamma,0.1
172,C,0.49759077227996096,0.021605562998155012,0.4808036647218849,4,16,gamma_0.1,gamma,0.1
173,A,0.34264036846163776,0.014052283023735576,0.6433073485146268,4,16,gamma_0.1,gamma,0.1
173,C,0.49608176315289615,0.020985146736909585,0.48293309011019536,4,16,gamma_0.1,gamma,0.1
174,A,0.34172399183482666,0.013586824314586333,0.6446891838505868,4,16,gamma_0.1,gamma,0.1
174,C,0.49462089615766447,0.020377968410105068,0.4850011354322314,4,16,gamma_0.1,gamma,0.1
175,A,0.3408392154266986,0.013135596795408527,0.6460251877778942,4,16,gamma_0.1,gamma,0.1
175,C,0.4932068190984747,0.019784054855485445,0.48700912604603896,4,16,gamma_0.1,gamma,0.1
176,A,0.339984981308234,0.012698252677941927,0.6473167660138237,4,16,gamma_0.1,gamma,0.1
176,C,0.491838204203639,0.01920340710853431,0.48895838868782615,4,16,gamma_0.1,gamma,0.1
177,A,0.33916026443622466,0.012274445981848866,0.6485652895819262,4,16,gamma_0.1,gamma,0.1
177,C,0.49051374878287435,0.01863600223332735,0.49085024898379787,4,16,gamma_0.1,gamma,0.1
178,A,0.3383640718369596,0.011863833139481203,0.6497720950235581,4,16,gamma_0.1,gamma,0.1
178,C,0.4892321757688459,0.018081795089257353,0.492686029141897,4,16,gamma_0.1,gamma,0.1
179,A,0.3375954417922929,0.011466073540811814,0.6509384846668947,4,16,gamma_0.1,gamma,0.1
179,C,0.48799223415179727,0.01754072003129383,0.4944670458169096,4,16,gamma_0.1,gamma,0.1
180,A,0.33685344303001663,0.011080830022404118,0.6520657269475796,4,16,gamma_0.1,gamma,0.1
180,C,0.4867926993157103,0.017012692542090507,0.4961946081421992,4,16,gamma_0.1,gamma,0.1
181,A,0.33613717392022857,0.01070776930412646,0.6531550567756438,4,16,gamma_0.1,gamma,0.1
181,C,0.4856323732839618,0.016497610794837678,0.4978700159212013,4,16,gamma_0.1,gamma,0.1
182,A,0.3354457616792082,0.010346562377158907,0.6542076759436323,4,16,gamma_0.1,gamma,0.1
182,C,0.4845100848820002,0.015995357146296466,0.4994945579717038,4,16,gamma_0.1,gamma,0.1
183,A,0.33477836158206464,0.009996884846708212,0.6552247535712279,4,16,gamma_0.1,gamma,0.1
183,C,0.4834246898240399,0.0155057995600091,0.5010695106159521,4,16,gamma_0.1,gamma,0.1
184,A,0.3341341561855758,0.009658417232409093,0.6562074265820154,4,16,gamma_0.1,gamma,0.1
184,C,0.4823750707311763,0.015028792959275911,0.5025961363095482,4,16,gamma_0.1,gamma,0.1
185,A,0.3335123545618071,0.009330845229874131,0.6571568002083192,4,16,gamma_0.1,gamma,0.1
185,C,0.48136013708599806,0.014564180511763598,0.5040756824022392,4,16,gamma_0.1,gamma,0.1
186,A,0.33291219154362045,0.009013859936028577,0.6580739485203515,4,16,gamma_0.1,gamma,0.1
186,C,0.4803788251303072,0.014111794845970851,0.5055093800237206,4,16,gamma_0.1,gamma,0.1
187,A,0.3323329269828289,0.008707158040966969,0.6589599149762049,4,16,gamma_0.1,gamma,0.1
187,C,0.47943009771145007,0.01367145920078789,0.5068984430877614,4,16,gamma_0.1,gamma,0.1
188,A,0.3317738450216145,0.008410441988919161,0.6598157129894664,4,16,gamma_0.1,gamma,0.1
188,C,0.4785129440824047,0.013242988509619493,0.5082440674079769,4,16,gamma_0.1,gamma,0.1
189,A,0.3312342533777078,0.008123420110803655,0.6606423265114867,4,16,gamma_0.1,gamma,0.1
189,C,0.47762637966031535,0.012826190420848715,0.5095474299188354,4,16,gamma_0.1,gamma,0.1
190,A,0.3307134826437449,0.007845806730671388,0.6614407106255837,4,16,gamma_0.1,gamma,0.1
190,C,0.47676944574791735,0.012420866256484985,0.5108096879955967,4,16,gamma_0.1,gamma,0.1
191,A,0.3302108856011648,0.00757732224817905,0.6622117921506564,4,16,gamma_0.1,gamma,0.1
191,C,0.4759412092220184,0.012026811910889824,0.5120319788670912,4,16,gamma_0.1,gamma,0.1
192,A,0.3297258365489369,0.007317693199103825,0.6629564702519599,4,16,gamma_0.1,gamma,0.1
192,C,0.4751407621929387,0.01164381869158694,0.5132154191154736,4,16,gamma_0.1,gamma,0.1
193,A,0.3292577306473056,0.007066652295800375,0.6636756170568948,4,16,gamma_0.1,gamma,0.1
193,C,0.47436722163846695,0.011271674104285574,0.5143611042572471,4,16,gamma_0.1,gamma,0.1
194,A,0.3288059832766956,0.006823938449384341,0.6643700782739206,4,16,gamma_0.1,gamma,0.1
194,C,0.47361972901559635,0.01091016258431309,0.5154701084000908,4,16,gamma_0.1,gamma,0.1
195,A,0.32837002941185395,0.006589296775304489,0.6650406738128415,4,16,gamma_0.1,gamma,0.1
195,C,0.47289744985308957,0.010559066176669992,0.5165434839702435,4,16,gamma_0.1,gamma,0.1
196,A,0.3279493230112643,0.006362478583850459,0.6656881984048859,4,16,gamma_0.1,gamma,0.1
196,C,0.4721995733276682,0.010218165166923778,0.5175822615054091,4,16,gamma_0.1,gamma,0.1
197,A,0.32754333642182265,0.006143241357039974,0.6663134222211369,4,16,gamma_0.1,gamma,0.1
197,C,0.471525311826435,0.009887238665163245,0.5185874495084029,4,16,gamma_0.1,gamma,0.1
198,A,0.3271515597987236,0.0059313487132320345,0.6669170914880441,4,16,gamma_0.1,gamma,0.1
198,C,0.4708739004978479,0.009566065145231046,0.5195600343569216,4,16,gamma_0.1,gamma,0.1
199,A,0.3267735005404675,0.0057265703607195335,0.6674999290988128,4,16,gamma_0.1,gamma,0.1
199,C,0.4702445967934667,0.009254422941432607,0.520500980265101,4,16,gamma_0.1,gamma,0.1
200,A,0.3264086827388679,0.005528682041463844,0.6680626352196682,4,16,gamma_0.1,gamma,0.1
200,C,0.46963668000241043,0.008952090704882208,0.5214112292927086,4,16,gamma_0.1,gamma,0.1
201,A,0.3260566466439136,0.00533746546604924,0.668605887890036,4,16,gamma_0.1,gamma,0.1
201,C,0.4690494507803621,0.008658847821603902,0.5222917013980342,4,16,gamma_0.1,gamma,0.1
202,A,0.3257169481433143,0.005152708240855847,0.6691303436158298,4,16,gamma_0.1,gamma,0.1
202,C,0.4684822306747613,0.0083744747944606,0.523143294530778,4,16,gamma_0.1,gamma,0.1
203,A,0.3253891582565318,0.004974203788377699,0.6696366379550887,4,16,gamma_0.1,gamma,0.1
203,C,0.46793436164765817,0.008098753590948405,0.5239668847613927,4,16,gamma_0.1,gamma,0.1
204,A,0.32507286264311136,0.004801751261522333,0.6701253860953655,4,16,gamma_0.1,gamma,0.1
204,C,0.4674052055977255,0.007831467958686196,0.5247633264435891,4,16,gamma_0.1,gamma,0.1
205,A,0.3247676611250391,0.004635155452709912,0.6705971834222515,4,16,gamma_0.1,gamma,0.1
205,C,0.4668941438824287,0.007572403710721368,0.5255334524068505,4,16,gamma_0.1,gamma,0.1
206,A,0.3244731672229278,0.004474226698477151,0.6710526060785942,4,16,gamma_0.1,gamma,0.1
206,C,0.4664005768416071,0.007321348982340379,0.5262780741760531,4,16,gamma_0.1,gamma,0.1
207,A,0.3241890077057609,0.004318780780252917,0.6714922115139855,4,16,gamma_0.1,gamma,0.1
207,C,0.46592392332345056,0.0070780944611466895,0.5269979822154033,4,16,gamma_0.1,gamma,0.1
208,A,0.3239148221539373,0.0041686388219184045,0.6719165390241443,4,16,gamma_0.1,gamma,0.1
208,C,0.465463620213772,0.006842433592101362,0.5276939461941264,4,16,gamma_0.1,gamma,0.1
209,A,0.3236502625353551,0.004023627184716234,0.6723261102799281,4,16,gamma_0.1,gamma,0.1
209,C,0.46501912196935485,0.006614162759171768,0.528366715271473,4,16,gamma_0.1,gamma,0.1
210,A,0.3233949927942467,0.003883577360022886,0.6727214298457308,4,16,gamma_0.1,gamma,0.1
210,C,0.46458990015606705,0.006393081445146172,0.5290170183987872,4,16,gamma_0.1,gamma,0.1
211,A,0.3231486884524944,0.003748325860451987,0.6731029856870527,4,16,gamma_0.1,gamma,0.1
211,C,0.46417544299239344,0.006178992371086142,0.5296455646365207,4,16,gamma_0.1,gamma,0.1
212,A,0.3229110362231463,0.003617714109715581,0.6734712496671379,4,16,gamma_0.1,gamma,0.1
212,C,0.46377525489893634,0.005971701616823088,0.5302530434842416,4,16,gamma_0.1,gamma,0.1
213,A,0.3226817336358396,0.0034915883316325586,0.6738266780325283,4,16,gamma_0.1,gamma,0.1
213,C,0.46338885605436236,0.005771018723844363,0.5308401252217924,4,16,gamma_0.1,gamma,0.1
214,A,0.3224604886738516,0.0033697994386383398,0.6741697118875106,4,16,gamma_0.1,gamma,0.1
214,C,0.46301578195822657,0.005576756781850319,0.5314074612599228,4,16,gamma_0.1,gamma,0.1
215,A,0.32224701942249223,0.0032522029201158416,0.6745007776573922,4,16,gamma_0.1,gamma,0.1
215,C,0.46265558300101306,0.005388732500193198,0.5319556844987944,4,16,gamma_0.1,gamma,0.1
216,A,0.32204105372854763,0.003138658730836452,0.674820287540617,4,16,gamma_0.1,gamma,0.1
216,C,0.46230782404172216,0.005206766265342636,0.5324854096929349,4,16,gamma_0.1,gamma,0.1
217,A,0.32184232887049163,0.0030290311797712584,0.6751286399497368,4,16,gamma_0.1,gamma,0.1
217,C,0.46197208399325457,0.005030682185460214,0.5329972338212859,4,16,gamma_0.1,gamma,0.1
218,A,0.32165059123918793,0.0029231888195064525,0.6754262199413051,4,16,gamma_0.1,gamma,0.1
218,C,0.4616479554157992,0.004860308123106671,0.5334917364610935,4,16,gamma_0.1,gamma,0.1
219,A,0.32146559602879615,0.002821004336472163,0.6757133996347312,4,16,gamma_0.1,gamma,0.1
219,C,0.46133504411841736,0.00469547571704732,0.5339694801645353,4,16,gamma_0.1,gamma,0.1
220,A,0.3212871069376038,0.0027223544421713336,0.6759905386202242,4,16,gamma_0.1,gamma,0.1
220,C,0.46103296876893357,0.004536020394063808,0.5344310108370017,4,16,gamma_0.1,gamma,0.1
221,A,0.3211148958785159,0.002627119765574126,0.67625798435591,4,16,gamma_0.1,gamma,0.1
221,C,0.460741360512262,0.004381781371626017,0.5348768581161136,4,16,gamma_0.1,gamma,0.1
222,A,0.3209487426989298,0.0025351847468239883,0.6765160725542457,4,16,gamma_0.1,gamma,0.1
222,C,0.4604598625972135,0.004232601652225661,0.5353075357505612,4,16,gamma_0.1,gamma,0.1
223,A,0.3207884349097278,0.0024464375323830024,0.6767651275578893,4,16,gamma_0.1,gamma,0.1
223,C,0.4601881300118552,0.004088328010124947,0.5357235419780209,4,16,gamma_0.1,gamma,0.1
224,A,0.32063376742311744,0.00236076987173359,0.6770054627051489,4,16,gamma_0.1,gamma,0.1
224,C,0.4599258291274183,0.003948810971218132,0.5361253599013635,4,16,gamma_0.1,gamma,0.1
225,A,0.32048454229908696,0.002278077015725329,0.6772373806851882,4,16,gamma_0.1,gamma,0.1
225,C,0.4596726373507625,0.0038139047866766296,0.536513457862561,4,16,gamma_0.1,gamma,0.1
226,A,0.3203405685001906,0.0021982576166549297,0.6774611738831539,4,16,gamma_0.1,gamma,0.1
226,C,0.45942824278536215,0.0036834674009852326,0.5368882898136536,4,16,gamma_0.1,gamma,0.1
227,A,0.3202016616544509,0.002121213630150191,0.6776771247153996,4,16,gamma_0.1,gamma,0.1
227,C,0.4591923439007835,0.0035573604149440447,0.537250295684271,4,16,gamma_0.1,gamma,0.1
228,A,0.32006764382609687,0.0020468502189169005,0.6778855059549859,4,16,gamma_0.1,gamma,0.1
228,C,0.4589646492105977,0.0034354490441716244,0.5375999017452328,4,16,gamma_0.1,gamma,0.1
229,A,0.3199383432939386,0.0019750756583964604,0.6780865810476648,4,16,gamma_0.1,gamma,0.1
229,C,0.4587448769586212,0.003317602073608338,0.5379375209677708,4,16,gamma_0.1,gamma,0.1
230,A,0.31981359433712137,0.0019058012443728277,0.6782806044185052,4,16,gamma_0.1,gamma,0.1
230,C,0.45853275481346034,0.0032036918084834437,0.5382635533780563,4,16,gamma_0.1,gamma,0.1
231,A,0.3196932370280407,0.0018389412025592395,0.6784678217694003,4,16,gamma_0.1,gamma,0.1
231,C,0.45832801957119446,0.0030935940221744544,0.5385783864066318,4,16,gamma_0.1,gamma,0.1
232,A,0.31957711703219793,0.001774412600187157,0.6786484703676147,4,16,gamma_0.1,gamma,0.1
232,C,0.4581304168661347,0.002987187901357035,0.538882395232509,4,16,gamma_0.1,gamma,0.1
233,A,0.3194650854147806,0.0017121352596122866,0.6788227793256066,4,16,gamma_0.1,gamma,0.1
233,C,0.45793970088952696,0.002884355988813994,0.5391759431216592,4,16,gamma_0.1,gamma,0.1
234,A,0.31935699845375126,0.0016520316739459778,0.6789909698723027,4,16,gamma_0.1,gamma,0.1
234,C,0.4577556341160769,0.002784984124244379,0.5394593817596788,4,16,gamma_0.1,gamma,0.1
235,A,0.3192527174592495,0.0015940269247144638,0.6791532556160357,4,16,gamma_0.1,gamma,0.1
235,C,0.4575779870381667,0.0026889613833870666,0.5397330515784462,4,16,gamma_0.1,gamma,0.1
236,A,0.31915210859909593,0.001538048601543223,0.6793098427993614,4,16,gamma_0.1,gamma,0.1
236,C,0.45740653790762265,0.0025961800157485236,0.5399972820766287,4,16,gamma_0.1,gamma,0.1
237,A,0.31905504273021434,0.0014840267238589466,0.6794609305459267,4,16,gamma_0.1,gamma,0.1
237,C,0.457241072484907,0.0025065353812011213,0.5402523921338923,4,16,gamma_0.1,gamma,0.1
238,A,0.31896139523577416,0.0014318936645972876,0.6796067110996277,4,16,gamma_0.1,gamma,0.1
238,C,0.4570813837955697,0.0024199258856968855,0.5404986903187349,4,16,gamma_0.1,gamma,0.1
239,A,0.3188710458678725,0.001381584075900759,0.6797473700562267,4,16,gamma_0.1,gamma,0.1
239,C,0.45692727189383275,0.0023362529163210265,0.5407364751898451,4,16,gamma_0.1,gamma,0.1
240,A,0.31878387859557755,0.0013330348167877439,0.679883086587634,4,16,gamma_0.1,gamma,0.1
240,C,0.45677854363314946,0.00225542077589061,0.5409660355909598,4,16,gamma_0.1,gamma,0.1
241,A,0.31869978145816047,0.0012861848827706696,0.6800140336590682,4,16,gamma_0.1,gamma,0.1
241,C,0.45663501244357296,0.0021773366172856802,0.5411876509391421,4,16,gamma_0.1,gamma,0.1
242,A,0.3186186464233377,0.0012409753373986883,0.6801403782392629,4,16,gamma_0.1,gamma,0.1
242,C,0.45649649811580917,0.002101910377683606,0.5414015915065061,4,16,gamma_0.1,gamma,0.1
243,A,0.31854036925037604,0.0011973492456974957,0.6802622815039266,4,16,gamma_0.1,gamma,0.1
243,C,0.45636282659178407,0.002029054712851274,0.5416081186953653,4,16,gamma_0.1,gamma,0.1
244,A,0.31846484935787933,0.001155251609479984,0.6803798990326403,4,16,gamma_0.1,gamma,0.1
244,C,0.4562338297615597,0.00195868493163891,0.5418074853068009,4,16,gamma_0.1,gamma,0.1
245,A,0.31839198969612587,0.0011146293044926772,0.6804933809993815,4,16,gamma_0.1,gamma,0.1
245,C,0.45610934526648056,0.0018907189307975415,0.5419999358027219,4,16,gamma_0.1,gamma,0.1
246,A,0.318321696623786,0.0010754310193685256,0.6806028723568467,4,16,gamma_0.1,gamma,0.1
246,C,0.45598921630835826,0.0018250771302376336,0.5421857065614037,4,16,gamma_0.1,gamma,0.1
247,A,0.31825387978888675,0.0010376071963527076,0.6807085130147608,4,16,gamma_0.1,gamma,0.1
247,C,0.4558732914645729,0.0017616824088320167,0.5423650261265953,4,16,gamma_0.1,gamma,0.1
248,A,0.3181884520138797,0.0010011099737671106,0.680810438012354,4,16,gamma_0.1,gamma,0.1
248,C,0.45576142450891705,0.0017004600408549715,0.542538115450227,4,16,gamma_0.1,gamma,0.1
249,A,0.3181253291846676,9.658931301778027e-4,0.6809087776851542,4,16,gamma_0.1,gamma,0.1
249,C,0.45565347423805136,0.0016413376331391337,0.5427051881288079,4,16,gamma_0.1,gamma,0.1
250,A,0.31806443014347185,9.319120302295947e-4,0.6810036578262988,4,16,gamma_0.1,gamma,0.1
250,C,0.45554930430340873,0.0015842450630226012,0.5428664506335691,4,16,gamma_0.1,gamma,0.1
251,A,0.31800567658539386,8.991235721114843e-4,0.6810951998424944,4,16,gamma_0.1,gamma,0.1
251,C,0.4554487830484071,0.0015291144171505982,0.5430221025344432,4,16,gamma_0.1,gamma,0.1
252,A,0.3179489929585669,8.674861366164159e-4,0.6811835209048172,4,16,gamma_0.1,gamma,0.1
252,C,0.4553517833508338,0.0014758799311879068,0.5431723367179784,4,16,gamma_0.1,gamma,0.1
253,A,0.3178943063677552,8.369595377583993e-4,0.6812687340944873,4,16,gamma_0.1,gamma,0.1
253,C,0.45525818247024197,0.0014244779304907302,0.543317339599267,4,16,gamma_0.1,gamma,0.1
254,A,0.3178415464813035,8.075049749098523e-4,0.6813509485437873,4,16,gamma_0.1,gamma,0.1
254,C,0.4551678619002359,0.001374846771779864,0.5434572913279834,4,16,gamma_0.1,gamma,0.1
255,A,0.3177906454413125,7.790849864221188e-4,0.6814302695722658,4,16,gamma_0.1,gamma,0.1
255,C,0.45508070722549543,0.0013269267858508846,0.5435923659886522,4,16,gamma_0.1,gamma,0.1
256,A,0.31774153777693,7.516634046922175e-4,0.681506798818379,4,16,gamma_0.1,gamma,0.1
256,C,0.4549966079834132,0.0012806602213512766,0.5437227317952344,4,16,gamma_0.1,gamma,0.1
257,A,0.3176941603206577,7.252053126390669e-4,0.6815806343667032,4,16,gamma_0.1,gamma,0.1
257,C,0.4549154575302043,0.0012359911896492836,0.5438485512801456,4,16,gamma_0.1,gamma,0.1
258,A,0.3176484521275737,6.99677001552649e-4,0.681651870870873,4,16,gamma_0.1,gamma,0.1
258,C,0.4548371529113675,0.0011928656108143021,0.5439699814778186,4,16,gamma_0.1,gamma,0.1
259,A,0.31760435439735524,6.750459302798669e-4,0.6817205996723649,4,16,gamma_0.1,gamma,0.1
259,C,0.45476159473635547,0.0011512311607242323,0.54408717410292,4,16,gamma_0.1,gamma,0.1
260,A,0.3175618103990246,6.512806857112469e-4,0.6817869089152636,4,16,gamma_0.1,gamma,0.1
260,C,0.45468868705735566,0.0011110372193112157,0.5442002757233333,4,16,gamma_0.1,gamma,0.1
261,A,0.3175207653983181,6.283509445330956e-4,0.6818508836571489,4,16,gamma_0.1,gamma,0.1
261,C,0.4546183372520226,0.001072234819953442,0.5443094279280233,4,16,gamma_0.1,gamma,0.1
262,A,0.31748116658758047,6.062274362101252e-4,0.6819126059762085,4,16,gamma_0.1,gamma,0.1
262,C,0.4545504559100801,0.0010347766000173943,0.5444147674899029,4,16,gamma_0.1,gamma,0.1
263,A,0.31744296301811376,5.848819071640013e-4,0.681972155074722,4,16,gamma_0.1,gamma,0.1
263,C,0.4544849567236493,9.986167525516218e-4,0.5445164265237987,4,16,gamma_0.1,gamma,0.1
264,A,0.31740610553487825,5.642870861147255e-4,0.6820296073790073,4,16,gamma_0.1,gamma,0.1
264,C,0.4544217563812071,9.637109791319856e-4,0.5446145326396598,4,16,gamma_0.1,gamma,0.1
265,A,0.3173705467134814,5.444166505501634e-4,0.6820850366359682,4,16,gamma_0.1,gamma,0.1
265,C,0.4543607744650513,9.30016443852092e-4,0.5447092090910961,4,16,gamma_0.1,gamma,0.1
266,A,0.3173362407993685,5.252451942918795e-4,0.6821385140063398,4,16,gamma_0.1,gamma,0.1
266,C,0.45430193335216595,8.974917284541962e-4,0.5448005749193798,4,16,gamma_0.1,gamma,0.1
267,A,0.31730314364912987,5.067481961251442e-4,0.682190108154744,4,16,gamma_0.1,gamma,0.1
267,C,0.45424515811839583,8.660967885923726e-4,0.54488874509301,4,16,gamma_0.1,gamma,0.1
268,A,0.317271212673874,4.889019894617087e-4,0.6822398853366644,4,16,gamma_0.1,gamma,0.1
268,C,0.45419037644581134,8.357929112179877e-4,0.5449738306429699,4,16,gamma_0.1,gamma,0.1
269,A,0.31724040678456966,4.716837330043954e-4,0.6822879094824253,4,16,gamma_0.1,gamma,0.1
269,C,0.4541375185331576,8.06542673075655e-4,0.5450559387937666,4,16,gamma_0.1,gamma,0.1
270,A,0.3172106863393116,4.5507138238336074e-4,0.6823342422783063,4,16,gamma_0.1,gamma,0.1
270,C,0.45408651700932107,7.783099002965868e-4,0.5451351730903836,4,16,gamma_0.1,gamma,0.1
271,A,0.3171820130924233,4.3904366273461883e-4,0.6823789432448419,4,16,gamma_0.1,gamma,0.1
271,C,0.454037306849683,7.510596290751731e-4,0.5452116335212424,4,16,gamma_0.1,gamma,0.1
272,A,0.317154350145352,4.2358004219209585e-4,0.6824220698124547,4,16,gamma_0.1,gamma,0.1
272,C,0.4539898252952952,7.247580674135149e-4,0.5452854166372917,4,16,gamma_0.1,gamma,0.1
273,A,0.31712766189927655,4.0866070626510226e-4,0.6824636773944585,4,16,gamma_0.1,gamma,0.1
273,C,0.4539440117747683,6.99372557917509e-4,0.545356615667314,4,16,gamma_0.1,gamma,0.1
274,A,0.31710191400938026,3.942665330737805e-4,0.6825038194575467,4,16,gamma_0.1,gamma,0.1
274,C,0.4538998078288005,6.748715416273337e-4,0.5454253206295723,4,16,gamma_0.1,gamma,0.1
275,A,0.3170770733407261,3.803790694157898e-4,0.6825425475898574,4,16,gamma_0.1,gamma,0.1
275,C,0.4538571570372485,6.512245228644027e-4,0.54549161843988625,4,16,gamma_0.1,gamma,0.1
276,A,0.3170531079256836,3.669805076381725e-4,0.6825799115666779,4,16,gamma_0.1,gamma,0.1
276,C,0.45381600494867946,6.284020350763729e-4,0.5455555930162455,4,16,gamma_0.1,gamma,0.1
277,A,0.31702998692284096,3.5405366328900977e-4,0.6826159594138699,4,16,gamma_0.1,gamma,0.1
277,C,0.45377629901228855,6.063756076611908e-4,0.5456173253800497,4,16,gamma_0.1,gamma,0.1
278,A,0.3170076805773677,3.4158195352416255e-4,0.6826507374691072,4,16,gamma_0.1,gamma,0.1
278,C,0.45373798851215275,5.851177337508412e-4,0.5456768937540966,4,16,gamma_0.1,gamma,0.1
279,A,0.3169861601827643,3.295493762450149e-4,0.6826842904409897,4,16,gamma_0.1,gamma,0.1
279,C,0.4537010245036935,5.646018389350434e-4,0.5457343736573723,4,16,gamma_0.1,gamma,0.1
280,A,0.3169653980439551,3.179404899438151e-4,0.6827166614661005,4,16,gamma_0.1,gamma,0.1
280,C,0.4536653597523197,5.448022509049624e-4,0.545789837996776,4,16,gamma_0.1,gamma,0.1
281,A,0.3169453674416781,3.067403942338569e-4,0.6827478921640889,4,16,gamma_0.1,gamma,0.1
281,C,0.45363094867415216,5.256941699968015e-4,0.5458433571558515,4,16,gamma_0.1,gamma,0.1
282,A,0.31692604259812723,2.9593471104236467e-4,0.6827780226908304,4,16,gamma_0.1,gamma,0.1
282,C,0.4535977472787711,5.072536406150283e-4,0.5458949990806143,4,16,gamma_0.1,gamma,0.1
283,A,0.3169073986437986,2.8550956644455167e-4,0.6828070917897563,4,16,gamma_0.1,gamma,0.1
283,C,0.4535657131139205,4.894575235148723e-4,0.5459448293625648,4,16,gamma_0.1,gamma,0.1
284,A,0.3168894115855068,2.7545157311816335e-4,0.6828351368413759,4,16,gamma_0.1,gamma,0.1
284,C,0.45353480521210426,4.72283468924216e-4,0.545992911318973,4,16,gamma_0.1,gamma,0.1
285,A,0.31687205827551657,2.657478133978718e-4,0.6828621939110859,4,16,gamma_0.1,gamma,0.1
285,C,0.45350498403900136,4.5570989048389696e-4,0.5460393060705142,4,16,gamma_0.1,gamma,0.1
286,A,0.3168553163817713,2.5638582291004765e-4,0.6828882977953183,4,16,gamma_0.1,gamma,0.1
286,C,0.4534762114436652,4.397159399867327e-4,0.5460840726163485,4,16,gamma_0.1,gamma,0.1
287,A,0.31683916435915965,2.473535747688002e-4,0.6829134820660712,4,16,gamma_0.1,gamma,0.1
287,C,0.45344845061041206,4.2428148289517425e-4,0.5461272679066927,4,16,gamma_0.1,gamma,0.1
288,A,0.31682358142179623,2.386394643147428e-4,0.6829377791138891,4,16,gamma_0.1,gamma,0.1
288,C,0.4534216660123761,4.093870746177669e-4,0.5461689469130067,4,16,gamma_0.1,gamma,0.1
289,A,0.31680854751627574,2.3023229437846846e-4,0.6829612201893454,4,16,gamma_0.1,gamma,0.1
289,C,0.45339582336665074,3.950139375246247e-4,0.5462091626958242,4,16,gamma_0.1,gamma,0.1
290,A,0.31679404329587074,2.221212610512889e-4,0.6829838354430786,4,16,gamma_0.1,gamma,0.1
290,C,0.4533708895909811,3.811439386824599e-4,0.5462479664703365,4,16,gamma_0.1,gamma,0.1
291,A,0.3167800500956329,2.1429593994634402e-4,0.683005653964421,4,16,gamma_0.1,gamma,0.1
291,C,0.4533468327619365,3.6775956828995286e-4,0.5462854076697721,4,16,gamma_0.1,gamma,0.1
292,A,0.3167665499083743,2.067462729337101e-4,0.6830267038186915,4,16,gamma_0.1,gamma,0.1
292,C,0.45332362207453875,3.5484391879454704e-4,0.5463215340066668,4,16,gamma_0.1,gamma,0.1
293,A,0.31675352536149354,1.9946255533362462e-4,0.6830470120831724,4,16,gamma_0.1,gamma,0.1
293,C,0.4533012278032644,3.4238066467196486e-4,0.54635639153206506,4,16,gamma_0.1,gamma,0.1
294,A,0.31674095969461563,1.924354235524373e-4,0.6830666048818324,4,16,gamma_0.1,gamma,0.1
294,C,0.4532796212644084,3.303540428500715e-4,0.546390024692741,4,16,gamma_0.1,gamma,0.1
295,A,0.3167288367380179,1.8565584314638733e-4,0.6830855074188356,4,16,gamma_0.1,gamma,0.1
295,C,0.4532587747797445,3.187488337590046e-4,0.5464224763864972,4,16,gamma_0.1,gamma,0.1
296,A,0.3167171408918215,1.7911509729877685e-4,0.6831037440108801,4,16,gamma_0.1,gamma,0.1
296,C,0.4532386616414282,3.075503429898271e-4,0.5464537880155822,4,16,gamma_0.1,gamma,0.1
297,A,0.3167058571059078,1.7280477569656886e-4,0.6831213381183958,4,16,gamma_0.1,gamma,0.1
297,C,0.45321925607813196,2.967443835443068e-4,0.5464839995383234,4,16,gamma_0.1,gamma,0.1
298,A,0.3166949708605482,1.667167637928829e-4,0.68313831237566,4,16,gamma_0.1,gamma,0.1
298,C,0.45320053322234327,2.863172586587359e-4,0.5465131495190002,4,16,gamma_0.1,gamma,0.1
299,A,0.3166844681477109,1.608432324422875e-4,0.6831546886198463,4,16,gamma_0.1,gamma,0.1
299,C,0.45318246907878734,2.762557451850695e-4,0.5465412751760279,4,16,gamma_0.1,gamma,0.1
300,A,0.3166743354530327,1.55176627896225e-4,0.6831704879190722,4,16,gamma_0.1,gamma,0.1
300,C,0.4531650404939628,2.6654707751301175e-4,0.5465684124285228,4,16,gamma_0.1,gamma,0.1
301,A,0.3166645597384153,1.497096621462927e-4,0.6831857305994385,4,16,gamma_0.1,gamma,0.1
301,C,0.4531482251267177,2.5717893201702367e-4,0.5465945959412658,4,16,gamma_0.1,gamma,0.1
302,A,0.31665512842524857,1.4443530360352684e-4,0.6832004362711485,4,16,gamma_0.1,gamma,0.1
302,C,0.45313200141984766,2.481394120125924e-4,0.5466198591681398,4,16,gamma_0.1,gamma,0.1
303,A,0.31664602937820974,1.3934676810219097e-4,0.6832146238536878,4,16,gamma_0.1,gamma,0.1
303,C,0.45311634857269006,2.394170332064529e-4,0.546644234394103,4,16,gamma_0.1,gamma,0.1
304,A,0.3166372508896457,1.3443751021702412e-4,0.6832283116001366,4,16,gamma_0.1,gamma,0.1
304,C,0.4531012465146582,2.3100070962591538e-4,0.5466677527757144,4,16,gamma_0.1,gamma,0.1
305,A,0.31662878166449976,1.2970121488311553e-4,0.6832415171206174,4,16,gamma_0.1,gamma,0.1
305,C,0.45308667587970325,2.228797400125297e-4,0.5466904443802844,4,16,gamma_0.1,gamma,0.1
306,A,0.31662061080576687,1.2513178930807835e-4,0.6832542574049242,4,16,gamma_0.1,gamma,0.1
306,C,0.4530726179816546,2.150437946659843e-4,0.54671233822368,4,16,gamma_0.1,gamma,0.1
307,A,0.3166127278004696,1.2072335516647672e-4,0.6832665488443623,4,16,gamma_0.1,gamma,0.1
307,C,0.4530590547904299,2.0748290272436031e-4,0.5467334623068465,4,16,gamma_0.1,gamma,0.1
308,A,0.31660512250611983,1.1647024106680075e-4,0.6832784072528139,4,16,gamma_0.1,gamma,0.1
308,C,0.4530459689090625,2.00187439867229e-4,0.5467538436510699,4,16,gamma_0.1,gamma,0.1
309,A,0.31659778513765907,1.1236697528158948e-4,0.6832898478870584,4,16,gamma_0.1,gamma,0.1
309,C,0.45303334355153535,1.9314811642840072e-4,0.5467735083320361,4,16,gamma_0.1,gamma,0.1
310,A,0.3165907062548693,1.0840827873162972e-4,0.6833008854663984,4,16,gamma_0.1,gamma,0.1
310,C,0.4530211625213796,1.863559659055024e-4,0.5467924815127141,4,16,gamma_0.1,gamma,0.1
311,A,0.3165838767502079,1.0458905821546226e-4,0.6833115341915758,4,16,gamma_0.1,gamma,0.1
311,C,0.45300941019102714,1.7980233385391485e-4,0.5468107874751202,4,16,gamma_0.1,gamma,0.1
312,A,0.31657728783709116,1.0090439987572224e-4,0.6833218077630325,4,16,gamma_0.1,gamma,0.1
312,C,0.45299807148187204,1.734788671529258e-4,0.5468284496509744,4,16,gamma_0.1,gamma,0.1
313,A,0.31657093103857675,9.73495628941225e-5,0.6833317193985297,4,16,gamma_0.1,gamma,0.1
313,C,0.4529871318450438,1.673775036322951e-4,0.5468454906513237,4,16,gamma_0.1,gamma,0.1
314,A,0.3165647981764511,9.391997340716217e-5,0.6833412818501418,4,16,gamma_0.1,gamma,0.1
314,C,0.4529765772428298,1.6149046204773566e-4,0.5468619322951226,4,16,gamma_0.1,gamma,0.1
315,A,0.31655888136070354,9.06112186349114e-5,0.6833505074206624,4,16,gamma_0.1,gamma,0.1
315,C,0.4529663941307627,1.5581023239416144e-4,0.546877795636844,4,16,gamma_0.1,gamma,0.1
316,A,0.31655317297936386,8.741904121548392e-5,0.683359407979421,4,16,gamma_0.1,gamma,0.1
316,C,0.4529565694403253,1.5032956654584365e-4,0.5468931009931277,4,16,gamma_0.1,gamma,0.1
317,A,0.31654766568870607,8.433933373805781e-5,0.683367994977555,4,16,gamma_0.1,gamma,0.1
317,C,0.45294709056226334,1.4504146921295432e-4,0.5469078679685236,4,16,gamma_0.1,gamma,0.1
318,A,0.31654235240379247,8.136813346754902e-5,0.6833762794627402,4,16,gamma_0.1,gamma,0.1
318,C,0.45293794533047377,1.399391892042519e-4,0.5469221154803224,4,16,gamma_0.1,gamma,0.1
319,A,0.31653722628935144,7.850161725427203e-5,0.6833842720933943,4,16,gamma_0.1,gamma,0.1
319,C,0.45292912200646446,1.3501621098598894e-4,0.5469358617825507,4,16,gamma_0.1,gamma,0.1
320,A,0.31653228075097906,7.573609662215702e-5,0.6833919831523975,4,16,gamma_0.1,gamma,0.1
320,C,0.45292060926434996,1.3026624652738594e-4,0.5469491244891231,4,16,gamma_0.1,gamma,0.1
321,A,0.3165275094266516,7.306801302930303e-5,0.6833994225603192,4,16,gamma_0.1,gamma,0.1
321,C,0.4529123961763794,1.2568322742332827e-4,0.5469619205961966,4,16,gamma_0.1,gamma,0.1
322,A,0.31652290617852874,7.049393329486666e-5,0.6834065998881756,4,16,gamma_0.1,gamma,0.1
322,C,0.45290447219896185,1.2126129728519528e-4,0.5469742665037531,4,16,gamma_0.1,gamma,0.1
323,A,0.3165184650850614,6.801054518648708e-5,0.6834135243697523,4,16,gamma_0.1,gamma,0.1
323,C,0.45289682715918383,1.1699480439102464e-4,0.5469861780364251,4,16,gamma_0.1,gamma,0.1
324,A,0.31651418043335844,6.561465316265906e-5,0.6834202049134797,4,16,gamma_0.1,gamma,0.1
324,C,0.45288945124179936,1.1287829458648886e-4,0.5469976704636127,4,16,gamma_0.1,gamma,0.1
325,A,0.3165100467118404,6.33031742646264e-5,0.6834266501138947,4,16,gamma_0.1,gamma,0.1
325,C,0.45288233497667874,1.0890650442836941e-4,0.5470087585188929,4,16,gamma_0.1,gamma,0.1
326,A,0.3165060586031408,6.107313415258984e-5,0.6834328682627054,4,16,gamma_0.1,gamma,0.1
326,C,0.4528754692266849,1.0507435456252198e-4,0.5470194564187527,4,16,gamma_0.1,gamma,0.1
327,A,0.31650221097726156,5.89216632811861e-5,0.6834388673594582,4,16,gamma_0.1,gamma,0.1
327,C,0.4528688451759876,1.0137694332856268e-4,0.5470297778806843,4,16,gamma_0.1,gamma,0.1
328,A,0.3164984988849688,5.684599320937109e-5,0.6834446551218221,4,16,gamma_0.1,gamma,0.1
328,C,0.4528624543187761,9.780954058373247e-5,0.5470397361406395,4,16,gamma_0.1,gamma,0.1
329,A,0.31649491755142356,5.484345304000775e-5,0.6834502389955369,4,16,gamma_0.1,gamma,0.1
329,C,0.45285628844837744,9.436758173863571e-5,0.5470493439698833,4,16,gamma_0.1,gamma,0.1
330,A,0.3164914623700333,5.2911465984618183e-5,0.6834556261639818,4,16,gamma_0.1,gamma,0.1
330,C,0.4528503396467456,9.104666199777675e-5,0.5470586136912569,4,16,gamma_0.1,gamma,0.1
331,A,0.3164881288965238,5.104754604892186e-5,0.6834608235574261,4,16,gamma_0.1,gamma,0.1
331,C,0.45284460027432255,8.784253079804521e-5,0.5470675571948794,4,16,gamma_0.1,gamma,0.1
332,A,0.3164849128432191,4.924929483493272e-5,0.6834658378619468,4,16,gamma_0.1,gamma,0.1
332,C,0.4528390629602597,8.475108643851787e-5,0.5470761859533018,4,16,gamma_0.1,gamma,0.1
333,A,0.316481810073518,4.7514398455530905e-5,0.6834706755280253,4,16,gamma_0.1,gamma,0.1
333,C,0.45283372059297505,8.176837089514864e-5,0.5470845110361304,4,16,gamma_0.1,gamma,0.1
334,A,0.31647881659657773,4.584062455757053e-5,0.6834753427788647,4,16,gamma_0.1,gamma,0.1
334,C,0.4528285663110427,7.889056481413085e-5,0.547092543124143,4,16,gamma_0.1,gamma,0.1
335,A,0.3164759285621687,4.422581944971709e-5,0.6834798456183818,4,16,gamma_0.1,gamma,0.1
335,C,0.4528235934944058,7.6113982677908075e-05,0.547100292522916,4,16,gamma_0.1,gamma,0.1
336,A,0.3164731422557235,4.2667905331344577e-5,0.683484189838945,4,16,gamma_0.1,gamma,0.1
336,C,0.45281879575589407,7.343506813800625e-5,0.5471077691759679,4,16,gamma_0.1,gamma,0.1
337,A,0.316470454093556,4.116487761894785e-5,0.6834883810288254,4,16,gamma_0.1,gamma,0.1
337,C,0.45281416693303744,7.085038950905065e-5,0.5471149826774538,4,16,gamma_0.1,gamma,0.1
338,A,0.31646786061824644,3.971480236664846e-5,0.6834924245793867,4,16,gamma_0.1,gamma,0.1
338,C,0.45280970108017116,6.835663541850555e-5,0.5471219422844098,4,16,gamma_0.1,gamma,0.1
339,A,0.3164653584941935,3.831581377749334e-5,0.6834963256920282,4,16,gamma_0.1,gamma,0.1
339,C,0.4528053924608145,6.595061060686352e-5,0.547128656928578,4,16,gamma_0.1,gamma,0.1
340,A,0.31646294450332085,3.6966111802358805e-5,0.6835000893848777,4,16,gamma_0.1,gamma,0.1
340,C,0.4528012355403178,6.362923187316746e-5,0.5471351352278093,4,16,gamma_0.1,gamma,0.1
341,A,0.316460615540934,3.566395982338378e-5,0.6835037204992431,4,16,gamma_0.1,gamma,0.1
341,C,0.452797224978768,6.138952416093156e-5,0.5471413854970711,4,16,gamma_0.1,gamma,0.1
342,A,0.31645836861172816,3.440768241896497e-5,0.6835072237058522,4,16,gamma_0.1,gamma,0.1
342,C,0.45279335562414164,5.922861677967862e-5,0.547147415759078,4,16,gamma_0.1,gamma,0.1
343,A,0.3164562008259299,3.3195663207447005e-5,0.6835106035108621,4,16,gamma_0.1,gamma,0.1
343,C,0.45278962250570304,5.714373975746818e-5,0.5471532337545412,4,16,gamma_0.1,gamma,0.1
344,A,0.3164541093955789,3.2026342766746465e-5,0.6835138642616541,4,16,gamma_0.1,gamma,0.1
344,C,0.45278602082762226,5.513222031995496e-5,0.5471588469520581,4,16,gamma_0.1,gamma,0.1
345,A,0.3164520916309407,3.089821662723692e-5,0.6835170101524313,4,16,gamma_0.1,gamma,0.1
345,C,0.45278254596283407,5.319147949164258e-5,0.5471642625576741,4,16,gamma_0.1,gamma,0.1
346,A,0.31645014493704615,2.9809833335321645e-5,0.6835200452296191,4,16,gamma_0.1,gamma,0.1
346,C,0.45277919344709877,5.131902881515766e-5,0.547169487524086,4,16,gamma_0.1,gamma,0.1
347,A,0.3164482668103493,2.8759792585210022e-5,0.6835229733970638,4,16,gamma_0.1,gamma,0.1
347,C,0.45277595897327844,4.9512467184506436e-5,0.5471745285595376,4,16,gamma_0.1,gamma,0.1
348,A,0.31644645483550915,2.7746743416499274e-5,0.6835257984210739,4,16,gamma_0.1,gamma,0.1
348,C,0.4527728383858088,4.7769477788405183e-05,0.547179392136403,4,16,gamma_0.1,gamma,0.1
349,A,0.3164447066822792,2.676938247524709e-5,0.6835285239352455,4,16,gamma_0.1,gamma,0.1
349,C,0.452769827675374,4.608782515990702e-5,0.5471840844994666,4,16,gamma_0.1,gamma,0.1
350,A,0.3164430201025079,2.5826452336300916e-5,0.683531153445156,4,16,gamma_0.1,gamma,0.1
350,C,0.45276692297375754,4.446535232867515e-5,0.547188611673913,4,16,gamma_0.1,gamma,0.1
351,A,0.31644139292724904,2.491673988473066e-5,0.6835336903328671,4,16,gamma_0.1,gamma,0.1
351,C,0.4527641205488849,4.2899978072374546e-5,0.5471929794730429,4,16,gamma_0.1,gamma,0.1
352,A,0.31643982306396795,2.4039074754284348e-5,0.6835361378612772,4,16,gamma_0.1,gamma,0.1
352,C,0.4527614168000289,4.1389694263771255e-5,0.547197193505707,4,16,gamma_0.1,gamma,0.1
353,A,0.3164383084938509,2.3192327820861163e-5,0.6835384991783281,4,16,gamma_0.1,gamma,0.1
353,C,0.4527588082531952,3.993256331024607e-5,0.5472012591834944,4,16,gamma_0.1,gamma,0.1
354,A,0.31643684726920535,2.237540974906401e-5,0.6835407773210441,4,16,gamma_0.1,gamma,0.1
354,C,0.4527562915566608,3.85267156825358e-5,0.5472051817276558,4,16,gamma_0.1,gamma,0.1
355,A,0.31643543751095676,2.1587269589966028e-5,0.6835429752194527,4,16,gamma_0.1,gamma,0.1
355,C,0.45275386347667546,3.71703475296256e-5,0.5472089661757947,4,16,gamma_0.1,gamma,0.1
356,A,0.31643407740622814,2.082689342828507e-5,0.6835450957003442,4,16,gamma_0.1,gamma,0.1
356,C,0.45275152089330684,3.586171837681949e-5,0.5472126173883147,4,16,gamma_0.1,gamma,0.1
357,A,0.3164327652060068,2.009330307722966e-5,0.6835471414909157,4,16,gamma_0.1,gamma,0.1
357,C,0.4527492607964443,3.45991489041156e-5,0.5472161400546512,4,16,gamma_0.1,gamma,0.1
358,A,0.3164314992228986,1.9385554819336427e-5,0.6835491152222832,4,16,gamma_0.1,gamma,0.1
358,C,0.45274708028192545,3.338101880211101e-5,0.5472195386992728,4,16,gamma_0.1,gamma,0.1
359,A,0.3164302778289513,1.8702738191679582e-5,0.6835510194328568,4,16,gamma_0.1,gamma,0.1
359,C,0.45274497654781687,3.220576470275446e-5,0.5472228176874809,4,16,gamma_0.1,gamma,0.1
360,A,0.3164290994535647,1.8043974813891165e-5,0.6835528565716218,4,16,gamma_0.1,gamma,0.1
360,C,0.4527429468908125,3.107187818235695e-5,0.5472259812310056,4,16,gamma_0.1,gamma,0.1
361,A,0.3164279625814671,1.7408417257482472e-5,0.6835546290012755,4,16,gamma_0.1,gamma,0.1
361,C,0.45274098870276497,2.997790383435766e-5,0.5472290333934006,4,16,gamma_0.1,gamma,0.1
362,A,0.3164268657507662,1.679524795501364e-5,0.683556339001279,4,16,gamma_0.1,gamma,0.1
362,C,0.4527390994673393,2.8922437409427735e-5,0.5472319780952517,4,16,gamma_0.1,gamma,0.1
363,A,0.31642580755106925,1.6203678147707095e-5,0.6835579887707826,4,16,gamma_0.1,gamma,0.1
363,C,0.4527372767567775,2.7904124020577888e-5,0.5472348191192029,4,16,gamma_0.1,gamma,0.1
364,A,0.31642478662166806,1.5632946870151092e-5,0.6835595804314616,4,16,gamma_0.1,gamma,0.1
364,C,0.45273551822878405,2.6921656411015815e-5,0.5472375601148041,4,16,gamma_0.1,gamma,0.1
365,A,0.3164238016497883,1.5082319970785936e-5,0.6835611160302407,4,16,gamma_0.1,gamma,0.1
365,C,0.4527338216235226,2.597377328257237e-5,0.5472402046031948,4,16,gamma_0.1,gamma,0.1
0,A,0.9989999999999999,0.001,0,5,16,gamma_0.1,gamma,0.1
0,C,0.9989999999999999,9.999999999999998e-4,0,5,16,gamma_0.1,gamma,0.1
1,A,0.9987648090100333,0.0011288165105443244,1.0637447942251645e-4,5,16,gamma_0.1,gamma,0.1
1,C,0.9988439305058701,0.0010534136229212944,1.0265587120826681e-4,5,16,gamma_0.1,gamma,0.1
2,A,0.9985068009715892,0.001267089217820312,2.2610981059040225e-4,5,16,gamma_0.1,gamma,0.1
2,C,0.9986802021382709,0.0011090342668555562,2.107635948738194e-4,5,16,gamma_0.1,gamma,0.1
3,A,0.9982259459011414,0.0014139417761202945,3.6011232273800125e-4,5,16,gamma_0.1,gamma,0.1
3,C,0.9985086011365415,0.001166853914541746,3.2454494891677395e-4,5,16,gamma_0.1,gamma,0.1
4,A,0.997922027014001,0.0015687584703902866,5.092145156091984e-4,5,16,gamma_0.1,gamma,0.1
4,C,0.9983288867362046,0.0012268902565602453,4.442230072339495e-4,5,16,gamma_0.1,gamma,0.1
5,A,0.9975945613259004,0.0017312596516491207,6.741790224500393e-4,5,16,gamma_0.1,gamma,0.1
5,C,0.9981407962924461,0.0012891873167519496,5.700163908030378e-4,5,16,gamma_0.1,gamma,0.1
6,A,0.9972427471763071,0.0019014624043600073,8.557904193323871e-4,5,16,gamma_0.1,gamma,0.1
6,C,0.9979440224746101,0.00135381786012133,7.02159665269121e-4,5,16,gamma_0.1,gamma,0.1
7,A,0.9968655332756138,0.0020796498732034,0.0010548168511820121,5,16,gamma_0.1,gamma,0.1
7,C,0.9977382385139618,0.001420875493544743,8.40885992494199e-4,5,16,gamma_0.1,gamma,0.1
8,A,0.9964615875884694,0.0022663271732711815,0.001272085238259441,5,16,gamma_0.1,gamma,0.1
8,C,0.9975230781092443,0.0014904769083393008,9.864449824174611e-4,5,16,gamma_0.1,gamma,0.1
9,A,0.9960293526145438,0.002462163764198858,0.0015084836212566365,5,16,gamma_0.1,gamma,0.1
9,C,0.9972981439029461,0.001562756688469513,0.0011390994085847162,5,16,gamma_0.1,gamma,0.1
10,A,0.995567086790482,0.002667940905442879,0.0017649723040749526,5,16,gamma_0.1,gamma,0.1
10,C,0.9970630105372383,0.001637863527727237,0.001299125935033967,5,16,gamma_0.1,gamma,0.1
11,A,0.9950728966702697,0.00288451302487473,0.0020425903048564686,5,16,gamma_0.1,gamma,0.1
11,C,0.9968172268276021,0.0017159573283935018,0.001466815844003145,5,16,gamma_0.1,gamma,0.1
12,A,0.9945447862337189,0.003112764256469045,0.0023424495098120428,5,16,gamma_0.1,gamma,0.1
12,C,0.9965603224894493,0.0017972047347204923,0.0016424727758299305,5,16,gamma_0.1,gamma,0.1
13,A,0.9939806139945581,0.0033536199423139317,0.0026657660631288264,5,16,gamma_0.1,gamma,0.1
13,C,0.9962917961296338,0.0018817824392287003,0.001826421431136318,5,16,gamma_0.1,gamma,0.1
14,A,0.9933781294786038,0.0036080228304796323,0.003013847690916489,5,16,gamma_0.1,gamma,0.1
14,C,0.9960111221565328,0.0019698737805611704,0.0020190040629062198,5,16,gamma_0.1,gamma,0.1
15,A,0.9927349797030687,0.0038769255841670713,0.003388094712764234,5,16,gamma_0.1,gamma,0.1
15,C,0.9957177511583581,0.0020616678641843904,0.0022205809774568084,5,16,gamma_0.1,gamma,0.1
16,A,0.9920487026211651,0.004161292137622048,0.003790005241213394,5,16,gamma_0.1,gamma,0.1
16,C,0.9954111079938432,0.0021573598050139515,0.0024315322011417445,5,16,gamma_0.1,gamma,0.1
17,A,0.9913167293015396,0.004462096409271477,0.004221174289189257,5,16,gamma_0.1,gamma,0.1
17,C,0.9950905921566091,0.002257150294872608,0.002652257548518407,5,16,gamma_0.1,gamma,0.1
18,A,0.9905364440620756,0.004780301328226169,0.004683254609697602,5,16,gamma_0.1,gamma,0.1
18,C,0.9947555918700729,0.002361240850159159,0.0028831672797677457,5,16,gamma_0.1,gamma,0.1
19,A,0.9897050414768691,0.005116912196757743,0.005178046326373397,5,16,gamma_0.1,gamma,0.1
19,C,0.9944054507399082,0.00246984468199106,0.003124704578100822,5,16,gamma_0.1,gamma,0.1
20,A,0.9888197755659521,0.005472889154071559,0.005707335279976316,5,16,gamma_0.1,gamma,0.1
20,C,0.9940395261143428,0.0025831677718164666,0.0033773061138402632,5,16,gamma_0.1,gamma,0.1
21,A,0.9878773701372786,0.005849353126969454,0.006273276735751684,5,16,gamma_0.1,gamma,0.1
21,C,0.9936570511446053,0.0027014530183432682,0.0036414958370509843,5,16,gamma_0.1,gamma,0.1
22,A,0.9868746612375753,0.0062473574876792705,0.0068779812747453125,5,16,gamma_0.1,gamma,0.1
22,C,0.9932572849352206,0.0028249315752366367,0.003917783489542232,5,16,gamma_0.1,gamma,0.1
23,A,0.9858085577376907,0.0066679137413382245,0.007523528520970353,5,16,gamma_0.1,gamma,0.1
23,C,0.9928395034170914,0.0029538270876047234,0.00420666949530328,5,16,gamma_0.1,gamma,0.1
24,A,0.9846754281400389,0.007112188616436622,0.0082123832435243415,5,16,gamma_0.1,gamma,0.1
24,C,0.9924028552544178,0.0030883998555112204,0.0045087448900701,5,16,gamma_0.1,gamma,0.1
25,A,0.9834717090045614,0.007581302219707829,0.008946988775730736,5,16,gamma_0.1,gamma,0.1
25,C,0.991946503681245,0.003228902762360792,0.0048245935563948515,5,16,gamma_0.1,gamma,0.1
26,A,0.9821939753771853,0.008076313597947584,0.009729711024866586,5,16,gamma_0.1,gamma,0.1
26,C,0.9914696428789459,0.003375577331725547,0.005154779789328012,5,16,gamma_0.1,gamma,0.1
27,A,0.9808381169676217,0.008598469383046063,0.010563413649332292,5,16,gamma_0.1,gamma,0.1
27,C,0.9909713028578008,0.003528711620666914,0.005499985521533522,5,16,gamma_0.1,gamma,0.1
28,A,0.9794007492297983,0.00914877518109664,0.011450475589104647,5,16,gamma_0.1,gamma,0.1
28,C,0.9904506816639868,0.0036885416022181742,0.005860776733793625,5,16,gamma_0.1,gamma,0.1
29,A,0.9778773503823692,0.009728553065424833,0.012394096552206748,5,16,gamma_0.1,gamma,0.1
29,C,0.9899067038931224,0.003855381596477531,0.006237914510401174,5,16,gamma_0.1,gamma,0.1
30,A,0.9762636427904149,0.010339018077743017,0.013397339131841855,5,16,gamma_0.1,gamma,0.1
30,C,0.9893383446068927,0.004029527791242453,0.006632127601863581,5,16,gamma_0.1,gamma,0.1
31,A,0.9745556806231797,0.01098126643054021,0.014463052946281106,5,16,gamma_0.1,gamma,0.1
31,C,0.9887446518863823,0.004211253112164409,0.007044095001453118,5,16,gamma_0.1,gamma,0.1
32,A,0.9727483718460987,0.011656678256412813,0.015594949897487885,5,16,gamma_0.1,gamma,0.1
32,C,0.9881243872327241,0.00440090975112007,0.0074747030161568485,5,16,gamma_0.1,gamma,0.1
33,A,0.9708377409635283,0.012366294324946592,0.01679596471152493,5,16,gamma_0.1,gamma,0.1
33,C,0.9874765721086696,0.00459877298581654,0.007924654905513993,5,16,gamma_0.1,gamma,0.1
34,A,0.9688187655333432,0.013111394125814156,0.01806984034084224,5,16,gamma_0.1,gamma,0.1
34,C,0.9867999577298872,0.004805191392162928,0.00839485087794972,5,16,gamma_0.1,gamma,0.1
35,A,0.9666873667775698,0.013892977197257472,0.019419656025172483,5,16,gamma_0.1,gamma,0.1
35,C,0.9860935156411168,0.005020449035258932,0.008886035323624957,5,16,gamma_0.1,gamma,0.1
36,A,0.9644380396508173,0.014712352585311657,0.020849607763871295,5,16,gamma_0.1,gamma,0.1
36,C,0.9853558415068716,0.005244930979975603,0.009399227513153008,5,16,gamma_0.1,gamma,0.1
37,A,0.9620657755346821,0.015570639743891607,0.02236358472142645,5,16,gamma_0.1,gamma,0.1
37,C,0.9845856282856897,0.005478990579694893,0.009935381134613811,5,16,gamma_0.1,gamma,0.1
38,A,0.9595660102292255,0.01646880950300356,0.02396518026777057,5,16,gamma_0.1,gamma,0.1
38,C,0.9837816628549666,0.005722952461922362,0.010495384683111696,5,16,gamma_0.1,gamma,0.1
39,A,0.9569329559226222,0.01740802207023522,0.02565902200714215,5,16,gamma_0.1,gamma,0.1
39,C,0.9829423736697027,0.005977232532357795,0.011080393797940341,5,16,gamma_0.1,gamma,0.1
40,A,0.9541621991256677,0.018389085857274733,0.027448715017058724,5,16,gamma_0.1,gamma,0.1
40,C,0.9820665261057769,0.0062421525631103396,0.011691321331113252,5,16,gamma_0.1,gamma,0.1
41,A,0.9512482647995514,0.019412929309494526,0.029338805890954164,5,16,gamma_0.1,gamma,0.1
41,C,0.9811525513402513,0.006518116723229696,0.012329331936519871,5,16,gamma_0.1,gamma,0.1
42,A,0.9481868132687495,0.020480204782584235,0.03133298194866561,5,16,gamma_0.1,gamma,0.1
42,C,0.9801991645132655,0.006805450767564072,0.012995384719170779,5,16,gamma_0.1,gamma,0.1
43,A,0.9449721023735471,0.021591689349258026,0.03343620827719462,5,16,gamma_0.1,gamma,0.1
43,C,0.9792046188711816,0.007104592575133202,0.013690788553684843,5,16,gamma_0.1,gamma,0.1
44,A,0.9415991014964828,0.02274790932799123,0.03565298917552617,5,16,gamma_0.1,gamma,0.1
44,C,0.9781673016558892,0.007415937419858521,0.014416760924251702,5,16,gamma_0.1,gamma,0.1
45,A,0.9380634113193095,0.023949221399892844,0.0379873672807967,5,16,gamma_0.1,gamma,0.1
45,C,0.9770857446096314,0.007739839294444287,0.015174416095924258,5,16,gamma_0.1,gamma,0.1
46,A,0.9343596708275765,0.025195908522222758,0.04044442065020093,5,16,gamma_0.1,gamma,0.1
46,C,0.9759580717123597,0.008076742231707946,0.01596518605593347,5,16,gamma_0.1,gamma,0.1
47,A,0.9304835412360967,0.026488006207784014,0.04302845255611846,5,16,gamma_0.1,gamma,0.1
47,C,0.9747826530233822,0.008427021681621653,0.01679032529499478,5,16,gamma_0.1,gamma,0.1
48,A,0.9264305001401786,0.027825376419395725,0.04574412344042644,5,16,gamma_0.1,gamma,0.1
48,C,0.9735576853976551,0.008791084173393136,0.017651230428950972,5,16,gamma_0.1,gamma,0.1
49,A,0.9221967412409016,0.029207715986784375,0.04859554277231499,5,16,gamma_0.1,gamma,0.1
49,C,0.9722815385065399,0.009169288109118889,0.018549173384342664,5,16,gamma_0.1,gamma,0.1
50,A,0.9177778568314356,0.030634389660038702,0.05158775350852551,5,16,gamma_0.1,gamma,0.1
50,C,0.9709521511726711,0.009562073348915887,0.019485775478415897,5,16,gamma_0.1,gamma,0.1
51,A,0.9131710453132446,0.032104747472360924,0.054724207214394714,5,16,gamma_0.1,gamma,0.1
51,C,0.9695680638574098,0.009969740283845438,0.020462195858743804,5,16,gamma_0.1,gamma,0.1
52,A,0.908372406653834,0.033617622315011454,0.058009971031154926,5,16,gamma_0.1,gamma,0.1
52,C,0.9681270765453449,0.010392731652998484,0.021480191801656466,5,16,gamma_0.1,gamma,0.1
53,A,0.9033792216325282,0.03517168542060946,0.061449092946862384,5,16,gamma_0.1,gamma,0.1
53,C,0.9666273297689462,0.010831402347365189,0.02254126788368952,5,16,gamma_0.1,gamma,0.1
54,A,0.8981890866938491,0.036765300421530756,0.06504561288461998,5,16,gamma_0.1,gamma,0.1
54,C,0.9650668825453245,0.011286107675519848,0.02364700977915654,5,16,gamma_0.1,gamma,0.1
55,A,0.8928000837212248,0.03839652535682624,0.06880339092194847,5,16,gamma_0.1,gamma,0.1
55,C,0.9634437730897162,0.011757188752249435,0.024799038158034505,5,16,gamma_0.1,gamma,0.1
56,A,0.887210821581484,0.04006310063378037,0.0727260777847361,5,16,gamma_0.1,gamma,0.1
56,C,0.9617560232337292,0.012244969821947343,0.025999006944323468,5,16,gamma_0.1,gamma,0.1
57,A,0.8814204728687052,0.041762281912776714,0.07681724521851717,5,16,gamma_0.1,gamma,0.1
57,C,0.9600015370483235,0.012749770242114754,0.027248692709561366,5,16,gamma_0.1,gamma,0.1
58,A,0.8754288498991338,0.04349156708462663,0.08107958301624002,5,16,gamma_0.1,gamma,0.1
58,C,0.9581786014131529,0.013271832228062302,0.02854956635878595,5,16,gamma_0.1,gamma,0.1
59,A,0.8692364247864925,0.04524709412453575,0.08551648108897116,5,16,gamma_0.1,gamma,0.1
59,C,0.956284830076367,0.01381146440146959,0.02990370552216196,5,16,gamma_0.1,gamma,0.1
60,A,0.8628443245643294,0.04702560190416591,0.09013007353150512,5,16,gamma_0.1,gamma,0.1
60,C,0.9543184518627488,0.01436886346192185,0.03131268467532968,5,16,gamma_0.1,gamma,0.1
61,A,0.856254238553196,0.04882340396703454,0.09492235747976965,5,16,gamma_0.1,gamma,0.1
61,C,0.9522775990207922,0.014944214447677922,0.032778186531530605,5,16,gamma_0.1,gamma,0.1
62,A,0.8494687592712996,0.050636052751861685,0.0998951879768388,5,16,gamma_0.1,gamma,0.1
62,C,0.9501601972353174,0.015537689638206825,0.03430211312647547,5,16,gamma_0.1,gamma,0.1
63,A,0.842491250314445,0.05245890038453985,0.10504984930101531,5,16,gamma_0.1,gamma,0.1
63,C,0.9479642712383378,0.016149412610518006,0.03588631615114246,5,16,gamma_0.1,gamma,0.1
64,A,0.8353258188008792,0.054287074037094256,0.11038710716202592,5,16,gamma_0.1,gamma,0.1
64,C,0.9456879224554905,0.016779458581020458,0.03753261896348946,5,16,gamma_0.1,gamma,0.1
65,A,0.8279772887142256,0.05611546710190052,0.11590724418387457,5,16,gamma_0.1,gamma,0.1
65,C,0.9433293019697946,0.01742785799296705,0.03924284003723854,5,16,gamma_0.1,gamma,0.1
66,A,0.8204514888003471,0.05793852487152513,0.12160998632812718,5,16,gamma_0.1,gamma,0.1
66,C,0.9408865510053176,0.018094588090394367,0.04101886090428856,5,16,gamma_0.1,gamma,0.1
67,A,0.8127550232396421,0.0597505134737072,0.1274944632866506,5,16,gamma_0.1,gamma,0.1
67,C,0.9383578957208439,0.01877956750513814,0.042862536774018155,5,16,gamma_0.1,gamma,0.1
68,A,0.8048948329610423,0.061545843333967086,0.13355932370499063,5,16,gamma_0.1,gamma,0.1
68,C,0.9357417248848573,0.01948266454627009,0.04477561056887224,5,16,gamma_0.1,gamma,0.1
69,A,0.7968782365454967,0.0633189885834143,0.1398027748710903,5,16,gamma_0.1,gamma,0.1
69,C,0.9330365489119359,0.020203699312757544,0.04675975177530492,5,16,gamma_0.1,gamma,0.1
70,A,0.7887145044413999,0.06506335129904724,0.14622214425955224,5,16,gamma_0.1,gamma,0.1
70,C,0.9302407046201123,0.020942396600903343,0.048816898778982945,5,16,gamma_0.1,gamma,0.1
71,A,0.7804129672704324,0.06677279125603149,0.1528142414735367,5,16,gamma_0.1,gamma,0.1
71,C,0.9273527810801053,0.021698423682569697,0.050948795237326344,5,16,gamma_0.1,gamma,0.1
72,A,0.7719835562017404,0.0684411628317558,0.15957528096650325,5,16,gamma_0.1,gamma,0.1
72,C,0.9243714803147319,0.02247137548687138,0.053157144198397524,5,16,gamma_0.1,gamma,0.1
73,A,0.7634368288239143,0.07006232294528562,0.1665008482307995,5,16,gamma_0.1,gamma,0.1
73,C,0.9212956163638332,0.02326076917573473,0.05544361446043061,5,16,gamma_0.1,gamma,0.1
74,A,0.754783871238382,0.07163021040434034,0.17358591835727766,5,16,gamma_0.1,gamma,0.1
74,C,0.9181241353012946,0.024066041966746433,0.057809822731960926,5,16,gamma_0.1,gamma,0.1
75,A,0.7460362329884354,0.07313890028499614,0.18082486672656825,5,16,gamma_0.1,gamma,0.1
75,C,0.9148561263018585,0.024886548358398503,0.06025732533974334,5,16,gamma_0.1,gamma,0.1
76,A,0.7372058585485897,0.07458265625370869,0.18821148519770245,5,16,gamma_0.1,gamma,0.1
76,C,0.9114908325430114,0.025721557638987716,0.06278760981800216,5,16,gamma_0.1,gamma,0.1
77,A,0.7283050143095167,0.0759559821108899,0.19573900357959273,5,16,gamma_0.1,gamma,0.1
77,C,0.9080276619367227,0.02657025178186615,0.06540208628141125,5,16,gamma_0.1,gamma,0.1
78,A,0.719346212417818,0.07725367144954857,0.2034001161326327,5,16,gamma_0.1,gamma,0.1
78,C,0.9044661976251673,0.027431723768376954,0.06810207860645552,5,16,gamma_0.1,gamma,0.1
79,A,0.7103421323401315,0.07847085472786634,0.21118701293200298,5,16,gamma_0.1,gamma,0.1
79,C,0.9008062081388228,0.028304976392884696,0.07088881546829327,5,16,gamma_0.1,gamma,0.1
80,A,0.7013055784969856,0.07960303083977771,0.21909139066323727,5,16,gamma_0.1,gamma,0.1
80,C,0.8970476574673057,0.029188918218115648,0.0737634243145782,5,16,gamma_0.1,gamma,0.1
81,A,0.6922498807107341,0.08064597328460833,0.22710414600465761,5,16,gamma_0.1,gamma,0.1
81,C,0.8931907302827876,0.030082315412899744,0.07672695430431262,5,16,gamma_0.1,gamma,0.1
82,A,0.6831872784121209,0.08159623870428911,0.23521648288359037,5,16,gamma_0.1,gamma,0.1
82,C,0.8892358132165412,0.030983937534873766,0.07978024924858373,5,16,gamma_0.1,gamma,0.1
83,A,0.674130132435275,0.0824507565501155,0.2434191110146096,5,16,gamma_0.1,gamma,0.1
83,C,0.885183505257391,0.03189244407413031,0.08292405066847858,5,16,gamma_0.1,gamma,0.1
84,A,0.6650897334916992,0.08320711224558923,0.25170315426271134,5,16,gamma_0.1,gamma,0.1
84,C,0.881034557742239,0.0328065132930977,0.08615892896466398,5,16,gamma_0.1,gamma,0.1
85,A,0.656079678650246,0.08386283098563808,0.2600574903641159,5,16,gamma_0.1,gamma,0.1
85,C,0.8767901117058482,0.03372444371369397,0.08948544458045612,5,16,gamma_0.1,gamma,0.1
86,A,0.6471124916248697,0.08441637270294197,0.268471135672188,5,16,gamma_0.1,gamma,0.1
86,C,0.8724516352118212,0.034644474702257094,0.09290389008591973,5,16,gamma_0.1,gamma,0.1
87,A,0.6381956969665288,0.08486699743517982,0.2769373055982912,5,16,gamma_0.1,gamma,0.1
87,C,0.8680201189986327,0.03556549690951301,0.0964143840918532,5,16,gamma_0.1,gamma,0.1
88,A,0.6293446988280792,0.08521395050321243,0.2854413506687078,5,16,gamma_0.1,gamma,0.1
88,C,0.8634980680220009,0.03648502164531291,0.10001691033268637,5,16,gamma_0.1,gamma,0.1
89,A,0.6205665459181864,0.08545736819188673,0.2939760858899267,5,16,gamma_0.1,gamma,0.1
89,C,0.8588869379165952,0.03740176922812915,0.10371129285527518,5,16,gamma_0.1,gamma,0.1
90,A,0.6118741876579719,0.08559807781648764,0.3025277345255406,5,16,gamma_0.1,gamma,0.1
90,C,0.8541898105101348,0.0383132081608475,0.10749698132901797,5,16,gamma_0.1,gamma,0.1
91,A,0.6032725220414286,0.08563674554334079,0.31109073241523083,5,16,gamma_0.1,gamma,0.1
91,C,0.8494080981564197,0.0392182716250898,0.11137363021849035,5,16,gamma_0.1,gamma,0.1
92,A,0.594772712174563,0.0855751251806514,0.3196521626447846,5,16,gamma_0.1,gamma,0.1
92,C,0.8445452079343428,0.040114451768729284,0.11534034029692784,5,16,gamma_0.1,gamma,0.1
93,A,0.5863830851767816,0.08541550798343076,0.3282014068397879,5,16,gamma_0.1,gamma,0.1
93,C,0.8396044393368732,0.04099956180320456,0.11939599885992314,5,16,gamma_0.1,gamma,0.1
94,A,0.5781085286991186,0.08515945240565284,0.3367320188952286,5,16,gamma_0.1,gamma,0.1
94,C,0.8345879016596097,0.04187224782329854,0.12353985051709072,5,16,gamma_0.1,gamma,0.1
95,A,0.5699581940052897,0.08481070161025535,0.34523110438445453,5,16,gamma_0.1,gamma,0.1
95,C,0.8295002550625238,0.042729696156250614,0.12777004878122647,5,16,gamma_0.1,gamma,0.1
96,A,0.5619373099208274,0.08437224373556411,0.35369044634360847,5,16,gamma_0.1,gamma,0.1
96,C,0.8243449148767009,0.04357001204702813,0.1320850730762711,5,16,gamma_0.1,gamma,0.1
97,A,0.554051024691964,0.08384747480680167,0.36210150050123346,5,16,gamma_0.1,gamma,0.1
97,C,0.8191256769916396,0.04439117357311018,0.13648314943524953,5,16,gamma_0.1,gamma,0.1
98,A,0.5463039572607451,0.08324008467564135,0.3704559580636138,5,16,gamma_0.1,gamma,0.1
98,C,0.813846564641475,0.04519114734460304,0.14096228801392202,5,16,gamma_0.1,gamma,0.1
99,A,0.5386998222179413,0.08255364468119447,0.37874653310086437,5,16,gamma_0.1,gamma,0.1
99,C,0.8085114058023752,0.04596809343604832,0.14552050076157655,5,16,gamma_0.1,gamma,0.1
100,A,0.5312426846769177,0.08179281136814828,0.3869645039549345,5,16,gamma_0.1,gamma,0.1
100,C,0.8031251429617179,0.04671974587014799,0.1501551111681354,5,16,gamma_0.1,gamma,0.1
101,A,0.5239353420887363,0.0809618360512023,0.39510282186006107,5,16,gamma_0.1,gamma,0.1
101,C,0.7976922794079409,0.0474441860905518,0.1548635345015081,5,16,gamma_0.1,gamma,0.1
102,A,0.5167801260443143,0.08006515462512903,0.4031547193305569,5,16,gamma_0.1,gamma,0.1
102,C,0.7922175210491957,0.04813951680481751,0.1596429621459875,5,16,gamma_0.1,gamma,0.1
103,A,0.5097788635471797,0.0791072848657316,0.4111138515870883,5,16,gamma_0.1,gamma,0.1
103,C,0.7867057063084961,0.048803902769610004,0.16449039092189308,5,16,gamma_0.1,gamma,0.1
104,A,0.5029328819920141,0.07809279041824263,0.418974327589743,5,16,gamma_0.1,gamma,0.1
104,C,0.7811617744187331,0.04943558770154939,0.16940263787971838,5,16,gamma_0.1,gamma,0.1
105,A,0.4962430417893853,0.07702624477302887,0.4267307134375867,5,16,gamma_0.1,gamma,0.1
105,C,0.7755907464624981,0.05003290470835849,0.17437634882914338,5,16,gamma_0.1,gamma,0.1
106,A,0.48970976710463443,0.07591220583049568,0.4343780270648697,5,16,gamma_0.1,gamma,0.1
106,C,0.7699977114861621,0.05059428446021188,0.17940800405362536,5,16,gamma_0.1,gamma,0.1
107,A,0.48333307070515374,0.0747553262377057,0.44191160305714,5,16,gamma_0.1,gamma,0.1
107,C,0.7643879681549445,0.05111822000932614,0.18449381183573088,5,16,gamma_0.1,gamma,0.1
108,A,0.47711258072348534,0.0735598725650166,0.4493275467114986,5,16,gamma_0.1,gamma,0.1
108,C,0.7587664885954561,0.05160342391057174,0.18963008749397045,5,16,gamma_0.1,gamma,0.1
109,A,0.4710476113844436,0.07233011376743936,0.45662227484811685,5,16,gamma_0.1,gamma,0.1
109,C,0.7531383485405572,0.05204869704107373,0.19481295441836963,5,16,gamma_0.1,gamma,0.1
110,A,0.46513719199617154,0.0710702205938298,0.46379258740999996,5,16,gamma_0.1,gamma,0.1
110,C,0.7475086091138203,0.052452960968304055,0.20003842991787554,5,16,gamma_0.1,gamma,0.1
111,A,0.45937999620761544,0.06978446711042578,0.47083553668195893,5,16,gamma_0.1,gamma,0.1
111,C,0.7418825994590041,0.05281521162163656,0.20530218891936025,5,16,gamma_0.1,gamma,0.1
112,A,0.4537744586209866,0.06847672496851095,0.4777488164105027,5,16,gamma_0.1,gamma,0.1
112,C,0.7362652993880958,0.05313466824866505,0.21060003236323976,5,16,gamma_0.1,gamma,0.1
113,A,0.4483188098311794,0.06715077805790502,0.4845304121109154,5,16,gamma_0.1,gamma,0.1
113,C,0.7306616874251706,0.05341066396219092,0.21592764861263855,5,16,gamma_0.1,gamma,0.1
114,A,0.443011088363007,0.065810248647192,0.4911786629897999,5,16,gamma_0.1,gamma,0.1
114,C,0.7250766573749804,0.05364267304213647,0.22128066958288256,5,16,gamma_0.1,gamma,0.1
115,A,0.4378491466891323,0.06445857952838345,0.4976922737824854,5,16,gamma_0.1,gamma,0.1
115,C,0.7195149978297067,0.053830322845795725,0.22665467932449768,5,16,gamma_0.1,gamma,0.1
116,A,0.4328306945991359,0.06309904994408516,0.5040702554567789,5,16,gamma_0.1,gamma,0.1
116,C,0.7139813903650069,0.053973376363952726,0.23204523327104024,5,16,gamma_0.1,gamma,0.1
117,A,0.42795329832013906,0.06173474595827801,0.5103119557215827,5,16,gamma_0.1,gamma,0.1
117,C,0.7084803790517032,0.05407175302122329,0.2374478679270732,5,16,gamma_0.1,gamma,0.1
118,A,0.42321437956564795,0.06036853325522875,0.5164170871791233,5,16,gamma_0.1,gamma,0.1
118,C,0.7030163410735967,0.05412554776913964,0.24285811115726336,5,16,gamma_0.1,gamma,0.1
119,A,0.41861127541679377,0.059003093914759455,0.5223856306684467,5,16,gamma_0.1,gamma,0.1
119,C,0.6975934906942305,0.05413499833365801,0.24827151097211067,5,16,gamma_0.1,gamma,0.1
120,A,0.4141412659756027,0.057640942335583784,0.5282177916888131,5,16,gamma_0.1,gamma,0.1
120,C,0.6922158794891666,0.05410046959189008,0.25368365091894435,5,16,gamma_0.1,gamma,0.1
121,A,0.4098015767559937,0.05628441822697669,0.5339140050170288,5,16,gamma_0.1,gamma,0.1
121,C,0.6868873838889512,0.05402245718840198,0.2590901589226463,5,16,gamma_0.1,gamma,0.1
122,A,0.4055893834770237,0.05493568109916284,0.5394749354238131,5,16,gamma_0.1,gamma,0.1
122,C,0.6816116923363749,0.05390158984449388,0.26448671781913236,5,16,gamma_0.1,gamma,0.1
123,A,0.4015018248624807,0.05359671310030924,0.54490146203721,5,16,gamma_0.1,gamma,0.1
123,C,0.676392296695767,0.05373862471283001,0.2698690785914037,5,16,gamma_0.1,gamma,0.1
124,A,0.3975360175735237,0.05226932640147435,0.5501946560250022,5,16,gamma_0.1,gamma,0.1
124,C,0.6712324871854545,0.05353443896322086,0.27523307385132506,5,16,gamma_0.1,gamma,0.1
125,A,0.39368906857009195,0.050955170874081177,0.5553557605558264,5,16,gamma_0.1,gamma,0.1
125,C,0.6661353490012984,0.053290021086992004,0.28057462991170795,5,16,gamma_0.1,gamma,0.1
126,A,0.38995808450516917,0.04965574084586713,0.5603861746489631,5,16,gamma_0.1,gamma,0.1
126,C,0.6611037597230183,0.0530064628671428,0.28588977740983806,5,16,gamma_0.1,gamma,0.1
127,A,0.38634017956978334,0.048372381537149546,0.5652874388930672,5,16,gamma_0.1,gamma,0.1
127,C,0.6561403874965069,0.05268495149540118,0.29117466100809075,5,16,gamma_0.1,gamma,0.1
128,A,0.38283248271624887,0.047106295826864694,0.5700612214568856,5,16,gamma_0.1,gamma,0.1
128,C,0.651247690249037,0.05232676131517868,0.2964255484357843,5,16,gamma_0.1,gamma,0.1
129,A,0.3794321443323316,0.04585855145105733,0.5747093042166111,5,16,gamma_0.1,gamma,0.1
129,C,0.6464279160621611,0.05193324513051475,0.3016388388073241,5,16,gamma_0.1,gamma,0.1
130,A,0.3761363421551052,0.04463008841876837,0.5792335694261269,5,16,gamma_0.1,gamma,0.1
130,C,0.641683104650153,0.05150582527746401,0.30681107007238284,5,16,gamma_0.1,gamma,0.1
131,A,0.37294228606069535,0.043421725991454704,0.5836359879478498,5,16,gamma_0.1,gamma,0.1
131,C,0.6370150896498014,0.05104598518540432,0.31193892516479393,5,16,gamma_0.1,gamma,0.1
132,A,0.3698472226316112,0.0422341703304803,0.5879186070379091,5,16,gamma_0.1,gamma,0.1
132,C,0.6324255019653298,0.05055526009931781,0.3170192379353522,5,16,gamma_0.1,gamma,0.1
133,A,0.3668484396655036,0.04106802286483808,0.5920835374696576,5,16,gamma_0.1,gamma,0.1
133,C,0.6279157741123241,0.05003522691984136,0.32204899896783407,5,16,gamma_0.1,gamma,0.1
134,A,0.3639432687028642,0.039923786804773785,0.596132944492361,5,16,gamma_0.1,gamma,0.1
134,C,0.6234871454657875,0.04948749599604847,0.3270253585381619,5,16,gamma_0.1,gamma,0.1
135,A,0.36112908700327234,0.03880187294250957,0.6000690400542187,5,16,gamma_0.1,gamma,0.1
135,C,0.6191406671614451,0.04891370409236953,0.33194562874618594,5,16,gamma_0.1,gamma,0.1
136,A,0.3584033197774683,0.037702606294983634,0.6038940739275486,5,16,gamma_0.1,gamma,0.1
136,C,0.6148772079212683,0.048315506310011094,0.3368072857687214,5,16,gamma_0.1,gamma,0.1
137,A,0.35576344245172536,0.03662623321266928,0.6076103243356058,5,16,gamma_0.1,gamma,0.1
137,C,0.6106974606263801,0.04769456746262915,0.3416079719109901,5,16,gamma_0.1,gamma,0.1
138,A,0.35320698223688296,0.03557292788515734,0.6112200898779593,5,16,gamma_0.1,gamma,0.1
138,C,0.6066019493627182,0.04705255418278238,0.346345496454499,5,16,gamma_0.1,gamma,0.1
139,A,0.3507315189899383,0.03454279804419895,0.6147256829658616,5,16,gamma_0.1,gamma,0.1
139,C,0.602591036672222,0.046391128060242724,0.35101783526753505,5,16,gamma_0.1,gamma,0.1
140,A,0.3483346857910522,0.033535890329017014,0.6181294238799298,5,16,gamma_0.1,gamma,0.1
140,C,0.5986649309591432,0.045711939302016266,0.35562312973884086,5,16,gamma_0.1,gamma,0.1
141,A,0.3460141694609377,0.03255219560894397,0.6214336349301182,5,16,gamma_0.1,gamma,0.1
141,C,0.5948236940927011,0.04501662056718959,0.36015968534010867,5,16,gamma_0.1,gamma,0.1
142,A,0.3437677109289543,0.031591654149119804,0.6246406349219255,5,16,gamma_0.1,gamma,0.1
142,C,0.5910672491922976,0.0443067811043575,0.3646259697033444,5,16,gamma_0.1,gamma,0.1
143,A,0.34159310533089704,0.030654160419881175,0.6277527342492223,5,16,gamma_0.1,gamma,0.1
143,C,0.5873953885090449,0.043584001434498434,0.36902061005645653,5,16,gamma_0.1,gamma,0.1
144,A,0.33948820186255846,0.029739567524624606,0.6307722306128172,5,16,gamma_0.1,gamma,0.1
144,C,0.5838077813099747,0.04284982862783643,0.37334239006218894,5,16,gamma_0.1,gamma,0.1
145,A,0.33745090348918555,0.028847691340683934,0.6337014051701314,5,16,gamma_0.1,gamma,0.1
145,C,0.5803039817098151,0.04210577207698497,0.37759024621319986,5,16,gamma_0.1,gamma,0.1
146,A,0.33547916656249316,0.0279783144327466,0.6365425190047604,5,16,gamma_0.1,gamma,0.1
146,C,0.5768834364251809,0.041353299698077814,0.3817632638767411,5,16,gamma_0.1,gamma,0.1
147,A,0.33357100033626813,0.027131189724529492,0.6392978099392027,5,16,gamma_0.1,gamma,0.1
147,C,0.5735454924262696,0.04059383457269289,0.38586067300103866,5,16,gamma_0.1,gamma,0.1
148,A,0.3317244663695035,0.026306043902026066,0.6419694897284707,5,16,gamma_0.1,gamma,0.1
148,C,0.57028940444934,0.03982875205942708,0.38988184349123317,5,16,gamma_0.1,gamma,0.1
149,A,0.3299376778346376,0.025502580554742676,0.6445597416106192,5,16,gamma_0.1,gamma,0.1
149,C,0.5671143423312522,0.03905937736682125,0.3938262803019267,5,16,gamma_0.1,gamma,0.1
150,A,0.32820879875930226,0.0247204830825583,0.6470707181581398,5,16,gamma_0.1,gamma,0.1
150,C,0.5640193981372797,0.03828698355226711,0.39769361831045336,5,16,gamma_0.1,gamma,0.1
151,A,0.3265360432178712,0.02395941738870377,0.649504539393424,5,16,gamma_0.1,gamma,0.1
151,C,0.5610035930640799,0.03751278991589818,0.40148361702002205,5,16,gamma_0.1,gamma,0.1
152,A,0.32491767447689834,0.02321903436587569,0.6518632911572271,5,16,gamma_0.1,gamma,0.1
152,C,0.5580658841040043,0.03673796077150689,0.40519615512448937,5,16,gamma_0.1,gamma,0.1
153,A,0.3233520040984403,0.022498972180421645,0.6541490237211398,5,16,gamma_0.1,gamma,0.1
153,C,0.5552051704564881,0.035963604578881994,0.4088312249646301,5,16,gamma_0.1,gamma,0.1
154,A,0.32183739101056363,0.021798858365224744,0.6563637506242119,5,16,gamma_0.1,gamma,0.1
154,C,0.5524202996688423,0.03519077341945931,0.4123889269116973,5,16,gamma_0.1,gamma,0.1
155,A,0.32037224055432195,0.021118311736363027,0.6585094477093144,5,16,gamma_0.1,gamma,0.1
155,C,0.5497100735076905,0.03442046277765331,0.41586946371465583,5,16,gamma_0.1,gamma,0.1
156,A,0.3189550035144822,0.020456944145650944,0.6605880523398673,5,16,gamma_0.1,gamma,0.1
156,C,0.5470732535484393,0.03365361160941875,0.4192731348421425,5,16,gamma_0.1,gamma,0.1
157,A,0.3175841751379516,0.019814362078960944,0.6626014627830875,5,16,gamma_0.1,gamma,0.1
157,C,0.5445085664821118,0.0328911026728573,0.4226003308450312,5,16,gamma_0.1,gamma,0.1
158,A,0.3162582941436005,0.01919016810950892,0.6645515377468906,5,16,gamma_0.1,gamma,0.1
158,C,0.5420147091390223,0.03213376309760738,0.4258515277633705,5,16,gamma_0.1,gamma,0.1
159,A,0.31497594172773324,0.018583962216044168,0.6664400960562221,5,16,gamma_0.1,gamma,0.1
159,C,0.5395903532308167,0.03138236516858003,0.4290272816006046,5,16,gamma_0.1,gamma,0.1
160,A,0.3137357405692782,0.017995342976014548,0.6682689164547079,5,16,gamma_0.1,gamma,0.1
160,C,0.537234149813608,0.030637627300306784,0.4321282228860841,5,16,gamma_0.1,gamma,0.1
161,A,0.3125363538378262,0.017423908642988227,0.6700397375191852,5,16,gamma_0.1,gamma,0.1
161,C,0.5349447334764064,0.029900215179622193,0.4351550513439716,5,16,gamma_0.1,gamma,0.1
162,A,0.3113764842068639,0.016869258116723834,0.6717542576764122,5,16,gamma_0.1,gamma,0.1
162,C,0.5327207262604183,0.02917074305558026,0.4381085306840011,5,16,gamma_0.1,gamma,0.1
163,A,0.31025487287423886,0.016330991813802487,0.6734141353119588,5,16,gamma_0.1,gamma,0.1
163,C,0.5305607413161076,0.02844977515631087,0.4409894835275818,5,16,gamma_0.1,gamma,0.1
164,A,0.3091702985918294,0.01580871244648068,0.6750209889616905,5,16,gamma_0.1,gamma,0.1
164,C,0.5284633863055834,0.02773782721339524,0.44379878648102034,5,16,gamma_0.1,gamma,0.1
165,A,0.30812157670613805,0.015302025717060708,0.6765763975768008,5,16,gamma_0.1,gamma,0.1
165,C,0.526427266558648,0.027035368075511358,0.44653736536583943,5,16,gamma_0.1,gamma,0.1
166,A,0.30710755821118985,0.014810540934563696,0.6780819008542465,5,16,gamma_0.1,gamma,0.1
166,C,0.5244509879913232,0.026342821394398135,0.4492061906142782,5,16,gamma_0.1,gamma,0.1
167,A,0.3061271288148253,0.014333871559980555,0.6795389996251937,5,16,gamma_0.1,gamma,0.1
167,C,0.522533159796219,0.025660567367433874,0.4518062728363475,5,16,gamma_0.1,gamma,0.1
168,A,0.30517920801931914,0.013871635685958615,0.6809491562947216,5,16,gamma_0.1,gamma,0.1
168,C,0.5206723969143845,0.02498894452228137,0.45433865856333516,5,16,gamma_0.1,gamma,0.1
169,A,0.3042627482171115,0.013423456456417727,0.6823137953264711,5,16,gamma_0.1,gamma,0.1
169,C,0.5188673222984962,0.02432825153020897,0.45680442617129513,5,16,gamma_0.1,gamma,0.1
170,A,0.3033767338023262,0.012988962431222509,0.683634303766451,5,16,gamma_0.1,gamma,0.1
170,C,0.51711656897733,0.023678749035867416,0.45920468198680153,5,16,gamma_0.1,gamma,0.1
171,A,0.30252018029857985,0.012567787900661325,0.6849120318007584,5,16,gamma_0.1,gamma,0.1
171,C,0.5154187819314862,0.023040661492460767,0.4615405565760523,5,16,gamma_0.1,gamma,0.1
172,A,0.30169213350346535,0.012159573154130757,0.686148293342404,5,16,gamma_0.1,gamma,0.1
172,C,0.5137726197902702,0.022414178992397317,0.46381320121733244,5,16,gamma_0.1,gamma,0.1
173,A,0.3008916686500052,0.011763964707091451,0.6873443666429034,5,16,gamma_0.1,gamma,0.1
173,C,0.5121767563595365,0.02179945908451855,0.466023784555944,5,16,gamma_0.1,gamma,0.1
174,A,0.30011788958541263,0.01138061548995202,0.6885014949246351,5,16,gamma_0.1,gamma,0.1
174,C,0.5106298819907167,0.021196628569457057,0.4681734894398265,5,16,gamma_0.1,gamma,0.1
175,A,0.29936992796705375,0.011009185002606678,0.6896208870303404,5,16,gamma_0.1,gamma,0.1
175,C,0.5091307047992855,0.02060578526733579,0.470263509933378,5,16,gamma_0.1,gamma,0.1
176,A,0.2986469424758908,0.01064933943763717,0.6907037180864721,5,16,gamma_0.1,gamma,0.1
176,C,0.5076779517427729,0.020026999750859316,0.4722950485063659,5,16,gamma_0.1,gamma,0.1
177,A,0.2979481180473999,0.01030075177516383,0.6917511301774368,5,16,gamma_0.1,gamma,0.1
177,C,0.506270369567079,0.01946031703871477,0.4742693133942069,5,16,gamma_0.1,gamma,0.1
178,A,0.29727266511992223,0.009963101852071004,0.692764233028006,5,16,gamma_0.1,gamma,0.1
178,C,0.5049067256297175,0.01890575824487167,0.47618751612540966,5,16,gamma_0.1,gamma,0.1
179,A,0.29661981890038214,0.009636076408126292,0.6937441046914911,5,16,gamma_0.1,gamma,0.1
179,C,0.5035858086082338,0.018363322180160322,0.4780508692116044,5,16,gamma_0.1,gamma,0.1
180,A,0.2959888386472573,0.009319369111288944,0.694691792241454,5,16,gamma_0.1,gamma,0.1
180,C,0.5023064291017164,0.017832986903090237,0.47986058399519227,5,16,gamma_0.1,gamma,0.1
181,A,0.29537900697069136,0.009012680564303122,0.6956083124650059,5,16,gamma_0.1,gamma,0.1
181,C,0.5010674201331184,0.017314711217437412,0.4816178686494444,5,16,gamma_0.1,gamma,0.1
182,A,0.2947896291495875,0.008715718294503457,0.6964946525559101,5,16,gamma_0.1,gamma,0.1
182,C,0.499867637559673,0.01680843611471207,0.4833239263256166,5,16,gamma_0.1,gamma,0.1
183,A,0.2942200324654981,0.008428196728605813,0.6973517708058958,5,16,gamma_0.1,gamma,0.1
183,C,0.4987059603983369,0.016314086160160876,0.4849799534415007,5,16,gamma_0.1,gamma,0.1
184,A,0.29366956555311496,0.008149837154106885,0.6981805972927784,5,16,gamma_0.1,gamma,0.1
184,C,0.49758129107286475,0.015831570821421708,0.4865871381057132,5,16,gamma_0.1,gamma,0.1
185,A,0.2931375977671291,0.007880367668774164,0.698982034564096,5,16,gamma_0.1,gamma,0.1
185,C,0.4964925555887079,0.015360785739343725,0.48814665867194773,5,16,gamma_0.1,gamma,0.1
186,A,0.2926235185652465,0.007619523119578298,0.6997569583151753,5,16,gamma_0.1,gamma,0.1
186,C,0.49543870364172193,0.01490161394084834,0.4896596824174293,5,16,gamma_0.1,gamma,0.1
187,A,0.2921267369070993,0.007367045032303926,0.7005062180605974,5,16,gamma_0.1,gamma,0.1
187,C,0.49441870866621185,0.014453926994034298,0.4911273643397532,5,16,gamma_0.1,gamma,0.1
188,A,0.2916466806688117,0.007122681532968626,0.7012306377982194,5,16,gamma_0.1,gamma,0.1
188,C,0.49343156782760533,0.014017586106026513,0.4925508460663671,5,16,gamma_0.1,gamma,0.1
189,A,0.2911827960729548,0.006886187262079563,0.701931016664966,5,16,gamma_0.1,gamma,0.1
189,C,0.49247630196467085,0.013592443164317533,0.49393125487101114,5,16,gamma_0.1,gamma,0.1
190,A,0.2907345471336096,0.0066573232826653925,0.7026081295837248,5,16,gamma_0.1,gamma,0.1
190,C,0.491551955485935,0.013178341722565934,0.4952697027914983,5,16,gamma_0.1,gamma,0.1
191,A,0.29030141511628466,0.006435856982937017,0.703262727900779,5,16,gamma_0.1,gamma,0.1
191,C,0.4906575962246461,0.012775117931999858,0.49656728584335397,5,16,gamma_0.1,gamma,0.1
192,A,0.28988289801238976,0.006221561974355348,0.7038955400132556,5,16,gamma_0.1,gamma,0.1
192,C,0.4897923152563283,0.01238260141975458,0.4978250833239178,5,16,gamma_0.1,gamma,0.1
193,A,0.2894785100279895,0.0060142179858120644,0.7045072719861979,5,16,gamma_0.1,gamma,0.1
193,C,0.48895522668271585,0.012000616115583725,0.49904415720170037,5,16,gamma_0.1,gamma,0.1
194,A,0.28908778108658634,0.005813610754537509,0.7050986081588756,5,16,gamma_0.1,gamma,0.1
194,C,0.48814546738593656,0.011628981028190499,0.5002255515858725,5,16,gamma_0.1,gamma,0.1
195,A,0.2887102563455719,0.005619531914377358,0.7056702117400512,5,16,gamma_0.1,gamma,0.1
195,C,0.4873621967555416,0.011267510973491152,0.5013702922709661,5,16,gamma_0.1,gamma,0.1
196,A,0.2883454957261216,0.005431778881916421,0.706222725391962,5,16,gamma_0.1,gamma,0.1
196,C,0.4866045963919902,0.010916017255961358,0.5024793863520484,5,16,gamma_0.1,gamma,0.1
197,A,0.28799307345623104,0.005250154740934417,0.706756771802835,5,16,gamma_0.1,gamma,0.1
197,C,0.48587186978934543,0.01057430830490377,0.5035538219057509,5,16,gamma_0.1,gamma,0.1
198,A,0.2876525776266043,0.0050744681256262945,0.7072729542477689,5,16,gamma_0.1,gamma,0.1
198,C,0.4851632419998013,0.010242190267435277,0.504594567732764,5,16,gamma_0.1,gamma,0.1
199,A,0.287323609759112,0.004904533102980444,0.7077718571379085,5,16,gamma_0.1,gamma,0.1
199,C,0.48447795928242454,0.009919467560043358,0.5056025731575314,5,16,gamma_0.1,gamma,0.1
200,A,0.2870057843875249,0.004740169054665197,0.7082540465578093,5,16,gamma_0.1,gamma,0.1
200,C,0.4838152887383815,0.009605943380512448,0.5065787678811063,5,16,gamma_0.1,gamma,0.1
201,A,0.2866987286502574,0.004581200558736663,0.7087200707910056,5,16,gamma_0.1,gamma,0.1
201,C,0.4831745179347235,0.009301420181990119,0.5075240618832876,5,16,gamma_0.1,gamma,0.1
202,A,0.2864020818948241,0.004427457271450147,0.709170460833725,5,16,gamma_0.1,gamma,0.1
202,C,0.482554954518684,0.009005700110964658,0.5084393453703512,5,16,gamma_0.1,gamma,0.1
203,A,0.28611549529374813,0.004278773809429616,0.7096057308968223,5,16,gamma_0.1,gamma,0.1
203,C,0.48195592582422625,0.008718585410925045,0.509325488764849,5,16,gamma_0.1,gamma,0.1
204,A,0.2858386314716369,0.004134989632423078,0.710026378895941,5,16,gamma_0.1,gamma,0.1
204,C,0.4813767784724326,0.008439878793444369,0.5101833427341228,5,16,gamma_0.1,gamma,0.1
205,A,0.2855711641431544,0.003995948926846304,0.7104328869299992,5,16,gamma_0.1,gamma,0.1
205,C,0.48081687796724154,0.008169383778382944,0.5110137382543755,5,16,gamma_0.1,gamma,0.1
206,A,0.28531277776162833,0.0038615004902945414,0.7108257217480772,5,16,gamma_0.1,gamma,0.1
206,C,0.48027560828785454,0.00790690500486174,0.5118174867072842,5,16,gamma_0.1,gamma,0.1
207,A,0.285063167178019,0.0037314976171815453,0.7112053352047988,5,16,gamma_0.1,gamma,0.1
207,C,0.47975237147906746,0.007652248514616265,0.5125953800063155,5,16,gamma_0.1,gamma,0.1
208,A,0.28482203730999694,0.0036057979856469868,0.711572164704356,5,16,gamma_0.1,gamma,0.1
208,C,0.4792465872406335,0.007405222009296503,0.5133481907500691,5,16,gamma_0.1,gamma,0.1
209,A,0.2845891028208673,0.0034842635458562005,0.711926633633277,5,16,gamma_0.1,gamma,0.1
209,C,0.47875769251667327,0.007165635083227835,0.5140766724000981,5,16,gamma_0.1,gamma,0.1
210,A,0.2843640878080898,0.003366760409800437,0.7122691517821091,5,16,gamma_0.1,gamma,0.1
210,C,0.47828514108605436,0.006933299433093877,0.5147815594808509,5,16,gamma_0.1,gamma,0.1
211,A,0.2841467255011452,0.0032531587426917288,0.7126001157561633,5,16,gamma_0.1,gamma,0.1
211,C,0.47782840315456976,0.006708029045947054,0.5154635677994829,5,16,gamma_0.1,gamma,0.1
212,A,0.28393675796850487,0.003143332656033254,0.7129199093754623,5,16,gamma_0.1,gamma,0.1
212,C,0.4773869649496581,0.006489640366902042,0.5161233946834397,5,16,gamma_0.1,gamma,0.1
213,A,0.28373393583345685,0.0030371601024346997,0.7132289040641092,5,16,gamma_0.1,gamma,0.1
213,C,0.47696032831834,0.006277952447808863,0.5167617192338501,5,16,gamma_0.1,gamma,0.1
214,A,0.28353801799856354,0.00293452277223199,0.7135274592292045,5,16,gamma_0.1,gamma,0.1
214,C,0.4765480103290046,0.006072787078105393,0.5173792025928883,5,16,gamma_0.1,gamma,0.1
215,A,0.28334877137850817,0.0028353059919586283,0.7138159226295322,5,16,gamma_0.1,gamma,0.1
215,C,0.47614954287748534,0.00587396889913224,0.5179764882233818,5,16,gamma_0.1,gamma,0.1
216,A,0.28316597064110915,0.0027393986247097523,0.7140946307341817,5,16,gamma_0.1,gamma,0.1
216,C,0.4757644722979758,0.005681325502961851,0.5185542021990619,5,16,gamma_0.1,gamma,0.1
217,A,0.2829893979562746,0.002646692972430818,0.7143639090712948,5,16,gamma_0.1,gamma,0.1
217,C,0.47539235897918497,0.0054946875168329625,0.5191129535039808,5,16,gamma_0.1,gamma,0.1
218,A,0.2828188427526876,0.0025570846801554418,0.7146240725671568,5,16,gamma_0.1,gamma,0.1
218,C,0.4750327769860976,0.0053138886742177685,0.5196533343396852,5,16,gamma_0.1,gamma,0.1
219,A,0.28265410148199593,0.002470472642210383,0.7148754258757933,5,16,gamma_0.1,gamma,0.1
219,C,0.474685313687625,0.005138765873501666,0.5201759204388741,5,16,gamma_0.1,gamma,0.1
220,A,0.28249497739030804,0.002386758910399552,0.7151182636992925,5,16,gamma_0.1,gamma,0.1
220,C,0.47434956939046097,0.004969159225196733,0.5206812713843425,5,16,gamma_0.1,gamma,0.1
221,A,0.28234128029678085,0.00230584860417382,0.7153528710990452,5,16,gamma_0.1,gamma,0.1
221,C,0.4740251569793336,0.004804912088556941,0.5211699309321103,5,16,gamma_0.1,gamma,0.1
222,A,0.28219282637910925,0.002227649822788285,0.7155795237981025,5,16,gamma_0.1,gamma,0.1
222,C,0.4737117015638663,0.004645871098417838,0.5216424273377163,5,16,gamma_0.1,gamma,0.1
223,A,0.28204943796571086,0.002152073559444352,0.7157984884748451,5,16,gamma_0.1,gamma,0.1
223,C,0.4734088401322226,0.004491886183040896,0.522099273684737,5,16,gamma_0.1,gamma,0.1
224,A,0.2819109433344247,0.0020790336174098542,0.7160100230481656,5,16,gamma_0.1,gamma,0.1
224,C,0.4731162212116198,0.004342810573697252,0.5225409682146824,5,16,gamma_0.1,gamma,0.1
225,A,0.28177717651752343,0.0020084465281070027,0.7162143769543693,5,16,gamma_0.1,gamma,0.1
225,C,0.4728335045358674,0.004198500806682028,0.5229679946574498,5,16,gamma_0.1,gamma,0.1
226,A,0.28164797711287587,0.0019402314711547948,0.7164117914159696,5,16,gamma_0.1,gamma,0.1
226,C,0.472560360719951,0.004058816718407978,0.5233808225616403,5,16,gamma_0.1,gamma,0.1
227,A,0.28152319010105786,0.0018743101963495333,0.7166024997025919,5,16,gamma_0.1,gamma,0.1
227,C,0.4722964709417518,0.0039236214341886125,0.5237799076240601,5,16,gamma_0.1,gamma,0.1
228,A,0.2814026656682616,0.0018106069475647454,0.7167867273841741,5,16,gamma_0.1,gamma,0.1
228,C,0.472041526630913,0.0037927813512835255,0.5241656920178025,5,16,gamma_0.1,gamma,0.1
229,A,0.2812862590348087,0.0017490483885493188,0.7169646925766421,5,16,gamma_0.1,gamma,0.1
229,C,0.47179522916487016,0.003666166116742727,0.5245386047183881,5,16,gamma_0.1,gamma,0.1
230,A,0.2811738302891276,0.0016895635306009434,0.7171366061802724,5,16,gamma_0.1,gamma,0.1
230,C,0.4715572895720253,0.0035436486005515884,0.5248990618274225,5,16,gamma_0.1,gamma,0.1
231,A,0.281065244227009,0.001632083662089965,0.7173026721109004,5,16,gamma_0.1,gamma,0.1
231,C,0.4713274282420706,0.003425104864545837,0.5252474668933844,5,16,gamma_0.1,gamma,0.1
232,A,0.280960370196002,0.001576542279807262,0.71746308752419,5,16,gamma_0.1,gamma,0.1
232,C,0.471105374643381,0.003310414127534264,0.5255842112290855,5,16,gamma_0.1,gamma,0.1
233,A,0.28085908194478393,0.0015228750221084222,0.7176180430331082,5,16,gamma_0.1,gamma,0.1
233,C,0.4708908670474759,0.0031994587270376532,0.5259096742254863,5,16,gamma_0.1,gamma,0.1
234,A,0.2807612574773567,0.0014710196038276756,0.7177677229188144,5,16,gamma_0.1,gamma,0.1
234,C,0.47068365226044867,0.0030921240780242055,0.5262242236615272,5,16,gamma_0.1,gamma,0.1
235,A,0.2806667789119373,0.0014209157529270046,0.7179123053351363,5,16,gamma_0.1,gamma,0.1
235,C,0.4704834853613072,0.002988298628995643,0.5265282160096986,5,16,gamma_0.1,gamma,0.1
236,A,0.28057553234437793,0.0013725051488535983,0.7180519625067693,5,16,gamma_0.1,gamma,0.1
236,C,0.470290129447152,0.0028878738157515982,0.5268219967370954,5,16,gamma_0.1,gamma,0.1
237,A,0.280487407715998,0.0013257313625738903,0.7181868609214279,5,16,gamma_0.1,gamma,0.1
237,C,0.4701033553851021,0.0027907440131374685,0.5271059006017617,5,16,gamma_0.1,gamma,0.1
238,A,0.2804022986856853,0.0012805397982522237,0.7183171615160621,5,16,gamma_0.1,gamma,0.1
238,C,0.4699229415708485,0.0026968064850578393,0.5273802519440924,5,16,gamma_0.1,gamma,0.1
239,A,0.2803201025061302,0.0012368776365415694,0.7184430198573286,5,16,gamma_0.1,gamma,0.1
239,C,0.4697486736937876,0.0026059613330168775,0.5276453649731967,5,16,gamma_0.1,gamma,0.1
240,A,0.28024071990407934,0.001194693779453793,0.7185645863164671,5,16,gamma_0.1,gamma,0.1
240,C,0.46958034450855934,0.0025181114434265107,0.5279015440480145,5,16,gamma_0.1,gamma,0.1
241,A,0.2801640549644718,0.0011539387967769135,0.7186820062387519,5,16,gamma_0.1,gamma,0.1
241,C,0.4694177536129538,0.002433162433905001,0.5281490839531418,5,16,gamma_0.1,gamma,0.1
242,A,0.2800900150183478,0.0011145648740065086,0.7187954201076456,5,16,gamma_0.1,gamma,0.1
242,C,0.46926070723200053,0.0023510225987703444,0.5283882701692283,5,16,gamma_0.1,gamma,0.1
243,A,0.28001851053440724,0.0010765257617583292,0.718904963703835,5,16,gamma_0.1,gamma,0.1
243,C,0.46910901800818655,0.002271602853917033,0.528619379137897,5,16,gamma_0.1,gamma,0.1
244,A,0.2799494550141034,0.0010397767266290769,0.7190107682592676,5,16,gamma_0.1,gamma,0.1
244,C,0.46896250479763074,0.002194816681248593,0.52884267852112,5,16,gamma_0.1,gamma,0.1
245,A,0.27988276489016867,0.0010042745034725539,0.7191129606063582,5,16,gamma_0.1,gamma,0.1
245,C,0.4688209924721369,0.002120580072824222,0.5290584274550391,5,16,gamma_0.1,gamma,0.1
246,A,0.2798183594284584,9.699772490584916e-4,0.7192116633224832,5,16,gamma_0.1,gamma,0.1
246,C,0.4686843117269641,0.002048811474863766,0.5292668767981726,5,16,gamma_0.1,gamma,0.1
247,A,0.2797561606330102,9.368444970815643e-4,0.7193069948699086,5,16,gamma_0.1,gamma,0.1
247,C,0.4685522988942197,0.0019794317317430588,0.5294682693740378,5,16,gamma_0.1,gamma,0.1
248,A,0.27969609315421806,9.048371144883531e-4,0.7193990697312939,5,16,gamma_0.1,gamma,0.1
248,C,0.46842479576173646,0.0019123640300992245,0.5296628402081648,5,16,gamma_0.1,gamma,0.1
249,A,0.27963808420002617,8.739172590902279e-4,0.7194879985408835,5,16,gamma_0.1,gamma,0.1
249,C,0.46830164939730357,0.0018475338431548866,0.5298508167595406,5,16,gamma_0.1,gamma,0.1
250,A,0.2795820634500416,8.440483384305374e-4,0.7195738882115272,5,16,gamma_0.1,gamma,0.1
250,C,0.46818271197814304,0.0017848688753595242,0.5300324191464969,5,16,gamma_0.1,gamma,0.1
251,A,0.27952796297247634,8.151949698748051e-4,0.719656842057649,5,16,gamma_0.1,gamma,0.1
251,C,0.46806784062548534,0.001724299007436841,0.5302078603670776,5,16,gamma_0.1,gamma,0.1
252,A,0.27947571714382746,7.873229418929696e-4,0.7197369599142796,5,16,gamma_0.1,gamma,0.1
252,C,0.46795689724414113,0.0016657562419176146,0.530377346513942,5,16,gamma_0.1,gamma,0.1
253,A,0.27942526257121203,7.603991765031831e-4,0.7198143382522846,5,16,gamma_0.1,gamma,0.1
253,C,0.4678497483669289,0.0016091746492295936,0.5305410769838415,5,16,gamma_0.1,gamma,0.1
254,A,0.27937653801726553,7.343916928479931e-4,0.7198890702898868,5,16,gamma_0.1,gamma,0.1
254,C,0.4677462650038438,0.001554490314409793,0.5306992446817461,5,16,gamma_0.1,gamma,0.1
255,A,0.27932948432752713,7.092695718713519e-4,0.7199612461006,5,16,gamma_0.1,gamma,0.1
255,C,0.46764632249584537,0.0015016412844916884,0.5308520362196639,5,16,gamma_0.1,gamma,0.1
256,A,0.27928404436023424,6.850029220689217e-4,0.7200309527176976,5,16,gamma_0.1,gamma,0.1
256,C,0.4675498003731441,0.001450567516620244,0.5309996321102366,5,16,gamma_0.1,gamma,0.1
257,A,0.27924016291843334,6.615628462827499e-4,0.7200982742352836,5,16,gamma_0.1,gamma,0.1
257,C,0.46745658221786485,0.0014012108269379582,0.5311422069551972,5,16,gamma_0.1,gamma,0.1
258,A,0.27919778668436274,6.389214095121939e-4,0.7201632919061254,5,16,gamma_0.1,gamma,0.1
258,C,0.467366555530978,0.0013535148402796973,0.5312799296287425,5,16,gamma_0.1,gamma,0.1
259,A,0.27915686415599683,6.170516077133279e-4,0.72022608423629,5,16,gamma_0.1,gamma,0.1
259,C,0.46727961160336956,0.0013074249407087515,0.5314129634559218,5,16,gamma_0.1,gamma,0.1
260,A,0.27911734558571416,5.959273375597644e-4,0.7202867270767254,5,16,gamma_0.1,gamma,0.1
260,C,0.46719564539095426,0.0012628882229219092,0.5315414663861253,5,16,gamma_0.1,gamma,0.1
261,A,0.27907918292100237,5.755233671384082e-4,0.7203452937118603,5,16,gamma_0.1,gamma,0.1
261,C,0.4671145553937044,0.0012198534445470933,0.5316655911617493,5,16,gamma_0.1,gamma,0.1
262,A,0.27904232974713633,5.558153075541787e-4,0.7204018549453098,5,16,gamma_0.1,gamma,0.1
262,C,0.46703624353849704,0.00117827097935286,0.5317854854821488,5,16,gamma_0.1,gamma,0.1
263,A,0.2790067412317756,5.367795854182126e-4,0.720456479182807,5,16,gamma_0.1,gamma,0.1
263,C,0.46696061506566505,0.0011380927713852244,0.5319012921629506,5,16,gamma_0.1,gamma,0.1
264,A,0.2789723740714035,5.183934161945614e-4,0.7205092325124025,5,16,gamma_0.1,gamma,0.1
264,C,0.46688757841913847,0.001099272290043729,0.5320131492908168,5,16,gamma_0.1,gamma,0.1
265,A,0.27893918643955873,5.00634778381023e-4,0.720560178782061,5,16,gamma_0.1,gamma,0.1
265,C,0.46681704514010636,0.001061764486105705,0.5321211903737879,5,16,gamma_0.1,gamma,0.1
266,A,0.27890713793680066,4.8348238850025766e-4,0.7206093796746987,5,16,gamma_0.1,gamma,0.1
266,C,0.4667489297640449,0.0010255257487046035,0.53222554448725,5,16,gamma_0.1,gamma,0.1
267,A,0.2788761895423443,4.669156768778815e-4,0.7206568947807781,5,16,gamma_0.1,gamma,0.1
267,C,0.46668314972106817,9.905138632658574e-4,0.5323263364156662,5,16,gamma_0.1,gamma,0.1
268,A,0.2788463035673162,4.509147641847675e-4,0.7207027816684993,5,16,gamma_0.1,gamma,0.1
268,C,0.466619625239462,9.566879704010948e-4,0.5324236867901376,5,16,gamma_0.1,gamma,0.1
269,A,0.27881744360958016,4.35460438721302e-4,0.7207470959516987,5,16,gamma_0.1,gamma,0.1
269,C,0.46655827925232973,9.240085257595315e-4,0.5325177122219108,5,16,gamma_0.1,gamma,0.1
270,A,0.2787895745100721,4.2053413442189486e-4,0.7207898913555061,5,16,gamma_0.1,gamma,0.1
270,C,0.466499037307255,8.924372608332586e-4,0.532608525431911,5,16,gamma_0.1,gamma,0.1
271,A,0.2787626623106063,4.0611790955855125e-4,0.7208312197798347,5,16,gamma_0.1,gamma,0.1
271,C,0.4664418274788803,8.619371447114925e-4,0.5326962353764089,5,16,gamma_0.1,gamma,0.1
272,A,0.2787366742130954,3.921944261228298e-4,0.7208711313607824,5,16,gamma_0.1,gamma,0.1
272,C,0.46638658028432006,8.324723467770772e-4,0.5327809473689036,5,16,gamma_0.1,gamma,0.1
273,A,0.2787115785401415,3.787469298660302e-4,0.7209096745299938,5,16,gamma_0.1,gamma,0.1
273,C,0.46633322860133464,8.040082003372634e-4,0.5328627631983278,5,16,gamma_0.1,gamma,0.1
274,A,0.27868734469695194,3.657592309782312e-4,0.72094689607207,5,16,gamma_0.1,gamma,0.1
274,C,0.4662817075891567,7.765111671800781e-4,0.5329417812436638,5,16,gamma_0.1,gamma,0.1
275,A,0.27866394313453796,3.5321568538643905e-4,0.7209828411800752,5,16,gamma_0.1,gamma,0.1
275,C,0.46623195461190675,7.499488030442778e-4,0.5330180965850503,5,16,gamma_0.1,gamma,0.1
276,A,0.2786413453141535,3.4110117665367835e-4,0.7210175535091934,5,16,gamma_0.1,gamma,0.1
276,C,0.4661839091645143,7.242897239926416e-4,0.5330918011114929,5,16,gamma_0.1,gamma,0.1
277,A,0.27861952367292614,3.2940109846076374e-4,0.7210510752286129,5,16,gamma_0.1,gamma,0.1
277,C,0.4661375128010682,6.995035736760278e-4,0.533162983625256,5,16,gamma_0.1,gamma,0.1
278,A,0.27859845159065577,3.181013376530771e-4,0.721083447071691,5,16,gamma_0.1,gamma,0.1
278,C,0.46609270906551237,6.755609914749858e-4,0.533231729943013,5,16,gamma_0.1,gamma,0.1
279,A,0.27857810335772537,3.071882578350739e-4,0.7211147083844395,5,16,gamma_0.1,gamma,0.1
279,C,0.46604944342462645,6.524335815049828e-4,0.5332981229938683,5,16,gamma_0.1,gamma,0.1
280,A,0.27855845414409863,2.966486834957742e-4,0.7211448971724048,5,16,gamma_0.1,gamma,0.1
280,C,0.46600766320321346,6.300938824708253e-4,0.5333622429143176,5,16,gamma_0.1,gamma,0.1
281,A,0.27853947996936407,2.8646988464896245e-4,0.7211740501459861,5,16,gamma_0.1,gamma,0.1
281,C,0.46596731752142057,6.085153383554098e-4,0.5334241671402248,5,16,gamma_0.1,gamma,0.1
282,A,0.27852115767378904,2.766395619722549e-4,0.7212022027642382,5,16,gamma_0.1,gamma,0.1
282,C,0.46592835723413956,5.876722699275303e-4,0.533483970495933,5,16,gamma_0.1,gamma,0.1
283,A,0.2785034648903549,2.671458324296173e-4,0.7212293892772156,5,16,gamma_0.1,gamma,0.1
283,C,0.4658907348724054,5.675398470530306e-4,0.5335417252805416,5,16,gamma_0.1,gamma,0.1
284,A,0.2784863800177362,2.579772153623274e-4,0.7212556427669016,5,16,gamma_0.1,gamma,0.1
284,C,0.46585440458674066,5.480940617933396e-4,0.5335975013514657,5,16,gamma_0.1,gamma,0.1
285,A,0.2784698821941959,2.4912261903382594e-4,0.72128099518677,5,16,gamma_0.1,gamma,0.1
285,C,0.46581932209237825,5.293117022752217e-4,0.533651366205348,5,16,gamma_0.1,gamma,0.1
286,A,0.2784539512723606,2.4057132761429623e-4,0.7213054774000248,5,16,gamma_0.1,gamma,0.1
286,C,0.4657854446163022,5.111703273154466e-4,0.5337033850563818,5,16,gamma_0.1,gamma,0.1
287,A,0.2784385677948548,2.3231298859121815e-4,0.721329119216554,5,16,gamma_0.1,gamma,0.1
287,C,0.4657527308460648,4.93648241783954e-4,0.5337536209121526,5,16,gamma_0.1,gamma,0.1
288,A,0.2784237129707554,2.2433760059253555e-4,0.7213519494286521,5,16,gamma_0.1,gamma,0.1
288,C,0.46572114088027994,4.767244726890029e-4,0.5338021346470307,5,16,gamma_0.1,gamma,0.1
289,A,0.2784093686528496,2.166355016094546e-4,0.72137399584554,5,16,gamma_0.1,gamma,0.1
289,C,0.46569063618080325,4.6037874596783503e-4,0.5338489850732284,5,16,gamma_0.1,gamma,0.1
290,A,0.2783955173156608,2.0919735760627003e-4,0.7213952853267337,5,16,gamma_0.1,gamma,0.1
290,C,0.4656611795264777,4.445914639663311e-4,0.5338942290095559,5,16,gamma_0.1,gamma,0.1
291,A,0.2783821420342182,2.0201415150497692e-4,0.721415843814277,5,16,gamma_0.1,gamma,0.1
291,C,0.4656327349684453,4.293436835912562e-4,0.5339379213479623,5,16,gamma_0.1,gamma,0.1
292,A,0.27836922646355383,1.9507717253279194e-4,0.7214356963639134,5,16,gamma_0.1,gamma,0.1
292,C,0.46560526778694467,4.1461709511873905e-4,0.5339801151179357,5,16,gamma_0.1,gamma,0.1
293,A,0.27835675481888583,1.883780059210442e-4,0.7214548671751936,5,16,gamma_0.1,gamma,0.1
293,C,0.46557874444956204,4.0039400164273704e-4,0.5340208615487965,5,16,gamma_0.1,gamma,0.1
294,A,0.2783447118564837,1.8190852294432065e-4,0.7214733796205726,5,16,gamma_0.1,gamma,0.1
294,C,0.46555313257086983,3.8665729914762263e-4,0.5340602101299824,5,16,gamma_0.1,gamma,0.1
295,A,0.27833308285517694,1.7566087128884498e-4,0.7214912562735345,5,16,gamma_0.1,gamma,0.1
295,C,0.4655284008734414,3.733904571885017e-4,0.5340982086693704,5,16,gamma_0.1,gamma,0.1
296,A,0.27832185359849765,1.6962746573968298e-4,0.7215085189357634,5,16,gamma_0.1,gamma,0.1
296,C,0.4655045191501511,3.605775001638604e-4,0.5341349033496848,5,16,gamma_0.1,gamma,0.1
297,A,0.2783110103574253,1.6380097917653147e-4,0.7215251886633988,5,16,gamma_0.1,gamma,0.1
297,C,0.4654814582277591,3.482029891649824e-4,0.5341703387830764,5,16,gamma_0.1,gamma,0.1
298,A,0.27830053987372244,1.5817433386818003e-4,0.7215412857924091,5,16,gamma_0.1,gamma,0.1
298,C,0.465459189931711,3.362520043867483e-4,0.5342045580639027,5,16,gamma_0.1,gamma,0.1
299,A,0.27829042934383436,1.527406930560142e-4,0.7215568299631098,5,16,gamma_0.1,gamma,0.1
299,C,0.4654376870521317,3.247101280847102e-4,0.5342376028197835,5,16,gamma_0.1,gamma,0.1
300,A,0.27828066640333676,1.4749345281724212e-4,0.7215718401438453,5,16,gamma_0.1,gamma,0.1
300,C,0.4654169233109579,3.135634280635658e-4,0.5342695132609779,5,16,gamma_0.1,gamma,0.1
301,A,0.278271239111917,1.424262341988146e-4,0.7215863346538846,5,16,gamma_0.1,gamma,0.1
301,C,0.46539687333018076,3.0279844168244725e-4,0.5343003282281344,5,16,gamma_0.1,gamma,0.1
302,A,0.27826213593885935,1.3753287561327793e-4,0.7216003311855277,5,16,gamma_0.1,gamma,0.1
302,C,0.46537751260116833,2.924021603626828e-4,0.5343300852384693,5,16,gamma_0.1,gamma,0.1
303,A,0.27825334574903227,1.3280742548806793e-4,0.7216138468254798,5,16,gamma_0.1,gamma,0.1
303,C,0.46535881745500535,2.8236201458393083e-4,0.5343588205304107,5,16,gamma_0.1,gamma,0.1
304,A,0.27824485778934815,1.2824413516000823e-4,0.7216268980754924,5,16,gamma_0.1,gamma,0.1
304,C,0.46534076503385796,2.7266585935488126e-4,0.534386569106787,5,16,gamma_0.1,gamma,0.1
305,A,0.2782366616756862,1.23837452007042e-4,0.7216395008723057,5,16,gamma_0.1,gamma,0.1
305,C,0.4653233332632928,2.633019601449728e-4,0.5344133647765628,5,16,gamma_0.1,gamma,0.1
306,A,0.2782287473802616,1.1958201280946256e-4,0.7216516706069285,5,16,gamma_0.1,gamma,0.1
306,C,0.46530650082553326,2.542589792638813e-4,0.5344392401952036,5,16,gamma_0.1,gamma,0.1
307,A,0.27822110521942284,1.1547263733315802e-4,0.7216634221432436,5,16,gamma_0.1,gamma,0.1
307,C,0.4652902471336268,2.455259626758019e-4,0.5344642269036975,5,16,gamma_0.1,gamma,0.1
308,A,0.2782137258418689,1.1150432212761359e-4,0.7216747698360036,5,16,gamma_0.1,gamma,0.1
308,C,0.4652745523064873,2.3709232723583806e-4,0.5344883553662776,5,16,gamma_0.1,gamma,0.1
309,A,0.27820660021726623,1.0767223453164039e-4,0.7216857275482028,5,16,gamma_0.1,gamma,0.1
309,C,0.4652593971447726,2.2894784833608594e-4,0.5345116550068892,5,16,gamma_0.1,gamma,0.1
310,A,0.27819971962525336,1.0397170688002417e-4,0.7216963086678669,5,16,gamma_0.1,gamma,0.1
310,C,0.46524476310760204,2.210826479493011e-4,0.5345341542444495,5,16,gamma_0.1,gamma,0.1
311,A,0.2781930756448231,1.0039823090450069e-4,0.7217065261242719,5,16,gamma_0.1,gamma,0.1
311,C,0.46523063229003164,2.134871830583042e-4,0.534555880526909,5,16,gamma_0.1,gamma,0.1
312,A,0.27818666014406607,9.694745232266633e-5,0.72171639240361,5,16,gamma_0.1,gamma,0.1
312,C,0.46521698740133194,2.061522344595881e-4,0.534576860364209,5,16,gamma_0.1,gamma,0.1
313,A,0.27818046527026347,9.361516560864509e-5,0.721725919564127,5,16,gamma_0.1,gamma,0.1
313,C,0.4652038117439718,1.9906889592983637e-4,0.534597119360099,5,16,gamma_0.1,gamma,0.1
314,A,0.27817448344031936,9.039730893953595e-5,0.7217351192507414,5,16,gamma_0.1,gamma,0.1
314,C,0.4651910891933313,1.9222856374444345e-4,0.5346166822429232,5,16,gamma_0.1,gamma,0.1
315,A,0.2781687073315201,8.728995931180634e-5,0.7217440027091685,5,16,gamma_0.1,gamma,0.1
315,C,0.4651788041781087,1.8562292653717961e-4,0.5346355728953547,5,16,gamma_0.1,gamma,0.1
316,A,0.27816312987260805,8.428932782204683e-5,0.7217525807995702,5,16,gamma_0.1,gamma,0.1
316,C,0.46516694166137645,1.7924395549068312e-4,0.5346538143831318,5,16,gamma_0.1,gamma,0.1
317,A,0.2781577442351627,8.139175510664977e-5,0.7217608640097312,5,16,gamma_0.1,gamma,0.1
317,C,0.465155487122302,1.7308389484758883e-4,0.5346714289828485,5,16,gamma_0.1,gamma,0.1
318,A,0.2781525438252732,7.85937069351496e-5,0.7217688624677916,5,16,gamma_0.1,gamma,0.1
318,C,0.4651444265384768,1.6713525273239808e-4,0.534688438208791,5,16,gamma_0.1,gamma,0.1
319,A,0.2781475222754985,7.589176995212892e-5,0.7217765859545495,5,16,gamma_0.1,gamma,0.1
319,C,0.46513374636885063,1.6139079227444738e-4,0.5347048628388751,5,16,gamma_0.1,gamma,0.1
320,A,0.27814267343710075,7.328264756276289e-5,0.7217840439153363,5,16,gamma_0.1,gamma,0.1
320,C,0.46512343353724867,1.5584352302260837e-4,0.5347207229397288,5,16,gamma_0.1,gamma,0.1
321,A,0.2781379913725445,7.076315595723421e-5,0.7217912454714976,5,16,gamma_0.1,gamma,0.1
321,C,0.4651134754164532,1.5048669264260657e-4,0.5347360378909036,5,16,gamma_0.1,gamma,0.1
322,A,0.27813347034825353,6.833022026940188e-5,0.721798199431477,5,16,gamma_0.1,gamma,0.1
322,C,0.46510385981282043,1.453137788880985e-4,0.5347508264082907,5,16,gamma_0.1,gamma,0.1
323,A,0.27812910482761277,6.598087086525811e-5,0.7218049143015215,5,16,gamma_0.1,gamma,0.1
323,C,0.4650945749514275,1.4031848183688968e-4,0.5347651065667348,5,16,gamma_0.1,gamma,0.1
324,A,0.2781248894642142,6.371223975684993e-5,0.7218113982960285,5,16,gamma_0.1,gamma,0.1
324,C,0.46508560946172384,1.3549471638392172e-4,0.5347788958218919,5,16,gamma_0.1,gamma,0.1
325,A,0.2781208190953294,6.152155713748298e-5,0.7218176593475325,5,16,gamma_0.1,gamma,0.1
325,C,0.4650769523636744,1.3083660498288636e-4,0.5347922110313438,5,16,gamma_0.1,gamma,0.1
326,A,0.27811688873560836,5.940614803416311e-5,0.7218237051163581,5,16,gamma_0.1,gamma,0.1
326,C,0.4650685930543685,1.2633847062857177e-4,0.5348050684750016,5,16,gamma_0.1,gamma,0.1
327,A,0.27811309357099084,5.736342907335813e-5,0.7218295429999364,5,16,gamma_0.1,gamma,0.1
327,C,0.46506052129510433,1.2199483007226426e-4,0.5348174838748235,5,16,gamma_0.1,gamma,0.1
328,A,0.27810942895283125,5.5390905356297354e-5,0.7218351801418122,5,16,gamma_0.1,gamma,0.1
328,C,0.46505272719888735,1.1780038726274976e-4,0.534829472413851,5,16,gamma_0.1,gamma,0.1
329,A,0.2781058903922203,5.348616744014042e-5,0.7218406234403396,5,16,gamma_0.1,gamma,0.1
329,C,0.46504520121837695,1.1375002700569016e-4,0.5348410487546176,5,16,gamma_0.1,gamma,0.1
330,A,0.2781024735545029,5.164688842147442e-5,0.7218458795570765,5,16,gamma_0.1,gamma,0.1
330,C,0.4650379341342407,1.0983880883434599e-4,0.5348522270569247,5,16,gamma_0.1,gamma,0.1
331,A,0.278099174253982,4.9870821118712116e-5,0.7218509549248993,5,16,gamma_0.1,gamma,0.1
331,C,0.4650309170438995,1.0606196108483991e-4,0.5348630209950149,5,16,gamma_0.1,gamma,0.1
332,A,0.2780959884488083,4.8155795350073225e-5,0.7218558557558415,5,16,gamma_0.1,gamma,0.1
332,C,0.46502414135066406,1.024148751693491e-4,0.5348734437741658,5,16,gamma_0.1,gamma,0.1
333,A,0.2780929122360394,4.649971530394395e-5,0.7218605880486573,5,16,gamma_0.1,gamma,0.1
333,C,0.46501759875324145,9.889310004081853e-5,0.534883508146717,5,16,gamma_0.1,gamma,0.1
334,A,0.27808994184687125,4.49005569985182e-5,0.721865157596131,5,16,gamma_0.1,gamma,0.1
334,C,0.46501128123559715,9.54923368429901e-5,0.5348932264275598,5,16,gamma_0.1,gamma,0.1
335,A,0.2780870736420356,4.3356365827709755e-5,0.7218695699921366,5,16,gamma_0.1,gamma,0.1
335,C,0.4650051810571718,9.220843373969142e-5,0.5349026105090892,5,16,gamma_0.1,gamma,0.1
336,A,0.2780843041073486,4.1865254190444545e-5,0.721873830638461,5,16,gamma_0.1,gamma,0.1
336,C,0.4649992907434211,8.903738091756519e-5,0.5349116718756604,5,16,gamma_0.1,gamma,0.1
337,A,0.2780816298494167,4.042539920052654e-5,0.7218779447513816,5,16,gamma_0.1,gamma,0.1
337,C,0.4649936030766947,8.597530575656925e-5,0.5349204216175495,5,16,gamma_0.1,gamma,0.1
338,A,0.27807904759149166,3.903504047436494e-5,0.7218819173680352,5,16,gamma_0.1,gamma,0.1
338,C,0.46498811108740784,8.301846816275788e-5,0.53492887044443,5,16,gamma_0.1,gamma,0.1
339,A,0.27807655416945815,3.769247799393968e-5,0.7218857533525479,5,16,gamma_0.1,gamma,0.1
339,C,0.46498280804553477,8.016325605802062e-5,0.5349370286984078,5,16,gamma_0.1,gamma,0.1
340,A,0.27807414652797335,3.639607004247051e-5,0.7218894574019838,5,16,gamma_0.1,gamma,0.1
340,C,0.46497768745238294,7.740618102162573e-5,0.5349449063665958,5,16,gamma_0.1,gamma,0.1
341,A,0.2780718217167246,3.514423121033671e-5,0.721893034052065,5,16,gamma_0.1,gamma,0.1
341,C,0.464972743032645,7.474387407857307e-5,0.5349525130932762,5,16,gamma_0.1,gamma,0.1
342,A,0.27806957688682576,3.393543046887997e-5,0.7218964876827049,5,16,gamma_0.1,gamma,0.1
342,C,0.46496796872673823,7.217308162992152e-5,0.5349598581916329,5,16,gamma_0.1,gamma,0.1
343,A,0.278067409287332,3.2768189309797136e-5,0.7218998225233586,5,16,gamma_0.1,gamma,0.1
343,C,0.4649633586833872,6.969066152040253e-5,0.5349669506550938,5,16,gamma_0.1,gamma,0.1
344,A,0.27806531626187436,3.1641079947907924e-5,0.721903042658178,5,16,gamma_0.1,gamma,0.1
344,C,0.4649589072524755,6.729357923878475e-5,0.5349737991682856,5,16,gamma_0.1,gamma,0.1
345,A,0.27806329524541173,3.055272358515629e-5,0.7219061520310027,5,16,gamma_0.1,gamma,0.1
345,C,0.4649546089781397,6.497890424659197e-5,0.5349804121176133,5,16,gamma_0.1,gamma,0.1
346,A,0.278061343761095,2.9501788733775938e-5,0.72190915445017,5,16,gamma_0.1,gamma,0.1
346,C,0.4649504585920905,6.274380643092171e-5,0.5349867976014788,5,16,gamma_0.1,gamma,0.1
347,A,0.27805945941723453,2.8486989596617e-5,0.7219120535931692,5,16,gamma_0.1,gamma,0.1
347,C,0.4649464510071748,6.058555267724515e-5,0.5349929634401474,5,16,gamma_0.1,gamma,0.1
348,A,0.27805763990437266,2.7507084502701555e-5,0.7219148530111236,5,16,gamma_0.1,gamma,0.1
348,C,0.46494258131115335,5.8501503558200374e-5,0.5349989171852885,5,16,gamma_0.1,gamma,0.1
349,A,0.27805588299246486,2.6560874396137083e-5,0.7219175561331383,5,16,gamma_0.1,gamma,0.1
349,C,0.46493884476068853,5.6489110134517894e-5,0.5350046661291756,5,16,gamma_0.1,gamma,0.1
350,A,0.27805418652814406,2.564720137658053e-5,0.7219201662704796,5,16,gamma_0.1,gamma,0.1
350,C,0.46493523677554754,5.45459108643447e-5,0.535010217313588,5,16,gamma_0.1,gamma,0.1
351,A,0.27805254843208954,2.476494728950654e-5,0.7219226866206211,5,16,gamma_0.1,gamma,0.1
351,C,0.4649317529329913,5.266952861734708e-5,0.5350155775383907,5,16,gamma_0.1,gamma,0.1
352,A,0.27805096669648033,2.391303236459133e-5,0.7219251202711549,5,16,gamma_0.1,gamma,0.1
352,C,0.4649283889623696,5.085766779009783e-5,0.535020753369839,5,16,gamma_0.1,gamma,0.1
353,A,0.27804943938254106,2.3090413900580202e-5,0.7219274702035582,5,16,gamma_0.1,gamma,0.1
353,C,0.46492514073989244,4.9108111519357515e-5,0.5350257511485885,5,16,gamma_0.1,gamma,0.1
354,A,0.27804796461816617,2.2296084995062917e-5,0.7219297392968387,5,16,gamma_0.1,gamma,0.1
354,C,0.4649220042835818,4.741871898997981e-5,0.5350305769974288,5,16,gamma_0.1,gamma,0.1
355,A,0.27804654059563,2.1529073317630213e-5,0.721931930331052,5,16,gamma_0.1,gamma,0.1
355,C,0.4649189757484008,4.5787422834262565e-5,0.5350352368287636,5,16,gamma_0.1,gamma,0.1
356,A,0.2780451655693733,2.0788439924940275e-5,0.7219340459907027,5,16,gamma_0.1,gamma,0.1
356,C,0.4649160514215495,4.4212226619684636e-5,0.5350397363518317,5,16,gamma_0.1,gamma,0.1
357,A,0.2780438378538669,2.0073278116271697e-5,0.7219360888680164,5,16,gamma_0.1,gamma,0.1
357,C,0.46491322771791244,4.269120242205975e-5,0.5350440810796673,5,16,gamma_0.1,gamma,0.1
358,A,0.2780425558215502,1.938271232818683e-5,0.7219380614661213,5,16,gamma_0.1,gamma,0.1
358,C,0.46491050117567895,4.1222488481241296e-5,0.5350482763358403,5,16,gamma_0.1,gamma,0.1
359,A,0.2780413179008354,1.8715897066976166e-5,0.7219399662020988,5,16,gamma_0.1,gamma,0.1
359,C,0.4649078684520996,3.980428693659798e-5,0.5350523272609634,5,16,gamma_0.1,gamma,0.1
360,A,0.27804012257418453,1.807201587759907e-5,0.7219418054099382,5,16,gamma_0.1,gamma,0.1
360,C,0.4649053263193989,3.843486163957896e-5,0.5350562388189621,5,16,gamma_0.1,gamma,0.1
361,A,0.2780389683762541,1.745028034787969e-5,0.7219435813433982,5,16,gamma_0.1,gamma,0.1
361,C,0.464902871660814,3.711253604077181e-5,0.5350600158031446,5,16,gamma_0.1,gamma,0.1
362,A,0.27803785389209673,1.684992914675846e-5,0.7219452961787565,5,16,gamma_0.1,gamma,0.1
362,C,0.46490050146678863,3.583569114894281e-5,0.5350636628420612,5,16,gamma_0.1,gamma,0.1
363,A,0.27803677775543184,1.627022709544012e-5,0.7219469520174722,5,16,gamma_0.1,gamma,0.1
363,C,0.46489821283128213,3.4602763559632024e-5,0.5350671844051575,5,16,gamma_0.1,gamma,0.1
364,A,0.27803573864697095,1.5710464270318503e-5,0.7219485508887594,5,16,gamma_0.1,gamma,0.1
364,C,0.464896002948211,3.3412243550955904e-5,0.5350705848082378,5,16,gamma_0.1,gamma,0.1
365,A,0.2780347352928027,1.5169955136595434e-5,0.7219500947520615,5,16,gamma_0.1,gamma,0.1
365,C,0.4648938691080152,3.2262673244346926e-5,0.5350738682187398,5,16,gamma_0.1,gamma,0.1
0,A,0.999,0.0010000000000000002,0,6,16,gamma_0.1,gamma,0.1
0,C,0.9990000000000001,0.001,0,6,16,gamma_0.1,gamma,0.1
1,A,0.9987482524325885,0.0011446130712013732,1.0713449621011515e-4,6,16,gamma_0.1,gamma,0.1
1,C,0.9988314325981258,0.0010653263809144492,1.0324102095939678e-4,6,16,gamma_0.1,gamma,0.1
2,A,0.9984687521760801,0.001301873283989793,2.2937453993018773e-4,6,16,gamma_0.1,gamma,0.1
2,C,0.9986527435102267,0.00113406912940489,2.1318736036813178e-4,6,16,gamma_0.1,gamma,0.1
3,A,0.9981613739799671,0.001470693292203909,3.679327278291976e-4,6,16,gamma_0.1,gamma,0.1
3,C,0.9984637019253576,0.0012061217896293462,3.3017628501477904e-4,6,16,gamma_0.1,gamma,0.1
4,A,0.9978257778509314,0.0016503025219911525,5.239196270768936e-4,6,16,gamma_0.1,gamma,0.1
4,C,0.9982640327697987,0.0012814325183731136,4.5453471183026e-4,6,16,gamma_0.1,gamma,0.1
5,A,0.997461246346216,0.0018403532069755073,6.984004468078626e-4,6,16,gamma_0.1,gamma,0.1
5,C,0.9980533950328164,0.0013600141457627722,5.865908214207761e-4,6,16,gamma_0.1,gamma,0.1
6,A,0.9970666700604309,0.0020409258645570872,8.924040750118602e-4,6,16,gamma_0.1,gamma,0.1
6,C,0.9978313889415658,0.0014419414119661413,7.266696464671013e-4,6,16,gamma_0.1,gamma,0.1
7,A,0.9966404959044851,0.0022524906521505274,0.001107013443364421,6,16,gamma_0.1,gamma,0.1
7,C,0.9975975354403579,0.0015273495099534893,8.751150496889239e-4,6,16,gamma_0.1,gamma,0.1
8,A,0.9961807530852342,0.0024758570880624737,0.001343389826703456,6,16,gamma_0.1,gamma,0.1
8,C,0.9973512803748958,0.001616428215428381,0.0010322914096766607,6,16,gamma_0.1,gamma,0.1
9,A,0.9956851413102075,0.00271207594986072,0.0016027827399317032,6,16,gamma_0.1,gamma,0.1
9,C,0.9970920088942439,0.0017094085282039742,0.0011985825775526625,6,16,gamma_0.1,gamma,0.1
10,A,0.9951512109607717,0.0029622920207598388,0.0018864970184684865,6,16,gamma_0.1,gamma,0.1
10,C,0.9968190814694339,0.0018065393449771862,0.0013743791855886144,6,16,gamma_0.1,gamma,0.1
11,A,0.9945762011671605,0.003227800254621055,0.0021959985782182088,6,16,gamma_0.1,gamma,0.1
11,C,0.9965317875691522,0.0019081018392323322,0.0015601105916154814,6,16,gamma_0.1,gamma,0.1
12,A,0.9939571349003521,0.0035099796525121206,0.002532885447135568,6,16,gamma_0.1,gamma,0.1
12,C,0.9962293673007001,0.002014397654473916,0.0017562350448269719,6,16,gamma_0.1,gamma,0.1
13,A,0.9932909452018639,0.003810218095610459,0.0028988367025248557,6,16,gamma_0.1,gamma,0.1
13,C,0.995911040532118,0.0021257341780336987,0.0019632252898496823,6,16,gamma_0.1,gamma,0.1
14,A,0.9925741282014198,0.004130055609849392,0.0032958161887308036,6,16,gamma_0.1,gamma,0.1
14,C,0.9955759173113853,0.0022424573303079383,0.0021816253583064405,6,16,gamma_0.1,gamma,0.1
15,A,0.9918035250122125,0.0044708383581372095,0.003725636629650189,6,16,gamma_0.1,gamma,0.1
15,C,0.9952231956408062,0.0023648736050311727,0.0024119307541636973,6,16,gamma_0.1,gamma,0.1
16,A,0.9909750199125049,0.004834276235909234,0.004190703851586407,6,16,gamma_0.1,gamma,0.1
16,C,0.9948518309585282,0.002493376410481954,0.0026547926309897388,6,16,gamma_0.1,gamma,0.1
17,A,0.9900846583129285,0.0052219516557857025,0.004693390031285908,6,16,gamma_0.1,gamma,0.1
17,C,0.9944608201165432,0.002628335033838608,0.0029108448496179863,6,16,gamma_0.1,gamma,0.1
18,A,0.9891286399037699,0.005635348614951116,0.0052360114812795115,6,16,gamma_0.1,gamma,0.1
18,C,0.9940491995636708,0.0027700983021413973,0.0031807021341868002,6,16,gamma_0.1,gamma,0.1
19,A,0.9881022469004128,0.006076268128699941,0.005821484970886523,6,16,gamma_0.1,gamma,0.1
19,C,0.9936157741746277,0.002919092281217092,0.0034651335441560076,6,16,gamma_0.1,gamma,0.1
20,A,0.9870012683071036,0.006546278704431355,0.006452452988465558,6,16,gamma_0.1,gamma,0.1
20,C,0.9931594783950887,0.003075690487477385,0.0037648311174335136,6,16,gamma_0.1,gamma,0.1
21,A,0.9858211800405208,0.0070470368540289955,0.007131783105450261,6,16,gamma_0.1,gamma,0.1
21,C,0.9926791677805454,0.003240289519593017,0.004080542699862116,6,16,gamma_0.1,gamma,0.1
22,A,0.9845566530333013,0.007580461154195924,0.007862885812504565,6,16,gamma_0.1,gamma,0.1
22,C,0.992173494459703,0.003413351314741041,0.004413154225555364,6,16,gamma_0.1,gamma,0.1
23,A,0.9832021937821732,0.008148481549540369,0.008649324668286178,6,16,gamma_0.1,gamma,0.1
23,C,0.9916410680495068,0.0035953451070198502,0.004763586843473104,6,16,gamma_0.1,gamma,0.1
24,A,0.9817536799359857,0.00875252686123946,0.009493793202774633,6,16,gamma_0.1,gamma,0.1
24,C,0.9910808440754334,0.0037866206124381784,0.005132535312129053,6,16,gamma_0.1,gamma,0.1
25,A,0.9802041037472845,0.009394985138937929,0.010400911113778144,6,16,gamma_0.1,gamma,0.1
25,C,0.9904910435725764,0.003987767882798553,0.005521188544624798,6,16,gamma_0.1,gamma,0.1
26,A,0.9785482445098418,0.010077589708189125,0.011374165781969694,6,16,gamma_0.1,gamma,0.1
26,C,0.9898703353041499,0.004199222674091615,0.00593044202175857,6,16,gamma_0.1,gamma,0.1
27,A,0.9767797945915133,0.010802404301942507,0.012417801106544559,6,16,gamma_0.1,gamma,0.1
27,C,0.9892171049173527,0.004421509958893097,0.006361385123754028,6,16,gamma_0.1,gamma,0.1
28,A,0.9748924198932126,0.011571454424398372,0.013536125682388886,6,16,gamma_0.1,gamma,0.1
28,C,0.9885297211811931,0.004655155038064239,0.00681512378074217,6,16,gamma_0.1,gamma,0.1
29,A,0.9728795319555356,0.01238679142025996,0.014733676624204387,6,16,gamma_0.1,gamma,0.1
29,C,0.9878064726130019,0.0049007034014894755,0.007292823985507948,6,16,gamma_0.1,gamma,0.1
30,A,0.9707343392426867,0.013250483879312176,0.016015176878000657,6,16,gamma_0.1,gamma,0.1
30,C,0.9870455806314054,0.005158717564559715,0.007795701804035136,6,16,gamma_0.1,gamma,0.1
31,A,0.9684498402734811,0.01416460443322739,0.017385555293291777,6,16,gamma_0.1,gamma,0.1
31,C,0.9862451916070573,0.0054297782898630525,0.00832503010308032,6,16,gamma_0.1,gamma,0.1
32,A,0.9660188292182194,0.015131217411546698,0.018849953370233787,6,16,gamma_0.1,gamma,0.1
32,C,0.9854033725979631,0.005714485157953602,0.008882142244083029,6,16,gamma_0.1,gamma,0.1
33,A,0.9634339153401466,0.01615236331705351,0.020413721342800395,6,16,gamma_0.1,gamma,0.1
33,C,0.9845181104713886,0.006013456184559203,0.009468433344052124,6,16,gamma_0.1,gamma,0.1
34,A,0.9606875460549452,0.01723004129057995,0.022082412654474817,6,16,gamma_0.1,gamma,0.1
34,C,0.9835873112154547,0.006327327278243643,0.010085361506299424,6,16,gamma_0.1,gamma,0.1
35,A,0.9577720325582866,0.01836618960543621,0.023861777836278183,6,16,gamma_0.1,gamma,0.1
35,C,0.9826087990591461,0.006656751624509363,0.010734449316344413,6,16,gamma_0.1,gamma,0.1
36,A,0.9546795788522935,0.0195626640324525,0.025757757115254003,6,16,gamma_0.1,gamma,0.1
36,C,0.9815803155866027,0.007002398941530722,0.011417285471865731,6,16,gamma_0.1,gamma,0.1
37,A,0.9514023150335599,0.020821213946019965,0.02777647102041979,6,16,gamma_0.1,gamma,0.1
37,C,0.9804995190537882,0.007364954547349411,0.012135526398862562,6,16,gamma_0.1,gamma,0.1
38,A,0.947932335368708,0.0221434561156379,0.02992420851565424,6,16,gamma_0.1,gamma,0.1
38,C,0.9793639840292417,0.007745118199390723,0.01289089777136854,6,16,gamma_0.1,gamma,0.1
39,A,0.9442617414400187,0.02353084619235406,0.032207412367627794,6,16,gamma_0.1,gamma,0.1
39,C,0.9781712014240002,0.008143602680811091,0.013685195895189527,6,16,gamma_0.1,gamma,0.1
40,A,0.9403826905292425,0.024984647924534836,0.034632661546223305,6,16,gamma_0.1,gamma,0.1
40,C,0.976918578944271,0.008561132114248917,0.014520288941479317,6,16,gamma_0.1,gamma,0.1
41,A,0.9362874334480286,0.026505931782774713,0.03720663476919753,6,16,gamma_0.1,gamma,0.1
41,C,0.9756034534438711,0.00899843869196058,0.015398107864169903,6,16,gamma_0.1,gamma,0.1
42,A,0.9319683900159799,0.028095490214446628,0.03993611976957306,6,16,gamma_0.1,gamma,0.1
42,C,0.9742230719654468,0.009456262947696682,0.016320665086856638,6,16,gamma_0.1,gamma,0.1
43,A,0.92741822201957,0.02975378681015544,0.042827991170275255,6,16,gamma_0.1,gamma,0.1
43,C,0.9727745891631658,0.009935351587844187,0.017290059248989617,6,16,gamma_0.1,gamma,0.1
44,A,0.922629901556815,0.03148095510049961,0.04588914334268494,6,16,gamma_0.1,gamma,0.1
44,C,0.9712550879237868,0.010436452024998696,0.018308460051215895,6,16,gamma_0.1,gamma,0.1
45,A,0.9175967759819665,0.03327677078893218,0.04912645322910212,6,16,gamma_0.1,gamma,0.1
45,C,0.9696615858397891,0.010960308676301546,0.019378105483910734,6,16,gamma_0.1,gamma,0.1
46,A,0.9123126438426709,0.0351406037295979,0.052546752427730846,6,16,gamma_0.1,gamma,0.1
46,C,0.9679910342551029,0.011507659924144282,0.020501305820753633,6,16,gamma_0.1,gamma,0.1
47,A,0.9067718384906771,0.03707137118800734,0.0561567903213158,6,16,gamma_0.1,gamma,0.1
47,C,0.9662403198030575,0.01207923436979941,0.021680445827143662,6,16,gamma_0.1,gamma,0.1
48,A,0.9009693154275553,0.039067498135343715,0.059963186437101725,6,16,gamma_0.1,gamma,0.1
48,C,0.9644062701323582,0.012675746172102998,0.022917983695538033,6,16,gamma_0.1,gamma,0.1
49,A,0.8949007402854384,0.041126882397894755,0.06397237731666741,6,16,gamma_0.1,gamma,0.1
49,C,0.9624856617435114,0.013297889789431534,0.024216448467057387,6,16,gamma_0.1,gamma,0.1
50,A,0.8885625770843543,0.04324686197559798,0.06819056094004819,6,16,gamma_0.1,gamma,0.1
50,C,0.9604752284911496,0.013946334286389493,0.025578437222461274,6,16,gamma_0.1,gamma,0.1
51,A,0.8819521692188588,0.04542418698951366,0.07262364379162768,6,16,gamma_0.1,gamma,0.1
51,C,0.9583716698730674,0.014621717718534221,0.02700661240839885,6,16,gamma_0.1,gamma,0.1
52,A,0.8750678335592862,0.04765499055142083,0.07727717588929277,6,16,gamma_0.1,gamma,0.1
52,C,0.9561716615256386,0.015324640097978539,0.028503698376382686,6,16,gamma_0.1,gamma,0.1
53,A,0.8679089545283402,0.04993476423621547,0.08215628123544373,6,16,gamma_0.1,gamma,0.1
53,C,0.9538718673456869,0.01605565565008409,0.030072477004229468,6,16,gamma_0.1,gamma,0.1
54,A,0.8604760539090173,0.05225834804081151,0.08726559805017059,6,16,gamma_0.1,gamma,0.1
54,C,0.9514689513057482,0.016815265801302923,0.03171578289294936,6,16,gamma_0.1,gamma,0.1
55,A,0.8527708505206134,0.05461992869594237,0.09260922078344407,6,16,gamma_0.1,gamma,0.1
55,C,0.9489595899539843,0.017603912015728633,0.03343649803028654,6,16,gamma_0.1,gamma,0.1
56,A,0.8447963246713566,0.057013041378963895,0.09819063394967976,6,16,gamma_0.1,gamma,0.1
56,C,0.9463404872394451,0.01842196738597487,0.035237545374580126,6,16,gamma_0.1,gamma,0.1
57,A,0.8365567782981784,0.05943057895729951,0.10401264274452203,6,16,gamma_0.1,gamma,0.1
57,C,0.9436083911733578,0.019269727430975596,0.03712188139566691,6,16,gamma_0.1,gamma,0.1
58,A,0.8280578782132367,0.06186481371602466,0.11007730807073732,6,16,gamma_0.1,gamma,0.1
58,C,0.9407601113998605,0.020147400830717782,0.03909248776942247,6,16,gamma_0.1,gamma,0.1
59,A,0.8193066803142603,0.06430743205476705,0.11638588763097253,6,16,gamma_0.1,gamma,0.1
59,C,0.9377925375117955,0.021055100219327823,0.04115236226887716,6,16,gamma_0.1,gamma,0.1
60,A,0.8103116386296,0.06674958028810503,0.12293878108229603,6,16,gamma_0.1,gamma,0.1
60,C,0.9347026584615901,0.021992832787638857,0.04330450875077235,6,16,gamma_0.1,gamma,0.1
61,A,0.801082600563032,0.06918192074009513,0.12973547869687205,6,16,gamma_0.1,gamma,0.1
61,C,0.9314875832541459,0.02296049060190566,0.045551926143948394,6,16,gamma_0.1,gamma,0.1
62,A,0.7916307858715849,0.07159469867938657,0.13677451544902794,6,16,gamma_0.1,gamma,0.1
62,C,0.9281445627624849,0.023957840810034273,0.0478975964274815,6,16,gamma_0.1,gamma,0.1
63,A,0.7819687468156193,0.073977820372199,0.14405343281218191,6,16,gamma_0.1,gamma,0.1
63,C,0.9246710124031151,0.024984515961022736,0.05034447163586159,6,16,gamma_0.1,gamma,0.1
64,A,0.7721103091657789,0.07632094139620868,0.15156874943801177,6,16,gamma_0.1,gamma,0.1
64,C,0.9210645355038972,0.026040004570642945,0.052895459925459916,6,16,gamma_0.1,gamma,0.1
65,A,0.7620704952054808,0.07861356366124048,0.1593159411332793,6,16,gamma_0.1,gamma,0.1
65,C,0.9173229472679747,0.027123642010576134,0.055553410721450244,6,16,gamma_0.1,gamma,0.1
66,A,0.7518654298442476,0.08084513951437342,0.16728943064137855,6,16,gamma_0.1,gamma,0.1
66,C,0.91344429920052606,0.028234601829674248,0.05832109896980036,6,16,gamma_0.1,gamma,0.1
67,A,0.7415122306899659,0.08300518131341278,0.175482587996621,6,16,gamma_0.1,gamma,0.1
67,C,0.9094269037897407,0.02937188766732197,0.061201208542935245,6,16,gamma_0.1,gamma,0.1
68,A,0.7310288832789592,0.08508337461243537,0.18388774210860637,6,16,gamma_0.1,gamma,0.1
68,C,0.9052693591925834,0.030534325935119757,0.06419631487229682,6,16,gamma_0.1,gamma,0.1
69,A,0.7204341033756052,0.0870696927752442,0.1924962038491503,6,16,gamma_0.1,gamma,0.1
69,C,0.9009705736768131,0.03172055942851663,0.06730886689467042,6,16,gamma_0.1,gamma,0.1
70,A,0.7097471887888253,0.08895451062554513,0.20129830058562986,6,16,gamma_0.1,gamma,0.1
70,C,0.8965297895495521,0.03292904203293332,0.07054116841751336,6,16,gamma_0.1,gamma,0.1
71,A,0.6989878634029832,0.09072871470431991,0.21028342189269678,6,16,gamma_0.1,gamma,0.1
71,C,0.8919466062764695,0.03415803469738164,0.07389535902614845,6,16,gamma_0.1,gamma,0.1
72,A,0.6881761161571402,0.09238380788072352,0.21944007596213624,6,16,gamma_0.1,gamma,0.1
72,C,0.8872210025669394,0.03540560279569333,0.07737339463736682,6,16,gamma_0.1,gamma,0.1
73,A,0.6773320377569838,0.09391200610257569,0.22875595614044023,6,16,gamma_0.1,gamma,0.1
73,C,0.8823533570485143,0.036669615077657404,0.08097702787382817,6,16,gamma_0.1,gamma,0.1
74,A,0.6664756580956844,0.09530632522093128,0.23821801668338463,6,16,gamma_0.1,gamma,0.1
74,C,0.8773444672267433,0.03794774435206668,0.08470778842119017,6,16,gamma_0.1,gamma,0.1
75,A,0.6556267873000176,0.09656065608050148,0.24781255661948126,6,16,gamma_0.1,gamma,0.1
75,C,0.8721955664185013,0.03923747003450683,0.08856696354699284,6,16,gamma_0.1,gamma,0.1
76,A,0.6448048631459984,0.09766982639530888,0.25752531045869315,6,16,gamma_0.1,gamma,0.1
76,C,0.866908338354107,0.040536082674613026,0.09255557897128025,6,16,gamma_0.1,gamma,0.1
77,A,0.6340288073312531,0.09862964829486152,0.26734154437388596,6,16,gamma_0.1,gamma,0.1
77,C,0.8614849291463803,0.04184069056160977,0.09667438029200867,6,16,gamma_0.1,gamma,0.1
78,A,0.6233168927960664,0.09943695081156194,0.2772461563923709,6,16,gamma_0.1,gamma,0.1
78,C,0.8559279563378943,0.0431482284838794,0.10092381517822664,6,16,gamma_0.1,gamma,0.1
79,A,0.6126866239477885,0.1000895969799251,0.28722377907228663,6,16,gamma_0.1,gamma,0.1
79,C,0.8502405147625285,0.04445546868798833,0.10530401654948317,6,16,gamma_0.1,gamma,0.1
80,A,0.6021546312586551,0.10058648562084342,0.2972588831205016,6,16,gamma_0.1,gamma,0.1
80,C,0.8444261789890745,0.04575903404895173,0.10981478696197274,6,16,gamma_0.1,gamma,0.1
81,A,0.5917365812909516,0.10092753827089547,0.30733588043815246,6,16,gamma_0.1,gamma,0.1
81,C,0.8384890021500467,0.04705541342864783,0.11445558442130553,6,16,gamma_0.1,gamma,0.1
82,A,0.5814471027821544,0.10111367207016358,0.3174392251476827,6,16,gamma_0.1,gamma,0.1
82,C,0.8324335109992024,0.048340979162767805,0.11922550983802993,6,16,gamma_0.1,gamma,0.1
83,A,0.5712997290169443,0.1011467597302979,0.327553511252759,6,16,gamma_0.1,gamma,0.1
83,C,0.82626469708766,0.04961200657798046,0.1241232963343599,6,16,gamma_0.1,gamma,0.1
84,A,0.5613068563340521,0.10102957795980154,0.33766356570614653,6,16,gamma_0.1,gamma,0.1
84,C,0.8199880040004798,0.05086469540089784,0.1291473005986224,6,16,gamma_0.1,gamma,0.1
85,A,0.551479718271997,0.10076574592027307,0.3477545358077304,6,16,gamma_0.1,gamma,0.1
85,C,0.8136093106515051,0.052095192880511135,0.1342954964679824,6,16,gamma_0.1,gamma,0.1
86,A,0.5418283745573406,0.1003596554226279,0.35781197002003096,6,16,gamma_0.1,gamma,0.1
86,C,0.8071349106925011,0.053299618407300325,0.13956547090019833,6,16,gamma_0.1,gamma,0.1
87,A,0.5323617138895466,0.09981639464613493,0.3678218914643188,6,16,gamma_0.1,gamma,0.1
87,C,0.8005714881521392,0.05447408937614194,0.14495442247171925,6,16,gamma_0.1,gamma,0.1
88,A,0.523087469281758,0.09914166717828449,0.3777708635399576,6,16,gamma_0.1,gamma,0.1
88,C,0.793926089480199,0.05561474800730464,0.15045916251249747,6,16,gamma_0.1,gamma,0.1
89,A,0.5140122445632811,0.09834170814852235,0.38764604728819635,6,16,gamma_0.1,gamma,0.1
89,C,0.787206092234747,0.056717788807563806,0.15607611895768855,6,16,gamma_0.1,gamma,0.1
90,A,0.5051415506120408,0.09742319909527641,0.39743525029268284,6,16,gamma_0.1,gamma,0.1
90,C,0.7804191706927537,0.057779486343291026,0.16180134296395515,6,16,gamma_0.1,gamma,0.1
91,A,0.49647984984845683,0.09639318308396927,0.4071269670675746,6,16,gamma_0.1,gamma,0.1
91,C,0.7735732587139463,0.05879622298172455,0.16763051830433,6,16,gamma_0.1,gamma,0.1
92,A,0.488030607286066,0.09525898167571423,0.41671041103821915,6,16,gamma_0.1,gamma,0.1
92,C,0.7666765102992423,0.05976451618272986,0.17355897351802854,6,16,gamma_0.1,gamma,0.1
93,A,0.4797963469001403,0.09402811474885256,0.4261755383510062,6,16,gamma_0.1,gamma,0.1
93,C,0.7597372582155463,0.06068104502969443,0.17958169675475932,6,16,gamma_0.1,gamma,0.1
94,A,0.47177871187469805,0.09270822426788942,0.4355130638574133,6,16,gamma_0.1,gamma,0.1
94,C,0.7527639711573566,0.061542675624903564,0.18569335321773967,6,16,gamma_0.1,gamma,0.1
95,A,0.4639785274317589,0.09130700285901547,0.4447144697092256,6,16,gamma_0.1,gamma,0.1
95,C,0.7457652099277595,0.062346484997582774,0.1918883050746567,6,16,gamma_0.1,gamma,0.1
96,A,0.45639586505931007,0.08983212786143263,0.45377200707925713,6,16,gamma_0.1,gamma,0.1
96,C,0.7387495831359082,0.0630897831926828,0.198160633671408,6,16,gamma_0.1,gamma,0.1
97,A,0.4490301071024358,0.08829120131707117,0.46267869158049263,6,16,gamma_0.1,gamma,0.1
97,C,0.7317257029066424,0.0637701332420083,0.2045041638513489,6,16,gamma_0.1,gamma,0.1
98,A,0.4418800108205539,0.08669169618504975,0.4714282929943965,6,16,gamma_0.1,gamma,0.1
98,C,0.7247021410903142,0.06438536875515177,0.21091249015453384,6,16,gamma_0.1,gamma,0.1
99,A,0.434943771140551,0.08504090892045481,0.48001531993899443,6,16,gamma_0.1,gamma,0.1
99,C,0.7176873864471084,0.06493360890556348,0.2173790046473294,6,16,gamma_0.1,gamma,0.1
100,A,0.42821908146110876,0.08334591842506042,0.48843500011382934,6,16,gamma_0.1,gamma,0.1
100,C,0.7106898032573815,0.06541327063000044,0.22389692611261805,6,16,gamma_0.1,gamma,0.1
101,A,0.4217031919896092,0.08161355125649944,0.4966832567538919,6,16,gamma_0.1,gamma,0.1
101,C,0.7037175917772108,0.0658230779078532,0.2304593303149361,6,16,gamma_0.1,gamma,0.1
102,A,0.4153929652128295,0.07985035287859353,0.5047566819085777,6,16,gamma_0.1,gamma,0.1
102,C,0.6967787509182862,0.06616206803781365,0.23705918104389986,6,16,gamma_0.1,gamma,0.1
103,A,0.409284928210193,0.07806256465401226,0.5126525071357951,6,16,gamma_0.1,gamma,0.1
103,C,0.6898810434860259,0.06642959488039872,0.2436893616335759,6,16,gamma_0.1,gamma,0.1
104,A,0.4033753216125137,0.07625610621965956,0.5203685721678274,6,16,gamma_0.1,gamma,0.1
104,C,0.683031964260397,0.0666253290847142,0.25034270665488934,6,16,gamma_0.1,gamma,0.1
105,A,0.3976601450917912,0.07443656284108673,0.5279032920671218,6,16,gamma_0.1,gamma,0.1
105,C,0.6762387111515241,0.0667492553659846,0.25701203348249035,6,16,gamma_0.1,gamma,0.1
106,A,0.39213519933944646,0.07260917731220293,0.5352556233483509,6,16,gamma_0.1,gamma,0.1
106,C,0.6695081596077368,0.06680166694585883,0.2636901734464038,6,16,gamma_0.1,gamma,0.1
107,A,0.3867961245513376,0.07077884594975056,0.5424250294989114,6,16,gamma_0.1,gamma,0.1
107,C,0.662846840398765,0.06678315730915091,0.2703700022920837,6,16,gamma_0.1,gamma,0.1
108,A,0.3816384354878817,0.06895011822744856,0.5494114462846712,6,16,gamma_0.1,gamma,0.1
108,C,0.6562609208428819,0.06669460946739081,0.2770444696897269,6,16,gamma_0.1,gamma,0.1
109,A,0.3766575532208177,0.06712719959699566,0.5562152471821861,6,16,gamma_0.1,gamma,0.1
109,C,0.64975618948593,0.06653718295931392,0.28370662755475523,6,16,gamma_0.1,gamma,0.1
110,A,0.3718488336969171,0.06531395706857421,0.5628372092345086,6,16,gamma_0.1,gamma,0.1
110,C,0.6433380442199417,0.06631229881561594,0.29034965696444215,6,16,gamma_0.1,gamma,0.1
111,A,0.3672075932695734,0.06351392714458588,0.569278479585841,6,16,gamma_0.1,gamma,0.1
111,C,0.6370114837931434,0.06602162272753351,0.29696689347932276,6,16,gamma_0.1,gamma,0.1
112,A,0.36272913142452273,0.06173032566690138,0.5755405429085766,6,16,gamma_0.1,gamma,0.1
112,C,0.630781102478426,0.06566704681304135,0.3035518507085325,6,16,gamma_0.1,gamma,0.1
113,A,0.3584087508371912,0.05996605926454835,0.5816251898982612,6,16,gamma_0.1,gamma,0.1
113,C,0.6246510878586821,0.06525067015411833,0.3100982419871981,6,16,gamma_0.1,gamma,0.1
114,A,0.3542417749654126,0.05822373805641145,0.5875344869781759,6,16,gamma_0.1,gamma,0.1
114,C,0.6186252215232009,0.06477477841631708,0.31660000006048294,6,16,gamma_0.1,gamma,0.1
115,A,0.3502235633730066,0.05650568930302305,0.5932707473239707,6,16,gamma_0.1,gamma,0.1
115,C,0.6127068824650276,0.064241822838989035,0.32305129469598404,6,16,gamma_0.1,gamma,0.1
116,A,0.3463495249777384,0.054813971732674105,0.5988365032895867,6,16,gamma_0.1,gamma,0.1
116,C,0.6068990529471088,0.06365439887793138,0.32944654817496083,6,16,gamma_0.1,gamma,0.1
117,A,0.3426151294067472,0.05315039030365042,0.6042344802896013,6,16,gamma_0.1,gamma,0.1
117,C,0.6012043266016612,0.06301522475748546,0.33578044864085327,6,16,gamma_0.1,gamma,0.1
118,A,0.33901591663382946,0.05151651119546072,0.6094675721707092,6,16,gamma_0.1,gamma,0.1
118,C,0.5956249185228193,0.06232712016852433,0.34204796130865706,6,16,gamma_0.1,gamma,0.1
119,A,0.3355475050661015,0.04991367684793053,0.614538818085969,6,16,gamma_0.1,gamma,0.1
119,C,0.5901626771062095,0.06159298533279085,0.34824433756099854,6,16,gamma_0.1,gamma,0.1
120,A,0.3322055982391918,0.0483430208920567,0.6194513808687506,6,16,gamma_0.1,gamma,0.1
120,C,0.5848190973871791,0.060815780635337956,0.35436512197748254,6,16,gamma_0.1,gamma,0.1
121,A,0.3289859902693313,0.046805482841747556,0.6242085268889208,6,16,gamma_0.1,gamma,0.1
121,C,0.5795953356343226,0.05999850700269779,0.3604061573629801,6,16,gamma_0.1,gamma,0.1
122,A,0.3258845701990908,0.045301822439216446,0.6288136073616932,6,16,gamma_0.1,gamma,0.1
122,C,0.5744922249646003,0.059144187178041756,0.3663635878573583,6,16,gamma_0.1,gamma,0.1
123,A,0.32289732536259314,0.04383263356742681,0.6332700410699801,6,16,gamma_0.1,gamma,0.1
123,C,0.5695102917577102,0.0582558480192637,0.37223386022302746,6,16,gamma_0.1,gamma,0.1
124,A,0.3200203438857808,0.0423983576608558,0.6375812984533625,6,16,gamma_0.1,gamma,0.1
124,C,0.5646497726599529,0.05733650392216217,0.3780137234178853,6,16,gamma_0.1,gamma,0.1
125,A,0.31724981642734607,0.040999296561847164,0.6417508870108065,6,16,gamma_0.1,gamma,0.1
125,C,0.5599106319819689,0.056389141447796276,0.38370022657023606,6,16,gamma_0.1,gamma,0.1
126,A,0.31458203725607786,0.03963562478425272,0.6457823379596692,6,16,gamma_0.1,gamma,0.1
126,C,0.5552925793104919,0.0554167052104779,0.38929071547903066,6,16,gamma_0.1,gamma,0.1
127,A,0.31201340475097067,0.0383074011586978,0.6496791940903315,6,16,gamma_0.1,gamma,0.1
127,C,0.5507950871710661,0.054422085061448765,0.3947828277674862,6,16,gamma_0.1,gamma,0.1
128,A,0.3095404214017211,0.037014579844522395,0.6534449987537562,6,16,gamma_0.1,gamma,0.1
128,C,0.54641740859564,0.053408104583766866,0.40017448682059276,6,16,gamma_0.1,gamma,0.1
129,A,0.30715969337896476,0.03575702070273149,0.6570832859183046,6,16,gamma_0.1,gamma,0.1
129,C,0.5421585944694237,0.052377510893034114,0.4054638946375432,6,16,gamma_0.1,gamma,0.1
130,A,0.3048679297371649,0.03453449903093363,0.6605975712319022,6,16,gamma_0.1,gamma,0.1
130,C,0.5380175105366299,0.05133296573415371,0.4106495237292156,6,16,gamma_0.1,gamma,0.1
131,A,0.30266194130623464,0.03334671466765032,0.6639913440261154,6,16,gamma_0.1,gamma,0.1
131,C,0.5339928539569941,0.050277037853736314,0.41573010818926975,6,16,gamma_0.1,gamma,0.1
132,A,0.3005386393169127,0.03219330048325856,0.6672680601998296,6,16,gamma_0.1,gamma,0.1
132,C,0.5300831693776472,0.049212196559947824,0.42070463406240594,6,16,gamma_0.1,gamma,0.1
133,A,0.29849503380756093,0.031073830270611044,0.6704311359218281,6,16,gamma_0.1,gamma,0.1
133,C,0.526286864410607,0.04814080646105782,0.42557232912833537,6,16,gamma_0.1,gamma,0.1
134,A,0.2965282318497215,0.02998782605691169,0.6734839420933667,6,16,gamma_0.1,gamma,0.1
134,C,0.5226022244715557,0.0470651233133206,0.43033265221512346,6,16,gamma_0.1,gamma,0.1
135,A,0.29463543562566163,0.028934764860368622,0.6764297995139698,6,16,gamma_0.1,gamma,0.1
135,C,0.5190274269408346,0.045987290909318836,0.43498528214984544,6,16,gamma_0.1,gamma,0.1
136,A,0.292813940386985,0.0279140849168565,0.6792719746961595,6,16,gamma_0.1,gamma,0.1
136,C,0.515560554620367,0.04490933893241252,0.4395301064472193,6,16,gamma_0.1,gamma,0.1
137,A,0.29106113232021696,0.026925191402372872,0.6820136762774108,6,16,gamma_0.1,gamma,0.1
137,C,0.5121996084663035,0.04383318170458597,0.4439672098291104,6,16,gamma_0.1,gamma,0.1
138,A,0.28937448634210866,0.025967461677638196,0.6846580519802522,6,16,gamma_0.1,gamma,0.1
138,C,0.508942519584779,0.04276061775484743,0.44829686266037344,6,16,gamma_0.1,gamma,0.1
139,A,0.2877515638441829,0.02504025008174646,0.687208186074071,6,16,gamma_0.1,gamma,0.1
139,C,0.5057871604874409,0.04169333013325008,0.45251950937930957,6,16,gamma_0.1,gamma,0.1
140,A,0.28619001040326475,0.024142892301885377,0.6896670972948504,6,16,gamma_0.1,gamma,0.1
140,C,0.5027313556115761,0.040632887394787195,0.45663575699363723,6,16,gamma_0.1,gamma,0.1
141,A,0.28468755347248065,0.023274709345717702,0.6920377371818013,6,16,gamma_0.1,gamma,0.1
141,C,0.49977289111552026,0.03958074517914183,0.4606463637053372,6,16,gamma_0.1,gamma,0.1
142,A,0.28324200006526423,0.022435011142302053,0.6943229887924326,6,16,gamma_0.1,gamma,0.1
142,C,0.4969095239643435,0.03853824831532705,0.4645522277203305,6,16,gamma_0.1,gamma,0.1
143,A,0.28185123444313254,0.021623099796668377,0.696525665760199,6,16,gamma_0.1,gamma,0.1
143,C,0.4941389903247036,0.037506633383316244,0.46835437629198146,6,16,gamma_0.1,gamma,0.1
144,A,0.2805132158163493,0.020838272522342858,0.6986485116613084,6,16,gamma_0.1,gamma,0.1
144,C,0.491459013291372,0.03648703166776448,0.47205395504086384,6,16,gamma_0.1,gamma,0.1
145,A,0.2792259760651734,0.02007982427516648,0.7006941996596597,6,16,gamma_0.1,gamma,0.1
145,C,0.4888673099707528,0.035480472442326355,0.4756522175869194,6,16,gamma_0.1,gamma,0.1
146,A,0.2779876174881676,0.019347050110675078,0.7026653324011575,6,16,gamma_0.1,gamma,0.1
146,C,0.48636159794876604,0.03448788652703982,0.4791505155241949,6,16,gamma_0.1,gamma,0.1
147,A,0.2767963105830012,0.018639247286179855,0.7045644421308188,6,16,gamma_0.1,gamma,0.1
147,C,0.4839396011718148,0.03351011006546024,0.4825502887627244,6,16,gamma_0.1,gamma,0.1
148,A,0.2756502918642598,0.01795571712756407,0.706393991008176,6,16,gamma_0.1,gamma,0.1
148,C,0.4815990552705176,0.032547888472427636,0.48585305625705566,6,16,gamma_0.1,gamma,0.1
149,A,0.2745478617218568,0.017295766679760936,0.7081563715983826,6,16,gamma_0.1,gamma,0.1
149,C,0.4793377123562825,0.03160188050755172,0.4890604071361661,6,16,gamma_0.1,gamma,0.1
150,A,0.27348738232317144,0.016658710158536635,0.7098539075182921,6,16,gamma_0.1,gamma,0.1
150,C,0.4771533453213676,0.030672662433328467,0.492173992245304,6,16,gamma_0.1,gamma,0.1
151,A,0.2724672755614756,0.016043870220050487,0.7114888542184741,6,16,gamma_0.1,gamma,0.1
151,C,0.4750437516730582,0.029760732220648147,0.4951955161062931,6,16,gamma_0.1,gamma,0.1
152,A,0.2714860210515231,0.015450579064711284,0.7130633998837654,6,16,gamma_0.1,gamma,0.1
152,C,0.473006756930783,0.028866513769783178,0.4981267292994339,6,16,gamma_0.1,gamma,0.1
153,A,0.2705421541745661,0.014878179388944632,0.7145796664364888,6,16,gamma_0.1,gamma,0.1
153,C,0.4710402176161463,0.027990361116874037,0.50096942126698,6,16,gamma_0.1,gamma,0.1
154,A,0.2696342641735635,0.014326025198609923,0.7160397106278265,6,16,gamma_0.1,gamma,0.1
154,C,0.4691420238642448,0.027132562600277587,0.5037254135354778,6,16,gamma_0.1,gamma,0.1
155,A,0.26876099229911943,0.013793482496730023,0.7174455252041503,6,16,gamma_0.1,gamma,0.1
155,C,0.46731010168376147,0.026293344964453694,0.5063965533517834,6,16,gamma_0.1,gamma,0.1
156,A,0.26792103000637796,0.013279929857286179,0.7187990401363366,6,16,gamma_0.1,gamma,0.1
156,C,0.4655424148921846,0.025472877382270557,0.5089847077255438,6,16,gamma_0.1,gamma,0.1
157,A,0.2671131172029535,0.012784758895845525,0.7201021239012012,6,16,gamma_0.1,gamma,0.1
157,C,0.46383696675143243,0.02467127537944448,0.5114917578691228,6,16,gamma_0.1,gamma,0.1
158,A,0.2663360405477907,0.012307374646938611,0.7213565848052709,6,16,gamma_0.1,gamma,0.1
158,C,0.46219180132803156,0.023888604647455475,0.5139195940245133,6,16,gamma_0.1,gamma,0.1
159,A,0.26558863180061265,0.011847195857379618,0.7225641723420075,6,16,gamma_0.1,gamma,0.1
159,C,0.46060500460077114,0.023124884733753123,0.5162701106654749,6,16,gamma_0.1,gamma,0.1
160,A,0.26486976622144504,0.01140365520402943,0.723726578574526,6,16,gamma_0.1,gamma,0.1
160,C,0.45907470533745853,0.0223800926003437,0.518545202062197,6,16,gamma_0.1,gamma,0.1
161,A,0.26417836101955977,0.010976199443809391,0.7248454395366313,6,16,gamma_0.1,gamma,0.1
161,C,0.4575990757611869,0.02165416604388675,0.5207467581949258,6,16,gamma_0.1,gamma,0.1
162,A,0.2635133738511163,0.010564289503111153,0.7259223366457727,6,16,gamma_0.1,gamma,0.1
162,C,0.45617633202529073,0.020947006972242024,0.5228766610024675,6,16,gamma_0.1,gamma,0.1
163,A,0.2628738013646659,0.010167400513150468,0.7269587981221833,6,16,gamma_0.1,gamma,0.1
163,C,0.4548047345149541,0.020258484534026414,0.5249367809510198,6,16,gamma_0.1,gamma,0.1
164,A,0.2622586777936227,0.009785021797268688,0.7279563004091095,6,16,gamma_0.1,gamma,0.1
164,C,0.4534825879922913,0.019588438099192567,0.5269289739085166,6,16,gamma_0.1,gamma,0.1
165,A,0.26166707359473884,0.009416656815677297,0.7289162695895843,6,16,gamma_0.1,gamma,0.1
165,C,0.4522082416005235,0.01893668008992064,0.5288550783095555,6,16,gamma_0.1,gamma,0.1
166,A,0.26109809413155854,0.009061823072660695,0.7298400827957794,6,16,gamma_0.1,gamma,0.1
166,C,0.4509800887418368,0.018302998662229328,0.530716912595935,6,16,gamma_0.1,gamma,0.1
167,A,0.26055087840181584,0.008720051990804577,0.7307290696073799,6,16,gamma_0.1,gamma,0.1
167,C,0.44979656684238184,0.0176871602396747,0.5325162729179421,6,16,gamma_0.1,gamma,0.1
168,A,0.2600245978076939,0.008390888756407974,0.7315845134358979,6,16,gamma_0.1,gamma,0.1
168,C,0.4486561570169538,0.017088911901330113,0.5342549310817157,6,16,gamma_0.1,gamma,0.1
169,A,0.25951845496785253,0.00807389213987462,0.7324076528922732,6,16,gamma_0.1,gamma,0.1
169,C,0.4475573836446898,0.01650798362708538,0.5359346327282258,6,16,gamma_0.1,gamma,0.1
170,A,0.2590316825701338,0.0077686342944881595,0.7331996831353783,6,16,gamma_0.1,gamma,0.1
170,C,0.44649881386678636,0.015944090403420957,0.5375570957297914,6,16,gamma_0.1,gamma,0.1
171,A,0.25856354226388917,0.007474700536644603,0.7339617571994654,6,16,gamma_0.1,gamma,0.1
171,C,0.4454790570164692,0.015396934193181309,0.5391240087903485,6,16,gamma_0.1,gamma,0.1
172,A,0.25811332359062994,0.007191689110534459,0.7346949872988363,6,16,gamma_0.1,gamma,0.1
172,C,0.44449676398820814,0.01486620577564186,0.5406370302361497,6,16,gamma_0.1,gamma,0.1
173,A,0.2576803429520731,0.006919210939645297,0.7354004461082821,6,16,gamma_0.1,gamma,0.1
173,C,0.44355062655628463,0.014351586459627096,0.5420977869840898,6,16,gamma_0.1,gamma,0.1
174,A,0.2572639426144385,0.006656889367418866,0.7360791680181425,6,16,gamma_0.1,gamma,0.1
174,C,0.44263937664980224,0.013852749674974175,0.5435078736752245,6,16,gamma_0.1,gamma,0.1
175,A,0.2568634897479045,0.006404359889140969,0.7367321503629543,6,16,gamma_0.1,gamma,0.1
175,C,0.44176178559089796,0.013369362447519129,0.544868851961583,6,16,gamma_0.1,gamma,0.1
176,A,0.2564783755001262,0.0061612698769361075,0.7373603546229377,6,16,gamma_0.1,gamma,0.1
176,C,0.4409166633022118,0.012901086762926532,0.5461822499348612,6,16,gamma_0.1,gamma,0.1
177,A,0.2561080141027668,0.005927278299528217,0.7379647075977047,6,16,gamma_0.1,gamma,0.1
177,C,0.4401028574893217,0.012447580824527796,0.547449561686151,6,16,gamma_0.1,gamma,0.1
178,A,0.25575184201000567,0.005702055438248102,0.7385461025517455,6,16,gamma_0.1,gamma,0.1
178,C,0.43931925280334755,0.012008500210285097,0.5486722469863673,6,16,gamma_0.1,gamma,0.1
179,A,0.2554093170679995,0.005485282600615886,0.7391054003313848,6,16,gamma_0.1,gamma,0.1
179,C,0.43856476998839056,0.011583498934050106,0.5498517310775592,6,16,gamma_0.1,gamma,0.1
180,A,0.25507991771429384,0.005276651832685776,0.7396434304530208,6,16,gamma_0.1,gamma,0.1
180,C,0.4378383650179451,0.01117223041629035,0.5509894045657642,6,16,gamma_0.1,gamma,0.1
181,A,0.254763142206205,0.0050758656312067715,0.7401609921625891,6,16,gamma_0.1,gamma,0.1
181,C,0.43713902822401424,0.0107743483693554,0.5520866234066298,6,16,gamma_0.1,gamma,0.1
182,A,0.25445850787721014,0.004882636656527609,0.7406588554662624,6,16,gamma_0.1,gamma,0.1
182,C,0.4364657834223144,0.010389507602204,0.5531447089754807,6,16,gamma_0.1,gamma,0.1
183,A,0.2541655504204121,0.00469668744706359,0.7411377621325245,6,16,gamma_0.1,gamma,0.1
183,C,0.4358176870365806,0.010017364749375498,0.5541649482140435,6,16,gamma_0.1,gamma,0.1
184,A,0.253883823198171,0.004517750136044096,0.7415984266657848,6,16,gamma_0.1,gamma,0.1
184,C,0.4351938272246717,0.009657578928858584,0.5551485938464689,6,16,gamma_0.1,gamma,0.1
185,A,0.2536128965770069,0.004345566171169393,0.7420415372518236,6,16,gamma_0.1,gamma,0.1
185,C,0.4345933230088541,0.009309812333364953,0.5560968646577807,6,16,gamma_0.1,gamma,0.1
186,A,0.2533523572869182,0.004179886037723057,0.7424677566753595,6,16,gamma_0.1,gamma,0.1
186,C,0.4340153234123556,0.008973730759346115,0.5570109458282977,6,16,gamma_0.1,gamma,0.1
187,A,0.25310180780426467,0.004020468985610699,0.7428777232101249,6,16,gamma_0.1,gamma,0.1
187,C,0.43345900660406717,0.008649004077911545,0.5578919893180212,6,16,gamma_0.1,gamma,0.1
188,A,0.2528608657574086,0.0038670827607285483,0.7432720514818633,6,16,gamma_0.1,gamma,0.1
188,C,0.4329235790529964,0.008335306651628717,0.5587411142953745,6,16,gamma_0.1,gamma,0.1
189,A,0.252629163354311,0.0037195033410033778,0.7436513333046856,6,16,gamma_0.1,gamma,0.1
189,C,0.43240827469389664,0.008032317701024617,0.559559407605078,6,16,gamma_0.1,gamma,0.1
190,A,0.25240634683132074,0.0035775146773938385,0.7440161384912851,6,16,gamma_0.1,gamma,0.1
190,C,0.43191235410531176,0.0077397216243767645,0.5603479242703115,6,16,gamma_0.1,gamma,0.1
191,A,0.2521920759224019,0.0034409084400946824,0.7443670156375038,6,16,gamma_0.1,gamma,0.1
191,C,0.4314351037011506,0.00745720827419202,0.5611076880246575,6,16,gamma_0.1,gamma,0.1
192,A,0.25198602334808473,0.003309483770125662,0.7447044928817901,6,16,gamma_0.1,gamma,0.1
192,C,0.4309758349364652,0.0071844731938586716,0.5618396918696765,6,16,gamma_0.1,gamma,0.1
193,A,0.2517878743234379,0.0031830470364701525,0.7450290786400922,6,16,gamma_0.1,gamma,0.1
193,C,0.43053388352838146,0.006921217817343269,0.5625448986542755,6,16,gamma_0.1,gamma,0.1
194,A,0.25159732608437185,0.003061411598879667,0.7453412623167482,6,16,gamma_0.1,gamma,0.1
194,C,0.43010860869277573,0.006667149634901776,0.5632242416723215,6,16,gamma_0.1,gamma,0.1
195,A,0.2514140874316276,0.002944397576430265,0.745641514991943,6,16,gamma_0.1,gamma,0.1
195,C,0.4296993923971754,0.00642198232757474,0.5638786252752505,6,16,gamma_0.1,gamma,0.1
196,A,0.2512378782918077,0.0028318316218877105,0.7459302900863043,6,16,gamma_0.1,gamma,0.1
196,C,0.42930563863026594,0.006185435873077226,0.5645089254966563,6,16,gamma_0.1,gamma,0.1
197,A,0.25106842929484224,0.0027235467019142904,0.746208024003244,6,16,gamma_0.1,gamma,0.1
197,C,0.42892677268831897,0.005957236625512928,0.5651159906861679,6,16,gamma_0.1,gamma,0.1
198,A,0.2509054813672807,0.0026193818831280985,0.7464751367495902,6,16,gamma_0.1,gamma,0.1
198,C,0.4285622404787595,0.005737117371184186,0.5657006421500564,6,16,gamma_0.1,gamma,0.1
199,A,0.25074878534085276,0.002519182124005421,0.7467320325351424,6,16,gamma_0.1,gamma,0.1
199,C,0.4282115078410316,0.005524817362635475,0.5662636747963331,6,16,gamma_0.1,gamma,0.1
200,A,0.25059810157572193,0.0024227980725988842,0.7469791003516789,6,16,gamma_0.1,gamma,0.1
200,C,0.4278740598848152,0.0053200823329357175,0.5668058577822489,6,16,gamma_0.1,gamma,0.1
201,A,0.2504531995979131,0.00233008587002897,0.7472167145320587,6,16,gamma_0.1,gamma,0.1
201,C,0.4275494003456253,0.00512266449207048,0.5673279351623045,6,16,gamma_0.1,gamma,0.1
202,A,0.2503138577503816,0.002240906959692922,0.7474452352899259,6,16,gamma_0.1,gamma,0.1
202,C,0.4272370509577356,0.004932322507183731,0.5678306265350811,6,16,gamma_0.1,gamma,0.1
203,A,0.2501798628572317,0.0021551279021239816,0.7476650092406445,6,16,gamma_0.1,gamma,0.1
203,C,0.4269365508443535,0.0047488214682873875,0.5683146276873597,6,16,gamma_0.1,gamma,0.1
204,A,0.2500510099005945,0.0020726201954233215,0.7478763699039819,6,16,gamma_0.1,gamma,0.1
204,C,0.42664745592491377,0.004571932840944702,0.5687806112341414,6,16,gamma_0.1,gamma,0.1
205,A,0.249927101709702,0.0019932601011786646,0.7480796381891188,6,16,gamma_0.1,gamma,0.1
205,C,0.42636933833932433,0.004401434407326098,0.5692292272533491,6,16,gamma_0.1,gamma,0.1
206,A,0.2498079486617065,0.0019169284757760271,0.7482751228625173,6,16,gamma_0.1,gamma,0.1
206,C,0.4261017858889603,0.004237110196933531,0.5696611039141064,6,16,gamma_0.1,gamma,0.1
207,A,0.24969336839380693,0.0018435106070051298,0.7484631209991882,6,16,gamma_0.1,gamma,0.1
207,C,0.4258444014941921,0.004078750408191366,0.5700768480976158,6,16,gamma_0.1,gamma,0.1
208,A,0.24958318552626937,0.0017728960558536422,0.7486439184178766,6,16,gamma_0.1,gamma,0.1
208,C,0.42559680266818817,0.003926151322010922,0.5704770460098001,6,16,gamma_0.1,gamma,0.1
209,A,0.2494772313959307,0.0017049785033806208,0.7488177901006896,6,16,gamma_0.1,gamma,0.1
209,C,0.42535862100672306,0.0037791152083492827,0.5708622637849282,6,16,gamma_0.1,gamma,0.1
210,A,0.24937534379979848,0.0016396556025587035,0.7489850005976441,6,16,gamma_0.1,gamma,0.1
210,C,0.42512950169370517,0.003637450226704447,0.5712330480795907,6,16,gamma_0.1,gamma,0.1
211,A,0.24927736674836531,0.0015768288349731297,0.7491458044166615,6,16,gamma_0.1,gamma,0.1
211,C,0.42490910302212226,0.003500970321413889,0.5715899266564625,6,16,gamma_0.1,gamma,0.1
212,A,0.2491831502282892,0.001516403372249101,0.749300446399461,6,16,gamma_0.1,gamma,0.1
212,C,0.42469709593009153,0.0033694951125440784,0.571933408957365,6,16,gamma_0.1,gamma,0.1
213,A,0.24909254997407324,0.0014582879421005895,0.7494491620838254,6,16,gamma_0.1,gamma,0.1
213,C,0.42449316355167566,0.0032428497831037896,0.5722639866652206,6,16,gamma_0.1,gamma,0.1
214,A,0.2490054272484207,0.0014023946988794714,0.7495921780526994,6,16,gamma_0.1,gamma,0.1
214,C,0.4242970007821643,0.0031208649632460655,0.5725821342545896,6,16,gamma_0.1,gamma,0.1
215,A,0.24892164863092828,0.0013486390985051053,0.7497297122705666,6,16,gamma_0.1,gamma,0.1
215,C,0.4241083138574493,0.003003376612066317,0.5728883095304833,6,16,gamma_0.1,gamma,0.1
216,A,0.24884108581481676,0.0012969397776543801,0.74986197440753,6,16,gamma_0.1,gamma,0.1
216,C,0.42392681994717274,0.0028902258975499126,0.5731829541552779,6,16,gamma_0.1,gamma,0.1
217,A,0.24876361541138878,0.001247218437093885,0.7499891661515171,6,16,gamma_0.1,gamma,0.1
217,C,0.42375224676129686,0.0027812590751724402,0.5734664941635319,6,16,gamma_0.1,gamma,0.1
218,A,0.2486891187619309,0.0011993997290369977,0.7501114815090321,6,16,gamma_0.1,gamma,0.1
218,C,0.4235843321697549,0.002676327365609668,0.5737393404646353,6,16,gamma_0.1,gamma,0.1
219,A,0.24861748175676832,0.0011534111484093636,0.7502291070948225,6,16,gamma_0.1,gamma,0.1
219,C,0.42342282383483815,0.002575286831970422,0.5740018893331922,6,16,gamma_0.1,gamma,0.1
220,A,0.24854859466121645,0.0011091829279072079,0.7503422224108764,6,16,gamma_0.1,gamma,0.1
220,C,0.4232674788559598,0.002477998256925303,0.5742545228871153,6,16,gamma_0.1,gamma,0.1
221,A,0.248482351948159,0.0010666479367344593,0.7504510001151067,6,16,gamma_0.1,gamma,0.1
221,C,0.4231180634264813,0.0023843270200668482,0.5744976095534525,6,16,gamma_0.1,gamma,0.1
222,A,0.24841865213700765,0.0010257415829066554,0.7505556062800861,6,16,gamma_0.1,gamma,0.1
222,C,0.4229743525022348,0.002294142975801961,0.574731504521964,6,16,gamma_0.1,gamma,0.1
223,A,0.2483573976388,9.864017190114936e-4,0.750656200642189,6,16,gamma_0.1,gamma,0.1
223,C,0.42283612948142135,0.0022073203320459992,0.5749565501865318,6,16,gamma_0.1,gamma,0.1
224,A,0.2482984946072061,9.485685513178721e-4,0.7507529368414759,6,16,gamma_0.1,gamma,0.1
224,C,0.422703185895549,0.0021237375299579457,0.5751730765744931,6,16,gamma_0.1,gamma,0.1
225,A,0.2482418527952185,9.12184552127224e-4,0.750845962652654,6,16,gamma_0.1,gamma,0.1
225,C,0.4225753211110789,0.0020432771249291382,0.5753814017639926,6,16,gamma_0.1,gamma,0.1
226,A,0.24818738541730884,8.771943752632635e-4,0.750935420207428,6,16,gamma_0.1,gamma,0.1
226,C,0.4224523420414651,0.001965825669012984,0.5755818322895208,6,16,gamma_0.1,gamma,0.1
227,A,0.2481350090168478,8.435447745985069e-4,0.7510214462085527,6,16,gamma_0.1,gamma,0.1
227,C,0.42233406286926806,0.0018912735949599432,0.5757746635357719,6,16,gamma_0.1,gamma,0.1
228,A,0.2480846433385903,8.111845255183115e-4,0.751104172135892,6,16,gamma_0.1,gamma,0.1
228,C,0.42222030477802014,0.0018195151020008863,0.5759601801199788,6,16,gamma_0.1,gamma,0.1
229,A,0.2480362112060229,7.800643492252229e-4,0.7511837244447521,6,16,gamma_0.1,gamma,0.1
229,C,0.42211089569356475,0.0017504480435021567,0.5761386562629323,6,16,gamma_0.1,gamma,0.1
230,A,0.24798963840340518,7.501368397897248e-4,0.7512602247568057,6,16,gamma_0.1,gamma,0.1
230,C,0.42200567003453876,0.0016839738165995918,0.5763103561488602,6,16,gamma_0.1,gamma,0.1
231,A,0.24794485356231158,7.213563938561114e-4,0.7513337900438325,6,16,gamma_0.1,gamma,0.1
231,C,0.4219044684717243,0.0016199972539032732,0.5764755342743738,6,16,gamma_0.1,gamma,0.1
232,A,0.2479017880525148,6.936791429102468e-4,0.7514045328045758,6,16,gamma_0.1,gamma,0.1
232,C,0.4218071376959819,0.001558426517339559,0.5766344357866775,6,16,gamma_0.1,gamma,0.1
233,A,0.24786037587703824,6.670628880253878e-4,0.7514725612349378,6,16,gamma_0.1,gamma,0.1
233,C,0.42171353019449453,0.0014991729941998338,0.5767872968113055,6,16,gamma_0.1,gamma,0.1
234,A,0.24782055357122207,6.414670370005345e-4,0.7515379793917784,6,16,gamma_0.1,gamma,0.1
234,C,0.4216235040350238,0.0014421511954432514,0.5769343447695332,6,16,gamma_0.1,gamma,0.1
235,A,0.24778226010564808,6.168525438086492e-4,0.7516008873505435,6,16,gamma_0.1,gamma,0.1
235,C,0.4215369226579426,0.0013872786562910107,0.5770757986857664,6,16,gamma_0.1,gamma,0.1
236,A,0.24774543679278016,5.931818502744086e-4,0.7516613813569466,6,16,gamma_0.1,gamma,0.1
236,C,0.42145365467576845,0.0013344758391391383,0.5772118694850914,6,16,gamma_0.1,gamma,0.1
237,A,0.2477100271971747,5.704188299038673e-4,0.7517195539729219,6,16,gamma_0.1,gamma,0.1
237,C,0.4213735736799557,0.0012836660388085672,0.5773427602812365,6,16,gamma_0.1,gamma,0.1
238,A,0.2476759770491276,5.485287337908494e-4,0.751775494217081,6,16,gamma_0.1,gamma,0.1
238,C,0.42129655805468835,0.001234775290143229,0.5774686666551669,6,16,gamma_0.1,gamma,0.1
239,A,0.24764323416162792,5.274781385270251e-4,0.7518292876998451,6,16,gamma_0.1,gamma,0.1
239,C,0.4212224907974587,0.0011877322779592148,0.5775897769245814,6,16,gamma_0.1,gamma,0.1
240,A,0.24761174835048566,5.072348960447807e-4,0.7518810167534702,6,16,gamma_0.1,gamma,0.1
240,C,0.4211512593461723,0.0011424682493409726,0.5777062724044858,6,16,gamma_0.1,gamma,0.1
241,A,0.24758147135752445,4.877680853242315e-4,0.7519307605571521,6,16,gamma_0.1,gamma,0.1
241,C,0.4210827554125784,0.0010989169282747179,0.5778183276591456,6,16,gamma_0.1,gamma,0.1
242,A,0.24755235677670823,4.6904796589792696e-4,0.7519785952573941,6,16,gamma_0.1,gamma,0.1
242,C,0.42101687482179584,0.0010570144326039715,0.5779261107456006,6,16,gamma_0.1,gamma,0.1
243,A,0.24752435998310265,4.510459330889766e-4,0.7520245940838092,6,16,gamma_0.1,gamma,0.1
243,C,0.4209535173577238,0.001016699193287498,0.5780297834489894,6,16,gamma_0.1,gamma,0.1
244,A,0.24749743806455343,4.337344749203658e-4,0.752068827460527,6,16,gamma_0.1,gamma,0.1
244,C,0.42089258661413675,9.77911875935662e-4,0.5781295015099266,6,16,gamma_0.1,gamma,0.1
245,A,0.2474715497559835,4.1708713063522075e-4,0.7521113631133812,6,16,gamma_0.1,gamma,0.1
245,C,0.4208339898512634,9.405953045974886e-4,0.5782254148441384,6,16,gamma_0.1,gamma,0.1
246,A,0.24744665537620794,4.0107845076981186e-4,0.7521522661730221,6,16,gamma_0.1,gamma,0.1
246,C,0.42077763785765204,9.046943877675097e-4,0.5783176677545803,6,16,gamma_0.1,gamma,0.1
247,A,0.2474227167671675,3.85683958722996e-4,0.7521915992741094,6,16,gamma_0.1,gamma,0.1
247,C,0.42072344481714025,8.701560465787349e-4,0.5784063991362814,6,16,gamma_0.1,gamma,0.1
248,A,0.24739969723549327,3.708801137676859e-4,0.7522294226507399,6,16,gamma_0.1,gamma,0.1
248,C,0.42067132818075076,8.369291451456357e-4,0.5784917426741026,6,16,gamma_0.1,gamma,0.1
249,A,0.24737756149630913,3.5664427545173774e-4,0.75226579422824,6,16,gamma_0.1,gamma,0.1
249,C,0.4206212085433355,8.049644230188126e-4,0.5785738270336466,6,16,gamma_0.1,gamma,0.1
250,A,0.24735627561918894,3.4295466933759167e-4,0.7523007697114736,6,16,gamma_0.1,gamma,0.1
250,C,0.42057300952478827,7.742144297118771e-4,0.5786527760455,6,16,gamma_0.1,gamma,0.1
251,A,0.2473358069761846,3.2979035403182447e-4,0.7523344026697836,6,16,gamma_0.1,gamma,0.1
251,C,0.42052665765568775,7.446334612597634e-4,0.5787287088830538,6,16,gamma_0.1,gamma,0.1
252,A,0.24731612419184665,3.1713118945639915e-4,0.7523667446186966,6,16,gamma_0.1,gamma,0.1
252,C,0.4204820822671831,7.161774987634595e-4,0.5788017402340538,6,16,gamma_0.1,gamma,0.1
253,A,0.24729719709516115,3.049578063167121e-4,0.7523978450985229,6,16,gamma_0.1,gamma,0.1
253,C,0.420439215384994,6.88804148880157e-4,0.5788719804661258,6,16,gamma_0.1,gamma,0.1
254,A,0.24727899667332914,2.932515767221345e-4,0.7524277517499484,6,16,gamma_0.1,gamma,0.1
254,C,0.42039799162735647,6.624725862140826e-4,0.578939535786429,6,16,gamma_0.1,gamma,0.1
255,A,0.24726149502731876,2.8199458591641953e-4,0.7524565103867645,6,16,gamma_0.1,gamma,0.1
255,C,0.4203583481067864,6.371434975632235e-4,0.5790045083956517,6,16,gamma_0.1,gamma,0.1
256,A,0.24724466532912154,2.711696050768022e-4,0.7524841650658015,6,16,gamma_0.1,gamma,0.1
256,C,0.4203202243355119,6.127790279766641e-4,0.5790669966365121,6,16,gamma_0.1,gamma,0.1
257,A,0.24722848178064702,2.6076006514217146e-4,0.7525107581542102,6,16,gamma_0.1,gamma,0.1
257,C,0.4202835621344536,5.893427285773877e-4,0.5791270951369695,6,16,gamma_0.1,gamma,0.1
258,A,0.2472129195741959,2.507500316321409e-4,0.7525363303941727,6,16,gamma_0.1,gamma,0.1
258,C,0.42024830554560727,5.667995061054108e-4,0.5791848949482878,6,16,gamma_0.1,gamma,0.1
259,A,0.2471979548544463,2.411241804201332e-4,0.752560920965134,6,16,gamma_0.1,gamma,0.1
259,C,0.42021440074771876,5.451155741361338e-4,0.5792404836781463,6,16,gamma_0.1,gamma,0.1
260,A,0.24718356468190245,2.3186777442493303e-4,0.7525845675436731,6,16,gamma_0.1,gamma,0.1
260,C,0.4201817959751194,5.242584059288838e-4,0.5792939456189512,6,16,gamma_0.1,gamma,0.1
261,A,0.24716972699773912,0.00022296664118639468,0.7526073063610733,6,16,gamma_0.1,gamma,0.1
261,C,0.42015044143962293,5.041966888609763e-4,0.5793453618715161,6,16,gamma_0.1,gamma,0.1
262,A,0.2471564205900038,2.1440715129228614e-4,0.7526291722587041,6,16,gamma_0.1,gamma,0.1
262,C,0.4201202892553403,4.8490028040306407e-4,0.5793948104642576,6,16,gamma_0.1,gamma,0.1
263,A,0.24714362506110285,2.0617619762440908e-4,0.7526501987412729,6,16,gamma_0.1,gamma,0.1
263,C,0.42009129336634593,4.663401655920078e-4,0.5794423664680618,6,16,gamma_0.1,gamma,0.1
264,A,0.2471313207965493,1.9826117539331283e-4,0.7526704180280576,6,16,gamma_0.1,gamma,0.1
264,C,0.42006340947705695,4.4848841595808534e-4,0.5794881021069848,6,16,gamma_0.1,gamma,0.1
265,A,0.247119488934897,1.9064996293200807e-4,0.7526898611021708,6,16,gamma_0.1,gamma,0.1
265,C,0.42003659498523777,4.313181498638795e-4,0.5795320868648987,6,16,gamma_0.1,gamma,0.1
266,A,0.24710811133883887,1.833309032201824e-4,0.7527085577579414,6,16,gamma_0.1,gamma,0.1
266,C,0.4200108089175331,4.148034942129281e-4,0.5795743875882541,6,16,gamma_0.1,gamma,0.1
267,A,0.24709717056740554,1.7629278611144863e-4,0.7527265366464839,6,16,gamma_0.1,gamma,0.1
267,C,0.41998601186744156,3.989195474868763e-4,0.579615068585072,6,16,gamma_0.1,gamma,0.1
268,A,0.24708664984923517,1.6952483123717745e-4,0.7527438253195275,6,16,gamma_0.1,gamma,0.1
268,C,0.4199621659356188,3.8364234407065197e-4,0.5796541917203093,6,16,gamma_0.1,gamma,0.1
269,A,0.2470765330568718,1.6301667156140887e-4,0.7527604502715673,6,16,gamma_0.1,gamma,0.1
269,C,0.41993923467245475,3.689488198259057e-4,0.5796918165077197,6,16,gamma_0.1,gamma,0.1
270,A,0.24706680468204056,1.567583375623263e-4,0.7527764369803969,6,16,gamma_0.1,gamma,0.1
270,C,0.4199171830228032,3.5481677887389543e-4,0.5797280001983223,6,16,gamma_0.1,gamma,0.1
271,A,0.24705744981188382,1.5074024201669858e-4,0.7527918099460994,6,16,gamma_0.1,gamma,0.1
271,C,0.41989597727282324,3.412248615499036e-4,0.5797627978656276,6,16,gamma_0.1,gamma,0.1
272,A,0.24704845410609869,1.4495316536432113e-4,0.7528065927285378,6,16,gamma_0.1,gamma,0.1
272,C,0.41987558499881655,3.281525134913105e-4,0.5797962624876921,6,16,gamma_0.1,gamma,0.1
273,A,0.24703980377495868,1.3938824163071725e-4,0.7528208079834106,6,16,gamma_0.1,gamma,0.1
273,C,0.4198559750180186,3.155799558235596e-4,0.5798284450261584,6,16,gamma_0.1,gamma,0.1
274,A,0.2470314855581765,1.3403694488694722e-4,0.7528344774969358,6,16,gamma_0.1,gamma,0.1
274,C,0.41983711734124013,3.0348815640836383e-4,0.5798593945023522,6,16,gamma_0.1,gamma,0.1
275,A,0.2470234867045777,1.2889107622617724e-4,0.7528476222191951,6,16,gamma_0.1,gamma,0.1
275,C,0.41981898312731863,2.9185880211948133e-4,0.5798891580705616,6,16,gamma_0.1,gamma,0.1
276,A,0.2470157949525557,1.2394275123742412e-4,0.7528602622962063,6,16,gamma_0.1,gamma,0.1
276,C,0.41980154463928854,2.806742721122482e-4,0.5799177810885988,6,16,gamma_0.1,gamma,0.1
277,A,0.24700839851127668,1.19184387957628e-4,0.7528724171007651,6,16,gamma_0.1,gamma,0.1
277,C,0.41978477520222185,2.6991761205397364e-4,0.5799453071857237,6,16,gamma_0.1,gamma,0.1
278,A,0.24700128604260438,1.1460869528392439e-4,0.7528841052621105,6,16,gamma_0.1,gamma,0.1
278,C,0.4197686491626648,2.5957250928323387e-4,0.5799717783280511,6,16,gamma_0.1,gamma,0.1
279,A,0.2469944466437216,1.1020866182865239e-4,0.7528953446944496,6,16,gamma_0.1,gamma,0.1
279,C,0.4197531418496191,2.4962326886690376e-4,0.5799972348815146,6,16,gamma_0.1,gamma,0.1
280,A,0.24698786983041568,1.0597754520028141e-4,0.7529061526243853,6,16,gamma_0.1,gamma,0.1
280,C,0.4197382295370049,2.4005479052462858e-4,0.5800217156724703,6,16,gamma_0.1,gamma,0.1
281,A,0.24698154552100737,1.0190886169407559e-4,0.7529165456172989,6,16,gamma_0.1,gamma,0.1
281,C,0.4197238894075547,2.3085254639129777e-4,0.580045258046055,6,16,gamma_0.1,gamma,0.1
282,A,0.24697546402089832,9.799637637692018e-5,0.752926539602724,6,16,gamma_0.1,gamma,0.1
282,C,0.41971009951807214,2.2200255958890595e-4,0.5800678979223391,6,16,gamma_0.1,gamma,0.1
283,A,0.24696961600770673,9.423409355131972e-5,0.7529361498987417,6,16,gamma_0.1,gamma,0.1
283,C,0.41969683876602637,2.1349138358007868e-4,0.5800896698503937,6,16,gamma_0.1,gamma,0.1
284,A,0.2469639925169785,9.061624758414435e-5,0.7529453912354377,6,16,gamma_0.1,gamma,0.1
284,C,0.419684086857404,2.0530608227627928e-4,0.5801106070603199,6,16,gamma_0.1,gamma,0.1
285,A,0.24695858492844416,8.713729408623817e-5,0.7529542777774701,6,16,gamma_0.1,gamma,0.1
285,C,0.41967182427579286,1.9743421087459445e-4,0.5801307415133317,6,16,gamma_0.1,gamma,0.1
286,A,0.24695338495280486,8.37919014295285e-5,0.7529628231457647,6,16,gamma_0.1,gamma,0.1
286,C,0.41966003225264553,1.89863797397727e-4,0.5801501039499564,6,16,gamma_0.1,gamma,0.1
287,A,0.24694838461902602,8.057494258877729e-5,0.7529710404383854,6,16,gamma_0.1,gamma,0.1
287,C,0.4196486927386698,1.8258332491263404e-4,0.5801687239364187,6,16,gamma_0.1,gamma,0.1
288,A,0.24694357626211455,7.748148729560419e-5,0.7529789422505897,6,16,gamma_0.1,gamma,0.1
288,C,0.4196377883763116,1.755817144040138e-4,0.5801866299092855,6,16,gamma_0.1,gamma,0.1
289,A,0.24693895251137296,7.450679449287261e-5,0.7529865406941338,6,16,gamma_0.1,gamma,0.1
289,C,0.41962730247328905,1.6884830827956136e-4,0.5802038492184302,6,16,gamma_0.1,gamma,0.1
290,A,0.24693450627909666,7.164630507798947e-5,0.7529938474158253,6,16,gamma_0.1,gamma,0.1
290,C,0.41961721897713933,1.6237285448469124e-4,0.5802204081683758,6,16,gamma_0.1,gamma,0.1
291,A,0.2469302307497095,6.889563492410592e-5,0.7530008736153653,6,16,gamma_0.1,gamma,0.1
291,C,0.419607522450723,1.5614549120513714e-4,0.580236332058073,6,16,gamma_0.1,gamma,0.1
292,A,0.2469261193693171,6.625056816857492e-5,0.7530076300625145,6,16,gamma_0.1,gamma,0.1
292,C,0.4195981980486773,1.5015673213638158e-4,0.5802516452191856,6,16,gamma_0.1,gamma,0.1
293,A,0.24692216583565715,6.370705075849852e-5,0.7530141271135842,6,16,gamma_0.1,gamma,0.1
293,C,0.4195892314947642,1.4439745229980286e-4,0.5802663710529374,6,16,gamma_0.1,gamma,0.1
294,A,0.24691836408843915,6.126118424354351e-5,0.7530203747273178,6,16,gamma_0.1,gamma,0.1
294,C,0.4195806090600757,1.3885887438593066e-4,0.5802805320655389,6,16,gamma_0.1,gamma,0.1
295,A,0.24691470830005463,5.8909219806575984e-5,0.7530263824801385,6,16,gamma_0.1,gamma,0.1
295,C,0.4195723175420834,1.3353255560588498e-4,0.5802941499023117,6,16,gamma_0.1,gamma,0.1
296,A,0.2469111928666432,5.664755252302614e-5,0.7530321595808338,6,16,gamma_0.1,gamma,0.1
296,C,0.4195643442444771,1.284103750326695e-4,0.5803072453804895,6,16,gamma_0.1,gamma,0.1
297,A,0.24690781239949958,5.4472715840243604e-5,0.7530377148846603,6,16,gamma_0.1,gamma,0.1
297,C,0.4195566769577828,1.2348452141464764e-4,0.5803198385208017,6,16,gamma_0.1,gamma,0.1
298,A,0.24690456171681632,5.2381376268435665e-5,0.7530430569069156,6,16,gamma_0.1,gamma,0.1
298,C,0.4195493039407134,1.1874748144410539e-4,0.5803319485778414,6,16,gamma_0.1,gamma,0.1
299,A,0.24690143583573665,5.037032827509942e-5,0.7530481938359886,6,16,gamma_0.1,gamma,0.1
299,C,0.41954221390223695,1.1419202846439422e-4,0.5803435940692986,6,16,gamma_0.1,gamma,0.1
300,A,0.2468984299647177,4.8436489375166186e-5,0.7530531335459076,6,16,gamma_0.1,gamma,0.1
300,C,0.41953539598432826,1.0981121159969481e-4,0.580354792804073,6,16,gamma_0.1,gamma,0.1
301,A,0.24689553949618398,4.6576895409370425e-5,0.7530578836084069,6,16,gamma_0.1,gamma,0.1
301,C,0.41952883974537936,1.0559834529199733e-4,0.5803655619093295,6,16,gamma_0.1,gamma,0.1
302,A,0.24689275999946522,4.478869600364393e-5,0.7530624513045313,6,16,gamma_0.1,gamma,0.1
302,C,0.4195225351442476,1.0154699923042031e-4,0.5803759178565226,6,16,gamma_0.1,gamma,0.1
303,A,0.24689008721400246,4.306915020260797e-5,0.7530668436357942,6,16,gamma_0.1,gamma,0.1
303,C,0.4195164725249107,9.765098865851003e-5,0.5803858764864318,6,16,gamma_0.1,gamma,0.1
304,A,0.246887517042818,4.141562227050127e-5,0.7530710673349116,6,16,gamma_0.1,gamma,0.1
304,C,0.4195106426017064,9.390436504565576e-5,0.5803954530332479,6,16,gamma_0.1,gamma,0.1
305,A,0.2468850455462336,3.982557765313433e-5,0.7530751288761134,6,16,gamma_0.1,gamma,0.1
305,C,0.41950503644514375,9.030140710924527e-5,0.5804046621477464,6,16,gamma_0.1,gamma,0.1
306,A,0.2468826689358314,3.829657909470608e-5,0.753079034485074,6,16,gamma_0.1,gamma,0.1
306,C,0.41949964546825086,8.683661217464582e-5,0.5804135179195749,6,16,gamma_0.1,gamma,0.1
307,A,0.2468803835686461,3.682628290355291e-5,0.7530827901484496,6,16,gamma_0.1,gamma,0.1
307,C,0.41949446141344593,8.350468786055596e-5,0.5804220338986943,6,16,gamma_0.1,gamma,0.1
308,A,0.2468781859415816,3.541243536112722e-5,0.7530864016230577,6,16,gamma_0.1,gamma,0.1
308,C,0.419489476339915,8.030054407771466e-5,0.5804302231160077,6,16,gamma_0.1,gamma,0.1
309,A,0.24687607268603773,3.4052869268718223e-05,0.7530898744446927,6,16,gamma_0.1,gamma,0.1
309,C,0.4194846826114652,7.721928532937079e-5,0.5804380981032063,6,16,gamma_0.1,gamma,0.1
310,A,0.24687404056274936,3.274550062664272e-5,0.7530932139366228,6,16,gamma_0.1,gamma,0.1
310,C,0.4194800728848534,7.425620330234108e-5,0.5804456709118452,6,16,gamma_0.1,gamma,0.1
311,A,0.24687208645681988,3.148832544083e-5,0.7530964252177392,6,16,gamma_0.1,gamma,0.1
311,C,0.41947564009854954,7.140676973788357e-5,0.580452953131712,6,16,gamma_0.1,gamma,0.1
312,A,0.24687020737294363,3.0279416651912918e-5,0.7530995132104044,6,16,gamma_0.1,gamma,0.1
312,C,0.4194713774619426,6.866662957196235e-5,0.5804599559084863,6,16,gamma_0.1,gamma,0.1
313,A,0.2468684004308172,2.9116921182139727e-5,0.7531024826480002,6,16,gamma_0.1,gamma,0.1
313,C,0.4194672784449445,6.603159433491077e-5,0.5804666899607205,6,16,gamma_0.1,gamma,0.1
314,A,0.2468666628607238,2.7999057095588163e-5,0.7531053380821805,6,16,gamma_0.1,gamma,0.1
314,C,0.41946333676801145,6.349763580082649e-5,0.5804731655961884,6,16,gamma_0.1,gamma,0.1
315,A,0.24686499199928458,2.6924110867339867e-5,0.7531080838898482,6,16,gamma_0.1,gamma,0.1
315,C,0.4194595463925283,6.106087987738361e-5,0.5804793927275946,6,16,gamma_0.1,gamma,0.1
316,A,0.24686338528537777,2.5890434757437724e-5,0.7531107242798639,6,16,gamma_0.1,gamma,0.1
316,C,0.4194559015115763,5.8717600727085874e-5,0.5804853808876964,6,16,gamma_0.1,gamma,0.1
317,A,0.24686184025621374,2.489644428560995e-5,0.7531132632994998,6,16,gamma_0.1,gamma,0.1
317,C,0.41945239654104366,5.646421511130932e-5,0.580491139243846,6,16,gamma_0.1,gamma,0.1
318,A,0.24686035454355715,2.3940615802896876e-5,0.7531157048406406,6,16,gamma_0.1,gamma,0.1
318,C,0.41944902611108265,5.429727694880261e-5,0.5804966766119679,6,16,gamma_0.1,gamma,0.1
319,A,0.24685892587009675,2.3021484156467337e-5,0.7531180526457462,6,16,gamma_0.1,gamma,0.1
319,C,0.4194457850578951,5.2213472080611964e-5,0.5805020014700251,6,16,gamma_0.1,gamma,0.1
320,A,0.24685755204595702,2.2137640444049476e-5,0.7531203103135985,6,16,gamma_0.1,gamma,0.1
320,C,0.4194426684158228,5.020961323369277e-5,0.5805071219709442,6,16,gamma_0.1,gamma,0.1
321,A,0.24685623096533751,2.128772985454037e-5,0.7531224813048076,6,16,gamma_0.1,gamma,0.1
321,C,0.41943967140975535,4.828263517575092e-5,0.5805120459550681,6,16,gamma_0.1,gamma,0.1
322,A,0.24685496060328768,2.0470449591489403e-5,0.7531245689471211,6,16,gamma_0.1,gamma,0.1
322,C,0.41943678944781937,4.642959005413353e-5,0.580516780962125,6,16,gamma_0.1,gamma,0.1
323,A,0.24685373901260124,1.9684546876277207e-5,0.7531265764405236,6,16,gamma_0.1,gamma,0.1
323,C,0.4194340181143495,4.4647642911847716e-5,0.5805213342427377,6,16,gamma_0.1,gamma,0.1
324,A,0.24685256432083083,1.8928817027933138e-5,0.753128506862141,6,16,gamma_0.1,gamma,0.1
324,C,0.4194313531631276,4.2934067374047516e-5,0.5805257127694977,6,16,gamma_0.1,gamma,0.1
325,A,0.24685143472741983,1.8202101616652592e-5,0.7531303631709636,6,16,gamma_0.1,gamma,0.1
325,C,0.4194287905108865,4.128624149856817e-5,0.5805299232476147,6,16,gamma_0.1,gamma,0.1
326,A,0.2468503485009393,1.750328668818559e-5,0.7531321482123723,6,16,gamma_0.1,gamma,0.1
326,C,0.4194263262310564,3.9701643784326363e-5,0.5805339721251593,6,16,gamma_0.1,gamma,0.1
327,A,0.24684930397643653,1.6831301056379636e-5,0.7531338647225077,6,16,gamma_0.1,gamma,0.1
327,C,0.4194239565477547,3.817784933163494e-5,0.5805378656029125,6,16,gamma_0.1,gamma,0.1
328,A,0.24684829955288023,1.618511466126083e-5,0.7531355153324581,6,16,gamma_0.1,gamma,0.1
328,C,0.4194216778300091,3.67125261486985e-5,0.5805416096438412,6,16,gamma_0.1,gamma,0.1
329,A,0.24684733369070908,1.5563736990139814e-5,0.7531371025723007,6,16,gamma_0.1,gamma,0.1
329,C,0.4194194865861886,3.530343159877048e-5,0.5805452099822139,6,16,gamma_0.1,gamma,0.1
330,A,0.24684640490946896,1.4966215559323946e-5,0.7531386288749723,6,16,gamma_0.1,gamma,0.1
330,C,0.41941737945866625,3.394840898265717e-5,0.5805486721323511,6,16,gamma_0.1,gamma,0.1
331,A,0.24684551178554484,1.439163445411122e-5,0.7531400965800016,6,16,gamma_0.1,gamma,0.1
331,C,0.4194153532186762,3.2645384251454484e-5,0.5805520013970713,6,16,gamma_0.1,gamma,0.1
332,A,0.2468446529499792,1.3839112924827876e-5,0.753141507937096,6,16,gamma_0.1,gamma,0.1
332,C,0.4194134047613703,3.1392362844581956e-5,0.580555202875787,6,16,gamma_0.1,gamma,0.1
333,A,0.24684382708637131,1.3307804036760597e-5,0.7531428651095914,6,16,gamma_0.1,gamma,0.1
333,C,0.4194115311010559,3.018742664837961e-5,0.5805582814722958,6,16,gamma_0.1,gamma,0.1
334,A,0.24684303292886275,1.2796893371915093e-5,0.7531441701777647,6,16,gamma_0.1,gamma,0.1
334,C,0.4194097293666382,2.9028731070699665e-5,0.5805612419022911,6,16,gamma_0.1,gamma,0.1
335,A,0.2468422692601936,1.2305597780612132e-5,0.7531454251420254,6,16,gamma_0.1,gamma,0.1
335,C,0.41940799679721025,2.7914502227095778e-5,0.5805640887005623,6,16,gamma_0.1,gamma,0.1
336,A,0.24684153490983773,1.183316418100811e-5,0.753146631925981,6,16,gamma_0.1,gamma,0.1
336,C,0.41940633073783246,2.684303423438086e-5,0.5805668262279333,6,16,gamma_0.1,gamma,0.1
337,A,0.24684082875220942,1.13788684047013e-5,0.7531477923793858,6,16,gamma_0.1,gamma,0.1
337,C,0.4194047286354628,2.581268660747883e-5,0.580569458677929,6,16,gamma_0.1,gamma,0.1
338,A,0.24684014970493698,1.094201408665479e-5,0.7531489082809768,6,16,gamma_0.1,gamma,0.1
338,C,0.4194031880350505,2.4821881755652405e-5,0.5805719900831946,6,16,gamma_0.1,gamma,0.1
339,A,0.24683949672720323,1.0521931597735667e-5,0.7531499813411985,6,16,gamma_0.1,gamma,0.1
339,C,0.4194017065757697,2.3869102574332713e-5,0.5805744243216557,6,16,gamma_0.1,gamma,0.1
340,A,0.24683886881815148,1.0117977018234489e-5,0.7531510132048309,6,16,gamma_0.1,gamma,0.1
340,C,0.4194002819874117,2.2952890128920604e-5,0.5805767651224585,6,16,gamma_0.1,gamma,0.1
341,A,0.24683826501534942,9.729531150792199e-6,0.7531520054534993,6,16,gamma_0.1,gamma,0.1
341,C,0.4193989120869025,2.2071841427063868e-5,0.5805790160716706,6,16,gamma_0.1,gamma,0.1
342,A,0.24683768439331627,9.355998571222116e-6,0.7531529596081121,6,16,gamma_0.1,gamma,0.1
342,C,0.4193975947749585,2.122460727604767e-5,0.5805811806177662,6,16,gamma_0.1,gamma,0.1
343,A,0.2468371260621018,8.996806715772164e-6,0.7531538771311828,6,16,gamma_0.1,gamma,0.1
343,C,0.41939632803287524,2.0409890222061666e-5,0.5805832620769036,6,16,gamma_0.1,gamma,0.1
344,A,0.2468365891659234,8.651405003428812e-6,0.7531547594290735,6,16,gamma_0.1,gamma,0.1
344,C,0.41939510991942924,1.9626442568228665e-5,0.5805852636380018,6,16,gamma_0.1,gamma,0.1
345,A,0.24683607288185325,8.31926399191767e-6,0.7531556078541553,6,16,gamma_0.1,gamma,0.1
345,C,0.4193939385679125,1.887306446839781e-5,0.5805871883676196,6,16,gamma_0.1,gamma,0.1
346,A,0.24683557641855863,7.999874566107082e-6,0.7531564237068752,6,16,gamma_0.1,gamma,0.1
346,C,0.41939281218326485,1.8148602093817762e-5,0.5805890392146409,6,16,gamma_0.1,gamma,0.1
347,A,0.24683509901508777,7.692747157571095e-6,0.7531572082377549,6,16,gamma_0.1,gamma,0.1
347,C,0.419391729039328,1.7451945869915062e-5,0.5805908190148016,6,16,gamma_0.1,gamma,0.1
348,A,0.24683463993970342,7.397410994115476e-6,0.7531579626493023,6,16,gamma_0.1,gamma,0.1
348,C,0.41939068747620273,1.678202878050662e-5,0.5805925304950168,6,16,gamma_0.1,gamma,0.1
349,A,0.24683419848876081,7.1134133781167055e-06,0.7531586880978605,6,16,gamma_0.1,gamma,0.1
349,C,0.41938968589770403,1.6137824736877145e-5,0.5805941762775614,6,16,gamma_0.1,gamma,0.1
350,A,0.2468337739856306,6.8403189925678134e-6,0.7531593856953771,6,16,gamma_0.1,gamma,0.1
350,C,0.41938872276891176,1.551834700924895e-5,0.580595758884079,6,16,gamma_0.1,gamma,0.1
351,A,0.2468333657796596,6.577709233767604e-6,0.7531600565111055,6,16,gamma_0.1,gamma,0.1
351,C,0.4193877966138307,1.4922646718266435e-5,0.5805972807394512,6,16,gamma_0.1,gamma,0.1
352,A,0.2468329732451762,6.325181569629959e-6,0.7531607015732543,6,16,gamma_0.1,gamma,0.1
352,C,0.4193869060131169,1.434981138420405e-5,0.5805987441754994,6,16,gamma_0.1,gamma,0.1
353,A,0.2468325957805274,6.082348922630089e-6,0.7531613218705492,6,16,gamma_0.1,gamma,0.1
353,C,0.419386049601909,1.3798963531698319e-5,0.5806001514345595,6,16,gamma_0.1,gamma,0.1
354,A,0.24683223280716104,5.848839076441918e-6,0.7531619183537632,6,16,gamma_0.1,gamma,0.1
354,C,0.41938522606773954,1.3269259347884242e-5,0.5806015046729128,6,16,gamma_0.1,gamma,0.1
355,A,0.24683188376873497,5.624294105356777e-6,0.7531624919371592,6,16,gamma_0.1,gamma,0.1
355,C,0.4193844341485176,1.2759887391898307e-5,0.5806028059640915,6,16,gamma_0.1,gamma,0.1
356,A,0.24683154813026767,5.40836982560923e-6,0.7531630434999069,6,16,gamma_0.1,gamma,0.1
356,C,0.41938367263060067,1.2270067353786967e-5,0.5806040573020459,6,16,gamma_0.1,gamma,0.1
357,A,0.24683122537731567,5.200735267768478e-6,0.7531635738874163,6,16,gamma_0.1,gamma,0.1
357,C,0.419382940346932,1.1799048860934303e-5,0.5806052606042073,6,16,gamma_0.1,gamma,0.1
358,A,0.24683091501518623,5.001072169386987e-6,0.7531640839126457,6,16,gamma_0.1,gamma,0.1
358,C,0.4193822361752569,1.1346110330194202e-5,0.5806064177144141,6,16,gamma_0.1,gamma,0.1
359,A,0.24683061656817812,4.8090744871284895e-6,0.7531645743573349,6,16,gamma_0.1,gamma,0.1
359,C,0.41938155903639507,1.0910557863981366e-5,0.5806075304057413,6,16,gamma_0.1,gamma,0.1
360,A,0.24683032957885495,4.624447927627483e-6,0.7531650459732182,6,16,gamma_0.1,gamma,0.1
360,C,0.4193809078925965,1.0491724188641487e-5,0.5806086003832136,6,16,gamma_0.1,gamma,0.1
361,A,0.24683005360733967,4.446909496361021e-6,0.7531654994831636,6,16,gamma_0.1,gamma,0.1
361,C,0.41938028174594555,1.0088967633485183e-5,0.5806096292864201,6,16,gamma_0.1,gamma,0.1
362,A,0.24682978823064552,4.276187063841418e-6,0.75316593558229,6,16,gamma_0.1,gamma,0.1
362,C,0.4193796796368342,9.701671148931509e-6,0.5806106186920176,6,16,gamma_0.1,gamma,0.1
363,A,0.24682953304202307,4.112018948464666e-6,0.7531663549390277,6,16,gamma_0.1,gamma,0.1
363,C,0.4193791006424886,9.329241362266047e-6,0.5806115701161498,6,16,gamma_0.1,gamma,0.1
364,A,0.2468292876503396,3.954153515375212e-6,0.7531667581961448,6,16,gamma_0.1,gamma,0.1
364,C,0.41937854387556067,8.971107669575601e-6,0.580612485016772,6,16,gamma_0.1,gamma,0.1
365,A,0.24682905167947786,3.8023487907321293e-6,0.7531671459717311,6,16,gamma_0.1,gamma,0.1
365,C,0.4193780084827619,8.626721362476126e-6,0.5806133647958768,6,16,gamma_0.1,gamma,0.1
