t,subpop,S_indiv,I_indiv,R_indiv,REGION6,parset,parset_name,sens_type,sens_value
0,A,0.9990000000000001,9.999999999999998e-4,0,1,25,vax_eff_0.2,vax_eff,0.2
0,C,0.9990000000000002,0.0010000000000000002,0,1,25,vax_eff_0.2,vax_eff,0.2
1,A,0.9983984861524523,0.0013662484394180577,2.352654081296912e-4,1,25,vax_eff_0.2,vax_eff,0.2
1,C,0.9985803307824889,0.0012001681150170247,2.1950110249267438e-4,1,25,vax_eff_0.2,vax_eff,0.2
2,A,0.9976316960313232,0.0018161259664061344,5.521780022709218e-4,1,25,vax_eff_0.2,vax_eff,0.2
2,C,0.9980833784479038,0.0014342473350039053,4.8237421709269466e-4,1,25,vax_eff_0.2,vax_eff,0.2
3,A,0.9966780803659931,0.002354165657660052,9.677539763465887e-4,1,25,vax_eff_0.2,vax_eff,0.2
3,C,0.9974969316733343,0.0017071981837970265,7.958701428697016e-4,1,25,vax_eff_0.2,vax_eff,0.2
4,A,0.9955037636591266,0.0029951457386016623,0.0015010906022722365,1,25,vax_eff_0.2,vax_eff,0.2
4,C,0.996805905910616,0.002025633636920761,0.0011684604524632087,1,25,vax_eff_0.2,vax_eff,0.2
5,A,0.9940638696707116,0.003761569390561156,0.0021745609387264736,1,25,vax_eff_0.2,vax_eff,0.2
5,C,0.9959926034937574,0.002397541748913859,0.0016098547573307881,1,25,vax_eff_0.2,vax_eff,0.2
6,A,0.9923017500734117,0.004682147911016906,0.0030161020155721843,1,25,vax_eff_0.2,vax_eff,0.2
6,C,0.9950356921249383,0.00283259189007482,0.002131715984988232,1,25,vax_eff_0.2,vax_eff,0.2
7,A,0.9901454357613386,0.005792459795817659,0.00406210444284383,1,25,vax_eff_0.2,vax_eff,0.2
7,C,0.993908558204837,0.003342770347028458,0.002748671448135613,1,25,vax_eff_0.2,vax_eff,0.2
8,A,0.9875270297345282,0.007125198082815324,0.005347772182656271,1,25,vax_eff_0.2,vax_eff,0.2
8,C,0.9925862613044896,0.003939215061189481,0.0034745236343210026,1,25,vax_eff_0.2,vax_eff,0.2
9,A,0.984342743086688,0.008728692231257915,0.006928564682055239,1,25,vax_eff_0.2,vax_eff,0.2
9,C,0.9910306618907824,0.004638757883451516,0.004330580225765772,1,25,vax_eff_0.2,vax_eff,0.2
10,A,0.9804887389502273,0.01064982747493988,0.008861433574832201,1,25,vax_eff_0.2,vax_eff,0.2
10,C,0.9892035975027588,0.005458016050968263,0.005338386446272456,1,25,vax_eff_0.2,vax_eff,0.2
11,A,0.9758452708228833,0.012941212526517927,0.011213516650597916,1,25,vax_eff_0.2,vax_eff,0.2
11,C,0.9870608132641896,0.006416028020262516,0.006523158715547895,1,25,vax_eff_0.2,vax_eff,0.2
12,A,0.9702696694197699,0.015663653339846182,0.014066677240383706,1,25,vax_eff_0.2,vax_eff,0.2
12,C,0.98454902128969,0.007535423261281825,0.007915555449028172,1,25,vax_eff_0.2,vax_eff,0.2
13,A,0.963606788341407,0.018880717518488306,0.017512494140104643,1,25,vax_eff_0.2,vax_eff,0.2
13,C,0.9816092036477136,0.008840870398807578,0.009549925953478861,1,25,vax_eff_0.2,vax_eff,0.2
14,A,0.9556831356441333,0.022659634215554118,0.02165723014031241,1,25,vax_eff_0.2,vax_eff,0.2
14,C,0.97817329064548,0.010360241330057725,0.011466468024461274,1,25,vax_eff_0.2,vax_eff,0.2
15,A,0.9463114918196259,0.02706798368746631,0.026620524492908325,1,25,vax_eff_0.2,vax_eff,0.2
15,C,0.9741645935649242,0.012124224512340494,0.013711181922734225,1,25,vax_eff_0.2,vax_eff,0.2
16,A,0.9352973476959542,0.0321686645397201,0.03253398776432609,1,25,vax_eff_0.2,vax_eff,0.2
16,C,0.9694981520381533,0.014165787767244638,0.01633606019460302,1,25,vax_eff_0.2,vax_eff,0.2
17,A,0.9224446268356904,0.03801606161013605,0.039539311554174277,1,25,vax_eff_0.2,vax_eff,0.2
17,C,0.9640813941673392,0.01651962464206113,0.019398981190601162,1,25,vax_eff_0.2,vax_eff,0.2
18,A,0.9075568862688277,0.04465016480065085,0.047792948930521294,1,25,vax_eff_0.2,vax_eff,0.2
18,C,0.9578096296643159,0.019223098860558476,0.02296727147512438,1,25,vax_eff_0.2,vax_eff,0.2
19,A,0.8904618513064492,0.05208473997661544,0.0574534087169358,1,25,vax_eff_0.2,vax_eff,0.2
19,C,0.9505727798683427,0.02231289991059156,0.027114320221066905,1,25,vax_eff_0.2,vax_eff,0.2
20,A,0.8710212878612478,0.060300127035539094,0.06867858510321342,1,25,vax_eff_0.2,vax_eff,0.2
20,C,0.9422553173717665,0.02582412839101914,0.03192055423721319,1,25,vax_eff_0.2,vax_eff,0.2
21,A,0.8491453192784234,0.06923411750560672,0.08162056321596999,1,25,vax_eff_0.2,vax_eff,0.2
21,C,0.9327371606079496,0.029788702136405346,0.037474137255646876,1,25,vax_eff_0.2,vax_eff,0.2
22,A,0.8248154223592601,0.07877256653682126,0.09641201110391838,1,25,vax_eff_0.2,vax_eff,0.2
22,C,0.9219005800726462,0.03423134762772094,0.04386807229963337,1,25,vax_eff_0.2,vax_eff,0.2
23,A,0.7980959482518571,0.0887457201836174,0.11315833156452569,1,25,vax_eff_0.2,vax_eff,0.2
23,C,0.9096334254114431,0.03916691671447906,0.05119965787407853,1,25,vax_eff_0.2,vax_eff,0.2
24,A,0.7691500857058428,0.0989259822386729,0.13192393205548403,1,25,vax_eff_0.2,vax_eff,0.2
24,C,0.895836713551708,0.04459561322329537,0.05956767322499562,1,25,vax_eff_0.2,vax_eff,0.2
25,A,0.7382401826320963,0.10903630590025679,0.15272351146764604,1,25,vax_eff_0.2,vax_eff,0.2
25,C,0.8804311867056392,0.05049933336957777,0.06906947992478218,1,25,vax_eff_0.2,vax_eff,0.2
26,A,0.7057231998814231,0.1187643244787439,0.1755124756398329,1,25,vax_eff_0.2,vax_eff,0.2
26,C,0.8633663481109246,0.05683730403357544,0.0797963478555007,1,25,vax_eff_0.2,vax_eff,0.2
27,A,0.672036786367438,0.12778184316954347,0.20018137046301837,1,25,vax_eff_0.2,vax_eff,0.2
27,C,0.8446287969279673,0.0635423008111395,0.09182890226089237,1,25,vax_eff_0.2,vax_eff,0.2
28,A,0.6376719527437644,0.1357717203092964,0.226556326946939,1,25,vax_eff_0.2,vax_eff,0.2
28,C,0.8242497299461358,0.07051897116213308,0.10523129889173152,1,25,vax_eff_0.2,vax_eff,0.2
29,A,0.603146428602408,0.142451359757478,0.2544022116401144,1,25,vax_eff_0.2,vax_eff,0.2
29,C,0.8023112541793409,0.07764274780876669,0.12004599801189214,1,25,vax_eff_0.2,vax_eff,0.2
30,A,0.5689676899335387,0.14759834075677353,0.2834339693096873,1,25,vax_eff_0.2,vax_eff,0.2
30,C,0.7789488487026144,0.08476334428359017,0.1362878070137956,1,25,vax_eff_0.2,vax_eff,0.2
31,A,0.5356049524121617,0.15106594267150938,0.3133291049163293,1,25,vax_eff_0.2,vax_eff,0.2
31,C,0.7543512425249881,0.09170939066990769,0.15393936680510525,1,25,vax_eff_0.2,vax_eff,0.2
32,A,0.5034631670465645,0.15279241219574177,0.3437444207576939,1,25,vax_eff_0.2,vax_eff,0.2
32,C,0.7287555743991346,0.09829699012094768,0.17294743547991703,1,25,vax_eff_0.2,vax_eff,0.2
33,A,0.4728685350729209,0.15279922589878367,0.37433223902829593,1,25,vax_eff_0.2,vax_eff,0.2
33,C,0.7024387592552329,0.10433988924488949,0.19322135149987746,1,25,vax_eff_0.2,vax_eff,0.2
34,A,0.4440638144582342,0.1511801670199544,0.4047560185218113,1,25,vax_eff_0.2,vax_eff,0.2
34,C,0.6757039679434179,0.1096612348349209,0.21463479722166104,1,25,vax_eff_0.2,vax_eff,0.2
35,A,0.4172026564810576,0.14809032235836314,0.4347070211605791,1,25,vax_eff_0.2,vax_eff,0.2
35,C,0.648864937668358,0.1141075126082513,0.23702754972339074,1,25,vax_eff_0.2,vax_eff,0.2
36,A,0.3923654866587821,0.143725803236564,0.4639087101046547,1,25,vax_eff_0.2,vax_eff,0.2
36,C,0.6222334188539073,0.11755551728899566,0.2602110638570967,1,25,vax_eff_0.2,vax_eff,0.2
37,A,0.36956632406940615,0.1383061119835956,0.4921275639469982,1,25,vax_eff_0.2,vax_eff,0.2
37,C,0.5961010606565653,0.11992222094263434,0.2839767184007993,1,25,vax_eff_0.2,vax_eff,0.2
38,A,0.34876671874504056,0.13205758501864764,0.5191756962363117,1,25,vax_eff_0.2,vax_eff,0.2
38,C,0.5707275027560407,0.12116848662504957,0.3081040106189097,1,25,vax_eff_0.2,vax_eff,0.2
39,A,0.3298894115597091,0.12520044684133516,0.5449101415989559,1,25,vax_eff_0.2,vax_eff,0.2
39,C,0.5463316717190546,0.12129905639057414,0.33236927189037174,1,25,vax_eff_0.2,vax_eff,0.2
40,A,0.3128295601240353,0.1179410079187047,0.5692294319572601,1,25,vax_eff_0.2,vax_eff,0.2
40,C,0.5230891660454675,0.12035870710092686,0.3565521268536046,1,25,vax_eff_0.2,vax_eff,0.2
41,A,0.2974660115788958,0.11046191267237611,0.5920720757487279,1,25,vax_eff_0.2,vax_eff,0.2
41,C,0.5011273144869637,0.11842636398089801,0.380446321532137,1,25,vax_eff_0.2,vax_eff,0.2
42,A,0.2836689999750262,0.10292044337709001,0.613410556647884,1,25,vax_eff_0.2,vax_eff,0.2
42,C,0.4805286361384914,0.11560723800067878,0.4038641258608301,1,25,vax_eff_0.2,vax_eff,0.2
43,A,0.27130564652115463,0.09544876149883436,0.6332455919800113,1,25,vax_eff_0.2,vax_eff,0.2
43,C,0.46133633040939453,0.11202441521918204,0.4266392543714229,1,25,vax_eff_0.2,vax_eff,0.2
44,A,0.26024594254630506,0.0881519310692669,0.6516021263844279,1,25,vax_eff_0.2,vax_eff,0.2
44,C,0.4435576348408053,0.10781003890632722,0.4486323262528667,1,25,vax_eff_0.2,vax_eff,0.2
45,A,0.25036397742282473,0.0811117335523909,0.6685242890247839,1,25,vax_eff_0.2,vax_eff,0.2
45,C,0.42717075662261456,0.10309950574725424,0.46972973763013054,1,25,vax_eff_0.2,vax_eff,0.2
46,A,0.24154547306038443,0.07438657195568536,0.6840679549839301,1,25,vax_eff_0.2,vax_eff,0.2
46,C,0.4121335246933173,0.0980192192887974,0.4898472560178852,1,25,vax_eff_0.2,vax_eff,0.2
47,A,0.23367866079209976,0.06801900518328509,0.6983023340246156,1,25,vax_eff_0.2,vax_eff,0.2
47,C,0.39838477236152103,0.09269335737921713,0.5089218702592604,1,25,vax_eff_0.2,vax_eff,0.2
48,A,0.22666509877168065,0.06203405013712754,0.7113008510911926,1,25,vax_eff_0.2,vax_eff,0.2
48,C,0.38585429021883005,0.08722931824937535,0.5269163915317953,1,25,vax_eff_0.2,vax_eff,0.2
49,A,0.22041267469551012,0.05644522190661009,0.7231421033978795,1,25,vax_eff_0.2,vax_eff,0.2
49,C,0.3744640126819714,0.08172376087689667,0.5438122264411307,1,25,vax_eff_0.2,vax_eff,0.2
50,A,0.21483944719581052,0.051255069606630156,0.7339054831975592,1,25,vax_eff_0.2,vax_eff,0.2
50,C,0.3641332737953219,0.07625745354594195,0.559609272658735,1,25,vax_eff_0.2,vax_eff,0.2
51,A,0.2098713493762184,0.04645811123999191,0.7436705393837904,1,25,vax_eff_0.2,vax_eff,0.2
51,C,0.35478043646811114,0.07089700941405808,0.5743225541178291,1,25,vax_eff_0.2,vax_eff,0.2
52,A,0.20544194370796326,0.04204286972564362,0.7525151865663936,1,25,vax_eff_0.2,vax_eff,0.2
52,C,0.3463253497441,0.06569547731553271,0.5879791729403661,1,25,vax_eff_0.2,vax_eff,0.2
53,A,0.20149414670314109,0.03799415731175886,0.7605116959851002,1,25,vax_eff_0.2,vax_eff,0.2
53,C,0.3386939494587031,0.06069198683573669,0.6006140637055598,1,25,vax_eff_0.2,vax_eff,0.2
54,A,0.19797250814055983,0.03429289639451504,0.7677345954649248,1,25,vax_eff_0.2,vax_eff,0.2
54,C,0.33181025049997037,0.05591848709886089,0.6122712624011687,1,25,vax_eff_0.2,vax_eff,0.2
55,A,0.19483087934202772,0.030918829187348666,0.7742502914706237,1,25,vax_eff_0.2,vax_eff,0.2
55,C,0.32560696869300426,0.05139468377649838,0.6229983475304974,1,25,vax_eff_0.2,vax_eff,0.2
56,A,0.19202729188142512,0.027850405584190923,0.7801223025343829,1,25,vax_eff_0.2,vax_eff,0.2
56,C,0.3200202667339039,0.04713304791270374,0.6328466853533934,1,25,vax_eff_0.2,vax_eff,0.2
57,A,0.18952448883679004,0.02506564413383274,0.7854098670293762,1,25,vax_eff_0.2,vax_eff,0.2
57,C,0.3149912077081008,0.043138884335872804,0.6418699079560256,1,25,vax_eff_0.2,vax_eff,0.2
58,A,0.18728954540941278,0.022542994949501682,0.790167459641085,1,25,vax_eff_0.2,vax_eff,0.2
58,C,0.31046603504471665,0.03941238521032425,0.6501215797449587,1,25,vax_eff_0.2,vax_eff,0.2
59,A,0.18529452479214045,0.020262406120856228,0.7944430690870039,1,25,vax_eff_0.2,vax_eff,0.2
59,C,0.306397855416404,0.035949697493004716,0.6576524470905918,1,25,vax_eff_0.2,vax_eff,0.2
60,A,0.1835116374815696,0.018202512757801704,0.7982858497606293,1,25,vax_eff_0.2,vax_eff,0.2
60,C,0.3027390126780705,0.03274352979023758,0.6645174575316918,1,25,vax_eff_0.2,vax_eff,0.2
61,A,0.18191825661692246,0.016344539456746014,0.8017372039263315,1,25,vax_eff_0.2,vax_eff,0.2
61,C,0.2994496315928684,0.02978427033365417,0.6707660980734772,1,25,vax_eff_0.2,vax_eff,0.2
62,A,0.18049378412398237,0.014670433042676076,0.8048357828333411,1,25,vax_eff_0.2,vax_eff,0.2
62,C,0.29649272607944605,0.027060517258130315,0.6764467566624229,1,25,vax_eff_0.2,vax_eff,0.2
63,A,0.17921999049678217,0.013163395958238323,0.8076166135449797,1,25,vax_eff_0.2,vax_eff,0.2
63,C,0.2938350248177881,0.024559671356413283,0.6816053038257982,1,25,vax_eff_0.2,vax_eff,0.2
64,A,0.17808082091543104,0.011808015463645986,0.8101111636209232,1,25,vax_eff_0.2,vax_eff,0.2
64,C,0.2914467844331474,0.0222686912737073,0.6862845242931458,1,25,vax_eff_0.2,vax_eff,0.2
65,A,0.17706168482430767,0.01058976805402373,0.8123485471216699,1,25,vax_eff_0.2,vax_eff,0.2
65,C,0.2893006187827175,0.020174013681742972,0.690525367535539,1,25,vax_eff_0.2,vax_eff,0.2
66,A,0.17614963456089833,0.009495360621269195,0.8143550048178325,1,25,vax_eff_0.2,vax_eff,0.2
66,C,0.2873719211685714,0.018262142859043165,0.6943659359723849,1,25,vax_eff_0.2,vax_eff,0.2
67,A,0.1753332865258571,0.008512755332398743,0.8161539581417445,1,25,vax_eff_0.2,vax_eff,0.2
67,C,0.2856387888764945,0.016519899649942694,0.6978413114735618,1,25,vax_eff_0.2,vax_eff,0.2
68,A,0.17460254795274333,0.00763100751856828,0.8177664445286877,1,25,vax_eff_0.2,vax_eff,0.2
68,C,0.2840816039387245,0.014934508479045287,0.7009838875822311,1,25,vax_eff_0.2,vax_eff,0.2
69,A,0.17394829316826946,0.006840044245915621,0.8192116625858146,1,25,vax_eff_0.2,vax_eff,0.2
69,C,0.28268249055767053,0.013493665904087376,0.7038238435382428,1,25,vax_eff_0.2,vax_eff,0.2
70,A,0.17336234554642257,0.006130684862323254,0.820506969591254,1,25,vax_eff_0.2,vax_eff,0.2
70,C,0.28142529879881784,0.012185647137820617,0.7063890540633625,1,25,vax_eff_0.2,vax_eff,0.2
71,A,0.17283745024724906,0.005494647148999478,0.8216679026037509,1,25,vax_eff_0.2,vax_eff,0.2
71,C,0.2802955748478077,0.010999389694309148,0.708705035457885,1,25,vax_eff_0.2,vax_eff,0.2
72,A,0.17236707052543576,0.004924375292974718,0.8227085541815892,1,25,vax_eff_0.2,vax_eff,0.2
72,C,0.2792802052424667,0.009924444393589266,0.7107953503639435,1,25,vax_eff_0.2,vax_eff,0.2
73,A,0.1719454216279821,0.004413099063213345,0.8236414793088049,1,25,vax_eff_0.2,vax_eff,0.2
73,C,0.27836749530410726,0.008951094312132868,0.7126814103837605,1,25,vax_eff_0.2,vax_eff,0.2
74,A,0.17156749474860888,0.003954875248597301,0.8244776300027932,1,25,vax_eff_0.2,vax_eff,0.2
74,C,0.27754722531153403,0.008070442572602891,0.714382332115863,1,25,vax_eff_0.2,vax_eff,0.2
75,A,0.1712287845267957,0.0035443197212521632,0.8252268957519526,1,25,vax_eff_0.2,vax_eff,0.2
75,C,0.2768101648910548,0.007274244124305178,0.7159155909846394,1,25,vax_eff_0.2,vax_eff,0.2
76,A,0.1709251809020185,0.0031765032538850933,0.8258983158440962,1,25,vax_eff_0.2,vax_eff,0.2
76,C,0.27614786931942775,0.006554830853446256,0.7172972998271265,1,25,vax_eff_0.2,vax_eff,0.2
77,A,0.17065298250198538,0.0028469663154566584,0.8265000511825572,1,25,vax_eff_0.2,vax_eff,0.2
77,C,0.2755526977208926,0.005905122425970949,0.7185421798531373,1,25,vax_eff_0.2,vax_eff,0.2
78,A,0.1704088955385488,0.0025517183710667257,0.827039386090385,1,25,vax_eff_0.2,vax_eff,0.2
78,C,0.2750178101265554,0.005318629460454666,0.7196635604129905,1,25,vax_eff_0.2,vax_eff,0.2
79,A,0.17018999218462078,0.00228719537517199,0.8275228124402073,1,25,vax_eff_0.2,vax_eff,0.2
79,C,0.27453709307166474,0.004789424572772973,0.7206734823555623,1,25,vax_eff_0.2,vax_eff,0.2
80,A,0.16999365778825862,0.002050204529490047,0.8279561376822505,1,25,vax_eff_0.2,vax_eff,0.2
80,C,0.274105063070256,0.004312097862914458,0.7215828390668291,1,25,vax_eff_0.2,vax_eff,0.2
81,A,0.1698175494936169,0.0018378792914235632,0.8283445712149595,1,25,vax_eff_0.2,vax_eff,0.2
81,C,0.27371678823227813,0.0038817142590232942,0.722401497508699,1,25,vax_eff_0.2,vax_eff,0.2
82,A,0.16965956752665548,0.0016476467150658134,0.828692785758279,1,25,vax_eff_0.2,vax_eff,0.2
82,C,0.2733678319529437,0.003493777464002161,0.7231383905830531,1,25,vax_eff_0.2,vax_eff,0.2
83,A,0.16951783193322206,0.0014772004471859737,0.8290049676195917,1,25,vax_eff_0.2,vax_eff,0.2
83,C,0.2730542069979184,0.0031441978064781603,0.7238015951956049,1,25,vax_eff_0.2,vax_eff,0.2
84,A,0.16939066038352682,0.0013244749638142493,0.8292848646526584,1,25,vax_eff_0.2,vax_eff,0.2
84,C,0.272772332138005,0.0028292611455848697,0.7243984067164088,1,25,vax_eff_0.2,vax_eff,0.2
85,A,0.1692765469220887,0.001187620714326803,0.8295358323635835,1,25,vax_eff_0.2,vax_eff,0.2
85,C,0.2725189906051782,0.002545598275004334,0.7249354111198186,1,25,vax_eff_0.2,vax_eff,0.2
86,A,0.1691741427663812,0.001064981303401352,0.8297608759302171,1,25,vax_eff_0.2,vax_eff,0.2
86,C,0.2722912921350075,0.002290155579811435,0.725418552285181,1,25,vax_eff_0.2,vax_eff,0.2
87,A,0.16908223951201415,9.550732726788729e-4,0.8299626872153075,1,25,vax_eff_0.2,vax_eff,0.2
87,C,0.272086639386288,0.0020601676299696788,0.7258531929837421,1,25,vax_eff_0.2,vax_eff,0.2
88,A,0.1689997543484824,8.565681922470383e-4,0.8301436774592705,1,25,vax_eff_0.2,vax_eff,0.2
88,C,0.2719026981654705,0.00185313184692641,0.7262441699876043,1,25,vax_eff_0.2,vax_eff,0.2
89,A,0.1689257169019074,7.68276610919118e-4,0.8303060064871733,1,25,vax_eff_0.2,vax_eff,0.2
89,C,0.2717373707831586,0.0016667851124573835,0.7265958441043837,1,25,vax_eff_0.2,vax_eff,0.2
90,A,0.16885925777381647,6.891338065334745e-4,0.8304516084196509,1,25,vax_eff_0.2,vax_eff,0.2
90,C,0.27158877273363885,0.0014990822965735722,0.7269121449697872,1,25,vax_eff_0.2,vax_eff,0.2
91,A,0.1687995976428778,6.181865095063291e-4,0.8305822158476163,1,25,vax_eff_0.2,vax_eff,0.2
91,C,0.27145521044033344,0.0013481761675084843,0.7271966133921576,1,25,vax_eff_0.2,vax_eff,0.2
92,A,0.16874603782299527,5.545812200729421e-4,0.8306993809569316,1,25,vax_eff_0.2,vax_eff,0.2
92,C,0.2713351618547745,0.0012123990515337383,0.7274524390936912,1,25,vax_eff_0.2,vax_eff,0.2
93,A,0.1686979518526036,4.975537596158046e-4,0.8308044943877804,1,25,vax_eff_0.2,vax_eff,0.2
93,C,0.2712272590754517,0.0010902460412680955,0.7276824948832797,1,25,vax_eff_0.2,vax_eff,0.2
94,A,0.16865477798840917,4.464199205457595e-4,0.8308988020910449,1,25,vax_eff_0.2,vax_eff,0.2
94,C,0.2711302727614188,9.803596560166378e-4,0.7278893675825656,1,25,vax_eff_0.2,vax_eff,0.2
95,A,0.16861601247385563,4.005670793972248e-4,0.8309834204467471,1,25,vax_eff_0.2,vax_eff,0.2
95,C,0.271043098099433,8.815158403847361e-4,0.7280753860601816,1,25,vax_eff_0.2,vax_eff,0.2
96,A,0.16858120350324124,3.594466772416596e-4,0.8310593498195173,1,25,vax_eff_0.2,vax_eff,0.2
96,C,0.27096474217244904,7.926112040489292e-4,0.7282426466235025,1,25,vax_eff_0.2,vax_eff,0.2
97,A,0.168549946143446,3.2256789067964446e-4,0.8311274859658736,1,25,vax_eff_0.2,vax_eff,0.2
97,C,0.27089431328977265,7.126521124300079e-4,0.7283930345977958,1,25,vax_eff_0.2,vax_eff,0.2
98,A,0.16852187721793768,2.894912518643868e-4,0.8311886315301978,1,25,vax_eff_0.2,vax_eff,0.2
98,C,0.27083101019920713,6.407435315826849e-4,0.728528246269209,1,25,vax_eff_0.2,vax_eff,0.2
99,A,0.16849667013118275,2.5982219336339994e-4,0.8312435076754536,1,25,vax_eff_0.2,vax_eff,0.2
99,C,0.27077411114603867,5.760776257900116e-4,0.7286498112281705,1,25,vax_eff_0.2,vax_eff,0.2
100,A,0.16847403155837504,2.3320693894164093e-4,0.8312927615026827,1,25,vax_eff_0.2,vax_eff,0.2
100,C,0.27072296680189156,5.179262518427173e-4,0.7287591069462657,1,25,vax_eff_0.2,vax_eff,0.2
101,A,0.1684536988150174,2.0932923510794e-4,0.8313369719498745,1,25,vax_eff_0.2,vax_eff,0.2
101,C,0.27067699462823136,4.656348932217788e-4,0.7288573704785456,1,25,vax_eff_0.2,vax_eff,0.2
102,A,0.1684354366386523,1.8790634417140877e-4,0.8313766570171757,1,25,vax_eff_0.2,vax_eff,0.2
102,C,0.2706356720147254,4.186153364449811e-4,0.7289457126488289,1,25,vax_eff_0.2,vax_eff,0.2
103,A,0.1684190338207549,1.68684854607667e-4,0.8314122813246372,1,25,vax_eff_0.2,vax_eff,0.2
103,C,0.2705985290906548,3.763379968354969e-4,0.7290251329125097,1,25,vax_eff_0.2,vax_eff,0.2
104,A,0.16840430052205885,1.5143735480439973e-4,0.831444262123137,1,25,vax_eff_0.2,vax_eff,0.2
104,C,0.27056514295054185,3.383256748072458e-4,0.7290965313746514,1,25,vax_eff_0.2,vax_eff,0.2
105,A,0.1683910662720827,1.3595996616154392e-4,0.8314729737617567,1,25,vax_eff_0.2,vax_eff,0.2
105,C,0.2705351333125327,3.041487826618052e-4,0.7291607179048066,1,25,vax_eff_0.2,vax_eff,0.2
106,A,0.1683791781641657,1.2207011816784334e-4,0.8314987517176666,1,25,vax_eff_0.2,vax_eff,0.2
106,C,0.2705081585994214,2.734210250192213e-4,0.7292184203755588,1,25,vax_eff_0.2,vax_eff,0.2
107,A,0.16836849901967582,1.0960428250199423e-4,0.8315218966978216,1,25,vax_eff_0.2,vax_eff,0.2
107,C,0.270483911965171,2.4579504235060787e-4,0.7292702929924795,1,25,vax_eff_0.2,vax_eff,0.2
108,A,0.16835890566236086,9.841584642279654e-5,0.8315426784912168,1,25,vax_eff_0.2,vax_eff,0.2
108,C,0.2704621175536757,2.209583027518921e-4,0.7293169241435714,1,25,vax_eff_0.2,vax_eff,0.2
109,A,0.1683502874537831,8.837331522486677e-5,0.8315613392309925,1,25,vax_eff_0.2,vax_eff,0.2
109,C,0.270442527304975,1.9862956514451002e-4,0.7293588431298805,1,25,vax_eff_0.2,vax_eff,0.2
110,A,0.16834254505133356,7.935879307869586e-5,0.8315780961555874,1,25,vax_eff_0.2,vax_eff,0.2
110,C,0.27042491823384557,1.7855584498269932e-4,0.7293965259211722,1,25,vax_eff_0.2,vax_eff,0.2
111,A,0.16833558928209885,7.126660701369538e-5,0.8315931441108885,1,25,vax_eff_0.2,vax_eff,0.2
111,C,0.2704090899609049,1.6050965886104068e-4,0.7294304003802358,1,25,vax_eff_0.2,vax_eff,0.2
112,A,0.16832934009063025,6.40020219045783e-5,0.8316066578874659,1,25,vax_eff_0.2,vax_eff,0.2
112,C,0.2703948624064333,1.442864529054652e-4,0.7294608511406614,1,25,vax_eff_0.2,vax_eff,0.2
113,A,0.1683237255837934,5.7480076236660816e-5,0.8316187943399693,1,25,vax_eff_0.2,vax_eff,0.2
113,C,0.2703820736929558,1.2970225987161307e-4,0.7294882240471717,1,25,vax_eff_0.2,vax_eff,0.2
114,A,0.16831868119136473,5.162456208941192e-5,0.8316296942465462,1,25,vax_eff_0.2,vax_eff,0.2
114,C,0.2703705782953642,1.1659162459144976e-4,0.7295128300800433,1,25,vax_eff_0.2,vax_eff,0.2
115,A,0.16831414892601712,4.636712831737912e-5,0.8316394839456658,1,25,vax_eff_0.2,vax_eff,0.2
115,C,0.2703602454056128,1.0480576443454063e-4,0.7295349488299532,1,25,vax_eff_0.2,vax_eff,0.2
116,A,0.16831007671574547,4.164647276699368e-5,0.8316482768114867,1,25,vax_eff_0.2,vax_eff,0.2
116,C,0.27035095745601384,9.421090675125207e-5,0.7295548316372334,1,25,vax_eff_0.2,vax_eff,0.2
117,A,0.16830641779663252,3.7407608414007884e-5,0.831656174594952,1,25,vax_eff_0.2,vax_eff,0.2
117,C,0.27034260877500765,8.468677503575376e-5,0.729572704449956,1,25,vax_eff_0.2,vax_eff,0.2
118,A,0.16830313016645104,3.3601204259471966e-5,0.8316632686292887,1,25,vax_eff_0.2,vax_eff,0.2
118,C,0.2703351043755332,7.612522269984971e-5,0.7295887704017667,1,25,vax_eff_0.2,vax_eff,0.2
119,A,0.1683001760979597,3.0182999648036356e-5,0.8316696409023927,1,25,vax_eff_0.2,vax_eff,0.2
119,C,0.27032835887334306,6.842901105930403e-5,0.7296032121155989,1,25,vax_eff_0.2,vax_eff,0.2
120,A,0.16829752170437542,2.7113282500869546e-5,0.8316753650131244,1,25,vax_eff_0.2,vax_eff,0.2
120,C,0.2703222955195701,6.151071484200656e-5,0.7296161937655886,1,25,vax_eff_0.2,vax_eff,0.2
121,A,0.16829513654842276,2.4356420619901883e-5,0.8316805070309563,1,25,vax_eff_0.2,vax_eff,0.2
121,C,0.270316845329362,5.529173575161992e-5,0.7296278629348877,1,25,vax_eff_0.2,vax_eff,0.2
122,A,0.1682929932898544,2.1880439723286517e-5,0.8316851262704228,1,25,vax_eff_0.2,vax_eff,0.2
122,C,0.2703119462954302,4.970141174436178e-5,0.7296383522928239,1,25,vax_eff_0.2,vax_eff,0.2
123,A,0.16829106736888672,1.96566451416901e-5,0.8316892759859723,1,25,vax_eff_0.2,vax_eff,0.2
123,C,0.27030754268077156,4.467621532696524e-5,0.7296477811039014,1,25,vax_eff_0.2,vax_eff,0.2
124,A,0.16828933672277224,1.765928375593597e-5,0.8316930039934723,1,25,vax_eff_0.2,vax_eff,0.2
124,C,0.2703035843844395,4.015903398316628e-5,0.7296562565815763,1,25,vax_eff_0.2,vax_eff,0.2
125,A,0.1682877815317337,1.5865241491303955e-5,0.831696353226775,1,25,vax_eff_0.2,vax_eff,0.2
125,C,0.270300026372305,3.6098523865692287e-05,0.7296638751038302,1,25,vax_eff_0.2,vax_eff,0.2
126,A,0.16828638399064105,1.4253771859739336e-5,0.8316993622374995,1,25,vax_eff_0.2,vax_eff,0.2
126,C,0.2702968281649499,3.24485281146155e-5,0.7296707233069366,1,25,vax_eff_0.2,vax_eff,0.2
127,A,0.16828512810371546,1.28062522293163e-5,0.8317020656440545,1,25,vax_eff_0.2,vax_eff,0.2
127,C,0.2702939533767628,2.9167553120404124e-5,0.7296768790701172,1,25,vax_eff_0.2,vax_eff,0.2
128,A,0.1682839995001905,1.150596530744434e-5,0.8317044945345016,1,25,vax_eff_0.2,vax_eff,0.2
128,C,0.27029136930162506,2.6218297507560144e-5,0.729682412400868,1,25,vax_eff_0.2,vax_eff,0.2
129,A,0.16828298526894056,1.033790340770723e-5,0.8317066768276519,1,25,vax_eff_0.2,vax_eff,0.2
129,C,0.27028904654080615,2.3567228895758924e-5,0.7296873862302967,1,25,vax_eff_0.2,vax_eff,0.2
130,A,0.16828207381004173,9.28859301636737e-6,0.8317086375969424,1,25,vax_eff_0.2,vax_eff,0.2
130,C,0.2702869586686297,2.11842034857758e-5,0.729691857127884,1,25,vax_eff_0.2,vax_eff,0.2
131,A,0.16828125470142385,8.34593739340419e-6,0.8317103993611822,1,25,vax_eff_0.2,vax_eff,0.2
131,C,0.2702850819318626,1.904212389971151e-5,0.729695875944238,1,25,vax_eff_0.2,vax_eff,0.2
132,A,0.16828051857906057,7.499075336559342e-6,0.8317119823456035,1,25,vax_eff_0.2,vax_eff,0.2
132,C,0.2702833949793876,1.7116631421738693e-5,0.7296994883891902,1,25,vax_eff_0.2,vax_eff,0.2
133,A,0.16827985702937134,6.738254506560032e-6,0.8317134047161214,1,25,vax_eff_0.2,vax_eff,0.2
133,C,0.27028187861922937,1.5385829294375483e-5,0.7297027355514765,1,25,vax_eff_0.2,vax_eff,0.2
134,A,0.16827926249262018,6.05471783633864e-6,0.8317146827895436,1,25,vax_eff_0.2,vax_eff,0.2
134,C,0.27028051560020555,1.3830034002373521e-5,0.729705654365793,1,25,vax_eff_0.2,vax_eff,0.2
135,A,0.16827872817615777,5.440601642398824e-6,0.8317158312221994,1,25,vax_eff_0.2,vax_eff,0.2
135,C,0.27027929041568627,1.2431551686126027e-5,0.7297082780326278,1,25,vax_eff_0.2,vax_eff,0.2
136,A,0.1682782479764901,4.888844199176014e-6,0.831716863179311,1,25,vax_eff_0.2,vax_eff,0.2
136,C,0.2702781891271814,1.1174477105720176e-5,0.7297106363957124,1,25,vax_eff_0.2,vax_eff,0.2
137,A,0.16827781640926331,4.3931036963920045e-6,0.8317177904870406,1,25,vax_eff_0.2,vax_eff,0.2
137,C,0.2702771992057439,1.0044512883014786e-5,0.729712756281373,1,25,vax_eff_0.2,vax_eff,0.2
138,A,0.16827742854638233,3.947684625248424e-6,0.8317186237689927,1,25,vax_eff_0.2,vax_eff,0.2
138,C,0.2702763093894146,9.028807001165864e-6,0.7297146618035848,1,25,vax_eff_0.2,vax_eff,0.2
139,A,0.16827707995952615,3.547471728532034e-6,0.831719372568744,1,25,vax_eff_0.2,vax_eff,0.2
139,C,0.27027550955510293,8.115806729633324e-6,0.7297163746381684,1,25,vax_eff_0.2,vax_eff,0.2
140,A,0.1682767666694122,3.187870728400146e-6,0.8317200454598593,1,25,vax_eff_0.2,vax_eff,0.2
140,C,0.27027479060341775,7.29512730880015e-6,0.7297179142692743,1,25,vax_eff_0.2,vax_eff,0.2
141,A,0.1682764851002156,2.8647551278550383e-6,0.8317206501446569,1,25,vax_eff_0.2,vax_eff,0.2
141,C,0.27027414435514757,6.557433896080459e-6,0.729719298210956,1,25,vax_eff_0.2,vax_eff,0.2
142,A,0.1682762320386206,2.5744184611099866e-6,0.8317211935429181,1,25,vax_eff_0.2,vax_eff,0.2
142,C,0.2702735634582059,5.89433543578402e-6,0.7297205422063593,1,25,vax_eff_0.2,vax_eff,0.2
143,A,0.16827600459703487,2.313531435055578e-6,0.8317216818715307,1,25,vax_eff_0.2,vax_eff,0.2
143,C,0.2702730413039803,5.2982892537472885e-6,0.7297216604067663,1,25,vax_eff_0.2,vax_eff,0.2
144,A,0.1682758001805416,2.0791034594778444e-6,0.8317221207159988,1,25,vax_eff_0.2,vax_eff,0.2
144,C,0.2702725719521537,4.762515295336527e-6,0.7297226655325528,1,25,vax_eff_0.2,vax_eff,0.2
145,A,0.16827561645720937,1.8684481135244859e-6,0.8317225150946768,1,25,vax_eff_0.2,vax_eff,0.2
145,C,0.2702721500631204,4.280919031083207e-6,0.7297235690178486,1,25,vax_eff_0.2,vax_eff,0.2
146,A,0.1682754513314177,1.6791521430535938e-6,0.8317228695164383,1,25,vax_eff_0.2,vax_eff,0.2
146,C,0.27027177083724263,3.848022152925725e-6,0.7297243811406032,1,25,vax_eff_0.2,vax_eff,0.2
147,A,0.16827530291989007,1.5090476266370637e-6,0.831723188032483,1,25,vax_eff_0.2,vax_eff,0.2
147,C,0.27027142996024345,3.4589002743996305e-6,0.7297251111394824,1,25,vax_eff_0.2,vax_eff,0.2
148,A,0.16827516953016078,1.3561869856935675e-6,0.8317234742828519,1,25,vax_eff_0.2,vax_eff,0.2
148,C,0.27027112355412236,3.109126928128151e-6,0.7297257673189514,1,25,vax_eff_0.2,vax_eff,0.2
149,A,0.16827504964122916,1.2188205471666857e-6,0.8317237315382235,1,25,vax_eff_0.2,vax_eff,0.2
149,C,0.2702708481330393,2.7947232245920155e-6,0.7297263571437355,1,25,vax_eff_0.2,vax_eff,0.2
150,A,0.16827494188617473,1.095376396868611e-6,0.8317239627374275,1,25,vax_eff_0.2,vax_eff,0.2
150,C,0.2702706005636607,2.5121125998520263e-6,0.7297268873237389,1,25,vax_eff_0.2,vax_eff,0.2
151,A,0.16827484503653936,9.844422886028839e-7,0.8317241705211719,1,25,vax_eff_0.2,vax_eff,0.2
151,C,0.2702703780295069,2.2580801374395227e-6,0.7297273638903553,1,25,vax_eff_0.2,vax_eff,0.2
152,A,0.16827475798829158,8.847493987197251e-7,0.8317243572623105,1,25,vax_eff_0.2,vax_eff,0.2
152,C,0.27027017799891173,2.0297360024444117e-6,0.7297277922650852,1,25,vax_eff_0.2,vax_eff,0.2
153,A,0.1682746797492168,7.951577373534147e-7,0.8317245250930458,1,25,vax_eff_0.2,vax_eff,0.2
153,C,0.27026999819622455,1.8244825723447985e-6,0.7297281773212037,1,25,vax_eff_0.2,vax_eff,0.2
154,A,0.16827460942758565,7.146430468877455e-7,0.831724675929367,1,25,vax_eff_0.2,vax_eff,0.2
154,C,0.27026983657591525,1.639984890964248e-6,0.7297285234391939,1,25,vax_eff_0.2,vax_eff,0.2
155,A,0.16827454622197063,6.422850355364253e-7,0.8317248114929927,1,25,vax_eff_0.2,vax_eff,0.2
155,C,0.2702696912993079,1.4741441095637557e-6,0.729728834556581,1,25,vax_eff_0.2,vax_eff,0.2
156,A,0.16827448941209847,5.772568095739275e-7,0.8317249333310903,1,25,vax_eff_0.2,vax_eff,0.2
156,C,0.2702695607136609,1.3250736130763845e-6,0.7297291142127255,1,25,vax_eff_0.2,vax_eff,0.2
157,A,0.16827443835062728,5.188153817956166e-7,0.8317250428339905,1,25,vax_eff_0.2,vax_eff,0.2
157,C,0.2702694433333655,1.1910775600882128e-6,0.729729365589075,1,25,vax_eff_0.2,vax_eff,0.2
158,A,0.16827439245575687,4.6629314633815065e-7,0.8317251412510973,1,25,vax_eff_0.2,vax_eff,0.2
158,C,0.27026933782304086,1.070631592600644e-6,0.729729591545367,1,25,vax_eff_0.2,vax_eff,0.2
159,A,0.16827435120459158,4.190902212267323e-7,0.8317252297051869,1,25,vax_eff_0.2,vax_eff,0.2
159,C,0.27026924298234795,9.623654962241314e-7,0.7297297946521546,1,25,vax_eff_0.2,vax_eff,0.2
160,A,0.16827431412717325,3.7666757010607205e-7,0.831725309205257,1,25,vax_eff_0.2,vax_eff,0.2
160,C,0.2702691577323315,8.650476136025126e-7,0.7297299772200548,1,25,vax_eff_0.2,vax_eff,0.2
161,A,0.1682742808011187,3.385408236815888e-7,0.831725380658057,1,25,vax_eff_0.2,vax_eff,0.2
161,C,0.2702690811031428,7.775708338107511e-7,0.7297301413260244,1,25,vax_eff_0.2,vax_eff,0.2
162,A,0.16827425084680245,3.0427472953689645e-7,0.8317254448784674,1,25,vax_eff_0.2,vax_eff,0.2
162,C,0.2702690122230079,6.989399984008486e-7,0.7297302888369942,1,25,vax_eff_0.2,vax_eff,0.2
163,A,0.16827422392302718,2.734781662885599e-7,0.8317255025988071,1,25,vax_eff_0.2,vax_eff,0.2
163,C,0.2702689503083117,6.282605808753526e-7,0.7297304214311064,1,25,vax_eff_0.2,vax_eff,0.2
164,A,0.1682741997231298,2.457996645800464e-7,0.8317255544772058,1,25,vax_eff_0.2,vax_eff,0.2
164,C,0.27026889465468174,5.64728510837572e-7,0.7297305406168082,1,25,vax_eff_0.2,vax_eff,0.2
165,A,0.16827417797148847,2.209233832887633e-7,0.8317256011051278,1,25,vax_eff_0.2,vax_eff,0.2
165,C,0.2702688446289716,5.076210270794495e-7,0.72973064774999985,1,25,vax_eff_0.2,vax_eff,0.2
166,A,0.16827415842037627,1.9856549459395906e-7,0.8317256430141284,1,25,vax_eff_0.2,vax_eff,0.2
166,C,0.27026879966206574,4.56288455571297e-7,0.7297307440494785,1,25,vax_eff_0.2,vax_eff,0.2
167,A,0.1682741408471387,1.784709362870515e-7,0.8317256806819244,1,25,vax_eff_0.2,vax_eff,0.2
167,C,0.27026875924239585,4.1014681883785916e-7,0.7297308306107869,1,25,vax_eff_0.2,vax_eff,0.2
168,A,0.1682741250516547,1.6041049395265055e-7,0.831725714537851,1,25,vax_eff_0.2,vax_eff,0.2
168,C,0.27026872291012644,3.6867119265927323e-7,0.7297309084186806,1,25,vax_eff_0.2,vax_eff,0.2
169,A,0.1682741108540566,1.441781794594824e-7,0.8317257449677636,1,25,vax_eff_0.2,vax_eff,0.2
169,C,0.2702686902519242,3.313897345326084e-7,0.7297309783583403,1,25,vax_eff_0.2,vax_eff,0.2
170,A,0.16827409809267774,1.295888756225943e-7,0.8317257723184472,1,25,vax_eff_0.2,vax_eff,0.2
170,C,0.27026866089625257,2.9787831597039154e-7,0.7297310412254305,1,25,vax_eff_0.2,vax_eff,0.2
171,A,0.1682740866222115,1.1647621996933101e-7,0.8317257969015682,1,25,vax_eff_0.2,vax_eff,0.2
171,C,0.27026863450914534,2.67755697575645e-7,0.7297310977351564,1,25,vax_eff_0.2,vax_eff,0.2
172,A,0.16827407631205554,1.046907033019984e-7,0.8317258189972411,1,25,vax_eff_0.2,vax_eff,0.2
172,C,0.2702686107904106,2.406791920133725e-7,0.729731148530397,1,25,vax_eff_0.2,vax_eff,0.2
173,A,0.16827406704482317,9.40979612250389e-8,0.831725838857216,1,25,vax_eff_0.2,vax_eff,0.2
173,C,0.2702685894702105,2.1634076554391166e-7,0.7297311941890238,1,25,vax_eff_0.2,vax_eff,0.2
174,A,0.16827405871500417,8.457723886674555e-8,0.831725856707757,1,25,vax_eff_0.2,vax_eff,0.2
174,C,0.2702685703059955,1.9446353340434916e-7,0.7297312352304717,1,25,vax_eff_0.2,vax_eff,0.2
175,A,0.1682740512277666,7.602001246674277e-8,0.8317258727522211,1,25,vax_eff_0.2,vax_eff,0.2
175,C,0.2702685530797447,1.7479861203564542e-7,0.7297312721216436,1,25,vax_eff_0.2,vax_eff,0.2
176,A,0.16827404449782662,6.83286971397464e-8,0.8317258871734755,1,25,vax_eff_0.2,vax_eff,0.2
176,C,0.27026853759538105,1.571221672383752e-7,0.7297313052824521,1,25,vax_eff_0.2,vax_eff,0.2
177,A,0.16827403844853897,6.141559936738341e-8,0.8317259001358617,1,25,vax_eff_0.2,vax_eff,0.2
177,C,0.270268523676673,1.4123302043028593e-7,0.7297313350903074,1,25,vax_eff_0.2,vax_eff,0.2
178,A,0.16827403301107943,5.520198351507141e-8,0.8317259117869369,1,25,vax_eff_0.2,vax_eff,0.2
178,C,0.2702685111653663,1.2695051457368387e-7,0.7297313618841191,1,25,vax_eff_0.2,vax_eff,0.2
179,A,0.16827402812360584,4.961710743164947e-8,0.8317259222592872,1,25,vax_eff_0.2,vax_eff,0.2
179,C,0.27026849991925117,1.1411230918175521e-7,0.7297313859684382,1,25,vax_eff_0.2,vax_eff,0.2
180,A,0.1682740237305519,4.4597414285695755e-8,0.8317259316720332,1,25,vax_eff_0.2,vax_eff,0.2
180,C,0.2702684898105462,1.0257253203131712e-7,0.7297314076169202,1,25,vax_eff_0.2,vax_eff,0.2
181,A,0.16827401978195938,4.008576488083859e-8,0.8317259401322741,1,25,vax_eff_0.2,vax_eff,0.2
181,C,0.2702684807243558,9.22000227967155e-8,0.7297314270756224,1,25,vax_eff_0.2,vax_eff,0.2
182,A,0.16827401623281127,3.603067726949433e-8,0.8317259477365099,1,25,vax_eff_0.2,vax_eff,0.2
182,C,0.27026847255714664,8.287659294421609e-8,0.7297314445662605,1,25,vax_eff_0.2,vax_eff,0.2
183,A,0.16827401304260745,3.238583736889984e-8,0.8317259545715554,1,25,vax_eff_0.2,vax_eff,0.2
183,C,0.2702684652157689,7.449590503037612e-8,0.729731460288326,1,25,vax_eff_0.2,vax_eff,0.2
184,A,0.16827401017501628,2.9109701734775837e-8,0.8317259607152819,1,25,vax_eff_0.2,vax_eff,0.2
184,C,0.2702684586166563,6.696256281376369e-8,0.7297314744207815,1,25,vax_eff_0.2,vax_eff,0.2
185,A,0.1682740075974452,2.6165005870514717e-8,0.8317259662375482,1,25,vax_eff_0.2,vax_eff,0.2
185,C,0.2702684526848402,6.01909853590874e-8,0.7297314871241742,1,25,vax_eff_0.2,vax_eff,0.2
186,A,0.16827400528059053,2.3518245865923378e-8,0.831725971201163,1,25,vax_eff_0.2,vax_eff,0.2
186,C,0.27026844735291194,5.410422001142832e-8,0.7297314985428681,1,25,vax_eff_0.2,vax_eff,0.2
187,A,0.16827400319806216,2.113925329633321e-8,0.8317259756626839,1,25,vax_eff_0.2,vax_eff,0.2
187,C,0.2702684425601665,4.8632968471102334e-8,0.7297315088068655,1,25,vax_eff_0.2,vax_eff,0.2
188,A,0.16827400132613576,1.9000906619695702e-8,0.8317259796729578,1,25,vax_eff_0.2,vax_eff,0.2
188,C,0.2702684382520245,4.37149251510982e-8,0.7297315180330515,1,25,vax_eff_0.2,vax_eff,0.2
189,A,0.16827399964351425,1.7078862640848593e-08,0.8317259832776239,1,25,vax_eff_0.2,vax_eff,0.2
189,C,0.2702684343794929,3.929416147881375e-8,0.7297315263263451,1,25,vax_eff_0.2,vax_eff,0.2
190,A,0.1682739981310655,1.5351252578957965e-8,0.8317259865176827,1,25,vax_eff_0.2,vax_eff,0.2
190,C,0.2702684308985558,3.532042913855868e-8,0.7297315337810155,1,25,vax_eff_0.2,vax_eff,0.2
191,A,0.16827399677163649,1.3798471322626551e-8,0.8317259894298926,1,25,vax_eff_0.2,vax_eff,0.2
191,C,0.2702684277697485,3.174867717717685e-8,0.7297315404815753,1,25,vax_eff_0.2,vax_eff,0.2
192,A,0.16827399554986416,1.2402961001569141e-8,0.8317259920471757,1,25,vax_eff_0.2,vax_eff,0.2
192,C,0.2702684249577245,2.853855558123075e-8,0.7297315465037203,1,25,vax_eff_0.2,vax_eff,0.2
193,A,0.16827399445179111,1.1148770037018058e-8,0.8317259943994397,1,25,vax_eff_0.2,vax_eff,0.2
193,C,0.27026842243037,2.56534032247965e-8,0.7297315519162277,1,25,vax_eff_0.2,vax_eff,0.2
194,A,0.16827399346466093,1.0021320926580081e-8,0.8317259965140178,1,25,vax_eff_0.2,vax_eff,0.2
194,C,0.27026842015833313,2.3059714594076038e-8,0.7297315567819522,1,25,vax_eff_0.2,vax_eff,0.2
195,A,0.1682739925764407,9.00686378911153e-9,0.8317259984166959,1,25,vax_eff_0.2,vax_eff,0.2
195,C,0.27026841811392865,2.0725883647123162e-8,0.729731561160187,1,25,vax_eff_0.2,vax_eff,0.2
196,A,0.16827399177659833,8.09336270684257e-9,0.8317260001300399,1,25,vax_eff_0.2,vax_eff,0.2
196,C,0.2702684162729191,1.862424217770661e-8,0.7297315651028392,1,25,vax_eff_0.2,vax_eff,0.2
197,A,0.1682739910505132,7.26411531313637e-9,0.831726001685371,1,25,vax_eff_0.2,vax_eff,0.2
197,C,0.2702684146016609,1.671638321286782e-8,0.729731568681957,1,25,vax_eff_0.2,vax_eff,0.2
198,A,0.1682739904376254,6.564169413550408e-9,0.8317260029982055,1,25,vax_eff_0.2,vax_eff,0.2
198,C,0.27026841319092665,1.510593110541366e-8,0.7297315717031431,1,25,vax_eff_0.2,vax_eff,0.2
199,A,0.16827398988378786,5.9316722188467175e-9,0.8317260041845397,1,25,vax_eff_0.2,vax_eff,0.2
199,C,0.27026841191610174,1.3650629524950633e-8,0.7297315744332684,1,25,vax_eff_0.2,vax_eff,0.2
200,A,0.16827398938331187,5.360123631436151e-9,0.831726005256565,1,25,vax_eff_0.2,vax_eff,0.2
200,C,0.2702684107640943,1.2335531308355728e-8,0.7297315769003752,1,25,vax_eff_0.2,vax_eff,0.2
201,A,0.16827398893105536,4.843650045266234e-9,0.8317260062252947,1,25,vax_eff_0.2,vax_eff,0.2
201,C,0.27026840972307037,1.1147129304319815e-8,0.7297315791298005,1,25,vax_eff_0.2,vax_eff,0.2
202,A,0.16827398852237274,4.376943956139582e-9,0.8317260071006826,1,25,vax_eff_0.2,vax_eff,0.2
202,C,0.2702684087823385,1.0073217636104829e-8,0.7297315811444439,1,25,vax_eff_0.2,vax_eff,0.2
203,A,0.16827398815306516,3.955209392137558e-9,0.8317260078917247,1,25,vax_eff_0.2,vax_eff,0.2
203,C,0.2702684079322365,9.102766337242408e-9,0.7297315829649982,1,25,vax_eff_0.2,vax_eff,0.2
204,A,0.16827398781933975,3.574112605386648e-9,0.8317260086065479,1,25,vax_eff_0.2,vax_eff,0.2
204,C,0.270268407164033,8.225808064771503e-9,0.7297315846101586,1,25,vax_eff_0.2,vax_eff,0.2
205,A,0.16827398751776707,3.2297375177507327e-9,0.8317260092524943,1,25,vax_eff_0.2,vax_eff,0.2
205,C,0.27026840646983796,7.433335726472436e-9,0.7297315860968259,1,25,vax_eff_0.2,vax_eff,0.2
206,A,0.1682739872452501,2.918545461987728e-9,0.8317260098362046,1,25,vax_eff_0.2,vax_eff,0.2
206,C,0.270268405842522,6.717209970648658e-9,0.7297315874402669,1,25,vax_eff_0.2,vax_eff,0.2
207,A,0.16827398699898902,2.6373388041384627e-9,0.8317260103636719,1,25,vax_eff_0.2,vax_eff,0.2
207,C,0.27026840527564155,6.070075588304295e-9,0.7297315886542838,1,25,vax_eff_0.2,vax_eff,0.2
208,A,0.16827398677645425,2.3832280728764727e-9,0.8317260108403177,1,25,vax_eff_0.2,vax_eff,0.2
208,C,0.2702684047633738,5.485285969101598e-9,0.7297315897513401,1,25,vax_eff_0.2,vax_eff,0.2
209,A,0.1682739865753596,2.1536022576508185e-9,0.8317260112710386,1,25,vax_eff_0.2,vax_eff,0.2
209,C,0.27026840430045784,4.956834835201623e-9,0.7297315907427075,1,25,vax_eff_0.2,vax_eff,0.2
210,A,0.1682739863936394,1.94610197007353e-9,0.8317260116602586,1,25,vax_eff_0.2,vax_eff,0.2
210,C,0.2702684038821391,4.4792945518399975e-9,0.7297315916385666,1,25,vax_eff_0.2,vax_eff,0.2
211,A,0.16827398622942707,1.7585951924747455e-9,0.8317260120119769,1,25,vax_eff_0.2,vax_eff,0.2
211,C,0.27026840350412096,4.04776038103866e-9,0.7297315924481184,1,25,vax_eff_0.2,vax_eff,0.2
212,A,0.16827398608103586,1.5891553641764084e-9,0.8317260123298089,1,25,vax_eff_0.2,vax_eff,0.2
212,C,0.27026840316252143,3.6578001058943322e-9,0.7297315931796781,1,25,vax_eff_0.2,vax_eff,0.2
213,A,0.16827398594694123,1.4360415800935462e-9,0.831726012617017,1,25,vax_eff_0.2,vax_eff,0.2
213,C,0.270268402853831,3.3054085080448116e-9,0.72973159384076,1,25,vax_eff_0.2,vax_eff,0.2
214,A,0.16827398582576605,1.297680698009474e-9,0.8317260128765529,1,25,vax_eff_0.2,vax_eff,0.2
214,C,0.2702684025748804,2.9869662307601443e-9,0.7297315944381527,1,25,vax_eff_0.2,vax_eff,0.2
215,A,0.16827398571626564,1.1726511705110902e-9,0.8317260131110837,1,25,vax_eff_0.2,vax_eff,0.2
215,C,0.270268402322804,2.6992026051492274e-9,0.7297315949779948,1,25,vax_eff_0.2,vax_eff,0.2
216,A,0.16827398561731452,1.0596684353157002e-9,0.8317260133230175,1,25,vax_eff_0.2,vax_eff,0.2
216,C,0.2702684020950115,2.439162057677131e-9,0.7297315954658252,1,25,vax_eff_0.2,vax_eff,0.2
217,A,0.16827398552789702,9.575717137541588e-10,0.8317260135145315,1,25,vax_eff_0.2,vax_eff,0.2
217,C,0.2702684018891648,2.20417375397095e-9,0.7297315959066598,1,25,vax_eff_0.2,vax_eff,0.2
218,A,0.16827398544709377,8.653120821147616e-10,0.831726013687593,1,25,vax_eff_0.2,vax_eff,0.2
218,C,0.27026840170315036,1.991824166771988e-9,0.7297315963050256,1,25,vax_eff_0.2,vax_eff,0.2
219,A,0.1682739853740762,7.819416911528091e-10,0.8317260138439824,1,25,vax_eff_0.2,vax_eff,0.2
219,C,0.2702684015350553,1.7999322878871885e-9,0.7297315966650115,1,25,vax_eff_0.2,vax_eff,0.2
220,A,0.168273985308093,7.066040261634534e-10,0.8317260139853027,1,25,vax_eff_0.2,vax_eff,0.2
220,C,0.27026840138315505,1.6265272270360618e-9,0.729731596990318,1,25,vax_eff_0.2,vax_eff,0.2
221,A,0.168273985248467,6.385251058807413e-10,0.8317260141130088,1,25,vax_eff_0.2,vax_eff,0.2
221,C,0.2702684012458889,1.4698279687141868e-9,0.7297315972842834,1,25,vax_eff_0.2,vax_eff,0.2
222,A,0.16827398519458533,5.770055286699703e-10,0.8317260142284099,1,25,vax_eff_0.2,vax_eff,0.2
222,C,0.2702684011218465,1.328225079991807e-9,0.7297315975499281,1,25,vax_eff_0.2,vax_eff,0.2
223,A,0.16827398514589498,5.214132856488258e-10,0.831726014332692,1,25,vax_eff_0.2,vax_eff,0.2
223,C,0.27026840100975463,1.2002641802957381e-9,0.7297315977899805,1,25,vax_eff_0.2,vax_eff,0.2
224,A,0.16827398510189548,4.711772664390489e-10,0.8317260144269271,1,25,vax_eff_0.2,vax_eff,0.2
224,C,0.2702684009084613,1.0846310037075775e-9,0.7297315980069067,1,25,vax_eff_0.2,vax_eff,0.2
225,A,0.1682739850621353,4.257813907882196e-10,0.83172601451208406,1,25,vax_eff_0.2,vax_eff,0.2
225,C,0.2702684008169272,9.801379003556453e-10,0.7297315982029351,1,25,vax_eff_0.2,vax_eff,0.2
226,A,0.1682739850262051,3.8475930573722165e-10,0.8317260145890345,1,25,vax_eff_0.2,vax_eff,0.2
226,C,0.27026840073421105,8.85711638258882e-10,0.7297315983800776,1,25,vax_eff_0.2,vax_eff,0.2
227,A,0.16827398499373677,3.4768959382426887e-10,0.8317260146585725,1,25,vax_eff_0.2,vax_eff,0.2
227,C,0.270268400659464,8.003823803375942e-10,0.7297315985401547,1,25,vax_eff_0.2,vax_eff,0.2
228,A,0.16827398496439727,3.141914430709974e-10,0.8317260147214117,1,25,vax_eff_0.2,vax_eff,0.2
228,C,0.2702684005919175,7.23273723375826e-10,0.7297315986848081,1,25,vax_eff_0.2,vax_eff,0.2
229,A,0.16827398493788354,2.8392073424409584e-10,0.8317260147781951,1,25,vax_eff_0.2,vax_eff,0.2
229,C,0.2702684005308791,6.535936966272828e-10,0.7297315988155266,1,25,vax_eff_0.2,vax_eff,0.2
230,A,0.16827398491392442,2.5656650517612947e-10,0.8317260148295091,1,25,vax_eff_0.2,vax_eff,0.2
230,C,0.270268400475721,5.906266276130574e-10,0.7297315989336537,1,25,vax_eff_0.2,vax_eff,0.2
231,A,0.1682739848922736,2.3184775580574708e-10,0.8317260148758784,1,25,vax_eff_0.2,vax_eff,0.2
231,C,0.2702684004258762,5.337257915661476e-10,0.7297315990403975,1,25,vax_eff_0.2,vax_eff,0.2
232,A,0.16827398487270906,2.0951056110027028e-10,0.8317260149177803,1,25,vax_eff_0.2,vax_eff,0.2
232,C,0.27026840038083444,4.823067690264835e-10,0.7297315991368599,1,25,vax_eff_0.2,vax_eff,0.2
233,A,0.16827398485502879,1.893254621887755e-10,0.8317260149556459,1,25,vax_eff_0.2,vax_eff,0.2
233,C,0.27026840034013133,4.358414433634449e-10,0.7297315992240281,1,25,vax_eff_0.2,vax_eff,0.2
234,A,0.16827398483905232,1.7108510889374724e-10,0.8317260149898631,1,25,vax_eff_0.2,vax_eff,0.2
234,C,0.27026840030334975,3.93852576575453e-10,0.7297315993027981,1,25,vax_eff_0.2,vax_eff,0.2
235,A,0.1682739848246147,1.5460212943362425e-10,0.8317260150207832,1,25,vax_eff_0.2,vax_eff,0.2
235,C,0.2702684002701117,3.5590890765558627e-10,0.7297315993739799,1,25,vax_eff_0.2,vax_eff,0.2
236,A,0.16827398481156844,1.3970720540371872e-10,0.8317260150487252,1,25,vax_eff_0.2,vax_eff,0.2
236,C,0.2702684002400753,3.2162072317935267e-10,0.7297315994383043,1,25,vax_eff_0.2,vax_eff,0.2
237,A,0.1682739847997786,1.2624733225300411e-10,0.8317260150739739,1,25,vax_eff_0.2,vax_eff,0.2
237,C,0.2702684002129327,2.906358546208846e-10,0.72973159949643,1,25,vax_eff_0.2,vax_eff,0.2
238,A,0.1682739847891249,1.140842473916581e-10,0.8317260150967911,1,25,vax_eff_0.2,vax_eff,0.2
238,C,0.27026840018840553,2.626360612757397e-10,0.7297315995489579,1,25,vax_eff_0.2,vax_eff,0.2
239,A,0.1682739847794974,1.0309300972821118e-10,0.8317260151174096,1,25,vax_eff_0.2,vax_eff,0.2
239,C,0.2702684001662412,2.373337616898099e-10,0.7297315995964246,1,25,vax_eff_0.2,vax_eff,0.2
240,A,0.1682739847707975,9.316071611592208e-11,0.8317260151360423,1,25,vax_eff_0.2,vax_eff,0.2
240,C,0.2702684001462124,2.1446907994253235e-10,0.7297315996393189,1,25,vax_eff_0.2,vax_eff,0.2
241,A,0.16827398476293595,8.418534148199354e-11,0.8317260151528791,1,25,vax_eff_0.2,vax_eff,0.2
241,C,0.27026840012811265,1.9380717648890955e-10,0.7297315996780799,1,25,vax_eff_0.2,vax_eff,0.2
242,A,0.16827398475583147,7.607469069644497e-11,0.8317260151680939,1,25,vax_eff_0.2,vax_eff,0.2
242,C,0.27026840011175685,1.7513583617093556e-10,0.729731599713107,1,25,vax_eff_0.2,vax_eff,0.2
243,A,0.16827398474941166,6.874545144358248e-11,0.8317260151818425,1,25,vax_eff_0.2,vax_eff,0.2
243,C,0.27026840009697706,1.582632885895676e-10,0.7297315997447601,1,25,vax_eff_0.2,vax_eff,0.2
244,A,0.16827398474361044,6.212233835456626e-11,0.8317260151942668,1,25,vax_eff_0.2,vax_eff,0.2
244,C,0.2702684000836204,1.4301623846152108e-10,0.72973159977336155,1,25,vax_eff_0.2,vax_eff,0.2
245,A,0.16827398473836788,5.613731960704181e-11,0.8317260152054948,1,25,vax_eff_0.2,vax_eff,0.2
245,C,0.2702684000715513,1.2923808573100953e-10,0.7297315997992108,1,25,vax_eff_0.2,vax_eff,0.2
246,A,0.1682739847336305,5.0728918045276776e-11,0.8317260152156409,1,25,vax_eff_0.2,vax_eff,0.2
246,C,0.2702684000606444,1.1678731715547737e-10,0.7297315998225686,1,25,vax_eff_0.2,vax_eff,0.2
247,A,0.16827398472934973,4.5841579640031297e-11,0.8317260152248095,1,25,vax_eff_0.2,vax_eff,0.2
247,C,0.2702684000507887,1.0553605284557641e-10,0.7297315998436761,1,25,vax_eff_0.2,vax_eff,0.2
248,A,0.16827398472548116,4.142510279938572e-11,0.8317260152330944,1,25,vax_eff_0.2,vax_eff,0.2
248,C,0.2702684000418825,9.536873283112376e-11,0.7297315998627498,1,25,vax_eff_0.2,vax_eff,0.2
249,A,0.16827398472198538,3.7434122667038984e-11,0.8317260152405805,1,25,vax_eff_0.2,vax_eff,0.2
249,C,0.2702684000338337,8.61809301629803e-11,0.729731599879985,1,25,vax_eff_0.2,vax_eff,0.2
250,A,0.1682739847188261,3.3827645109626833e-11,0.8317260152473462,1,25,vax_eff_0.2,vax_eff,0.2
250,C,0.27026840002656066,7.78782783604061e-11,0.7297315998955618,1,25,vax_eff_0.2,vax_eff,0.2
251,A,0.16827398471597163,3.0568625605188e-11,0.83172601525346,1,25,vax_eff_0.2,vax_eff,0.2
251,C,0.27026840001998825,7.037550218788045e-11,0.729731599909636,1,25,vax_eff_0.2,vax_eff,0.2
252,A,0.16827398471339172,2.7623588706279417e-11,0.8317260152589845,1,25,vax_eff_0.2,vax_eff,0.2
252,C,0.2702684000140491,6.359554180665242e-11,0.7297315999223551,1,25,vax_eff_0.2,vax_eff,0.2
253,A,0.16827398471106053,2.4962284168149582e-11,0.8317260152639769,1,25,vax_eff_0.2,vax_eff,0.2
253,C,0.2702684000086824,5.746876130532013e-11,0.7297315999338496,1,25,vax_eff_0.2,vax_eff,0.2
254,A,0.16827398470895397,2.2557376209115655e-11,0.8317260152684889,1,25,vax_eff_0.2,vax_eff,0.2
254,C,0.27026840000383207,5.1932233480388164e-11,0.7297315999442365,1,25,vax_eff_0.2,vax_eff,0.2
255,A,0.16827398470705052,2.0384162710712132e-11,0.8317260152725658,1,25,vax_eff_0.2,vax_eff,0.2
255,C,0.2702683999994497,4.6929093520895044e-11,0.7297315999536217,1,25,vax_eff_0.2,vax_eff,0.2
256,A,0.16827398470533003,1.842032147280447e-11,0.8317260152762495,1,25,vax_eff_0.2,vax_eff,0.2
256,C,0.27026839999548935,4.240795495891243e-11,0.7297315999621035,1,25,vax_eff_0.2,vax_eff,0.2
257,A,0.16827398470377566,1.6645680916834153e-11,0.8317260152795776,1,25,vax_eff_0.2,vax_eff,0.2
257,C,0.2702683999919103,3.8322381887234967e-11,0.729731599969767,1,25,vax_eff_0.2,vax_eff,0.2
258,A,0.16827398470237107,1.5042012876375734e-11,0.8317260152825869,1,25,vax_eff_0.2,vax_eff,0.2
258,C,0.27026839998867613,3.463041202700629e-11,0.7297315999766933,1,25,vax_eff_0.2,vax_eff,0.2
259,A,0.1682739847011014,1.359284536958562e-11,0.8317260152853052,1,25,vax_eff_0.2,vax_eff,0.2
259,C,0.270268399985754,3.129412573107706e-11,0.7297315999829537,1,25,vax_eff_0.2,vax_eff,0.2
260,A,0.16827398469995428,1.228329339320297e-11,0.8317260152877621,1,25,vax_eff_0.2,vax_eff,0.2
260,C,0.27026839998311253,2.8279256521118608e-11,0.7297315999886077,1,25,vax_eff_0.2,vax_eff,0.2
261,A,0.16827398469891788,1.109990601793901e-11,0.831726015289983,1,25,vax_eff_0.2,vax_eff,0.2
261,C,0.270268399980726,2.5554839146441455e-11,0.7297315999937192,1,25,vax_eff_0.2,vax_eff,0.2
262,A,0.16827398469798124,1.0030528226458253e-11,0.8317260152919876,1,25,vax_eff_0.2,vax_eff,0.2
262,C,0.27026839997856983,2.309289154166674e-11,0.729731599998338,1,25,vax_eff_0.2,vax_eff,0.2
263,A,0.16827398469713473,9.064176058641634e-12,0.8317260152938013,1,25,vax_eff_0.2,vax_eff,0.2
263,C,0.27026839997662067,2.0868127427331233e-11,0.7297316000025116,1,25,vax_eff_0.2,vax_eff,0.2
264,A,0.1682739846963698,8.190923786227123e-12,0.8317260152954395,1,25,vax_eff_0.2,vax_eff,0.2
264,C,0.2702683999748596,1.8857696598482775e-11,0.7297316000062825,1,25,vax_eff_0.2,vax_eff,0.2
265,A,0.16827398469567853,7.40180195780245e-12,0.8317260152969195,1,25,vax_eff_0.2,vax_eff,0.2
265,C,0.27026839997326796,1.704095023381292e-11,0.7297316000096912,1,25,vax_eff_0.2,vax_eff,0.2
266,A,0.16827398469505367,6.688705266800005e-12,0.8317260152982575,1,25,vax_eff_0.2,vax_eff,0.2
266,C,0.27026839997182983,1.5399228814853676e-11,0.7297316000127705,1,25,vax_eff_0.2,vax_eff,0.2
267,A,0.16827398469448937,6.044309296058938e-12,0.8317260152994665,1,25,vax_eff_0.2,vax_eff,0.2
267,C,0.2702683999705302,1.3915670476990243e-11,0.7297316000155545,1,25,vax_eff_0.2,vax_eff,0.2
268,A,0.1682739846939794,5.4619952837106614e-12,0.8317260153005588,1,25,vax_eff_0.2,vax_eff,0.2
268,C,0.2702683999693564,1.2575037823893453e-11,0.7297316000180696,1,25,vax_eff_0.2,vax_eff,0.2
269,A,0.16827398469351829,4.935782137548053e-12,0.8317260153015457,1,25,vax_eff_0.2,vax_eff,0.2
269,C,0.27026839996829444,1.1363561426609876e-11,0.7297316000203414,1,25,vax_eff_0.2,vax_eff,0.2
270,A,0.16827398469310187,4.460264999502564e-12,0.831726015302438,1,25,vax_eff_0.2,vax_eff,0.2
270,C,0.2702683999673356,1.0268798399914561e-11,0.7297316000223959,1,25,vax_eff_0.2,vax_eff,0.2
271,A,0.16827398469272517,4.030559729142502e-12,0.8317260153032433,1,25,vax_eff_0.2,vax_eff,0.2
271,C,0.27026839996646934,9.279504603385213e-12,0.7297316000242517,1,25,vax_eff_0.2,vax_eff,0.2
272,A,0.16827398469238544,3.6422527359113965e-12,0.831726015303973,1,25,vax_eff_0.2,vax_eff,0.2
272,C,0.270268399965686,8.385519154596232e-12,0.7297316000259282,1,25,vax_eff_0.2,vax_eff,0.2
273,A,0.16827398469207788,3.291355644771452e-12,0.8317260153046302,1,25,vax_eff_0.2,vax_eff,0.2
273,C,0.27026839996497865,7.577660068285441e-12,0.7297316000274445,1,25,vax_eff_0.2,vax_eff,0.2
274,A,0.1682739846918,2.974264329569804e-12,0.8317260153052255,1,25,vax_eff_0.2,vax_eff,0.2
274,C,0.2702683999643392,6.84762994961978e-12,0.7297316000288144,1,25,vax_eff_0.2,vax_eff,0.2
275,A,0.16827398469154914,2.6877218933130667e-12,0.8317260153057624,1,25,vax_eff_0.2,vax_eff,0.2
275,C,0.27026839996376084,6.187930772950574e-12,0.7297316000300513,1,25,vax_eff_0.2,vax_eff,0.2
276,A,0.16827398469132207,2.4287852150808268e-12,0.8317260153062471,1,25,vax_eff_0.2,vax_eff,0.2
276,C,0.2702683999632386,5.591786870764441e-12,0.7297316000311695,1,25,vax_eff_0.2,vax_eff,0.2
277,A,0.16827398469111737,2.1947947199470506e-12,0.8317260153066879,1,25,vax_eff_0.2,vax_eff,0.2
277,C,0.2702683999627668,5.053075341861086e-12,0.7297316000321806,1,25,vax_eff_0.2,vax_eff,0.2
278,A,0.16827398469093205,1.983347061738286e-12,0.8317260153070843,1,25,vax_eff_0.2,vax_eff,0.2
278,C,0.2702683999623406,4.566263163871782e-12,0.7297316000330941,1,25,vax_eff_0.2,vax_eff,0.2
279,A,0.16827398469076474,1.7922704364417666e-12,0.8317260153074435,1,25,vax_eff_0.2,vax_eff,0.2
279,C,0.2702683999619553,4.126350364743197e-12,0.7297316000339198,1,25,vax_eff_0.2,vax_eff,0.2
280,A,0.16827398469061342,1.6196022752055873e-12,0.8317260153077672,1,25,vax_eff_0.2,vax_eff,0.2
280,C,0.2702683999616068,3.728818668681328e-12,0.7297316000346645,1,25,vax_eff_0.2,vax_eff,0.2
281,A,0.16827398469047689,1.463569086553996e-12,0.8317260153080591,1,25,vax_eff_0.2,vax_eff,0.2
281,C,0.27026839996129215,3.3695850894961895e-12,0.7297316000353384,1,25,vax_eff_0.2,vax_eff,0.2
282,A,0.16827398469035343,1.3225682399464809e-12,0.8317260153083256,1,25,vax_eff_0.2,vax_eff,0.2
282,C,0.2702683999610078,3.044959994989317e-12,0.7297316000359471,1,25,vax_eff_0.2,vax_eff,0.2
283,A,0.1682739846902416,1.195151504659308e-12,0.8317260153085633,1,25,vax_eff_0.2,vax_eff,0.2
283,C,0.27026839996075114,2.7516092113172636e-12,0.7297316000364987,1,25,vax_eff_0.2,vax_eff,0.2
284,A,0.16827398469014068,1.0800101745817758e-12,0.8317260153087788,1,25,vax_eff_0.2,vax_eff,0.2
284,C,0.27026839996051855,2.4865197782122356e-12,0.7297316000369954,1,25,vax_eff_0.2,vax_eff,0.2
285,A,0.16827398469004956,9.759616261333729e-13,0.8317260153089737,1,25,vax_eff_0.2,vax_eff,0.2
285,C,0.27026839996030855,2.2469690033372225e-12,0.7297316000374444,1,25,vax_eff_0.2,vax_eff,0.2
286,A,0.1682739846899673,8.819371712292009e-13,0.8317260153091506,1,25,vax_eff_0.2,vax_eff,0.2
286,C,0.27026839996011903,2.0304964979375874e-12,0.72973160003785,1,25,vax_eff_0.2,vax_eff,0.2
287,A,0.16827398468989271,7.969710805235582e-13,0.8317260153093098,1,25,vax_eff_0.2,vax_eff,0.2
287,C,0.2702683999599477,1.8348789065718002e-12,0.7297316000382168,1,25,vax_eff_0.2,vax_eff,0.2
288,A,0.16827398468982563,7.201906641827453e-13,0.8317260153094548,1,25,vax_eff_0.2,vax_eff,0.2
288,C,0.2702683999597928,1.658107071374304e-12,0.7297316000385489,1,25,vax_eff_0.2,vax_eff,0.2
289,A,0.16827398468976468,6.508073083008669e-13,0.831726015309584,1,25,vax_eff_0.2,vax_eff,0.2
289,C,0.2702683999596531,1.4983653963082152e-12,0.7297316000388495,1,25,vax_eff_0.2,vax_eff,0.2
290,A,0.16827398468971,5.881083748887158e-13,0.831726015309702,1,25,vax_eff_0.2,vax_eff,0.2
290,C,0.27026839995952673,1.354013199461349e-12,0.7297316000391205,1,25,vax_eff_0.2,vax_eff,0.2
291,A,0.16827398468966046,5.314498822362012e-13,0.8317260153098085,1,25,vax_eff_0.2,vax_eff,0.2
291,C,0.27026839995941215,1.223567861857917e-12,0.7297316000393641,1,25,vax_eff_0.2,vax_eff,0.2
292,A,0.1682739846896154,4.802498904646872e-13,0.8317260153099048,1,25,vax_eff_0.2,vax_eff,0.2
292,C,0.27026839995930885,1.1056895997099812e-12,0.7297316000395861,1,25,vax_eff_0.2,vax_eff,0.2
293,A,0.16827398468957483,4.339825243290565e-13,0.8317260153099909,1,25,vax_eff_0.2,vax_eff,0.2
293,C,0.27026839995921564,9.991677037068103e-13,0.7297316000397853,1,25,vax_eff_0.2,vax_eff,0.2
294,A,0.16827398468953814,3.921725718750207e-13,0.8317260153100696,1,25,vax_eff_0.2,vax_eff,0.2
294,C,0.27026839995913154,9.029081040080955e-13,0.7297316000399667,1,25,vax_eff_0.2,vax_eff,0.2
295,A,0.16827398468950502,3.5439060347215566e-13,0.8317260153101405,1,25,vax_eff_0.2,vax_eff,0.2
295,C,0.27026839995905494,8.159221332229465e-13,0.7297316000401293,1,25,vax_eff_0.2,vax_eff,0.2
296,A,0.16827398468947516,3.202485610882612e-13,0.8317260153102042,1,25,vax_eff_0.2,vax_eff,0.2
296,C,0.2702683999589865,7.373163719610348e-13,0.7297316000402769,1,25,vax_eff_0.2,vax_eff,0.2
297,A,0.1682739846894484,2.8939577250079176e-13,0.8317260153102622,1,25,vax_eff_0.2,vax_eff,0.2
297,C,0.27026839995892427,6.662834726610819e-13,0.7297316000404102,1,25,vax_eff_0.2,vax_eff,0.2
298,A,0.16827398468942362,2.6151534943553645e-13,0.8317260153103138,1,25,vax_eff_0.2,vax_eff,0.2
298,C,0.27026839995886803,6.020938671910002e-13,0.7297316000405315,1,25,vax_eff_0.2,vax_eff,0.2
299,A,0.16827398468940175,2.3632093294912453e-13,0.8317260153103617,1,25,vax_eff_0.2,vax_eff,0.2
299,C,0.2702683999588175,5.440882742048189e-13,0.7297316000406394,1,25,vax_eff_0.2,vax_eff,0.2
300,A,0.16827398468938196,2.1355375213842367e-13,0.831726015310405,1,25,vax_eff_0.2,vax_eff,0.2
300,C,0.27026839995877106,4.916709274871016e-13,0.7297316000407376,1,25,vax_eff_0.2,vax_eff,0.2
301,A,0.16827398468936378,1.9297996619695478e-13,0.8317260153104432,1,25,vax_eff_0.2,vax_eff,0.2
301,C,0.27026839995872975,4.4430345660509087e-13,0.7297316000408269,1,25,vax_eff_0.2,vax_eff,0.2
302,A,0.16827398468934737,1.743882626804875e-13,0.8317260153104785,1,25,vax_eff_0.2,vax_eff,0.2
302,C,0.27026839995869206,4.0149935761626653e-13,0.7297316000409064,1,25,vax_eff_0.2,vax_eff,0.2
303,A,0.1682739846893327,1.5758768710465315e-13,0.8317260153105102,1,25,vax_eff_0.2,vax_eff,0.2
303,C,0.2702683999586583,3.628189962620427e-13,0.7297316000409791,1,25,vax_eff_0.2,vax_eff,0.2
304,A,0.16827398468931934,1.4240568164191433e-13,0.8317260153105378,1,25,vax_eff_0.2,vax_eff,0.2
304,C,0.27026839995862734,3.2786509255266625e-13,0.7297316000410446,1,25,vax_eff_0.2,vax_eff,0.2
305,A,0.16827398468930763,1.286863127728706e-13,0.8317260153105636,1,25,vax_eff_0.2,vax_eff,0.2
305,C,0.27026839995859997,2.9627864036622267e-13,0.7297316000411043,1,25,vax_eff_0.2,vax_eff,0.2
306,A,0.16827398468929675,1.162886696877143e-13,0.8317260153105873,1,25,vax_eff_0.2,vax_eff,0.2
306,C,0.27026839995857543,2.6773522015256586e-13,0.7297316000411582,1,25,vax_eff_0.2,vax_eff,0.2
307,A,0.16827398468928675,1.0508541698748e-13,0.8317260153106079,1,25,vax_eff_0.2,vax_eff,0.2
307,C,0.2702683999585525,2.4194166687054405e-13,0.7297316000412062,1,25,vax_eff_0.2,vax_eff,0.2
308,A,0.16827398468927793,9.496148681959556e-14,0.8317260153106271,1,25,vax_eff_0.2,vax_eff,0.2
308,C,0.27026839995853197,2.186330589354189e-13,0.7297316000412496,1,25,vax_eff_0.2,vax_eff,0.2
309,A,0.1682739846892699,8.581289701442534e-14,0.8317260153106444,1,25,vax_eff_0.2,vax_eff,0.2
309,C,0.2702683999585137,1.9756999725043244e-13,0.7297316000412895,1,25,vax_eff_0.2,vax_eff,0.2
310,A,0.16827398468926247,7.754568308368341e-14,0.8317260153106593,1,25,vax_eff_0.2,vax_eff,0.2
310,C,0.2702683999584969,1.7853614637586964e-13,0.729731600041325,1,25,vax_eff_0.2,vax_eff,0.2
311,A,0.16827398468925603,7.007493311110553e-14,0.8317260153106747,1,25,vax_eff_0.2,vax_eff,0.2
311,C,0.2702683999584821,1.61336012581364e-13,0.7297316000413575,1,25,vax_eff_0.2,vax_eff,0.2
312,A,0.16827398468925026,6.332391562260358e-14,0.8317260153106875,1,25,vax_eff_0.2,vax_eff,0.2
312,C,0.27026839995846835,1.4579293596014915e-13,0.7297316000413874,1,25,vax_eff_0.2,vax_eff,0.2
313,A,0.16827398468924484,5.722329147813892e-14,0.8317260153106978,1,25,vax_eff_0.2,vax_eff,0.2
313,C,0.2702683999584559,1.317472759825895e-13,0.729731600041413,1,25,vax_eff_0.2,vax_eff,0.2
314,A,0.16827398468924012,5.1710401690562114e-14,0.8317260153107084,1,25,vax_eff_0.2,vax_eff,0.2
314,C,0.2702683999584447,1.1905477185308576e-13,0.7297316000414363,1,25,vax_eff_0.2,vax_eff,0.2
315,A,0.1682739846892358,4.6728623856524246e-14,0.8317260153107179,1,25,vax_eff_0.2,vax_eff,0.2
315,C,0.2702683999584346,1.0758506082983934e-13,0.7297316000414581,1,25,vax_eff_0.2,vax_eff,0.2
316,A,0.16827398468923185,4.22267905892999e-14,0.831726015310726,1,25,vax_eff_0.2,vax_eff,0.2
316,C,0.27026839995842544,9.722033928936504e-14,0.7297316000414771,1,25,vax_eff_0.2,vax_eff,0.2
317,A,0.16827398468922838,3.81586639801887e-14,0.8317260153107342,1,25,vax_eff_0.2,vax_eff,0.2
317,C,0.27026839995841756,8.785415278376048e-14,0.729731600041496,1,25,vax_eff_0.2,vax_eff,0.2
318,A,0.16827398468922514,3.448246071390494e-14,0.8317260153107408,1,25,vax_eff_0.2,vax_eff,0.2
318,C,0.27026839995841023,7.939030267836083e-14,0.7297316000415114,1,25,vax_eff_0.2,vax_eff,0.2
319,A,0.16827398468922206,3.1160422856040763e-14,0.8317260153107471,1,25,vax_eff_0.2,vax_eff,0.2
319,C,0.2702683999584037,7.174185807435303e-14,0.7297316000415258,1,25,vax_eff_0.2,vax_eff,0.2
320,A,0.16827398468921953,2.8158430068954687e-14,0.8317260153107527,1,25,vax_eff_0.2,vax_eff,0.2
320,C,0.2702683999583976,6.483026297050806e-14,0.729731600041539,1,25,vax_eff_0.2,vax_eff,0.2
321,A,0.168273984689217,2.5445649192918682e-14,0.8317260153107577,1,25,vax_eff_0.2,vax_eff,0.2
321,C,0.2702683999583918,5.858452944521137e-14,0.7297316000415501,1,25,vax_eff_0.2,vax_eff,0.2
322,A,0.16827398468921503,2.2994217539537137e-14,0.831726015310763,1,25,vax_eff_0.2,vax_eff,0.2
322,C,0.27026839995838686,5.294050853788603e-14,0.7297316000415603,1,25,vax_eff_0.2,vax_eff,0.2
323,A,0.1682739846892129,2.077895671568678e-14,0.8317260153107667,1,25,vax_eff_0.2,vax_eff,0.2
323,C,0.2702683999583827,4.784023138496071e-14,0.7297316000415704,1,25,vax_eff_0.2,vax_eff,0.2
324,A,0.16827398468921118,1.8777114017791463e-14,0.8317260153107702,1,25,vax_eff_0.2,vax_eff,0.2
324,C,0.27026839995837826,4.323131383065753e-14,0.729731600041578,1,25,vax_eff_0.2,vax_eff,0.2
325,A,0.1682739846892097,1.696812874028695e-14,0.8317260153107737,1,25,vax_eff_0.2,vax_eff,0.2
325,C,0.2702683999583745,3.906641839744777e-14,0.7297316000415859,1,25,vax_eff_0.2,vax_eff,0.2
326,A,0.1682739846892082,1.5333420998025896e-14,0.831726015310777,1,25,vax_eff_0.2,vax_eff,0.2
326,C,0.2702683999583712,3.530276809015887e-14,0.7297316000415928,1,25,vax_eff_0.2,vax_eff,0.2
327,A,0.16827398468920704,1.3856200893615319e-14,0.8317260153107803,1,25,vax_eff_0.2,vax_eff,0.2
327,C,0.2702683999583682,3.1901707040088583e-14,0.7297316000415993,1,25,vax_eff_0.2,vax_eff,0.2
328,A,0.1682739846892058,1.2521296069643358e-14,0.8317260153107823,1,25,vax_eff_0.2,vax_eff,0.2
328,C,0.27026839995836577,2.882830347657059e-14,0.7297316000416064,1,25,vax_eff_0.2,vax_eff,0.2
329,A,0.16827398468920454,1.1314995874584515e-14,0.8317260153107835,1,25,vax_eff_0.2,vax_eff,0.2
329,C,0.27026839995836327,2.605099094817428e-14,0.7297316000416111,1,25,vax_eff_0.2,vax_eff,0.2
330,A,0.16827398468920368,1.0224910541812314e-14,0.8317260153107864,1,25,vax_eff_0.2,vax_eff,0.2
330,C,0.2702683999583611,2.354124410857653e-14,0.7297316000416162,1,25,vax_eff_0.2,vax_eff,0.2
331,A,0.16827398468920282,9.23984393534871e-15,0.8317260153107877,1,25,vax_eff_0.2,vax_eff,0.2
331,C,0.27026839995835883,2.1273285737152754e-14,0.7297316000416194,1,25,vax_eff_0.2,vax_eff,0.2
332,A,0.16827398468920196,8.349678555324254e-15,0.831726015310789,1,25,vax_eff_0.2,vax_eff,0.2
332,C,0.27026839995835716,1.9223821985140952e-14,0.7297316000416236,1,25,vax_eff_0.2,vax_eff,0.2
333,A,0.16827398468920132,7.545271622042726e-15,0.8317260153107906,1,25,vax_eff_0.2,vax_eff,0.2
333,C,0.27026839995835583,1.7371803128133168e-14,0.7297316000416273,1,25,vax_eff_0.2,vax_eff,0.2
334,A,0.16827398468920068,6.818361171332412e-15,0.8317260153107925,1,25,vax_eff_0.2,vax_eff,0.2
334,C,0.27026839995835444,1.5698207367620358e-14,0.7297316000416304,1,25,vax_eff_0.2,vax_eff,0.2
335,A,0.1682739846892002,6.161481196692832e-15,0.8317260153107936,1,25,vax_eff_0.2,vax_eff,0.2
335,C,0.2702683999583525,1.4185845461049628e-14,0.7297316000416328,1,25,vax_eff_0.2,vax_eff,0.2
336,A,0.1682739846891997,5.567884966664856e-15,0.8317260153107947,1,25,vax_eff_0.2,vax_eff,0.2
336,C,0.27026839995835167,1.2819184173779697e-14,0.7297316000416356,1,25,vax_eff_0.2,vax_eff,0.2
337,A,0.1682739846891992,5.0314757298203096e-15,0.8317260153107958,1,25,vax_eff_0.2,vax_eff,0.2
337,C,0.27026839995835045,1.15841867396365e-14,0.7297316000416377,1,25,vax_eff_0.2,vax_eff,0.2
338,A,0.16827398468919885,4.54674409450217e-15,0.8317260153107974,1,25,vax_eff_0.2,vax_eff,0.2
338,C,0.27026839995834945,1.046816869256544e-14,0.7297316000416397,1,25,vax_eff_0.2,vax_eff,0.2
339,A,0.16827398468919846,4.108711445304307e-15,0.8317260153107979,1,25,vax_eff_0.2,vax_eff,0.2
339,C,0.2702683999583486,9.459667583719955e-15,0.7297316000416418,1,25,vax_eff_0.2,vax_eff,0.2
340,A,0.16827398468919802,3.712878806914814e-15,0.8317260153107982,1,25,vax_eff_0.2,vax_eff,0.2
340,C,0.2702683999583479,8.548325253640218e-15,0.7297316000416435,1,25,vax_eff_0.2,vax_eff,0.2
341,A,0.16827398468919783,3.3551806341671665e-15,0.8317260153107993,1,25,vax_eff_0.2,vax_eff,0.2
341,C,0.2702683999583471,7.724781446593015e-15,0.7297316000416455,1,25,vax_eff_0.2,vax_eff,0.2
342,A,0.1682739846891973,3.0319430563244177e-15,0.8317260153107993,1,25,vax_eff_0.2,vax_eff,0.2
342,C,0.2702683999583465,6.9805776718575536e-15,0.7297316000416469,1,25,vax_eff_0.2,vax_eff,0.2
343,A,0.16827398468919705,2.7398461431593777e-15,0.8317260153108001,1,25,vax_eff_0.2,vax_eff,0.2
343,C,0.270268399958346,6.308070327879233e-15,0.7297316000416479,1,25,vax_eff_0.2,vax_eff,0.2
344,A,0.16827398468919685,2.475889806324191e-15,0.8317260153108004,1,25,vax_eff_0.2,vax_eff,0.2
344,C,0.2702683999583454,5.700352196023764e-15,0.7297316000416489,1,25,vax_eff_0.2,vax_eff,0.2
345,A,0.16827398468919663,2.2373629857849036e-15,0.8317260153108007,1,25,vax_eff_0.2,vax_eff,0.2
345,C,0.2702683999583453,5.151181497605897e-15,0.7297316000416505,1,25,vax_eff_0.2,vax_eff,0.2
346,A,0.16827398468919655,2.0218158048371264e-15,0.8317260153108018,1,25,vax_eff_0.2,vax_eff,0.2
346,C,0.2702683999583447,4.654917785548755e-15,0.7297316000416513,1,25,vax_eff_0.2,vax_eff,0.2
347,A,0.16827398468919638,1.8270344077092324e-15,0.8317260153108023,1,25,vax_eff_0.2,vax_eff,0.2
347,C,0.2702683999583441,4.206464012226794e-15,0.7297316000416515,1,25,vax_eff_0.2,vax_eff,0.2
348,A,0.16827398468919622,1.6510182213121097e-15,0.8317260153108021,1,25,vax_eff_0.2,vax_eff,0.2
348,C,0.2702683999583439,3.8012141784802525e-15,0.7297316000416525,1,25,vax_eff_0.2,vax_eff,0.2
349,A,0.1682739846891961,1.491959407592909e-15,0.8317260153108029,1,25,vax_eff_0.2,vax_eff,0.2
349,C,0.2702683999583437,3.4350060261121705e-15,0.7297316000416534,1,25,vax_eff_0.2,vax_eff,0.2
350,A,0.168273984689196,1.348224295449588e-15,0.831726015310803,1,25,vax_eff_0.2,vax_eff,0.2
350,C,0.27026839995834323,3.104078287980065e-15,0.7297316000416536,1,25,vax_eff_0.2,vax_eff,0.2
351,A,0.1682739846891959,1.2183366014952742e-15,0.8317260153108031,1,25,vax_eff_0.2,vax_eff,0.2
351,C,0.2702683999583427,2.805032056604509e-15,0.7297316000416539,1,25,vax_eff_0.2,vax_eff,0.2
352,A,0.16827398468919574,1.1009622673343513e-15,0.831726015310803,1,25,vax_eff_0.2,vax_eff,0.2
352,C,0.27026839995834245,2.5347958745175513e-15,0.7297316000416542,1,25,vax_eff_0.2,vax_eff,0.2
353,A,0.16827398468919563,9.948957576154319e-16,0.8317260153108033,1,25,vax_eff_0.2,vax_eff,0.2
353,C,0.27026839995834223,2.2905941877994824e-15,0.7297316000416547,1,25,vax_eff_0.2,vax_eff,0.2
354,A,0.16827398468919566,8.9904767812984e-16,0.8317260153108038,1,25,vax_eff_0.2,vax_eff,0.2
354,C,0.27026839995834195,2.069918838794987e-15,0.7297316000416548,1,25,vax_eff_0.2,vax_eff,0.2
355,A,0.16827398468919558,8.124335867823204e-16,0.8317260153108034,1,25,vax_eff_0.2,vax_eff,0.2
355,C,0.27026839995834184,1.870503305214897e-15,0.7297316000416553,1,25,vax_eff_0.2,vax_eff,0.2
356,A,0.16827398468919552,7.34163882512607e-16,0.8317260153108039,1,25,vax_eff_0.2,vax_eff,0.2
356,C,0.2702683999583418,1.6902994210372564e-15,0.7297316000416556,1,25,vax_eff_0.2,vax_eff,0.2
357,A,0.16827398468919544,6.634346683179913e-16,0.8317260153108044,1,25,vax_eff_0.2,vax_eff,0.2
357,C,0.2702683999583417,1.5274563401118069e-15,0.7297316000416563,1,25,vax_eff_0.2,vax_eff,0.2
358,A,0.16827398468919536,5.9951949425327395e-16,0.8317260153108044,1,25,vax_eff_0.2,vax_eff,0.2
358,C,0.2702683999583416,1.3803015256639877e-15,0.7297316000416565,1,25,vax_eff_0.2,vax_eff,0.2
359,A,0.16827398468919527,5.4176189684575565e-16,0.8317260153108045,1,25,vax_eff_0.2,vax_eff,0.2
359,C,0.2702683999583415,1.247323573763762e-15,0.7297316000416568,1,25,vax_eff_0.2,vax_eff,0.2
360,A,0.16827398468919524,4.895686563444915e-16,0.8317260153108047,1,25,vax_eff_0.2,vax_eff,0.2
360,C,0.27026839995834134,1.1271566891198669e-15,0.729731600041657,1,25,vax_eff_0.2,vax_eff,0.2
361,A,0.16827398468919522,4.424037034883353e-16,0.8317260153108047,1,25,vax_eff_0.2,vax_eff,0.2
361,C,0.27026839995834134,1.018566656272497e-15,0.7297316000416575,1,25,vax_eff_0.2,vax_eff,0.2
362,A,0.1682739846891952,3.997826138545231e-16,0.8317260153108049,1,25,vax_eff_0.2,vax_eff,0.2
362,C,0.2702683999583411,9.204381638131406e-16,0.7297316000416578,1,25,vax_eff_0.2,vax_eff,0.2
363,A,0.16827398468919513,3.612676324006626e-16,0.831726015310805,1,25,vax_eff_0.2,vax_eff,0.2
363,C,0.270268399958341,8.317633491939496e-16,0.7297316000416578,1,25,vax_eff_0.2,vax_eff,0.2
364,A,0.1682739846891951,3.264631773419963e-16,0.8317260153108048,1,25,vax_eff_0.2,vax_eff,0.2
364,C,0.27026839995834095,7.516314471276943e-16,0.729731600041658,1,25,vax_eff_0.2,vax_eff,0.2
365,A,0.16827398468919505,2.9501177718477016e-16,0.8317260153108049,1,25,vax_eff_0.2,vax_eff,0.2
365,C,0.27026839995834095,6.79219435258629e-16,0.7297316000416585,1,25,vax_eff_0.2,vax_eff,0.2
0,A,0.9989999999999998,0.001,0,2,25,vax_eff_0.2,vax_eff,0.2
0,C,0.9989999999999999,0.0010000000000000002,0,2,25,vax_eff_0.2,vax_eff,0.2
1,A,0.9983915136048919,0.0013726078816226274,2.3587851348484012e-4,2,25,vax_eff_0.2,vax_eff,0.2
1,C,0.9985840795039217,0.0011967448045124732,2.1917569156667982e-4,2,25,vax_eff_0.2,vax_eff,0.2
2,A,0.9976150988725591,0.0018300914491630412,5.548096782781643e-4,2,25,vax_eff_0.2,vax_eff,0.2
2,C,0.9980927052842403,0.0014263588224478977,4.809358933113283e-4,2,25,vax_eff_0.2,vax_eff,0.2
3,A,0.9966491714569078,0.0023768019367060187,9.740266063867115e-4,2,25,vax_eff_0.2,vax_eff,0.2
3,C,0.9975140155140934,0.0016936749096000375,7.923095763059772e-4,2,25,vax_eff_0.2,vax_eff,0.2
4,A,0.9954593689675326,0.0030277673093789376,0.0015128637230881357,2,25,vax_eff_0.2,vax_eff,0.2
4,C,0.9968334196909469,0.0020050688631418428,0.001161511445910622,2,25,vax_eff_0.2,vax_eff,0.2
5,A,0.9939998420549958,0.003806060902228957,0.0021940970427749666,2,25,vax_eff_0.2,vax_eff,0.2
5,C,0.9960337837839854,0.002368232588956376,0.001597983627059406,2,25,vax_eff_0.2,vax_eff,0.2
6,A,0.9922134884575837,0.004740684069598753,0.003045827472816976,2,25,vax_eff_0.2,vax_eff,0.2
6,C,0.9950947776318109,0.0027923263750444694,0.0021128959931452206,2,25,vax_eff_0.2,vax_eff,0.2
7,A,0.9900304647514278,0.005866270719003098,0.004103264529569261,2,25,vax_eff_0.2,vax_eff,0.2
7,C,0.9939919769715256,0.0032882938663851328,0.002719729162089368,2,25,vax_eff_0.2,vax_eff,0.2
8,A,0.9873707235878888,0.007221390809864894,0.005407885602246072,2,25,vax_eff_0.2,vax_eff,0.2
8,C,0.9926976567235168,0.0038684486333771632,0.0034338946431059043,2,25,vax_eff_0.2,vax_eff,0.2
9,A,0.9841398351509546,0.008849833751760702,0.007010331097284505,2,25,vax_eff_0.2,vax_eff,0.2
9,C,0.9911790681911951,0.004547152327246719,0.004273779481559304,2,25,vax_eff_0.2,vax_eff,0.2
10,A,0.9802302488692323,0.010800188606015578,0.008969562524751614,2,25,vax_eff_0.2,vax_eff,0.2
10,C,0.9893989262978764,0.005340573373055268,0.005260500329068408,2,25,vax_eff_0.2,vax_eff,0.2
11,A,0.9755172081919854,0.013127231227168459,0.011355560580846196,2,25,vax_eff_0.2,vax_eff,0.2
11,C,0.9873137643731578,0.006267334143452012,0.00641890148339019,2,25,vax_eff_0.2,vax_eff,0.2
12,A,0.9698587499886365,0.015891364641574954,0.014249885369787852,2,25,vax_eff_0.2,vax_eff,0.2
12,C,0.9848736003748892,0.0073485758021036,0.0077778238230073815,2,25,vax_eff_0.2,vax_eff,0.2
13,A,0.9630971884926945,0.0191568816202331,0.017745929887071785,2,25,vax_eff_0.2,vax_eff,0.2
13,C,0.982021803319285,0.00860786085218982,0.009370335828525301,2,25,vax_eff_0.2,vax_eff,0.2
14,A,0.9550558499881961,0.022991937462231275,0.021952212549572428,2,25,vax_eff_0.2,vax_eff,0.2
14,C,0.9786928882136409,0.01007191685831271,0.011235194928046172,2,25,vax_eff_0.2,vax_eff,0.2
15,A,0.9455526652069132,0.027461563706208135,0.0269857710868786,2,25,vax_eff_0.2,vax_eff,0.2
15,C,0.9748161179333276,0.011768939551665325,0.013414942515009689,2,25,vax_eff_0.2,vax_eff,0.2
16,A,0.9343854761447705,0.03263147005401284,0.03298305380121709,2,25,vax_eff_0.2,vax_eff,0.2
16,C,0.9703084808822849,0.013731201756862411,0.015960317360853387,2,25,vax_eff_0.2,vax_eff,0.2
17,A,0.9213564480751061,0.03855490645391078,0.04008864547098233,2,25,vax_eff_0.2,vax_eff,0.2
17,C,0.9650805018538092,0.015992153454363098,0.018927344691828177,2,25,vax_eff_0.2,vax_eff,0.2
18,A,0.9062745132291674,0.04526840958213344,0.048457077188698947,2,25,vax_eff_0.2,vax_eff,0.2
18,C,0.9590339456190835,0.018586807224689444,0.022379247156227747,2,25,vax_eff_0.2,vax_eff,0.2
19,A,0.8889661364131091,0.05278474848994869,0.058249115096942194,2,25,vax_eff_0.2,vax_eff,0.2
19,C,0.9520625165353549,0.021550861103733273,0.026386622360911802,2,25,vax_eff_0.2,vax_eff,0.2
20,A,0.8692959708438389,0.061080416543843684,0.06962361261231786,2,25,vax_eff_0.2,vax_eff,0.2
20,C,0.9440545794745459,0.024918545534039868,0.031026874991414027,2,25,vax_eff_0.2,vax_eff,0.2
21,A,0.8471830799409649,0.07008811550245238,0.08272880455658203,2,25,vax_eff_0.2,vax_eff,0.2
21,C,0.9348964007416125,0.02872047592836897,0.03638312333002082,2,25,vax_eff_0.2,vax_eff,0.2
22,A,0.8226146654635056,0.0796879470017287,0.09769738753476506,2,25,vax_eff_0.2,vax_eff,0.2
22,C,0.9244724764636826,0.03298196530653559,0.04254555822978308,2,25,vax_eff_0.2,vax_eff,0.2
23,A,0.7956657762894982,0.08970357232135141,0.11463065138915113,2,25,vax_eff_0.2,vax_eff,0.2
23,C,0.9126734962330093,0.037718825327547174,0.04960767843944316,2,25,vax_eff_0.2,vax_eff,0.2
24,A,0.7665066155942123,0.09990308015201997,0.13359030425376842,2,25,vax_eff_0.2,vax_eff,0.2
24,C,0.8994005371258145,0.042934348787316924,0.057665114086869536,2,25,vax_eff_0.2,vax_eff,0.2
25,A,0.7354142421837829,0.11000127519395268,0.15458448262226437,2,25,vax_eff_0.2,vax_eff,0.2
25,C,0.8845725057964261,0.04861421087213502,0.06681328333143706,2,25,vax_eff_0.2,vax_eff,0.2
26,A,0.7027490247725418,0.11968865738182402,0.17756231784563492,2,25,vax_eff_0.2,vax_eff,0.2
26,C,0.8681359144218938,0.0547240644360933,0.07714002114201177,2,25,vax_eff_0.2,vax_eff,0.2
27,A,0.6689581735301043,0.12863317350539957,0.2024086529644966,2,25,vax_eff_0.2,vax_eff,0.2
27,C,0.8500684152945469,0.06120460880601908,0.08872697589943336,2,25,vax_eff_0.2,vax_eff,0.2
28,A,0.6345391084530072,0.1365172173762991,0.22894367417069464,2,25,vax_eff_0.2,vax_eff,0.2
28,C,0.8303888911350086,0.06797048531640609,0.1016406235485856,2,25,vax_eff_0.2,vax_eff,0.2
29,A,0.6000083417575592,0.14306527644481595,0.2569263817976249,2,25,vax_eff_0.2,vax_eff,0.2
29,C,0.8091650159439565,0.07490842255970993,0.11592656149633335,2,25,vax_eff_0.2,vax_eff,0.2
30,A,0.5658730001711004,0.14806090429187643,0.2860660955370221,2,25,vax_eff_0.2,vax_eff,0.2
30,C,0.7865147866229973,0.08187933526772873,0.13160587810927224,2,25,vax_eff_0.2,vax_eff,0.2
31,A,0.532595773452273,0.15136658756922564,0.3160376389785013,2,25,vax_eff_0.2,vax_eff,0.2
31,C,0.7626070804117541,0.08872341993197526,0.14866949965627196,2,25,vax_eff_0.2,vax_eff,0.2
32,A,0.500575250174131,0.1529296378070884,0.3464951120187823,2,25,vax_eff_0.2,vax_eff,0.2
32,C,0.7376595870538126,0.0952659060489034,0.16707450689728362,2,25,vax_eff_0.2,vax_eff,0.2
33,A,0.47012619654804966,0.1527794147665874,0.37709438868536244,2,25,vax_eff_0.2,vax_eff,0.2
33,C,0.7119270301225386,0.10132940307895048,0.18674356679851115,2,25,vax_eff_0.2,vax_eff,0.2
34,A,0.4414805767019462,0.1510187607689442,0.40750066252911044,2,25,vax_eff_0.2,vax_eff,0.2
34,C,0.6856964577418199,0.10674068247101876,0.20756285978716002,2,25,vax_eff_0.2,vax_eff,0.2
35,A,0.414785720373034,0.1478078862851365,0.4374063933418295,2,25,vax_eff_0.2,vax_eff,0.2
35,C,0.659269810411383,0.1113444921961216,0.22938569739249595,2,25,vax_eff_0.2,vax_eff,0.2
36,A,0.39011317327511186,0.1433455986464815,0.4665412280784061,2,25,vax_eff_0.2,vax_eff,0.2
36,C,0.6329484408179288,0.11501377055101095,0.25203778863105974,2,25,vax_eff_0.2,vax_eff,0.2
37,A,0.36747064613594016,0.13785275570859595,0.4946765981554639,2,25,vax_eff_0.2,vax_eff,0.2
37,C,0.6070205642798471,0.11765698221552692,0.27532245350462603,2,25,vax_eff_0.2,vax_eff,0.2
38,A,0.3468150036298252,0.13155582105320693,0.5216291753169672,2,25,vax_eff_0.2,vax_eff,0.2
38,C,0.5817480038529458,0.11922344816104505,0.2990285479860078,2,25,vax_eff_0.2,vax_eff,0.2
39,A,0.32806581443043387,0.12467425159903672,0.5472599339705299,2,25,vax_eff_0.2,vax_eff,0.2
39,C,0.5573572238391736,0.11970409894260882,0.32293867721821795,2,25,vax_eff_0.2,vax_eff,0.2
40,A,0.31111786839444217,0.11740820634672638,0.5714739252588311,2,25,vax_eff_0.2,vax_eff,0.2
40,C,0.5340297546758785,0.11912990847634002,0.3468403368477809,2,25,vax_eff_0.2,vax_eff,0.2
41,A,0.29584856199843396,0.10994007126724141,0.5942113667343251,2,25,vax_eff_0.2,vax_eff,0.2
41,C,0.511907842096836,0.11756605595329805,0.37052610194986474,2,25,vax_eff_0.2,vax_eff,0.2
42,A,0.2821287013508766,0.10242380942919363,0.615447489219929,2,25,vax_eff_0.2,vax_eff,0.2
42,C,0.49108773114852594,0.11510496166549945,0.3938073071859737,2,25,vax_eff_0.2,vax_eff,0.2
43,A,0.26982659366556333,0.09498699882116622,0.6351864075132708,2,25,vax_eff_0.2,vax_eff,0.2
43,C,0.4716245052977846,0.11186005998134253,0.4165154347208739,2,25,vax_eff_0.2,vax_eff,0.2
44,A,0.25881528558567407,0.08773015304435779,0.6534545613699674,2,25,vax_eff_0.2,vax_eff,0.2
44,C,0.45353749960820383,0.10795426799281638,0.43850823239897974,2,25,vax_eff_0.2,vax_eff,0.2
45,A,0.24896963584378326,0.0807339747026091,0.6702963894536079,2,25,vax_eff_0.2,vax_eff,0.2
45,C,0.4368180436467405,0.10351800408115219,0.45966395227210827,2,25,vax_eff_0.2,vax_eff,0.2
46,A,0.240174580779767,0.07405561406179731,0.6857698051584357,2,25,vax_eff_0.2,vax_eff,0.2
46,C,0.4214328777306339,0.09867734108265118,0.4798897811867135,2,25,vax_eff_0.2,vax_eff,0.2
47,A,0.23232246873367884,0.06773477638015928,0.6999427548861623,2,25,vax_eff_0.2,vax_eff,0.2
47,C,0.407330770122618,0.09355271182957131,0.49911651804781104,2,25,vax_eff_0.2,vax_eff,0.2
48,A,0.2253149302086932,0.06179540132714958,0.7128896684641577,2,25,vax_eff_0.2,vax_eff,0.2
48,C,0.3944472028637301,0.08825369375641491,0.5172991033798544,2,25,vax_eff_0.2,vax_eff,0.2
49,A,0.21906437274868104,0.056248920982788685,0.7246867062685312,2,25,vax_eff_0.2,vax_eff,0.2
49,C,0.3827113756209176,0.08287516953031435,0.5344134548487688,2,25,vax_eff_0.2,vax_eff,0.2
50,A,0.21348714874221789,0.05109807399075009,0.7354147772670312,2,25,vax_eff_0.2,vax_eff,0.2
50,C,0.37204502160514225,0.07750375336801134,0.5504512250268476,2,25,vax_eff_0.2,vax_eff,0.2
51,A,0.20851125506066084,0.04633703140594101,0.7451517135333982,2,25,vax_eff_0.2,vax_eff,0.2
51,C,0.3623705173821859,0.07220836945465887,0.5654211131631538,2,25,vax_eff_0.2,vax_eff,0.2
52,A,0.2040710367289191,0.04195429700050088,0.7539746662705809,2,25,vax_eff_0.2,vax_eff,0.2
52,C,0.3536098418198503,0.06704620916244813,0.5793439490177021,2,25,vax_eff_0.2,vax_eff,0.2
53,A,0.20010832689867727,0.03793402916861321,0.7619576439327093,2,25,vax_eff_0.2,vax_eff,0.2
53,C,0.34568750765689654,0.062061016715732824,0.592251475627371,2,25,vax_eff_0.2,vax_eff,0.2
54,A,0.1965711360274006,0.034257783220994,0.7691710807516059,2,25,vax_eff_0.2,vax_eff,0.2
54,C,0.33853158448132453,0.05728598743686591,0.6041824280818104,2,25,vax_eff_0.2,vax_eff,0.2
55,A,0.19341257517324753,0.030905131668061178,0.775682293158691,2,25,vax_eff_0.2,vax_eff,0.2
55,C,0.33207333723147575,0.05274500991713505,0.6151816528513889,2,25,vax_eff_0.2,vax_eff,0.2
56,A,0.19059126733206247,0.02785479121980718,0.7815539414481307,2,25,vax_eff_0.2,vax_eff,0.2
56,C,0.3262489549908248,0.048453321949716084,0.6252977230594577,2,25,vax_eff_0.2,vax_eff,0.2
57,A,0.1880709281488757,0.025085535828026792,0.7868435360230976,2,25,vax_eff_0.2,vax_eff,0.2
57,C,0.3210001113797935,0.04441912231883967,0.6345807663013668,2,25,vax_eff_0.2,vax_eff,0.2
58,A,0.18581873896245216,0.022575993104775698,0.7916052679327735,2,25,vax_eff_0.2,vax_eff,0.2
58,C,0.31627221385853715,0.04064511898572785,0.6430826671557339,2,25,vax_eff_0.2,vax_eff,0.2
59,A,0.18380471874863005,0.020304804529316375,0.7958904767220546,2,25,vax_eff_0.2,vax_eff,0.2
59,C,0.3120137377541698,0.03712934051507673,0.6508569217307538,2,25,vax_eff_0.2,vax_eff,0.2
60,A,0.1820046974926486,0.018253362003360345,0.7997419405039915,2,25,vax_eff_0.2,vax_eff,0.2
60,C,0.3081819783603038,0.03386664084946073,0.6579513807902333,2,25,vax_eff_0.2,vax_eff,0.2
61,A,0.1803940415894431,0.016401500509476957,0.8032044579010803,2,25,vax_eff_0.2,vax_eff,0.2
61,C,0.30473244210869466,0.030848399861734543,0.6644191580295712,2,25,vax_eff_0.2,vax_eff,0.2
62,A,0.17895283648768023,0.014731866824817579,0.8063152966875025,2,25,vax_eff_0.2,vax_eff,0.2
62,C,0.3016283013419158,0.028064529110645598,0.6703071695474387,2,25,vax_eff_0.2,vax_eff,0.2
63,A,0.17766317963381106,0.013228128190992602,0.8091086921751963,2,25,vax_eff_0.2,vax_eff,0.2
63,C,0.2988358810605672,0.025503629634164138,0.6756604893052691,2,25,vax_eff_0.2,vax_eff,0.2
64,A,0.1765088587625404,0.011874891148912593,0.8116162500885471,2,25,vax_eff_0.2,vax_eff,0.2
64,C,0.29632424097885857,0.023153393282785404,0.6805223657383552,2,25,vax_eff_0.2,vax_eff,0.2
65,A,0.17547510695601135,0.010657640296393689,0.8138672527475952,2,25,vax_eff_0.2,vax_eff,0.2
65,C,0.2940647541803205,0.021000761018814852,0.684934484800864,2,25,vax_eff_0.2,vax_eff,0.2
66,A,0.17454920058823611,0.009563422979495887,0.8158873764322685,2,25,vax_eff_0.2,vax_eff,0.2
66,C,0.2920323717208356,0.019032799372573947,0.6889348289065906,2,25,vax_eff_0.2,vax_eff,0.2
67,A,0.17371969140552135,0.008580277584394481,0.817700031010085,2,25,vax_eff_0.2,vax_eff,0.2
67,C,0.2902043200093407,0.017236601489538563,0.692559078501121,2,25,vax_eff_0.2,vax_eff,0.2
68,A,0.17297633470434653,0.007697243244252391,0.8193264220514008,2,25,vax_eff_0.2,vax_eff,0.2
68,C,0.2885599973145903,0.015599503932807466,0.6958404987526028,2,25,vax_eff_0.2,vax_eff,0.2
69,A,0.17231037967742632,0.006904764766920744,0.820784855555653,2,25,vax_eff_0.2,vax_eff,0.2
69,C,0.2870816357342395,0.014109808635599857,0.6988085556301601,2,25,vax_eff_0.2,vax_eff,0.2
70,A,0.17171330368267015,0.006193386748772854,0.8220933095685578,2,25,vax_eff_0.2,vax_eff,0.2
70,C,0.285751796136745,0.012755398613166482,0.7014928052500871,2,25,vax_eff_0.2,vax_eff,0.2
71,A,0.17117798069861478,0.005555071915823552,0.8232669473855619,2,25,vax_eff_0.2,vax_eff,0.2
71,C,0.2845557535042835,0.011525426572833099,0.7039188199228822,2,25,vax_eff_0.2,vax_eff,0.2
72,A,0.17069803885867652,0.004982528880394828,0.8243194322609277,2,25,vax_eff_0.2,vax_eff,0.2
72,C,0.28348023113364457,0.010409605192277445,0.7061101636740769,2,25,vax_eff_0.2,vax_eff,0.2
73,A,0.1702676405695624,0.004469023745872124,0.8252633356845659,2,25,vax_eff_0.2,vax_eff,0.2
73,C,0.2825130068306502,0.00939817693171682,0.708088816237634,2,25,vax_eff_0.2,vax_eff,0.2
74,A,0.16988157831157083,0.004008491084862954,0.8261099306035655,2,25,vax_eff_0.2,vax_eff,0.2
74,C,0.28164310339416687,0.008482049461411387,0.7098748471444231,2,25,vax_eff_0.2,vax_eff,0.2
75,A,0.16953522063790638,0.0035954900681671254,0.8268692892939266,2,25,vax_eff_0.2,vax_eff,0.2
75,C,0.28086069258628266,0.007652799332132067,0.7114865080815862,2,25,vax_eff_0.2,vax_eff,0.2
76,A,0.16922436084256545,0.0032250505572821823,0.8275505886001518,2,25,vax_eff_0.2,vax_eff,0.2
76,C,0.2801568026408938,0.006902547256778171,0.7129406501023298,2,25,vax_eff_0.2,vax_eff,0.2
77,A,0.1689453203917515,0.0028927962649905824,0.8281618833432579,2,25,vax_eff_0.2,vax_eff,0.2
77,C,0.27952353238580385,0.006224129908992776,0.7142523377052042,2,25,vax_eff_0.2,vax_eff,0.2
78,A,0.16869488718630557,0.0025948815706220347,0.8287102312430725,2,25,vax_eff_0.2,vax_eff,0.2
78,C,0.27895393701633747,0.005611061278163103,0.7154350017054991,2,25,vax_eff_0.2,vax_eff,0.2
79,A,0.16847013972934813,0.0023278002515562985,0.8292020600190949,2,25,vax_eff_0.2,vax_eff,0.2
79,C,0.2784416832674952,0.005057342545569605,0.7165009741869339,2,25,vax_eff_0.2,vax_eff,0.2
80,A,0.16826841267029918,0.0020883493146657836,0.8296432380150353,2,25,vax_eff_0.2,vax_eff,0.2
80,C,0.27798097783660586,0.004557423870086008,0.7174615982933084,2,25,vax_eff_0.2,vax_eff,0.2
81,A,0.1680873114551326,0.0018736457750669411,0.8300390427698001,2,25,vax_eff_0.2,vax_eff,0.2
81,C,0.2775665939172854,0.004106222071495929,0.7183271840112195,2,25,vax_eff_0.2,vax_eff,0.2
82,A,0.1679247045976402,0.001681118133675365,0.830394177268685,2,25,vax_eff_0.2,vax_eff,0.2
82,C,0.2771938561706475,0.003699113944090423,0.7191070298852602,2,25,vax_eff_0.2,vax_eff,0.2
83,A,0.16777869221728509,0.0015084711218490447,0.8307128366608658,2,25,vax_eff_0.2,vax_eff,0.2
83,C,0.2768585794079729,0.0033319002324716834,0.7198095203595556,2,25,vax_eff_0.2,vax_eff,0.2
84,A,0.1676475726103413,0.0013536477677182999,0.8309987796219398,2,25,vax_eff_0.2,vax_eff,0.2
84,C,0.276557002101786,0.0030007631629734395,0.720442234735241,2,25,vax_eff_0.2,vax_eff,0.2
85,A,0.16752981789055027,0.0012148011651094907,0.8312553809443405,2,25,vax_eff_0.2,vax_eff,0.2
85,C,0.2762857365412353,0.002702231295403776,0.7210120321633615,2,25,vax_eff_0.2,vax_eff,0.2
86,A,0.167424056842015,0.0010902741566606784,0.8314856690013245,2,25,vax_eff_0.2,vax_eff,0.2
86,C,0.276041732934009,0.002433151689384799,0.721525115376607,2,25,vax_eff_0.2,vax_eff,0.2
87,A,0.16732906016885202,9.785817336856442e-4,0.8316923580974628,2,25,vax_eff_0.2,vax_eff,0.2
87,C,0.27582224853928883,0.0021906649562543398,0.7219870865044579,2,25,vax_eff_0.2,vax_eff,0.2
88,A,0.16724372611302096,8.783938656840694e-4,0.8318778800212938,2,25,vax_eff_0.2,vax_eff,0.2
88,C,0.27562481776162734,0.001972180835345811,0.7224030014030278,2,25,vax_eff_0.2,vax_eff,0.2
89,A,0.16716706681967383,7.88519130074189e-4,0.8320444140502522,2,25,vax_eff_0.2,vax_eff,0.2
89,C,0.2754472237047119,0.0017753544681212042,0.7227774218271665,2,25,vax_eff_0.2,vax_eff,0.2
90,A,0.1670981961467303,7.078899619774423e-4,0.8321939138912922,2,25,vax_eff_0.2,vax_eff,0.2
90,C,0.27528747249796626,0.001598064221608475,0.7231144632804244,2,25,vax_eff_0.2,vax_eff,0.2
91,A,0.1670363190144627,6.355497027661476e-4,0.8323281312827703,2,25,vax_eff_0.2,vax_eff,0.2
91,C,0.27514377067224527,0.0014383914308817108,0.7234178378968723,2,25,vax_eff_0.2,vax_eff,0.2
92,A,0.16698072194918775,5.706410893706954e-4,0.8324486369614412,2,25,vax_eff_0.2,vax_eff,0.2
92,C,0.27501450495509866,0.0012946018769531141,0.7236908931679477,2,25,vax_eff_0.2,vax_eff,0.2
93,A,0.16693076477589827,5.123960527045867e-4,0.8325568391713969,2,25,vax_eff_0.2,vax_eff,0.2
93,C,0.27489822444641665,0.0011651289406753298,0.7239366466129098,2,25,vax_eff_0.2,vax_eff,0.2
94,A,0.16688587307774616,4.6012645899158963e-4,0.832654000463262,2,25,vax_eff_0.2,vax_eff,0.2
94,C,0.2747936243835975,0.0010485580707704546,0.7241578175456327,2,25,vax_eff_0.2,vax_eff,0.2
95,A,0.16684553126034596,4.1321564961414067e-4,0.8327412530900407,2,25,vax_eff_0.2,vax_eff,0.2
95,C,0.27469953115070955,9.436124075735794e-4,0.7243568564417182,2,25,vax_eff_0.2,vax_eff,0.2
96,A,0.16680927647028285,3.71110975927341e-4,0.8328196125537893,2,25,vax_eff_0.2,vax_eff,0.2
96,C,0.27461488906597087,8.491397623491988e-4,0.7245359711716798,2,25,vax_eff_0.2,vax_eff,0.2
97,A,0.16677669317201912,3.333171336150565e-4,0.8328899896943653,2,25,vax_eff_0.2,vax_eff,0.2
97,C,0.2745387485451068,7.641007716102451e-4,0.7246971506832838,2,25,vax_eff_0.2,vax_eff,0.2
98,A,0.16674740829017937,2.993901934866824e-4,0.8329532015163333,2,25,vax_eff_0.2,vax_eff,0.2
98,C,0.274470255458658,6.875581199220274e-4,0.7248421864214208,2,25,vax_eff_0.2,vax_eff,0.2
99,A,0.1667210868444175,2.689322449704178e-4,0.8330099809106123,2,25,vax_eff_0.2,vax_eff,0.2
99,C,0.27440864153695066,6.186667344718509e-4,0.724972691728578,2,25,vax_eff_0.2,vax_eff,0.2
100,A,0.16669742803076767,2.4158659346671554e-4,0.8330609853757656,2,25,vax_eff_0.2,vax_eff,0.2
100,C,0.27435321572759663,5.566648756220554e-4,0.7250901193967807,2,25,vax_eff_0.2,vax_eff,0.2
101,A,0.16667616204000088,2.1703386452073378e-4,0.8331068040954773,2,25,vax_eff_0.2,vax_eff,0.2
101,C,0.274303357154274,5.008668143977841e-4,0.7251957760313271,2,25,vax_eff_0.2,vax_eff,0.2
102,A,0.1666570463844466,1.9498750768502646e-4,0.8331479661078689,2,25,vax_eff_0.2,vax_eff,0.2
102,C,0.27425850696902776,4.5065430239413695e-4,0.7252908387285775,2,25,vax_eff_0.2,vax_eff,0.2
103,A,0.16663986271776207,1.7518991225695316e-4,0.8331849473699808,2,25,vax_eff_0.2,vax_eff,0.2
103,C,0.27421816127186527,4.0546910711790774e-4,0.7253763696210175,2,25,vax_eff_0.2,vax_eff,0.2
104,A,0.16662441487846769,1.57410031936262e-4,0.8332181750895971,2,25,vax_eff_0.2,vax_eff,0.2
104,C,0.27418186671561784,3.648083058848283e-4,0.7254533249784968,2,25,vax_eff_0.2,vax_eff,0.2
105,A,0.16661052707470692,1.4144117832135043e-4,0.8332480317469712,2,25,vax_eff_0.2,vax_eff,0.2
105,C,0.27414921642878337,3.282199003700821e-4,0.7255225636708474,2,25,vax_eff_0.2,vax_eff,0.2
106,A,0.16659804160561253,1.2709824445149417e-4,0.8332748601499366,2,25,vax_eff_0.2,vax_eff,0.2
106,C,0.2741198449171419,2.952973686886465e-4,0.7255848577141693,2,25,vax_eff_0.2,vax_eff,0.2
107,A,0.1665868166566315,1.1421502400544171e-4,0.833298968319363,2,25,vax_eff_0.2,vax_eff,0.2
107,C,0.274093423118686,2.656743671460755e-4,0.7256409025141689,2,25,vax_eff_0.2,vax_eff,0.2
108,A,0.1665767246337556,1.026421977475111e-4,0.833320633168496,2,25,vax_eff_0.2,vax_eff,0.2
108,C,0.27406965463860394,2.3902065016162416e-4,0.7256913247112348,2,25,vax_eff_0.2,vax_eff,0.2
109,A,0.16656765088442146,9.224579534878875e-5,0.8333401033202287,2,25,vax_eff_0.2,vax_eff,0.2
109,C,0.2740482728395696,2.1503888300772051e-4,0.7257366882774239,2,25,vax_eff_0.2,vax_eff,0.2
110,A,0.16655949247156412,8.290571955008226e-5,0.8333576018088854,2,25,vax_eff_0.2,vax_eff,0.2
110,C,0.2740290380573606,1.9346159598101456e-4,0.7257775003466594,2,25,vax_eff_0.2,vax_eff,0.2
111,A,0.16655215692892225,7.451424579024228e-5,0.8333733288252879,2,25,vax_eff_0.2,vax_eff,0.2
111,C,0.27401173477962404,1.74048108730096e-4,0.7258142171116456,2,25,vax_eff_0.2,vax_eff,0.2
112,A,0.16654556112778482,6.697465972384104e-5,0.8333874642124905,2,25,vax_eff_0.2,vax_eff,0.2
112,C,0.27399616907050706,1.5658171456499106e-4,0.7258472492149274,2,25,vax_eff_0.2,vax_eff,0.2
113,A,0.16653963032796107,6.020012174763241e-5,0.8334001695502908,2,25,vax_eff_0.2,vax_eff,0.2
113,C,0.27398216640255485,1.4086729417958028e-4,0.7258769663032654,2,25,vax_eff_0.2,vax_eff,0.2
114,A,0.16653429736021458,5.411269182472517e-5,0.8334115899479616,2,25,vax_eff_0.2,vax_eff,0.2
114,C,0.2739695697831348,1.267292453539918e-4,0.7259037009715129,2,25,vax_eff_0.2,vax_eff,0.2
115,A,0.166529501871472,4.864242949923598e-5,0.8334218556990285,2,25,vax_eff_0.2,vax_eff,0.2
115,C,0.2739582380250897,1.140095725584702e-4,0.7259277524023529,2,25,vax_eff_0.2,vax_eff,0.2
116,A,0.16652518962056267,4.3726554617939005e-5,0.8334310838248197,2,25,vax_eff_0.2,vax_eff,0.2
116,C,0.273948044133062,1.025661050046053e-4,0.7259493897619337,2,25,vax_eff_0.2,vax_eff,0.2
117,A,0.1665213118454682,3.930869505683242e-5,0.8334393794594745,2,25,vax_eff_0.2,vax_eff,0.2
117,C,0.27393887385050786,9.227088905651146e-5,0.7259688552604362,2,25,vax_eff_0.2,vax_eff,0.2
118,A,0.1665178247087239,3.533822950324675e-5,0.8334468370617722,2,25,vax_eff_0.2,vax_eff,0.2
118,C,0.273930624382302,8.300877065604793e-5,0.7259863668470428,2,25,vax_eff_0.2,vax_eff,0.2
119,A,0.1665146888050852,3.176970538048699e-5,0.8334535414895351,2,25,vax_eff_0.2,vax_eff,0.2
119,C,0.27392320325865327,7.46761323096413e-5,0.7260021206090368,2,25,vax_eff_0.2,vax_eff,0.2
120,A,0.16651186871461376,2.8562311057720423e-5,0.8334595689743282,2,25,vax_eff_0.2,vax_eff,0.2
120,C,0.2739165273032236,6.71797455675949e-5,0.7260162929512088,2,25,vax_eff_0.2,vax_eff,0.2
121,A,0.1665093325962972,2.5679396491605037e-5,0.8334649880072122,2,25,vax_eff_0.2,vax_eff,0.2
121,C,0.2739105216941004,6.043572642781375e-5,0.7260290425794718,2,25,vax_eff_0.2,vax_eff,0.2
122,A,0.16650705182337744,2.3088043925347493e-5,0.8334698601326975,2,25,vax_eff_0.2,vax_eff,0.2
122,C,0.2739051191197759,5.436859535072197e-5,0.7260405122848722,2,25,vax_eff_0.2,vax_eff,0.2
123,A,0.16650500065843912,2.075868628257969e-5,0.8334742406552783,2,25,vax_eff_0.2,vax_eff,0.2
123,C,0.27390025902576853,4.891043705285517e-5,0.7260508305371784,2,25,vax_eff_0.2,vax_eff,0.2
124,A,0.16650315596240142,1.8664766004973e-5,0.8334781792715935,2,25,vax_eff_0.2,vax_eff,0.2
124,C,0.2738958869389801,4.400014634880054e-5,0.7260601129146727,2,25,vax_eff_0.2,vax_eff,0.2
125,A,0.1665014969320147,1.6782427709515848e-5,0.8334817206402745,2,25,vax_eff_0.2,vax_eff,0.2
125,C,0.27389195385774406,3.958274706351958e-5,0.7260684633951935,2,25,vax_eff_0.2,vax_eff,0.2
126,A,0.16650000486310013,1.5090241348202279e-5,0.8334849048955516,2,25,vax_eff_0.2,vax_eff,0.2
126,C,0.27388841570116934,3.560877690980421e-5,0.7260759755219196,2,25,vax_eff_0.2,vax_eff,0.2
127,A,0.16649866293795063,1.3568954044859572e-5,0.8334877681080047,2,25,vax_eff_0.2,vax_eff,0.2
127,C,0.273885232814097,3.203373413298306e-5,0.7260827334517685,2,25,vax_eff_0.2,vax_eff,0.2
128,A,0.16649745603481675,1.2201268089240839e-5,0.8334903426970944,2,25,vax_eff_0.2,vax_eff,0.2
128,C,0.2738823695229248,2.8817580674073683e-5,0.7260888128964018,2,25,vax_eff_0.2,vax_eff,0.2
129,A,0.16649637055682634,1.0971641873866421e-5,0.8334926578013004,2,25,vax_eff_0.2,vax_eff,0.2
129,C,0.2738797937363441,2.592429537248505e-5,0.7260942819682841,2,25,vax_eff_0.2,vax_eff,0.2
130,A,0.16649539427800927,9.866110960435312e-6,0.8334947396110317,2,25,vax_eff_0.2,vax_eff,0.2
130,C,0.27387747658572303,2.3321471403923207e-5,0.7260992019428729,2,25,vax_eff_0.2,vax_eff,0.2
131,A,0.16649451620475317,8.872127279490052e-6,0.8334966116679684,2,25,vax_eff_0.2,vax_eff,0.2
131,C,0.27387539210123996,2.0979953642116498e-5,0.726103627945119,2,25,vax_eff_0.2,vax_eff,0.2
132,A,0.16649372645132388,7.978414855497676e-6,0.8334982951338199,2,25,vax_eff_0.2,vax_eff,0.2
132,C,0.27387351692064044,1.8873512422220738e-5,0.7261076095669385,2,25,vax_eff_0.2,vax_eff,0.2
133,A,0.16649301612808545,7.174840420845101e-6,0.8334998090314937,2,25,vax_eff_0.2,vax_eff,0.2
133,C,0.2738718300274633,1.6978550212155357e-5,0.7261111914223252,2,25,vax_eff_0.2,vax_eff,0.2
134,A,0.1664923772410361,6.452297276694865e-6,0.8335011704616866,2,25,vax_eff_0.2,vax_eff,0.2
134,C,0.27387031251559174,1.527383771946847e-5,0.7261144136466896,2,25,vax_eff_0.2,vax_eff,0.2
135,A,0.166491802601462,5.802600958336367e-6,0.8335023947975789,2,25,vax_eff_0.2,vax_eff,0.2
135,C,0.2738689473773584,1.3740276339175042e-5,0.7261173123463024,2,25,vax_eff_0.2,vax_eff,0.2
136,A,0.16649128574468883,5.218395517172562e-6,0.8335034958597939,2,25,vax_eff_0.2,vax_eff,0.2
136,C,0.2738677193128642,1.23606843461166e-5,0.726119920002791,2,25,vax_eff_0.2,vax_eff,0.2
137,A,0.1664908208570577,4.693069379748409e-6,0.8335044860735629,2,25,vax_eff_0.2,vax_eff,0.2
137,C,0.2738666145584656,1.1119604545132414e-5,0.7261222658369894,2,25,vax_eff_0.2,vax_eff,0.2
138,A,0.16649040271029458,4.22067980983931e-6,0.8335053766098954,2,25,vax_eff_0.2,vax_eff,0.2
138,C,0.27386562073253434,1.0003131250574515e-5,0.7261243761362158,2,25,vax_eff_0.2,vax_eff,0.2
139,A,0.1664900266025136,3.795885068950255e-6,0.8335061775124176,2,25,vax_eff_0.2,vax_eff,0.2
139,C,0.27386472669670103,8.998754620890892e-6,0.7261262745486766,2,25,vax_eff_0.2,vax_eff,0.2
140,A,0.16648968830516042,3.4138834728713604e-6,0.8335068978113666,2,25,vax_eff_0.2,vax_eff,0.2
140,C,0.2738639224310223,8.09522058401629e-6,0.7261279823483935,2,25,vax_eff_0.2,vax_eff,0.2
141,A,0.16648938401531205,3.0703586446172166e-6,0.8335075456260431,2,25,vax_eff_0.2,vax_eff,0.2
141,C,0.2738631989216606,7.282404800973426e-6,0.726129518673539,2,25,vax_eff_0.2,vax_eff,0.2
142,A,0.1664891103127907,2.76143033984898e-6,0.8335081282568697,2,25,vax_eff_0.2,vax_eff,0.2
142,C,0.27386254805986,6.551199278342594e-6,0.726130900740862,2,25,vax_eff_0.2,vax_eff,0.2
143,A,0.16648886412160716,2.4836102762253936e-6,0.833508652268117,2,25,vax_eff_0.2,vax_eff,0.2
143,C,0.2738619625510677,5.893410364246803e-6,0.7261321440385675,2,25,vax_eff_0.2,vax_eff,0.2
144,A,0.16648864267529567,2.2337624509422154e-6,0.833509123562253,2,25,vax_eff_0.2,vax_eff,0.2
144,C,0.27386143583318207,5.301666978737546e-6,0.7261332624998391,2,25,vax_eff_0.2,vax_eff,0.2
145,A,0.16648844348574102,2.0090674859833282e-6,0.8335095474467727,2,25,vax_eff_0.2,vax_eff,0.2
145,C,0.2738609620030066,4.76933804793826e-6,0.7261342686589463,2,25,vax_eff_0.2,vax_eff,0.2
146,A,0.16648826431514815,1.8069905917863389e-6,0.83350992869426,2,25,vax_eff_0.2,vax_eff,0.2
146,C,0.2738605357500851,4.290458221305183e-6,0.7261351737916943,2,25,vax_eff_0.2,vax_eff,0.2
147,A,0.1664881031508391,1.6252527824246241e-6,0.833510271596379,2,25,vax_eff_0.2,vax_eff,0.2
147,C,0.2738601522971847,3.8596610446074414e-6,0.7261359880417703,2,25,vax_eff_0.2,vax_eff,0.2
148,A,0.16648795818258957,1.4618050111143327e-6,0.8335105800123987,2,25,vax_eff_0.2,vax_eff,0.2
148,C,0.2738598073467567,3.4721188410162938e-6,0.726136720534403,2,25,vax_eff_0.2,vax_eff,0.2
149,A,0.16648782778225193,1.3148049277636492e-6,0.8335108574128206,2,25,vax_eff_0.2,vax_eff,0.2
149,C,0.2738594970327687,3.1234886257821896e-6,0.7261373794786056,2,25,vax_eff_0.2,vax_eff,0.2
150,A,0.16648771048542665,1.1825959913834729e-6,0.8335111069185817,2,25,vax_eff_0.2,vax_eff,0.2
150,C,0.27385921787737766,2.8098634484342716e-6,0.7261379722591721,2,25,vax_eff_0.2,vax_eff,0.2
151,A,0.16648760497498474,1.0636886982545196e-6,0.8335113313363177,2,25,vax_eff_0.2,vax_eff,0.2
151,C,0.2738589667519522,2.5277286184884524e-6,0.726138505519429,2,25,vax_eff_0.2,vax_eff,0.2
152,A,0.166487510066247,9.567437111683945e-7,0.8335115331900416,2,25,vax_eff_0.2,vax_eff,0.2
152,C,0.27385874084200396,2.273922325274705e-6,0.7261389852356696,2,25,vax_eff_0.2,vax_eff,0.2
153,A,0.1664874246936579,8.605566965920453e-7,0.8335117147496468,2,25,vax_eff_0.2,vax_eff,0.2
153,C,0.2738585376156511,2.0456002109827095e-6,0.7261394167841383,2,25,vax_eff_0.2,vax_eff,0.2
154,A,0.16648734789879965,7.740446961366142e-7,0.8335118780565052,2,25,vax_eff_0.2,vax_eff,0.2
154,C,0.2738583547952336,1.840203499870692e-6,0.7261398050012658,2,25,vax_eff_0.2,vax_eff,0.2
155,A,0.16648727881961464,6.96233876545624e-7,0.8335120249465093,2,25,vax_eff_0.2,vax_eff,0.2
155,C,0.2738581903317955,1.6554303265716466e-6,0.7261401542378787,2,25,vax_eff_0.2,vax_eff,0.2
156,A,0.16648721668071237,6.262485184620275e-7,0.8335121570707681,2,25,vax_eff_0.2,vax_eff,0.2
156,C,0.2738580423821131,1.4892099426228245e-6,0.7261404684079436,2,25,vax_eff_0.2,vax_eff,0.2
157,A,0.16648716078465214,5.633011184216405e-7,0.8335122759142292,2,25,vax_eff_0.2,vax_eff,0.2
157,C,0.2738579092880425,1.3396795124434733e-6,0.7261407510324442,2,25,vax_eff_0.2,vax_eff,0.2
158,A,0.16648711050410214,5.066834912216685e-7,0.8335123828124067,2,25,vax_eff_0.2,vax_eff,0.2
158,C,0.2738577895579339,1.205163238832638e-6,0.7261410052788265,2,25,vax_eff_0.2,vax_eff,0.2
159,A,0.16648706527479,4.5575877127045576e-7,0.833512478966438,2,25,vax_eff_0.2,vax_eff,0.2
159,C,0.27385768184991294,1.0841535840904956e-6,0.7261412339965042,2,25,vax_eff_0.2,vax_eff,0.2
160,A,0.16648702458916054,4.099542218648957e-7,0.8335125654566183,2,25,vax_eff_0.2,vax_eff,0.2
160,C,0.27385758495684304,9.752943763934548e-7,0.7261414397487811,2,25,vax_eff_0.2,vax_eff,0.2
161,A,0.16648698799067274,3.6875477061731423e-7,0.8335126432545558,2,25,vax_eff_0.2,vax_eff,0.2
161,C,0.2738574977927961,8.773656122108327e-7,0.7261416248415913,2,25,vax_eff_0.2,vax_eff,0.2
162,A,0.16648695506867067,3.3169719755219855e-7,0.8335127132341328,2,25,vax_eff_0.2,vax_eff,0.2
162,C,0.2738574193808831,7.892697845296622e-7,0.726141791349333,2,25,vax_eff_0.2,vax_eff,0.2
163,A,0.1664869254537689,2.98364909837106e-7,0.8335127761813211,2,25,vax_eff_0.2,vax_eff,0.2
163,C,0.27385734884230145,7.10019583710605e-7,0.7261419411381139,2,25,vax_eff_0.2,vax_eff,0.2
164,A,0.16648689881370543,2.683832438089586e-7,0.833512832803051,2,25,vax_eff_0.2,vax_eff,0.2
164,C,0.27385728538649284,6.387268331648121e-7,0.7261420758866746,2,25,vax_eff_0.2,vax_eff,0.2
165,A,0.16648687484960714,2.414152409810657e-7,0.8335128837351526,2,25,vax_eff_0.2,vax_eff,0.2
165,C,0.2738572283022755,5.745925358854311e-7,0.7261421971051881,2,25,vax_eff_0.2,vax_eff,0.2
166,A,0.1664868532926344,2.171578501254778e-7,0.8335129295495152,2,25,vax_eff_0.2,vax_eff,0.2
166,C,0.27385717694987965,5.168979203188731e-7,0.7261423061522005,2,25,vax_eff_0.2,vax_eff,0.2
167,A,0.16648683390096355,1.9533851237843339e-7,0.8335129707605238,2,25,vax_eff_0.2,vax_eff,0.2
167,C,0.2738571307537725,4.6499638525193434e-7,0.7261424042498422,2,25,vax_eff_0.2,vax_eff,0.2
168,A,0.16648681645706875,1.757120906745428e-7,0.8335130078308406,2,25,vax_eff_0.2,vax_eff,0.2
168,C,0.27385708919621327,4.183062534559625e-7,0.7261424924975343,2,25,vax_eff_0.2,vax_eff,0.2
169,A,0.1664868007652817,1.580581087327368e-7,0.8335130411766108,2,25,vax_eff_0.2,vax_eff,0.2
169,C,0.2738570518114437,3.763042528887619e-7,0.7261425718843019,2,25,vax_eff_0.2,vax_eff,0.2
170,A,0.16648678664959338,1.4217826833852766e-7,0.8335130711721385,2,25,vax_eff_0.2,vax_eff,0.2
170,C,0.2738570181804769,3.3851965240864294e-7,0.7261426432998702,2,25,vax_eff_0.2,vax_eff,0.2
171,A,0.16648677395167952,1.2789421683070012e-7,0.8335130981541036,2,25,vax_eff_0.2,vax_eff,0.2
171,C,0.27385698792639285,3.0452898628942085e-7,0.7261427075446224,2,25,vax_eff_0.2,vax_eff,0.2
172,A,0.1664867625291234,1.1504553954166768e-7,0.8335131224253379,2,25,vax_eff_0.2,vax_eff,0.2
172,C,0.27385696071011834,2.73951308421187e-7,0.7261427653385735,2,25,vax_eff_0.2,vax_eff,0.2
173,A,0.16648675225381487,1.034879544935728e-7,0.8335131442582322,2,25,vax_eff_0.2,vax_eff,0.2
173,C,0.2738569362266282,2.4644392301594663e-7,0.7261428173294497,2,25,vax_eff_0.2,vax_eff,0.2
174,A,0.16648674301051564,9.309168894646978e-8,0.8335131638977944,2,25,vax_eff_0.2,vax_eff,0.2
174,C,0.27385691420152314,2.2169854397533e-7,0.7261428640999338,2,25,vax_eff_0.2,vax_eff,0.2
175,A,0.16648673469556502,8.374001945716221e-8,0.8335131815644156,2,25,vax_eff_0.2,vax_eff,0.2
175,C,0.27385689438795685,1.994378398808154e-7,0.7261429061742027,2,25,vax_eff_0.2,vax_eff,0.2
176,A,0.16648672721571461,7.532795896095785e-8,0.8335131974563266,2,25,vax_eff_0.2,vax_eff,0.2
176,C,0.27385687656387053,1.7941232588997864e-7,0.7261429440238049,2,25,vax_eff_0.2,vax_eff,0.2
177,A,0.16648672048708488,6.776107605350849e-8,0.8335132117518382,2,25,vax_eff_0.2,vax_eff,0.2
177,C,0.27385686052949887,1.6139756770800153e-7,0.7261429780729347,2,25,vax_eff_0.2,vax_eff,0.2
178,A,0.1664867144342222,6.09544331464624e-8,0.83351322461134425,2,25,vax_eff_0.2,vax_eff,0.2
178,C,0.2738568461051368,1.4519166630016058e-7,0.726143008703196,2,25,vax_eff_0.2,vax_eff,0.2
179,A,0.16648670898925097,5.483163007087544e-8,0.8335132361791198,2,25,vax_eff_0.2,vax_eff,0.2
179,C,0.27385683312912185,1.3061299167114536e-7,0.726143036257888,2,25,vax_eff_0.2,vax_eff,0.2
180,A,0.16648670409107186,4.932389952375332e-8,0.8335132465850286,2,25,vax_eff_0.2,vax_eff,0.2
180,C,0.2738568214559218,1.1749803909155793e-7,0.7261430610460404,2,25,vax_eff_0.2,vax_eff,0.2
181,A,0.16648669968475227,4.436941916428406e-8,0.8335132559458293,2,25,vax_eff_0.2,vax_eff,0.2
181,C,0.27385681095468606,1.0569979811305155e-7,0.7261430833455164,2,25,vax_eff_0.2,vax_eff,0.2
182,A,0.1664866957209235,3.991263343572012e-8,0.8335132643664431,2,25,vax_eff_0.2,vax_eff,0.2
182,C,0.2738568015078148,9.508614430132559e-8,0.7261431034060412,2,25,vax_eff_0.2,vax_eff,0.2
183,A,0.16648669215517792,3.590357213935514e-8,0.833513271941251,2,25,vax_eff_0.2,vax_eff,0.2
183,C,0.27385679300951943,8.553822310301641e-8,0.726143121452257,2,25,vax_eff_0.2,vax_eff,0.2
184,A,0.16648668894770405,3.2297441078361234e-8,0.8335132787548556,2,25,vax_eff_0.2,vax_eff,0.2
184,C,0.27385678536495883,7.694947964851102e-8,0.7261431376855622,2,25,vax_eff_0.2,vax_eff,0.2
185,A,0.1664866860627933,2.9054064858308485e-8,0.833513284883142,2,25,vax_eff_0.2,vax_eff,0.2
185,C,0.2738567784890603,6.922433580506363e-8,0.7261431522866035,2,25,vax_eff_0.2,vax_eff,0.2
186,A,0.16648668346786746,2.6136791272075665e-8,0.8335132903953403,2,25,vax_eff_0.2,vax_eff,0.2
186,C,0.2738567723042081,6.227558815705106e-8,0.7261431654202037,2,25,vax_eff_0.2,vax_eff,0.2
187,A,0.16648668113357848,2.3512604815985057e-8,0.8335132953538166,2,25,vax_eff_0.2,vax_eff,0.2
187,C,0.27385676674047915,5.602467851456109e-8,0.7261431772348421,2,25,vax_eff_0.2,vax_eff,0.2
188,A,0.16648667902978528,2.1147600166552032e-8,0.8335132998226148,2,25,vax_eff_0.2,vax_eff,0.2
188,C,0.2738567617260597,5.03909228360573e-8,0.726143187883019,2,25,vax_eff_0.2,vax_eff,0.2
189,A,0.16648667713477758,1.901735673218846e-8,0.8335133038478658,2,25,vax_eff_0.2,vax_eff,0.2
189,C,0.2738567572092174,4.5316201504666486e-8,0.7261431974745809,2,25,vax_eff_0.2,vax_eff,0.2
190,A,0.16648667542860587,1.7099437247507772e-8,0.8335133074719575,2,25,vax_eff_0.2,vax_eff,0.2
190,C,0.2738567531424205,4.074710898898298e-8,0.7261432061104723,2,25,vax_eff_0.2,vax_eff,0.2
191,A,0.1664866739726414,1.5462834568497714e-8,0.8335133105645234,2,25,vax_eff_0.2,vax_eff,0.2
191,C,0.2738567496719428,3.684798854145834e-8,0.7261432134800685,2,25,vax_eff_0.2,vax_eff,0.2
192,A,0.1664866726560145,1.3982884866578687e-8,0.8335133133611011,2,25,vax_eff_0.2,vax_eff,0.2
192,C,0.2738567465335584,3.332197764729514e-8,0.7261432201444654,2,25,vax_eff_0.2,vax_eff,0.2
193,A,0.16648667146538906,1.2644591962790214e-8,0.8335133158900201,2,25,vax_eff_0.2,vax_eff,0.2
193,C,0.2738567436954878,3.0133373207411613e-8,0.7261432261711382,2,25,vax_eff_0.2,vax_eff,0.2
194,A,0.16648667038870626,1.1434395453401818e-8,0.8335133181768978,2,25,vax_eff_0.2,vax_eff,0.2
194,C,0.27385674112899466,2.7249888576193606e-8,0.7261432316211156,2,25,vax_eff_0.2,vax_eff,0.2
195,A,0.16648666941506182,1.034003321701352e-8,0.8335133202449049,2,25,vax_eff_0.2,vax_eff,0.2
195,C,0.2738567388080919,2.46423266362204e-8,0.7261432365495822,2,25,vax_eff_0.2,vax_eff,0.2
196,A,0.16648666853459448,9.3504170920596e-9,0.8335133221149879,2,25,vax_eff_0.2,vax_eff,0.2
196,C,0.2738567367092771,2.2284284159818032e-8,0.7261432410064387,2,25,vax_eff_0.2,vax_eff,0.2
197,A,0.16648666773838697,8.455520462493585e-9,0.8335133238060917,2,25,vax_eff_0.2,vax_eff,0.2
197,C,0.2738567348113001,2.0151884460347127e-8,0.7261432450368162,2,25,vax_eff_0.2,vax_eff,0.2
198,A,0.16648666701837567,7.646276610619656e-9,0.833513325335348,2,25,vax_eff_0.2,vax_eff,0.2
198,C,0.27385673309494146,1.8223535626178773e-8,0.7261432486815217,2,25,vax_eff_0.2,vax_eff,0.2
199,A,0.16648666636726803,6.9144868054236235e-9,0.833513326718245,2,25,vax_eff_0.2,vax_eff,0.2
199,C,0.2738567315428232,1.6479711889351127e-8,0.7261432519774652,2,25,vax_eff_0.2,vax_eff,0.2
200,A,0.16648666577847032,6.2527371936505265e-9,0.833513327968793,2,25,vax_eff_0.2,vax_eff,0.2
200,C,0.2738567301392283,1.490275591514455e-8,0.7261432549580163,2,25,vax_eff_0.2,vax_eff,0.2
201,A,0.16648666524601904,5.654323650282928e-9,0.8335133290996565,2,25,vax_eff_0.2,vax_eff,0.2
201,C,0.273856728869943,1.3476700010651022e-8,0.7261432576533546,2,25,vax_eff_0.2,vax_eff,0.2
202,A,0.16648666476452217,5.113183825906823e-9,0.8335133301222931,2,25,vax_eff_0.2,vax_eff,0.2
202,C,0.2738567277221183,1.2187104441974189e-8,0.7261432600907763,2,25,vax_eff_0.2,vax_eff,0.2
203,A,0.16648666432910325,4.623835701531398e-9,0.8335133310470605,2,25,vax_eff_0.2,vax_eff,0.2
203,C,0.27385672668412964,1.1020911222931162e-8,0.7261432622949595,2,25,vax_eff_0.2,vax_eff,0.2
204,A,0.16648666393535258,4.181322027501403e-9,0.8335133318833257,2,25,vax_eff_0.2,vax_eff,0.2
204,C,0.2738567257454666,9.966311894784421e-9,0.7261432642882217,2,25,vax_eff_0.2,vax_eff,0.2
205,A,0.16648666357928224,3.7811600828766605e-9,0.8335133326395573,2,25,vax_eff_0.2,vax_eff,0.2
205,C,0.2738567248966244,9.01262795819727e-9,0.7261432660907469,2,25,vax_eff_0.2,vax_eff,0.2
206,A,0.166486663257287,3.4192962456626524e-9,0.833513333323416,2,25,vax_eff_0.2,vax_eff,0.2
206,C,0.2738567241290098,8.150202746717396e-9,0.7261432677207882,2,25,vax_eff_0.2,vax_eff,0.2
207,A,0.16648666296610531,3.092064913106228e-9,0.8335133339418309,2,25,vax_eff_0.2,vax_eff,0.2
207,C,0.27385672343484746,7.370303646944399e-9,0.726143269194848,2,25,vax_eff_0.2,vax_eff,0.2
208,A,0.16648666270278858,2.79615135542074e-9,0.8335133345010608,2,25,vax_eff_0.2,vax_eff,0.2
208,C,0.273856722807111,6.665033675303388e-9,0.7261432705278554,2,25,vax_eff_0.2,vax_eff,0.2
209,A,0.16648666246467042,2.528558126221869e-9,0.8335133350067718,2,25,vax_eff_0.2,vax_eff,0.2
209,C,0.2738567222394423,6.027251516086599e-9,0.7261432717333045,2,25,vax_eff_0.2,vax_eff,0.2
210,A,0.16648666224933878,2.286574689046841e-9,0.8335133354640867,2,25,vax_eff_0.2,vax_eff,0.2
210,C,0.2738567217260954,5.450499211100924e-9,0.7261432728234053,2,25,vax_eff_0.2,vax_eff,0.2
211,A,0.16648666205461324,2.0677499522669104e-9,0.8335133358776359,2,25,vax_eff_0.2,vax_eff,0.2
211,C,0.2738567212618703,4.928936765134155e-9,0.7261432738091932,2,25,vax_eff_0.2,vax_eff,0.2
212,A,0.1664866618785226,1.8698674322937853e-9,0.8335133362516098,2,25,vax_eff_0.2,vax_eff,0.2
212,C,0.27385672084206775,4.457283023373462e-9,0.7261432747006497,2,25,vax_eff_0.2,vax_eff,0.2
213,A,0.16648666171928264,1.6909227966264415e-9,0.8335133365897955,2,25,vax_eff_0.2,vax_eff,0.2
213,C,0.27385672046243614,4.030762185415452e-9,0.7261432755068017,2,25,vax_eff_0.2,vax_eff,0.2
214,A,0.1664866615752812,1.529103555613875e-9,0.8335133368956157,2,25,vax_eff_0.2,vax_eff,0.2
214,C,0.2738567201191318,3.6450554501576243e-9,0.7261432762358134,2,25,vax_eff_0.2,vax_eff,0.2
215,A,0.16648666144505997,1.3827706986874908e-9,0.8335133371721695,2,25,vax_eff_0.2,vax_eff,0.2
215,C,0.273856719808678,3.2962572856939166e-9,0.7261432768950639,2,25,vax_eff_0.2,vax_eff,0.2
216,A,0.1664866613272998,1.2504420886903575e-9,0.8335133374222582,2,25,vax_eff_0.2,vax_eff,0.2
216,C,0.2738567195279325,2.980835883299645e-9,0.7261432774912308,2,25,vax_eff_0.2,vax_eff,0.2
217,A,0.16648666122080913,1.1307774459148806e-9,0.8335133376484132,2,25,vax_eff_0.2,vax_eff,0.2
217,C,0.27385671927405153,2.695597395600044e-9,0.7261432780303506,2,25,vax_eff_0.2,vax_eff,0.2
218,A,0.16648666112450888,1.02256476963661e-9,0.8335133378529264,2,25,vax_eff_0.2,vax_eff,0.2
218,C,0.27385671904446435,2.4376535968118834e-9,0.726143278517881,2,25,vax_eff_0.2,vax_eff,0.2
219,A,0.16648666103742407,9.247080595094108e-10,0.8335133380378682,2,25,vax_eff_0.2,vax_eff,0.2
219,C,0.2738567188368465,2.2043926375978367e-9,0.7261432789587593,2,25,vax_eff_0.2,vax_eff,0.2
220,A,0.16648666095867262,8.362162123679974e-10,0.8335133382051116,2,25,vax_eff_0.2,vax_eff,0.2
220,C,0.27385671864909694,1.993452598408313e-9,0.72614327935745,2,25,vax_eff_0.2,vax_eff,0.2
221,A,0.16648666088745703,7.561929819020417e-10,0.8335133383563504,2,25,vax_eff_0.2,vax_eff,0.2
221,C,0.27385671847931226,1.8026975735217993e-9,0.7261432797179909,2,25,vax_eff_0.2,vax_eff,0.2
222,A,0.16648666082305663,6.838278994425687e-10,0.8335133384931148,2,25,vax_eff_0.2,vax_eff,0.2
222,C,0.27385671832577363,1.6301960436196172e-9,0.7261432800440285,2,25,vax_eff_0.2,vax_eff,0.2
223,A,0.1664866607648187,6.183880638457064e-10,0.833513338616793,2,25,vax_eff_0.2,vax_eff,0.2
223,C,0.2738567181869287,1.4742013179037852e-9,0.7261432803388691,2,25,vax_eff_0.2,vax_eff,0.2
224,A,0.16648666071215434,5.592107172697228e-10,0.8335133387286356,2,25,vax_eff_0.2,vax_eff,0.2
224,C,0.27385671806136946,1.333133847722068e-9,0.7261432806054964,2,25,vax_eff_0.2,vax_eff,0.2
225,A,0.16648666066452913,5.05696531608373e-10,0.8335133388297747,2,25,vax_eff_0.2,vax_eff,0.2
225,C,0.27385671794782507,1.2055652326145705e-9,0.7261432808466096,2,25,vax_eff_0.2,vax_eff,0.2
226,A,0.16648666062146122,4.573035375475371e-10,0.8335133389212348,2,25,vax_eff_0.2,vax_eff,0.2
226,C,0.27385671784514554,1.0902037568328746e-9,0.7261432810646493,2,25,vax_eff_0.2,vax_eff,0.2
227,A,0.16648666058251466,4.1354163472618155e-10,0.8335133390039433,2,25,vax_eff_0.2,vax_eff,0.2
227,C,0.27385671775229237,9.85881309879857e-10,0.7261432812618268,2,25,vax_eff_0.2,vax_eff,0.2
228,A,0.16648666054729544,3.7396762737285684e-10,0.8335133390787366,2,25,vax_eff_0.2,vax_eff,0.2
228,C,0.2738567176683236,8.915415586322712e-10,0.7261432814401351,2,25,vax_eff_0.2,vax_eff,0.2
229,A,0.16648666051544606,3.381807351150669e-10,0.8335133391463732,2,25,vax_eff_0.2,vax_eff,0.2
229,C,0.2738567175923898,8.062292512813684e-10,0.7261432816013808,2,25,vax_eff_0.2,vax_eff,0.2
230,A,0.16648666048664446,3.058185334749034e-10,0.8335133392075368,2,25,vax_eff_0.2,vax_eff,0.2
230,C,0.2738567175237225,7.290805447870762e-10,0.7261432817471974,2,25,vax_eff_0.2,vax_eff,0.2
231,A,0.16648666046059904,2.7655328287011264e-10,0.8335133392628475,2,25,vax_eff_0.2,vax_eff,0.2
231,C,0.273856717461626,6.593142585327669e-10,0.7261432818790596,2,25,vax_eff_0.2,vax_eff,0.2
232,A,0.16648666043704613,2.5008860918528e-10,0.8335133393128654,2,25,vax_eff_0.2,vax_eff,0.2
232,C,0.27385671740547146,5.962239624287879e-10,0.7261432819983048,2,25,vax_eff_0.2,vax_eff,0.2
233,A,0.16648666041574697,2.2615650174061026e-10,0.8335133393580971,2,25,vax_eff_0.2,vax_eff,0.2
233,C,0.27385671735468997,5.391708257544575e-10,0.7261432821061384,2,25,vax_eff_0.2,vax_eff,0.2
234,A,0.16648666039648582,2.045145987951178e-10,0.8335133393990002,2,25,vax_eff_0.2,vax_eff,0.2
234,C,0.27385671730876904,4.87577148069817e-10,0.7261432822036551,2,25,vax_eff_0.2,vax_eff,0.2
235,A,0.1664866603790677,1.849437328205183e-10,0.8335133394359873,2,25,vax_eff_0.2,vax_eff,0.2
235,C,0.273856717267241,4.4092050953075394e-10,0.726143282291838,2,25,vax_eff_0.2,vax_eff,0.2
236,A,0.16648666036331713,1.6724571071009514e-10,0.8335133394694378,2,25,vax_eff_0.2,vax_eff,0.2
236,C,0.27385671722968724,3.987284810472512e-10,0.726143282371583,2,25,vax_eff_0.2,vax_eff,0.2
237,A,0.16648666034907308,1.512413064429663e-10,0.8335133394996849,2,25,vax_eff_0.2,vax_eff,0.2
237,C,0.27385671719572724,3.605738406304551e-10,0.7261432824436975,2,25,vax_eff_0.2,vax_eff,0.2
238,A,0.16648666033619208,1.3676844586824094e-10,0.8335133395270391,2,25,vax_eff_0.2,vax_eff,0.2
238,C,0.27385671716501725,3.260702474910376e-10,0.7261432825089128,2,25,vax_eff_0.2,vax_eff,0.2
239,A,0.1664866603245439,1.2368056522017944e-10,0.8335133395517759,2,25,vax_eff_0.2,vax_eff,0.2
239,C,0.27385671713724524,2.948683300862834e-10,0.7261432825678867,2,25,vax_eff_0.2,vax_eff,0.2
240,A,0.16648666031401058,1.1184512673576056e-10,0.8335133395741439,2,25,vax_eff_0.2,vax_eff,0.2
240,C,0.27385671711213094,2.666521485048581e-10,0.7261432826212177,2,25,vax_eff_0.2,vax_eff,0.2
241,A,0.16648666030448495,1.0114227633780068e-10,0.8335133395943726,2,25,vax_eff_0.2,vax_eff,0.2
241,C,0.27385671708942005,2.4113599536860905e-10,0.7261432826694444,2,25,vax_eff_0.2,vax_eff,0.2
242,A,0.16648666029587067,9.14636297861289e-11,0.8335133396126657,2,25,vax_eff_0.2,vax_eff,0.2
242,C,0.2738567170688821,2.1806150285846688e-10,0.7261432827130566,2,25,vax_eff_0.2,vax_eff,0.2
243,A,0.16648666028808085,8.271117500089379e-11,0.8335133396292083,2,25,vax_eff_0.2,vax_eff,0.2
243,C,0.27385671705030945,1.971950265711988e-10,0.7261432827524958,2,25,vax_eff_0.2,vax_eff,0.2
244,A,0.16648666028103656,7.479627943903673e-11,0.8335133396441673,2,25,vax_eff_0.2,vax_eff,0.2
244,C,0.27385671703351416,1.783252797168785e-10,0.7261432827881602,2,25,vax_eff_0.2,vax_eff,0.2
245,A,0.16648666027466652,6.76387924692605e-11,0.8335133396576951,2,25,vax_eff_0.2,vax_eff,0.2
245,C,0.27385671701832676,1.6126119370177554e-10,0.7261432828204137,2,25,vax_eff_0.2,vax_eff,0.2
246,A,0.16648666026890577,6.116623365323139e-11,0.8335133396699292,2,25,vax_eff_0.2,vax_eff,0.2
246,C,0.2738567170045916,1.4582998343368255e-10,0.7261432828495789,2,25,vax_eff_0.2,vax_eff,0.2
247,A,0.16648666026369638,5.531305871103152e-11,0.8335133396809921,2,25,vax_eff_0.2,vax_eff,0.2
247,C,0.2738567169921711,1.3187539775964079e-10,0.7261432828759533,2,25,vax_eff_0.2,vax_eff,0.2
248,A,0.1664866602589851,5.0019995735850654e-11,0.833513339690995,2,25,vax_eff_0.2,vax_eff,0.2
248,C,0.273856716980939,1.1925613732059731e-10,0.7261432828998051,2,25,vax_eff_0.2,vax_eff,0.2
249,A,0.16648666025472506,4.5233444934542594e-11,0.8335133397000423,2,25,vax_eff_0.2,vax_eff,0.2
249,C,0.27385671697078096,1.0784442380275586e-10,0.7261432829213728,2,25,vax_eff_0.2,vax_eff,0.2
250,A,0.1664866602508726,4.090493581419395e-11,0.8335133397082222,2,25,vax_eff_0.2,vax_eff,0.2
250,C,0.2738567169615962,9.752470609835156e-11,0.726143282940878,2,25,vax_eff_0.2,vax_eff,0.2
251,A,0.166486660247389,3.699063634169356e-11,0.8335133397156204,2,25,vax_eff_0.2,vax_eff,0.2
251,C,0.2738567169532904,8.819249019396753e-11,0.7261432829585174,2,25,vax_eff_0.2,vax_eff,0.2
252,A,0.1664866602442384,3.345090897676095e-11,0.8335133397223112,2,25,vax_eff_0.2,vax_eff,0.2
252,C,0.2738567169457785,7.97532813489091e-11,0.7261432829744678,2,25,vax_eff_0.2,vax_eff,0.2
253,A,0.16648666024138942,3.024990934195986e-11,0.833513339728361,2,25,vax_eff_0.2,vax_eff,0.2
253,C,0.27385671693898583,7.212162702921471e-11,0.7261432829888915,2,25,vax_eff_0.2,vax_eff,0.2
254,A,0.1664866602388132,2.735522320731034e-11,0.833513339733832,2,25,vax_eff_0.2,vax_eff,0.2
254,C,0.2738567169328433,6.522025170991219e-11,0.7261432830019354,2,25,vax_eff_0.2,vax_eff,0.2
255,A,0.16648666023648323,2.4737538231335053e-11,0.8335133397387792,2,25,vax_eff_0.2,vax_eff,0.2
255,C,0.2738567169272886,5.897927442125203e-11,0.726143283013733,2,25,vax_eff_0.2,vax_eff,0.2
256,A,0.1664866602343763,2.23703471198247e-11,0.8335133397432529,2,25,vax_eff_0.2,vax_eff,0.2
256,C,0.27385671692226504,5.333550115799213e-11,0.7261432830243991,2,25,vax_eff_0.2,vax_eff,0.2
257,A,0.1664866602324709,2.022967919208035e-11,0.8335133397472992,2,25,vax_eff_0.2,vax_eff,0.2
257,C,0.2738567169177226,4.8231784998580527e-11,0.7261432830340455,2,25,vax_eff_0.2,vax_eff,0.2
258,A,0.16648666023074796,1.829385763596982e-11,0.8335133397509579,2,25,vax_eff_0.2,vax_eff,0.2
258,C,0.27385671691361485,4.361644745502443e-11,0.726143283042769,2,25,vax_eff_0.2,vax_eff,0.2
259,A,0.1664866602291901,1.6543279993330325e-11,0.8335133397542671,2,25,vax_eff_0.2,vax_eff,0.2
259,C,0.2738567169099001,3.944275519423668e-11,0.7261432830506581,2,25,vax_eff_0.2,vax_eff,0.2
260,A,0.16648666022778114,1.4960219652538322e-11,0.8335133397572588,2,25,vax_eff_0.2,vax_eff,0.2
260,C,0.27385671690654045,3.5668446832318987e-11,0.7261432830577914,2,25,vax_eff_0.2,vax_eff,0.2
261,A,0.16648666022650668,1.352864633783838e-11,0.8335133397599638,2,25,vax_eff_0.2,vax_eff,0.2
261,C,0.27385671690350216,3.225530501026545e-11,0.7261432830642411,2,25,vax_eff_0.2,vax_eff,0.2
262,A,0.16648666022535455,1.2234063777429582e-11,0.833513339762411,2,25,vax_eff_0.2,vax_eff,0.2
262,C,0.27385671690075525,2.9168769418072224e-11,0.7261432830700767,2,25,vax_eff_0.2,vax_eff,0.2
263,A,0.16648666022431272,1.1063362906296847e-11,0.833513339764624,2,25,vax_eff_0.2,vax_eff,0.2
263,C,0.27385671689827107,2.637758684886909e-11,0.7261432830753515,2,25,vax_eff_0.2,vax_eff,0.2
264,A,0.16648666022337041,1.000468911711452e-11,0.8335133397666247,2,25,vax_eff_0.2,vax_eff,0.2
264,C,0.2738567168960242,2.385349473964235e-11,0.7261432830801222,2,25,vax_eff_0.2,vax_eff,0.2
265,A,0.16648666022251835,9.047322214827835e-12,0.8335133397684339,2,25,vax_eff_0.2,vax_eff,0.2
265,C,0.27385671689399266,2.157093499419091e-11,0.7261432830844358,2,25,vax_eff_0.2,vax_eff,0.2
266,A,0.16648666022174763,8.181567859180866e-12,0.8335133397700704,2,25,vax_eff_0.2,vax_eff,0.2
266,C,0.27385671689215535,1.950679519058546e-11,0.7261432830883381,2,25,vax_eff_0.2,vax_eff,0.2
267,A,0.16648666022105096,7.398659395807403e-12,0.8335133397715505,2,25,vax_eff_0.2,vax_eff,0.2
267,C,0.2738567168904941,1.764017455268676e-11,0.7261432830918653,2,25,vax_eff_0.2,vax_eff,0.2
268,A,0.16648666022042094,6.690669081714565e-12,0.8335133397728893,2,25,vax_eff_0.2,vax_eff,0.2
268,C,0.2738567168889915,1.5952172316031407e-11,0.726143283095056,2,25,vax_eff_0.2,vax_eff,0.2
269,A,0.166486660219851,6.050427806132489e-12,0.8335133397740989,2,25,vax_eff_0.2,vax_eff,0.2
269,C,0.27385671688763275,1.4425696345149955e-11,0.7261432830979418,2,25,vax_eff_0.2,vax_eff,0.2
270,A,0.16648666021933564,5.47145249374088e-12,0.8335133397751927,2,25,vax_eff_0.2,vax_eff,0.2
270,C,0.2738567168864042,1.3045290064443426e-11,0.72614328310055,2,25,vax_eff_0.2,vax_eff,0.2
271,A,0.16648666021886957,4.947880447293605e-12,0.8335133397761825,2,25,vax_eff_0.2,vax_eff,0.2
271,C,0.2738567168852934,1.1796975952896399e-11,0.7261432831029099,2,25,vax_eff_0.2,vax_eff,0.2
272,A,0.16648666021844824,4.4744100045301715e-12,0.8335133397770783,2,25,vax_eff_0.2,vax_eff,0.2
272,C,0.2738567168842888,1.066811400415847e-11,0.726143283105044,2,25,vax_eff_0.2,vax_eff,0.2
273,A,0.16648666021806724,4.046246828103832e-12,0.8335133397778861,2,25,vax_eff_0.2,vax_eff,0.2
273,C,0.27385671688338,9.647273746277642e-12,0.7261432831069723,2,25,vax_eff_0.2,vax_eff,0.2
274,A,0.16648666021772243,3.659055363564217e-12,0.8335133397786182,2,25,vax_eff_0.2,vax_eff,0.2
274,C,0.2738567168825584,8.724118498503804e-12,0.7261432831087181,2,25,vax_eff_0.2,vax_eff,0.2
275,A,0.166486660217411,3.308914937795937e-12,0.8335133397792808,2,25,vax_eff_0.2,vax_eff,0.2
275,C,0.27385671688181507,7.889300705202544e-12,0.7261432831102959,2,25,vax_eff_0.2,vax_eff,0.2
276,A,0.1664866602171291,2.9922800575537102e-12,0.8335133397798796,2,25,vax_eff_0.2,vax_eff,0.2
276,C,0.2738567168811434,7.134367285696156e-12,0.7261432831117229,2,25,vax_eff_0.2,vax_eff,0.2
277,A,0.16648666021687417,2.7059445072119214e-12,0.8335133397804192,2,25,vax_eff_0.2,vax_eff,0.2
277,C,0.2738567168805353,6.451674041252439e-12,0.7261432831130135,2,25,vax_eff_0.2,vax_eff,0.2
278,A,0.16648666021664393,2.4470088821592585e-12,0.8335133397809094,2,25,vax_eff_0.2,vax_eff,0.2
278,C,0.273856716879986,5.834308252535724e-12,0.7261432831141799,2,25,vax_eff_0.2,vax_eff,0.2
279,A,0.16648666021643505,2.2128512290614084e-12,0.8335133397813508,2,25,vax_eff_0.2,vax_eff,0.2
279,C,0.2738567168794888,5.276018683768532e-12,0.7261432831152345,2,25,vax_eff_0.2,vax_eff,0.2
280,A,0.16648666021624672,2.0011004956785963e-12,0.8335133397817517,2,25,vax_eff_0.2,vax_eff,0.2
280,C,0.2738567168790398,4.771152284849831e-12,0.7261432831161897,2,25,vax_eff_0.2,vax_eff,0.2
281,A,0.16648666021607636,1.8096125213763348e-12,0.8335133397821135,2,25,vax_eff_0.2,vax_eff,0.2
281,C,0.2738567168786335,4.314596950497251e-12,0.7261432831170525,2,25,vax_eff_0.2,vax_eff,0.2
282,A,0.16648666021592237,1.6364483251973343e-12,0.8335133397824418,2,25,vax_eff_0.2,vax_eff,0.2
282,C,0.2738567168782661,3.901729756811895e-12,0.7261432831178329,2,25,vax_eff_0.2,vax_eff,0.2
283,A,0.1664866602157829,1.479854471629393e-12,0.8335133397827368,2,25,vax_eff_0.2,vax_eff,0.2
283,C,0.27385671687793356,3.5283701511269107e-12,0.7261432831185377,2,25,vax_eff_0.2,vax_eff,0.2
284,A,0.1664866602156571,1.3382453152444582e-12,0.8335133397830059,2,25,vax_eff_0.2,vax_eff,0.2
284,C,0.273856716877633,3.1907376211561087e-12,0.726143283119176,2,25,vax_eff_0.2,vax_eff,0.2
285,A,0.16648666021554284,1.2101869444108034e-12,0.8335133397832463,2,25,vax_eff_0.2,vax_eff,0.2
285,C,0.27385671687736113,2.8854134148150906e-12,0.7261432831197537,2,25,vax_eff_0.2,vax_eff,0.2
286,A,0.16648666021543998,1.0943826614863614e-12,0.8335133397834664,2,25,vax_eff_0.2,vax_eff,0.2
286,C,0.27385671687711577,2.609305923102706e-12,0.7261432831202751,2,25,vax_eff_0.2,vax_eff,0.2
287,A,0.16648666021534678,9.896598524605208e-13,0.8335133397836643,2,25,vax_eff_0.2,vax_eff,0.2
287,C,0.2738567168768933,2.3596193755218056e-12,0.7261432831207468,2,25,vax_eff_0.2,vax_eff,0.2
288,A,0.1664866602152623,8.949581130821856e-13,0.8335133397838435,2,25,vax_eff_0.2,vax_eff,0.2
288,C,0.2738567168766926,2.1338255310597792e-12,0.7261432831211745,2,25,vax_eff_0.2,vax_eff,0.2
289,A,0.1664866602151861,8.093185112357242e-13,0.8335133397840051,2,25,vax_eff_0.2,vax_eff,0.2
289,C,0.2738567168765107,1.9296380780814056e-12,0.7261432831215602,2,25,vax_eff_0.2,vax_eff,0.2
290,A,0.1664866602151173,7.318738768327349e-13,0.833513339784151,2,25,vax_eff_0.2,vax_eff,0.2
290,C,0.27385671687634633,1.7449894839161032e-12,0.7261432831219097,2,25,vax_eff_0.2,vax_eff,0.2
291,A,0.16648666021505512,6.618400214077029e-13,0.8335133397842835,2,25,vax_eff_0.2,vax_eff,0.2
291,C,0.27385671687619767,1.5780100578883294e-12,0.7261432831222246,2,25,vax_eff_0.2,vax_eff,0.2
292,A,0.16648666021499856,5.985077958522287e-13,0.8335133397844038,2,25,vax_eff_0.2,vax_eff,0.2
292,C,0.27385671687606367,1.4270090251197126e-12,0.7261432831225099,2,25,vax_eff_0.2,vax_eff,0.2
293,A,0.16648666021494749,5.412359112668565e-13,0.8335133397845116,2,25,vax_eff_0.2,vax_eff,0.2
293,C,0.27385671687594154,1.290457400757241e-12,0.7261432831227674,2,25,vax_eff_0.2,vax_eff,0.2
294,A,0.16648666021490152,4.894444448662384e-13,0.8335133397846093,2,25,vax_eff_0.2,vax_eff,0.2
294,C,0.2738567168758315,1.1669725094768662e-12,0.726143283123001,2,25,vax_eff_0.2,vax_eff,0.2
295,A,0.16648666021485983,4.4260896765554526e-13,0.8335133397846973,2,25,vax_eff_0.2,vax_eff,0.2
295,C,0.27385671687573254,1.0553039852491146e-12,0.726143283123213,2,25,vax_eff_0.2,vax_eff,0.2
296,A,0.16648666021482192,4.00255234117399e-13,0.833513339784777,2,25,vax_eff_0.2,vax_eff,0.2
296,C,0.27385671687564267,9.543211105582902e-13,0.7261432831234031,2,25,vax_eff_0.2,vax_eff,0.2
297,A,0.16648666021478792,3.6195438005583225e-13,0.8335133397848506,2,25,vax_eff_0.2,vax_eff,0.2
297,C,0.2738567168755613,8.630013671417611e-13,0.7261432831235763,2,25,vax_eff_0.2,vax_eff,0.2
298,A,0.16648666021475717,3.2731857997016323e-13,0.8335133397849158,2,25,vax_eff_0.2,vax_eff,0.2
298,C,0.27385671687548774,7.804200823180226e-13,0.7261432831237318,2,25,vax_eff_0.2,vax_eff,0.2
299,A,0.16648666021472894,2.959971199849754e-13,0.8335133397849739,2,25,vax_eff_0.2,vax_eff,0.2
299,C,0.2738567168754211,7.057410660657811e-13,0.7261432831238732,2,25,vax_eff_0.2,vax_eff,0.2
300,A,0.1664866602147041,2.6767284657042274e-13,0.8335133397850288,2,25,vax_eff_0.2,vax_eff,0.2
300,C,0.27385671687536123,6.382081440483219e-13,0.7261432831240012,2,25,vax_eff_0.2,vax_eff,0.2
301,A,0.16648666021468123,2.4205895509240807e-13,0.833513339785077,2,25,vax_eff_0.2,vax_eff,0.2
301,C,0.27385671687530666,5.771375008494396e-13,0.7261432831241161,2,25,vax_eff_0.2,vax_eff,0.2
302,A,0.16648666021466063,2.1889608567338346e-13,0.833513339785121,2,25,vax_eff_0.2,vax_eff,0.2
302,C,0.273856716875258,5.219107558911709e-13,0.7261432831242215,2,25,vax_eff_0.2,vax_eff,0.2
303,A,0.16648666021464212,1.9794969695638188e-13,0.8335133397851614,2,25,vax_eff_0.2,vax_eff,0.2
303,C,0.2738567168752134,4.719687019224039e-13,0.7261432831243153,2,25,vax_eff_0.2,vax_eff,0.2
304,A,0.16648666021462513,1.790076911789973e-13,0.8335133397851957,2,25,vax_eff_0.2,vax_eff,0.2
304,C,0.27385671687517277,4.268056426764698e-13,0.7261432831244,2,25,vax_eff_0.2,vax_eff,0.2
305,A,0.16648666021460978,1.6187826650882635e-13,0.8335133397852279,2,25,vax_eff_0.2,vax_eff,0.2
305,C,0.2738567168751369,3.8596427236272647e-13,0.7261432831244783,2,25,vax_eff_0.2,vax_eff,0.2
306,A,0.16648666021459602,1.463879748931548e-13,0.8335133397852572,2,25,vax_eff_0.2,vax_eff,0.2
306,C,0.2738567168751038,3.4903104514365284e-13,0.7261432831245477,2,25,vax_eff_0.2,vax_eff,0.2
307,A,0.16648666021458366,1.3237996575674302e-13,0.8335133397852842,2,25,vax_eff_0.2,vax_eff,0.2
307,C,0.27385671687507407,3.156319877103235e-13,0.7261432831246105,2,25,vax_eff_0.2,vax_eff,0.2
308,A,0.16648666021457215,1.1971239776346362e-13,0.8335133397853077,2,25,vax_eff_0.2,vax_eff,0.2
308,C,0.27385671687504715,2.854289125558482e-13,0.7261432831246678,2,25,vax_eff_0.2,vax_eff,0.2
309,A,0.16648666021456207,1.0825700255938168e-13,0.8335133397853286,2,25,vax_eff_0.2,vax_eff,0.2
309,C,0.2738567168750229,2.5811599360366383e-13,0.7261432831247193,2,25,vax_eff_0.2,vax_eff,0.2
310,A,0.16648666021455275,9.789778595383485e-14,0.8335133397853487,2,25,vax_eff_0.2,vax_eff,0.2
310,C,0.27385671687500096,2.33416669516664e-13,0.7261432831247662,2,25,vax_eff_0.2,vax_eff,0.2
311,A,0.16648666021454447,8.852985335978748e-14,0.8335133397853671,2,25,vax_eff_0.2,vax_eff,0.2
311,C,0.27385671687498103,2.1108084333215833e-13,0.7261432831248079,2,25,vax_eff_0.2,vax_eff,0.2
312,A,0.16648666021453692,8.005834773795255e-14,0.8335133397853826,2,25,vax_eff_0.2,vax_eff,0.2
312,C,0.27385671687496305,1.908823500619031e-13,0.7261432831248459,2,25,vax_eff_0.2,vax_eff,0.2
313,A,0.16648666021453012,7.239748901150432e-14,0.833513339785398,2,25,vax_eff_0.2,vax_eff,0.2
313,C,0.27385671687494706,1.7261666662536175e-13,0.7261432831248819,2,25,vax_eff_0.2,vax_eff,0.2
314,A,0.16648666021452405,6.546970549931333e-14,0.8335133397854111,2,25,vax_eff_0.2,vax_eff,0.2
314,C,0.2738567168749323,1.560988409177177e-13,0.7261432831249122,2,25,vax_eff_0.2,vax_eff,0.2
315,A,0.1664866602145187,5.92048484470275e-14,0.8335133397854232,2,25,vax_eff_0.2,vax_eff,0.2
315,C,0.27385671687491864,1.411616190475868e-13,0.7261432831249405,2,25,vax_eff_0.2,vax_eff,0.2
316,A,0.1664866602145135,5.353948171723946e-14,0.8335133397854338,2,25,vax_eff_0.2,vax_eff,0.2
316,C,0.2738567168749068,1.2765375178096036e-13,0.7261432831249661,2,25,vax_eff_0.2,vax_eff,0.2
317,A,0.16648666021450903,4.841623945030151e-14,0.8335133397854434,2,25,vax_eff_0.2,vax_eff,0.2
317,C,0.2738567168748957,1.1543846304286848e-13,0.7261432831249883,2,25,vax_eff_0.2,vax_eff,0.2
318,A,0.16648666021450473,4.3783245191551956e-14,0.8335133397854517,2,25,vax_eff_0.2,vax_eff,0.2
318,C,0.273856716874886,1.043920649693317e-13,0.7261432831250098,2,25,vax_eff_0.2,vax_eff,0.2
319,A,0.1664866602145009,3.959358660312276e-14,0.833513339785459,2,25,vax_eff_0.2,vax_eff,0.2
319,C,0.2738567168748768,9.440270548608424e-14,0.7261432831250284,2,25,vax_eff_0.2,vax_eff,0.2
320,A,0.1664866602144975,3.5804840441342435e-14,0.8335133397854664,2,25,vax_eff_0.2,vax_eff,0.2
320,C,0.2738567168748692,8.5369235732484e-14,0.726143283125046,2,25,vax_eff_0.2,vax_eff,0.2
321,A,0.16648666021449438,3.237864298973245e-14,0.8335133397854729,2,25,vax_eff_0.2,vax_eff,0.2
321,C,0.2738567168748623,7.720018586252156e-14,0.7261432831250625,2,25,vax_eff_0.2,vax_eff,0.2
322,A,0.1664866602144915,2.9280301597876776e-14,0.8335133397854793,2,25,vax_eff_0.2,vax_eff,0.2
322,C,0.27385671687485574,6.981283885224361e-14,0.7261432831250763,2,25,vax_eff_0.2,vax_eff,0.2
323,A,0.16648666021448916,2.6478443392674862e-14,0.8335133397854836,2,25,vax_eff_0.2,vax_eff,0.2
323,C,0.2738567168748496,6.313239293527655e-14,0.7261432831250884,2,25,vax_eff_0.2,vax_eff,0.2
324,A,0.16648666021448708,2.3944697604894005e-14,0.8335133397854895,2,25,vax_eff_0.2,vax_eff,0.2
324,C,0.273856716874844,5.709120418555771e-14,0.7261432831250998,2,25,vax_eff_0.2,vax_eff,0.2
325,A,0.16648666021448505,2.165340829431891e-14,0.8335133397854938,2,25,vax_eff_0.2,vax_eff,0.2
325,C,0.2738567168748395,5.162810157792505e-14,0.7261432831251102,2,25,vax_eff_0.2,vax_eff,0.2
326,A,0.1664866602144833,1.9581374564611336e-14,0.8335133397854979,2,25,vax_eff_0.2,vax_eff,0.2
326,C,0.273856716874835,4.6687767591101023e-14,0.7261432831251189,2,25,vax_eff_0.2,vax_eff,0.2
327,A,0.1664866602144814,1.7707615637346425e-14,0.8335133397855006,2,25,vax_eff_0.2,vax_eff,0.2
327,C,0.2738567168748307,4.2220178081268017e-14,0.726143283125127,2,25,vax_eff_0.2,vax_eff,0.2
328,A,0.1664866602144801,1.6013158406414987e-14,0.8335133397855041,2,25,vax_eff_0.2,vax_eff,0.2
328,C,0.2738567168748273,3.818009575458457e-14,0.7261432831251351,2,25,vax_eff_0.2,vax_eff,0.2
329,A,0.16648666021447864,1.448084532161237e-14,0.8335133397855076,2,25,vax_eff_0.2,vax_eff,0.2
329,C,0.2738567168748237,3.4526612109717725e-14,0.7261432831251414,2,25,vax_eff_0.2,vax_eff,0.2
330,A,0.16648666021447725,1.309516065608525e-14,0.8335133397855096,2,25,vax_eff_0.2,vax_eff,0.2
330,C,0.27385671687482094,3.1222733212257395e-14,0.7261432831251482,2,25,vax_eff_0.2,vax_eff,0.2
331,A,0.16648666021447608,1.1842073392731411e-14,0.8335133397855119,2,25,vax_eff_0.2,vax_eff,0.2
331,C,0.2738567168748185,2.8235005136196124e-14,0.7261432831251544,2,25,vax_eff_0.2,vax_eff,0.2
332,A,0.16648666021447503,1.07088951682e-14,0.8335133397855138,2,25,vax_eff_0.2,vax_eff,0.2
332,C,0.27385671687481605,2.5533175130104783e-14,0.7261432831251595,2,25,vax_eff_0.2,vax_eff,0.2
333,A,0.16648666021447422,9.684151775802468e-15,0.8335133397855157,2,25,vax_eff_0.2,vax_eff,0.2
333,C,0.27385671687481367,2.3089885377352562e-14,0.7261432831251636,2,25,vax_eff_0.2,vax_eff,0.2
334,A,0.16648666021447336,8.757466986131733e-15,0.8335133397855176,2,25,vax_eff_0.2,vax_eff,0.2
334,C,0.2738567168748119,2.088039595630851e-14,0.7261432831251682,2,25,vax_eff_0.2,vax_eff,0.2
335,A,0.1664866602144727,7.9194574812781e-15,0.8335133397855189,2,25,vax_eff_0.2,vax_eff,0.2
335,C,0.2738567168748099,1.888233432804105e-14,0.7261432831251715,2,25,vax_eff_0.2,vax_eff,0.2
336,A,0.16648666021447214,7.161637842095211e-15,0.8335133397855206,2,25,vax_eff_0.2,vax_eff,0.2
336,C,0.27385671687480834,1.7075468799591686e-14,0.7261432831251748,2,25,vax_eff_0.2,vax_eff,0.2
337,A,0.16648666021447153,6.476334627341833e-15,0.833513339785522,2,25,vax_eff_0.2,vax_eff,0.2
337,C,0.27385671687480706,1.5441503664727535e-14,0.7261432831251777,2,25,vax_eff_0.2,vax_eff,0.2
338,A,0.16648666021447092,5.856608674686838e-15,0.8335133397855231,2,25,vax_eff_0.2,vax_eff,0.2
338,C,0.27385671687480556,1.3963893947837671e-14,0.7261432831251808,2,25,vax_eff_0.2,vax_eff,0.2
339,A,0.16648666021447056,5.296184836816811e-15,0.833513339785524,2,25,vax_eff_0.2,vax_eff,0.2
339,C,0.2738567168748044,1.2627677875132845e-14,0.7261432831251834,2,25,vax_eff_0.2,vax_eff,0.2
340,A,0.16648666021447014,4.789388441172232e-15,0.8335133397855254,2,25,vax_eff_0.2,vax_eff,0.2
340,C,0.27385671687480334,1.1419325376808815e-14,0.7261432831251855,2,25,vax_eff_0.2,vax_eff,0.2
341,A,0.1664866602144697,4.3310878299202575e-15,0.833513339785526,2,25,vax_eff_0.2,vax_eff,0.2
341,C,0.2738567168748023,1.0326601086157853e-14,0.7261432831251874,2,25,vax_eff_0.2,vax_eff,0.2
342,A,0.16648666021446923,3.916642398338921e-15,0.8335133397855267,2,25,vax_eff_0.2,vax_eff,0.2
342,C,0.2738567168748015,9.338440448403782e-15,0.7261432831251897,2,25,vax_eff_0.2,vax_eff,0.2
343,A,0.16648666021446884,3.541855605463447e-15,0.8335133397855271,2,25,vax_eff_0.2,vax_eff,0.2
343,C,0.27385671687480057,8.4448376847807e-15,0.7261432831251912,2,25,vax_eff_0.2,vax_eff,0.2
344,A,0.1664866602144686,3.2029324811930603e-15,0.833513339785528,2,25,vax_eff_0.2,vax_eff,0.2
344,C,0.2738567168747999,7.636744477417942e-15,0.7261432831251928,2,25,vax_eff_0.2,vax_eff,0.2
345,A,0.16648666021446829,2.8964411995869307e-15,0.8335133397855287,2,25,vax_eff_0.2,vax_eff,0.2
345,C,0.2738567168747992,6.905978349148597e-15,0.7261432831251937,2,25,vax_eff_0.2,vax_eff,0.2
346,A,0.16648666021446806,2.6192783292510307e-15,0.8335133397855292,2,25,vax_eff_0.2,vax_eff,0.2
346,C,0.2738567168747986,6.2451398105267236e-15,0.7261432831251949,2,25,vax_eff_0.2,vax_eff,0.2
347,A,0.16648666021446784,2.368637408950892e-15,0.8335133397855299,2,25,vax_eff_0.2,vax_eff,0.2
347,C,0.2738567168747981,5.647537435112093e-15,0.7261432831251963,2,25,vax_eff_0.2,vax_eff,0.2
348,A,0.16648666021446767,2.1419805302558537e-15,0.8335133397855304,2,25,vax_eff_0.2,vax_eff,0.2
348,C,0.2738567168747978,5.107120104360452e-15,0.7261432831251979,2,25,vax_eff_0.2,vax_eff,0.2
349,A,0.16648666021446742,1.937012639468523e-15,0.8335133397855309,2,25,vax_eff_0.2,vax_eff,0.2
349,C,0.2738567168747973,4.618415736053706e-15,0.7261432831251987,2,25,vax_eff_0.2,vax_eff,0.2
350,A,0.16648666021446723,1.7516582986282692e-15,0.8335133397855314,2,25,vax_eff_0.2,vax_eff,0.2
350,C,0.27385671687479674,4.1764758758553314e-15,0.7261432831251989,2,25,vax_eff_0.2,vax_eff,0.2
351,A,0.16648666021446715,1.5840406713272301e-15,0.8335133397855317,2,25,vax_eff_0.2,vax_eff,0.2
351,C,0.2738567168747964,3.776825594993134e-15,0.7261432831251994,2,25,vax_eff_0.2,vax_eff,0.2
352,A,0.16648666021446695,1.4324625152488475e-15,0.8335133397855317,2,25,vax_eff_0.2,vax_eff,0.2
352,C,0.27385671687479607,3.415418166204276e-15,0.7261432831252003,2,25,vax_eff_0.2,vax_eff,0.2
353,A,0.16648666021446687,1.2953889995540937e-15,0.8335133397855319,2,25,vax_eff_0.2,vax_eff,0.2
353,C,0.2738567168747959,3.088594100185683e-15,0.7261432831252013,2,25,vax_eff_0.2,vax_eff,0.2
354,A,0.1664866602144668,1.1714321628479283e-15,0.8335133397855321,2,25,vax_eff_0.2,vax_eff,0.2
354,C,0.2738567168747954,2.7930440875897915e-15,0.7261432831252015,2,25,vax_eff_0.2,vax_eff,0.2
355,A,0.16648666021446668,1.0593368589750034e-15,0.8335133397855323,2,25,vax_eff_0.2,vax_eff,0.2
355,C,0.2738567168747952,2.5257754895000348e-15,0.7261432831252019,2,25,vax_eff_0.2,vax_eff,0.2
356,A,0.16648666021446665,9.579680478091538e-16,0.8335133397855323,2,25,vax_eff_0.2,vax_eff,0.2
356,C,0.27385671687479507,2.2840820349864334e-15,0.7261432831252022,2,25,vax_eff_0.2,vax_eff,0.2
357,A,0.16648666021446654,8.6629930219925765e-16,0.8335133397855325,2,25,vax_eff_0.2,vax_eff,0.2
357,C,0.2738567168747947,2.0655164183261535e-15,0.7261432831252024,2,25,vax_eff_0.2,vax_eff,0.2
358,A,0.16648666021446645,7.834024146962641e-16,0.8335133397855328,2,25,vax_eff_0.2,vax_eff,0.2
358,C,0.27385671687479457,1.8678655184177566e-15,0.7261432831252026,2,25,vax_eff_0.2,vax_eff,0.2
359,A,0.16648666021446637,7.08437998822218e-16,0.8335133397855328,2,25,vax_eff_0.2,vax_eff,0.2
359,C,0.2738567168747944,1.6891279894693357e-15,0.7261432831252033,2,25,vax_eff_0.2,vax_eff,0.2
360,A,0.1664866602144663,6.406469897126095e-16,0.833513339785533,2,25,vax_eff_0.2,vax_eff,0.2
360,C,0.27385671687479435,1.5274939960514512e-15,0.7261432831252036,2,25,vax_eff_0.2,vax_eff,0.2
361,A,0.16648666021446626,5.793429580700976e-16,0.8335133397855333,2,25,vax_eff_0.2,vax_eff,0.2
361,C,0.2738567168747943,1.3813268873189598e-15,0.7261432831252039,2,25,vax_eff_0.2,vax_eff,0.2
362,A,0.1664866602144662,5.239051596030943e-16,0.8335133397855332,2,25,vax_eff_0.2,vax_eff,0.2
362,C,0.2738567168747942,1.2491466248410282e-15,0.726143283125204,2,25,vax_eff_0.2,vax_eff,0.2
363,A,0.16648666021446612,4.737722495699104e-16,0.8335133397855333,2,25,vax_eff_0.2,vax_eff,0.2
363,C,0.2738567168747939,1.1296147962352528e-15,0.7261432831252045,2,25,vax_eff_0.2,vax_eff,0.2
364,A,0.16648666021446612,4.2843659878389956e-16,0.8335133397855335,2,25,vax_eff_0.2,vax_eff,0.2
364,C,0.27385671687479396,1.0215210628589916e-15,0.7261432831252052,2,25,vax_eff_0.2,vax_eff,0.2
365,A,0.1664866602144661,3.8743915352521383e-16,0.8335133397855339,2,25,vax_eff_0.2,vax_eff,0.2
365,C,0.2738567168747939,9.237709043318508e-16,0.7261432831252053,2,25,vax_eff_0.2,vax_eff,0.2
0,A,0.9989999999999999,9.999999999999998e-4,0,3,25,vax_eff_0.2,vax_eff,0.2
0,C,0.9990000000000001,0.0010000000000000002,0,3,25,vax_eff_0.2,vax_eff,0.2
1,A,0.998481866034952,0.0012900203760512368,2.2811358899729986e-4,3,25,vax_eff_0.2,vax_eff,0.2
1,C,0.9985857826703085,0.0011951818938966711,2.190354357964552e-4,3,25,vax_eff_0.2,vax_eff,0.2
2,A,0.9978427192317962,0.0016373662861550106,5.199144820486394e-4,3,25,vax_eff_0.2,vax_eff,0.2
2,C,0.9980967672561082,0.001422938490697128,4.8029425319505827e-4,3,25,vax_eff_0.2,vax_eff,0.2
3,A,0.9970655084375807,0.0020470924876166727,8.873990748024042e-4,3,25,vax_eff_0.2,vax_eff,0.2
3,C,0.9975210160582075,0.0016881614989728672,7.908224428190501e-4,3,25,vax_eff_0.2,vax_eff,0.2
4,A,0.9961262474138914,0.0025295116108799624,0.001344240975228392,3,25,vax_eff_0.2,vax_eff,0.2
4,C,0.9968438857807204,0.001997236272523038,0.0011588779467570315,3,25,vax_eff_0.2,vax_eff,0.2
5,A,0.9949952390525711,0.0030986264899672236,0.0019061344574606892,3,25,vax_eff_0.2,vax_eff,0.2
5,C,0.9960484478724602,0.00235771471696842,0.0015938374105700396,3,25,vax_eff_0.2,vax_eff,0.2
6,A,0.9936368209174388,0.0037714783323206224,0.002591700750242132,3,25,vax_eff_0.2,vax_eff,0.2
6,C,0.9951149119397027,0.0027784615210523847,0.002106626539244387,3,25,vax_eff_0.2,vax_eff,0.2
7,A,0.9920083514655387,0.004568166497264082,0.003423482037197072,3,25,vax_eff_0.2,vax_eff,0.2
7,C,0.9940198529691686,0.0032699200609035708,0.002710226969927543,3,25,vax_eff_0.2,vax_eff,0.2
8,A,0.9900592287270021,0.0055119740297069585,0.004428797243290641,3,25,vax_eff_0.2,vax_eff,0.2
8,C,0.992735518486609,0.0038443486007283295,0.0034201329126621206,3,25,vax_eff_0.2,vax_eff,0.2
9,A,0.9877306959709004,0.006629309705766926,0.005639994323334148,3,25,vax_eff_0.2,vax_eff,0.2
9,C,0.9912296300131924,0.00451585650188094,0.004254513484926447,3,25,vax_eff_0.2,vax_eff,0.2
10,A,0.9849547707951293,0.007949966800371876,0.007095262404498324,3,25,vax_eff_0.2,vax_eff,0.2
10,C,0.9894647245712587,0.005300607194939609,0.0052346682338018325,3,25,vax_eff_0.2,vax_eff,0.2
11,A,0.9816548973885451,0.009506863726487578,0.008838238884967032,3,25,vax_eff_0.2,vax_eff,0.2
11,C,0.9873984317680444,0.006216685863887,0.006384882368066534,3,25,vax_eff_0.2,vax_eff,0.2
12,A,0.9777438354662715,0.011336629814752773,0.010919534718975103,3,25,vax_eff_0.2,vax_eff,0.2
12,C,0.9849821284025916,0.007284564954057461,0.007733306643351251,3,25,vax_eff_0.2,vax_eff,0.2
13,A,0.9731228095467013,0.013479597732875033,0.013397592720425053,3,25,vax_eff_0.2,vax_eff,0.2
13,C,0.982160188846653,0.008527295602424928,0.009312515550923758,3,25,vax_eff_0.2,vax_eff,0.2
14,A,0.9676830177607916,0.01597891292630544,0.016338069312903436,3,25,vax_eff_0.2,vax_eff,0.2
14,C,0.9788705601937303,0.00997017455147038,0.011159265254798073,3,25,vax_eff_0.2,vax_eff,0.2
15,A,0.9613026720719828,0.018880741663949298,0.019816586264067397,3,25,vax_eff_0.2,vax_eff,0.2
15,C,0.9750423658207765,0.01164140203889163,0.013316232140332172,3,25,vax_eff_0.2,vax_eff,0.2
16,A,0.9538474347657782,0.022233144511078277,0.02391942072314375,3,25,vax_eff_0.2,vax_eff,0.2
16,C,0.9705952943415501,0.013572011212035742,0.015832694446415177,3,25,vax_eff_0.2,vax_eff,0.2
17,A,0.9451744366872007,0.026083523365910473,0.028742039946888186,3,25,vax_eff_0.2,vax_eff,0.2
17,C,0.9654408333266951,0.015795029101162816,0.01876413757214289,3,25,vax_eff_0.2,vax_eff,0.2
18,A,0.9351356890489622,0.03047586612441518,0.034388444826622976,3,25,vax_eff_0.2,vax_eff,0.2
18,C,0.9594828653684533,0.01834471147214341,0.022172423159404233,3,25,vax_eff_0.2,vax_eff,0.2
19,A,0.9235815255505473,0.035447784003404564,0.040970690446048064,3,25,vax_eff_0.2,vax_eff,0.2
19,C,0.9526180894877255,0.021255741298494096,0.026126169213780328,3,25,vax_eff_0.2,vax_eff,0.2
20,A,0.910366396699573,0.04102605650267911,0.04860754679774669,3,25,vax_eff_0.2,vax_eff,0.2
20,C,0.9447372007945124,0.024561832918344306,0.030700966287141005,3,25,vax_eff_0.2,vax_eff,0.2
21,A,0.895357107583121,0.047221110571376304,0.05742178184550397,3,25,vax_eff_0.2,vax_eff,0.2
21,C,0.9357272570614051,0.02829369680614602,0.03597904613245102,3,25,vax_eff_0.2,vax_eff,0.2
22,A,0.8784427690017617,0.05402120835546793,0.06753602264277121,3,25,vax_eff_0.2,vax_eff,0.2
22,C,0.9254752553187325,0.03247647942472664,0.04204826525653928,3,25,vax_eff_0.2,vax_eff,0.2
23,A,0.8595453076673732,0.061386916568917094,0.07906777576371005,3,25,vax_eff_0.2,vax_eff,0.2
23,C,0.9138726131196692,0.0371267639767233,0.049000622903608626,3,25,vax_eff_0.2,vax_eff,0.2
24,A,0.8386306320269524,0.06924589194885775,0.09212347602418883,3,25,vax_eff_0.2,vax_eff,0.2
24,C,0.9008207064238897,0.042249038320336586,0.05693025525577388,3,25,vax_eff_0.2,vax_eff,0.2
25,A,0.8157195787054894,0.07748887666850622,0.10679154462600501,3,25,vax_eff_0.2,vax_eff,0.2
25,C,0.8862375155585867,0.04783178252571111,0.06593070191570202,3,25,vax_eff_0.2,vax_eff,0.2
26,A,0.7908971540476016,0.0859681032297286,0.12313474272267018,3,25,vax_eff_0.2,vax_eff,0.2
26,C,0.8700651735202759,0.0538435174791924,0.07609130900053139,3,25,vax_eff_0.2,vax_eff,0.2
27,A,0.7643182604122862,0.09449922296369875,0.14118251662401426,3,25,vax_eff_0.2,vax_eff,0.2
27,C,0.8522778679397778,0.060229296282605614,0.08749283577761655,3,25,vax_eff_0.2,vax_eff,0.2
28,A,0.7362083809889561,0.10286742127304065,0.16092419773800398,3,25,vax_eff_0.2,vax_eff,0.2
28,C,0.8328893351646204,0.06690819721783701,0.10020246761754302,3,25,vax_eff_0.2,vax_eff,0.2
29,A,0.7068583052440077,0.11083779123957051,0.182303903516422,3,25,vax_eff_0.2,vax_eff,0.2
29,C,0.8119590732013982,0.07377241932547274,0.11426850747312846,3,25,vax_eff_0.2,vax_eff,0.2
30,A,0.6766129671333438,0.1181692057680955,0.2052178270985605,3,25,vax_eff_0.2,vax_eff,0.2
30,C,0.7895964732616972,0.08068846854447756,0.12971505819382315,3,25,vax_eff_0.2,vax_eff,0.2
31,A,0.6458545739486553,0.12463075585198588,0.22951467019935798,3,25,vax_eff_0.2,vax_eff,0.2
31,C,0.7659616823823088,0.08750107229546913,0.14653724532222243,3,25,vax_eff_0.2,vax_eff,0.2
32,A,0.6149816136058365,0.13001883624284857,0.25499955015131487,3,25,vax_eff_0.2,vax_eff,0.2
32,C,0.7412624213196675,0.09404000089142084,0.1646975777889118,3,25,vax_eff_0.2,vax_eff,0.2
33,A,0.5843877116865327,0.134171530272627,0.28144075804084084,3,25,vax_eff_0.2,vax_eff,0.2
33,C,0.7157473941509593,0.10012889082787087,0.18412371502117036,3,25,vax_eff_0.2,vax_eff,0.2
34,A,0.5544411358987159,0.13697958306743097,0.3085792810338514,3,25,vax_eff_0.2,vax_eff,0.2
34,C,0.6896958564613355,0.10559586972198662,0.20470827381667764,3,25,vax_eff_0.2,vax_eff,0.2
35,A,0.5254676815556084,0.13839226200332497,0.3361400564410664,3,25,vax_eff_0.2,vax_eff,0.2
35,C,0.6634045322685799,0.11028462136656697,0.22631084636485332,3,25,vax_eff_0.2,vax_eff,0.2
36,A,0.49773842611029473,0.1384177289362894,0.36384384495341554,3,25,vax_eff_0.2,vax_eff,0.2
36,C,0.6371730012031322,0.11406480172341106,0.2487621970734575,3,25,vax_eff_0.2,vax_eff,0.2
37,A,0.4714631614657218,0.13711823067076667,0.3914186078635121,3,25,vax_eff_0.2,vax_eff,0.2
37,C,0.6112893206775114,0.11684034083474544,0.2718703384877431,3,25,vax_eff_0.2,vax_eff,0.2
38,A,0.4467892359450056,0.1346012852035384,0.4186094788514556,3,25,vax_eff_0.2,vax_eff,0.2
38,C,0.5860173153346793,0.11855471179787422,0.29542797286744577,3,25,vax_eff_0.2,vax_eff,0.2
39,A,0.423804876275423,0.1310084196233168,0.4451867041012603,3,25,vax_eff_0.2,vax_eff,0.2
39,C,0.561586666658933,0.11919269215225746,0.3192206411888095,3,25,vax_eff_0.2,vax_eff,0.2
40,A,0.40254570599216627,0.12650306594387356,0.4709512280639605,3,25,vax_eff_0.2,vax_eff,0.2
40,C,0.5381864271369285,0.11877869739873052,0.3430348754643416,3,25,vax_eff_0.2,vax_eff,0.2
41,A,0.3830031319080371,0.12125897597188884,0.4957378921200753,3,25,vax_eff_0.2,vax_eff,0.2
41,C,0.515962069950133,0.11737221867366134,0.36666571137620513,3,25,vax_eff_0.2,vax_eff,0.2
42,A,0.365133427231718,0.11545012115213789,0.5194164516161444,3,25,vax_eff_0.2,vax_eff,0.2
42,C,0.4950157378740784,0.11506120002101468,0.3899230621049082,3,25,vax_eff_0.2,vax_eff,0.2
43,A,0.3488666085620473,0.10924261897164722,0.5418907724663052,3,25,vax_eff_0.2,vax_eff,0.2
43,C,0.47540904912533527,0.11195431122886951,0.4126366396457945,3,25,vax_eff_0.2,vax_eff,0.2
44,A,0.3341144978305965,0.10278886425324384,0.5630966379161597,3,25,vax_eff_0.2,vax_eff,0.2
44,C,0.45716767886571896,0.10817302297618352,0.43465929815809756,3,25,vax_eff_0.2,vax_eff,0.2
45,A,0.32077762394976017,0.09622377673113237,0.5829985993191087,3,25,vax_eff_0.2,vax_eff,0.2
45,C,0.44028694315889594,0.10384421919600516,0.4558688376450985,3,25,vax_eff_0.2,vax_eff,0.2
46,A,0.3087508321839777,0.08966290095588834,0.6015862668601346,3,25,vax_eff_0.2,vax_eff,0.2
46,C,0.4247377206003135,0.09909384982452793,0.47616842957515887,3,25,vax_eff_0.2,vax_eff,0.2
47,A,0.29792762826884156,0.08320199729675873,0.6188703744343999,3,25,vax_eff_0.2,vax_eff,0.2
47,C,0.4104722049813647,0.09404189218184814,0.495485902836787,3,25,vax_eff_0.2,vax_eff,0.2
48,A,0.2882033859140794,0.07691773535428174,0.6348788787316394,3,25,vax_eff_0.2,vax_eff,0.2
48,C,0.39742914920459416,0.08879868951392232,0.5137721612814827,3,25,vax_eff_0.2,vax_eff,0.2
49,A,0.27947759281132883,0.07086913031937177,0.6496532768692993,3,25,vax_eff_0.2,vax_eff,0.2
49,C,0.3855384094345147,0.08346258862093792,0.530999001944548,3,25,vax_eff_0.2,vax_eff,0.2
50,A,0.2716553371700219,0.06509940471283428,0.6632452581171432,3,25,vax_eff_0.2,vax_eff,0.2
50,C,0.3747247547414231,0.07811867114459514,0.5471565741139811,3,25,vax_eff_0.2,vax_eff,0.2
51,A,0.26464814442586593,0.05963810049152004,0.6757137550826134,3,25,vax_eff_0.2,vax_eff,0.2
51,C,0.36491084232072574,0.07283847149523133,0.5622506861840407,3,25,vax_eff_0.2,vax_eff,0.2
52,A,0.2583743147174773,0.05450326061653851,0.6871224246659842,3,25,vax_eff_0.2,vax_eff,0.2
52,C,0.3560194087746127,0.06768045805383222,0.5763001331715553,3,25,vax_eff_0.2,vax_eff,0.2
53,A,0.2527590634002221,0.04970338950438154,0.6975375470953964,3,25,vax_eff_0.2,vax_eff,0.2
53,C,0.3479750940253637,0.06269075442910729,0.5893341515455276,3,25,vax_eff_0.2,vax_eff,0.2
54,A,0.24773436826166428,0.0452393210681845,0.7070263106701516,3,25,vax_eff_0.2,vax_eff,0.2
54,C,0.3407056510875019,0.05790428246460012,0.6013900664478969,3,25,vax_eff_0.2,vax_eff,0.2
55,A,0.24323865227714236,0.04110590044429636,0.7156554472785621,3,25,vax_eff_0.2,vax_eff,0.2
55,C,0.33414271041647614,0.053346108337959046,0.6125111812455654,3,25,vax_eff_0.2,vax_eff,0.2
56,A,0.23921637148883984,0.03729344626432979,0.7234901822468299,3,25,vax_eff_0.2,vax_eff,0.2
56,C,0.32822221467635365,0.049032842916721754,0.6227449424069247,3,25,vax_eff_0.2,vax_eff,0.2
57,A,0.23561756576899962,0.033788978532214804,0.730593455698786,3,25,vax_eff_0.2,vax_eff,0.2
57,C,0.3228846305363801,0.044973984875062566,0.6321413845885588,3,25,vax_eff_0.2,vax_eff,0.2
58,A,0.23239740040516257,0.0305772307940308,0.7370253688008068,3,25,vax_eff_0.2,vax_eff,0.2
58,C,0.3180749975842769,0.04117316504964484,0.6407518373660789,3,25,vax_eff_0.2,vax_eff,0.2
59,A,0.2295157110646681,0.027641476657840364,0.7428428122774919,3,25,vax_eff_0.2,vax_eff,0.2
59,C,0.3137428495410647,0.03762928251191601,0.6486278679470191,3,25,vax_eff_0.2,vax_eff,0.2
60,A,0.22693656223727204,0.024964195247656713,0.7480992425150716,3,25,vax_eff_0.2,vax_eff,0.2
60,C,0.30984204206182425,0.03433752114838045,0.6558204367897951,3,25,vax_eff_0.2,vax_eff,0.2
61,A,0.2246278291495933,0.02252759439944733,0.7528445764509587,3,25,vax_eff_0.2,vax_eff,0.2
61,C,0.30633052261238447,0.031290233632977754,0.6623792437546379,3,25,vax_eff_0.2,vax_eff,0.2
62,A,0.2225608101934178,0.02031401046249653,0.7571251793440854,3,25,vax_eff_0.2,vax_eff,0.2
62,C,0.3031700707019382,0.02847769008302749,0.6683522392150352,3,25,vax_eff_0.2,vax_eff,0.2
63,A,0.2207098724094012,0.018306205397058517,0.7609839221935408,3,25,vax_eff_0.2,vax_eff,0.2
63,C,0.30032602577954426,0.025888701474885336,0.6737852727455705,3,25,vax_eff_0.2,vax_eff,0.2
64,A,0.21905212924446632,0.01648758113946379,0.7644602896160699,3,25,vax_eff_0.2,vax_eff,0.2
64,C,0.2977670124383189,0.023511133085452048,0.6787218544762292,3,25,vax_eff_0.2,vax_eff,0.2
65,A,0.2175671485922988,0.01484232799275347,0.7675905234149474,3,25,vax_eff_0.2,vax_eff,0.2
65,C,0.2954646696313824,0.021332321734337627,0.6832030086342796,3,25,vax_eff_0.2,vax_eff,0.2
66,A,0.2162366892518018,0.013355520318970708,0.7704077904292285,3,25,vax_eff_0.2,vax_eff,0.2
66,C,0.2933933896550704,0.0193394083006587,0.6872672020442684,3,25,vax_eff_0.2,vax_eff,0.2
67,A,0.2150444642276192,0.012013170373854836,0.772942365398525,3,25,vax_eff_0.2,vax_eff,0.2
67,C,0.29153007127632974,0.017519596659310143,0.690950332064361,3,25,vax_eff_0.2,vax_eff,0.2
68,A,0.21397592913682925,0.010802249593006609,0.7752218212701644,3,25,vax_eff_0.2,vax_eff,0.2
68,C,0.28985388933033346,0.015860350614977245,0.6942857600546893,3,25,vax_eff_0.2,vax_eff,0.2
69,A,0.21301809350785417,0.00971068538802165,0.7772712211041239,3,25,vax_eff_0.2,vax_eff,0.2
69,C,0.2883460813465982,0.0143495398887216,0.6973043787646798,3,25,vax_eff_0.2,vax_eff,0.2
70,A,0.21215935244580894,0.008727340176132138,0.7791133073780584,3,25,vax_eff_0.2,vax_eff,0.2
70,C,0.28698975070482097,0.012975544813954057,0.7000347044812244,3,25,vax_eff_0.2,vax_eff,0.2
71,A,0.21138933644052674,0.007841977793107973,0.7807686857663638,3,25,vax_eff_0.2,vax_eff,0.2
71,C,0.28576968643771566,0.011727326929042384,0.7025029866332417,3,25,vax_eff_0.2,vax_eff,0.2
72,A,0.21069877747977528,0.007045221197544248,0.78225600132268,3,25,vax_eff_0.2,vax_eff,0.2
72,C,0.28467219916284203,0.010594472050194951,0.7047333287869632,3,25,vax_eff_0.2,vax_eff,0.2
73,A,0.2100793897572615,0.0063285046195709765,0.783592105623167,3,25,vax_eff_0.2,vax_eff,0.2
73,C,0.2836849707202479,0.009567213125230557,0.706747816154522,3,25,vax_eff_0.2,vax_eff,0.2
74,A,0.2095237637543256,0.005684022297605278,0.7847922139480695,3,25,vax_eff_0.2,vax_eff,0.2
74,C,0.28279691848969535,0.008636435710815588,0.7085666457994891,3,25,vax_eff_0.2,vax_eff,0.2
75,A,0.20902527200728868,0.005104675952586731,0.785870052040124,3,25,vax_eff_0.2,vax_eff,0.2
75,C,0.281998072732904,0.007793670660588903,0.7102082566065078,3,25,vax_eff_0.2,vax_eff,0.2
76,A,0.20857798511229209,0.004584022532688345,0.7868379923550199,3,25,vax_eff_0.2,vax_eff,0.2
76,C,0.28127946569414625,0.007031077492050458,0.7116894568138037,3,25,vax_eff_0.2,vax_eff,0.2
77,A,0.2081765968480083,0.004116223178562481,0.7877071799734289,3,25,vax_eff_0.2,vax_eff,0.2
77,C,0.28063303133183515,0.006341421151661594,0.7130255475165052,3,25,vax_eff_0.2,vax_eff,0.2
78,A,0.20781635752570626,0.0036959939869642805,0.7884876484873286,3,25,vax_eff_0.2,vax_eff,0.2
78,C,0.28005151484536733,0.005718044128728387,0.7142304410259047,3,25,vax_eff_0.2,vax_eff,0.2
79,A,0.20749301468767736,0.003318559048635496,0.7891884262636878,3,25,vax_eff_0.2,vax_eff,0.2
79,C,0.27952839120738404,0.005154835469138847,0.7153167733234777,3,25,vax_eff_0.2,vax_eff,0.2
80,A,0.2072027602646078,0.0029796061630906062,0.7898176335723006,3,25,vax_eff_0.2,vax_eff,0.2
80,C,0.2790577918413167,0.004646198033048476,0.716296010125635,3,25,vax_eff_0.2,vax_eff,0.2
81,A,0.20694218342024967,0.002675245443775484,0.790382571135975,3,25,vax_eff_0.2,vax_eff,0.2
81,C,0.2786344386028274,0.0041870150842726285,0.7171785463128999,3,25,vax_eff_0.2,vax_eff,0.2
82,A,0.20670822847995116,0.0024019708273546278,0.7908898006926943,3,25,vax_eff_0.2,vax_eff,0.2
82,C,0.27825358434072406,0.0037726169878559822,0.7179737986714195,3,25,vax_eff_0.2,vax_eff,0.2
83,A,0.20649815742493488,0.0021566244244049814,0.7913452181506602,3,25,vax_eff_0.2,vax_eff,0.2
83,C,0.2779109594193655,0.0033987485490870875,0.7186902920315473,3,25,vax_eff_0.2,vax_eff,0.2
84,A,0.20630951644369389,0.0019363636603193027,0.7917541198959883,3,25,vax_eff_0.2,vax_eff,0.2
84,C,0.2776027236316943,0.0030615373918150414,0.7193357389764892,3,25,vax_eff_0.2,vax_eff,0.2
85,A,0.20614010606158115,0.0017386311393086879,0.7921212627991097,3,25,vax_eff_0.2,vax_eff,0.2
85,C,0.2773254229592175,0.0027574636830886424,0.7199171133576935,3,25,vax_eff_0.2,vax_eff,0.2
86,A,0.20598795444815232,0.0015611270996947844,0.7924509184521537,3,25,vax_eff_0.2,vax_eff,0.2
86,C,0.27707595068259067,0.0024833314121900647,0.7204407179052196,3,25,vax_eff_0.2,vax_eff,0.2
87,A,0.20585129357339405,0.0014017842840397077,0.7927469221425665,3,25,vax_eff_0.2,vax_eff,0.2
87,C,0.2768515124067729,0.0022362413357402532,0.7209122462574858,3,25,vax_eff_0.2,vax_eff,0.2
88,A,0.20572853791268694,0.0012587450564228988,0.7930127170308906,3,25,vax_eff_0.2,vax_eff,0.2
88,C,0.27664959461369915,0.002013565634647498,0.7213368397516517,3,25,vax_eff_0.2,vax_eff,0.2
89,A,0.20561826541397024,0.0011303406210717985,0.7932513939649577,3,25,vax_eff_0.2,vax_eff,0.2
89,C,0.2764679363891479,0.0018129242919603856,0.7217191393188913,3,25,vax_eff_0.2,vax_eff,0.2
90,A,0.2055192004749833,0.0010150721913818076,0.7934657273336355,3,25,vax_eff_0.2,vax_eff,0.2
90,C,0.27630450400516293,0.0016321631692810385,0.7220633328255561,3,25,vax_eff_0.2,vax_eff,0.2
91,A,0.20543019871039409,9.11593954103683e-4,0.7936582073355021,3,25,vax_eff_0.2,vax_eff,0.2
91,C,0.2761574680571093,0.0014693337469460675,0.7223731981959439,3,25,vax_eff_0.2,vax_eff,0.2
92,A,0.2053502333219615,8.186976707757465e-4,0.7938310690072645,3,25,vax_eff_0.2,vax_eff,0.2
92,C,0.2760251828959915,0.0013226744606601665,0.7226521426433479,3,25,vax_eff_0.2,vax_eff,0.2
93,A,0.2052783829194141,7.35298756953692e-4,0.7939863183236308,3,25,vax_eff_0.2,vax_eff,0.2
93,C,0.2759061681582597,0.0011905935227062684,0.722903238319033,3,25,vax_eff_0.2,vax_eff,0.2
94,A,0.20521382061148458,6.604237359641922e-4,0.7941257556525506,3,25,vax_eff_0.2,vax_eff,0.2
94,C,0.2757990921474788,0.0010716531811452291,0.7231292546713746,3,25,vax_eff_0.2,vax_eff,0.2
95,A,0.20515580423475055,5.931989387238959e-4,0.794250996826526,3,25,vax_eff_0.2,vax_eff,0.2
95,C,0.27570275688666,9.645553217763074e-4,0.7233326877915639,3,25,vax_eff_0.2,vax_eff,0.2
96,A,0.2051036676034748,5.328403283482425e-4,0.7943634920681765,3,25,vax_eff_0.2,vax_eff,0.2
96,C,0.27561608467472115,8.681283194608293e-4,0.7235157870058168,3,25,vax_eff_0.2,vax_eff,0.2
97,A,0.20505681267516687,4.7864434014649183e-4,0.7944645429846866,3,25,vax_eff_0.2,vax_eff,0.2
97,C,0.27553810599855627,7.813150459992776e-4,0.723680578955445,3,25,vax_eff_0.2,vax_eff,0.2
98,A,0.2050147025330674,4.299796427478122e-4,0.7945553178241848,3,25,vax_eff_0.2,vax_eff,0.2
98,C,0.27546794866337954,7.031619492681486e-4,0.7238288893873526,3,25,vax_eff_0.2,vax_eff,0.2
99,A,0.20497685509714697,3.8627973399211373e-4,0.7946368651688605,3,25,vax_eff_0.2,vax_eff,0.2
99,C,0.2754048280165938,6.32809122828691e-4,0.7239623628605766,3,25,vax_eff_0.2,vax_eff,0.2
100,A,0.2049428374872993,3.4703628922720225e-4,0.7947101262234737,3,25,vax_eff_0.2,vax_eff,0.2
100,C,0.2753480381543322,5.694812868305691e-4,0.7240824805588374,3,25,vax_eff_0.2,vax_eff,0.2
101,A,0.20491226097138815,3.1179318612364806e-4,0.7947759458424885,3,25,vax_eff_0.2,vax_eff,0.2
101,C,0.2752969440122378,5.12479603781284e-4,0.7241905763839807,3,25,vax_eff_0.2,vax_eff,0.2
102,A,0.20488477643680264,2.8014113878579246e-4,0.7948350824244119,3,25,vax_eff_0.2,vax_eff,0.2
102,C,0.2752509742518714,4.6117425786019843e-4,0.7242878514902678,3,25,vax_eff_0.2,vax_eff,0.2
103,A,0.2048600703300524,2.517128811104878e-4,0.7948882167888367,3,25,vax_eff_0.2,vax_eff,0.2
103,C,0.27520961486246454,4.1499773210581977e-4,0.7243753874054296,3,25,vax_eff_0.2,vax_eff,0.2
104,A,0.20483786101538992,2.2617884429865977e-4,0.7949359601403118,3,25,vax_eff_0.2,vax_eff,0.2
104,C,0.27517240340570853,3.734387225449264e-4,0.7244541578717464,3,25,vax_eff_0.2,vax_eff,0.2
105,A,0.20481789550908253,2.0324327809367272e-4,0.7949788612128241,3,25,vax_eff_0.2,vax_eff,0.2
105,C,0.27513892383877486,3.360366324273095e-4,0.7245250395287983,3,25,vax_eff_0.2,vax_eff,0.2
106,A,0.20479994655029765,1.826407705310699e-4,0.7950174126791706,3,25,vax_eff_0.2,vax_eff,0.2
106,C,0.27510880185743986,3.0237659390398153e-4,0.7245888215486561,3,25,vax_eff_0.2,vax_eff,0.2
107,A,0.2047838099733925,1.6413312582915095e-4,0.7950520569007781,3,25,vax_eff_0.2,vax_eff,0.2
107,C,0.27508170070704313,2.720849688077538e-4,0.7246462143241487,3,25,vax_eff_0.2,vax_eff,0.2
108,A,0.2047693023502425,1.4750656394083247e-4,0.7950831910858169,3,25,vax_eff_0.2,vax_eff,0.2
108,C,0.2750573174142058,2.448252843101059e-4,0.7246978573014846,3,25,vax_eff_0.2,vax_eff,0.2
109,A,0.20475625887472565,1.3256920869073047e-4,0.7951111719165841,3,25,vax_eff_0.2,vax_eff,0.2
109,C,0.27503537939697614,2.2029456296188403e-4,0.7247443260400617,3,25,vax_eff_0.2,vax_eff,0.2
110,A,0.20474453146438146,1.1914883475092427e-4,0.795136319700868,3,25,vax_eff_0.2,vax_eff,0.2
110,C,0.27501564141542045,1.9822000998633826e-4,0.7247861385745925,3,25,vax_eff_0.2,vax_eff,0.2
111,A,0.20473398705661794,1.0709084700146969e-4,0.7951589220963818,3,25,vax_eff_0.2,vax_eff,0.2
111,C,0.27499788282821497,1.7835602419849e-4,0.7248237611475853,3,25,vax_eff_0.2,vax_eff,0.2
112,A,0.20472450607929396,9.62564684090275e-5,0.7951792374522972,3,25,vax_eff_0.2,vax_eff,0.2
112,C,0.2749819051244692,1.6048150173812232e-4,0.724857613373793,3,25,vax_eff_0.2,vax_eff,0.2
113,A,0.20471598107804126,8.652111459002302e-5,0.7951974978073684,3,25,vax_eff_0.2,vax_eff,0.2
113,C,0.2749675297037415,1.44397403983847e-4,0.724888072892275,3,25,vax_eff_0.2,vax_eff,0.2
114,A,0.20470831548389098,7.777293607619555e-5,0.7952139115800344,3,25,vax_eff_0.2,vax_eff,0.2
114,C,0.2749545958786923,1.2992456490720425e-4,0.7249154795564003,3,25,vax_eff_0.2,vax_eff,0.2
115,A,0.20470142250681117,6.991151091526137e-5,0.7952286659822745,3,25,vax_eff_0.2,vax_eff,0.2
115,C,0.27494295907810845,1.1690171460780903e-4,0.7249401392072828,3,25,vax_eff_0.2,vax_eff,0.2
116,A,0.20469522414219754,6.284667207178981e-5,0.7952419291857309,3,25,vax_eff_0.2,vax_eff,0.2
116,C,0.274932489230236,1.0518369799545768e-4,0.7249623270717682,3,25,vax_eff_0.2,vax_eff,0.2
117,A,0.2046896502787465,5.649745565820873e-5,0.7952538522655958,3,25,vax_eff_0.2,vax_eff,0.2
117,C,0.27492306930836086,9.463986955747525e-5,0.7249822908220815,3,25,vax_eff_0.2,vax_eff,0.2
118,A,0.20468463789732227,5.0791157495305e-5,0.7952645709451823,3,25,vax_eff_0.2,vax_eff,0.2
118,C,0.2749145940223537,8.515264704344584e-5,0.7250002533306019,3,25,vax_eff_0.2,vax_eff,0.2
119,A,0.2046801303514687,4.566248682375475e-5,0.795274207161708,3,25,vax_eff_0.2,vax_eff,0.2
119,C,0.2749069686414919,7.661620855857659e-5,0.7250164151499494,3,25,vax_eff_0.2,vax_eff,0.2
120,A,0.20467607672118185,4.105280713984037e-5,0.7952828704716797,3,25,vax_eff_0.2,vax_eff,0.2
120,C,0.27490010793535147,6.893531900333951e-5,0.7250309567456442,3,25,vax_eff_0.2,vax_eff,0.2
121,A,0.2046724312324595,3.690945514346428e-5,0.7952906593123972,3,25,vax_eff_0.2,vax_eff,0.2
121,C,0.27489393522095756,6.20242731188611e-5,0.725044040505924,3,25,vax_eff_0.2,vax_eff,0.2
122,A,0.20466915273589043,3.31851297135599e-5,0.795297662134397,3,25,vax_eff_0.2,vax_eff,0.2
122,C,0.2748883815055116,5.580594363448988e-5,0.7250558125508547,3,25,vax_eff_0.2,vax_eff,0.2
123,A,0.20466620423826837,2.9837343676125287e-5,0.7953039584180541,3,25,vax_eff_0.2,vax_eff,0.2
123,C,0.27488338471513013,5.02109241481674e-5,0.7250664043607218,3,25,vax_eff_0.2,vax_eff,0.2
124,A,0.20466355248180212,2.6827931888365163e-5,0.7953096195863101,3,25,vax_eff_0.2,vax_eff,0.2
124,C,0.27487888900094054,4.517675738346559e-5,0.725075934241676,3,25,vax_eff_0.2,vax_eff,0.2
125,A,0.20466116756605526,2.4122609828894797e-5,0.7953147098241169,3,25,vax_eff_0.2,vax_eff,0.2
125,C,0.27487484411477336,4.0647240371824034e-5,0.7250845086448542,3,25,vax_eff_0.2,vax_eff,0.2
126,A,0.20465902260827404,2.1690577479476785e-5,0.7953192868142461,3,25,vax_eff_0.2,vax_eff,0.2
126,C,0.2748712048474789,3.6571798929616765e-5,0.7250922233535924,3,25,vax_eff_0.2,vax_eff,0.2
127,A,0.20465709343817876,1.950416382490864e-5,0.795323402397998,3,25,vax_eff_0.2,vax_eff,0.2
127,C,0.274867930523573,3.2904924550273846e-5,0.7250991645518761,3,25,vax_eff_0.2,vax_eff,0.2
128,A,0.20465535832370937,1.753850778594504e-5,0.7953271031685051,3,25,vax_eff_0.2,vax_eff,0.2
128,C,0.27486498454657976,2.9605667512104732e-5,0.7251054097859093,3,25,vax_eff_0.2,vax_eff,0.2
129,A,0.20465379772458353,1.5771271834309645e-5,0.795330431003582,3,25,vax_eff_0.2,vax_eff,0.2
129,C,0.27486233398996107,2.6637180613688318e-5,0.7251110288294265,3,25,vax_eff_0.2,vax_eff,0.2
130,A,0.20465239407082356,1.418238492461911e-5,0.7953334235442525,3,25,vax_eff_0.2,vax_eff,0.2
130,C,0.2748599492290847,2.3966308497180076e-5,0.7251160844624182,3,25,vax_eff_0.2,vax_eff,0.2
131,A,0.2046511315637191,1.2753811727249915e-5,0.7953361146245528,3,25,vax_eff_0.2,vax_eff,0.2
131,C,0.2748578036100946,2.1563218021149264e-5,0.7251206331718832,3,25,vax_eff_0.2,vax_eff,0.2
132,A,0.20464999599694741,1.1469345457720765e-5,0.795338534657596,3,25,vax_eff_0.2,vax_eff,0.2
132,C,0.2748558731519903,1.9401065591619158e-5,0.7251247257824185,3,25,vax_eff_0.2,vax_eff,0.2
133,A,0.20464897459579953,1.031442187416499e-5,0.7953407109823265,3,25,vax_eff_0.2,vax_eff,0.2
133,C,0.274854136278586,1.7455697757021464e-5,0.7251284080236579,3,25,vax_eff_0.2,vax_eff,0.2
134,A,0.20464805587267884,9.275952273807128e-6,0.795342668175047,3,25,vax_eff_0.2,vax_eff,0.2
134,C,0.274852573577356,1.5705381758341196e-5,0.725131721040884,3,25,vax_eff_0.2,vax_eff,0.2
135,A,0.2046472294972125,8.342173537445128e-6,0.7953444283292499,3,25,vax_eff_0.2,vax_eff,0.2
135,C,0.27485116758245925,1.4130563042039792e-5,0.7251347018544989,3,25,vax_eff_0.2,vax_eff,0.2
136,A,0.20464648617949996,7.502513472790677e-6,0.7953460113070281,3,25,vax_eff_0.2,vax_eff,0.2
136,C,0.2748499025795194,1.2713647041741321e-5,0.7251373837734405,3,25,vax_eff_0.2,vax_eff,0.2
137,A,0.20464581756516265,6.747469888121561e-6,0.7953474349649501,3,25,vax_eff_0.2,vax_eff,0.2
137,C,0.2748487644299878,1.1438802802945064e-5,0.725139796767208,3,25,vax_eff_0.2,vax_eff,0.2
138,A,0.20464521614100456,6.0685019899544045e-6,0.7953487153570057,3,25,vax_eff_0.2,vax_eff,0.2
138,C,0.27484774041312393,1.0291786268041879e-5,0.7251419678006074,3,25,vax_eff_0.2,vax_eff,0.2
139,A,0.20464467515019846,5.4579328433237755e-6,0.7953498669169593,3,25,vax_eff_0.2,vax_eff,0.2
139,C,0.2748468190838093,9.259781256707103e-6,0.7251439211349334,3,25,vax_eff_0.2,vax_eff,0.2
140,A,0.20464418851604116,4.908861762818971e-6,0.7953509026221954,3,25,vax_eff_0.2,vax_eff,0.2
140,C,0.27484599014463523,8.331256372055582e-6,0.7251456785989925,3,25,vax_eff_0.2,vax_eff,0.2
141,A,0.20464375077341088,4.415085618810596e-6,0.7953518341409703,3,25,vax_eff_0.2,vax_eff,0.2
141,C,0.2748452443308065,7.4958362391021235e-6,0.7251472598329544,3,25,vax_eff_0.2,vax_eff,0.2
142,A,0.2046433570071395,3.971028147744052e-6,0.7953526719647133,3,25,vax_eff_0.2,vax_eff,0.2
142,C,0.27484457330659295,6.74418564128557e-6,0.7251486825077645,3,25,vax_eff_0.2,vax_eff,0.2
143,A,0.20464300279660474,3.571676449053634e-6,0.7953534255269465,3,25,vax_eff_0.2,vax_eff,0.2
143,C,0.2748439695721644,6.067905264316481e-6,0.7251499625225717,3,25,vax_eff_0.2,vax_eff,0.2
144,A,0.20464268416591846,3.212523935172784e-6,0.795354103310147,3,25,vax_eff_0.2,vax_eff,0.2
144,C,0.2748434263797637,5.459437885596246e-6,0.725151114182351,3,25,vax_eff_0.2,vax_eff,0.2
145,A,0.20464239753913455,2.889519076319973e-6,0.7953547129417885,3,25,vax_eff_0.2,vax_eff,0.2
145,C,0.27484293765829326,4.9119839634424766e-6,0.7251521503577425,3,25,vax_eff_0.2,vax_eff,0.2
146,A,0.2046421396999756,2.5990193491950033e-6,0.795355261280674,3,25,vax_eff_0.2,vax_eff,0.2
146,C,0.2748424979454596,4.419425684837344e-6,0.7251530826288555,3,25,vax_eff_0.2,vax_eff,0.2
147,A,0.20464190775562321,2.3377498592566614e-6,0.7953557544945168,3,25,vax_eff_0.2,vax_eff,0.2
147,C,0.2748421023267207,3.976258624583657e-6,0.725153921414656,3,25,vax_eff_0.2,vax_eff,0.2
148,A,0.20464169910415422,2.102766160565414e-6,0.795356198129686,3,25,vax_eff_0.2,vax_eff,0.2
148,C,0.27484174638035924,3.5775302535417614e-6,0.725154676089387,3,25,vax_eff_0.2,vax_eff,0.2
149,A,0.2046415114052633,1.8914208458829824e-6,0.7953565971738918,3,25,vax_eff_0.2,vax_eff,0.2
149,C,0.274841426128065,3.218784609899085e-6,0.7251553550873252,3,25,vax_eff_0.2,vax_eff,0.2
150,A,0.20464134255393385,1.7013335233968022e-6,0.7953569561125423,3,25,vax_eff_0.2,vax_eff,0.2
150,C,0.27484113799046717,2.8960125160415656e-6,0.7251559659970175,3,25,vax_eff_0.2,vax_eff,0.2
151,A,0.20464119065676412,1.5303638356586731e-6,0.7953572789793999,3,25,vax_eff_0.2,vax_eff,0.2
151,C,0.2748408787471299,2.6056067854476413e-6,0.725156515646084,3,25,vax_eff_0.2,vax_eff,0.2
152,A,0.20464105401067278,1.3765872114842747e-6,0.7953575694021168,3,25,vax_eff_0.2,vax_eff,0.2
152,C,0.2748406455005608,2.344321919612949e-6,0.7251570101775179,3,25,vax_eff_0.2,vax_eff,0.2
153,A,0.20464093108375597,1.2382730730697397e-6,0.7953578306431716,3,25,vax_eff_0.2,vax_eff,0.2
153,C,0.2748404356438249,2.1092378449518572e-6,0.7251574551183294,3,25,vax_eff_0.2,vax_eff,0.2
154,A,0.2046408204980673,1.1138652490353434e-6,0.7953580656366838,3,25,vax_eff_0.2,vax_eff,0.2
154,C,0.2748402468314071,1.8977272849696917e-6,0.7251578554413068,3,25,vax_eff_0.2,vax_eff,0.2
155,A,0.2046407210141356,1.0019643694437e-6,0.7953582770214954,3,25,vax_eff_0.2,vax_eff,0.2
155,C,0.2748400769529989,1.7074264033544923e-6,0.7251582156205989,3,25,vax_eff_0.2,vax_eff,0.2
156,A,0.2046406315170366,9.013120416650361e-7,0.7953584671709207,3,25,vax_eff_0.2,vax_eff,0.2
156,C,0.2748399241099102,1.536208390145833e-6,0.7251585396816977,3,25,vax_eff_0.2,vax_eff,0.2
157,A,0.20464055100387132,8.107766264460833e-7,0.7953586382195013,3,25,vax_eff_0.2,vax_eff,0.2
157,C,0.27483978659385355,1.382159695983344e-6,0.7251588312464521,3,25,vax_eff_0.2,vax_eff,0.2
158,A,0.20464047857250162,7.293404519356332e-7,0.7953587920870462,3,25,vax_eff_0.2,vax_eff,0.2
158,C,0.2748396628678423,1.2435586490134524e-6,0.7251590935735096,3,25,vax_eff_0.2,vax_eff,0.2
159,A,0.20464041341142125,6.560883199285405e-7,0.79535893050026,3,25,vax_eff_0.2,vax_eff,0.2
159,C,0.27483955154901935,1.1188562156319743e-6,0.7251593295947633,3,25,vax_eff_0.2,vax_eff,0.2
160,A,0.20464035479064266,5.901971734061044e-7,0.7953590550121834,3,25,vax_eff_0.2,vax_eff,0.2
160,C,0.2748394513932015,1.0066586901618853e-6,0.7251595419481082,3,25,vax_eff_0.2,vax_eff,0.2
161,A,0.2046403020535081,5.309268077552279e-7,0.795359167019685,3,25,vax_eff_0.2,vax_eff,0.2
161,C,0.27483936128096775,9.057121200952382e-7,0.7251597330069119,3,25,vax_eff_0.2,vax_eff,0.2
162,A,0.20464025460931376,4.77611519998822e-7,0.7953592677791661,3,25,vax_eff_0.2,vax_eff,0.2
162,C,0.2748392802051539,8.148882929094522e-7,0.7251599049065535,3,25,vax_eff_0.2,vax_eff,0.2
163,A,0.20464021192668588,4.2965260110186476e-7,0.7953593584207125,3,25,vax_eff_0.2,vax_eff,0.2
163,C,0.27483920725959277,7.331721279099346e-7,0.72516005956828,3,25,vax_eff_0.2,vax_eff,0.2
164,A,0.2046401735276168,3.865115860541701e-7,0.7953594399607976,3,25,vax_eff_0.2,vax_eff,0.2
164,C,0.27483914162898704,6.596503322422856e-7,0.7251601987206824,3,25,vax_eff_0.2,vax_eff,0.2
165,A,0.20464013898210237,3.477041850848447e-7,0.7953595133137129,3,25,vax_eff_0.2,vax_eff,0.2
165,C,0.2748390825797951,5.935011943338706e-7,0.7251603239190109,3,25,vax_eff_0.2,vax_eff,0.2
166,A,0.20464010790331955,3.1279482713628895e-7,0.7953595793018533,3,25,vax_eff_0.2,vax_eff,0.2
166,C,0.2748390294520381,5.339854007276866e-7,0.725160436562561,3,25,vax_eff_0.2,vax_eff,0.2
167,A,0.20464007994328853,2.813917537080229e-7,0.7953596386649566,3,25,vax_eff_0.2,vax_eff,0.2
167,C,0.2748389816519165,4.804377737030493e-7,0.7251605379103095,3,25,vax_eff_0.2,vax_eff,0.2
168,A,0.20464005478897032,2.531426074528941e-7,0.7953596920684236,3,25,vax_eff_0.2,vax_eff,0.2
168,C,0.2748389386451778,4.3225983736412117e-7,0.7251606290949876,3,25,vax_eff_0.2,vax_eff,0.2
169,A,0.20464003215875468,2.2773046554253787e-7,0.7953597401107787,3,25,vax_eff_0.2,vax_eff,0.2
169,C,0.2748388999511424,3.8891312913198936e-7,0.7251607111357291,3,25,vax_eff_0.2,vax_eff,0.2
170,A,0.20464001179930716,2.0487027288038102e-7,0.7953597833304201,3,25,vax_eff_0.2,vax_eff,0.2
170,C,0.27483886513733474,3.4991318190276537e-7,0.7251607849494837,3,25,vax_eff_0.2,vax_eff,0.2
171,A,0.2046399934827259,1.843056347883333e-7,0.7953598222116387,3,25,vax_eff_0.2,vax_eff,0.2
171,C,0.27483883381464774,3.148241096273364e-7,0.725160851361243,3,25,vax_eff_0.2,vax_eff,0.2
172,A,0.20463997700398828,1.6580593287881771e-7,0.7953598571900785,3,25,vax_eff_0.2,vax_eff,0.2
172,C,0.2748388056329924,2.8325373580964983e-7,0.7251609111132714,3,25,vax_eff_0.2,vax_eff,0.2
173,A,0.20463996217865454,1.4916373149394414e-7,0.7953598886576155,3,25,vax_eff_0.2,vax_eff,0.2
173,C,0.27483878027738795,2.5484921048466296e-7,0.7251609648734015,3,25,vax_eff_0.2,vax_eff,0.2
174,A,0.2046399488407975,1.3419244539182176e-7,0.7953599169667579,3,25,vax_eff_0.2,vax_eff,0.2
174,C,0.27483875746443764,2.2929306669411742e-7,0.725161013242494,3,25,vax_eff_0.2,vax_eff,0.2
175,A,0.20463993684114465,1.2072423976339674e-7,0.7953599424346142,3,25,vax_eff_0.2,vax_eff,0.2
175,C,0.27483873693916216,2.0629966790227633e-7,0.7251610567611693,3,25,vax_eff_0.2,vax_eff,0.2
176,A,0.20463992604531786,1.0860804607032329e-7,0.7953599653466357,3,25,vax_eff_0.2,vax_eff,0.2
176,C,0.2748387184719979,1.8561185024662867e-7,0.7251610959161524,3,25,vax_eff_0.2,vax_eff,0.2
177,A,0.20463991633248205,9.770804008497529e-8,0.7953599859594778,3,25,vax_eff_0.2,vax_eff,0.2
177,C,0.2748387018564963,1.6699834524156745e-7,0.7251611311451573,3,25,vax_eff_0.2,vax_eff,0.2
178,A,0.20463990759403347,8.790216201673494e-8,0.7953600045038043,3,25,vax_eff_0.2,vax_eff,0.2
178,C,0.2748386869070915,1.5025127274991646e-7,0.7251611628416359,3,25,vax_eff_0.2,vax_eff,0.2
179,A,0.20463989973227575,7.908062279731084e-8,0.7953600211871029,3,25,vax_eff_0.2,vax_eff,0.2
179,C,0.27483867345683205,1.3518361006648972e-7,0.725161191359559,3,25,vax_eff_0.2,vax_eff,0.2
180,A,0.20463989265937158,7.114472656083386e-8,0.7953600361959019,3,25,vax_eff_0.2,vax_eff,0.2
180,C,0.27483866135560475,1.2162719585525094e-7,0.7251612170171988,3,25,vax_eff_0.2,vax_eff,0.2
181,A,0.2046398862962226,6.400560525590442e-8,0.7953600496981705,3,25,vax_eff_0.2,vax_eff,0.2
181,C,0.27483865046822153,1.0943058418455294e-7,0.7251612401011952,3,25,vax_eff_0.2,vax_eff,0.2
182,A,0.20463988057148783,5.758311316831473e-8,0.7953600618453991,3,25,vax_eff_0.2,vax_eff,0.2
182,C,0.27483864067273617,9.845716890235675e-8,0.7251612608700956,3,25,vax_eff_0.2,vax_eff,0.2
183,A,0.20463987542097145,5.180514122441415e-8,0.7953600727738875,3,25,vax_eff_0.2,vax_eff,0.2
183,C,0.27483863185941365,8.858401903943331e-8,0.7251612795565678,3,25,vax_eff_0.2,vax_eff,0.2
184,A,0.20463987078705734,4.660697742778167e-8,0.7953600826059652,3,25,vax_eff_0.2,vax_eff,0.2
184,C,0.27483862392975483,7.970079251495608e-8,0.7251612963694526,3,25,vax_eff_0.2,vax_eff,0.2
185,A,0.20463986661799005,4.193049821250435e-8,0.795360091451511,3,25,vax_eff_0.2,vax_eff,0.2
185,C,0.27483861679527366,7.170836326369912e-8,0.7251613114963622,3,25,vax_eff_0.2,vax_eff,0.2
186,A,0.20463986286716707,3.772337028939376e-8,0.7953600994094632,3,25,vax_eff_0.2,vax_eff,0.2
186,C,0.2748386103762871,6.451746585664901e-8,0.725161325106248,3,25,vax_eff_0.2,vax_eff,0.2
187,A,0.20463985949258334,3.3938429997320974e-8,0.7953601065689859,3,25,vax_eff_0.2,vax_eff,0.2
187,C,0.2748386046009702,5.8047640725363125e-8,0.7251613373513888,3,25,vax_eff_0.2,vax_eff,0.2
188,A,0.20463985645646435,3.0533264425404885e-8,0.7953601130102707,3,25,vax_eff_0.2,vax_eff,0.2
188,C,0.27483859940472627,5.2226521643181066e-8,0.725161348368753,3,25,vax_eff_0.2,vax_eff,0.2
189,A,0.20463985372487048,2.746977236790753e-8,0.7953601188053564,3,25,vax_eff_0.2,vax_eff,0.2
189,C,0.2748385947295131,4.6989088976710766e-8,0.7251613582813987,3,25,vax_eff_0.2,vax_eff,0.2
190,A,0.20463985126728185,2.4713691914884157e-8,0.7953601240190259,3,25,vax_eff_0.2,vax_eff,0.2
190,C,0.2748385905231319,4.2276866309728747e-8,0.7251613672000021,3,25,vax_eff_0.2,vax_eff,0.2
191,A,0.20463984905632351,2.2234297119645853e-8,0.7953601287093784,3,25,vax_eff_0.2,vax_eff,0.2
191,C,0.27483858673876416,3.8037405043983144e-8,0.7251613752238308,3,25,vax_eff_0.2,vax_eff,0.2
192,A,0.2046398470674424,2.000402758702432e-8,0.7953601329285298,3,25,vax_eff_0.2,vax_eff,0.2
192,C,0.2748385833344089,3.422365366372401e-8,0.7251613824419392,3,25,vax_eff_0.2,vax_eff,0.2
193,A,0.20463984527823895,1.7997745625934867e-8,0.7953601367240151,3,25,vax_eff_0.2,vax_eff,0.2
193,C,0.2748385802717525,3.0792692210588515e-8,0.725161388935556,3,25,vax_eff_0.2,vax_eff,0.2
194,A,0.2046398436685179,1.6192786656473437e-8,0.7953601401386956,3,25,vax_eff_0.2,vax_eff,0.2
194,C,0.2748385775162471,2.7705818643951777e-8,0.7251613947779336,3,25,vax_eff_0.2,vax_eff,0.2
195,A,0.20463984221768666,1.4566042038545284e-8,0.7953601432162706,3,25,vax_eff_0.2,vax_eff,0.2
195,C,0.27483857503266484,2.4923567078486384e-8,0.7251614000437678,3,25,vax_eff_0.2,vax_eff,0.2
196,A,0.2046398409106057,1.3100524692567888e-8,0.7953601459888681,3,25,vax_eff_0.2,vax_eff,0.2
196,C,0.27483857279510426,2.2416922332800366e-8,0.7251614047879739,3,25,vax_eff_0.2,vax_eff,0.2
197,A,0.20463983973248126,1.1779635809441244e-8,0.79536014848788406,3,25,vax_eff_0.2,vax_eff,0.2
197,C,0.2748385707782508,2.0157526352771506e-8,0.7251614090642228,3,25,vax_eff_0.2,vax_eff,0.2
198,A,0.20463983872797267,1.0653453645987909e-8,0.7953601506185737,3,25,vax_eff_0.2,vax_eff,0.2
198,C,0.2748385690585525,1.823102036395185e-8,0.7251614127104268,3,25,vax_eff_0.2,vax_eff,0.2
199,A,0.20463983781948544,9.634950386116894e-9,0.7953601525455618,3,25,vax_eff_0.2,vax_eff,0.2
199,C,0.2748385675032105,1.6488635303226386e-8,0.7251614160081539,3,25,vax_eff_0.2,vax_eff,0.2
200,A,0.20463983699784133,8.713828997328732e-9,0.79536015428833,3,25,vax_eff_0.2,vax_eff,0.2
200,C,0.27483856609651675,1.491277429899561e-8,0.7251614189907101,3,25,vax_eff_0.2,vax_eff,0.2
201,A,0.20463983625473753,7.88077730081646e-9,0.7953601558644846,3,25,vax_eff_0.2,vax_eff,0.2
201,C,0.2748385648242648,1.348752225050743e-8,0.7251614216882144,3,25,vax_eff_0.2,vax_eff,0.2
202,A,0.20463983558266638,7.127373753582218e-9,0.7953601572899597,3,25,vax_eff_0.2,vax_eff,0.2
202,C,0.2748385636736041,1.2198485099032578e-8,0.725161424127911,3,25,vax_eff_0.2,vax_eff,0.2
203,A,0.204639834974837,6.446002246690845e-9,0.7953601585791596,3,25,vax_eff_0.2,vax_eff,0.2
203,C,0.2748385626329159,1.1032644458726106e-8,0.7251614263344397,3,25,vax_eff_0.2,vax_eff,0.2
204,A,0.20463983442510944,5.829775056714536e-9,0.7953601597451152,3,25,vax_eff_0.2,vax_eff,0.2
204,C,0.2748385616916893,9.97822614068164e-9,0.7251614283300853,3,25,vax_eff_0.2,vax_eff,0.2
205,A,0.2046398339279288,5.2724631698587664e-9,0.7953601607996078,3,25,vax_eff_0.2,vax_eff,0.2
205,C,0.27483856084041797,9.024581242386452e-9,0.7251614301350008,3,25,vax_eff_0.2,vax_eff,0.2
206,A,0.20463983347827217,4.7684332730164826e-9,0.7953601617532948,3,25,vax_eff_0.2,vax_eff,0.2
206,C,0.2748385600705049,8.162078601682648e-9,0.7251614317674169,3,25,vax_eff_0.2,vax_eff,0.2
207,A,0.20463983307159653,4.3125907735905745e-9,0.7953601626158137,3,25,vax_eff_0.2,vax_eff,0.2
207,C,0.27483855937417423,7.382007529110591e-9,0.7251614332438178,3,25,vax_eff_0.2,vax_eff,0.2
208,A,0.2046398327037933,3.900328271038861e-9,0.7953601633958782,3,25,vax_eff_0.2,vax_eff,0.2
208,C,0.2748385587443939,6.676489836313323e-9,0.7251614345791155,3,25,vax_eff_0.2,vax_eff,0.2
209,A,0.20463983237114705,3.527478958353791e-9,0.7953601641013741,3,25,vax_eff_0.2,vax_eff,0.2
209,C,0.2748385581748033,6.038400272061627e-9,0.7251614357867959,3,25,vax_eff_0.2,vax_eff,0.2
210,A,0.2046398320702967,3.1902744816526743e-9,0.79536016473943,3,25,vax_eff_0.2,vax_eff,0.2
210,C,0.27483855765964915,5.461294562369249e-9,0.7251614368790533,3,25,vax_eff_0.2,vax_eff,0.2
211,A,0.20463983179820258,2.8853068312301966e-9,0.7953601653164912,3,25,vax_eff_0.2,vax_eff,0.2
211,C,0.2748385571937319,4.939344327961962e-9,0.7251614378669247,3,25,vax_eff_0.2,vax_eff,0.2
212,A,0.20463983155211707,2.6094938782733318e-9,0.7953601658383892,3,25,vax_eff_0.2,vax_eff,0.2
212,C,0.27483855677234226,4.4672782218193096e-9,0.7251614387603801,3,25,vax_eff_0.2,vax_eff,0.2
213,A,0.20463983132955313,2.3600482083739197e-9,0.7953601663103985,3,25,vax_eff_0.2,vax_eff,0.2
213,C,0.27483855639122595,4.040328692325613e-9,0.7251614395684451,3,25,vax_eff_0.2,vax_eff,0.2
214,A,0.20463983112826242,2.134448936371369e-9,0.7953601667372894,3,25,vax_eff_0.2,vax_eff,0.2
214,C,0.2748385560465336,3.654183834379847e-9,0.7251614402992816,3,25,vax_eff_0.2,vax_eff,0.2
215,A,0.204639830946212,1.930416217256158e-9,0.795360167123372,3,25,vax_eff_0.2,vax_eff,0.2
215,C,0.2748385557347855,3.3049438421987227e-9,0.7251614409602715,3,25,vax_eff_0.2,vax_eff,0.2
216,A,0.2046398307815621,1.745888195171358e-9,0.7953601674725483,3,25,vax_eff_0.2,vax_eff,0.2
216,C,0.2748385554528314,2.9890816240201226e-9,0.7251614415580869,3,25,vax_eff_0.2,vax_eff,0.2
217,A,0.2046398306326505,1.5790001572400709e-9,0.7953601677883505,3,25,vax_eff_0.2,vax_eff,0.2
217,C,0.2748385551978239,2.7034071809459622e-9,0.7251614420987681,3,25,vax_eff_0.2,vax_eff,0.2
218,A,0.20463983049797205,1.4280656812833403e-9,0.795360168073964,3,25,vax_eff_0.2,vax_eff,0.2
218,C,0.27483855496718906,2.445035392055447e-9,0.7251614425877749,3,25,vax_eff_0.2,vax_eff,0.2
219,A,0.20463983037616565,1.2915595866461578e-9,0.7953601683322741,3,25,vax_eff_0.2,vax_eff,0.2
219,C,0.27483855475859614,2.2113568710828593e-9,0.725161443030046,3,25,vax_eff_0.2,vax_eff,0.2
220,A,0.20463983026600227,1.1681025156351743e-9,0.7953601685658946,3,25,vax_eff_0.2,vax_eff,0.2
220,C,0.27483855456993866,2.0000116185722174e-9,0.7251614434300495,3,25,vax_eff_0.2,vax_eff,0.2
221,A,0.2046398301663688,1.0564469896192554e-9,0.7953601687771847,3,25,vax_eff_0.2,vax_eff,0.2
221,C,0.2748385543993124,1.8088651865488443e-9,0.7251614437918227,3,25,vax_eff_0.2,vax_eff,0.2
222,A,0.20463983007625797,9.554647986860139e-10,0.7953601689682779,3,25,vax_eff_0.2,vax_eff,0.2
222,C,0.27483855424499254,1.635987121599714e-9,0.7251614441190191,3,25,vax_eff_0.2,vax_eff,0.2
223,A,0.20463982999475994,8.641355972938183e-10,0.7953601691411045,3,25,vax_eff_0.2,vax_eff,0.2
223,C,0.2748385541054225,1.4796314686163995e-9,0.725161444414947,3,25,vax_eff_0.2,vax_eff,0.2
224,A,0.20463982992105134,7.81536590562196e-10,0.7953601692974115,3,25,vax_eff_0.2,vax_eff,0.2
224,C,0.27483855397919094,1.3382191378406054e-9,0.7251614446825914,3,25,vax_eff_0.2,vax_eff,0.2
225,A,0.20463982985438822,7.068332068780122e-10,0.7953601694387789,3,25,vax_eff_0.2,vax_eff,0.2
225,C,0.27483855386502376,1.2103219571325698e-9,0.7251614449246552,3,25,vax_eff_0.2,vax_eff,0.2
226,A,0.20463982979409642,6.392706624761888e-10,0.7953601695666322,3,25,vax_eff_0.2,vax_eff,0.2
226,C,0.274838553761768,1.0946482484017417e-9,0.7251614451435844,3,25,vax_eff_0.2,vax_eff,0.2
227,A,0.20463982973956762,5.781663326798193e-10,0.7953601696822645,3,25,vax_eff_0.2,vax_eff,0.2
227,C,0.2748385536683808,9.900297825322153e-10,0.7251614453415905,3,25,vax_eff_0.2,vax_eff,0.2
228,A,0.2046398296902505,5.229028526466822e-10,0.7953601697868453,3,25,vax_eff_0.2,vax_eff,0.2
228,C,0.2748385535839182,8.954099810570818e-10,0.7251614455206724,3,25,vax_eff_0.2,vax_eff,0.2
229,A,0.20463982964564756,4.729218778502854e-10,0.7953601698814305,3,25,vax_eff_0.2,vax_eff,0.2
229,C,0.2748385535075286,8.098332454270496e-10,0.7251614456826395,3,25,vax_eff_0.2,vax_eff,0.2
230,A,0.20463982960530708,4.2771844119822336e-10,0.7953601699669745,3,25,vax_eff_0.2,vax_eff,0.2
230,C,0.2748385534384389,7.324353061066247e-10,0.7251614458291252,3,25,vax_eff_0.2,vax_eff,0.2
231,A,0.2046398295688221,3.868358497266451e-10,0.795360170044342,3,25,vax_eff_0.2,vax_eff,0.2
231,C,0.27483855337595253,6.624344940305554e-10,0.7251614459616119,3,25,vax_eff_0.2,vax_eff,0.2
232,A,0.204639829535825,3.498610692680194e-10,0.795360170114314,3,25,vax_eff_0.2,vax_eff,0.2
232,C,0.27483855331943857,5.991238462684372e-10,0.7251614460814377,3,25,vax_eff_0.2,vax_eff,0.2
233,A,0.2046398295059813,3.164205504254828e-10,0.795360170177598,3,25,vax_eff_0.2,vax_eff,0.2
233,C,0.27483855326832557,5.418639661702839e-10,0.7251614461898097,3,25,vax_eff_0.2,vax_eff,0.2
234,A,0.20463982947899031,2.8617645365089465e-10,0.7953601702348332,3,25,vax_eff_0.2,vax_eff,0.2
234,C,0.2748385532220976,4.900765658855259e-10,0.7251614462878259,3,25,vax_eff_0.2,vax_eff,0.2
235,A,0.20463982945457893,2.588232352604054e-10,0.7953601702865987,3,25,vax_eff_0.2,vax_eff,0.2
235,C,0.27483855318028816,4.4323862603940444e-10,0.7251614463764723,3,25,vax_eff_0.2,vax_eff,0.2
236,A,0.20463982943250045,2.340845598718938e-10,0.7953601703334156,3,25,vax_eff_0.2,vax_eff,0.2
236,C,0.2748385531424736,4.0087711358357825e-10,0.7251614464566483,3,25,vax_eff_0.2,vax_eff,0.2
237,A,0.20463982941253256,2.1171050804984965e-10,0.7953601703757568,3,25,vax_eff_0.2,vax_eff,0.2
237,C,0.274838553108274,3.625642044748756e-10,0.7251614465291611,3,25,vax_eff_0.2,vax_eff,0.2
238,A,0.20463982939447276,1.9147505089599123e-10,0.7953601704140518,3,25,vax_eff_0.2,vax_eff,0.2
238,C,0.27483855307734273,3.279129625660401e-10,0.725161446594744,3,25,vax_eff_0.2,vax_eff,0.2
239,A,0.20463982937813965,1.7317376621550068e-10,0.7953601704486875,3,25,vax_eff_0.2,vax_eff,0.2
239,C,0.27483855304936755,2.9657343290598725e-10,0.7251614466540586,3,25,vax_eff_0.2,vax_eff,0.2
240,A,0.20463982936336694,1.5662177287005963e-10,0.795360170480012,3,25,vax_eff_0.2,vax_eff,0.2
240,C,0.274838553024066,2.682291064129823e-10,0.7251614467077055,3,25,vax_eff_0.2,vax_eff,0.2
241,A,0.2046398293500065,1.4165186270805642e-10,0.7953601705083415,3,25,vax_eff_0.2,vax_eff,0.2
241,C,0.27483855300118265,2.4259372352961464e-10,0.725161446756223,3,25,vax_eff_0.2,vax_eff,0.2
242,A,0.2046398293379232,1.2811281108767526e-10,0.7953601705339642,3,25,vax_eff_0.2,vax_eff,0.2
242,C,0.27483855298048643,2.1940838327948057e-10,0.725161446800105,3,25,vax_eff_0.2,vax_eff,0.2
243,A,0.20463982932699454,1.158678489153916e-10,0.7953601705571383,3,25,vax_eff_0.2,vax_eff,0.2
243,C,0.27483855296176835,1.9843892853651864e-10,0.725161446839794,3,25,vax_eff_0.2,vax_eff,0.2
244,A,0.20463982931711025,1.0479328076297927e-10,0.7953601705780959,3,25,vax_eff_0.2,vax_eff,0.2
244,C,0.27483855294483955,1.7947358119081133e-10,0.7251614468756887,3,25,vax_eff_0.2,vax_eff,0.2
245,A,0.204639829308171,9.477723509597914e-11,0.7953601705970514,3,25,vax_eff_0.2,vax_eff,0.2
245,C,0.27483855292952764,1.6232080332762964e-10,0.7251614469081514,3,25,vax_eff_0.2,vax_eff,0.2
246,A,0.2046398293000859,8.57185339821967e-11,0.7953601706141954,3,25,vax_eff_0.2,vax_eff,0.2
246,C,0.2748385529156798,1.468073628190657e-10,0.7251614469375134,3,25,vax_eff_0.2,vax_eff,0.2
247,A,0.20463982929277377,7.752567085667743e-11,0.7953601706297005,3,25,vax_eff_0.2,vax_eff,0.2
247,C,0.2748385529031547,1.3277658379204e-10,0.7251614469640676,3,25,vax_eff_0.2,vax_eff,0.2
248,A,0.20463982928616026,7.011588601194324e-11,0.7953601706437242,3,25,vax_eff_0.2,vax_eff,0.2
248,C,0.2748385528918274,1.2008676430358272e-10,0.7251614469880868,3,25,vax_eff_0.2,vax_eff,0.2
249,A,0.20463982928017896,6.341433047016646e-11,0.7953601706564069,3,25,vax_eff_0.2,vax_eff,0.2
249,C,0.2748385528815824,1.0860974524296882e-10,0.7251614470098073,3,25,vax_eff_0.2,vax_eff,0.2
250,A,0.20463982927476912,5.735330978735338e-11,0.7953601706678762,3,25,vax_eff_0.2,vax_eff,0.2
250,C,0.27483855287231684,9.822961600757932e-11,0.7251614470294543,3,25,vax_eff_0.2,vax_eff,0.2
251,A,0.20463982926987692,5.187160014757638e-11,0.7953601706782524,3,25,vax_eff_0.2,vax_eff,0.2
251,C,0.27483855286393616,8.884154388067162e-11,0.7251614470472217,3,25,vax_eff_0.2,vax_eff,0.2
252,A,0.20463982926545168,4.6913829835984874e-11,0.7953601706876348,3,25,vax_eff_0.2,vax_eff,0.2
252,C,0.2748385528563568,8.03507152885605e-11,0.7251614470632921,3,25,vax_eff_0.2,vax_eff,0.2
253,A,0.20463982926144964,4.242991984015177e-11,0.7953601706961196,3,25,vax_eff_0.2,vax_eff,0.2
253,C,0.2748385528495023,7.267137824460511e-11,0.7251614470778255,3,25,vax_eff_0.2,vax_eff,0.2
254,A,0.20463982925783003,3.8374577926930424e-11,0.7953601707037945,3,25,vax_eff_0.2,vax_eff,0.2
254,C,0.2748385528433024,6.572597630932188e-11,0.725161447090971,3,25,vax_eff_0.2,vax_eff,0.2
255,A,0.20463982925455637,3.4706841082480765e-11,0.7953601707107371,3,25,vax_eff_0.2,vax_eff,0.2
255,C,0.2748385528376949,5.944436532019505e-11,0.7251614471028608,3,25,vax_eff_0.2,vax_eff,0.2
256,A,0.20463982925159585,3.1389661691916555e-11,0.7953601707170155,3,25,vax_eff_0.2,vax_eff,0.2
256,C,0.2748385528326237,5.3763104980668414e-11,0.7251614471136134,3,25,vax_eff_0.2,vax_eff,0.2
257,A,0.20463982924891816,2.838953327707811e-11,0.7953601707226926,3,25,vax_eff_0.2,vax_eff,0.2
257,C,0.2748385528280372,4.8624818153838034e-11,0.725161447123339,3,25,vax_eff_0.2,vax_eff,0.2
258,A,0.20463982924649646,2.567615203327172e-11,0.7953601707278272,3,25,vax_eff_0.2,vax_eff,0.2
258,C,0.2748385528238888,4.397761138854443e-11,0.7251614471321343,3,25,vax_eff_0.2,vax_eff,0.2
259,A,0.20463982924430585,2.3222110631827446e-11,0.7953601707324722,3,25,vax_eff_0.2,vax_eff,0.2
259,C,0.27483855282013686,3.977455083350936e-11,0.7251614471400895,3,25,vax_eff_0.2,vax_eff,0.2
260,A,0.20463982924232468,2.1002621417008966e-11,0.795360170736673,3,25,vax_eff_0.2,vax_eff,0.2
260,C,0.27483855281674396,3.59731882310011e-11,0.7251614471472848,3,25,vax_eff_0.2,vax_eff,0.2
261,A,0.20463982924053317,1.899526599289076e-11,0.7953601707404724,3,25,vax_eff_0.2,vax_eff,0.2
261,C,0.2748385528136749,3.253513221740574e-11,0.7251614471537912,3,25,vax_eff_0.2,vax_eff,0.2
262,A,0.2046398292389125,1.717976875248132e-11,0.7953601707439069,3,25,vax_eff_0.2,vax_eff,0.2
262,C,0.274838552810899,2.942566059536146e-11,0.725161447159675,3,25,vax_eff_0.2,vax_eff,0.2
263,A,0.20463982923744697,1.5537792060168214e-11,0.795360170747015,3,25,vax_eff_0.2,vax_eff,0.2
263,C,0.2748385528083884,2.661336966170783e-11,0.7251614471649972,3,25,vax_eff_0.2,vax_eff,0.2
264,A,0.20463982923612148,1.4052751012327419e-11,0.7953601707498263,3,25,vax_eff_0.2,vax_eff,0.2
264,C,0.2748385528061183,2.4069857050093188e-11,0.7251614471698128,3,25,vax_eff_0.2,vax_eff,0.2
265,A,0.20463982923492258,1.2709645904557188e-11,0.7953601707523678,3,25,vax_eff_0.2,vax_eff,0.2
265,C,0.2748385528040648,2.176943488515647e-11,0.7251614471741658,3,25,vax_eff_0.2,vax_eff,0.2
266,A,0.2046398292338387,1.1494910712915356e-11,0.7953601707546684,3,25,vax_eff_0.2,vax_eff,0.2
266,C,0.27483855280220754,1.968887035132822e-11,0.7251614471781034,3,25,vax_eff_0.2,vax_eff,0.2
267,A,0.20463982923285792,1.0396276058349802e-11,0.795360170756746,3,25,vax_eff_0.2,vax_eff,0.2
267,C,0.27483855280052816,1.780715105616151e-11,0.7251614471816662,3,25,vax_eff_0.2,vax_eff,0.2
268,A,0.20463982923197102,9.402645269857175e-12,0.7953601707586266,3,25,vax_eff_0.2,vax_eff,0.2
268,C,0.2748385527990083,1.6105272818515354e-11,0.7251614471848861,3,25,vax_eff_0.2,vax_eff,0.2
269,A,0.2046398292311688,8.503982294252632e-12,0.7953601707603264,3,25,vax_eff_0.2,vax_eff,0.2
269,C,0.27483855279763464,1.456604773838888e-11,0.7251614471878004,3,25,vax_eff_0.2,vax_eff,0.2
270,A,0.20463982923044324,7.691210320133413e-12,0.7953601707618652,3,25,vax_eff_0.2,vax_eff,0.2
270,C,0.27483855279639174,1.3173930610033601e-11,0.7251614471904334,3,25,vax_eff_0.2,vax_eff,0.2
271,A,0.20463982922978716,6.956120091872052e-12,0.7953601707632567,3,25,vax_eff_0.2,vax_eff,0.2
271,C,0.27483855279526803,1.1914861925230168e-11,0.7251614471928173,3,25,vax_eff_0.2,vax_eff,0.2
272,A,0.20463982922919352,6.2912869873798676e-12,0.795360170764515,3,25,vax_eff_0.2,vax_eff,0.2
272,C,0.2748385527942519,1.0776125881161986e-11,0.7251614471949729,3,25,vax_eff_0.2,vax_eff,0.2
273,A,0.2046398292286568,5.689996021926464e-12,0.7953601707656524,3,25,vax_eff_0.2,vax_eff,0.2
273,C,0.27483855279333175,9.746221958857378e-12,0.7251614471969209,3,25,vax_eff_0.2,vax_eff,0.2
274,A,0.2046398292281715,5.146174020380619e-12,0.7953601707666824,3,25,vax_eff_0.2,vax_eff,0.2
274,C,0.2748385527925011,8.814748775225199e-12,0.7251614471986856,3,25,vax_eff_0.2,vax_eff,0.2
275,A,0.2046398292277328,4.654328272662335e-12,0.7953601707676135,3,25,vax_eff_0.2,vax_eff,0.2
275,C,0.2748385527917489,7.972299035662921e-12,0.7251614472002795,3,25,vax_eff_0.2,vax_eff,0.2
276,A,0.2046398292273356,4.2094910526963506e-12,0.7953601707684549,3,25,vax_eff_0.2,vax_eff,0.2
276,C,0.27483855279106867,7.210364526327069e-12,0.7251614472017217,3,25,vax_eff_0.2,vax_eff,0.2
277,A,0.20463982922697663,3.807169440396378e-12,0.7953601707692165,3,25,vax_eff_0.2,vax_eff,0.2
277,C,0.27483855279045344,6.521250186547962e-12,0.7251614472030262,3,25,vax_eff_0.2,vax_eff,0.2
278,A,0.20463982922665194,3.4432999356943245e-12,0.7953601707699047,3,25,vax_eff_0.2,vax_eff,0.2
278,C,0.2748385527898973,5.897996401061806e-12,0.72516144720420594,3,25,vax_eff_0.2,vax_eff,0.2
279,A,0.20463982922635812,3.1142074267677484e-12,0.7953601707705288,3,25,vax_eff_0.2,vax_eff,0.2
279,C,0.27483855278939423,5.3343086898918894e-12,0.7251614472052726,3,25,vax_eff_0.2,vax_eff,0.2
280,A,0.20463982922609203,2.8165680572438695e-12,0.7953601707710911,3,25,vax_eff_0.2,vax_eff,0.2
280,C,0.27483855278893854,4.824494158704589e-12,0.7251614472062368,3,25,vax_eff_0.2,vax_eff,0.2
281,A,0.2046398292258521,2.5473756555004206e-12,0.7953601707716003,3,25,vax_eff_0.2,vax_eff,0.2
281,C,0.2748385527885272,4.363404000286145e-12,0.72516144720711,3,25,vax_eff_0.2,vax_eff,0.2
282,A,0.20463982922563467,2.3039113716656447e-12,0.7953601707720611,3,25,vax_eff_0.2,vax_eff,0.2
282,C,0.2748385527881551,3.946381492978761e-12,0.7251614472078992,3,25,vax_eff_0.2,vax_eff,0.2
283,A,0.20463982922543825,2.083716215769645e-12,0.7953601707724778,3,25,vax_eff_0.2,vax_eff,0.2
283,C,0.2748385527878184,3.5692149707258757e-12,0.7251614472086131,3,25,vax_eff_0.2,vax_eff,0.2
284,A,0.20463982922526036,1.88456622071625e-12,0.7953601707728553,3,25,vax_eff_0.2,vax_eff,0.2
284,C,0.2748385527875141,3.228095287897428e-12,0.7251614472092581,3,25,vax_eff_0.2,vax_eff,0.2
285,A,0.20463982922509952,1.7044499791871938e-12,0.7953601707731959,3,25,vax_eff_0.2,vax_eff,0.2
285,C,0.2748385527872384,2.9195773493170045e-12,0.7251614472098424,3,25,vax_eff_0.2,vax_eff,0.2
286,A,0.20463982922495416,1.5415483275713407e-12,0.7953601707735044,3,25,vax_eff_0.2,vax_eff,0.2
286,C,0.2748385527869892,2.640545316968526e-12,0.7251614472103695,3,25,vax_eff_0.2,vax_eff,0.2
287,A,0.20463982922482263,1.3942159717011647e-12,0.7953601707737833,3,25,vax_eff_0.2,vax_eff,0.2
287,C,0.2748385527867644,2.3881811419924784e-12,0.7251614472108485,3,25,vax_eff_0.2,vax_eff,0.2
288,A,0.2046398292247039,1.260964868794405e-12,0.7953601707740355,3,25,vax_eff_0.2,vax_eff,0.2
288,C,0.2748385527865603,2.159936104164456e-12,0.7251614472112802,3,25,vax_eff_0.2,vax_eff,0.2
289,A,0.20463982922459606,1.1404491977396765e-12,0.7953601707742637,3,25,vax_eff_0.2,vax_eff,0.2
289,C,0.27483855278637576,1.9535050714232034e-12,0.7251614472116699,3,25,vax_eff_0.2,vax_eff,0.2
290,A,0.2046398292244988,1.0314517659096977e-12,0.7953601707744701,3,25,vax_eff_0.2,vax_eff,0.2
290,C,0.2748385527862094,1.7668032194854027e-12,0.7251614472120238,3,25,vax_eff_0.2,vax_eff,0.2
291,A,0.2046398292244107,9.32871715197144e-13,0.7953601707746569,3,25,vax_eff_0.2,vax_eff,0.2
291,C,0.27483855278605895,1.5979449764301438e-12,0.7251614472123447,3,25,vax_eff_0.2,vax_eff,0.2
292,A,0.20463982922433124,8.437134030922255e-13,0.7953601707748242,3,25,vax_eff_0.2,vax_eff,0.2
292,C,0.27483855278592234,1.4452249796067593e-12,0.7251614472126325,3,25,vax_eff_0.2,vax_eff,0.2
293,A,0.20463982922425933,7.630763464906982e-13,0.7953601707749773,3,25,vax_eff_0.2,vax_eff,0.2
293,C,0.27483855278579944,1.3071008525427724e-12,0.7251614472128953,3,25,vax_eff_0.2,vax_eff,0.2
294,A,0.2046398292241939,6.901461266561922e-13,0.7953601707751152,3,25,vax_eff_0.2,vax_eff,0.2
294,C,0.2748385527856881,1.1821776279096104e-12,0.7251614472131319,3,25,vax_eff_0.2,vax_eff,0.2
295,A,0.20463982922413562,6.241861634695567e-13,0.7953601707752413,3,25,vax_eff_0.2,vax_eff,0.2
295,C,0.27483855278558683,1.0691936592279279e-12,0.7251614472133456,3,25,vax_eff_0.2,vax_eff,0.2
296,A,0.20463982922408205,5.645302758788842e-13,0.7953601707753528,3,25,vax_eff_0.2,vax_eff,0.2
296,C,0.2748385527854956,9.67007879029632e-13,0.7251614472135386,3,25,vax_eff_0.2,vax_eff,0.2
297,A,0.20463982922403384,5.105759534054489e-13,0.7953601707754558,3,25,vax_eff_0.2,vax_eff,0.2
297,C,0.2748385527854132,8.745882747920689e-13,0.7251614472137128,3,25,vax_eff_0.2,vax_eff,0.2
298,A,0.20463982922399018,4.617782713431063e-13,0.795360170775547,3,25,vax_eff_0.2,vax_eff,0.2
298,C,0.27483855278533836,7.910014658241786e-13,0.725161447213871,3,25,vax_eff_0.2,vax_eff,0.2
299,A,0.20463982922395113,4.1764438517595356e-13,0.7953601707756318,3,25,vax_eff_0.2,vax_eff,0.2
299,C,0.2748385527852708,7.15403278008977e-13,0.7251614472140141,3,25,vax_eff_0.2,vax_eff,0.2
300,A,0.20463982922391522,3.7772855453122736e-13,0.7953601707757065,3,25,vax_eff_0.2,vax_eff,0.2
300,C,0.2748385527852103,6.470302169707027e-13,0.725161447214144,3,25,vax_eff_0.2,vax_eff,0.2
301,A,0.20463982922388288,3.4162764086984473e-13,0.7953601707757758,3,25,vax_eff_0.2,vax_eff,0.2
301,C,0.27483855278515507,5.85191757487827e-13,0.7251614472142609,3,25,vax_eff_0.2,vax_eff,0.2
302,A,0.20463982922385385,3.089770356388746e-13,0.7953601707758378,3,25,vax_eff_0.2,vax_eff,0.2
302,C,0.27483855278510466,5.292633697293158e-13,0.7251614472143665,3,25,vax_eff_0.2,vax_eff,0.2
303,A,0.20463982922382776,2.794469777381289e-13,0.7953601707758933,3,25,vax_eff_0.2,vax_eff,0.2
303,C,0.27483855278505986,4.786802118943612e-13,0.7251614472144631,3,25,vax_eff_0.2,vax_eff,0.2
304,A,0.20463982922380383,2.5273922295127653e-13,0.7953601707759438,3,25,vax_eff_0.2,vax_eff,0.2
304,C,0.27483855278501906,4.329314256637691e-13,0.725161447214549,3,25,vax_eff_0.2,vax_eff,0.2
305,A,0.2046398292237822,2.285840317014175e-13,0.7953601707759897,3,25,vax_eff_0.2,vax_eff,0.2
305,C,0.2748385527849813,3.915549768506624e-13,0.7251614472146264,3,25,vax_eff_0.2,vax_eff,0.2
306,A,0.20463982922376253,2.0673744470636644e-13,0.7953601707760306,3,25,vax_eff_0.2,vax_eff,0.2
306,C,0.2748385527849484,3.5413298914431246e-13,0.7251614472146979,3,25,vax_eff_0.2,vax_eff,0.2
307,A,0.20463982922374493,1.8697881901685759e-13,0.7953601707760679,3,25,vax_eff_0.2,vax_eff,0.2
307,C,0.27483855278491803,3.202875238208218e-13,0.7251614472147621,3,25,vax_eff_0.2,vax_eff,0.2
308,A,0.20463982922372903,1.6910859955093183e-13,0.7953601707761017,3,25,vax_eff_0.2,vax_eff,0.2
308,C,0.27483855278489083,2.8967676279842336e-13,0.72516144721482,3,25,vax_eff_0.2,vax_eff,0.2
309,A,0.20463982922371451,1.5294630361640492e-13,0.7953601707761326,3,25,vax_eff_0.2,vax_eff,0.2
309,C,0.2748385527848664,2.619915564886215e-13,0.7251614472148725,3,25,vax_eff_0.2,vax_eff,0.2
310,A,0.20463982922370164,1.3832869806461846e-13,0.795360170776161,3,25,vax_eff_0.2,vax_eff,0.2
310,C,0.27483855278484404,2.369523015786565e-13,0.7251614472149198,3,25,vax_eff_0.2,vax_eff,0.2
311,A,0.2046398292236898,1.2510815066434655e-13,0.7953601707761845,3,25,vax_eff_0.2,vax_eff,0.2
311,C,0.2748385527848241,2.143061172128493e-13,0.7251614472149627,3,25,vax_eff_0.2,vax_eff,0.2
312,A,0.20463982922367932,1.1315113904443747e-13,0.7953601707762075,3,25,vax_eff_0.2,vax_eff,0.2
312,C,0.2748385527848058,1.938242910540269e-13,0.7251614472150019,3,25,vax_eff_0.2,vax_eff,0.2
313,A,0.20463982922366936,1.0233690214528359e-13,0.7953601707762274,3,25,vax_eff_0.2,vax_eff,0.2
313,C,0.274838552784789,1.7529996943186244e-13,0.7251614472150361,3,25,vax_eff_0.2,vax_eff,0.2
314,A,0.2046398292236607,9.255622055860835e-14,0.7953601707762465,3,25,vax_eff_0.2,vax_eff,0.2
314,C,0.27483855278477337,1.5854606825006082e-13,0.7251614472150677,3,25,vax_eff_0.2,vax_eff,0.2
315,A,0.20463982922365304,8.371031343687562e-14,0.7953601707762635,3,25,vax_eff_0.2,vax_eff,0.2
315,C,0.2748385527847603,1.4339338355387776e-13,0.7251614472150976,3,25,vax_eff_0.2,vax_eff,0.2
316,A,0.20463982922364582,7.570984083102444e-14,0.7953601707762786,3,25,vax_eff_0.2,vax_eff,0.2
316,C,0.27483855278474756,1.2968888267587917e-13,0.7251614472151223,3,25,vax_eff_0.2,vax_eff,0.2
317,A,0.20463982922363932,6.847400138008469e-14,0.7953601707762927,3,25,vax_eff_0.2,vax_eff,0.2
317,C,0.27483855278473684,1.1729415870158761e-13,0.7251614472151462,3,25,vax_eff_0.2,vax_eff,0.2
318,A,0.20463982922363325,6.192971618577871e-14,0.7953601707763043,3,25,vax_eff_0.2,vax_eff,0.2
318,C,0.2748385527847271,1.0608403265932726e-13,0.7251614472151676,3,25,vax_eff_0.2,vax_eff,0.2
319,A,0.20463982922362817,5.601089089805647e-14,0.795360170776316,3,25,vax_eff_0.2,vax_eff,0.2
319,C,0.2748385527847173,9.59452892505338e-14,0.7251614472151857,3,25,vax_eff_0.2,vax_eff,0.2
320,A,0.2046398292236234,5.0657748030647016e-14,0.7953601707763267,3,25,vax_eff_0.2,vax_eff,0.2
320,C,0.2748385527847093,8.677553348380958e-14,0.7251614472152034,3,25,vax_eff_0.2,vax_eff,0.2
321,A,0.2046398292236189,4.581622325586353e-14,0.7953601707763351,3,25,vax_eff_0.2,vax_eff,0.2
321,C,0.27483855278470265,7.848215654193916e-14,0.7251614472152202,3,25,vax_eff_0.2,vax_eff,0.2
322,A,0.2046398292236147,4.143741938566313e-14,0.7953601707763437,3,25,vax_eff_0.2,vax_eff,0.2
322,C,0.27483855278469593,7.098140048718338e-14,0.725161447215234,3,25,vax_eff_0.2,vax_eff,0.2
323,A,0.20463982922361149,3.7477112525965484e-14,0.7953601707763506,3,25,vax_eff_0.2,vax_eff,0.2
323,C,0.27483855278468977,6.419751235840078e-14,0.7251614472152466,3,25,vax_eff_0.2,vax_eff,0.2
324,A,0.20463982922360838,3.3895305430158196e-14,0.7953601707763582,3,25,vax_eff_0.2,vax_eff,0.2
324,C,0.2748385527846842,5.806197911342898e-14,0.725161447215258,3,25,vax_eff_0.2,vax_eff,0.2
325,A,0.2046398292236055,3.065582354070947e-14,0.7953601707763646,3,25,vax_eff_0.2,vax_eff,0.2
325,C,0.27483855278467917,5.2512835690121675e-14,0.7251614472152688,3,25,vax_eff_0.2,vax_eff,0.2
326,A,0.20463982922360296,2.7725949638956535e-14,0.7953601707763698,3,25,vax_eff_0.2,vax_eff,0.2
326,C,0.2748385527846749,4.749403919789317e-14,0.7251614472152785,3,25,vax_eff_0.2,vax_eff,0.2
327,A,0.20463982922360052,2.5076093413084655e-14,0.7953601707763751,3,25,vax_eff_0.2,vax_eff,0.2
327,C,0.27483855278467073,4.295490291949517e-14,0.7251614472152866,3,25,vax_eff_0.2,vax_eff,0.2
328,A,0.20463982922359839,2.2679492606986386e-14,0.7953601707763793,3,25,vax_eff_0.2,vax_eff,0.2
328,C,0.27483855278466696,3.8849584406798024e-14,0.7251614472152943,3,25,vax_eff_0.2,vax_eff,0.2
329,A,0.20463982922359641,2.05119427316552e-14,0.7953601707763833,3,25,vax_eff_0.2,vax_eff,0.2
329,C,0.27483855278466407,3.513662250066544e-14,0.7251614472153024,3,25,vax_eff_0.2,vax_eff,0.2
330,A,0.20463982922359472,1.855155260924993e-14,0.7953601707763871,3,25,vax_eff_0.2,vax_eff,0.2
330,C,0.2748385527846605,3.177851859911033e-14,0.7251614472153076,3,25,vax_eff_0.2,vax_eff,0.2
331,A,0.2046398292235931,1.677852328087475e-14,0.7953601707763904,3,25,vax_eff_0.2,vax_eff,0.2
331,C,0.274838552784658,2.874135794480589e-14,0.7251614472153138,3,25,vax_eff_0.2,vax_eff,0.2
332,A,0.20463982922359186,1.517494804509088e-14,0.7953601707763941,3,25,vax_eff_0.2,vax_eff,0.2
332,C,0.27483855278465563,2.5994467107188153e-14,0.725161447215319,3,25,vax_eff_0.2,vax_eff,0.2
333,A,0.2046398292235904,1.3724631607595553e-14,0.7953601707763968,3,25,vax_eff_0.2,vax_eff,0.2
333,C,0.27483855278465325,2.3510104199936953e-14,0.7251614472153235,3,25,vax_eff_0.2,vax_eff,0.2
334,A,0.20463982922358936,1.2412926515523684e-14,0.7953601707763991,3,25,vax_eff_0.2,vax_eff,0.2
334,C,0.27483855278465114,2.126317870522345e-14,0.7251614472153272,3,25,vax_eff_0.2,vax_eff,0.2
335,A,0.2046398292235883,1.1226585224400628e-14,0.7953601707764013,3,25,vax_eff_0.2,vax_eff,0.2
335,C,0.2748385527846493,1.923099807512489e-14,0.7251614472153315,3,25,vax_eff_0.2,vax_eff,0.2
336,A,0.20463982922358726,1.015362630366212e-14,0.7953601707764036,3,25,vax_eff_0.2,vax_eff,0.2
336,C,0.2748385527846477,1.7393038551039125e-14,0.7251614472153346,3,25,vax_eff_0.2,vax_eff,0.2
337,A,0.20463982922358642,9.183213429454642e-15,0.795360170776405,3,25,vax_eff_0.2,vax_eff,0.2
337,C,0.27483855278464625,1.5730737886517975e-14,0.7251614472153378,3,25,vax_eff_0.2,vax_eff,0.2
338,A,0.20463982922358573,8.305545938974378e-15,0.7953601707764071,3,25,vax_eff_0.2,vax_eff,0.2
338,C,0.2748385527846447,1.42273078866301e-14,0.7251614472153407,3,25,vax_eff_0.2,vax_eff,0.2
339,A,0.20463982922358503,7.511759859095255e-15,0.7953601707764086,3,25,vax_eff_0.2,vax_eff,0.2
339,C,0.2748385527846435,1.2867564838322542e-14,0.7251614472153433,3,25,vax_eff_0.2,vax_eff,0.2
340,A,0.20463982922358442,6.793838374089609e-15,0.7953601707764102,3,25,vax_eff_0.2,vax_eff,0.2
340,C,0.2748385527846426,1.1637776182129477e-14,0.7251614472153456,3,25,vax_eff_0.2,vax_eff,0.2
341,A,0.20463982922358373,6.1445308614589126e-15,0.7953601707764115,3,25,vax_eff_0.2,vax_eff,0.2
341,C,0.27483855278464175,1.0525521818574694e-14,0.725161447215348,3,25,vax_eff_0.2,vax_eff,0.2
342,A,0.20463982922358315,5.557279664958489e-15,0.7953601707764124,3,25,vax_eff_0.2,vax_eff,0.2
342,C,0.27483855278464087,9.519568671316115e-15,0.72516144721535,3,25,vax_eff_0.2,vax_eff,0.2
343,A,0.20463982922358256,5.026153865365582e-15,0.795360170776413,3,25,vax_eff_0.2,vax_eff,0.2
343,C,0.2748385527846401,8.609757240074697e-15,0.7251614472153524,3,25,vax_eff_0.2,vax_eff,0.2
344,A,0.20463982922358212,4.545789381025121e-15,0.7953601707764136,3,25,vax_eff_0.2,vax_eff,0.2
344,C,0.2748385527846393,7.786898996012339e-15,0.7251614472153535,3,25,vax_eff_0.2,vax_eff,0.2
345,A,0.20463982922358184,4.111334793210444e-15,0.7953601707764146,3,25,vax_eff_0.2,vax_eff,0.2
345,C,0.2748385527846387,7.042683583316093e-15,0.7251614472153549,3,25,vax_eff_0.2,vax_eff,0.2
346,A,0.2046398292235814,3.718402349155065e-15,0.7953601707764155,3,25,vax_eff_0.2,vax_eff,0.2
346,C,0.27483855278463787,6.369594889782532e-15,0.7251614472153556,3,25,vax_eff_0.2,vax_eff,0.2
347,A,0.20463982922358123,3.3630236479049595e-15,0.7953601707764163,3,25,vax_eff_0.2,vax_eff,0.2
347,C,0.2748385527846375,5.760835138767647e-15,0.7251614472153565,3,25,vax_eff_0.2,vax_eff,0.2
348,A,0.20463982922358087,3.041609561435377e-15,0.7953601707764163,3,25,vax_eff_0.2,vax_eff,0.2
348,C,0.2748385527846369,5.210256235878005e-15,0.7251614472153579,3,25,vax_eff_0.2,vax_eff,0.2
349,A,0.20463982922358062,2.7509139862515452e-15,0.795360170776417,3,25,vax_eff_0.2,vax_eff,0.2
349,C,0.27483855278463637,4.7122976770478846e-15,0.7251614472153591,3,25,vax_eff_0.2,vax_eff,0.2
350,A,0.20463982922358037,2.4880010593788856e-15,0.7953601707764174,3,25,vax_eff_0.2,vax_eff,0.2
350,C,0.27483855278463587,4.261930390912514e-15,0.7251614472153598,3,25,vax_eff_0.2,vax_eff,0.2
351,A,0.20463982922358026,2.2502155076378125e-15,0.7953601707764183,3,25,vax_eff_0.2,vax_eff,0.2
351,C,0.2748385527846357,3.854605948320304e-15,0.7251614472153608,3,25,vax_eff_0.2,vax_eff,0.2
352,A,0.20463982922358007,2.0351558307430747e-15,0.7953601707764182,3,25,vax_eff_0.2,vax_eff,0.2
352,C,0.27483855278463526,3.4862106260319983e-15,0.7251614472153614,3,25,vax_eff_0.2,vax_eff,0.2
353,A,0.2046398292235799,1.840650047388406e-15,0.7953601707764185,3,25,vax_eff_0.2,vax_eff,0.2
353,C,0.27483855278463504,3.153023860678651e-15,0.7251614472153619,3,25,vax_eff_0.2,vax_eff,0.2
354,A,0.20463982922357982,1.6647337593623117e-15,0.7953601707764192,3,25,vax_eff_0.2,vax_eff,0.2
354,C,0.2748385527846347,2.8516806733892597e-15,0.7251614472153625,3,25,vax_eff_0.2,vax_eff,0.2
355,A,0.20463982922357965,1.5056303121522099e-15,0.7953601707764192,3,25,vax_eff_0.2,vax_eff,0.2
355,C,0.2748385527846344,2.5791376856002797e-15,0.7251614472153631,3,25,vax_eff_0.2,vax_eff,0.2
356,A,0.20463982922357962,1.3617328516677843e-15,0.7953601707764195,3,25,vax_eff_0.2,vax_eff,0.2
356,C,0.27483855278463426,2.332642382827861e-15,0.7251614472153632,3,25,vax_eff_0.2,vax_eff,0.2
357,A,0.2046398292235794,1.2315880958645469e-15,0.7953601707764196,3,25,vax_eff_0.2,vax_eff,0.2
357,C,0.274838552784634,2.1097053159860672e-15,0.7251614472153639,3,25,vax_eff_0.2,vax_eff,0.2
358,A,0.2046398292235792,1.1138816578863255e-15,0.79536017077642,3,25,vax_eff_0.2,vax_eff,0.2
358,C,0.2748385527846338,1.9080749575218496e-15,0.725161447215364,3,25,vax_eff_0.2,vax_eff,0.2
359,A,0.20463982922357907,1.007424769875966e-15,0.7953601707764203,3,25,vax_eff_0.2,vax_eff,0.2
359,C,0.2748385527846337,1.7257149683098551e-15,0.7251614472153646,3,25,vax_eff_0.2,vax_eff,0.2
360,A,0.20463982922357898,9.11142278561241e-16,0.7953601707764204,3,25,vax_eff_0.2,vax_eff,0.2
360,C,0.2748385527846335,1.5607836264435587e-15,0.7251614472153648,3,25,vax_eff_0.2,vax_eff,0.2
361,A,0.2046398292235789,8.240617864894035e-16,0.7953601707764206,3,25,vax_eff_0.2,vax_eff,0.2
361,C,0.27483855278463337,1.4116152280149385e-15,0.7251614472153649,3,25,vax_eff_0.2,vax_eff,0.2
362,A,0.20463982922357882,7.453038312035389e-16,0.7953601707764211,3,25,vax_eff_0.2,vax_eff,0.2
362,C,0.2748385527846333,1.2767032650324932e-15,0.7251614472153651,3,25,vax_eff_0.2,vax_eff,0.2
363,A,0.2046398292235787,6.740730031522311e-16,0.7953601707764211,3,25,vax_eff_0.2,vax_eff,0.2
363,C,0.27483855278463315,1.1546852106286079e-15,0.7251614472153656,3,25,vax_eff_0.2,vax_eff,0.2
364,A,0.20463982922357868,6.09649912489701e-16,0.7953601707764213,3,25,vax_eff_0.2,vax_eff,0.2
364,C,0.27483855278463315,1.044328758386557e-15,0.725161447215366,3,25,vax_eff_0.2,vax_eff,0.2
365,A,0.20463982922357862,5.513839236350123e-16,0.7953601707764215,3,25,vax_eff_0.2,vax_eff,0.2
365,C,0.2748385527846332,9.445193768129685e-16,0.7251614472153666,3,25,vax_eff_0.2,vax_eff,0.2
0,A,0.999,0.0010000000000000002,0,4,25,vax_eff_0.2,vax_eff,0.2
0,C,0.9990000000000002,0.0010000000000000005,0,4,25,vax_eff_0.2,vax_eff,0.2
1,A,0.9984429850952686,0.001325583053725159,2.3143185100626815e-4,4,25,vax_eff_0.2,vax_eff,0.2
1,C,0.9985606520683907,0.0012181376182301847,2.2121031337874402e-4,4,25,vax_eff_0.2,vax_eff,0.2
2,A,0.9977425038990799,0.0017224025177054075,5.350935832158944e-4,4,25,vax_eff_0.2,vax_eff,0.2
2,C,0.9980337959271101,0.0014762200334837647,4.899840394070187e-4,4,25,vax_eff_0.2,vax_eff,0.2
3,A,0.9968780521203667,0.0021962288406664797,9.257190389674316e-4,4,25,vax_eff_0.2,vax_eff,0.2
3,C,0.9974051712239848,0.0017799658694983163,8.148629065177754e-4,4,25,vax_eff_0.2,vax_eff,0.2
4,A,0.9958193011401796,0.0027605786763346147,0.001420120183485205,4,25,vax_eff_0.2,vax_eff,0.2
4,C,0.9966566274425904,0.0021375125966517287,0.001205859960757725,4,25,vax_eff_0.2,vax_eff,0.2
5,A,0.9945255272141507,0.003435647701645215,0.0020388250842035206,4,25,vax_eff_0.2,vax_eff,0.2
5,C,0.9957655438502621,0.0025594248135547035,0.001675031336184798,4,25,vax_eff_0.2,vax_eff,0.2
6,A,0.9929490919833741,0.00424524698760104,0.0028056610290248694,4,25,vax_eff_0.2,vax_eff,0.2
6,C,0.9947061214136322,0.003057821013191283,0.0022360575731751745,4,25,vax_eff_0.2,vax_eff,0.2
7,A,0.9910342735897143,0.00521671683357592,0.0037490095767101898,4,25,vax_eff_0.2,vax_eff,0.2
7,C,0.9934483900111636,0.00364668094488159,0.0029049290439551317,4,25,vax_eff_0.2,vax_eff,0.2
8,A,0.9887103399790834,0.0063840547800340175,0.004905605240882934,4,25,vax_eff_0.2,vax_eff,0.2
8,C,0.991954430036195,0.004343530687626344,0.0037020392761789806,4,25,vax_eff_0.2,vax_eff,0.2
9,A,0.9858958005646209,0.007785279079652056,0.006318920355727162,4,25,vax_eff_0.2,vax_eff,0.2
9,C,0.9901804313285466,0.005168322790626165,0.004651245880827201,4,25,vax_eff_0.2,vax_eff,0.2
10,A,0.9824991800597643,0.00946212835566999,0.008038691584565627,4,25,vax_eff_0.2,vax_eff,0.2
10,C,0.9880770533598657,0.00614325190646706,0.005779694733667732,4,25,vax_eff_0.2,vax_eff,0.2
11,A,0.9784109157716541,0.011463497910058532,0.010125586318288108,4,25,vax_eff_0.2,vax_eff,0.2
11,C,0.9855848913445571,0.007294703628232002,0.0071204050272102625,4,25,vax_eff_0.2,vax_eff,0.2
12,A,0.9735073758478607,0.013842999827636477,0.012649624324502017,4,25,vax_eff_0.2,vax_eff,0.2
12,C,0.9826362609107551,0.008652249444223128,0.0087114896450214,4,25,vax_eff_0.2,vax_eff,0.2
13,A,0.967645957928888,0.016660477455798895,0.01569356461531402,4,25,vax_eff_0.2,vax_eff,0.2
13,C,0.9791519565083215,0.010249868740689729,0.010598174750988447,4,25,vax_eff_0.2,vax_eff,0.2
14,A,0.9606752298765352,0.01997681784217945,0.01934795228128514,4,25,vax_eff_0.2,vax_eff,0.2
14,C,0.9750460623421479,0.012123592443080334,0.012830345214771612,4,25,vax_eff_0.2,vax_eff,0.2
15,A,0.9524184969001862,0.02385977600243192,0.02372172709738285,4,25,vax_eff_0.2,vax_eff,0.2
15,C,0.9702158602628362,0.014315485712715275,0.015468654024448017,4,25,vax_eff_0.2,vax_eff,0.2
16,A,0.9426915412890287,0.028374375307761063,0.028934083403211103,4,25,vax_eff_0.2,vax_eff,0.2
16,C,0.9645496868174972,0.016869571514323126,0.01858074166818151,4,25,vax_eff_0.2,vax_eff,0.2
17,A,0.9313016964681593,0.03358117042711654,0.03511713310472265,4,25,vax_eff_0.2,vax_eff,0.2
17,C,0.9579243251500139,0.019832198525827856,0.022243476324157834,4,25,vax_eff_0.2,vax_eff,0.2
18,A,0.9180519625770561,0.039532191700841636,0.04241584572210199,4,25,vax_eff_0.2,vax_eff,0.2
18,C,0.9502048270498408,0.023251227898871484,0.026543945051288348,4,25,vax_eff_0.2,vax_eff,0.2
19,A,0.9027559521264104,0.04626138389331646,0.05098266398027367,4,25,vax_eff_0.2,vax_eff,0.2
19,C,0.9412494663432612,0.02717255169647224,0.03157798196026618,4,25,vax_eff_0.2,vax_eff,0.2
20,A,0.8852483678320127,0.05377665316312568,0.060974979004862144,4,25,vax_eff_0.2,vax_eff,0.2
20,C,0.9309116957620359,0.03163758759555858,0.03745071664240639,4,25,vax_eff_0.2,vax_eff,0.2
21,A,0.8654042203173083,0.06205147814324939,0.07254430153944195,4,25,vax_eff_0.2,vax_eff,0.2
21,C,0.9190501333509784,0.03667813558125965,0.04427173106776061,4,25,vax_eff_0.2,vax_eff,0.2
22,A,0.8431449161969765,0.0710150705423631,0.08584001326066122,4,25,vax_eff_0.2,vax_eff,0.2
22,C,0.9055246746245562,0.04231430291203808,0.052161022463405544,4,25,vax_eff_0.2,vax_eff,0.2
23,A,0.8184673571414836,0.08054504889363812,0.10098759396487673,4,25,vax_eff_0.2,vax_eff,0.2
23,C,0.8902170406102968,0.04854574370057612,0.06123721568912686,4,25,vax_eff_0.2,vax_eff,0.2
24,A,0.7914540322083229,0.09046224910137426,0.11808371869030224,4,25,vax_eff_0.2,vax_eff,0.2
24,C,0.8730356825258144,0.05534685271237394,0.07161746476181254,4,25,vax_eff_0.2,vax_eff,0.2
25,A,0.7622857958636382,0.10053184284462921,0.13718236129173333,4,25,vax_eff_0.2,vax_eff,0.2
25,C,0.8539299633438866,0.06266008998166919,0.08340994667444354,4,25,vax_eff_0.2,vax_eff,0.2
26,A,0.7312451224914843,0.11046839108275536,0.15828648642576038,4,25,vax_eff_0.2,vax_eff,0.2
26,C,0.8328996418049037,0.07039109947278678,0.09670925872231008,4,25,vax_eff_0.2,vax_eff,0.2
27,A,0.6987009032806554,0.11995961521887528,0.18133948150046927,4,25,vax_eff_0.2,vax_eff,0.2
27,C,0.8100051081789689,0.07840927659064659,0.11158561523038504,4,25,vax_eff_0.2,vax_eff,0.2
28,A,0.6651083062175279,0.1286741039781319,0.20621758980433885,4,25,vax_eff_0.2,vax_eff,0.2
28,C,0.7853775554163812,0.08654240002006787,0.12808004456355088,4,25,vax_eff_0.2,vax_eff,0.2
29,A,0.6309666435644207,0.13629829231752752,0.23273506411805286,4,25,vax_eff_0.2,vax_eff,0.2
29,C,0.7592160740545064,0.09458784911129284,0.1461960768342009,4,25,vax_eff_0.2,vax_eff,0.2
30,A,0.5967993828017876,0.14255608914027987,0.2606445280579317,4,25,vax_eff_0.2,vax_eff,0.2
30,C,0.7317887145774312,0.1023176462147594,0.16589363920780914,4,25,vax_eff_0.2,vax_eff,0.2
31,A,0.563110025150625,0.1472379394128655,0.2896520354365099,4,25,vax_eff_0.2,vax_eff,0.2
31,C,0.7034176820076966,0.10949627085922481,0.18708604713308,4,25,vax_eff_0.2,vax_eff,0.2
32,A,0.5303650350483774,0.15020915865710813,0.3194258062945135,4,25,vax_eff_0.2,vax_eff,0.2
32,C,0.674469335401779,0.11589143968796495,0.2096392249102574,4,25,vax_eff_0.2,vax_eff,0.2
33,A,0.4989584810556708,0.1514231873360253,0.3496183316083031,4,25,vax_eff_0.2,vax_eff,0.2
33,C,0.6453279774787619,0.12129645124563607,0.23337557127560235,4,25,vax_eff_0.2,vax_eff,0.2
34,A,0.4692017038470475,0.15091751780086476,0.37988077835208733,4,25,vax_eff_0.2,vax_eff,0.2
34,C,0.6163769587351733,0.12554361433712682,0.25807942692770003,4,25,vax_eff_0.2,vax_eff,0.2
35,A,0.44132062763933694,0.14880139101915196,0.4098779813415109,4,25,vax_eff_0.2,vax_eff,0.2
35,C,0.5879789007551033,0.1285141778170387,0.28350692142785777,4,25,vax_eff_0.2,vax_eff,0.2
36,A,0.41544993421274423,0.14524548763468198,0.43930457815257384,4,25,vax_eff_0.2,vax_eff,0.2
36,C,0.560454430967596,0.13015029018737848,0.3093952788450247,4,25,vax_eff_0.2,vax_eff,0.2
37,A,0.3916481336797393,0.14045679082462156,0.46789507549564063,4,25,vax_eff_0.2,vax_eff,0.2
37,C,0.5340694821381315,0.13045198737496058,0.3354785304869076,4,25,vax_eff_0.2,vax_eff,0.2
38,A,0.3699114703472065,0.13466575317760435,0.4954227764751887,4,25,vax_eff_0.2,vax_eff,0.2
38,C,0.5090361996051487,0.1294719356309855,0.361491864763866,4,25,vax_eff_0.2,vax_eff,0.2
39,A,0.35018317624074086,0.12810547959605925,0.5217113441631999,4,25,vax_eff_0.2,vax_eff,0.2
39,C,0.4855016479824311,0.12730936196702972,0.3871889900505397,4,25,vax_eff_0.2,vax_eff,0.2
40,A,0.3323698205238808,0.12100075894965433,0.5466294205264651,4,25,vax_eff_0.2,vax_eff,0.2
40,C,0.46355617091055135,0.12409777357729188,0.41234605551215664,4,25,vax_eff_0.2,vax_eff,0.2
41,A,0.31635274728540336,0.11355795193508818,0.5700893007795095,4,25,vax_eff_0.2,vax_eff,0.2
41,C,0.44323801478673847,0.11999358750537023,0.43676839770789205,4,25,vax_eff_0.2,vax_eff,0.2
42,A,0.30199964876002633,0.1059581933965891,0.5920421578433844,4,25,vax_eff_0.2,vax_eff,0.2
42,C,0.4245425515885358,0.11516306681265374,0.46029438159881086,4,25,vax_eff_0.2,vax_eff,0.2
43,A,0.28917369564258755,0.09835336003146188,0.6124729443259508,4,25,vax_eff_0.2,vax_eff,0.2
43,C,0.40743133305096124,0.10977129926792902,0.4827973676811084,4,25,vax_eff_0.2,vax_eff,0.2
44,A,0.2777342237636409,0.09087283704788263,0.631392939188476,4,25,vax_eff_0.2,vax_eff,0.2
44,C,0.39184052860544394,0.10398096293226465,0.5041785084622913,4,25,vax_eff_0.2,vax_eff,0.2
45,A,0.26754749449503873,0.08361504360251361,0.6488374619024474,4,25,vax_eff_0.2,vax_eff,0.2
45,C,0.37768834892759007,0.09793822483340801,0.5243734262390022,4,25,vax_eff_0.2,vax_eff,0.2
46,A,0.25848782471499426,0.07665340397554075,0.6648587713094635,4,25,vax_eff_0.2,vax_eff,0.2
46,C,0.36488262876313654,0.09177157361492179,0.5433457976219415,4,25,vax_eff_0.2,vax_eff,0.2
47,A,0.25043595737991564,0.0700418360274406,0.6795222065926435,4,25,vax_eff_0.2,vax_eff,0.2
47,C,0.35332434878748803,0.08559371053304178,0.5610819406794705,4,25,vax_eff_0.2,vax_eff,0.2
48,A,0.24328346656089786,0.06381495663759426,0.6929015768015081,4,25,vax_eff_0.2,vax_eff,0.2
48,C,0.3429136917576104,0.07949709071860693,0.5775892175237823,4,25,vax_eff_0.2,vax_eff,0.2
49,A,0.23693136214539146,0.057992212980464676,0.7050764248741431,4,25,vax_eff_0.2,vax_eff,0.2
49,C,0.3335519587532445,0.07355616387327275,0.5928918773734837,4,25,vax_eff_0.2,vax_eff,0.2
50,A,0.23129353877573425,0.05258045564329992,0.7161260055809662,4,25,vax_eff_0.2,vax_eff,0.2
50,C,0.3251476366265265,0.06782636006323119,0.6070260033102415,4,25,vax_eff_0.2,vax_eff,0.2
51,A,0.22628712415165003,0.04757785970912838,0.7261350161392205,4,25,vax_eff_0.2,vax_eff,0.2
51,C,0.31760823987753684,0.062352315274847636,0.6200394448476159,4,25,vax_eff_0.2,vax_eff,0.2
52,A,0.22184154964489755,0.04297472878690577,0.7351837215681957,4,25,vax_eff_0.2,vax_eff,0.2
52,C,0.31085097606896034,0.05716294593018284,0.6319860780008574,4,25,vax_eff_0.2,vax_eff,0.2
53,A,0.217893230748415,0.03875600745630214,0.7433507617952838,4,25,vax_eff_0.2,vax_eff,0.2
53,C,0.30479845289600827,0.05227648682578594,0.6429250602782071,4,25,vax_eff_0.2,vax_eff,0.2
54,A,0.2143864358288853,0.034903204450521495,0.7507103597205925,4,25,vax_eff_0.2,vax_eff,0.2
54,C,0.2993806281165916,0.0477019500765862,0.6529174218068201,4,25,vax_eff_0.2,vax_eff,0.2
55,A,0.2112706219494149,0.031395171740857014,0.7573342063097289,4,25,vax_eff_0.2,vax_eff,0.2
55,C,0.29453228085882444,0.04344141559024193,0.6620263035509342,4,25,vax_eff_0.2,vax_eff,0.2
56,A,0.2085011802468772,0.028209529976255084,0.763289289776868,4,25,vax_eff_0.2,vax_eff,0.2
56,C,0.2901944323817251,0.03949121175406013,0.6703143558642143,4,25,vax_eff_0.2,vax_eff,0.2
57,A,0.20603893519676336,0.025323369549137404,0.7686376952541005,4,25,vax_eff_0.2,vax_eff,0.2
57,C,0.28631409554762793,0.03584311323847738,0.6778427912138931,4,25,vax_eff_0.2,vax_eff,0.2
58,A,0.2038491345134789,0.02271379121331369,0.7734370742732072,4,25,vax_eff_0.2,vax_eff,0.2
58,C,0.2828434018861949,0.03248557928937176,0.6846710188244342,4,25,vax_eff_0.2,vax_eff,0.2
59,A,0.2019010059767594,0.020358400016565765,0.7777405940066757,4,25,vax_eff_0.2,vax_eff,0.2
59,C,0.2797392655175178,0.02940477300208775,0.6908559614803951,4,25,vax_eff_0.2,vax_eff,0.2
60,A,0.2001681352284866,0.01823629789695366,0.7815955668745599,4,25,vax_eff_0.2,vax_eff,0.2
60,C,0.27696416645284255,0.02658585380960807,0.6964499797375493,4,25,vax_eff_0.2,vax_eff,0.2
61,A,0.19862539904562393,0.016326308248777465,0.7850482927055991,4,25,vax_eff_0.2,vax_eff,0.2
61,C,0.2744820022386024,0.024012298129269406,0.701505699632128,4,25,vax_eff_0.2,vax_eff,0.2
62,A,0.19725183792538867,0.014609495290323349,0.788138666784288,4,25,vax_eff_0.2,vax_eff,0.2
62,C,0.27226222733332844,0.021667875913435847,0.7060698967532347,4,25,vax_eff_0.2,vax_eff,0.2
63,A,0.19602850399208174,0.013067858769206197,0.7909036372387118,4,25,vax_eff_0.2,vax_eff,0.2
63,C,0.2702769430919131,0.019536151883112564,0.7101869050249769,4,25,vax_eff_0.2,vax_eff,0.2
64,A,0.19493871447373318,0.011684769002848108,0.7933765165234193,4,25,vax_eff_0.2,vax_eff,0.2
64,C,0.26850134438025575,0.017601018981430797,0.7138976366383146,4,25,vax_eff_0.2,vax_eff,0.2
65,A,0.1939679099528429,0.0104451488053635,0.7955869412417932,4,25,vax_eff_0.2,vax_eff,0.2
65,C,0.2669135936094838,0.015847199624721055,0.7172392067657942,4,25,vax_eff_0.2,vax_eff,0.2
66,A,0.19310265462098888,0.009334620886756564,0.797562724492254,4,25,vax_eff_0.2,vax_eff,0.2
66,C,0.2654933840068241,0.014259557552723876,0.7202470584404524,4,25,vax_eff_0.2,vax_eff,0.2
67,A,0.19233133629802288,0.008340368497240002,0.7993282952047377,4,25,vax_eff_0.2,vax_eff,0.2
67,C,0.2642230212407118,0.012824086780321948,0.7229528919789674,4,25,vax_eff_0.2,vax_eff,0.2
68,A,0.19164364191869673,0.007450695360452773,0.8009056627208508,4,25,vax_eff_0.2,vax_eff,0.2
68,C,0.2630866719106875,0.011527583772463835,0.7253857443168485,4,25,vax_eff_0.2,vax_eff,0.2
69,A,0.19103050638693847,0.006655065531661254,0.8023144280813999,4,25,vax_eff_0.2,vax_eff,0.2
69,C,0.2620703234784907,0.010357791805229197,0.7275718847162795,4,25,vax_eff_0.2,vax_eff,0.2
70,A,0.19048370490949007,0.005943768692528747,0.8035725263979816,4,25,vax_eff_0.2,vax_eff,0.2
70,C,0.2611612000275755,0.009303185177577123,0.7295356147948472,4,25,vax_eff_0.2,vax_eff,0.2
71,A,0.18999592560444872,0.005308022062790955,0.8046960523327619,4,25,vax_eff_0.2,vax_eff,0.2
71,C,0.26034787668565407,0.008353095355462602,0.7312990279588829,4,25,vax_eff_0.2,vax_eff,0.2
72,A,0.18956070502861208,0.004739933384253977,0.8056993615871344,4,25,vax_eff_0.2,vax_eff,0.2
72,C,0.2596201926509857,0.0074977168165170005,0.7328820905324961,4,25,vax_eff_0.2,vax_eff,0.2
73,A,0.18917221554242522,0.0042323031242980725,0.8065954813332771,4,25,vax_eff_0.2,vax_eff,0.2
73,C,0.2589689433552986,0.006727949792369788,0.7343031068523314,4,25,vax_eff_0.2,vax_eff,0.2
74,A,0.1888253654328347,0.003778754998313228,0.8073958795688522,4,25,vax_eff_0.2,vax_eff,0.2
74,C,0.2583860373276154,0.0060355612765784755,0.7355784013958058,4,25,vax_eff_0.2,vax_eff,0.2
75,A,0.18851575512555105,0.0033737034901589746,0.8081105413842897,4,25,vax_eff_0.2,vax_eff,0.2
75,C,0.2578644372104681,0.005413177463221264,0.7367223853263106,4,25,vax_eff_0.2,vax_eff,0.2
76,A,0.1882394118340503,0.0030120755499638517,0.808748512615985,4,25,vax_eff_0.2,vax_eff,0.2
76,C,0.257397770404475,0.004854027497217272,0.7377482020983078,4,25,vax_eff_0.2,vax_eff,0.2
77,A,0.18799272287616722,0.0026892410951214864,0.8093180360287108,4,25,vax_eff_0.2,vax_eff,0.2
77,C,0.25698022739689547,0.004351876144723122,0.7386678964583808,4,25,vax_eff_0.2,vax_eff,0.2
78,A,0.18777245490046426,0.0024010336528429302,0.8098265114466925,4,25,vax_eff_0.2,vax_eff,0.2
78,C,0.2566065880825509,0.0039010429261930064,0.739492368991257,4,25,vax_eff_0.2,vax_eff,0.2
79,A,0.18757574581319506,0.002143741873610767,0.8102805123131943,4,25,vax_eff_0.2,vax_eff,0.2
79,C,0.25627220994861155,0.0034963955027911145,0.7402313945485965,4,25,vax_eff_0.2,vax_eff,0.2
80,A,0.18740006059704778,0.0019140614325328484,0.8106858779704205,4,25,vax_eff_0.2,vax_eff,0.2
80,C,0.25597296334547576,0.0031333043615639684,0.7408937322929602,4,25,vax_eff_0.2,vax_eff,0.2
81,A,0.18724314206467765,0.0017090398566974429,0.8110478180786248,4,25,vax_eff_0.2,vax_eff,0.2
81,C,0.2557051581937318,0.0028075876789749616,0.7414872541272935,4,25,vax_eff_0.2,vax_eff,0.2
82,A,0.18710297438984136,0.0015260339661474327,0.8113709916440108,4,25,vax_eff_0.2,vax_eff,0.2
82,C,0.25546548855527024,0.002515465682018037,0.7420190457627102,4,25,vax_eff_0.2,vax_eff,0.2
83,A,0.18697775780531337,0.0013626790613888284,0.8116595631332968,4,25,vax_eff_0.2,vax_eff,0.2
83,C,0.25525099344961766,0.002253525337467155,0.7424954812129155,4,25,vax_eff_0.2,vax_eff,0.2
84,A,0.18686588741084914,0.0012168626556522647,0.8119172499334986,4,25,vax_eff_0.2,vax_eff,0.2
84,C,0.25505902393282737,0.002018689483992856,0.7429222865831786,4,25,vax_eff_0.2,vax_eff,0.2
85,A,0.18676593268943514,0.0010866990874175214,0.8121473682231468,4,25,vax_eff_0.2,vax_eff,0.2
85,C,0.2548872114054167,0.0018081869523473195,0.7433046016422357,4,25,vax_eff_0.2,vax_eff,0.2
86,A,0.18667661803691424,9.70505281173213e-4,0.812352876681912,4,25,vax_eff_0.2,vax_eff,0.2
86,C,0.25473343745192684,0.0016195236934108228,0.7436470388546613,4,25,vax_eff_0.2,vax_eff,0.2
87,A,0.18659680535928713,8.667787944459846e-4,0.812536415846267,4,25,vax_eff_0.2,vax_eff,0.2
87,C,0.25459580669306237,0.0014504559798665542,0.7439537373270708,4,25,vax_eff_0.2,vax_eff,0.2
88,A,0.18652547897781174,7.741784688060154e-4,0.8127003425533811,4,25,vax_eff_0.2,vax_eff,0.2
88,C,0.25447262302995943,0.0012989661579925792,0.7442284108120483,4,25,vax_eff_0.2,vax_eff,0.2
89,A,0.18646173236192362,6.915072678517741e-4,0.8128467603702253,4,25,vax_eff_0.2,vax_eff,0.2
89,C,0.2543623686337846,0.0011632407086618279,0.7444743906575532,4,25,vax_eff_0.2,vax_eff,0.2
90,A,0.18640475641869886,6.176970204298109e-4,0.8129775465608707,4,25,vax_eff_0.2,vax_eff,0.2
90,C,0.25426368534460625,0.0010416504034784992,0.7446946642519146,4,25,vax_eff_0.2,vax_eff,0.2
91,A,0.18635382913245457,5.517948093807725e-4,0.8130943760581643,4,25,vax_eff_0.2,vax_eff,0.2
91,C,0.2541753581679593,9.327323224133501e-4,0.7448919095096282,4,25,vax_eff_0.2,vax_eff,0.2
92,A,0.18630830587906044,4.929503623544041e-4,0.8131987437585846,4,25,vax_eff_0.2,vax_eff,0.2
92,C,0.2540962997772936,8.351731313440699e-4,0.7450685270913616,4,25,vax_eff_0.2,vax_eff,0.2
93,A,0.18626761106283615,4.404050090391705e-4,0.8132919839281244,4,25,vax_eff_0.2,vax_eff,0.2
93,C,0.2540255370659113,7.477941334103769e-4,0.7452266688006774,4,25,vax_eff_0.2,vax_eff,0.2
94,A,0.1862312306870267,3.934818370583925e-4,0.8133752874759143,4,25,vax_eff_0.2,vax_eff,0.2
94,C,0.25396219915084334,6.695377623028903e-4,0.7453682630868524,4,25,vax_eff_0.2,vax_eff,0.2
95,A,0.1861987057377378,3.5157690373177614e-4,0.8134497173585301,4,25,vax_eff_0.2,vax_eff,0.2
95,C,0.2539055066503278,5.994553819096737e-4,0.7454950379677617,4,25,vax_eff_0.2,vax_eff,0.2
96,A,0.1861696262705545,3.141513717290493e-4,0.8135162223577155,4,25,vax_eff_0.2,vax_eff,0.2
96,C,0.2538547620667363,5.366962579911446e-4,0.7456085416752725,4,25,vax_eff_0.2,vax_eff,0.2
97,A,0.1861436261286879,2.8072447780249586e-4,0.8135756493935098,4,25,vax_eff_0.2,vax_eff,0.2
97,C,0.2538093411672554,4.8049760077320053e-4,0.7457101612319715,4,25,vax_eff_0.2,vax_eff,0.2
98,A,0.18612037861600347,2.5086776683174637e-4,0.8136287536171648,4,25,vax_eff_0.2,vax_eff,0.2
98,C,0.2537686858991454,4.30176319457095e-4,0.7458011377813984,4,25,vax_eff_0.2,vax_eff,0.2
99,A,0.1860995917720499,2.2419878905105688e-4,0.8136762094388987,4,25,vax_eff_0.2,vax_eff,0.2
99,C,0.2537322966325175,3.8511993726574116e-4,0.745882583430218,4,25,vax_eff_0.2,vax_eff,0.2
100,A,0.1860810040260645,2.0037530092864502e-4,0.8137186206730073,4,25,vax_eff_0.2,vax_eff,0.2
100,C,0.2536997250044155,3.447781652404357e-4,0.7459554968303431,4,25,vax_eff_0.2,vax_eff,0.2
101,A,0.18606438155225322,1.7909174114204366e-4,0.8137565267066058,4,25,vax_eff_0.2,vax_eff,0.2
101,C,0.2536705695229095,3.0865765787614093e-4,0.7460207728192145,4,25,vax_eff_0.2,vax_eff,0.2
102,A,0.18604951595135993,1.600761367690356e-4,0.8137904079118702,4,25,vax_eff_0.2,vax_eff,0.2
102,C,0.25364447170906274,2.763173863089237e-4,0.7460792109046273,4,25,vax_eff_0.2,vax_eff,0.2
103,A,0.18603622133717929,1.4308621511239036e-4,0.8138206924477092,4,25,vax_eff_0.2,vax_eff,0.2
103,C,0.2536211112688709,2.473628836279747e-4,0.7461315258475002,4,25,vax_eff_0.2,vax_eff,0.2
104,A,0.18602433144637834,1.2790554995382083e-4,0.8138477630036683,4,25,vax_eff_0.2,vax_eff,0.2
104,C,0.2536002012949265,2.2144051659834388e-4,0.7461783581884757,4,25,vax_eff_0.2,vax_eff,0.2
105,A,0.18601369744227714,1.1434063821067306e-4,0.8138719619195123,4,25,vax_eff_0.2,vax_eff,0.2
105,C,0.25358148459242114,1.9823305771358242e-4,0.746220282349865,4,25,vax_eff_0.2,vax_eff,0.2
106,A,0.18600418627087753,1.022187158008159e-4,0.8138935950133217,4,25,vax_eff_0.2,vax_eff,0.2
106,C,0.25356473090804765,1.7745631195869557e-4,0.7462578127799936,4,25,vax_eff_0.2,vax_eff,0.2
107,A,0.1859956791175413,9.13857080612263e-5,0.8139129351743978,4,25,vax_eff_0.2,vax_eff,0.2
107,C,0.253549734330884,1.588559556911546e-4,0.7462914097134263,4,25,vax_eff_0.2,vax_eff,0.2
108,A,0.18598806983252777,8.170413871682537e-5,0.8139302260287561,4,25,vax_eff_0.2,vax_eff,0.2
108,C,0.2535363106472736,1.4220433112651948e-4,0.7463214850216009,4,25,vax_eff_0.2,vax_eff,0.2
109,A,0.18598126348774752,7.305121508999263e-5,0.8139456852971619,4,25,vax_eff_0.2,vax_eff,0.2
109,C,0.25352429491021344,1.2729749473158722e-4,0.7463484075950549,4,25,vax_eff_0.2,vax_eff,0.2
110,A,0.18597517517574869,6.531723837960666e-5,0.8139595075858714,4,25,vax_eff_0.2,vax_eff,0.2
110,C,0.2535135394051738,1.1395273234278956e-4,0.7463725078624853,4,25,vax_eff_0.2,vax_eff,0.2
111,A,0.18596972898892505,5.840425561205927e-5,0.8139718667554636,4,25,vax_eff_0.2,vax_eff,0.2
111,C,0.25350391191466926,1.0200643156957687e-4,0.7463940816537609,4,25,vax_eff_0.2,vax_eff,0.2
112,A,0.1859648570849384,5.222482622964333e-5,0.8139829180888324,4,25,vax_eff_0.2,vax_eff,0.2
112,C,0.25349529412904287,9.131213405778632e-5,0.7464133937368991,4,25,vax_eff_0.2,vax_eff,0.2
113,A,0.18596049881540952,4.67008727986931e-5,0.8139928003117912,4,25,vax_eff_0.2,vax_eff,0.2
113,C,0.2534875801647254,8.173872057267627e-5,0.7464306811147019,4,25,vax_eff_0.2,vax_eff,0.2
114,A,0.18595659994409852,4.176265135851082e-5,0.8140016374045435,4,25,vax_eff_0.2,vax_eff,0.2
114,C,0.25348067523177403,7.316877650799175e-5,0.7464461559917185,4,25,vax_eff_0.2,vax_eff,0.2
115,A,0.18595311196615752,3.7347856872022854e-5,0.8140095401769704,4,25,vax_eff_0.2,vax_eff,0.2
115,C,0.25347449446968656,6.54971600701481e-5,0.7464600083702435,4,25,vax_eff_0.2,vax_eff,0.2
116,A,0.18594999150904973,3.340083738526769e-5,0.8140166076535653,4,25,vax_eff_0.2,vax_eff,0.2
116,C,0.253468961920392,5.8629737118685836e-5,0.7464724083424894,4,25,vax_eff_0.2,vax_eff,0.2
117,A,0.18594719979186702,2.9871885541402318e-5,0.8140229283225903,4,25,vax_eff_0.2,vax_eff,0.2
117,C,0.2534640096005009,5.248223807924194e-5,0.7464835081614204,4,25,vax_eff_0.2,vax_eff,0.2
118,A,0.18594470213524894,2.671659710108714e-5,0.8140285812676497,4,25,vax_eff_0.2,vax_eff,0.2
118,C,0.2534595766596523,4.6979220820386945e-5,0.7464934441195265,4,25,vax_eff_0.2,vax_eff,0.2
119,A,0.18594246752339122,2.3895298544553314e-5,0.8140336371780641,4,25,vax_eff_0.2,vax_eff,0.2
119,C,0.25345560862694827,4.20531412456076e-5,0.7465023382318046,4,25,vax_eff_0.2,vax_eff,0.2
120,A,0.18594046821622132,2.1372541133092862e-5,0.8140381592426451,4,25,vax_eff_0.2,vax_eff,0.2
120,C,0.2534520567421989,3.7643527483209264e-5,0.7465102997303193,4,25,vax_eff_0.2,vax_eff,0.2
121,A,0.18593867940429776,1.911665139882172e-5,0.8140422039443036,4,25,vax_eff_0.2,vax_eff,0.2
121,C,0.2534488773598172,3.3696243239062685e-5,0.7465174263969454,4,25,vax_eff_0.2,vax_eff,0.2
122,A,0.18593707889912334,1.709932827148823e-5,0.8140458217726045,4,25,vax_eff_0.2,vax_eff,0.2
122,C,0.25344603141331173,3.0162825870981757e-5,0.7465238057608177,4,25,vax_eff_0.2,vax_eff,0.2
123,A,0.18593564685505398,1.529528175231978e-5,0.8140490578631946,4,25,vax_eff_0.2,vax_eff,0.2
123,C,0.25344348393387106,2.699989117584333e-5,0.7465295161749518,4,25,vax_eff_0.2,vax_eff,0.2
124,A,0.1859343655208314,1.368191053987008e-5,0.8140519525686288,4,25,vax_eff_0.2,vax_eff,0.2
124,C,0.2534412036195965,2.41686005232242e-5,0.74653462777988,4,25,vax_eff_0.2,vax_eff,0.2
125,A,0.1859332190181974,1.2239015210985318e-5,0.8140545419665923,4,25,vax_eff_0.2,vax_eff,0.2
125,C,0.2534391624510683,2.1634185026378015e-5,0.746539203363905,4,25,vax_eff_0.2,vax_eff,0.2
126,A,0.1859321931442163,1.0948542473073402e-5,0.8140568583133105,4,25,vax_eff_0.2,vax_eff,0.2
126,C,0.25343733534763746,1.9365519957383503e-5,0.7465432991324067,4,25,vax_eff_0.2,vax_eff,0.2
127,A,0.18593127519427524,9.794356450449816e-6,0.8140589304492739,4,25,vax_eff_0.2,vax_eff,0.2
127,C,0.253435699859335,1.733474319885995e-5,0.7465469653974668,4,25,vax_eff_0.2,vax_eff,0.2
128,A,0.18593045380360432,8.762034145158933e-6,0.814060784162249,4,25,vax_eff_0.2,vax_eff,0.2
128,C,0.2534342358907262,1.5516913173544924e-5,0.7465502471961006,4,25,vax_eff_0.2,vax_eff,0.2
129,A,0.18592971880562956,7.838682849601606e-6,0.8140624425115219,4,25,vax_eff_0.2,vax_eff,0.2
129,C,0.253432925453788,1.3889702644016296e-5,0.7465531848435673,4,25,vax_eff_0.2,vax_eff,0.2
130,A,0.18592906110546345,7.012777279842389e-6,0.814063926117257,4,25,vax_eff_0.2,vax_eff,0.2
130,C,0.253431752446939,1.2433124828935479e-5,0.7465558144282326,4,25,vax_eff_0.2,vax_eff,0.2
131,A,0.18592847256681982,6.274014166124032e-6,0.8140652534190143,4,25,vax_eff_0.2,vax_eff,0.2
131,C,0.25343070245729316,1.1129288271722932e-5,0.7465581682544342,4,25,vax_eff_0.2,vax_eff,0.2
132,A,0.18592794591083167,5.613182295873867e-6,0.8140664409068715,4,25,vax_eff_0.2,vax_eff,0.2
132,C,0.25342976258357663,9.962177271975908e-6,0.7465602752391511,4,25,vax_eff_0.2,vax_eff,0.2
133,A,0.18592747462553547,5.022046375386932e-6,0.8140675033280891,4,25,vax_eff_0.2,vax_eff,0.2
133,C,0.2534289212775405,8.917455234560966e-6,0.7465621612672226,4,25,vax_eff_0.2,vax_eff,0.2
134,A,0.18592705288493394,4.493243303048454e-6,0.8140684538717624,4,25,vax_eff_0.2,vax_eff,0.2
134,C,0.25342816820203146,7.982288639634012e-6,0.7465638495093275,4,25,vax_eff_0.2,vax_eff,0.2
135,A,0.1859266754766462,4.0201895426103385e-6,0.814069304333811,4,25,vax_eff_0.2,vax_eff,0.2
135,C,0.2534274941039861,7.145189505219443e-6,0.7465653607065091,4,25,vax_eff_0.2,vax_eff,0.2
136,A,0.18592633773720427,3.5969983756153184e-6,0.81407006526442,4,25,vax_eff_0.2,vax_eff,0.2
136,C,0.2534268907007564,6.395874365690606e-6,0.7465667134248779,4,25,vax_eff_0.2,vax_eff,0.2
137,A,0.18592603549417555,3.2184059524469945e-6,0.8140707460998716,4,25,vax_eff_0.2,vax_eff,0.2
137,C,0.2534263505783421,5.725138004907084e-6,0.7465679242836522,4,25,vax_eff_0.2,vax_eff,0.2
138,A,0.18592576501438932,2.879705207763175e-6,0.814071355280402,4,25,vax_eff_0.2,vax_eff,0.2
138,C,0.2534258671002775,5.124740407036224e-6,0.7465690081593147,4,25,vax_eff_0.2,vax_eff,0.2
139,A,0.18592552295763623,2.5766868141463525e-6,0.8140719003555488,4,25,vax_eff_0.2,vax_eff,0.2
139,C,0.25342543432608255,4.58730556078612e-6,0.7465699783683564,4,25,vax_eff_0.2,vax_eff,0.2
140,A,0.18592530633525634,2.3055864241477025e-6,0.8140723880783197,4,25,vax_eff_0.2,vax_eff,0.2
140,C,0.25342504693827544,4.106230879603566e-6,0.7465708468308437,4,25,vax_eff_0.2,vax_eff,0.2
141,A,0.18592511247310187,2.0630375224341848e-6,0.8140728244893758,4,25,vax_eff_0.2,vax_eff,0.2
141,C,0.25342470017703944,3.6756061171086964e-6,0.7465716242168422,4,25,vax_eff_0.2,vax_eff,0.2
142,A,0.18592493897840515,1.8460292853003416e-6,0.8140732149923098,4,25,vax_eff_0.2,vax_eff,0.2
142,C,0.25342438978173887,3.2901407772903575e-6,0.7465723200774855,4,25,vax_eff_0.2,vax_eff,0.2
143,A,0.18592478371013804,1.6518689152034165e-6,0.8140735644209468,4,25,vax_eff_0.2,vax_eff,0.2
143,C,0.2534241119385626,2.945099131535451e-6,0.7465729429623064,4,25,vax_eff_0.2,vax_eff,0.2
144,A,0.18592464475250145,1.4781479759721663e-6,0.8140738770995216,4,25,vax_eff_0.2,vax_eff,0.2
144,C,0.2534238632336688,2.63624204922128e-6,0.7465735005242812,4,25,vax_eff_0.2,vax_eff,0.2
145,A,0.18592452039120838,1.322712302570848e-6,0.8140741568964897,4,25,vax_eff_0.2,vax_eff,0.2
145,C,0.2534236406112343,2.359774928319605e-6,0.7465739996138381,4,25,vax_eff_0.2,vax_eff,0.2
146,A,0.1859244090922706,1.1836351033591949e-6,0.8140744072726263,4,25,vax_eff_0.2,vax_eff,0.2
146,C,0.25342344133591066,2.1123010849321464e-6,0.7465744463630043,4,25,vax_eff_0.2,vax_eff,0.2
147,A,0.18592430948301758,1.0591929143319659e-6,0.8140746313240694,4,25,vax_eff_0.2,vax_eff,0.2
147,C,0.25342326295921386,1.8907800286220817e-6,0.7465748462607562,4,25,vax_eff_0.2,vax_eff,0.2
148,A,0.18592422033511796,9.478441023049238e-7,0.8140748318207796,4,25,vax_eff_0.2,vax_eff,0.2
148,C,0.25342310328944145,1.6924901119433384e-6,0.7465752042204467,4,25,vax_eff_0.2,vax_eff,0.2
149,A,0.18592414054938994,8.482096464932222e-7,0.8140750112409635,4,25,vax_eff_0.2,vax_eff,0.2
149,C,0.2534229603647399,1.514995096375326e-6,0.7465755246401629,4,25,vax_eff_0.2,vax_eff,0.2
150,A,0.18592406914220988,7.590559563019623e-7,0.8140751718018333,4,25,vax_eff_0.2,vax_eff,0.2
150,C,0.2534228324290023,1.3561142241651148e-6,0.7465758114567728,4,25,vax_eff_0.2,vax_eff,0.2
151,A,0.18592400523335645,6.792795087143005e-7,0.8140753154871344,4,25,vax_eff_0.2,vax_eff,0.2
151,C,0.25342271791028925,1.2138954282030694e-6,0.7465760681942826,4,25,vax_eff_0.2,vax_eff,0.2
152,A,0.18592394803513115,6.078931118851874e-7,0.8140754440717567,4,25,vax_eff_0.2,vax_eff,0.2
152,C,0.25342261540151656,1.0865913507214445e-6,0.7465762980071322,4,25,vax_eff_0.2,vax_eff,0.2
153,A,0.1859238968426254,5.440136224261355e-7,0.8140755591437511,4,25,vax_eff_0.2,vax_eff,0.2
153,C,0.2534225236431647,9.726378765224107e-7,0.7465765037189597,4,25,vax_eff_0.2,vax_eff,0.2
154,A,0.18592385102501613,4.868509622225754e-7,0.814075662124021,4,25,vax_eff_0.2,vax_eff,0.2
154,C,0.2534224415078025,8.70634917230412e-7,0.7465766878572787,4,25,vax_eff_0.2,vax_eff,0.2
155,A,0.1859238100177705,4.3569829693163135e-7,0.8140757542839336,4,25,vax_eff_0.2,vax_eff,0.2
155,C,0.2534223679862385,7.793292105512877e-7,0.7465768526845505,4,25,vax_eff_0.2,vax_eff,0.2
156,A,0.18592377331567664,3.899232529270866e-7,0.8140758367610692,4,25,vax_eff_0.2,vax_eff,0.2
156,C,0.253422302175117,6.975989231902936e-7,0.7465770002259603,4,25,vax_eff_0.2,vax_eff,0.2
157,A,0.1859237404666092,3.4896006260807985e-7,0.8140759105733295,4,25,vax_eff_0.2,vax_eff,0.2
157,C,0.2534222432658185,6.244398682886193e-7,0.7465771322943126,4,25,vax_eff_0.2,vax_eff,0.2
158,A,0.185923711065943,3.1230253973545595e-7,0.8140759766315174,4,25,vax_eff_0.2,vax_eff,0.2
158,C,0.25342219053452836,5.589531681226255e-7,0.7465772505123036,4,25,vax_eff_0.2,vax_eff,0.2
159,A,0.18592368475156376,2.7949779690457463e-7,0.8140760357506392,4,25,vax_eff_0.2,vax_eff,0.2
159,C,0.25342214333333957,5.003342105502634e-7,0.7465773563324511,4,25,vax_eff_0.2,vax_eff,0.2
160,A,0.18592366119939735,2.5014062657408456e-7,0.8140760886599776,4,25,vax_eff_0.2,vax_eff,0.2
160,C,0.2534221010822916,4.4786276354268237e-7,0.7465774510549446,4,25,vax_eff_0.2,vax_eff,0.2
161,A,0.18592364011941181,2.2386847540644927e-7,0.8140761360121129,4,25,vax_eff_0.2,vax_eff,0.2
161,C,0.25342206326224875,4.0089412635135045e-7,0.746577535843625,4,25,vax_eff_0.2,vax_eff,0.2
162,A,0.18592362125204115,2.0035694914133597e-7,0.8140761783910093,4,25,vax_eff_0.2,vax_eff,0.2
162,C,0.25342202940851716,3.588512086062899e-7,0.7465776117402745,4,25,vax_eff_0.2,vax_eff,0.2
163,A,0.185923604364981,1.7931579189031239e-7,0.8140762163192273,4,25,vax_eff_0.2,vax_eff,0.2
163,C,0.25342199910513663,3.2121744004898004e-7,0.7465776796774224,4,25,vax_eff_0.2,vax_eff,0.2
164,A,0.18592358925032546,1.604852896890446e-7,0.8140762502643848,4,25,vax_eff_0.2,vax_eff,0.2
164,C,0.2534219719797718,2.875304238030807e-7,0.7465777404898037,4,25,vax_eff_0.2,vax_eff,0.2
165,A,0.18592357572200396,1.436330534561288e-7,0.8140762806449414,4,25,vax_eff_0.2,vax_eff,0.2
165,C,0.2534219476991326,2.573762552123213e-7,0.7465777949246108,4,25,vax_eff_0.2,vax_eff,0.2
166,A,0.18592356361348597,1.285511412597603e-7,0.8140763078353715,4,25,vax_eff_0.2,vax_eff,0.2
166,C,0.25342192596488494,2.3038443644895433e-7,0.746577843650679,4,25,vax_eff_0.2,vax_eff,0.2
167,A,0.1859235527757281,1.1505348404292693e-7,0.8140763321707871,4,25,vax_eff_0.2,vax_eff,0.2
167,C,0.25342190650997914,2.062233244172956e-7,0.7465778872666975,4,25,vax_eff_0.2,vax_eff,0.2
168,A,0.1859235430753379,1.0297358275485178e-7,0.8140763539510779,4,25,vax_eff_0.2,vax_eff,0.2
168,C,0.25342188909537383,1.845960560297355e-7,0.7465779263085701,4,25,vax_eff_0.2,vax_eff,0.2
169,A,0.18592353439292905,9.216244821258314e-8,0.8140763734446227,4,25,vax_eff_0.2,vax_eff,0.2
169,C,0.25342187350709616,1.6523690076743082e-7,0.7465779612560021,4,25,vax_eff_0.2,vax_eff,0.2
170,A,0.18592352662164968,8.248675749243765e-8,0.8140763908915923,4,25,vax_eff_0.2,vax_eff,0.2
170,C,0.25342185955361213,1.479079945449054e-7,0.7465779925383926,4,25,vax_eff_0.2,vax_eff,0.2
171,A,0.18592351966579998,7.382712188973302e-8,0.8140764065070779,4,25,vax_eff_0.2,vax_eff,0.2
171,C,0.2534218470633549,1.323962699659893e-7,0.7465780205403755,4,25,vax_eff_0.2,vax_eff,0.2
172,A,0.18592351343976132,6.607674789707115e-8,0.8140764204834908,4,25,vax_eff_0.2,vax_eff,0.2
172,C,0.253421835882812,1.1851108136306462e-7,0.746578045606107,4,25,vax_eff_0.2,vax_eff,0.2
173,A,0.1859235078669871,5.914017207984624e-8,0.8140764329928412,4,25,vax_eff_0.2,vax_eff,0.2
173,C,0.25342182587471773,1.0608195968981952e-7,0.7465780680433212,4,25,vax_eff_0.2,vax_eff,0.2
174,A,0.18592350287897516,5.293197755906682e-8,0.8140764441890475,4,25,vax_eff_0.2,vax_eff,0.2
174,C,0.25342181691622045,9.495633434057673e-8,0.7465780881274439,4,25,vax_eff_0.2,vax_eff,0.2
175,A,0.1859234984144514,4.7375771364816584e-8,0.814076454209777,4,25,vax_eff_0.2,vax_eff,0.2
175,C,0.25342180889741645,8.49977170656706e-8,0.7465781061048664,4,25,vax_eff_0.2,vax_eff,0.2
176,A,0.18592349441852557,4.2403128565987e-8,0.814076463178345,4,25,vax_eff_0.2,vax_eff,0.2
176,C,0.25342180171984124,7.608382582664216e-8,0.7465781221963325,4,25,vax_eff_0.2,vax_eff,0.2
177,A,0.18592349084192913,3.795263962778238e-8,0.8140764712054314,4,25,vax_eff_0.2,vax_eff,0.2
177,C,0.25342179529510733,6.810489122915893e-8,0.7465781366000013,4,25,vax_eff_0.2,vax_eff,0.2
178,A,0.18592348764054553,3.396932488157805e-8,0.8140764783901299,4,25,vax_eff_0.2,vax_eff,0.2
178,C,0.25342178954406147,6.096261428430031e-8,0.7465781494933239,4,25,vax_eff_0.2,vax_eff,0.2
179,A,0.18592348477499118,3.04041090143553e-8,0.8140764848208999,4,25,vax_eff_0.2,vax_eff,0.2
179,C,0.2534217843960361,5.4569230879382814e-8,0.7465781610347343,4,25,vax_eff_0.2,vax_eff,0.2
180,A,0.18592348221008162,2.721315498803531e-8,0.814076490576763,4,25,vax_eff_0.2,vax_eff,0.2
180,C,0.25342177978788855,4.884632667399031e-8,0.7465781713657844,4,25,vax_eff_0.2,vax_eff,0.2
181,A,0.1859234799142983,2.435719723065193e-8,0.814076495728505,4,25,vax_eff_0.2,vax_eff,0.2
181,C,0.2534217756630534,4.37236504231407e-8,0.7465781806132965,4,25,vax_eff_0.2,vax_eff,0.2
182,A,0.18592347785937152,2.180102173436742e-8,0.8140765003396079,4,25,vax_eff_0.2,vax_eff,0.2
182,C,0.25342177197078913,3.913818788270539e-8,0.7465781888910223,4,25,vax_eff_0.2,vax_eff,0.2
183,A,0.18592347602000267,1.9513120134047337e-8,0.8140765044668773,4,25,vax_eff_0.2,vax_eff,0.2
183,C,0.25342176866568733,3.5033544916053885e-8,0.7465781963007683,4,25,vax_eff_0.2,vax_eff,0.2
184,A,0.1859234743735856,1.7465337893550815e-8,0.8140765081610768,4,25,vax_eff_0.2,vax_eff,0.2
184,C,0.25342176570716307,3.135932013804567e-8,0.7465782029335167,4,25,vax_eff_0.2,vax_eff,0.2
185,A,0.185923472899895,1.5632490068706576e-8,0.8140765114676145,4,25,vax_eff_0.2,vax_eff,0.2
185,C,0.25342176305890673,2.807041989625306e-8,0.7465782088706725,4,25,vax_eff_0.2,vax_eff,0.2
186,A,0.1859234715808819,1.3992103385220182e-8,0.8140765144270143,4,25,vax_eff_0.2,vax_eff,0.2
186,C,0.25342176068851274,2.5126598822339884e-8,0.7465782141848883,4,25,vax_eff_0.2,vax_eff,0.2
187,A,0.18592347040045074,1.2524138988950738e-8,0.8140765170754104,4,25,vax_eff_0.2,vax_eff,0.2
187,C,0.25342175856707955,2.2491964871092404e-8,0.7465782189409568,4,25,vax_eff_0.2,vax_eff,0.2
188,A,0.1859234693439913,1.1210408485071253e-8,0.8140765194456008,4,25,vax_eff_0.2,vax_eff,0.2
188,C,0.25342175666837147,2.01339360284324e-8,0.7465782231976918,4,25,vax_eff_0.2,vax_eff,0.2
189,A,0.18592346839834795,1.0034536200086686e-8,0.814076521567115,4,25,vax_eff_0.2,vax_eff,0.2
189,C,0.2534217549687651,1.802317320624497e-8,0.7465782270080609,4,25,vax_eff_0.2,vax_eff,0.2
190,A,0.18592346755037836,8.980163059628569e-9,0.8140765234694587,4,25,vax_eff_0.2,vax_eff,0.2
190,C,0.25342175344465573,1.613036168913328e-8,0.7465782304249818,4,25,vax_eff_0.2,vax_eff,0.2
191,A,0.18592346679008817,8.034851514610431e-9,0.8140765251750605,4,25,vax_eff_0.2,vax_eff,0.2
191,C,0.25342175207809403,1.4433210292728449e-8,0.7465782334886955,4,25,vax_eff_0.2,vax_eff,0.2
192,A,0.18592346610688326,7.185418660181397e-9,0.8140765267076988,4,25,vax_eff_0.2,vax_eff,0.2
192,C,0.2534217508500474,1.2908083015482027e-8,0.7465782362418695,4,25,vax_eff_0.2,vax_eff,0.2
193,A,0.18592346553013867,6.468393608363957e-9,0.8140765280014677,4,25,vax_eff_0.2,vax_eff,0.2
193,C,0.25342174981331195,1.1620546567273593e-8,0.7465782385661417,4,25,vax_eff_0.2,vax_eff,0.2
194,A,0.18592346501096876,5.8229694182603665e-9,0.8140765291660614,4,25,vax_eff_0.2,vax_eff,0.2
194,C,0.25342174888004565,1.0461510488368055e-8,0.7465782406584437,4,25,vax_eff_0.2,vax_eff,0.2
195,A,0.18592346454359313,5.241954164358335e-9,0.8140765302144535,4,25,vax_eff_0.2,vax_eff,0.2
195,C,0.25342174803986367,9.418076886565361e-9,0.7465782425420581,4,25,vax_eff_0.2,vax_eff,0.2
196,A,0.18592346412284452,4.718919277383539e-9,0.8140765311582365,4,25,vax_eff_0.2,vax_eff,0.2
196,C,0.2534217472834821,8.47871555654045e-9,0.7465782442378025,4,25,vax_eff_0.2,vax_eff,0.2
197,A,0.18592346374407012,4.248077943403258e-9,0.814076532007852,4,25,vax_eff_0.2,vax_eff,0.2
197,C,0.2534217466025424,7.633046316066064e-9,0.7465782457644115,4,25,vax_eff_0.2,vax_eff,0.2
198,A,0.18592346340308288,3.824221021692195e-9,0.8140765327726971,4,25,vax_eff_0.2,vax_eff,0.2
198,C,0.2534217459895194,6.871724302800368e-9,0.7465782471387566,4,25,vax_eff_0.2,vax_eff,0.2
199,A,0.18592346309611274,3.4426593636238665e-9,0.8140765334612293,4,25,vax_eff_0.2,vax_eff,0.2
199,C,0.2534217454376396,6.1863367115477935e-9,0.7465782483760242,4,25,vax_eff_0.2,vax_eff,0.2
200,A,0.18592346281976582,3.0991718929248607e-9,0.8140765340810628,4,25,vax_eff_0.2,vax_eff,0.2
200,C,0.2534217449408045,5.569309830923028e-9,0.7465782494898859,4,25,vax_eff_0.2,vax_eff,0.2
201,A,0.18592346257098705,2.7899588715898203e-9,0.8140765346390549,4,25,vax_eff_0.2,vax_eff,0.2
201,C,0.253421744493524,5.013825352159858e-9,0.7465782504926509,4,25,vax_eff_0.2,vax_eff,0.2
202,A,0.18592346234702573,2.5115998333129396e-9,0.8140765351413729,4,25,vax_eff_0.2,vax_eff,0.2
202,C,0.2534217440908554,4.513745025265124e-9,0.7465782513954001,4,25,vax_eff_0.2,vax_eff,0.2
203,A,0.18592346214540673,2.2610157180908122e-9,0.8140765355935771,4,25,vax_eff_0.2,vax_eff,0.2
203,C,0.25342174372834897,4.063542829956442e-9,0.7465782522081087,4,25,vax_eff_0.2,vax_eff,0.2
204,A,0.18592346196390075,2.0354347882688263e-9,0.8140765360006643,4,25,vax_eff_0.2,vax_eff,0.2
204,C,0.25342174340199924,3.658243911861841e-9,0.7465782529397577,4,25,vax_eff_0.2,vax_eff,0.2
205,A,0.1859234618005012,1.8323619482576601e-9,0.8140765363671367,4,25,vax_eff_0.2,vax_eff,0.2
205,C,0.2534217431081993,3.293369609216145e-9,0.7465782535984302,4,25,vax_eff_0.2,vax_eff,0.2
206,A,0.18592346165340184,1.649551127904494e-9,0.814076536697047,4,25,vax_eff_0.2,vax_eff,0.2
206,C,0.2534217428437028,2.9648879625896656e-9,0.7465782541914081,4,25,vax_eff_0.2,vax_eff,0.2
207,A,0.18592346152097675,1.484980423485381e-9,0.8140765369940426,4,25,vax_eff_0.2,vax_eff,0.2
207,C,0.25342174260558853,2.6691691607728735e-9,0.7465782547252424,4,25,vax_eff_0.2,vax_eff,0.2
208,A,0.18592346140176105,1.3368297208690614e-9,0.8140765372614085,4,25,vax_eff_0.2,vax_eff,0.2
208,C,0.25342174239122317,2.402945430486144e-9,0.7465782552058312,4,25,vax_eff_0.2,vax_eff,0.2
209,A,0.18592346129443826,1.203460552927901e-9,0.8140765375021007,4,25,vax_eff_0.2,vax_eff,0.2
209,C,0.2534217421982384,2.1632749266882707e-9,0.7465782556384871,4,25,vax_eff_0.2,vax_eff,0.2
210,A,0.1859234611978212,1.0833979680451675e-9,0.8140765377187805,4,25,vax_eff_0.2,vax_eff,0.2
210,C,0.25342174202450235,1.9475092244647254e-9,0.746578256027989,4,25,vax_eff_0.2,vax_eff,0.2
211,A,0.18592346111084213,9.753142088643852e-10,0.8140765379138432,4,25,vax_eff_0.2,vax_eff,0.2
211,C,0.2534217418680947,1.7532640532748046e-9,0.7465782563786415,4,25,vax_eff_0.2,vax_eff,0.2
212,A,0.18592346103253965,8.780140204943531e-10,0.8140765380894467,4,25,vax_eff_0.2,vax_eff,0.2
212,C,0.25342174172728676,1.5783929501650933e-9,0.7465782566943189,4,25,vax_eff_0.2,vax_eff,0.2
213,A,0.18592346096204806,7.904214265509547e-10,0.8140765382475302,4,25,vax_eff_0.2,vax_eff,0.2
213,C,0.25342174160052383,1.4209635410488545e-9,0.7465782569785113,4,25,vax_eff_0.2,vax_eff,0.2
214,A,0.18592346089858797,7.115678211735928e-10,0.814076538389844,4,25,vax_eff_0.2,vax_eff,0.2
214,C,0.2534217414864044,1.2792361868000338e-9,0.7465782572343607,4,25,vax_eff_0.2,vax_eff,0.2
215,A,0.18592346084145853,6.40581255284416e-10,0.8140765385179619,4,25,vax_eff_0.2,vax_eff,0.2
215,C,0.25342174138366674,1.1516447603557816e-9,0.7465782574646889,4,25,vax_eff_0.2,vax_eff,0.2
216,A,0.18592346079002756,5.766767898609556e-10,0.8140765386332963,4,25,vax_eff_0.2,vax_eff,0.2
216,C,0.25342174129117595,1.0367793405875213e-9,0.7465782576720444,4,25,vax_eff_0.2,vax_eff,0.2
217,A,0.18592346074372712,5.191478118037029e-10,0.8140765387371262,4,25,vax_eff_0.2,vax_eff,0.2
217,C,0.25342174120791056,9.333706322095202e-10,0.7465782578587192,4,25,vax_eff_0.2,vax_eff,0.2
218,A,0.18592346070204496,4.673582170586983e-10,0.8140765388305975,4,25,vax_eff_0.2,vax_eff,0.2
218,C,0.2534217411329499,8.402759397341072e-10,0.7465782580267735,4,25,vax_eff_0.2,vax_eff,0.2
219,A,0.18592346066452053,4.207353739945707e-10,0.8140765389147432,4,25,vax_eff_0.2,vax_eff,0.2
219,C,0.2534217410654668,7.564665403859274e-10,0.7465782581780682,4,25,vax_eff_0.2,vax_eff,0.2
220,A,0.18592346063073947,3.787637891342286e-10,0.8140765389904977,4,25,vax_eff_0.2,vax_eff,0.2
220,C,0.2534217410047127,6.810163164429879e-10,0.7465782583142699,4,25,vax_eff_0.2,vax_eff,0.2
221,A,0.18592346060032794,3.409794051211047e-10,0.8140765390586925,4,25,vax_eff_0.2,vax_eff,0.2
221,C,0.2534217409500192,6.130915213893665e-10,0.7465782584368877,4,25,vax_eff_0.2,vax_eff,0.2
222,A,0.18592346057295,3.069644678022881e-10,0.8140765391200859,4,25,vax_eff_0.2,vax_eff,0.2
222,C,0.25342174090078134,5.519415667930672e-10,0.7465782585472767,4,25,vax_eff_0.2,vax_eff,0.2
223,A,0.18592346054830303,2.7634290561378587e-10,0.8140765391753535,4,25,vax_eff_0.2,vax_eff,0.2
223,C,0.25342174085645414,4.968907281019295e-10,0.7465782586466554,4,25,vax_eff_0.2,vax_eff,0.2
224,A,0.1859234605261145,2.487761701264439e-10,0.8140765392251093,4,25,vax_eff_0.2,vax_eff,0.2
224,C,0.25342174081654784,4.4733067770463276e-10,0.7465782587361219,4,25,vax_eff_0.2,vax_eff,0.2
225,A,0.18592346050613914,2.2395949171762911e-10,0.8140765392699006,4,25,vax_eff_0.2,vax_eff,0.2
225,C,0.2534217407806221,4.0271376274531474e-10,0.7465782588166644,4,25,vax_eff_0.2,vax_eff,0.2
226,A,0.18592346048815664,2.0161850893030006e-10,0.8140765393102252,4,25,vax_eff_0.2,vax_eff,0.2
226,C,0.2534217407482797,3.6254695341004837e-10,0.746578258889174,4,25,vax_eff_0.2,vax_eff,0.2
227,A,0.18592346047196762,1.8150623421848824e-10,0.814076539346526,4,25,vax_eff_0.2,vax_eff,0.2
227,C,0.25342174071916307,3.2638639481222257e-10,0.7465782589544518,4,25,vax_eff_0.2,vax_eff,0.2
228,A,0.18592346045739372,1.6340032250241711e-10,0.8140765393792067,4,25,vax_eff_0.2,vax_eff,0.2
228,C,0.25342174069295026,2.9383250227383956e-10,0.7465782590132176,4,25,vax_eff_0.2,vax_eff,0.2
229,A,0.1859234604442729,1.471006123087206e-10,0.8140765394086269,4,25,vax_eff_0.2,vax_eff,0.2
229,C,0.2534217406693521,2.6452554580435655e-10,0.7465782590661225,4,25,vax_eff_0.2,vax_eff,0.2
230,A,0.18592346043246144,1.3242691228869762e-10,0.814076539435112,4,25,vax_eff_0.2,vax_eff,0.2
230,C,0.25342174064810763,2.381416749844383e-10,0.7465782591137515,4,25,vax_eff_0.2,vax_eff,0.2
231,A,0.18592346042182784,1.1921700862367635e-10,0.814076539458955,4,25,vax_eff_0.2,vax_eff,0.2
231,C,0.2534217406289824,2.1438934032859592e-10,0.7465782591566292,4,25,vax_eff_0.2,vax_eff,0.2
232,A,0.18592346041225488,1.0732487127146373e-10,0.8140765394804194,4,25,vax_eff_0.2,vax_eff,0.2
232,C,0.2534217406117642,1.93006071581841e-10,0.7465782591952297,4,25,vax_eff_0.2,vax_eff,0.2
233,A,0.185923460403637,9.661903906828444e-11,0.8140765394997435,4,25,vax_eff_0.2,vax_eff,0.2
233,C,0.2534217405962633,1.737555774792432e-10,0.7465782592299811,4,25,vax_eff_0.2,vax_eff,0.2
234,A,0.18592346039587865,8.698116650868927e-11,0.8140765395171408,4,25,vax_eff_0.2,vax_eff,0.2
234,C,0.2534217405823091,1.5642513428835079e-10,0.7465782592612661,4,25,vax_eff_0.2,vax_eff,0.2
235,A,0.18592346038889412,7.830471483103336e-11,0.8140765395328005,4,25,vax_eff_0.2,vax_eff,0.2
235,C,0.2534217405697461,1.4082323545900394e-10,0.746578259289431,4,25,vax_eff_0.2,vax_eff,0.2
236,A,0.1859234603826065,7.049377403188273e-11,0.8140765395468997,4,25,vax_eff_0.2,vax_eff,0.2
236,C,0.2534217405584365,1.2677747541020962e-10,0.7465782593147859,4,25,vax_eff_0.2,vax_eff,0.2
237,A,0.1859234603769454,6.346200246808032e-11,0.8140765395595928,4,25,vax_eff_0.2,vax_eff,0.2
237,C,0.25342174054825467,1.1413264434650959e-10,0.7465782593376135,4,25,vax_eff_0.2,vax_eff,0.2
238,A,0.18592346037184973,5.7131672213278953e-11,0.8140765395710177,4,25,vax_eff_0.2,vax_eff,0.2
238,C,0.25342174053908856,1.0274901314552457e-10,0.7465782593581625,4,25,vax_eff_0.2,vax_eff,0.2
239,A,0.18592346036726212,5.14328096685956e-11,0.8140765395813054,4,25,vax_eff_0.2,vax_eff,0.2
239,C,0.25342174053083666,9.250078931123317e-11,0.746578259376663,4,25,vax_eff_0.2,vax_eff,0.2
240,A,0.18592346036313204,4.630242192185044e-11,0.8140765395905663,4,25,vax_eff_0.2,vax_eff,0.2
240,C,0.2534217405234079,8.327472693085325e-11,0.7465782593933178,4,25,vax_eff_0.2,vax_eff,0.2
241,A,0.18592346035941387,4.168380029856735e-11,0.8140765395989025,4,25,vax_eff_0.2,vax_eff,0.2
241,C,0.2534217405167196,7.496887527497962e-11,0.7465782594083108,4,25,vax_eff_0.2,vax_eff,0.2
242,A,0.18592346035606627,3.7525893401916086e-11,0.8140765396064078,4,25,vax_eff_0.2,vax_eff,0.2
242,C,0.25342174051069866,6.749145221266697e-11,0.7465782594218097,4,25,vax_eff_0.2,vax_eff,0.2
243,A,0.18592346035305313,3.378274270753806e-11,0.8140765396131654,4,25,vax_eff_0.2,vax_eff,0.2
243,C,0.25342174050527855,6.075982999238986e-11,0.746578259433961,4,25,vax_eff_0.2,vax_eff,0.2
244,A,0.18592346035034027,3.0412974471212825e-11,0.8140765396192471,4,25,vax_eff_0.2,vax_eff,0.2
244,C,0.2534217405003987,5.4699622181481666e-11,0.746578259444901,4,25,vax_eff_0.2,vax_eff,0.2
245,A,0.18592346034789767,2.7379342330270437e-11,0.8140765396247222,4,25,vax_eff_0.2,vax_eff,0.2
245,C,0.2534217404960062,4.9243861674483086e-11,0.7465782594547513,4,25,vax_eff_0.2,vax_eff,0.2
246,A,0.18592346034569926,2.4648315540416184e-11,0.8140765396296524,4,25,vax_eff_0.2,vax_eff,0.2
246,C,0.253421740492051,4.4332260687164044e-11,0.7465782594636163,4,25,vax_eff_0.2,vax_eff,0.2
247,A,0.1859234603437203,2.2189708294429468e-11,0.8140765396340917,4,25,vax_eff_0.2,vax_eff,0.2
247,C,0.2534217404884911,3.9910544558952415e-11,0.7465782594715996,4,25,vax_eff_0.2,vax_eff,0.2
248,A,0.1859234603419381,1.9976346023607782e-11,0.8140765396380851,4,25,vax_eff_0.2,vax_eff,0.2
248,C,0.2534217404852852,3.592985200209423e-11,0.7465782594787838,4,25,vax_eff_0.2,vax_eff,0.2
249,A,0.1859234603403337,1.7983764991883107e-11,0.814076539641681,4,25,vax_eff_0.2,vax_eff,0.2
249,C,0.2534217404823996,3.234619517013911e-11,0.7465782594852535,4,25,vax_eff_0.2,vax_eff,0.2
250,A,0.18592346033888962,1.6189941860766927e-11,0.8140765396449207,4,25,vax_eff_0.2,vax_eff,0.2
250,C,0.2534217404798018,2.9119973579349956e-11,0.746578259491078,4,25,vax_eff_0.2,vax_eff,0.2
251,A,0.18592346033758977,1.45750502347603e-11,0.8140765396478357,4,25,vax_eff_0.2,vax_eff,0.2
251,C,0.2534217404774635,2.6215536511736064e-11,0.7465782594963216,4,25,vax_eff_0.2,vax_eff,0.2
252,A,0.18592346033641893,1.3121241495262682e-11,0.8140765396504595,4,25,vax_eff_0.2,vax_eff,0.2
252,C,0.25342174047535787,2.360078906413854e-11,0.7465782595010412,4,25,vax_eff_0.2,vax_eff,0.2
253,A,0.18592346033536528,1.1812447515641006e-11,0.8140765396528213,4,25,vax_eff_0.2,vax_eff,0.2
253,C,0.25342174047346205,2.1246837501120007e-11,0.7465782595052894,4,25,vax_eff_0.2,vax_eff,0.2
254,A,0.18592346033441676,1.0634202997960941e-11,0.8140765396549497,4,25,vax_eff_0.2,vax_eff,0.2
254,C,0.2534217404717558,1.912766993911991e-11,0.7465782595091156,4,25,vax_eff_0.2,vax_eff,0.2
255,A,0.18592346033356302,9.5734856133065e-12,0.8140765396568641,4,25,vax_eff_0.2,vax_eff,0.2
255,C,0.2534217404702205,1.7219868933265694e-11,0.7465782595125612,4,25,vax_eff_0.2,vax_eff,0.2
256,A,0.18592346033279428,8.618572054537997e-12,0.8140765396585874,4,25,vax_eff_0.2,vax_eff,0.2
256,C,0.25342174046883714,1.5502352706812946e-11,0.7465782595156618,4,25,vax_eff_0.2,vax_eff,0.2
257,A,0.1859234603321018,7.758908444320811e-12,0.8140765396601383,4,25,vax_eff_0.2,vax_eff,0.2
257,C,0.25342174046759214,1.3956142186834573e-11,0.7465782595184522,4,25,vax_eff_0.2,vax_eff,0.2
258,A,0.18592346033147877,6.984993677343748e-12,0.8140765396615364,4,25,vax_eff_0.2,vax_eff,0.2
258,C,0.25342174046647137,1.2564151279831216e-11,0.7465782595209655,4,25,vax_eff_0.2,vax_eff,0.2
259,A,0.18592346033091822,6.2882744004036495e-12,0.814076539662794,4,25,vax_eff_0.2,vax_eff,0.2
259,C,0.25342174046546234,1.1310998065319907e-11,0.7465782595232274,4,25,vax_eff_0.2,vax_eff,0.2
260,A,0.18592346033041307,5.661050469284701e-12,0.8140765396639267,4,25,vax_eff_0.2,vax_eff,0.2
260,C,0.25342174046455374,1.018283482103514e-11,0.7465782595252636,4,25,vax_eff_0.2,vax_eff,0.2
261,A,0.18592346032995824,5.0963898372063155e-12,0.814076539664944,4,25,vax_eff_0.2,vax_eff,0.2
261,C,0.25342174046373556,9.167195001471821e-12,0.746578259527096,4,25,vax_eff_0.2,vax_eff,0.2
262,A,0.1859234603295489,4.588051933898748e-12,0.814076539665862,4,25,vax_eff_0.2,vax_eff,0.2
262,C,0.2534217404629995,8.252855478838375e-12,0.7465782595287477,4,25,vax_eff_0.2,vax_eff,0.2
263,A,0.1859234603291809,4.130418688245698e-12,0.8140765396666899,4,25,vax_eff_0.2,vax_eff,0.2
263,C,0.25342174046233673,7.429712524142847e-12,0.7465782595302326,4,25,vax_eff_0.2,vax_eff,0.2
264,A,0.18592346032884866,3.718432431945186e-12,0.8140765396674315,4,25,vax_eff_0.2,vax_eff,0.2
264,C,0.25342174046173993,6.688670157966644e-12,0.7465782595315713,4,25,vax_eff_0.2,vax_eff,0.2
265,A,0.18592346032855045,3.347539997719896e-12,0.8140765396681021,4,25,vax_eff_0.2,vax_eff,0.2
265,C,0.2534217404612028,6.021539637169296e-12,0.7465782595327746,4,25,vax_eff_0.2,vax_eff,0.2
266,A,0.18592346032828166,3.0136423940961408e-12,0.814076539668705,4,25,vax_eff_0.2,vax_eff,0.2
266,C,0.25342174046071947,5.420948966823425e-12,0.7465782595338596,4,25,vax_eff_0.2,vax_eff,0.2
267,A,0.1859234603280395,2.713049500426278e-12,0.8140765396692469,4,25,vax_eff_0.2,vax_eff,0.2
267,C,0.2534217404602841,4.880261437459537e-12,0.7465782595348359,4,25,vax_eff_0.2,vax_eff,0.2
268,A,0.18592346032782173,2.4424392813317556e-12,0.8140765396697363,4,25,vax_eff_0.2,vax_eff,0.2
268,C,0.25342174045989224,4.393502287434e-12,0.7465782595357154,4,25,vax_eff_0.2,vax_eff,0.2
269,A,0.18592346032762527,2.198821069709853e-12,0.8140765396701748,4,25,vax_eff_0.2,vax_eff,0.2
269,C,0.253421740459539,3.955292680017388e-12,0.7465782595365057,4,25,vax_eff_0.2,vax_eff,0.2
270,A,0.18592346032744883,1.979502512427001e-12,0.8140765396705708,4,25,vax_eff_0.2,vax_eff,0.2
270,C,0.25342174045922156,3.5607902656308346e-12,0.7465782595372177,4,25,vax_eff_0.2,vax_eff,0.2
271,A,0.18592346032729007,1.7820598133138198e-12,0.8140765396709283,4,25,vax_eff_0.2,vax_eff,0.2
271,C,0.2534217404589354,3.205635672425288e-12,0.7465782595378585,4,25,vax_eff_0.2,vax_eff,0.2
272,A,0.18592346032714707,1.6043109445294275e-12,0.8140765396712497,4,25,vax_eff_0.2,vax_eff,0.2
272,C,0.2534217404586781,2.8859043339091344e-12,0.7465782595384357,4,25,vax_eff_0.2,vax_eff,0.2
273,A,0.18592346032701826,1.4442915286316046e-12,0.8140765396715385,4,25,vax_eff_0.2,vax_eff,0.2
273,C,0.2534217404584467,2.5980631163104767e-12,0.7465782595389572,4,25,vax_eff_0.2,vax_eff,0.2
274,A,0.18592346032690202,1.3002331322532905e-12,0.8140765396717976,4,25,vax_eff_0.2,vax_eff,0.2
274,C,0.2534217404582379,2.338931290723906e-12,0.746578259539424,4,25,vax_eff_0.2,vax_eff,0.2
275,A,0.18592346032679766,1.1705437175318716e-12,0.814076539672031,4,25,vax_eff_0.2,vax_eff,0.2
275,C,0.2534217404580502,2.1056453733025024e-12,0.7465782595398457,4,25,vax_eff_0.2,vax_eff,0.2
276,A,0.18592346032670354,1.0537900468639292e-12,0.8140765396722424,4,25,vax_eff_0.2,vax_eff,0.2
276,C,0.25342174045788074,1.895627483320988e-12,0.7465782595402229,4,25,vax_eff_0.2,vax_eff,0.2
277,A,0.18592346032661897,9.486818433221645e-13,0.8140765396724331,4,25,vax_eff_0.2,vax_eff,0.2
277,C,0.25342174045772853,1.7065568588441886e-12,0.746578259540565,4,25,vax_eff_0.2,vax_eff,0.2
278,A,0.1859234603265429,8.540575305410338e-13,0.8140765396726038,4,25,vax_eff_0.2,vax_eff,0.2
278,C,0.2534217404575916,1.5363442116044218e-12,0.7465782595408726,4,25,vax_eff_0.2,vax_eff,0.2
279,A,0.18592346032647417,7.688713950615186e-13,0.8140765396727566,4,25,vax_eff_0.2,vax_eff,0.2
279,C,0.25342174045746796,1.3831086397327194e-12,0.7465782595411486,4,25,vax_eff_0.2,vax_eff,0.2
280,A,0.18592346032641235,6.921820292390664e-13,0.8140765396728946,4,25,vax_eff_0.2,vax_eff,0.2
280,C,0.25342174045735705,1.245156843222447e-12,0.746578259541398,4,25,vax_eff_0.2,vax_eff,0.2
281,A,0.1859234603263569,6.23141926974011e-13,0.8140765396730205,4,25,vax_eff_0.2,vax_eff,0.2
281,C,0.25342174045725724,1.120964412450086e-12,0.7465782595416228,4,25,vax_eff_0.2,vax_eff,0.2
282,A,0.18592346032630705,5.609881172668266e-13,0.8140765396731326,4,25,vax_eff_0.2,vax_eff,0.2
282,C,0.2534217404571668,1.0091589829857052e-12,0.7465782595418237,4,25,vax_eff_0.2,vax_eff,0.2
283,A,0.18592346032626178,5.050337320724147e-13,0.8140765396732327,4,25,vax_eff_0.2,vax_eff,0.2
283,C,0.25342174045708604,9.085050705487517e-13,0.7465782595420055,4,25,vax_eff_0.2,vax_eff,0.2
284,A,0.18592346032622142,4.5466041525494855e-13,0.8140765396733244,4,25,vax_eff_0.2,vax_eff,0.2
284,C,0.25342174045701304,8.178904185308352e-13,0.7465782595421685,4,25,vax_eff_0.2,vax_eff,0.2
285,A,0.18592346032618481,4.0931148874188436e-13,0.8140765396734063,4,25,vax_eff_0.2,vax_eff,0.2
285,C,0.2534217404569472,7.363137072215991e-13,0.7465782595423168,4,25,vax_eff_0.2,vax_eff,0.2
286,A,0.18592346032615203,3.6848580034539085e-13,0.8140765396734798,4,25,vax_eff_0.2,vax_eff,0.2
286,C,0.2534217404568878,6.628734889208814e-13,0.7465782595424487,4,25,vax_eff_0.2,vax_eff,0.2
287,A,0.1859234603261222,3.3173218525405155e-13,0.8140765396735457,4,25,vax_eff_0.2,vax_eff,0.2
287,C,0.2534217404568349,5.967582266668706e-13,0.746578259542568,4,25,vax_eff_0.2,vax_eff,0.2
288,A,0.18592346032609583,2.986444799807462e-13,0.8140765396736063,4,25,vax_eff_0.2,vax_eff,0.2
288,C,0.25342174045678706,5.37237326505163e-13,0.7465782595426764,4,25,vax_eff_0.2,vax_eff,0.2
289,A,0.18592346032607146,2.688570336589378e-13,0.8140765396736588,4,25,vax_eff_0.2,vax_eff,0.2
289,C,0.2534217404567439,4.836530642026363e-13,0.7465782595427726,4,25,vax_eff_0.2,vax_eff,0.2
290,A,0.1859234603260501,2.4204066707679475e-13,0.8140765396737083,4,25,vax_eff_0.2,vax_eff,0.2
290,C,0.25342174045670524,4.3541331719386683e-13,0.746578259542861,4,25,vax_eff_0.2,vax_eff,0.2
291,A,0.1859234603260306,2.1789903478736174e-13,0.8140765396737508,4,25,vax_eff_0.2,vax_eff,0.2
291,C,0.25342174045667026,3.919850214459108e-13,0.7465782595429385,4,25,vax_eff_0.2,vax_eff,0.2
292,A,0.18592346032601317,1.9616535008815098e-13,0.814076539673791,4,25,vax_eff_0.2,vax_eff,0.2
292,C,0.2534217404566385,3.528882809378367e-13,0.7465782595430095,4,25,vax_eff_0.2,vax_eff,0.2
293,A,0.18592346032599721,1.7659943668128287e-13,0.8140765396738269,4,25,vax_eff_0.2,vax_eff,0.2
293,C,0.2534217404566101,3.176910650148759e-13,0.7465782595430724,4,25,vax_eff_0.2,vax_eff,0.2
294,A,0.18592346032598323,1.5898507439798197e-13,0.8140765396738578,4,25,vax_eff_0.2,vax_eff,0.2
294,C,0.2534217404565852,2.8600443330787696e-13,0.7465782595431303,4,25,vax_eff_0.2,vax_eff,0.2
295,A,0.18592346032597026,1.431276097027761e-13,0.8140765396738865,4,25,vax_eff_0.2,vax_eff,0.2
295,C,0.253421740456562,2.5747823865241054e-13,0.7465782595431815,4,25,vax_eff_0.2,vax_eff,0.2
296,A,0.185923460325959,1.2885180453378257e-13,0.814076539673913,4,25,vax_eff_0.2,vax_eff,0.2
296,C,0.253421740456541,2.31797257826032e-13,0.7465782595432271,4,25,vax_eff_0.2,vax_eff,0.2
297,A,0.18592346032594861,1.1599989971042807e-13,0.8140765396739358,4,25,vax_eff_0.2,vax_eff,0.2
297,C,0.25342174045652244,2.086777080924796e-13,0.7465782595432692,4,25,vax_eff_0.2,vax_eff,0.2
298,A,0.18592346032593945,1.0442987150969162e-13,0.814076539673957,4,25,vax_eff_0.2,vax_eff,0.2
298,C,0.25342174045650606,1.878641113155185e-13,0.7465782595433071,4,25,vax_eff_0.2,vax_eff,0.2
299,A,0.18592346032593096,9.401386214156767e-14,0.8140765396739755,4,25,vax_eff_0.2,vax_eff,0.2
299,C,0.25342174045649096,1.691264708472605e-13,0.7465782595433412,4,25,vax_eff_0.2,vax_eff,0.2
300,A,0.18592346032592333,8.463676677775197e-14,0.8140765396739923,4,25,vax_eff_0.2,vax_eff,0.2
300,C,0.25342174045647725,1.5225772999471268e-13,0.7465782595433716,4,25,vax_eff_0.2,vax_eff,0.2
301,A,0.18592346032591614,7.61949615178104e-14,0.8140765396740077,4,25,vax_eff_0.2,vax_eff,0.2
301,C,0.2534217404564653,1.3707148397984338e-13,0.7465782595433995,4,25,vax_eff_0.2,vax_eff,0.2
302,A,0.18592346032591028,6.859515823474555e-14,0.8140765396740212,4,25,vax_eff_0.2,vax_eff,0.2
302,C,0.25342174045645416,1.233999201096195e-13,0.7465782595434243,4,25,vax_eff_0.2,vax_eff,0.2
303,A,0.18592346032590482,6.175337364415604e-14,0.8140765396740341,4,25,vax_eff_0.2,vax_eff,0.2
303,C,0.25342174045644417,1.1109196339427614e-13,0.7465782595434465,4,25,vax_eff_0.2,vax_eff,0.2
304,A,0.18592346032589988,5.5594001203579345e-14,0.8140765396740445,4,25,vax_eff_0.2,vax_eff,0.2
304,C,0.25342174045643484,1.000116071223258e-13,0.7465782595434656,4,25,vax_eff_0.2,vax_eff,0.2
305,A,0.18592346032589532,5.0048975585086414e-14,0.814076539674054,4,25,vax_eff_0.2,vax_eff,0.2
305,C,0.2534217404564267,9.003640994465764e-14,0.7465782595434831,4,25,vax_eff_0.2,vax_eff,0.2
306,A,0.18592346032589116,4.5057020487301425e-14,0.8140765396740629,4,25,vax_eff_0.2,vax_eff,0.2
306,C,0.2534217404564194,8.105614286004421e-14,0.7465782595434992,4,25,vax_eff_0.2,vax_eff,0.2
307,A,0.18592346032588777,4.0562971474078e-14,0.8140765396740718,4,25,vax_eff_0.2,vax_eff,0.2
307,C,0.2534217404564129,7.297157115083331e-14,0.7465782595435143,4,25,vax_eff_0.2,vax_eff,0.2
308,A,0.1859234603258846,3.6517166356238526e-14,0.8140765396740793,4,25,vax_eff_0.2,vax_eff,0.2
308,C,0.2534217404564073,6.56933578088426e-14,0.7465782595435279,4,25,vax_eff_0.2,vax_eff,0.2
309,A,0.18592346032588153,3.287489637925446e-14,0.8140765396740857,4,25,vax_eff_0.2,vax_eff,0.2
309,C,0.2534217404564023,5.914107633397668e-14,0.7465782595435396,4,25,vax_eff_0.2,vax_eff,0.2
310,A,0.18592346032587911,2.959591215175154e-14,0.8140765396740917,4,25,vax_eff_0.2,vax_eff,0.2
310,C,0.25342174045639737,5.324232199669095e-14,0.7465782595435497,4,25,vax_eff_0.2,vax_eff,0.2
311,A,0.18592346032587645,2.6643978854702935e-14,0.8140765396740969,4,25,vax_eff_0.2,vax_eff,0.2
311,C,0.25342174045639304,4.793191174347953e-14,0.7465782595435595,4,25,vax_eff_0.2,vax_eff,0.2
312,A,0.18592346032587423,2.3986475815801664e-14,0.8140765396741014,4,25,vax_eff_0.2,vax_eff,0.2
312,C,0.2534217404563893,4.3151163904098296e-14,0.7465782595435682,4,25,vax_eff_0.2,vax_eff,0.2
313,A,0.18592346032587245,2.159403604830464e-14,0.8140765396741058,4,25,vax_eff_0.2,vax_eff,0.2
313,C,0.2534217404563858,3.884724973412114e-14,0.7465782595435758,4,25,vax_eff_0.2,vax_eff,0.2
314,A,0.18592346032587084,1.9440221650931755e-14,0.8140765396741099,4,25,vax_eff_0.2,vax_eff,0.2
314,C,0.2534217404563826,3.497260966101713e-14,0.7465782595435821,4,25,vax_eff_0.2,vax_eff,0.2
315,A,0.18592346032586907,1.7501231706808993e-14,0.8140765396741121,4,25,vax_eff_0.2,vax_eff,0.2
315,C,0.25342174045637966,3.1484427719845516e-14,0.7465782595435887,4,25,vax_eff_0.2,vax_eff,0.2
316,A,0.1859234603258677,1.5755639262256322e-14,0.8140765396741159,4,25,vax_eff_0.2,vax_eff,0.2
316,C,0.2534217404563774,2.8344158424263034e-14,0.7465782595435945,4,25,vax_eff_0.2,vax_eff,0.2
317,A,0.18592346032586635,1.4184154532263187e-14,0.8140765396741192,4,25,vax_eff_0.2,vax_eff,0.2
317,C,0.25342174045637483,2.5517100829864456e-14,0.7465782595435997,4,25,vax_eff_0.2,vax_eff,0.2
318,A,0.18592346032586549,1.2769411733816167e-14,0.8140765396741219,4,25,vax_eff_0.2,vax_eff,0.2
318,C,0.25342174045637283,2.297201507806773e-14,0.7465782595436042,4,25,vax_eff_0.2,vax_eff,0.2
319,A,0.18592346032586438,1.1495777181151107e-14,0.8140765396741242,4,25,vax_eff_0.2,vax_eff,0.2
319,C,0.2534217404563712,2.0680777186061048e-14,0.746578259543609,4,25,vax_eff_0.2,vax_eff,0.2
320,A,0.18592346032586368,1.0349176522180468e-14,0.8140765396741269,4,25,vax_eff_0.2,vax_eff,0.2
320,C,0.25342174045636956,1.8618068268134596e-14,0.746578259543613,4,25,vax_eff_0.2,vax_eff,0.2
321,A,0.18592346032586268,9.316939206880401e-15,0.8140765396741287,4,25,vax_eff_0.2,vax_eff,0.2
321,C,0.253421740456368,1.6761094754197875e-14,0.7465782595436158,4,25,vax_eff_0.2,vax_eff,0.2
322,A,0.18592346032586185,8.387658468856794e-15,0.8140765396741297,4,25,vax_eff_0.2,vax_eff,0.2
322,C,0.25342174045636656,1.50893365138105e-14,0.7465782595436187,4,25,vax_eff_0.2,vax_eff,0.2
323,A,0.1859234603258612,7.55106527274876e-15,0.8140765396741311,4,25,vax_eff_0.2,vax_eff,0.2
323,C,0.2534217404563655,1.3584320102420958e-14,0.746578259543622,4,25,vax_eff_0.2,vax_eff,0.2
324,A,0.18592346032586066,6.7979148344671094e-15,0.8140765396741327,4,25,vax_eff_0.2,vax_eff,0.2
324,C,0.25342174045636445,1.2229414624113119e-14,0.7465782595436243,4,25,vax_eff_0.2,vax_eff,0.2
325,A,0.18592346032586013,6.119884460209658e-15,0.8140765396741336,4,25,vax_eff_0.2,vax_eff,0.2
325,C,0.2534217404563633,1.1009647955082824e-14,0.7465782595436258,4,25,vax_eff_0.2,vax_eff,0.2
326,A,0.18592346032585957,5.5094815752804174e-15,0.8140765396741355,4,25,vax_eff_0.2,vax_eff,0.2
326,C,0.2534217404563623,9.911541297056002e-15,0.7465782595436279,4,25,vax_eff_0.2,vax_eff,0.2
327,A,0.185923460325859,4.959960926348347e-15,0.814076539674136,4,25,vax_eff_0.2,vax_eff,0.2
327,C,0.2534217404563615,8.92296023241387e-15,0.7465782595436297,4,25,vax_eff_0.2,vax_eff,0.2
328,A,0.18592346032585866,4.465250042157609e-15,0.8140765396741371,4,25,vax_eff_0.2,vax_eff,0.2
328,C,0.2534217404563607,8.032980635138114e-15,0.7465782595436311,4,25,vax_eff_0.2,vax_eff,0.2
329,A,0.18592346032585835,4.019882128965956e-15,0.8140765396741381,4,25,vax_eff_0.2,vax_eff,0.2
329,C,0.2534217404563604,7.231767955850734e-15,0.7465782595436329,4,25,vax_eff_0.2,vax_eff,0.2
330,A,0.18592346032585796,3.61893565914912e-15,0.8140765396741386,4,25,vax_eff_0.2,vax_eff,0.2
330,C,0.2534217404563597,6.510468547011366e-15,0.7465782595436335,4,25,vax_eff_0.2,vax_eff,0.2
331,A,0.18592346032585766,3.2579799853753622e-15,0.8140765396741387,4,25,vax_eff_0.2,vax_eff,0.2
331,C,0.25342174045635907,5.8611118273819765e-15,0.7465782595436349,4,25,vax_eff_0.2,vax_eff,0.2
332,A,0.18592346032585744,2.9330263793427484e-15,0.8140765396741396,4,25,vax_eff_0.2,vax_eff,0.2
332,C,0.2534217404563585,5.276522204646176e-15,0.7465782595436359,4,25,vax_eff_0.2,vax_eff,0.2
333,A,0.18592346032585727,2.6404839511255987e-15,0.8140765396741402,4,25,vax_eff_0.2,vax_eff,0.2
333,C,0.2534217404563582,4.750239783388071e-15,0.7465782595436374,4,25,vax_eff_0.2,vax_eff,0.2
334,A,0.1859234603258571,2.377119976166468e-15,0.8140765396741405,4,25,vax_eff_0.2,vax_eff,0.2
334,C,0.253421740456358,4.276448979853089e-15,0.7465782595436388,4,25,vax_eff_0.2,vax_eff,0.2
335,A,0.18592346032585697,2.14002416488299e-15,0.8140765396741414,4,25,vax_eff_0.2,vax_eff,0.2
335,C,0.2534217404563576,3.849914259111172e-15,0.7465782595436393,4,25,vax_eff_0.2,vax_eff,0.2
336,A,0.1859234603258568,1.9265765026418392e-15,0.8140765396741417,4,25,vax_eff_0.2,vax_eff,0.2
336,C,0.25342174045635724,3.4659222807364262e-15,0.7465782595436397,4,25,vax_eff_0.2,vax_eff,0.2
337,A,0.18592346032585674,1.7344182983724553e-15,0.8140765396741418,4,25,vax_eff_0.2,vax_eff,0.2
337,C,0.25342174045635696,3.1202298147413367e-15,0.7465782595436408,4,25,vax_eff_0.2,vax_eff,0.2
338,A,0.18592346032585663,1.5614261197593808e-15,0.8140765396741425,4,25,vax_eff_0.2,vax_eff,0.2
338,C,0.25342174045635674,2.8090168525761975e-15,0.7465782595436408,4,25,vax_eff_0.2,vax_eff,0.2
339,A,0.1859234603258565,1.4056883281865725e-15,0.8140765396741427,4,25,vax_eff_0.2,vax_eff,0.2
339,C,0.25342174045635646,2.5288443948558387e-15,0.7465782595436413,4,25,vax_eff_0.2,vax_eff,0.2
340,A,0.18592346032585635,1.2654839541284348e-15,0.8140765396741432,4,25,vax_eff_0.2,vax_eff,0.2
340,C,0.25342174045635607,2.276616449355172e-15,0.746578259543641,4,25,vax_eff_0.2,vax_eff,0.2
341,A,0.1859234603258561,1.139263679546269e-15,0.814076539674143,4,25,vax_eff_0.2,vax_eff,0.2
341,C,0.25342174045635596,2.049545819339554e-15,0.7465782595436415,4,25,vax_eff_0.2,vax_eff,0.2
342,A,0.18592346032585597,1.0256327171328886e-15,0.8140765396741427,4,25,vax_eff_0.2,vax_eff,0.2
342,C,0.25342174045635585,1.8451233041805566e-15,0.7465782595436427,4,25,vax_eff_0.2,vax_eff,0.2
343,A,0.18592346032585597,9.233353972098337e-16,0.8140765396741433,4,25,vax_eff_0.2,vax_eff,0.2
343,C,0.2534217404563557,1.6610899719144646e-15,0.7465782595436425,4,25,vax_eff_0.2,vax_eff,0.2
344,A,0.18592346032585588,8.31241291952395e-16,0.8140765396741433,4,25,vax_eff_0.2,vax_eff,0.2
344,C,0.2534217404563557,1.4954121973467267e-15,0.7465782595436431,4,25,vax_eff_0.2,vax_eff,0.2
345,A,0.18592346032585585,7.483327236063812e-16,0.8140765396741437,4,25,vax_eff_0.2,vax_eff,0.2
345,C,0.2534217404563555,1.346259189865686e-15,0.7465782595436432,4,25,vax_eff_0.2,vax_eff,0.2
346,A,0.18592346032585577,6.736935186546064e-16,0.8140765396741438,4,25,vax_eff_0.2,vax_eff,0.2
346,C,0.2534217404563555,1.2119827626410518e-15,0.7465782595436435,4,25,vax_eff_0.2,vax_eff,0.2
347,A,0.18592346032585572,6.064988836597371e-16,0.814076539674144,4,25,vax_eff_0.2,vax_eff,0.2
347,C,0.25342174045635535,1.091099119650491e-15,0.746578259543644,4,25,vax_eff_0.2,vax_eff,0.2
348,A,0.18592346032585566,5.460062909054446e-16,0.8140765396741441,4,25,vax_eff_0.2,vax_eff,0.2
348,C,0.25342174045635524,9.822724592753731e-16,0.746578259543644,4,25,vax_eff_0.2,vax_eff,0.2
349,A,0.1859234603258556,4.915472731167942e-16,0.8140765396741443,4,25,vax_eff_0.2,vax_eff,0.2
349,C,0.2534217404563551,8.843002132803607e-16,0.746578259543644,4,25,vax_eff_0.2,vax_eff,0.2
350,A,0.18592346032585558,4.425200365867136e-16,0.8140765396741444,4,25,vax_eff_0.2,vax_eff,0.2
350,C,0.25342174045635496,7.960997580630028e-16,0.7465782595436441,4,25,vax_eff_0.2,vax_eff,0.2
351,A,0.18592346032585552,3.983828110793403e-16,0.8140765396741446,4,25,vax_eff_0.2,vax_eff,0.2
351,C,0.25342174045635485,7.16696451328533e-16,0.7465782595436443,4,25,vax_eff_0.2,vax_eff,0.2
352,A,0.1859234603258555,3.5864786302290716e-16,0.8140765396741446,4,25,vax_eff_0.2,vax_eff,0.2
352,C,0.25342174045635485,6.452128619914695e-16,0.7465782595436445,4,25,vax_eff_0.2,vax_eff,0.2
353,A,0.1859234603258554,3.228761060597189e-16,0.8140765396741444,4,25,vax_eff_0.2,vax_eff,0.2
353,C,0.2534217404563548,5.808590739484156e-16,0.7465782595436448,4,25,vax_eff_0.2,vax_eff,0.2
354,A,0.18592346032585547,2.9067224829000627e-16,0.8140765396741446,4,25,vax_eff_0.2,vax_eff,0.2
354,C,0.25342174045635474,5.229239582440549e-16,0.7465782595436449,4,25,vax_eff_0.2,vax_eff,0.2
355,A,0.1859234603258554,2.6168042467391983e-16,0.8140765396741446,4,25,vax_eff_0.2,vax_eff,0.2
355,C,0.25342174045635474,4.70767314069431e-16,0.7465782595436451,4,25,vax_eff_0.2,vax_eff,0.2
356,A,0.18592346032585536,2.355802645424458e-16,0.8140765396741444,4,25,vax_eff_0.2,vax_eff,0.2
356,C,0.25342174045635474,4.2381279437370126e-16,0.746578259543645,4,25,vax_eff_0.2,vax_eff,0.2
357,A,0.1859234603258553,2.120833512670711e-16,0.8140765396741445,4,25,vax_eff_0.2,vax_eff,0.2
357,C,0.2534217404563547,3.8154153718996583e-16,0.7465782595436453,4,25,vax_eff_0.2,vax_eff,0.2
358,A,0.18592346032585536,1.909300351326771e-16,0.8140765396741447,4,25,vax_eff_0.2,vax_eff,0.2
358,C,0.25342174045635457,3.4348643205019855e-16,0.7465782595436453,4,25,vax_eff_0.2,vax_eff,0.2
359,A,0.1859234603258553,1.7188656409813292e-16,0.8140765396741446,4,25,vax_eff_0.2,vax_eff,0.2
359,C,0.25342174045635457,3.092269582702138e-16,0.7465782595436453,4,25,vax_eff_0.2,vax_eff,0.2
360,A,0.1859234603258553,1.5474250073803627e-16,0.8140765396741447,4,25,vax_eff_0.2,vax_eff,0.2
360,C,0.2534217404563545,2.783845380661369e-16,0.7465782595436454,4,25,vax_eff_0.2,vax_eff,0.2
361,A,0.1859234603258553,1.39308396821511e-16,0.8140765396741447,4,25,vax_eff_0.2,vax_eff,0.2
361,C,0.25342174045635446,2.5061835315287723e-16,0.7465782595436455,4,25,vax_eff_0.2,vax_eff,0.2
362,A,0.18592346032585524,1.2541369983101204e-16,0.8140765396741448,4,25,vax_eff_0.2,vax_eff,0.2
362,C,0.2534217404563544,2.256215785967248e-16,0.7465782595436453,4,25,vax_eff_0.2,vax_eff,0.2
363,A,0.18592346032585524,1.1290486828714413e-16,0.8140765396741448,4,25,vax_eff_0.2,vax_eff,0.2
363,C,0.25342174045635446,2.0311799230498003e-16,0.7465782595436457,4,25,vax_eff_0.2,vax_eff,0.2
364,A,0.18592346032585524,1.0164367505292271e-16,0.8140765396741448,4,25,vax_eff_0.2,vax_eff,0.2
364,C,0.2534217404563544,1.8285892268643192e-16,0.7465782595436455,4,25,vax_eff_0.2,vax_eff,0.2
365,A,0.18592346032585524,9.150567986817981e-17,0.8140765396741448,4,25,vax_eff_0.2,vax_eff,0.2
365,C,0.2534217404563544,1.6462050075339008e-16,0.7465782595436455,4,25,vax_eff_0.2,vax_eff,0.2
0,A,0.9989999999999999,0.001,0,5,25,vax_eff_0.2,vax_eff,0.2
0,C,0.9989999999999999,9.999999999999998e-4,0,5,25,vax_eff_0.2,vax_eff,0.2
1,A,0.998376490036199,0.0013863019376597098,2.372080261414765e-4,5,25,vax_eff_0.2,vax_eff,0.2
1,C,0.9985707592884091,0.0012089145949145388,2.2032611667614928e-4,5,25,vax_eff_0.2,vax_eff,0.2
2,A,0.9975787480724243,0.0018607146792843142,5.605372482920947e-4,5,25,vax_eff_0.2,vax_eff,0.2
2,C,0.9980586628134197,0.0014552111919496828,4.8612599463121654e-4,5,25,vax_eff_0.2,vax_eff,0.2
3,A,0.996582563821542,0.0024293825839723435,9.880535944848143e-4,5,25,vax_eff_0.2,vax_eff,0.2
3,C,0.997450160098471,0.0017444319145706957,8.054079869590766e-4,5,25,vax_eff_0.2,vax_eff,0.2
4,A,0.9953500778686104,0.0031097423961921602,0.0015401797351971703,5,25,vax_eff_0.2,vax_eff,0.2
4,C,0.9967284934672859,0.0020840410783109133,0.0011874654544037158,5,25,vax_eff_0.2,vax_eff,0.2
5,A,0.9938286807433161,0.0039289371545475444,0.002242382102136162,5,25,vax_eff_0.2,vax_eff,0.2
5,C,0.9958728090843671,0.002483657881534602,0.001643533034097095,5,25,vax_eff_0.2,vax_eff,0.2
6,A,0.99195487392687,0.004919738781146118,0.003125387291983478,5,25,vax_eff_0.2,vax_eff,0.2
6,C,0.9948588877263839,0.0029545178554551826,0.0021865944181607383,5,25,vax_eff_0.2,vax_eff,0.2
7,A,0.9896572645854006,0.006118048977945279,0.004224686436654249,5,25,vax_eff_0.2,vax_eff,0.2
7,C,0.9936598373730282,0.0035090261394252645,0.002831136487548573,5,25,vax_eff_0.2,vax_eff,0.2
8,A,0.9868402261294735,0.007570820732901258,0.005588953137625911,5,25,vax_eff_0.2,vax_eff,0.2
8,C,0.9922397979800669,0.004163604548286236,0.0035965974716485184,5,25,vax_eff_0.2,vax_eff,0.2
9,A,0.9833987427078869,0.00932768112896004,0.007273576163153853,5,25,vax_eff_0.2,vax_eff,0.2
9,C,0.990559426645167,0.004936027436338981,0.004504545918494745,5,25,vax_eff_0.2,vax_eff,0.2
10,A,0.9792110065729566,0.01144471293625834,0.009344280490784987,5,25,vax_eff_0.2,vax_eff,0.2
10,C,0.9885729403667171,0.005846742235142671,0.0055803173981409555,5,25,vax_eff_0.2,vax_eff,0.2
11,A,0.9741344239420551,0.013985745560171386,0.011879830497774592,5,25,vax_eff_0.2,vax_eff,0.2
11,C,0.9862263687995021,0.006919553245420915,0.0068540779550766906,5,25,vax_eff_0.2,vax_eff,0.2
12,A,0.9680065647992004,0.01702114136537721,0.014972293835421768,5,25,vax_eff_0.2,vax_eff,0.2
12,C,0.9834574167435366,0.00818155096086793,0.008361032295594222,5,25,vax_eff_0.2,vax_eff,0.2
13,A,0.9606468681485337,0.02062597278529237,0.018727159066173154,5,25,vax_eff_0.2,vax_eff,0.2
13,C,0.9801953398592786,0.00966299049264875,0.01014166964807327,5,25,vax_eff_0.2,vax_eff,0.2
14,A,0.9518543787350195,0.024879239224527495,0.02326638204045339,5,25,vax_eff_0.2,vax_eff,0.2
14,C,0.9763587281439714,0.01139796698795433,0.0122433048680749,5,25,vax_eff_0.2,vax_eff,0.2
15,A,0.9414137661259777,0.029858970298528898,0.028727263575493843,5,25,vax_eff_0.2,vax_eff,0.2
15,C,0.9718558460134644,0.013423891291819583,0.014720262694716294,5,25,vax_eff_0.2,vax_eff,0.2
16,A,0.9290987253939628,0.03563808260203324,0.03526319200400475,5,25,vax_eff_0.2,vax_eff,0.2
16,C,0.9665834236401458,0.01578153066581894,0.017635045694035845,5,25,vax_eff_0.2,vax_eff,0.2
17,A,0.9146830173104914,0.042276616038675094,0.043040366650833,5,25,vax_eff_0.2,vax_eff,0.2
17,C,0.9604278067901371,0.018513908067019625,0.021058285142842387,5,25,vax_eff_0.2,vax_eff,0.2
18,A,0.8979525220130101,0.04981310285322522,0.05223437513376377,5,25,vax_eff_0.2,vax_eff,0.2
18,C,0.9532660071711487,0.0216650735285556,0.02506891930029576,5,25,vax_eff_0.2,vax_eff,0.2
19,A,0.8787224666882272,0.058251235244168226,0.06302629806760479,5,25,vax_eff_0.2,vax_eff,0.2
19,C,0.9449660951771235,0.02527850177901888,0.02975540304385791,5,25,vax_eff_0.2,vax_eff,0.2
20,A,0.8568585999227168,0.06754931940467086,0.07559208067261251,5,25,vax_eff_0.2,vax_eff,0.2
20,C,0.9353922713717677,0.029393958670575197,0.03521376995765624,5,25,vax_eff_0.2,vax_eff,0.2
21,A,0.8322957281310664,0.07760832777693176,0.09009594409200282,5,25,vax_eff_0.2,vax_eff,0.2
21,C,0.9244064891242075,0.03404492869097311,0.04154858218481907,5,25,vax_eff_0.2,vax_eff,0.2
22,A,0.8050609108529844,0.08826441226976012,0.10667467687725526,5,25,vax_eff_0.2,vax_eff,0.2
22,C,0.9118773110183529,0.03925362651084789,0.048869062470798995,5,25,vax_eff_0.2,vax_eff,0.2
23,A,0.7752909774042537,0.09928329715696997,0.12542572543877675,5,25,vax_eff_0.2,vax_eff,0.2
23,C,0.8976860066798737,0.045026283086080095,0.05728771023404642,5,25,vax_eff_0.2,vax_eff,0.2
24,A,0.7432439158595576,0.11036386953221158,0.14639221460823057,5,25,vax_eff_0.2,vax_eff,0.2
24,C,0.8817365217405515,0.05134727547152243,0.06691620278792643,5,25,vax_eff_0.2,vax_eff,0.2
25,A,0.7092946331842895,0.12115396724438646,0.16955139957132392,5,25,vax_eff_0.2,vax_eff,0.2
25,C,0.8639660101905794,0.05817390830850117,0.07786008150091885,5,25,vax_eff_0.2,vax_eff,0.2
26,A,0.673922662737161,0.1312702273071401,0.19480710995569925,5,25,vax_eff_0.2,vax_eff,0.2
26,C,0.8443542825528295,0.06543174014119624,0.09021397730597293,5,25,vax_eff_0.2,vax_eff,0.2
27,A,0.6376815569857204,0.14033143321049713,0.22198700980378258,5,25,vax_eff_0.2,vax_eff,0.2
27,C,0.8229340557487694,0.07301215443644683,0.10405378981478275,5,25,vax_eff_0.2,vax_eff,0.2
28,A,0.6011661000037989,0.1479896282183766,0.2508442717778237,5,25,vax_eff_0.2,vax_eff,0.2
28,C,0.7997990908160891,0.0807708211567667,0.11943008802714437,5,25,vax_eff_0.2,vax_eff,0.2
29,A,0.5649706726189421,0.15396064579600507,0.28106868158505216,5,25,vax_eff_0.2,vax_eff,0.2
29,C,0.7751068199383211,0.08853132481128963,0.13636185525038833,5,25,vax_eff_0.2,vax_eff,0.2
30,A,0.529643096149046,0.15805391629394078,0.3123029875570132,5,25,vax_eff_0.2,vax_eff,0.2
30,C,0.7490784059206346,0.09609247987160878,0.15482911420775694,5,25,vax_eff_0.2,vax_eff,0.2
31,A,0.4956631797005741,0.16017755404280307,0.34415926625662224,5,25,vax_eff_0.2,vax_eff,0.2
31,C,0.7219925527380934,0.10323702165898324,0.17477042560292222,5,25,vax_eff_0.2,vax_eff,0.2
32,A,0.4634124996043222,0.1603438470499208,0.37624365334575677,5,25,vax_eff_0.2,vax_eff,0.2
32,C,0.6941714665904736,0.10974780409965869,0.19608072930986753,5,25,vax_eff_0.2,vax_eff,0.2
33,A,0.43316987589761907,0.158656918434935,0.40817320566744575,5,25,vax_eff_0.2,vax_eff,0.2
33,C,0.665965882021552,0.11542104189640985,0.21861307608203953,5,25,vax_eff_0.2,vax_eff,0.2
34,A,0.4051074758864197,0.155297007804191,0.43959551630938853,5,25,vax_eff_0.2,vax_eff,0.2
34,C,0.637735231558114,0.12008298406178715,0.2421817843800984,5,25,vax_eff_0.2,vax_eff,0.2
35,A,0.3793070992320869,0.15049562662043642,0.4701972741474768,5,25,vax_eff_0.2,vax_eff,0.2
35,C,0.6098304382688085,0.12359975634680041,0.2665698053843904,5,25,vax_eff_0.2,vax_eff,0.2
36,A,0.3557718796442762,0.14451239445571448,0.49971572590000835,5,25,vax_eff_0.2,vax_eff,0.2
36,C,0.5825735250056213,0.12588734542361302,0.29153912957076644,5,25,vax_eff_0.2,vax_eff,0.2
37,A,0.3344432044610013,0.13761576871676448,0.5279410268222348,5,25,vax_eff_0.2,vax_eff,0.2
37,C,0.5562454645330687,0.12691507961634302,0.3168394558505887,5,25,vax_eff_0.2,vax_eff,0.2
38,A,0.31521912037583383,0.1300619700271501,0.5547189095970158,5,25,vax_eff_0.2,vax_eff,0.2
38,C,0.5310725335124171,0.12670461201277675,0.34222285447480777,5,25,vax_eff_0.2,vax_eff,0.2
39,A,0.29796710003037596,0.12209272508900364,0.57994017488062,5,25,vax_eff_0.2,vax_eff,0.2
39,C,0.5072324981338182,0.12532279915103725,0.36744470271514434,5,25,vax_eff_0.2,vax_eff,0.2
40,A,0.28253892887488297,0.11391756367943696,0.6035435074456796,5,25,vax_eff_0.2,vax_eff,0.2
40,C,0.4848446545635695,0.1228738821487877,0.3922814632876425,5,25,vax_eff_0.2,vax_eff,0.2
41,A,0.2687790569293188,0.1057147072195177,0.6255062358511637,5,25,vax_eff_0.2,vax_eff,0.2
41,C,0.4639778219298256,0.1194896088685003,0.4165325692016727,5,25,vax_eff_0.2,vax_eff,0.2
42,A,0.2565322064183895,0.09762993977616509,0.6458378538054462,5,25,vax_eff_0.2,vax_eff,0.2
42,C,0.44465659166377475,0.11531801565551725,0.4400253926807067,5,25,vax_eff_0.2,vax_eff,0.2
43,A,0.2456480672813584,0.08977784298528524,0.6645740897333569,5,25,vax_eff_0.2,vax_eff,0.2
43,C,0.42686832712387096,0.11051405609324669,0.4626176167828834,5,25,vax_eff_0.2,vax_eff,0.2
44,A,0.23598702388739548,0.08224277970222837,0.6817701964103762,5,25,vax_eff_0.2,vax_eff,0.2
44,C,0.4105714277471721,0.10522851747117729,0.48420005478165223,5,25,vax_eff_0.2,vax_eff,0.2
45,A,0.2274154945162283,0.07508780054870735,0.6974967049350641,5,25,vax_eff_0.2,vax_eff,0.2
45,C,0.3957029091919621,0.09960825429776796,0.5046888365102701,5,25,vax_eff_0.2,vax_eff,0.2
46,A,0.21981393334570676,0.06835242901345087,0.7118336376408431,5,25,vax_eff_0.2,vax_eff,0.2
46,C,0.38218523371616864,0.09378431856027229,0.5240304477235597,5,25,vax_eff_0.2,vax_eff,0.2
47,A,0.21307308397027042,0.06205856435892983,0.7248683516707999,5,25,vax_eff_0.2,vax_eff,0.2
47,C,0.36993038904717324,0.08787291479151864,0.5421966961613084,5,25,vax_eff_0.2,vax_eff,0.2
48,A,0.20709783779620136,0.056214269902443666,0.7366878923013555,5,25,vax_eff_0.2,vax_eff,0.2
48,C,0.3588493894343138,0.08197008367060431,0.559180526895082,5,25,vax_eff_0.2,vax_eff,0.2
49,A,0.20179980865112462,0.050817319529319775,0.7473828718195552,5,25,vax_eff_0.2,vax_eff,0.2
49,C,0.3488493316740319,0.0761588140598143,0.5749918542661522,5,25,vax_eff_0.2,vax_eff,0.2
50,A,0.1970997818366942,0.04585725583931032,0.757042962323995,5,25,vax_eff_0.2,vax_eff,0.2
50,C,0.33983827439523295,0.07050611996266444,0.5896556056421012,5,25,vax_eff_0.2,vax_eff,0.2
51,A,0.19292941483470272,0.04131713883019929,0.7657534463350987,5,25,vax_eff_0.2,vax_eff,0.2
51,C,0.3317293148835614,0.06506195422271721,0.6032087308937214,5,25,vax_eff_0.2,vax_eff,0.2
52,A,0.189227508336299,0.037176005143282856,0.7735964865204175,5,25,vax_eff_0.2,vax_eff,0.2
52,C,0.3244395041742088,0.05986343201717258,0.6156970638086187,5,25,vax_eff_0.2,vax_eff,0.2
53,A,0.18593950876125964,0.033409930845993044,0.7806505603927482,5,25,vax_eff_0.2,vax_eff,0.2
53,C,0.3178904582968214,0.05493600476940918,0.6271735369337702,5,25,vax_eff_0.2,vax_eff,0.2
54,A,0.18301882221400603,0.029994528847843913,0.7869866489381513,5,25,vax_eff_0.2,vax_eff,0.2
54,C,0.3120120589207705,0.0502950215752728,0.6376929195039569,5,25,vax_eff_0.2,vax_eff,0.2
55,A,0.18042498293955353,0.02690527824765395,0.7926697388127927,5,25,vax_eff_0.2,vax_eff,0.2
55,C,0.30674098574507974,0.04594790822016841,0.6473111060347507,5,25,vax_eff_0.2,vax_eff,0.2
56,A,0.17811790701928532,0.02411527584674869,0.7977668171339665,5,25,vax_eff_0.2,vax_eff,0.2
56,C,0.30201253359097036,0.04189684608555554,0.6560906203234727,5,25,vax_eff_0.2,vax_eff,0.2
57,A,0.17606568375843695,0.021600290997502318,0.8023340252440607,5,25,vax_eff_0.2,vax_eff,0.2
57,C,0.2977730080499032,0.038137686293433275,0.6640893056566638,5,25,vax_eff_0.2,vax_eff,0.2
58,A,0.17423948350596755,0.019336630308439448,0.8064238861855934,5,25,vax_eff_0.2,vax_eff,0.2
58,C,0.29397275240919174,0.0346623887694866,0.6713648588213232,5,25,vax_eff_0.2,vax_eff,0.2
59,A,0.17261420564689878,0.017302195903784894,0.8100835984493165,5,25,vax_eff_0.2,vax_eff,0.2
59,C,0.2905675332703296,0.03146032394535566,0.6779721427843155,5,25,vax_eff_0.2,vax_eff,0.2
60,A,0.17116668909164792,0.015475420901687796,0.8133578900066643,5,25,vax_eff_0.2,vax_eff,0.2
60,C,0.28751575186590395,0.028518570309069072,0.6839656778250267,5,25,vax_eff_0.2,vax_eff,0.2
61,A,0.1698771648929701,0.013836844719176327,0.8162859903878531,5,25,vax_eff_0.2,vax_eff,0.2
61,C,0.28478116683850346,0.025823104600624907,0.6893957285608715,5,25,vax_eff_0.2,vax_eff,0.2
62,A,0.16872801178495453,0.012368312436515382,0.8189036757785296,5,25,vax_eff_0.2,vax_eff,0.2
62,C,0.2823309210498336,0.023359004079273576,0.6943100748708941,5,25,vax_eff_0.2,vax_eff,0.2
63,A,0.16770384600317104,0.011053295021186496,0.8212428589756425,5,25,vax_eff_0.2,vax_eff,0.2
63,C,0.2801358841728513,0.021111031317325838,0.6987530845098229,5,25,vax_eff_0.2,vax_eff,0.2
64,A,0.16679069169076038,0.009876397250072064,0.8233329110591675,5,25,vax_eff_0.2,vax_eff,0.2
64,C,0.27816932473584405,0.019064027135761757,0.7027666481283947,5,25,vax_eff_0.2,vax_eff,0.2
65,A,0.16597619387572995,0.008823593998213308,0.825200212126057,5,25,vax_eff_0.2,vax_eff,0.2
65,C,0.2764073050369477,0.01720308115570643,0.7063896138073454,5,25,vax_eff_0.2,vax_eff,0.2
66,A,0.1652494601466974,0.007882180473176653,0.82686835938012615,5,25,vax_eff_0.2,vax_eff,0.2
66,C,0.27482845961345653,0.015513734421093472,0.7096578059654499,5,25,vax_eff_0.2,vax_eff,0.2
67,A,0.16460066170210735,0.007040478718662005,0.8283588595792318,5,25,vax_eff_0.2,vax_eff,0.2
67,C,0.27341333598682394,0.013982046612160876,0.7126046174010141,5,25,vax_eff_0.2,vax_eff,0.2
68,A,0.16402129059394005,0.00628813734372344,0.8296905720623363,5,25,vax_eff_0.2,vax_eff,0.2
68,C,0.27214488056539676,0.012594865730877773,0.7152602537037247,5,25,vax_eff_0.2,vax_eff,0.2
69,A,0.16350398808840028,0.005616007241484309,0.8308800046701152,5,25,vax_eff_0.2,vax_eff,0.2
69,C,0.2710081737379787,0.011339901957342188,0.7176519243046793,5,25,vax_eff_0.2,vax_eff,0.2
70,A,0.1630420986716793,0.00501574352403147,0.8319421578042888,5,25,vax_eff_0.2,vax_eff,0.2
70,C,0.2699896660019001,0.010205645548622758,0.7198046884494769,5,25,vax_eff_0.2,vax_eff,0.2
71,A,0.16262958138273612,0.004479726660576264,0.8328906919566883,5,25,vax_eff_0.2,vax_eff,0.2
71,C,0.26907700768728976,0.009181344433871821,0.7217416478788392,5,25,vax_eff_0.2,vax_eff,0.2
72,A,0.16226104450060214,0.0040010943630660566,0.8337378611363312,5,25,vax_eff_0.2,vax_eff,0.2
72,C,0.2682590970388743,0.008257015639481663,0.7234838873216434,5,25,vax_eff_0.2,vax_eff,0.2
73,A,0.16193172399914282,0.0035737215913707867,0.8344945544094866,5,25,vax_eff_0.2,vax_eff,0.2
73,C,0.26752604275176545,0.007423446017818288,0.7250505112304169,5,25,vax_eff_0.2,vax_eff,0.2
74,A,0.16163740331864299,0.003192143561673561,0.8351704531196834,5,25,vax_eff_0.2,vax_eff,0.2
74,C,0.26686902761843967,0.006672168652100602,0.7264588037294591,5,25,vax_eff_0.2,vax_eff,0.2
75,A,0.1613743293647716,0.002851470816124457,0.8357741998191044,5,25,vax_eff_0.2,vax_eff,0.2
75,C,0.26628016018891265,0.005995422635476007,0.727724417175611,5,25,vax_eff_0.2,vax_eff,0.2
76,A,0.16113915202459736,0.002547323169751813,0.836313524805651,5,25,vax_eff_0.2,vax_eff,0.2
76,C,0.26575236194201873,0.005386107967868095,0.728861530090114,5,25,vax_eff_0.2,vax_eff,0.2
77,A,0.1609288820773041,0.0022757803053381877,0.8367953376173579,5,25,vax_eff_0.2,vax_eff,0.2
77,C,0.2652792853404641,0.004837741926388032,0.7298829727331478,5,25,vax_eff_0.2,vax_eff,0.2
78,A,0.16074085524431017,0.0020333387805257968,0.8372258059751638,5,25,vax_eff_0.2,vax_eff,0.2
78,C,0.2648552440290721,0.004344417565215089,0.7308003384057122,5,25,vax_eff_0.2,vax_eff,0.2
79,A,0.16057269731686538,0.0018168704622513172,0.837610432220883,5,25,vax_eff_0.2,vax_eff,0.2
79,C,0.2644751460924772,0.0039007629934257712,0.7316240909140967,5,25,vax_eff_0.2,vax_eff,0.2
80,A,0.16042229133541172,0.001623582869926473,0.8379541257946603,5,25,vax_eff_0.2,vax_eff,0.2
80,C,0.26413443097669764,0.003501900879716753,0.7323636681435864,5,25,vax_eff_0.2,vax_eff,0.2
81,A,0.1602877485140677,0.0014509831386703396,0.8382612683472622,5,25,vax_eff_0.2,vax_eff,0.2
81,C,0.26382901267768494,0.003143408823010914,0.7330275784993036,5,25,vax_eff_0.2,vax_eff,0.2
82,A,0.16016738307162776,0.0012968461305222125,0.8385357707978494,5,25,vax_eff_0.2,vax_eff,0.2
82,C,0.26355522978922946,0.002821281512680553,0.7336234886980885,5,25,vax_eff_0.2,vax_eff,0.2
83,A,0.1600596900209641,0.0011591860316956441,0.8387811239473387,5,25,vax_eff_0.2,vax_eff,0.2
83,C,0.26330980100408025,0.0025318951764163725,0.7341583038195025,5,25,vax_eff_0.2,vax_eff,0.2
84,A,0.1599633259116811,0.0010362311633124437,0.8390004429250066,5,25,vax_eff_0.2,vax_eff,0.2
84,C,0.2630897863189234,0.0022719743985706326,0.7346382392825053,5,25,vax_eff_0.2,vax_eff,0.2
85,A,0.15987709136030484,9.264011232465275e-4,0.8391965075164485,5,25,vax_eff_0.2,vax_eff,0.2
85,C,0.26289255168166814,0.002038561211899736,0.7350688871064326,5,25,vax_eff_0.2,vax_eff,0.2
86,A,0.15979991507127278,8.282860136998808e-4,0.8393717989150274,5,25,vax_eff_0.2,vax_eff,0.2
86,C,0.2627157364503165,0.001828986370795133,0.7354552771788889,5,25,vax_eff_0.2,vax_eff,0.2
87,A,0.15973083995510473,7.40628059676317e-4,0.8395285319852192,5,25,vax_eff_0.2,vax_eff,0.2
87,C,0.2625572248797362,0.0016408427806542459,0.7358019323396093,5,25,vax_eff_0.2,vax_eff,0.2
88,A,0.159669010843022,6.623052221449979e-4,0.8396686839348332,5,25,vax_eff_0.2,vax_eff,0.2
88,C,0.26241512070689316,0.00147196104419694,0.73611291824891,5,25,vax_eff_0.2,vax_eff,0.2
89,A,0.15961366354876483,5.923165615214573e-4,0.839794019889714,5,25,vax_eff_0.2,vax_eff,0.2
89,C,0.26228772439576775,0.0013203870379967378,0.7363918885662338,5,25,vax_eff_0.2,vax_eff,0.2
90,A,0.15956411509256743,5.297691465373515e-4,0.839906115760895,5,25,vax_eff_0.2,vax_eff,0.2
90,C,0.2621735126996597,0.0011843614012008797,0.7366421258991385,5,25,vax_eff_0.2,vax_eff,0.2
91,A,0.1595197549742535,4.738663557934202e-4,0.8400063786699534,5,25,vax_eff_0.2,vax_eff,0.2
91,C,0.26207112032314567,0.001062300809614858,0.7368665788672397,5,25,vax_eff_0.2,vax_eff,0.2
92,A,0.15948003813846676,4.238984324829193e-4,0.840096063429051,5,25,vax_eff_0.2,vax_eff,0.2
92,C,0.2619793250612765,9.527825356691103e-4,0.737067892403055,5,25,vax_eff_0.2,vax_eff,0.2
93,A,0.15944447684856802,3.7923155605632805e-4,0.8401762915953754,5,25,vax_eff_0.2,vax_eff,0.2
93,C,0.26189703057493735,8.54526320004194e-4,0.7372484431050595,5,25,vax_eff_0.2,vax_eff,0.2
94,A,0.15941263374278264,3.392985124231094e-4,0.840248067744795,5,25,vax_eff_0.2,vax_eff,0.2
94,C,0.26182325158405256,7.663785695896992e-4,0.7374103698463578,5,25,vax_eff_0.2,vax_eff,0.2
95,A,0.1593841176153562,3.0359304218856536e-4,0.8403122893424553,5,25,vax_eff_0.2,vax_eff,0.2
95,C,0.26175710474500563,6.87302319669657e-4,0.7375555929353252,5,25,vax_eff_0.2,vax_eff,0.2
96,A,0.15935857949959034,2.716645802561549e-4,0.8403697559201532,5,25,vax_eff_0.2,vax_eff,0.2
96,C,0.26169780018673044,6.163678464832564e-4,0.7376858319667854,5,25,vax_eff_0.2,vax_eff,0.2
97,A,0.1593357077229371,2.43111609333057e-4,0.8404211806677302,5,25,vax_eff_0.2,vax_eff,0.2
97,C,0.26164463089196877,5.527410450192219e-4,0.7378026280630121,5,25,vax_eff_0.2,vax_eff,0.2
98,A,0.15931522315166605,2.1757528097069744e-4,0.8404672015673627,5,25,vax_eff_0.2,vax_eff,0.2
98,C,0.2615969624446987,4.956721474306485e-4,0.737907365407872,5,25,vax_eff_0.2,vax_eff,0.2
99,A,0.15929687564859868,1.9473468502638212e-4,0.8405083896663756,5,25,vax_eff_0.2,vax_eff,0.2
99,C,0.261554225298321,4.4448702238308435e-4,0.7380012876792965,5,25,vax_eff_0.2,vax_eff,0.2
100,A,0.1592804413842418,1.7430327303414507e-4,0.8405452553427241,5,25,vax_eff_0.2,vax_eff,0.2
100,C,0.2615159088463794,3.985803632554679e-4,0.738085510790364,5,25,vax_eff_0.2,vax_eff,0.2
101,A,0.15926572025380017,1.5602542100229684e-4,0.8405782543251978,5,25,vax_eff_0.2,vax_eff,0.2
101,C,0.2614815557445002,3.574091870821749e-4,0.7381610350684187,5,25,vax_eff_0.2,vax_eff,0.2
102,A,0.15925253324850278,1.3967292986133152e-4,0.8406077938216363,5,25,vax_eff_0.2,vax_eff,0.2
102,C,0.2614507561519042,3.204862872577854e-4,0.7382287575608392,5,25,vax_eff_0.2,vax_eff,0.2
103,A,0.1592407200766541,1.250418665964442e-4,0.8406342380567499,5,25,vax_eff_0.2,vax_eff,0.2
103,C,0.26142314249706344,2.8737424860816863e-4,0.7382894832543277,5,25,vax_eff_0.2,vax_eff,0.2
104,A,0.1592301371920891,1.1194995870885214e-4,0.8406579128492025,5,25,vax_eff_0.2,vax_eff,0.2
104,C,0.26139838510215846,2.5768037886168084e-4,0.7383439345189796,5,25,vax_eff_0.2,vax_eff,0.2
105,A,0.15922065610713435,1.0023437280202635e-4,0.8406791095200634,5,25,vax_eff_0.2,vax_eff,0.2
105,C,0.26137618842106236,2.31052318183447e-4,0.7383927592607566,5,25,vax_eff_0.2,vax_eff,0.2
106,A,0.159212161836616,8.974966770126744e-5,0.8406980884956832,5,25,vax_eff_0.2,vax_eff,0.2
106,C,0.26135628757190826,2.071739965318242e-4,0.7384365384315583,5,25,vax_eff_0.2,vax_eff,0.2
107,A,0.1592045514481846,8.036588906102037e-5,0.8407150826627547,5,25,vax_eff_0.2,vax_eff,0.2
107,C,0.2613384451063863,1.8576187069088625e-4,0.7384757930229228,5,25,vax_eff_0.2,vax_eff,0.2
108,A,0.15919773276675894,7.196687133510362e-5,0.8407303003619071,5,25,vax_eff_0.2,vax_eff,0.2
108,C,0.26132244811206645,1.6656153663378593e-4,0.7385109903512991,5,25,vax_eff_0.2,vax_eff,0.2
109,A,0.15919162324691183,6.444876580866669e-5,0.8407439279872787,5,25,vax_eff_0.2,vax_eff,0.2
109,C,0.26130810567789453,1.49344749210635e-4,0.7385425495728947,5,25,vax_eff_0.2,vax_eff,0.2
110,A,0.15918614897691533,5.771874453021405e-5,0.8407561322785548,5,25,vax_eff_0.2,vax_eff,0.2
110,C,0.2612952466490979,1.3390677347854888e-4,0.7385708465774228,5,25,vax_eff_0.2,vax_eff,0.2
111,A,0.15918124377719262,5.1693828989111163e-5,0.8407670623938183,5,25,vax_eff_0.2,vax_eff,0.2
111,C,0.2612837175932063,1.2006398424696779e-4,0.738596218422546,5,25,vax_eff_0.2,vax_eff,0.2
112,A,0.15917684838304128,4.6299830055088044e-5,0.8407768517869038,5,25,vax_eff_0.2,vax_eff,0.2
112,C,0.26127338095395997,1.0765168633460912e-4,0.7386189673597054,5,25,vax_eff_0.2,vax_eff,0.2
113,A,0.1591729097146604,4.1470403745293885e-5,0.8407856198815944,5,25,vax_eff_0.2,vax_eff,0.2
113,C,0.2612641133980466,9.652215830110222e-5,0.7386393644436517,5,25,vax_eff_0.2,vax_eff,0.2
114,A,0.15916938023019356,3.7146217026575144e-5,0.8407934735527804,5,25,vax_eff_0.2,vax_eff,0.2
114,C,0.2612558043454247,8.654290882866636e-5,0.7386576527457472,5,25,vax_eff_0.2,vax_eff,0.2
115,A,0.15916621734881567,3.327420583555146e-5,0.840800508445349,5,25,vax_eff_0.2,vax_eff,0.2
115,C,0.26124835465604046,7.759511620748816e-5,0.7386740502277522,5,25,vax_eff_0.2,vax_eff,0.2
116,A,0.15916338293215362,2.980690937853291e-5,0.8408068101584685,5,25,vax_eff_0.2,vax_eff,0.2
116,C,0.2612416754478102,6.957222298902277e-5,0.7386887523292013,5,25,vax_eff_0.2,vax_eff,0.2
117,A,0.15916084281823897,2.6701873062318777e-5,0.8408124553086999,5,25,vax_eff_0.2,vax_eff,0.2
117,C,0.2612356870327997,6.237867033490663e-5,0.7387019342968668,5,25,vax_eff_0.2,vax_eff,0.2
118,A,0.1591585664048308,2.392111596327631e-5,0.8408175124792052,5,25,vax_eff_0.2,vax_eff,0.2
118,C,0.2612303179642088,5.592876282391487e-5,0.7387137532729678,5,25,vax_eff_0.2,vax_eff,0.2
119,A,0.15915652627768118,2.1430656911094457e-5,0.8408220430654084,5,25,vax_eff_0.2,vax_eff,0.2
119,C,0.2612255041844024,5.014565233959248e-5,0.7387243501632579,5,25,vax_eff_0.2,vax_eff,0.2
120,A,0.1591546978780809,1.9200091567173334e-5,0.8408261020303518,5,25,vax_eff_0.2,vax_eff,0.2
120,C,0.26122118826173213,4.49604271101577e-5,0.7387338513111571,5,25,vax_eff_0.2,vax_eff,0.2
121,A,0.1591530592047553,1.7202213925543992e-5,0.8408297385813195,5,25,vax_eff_0.2,vax_eff,0.2
121,C,0.26121731870533,4.031129342946964e-5,0.738742370001242,5,25,vax_eff_0.2,vax_eff,0.2
122,A,0.15915159054664144,1.541267768061502e-5,0.8408329967756776,5,25,vax_eff_0.2,vax_eff,0.2
122,C,0.26121384935005426,3.6142840779612504e-5,0.738750007809166,5,25,vax_eff_0.2,vax_eff,0.2
123,A,0.1591502742437763,1.3809693824236828e-5,0.8408359160624,5,25,vax_eff_0.2,vax_eff,0.2
123,C,0.26121073880528717,3.2405382786475035e-5,0.7387568558119256,5,25,vax_eff_0.2,vax_eff,0.2
124,A,0.15914909447344142,1.2373760736105184e-5,0.8408385317658231,5,25,vax_eff_0.2,vax_eff,0.2
124,C,0.261207949961216,2.9054366544689674e-5,0.7387629956722402,5,25,vax_eff_0.2,vax_eff,0.2
125,A,0.15914803705871727,1.1087423006455526e-5,0.8408408755182764,5,25,vax_eff_0.2,vax_eff,0.2
125,C,0.2612054495462646,2.6049842908972415e-5,0.7387685006108258,5,25,vax_eff_0.2,vax_eff,0.2
126,A,0.15914708929695107,9.935055716372331e-6,0.8408429756473335,5,25,vax_eff_0.2,vax_eff,0.2
126,C,0.2612032077301301,2.335599116565252e-5,0.7387734362787032,5,25,vax_eff_0.2,vax_eff,0.2
127,A,0.15914623980608986,8.902671517314222e-6,0.8408448575223932,5,25,vax_eff_0.2,vax_eff,0.2
127,C,0.2612011977677293,2.0940692578544915e-5,0.738777861539692,5,25,vax_eff_0.2,vax_eff,0.2
128,A,0.15914547838710233,7.977748198289516e-6,0.8408465438646999,5,25,vax_eff_0.2,vax_eff,0.2
128,C,0.26119939568004025,1.877514797076582e-5,0.7387818291719893,5,25,vax_eff_0.2,vax_eff,0.2
129,A,0.15914479590080993,7.149074573338332e-6,0.8408480550246169,5,25,vax_eff_0.2,vax_eff,0.2
129,C,0.26119777996804466,1.6833534853631233e-5,0.7387853864971018,5,25,vax_eff_0.2,vax_eff,0.2
130,A,0.15914418415757609,6.406612677305166e-6,0.8408494092297467,5,25,vax_eff_0.2,vax_eff,0.2
130,C,0.2611963313562636,1.5092699949397847e-5,0.7387885759437866,5,25,vax_eff_0.2,vax_eff,0.2
131,A,0.15914363581848573,5.741374497304379e-6,0.8408506228070168,5,25,vax_eff_0.2,vax_eff,0.2
131,C,0.2611950325627847,1.3531883406659619e-5,0.7387914355538088,5,25,vax_eff_0.2,vax_eff,0.2
132,A,0.15914314430682253,5.145311708618864e-6,0.8408517103814681,5,25,vax_eff_0.2,vax_eff,0.2
132,C,0.26119386809305245,1.2132471462177112e-5,0.7387939994354853,5,25,vax_eff_0.2,vax_eff,0.2
133,A,0.1591427037287842,4.6112170574489905e-6,0.8408526850541586,5,25,vax_eff_0.2,vax_eff,0.2
133,C,0.2611928240549989,1.0877774654065997e-5,0.7387962981703465,5,25,vax_eff_0.2,vax_eff,0.2
134,A,0.1591423088024684,4.132636155417465e-6,0.8408535585613753,5,25,vax_eff_0.2,vax_eff,0.2
134,C,0.2611918879933141,9.752828957102796e-6,0.7387983591777287,5,25,vax_eff_0.2,vax_eff,0.2
135,A,0.1591419547942594,3.7037885684523686e-6,0.8408543414171722,5,25,vax_eff_0.2,vax_eff,0.2
135,C,0.2611910487408552,8.74421745884072e-6,0.7388002070416861,5,25,vax_eff_0.2,vax_eff,0.2
136,A,0.1591416374618349,3.3194972084570863e-6,0.8408550430409566,5,25,vax_eff_0.2,vax_eff,0.2
136,C,0.26119029628541984,7.839910447451517e-6,0.7388018638041325,5,25,vax_eff_0.2,vax_eff,0.2
137,A,0.15914135300310933,2.9751251524071025e-6,0.8408556718717374,5,25,vax_eff_0.2,vax_eff,0.2
137,C,0.261189621650292,7.029122016090152e-6,0.7388033492276921,5,25,vax_eff_0.2,vax_eff,0.2
138,A,0.1591410980104917,2.666519107759454e-6,0.8408562354703993,5,25,vax_eff_0.2,vax_eff,0.2
138,C,0.2611890167871466,6.302181486112266e-6,0.7388046810313671,5,25,vax_eff_0.2,vax_eff,0.2
139,A,0.1591408694299052,2.3899588212216452e-6,0.8408567406112741,5,25,vax_eff_0.2,vax_eff,0.2
139,C,0.26118847448003485,5.650418119721994e-6,0.7388058751018449,5,25,vax_eff_0.2,vax_eff,0.2
140,A,0.15914066452407194,2.1421118003292165e-6,0.8408571933641277,5,25,vax_eff_0.2,vax_eff,0.2
140,C,0.26118798825929673,5.066057746323955e-6,0.7388069456829568,5,25,vax_eff_0.2,vax_eff,0.2
141,A,0.15914048083961604,1.9199927860572655e-6,0.8408575991675965,5,25,vax_eff_0.2,vax_eff,0.2
141,C,0.26118755232437885,4.542130070556094e-6,0.7388079055455509,5,25,vax_eff_0.2,vax_eff,0.2
142,A,0.15914031617758764,1.7209274763163167e-6,0.8408579628949363,5,25,vax_eff_0.2,vax_eff,0.2
142,C,0.26118716147463233,4.07238555985849e-6,0.738808766139808,5,25,vax_eff_0.2,vax_eff,0.2
143,A,0.1591401685670491,1.5425200531414107e-6,0.8408582889128966,5,25,vax_eff_0.2,vax_eff,0.2
143,C,0.26118681104726893,3.65122092329749e-6,0.7388095377318072,5,25,vax_eff_0.2,vax_eff,0.2
144,A,0.15914003624141193,1.3826241128301307e-6,0.8408585811344744,5,25,vax_eff_0.2,vax_eff,0.2
144,C,0.2611864968617355,3.2736122941583983e-6,0.7388102295259701,5,25,vax_eff_0.2,vax_eff,0.2
145,A,0.15913991761722948,1.2393166403499482e-6,0.8408588430661298,5,25,vax_eff_0.2,vax_eff,0.2
145,C,0.2611862151698377,2.935055319545948e-6,0.7388108497748419,5,25,vax_eff_0.2,vax_eff,0.2
146,A,0.15913981127519394,1.1108747076680634e-6,0.8408590778500996,5,25,vax_eff_0.2,vax_eff,0.2
146,C,0.26118596261102756,2.631511442864706e-6,0.7388114058775287,5,25,vax_eff_0.2,vax_eff,0.2
147,A,0.15913971594310702,9.957546099546098e-7,0.8408592883022831,5,25,vax_eff_0.2,vax_eff,0.2
147,C,0.26118573617231033,2.3593597396605277e-6,0.7388119044679488,5,25,vax_eff_0.2,vax_eff,0.2
148,A,0.15913963048062152,8.925731837185741e-7,0.8408594769461947,5,25,vax_eff_0.2,vax_eff,0.2
148,C,0.2611855331523008,2.11535373309875e-6,0.7388123514939647,5,25,vax_eff_0.2,vax_eff,0.2
149,A,0.1591395538655633,8.00091077779821e-7,0.8408596460433588,5,25,vax_eff_0.2,vax_eff,0.2
149,C,0.26118535112899544,1.8965826743454645e-6,0.7388127522883301,5,25,vax_eff_0.2,vax_eff,0.2
150,A,0.15913948518167895,7.171977721010336e-7,0.8408597976205491,5,25,vax_eff_0.2,vax_eff,0.2
150,C,0.26118518793087686,1.7004368261903465e-6,0.7388131116322962,5,25,vax_eff_0.2,vax_eff,0.2
151,A,0.15913942360764952,6.428981611895052e-7,0.8408599334941892,5,25,vax_eff_0.2,vax_eff,0.2
151,C,0.2611850416110132,1.5245763360721826e-6,0.7388134338126512,5,25,vax_eff_0.2,vax_eff,0.2
152,A,0.15913936840724974,5.763005381490016e-7,0.8408600552922125,5,25,vax_eff_0.2,vax_eff,0.2
152,C,0.26118491042382375,1.3669033275299725e-6,0.7388137226728484,5,25,vax_eff_0.2,vax_eff,0.2
153,A,0.1591393189205243,5.166058327069182e-7,0.8408601644736426,5,25,vax_eff_0.2,vax_eff,0.2
153,C,0.26118479280426116,1.2255368774144706e-6,0.7388139816588598,5,25,vax_eff_0.2,vax_eff,0.2
154,A,0.15913927455588273,4.630979719325766e-7,0.8408602623461457,5,25,vax_eff_0.2,vax_eff,0.2
154,C,0.2611846873491377,1.0987905805101668e-6,0.738814213860282,5,25,vax_eff_0.2,vax_eff,0.2
155,A,0.15913923478301342,4.1513524615107813e-7,0.8408603500817404,5,25,vax_eff_0.2,vax_eff,0.2
155,C,0.2611845928003842,9.851524340357786e-7,0.7388144220471814,5,25,vax_eff_0.2,vax_eff,0.2
156,A,0.15913919912653116,3.72142574917786e-7,0.8408604287308941,5,25,vax_eff_0.2,vax_eff,0.2
156,C,0.2611845080300448,8.832668021687685e-7,0.7388146087031532,5,25,vax_eff_0.2,vax_eff,0.2
157,A,0.1591391671602874,3.336045789721534e-7,0.8408604992351335,5,25,vax_eff_0.2,vax_eff,0.2
157,C,0.2611844320268177,7.919182455512226e-7,0.7388147760549372,5,25,vax_eff_0.2,vax_eff,0.2
158,A,0.1591391385022658,2.99059373958338e-7,0.8408605624383604,5,25,vax_eff_0.2,vax_eff,0.2
158,C,0.26118436388399285,7.100170229574684e-7,0.7388149260989858,5,25,vax_eff_0.2,vax_eff,0.2
159,A,0.15913911281001086,2.680930105210224e-7,0.8408606190969785,5,25,vax_eff_0.2,vax_eff,0.2
159,C,0.26118430278863125,6.365860922228423e-7,0.738815060625277,5,25,vax_eff_0.2,vax_eff,0.2
160,A,0.15913908977652858,2.4033449328474323e-7,0.840860669888978,5,25,vax_eff_0.2,vax_eff,0.2
160,C,0.2611842480118728,5.707494554046904e-7,0.7388151812386707,5,25,vax_eff_0.2,vax_eff,0.2
161,A,0.15913906912661277,2.1545131830041151e-7,0.8408607154220683,5,25,vax_eff_0.2,vax_eff,0.2
161,C,0.2611841989002353,5.117217091797851e-7,0.7388152893780562,5,25,vax_eff_0.2,vax_eff,0.2
162,A,0.15913905061355246,1.9314547487124422e-7,0.8408607562409721,5,25,vax_eff_0.2,vax_eff,0.2
162,C,0.26118415486782054,4.587986758563135e-7,0.738815386333503,5,25,vax_eff_0.2,vax_eff,0.2
163,A,0.1591390340161804,1.7314986332848056e-7,0.8408607928339553,5,25,vax_eff_0.2,vax_eff,0.2
163,C,0.26118411538932695,4.113490032608029e-7,0.7388154732616696,5,25,vax_eff_0.2,vax_eff,0.2
164,A,0.15913901913622625,1.552250853913069e-7,0.840860825638687,5,25,vax_eff_0.2,vax_eff,0.2
164,C,0.26118407999377813,3.688066333127778e-7,0.7388155511995892,5,25,vax_eff_0.2,vax_eff,0.2
165,A,0.15913900579594617,1.3915656827906477e-7,0.8408608550474864,5,25,vax_eff_0.2,vax_eff,0.2
165,C,0.26118404825890873,3.3066404945584825e-7,0.7388156210770426,5,25,vax_eff_0.2,vax_eff,0.2
166,A,0.15913899383599633,1.2475198780293986e-7,0.8408608814120152,5,25,vax_eff_0.2,vax_eff,0.2
166,C,0.26118401980612377,2.964662224028491e-7,0.738815683727654,5,25,vax_eff_0.2,vax_eff,0.2
167,A,0.15913898311352845,1.1183895929797215e-7,0.8408609050475114,5,25,vax_eff_0.2,vax_eff,0.2
167,C,0.2611839942959839,2.658051819857894e-7,0.7388157398988346,5,25,vax_eff_0.2,vax_eff,0.2
168,A,0.15913897350048004,1.002629685063634e-7,0.8408609262365508,5,25,vax_eff_0.2,vax_eff,0.2
168,C,0.26118397142415506,2.383151503642669e-7,0.7388157902606944,5,25,vax_eff_0.2,vax_eff,0.2
169,A,0.15913896488204507,8.98855174338082e-8,0.8408609452324375,5,25,vax_eff_0.2,vax_eff,0.2
169,C,0.26118395091777774,2.1366817854033684e-7,0.7388158354140439,5,25,vax_eff_0.2,vax_eff,0.2
170,A,0.15913895715529836,8.058246074885728e-8,0.8408609622622414,5,25,vax_eff_0.2,vax_eff,0.2
170,C,0.2611839325322082,1.915702290931371e-7,0.7388158758975634,5,25,vax_eff_0.2,vax_eff,0.2
171,A,0.15913895022789926,7.224243581105284e-8,0.8408609775296658,5,25,vax_eff_0.2,vax_eff,0.2
171,C,0.26118391604794056,1.7175747818043163e-7,0.7388159121945796,5,25,vax_eff_0.2,vax_eff,0.2
172,A,0.15913894401711126,6.47656776615739e-8,0.8408609912172108,5,25,vax_eff_0.2,vax_eff,0.2
172,C,0.26118390126828556,1.539935222409557e-7,0.7388159447381929,5,25,vax_eff_0.2,vax_eff,0.2
173,A,0.1591389384488372,5.806285035201533e-8,0.8408610034883124,5,25,vax_eff_0.2,vax_eff,0.2
173,C,0.2611838880170714,1.3806662219207427e-7,0.7388159739163068,5,25,vax_eff_0.2,vax_eff,0.2
174,A,0.15913893345664948,5.205387599622633e-8,0.8408610144894746,5,25,vax_eff_0.2,vax_eff,0.2
174,C,0.2611838761363534,1.2378694176186124e-7,0.7388160000767049,5,25,vax_eff_0.2,vax_eff,0.2
175,A,0.15913892898103874,4.6667026224834743e-08,0.8408610243519345,5,25,vax_eff_0.2,vax_eff,0.2
175,C,0.26118386548462497,1.1098440366838573e-7,0.7388160235309724,5,25,vax_eff_0.2,vax_eff,0.2
176,A,0.1591389249685892,4.1837923531543706e-8,0.8408610331934875,5,25,vax_eff_0.2,vax_eff,0.2
176,C,0.26118385593485816,9.950633215642731e-8,0.7388160445588093,5,25,vax_eff_0.2,vax_eff,0.2
177,A,0.1591389213712801,3.750870006584882e-8,0.8408610411200197,5,25,vax_eff_0.2,vax_eff,0.2
177,C,0.26118384737285133,8.92154661889027e-8,0.7388160634116828,5,25,vax_eff_0.2,vax_eff,0.2
178,A,0.15913891814605857,3.36274794464589e-8,0.840861048226462,5,25,vax_eff_0.2,vax_eff,0.2
178,C,0.2611838396962075,7.998873430040291e-8,0.7388160803150584,5,25,vax_eff_0.2,vax_eff,0.2
179,A,0.159138915254429,3.0147882575292954e-8,0.8408610545976881,5,25,vax_eff_0.2,vax_eff,0.2
179,C,0.2611838328133641,7.171608621394457e-8,0.7388160954705497,5,25,vax_eff_0.2,vax_eff,0.2
180,A,0.1591389126619341,2.7028399347148334e-8,0.8408610603096667,5,25,vax_eff_0.2,vax_eff,0.2
180,C,0.26118382664235684,6.429900809376054e-8,0.7388161090586342,5,25,vax_eff_0.2,vax_eff,0.2
181,A,0.15913891033764757,2.4231777681901773e-8,0.8408610654305743,5,25,vax_eff_0.2,vax_eff,0.2
181,C,0.2611838211096187,5.764907834537751e-8,0.738816121241302,5,25,vax_eff_0.2,vax_eff,0.2
182,A,0.1591389082537888,2.172455692827687e-8,0.8408610700216548,5,25,vax_eff_0.2,vax_eff,0.2
182,C,0.261183816149061,5.16868637715651e-8,0.7388161321640747,5,25,vax_eff_0.2,vax_eff,0.2
183,A,0.15913890638546357,1.9476756303581748e-8,0.8408610741377799,5,25,vax_eff_0.2,vax_eff,0.2
183,C,0.2611838117014595,4.634118183108062e-8,0.7388161419573585,5,25,vax_eff_0.2,vax_eff,0.2
184,A,0.15913890471038836,1.7461540448380917e-8,0.8408610778280702,5,25,vax_eff_0.2,vax_eff,0.2
184,C,0.261183807713795,4.15483088323288e-8,0.7388161507378964,5,25,vax_eff_0.2,vax_eff,0.2
185,A,0.1591389032085907,1.5654859789880307e-8,0.8408610811365503,5,25,vax_eff_0.2,vax_eff,0.2
185,C,0.2611838041385475,3.725112865136742e-8,0.7388161586103237,5,25,vax_eff_0.2,vax_eff,0.2
186,A,0.15913890186222435,1.4035227246779827e-8,0.8408610841025488,5,25,vax_eff_0.2,vax_eff,0.2
186,C,0.2611838009332537,3.339860459141805e-8,0.7388161656681423,5,25,vax_eff_0.2,vax_eff,0.2
187,A,0.15913890065533454,1.258343380951688e-8,0.8408610867612322,5,25,vax_eff_0.2,vax_eff,0.2
187,C,0.26118379805994885,2.994510520374131e-8,0.7388161719949464,5,25,vax_eff_0.2,vax_eff,0.2
188,A,0.15913889957340474,1.1282003384761996e-8,0.840861089144592,5,25,vax_eff_0.2,vax_eff,0.2
188,C,0.26118379548408843,2.684911174977087e-8,0.7388161776667991,5,25,vax_eff_0.2,vax_eff,0.2
189,A,0.159138898603407,1.0115252610853994e-8,0.8408610912813408,5,25,vax_eff_0.2,vax_eff,0.2
189,C,0.2611837931746702,2.4073360511069414e-8,0.7388161827519703,5,25,vax_eff_0.2,vax_eff,0.2
190,A,0.159138897732002,9.067125571969597e-9,0.8408610932008713,5,25,vax_eff_0.2,vax_eff,0.2
190,C,0.26118379109994844,2.157969777854079e-8,0.7388161873203537,5,25,vax_eff_0.2,vax_eff,0.2
191,A,0.15913889694965344,8.126143403302905e-9,0.8408610949242025,5,25,vax_eff_0.2,vax_eff,0.2
191,C,0.2611837892372264,1.9340842893968962e-8,0.7388161914219303,5,25,vax_eff_0.2,vax_eff,0.2
192,A,0.15913889624776204,7.2819573072234605e-9,0.8408610964702806,5,25,vax_eff_0.2,vax_eff,0.2
192,C,0.2611837875660402,1.733219792689118e-8,0.7388161951017626,5,25,vax_eff_0.2,vax_eff,0.2
193,A,0.15913889565166597,6.565044527801195e-9,0.8408610977832894,5,25,vax_eff_0.2,vax_eff,0.2
193,C,0.2611837861467128,1.562627049489296e-8,0.7388161982270159,5,25,vax_eff_0.2,vax_eff,0.2
194,A,0.15913889511424836,5.918718433385692e-9,0.840861098967033,5,25,vax_eff_0.2,vax_eff,0.2
194,C,0.26118378486708393,1.4088249456562245e-8,0.7388162010446656,5,25,vax_eff_0.2,vax_eff,0.2
195,A,0.15913889462973305,5.336028288320815e-9,0.8408611000342392,5,25,vax_eff_0.2,vax_eff,0.2
195,C,0.26118378371340323,1.2701608588781205e-8,0.738816203584989,5,25,vax_eff_0.2,vax_eff,0.2
196,A,0.15913889419291197,4.810707912056375e-9,0.8408611009963809,5,25,vax_eff_0.2,vax_eff,0.2
196,C,0.2611837826732736,1.1451448264623992e-8,0.7388162058752776,5,25,vax_eff_0.2,vax_eff,0.2
197,A,0.15913889379908977,4.337108244453932e-9,0.8408611018638026,5,25,vax_eff_0.2,vax_eff,0.2
197,C,0.2611837817355196,1.0324335354795645e-8,0.7388162079401448,5,25,vax_eff_0.2,vax_eff,0.2
198,A,0.1591388934440339,3.910136556576213e-9,0.8408611026458289,5,25,vax_eff_0.2,vax_eff,0.2
198,C,0.2611837808900646,9.308158887623322e-9,0.7388162098017764,5,25,vax_eff_0.2,vax_eff,0.2
199,A,0.1591388931239286,3.5252016511545893e-9,0.8408611033508697,5,25,vax_eff_0.2,vax_eff,0.2
199,C,0.2611837801278232,8.39199991568249e-9,0.7388162114801765,5,25,vax_eff_0.2,vax_eff,0.2
200,A,0.15913889283533303,3.1781644623404105e-9,0.8408611039865034,5,25,vax_eff_0.2,vax_eff,0.2
200,C,0.26118377944060633,7.56601419077679e-9,0.7388162129933795,5,25,vax_eff_0.2,vax_eff,0.2
201,A,0.15913889257514516,2.8652935225693666e-9,0.8408611045595604,5,25,vax_eff_0.2,vax_eff,0.2
201,C,0.26118377882102883,6.821326386615404e-9,0.7388162143576448,5,25,vax_eff_0.2,vax_eff,0.2
202,A,0.1591388923405692,2.583224816845746e-9,0.8408611050762071,5,25,vax_eff_0.2,vax_eff,0.2
202,C,0.2611837782624335,6.149934732610308e-9,0.7388162155876321,5,25,vax_eff_0.2,vax_eff,0.2
203,A,0.15913889212908305,2.3289255920528333e-9,0.8408611055419916,5,25,vax_eff_0.2,vax_eff,0.2
203,C,0.2611837777588183,5.544625034083089e-9,0.7388162166965563,5,25,vax_eff_0.2,vax_eff,0.2
204,A,0.15913889193841463,2.0996617315286796e-9,0.8408611059619236,5,25,vax_eff_0.2,vax_eff,0.2
204,C,0.2611837773047709,4.998893155026702e-9,0.7388162176963348,5,25,vax_eff_0.2,vax_eff,0.2
205,A,0.15913889176651444,1.892968343572854e-9,0.8408611063405173,5,25,vax_eff_0.2,vax_eff,0.2
205,C,0.26118377689541394,4.5068751304978706e-9,0.7388162185977095,5,25,vax_eff_0.2,vax_eff,0.2
206,A,0.15913889161153477,1.7066232471861824e-9,0.8408611066818412,5,25,vax_eff_0.2,vax_eff,0.2
206,C,0.26118377652634905,4.0632841576956965e-9,0.7388162194103678,5,25,vax_eff_0.2,vax_eff,0.2
207,A,0.1591388914718101,1.5386230695648145e-9,0.8408611069895654,5,25,vax_eff_0.2,vax_eff,0.2
207,C,0.26118377619360816,3.6633537886931596e-9,0.7388162201430375,5,25,vax_eff_0.2,vax_eff,0.2
208,A,0.15913889134583917,1.3871616980104678e-9,0.8408611072669988,5,25,vax_eff_0.2,vax_eff,0.2
208,C,0.26118377589361813,3.302786714425251e-9,0.7388162208035955,5,25,vax_eff_0.2,vax_eff,0.2
209,A,0.15913889123226801,1.250610854283713e-9,0.8408611075171214,5,25,vax_eff_0.2,vax_eff,0.2
209,C,0.26118377562315415,2.977708589614892e-9,0.7388162213991364,5,25,vax_eff_0.2,vax_eff,0.2
210,A,0.15913889112987573,1.1275025822908736e-9,0.8408611077426207,5,25,vax_eff_0.2,vax_eff,0.2
210,C,0.2611837753793116,2.6846264024833788e-9,0.7388162219360628,5,25,vax_eff_0.2,vax_eff,0.2
211,A,0.15913889103756226,1.0165134606042146e-9,0.8408611079459245,5,25,vax_eff_0.2,vax_eff,0.2
211,C,0.26118377515946867,2.420390941924994e-9,0.7388162224201398,5,25,vax_eff_0.2,vax_eff,0.2
212,A,0.15913889095433523,9.164503698920987e-10,0.8408611081292142,5,25,vax_eff_0.2,vax_eff,0.2
212,C,0.26118377496126366,2.1821629588536817e-9,0.7388162228565729,5,25,vax_eff_0.2,vax_eff,0.2
213,A,0.15913889087930053,8.262376607267597e-10,0.8408611082944628,5,25,vax_eff_0.2,vax_eff,0.2
213,C,0.26118377478256766,1.9673826570303767e-9,0.7388162232500495,5,25,vax_eff_0.2,vax_eff,0.2
214,A,0.15913889081165125,7.449055906032088e-10,0.8408611084434422,5,25,vax_eff_0.2,vax_eff,0.2
214,C,0.2611837746214597,1.7737421911113347e-9,0.738816223604798,5,25,vax_eff_0.2,vax_eff,0.2
215,A,0.15913889075066118,6.715798916846074e-10,0.8408611085777592,5,25,vax_eff_0.2,vax_eff,0.2
215,C,0.26118377447620905,1.5991608651851062e-9,0.7388162239246301,5,25,vax_eff_0.2,vax_eff,0.2
216,A,0.15913889069567394,6.054723709763092e-10,0.8408611086988528,5,25,vax_eff_0.2,vax_eff,0.2
216,C,0.2611837743452543,1.4417627763884008e-9,0.7388162242129828,5,25,vax_eff_0.2,vax_eff,0.2
217,A,0.15913889064609973,5.458724352309248e-10,0.8408611088080286,5,25,vax_eff_0.2,vax_eff,0.2
217,C,0.26118377422718925,1.2998566582089146e-9,0.7388162244729543,5,25,vax_eff_0.2,vax_eff,0.2
218,A,0.15913889060140488,4.921394503107227e-10,0.840861108906457,5,25,vax_eff_0.2,vax_eff,0.2
218,C,0.2611837741207449,1.171917707602839e-9,0.7388162247073373,5,25,vax_eff_0.2,vax_eff,0.2
219,A,0.15913889056110922,4.4369585296046773e-10,0.8408611089951954,5,25,vax_eff_0.2,vax_eff,0.2
219,C,0.2611837740247767,1.0565712007817663e-9,0.7388162249186512,5,25,vax_eff_0.2,vax_eff,0.2
220,A,0.15913889052477972,4.0002094088437625e-10,0.8408611090751986,5,25,vax_eff_0.2,vax_eff,0.2
220,C,0.2611837739382547,9.525777216191159e-10,0.7388162251091664,5,25,vax_eff_0.2,vax_eff,0.2
221,A,0.15913889049202648,3.6064527432142526e-10,0.8408611091473283,5,25,vax_eff_0.2,vax_eff,0.2
221,C,0.2611837738602487,8.58819843953764e-10,0.738816225280931,5,25,vax_eff_0.2,vax_eff,0.2
222,A,0.15913889046249705,3.25145628894405e-10,0.840861109212357,5,25,vax_eff_0.2,vax_eff,0.2
222,C,0.26118377378992047,7.742901246909794e-10,0.7388162254357886,5,25,vax_eff_0.2,vax_eff,0.2
223,A,0.1591388904358743,2.9314044544073775e-10,0.8408611092709863,5,25,vax_eff_0.2,vax_eff,0.2
223,C,0.26118377372651463,6.980802786851818e-10,0.7388162255754055,5,25,vax_eff_0.2,vax_eff,0.2
224,A,0.15913889041187163,2.642857278810804e-10,0.8408611093238427,5,25,vax_eff_0.2,vax_eff,0.2
224,C,0.26118377366934914,6.293714190875223e-10,0.7388162257012798,5,25,vax_eff_0.2,vax_eff,0.2
225,A,0.1591388903902319,2.382713450028574e-10,0.8408611093714968,5,25,vax_eff_0.2,vax_eff,0.2
225,C,0.26118377361781003,5.674252582897459e-10,0.7388162258147649,5,25,vax_eff_0.2,vax_eff,0.2
226,A,0.15913889037072182,2.1481769638190609e-10,0.8408611094144607,5,25,vax_eff_0.2,vax_eff,0.2
226,C,0.2611837735713435,5.115761749174626e-10,0.73881622591708,5,25,vax_eff_0.2,vax_eff,0.2
227,A,0.15913889035313208,1.9367270658329774e-10,0.8408611094531943,5,25,vax_eff_0.2,vax_eff,0.2
227,C,0.26118377352945155,4.612240616317741e-10,0.7388162260093245,5,25,vax_eff_0.2,vax_eff,0.2
228,A,0.15913889033727402,1.7460911531428292e-10,0.8408611094881167,5,25,vax_eff_0.2,vax_eff,0.2
228,C,0.26118377349168187,4.1582787688801974e-10,0.7388162260924906,5,25,vax_eff_0.2,vax_eff,0.2
229,A,0.15913889032297665,1.5742203438622964e-10,0.8408611095196015,5,25,vax_eff_0.2,vax_eff,0.2
229,C,0.26118377345762955,3.748998313645507e-10,0.7388162261674702,5,25,vax_eff_0.2,vax_eff,0.2
230,A,0.15913889031008666,1.419267452126963e-10,0.8408611095479863,5,25,vax_eff_0.2,vax_eff,0.2
230,C,0.26118377342692917,3.380001465939559e-10,0.7388162262350702,5,25,vax_eff_0.2,vax_eff,0.2
231,A,0.1591388902984654,1.2795671315829347e-10,0.8408611095735775,5,25,vax_eff_0.2,vax_eff,0.2
231,C,0.26118377339925086,3.0473232947761743e-10,0.7388162262960172,5,25,vax_eff_0.2,vax_eff,0.2
232,A,0.1591388902879877,1.1536179738562186e-10,0.8408611095966494,5,25,vax_eff_0.2,vax_eff,0.2
232,C,0.261183773374296,2.747389119076304e-10,0.7388162263509636,5,25,vax_eff_0.2,vax_eff,0.2
233,A,0.15913889027854156,1.040066370941369e-10,0.8408611096174511,5,25,vax_eff_0.2,vax_eff,0.2
233,C,0.2611837733517979,2.476976100071015e-10,0.7388162264005042,5,25,vax_eff_0.2,vax_eff,0.2
234,A,0.15913889027002537,9.376919606469764e-11,0.8408611096362062,5,25,vax_eff_0.2,vax_eff,0.2
234,C,0.2611837733315142,2.2331786024341632e-10,0.7388162264451675,5,25,vax_eff_0.2,vax_eff,0.2
235,A,0.1591388902623472,8.453945134335948e-11,0.8408611096531124,5,25,vax_eff_0.2,vax_eff,0.2
235,C,0.26118377331322684,2.0133769817714567e-10,0.7388162264854345,5,25,vax_eff_0.2,vax_eff,0.2
236,A,0.15913889025542488,7.621821049533984e-11,0.8408611096683568,5,25,vax_eff_0.2,vax_eff,0.2
236,C,0.26118377329673964,1.815209433560322e-10,0.7388162265217391,5,25,vax_eff_0.2,vax_eff,0.2
237,A,0.15913889024918393,6.871604539995716e-11,0.8408611096821004,5,25,vax_eff_0.2,vax_eff,0.2
237,C,0.261183773281875,1.6365466148621839e-10,0.7388162265544699,5,25,vax_eff_0.2,vax_eff,0.2
238,A,0.1591388902435571,6.195233102755311e-11,0.84086110969449,5,25,vax_eff_0.2,vax_eff,0.2
238,C,0.26118377326847353,1.4754687642009254e-10,0.7388162265839808,5,25,vax_eff_0.2,vax_eff,0.2
239,A,0.15913889023848396,5.585437884722045e-11,0.8408611097056611,5,25,vax_eff_0.2,vax_eff,0.2
239,C,0.2611837732563905,1.3302450734253867e-10,0.7388162266105849,5,25,vax_eff_0.2,vax_eff,0.2
240,A,0.15913889023391048,5.0356655548347394e-11,0.8408611097157331,5,25,vax_eff_0.2,vax_eff,0.2
240,C,0.2611837732454972,1.1993150899037604e-10,0.7388162266345704,5,25,vax_eff_0.2,vax_eff,0.2
241,A,0.15913889022978708,4.5400078676399946e-11,0.8408611097248129,5,25,vax_eff_0.2,vax_eff,0.2
241,C,0.26118377323567665,1.0812719492137332e-10,0.7388162266561971,5,25,vax_eff_0.2,vax_eff,0.2
242,A,0.15913889022606953,4.093138161043099e-11,0.8408611097329995,5,25,vax_eff_0.2,vax_eff,0.2
242,C,0.2611837732268218,9.748472581612942e-11,0.7388162266756935,5,25,vax_eff_0.2,vax_eff,0.2
243,A,0.15913889022271793,3.690254105542467e-11,0.8408611097403798,5,25,vax_eff_0.2,vax_eff,0.2
243,C,0.261183773218839,8.78897465694092e-11,0.7388162266932718,5,25,vax_eff_0.2,vax_eff,0.2
244,A,0.15913889021969602,3.327026089477259e-11,0.8408611097470338,5,25,vax_eff_0.2,vax_eff,0.2
244,C,0.261183773211642,7.92391575262749e-11,0.73881622670912,5,25,vax_eff_0.2,vax_eff,0.2
245,A,0.15913889021697164,2.99955068541808e-11,0.840861109753033,5,25,vax_eff_0.2,vax_eff,0.2
245,C,0.26118377320515274,7.144000665977151e-11,0.7388162267234066,5,25,vax_eff_0.2,vax_eff,0.2
246,A,0.1591388902145156,2.704308697462626e-11,0.8408611097584414,5,25,vax_eff_0.2,vax_eff,0.2
246,C,0.2611837731993029,6.440849078645158e-11,0.7388162267362894,5,25,vax_eff_0.2,vax_eff,0.2
247,A,0.15913889021230096,2.4381273384509414e-11,0.8408611097633174,5,25,vax_eff_0.2,vax_eff,0.2
247,C,0.2611837731940284,5.806905508764849e-11,0.7388162267479039,5,25,vax_eff_0.2,vax_eff,0.2
248,A,0.15913889021030445,2.1981461305175835e-11,0.8408611097677141,5,25,vax_eff_0.2,vax_eff,0.2
248,C,0.2611837731892728,5.2353581260723204e-11,0.7388162267583723,5,25,vax_eff_0.2,vax_eff,0.2
249,A,0.1591388902085047,1.981786162428461e-11,0.8408611097716773,5,25,vax_eff_0.2,vax_eff,0.2
249,C,0.2611837731849858,4.720065557684578e-11,0.7388162267678137,5,25,vax_eff_0.2,vax_eff,0.2
250,A,0.15913889020688174,1.786722373239013e-11,0.8408611097752507,5,25,vax_eff_0.2,vax_eff,0.2
250,C,0.26118377318112074,4.255490898048107e-11,0.7388162267763255,5,25,vax_eff_0.2,vax_eff,0.2
251,A,0.15913889020541863,1.6108585643455902e-11,0.8408611097784718,5,25,vax_eff_0.2,vax_eff,0.2
251,C,0.2611837731776361,3.836642213984925e-11,0.7388162267839978,5,25,vax_eff_0.2,vax_eff,0.2
252,A,0.15913889020409977,1.4523048713337752e-11,0.8408611097813778,5,25,vax_eff_0.2,vax_eff,0.2
252,C,0.2611837731744939,3.4590189055535226e-11,0.7388162267909157,5,25,vax_eff_0.2,vax_eff,0.2
253,A,0.15913889020291022,1.3093574521711987e-11,0.8408611097839959,5,25,vax_eff_0.2,vax_eff,0.2
253,C,0.2611837731716612,3.118563342209772e-11,0.7388162267971526,5,25,vax_eff_0.2,vax_eff,0.2
254,A,0.15913889020183838,1.1804801800285096e-11,0.840861109786357,5,25,vax_eff_0.2,vax_eff,0.2
254,C,0.26118377316910757,2.8116172757960788e-11,0.7388162268027759,5,25,vax_eff_0.2,vax_eff,0.2
255,A,0.1591388902008716,1.0642881306425852e-11,0.8408611097884854,5,25,vax_eff_0.2,vax_eff,0.2
255,C,0.2611837731668054,2.534882519130891e-11,0.7388162268078463,5,25,vax_eff_0.2,vax_eff,0.2
256,A,0.15913889020000008,9.595326998550949e-12,0.8408611097904041,5,25,vax_eff_0.2,vax_eff,0.2
256,C,0.2611837731647296,2.285385510157891e-11,0.7388162268124165,5,25,vax_eff_0.2,vax_eff,0.2
257,A,0.15913889019921415,8.65088185259515e-12,0.8408611097921347,5,25,vax_eff_0.2,vax_eff,0.2
257,C,0.2611837731628581,2.0604453610074663e-11,0.7388162268165377,5,25,vax_eff_0.2,vax_eff,0.2
258,A,0.15913889019850605,7.799396885716887e-12,0.8408611097936947,5,25,vax_eff_0.2,vax_eff,0.2
258,C,0.2611837731611704,1.857645051411335e-11,0.738816226820252,5,25,vax_eff_0.2,vax_eff,0.2
259,A,0.15913889019786742,7.031722088433124e-12,0.8408611097951004,5,25,vax_eff_0.2,vax_eff,0.2
259,C,0.2611837731596494,1.6748054574175733e-11,0.7388162268236022,5,25,vax_eff_0.2,vax_eff,0.2
260,A,0.1591388901972915,6.339608092920959e-12,0.8408611097963687,5,25,vax_eff_0.2,vax_eff,0.2
260,C,0.26118377315827773,1.5099619363403764e-11,0.7388162268266225,5,25,vax_eff_0.2,vax_eff,0.2
261,A,0.1591388901967724,5.715617520626488e-12,0.8408611097975118,5,25,vax_eff_0.2,vax_eff,0.2
261,C,0.26118377315704117,1.3613432163461803e-11,0.7388162268293443,5,25,vax_eff_0.2,vax_eff,0.2
262,A,0.15913889019630428,5.153045056362777e-12,0.840861109798543,5,25,vax_eff_0.2,vax_eff,0.2
262,C,0.26118377315592683,1.227352363841345e-11,0.7388162268318004,5,25,vax_eff_0.2,vax_eff,0.2
263,A,0.15913889019588234,4.645845389877655e-12,0.8408611097994717,5,25,vax_eff_0.2,vax_eff,0.2
263,C,0.26118377315492153,1.1065496241528982e-11,0.7388162268340126,5,25,vax_eff_0.2,vax_eff,0.2
264,A,0.15913889019550223,4.188568250435629e-12,0.8408611098003103,5,25,vax_eff_0.2,vax_eff,0.2
264,C,0.2611837731540156,9.9763695112275e-12,0.7388162268360083,5,25,vax_eff_0.2,vax_eff,0.2
265,A,0.15913889019515867,3.77629983619745e-12,0.8408611098010635,5,25,vax_eff_0.2,vax_eff,0.2
265,C,0.2611837731531984,8.994440593833209e-12,0.7388162268378072,5,25,vax_eff_0.2,vax_eff,0.2
266,A,0.15913889019484975,3.404610008914123e-12,0.8408611098017461,5,25,vax_eff_0.2,vax_eff,0.2
266,C,0.2611837731524621,8.10915849444052e-12,0.7388162268394292,5,25,vax_eff_0.2,vax_eff,0.2
267,A,0.15913889019457086,3.069504686418725e-12,0.84086110980236,5,25,vax_eff_0.2,vax_eff,0.2
267,C,0.2611837731517979,7.311010704693014e-12,0.738816226840891,5,25,vax_eff_0.2,vax_eff,0.2
268,A,0.1591388901943196,2.767382921266102e-12,0.8408611098029132,5,25,vax_eff_0.2,vax_eff,0.2
268,C,0.26118377315119945,6.591420989273405e-12,0.7388162268422102,5,25,vax_eff_0.2,vax_eff,0.2
269,A,0.15913889019409283,2.494998204236811e-12,0.8408611098034122,5,25,vax_eff_0.2,vax_eff,0.2
269,C,0.2611837731506591,5.942657232803249e-12,0.7388162268433971,5,25,vax_eff_0.2,vax_eff,0.2
270,A,0.1591388901938887,2.249423576830192e-12,0.8408611098038619,5,25,vax_eff_0.2,vax_eff,0.2
270,C,0.26118377315017316,5.357748356952949e-12,0.7388162268444706,5,25,vax_eff_0.2,vax_eff,0.2
271,A,0.15913889019370442,2.0280201778094287e-12,0.8408611098042674,5,25,vax_eff_0.2,vax_eff,0.2
271,C,0.2611837731497337,4.8304094150217694e-12,0.7388162268454348,5,25,vax_eff_0.2,vax_eff,0.2
272,A,0.15913889019353825,1.828408885769658e-12,0.8408611098046339,5,25,vax_eff_0.2,vax_eff,0.2
272,C,0.2611837731493387,4.3549740591178805e-12,0.7388162268463071,5,25,vax_eff_0.2,vax_eff,0.2
273,A,0.15913889019338853,1.6484447541961167e-12,0.8408611098049631,5,25,vax_eff_0.2,vax_eff,0.2
273,C,0.2611837731489821,3.926333653342543e-12,0.7388162268470929,5,25,vax_eff_0.2,vax_eff,0.2
274,A,0.15913889019325342,1.4861939580113733e-12,0.8408611098052603,5,25,vax_eff_0.2,vax_eff,0.2
274,C,0.26118377314866076,3.5398823835578856e-12,0.7388162268478008,5,25,vax_eff_0.2,vax_eff,0.2
275,A,0.15913889019313188,1.339913016569445e-12,0.8408611098055282,5,25,vax_eff_0.2,vax_eff,0.2
275,C,0.2611837731483705,3.1914677641892016e-12,0.7388162268484383,5,25,vax_eff_0.2,vax_eff,0.2
276,A,0.15913889019302235,1.2080300571716986e-12,0.8408611098057697,5,25,vax_eff_0.2,vax_eff,0.2
276,C,0.26118377314810926,2.8773460199037453e-12,0.7388162268490136,5,25,vax_eff_0.2,vax_eff,0.2
277,A,0.15913889019292324,1.0891279236939531e-12,0.8408611098059874,5,25,vax_eff_0.2,vax_eff,0.2
277,C,0.2611837731478739,2.5941418582139123e-12,0.7388162268495329,5,25,vax_eff_0.2,vax_eff,0.2
278,A,0.159138890192834,9.819289479703292e-13,0.8408611098061836,5,25,vax_eff_0.2,vax_eff,0.2
278,C,0.261183773147661,2.338812201382242e-12,0.7388162268500011,5,25,vax_eff_0.2,vax_eff,0.2
279,A,0.1591388901927536,8.852812201355388e-13,0.8408611098063602,5,25,vax_eff_0.2,vax_eff,0.2
279,C,0.26118377314746954,2.1086134880301612e-12,0.7388162268504226,5,25,vax_eff_0.2,vax_eff,0.2
280,A,0.15913889019268115,7.981462103800508e-13,0.840861109806521,5,25,vax_eff_0.2,vax_eff,0.2
280,C,0.26118377314729696,1.90107219310092e-12,0.7388162268508026,5,25,vax_eff_0.2,vax_eff,0.2
281,A,0.159138890192616,7.195876090960811e-13,0.8408611098066654,5,25,vax_eff_0.2,vax_eff,0.2
281,C,0.2611837731471414,1.7139582494086257e-12,0.738816226851145,5,25,vax_eff_0.2,vax_eff,0.2
282,A,0.15913889019255692,6.487612654863058e-13,0.8408611098067945,5,25,vax_eff_0.2,vax_eff,0.2
282,C,0.261183773147001,1.5452610851835942e-12,0.7388162268514544,5,25,vax_eff_0.2,vax_eff,0.2
283,A,0.15913889019250377,5.849061165120887e-13,0.8408611098069114,5,25,vax_eff_0.2,vax_eff,0.2
283,C,0.2611837731468745,1.3931680201332892e-12,0.7388162268517331,5,25,vax_eff_0.2,vax_eff,0.2
284,A,0.1591388901924559,5.273360087009949e-13,0.8408611098070169,5,25,vax_eff_0.2,vax_eff,0.2
284,C,0.26118377314676067,1.2560447878809812e-12,0.7388162268519844,5,25,vax_eff_0.2,vax_eff,0.2
285,A,0.15913889019241245,4.75432324928626e-13,0.8408611098071117,5,25,vax_eff_0.2,vax_eff,0.2
285,C,0.2611837731466575,1.1324179754923554e-12,0.7388162268522107,5,25,vax_eff_0.2,vax_eff,0.2
286,A,0.1591388901923738,4.28637336940577e-13,0.8408611098071983,5,25,vax_eff_0.2,vax_eff,0.2
286,C,0.2611837731465648,1.0209591913998947e-12,0.7388162268524141,5,25,vax_eff_0.2,vax_eff,0.2
287,A,0.15913889019233854,3.864482121795391e-13,0.8408611098072751,5,25,vax_eff_0.2,vax_eff,0.2
287,C,0.2611837731464811,9.204707916066148e-13,0.7388162268525988,5,25,vax_eff_0.2,vax_eff,0.2
288,A,0.15913889019230695,3.484116105140729e-13,0.8408611098073443,5,25,vax_eff_0.2,vax_eff,0.2
288,C,0.26118377314640584,8.29873010794861e-13,0.7388162268527648,5,25,vax_eff_0.2,vax_eff,0.2
289,A,0.15913889019227836,3.1411881280495545e-13,0.8408611098074072,5,25,vax_eff_0.2,vax_eff,0.2
289,C,0.26118377314633806,7.481923600617206e-13,0.738816226852915,5,25,vax_eff_0.2,vax_eff,0.2
290,A,0.15913889019225272,2.8320132896033827e-13,0.8408611098074639,5,25,vax_eff_0.2,vax_eff,0.2
290,C,0.2611837731462761,6.745511666127246e-13,0.7388162268530486,5,25,vax_eff_0.2,vax_eff,0.2
291,A,0.1591388901922295,2.553269382837314e-13,0.8408611098075153,5,25,vax_eff_0.2,vax_eff,0.2
291,C,0.261183773146221,6.081581430161089e-13,0.7388162268531708,5,25,vax_eff_0.2,vax_eff,0.2
292,A,0.15913889019220862,2.301961195643938e-13,0.8408611098075607,5,25,vax_eff_0.2,vax_eff,0.2
292,C,0.2611837731461717,5.482998846826172e-13,0.738816226853281,5,25,vax_eff_0.2,vax_eff,0.2
293,A,0.15913889019218957,2.0753883248272842e-13,0.8408611098076025,5,25,vax_eff_0.2,vax_eff,0.2
293,C,0.2611837731461265,4.943332037002321e-13,0.7388162268533802,5,25,vax_eff_0.2,vax_eff,0.2
294,A,0.1591388901921727,1.8711161607174712e-13,0.8408611098076393,5,25,vax_eff_0.2,vax_eff,0.2
294,C,0.2611837731460864,4.456782192503374e-13,0.7388162268534693,5,25,vax_eff_0.2,vax_eff,0.2
295,A,0.15913889019215746,1.686949724034612e-13,0.8408611098076745,5,25,vax_eff_0.2,vax_eff,0.2
295,C,0.2611837731460493,4.018121251030569e-13,0.7388162268535486,5,25,vax_eff_0.2,vax_eff,0.2
296,A,0.1591388901921436,1.5209100801816791e-13,0.8408611098077041,5,25,vax_eff_0.2,vax_eff,0.2
296,C,0.26118377314601665,3.622635724288101e-13,0.7388162268536216,5,25,vax_eff_0.2,vax_eff,0.2
297,A,0.1591388901921312,1.3712130746263945e-13,0.8408611098077318,5,25,vax_eff_0.2,vax_eff,0.2
297,C,0.26118377314598695,3.2660760513208776e-13,0.7388162268536872,5,25,vax_eff_0.2,vax_eff,0.2
298,A,0.15913889019212002,1.2362501612519363e-13,0.8408611098077566,5,25,vax_eff_0.2,vax_eff,0.2
298,C,0.26118377314596003,2.9446109362453806e-13,0.7388162268537456,5,25,vax_eff_0.2,vax_eff,0.2
299,A,0.1591388901921099,1.1145711177298859e-13,0.8408611098077791,5,25,vax_eff_0.2,vax_eff,0.2
299,C,0.26118377314593616,2.6547861803109877e-13,0.738816226853799,5,25,vax_eff_0.2,vax_eff,0.2
300,A,0.1591388901921008,1.0048684621785683e-13,0.8408611098077989,5,25,vax_eff_0.2,vax_eff,0.2
300,C,0.2611837731459139,2.3934875659350147e-13,0.7388162268538458,5,25,vax_eff_0.2,vax_eff,0.2
301,A,0.15913889019209237,9.059634036519619e-14,0.8408611098078171,5,25,vax_eff_0.2,vax_eff,0.2
301,C,0.2611837731458948,2.1579073938942113e-13,0.7388162268538894,5,25,vax_eff_0.2,vax_eff,0.2
302,A,0.15913889019208483,8.167931754868295e-14,0.8408611098078327,5,25,vax_eff_0.2,vax_eff,0.2
302,C,0.26118377314587765,1.9455143141089517e-13,0.7388162268539296,5,25,vax_eff_0.2,vax_eff,0.2
303,A,0.1591388901920783,7.36399615395827e-14,0.8408611098078478,5,25,vax_eff_0.2,vax_eff,0.2
303,C,0.2611837731458617,1.7540261258468275e-13,0.738816226853965,5,25,vax_eff_0.2,vax_eff,0.2
304,A,0.15913889019207228,6.639188695917516e-14,0.8408611098078611,5,25,vax_eff_0.2,vax_eff,0.2
304,C,0.261183773145847,1.581385255079078e-13,0.7388162268539963,5,25,vax_eff_0.2,vax_eff,0.2
305,A,0.15913889019206676,5.985721103068401e-14,0.8408611098078733,5,25,vax_eff_0.2,vax_eff,0.2
305,C,0.2611837731458339,1.4257366454898485e-13,0.7388162268540245,5,25,vax_eff_0.2,vax_eff,0.2
306,A,0.15913889019206184,5.3965716696071e-14,0.8408611098078836,5,25,vax_eff_0.2,vax_eff,0.2
306,C,0.2611837731458223,1.2854078255733568e-13,0.7388162268540498,5,25,vax_eff_0.2,vax_eff,0.2
307,A,0.15913889019205757,4.8654098104856925e-14,0.8408611098078939,5,25,vax_eff_0.2,vax_eff,0.2
307,C,0.2611837731458117,1.1588909376365328e-13,0.7388162268540729,5,25,vax_eff_0.2,vax_eff,0.2
308,A,0.15913889019205363,4.38652803672743e-14,0.8408611098079027,5,25,vax_eff_0.2,vax_eff,0.2
308,C,0.26118377314580254,1.0448265356055978e-13,0.7388162268540942,5,25,vax_eff_0.2,vax_eff,0.2
309,A,0.15913889019204996,3.9547806262092955e-14,0.8408611098079107,5,25,vax_eff_0.2,vax_eff,0.2
309,C,0.26118377314579344,9.419889775412645e-14,0.7388162268541124,5,25,vax_eff_0.2,vax_eff,0.2
310,A,0.1591388901920468,3.565528330893087e-14,0.8408611098079182,5,25,vax_eff_0.2,vax_eff,0.2
310,C,0.26118377314578584,8.492732559025974e-14,0.7388162268541292,5,25,vax_eff_0.2,vax_eff,0.2
311,A,0.1591388901920439,3.21458852635283e-14,0.8408611098079241,5,25,vax_eff_0.2,vax_eff,0.2
311,C,0.2611837731457788,7.656831240484379e-14,0.7388162268541443,5,25,vax_eff_0.2,vax_eff,0.2
312,A,0.15913889019204128,2.898190267927369e-14,0.84086110980793,5,25,vax_eff_0.2,vax_eff,0.2
312,C,0.26118377314577257,6.90320391393595e-14,0.7388162268541584,5,25,vax_eff_0.2,vax_eff,0.2
313,A,0.15913889019203892,2.612933770100688e-14,0.8408611098079357,5,25,vax_eff_0.2,vax_eff,0.2
313,C,0.26118377314576713,6.223752733152014e-14,0.7388162268541717,5,25,vax_eff_0.2,vax_eff,0.2
314,A,0.1591388901920368,2.3557538761494984e-14,0.8408611098079406,5,25,vax_eff_0.2,vax_eff,0.2
314,C,0.2611837731457621,5.611176863971224e-14,0.7388162268541826,5,25,vax_eff_0.2,vax_eff,0.2
315,A,0.1591388901920347,2.1238871202259832e-14,0.840861109807944,5,25,vax_eff_0.2,vax_eff,0.2
315,C,0.2611837731457575,5.058894070428206e-14,0.7388162268541927,5,25,vax_eff_0.2,vax_eff,0.2
316,A,0.15913889019203295,1.9148420335471843e-14,0.8408611098079484,5,25,vax_eff_0.2,vax_eff,0.2
316,C,0.2611837731457534,4.5609699774679923e-14,0.7388162268542021,5,25,vax_eff_0.2,vax_eff,0.2
317,A,0.1591388901920314,1.7263723727963837e-14,0.8408611098079523,5,25,vax_eff_0.2,vax_eff,0.2
317,C,0.2611837731457499,4.1120543037612726e-14,0.7388162268542107,5,25,vax_eff_0.2,vax_eff,0.2
318,A,0.15913889019202998,1.5564529834966585e-14,0.8408611098079549,5,25,vax_eff_0.2,vax_eff,0.2
318,C,0.26118377314574626,3.7073233719980144e-14,0.7388162268542176,5,25,vax_eff_0.2,vax_eff,0.2
319,A,0.15913889019202868,1.4032580390689154e-14,0.8408611098079574,5,25,vax_eff_0.2,vax_eff,0.2
319,C,0.26118377314574326,3.342428277633128e-14,0.7388162268542241,5,25,vax_eff_0.2,vax_eff,0.2
320,A,0.1591388901920275,1.2651414217430683e-14,0.8408611098079594,5,25,vax_eff_0.2,vax_eff,0.2
320,C,0.2611837731457402,3.0134481591482626e-14,0.7388162268542295,5,25,vax_eff_0.2,vax_eff,0.2
321,A,0.15913889019202662,1.140619034506595e-14,0.840861109807962,5,25,vax_eff_0.2,vax_eff,0.2
321,C,0.2611837731457382,2.7168480677106387e-14,0.7388162268542352,5,25,vax_eff_0.2,vax_eff,0.2
322,A,0.15913889019202565,1.0283528540246316e-14,0.8408611098079644,5,25,vax_eff_0.2,vax_eff,0.2
322,C,0.261183773145736,2.4494409835309698e-14,0.7388162268542402,5,25,vax_eff_0.2,vax_eff,0.2
323,A,0.15913889019202485,9.271365531734636e-15,0.8408611098079664,5,25,vax_eff_0.2,vax_eff,0.2
323,C,0.2611837731457339,2.208353570779671e-14,0.7388162268542453,5,25,vax_eff_0.2,vax_eff,0.2
324,A,0.15913889019202404,8.358825386955665e-15,0.8408611098079675,5,25,vax_eff_0.2,vax_eff,0.2
324,C,0.26118377314573205,1.990995303091968e-14,0.7388162268542491,5,25,vax_eff_0.2,vax_eff,0.2
325,A,0.15913889019202337,7.536102646905138e-15,0.8408611098079698,5,25,vax_eff_0.2,vax_eff,0.2
325,C,0.26118377314573066,1.795030627909997e-14,0.738816226854253,5,25,vax_eff_0.2,vax_eff,0.2
326,A,0.15913889019202268,6.794356963655814e-15,0.8408611098079706,5,25,vax_eff_0.2,vax_eff,0.2
326,C,0.26118377314572894,1.6183538705629763e-14,0.7388162268542554,5,25,vax_eff_0.2,vax_eff,0.2
327,A,0.15913889019202218,6.125618108299232e-15,0.8408611098079718,5,25,vax_eff_0.2,vax_eff,0.2
327,C,0.2611837731457276,1.459066608425375e-14,0.7388162268542587,5,25,vax_eff_0.2,vax_eff,0.2
328,A,0.1591388901920217,5.5227003285973725e-15,0.840861109807973,5,25,vax_eff_0.2,vax_eff,0.2
328,C,0.2611837731457264,1.3154572720344565e-14,0.738816226854261,5,25,vax_eff_0.2,vax_eff,0.2
329,A,0.15913889019202115,4.979125136085193e-15,0.8408611098079738,5,25,vax_eff_0.2,vax_eff,0.2
329,C,0.26118377314572555,1.1859827539776529e-14,0.7388162268542638,5,25,vax_eff_0.2,vax_eff,0.2
330,A,0.15913889019202077,4.489051692943085e-15,0.8408611098079749,5,25,vax_eff_0.2,vax_eff,0.2
330,C,0.2611837731457243,1.0692518279340758e-14,0.7388162268542653,5,25,vax_eff_0.2,vax_eff,0.2
331,A,0.1591388901920204,4.0472140506211694e-15,0.8408611098079757,5,25,vax_eff_0.2,vax_eff,0.2
331,C,0.2611837731457234,9.640101997048364e-15,0.7388162268542676,5,25,vax_eff_0.2,vax_eff,0.2
332,A,0.15913889019202013,3.648864565822482e-15,0.8408611098079767,5,25,vax_eff_0.2,vax_eff,0.2
332,C,0.2611837731457226,8.691270296029195e-15,0.7388162268542693,5,25,vax_eff_0.2,vax_eff,0.2
333,A,0.15913889019201996,3.2897228845077733e-15,0.8408611098079769,5,25,vax_eff_0.2,vax_eff,0.2
333,C,0.26118377314572183,7.835827808347503e-15,0.7388162268542711,5,25,vax_eff_0.2,vax_eff,0.2
334,A,0.15913889019201954,2.9659299524443353e-15,0.8408611098079772,5,25,vax_eff_0.2,vax_eff,0.2
334,C,0.26118377314572105,7.064582661012351e-15,0.7388162268542722,5,25,vax_eff_0.2,vax_eff,0.2
335,A,0.1591388901920193,2.6740065446620836e-15,0.8408611098079778,5,25,vax_eff_0.2,vax_eff,0.2
335,C,0.26118377314572067,6.369247690648927e-15,0.7388162268542735,5,25,vax_eff_0.2,vax_eff,0.2
336,A,0.15913889019201924,2.4108158814324554e-15,0.8408611098079787,5,25,vax_eff_0.2,vax_eff,0.2
336,C,0.2611837731457202,5.742351401372258e-15,0.7388162268542746,5,25,vax_eff_0.2,vax_eff,0.2
337,A,0.15913889019201888,2.173529922933181e-15,0.8408611098079785,5,25,vax_eff_0.2,vax_eff,0.2
337,C,0.26118377314571967,5.177157682889281e-15,0.7388162268542756,5,25,vax_eff_0.2,vax_eff,0.2
338,A,0.15913889019201877,1.9595989812620172e-15,0.8408611098079791,5,25,vax_eff_0.2,vax_eff,0.2
338,C,0.2611837731457193,4.667593429817392e-15,0.7388162268542768,5,25,vax_eff_0.2,vax_eff,0.2
339,A,0.1591388901920185,1.7667243234174615e-15,0.8408611098079796,5,25,vax_eff_0.2,vax_eff,0.2
339,C,0.2611837731457189,4.208183285106256e-15,0.7388162268542777,5,25,vax_eff_0.2,vax_eff,0.2
340,A,0.15913889019201843,1.5928334708572264e-15,0.8408611098079803,5,25,vax_eff_0.2,vax_eff,0.2
340,C,0.2611837731457187,3.7939908063698015e-15,0.7388162268542788,5,25,vax_eff_0.2,vax_eff,0.2
341,A,0.15913889019201835,1.4360579302207068e-15,0.8408611098079806,5,25,vax_eff_0.2,vax_eff,0.2
341,C,0.2611837731457185,3.4205654229503247e-15,0.7388162268542797,5,25,vax_eff_0.2,vax_eff,0.2
342,A,0.15913889019201816,1.2947131159255243e-15,0.8408611098079806,5,25,vax_eff_0.2,vax_eff,0.2
342,C,0.26118377314571806,3.0838946137590556e-15,0.7388162268542796,5,25,vax_eff_0.2,vax_eff,0.2
343,A,0.15913889019201807,1.167280248900567e-15,0.8408611098079809,5,25,vax_eff_0.2,vax_eff,0.2
343,C,0.2611837731457179,2.780360792035842e-15,0.7388162268542803,5,25,vax_eff_0.2,vax_eff,0.2
344,A,0.15913889019201793,1.0523900369522733e-15,0.8408611098079812,5,25,vax_eff_0.2,vax_eff,0.2
344,C,0.2611837731457176,2.506702433747114e-15,0.7388162268542806,5,25,vax_eff_0.2,vax_eff,0.2
345,A,0.15913889019201785,9.488079614050326e-16,0.8408611098079812,5,25,vax_eff_0.2,vax_eff,0.2
345,C,0.26118377314571745,2.259979031940016e-15,0.7388162268542806,5,25,vax_eff_0.2,vax_eff,0.2
346,A,0.15913889019201777,8.554210119166134e-16,0.8408611098079815,5,25,vax_eff_0.2,vax_eff,0.2
346,C,0.2611837731457172,2.0375395004811326e-15,0.7388162268542813,5,25,vax_eff_0.2,vax_eff,0.2
347,A,0.1591388901920178,7.712257269305219e-16,0.8408611098079818,5,25,vax_eff_0.2,vax_eff,0.2
347,C,0.261183773145717,1.8369936876724687e-15,0.7388162268542816,5,25,vax_eff_0.2,vax_eff,0.2
348,A,0.1591388901920176,6.953174112567578e-16,0.8408611098079817,5,25,vax_eff_0.2,vax_eff,0.2
348,C,0.26118377314571695,1.6561866936535286e-15,0.7388162268542819,5,25,vax_eff_0.2,vax_eff,0.2
349,A,0.15913889019201757,6.268804149209628e-16,0.8408611098079818,5,25,vax_eff_0.2,vax_eff,0.2
349,C,0.2611837731457168,1.4931757156254627e-15,0.7388162268542824,5,25,vax_eff_0.2,vax_eff,0.2
350,A,0.15913889019201755,5.651793688256449e-16,0.840861109807982,5,25,vax_eff_0.2,vax_eff,0.2
350,C,0.2611837731457168,1.3462091720952495e-15,0.7388162268542825,5,25,vax_eff_0.2,vax_eff,0.2
351,A,0.15913889019201755,5.095512830483877e-16,0.8408611098079821,5,25,vax_eff_0.2,vax_eff,0.2
351,C,0.26118377314571667,1.2137078818261747e-15,0.7388162268542826,5,25,vax_eff_0.2,vax_eff,0.2
352,A,0.1591388901920175,4.593984228711982e-16,0.8408611098079819,5,25,vax_eff_0.2,vax_eff,0.2
352,C,0.2611837731457164,1.0942480952592309e-15,0.7388162268542829,5,25,vax_eff_0.2,vax_eff,0.2
353,A,0.1591388901920174,4.141818859412831e-16,0.8408611098079821,5,25,vax_eff_0.2,vax_eff,0.2
353,C,0.26118377314571634,9.865461971064033e-16,0.7388162268542833,5,25,vax_eff_0.2,vax_eff,0.2
354,A,0.15913889019201738,3.734158118207406e-16,0.840861109807982,5,25,vax_eff_0.2,vax_eff,0.2
354,C,0.2611837731457161,8.89444910481398e-16,0.7388162268542834,5,25,vax_eff_0.2,vax_eff,0.2
355,A,0.15913889019201738,3.3666216112623585e-16,0.8408611098079822,5,25,vax_eff_0.2,vax_eff,0.2
355,C,0.26118377314571595,8.019008649594263e-16,0.7388162268542834,5,25,vax_eff_0.2,vax_eff,0.2
356,A,0.15913889019201735,3.0352600876328546e-16,0.8408611098079825,5,25,vax_eff_0.2,vax_eff,0.2
356,C,0.26118377314571595,7.229733844614345e-16,0.7388162268542838,5,25,vax_eff_0.2,vax_eff,0.2
357,A,0.1591388901920173,2.7365130038071185e-16,0.8408611098079826,5,25,vax_eff_0.2,vax_eff,0.2
357,C,0.2611837731457159,6.518143794067109e-16,0.7388162268542842,5,25,vax_eff_0.2,vax_eff,0.2
358,A,0.15913889019201727,2.467170264923595e-16,0.8408611098079825,5,25,vax_eff_0.2,vax_eff,0.2
358,C,0.2611837731457159,5.876592338419535e-16,0.7388162268542845,5,25,vax_eff_0.2,vax_eff,0.2
359,A,0.15913889019201727,2.2243377316360326e-16,0.8408611098079826,5,25,vax_eff_0.2,vax_eff,0.2
359,C,0.2611837731457156,5.298185895090558e-16,0.7388162268542839,5,25,vax_eff_0.2,vax_eff,0.2
360,A,0.15913889019201727,2.0054061219895526e-16,0.8408611098079826,5,25,vax_eff_0.2,vax_eff,0.2
360,C,0.2611837731457155,4.776709385700128e-16,0.7388162268542839,5,25,vax_eff_0.2,vax_eff,0.2
361,A,0.1591388901920172,1.8080229741511046e-16,0.8408611098079826,5,25,vax_eff_0.2,vax_eff,0.2
361,C,0.2611837731457155,4.3065594539646726e-16,0.7388162268542839,5,25,vax_eff_0.2,vax_eff,0.2
362,A,0.15913889019201724,1.6300673687274253e-16,0.8408611098079828,5,25,vax_eff_0.2,vax_eff,0.2
362,C,0.2611837731457155,3.882684256653608e-16,0.7388162268542839,5,25,vax_eff_0.2,vax_eff,0.2
363,A,0.1591388901920172,1.4696271390559646e-16,0.8408611098079827,5,25,vax_eff_0.2,vax_eff,0.2
363,C,0.26118377314571545,3.500529180650129e-16,0.7388162268542839,5,25,vax_eff_0.2,vax_eff,0.2
364,A,0.1591388901920172,1.3249783245882447e-16,0.8408611098079827,5,25,vax_eff_0.2,vax_eff,0.2
364,C,0.2611837731457154,3.1559879028365955e-16,0.738816226854284,5,25,vax_eff_0.2,vax_eff,0.2
365,A,0.15913889019201718,1.1945666465875633e-16,0.840861109807983,5,25,vax_eff_0.2,vax_eff,0.2
365,C,0.26118377314571534,2.845358266934447e-16,0.7388162268542843,5,25,vax_eff_0.2,vax_eff,0.2
0,A,0.999,0.0010000000000000002,0,6,25,vax_eff_0.2,vax_eff,0.2
0,C,0.9990000000000001,0.001,0,6,25,vax_eff_0.2,vax_eff,0.2
1,A,0.9983266232692146,0.0014319839047568488,2.4139282602923793e-4,6,25,vax_eff_0.2,vax_eff,0.2
1,C,0.9985324918721993,0.0012438833246027454,2.236248031979824e-4,6,25,vax_eff_0.2,vax_eff,0.2
2,A,0.9974445694560131,0.0019751004188414607,5.803301251453845e-4,6,25,vax_eff_0.2,vax_eff,0.2
2,C,0.9979618982951189,0.0015371899440153969,5.009117608647158e-4,6,25,vax_eff_0.2,vax_eff,0.2
3,A,0.9963225016951991,0.002637882086116219,0.0010396162186861464,6,25,vax_eff_0.2,vax_eff,0.2
3,C,0.997270970343639,0.0018866769584271867,8.423526979334636e-4,6,25,vax_eff_0.2,vax_eff,0.2
4,A,0.9949091091733233,0.0034452481835845106,0.0016456426430912095,6,25,vax_eff_0.2,vax_eff,0.2
4,C,0.9964367257416039,0.0023029905318088834,0.0012602837265870371,6,25,vax_eff_0.2,vax_eff,0.2
5,A,0.9931354028127053,0.004434349491244591,0.0024302476960499494,6,25,vax_eff_0.2,vax_eff,0.2
5,C,0.9954309083725361,0.002799979286940869,0.0017691123405223128,6,25,vax_eff_0.2,vax_eff,0.2
6,A,0.9909116288246018,0.00565351560709142,0.003434855568306315,6,25,vax_eff_0.2,vax_eff,0.2
6,C,0.9942178700841303,0.0033952630601713878,0.002386866855697883,6,25,vax_eff_0.2,vax_eff,0.2
7,A,0.9881284966104449,0.007160082974125212,0.004711420415430045,6,25,vax_eff_0.2,vax_eff,0.2
7,C,0.9927547232137881,0.0041098763430997545,0.0031354004431127756,6,25,vax_eff_0.2,vax_eff,0.2
8,A,0.9846578133301676,0.009019207879866827,0.006322978789966056,6,25,vax_eff_0.2,vax_eff,0.2
8,C,0.9909912848890414,0.0049680964523769735,0.004040618658581308,6,25,vax_eff_0.2,vax_eff,0.2
9,A,0.9803444571953243,0.011307394157412168,0.008348148647262745,6,25,vax_eff_0.2,vax_eff,0.2
9,C,0.9888667845120641,0.0059988975773020625,0.005134317910633235,6,25,vax_eff_0.2,vax_eff,0.2
10,A,0.9750086599062767,0.014110822785810134,0.010880517307913125,6,25,vax_eff_0.2,vax_eff,0.2
10,C,0.9863104740853615,0.007235536686121497,0.006453989228515754,6,25,vax_eff_0.2,vax_eff,0.2
11,A,0.9684360650694974,0.017529102840005143,0.01403483209049837,6,25,vax_eff_0.2,vax_eff,0.2
11,C,0.9832370438422162,0.00871752832464949,0.00804542783313384,6,25,vax_eff_0.2,vax_eff,0.2
12,A,0.9603928392503305,0.021666724586818384,0.017940436162851174,6,25,vax_eff_0.2,vax_eff,0.2
12,C,0.9795515416589895,0.01048810023883935,0.00996035810217211,6,25,vax_eff_0.2,vax_eff,0.2
13,A,0.9506031210561536,0.026640673250119123,0.022756205693727084,6,25,vax_eff_0.2,vax_eff,0.2
13,C,0.9751382285172585,0.012598851148307836,0.012262920334433956,6,25,vax_eff_0.2,vax_eff,0.2
14,A,0.9387739035651969,0.03256583622027765,0.028660260214525966,6,25,vax_eff_0.2,vax_eff,0.2
14,C,0.9698676670296597,0.015105915405097915,0.015026417565241075,6,25,vax_eff_0.2,vax_eff,0.2
15,A,0.924595593258187,0.039550603427012165,0.03585380331480148,6,25,vax_eff_0.2,vax_eff,0.2
15,C,0.963592967691678,0.01807088960216375,0.01833614270615824,6,25,vax_eff_0.2,vax_eff,0.2
16,A,0.907758718169491,0.04768356645155039,0.04455771537895824,6,25,vax_eff_0.2,vax_eff,0.2
16,C,0.9561509205958169,0.021559120416036606,0.02228995898814494,6,25,vax_eff_0.2,vax_eff,0.2
17,A,0.8879764670147917,0.05701572879795542,0.05500780418725297,6,25,vax_eff_0.2,vax_eff,0.2
17,C,0.9473631809502783,0.02563740610500759,0.026999412944715542,6,25,vax_eff_0.2,vax_eff,0.2
18,A,0.8650154172104993,0.06754123235301289,0.06744335043648814,6,25,vax_eff_0.2,vax_eff,0.2
18,C,0.9370417304290373,0.030369711803974065,0.03258855776699037,6,25,vax_eff_0.2,vax_eff,0.2
19,A,0.838724603953385,0.07917776988455834,0.08209762616205586,6,25,vax_eff_0.2,vax_eff,0.2
19,C,0.9249922528360441,0.03581305516947773,0.0391946919944776,6,25,vax_eff_0.2,vax_eff,0.2
20,A,0.8090778360092036,0.09174582039944953,0.09917634359134782,6,25,vax_eff_0.2,vax_eff,0.2
20,C,0.911026618231979,0.042009209553593656,0.0469641722144281,6,25,vax_eff_0.2,vax_eff,0.2
21,A,0.7762060904532011,0.10495554270034751,0.11883836684645138,6,25,vax_eff_0.2,vax_eff,0.2
21,C,0.8949739146294228,0.04897636824380019,0.05604971712677903,6,25,vax_eff_0.2,vax_eff,0.2
22,A,0.7404198031517369,0.11840651459071456,0.1411736822575486,6,25,vax_eff_0.2,vax_eff,0.2
22,C,0.876695780616129,0.056699275462333054,0.06660494392153596,6,25,vax_eff_0.2,vax_eff,0.2
23,A,0.7022092775399342,0.13160770327208188,0.16618301918798378,6,25,vax_eff_0.2,vax_eff,0.2
23,C,0.8561044731652592,0.06511967189272858,0.0787758549420125,6,25,vax_eff_0.2,vax_eff,0.2
24,A,0.6622314126971424,0.14400738368216398,0.19376120362069346,6,25,vax_eff_0.2,vax_eff,0.2
24,C,0.8331813099123482,0.07412631695478634,0.09269237313286505,6,25,vax_eff_0.2,vax_eff,0.2
25,A,0.6212463777215094,0.15505782030413165,0.22369580197435918,6,25,vax_eff_0.2,vax_eff,0.2
25,C,0.8079913670644174,0.08355381504531084,0.1084548178902715,6,25,vax_eff_0.2,vax_eff,0.2
26,A,0.5800885756229812,0.16425003282425993,0.25566139155275774,6,25,vax_eff_0.2,vax_eff,0.2
26,C,0.7806989850100177,0.09317473651533906,0.1261262784746432,6,25,vax_eff_0.2,vax_eff,0.2
27,A,0.5395676401541436,0.17118756021624618,0.2892447996296094,6,25,vax_eff_0.2,vax_eff,0.2
27,C,0.7515680141384233,0.10271355667862253,0.14571842918295344,6,25,vax_eff_0.2,vax_eff,0.2
28,A,0.500414129192117,0.17561764439447305,0.32396822641340944,6,25,vax_eff_0.2,vax_eff,0.2
28,C,0.7209552612036629,0.11186002036621416,0.16718471843012256,6,25,vax_eff_0.2,vax_eff,0.2
29,A,0.46322975722793786,0.17745186559734522,0.3593183771747172,6,25,vax_eff_0.2,vax_eff,0.2
29,C,0.689296125355682,0.12028966645254087,0.19041420819177782,6,25,vax_eff_0.2,vax_eff,0.2
30,A,0.428457569220225,0.17676105300323586,0.3947813777765388,6,25,vax_eff_0.2,vax_eff,0.2
30,C,0.6570766582197126,0.12769166741894647,0.21523167436134202,6,25,vax_eff_0.2,vax_eff,0.2
31,A,0.39638293154284077,0.1737478139914033,0.4298692544657559,6,25,vax_eff_0.2,vax_eff,0.2
31,C,0.6248030277210773,0.1337936344805568,0.24140333779836431,6,25,vax_eff_0.2,vax_eff,0.2
32,A,0.3671408054720432,0.16871460736788718,0.4641445871600689,6,25,vax_eff_0.2,vax_eff,0.2
32,C,0.5929678112594577,0.13838596805587003,0.2686462206846723,6,25,vax_eff_0.2,vax_eff,0.2
33,A,0.340739361299688,0.16201765314372127,0.4972429855565917,6,25,vax_eff_0.2,vax_eff,0.2
33,C,0.562011762997769,0.14134131582772344,0.29664692117450747,6,25,vax_eff_0.2,vax_eff,0.2
34,A,0.31709360307473966,0.15403831885369604,0.528868078071565,6,25,vax_eff_0.2,vax_eff,0.2
34,C,0.5323142851644743,0.14261472580973852,0.32507098902578696,6,25,vax_eff_0.2,vax_eff,0.2
35,A,0.2960514929828942,0.14514964997242708,0.5587988570446791,6,25,vax_eff_0.2,vax_eff,0.2
35,C,0.5041740625895009,0.14224301249994353,0.35358292491055615,6,25,vax_eff_0.2,vax_eff,0.2
36,A,0.2774170159266434,0.1356939137692195,0.5868890703041368,6,25,vax_eff_0.2,vax_eff,0.2
36,C,0.47779985302488615,0.1403385667661445,0.3818615802089692,6,25,vax_eff_0.2,vax_eff,0.2
37,A,0.2609818839535446,0.12596048922944625,0.6130576268170097,6,25,vax_eff_0.2,vax_eff,0.2
37,C,0.45331504953628243,0.1370617449000535,0.4096232055636636,6,25,vax_eff_0.2,vax_eff,0.2
38,A,0.2465257754498307,0.11620103541112103,0.6372731891390474,6,25,vax_eff_0.2,vax_eff,0.2
38,C,0.4307759048988078,0.1326141550884947,0.43660994001269776,6,25,vax_eff_0.2,vax_eff,0.2
39,A,0.23383375045201726,0.10661526854993181,0.6595509809980508,6,25,vax_eff_0.2,vax_eff,0.2
39,C,0.410176086571573,0.12721612646389596,0.4626077869645317,6,25,vax_eff_0.2,vax_eff,0.2
40,A,0.2227045869298578,0.0973538244454762,0.6799415886246657,6,25,vax_eff_0.2,vax_eff,0.2
40,C,0.3914613527242101,0.12108966888850482,0.48744897838728524,6,25,vax_eff_0.2,vax_eff,0.2
41,A,0.212952898209444,0.08852550691745607,0.6985215948730993,6,25,vax_eff_0.2,vax_eff,0.2
41,C,0.37454329133379166,0.11444712789980496,0.5110095807664027,6,25,vax_eff_0.2,vax_eff,0.2
42,A,0.20441075149521007,0.08020355760391845,0.7153856909008722,6,25,vax_eff_0.2,vax_eff,0.2
42,C,0.35931125447959406,0.10748231030686242,0.5332064352135428,6,25,vax_eff_0.2,vax_eff,0.2
43,A,0.1969292288173345,0.07243141246709815,0.7306393587155673,6,25,vax_eff_0.2,vax_eff,0.2
43,C,0.3456429474326915,0.10036373148861119,0.5539933210786977,6,25,vax_eff_0.2,vax_eff,0.2
44,A,0.1903730873929741,0.06523093015218198,0.7443959824548431,6,25,vax_eff_0.2,vax_eff,0.2
44,C,0.33340890311493926,0.09323796384287877,0.5733531330421818,6,25,vax_eff_0.2,vax_eff,0.2
45,A,0.18462551166473365,0.05860432106047704,0.7567701672747902,6,25,vax_eff_0.2,vax_eff,0.2
45,C,0.3224810983963704,0.08622235280629766,0.5912965487973306,6,25,vax_eff_0.2,vax_eff,0.2
46,A,0.1795826643606486,0.05253961109898586,0.767877724540365,6,25,vax_eff_0.2,vax_eff,0.2
46,C,0.3127333096078809,0.07940985540424254,0.6078568349878775,6,25,vax_eff_0.2,vax_eff,0.2
47,A,0.17515750911137604,0.047016442439525824,0.7778260484490981,6,25,vax_eff_0.2,vax_eff,0.2
47,C,0.3040513286148092,0.07286804087598775,0.623080630509203,6,25,vax_eff_0.2,vax_eff,0.2
48,A,0.17127401826492056,0.0420080855865801,0.7867178961484983,6,25,vax_eff_0.2,vax_eff,0.2
48,C,0.2963288699766153,0.06664551872182581,0.6370256113015583,6,25,vax_eff_0.2,vax_eff,0.2
49,A,0.1678594000400729,0.037481747722253995,0.7946588522376732,6,25,vax_eff_0.2,vax_eff,0.2
49,C,0.2894589617965423,0.06077900923633981,0.649762028967117,6,25,vax_eff_0.2,vax_eff,0.2
50,A,0.16485600460758948,0.03340370511715812,0.8017402902752535,6,25,vax_eff_0.2,vax_eff,0.2
50,C,0.28335145264841155,0.055286235364897296,0.6613623119866905,6,25,vax_eff_0.2,vax_eff,0.2
51,A,0.1622125835455416,0.0297391289540144,0.808048287500443,6,25,vax_eff_0.2,vax_eff,0.2
51,C,0.27792341940394044,0.050174269986126514,0.6719023106099327,6,25,vax_eff_0.2,vax_eff,0.2
52,A,0.15988521504606687,0.026454071629123756,0.813660713324808,6,25,vax_eff_0.2,vax_eff,0.2
52,C,0.273101397479871,0.04544162564652712,0.6814569768736027,6,25,vax_eff_0.2,vax_eff,0.2
53,A,0.1578339181239681,0.023514353630089645,0.8186517282459433,6,25,vax_eff_0.2,vax_eff,0.2
53,C,0.2688167127963816,0.041080378889656266,0.6901029083139608,6,25,vax_eff_0.2,vax_eff,0.2
54,A,0.15602499285110646,0.020888237753353113,0.8230867693955415,6,25,vax_eff_0.2,vax_eff,0.2
54,C,0.2650098370104601,0.0370774867697326,0.6979126762198066,6,25,vax_eff_0.2,vax_eff,0.2
55,A,0.15442890848005023,0.01854560905877154,0.8270254824611785,6,25,vax_eff_0.2,vax_eff,0.2
55,C,0.26162737452175583,0.03341623526846031,0.7049563902097841,6,25,vax_eff_0.2,vax_eff,0.2
56,A,0.15301962103076133,0.016458227711731457,0.8305221512575077,6,25,vax_eff_0.2,vax_eff,0.2
56,C,0.25862139389609395,0.030077619488670684,0.7113009866152358,6,25,vax_eff_0.2,vax_eff,0.2
57,A,0.15177487535317827,0.014600486452726904,0.8336246381940948,6,25,vax_eff_0.2,vax_eff,0.2
57,C,0.25595017674300274,0.027041474684720422,0.7170083485722771,6,25,vax_eff_0.2,vax_eff,0.2
58,A,0.1506750643160283,0.012948762508170343,0.8363761731758012,6,25,vax_eff_0.2,vax_eff,0.2
58,C,0.2535764397599898,0.02428705039853333,0.7221365098414774,6,25,vax_eff_0.2,vax_eff,0.2
59,A,0.14970282845706825,0.011481264593361547,0.8388159069495705,6,25,vax_eff_0.2,vax_eff,0.2
59,C,0.25146671995154835,0.021793356120156832,0.7267399239282943,6,25,vax_eff_0.2,vax_eff,0.2
60,A,0.1488428187032231,0.0101780669657218,0.8409791143310551,6,25,vax_eff_0.2,vax_eff,0.2
60,C,0.24959106787921,0.01953970292507237,0.7308692291957163,6,25,vax_eff_0.2,vax_eff,0.2
61,A,0.14808186631096884,0.009021496789674451,0.8428966368993566,6,25,vax_eff_0.2,vax_eff,0.2
61,C,0.24792345533024748,0.017506380286972646,0.7345701643827806,6,25,vax_eff_0.2,vax_eff,0.2
62,A,0.1474084300126854,0.007995644580234761,0.8445959254070801,6,25,vax_eff_0.2,vax_eff,0.2
62,C,0.24644083447821727,0.015674568056157964,0.7378845974656246,6,25,vax_eff_0.2,vax_eff,0.2
63,A,0.1468122582396892,0.0070860920735587455,0.8461016496867519,6,25,vax_eff_0.2,vax_eff,0.2
63,C,0.24512256221918524,0.014026429518901509,0.7408510082619134,6,25,vax_eff_0.2,vax_eff,0.2
64,A,0.14628424204996462,0.006279811098379186,0.8474359468516555,6,25,vax_eff_0.2,vax_eff,0.2
64,C,0.24395014919448021,0.012545185125869704,0.7435046656796498,6,25,vax_eff_0.2,vax_eff,0.2
65,A,0.14581641534754972,0.00556520346693462,0.8486183811855149,6,25,vax_eff_0.2,vax_eff,0.2
65,C,0.24290727631529863,0.011215244757707568,0.7458774789269955,6,25,vax_eff_0.2,vax_eff,0.2
66,A,0.14540170433430724,0.004931832501825708,0.8496664631638674,6,25,vax_eff_0.2,vax_eff,0.2
66,C,0.24197934309937952,0.010022092044621027,0.7479985648559991,6,25,vax_eff_0.2,vax_eff,0.2
67,A,0.14503390179011996,0.004370429382341642,0.8505956688275375,6,25,vax_eff_0.2,vax_eff,0.2
67,C,0.24115343737105685,0.008952386112582806,0.7498941765163598,6,25,vax_eff_0.2,vax_eff,0.2
68,A,0.14470772529778236,0.0038729961728807636,0.8514192785293367,6,25,vax_eff_0.2,vax_eff,0.2
68,C,0.2404184594749177,0.007994127167624912,0.7515874133574565,6,25,vax_eff_0.2,vax_eff,0.2
69,A,0.14441850440621312,0.0034324101130693255,0.8521490854807167,6,25,vax_eff_0.2,vax_eff,0.2
69,C,0.2397645460204663,0.007136365856707053,0.7530990881228267,6,25,vax_eff_0.2,vax_eff,0.2
70,A,0.1441620098435549,0.003042205746241509,0.8527957844102035,6,25,vax_eff_0.2,vax_eff,0.2
70,C,0.23918273939917467,0.006369018134624875,0.7544482424661999,6,25,vax_eff_0.2,vax_eff,0.2
71,A,0.14393446213333397,0.0026965846392309483,0.8533689532274359,6,25,vax_eff_0.2,vax_eff,0.2
71,C,0.23866499553506101,0.005682867184990252,0.7556521372799484,6,25,vax_eff_0.2,vax_eff,0.2
72,A,0.1437325365974245,0.0023904209845970682,0.8538770424179779,6,25,vax_eff_0.2,vax_eff,0.2
72,C,0.23820419138265558,0.005069568728073346,0.7567262398892702,6,25,vax_eff_0.2,vax_eff,0.2
73,A,0.14355331701835136,0.0021192000254250313,0.8543274829562235,6,25,vax_eff_0.2,vax_eff,0.2
73,C,0.2377940389631721,0.004521600538127013,0.757684360498702,6,25,vax_eff_0.2,vax_eff,0.2
74,A,0.14339423119242814,0.001878930495809255,0.8547268383117615,6,25,vax_eff_0.2,vax_eff,0.2
74,C,0.23742896337729394,0.004032182652430724,0.7585388539702763,6,25,vax_eff_0.2,vax_eff,0.2
75,A,0.1432529994034303,0.0016660717956930443,0.8550809288008772,6,25,vax_eff_0.2,vax_eff,0.2
75,C,0.23710400213244998,0.003595201911539687,0.7593007959560094,6,25,vax_eff_0.2,vax_eff,0.2
76,A,0.14312759969222252,0.0014774825281927474,0.8553949177795833,6,25,vax_eff_0.2,vax_eff,0.2
76,C,0.2368147349520478,0.003205150909081412,0.7599801141388698,6,25,vax_eff_0.2,vax_eff,0.2
77,A,0.14301624105833294,0.0013103797867823812,0.8556733791548838,6,25,vax_eff_0.2,vax_eff,0.2
77,C,0.23655722900029255,0.0028570761201132827,0.7605856948795946,6,25,vax_eff_0.2,vax_eff,0.2
78,A,0.1429173383232538,0.0011623010633904482,0.8559203606133564,6,25,vax_eff_0.2,vax_eff,0.2
78,C,0.23632798796119603,0.0025465291358810066,0.7611254829029227,6,25,vax_eff_0.2,vax_eff,0.2
79,A,0.14282948797622066,0.0010310676870093967,0.8561394443367705,6,25,vax_eff_0.2,vax_eff,0.2
79,C,0.2361239032545155,0.0022695194186267377,0.761606577326859,6,25,vax_eff_0.2,vax_eff,0.2
80,A,0.14275144639372933,9.147515266574092e-4,0.8563338020796131,6,25,vax_eff_0.2,vax_eff,0.2
80,C,0.2359422096797946,0.002022469699319692,0.7620353206208863,6,25,vax_eff_0.2,vax_eff,0.2
81,A,0.14268211107480472,8.11645861913034e-4,0.8565062430632824,6,25,vax_eff_0.2,vax_eff,0.2
81,C,0.23578044669383313,0.0018021751161818333,0.7624173781899847,6,25,vax_eff_0.2,vax_eff,0.2
82,A,0.1426205044439356,7.202399861437089e-4,0.8566592555699201,6,25,vax_eff_0.2,vax_eff,0.2
82,C,0.2356364246391745,0.001605766207138654,0.7627578091536857,6,25,vax_eff_0.2,vax_eff,0.2
83,A,0.14256575954278417,6.391967557609474e-4,0.8567950437014538,6,25,vax_eff_0.2,vax_eff,0.2
83,C,0.23550819477044777,0.0014306753245612697,0.7630611299049904,6,25,vax_eff_0.2,vax_eff,0.2
84,A,0.14251710778128582,5.673331029039174e-4,0.8569155591158105,6,25,vax_eff_0.2,vax_eff,0.2
84,C,0.23539402355612418,0.001274606502009788,0.7633313699418648,6,25,vax_eff_0.2,vax_eff,0.2
85,A,0.14247386733233466,5.036019024004358e-4,0.857022530765266,6,25,vax_eff_0.2,vax_eff,0.2
85,C,0.23529236815497187,0.0011355074136205252,0.7635721244314073,6,25,vax_eff_0.2,vax_eff,0.2
86,A,0.14243543319437854,4.4707624319200194e-4,0.85711749056243,6,25,vax_eff_0.2,vax_eff,0.2
86,C,0.2352018552870237,0.0010115442337666088,0.763786600479209,6,25,vax_eff_0.2,vax_eff,0.2
87,A,0.1424012684513828,3.969355664140581e-4,0.8572017959822027,6,25,vax_eff_0.2,vax_eff,0.2
87,C,0.23512126254134738,9.010789649659374e-4,0.7639776584936873,6,25,vax_eff_0.2,vax_eff,0.2
88,A,0.142370896566296,3.5245343239108536e-4,0.8572766500013131,6,25,vax_eff_0.2,vax_eff,0.2
88,C,0.23504950181028794,8.026490226450315e-4,0.764147849167067,6,25,vax_eff_0.2,vax_eff,0.2
89,A,0.14234389454362872,3.1298667892314634e-4,0.8573431187774485,6,25,vax_eff_0.2,vax_eff,0.2
89,C,0.234985604523711,7.14948842613742e-4,0.764299446633676,6,25,vax_eff_0.2,vax_eff,0.2
90,A,0.14231988686151217,2.779658142059085e-4,0.857402147324283,6,25,vax_eff_0.2,vax_eff,0.2
90,C,0.23492870848550046,6.368133311932759e-4,0.7644344781833062,6,25,vax_eff_0.2,vax_eff,0.2
91,A,0.1422985403283627,2.4688688434704246e-4,0.85745457278729,6,25,vax_eff_0.2,vax_eff,0.2
91,C,0.23487804666609888,5.672036416993947e-4,0.7645547496922017,6,25,vax_eff_0.2,vax_eff,0.2
92,A,0.14227955926753366,2.1930386788376687e-4,0.8575011368645825,6,25,vax_eff_0.2,vax_eff,0.2
92,C,0.23483293666406574,5.051936726980017e-4,0.7646618696632366,6,25,vax_eff_0.2,vax_eff,0.2
93,A,0.14226268036961187,1.9482055057937697e-4,0.8575424990798093,6,25,vax_eff_0.2,vax_eff,0.2
93,C,0.23479276941165314,4.4995551442473034e-4,0.7647572750739234,6,25,vax_eff_0.2,vax_eff,0.2
94,A,0.14224766935093683,1.730852860987977e-4,0.8575792453629654,6,25,vax_eff_0.2,vax_eff,0.2
94,C,0.23475700176340344,4.007497645986361e-4,0.7648422484720001,6,25,vax_eff_0.2,vax_eff,0.2
95,A,0.14223431852501556,1.5378719848991665e-4,0.8576118942764944,6,25,vax_eff_0.2,vax_eff,0.2
95,C,0.23472515107535427,3.569183521585638e-4,0.7649179305724866,6,25,vax_eff_0.2,vax_eff,0.2
96,A,0.14222244388665153,1.3665160937812804e-4,0.8576409045039693,6,25,vax_eff_0.2,vax_eff,0.2
96,C,0.23469678873364244,3.1787603039640873e-4,0.7649853352359618,6,25,vax_eff_0.2,vax_eff,0.2
97,A,0.14221188193376066,1.2143505584794104e-4,0.8576666830103904,6,25,vax_eff_0.2,vax_eff,0.2
97,C,0.2346715331021738,2.831011208632114e-4,0.7650453657769618,6,25,vax_eff_0.2,vax_eff,0.2
98,A,0.1422024871008377,1.0792128922576867e-4,0.8576895916099359,6,25,vax_eff_0.2,vax_eff,0.2
98,C,0.23464904378061477,2.521279051839905e-4,0.7650988283142003,6,25,vax_eff_0.2,vax_eff,0.2
99,A,0.142194129917196,9.59184277766722e-5,0.857709951655027,6,25,vax_eff_0.2,vax_eff,0.2
99,C,0.2346290174350496,2.245410201286457e-4,0.7651464415448211,6,25,vax_eff_0.2,vax_eff,0.2
100,A,0.14218669541427179,8.525650112669606e-5,0.8577280480846009,6,25,vax_eff_0.2,vax_eff,0.2
100,C,0.23461118418453647,1.9997058472294657e-4,0.7651888452307414,6,25,vax_eff_0.2,vax_eff,0.2
101,A,0.14218008149910796,7.578493665190638e-5,0.8577441335642396,6,25,vax_eff_0.2,vax_eff,0.2
101,C,0.23459530392728167,1.7808727415128713e-4,0.7652266087985672,6,25,vax_eff_0.2,vax_eff,0.2
102,A,0.1421741974055921,6.737016833424493e-5,0.8577584324260724,6,25,vax_eff_0.2,vax_eff,0.2
102,C,0.23458116283853442,1.5859762349858608e-4,0.7652602395379665,6,25,vax_eff_0.2,vax_eff,0.2
103,A,0.142168962391159,5.989363612458401e-5,0.8577711439727163,6,25,vax_eff_0.2,vax_eff,0.2
103,C,0.23456857040263476,1.4124002031953457e-4,0.7652901895770462,6,25,vax_eff_0.2,vax_eff,0.2
104,A,0.14216430465943417,5.3250143092330635e-5,0.8577824451974724,6,25,vax_eff_0.2,vax_eff,0.2
104,C,0.23455735694351668,1.2578134962673877e-4,0.7653168617068582,6,25,vax_eff_0.2,vax_eff,0.2
105,A,0.14216016040040008,4.734639458669676e-5,0.8577924932050135,6,25,vax_eff_0.2,vax_eff,0.2
105,C,0.234547371421636,1.1201399869329118e-4,0.7653406145796711,6,25,vax_eff_0.2,vax_eff,0.2
106,A,0.14215647289522657,4.2099635804804345e-5,0.857801427468969,6,25,vax_eff_0.2,vax_eff,0.2
106,C,0.2345384793806456,9.975306956196925e-5,0.7653617675497922,6,25,vax_eff_0.2,vax_eff,0.2
107,A,0.14215319170505852,3.743641990962215e-5,0.8578093718750321,6,25,vax_eff_0.2,vax_eff,0.2
107,C,0.2345305610830473,8.883384588879124e-5,0.7653806050710638,6,25,vax_eff_0.2,vax_eff,0.2
108,A,0.14215027196638108,3.329154310149327e-5,0.8578164364905178,6,25,vax_eff_0.2,vax_eff,0.2
108,C,0.23452350988346982,7.910957542820827e-5,0.7653973805411011,6,25,vax_eff_0.2,vax_eff,0.2
109,A,0.14214767378014453,2.960712541656036e-5,0.8578227190944397,6,25,vax_eff_0.2,vax_eff,0.2
109,C,0.23451723081278655,7.044953470739811e-5,0.765412319652507,6,25,vax_eff_0.2,vax_eff,0.2
110,A,0.14214536166708638,2.6331792878232222e-5,0.8578283065400357,6,25,vax_eff_0.2,vax_eff,0.2
110,C,0.23451163931367774,6.273729980102925e-5,0.7654256233865208,6,25,vax_eff_0.2,vax_eff,0.2
111,A,0.14214330407521011,2.341993901716712e-5,0.8578332759857729,6,25,vax_eff_0.2,vax_eff,0.2
111,C,0.23450666009642543,5.586918186068377e-5,0.765437470721714,6,25,vax_eff_0.2,vax_eff,0.2
112,A,0.14214147293970167,2.083106671343106e-5,0.8578376959935862,6,25,vax_eff_0.2,vax_eff,0.2
112,C,0.23450222611450508,4.975282539312218e-5,0.7654480210601022,6,25,vax_eff_0.2,vax_eff,0.2
113,A,0.14213984329535934,1.852921061590879e-5,0.8578416274940256,6,25,vax_eff_0.2,vax_eff,0.2
113,C,0.23449827765968184,4.430596810546372e-5,0.7654574163722125,6,25,vax_eff_0.2,vax_eff,0.2
114,A,0.14213839293490219,1.648242953848863e-5,0.8578451246355587,6,25,vax_eff_0.2,vax_eff,0.2
114,C,0.23449476156215004,3.9455343412178015e-5,0.7654657830944375,6,25,vax_eff_0.2,vax_eff,0.2
115,A,0.14213710210461497,1.4662355322077137e-5,0.8578482355400628,6,25,vax_eff_0.2,vax_eff,0.2
115,C,0.23449163047698973,3.513570103904336e-5,0.7654732338219702,6,25,vax_eff_0.2,vax_eff,0.2
116,A,0.14213595323213907,1.3043790137320898e-5,0.857851002977723,6,25,vax_eff_0.2,vax_eff,0.2
116,C,0.23448884224520697,3.128892987346649e-5,0.7654798688249197,6,25,vax_eff_0.2,vax_eff,0.2
117,A,0.14213493068418534,1.1604348895237451e-5,0.8578534649669188,6,25,vax_eff_0.2,vax_eff,0.2
117,C,0.23448635932398595,2.786327541273495e-5,0.7654857774005999,6,25,vax_eff_0.2,vax_eff,0.2
118,A,0.14213402055190447,1.0324143331762171e-5,0.857855655304764,6,25,vax_eff_0.2,vax_eff,0.2
118,C,0.23448414828090122,2.4812644525240862e-5,0.7654910390745734,6,25,vax_eff_0.2,vax_eff,0.2
119,A,0.14213321046056093,9.185502571030635e-6,0.8578576040368667,6,25,vax_eff_0.2,vax_eff,0.2
119,C,0.23448217934456833,2.2095987469454192e-5,0.7654957246679625,6,25,vax_eff_0.2,vax_eff,0.2
120,A,0.14213248940013484,8.172724932509537e-6,0.8578593378749331,6,25,vax_eff_0.2,vax_eff,0.2
120,C,0.23448042600415922,1.9676746971230996e-5,0.7654998972488686,6,25,vax_eff_0.2,vax_eff,0.2
121,A,0.14213184757437936,7.2718572087938e-6,0.857860880568412,6,25,vax_eff_0.2,vax_eff,0.2
121,C,0.23447886465208573,1.7522366600471615e-5,0.7655036129813149,6,25,vax_eff_0.2,vax_eff,0.2
122,A,0.1421312762665786,6.470498762713279e-6,0.8578622532346588,6,25,vax_eff_0.2,vax_eff,0.2
122,C,0.23447747426572535,1.560385272202555e-5,0.7655069218815523,6,25,vax_eff_0.2,vax_eff,0.2
123,A,0.14213076772033087,5.757627933167074e-6,0.8578634746517361,6,25,vax_eff_0.2,vax_eff,0.2
123,C,0.23447623612433444,1.389538471819524e-5,0.7655098684909479,6,25,vax_eff_0.2,vax_eff,0.2
124,A,0.14213031503361187,5.1234481012553294e-6,0.8578645615182855,6,25,vax_eff_0.2,vax_eff,0.2
124,C,0.2344751335571339,1.2373968060977491e-5,0.765512492474805,6,25,vax_eff_0.2,vax_eff,0.2
125,A,0.142129912064521,4.559250975819879e-6,0.857865528684503,6,25,vax_eff_0.2,vax_eff,0.2
125,C,0.23447415171890232,1.1019125198961378e-5,0.7655148291558989,6,25,vax_eff_0.2,vax_eff,0.2
126,A,0.14212955334738953,4.057295127207018e-6,0.8578663893574838,6,25,vax_eff_0.2,vax_eff,0.2
126,C,0.2344732773900119,9.812620077148585e-6,0.7655169099899094,6,25,vax_eff_0.2,vax_eff,0.2
127,A,0.1421292340181699,3.610698145216192e-6,0.857867155283686,6,25,vax_eff_0.2,vax_eff,0.2
127,C,0.23447249879835652,8.738212770892898e-6,0.765518762988871,6,25,vax_eff_0.2,vax_eff,0.2
128,A,0.14212894974810242,3.2133409364067216e-6,0.8578678369109611,6,25,vax_eff_0.2,vax_eff,0.2
128,C,0.23447180546084645,7.781441039451e-6,0.7655204130981134,6,25,vax_eff_0.2,vax_eff,0.2
129,A,0.14212869668472547,2.85978276074808e-6,0.8578684435325139,6,25,vax_eff_0.2,vax_eff,0.2
129,C,0.2344711880422887,6.929425815349142e-6,0.7655218825318953,6,25,vax_eff_0.2,vax_eff,0.2
130,A,0.142128471399392,2.54518575674618e-6,0.85786898341485,6,25,vax_eff_0.2,vax_eff,0.2
130,C,0.23447063822970407,6.170697946641177e-6,0.7655231910723495,6,25,vax_eff_0.2,vax_eff,0.2
131,A,0.14212827084056961,2.2652478861368655e-6,0.8578694639115448,6,25,vax_eff_0.2,vax_eff,0.2
131,C,0.23447014862038004,5.495043863071432e-6,0.7655243563357574,6,25,vax_eff_0.2,vax_eff,0.2
132,A,0.142128092292298,2.0161433720021543e-6,0.8578698915643299,6,25,vax_eff_0.2,vax_eff,0.2
132,C,0.23446971262218533,4.8933681294277876e-6,0.7655253940096857,6,25,vax_eff_0.2,vax_eff,0.2
133,A,0.1421279333372353,1.794469797068271e-6,0.8578702721929679,6,25,vax_eff_0.2,vax_eff,0.2
133,C,0.23446932436481077,4.357571055725004e-6,0.7655263180641344,6,25,vax_eff_0.2,vax_eff,0.2
134,A,0.1421277918237852,1.59720110717896e-6,0.8578706109751069,6,25,vax_eff_0.2,vax_eff,0.2
134,C,0.2344689786207388,3.8804397074377274e-6,0.7655271409395525,6,25,vax_eff_0.2,vax_eff,0.2
135,A,0.14212766583684658,1.421645850018391e-6,0.8578709125173035,6,25,vax_eff_0.2,vax_eff,0.2
135,C,0.2344686707348596,3.455550837480662e-6,0.7655278737143044,6,25,vax_eff_0.2,vax_eff,0.2
136,A,0.14212755367178462,1.265410063030977e-6,0.857871180918152,6,25,vax_eff_0.2,vax_eff,0.2
136,C,0.23446839656178617,3.077184435804118e-6,0.7655285262537782,6,25,vax_eff_0.2,vax_eff,0.2
137,A,0.14212745381127506,1.1263642940933157e-6,0.8578714198244306,6,25,vax_eff_0.2,vax_eff,0.2
137,C,0.2344681524100456,2.740246741550848e-6,0.7655291073432124,6,25,vax_eff_0.2,vax_eff,0.2
138,A,0.142127364904696,1.0026142938809202e-6,0.8578716324810098,6,25,vax_eff_0.2,vax_eff,0.2
138,C,0.23446793499236995,2.4402016851574325e-6,0.765529624805946,6,25,vax_eff_0.2,vax_eff,0.2
139,A,0.14212728574979624,8.924749678223563e-7,0.8578718217752358,6,25,vax_eff_0.2,vax_eff,0.2
139,C,0.23446774138144072,2.1730098357223133e-6,0.7655300856087246,6,25,vax_eff_0.2,vax_eff,0.2
140,A,0.14212721527637742,7.944472221179976e-7,0.8578719902764003,6,25,vax_eff_0.2,vax_eff,0.2
140,C,0.23446756897047433,1.9350740300129506e-6,0.765530495955495,6,25,vax_eff_0.2,vax_eff,0.2
141,A,0.14212715253177682,7.071973810017822e-7,0.8578721402708431,6,25,vax_eff_0.2,vax_eff,0.2
141,C,0.2344674154381262,1.7231909521156415e-6,0.7655308613709214,6,25,vax_eff_0.2,vax_eff,0.2
142,A,0.1421270966679438,6.295388892268057e-7,0.8578722737931672,6,25,vax_eff_0.2,vax_eff,0.2
142,C,0.2344672787172309,1.5345080137857559e-6,0.7655311867747551,6,25,vax_eff_0.2,vax_eff,0.2
143,A,0.14212704692994427,5.60416045226311e-7,0.8578723926540106,6,25,vax_eff_0.2,vax_eff,0.2
143,C,0.23446715696697298,1.3664849557882771e-6,0.7655314765480711,6,25,vax_eff_0.2,vax_eff,0.2
144,A,0.14212700264572586,4.988895383923794e-7,0.8578724984647362,6,25,vax_eff_0.2,vax_eff,0.2
144,C,0.23446704854810319,1.216859653065724e-6,0.7655317345922431,6,25,vax_eff_0.2,vax_eff,0.2
145,A,0.14212696321701157,4.441235893312516e-7,0.8578725926593982,6,25,vax_eff_0.2,vax_eff,0.2
145,C,0.23446695200086481,1.0836176630660185e-6,0.7655319643814721,6,25,vax_eff_0.2,vax_eff,0.2
146,A,0.14212692811119443,3.9537451483318564e-7,0.8578726765142907,6,25,vax_eff_0.2,vax_eff,0.2
146,C,0.23446686602534214,9.649651076591056e-7,0.7655321690095506,6,25,vax_eff_0.2,vax_eff,0.2
147,A,0.14212689685412228,3.5198055929526777e-7,0.8578727511653185,6,25,vax_eff_0.2,vax_eff,0.2
147,C,0.23446678946395616,8.593045239890856e-7,0.7655323512315214,6,25,vax_eff_0.2,vax_eff,0.2
148,A,0.1421268690236791,3.1335285188077615e-7,0.8578728176234687,6,25,vax_eff_0.2,vax_eff,0.2
148,C,0.23446672128588017,7.652133593282402e-7,0.7655325135007605,6,25,vax_eff_0.2,vax_eff,0.2
149,A,0.14212684424406943,2.789673642989763e-7,0.8578728767885664,6,25,vax_eff_0.2,vax_eff,0.2
149,C,0.23446666057316037,6.814248203795455e-7,0.7655326580020181,6,25,vax_eff_0.2,vax_eff,0.2
150,A,0.1421268221807311,2.4835775807746413e-7,0.8578729294615104,6,25,vax_eff_0.2,vax_eff,0.2
150,C,0.234466606508358,6.068108192023821e-7,0.7655327866808235,6,25,vax_eff_0.2,vax_eff,0.2
151,A,0.14212680253580928,2.2110902265720114e-7,0.8578729763551685,6,25,vax_eff_0.2,vax_eff,0.2
151,C,0.23446655836353977,5.403667862643768e-7,0.7655329012696742,6,25,vax_eff_0.2,vax_eff,0.2
152,A,0.14212678504412599,1.9685181664361628e-7,0.8578730181040567,6,25,vax_eff_0.2,vax_eff,0.2
152,C,0.23446651549048073,4.81198146267479e-7,0.7655330033113723,6,25,vax_eff_0.2,vax_eff,0.2
153,A,0.14212676946959224,1.7525743427420193e-7,0.8578730552729726,6,25,vax_eff_0.2,vax_eff,0.2
153,C,0.2344664773119348,4.285082747183624e-7,0.7655330941797898,6,25,vax_eff_0.2,vax_eff,0.2
154,A,0.14212675560201657,1.5603332781581965e-7,0.8578730883646557,6,25,vax_eff_0.2,vax_eff,0.2
154,C,0.23446644331386357,3.815877731069729e-7,0.7655331750983628,6,25,vax_eff_0.2,vax_eff,0.2
155,A,0.14212674325426133,1.3891912431903732e-7,0.8578731178266144,6,25,vax_eff_0.2,vax_eff,0.2
155,C,0.23446641303851365,3.3980491831669054e-7,0.765533247156569,6,25,vax_eff_0.2,vax_eff,0.2
156,A,0.1421267322597138,1.236830820127802e-7,0.8578731440572047,6,25,vax_eff_0.2,vax_eff,0.2
156,C,0.2344663860782547,3.0259715771552444e-07,0.765533311324587,6,25,vax_eff_0.2,vax_eff,0.2
157,A,0.14212672247003275,1.1011893769979286e-7,0.8578731674110298,6,25,vax_eff_0.2,vax_eff,0.2
157,C,0.23446636207009086,2.694635354533028e-7,0.7655333684663735,6,25,vax_eff_0.2,vax_eff,0.2
158,A,0.14212671375314515,9.804310190592438e-8,0.8578731882037536,6,25,vax_eff_0.2,vax_eff,0.2
158,C,0.2344663406907746,2.399579480121535e-7,0.765533419351276,6,25,vax_eff_0.2,vax_eff,0.2
159,A,0.14212670599145924,8.729216333186561e-8,0.8578732067163768,6,25,vax_eff_0.2,vax_eff,0.2
159,C,0.23446632165245238,2.1368313821366503e-7,0.7655334646644093,6,25,vax_eff_0.2,vax_eff,0.2
160,A,0.14212669908027903,7.772066842231886e-8,0.8578732231990522,6,25,vax_eff_0.2,vax_eff,0.2
160,C,0.23446630469879068,1.9028534682911322e-7,0.7655335050158629,6,25,vax_eff_0.2,vax_eff,0.2
161,A,0.14212669292638538,6.919914565881302e-8,0.8578732378744689,6,25,vax_eff_0.2,vax_eff,0.2
161,C,0.23446628960152177,1.6944954979488002e-7,0.7655335409489271,6,25,vax_eff_0.2,vax_eff,0.2
162,A,0.14212668744678095,6.161234693263274e-8,0.8578732509408721,6,25,vax_eff_0.2,vax_eff,0.2
162,C,0.23446627615737528,1.508952154292082e-7,0.7655335729474096,6,25,vax_eff_0.2,vax_eff,0.2
163,A,0.14212668256756858,5.4857687738934566e-8,0.8578732625747432,6,25,vax_eff_0.2,vax_eff,0.2
163,C,0.23446626418534158,1.3437253836328438e-7,0.76553360144212,6,25,vax_eff_0.2,vax_eff,0.2
164,A,0.14212667822291844,4.884380130054172e-8,0.8578732729332801,6,25,vax_eff_0.2,vax_eff,0.2
164,C,0.2344662535241472,1.1965894631159694e-7,0.7655336268169056,6,25,vax_eff_0.2,vax_eff,0.2
165,A,0.142126674354208,4.348934447275089e-8,0.8578732821564471,6,25,vax_eff_0.2,vax_eff,0.2
165,C,0.23446624403015817,1.0655621315423642e-7,0.7655336494136286,6,25,vax_eff_0.2,vax_eff,0.2
166,A,0.1421266709093029,3.872199160793858e-8,0.8578732903687053,6,25,vax_eff_0.2,vax_eff,0.2
166,C,0.2344662355756185,9.488802407286718e-8,0.7655336695363587,6,25,vax_eff_0.2,vax_eff,0.2
167,A,0.1421266678418086,3.447739342195237e-8,0.8578732976807985,6,25,vax_eff_0.2,vax_eff,0.2
167,C,0.2344662280468223,8.449745543715867e-8,0.7655336874557221,6,25,vax_eff_0.2,vax_eff,0.2
168,A,0.14212666511042493,3.0698278349237955e-8,0.857873304191297,6,25,vax_eff_0.2,vax_eff,0.2
168,C,0.23446622134253828,7.52447985019337e-8,0.7655337034126631,6,25,vax_eff_0.2,vax_eff,0.2
169,A,0.1421266626783792,2.7333662633653364e-8,0.8578733099879586,6,25,vax_eff_0.2,vax_eff,0.2
169,C,0.23446621537262208,6.700564489642262e-8,0.7655337176217348,6,25,vax_eff_0.2,vax_eff,0.2
170,A,0.1421266605128346,2.4338027320201577e-8,0.8578733151491383,6,25,vax_eff_0.2,vax_eff,0.2
170,C,0.23446621005656823,5.966889092261083e-8,0.7655337302745403,6,25,vax_eff_0.2,vax_eff,0.2
171,A,0.1421266585845049,2.1670781974172542e-8,0.8578733197447126,6,25,vax_eff_0.2,vax_eff,0.2
171,C,0.23446620532256998,5.3135435375180494e-8,0.7655337415419949,6,25,vax_eff_0.2,vax_eff,0.2
172,A,0.14212665686736833,1.9295866376413537e-8,0.8578733238367648,6,25,vax_eff_0.2,vax_eff,0.2
172,C,0.23446620110681493,4.7317211617518144e-8,0.7655337515759729,6,25,vax_eff_0.2,vax_eff,0.2
173,A,0.14212665533831687,1.7181265256033954e-8,0.8578733274804171,6,25,vax_eff_0.2,vax_eff,0.2
173,C,0.23446619735263358,4.213600918091717e-8,0.7655337605113578,6,25,vax_eff_0.2,vax_eff,0.2
174,A,0.14212665397677587,1.5298476607161944e-8,0.8578733307247477,6,25,vax_eff_0.2,vax_eff,0.2
174,C,0.2344661940095615,3.75221827284974e-8,0.7655337684682565,6,25,vax_eff_0.2,vax_eff,0.2
175,A,0.14212665276438302,1.3622067247622546e-8,0.8578733336135496,6,25,vax_eff_0.2,vax_eff,0.2
175,C,0.23446619103255814,3.341357187548807e-8,0.7655337755538687,6,25,vax_eff_0.2,vax_eff,0.2
176,A,0.14212665168477565,1.2129376594713717e-8,0.8578733361858486,6,25,vax_eff_0.2,vax_eff,0.2
176,C,0.2344661883814847,2.97547801702263e-8,0.7655337818637352,6,25,vax_eff_0.2,vax_eff,0.2
177,A,0.1421266507234073,1.0800261641691631e-8,0.857873338476331,6,25,vax_eff_0.2,vax_eff,0.2
177,C,0.23446618602065233,2.6496554090900263e-8,0.7655337874827929,6,25,vax_eff_0.2,vax_eff,0.2
178,A,0.1421266498673331,9.616801016797309e-9,0.857873340515866,6,25,vax_eff_0.2,vax_eff,0.2
178,C,0.23446618391830246,2.3595062662234036e-8,0.7655337924866346,6,25,vax_eff_0.2,vax_eff,0.2
179,A,0.14212664910506495,8.56309055995783e-9,0.8578733423318445,6,25,vax_eff_0.2,vax_eff,0.2
179,C,0.2344661820462446,2.101140039293478e-8,0.7655337969423563,6,25,vax_eff_0.2,vax_eff,0.2
180,A,0.14212664842639977,7.625007823490627e-9,0.8578733439485933,6,25,vax_eff_0.2,vax_eff,0.2
180,C,0.23446618037944136,1.8711013463569418e-8,0.7655338009095459,6,25,vax_eff_0.2,vax_eff,0.2
181,A,0.14212664782217746,6.789875390023513e-9,0.8578733453879468,6,25,vax_eff_0.2,vax_eff,0.2
181,C,0.23446617889541424,1.6662878269692133e-8,0.7655338044417078,6,25,vax_eff_0.2,vax_eff,0.2
182,A,0.14212664728397023,6.046029844684769e-9,0.8578733466699995,6,25,vax_eff_0.2,vax_eff,0.2
182,C,0.23446617757347815,1.4838448005061395e-8,0.7655338075880735,6,25,vax_eff_0.2,vax_eff,0.2
183,A,0.1421266468044664,5.383354119704942e-9,0.85787334781218,6,25,vax_eff_0.2,vax_eff,0.2
183,C,0.23446617639568845,1.3212955499361337e-8,0.7655338103913569,6,25,vax_eff_0.2,vax_eff,0.2
184,A,0.14212664637636352,4.791745181958264e-9,0.8578733488318911,6,25,vax_eff_0.2,vax_eff,0.2
184,C,0.23446617534411995,1.1761664003037416e-8,0.7655338128942153,6,25,vax_eff_0.2,vax_eff,0.2
185,A,0.14212664598851718,4.255791633990325e-9,0.8578733497556915,6,25,vax_eff_0.2,vax_eff,0.2
185,C,0.23446617439140946,1.0446807931462667e-8,0.7655338151617821,6,25,vax_eff_0.2,vax_eff,0.2
186,A,0.14212664566825614,3.813269322334137e-9,0.8578733505184748,6,25,vax_eff_0.2,vax_eff,0.2
186,C,0.2344661736046759,9.36102005532293e-9,0.765533817034303,6,25,vax_eff_0.2,vax_eff,0.2
187,A,0.1421266453813322,3.4168275698929266e-9,0.8578733512018396,6,25,vax_eff_0.2,vax_eff,0.2
187,C,0.23446617289981872,8.388230988058436e-9,0.7655338187119489,6,25,vax_eff_0.2,vax_eff,0.2
188,A,0.1421266451242316,3.0616067502671354e-9,0.8578733518141612,6,25,vax_eff_0.2,vax_eff,0.2
188,C,0.23446617226821048,7.516533239995432e-9,0.7655338202152567,6,25,vax_eff_0.2,vax_eff,0.2
189,A,0.14212664489385432,2.743320095754842e-9,0.857873352362826,6,25,vax_eff_0.2,vax_eff,0.2
189,C,0.23446617170223763,6.735421507228259e-9,0.7655338215623411,6,25,vax_eff_0.2,vax_eff,0.2
190,A,0.1421266446874223,2.45812673936823e-9,0.8578733528544505,6,25,vax_eff_0.2,vax_eff,0.2
190,C,0.23446617119508056,6.0354821845828016e-9,0.7655338227694377,6,25,vax_eff_0.2,vax_eff,0.2
191,A,0.14212664450244691,2.2025853197899406e-9,0.8578733532949688,6,25,vax_eff_0.2,vax_eff,0.2
191,C,0.23446617074062642,5.408279917793883e-9,0.7655338238510939,6,25,vax_eff_0.2,vax_eff,0.2
192,A,0.14212664433669708,1.9736124154506135e-9,0.8578733536896896,6,25,vax_eff_0.2,vax_eff,0.2
192,C,0.23446617033339937,4.846255944976665e-9,0.765533824820343,6,25,vax_eff_0.2,vax_eff,0.2
193,A,0.14212664418817533,1.7684453048325703e-9,0.8578733540433805,6,25,vax_eff_0.2,vax_eff,0.2
193,C,0.23446616996849076,4.342637002293036e-9,0.7655338256888705,6,25,vax_eff_0.2,vax_eff,0.2
194,A,0.14212664405509032,1.5846086025088695e-9,0.8578733543603021,6,25,vax_eff_0.2,vax_eff,0.2
194,C,0.23446616964150374,3.8913536960018285e-9,0.7655338264671425,6,25,vax_eff_0.2,vax_eff,0.2
195,A,0.1421266439358375,1.4198843673658072e-9,0.8578733546442769,6,25,vax_eff_0.2,vax_eff,0.2
195,C,0.23446616934849634,3.4869673571633365e-9,0.7655338271645359,6,25,vax_eff_0.2,vax_eff,0.2
196,A,0.1421266438289794,1.2722853215003189e-9,0.8578733548987343,6,25,vax_eff_0.2,vax_eff,0.2
196,C,0.23446616908593843,3.1246044974962975e-9,0.7655338277894581,6,25,vax_eff_0.2,vax_eff,0.2
197,A,0.14212664373322786,1.1400308559441647e-9,0.8578733551267416,6,25,vax_eff_0.2,vax_eff,0.2
197,C,0.23446616885066532,2.7998980764882295e-9,0.765533828349438,6,25,vax_eff_0.2,vax_eff,0.2
198,A,0.14212664364742794,1.0215255331006146e-9,0.8578733553310453,6,25,vax_eff_0.2,vax_eff,0.2
198,C,0.23446616863984152,2.5089348719456454e-9,0.7655338288512239,6,25,vax_eff_0.2,vax_eff,0.2
199,A,0.14212664357054602,9.153398259970299e-10,0.857873355514115,6,25,vax_eff_0.2,vax_eff,0.2
199,C,0.2344661684509264,2.248208319724545e-9,0.7655338293008642,6,25,vax_eff_0.2,vax_eff,0.2
200,A,0.14212664350165405,8.201928615244848e-10,0.8578733556781523,6,25,vax_eff_0.2,vax_eff,0.2
200,C,0.23446616828164366,2.0145762542928345e-9,0.7655338297037807,6,25,vax_eff_0.2,vax_eff,0.2
201,A,0.14212664343992273,7.349369590828733e-10,0.8578733558251406,6,25,vax_eff_0.2,vax_eff,0.2
201,C,0.2344661681299518,1.805223040837884e-9,0.7655338300648243,6,25,vax_eff_0.2,vax_eff,0.2
202,A,0.14212664338460693,6.585437777698973e-10,0.8578733559568484,6,25,vax_eff_0.2,vax_eff,0.2
202,C,0.2344661679940242,1.6176256425567482e-9,0.7655338303883509,6,25,vax_eff_0.2,vax_eff,0.2
203,A,0.14212664333504074,5.900919047096697e-10,0.8578733560748678,6,25,vax_eff_0.2,vax_eff,0.2
203,C,0.23446616787222163,1.4495232141905814e-9,0.7655338306782541,6,25,vax_eff_0.2,vax_eff,0.2
204,A,0.14212664329062566,5.287557345463181e-10,0.8578733561806189,6,25,vax_eff_0.2,vax_eff,0.2
204,C,0.23446616776307724,1.2988898553613023e-9,0.7655338309380322,6,25,vax_eff_0.2,vax_eff,0.2
205,A,0.14212664325082666,4.737955057421721e-10,0.8578733562753781,6,25,vax_eff_0.2,vax_eff,0.2
205,C,0.23446616766527462,1.1639101953482857e-9,0.7655338311708147,6,25,vax_eff_0.2,vax_eff,0.2
206,A,0.14212664321516416,4.2454837341777047e-10,0.8578733563602873,6,25,vax_eff_0.2,vax_eff,0.2
206,C,0.23446616757763636,1.0429575145388936e-9,0.7655338313794076,6,25,vax_eff_0.2,vax_eff,0.2
207,A,0.14212664318320825,3.804204104375364e-10,0.8578733564363722,6,25,vax_eff_0.2,vax_eff,0.2
207,C,0.23446616749910465,9.345741410196734e-10,0.7655338315663217,6,25,vax_eff_0.2,vax_eff,0.2
208,A,0.1421266431545733,3.408794406796737e-10,0.8578733565045481,6,25,vax_eff_0.2,vax_eff,0.2
208,C,0.23446616742873438,8.374538835181516e-10,0.7655338317338121,6,25,vax_eff_0.2,vax_eff,0.2
209,A,0.14212664312891418,3.0544861805436963e-10,0.857873356565637,6,25,vax_eff_0.2,vax_eff,0.2
209,C,0.23446616736567633,7.504262883073041e-10,0.7655338318838966,6,25,vax_eff_0.2,vax_eff,0.2
210,A,0.14212664310592202,2.7370067289628186e-10,0.8578733566203767,6,25,vax_eff_0.2,vax_eff,0.2
210,C,0.2344661673091719,6.72442534171986e-10,0.7655338320183861,6,25,vax_eff_0.2,vax_eff,0.2
211,A,0.1421266430853193,2.452527569097583e-10,0.8578733566694279,6,25,vax_eff_0.2,vax_eff,0.2
211,C,0.23446616725853886,6.025627924764067e-10,0.765533832138898,6,25,vax_eff_0.2,vax_eff,0.2
212,A,0.14212664306685807,2.197618242452191e-10,0.8578733567133796,6,25,vax_eff_0.2,vax_eff,0.2
212,C,0.2344661672131679,5.399449007597356e-10,0.765533832246888,6,25,vax_eff_0.2,vax_eff,0.2
213,A,0.14212664305031517,1.9692049293515338e-10,0.857873356752764,6,25,vax_eff_0.2,vax_eff,0.2
213,C,0.23446616717251131,4.83834213359624e-10,0.7655338323436529,6,25,vax_eff_0.2,vax_eff,0.2
214,A,0.14212664303549166,1.7645333672167792e-10,0.8578733567880555,6,25,vax_eff_0.2,vax_eff,0.2
214,C,0.23446616713608054,4.3355450674829847e-10,0.7655338324303653,6,25,vax_eff_0.2,vax_eff,0.2
215,A,0.14212664302220868,1.5811356250696438e-10,0.8578733568196771,6,25,vax_eff_0.2,vax_eff,0.2
215,C,0.2344661671034347,3.884998299767347e-10,0.7655338325080636,6,25,vax_eff_0.2,vax_eff,0.2
216,A,0.14212664301030636,1.4168003331595002e-10,0.8578733568480125,6,25,vax_eff_0.2,vax_eff,0.2
216,C,0.23446616707418202,3.48127202012393e-10,0.7655338325776908,6,25,vax_eff_0.2,vax_eff,0.2
217,A,0.14212664299964092,1.2695460083403182e-10,0.8578733568734045,6,25,vax_eff_0.2,vax_eff,0.2
217,C,0.2344661670479692,3.119500679622845e-10,0.7655338326400799,6,25,vax_eff_0.2,vax_eff,0.2
218,A,0.14212664299008376,1.1375971532134328e-10,0.8578733568961567,6,25,vax_eff_0.2,vax_eff,0.2
218,C,0.23446616702448042,2.795324353188626e-10,0.7655338326959868,6,25,vax_eff_0.2,vax_eff,0.2
219,A,0.14212664298152017,1.0193628405499528e-10,0.857873356916544,6,25,vax_eff_0.2,vax_eff,0.2
219,C,0.23446616700343306,2.5048361956152525e-10,0.7655338327460851,6,25,vax_eff_0.2,vax_eff,0.2
220,A,0.1421266429738462,9.134175245181867e-11,0.857873356934812,6,25,vax_eff_0.2,vax_eff,0.2
220,C,0.23446616698457198,2.244535357901386e-10,0.7655338327909739,6,25,vax_eff_0.2,vax_eff,0.2
221,A,0.14212664296696978,8.184838471300084e-11,0.857873356951182,6,25,vax_eff_0.2,vax_eff,0.2
221,C,0.23446616696767122,2.0112847964754016e-10,0.7655338328312,6,25,vax_eff_0.2,vax_eff,0.2
222,A,0.14212664296080804,7.334172324103832e-11,0.8578733569658503,6,25,vax_eff_0.2,vax_eff,0.2
222,C,0.2344661669525272,1.8022734668460498e-10,0.7655338328672453,6,25,vax_eff_0.2,vax_eff,0.2
223,A,0.1421266429552869,6.571920823780941e-11,0.8578733569789952,6,25,vax_eff_0.2,vax_eff,0.2
223,C,0.23446616693895656,1.614982446053922e-10,0.7655338328995447,6,25,vax_eff_0.2,vax_eff,0.2
224,A,0.14212664295033922,5.888894082635271e-11,0.8578733569907713,6,25,vax_eff_0.2,vax_eff,0.2
224,C,0.2344661669267961,1.447154575646735e-10,0.7655338329284885,6,25,vax_eff_0.2,vax_eff,0.2
225,A,0.14212664294590582,5.276857477152681e-11,0.8578733570013252,6,25,vax_eff_0.2,vax_eff,0.2
225,C,0.23446616691589972,1.296767259329103e-10,0.7655338329544237,6,25,vax_eff_0.2,vax_eff,0.2
226,A,0.1421266429419332,4.728432341592233e-11,0.8578733570107815,6,25,vax_eff_0.2,vax_eff,0.2
226,C,0.23446616690613556,1.1620080872685022e-10,0.7655338329776636,6,25,vax_eff_0.2,vax_eff,0.2
227,A,0.14212664293837354,4.237006989422123e-11,0.8578733570192566,6,25,vax_eff_0.2,vax_eff,0.2
227,C,0.23446616689738614,1.0412529940516956e-10,0.7655338329984904,6,25,vax_eff_0.2,vax_eff,0.2
228,A,0.14212664293518393,3.796656983743319e-11,0.8578733570268507,6,25,vax_eff_0.2,vax_eff,0.2
228,C,0.23446616688954558,9.330466861603414e-11,0.7655338330171503,6,25,vax_eff_0.2,vax_eff,0.2
229,A,0.14212664293232546,3.402073693342482e-11,0.8578733570336533,6,25,vax_eff_0.2,vax_eff,0.2
229,C,0.23446616688251973,8.360851028416596e-11,0.7655338330338707,6,25,vax_eff_0.2,vax_eff,0.2
230,A,0.14212664292976407,3.04850028052098e-11,0.8578733570397503,6,25,vax_eff_0.2,vax_eff,0.2
230,C,0.23446616687622396,7.491997003592573e-11,0.7655338330488543,6,25,vax_eff_0.2,vax_eff,0.2
231,A,0.1421266429274692,2.7316743422519242e-11,0.8578733570452148,6,25,vax_eff_0.2,vax_eff,0.2
231,C,0.23446616687058341,6.713433691717508e-11,0.7655338330622823,6,25,vax_eff_0.2,vax_eff,0.2
232,A,0.14212664292541238,2.4477765143124265e-11,0.8578733570501096,6,25,vax_eff_0.2,vax_eff,0.2
232,C,0.23446616686552835,6.015778145863193e-11,0.7655338330743147,6,25,vax_eff_0.2,vax_eff,0.2
233,A,0.14212664292356972,2.1933844184129598e-11,0.8578733570544962,6,25,vax_eff_0.2,vax_eff,0.2
233,C,0.2344661668609983,5.3906224880424454e-11,0.7655338330850947,6,25,vax_eff_0.2,vax_eff,0.2
234,A,0.14212664292191846,1.9654313968155217e-11,0.8578733570584274,6,25,vax_eff_0.2,vax_eff,0.2
234,C,0.23446616685693988,4.830432580797123e-11,0.7655338330947561,6,25,vax_eff_0.2,vax_eff,0.2
235,A,0.1421266429204388,1.7611695366967128e-11,0.8578733570619508,6,25,vax_eff_0.2,vax_eff,0.2
235,C,0.23446616685330227,4.3284572287517726e-11,0.7655338331034127,6,25,vax_eff_0.2,vax_eff,0.2
236,A,0.14212664291911264,1.5781365382683587e-11,0.8578733570651063,6,25,vax_eff_0.2,vax_eff,0.2
236,C,0.234466166850043,3.8786468158682716e-11,0.7655338331111703,6,25,vax_eff_0.2,vax_eff,0.2
237,A,0.1421266429179244,1.4141260270421682e-11,0.8578733570679342,6,25,vax_eff_0.2,vax_eff,0.2
237,C,0.234466166847123,3.4755803978513324e-11,0.7655338331181217,6,25,vax_eff_0.2,vax_eff,0.2
238,A,0.14212664291685997,1.2671609521758997e-11,0.8578733570704687,6,25,vax_eff_0.2,vax_eff,0.2
238,C,0.23446616684450564,3.114400371053131e-11,0.7655338331243504,6,25,vax_eff_0.2,vax_eff,0.2
239,A,0.1421266429159059,1.1354697500684575e-11,0.8578733570727399,6,25,vax_eff_0.2,vax_eff,0.2
239,C,0.23446616684216093,2.7907539305336538e-11,0.7655338331299323,6,25,vax_eff_0.2,vax_eff,0.2
240,A,0.14212664291505103,1.0174649857294535e-11,0.8578733570747751,6,25,vax_eff_0.2,vax_eff,0.2
240,C,0.23446616684005922,2.500740611753369e-11,0.7655338331349331,6,25,vax_eff_0.2,vax_eff,0.2
241,A,0.14212664291428495,9.117242143381569e-12,0.8578733570765975,6,25,vax_eff_0.2,vax_eff,0.2
241,C,0.23446616683817648,2.2408652836924132e-11,0.7655338331394158,6,25,vax_eff_0.2,vax_eff,0.2
242,A,0.14212664291359847,8.169728321878224e-12,0.8578733570782315,6,25,vax_eff_0.2,vax_eff,0.2
242,C,0.2344661668364891,2.0079960268883265e-11,0.7655338331434312,6,25,vax_eff_0.2,vax_eff,0.2
243,A,0.14212664291298355,7.320687102077775e-12,0.8578733570796964,6,25,vax_eff_0.2,vax_eff,0.2
243,C,0.23446616683497706,1.7993263887558907e-11,0.7655338331470292,6,25,vax_eff_0.2,vax_eff,0.2
244,A,0.14212664291243238,6.5598842475663964e-12,0.857873357081008,6,25,vax_eff_0.2,vax_eff,0.2
244,C,0.2344661668336221,1.6123415613052147e-11,0.7655338331502537,6,25,vax_eff_0.2,vax_eff,0.2
245,A,0.14212664291193836,5.878149196455204e-12,0.8578733570821833,6,25,vax_eff_0.2,vax_eff,0.2
245,C,0.2344661668324086,1.4447880736458104e-11,0.7655338331531444,6,25,vax_eff_0.2,vax_eff,0.2
246,A,0.14212664291149563,5.2672645061639505e-12,0.8578733570832359,6,25,vax_eff_0.2,vax_eff,0.2
246,C,0.2344661668313205,1.2946466333890254e-11,0.7655338331557343,6,25,vax_eff_0.2,vax_eff,0.2
247,A,0.14212664291109914,4.719866789412715e-12,0.8578733570841812,6,25,vax_eff_0.2,vax_eff,0.2
247,C,0.23446616683034577,1.1601077922060817e-11,0.7655338331580546,6,25,vax_eff_0.2,vax_eff,0.2
248,A,0.14212664291074398,4.2293579472745195e-12,0.8578733570850272,6,25,vax_eff_0.2,vax_eff,0.2
248,C,0.23446616682947205,1.0395501392395645e-11,0.7655338331601321,6,25,vax_eff_0.2,vax_eff,0.2
249,A,0.14212664291042532,3.7898256288912815e-12,0.8578733570857843,6,25,vax_eff_0.2,vax_eff,0.2
249,C,0.23446616682868932,9.315207587332022e-12,0.7655338331619956,6,25,vax_eff_0.2,vax_eff,0.2
250,A,0.14212664291014013,3.3959719583007365e-12,0.8578733570864636,6,25,vax_eff_0.2,vax_eff,0.2
250,C,0.23446616682798832,8.34717720945138e-12,0.765533833163666,6,25,vax_eff_0.2,vax_eff,0.2
251,A,0.14212664290988436,3.0430496694877672e-12,0.8578733570870725,6,25,vax_eff_0.2,vax_eff,0.2
251,C,0.23446616682735968,7.479743917872961e-12,0.7655338331651609,6,25,vax_eff_0.2,vax_eff,0.2
252,A,0.14212664290965524,2.7268048794760205e-12,0.8578733570876182,6,25,vax_eff_0.2,vax_eff,0.2
252,C,0.23446616682679636,6.702453729956331e-12,0.7655338331665016,6,25,vax_eff_0.2,vax_eff,0.2
253,A,0.14212664290945026,2.443425809471409e-12,0.8578733570881075,6,25,vax_eff_0.2,vax_eff,0.2
253,C,0.23446616682629148,6.005939033876924e-12,0.7655338331677032,6,25,vax_eff_0.2,vax_eff,0.2
254,A,0.14212664290926608,2.1894968357947047e-12,0.857873357088545,6,25,vax_eff_0.2,vax_eff,0.2
254,C,0.23446616682583934,5.3818056937240494e-12,0.7655338331687783,6,25,vax_eff_0.2,vax_eff,0.2
255,A,0.142126642909101,1.961957316609925e-12,0.8578733570889359,6,25,vax_eff_0.2,vax_eff,0.2
255,C,0.23446616682543445,4.822531886556312e-12,0.765533833169744,6,25,vax_eff_0.2,vax_eff,0.2
256,A,0.14212664290895347,1.7580646980424245e-12,0.8578733570892886,6,25,vax_eff_0.2,vax_eff,0.2
256,C,0.23446616682507082,4.321377452237744e-12,0.765533833170607,6,25,vax_eff_0.2,vax_eff,0.2
257,A,0.1421266429088211,1.5753614548818349e-12,0.8578733570896035,6,25,vax_eff_0.2,vax_eff,0.2
257,C,0.23446616682474586,3.872302663574984e-12,0.7655338331713823,6,25,vax_eff_0.2,vax_eff,0.2
258,A,0.14212664290870278,1.4116454673013345e-12,0.8578733570898869,6,25,vax_eff_0.2,vax_eff,0.2
258,C,0.23446616682445387,3.4698954378040848e-12,0.7655338331720758,6,25,vax_eff_0.2,vax_eff,0.2
259,A,0.1421266429085964,1.2649434764547113e-12,0.8578733570901391,6,25,vax_eff_0.2,vax_eff,0.2
259,C,0.23446616682419275,3.109306112208628e-12,0.7655338331726984,6,25,vax_eff_0.2,vax_eff,0.2
260,A,0.14212664290850088,1.1334872989358014e-12,0.8578733570903657,6,25,vax_eff_0.2,vax_eff,0.2
260,C,0.23446616682395843,2.786188997809814e-12,0.7655338331732542,6,25,vax_eff_0.2,vax_eff,0.2
261,A,0.14212664290841556,1.0156925133488868e-12,0.8578733570905696,6,25,vax_eff_0.2,vax_eff,0.2
261,C,0.23446616682374888,2.4966500067563723e-12,0.7655338331737551,6,25,vax_eff_0.2,vax_eff,0.2
262,A,0.14212664290833904,9.1013936204469e-13,0.8578733570907505,6,25,vax_eff_0.2,vax_eff,0.2
262,C,0.23446616682356072,2.2371997222397403e-12,0.76553383317420165,6,25,vax_eff_0.2,vax_eff,0.2
263,A,0.1421266429082706,8.15555637784405e-13,0.8578733570909145,6,25,vax_eff_0.2,vax_eff,0.2
263,C,0.23446616682339255,2.0047113453512343e-12,0.765533833174603,6,25,vax_eff_0.2,vax_eff,0.2
264,A,0.14212664290820917,7.308013490255396e-13,0.8578733570910598,6,25,vax_eff_0.2,vax_eff,0.2
264,C,0.23446616682324184,1.7963830120728026e-12,0.7655338331749623,6,25,vax_eff_0.2,vax_eff,0.2
265,A,0.14212664290815424,6.548549789672244e-13,0.857873357091191,6,25,vax_eff_0.2,vax_eff,0.2
265,C,0.2344661668231063,1.6097040262603003e-12,0.7655338331752842,6,25,vax_eff_0.2,vax_eff,0.2
266,A,0.14212664290810484,5.868011726579297e-13,0.8578733570913082,6,25,vax_eff_0.2,vax_eff,0.2
266,C,0.23446616682298518,1.4424246020688648e-12,0.7655338331755729,6,25,vax_eff_0.2,vax_eff,0.2
267,A,0.14212664290806076,5.258197039359799e-13,0.8578733570914141,6,25,vax_eff_0.2,vax_eff,0.2
267,C,0.23446616682287635,1.2925287495670263e-12,0.7655338331758306,6,25,vax_eff_0.2,vax_eff,0.2
268,A,0.14212664290802118,4.711755889606406e-13,0.857873357091509,6,25,vax_eff_0.2,vax_eff,0.2
268,C,0.2344661668227794,1.1582099786555443e-12,0.765533833176063,6,25,vax_eff_0.2,vax_eff,0.2
269,A,0.14212664290798546,4.2221022709278427e-13,0.8578733570915917,6,25,vax_eff_0.2,vax_eff,0.2
269,C,0.23446616682269183,1.0378495290116991e-12,0.7655338331762696,6,25,vax_eff_0.2,vax_eff,0.2
270,A,0.14212664290795368,3.783334626942263e-13,0.8578733570916686,6,25,vax_eff_0.2,vax_eff,0.2
270,C,0.2344661668226136,9.299968608357258e-13,0.7655338331764563,6,25,vax_eff_0.2,vax_eff,0.2
271,A,0.1421266429079252,3.3901647187313323e-13,0.8578733570917362,6,25,vax_eff_0.2,vax_eff,0.2
271,C,0.23446616682254345,8.333521734846337e-13,0.7655338331766223,6,25,vax_eff_0.2,vax_eff,0.2
272,A,0.14212664290789973,3.0378538850127403e-13,0.8578733570917966,6,25,vax_eff_0.2,vax_eff,0.2
272,C,0.23446616682248086,7.467507407579251e-13,0.7655338331767725,6,25,vax_eff_0.2,vax_eff,0.2
273,A,0.14212664290787685,2.7221559266934846e-13,0.8578733570918513,6,25,vax_eff_0.2,vax_eff,0.2
273,C,0.23446616682242483,6.691488740499492e-13,0.7655338331769065,6,25,vax_eff_0.2,vax_eff,0.2
274,A,0.14212664290785634,2.439265927324063e-13,0.8578733570919002,6,25,vax_eff_0.2,vax_eff,0.2
274,C,0.23446616682237448,5.996113442021432e-13,0.7655338331770264,6,25,vax_eff_0.2,vax_eff,0.2
275,A,0.14212664290783825,2.1857743925307673e-13,0.8578733570919443,6,25,vax_eff_0.2,vax_eff,0.2
275,C,0.2344661668223291,5.373001104680298e-13,0.7655338331771332,6,25,vax_eff_0.2,vax_eff,0.2
276,A,0.14212664290782157,1.9586261556225782e-13,0.8578733570919835,6,25,vax_eff_0.2,vax_eff,0.2
276,C,0.23446616682228882,4.81464220756713e-13,0.7655338331772306,6,25,vax_eff_0.2,vax_eff,0.2
277,A,0.14212664290780685,1.7550835540242453e-13,0.8578733570920175,6,25,vax_eff_0.2,vax_eff,0.2
277,C,0.23446616682225227,4.31430761436399e-13,0.7655338331773158,6,25,vax_eff_0.2,vax_eff,0.2
278,A,0.14212664290779375,1.5726934326701424e-13,0.8578733570920497,6,25,vax_eff_0.2,vax_eff,0.2
278,C,0.23446616682221988,3.8659674762837497e-13,0.765533833177394,6,25,vax_eff_0.2,vax_eff,0.2
279,A,0.14212664290778182,1.409257576625807e-13,0.8578733570920777,6,25,vax_eff_0.2,vax_eff,0.2
279,C,0.23446616682219085,3.4642185625629505e-13,0.7655338331774624,6,25,vax_eff_0.2,vax_eff,0.2
280,A,0.14212664290777097,1.262806216541237e-13,0.8578733570921018,6,25,vax_eff_0.2,vax_eff,0.2
280,C,0.23446616682216484,3.1042191427222275e-13,0.7655338331775248,6,25,vax_eff_0.2,vax_eff,0.2
281,A,0.1421266429077618,1.1315742875809801e-13,0.8578733570921258,6,25,vax_eff_0.2,vax_eff,0.2
281,C,0.23446616682214122,2.7816306358194825e-13,0.7655338331775803,6,25,vax_eff_0.2,vax_eff,0.2
282,A,0.14212664290775306,1.013980155666952e-13,0.8578733570921455,6,25,vax_eff_0.2,vax_eff,0.2
282,C,0.23446616682212015,2.492565323474574e-13,0.7655338331776301,6,25,vax_eff_0.2,vax_eff,0.2
283,A,0.14212664290774543,9.08606554611383e-14,0.8578733570921634,6,25,vax_eff_0.2,vax_eff,0.2
283,C,0.23446616682210142,2.2335394965223127e-13,0.7655338331776746,6,25,vax_eff_0.2,vax_eff,0.2
284,A,0.1421266429077385,8.141835043672174e-14,0.8578733570921794,6,25,vax_eff_0.2,vax_eff,0.2
284,C,0.23446616682208493,2.0014314706347552e-13,0.7655338331777152,6,25,vax_eff_0.2,vax_eff,0.2
285,A,0.14212664290773255,7.295730045038055e-14,0.8578733570921948,6,25,vax_eff_0.2,vax_eff,0.2
285,C,0.23446616682206994,1.7934439649327065e-13,0.7655338331777511,6,25,vax_eff_0.2,vax_eff,0.2
286,A,0.1421266429077271,6.537553183612291e-14,0.8578733570922085,6,25,vax_eff_0.2,vax_eff,0.2
286,C,0.23446616682205665,1.6070703906810062e-13,0.7655338331777838,6,25,vax_eff_0.2,vax_eff,0.2
287,A,0.1421266429077221,5.858166827860214e-14,0.8578733570922198,6,25,vax_eff_0.2,vax_eff,0.2
287,C,0.23446616682204427,1.4400646417952699e-13,0.7655338331778118,6,25,vax_eff_0.2,vax_eff,0.2
288,A,0.1421266429077177,5.249382950272669e-14,0.8578733570922299,6,25,vax_eff_0.2,vax_eff,0.2
288,C,0.2344661668220336,1.2904140254529836e-13,0.7655338331778387,6,25,vax_eff_0.2,vax_eff,0.2
289,A,0.1421266429077137,4.7038644400294294e-14,0.8578733570922396,6,25,vax_eff_0.2,vax_eff,0.2
289,C,0.23446616682202373,1.1563150072226602e-13,0.7655338331778616,6,25,vax_eff_0.2,vax_eff,0.2
290,A,0.14212664290771027,4.215036673997398e-14,0.8578733570922482,6,25,vax_eff_0.2,vax_eff,0.2
290,C,0.2344661668220151,1.0361514748280846e-13,0.7655338331778822,6,25,vax_eff_0.2,vax_eff,0.2
291,A,0.14212664290770724,3.777008276813132e-14,0.8578733570922564,6,25,vax_eff_0.2,vax_eff,0.2
291,C,0.23446616682200713,9.28475261357468e-14,0.7655338331779001,6,25,vax_eff_0.2,vax_eff,0.2
292,A,0.14212664290770416,3.3845001158906544e-14,0.8578733570922625,6,25,vax_eff_0.2,vax_eff,0.2
292,C,0.2344661668219999,8.319886924881583e-14,0.7655338331779175,6,25,vax_eff_0.2,vax_eff,0.2
293,A,0.14212664290770163,3.0327816755370526e-14,0.8578733570922684,6,25,vax_eff_0.2,vax_eff,0.2
293,C,0.23446616682199384,7.455289473925845e-14,0.7655338331779314,6,25,vax_eff_0.2,vax_eff,0.2
294,A,0.1421266429076993,2.7176140433010646e-14,0.8578733570922737,6,25,vax_eff_0.2,vax_eff,0.2
294,C,0.2344661668219882,6.680540448487939e-14,0.7655338331779451,6,25,vax_eff_0.2,vax_eff,0.2
295,A,0.14212664290769736,2.435198821378898e-14,0.8578733570922791,6,25,vax_eff_0.2,vax_eff,0.2
295,C,0.23446616682198343,5.986302856654255e-14,0.7655338331779575,6,25,vax_eff_0.2,vax_eff,0.2
296,A,0.14212664290769547,2.1821323473172195e-14,0.8578733570922833,6,25,vax_eff_0.2,vax_eff,0.2
296,C,0.2344661668219789,5.3642100008183636e-14,0.7655338331779687,6,25,vax_eff_0.2,vax_eff,0.2
297,A,0.14212664290769367,1.9553646722470428e-14,0.8578733570922867,6,25,vax_eff_0.2,vax_eff,0.2
297,C,0.23446616682197483,4.806764645312205e-14,0.7655338331779775,6,25,vax_eff_0.2,vax_eff,0.2
298,A,0.14212664290769217,1.7521628022251524e-14,0.8578733570922898,6,25,vax_eff_0.2,vax_eff,0.2
298,C,0.2344661668219708,4.3072486624726126e-14,0.765533833177986,6,25,vax_eff_0.2,vax_eff,0.2
299,A,0.14212664290769092,1.5700777596430358e-14,0.8578733570922926,6,25,vax_eff_0.2,vax_eff,0.2
299,C,0.23446616682196797,3.859642068230979e-14,0.7655338331779946,6,25,vax_eff_0.2,vax_eff,0.2
300,A,0.14212664290768967,1.4069150677066703e-14,0.8578733570922957,6,25,vax_eff_0.2,vax_eff,0.2
300,C,0.23446616682196492,3.458550471472809e-14,0.7655338331780005,6,25,vax_eff_0.2,vax_eff,0.2
301,A,0.14212664290768875,1.2607083022483379e-14,0.8578733570922984,6,25,vax_eff_0.2,vax_eff,0.2
301,C,0.23446616682196214,3.099140062813715e-14,0.7655338331780064,6,25,vax_eff_0.2,vax_eff,0.2
302,A,0.14212664290768773,1.1296953921020831e-14,0.8578733570923006,6,25,vax_eff_0.2,vax_eff,0.2
302,C,0.23446616682196,2.7770793593003558e-14,0.7655338331780119,6,25,vax_eff_0.2,vax_eff,0.2
303,A,0.14212664290768687,1.0122973824022993e-14,0.8578733570923034,6,25,vax_eff_0.2,vax_eff,0.2
303,C,0.23446616682195767,2.4884870029650398e-14,0.7655338331780175,6,25,vax_eff_0.2,vax_eff,0.2
304,A,0.14212664290768623,9.070994048501327e-15,0.8578733570923053,6,25,vax_eff_0.2,vax_eff,0.2
304,C,0.2344661668219562,2.2298849841214012e-14,0.7655338331780223,6,25,vax_eff_0.2,vax_eff,0.2
305,A,0.14212664290768567,8.128336255924403e-15,0.8578733570923074,6,25,vax_eff_0.2,vax_eff,0.2
305,C,0.2344661668219545,1.9981567256654828e-14,0.7655338331780261,6,25,vax_eff_0.2,vax_eff,0.2
306,A,0.14212664290768498,7.283639654767578e-15,0.8578733570923089,6,25,vax_eff_0.2,vax_eff,0.2
306,C,0.23446616682195282,1.7905095228144852e-14,0.7655338331780297,6,25,vax_eff_0.2,vax_eff,0.2
307,A,0.1421266429076844,6.526724073636575e-15,0.8578733570923094,6,25,vax_eff_0.2,vax_eff,0.2
307,C,0.23446616682195126,1.6044408872947907e-14,0.7655338331780323,6,25,vax_eff_0.2,vax_eff,0.2
308,A,0.14212664290768393,5.84846726874429e-15,0.8578733570923109,6,25,vax_eff_0.2,vax_eff,0.2
308,C,0.23446616682195,1.437708388398183e-14,0.7655338331780354,6,25,vax_eff_0.2,vax_eff,0.2
309,A,0.1421266429076834,5.240694990379578e-15,0.8578733570923116,6,25,vax_eff_0.2,vax_eff,0.2
309,C,0.23446616682194904,1.2883026268882945e-14,0.765533833178038,6,25,vax_eff_0.2,vax_eff,0.2
310,A,0.14212664290768293,4.696082462437146e-15,0.8578733570923123,6,25,vax_eff_0.2,vax_eff,0.2
310,C,0.23446616682194799,1.1544230190377935e-14,0.76553383317804,6,25,vax_eff_0.2,vax_eff,0.2
311,A,0.1421266429076827,4.208066104202948e-15,0.8578733570923133,6,25,vax_eff_0.2,vax_eff,0.2
311,C,0.23446616682194718,1.0344560966521634e-14,0.7655338331780425,6,25,vax_eff_0.2,vax_eff,0.2
312,A,0.1421266429076824,3.770764426152787e-15,0.8578733570923138,6,25,vax_eff_0.2,vax_eff,0.2
312,C,0.23446616682194632,9.269560621412506e-15,0.7655338331780441,6,25,vax_eff_0.2,vax_eff,0.2
313,A,0.14212664290768207,3.3789071463798436e-15,0.8578733570923146,6,25,vax_eff_0.2,vax_eff,0.2
313,C,0.23446616682194568,8.306273642954974e-15,0.7655338331780457,6,25,vax_eff_0.2,vax_eff,0.2
314,A,0.14212664290768176,3.027771673345513e-15,0.8578733570923155,6,25,vax_eff_0.2,vax_eff,0.2
314,C,0.23446616682194518,7.443090847764908e-15,0.7655338331780474,6,25,vax_eff_0.2,vax_eff,0.2
315,A,0.14212664290768165,2.7131261894298988e-15,0.857873357092316,6,25,vax_eff_0.2,vax_eff,0.2
315,C,0.2344661668219445,6.669609471535367e-15,0.7655338331780484,6,25,vax_eff_0.2,vax_eff,0.2
316,A,0.14212664290768146,2.4311786493138626e-15,0.8578733570923167,6,25,vax_eff_0.2,vax_eff,0.2
316,C,0.23446616682194402,5.976507798723477e-15,0.7655338331780497,6,25,vax_eff_0.2,vax_eff,0.2
317,A,0.1421266429076812,2.1785310785121315e-15,0.857873357092317,6,25,vax_eff_0.2,vax_eff,0.2
317,C,0.23446616682194354,5.355432820640829e-15,0.7655338331780509,6,25,vax_eff_0.2,vax_eff,0.2
318,A,0.1421266429076811,1.9521386212561794e-15,0.8578733570923174,6,25,vax_eff_0.2,vax_eff,0.2
318,C,0.2344661668219432,4.798899568044548e-15,0.7655338331780521,6,25,vax_eff_0.2,vax_eff,0.2
319,A,0.14212664290768096,1.7492728441663914e-15,0.8578733570923179,6,25,vax_eff_0.2,vax_eff,0.2
319,C,0.23446616682194288,4.300200905022007e-15,0.7655338331780529,6,25,vax_eff_0.2,vax_eff,0.2
320,A,0.1421266429076808,1.567488853444846e-15,0.8578733570923182,6,25,vax_eff_0.2,vax_eff,0.2
320,C,0.2344661668219424,3.85332669703829e-15,0.7655338331780533,6,25,vax_eff_0.2,vax_eff,0.2
321,A,0.14212664290768068,1.4045958292818348e-15,0.8578733570923185,6,25,vax_eff_0.2,vax_eff,0.2
321,C,0.2344661668219421,3.4528913789893033e-15,0.7655338331780542,6,25,vax_eff_0.2,vax_eff,0.2
322,A,0.14212664290768062,1.2586306223541258e-15,0.8578733570923187,6,25,vax_eff_0.2,vax_eff,0.2
322,C,0.23446616682194185,3.0940690503372984e-15,0.7655338331780546,6,25,vax_eff_0.2,vax_eff,0.2
323,A,0.14212664290768057,1.127834094198197e-15,0.8578733570923194,6,25,vax_eff_0.2,vax_eff,0.2
323,C,0.23446616682194169,2.7725353151191515e-15,0.7655338331780555,6,25,vax_eff_0.2,vax_eff,0.2
324,A,0.14212664290768043,1.0106299163112427e-15,0.8578733570923192,6,25,vax_eff_0.2,vax_eff,0.2
324,C,0.23446616682194163,2.484415165904472e-15,0.765533833178056,6,25,vax_eff_0.2,vax_eff,0.2
325,A,0.14212664290768032,9.05605572465902e-16,0.8578733570923193,6,25,vax_eff_0.2,vax_eff,0.2
325,C,0.23446616682194144,2.2262362836200953e-15,0.7655338331780563,6,25,vax_eff_0.2,vax_eff,0.2
326,A,0.14212664290768026,8.114953353205447e-16,0.8578733570923194,6,25,vax_eff_0.2,vax_eff,0.2
326,C,0.23446616682194113,1.9948871901616736e-15,0.7655338331780567,6,25,vax_eff_0.2,vax_eff,0.2
327,A,0.14212664290768012,7.271650119875089e-16,0.8578733570923193,6,25,vax_eff_0.2,vax_eff,0.2
327,C,0.23446616682194102,1.787579750542617e-15,0.7655338331780569,6,25,vax_eff_0.2,vax_eff,0.2
328,A,0.14212664290768012,6.515982749153824e-16,0.8578733570923194,6,25,vax_eff_0.2,vax_eff,0.2
328,C,0.23446616682194082,1.6018155713812768e-15,0.7655338331780575,6,25,vax_eff_0.2,vax_eff,0.2
329,A,0.1421266429076801,5.83884413402166e-16,0.8578733570923196,6,25,vax_eff_0.2,vax_eff,0.2
329,C,0.23446616682194074,1.4353558904357112e-15,0.7655338331780578,6,25,vax_eff_0.2,vax_eff,0.2
330,A,0.14212664290768004,5.232073578141676e-16,0.8578733570923196,6,25,vax_eff_0.2,vax_eff,0.2
330,C,0.23446616682194069,1.2861945962433068e-15,0.7655338331780585,6,25,vax_eff_0.2,vax_eff,0.2
331,A,0.14212664290768004,4.688358444665867e-16,0.8578733570923198,6,25,vax_eff_0.2,vax_eff,0.2
331,C,0.23446616682194066,1.1525340511967975e-15,0.7655338331780585,6,25,vax_eff_0.2,vax_eff,0.2
332,A,0.14212664290768004,4.2011460257422683e-16,0.8578733570923199,6,25,vax_eff_0.2,vax_eff,0.2
332,C,0.2344661668219405,1.032763427071133e-15,0.7655338331780586,6,25,vax_eff_0.2,vax_eff,0.2
333,A,0.14212664290768,3.76456457058009e-16,0.8578733570923202,6,25,vax_eff_0.2,vax_eff,0.2
333,C,0.2344661668219403,9.25439291908847e-16,0.7655338331780583,6,25,vax_eff_0.2,vax_eff,0.2
334,A,0.14212664290767998,3.3733525203087023e-16,0.8578733570923203,6,25,vax_eff_0.2,vax_eff,0.2
334,C,0.23446616682194021,8.292682143041806e-16,0.7655338331780586,6,25,vax_eff_0.2,vax_eff,0.2
335,A,0.14212664290767998,3.022795096774836e-16,0.8578733570923204,6,25,vax_eff_0.2,vax_eff,0.2
335,C,0.2344661668219401,7.430911754391436e-16,0.7655338331780587,6,25,vax_eff_0.2,vax_eff,0.2
336,A,0.14212664290767993,2.7086674810519194e-16,0.8578733570923204,6,25,vax_eff_0.2,vax_eff,0.2
336,C,0.2344661668219401,6.658696010110647e-16,0.7655338331780589,6,25,vax_eff_0.2,vax_eff,0.2
337,A,0.1421266429076799,2.427183896854833e-16,0.8578733570923205,6,25,vax_eff_0.2,vax_eff,0.2
337,C,0.23446616682194016,5.966728447135113e-16,0.7655338331780593,6,25,vax_eff_0.2,vax_eff,0.2
338,A,0.14212664290767985,2.1749519852188185e-16,0.8578733570923205,6,25,vax_eff_0.2,vax_eff,0.2
338,C,0.2344661668219401,5.346669724260707e-16,0.7655338331780596,6,25,vax_eff_0.2,vax_eff,0.2
339,A,0.14212664290767985,1.9489319205718342e-16,0.8578733570923205,6,25,vax_eff_0.2,vax_eff,0.2
339,C,0.23446616682194002,4.791047119441394e-16,0.7655338331780595,6,25,vax_eff_0.2,vax_eff,0.2
340,A,0.14212664290767982,1.7463997754723417e-16,0.8578733570923206,6,25,vax_eff_0.2,vax_eff,0.2
340,C,0.23446616682194002,4.2931644712652957e-16,0.7655338331780598,6,25,vax_eff_0.2,vax_eff,0.2
341,A,0.1421266429076798,1.564914692489442e-16,0.8578733570923205,6,25,vax_eff_0.2,vax_eff,0.2
341,C,0.23446616682194002,3.8470214792564373e-16,0.7655338331780598,6,25,vax_eff_0.2,vax_eff,0.2
342,A,0.14212664290767976,1.4022894675855602e-16,0.8578733570923206,6,25,vax_eff_0.2,vax_eff,0.2
342,C,0.23446616682193994,3.447241390438915e-16,0.7655338331780597,6,25,vax_eff_0.2,vax_eff,0.2
343,A,0.14212664290767976,1.2565641904771138e-16,0.8578733570923205,6,25,vax_eff_0.2,vax_eff,0.2
343,C,0.23446616682193985,3.089006200668226e-16,0.7655338331780597,6,25,vax_eff_0.2,vax_eff,0.2
344,A,0.14212664290767976,1.1259826242910203e-16,0.8578733570923206,6,25,vax_eff_0.2,vax_eff,0.2
344,C,0.23446616682193974,2.7679985897999955e-16,0.7655338331780595,6,25,vax_eff_0.2,vax_eff,0.2
345,A,0.14212664290767973,1.0089710398485677e-16,0.8578733570923204,6,25,vax_eff_0.2,vax_eff,0.2
345,C,0.23446616682193974,2.480349890919744e-16,0.7655338331780595,6,25,vax_eff_0.2,vax_eff,0.2
346,A,0.1421266429076797,9.041192495453719e-17,0.8578733570923204,6,25,vax_eff_0.2,vax_eff,0.2
346,C,0.23446616682193974,2.2225934668404636e-16,0.7655338331780598,6,25,vax_eff_0.2,vax_eff,0.2
347,A,0.1421266429076797,8.101636120368164e-17,0.8578733570923204,6,25,vax_eff_0.2,vax_eff,0.2
347,C,0.23446616682193971,1.9916229309185322e-16,0.7655338331780598,6,25,vax_eff_0.2,vax_eff,0.2
348,A,0.1421266429076797,7.259718031487553e-17,0.8578733570923204,6,25,vax_eff_0.2,vax_eff,0.2
348,C,0.23446616682193974,1.7846547099333254e-16,0.7655338331780598,6,25,vax_eff_0.2,vax_eff,0.2
349,A,0.1421266429076797,6.505291695567234e-17,0.8578733570923204,6,25,vax_eff_0.2,vax_eff,0.2
349,C,0.23446616682193974,1.5991944981984657e-16,0.7655338331780598,6,25,vax_eff_0.2,vax_eff,0.2
350,A,0.1421266429076797,5.829265003936874e-17,0.8578733570923204,6,25,vax_eff_0.2,vax_eff,0.2
350,C,0.23446616682193974,1.4330071967274325e-16,0.7655338331780601,6,25,vax_eff_0.2,vax_eff,0.2
351,A,0.14212664290767968,5.2234906969277024e-17,0.8578733570923204,6,25,vax_eff_0.2,vax_eff,0.2
351,C,0.23446616682193974,1.2840899766341484e-16,0.7655338331780601,6,25,vax_eff_0.2,vax_eff,0.2
352,A,0.14212664290767968,4.680668175382962e-17,0.8578733570923204,6,25,vax_eff_0.2,vax_eff,0.2
352,C,0.23446616682193974,1.1506481417682412e-16,0.7655338331780601,6,25,vax_eff_0.2,vax_eff,0.2
353,A,0.14212664290767968,4.194255515905077e-17,0.8578733570923204,6,25,vax_eff_0.2,vax_eff,0.2
353,C,0.23446616682193974,1.0310734996902705e-16,0.7655338331780601,6,25,vax_eff_0.2,vax_eff,0.2
354,A,0.14212664290767968,3.758390629466872e-17,0.8578733570923204,6,25,vax_eff_0.2,vax_eff,0.2
354,C,0.23446616682193977,9.239249803217939e-17,0.7655338331780603,6,25,vax_eff_0.2,vax_eff,0.2
355,A,0.1421266429076797,3.367820613208235e-17,0.8578733570923206,6,25,vax_eff_0.2,vax_eff,0.2
355,C,0.23446616682193971,8.279112686932906e-17,0.7655338331780601,6,25,vax_eff_0.2,vax_eff,0.2
356,A,0.1421266429076797,3.017838443982459e-17,0.8578733570923206,6,25,vax_eff_0.2,vax_eff,0.2
356,C,0.23446616682193971,7.418752424861358e-17,0.7655338331780601,6,25,vax_eff_0.2,vax_eff,0.2
357,A,0.1421266429076797,2.7042262506978486e-17,0.8578733570923206,6,25,vax_eff_0.2,vax_eff,0.2
357,C,0.23446616682193971,6.647800268155704e-17,0.7655338331780601,6,25,vax_eff_0.2,vax_eff,0.2
358,A,0.1421266429076797,2.4232044817863936e-17,0.8578733570923206,6,25,vax_eff_0.2,vax_eff,0.2
358,C,0.23446616682193971,5.956964981919576e-17,0.7655338331780601,6,25,vax_eff_0.2,vax_eff,0.2
359,A,0.1421266429076797,2.1713863551784242e-17,0.8578733570923206,6,25,vax_eff_0.2,vax_eff,0.2
359,C,0.23446616682193971,5.337920870626441e-17,0.7655338331780601,6,25,vax_eff_0.2,vax_eff,0.2
360,A,0.1421266429076797,1.9457370418255385e-17,0.8578733570923206,6,25,vax_eff_0.2,vax_eff,0.2
360,C,0.23446616682193971,4.783207439867097e-17,0.7655338331780601,6,25,vax_eff_0.2,vax_eff,0.2
361,A,0.1421266429076797,1.7435370908620845e-17,0.8578733570923206,6,25,vax_eff_0.2,vax_eff,0.2
361,C,0.23446616682193971,4.286139485186267e-17,0.7655338331780601,6,25,vax_eff_0.2,vax_eff,0.2
362,A,0.1421266429076797,1.5623496556145646e-17,0.8578733570923206,6,25,vax_eff_0.2,vax_eff,0.2
362,C,0.23446616682193971,3.8407265244313603e-17,0.7655338331780601,6,25,vax_eff_0.2,vax_eff,0.2
363,A,0.1421266429076797,1.399991125475416e-17,0.8578733570923206,6,25,vax_eff_0.2,vax_eff,0.2
363,C,0.23446616682193971,3.441600602641649e-17,0.7655338331780601,6,25,vax_eff_0.2,vax_eff,0.2
364,A,0.1421266429076797,1.2545048097042692e-17,0.8578733570923206,6,25,vax_eff_0.2,vax_eff,0.2
364,C,0.23446616682193971,3.083951599408553e-17,0.7655338331780601,6,25,vax_eff_0.2,vax_eff,0.2
365,A,0.1421266429076797,1.1241373560009043e-17,0.8578733570923206,6,25,vax_eff_0.2,vax_eff,0.2
365,C,0.23446616682193971,2.763469259054877e-17,0.7655338331780601,6,25,vax_eff_0.2,vax_eff,0.2
