t,subpop,S_indiv,I_indiv,R_indiv,REGION6,parset,parset_name,sens_type,sens_value
0,A,0.9990000000000001,0.001,0,1,13,fold_1,fold,1
0,C,0.999,0.001,0,1,13,fold_1,fold,1
1,A,0.9985365768274972,0.00123993193487629,2.2349123762688687e-4,1,13,fold_1,fold,1
1,C,0.9986880321155357,0.00110189220014282,2.1007568432189396e-4,1,13,fold_1,fold,1
2,A,0.9979928023361575,0.001509216101707809,4.97981562133786e-4,1,13,fold_1,fold,1
2,C,0.9983477428989448,0.0012110049923805654,4.412521086740265e-4,1,13,fold_1,fold,1
3,A,0.9973656970924641,0.0018052707962668037,8.290321112685049e-4,1,13,fold_1,fold,1
3,C,0.9979773102464046,0.001327685673742956,6.950040798530861e-4,1,13,fold_1,fold,1
4,A,0.9966490320885949,0.0021288737301080607,0.001222094181297188,1,13,fold_1,fold,1
4,C,0.9975745057123593,0.0014525683523150762,9.72925935325919e-4,1,13,fold_1,fold,1
5,A,0.9958338399082218,0.002483250625325247,0.0016829094664531483,1,13,fold_1,fold,1
5,C,0.9971368094495965,0.0015864733212342882,0.0012767172291717685,1,13,fold_1,fold,1
6,A,0.9949088204450399,0.0028730734791209043,0.0022181060758378677,1,13,fold_1,fold,1
6,C,0.9966613458533305,0.0017303720786309594,0.001608282068038647,1,13,fold_1,fold,1
7,A,0.993861144366077,0.003303632451019216,0.0028352231829044407,1,13,fold_1,fold,1
7,C,0.9961449751965747,0.001885320946489899,0.0019697038569361663,1,13,fold_1,fold,1
8,A,0.9926765646362106,0.003780517362773467,0.0035429180010161047,1,13,fold_1,fold,1
8,C,0.9955842541630008,0.0020524517002372135,0.00236329413676306,1,13,fold_1,fold,1
9,A,0.9913389474713314,0.004309647064646744,0.0043514054640227465,1,13,fold_1,fold,1
9,C,0.994975294288832,0.002233001321881598,0.0027917043892855538,1,13,fold_1,fold,1
10,A,0.9898310151580739,0.004896972647610881,0.005272012194314872,1,13,fold_1,fold,1
10,C,0.9943139346339591,0.0024282501471209056,0.003257815218919109,1,13,fold_1,fold,1
11,A,0.9881359963193445,0.005548015745648131,0.006315987935007753,1,13,fold_1,fold,1
11,C,0.9935961428624089,0.0026394062346916983,0.0037644509029012506,1,13,fold_1,fold,1
12,A,0.9862346027827673,0.006268874184922659,0.007496523032310647,1,13,fold_1,fold,1
12,C,0.9928172838045154,0.002867826221856994,0.0043148899736276235,1,13,fold_1,fold,1
13,A,0.9841051096583685,0.007066125632178491,0.00882876470945268,1,13,fold_1,fold,1
13,C,0.9919721331053932,0.003115002253508729,0.004912864641098616,1,13,fold_1,fold,1
14,A,0.9817253359924809,0.007946218812983828,0.010328445194535527,1,13,fold_1,fold,1
14,C,0.9910553451719483,0.0033824271262693027,0.005562227701782674,1,13,fold_1,fold,1
15,A,0.9790708102733688,0.008916015927820634,0.01201317379881103,1,13,fold_1,fold,1
15,C,0.9900609953215954,0.003671726332591513,0.006267278345812585,1,13,fold_1,fold,1
16,A,0.9761162863766814,0.009982266016759722,0.013901447606557846,1,13,fold_1,fold,1
16,C,0.9889829145041368,0.003984557920328305,0.00703252757553605,1,13,fold_1,fold,1
17,A,0.9728348520284511,0.011151807118802972,0.016013340852745715,1,13,fold_1,fold,1
17,C,0.9878144366533315,0.004322680464910844,0.00786288288175545,1,13,fold_1,fold,1
18,A,0.9691985086567823,0.012431389356082274,0.018370101987136,1,13,fold_1,fold,1
18,C,0.9865485125902678,0.004687923046629985,0.008763564363100954,1,13,fold_1,fold,1
19,A,0.9651780958372503,0.013827543836985683,0.02099436032576464,1,13,fold_1,fold,1
19,C,0.9851776235441582,0.005082196954397703,0.009740179501444733,1,13,fold_1,fold,1
20,A,0.960743620817719,0.01534645733793711,0.023909921844344453,1,13,fold_1,fold,1
20,C,0.9836938228943352,0.005507482917500521,0.010798694188164596,1,13,fold_1,fold,1
21,A,0.9558644588017925,0.016993755788267496,0.02714178540993985,1,13,fold_1,fold,1
21,C,0.9820886919577113,0.005965830848728667,0.011945477193558606,1,13,fold_1,fold,1
22,A,0.9505096058095096,0.01877421685500032,0.030716177335489134,1,13,fold_1,fold,1
22,C,0.9803532790190359,0.006459358864546387,0.013187362116419462,1,13,fold_1,fold,1
23,A,0.9446482331685983,0.02069147144184211,0.03466029538956076,1,13,fold_1,fold,1
23,C,0.9784781071302686,0.0069902396095315395,0.014531653260201331,1,13,fold_1,fold,1
24,A,0.9382504209803875,0.022747772103452763,0.03900180691615925,1,13,fold_1,fold,1
24,C,0.976453272023851,0.007560669223679992,0.015986058752467596,1,13,fold_1,fold,1
25,A,0.9312877426628906,0.024943684500602477,0.04376857283650617,1,13,fold_1,fold,1
25,C,0.974268452254639,0.008172847990300512,0.01755869975506104,1,13,fold_1,fold,1
26,A,0.9237338940068051,0.02727774166361123,0.04898836432958282,1,13,fold_1,fold,1
26,C,0.971912906382428,0.00882896014882794,0.01925813346874331,1,13,fold_1,fold,1
27,A,0.9155654496829886,0.029746094240652363,0.05468845607635939,1,13,fold_1,fold,1
27,C,0.9693754961751552,0.009531146316436954,0.021093357508408267,1,13,fold_1,fold,1
28,A,0.9067627170192705,0.03234217748425356,0.06089510549647661,1,13,fold_1,fold,1
28,C,0.9666447362272164,0.01028146826621523,0.023073795506567896,1,13,fold_1,fold,1
29,A,0.8973106272991768,0.03505641094730276,0.0676329617535208,1,13,fold_1,fold,1
29,C,0.9637088595913508,0.011081867645232153,0.025209272763416238,1,13,fold_1,fold,1
30,A,0.8871996203386212,0.03787594900197122,0.07492443065940844,1,13,fold_1,fold,1
30,C,0.9605558947693285,0.01193411941130512,0.027509985819366218,1,13,fold_1,fold,1
31,A,0.8764264909480697,0.04078450422842833,0.08278900482350188,1,13,fold_1,fold,1
31,C,0.9571737557239505,0.01283977987154333,0.029986464404506207,1,13,fold_1,fold,1
32,A,0.8649951633931172,0.04376226794972665,0.09124256865715516,1,13,fold_1,fold,1
32,C,0.9535503480874226,0.013800129089376962,0.03264952282320013,1,13,fold_1,fold,1
33,A,0.8529173513442108,0.04678595166595361,0.10029669698983634,1,13,fold_1,fold,1
33,C,0.9496736934035168,0.014816107802411658,0.035510198794070226,1,13,fold_1,fold,1
34,A,0.8402130549681525,0.04982896908104231,0.10995797595080539,1,13,fold_1,fold,1
34,C,0.9455320713542658,0.015888249624718312,0.03857967902101489,1,13,fold_1,fold,1
35,A,0.826910853606194,0.05286177057591338,0.12022737581789318,1,13,fold_1,fold,1
35,C,0.9411141793210963,0.017016609521731382,0.041869211157172105,1,13,fold_1,fold,1
36,A,0.8130479395971295,0.05585230443500368,0.13109975596786705,1,13,fold_1,fold,1
36,C,0.9364092947879746,0.018200695835056326,0.04539000937696958,1,13,fold_1,fold,1
37,A,0.7986699830576065,0.058766723640448666,0.14256329330194412,1,13,fold_1,fold,1
37,C,0.9314074959692907,0.019439382174875598,0.04915312185583143,1,13,fold_1,fold,1
38,A,0.7838305265926063,0.061570254252664755,0.15459921915472907,1,13,fold_1,fold,1
38,C,0.926099884578272,0.020730827208529656,0.05316928821319963,1,13,fold_1,fold,1
39,A,0.7685901276478248,0.06422806125174188,0.16718181110043384,1,13,fold_1,fold,1
39,C,0.9204787824139621,0.02207241410504276,0.057448803480995354,1,13,fold_1,fold,1
40,A,0.7530152940809279,0.06670618550450734,0.18027852041456477,1,13,fold_1,fold,1
40,C,0.9145379419930993,0.023460692396659284,0.062001365610240784,1,13,fold_1,fold,1
41,A,0.7371772460683451,0.06897255429183297,0.19385019963982175,1,13,fold_1,fold,1
41,C,0.9082727831852822,0.024891318448767682,0.06683589836594873,1,13,fold_1,fold,1
42,A,0.7211504803577659,0.07099798738458785,0.2078515322576457,1,13,fold_1,fold,1
42,C,0.9016806323904405,0.02635900666656557,0.07196036094299477,1,13,fold_1,fold,1
43,A,0.7050111876067323,0.07275710491471891,0.22223170747854845,1,13,fold_1,fold,1
43,C,0.8947609427500272,0.027857501681882956,0.07738155556808923,1,13,fold_1,fold,1
44,A,0.688835632947522,0.07422908113987445,0.23693528591260368,1,13,fold_1,fold,1
44,C,0.8875154912876582,0.029379573234019803,0.08310493547832302,1,13,fold_1,fold,1
45,A,0.6726986001522915,0.07539821829128777,0.2519031815564214,1,13,fold_1,fold,1
45,C,0.879948554251096,0.030917032859422766,0.08913441288948061,1,13,fold_1,fold,1
46,A,0.6566719597196771,0.07625432116237846,0.26707371911794436,1,13,fold_1,fold,1
46,C,0.8720670554379789,0.03246077421721316,0.09547217034480689,1,13,fold_1,fold,1
47,A,0.6408234004042979,0.07679285481498258,0.2823837447807193,1,13,fold_1,fold,1
47,C,0.8638806768831214,0.03400084074523801,0.10211848237163906,1,13,fold_1,fold,1
48,A,0.625215364099735,0.07701487961021358,0.29776975629005226,1,13,fold_1,fold,1
48,C,0.8554019224268317,0.0355265230579547,0.10907155451521296,1,13,fold_1,fold,1
49,A,0.6099042203637011,0.07692677664137054,0.313169002994929,1,13,fold_1,fold,1
49,C,0.8466461285507048,0.03702648602343087,0.11632738542586486,1,13,fold_1,fold,1
50,A,0.5949396982338226,0.07653979281562205,0.32852050895055473,1,13,fold_1,fold,1
50,C,0.83763141920876,0.038488923772236464,0.12387965701900379,1,13,fold_1,fold,1
51,A,0.5803645697276767,0.07586944383723743,0.34376598643508527,1,13,fold_1,fold,1
51,C,0.828378602152793,0.03990173998535761,0.1317196578618492,1,13,fold_1,fold,1
52,A,0.5662145637704766,0.07493481680191212,0.35885061942761104,1,13,fold_1,fold,1
52,C,0.8189110054038359,0.041252749810934075,0.1398362447852298,1,13,fold_1,fold,1
53,A,0.5525184823009895,0.07375781467137464,0.3737237030276354,1,13,fold_1,fold,1
53,C,0.8092542548478088,0.042529898374445554,0.14821584677774463,1,13,fold_1,fold,1
54,A,0.5392984864997661,0.0723623833413441,0.38833913015889004,1,13,fold_1,fold,1
54,C,0.7994359967412231,0.04372148944726934,0.15684251381150804,1,13,fold_1,fold,1
55,A,0.5265705175660893,0.07077375801189495,0.40265572442201575,1,13,fold_1,fold,1
55,C,0.7894855713905278,0.04481641683042423,0.16569801177904725,1,13,fold_1,fold,1
56,A,0.5143448147168236,0.06901775918913051,0.4166374260940449,1,13,fold_1,fold,1
56,C,0.7794336462352911,0.04580439050002882,0.17476196326467894,1,13,fold_1,fold,1
57,A,0.5026264958959624,0.06712015988461631,0.4302533442194225,1,13,fold_1,fold,1
57,C,0.7693118180855246,0.04667614956509954,0.1840120323493757,1,13,fold_1,fold,1
58,A,0.491416164223203,0.06510614432879432,0.4434776914480025,1,13,fold_1,fold,1
58,C,0.7591521959911955,0.047423653976628156,0.1934241500321754,1,13,fold_1,fold,1
59,A,0.48071052102006195,0.06299985907793837,0.456289619901999,1,13,fold_1,fold,1
59,C,0.7489869767034322,0.04804024799694157,0.20297277529962549,1,13,fold_1,fold,1
60,A,0.47050296266246855,0.06082406039696401,0.4686729769405669,1,13,fold_1,fold,1
60,C,0.7388480247034561,0.04852078972495745,0.21263118557158717,1,13,fold_1,fold,1
61,A,0.4607841449481377,0.058599855330620246,0.480615999721242,1,13,fold_1,fold,1
61,C,0.7287664685347339,0.04886174221305331,0.22237178925221307,1,13,fold_1,fold,1
62,A,0.45154250334579416,0.05634652989926855,0.49211096675493743,1,13,fold_1,fold,1
62,C,0.718772324224655,0.049061223364632076,0.23216645241071482,1,13,fold_1,fold,1
63,A,0.44276472276295165,0.054081454218306305,0.5031538230187437,1,13,fold_1,fold,1
63,C,0.7088941550835278,0.049119013683053214,0.24198683123342105,1,13,fold_1,fold,1
64,A,0.4344361542155032,0.051820052891305236,0.5137437928931913,1,13,fold_1,fold,1
64,C,0.6991587752701021,0.04903652285245027,0.2518047018774476,1,13,fold_1,fold,1
65,A,0.4265411782867353,0.04957582897450693,0.523882992738758,1,13,fold_1,fold,1
65,C,0.6895910024283541,0.04881671784578073,0.2615922797258636,1,13,fold_1,fold,1
66,A,0.4190635170966723,0.047360430270488,0.5335760526328394,1,13,fold_1,fold,1
66,C,0.6802134625666523,0.048464016690851174,0.27132252074249724,1,13,fold_1,fold,1
67,A,0.4119864979322575,0.04518374739439134,0.5428297546733515,1,13,fold_1,fold,1
67,C,0.6710464482640369,0.04798415316057268,0.280969398575389,1,13,fold_1,fold,1
68,A,0.40529327270031495,0.04305403403299462,0.5516526932666901,1,13,fold_1,fold,1
68,C,0.6621078293446083,0.04738401846144766,0.29050815219394255,1,13,fold_1,fold,1
69,A,0.39896699791699275,0.040978041083830796,0.5600549609991767,1,13,fold_1,fold,1
69,C,0.6534130134556638,0.04667148643905385,0.299915500105283,1,13,fold_1,fold,1
70,A,0.3929909800889531,0.038961157771779664,0.5680478621392674,1,13,fold_1,fold,1
70,C,0.6449749525937388,0.04585522889365743,0.309169818512603,1,13,fold_1,fold,1
71,A,0.3873487911917162,0.03700755423004583,0.5756436545782382,1,13,fold_1,fold,1
71,C,0.6368041905825771,0.04494452733856739,0.31825128207885645,1,13,fold_1,fold,1
72,A,0.3820243586382157,0.03512032130174092,0.582855320060043,1,13,fold_1,fold,1
72,C,0.6289089458197449,0.043949087002708234,0.32714196717754673,1,13,fold_1,fold,1
73,A,0.3770020337499929,0.03330160442680491,0.5896963618232024,1,13,fold_1,fold,1
73,C,0.6212952232504252,0.042878858148543635,0.3358259186010314,1,13,fold_1,fold,1
74,A,0.37226664233616225,0.03155272942151247,0.5961806282423258,1,13,fold_1,fold,1
74,C,0.6139669494604805,0.041743868914626704,0.34428918162489336,1,13,fold_1,fold,1
75,A,0.36780352055721344,0.02987431874907911,0.6023221606937074,1,13,fold_1,fold,1
75,C,0.6069261249620028,0.04055407296174916,0.3525198020762474,1,13,fold_1,fold,1
76,A,0.3635985388060895,0.028266397537416464,0.6081350636564932,1,13,fold_1,fold,1
76,C,0.6001729881434457,0.03931921424231615,0.3605077976142371,1,13,fold_1,fold,1
77,A,0.3596381158753807,0.026728489152963074,0.6136333949716561,1,13,fold_1,fold,1
77,C,0.5937061861846438,0.038048710035402666,0.3682451037799552,1,13,fold_1,fold,1
78,A,0.35590922554982257,0.02525970028644319,0.6188310741637338,1,13,fold_1,fold,1
78,C,0.5875229470127383,0.03675155431506688,0.37572549867219524,1,13,fold_1,fold,1
79,A,0.352399396869537,0.023858796329338655,0.6237418068011247,1,13,fold_1,fold,1
79,C,0.581619250671951,0.03543623921907882,0.3829445101089685,1,13,fold_1,fold,1
80,A,0.34909670958918304,0.022524267427155752,0.6283790229836619,1,13,fold_1,fold,1
80,C,0.5759899961043753,0.03411069491832413,0.3898993089773008,1,13,fold_1,fold,1
81,A,0.3459897859596948,0.021254385872551348,0.6327558281677552,1,13,fold_1,fold,1
81,C,0.570629160715058,0.03278224697466042,0.39658859231028215,1,13,fold_1,fold,1
82,A,0.34306777970301683,0.020047255623182256,0.6368849646738007,1,13,fold_1,fold,1
82,C,0.5655299507846683,0.03145758977092202,0.4030124594444095,1,13,fold_1,fold,1
83,A,0.34032036282735095,0.01890085479346447,0.6407787823791842,1,13,fold_1,fold,1
83,C,0.5606849416066556,0.030142774082523135,0.40917228431081976,1,13,fold_1,fold,1
84,A,0.3377377108293453,0.01781307190184393,0.64444921726881,1,13,fold_1,fold,1
84,C,0.5560862066227812,0.028843206863686296,0.41507058651353096,1,13,fold_1,fold,1
85,A,0.3353104867583395,0.01678173657206191,0.6479077766695984,1,13,fold_1,fold,1
85,C,0.551725435090682,0.02756366146593661,0.42071090344337986,1,13,fold_1,fold,1
86,A,0.33302982452374896,0.015804645346946568,0.651165530129305,1,13,fold_1,fold,1
86,C,0.5475940381211774,0.026308296556291536,0.4260976653225313,1,13,fold_1,fold,1
87,A,0.3308873117286075,0.014879583247382878,0.6542331050240092,1,13,fold_1,fold,1
87,C,0.543683243244169,0.025080682007220242,0.43123607474861014,1,13,fold_1,fold,1
88,A,0.32887497224337886,0.014004341657292418,0.6571206860993286,1,13,fold_1,fold,1
88,C,0.539984177909773,0.02388383011171981,0.43613199197850727,1,13,fold_1,fold,1
89,A,0.3269852486959824,0.013176733041528884,0.6598380182624881,1,13,fold_1,fold,1
89,C,0.5364879424810509,0.022720230649073764,0.4407918268698762,1,13,fold_1,fold,1
90,A,0.32521098502585777,0.01239460293537117,0.6623944120387719,1,13,fold_1,fold,1
90,C,0.5331856733626188,0.02159188852387825,0.44522243811350315,1,13,fold_1,fold,1
91,A,0.32354540921912434,0.011655839593815978,0.6647987511870601,1,13,fold_1,fold,1
91,C,0.5300685969708042,0.020500362875741834,0.4494310401534527,1,13,fold_1,fold,1
92,A,0.32198211631245327,0.010958381646785453,0.6670595020407606,1,13,fold_1,fold,1
92,C,0.5271280752939813,0.01944680671254354,0.45342511799347485,1,13,fold_1,fold,1
93,A,0.32051505173217937,0.010300224062560707,0.66918472420526,1,13,fold_1,fold,1
93,C,0.5243556438100833,0.01843200627389416,0.457212349916024,1,13,fold_1,fold,1
94,A,0.31913849502206276,0.009679422677676512,0.6711820823002618,1,13,fold_1,fold,1
94,C,0.5217430425206906,0.017456419485130308,0.4608005379941793,1,13,fold_1,fold,1
95,A,0.3178470440027568,0.009094097513650734,0.6730588584835917,1,13,fold_1,fold,1
95,C,0.5192822408345454,0.016520213004513395,0.46419754616094094,1,13,fold_1,fold,1
96,A,0.3166355993951922,0.008542435071273113,0.6748219655335347,1,13,fold_1,fold,1
96,C,0.5169654569948807,0.015623297490854013,0.4674112455142645,1,13,fold_1,fold,1
97,A,0.3154993499258382,0.008022689772016997,0.6764779603021439,1,13,fold_1,fold,1
97,C,0.5147851726781916,0.014765360845870275,0.4704494664759371,1,13,fold_1,fold,1
98,A,0.31443375795285883,0.007533184665861801,0.6780330573812792,1,13,fold_1,fold,1
98,C,0.5127341434985536,0.013945899131405972,0.4733199573700416,1,13,fold_1,fold,1
99,A,0.3134345455897776,0.007072311559861959,0.6794931428503612,1,13,fold_1,fold,1
99,C,0.5108054057964238,0.01316424524124921,0.47603034896232566,1,13,fold_1,fold,1
100,A,0.3124976813485191,0.0066385306530971746,0.680863787998383,1,13,fold_1,fold,1
100,C,0.5089922803027837,0.01241959520324994,0.47858812449396615,1,13,fold_1,fold,1
101,A,0.3116193673067188,0.006230369762250041,0.6821502629310305,1,13,fold_1,fold,1
101,C,0.5072883731551615,0.011711032105816623,0.48100059473902135,1,13,fold_1,fold,1
102,A,0.3107960267986757,0.005846423212652465,0.6833575499886717,1,13,fold_1,fold,1
102,C,0.5056875746849387,0.011037547699485912,0.48327487761557564,1,13,fold_1,fold,1
103,A,0.3100242926223147,0.005485350462924142,0.6844903569147616,1,13,fold_1,fold,1
103,C,0.5041840563272239,0.010398061779496615,0.4854178818932802,1,13,fold_1,fold,1
104,A,0.30930099575400577,0.005145874519077894,0.6855531297269167,1,13,fold_1,fold,1
104,C,0.5027722659712838,0.009791439465220845,0.48743629456349435,1,13,fold_1,fold,1
105,A,0.30862315456365796,0.004826780182849888,0.6865500652534917,1,13,fold_1,fold,1
105,C,0.5014469220439204,0.009216506491962631,0.4893365714641181,1,13,fold_1,fold,1
106,A,0.3079879645210722,0.004526912172256818,0.6874851233066721,1,13,fold_1,fold,1
106,C,0.5002030065842114,0.008672062640403565,0.4911249307753847,1,13,fold_1,fold,1
107,A,0.3073927883820656,0.0042451731480738905,0.6883620384698612,1,13,fold_1,fold,1
107,C,0.4990357575299595,0.008156893442453284,0.49280734902758816,1,13,fold_1,fold,1
108,A,0.30683514684119545,0.003980521675453739,0.6891843314833517,1,13,fold_1,fold,1
108,C,0.49794066040326734,0.007669780307455627,0.4943895592892785,1,13,fold_1,fold,1
109,A,0.3063127096372629,0.0037319701449830167,0.6899553202177529,1,13,fold_1,fold,1
109,C,0.4969134395573978,0.007209509208720367,0.4958770512338819,1,13,fold_1,fold,1
110,A,0.3058232870975361,0.0034985826731751056,0.690678130229289,1,13,fold_1,fold,1
110,C,0.4959500491255132,0.006774878063694267,0.4972750728107922,1,13,fold_1,fold,1
111,A,0.30536482210616683,0.0032794729992207255,0.6913557048946132,1,13,fold_1,fold,1
111,C,0.4950466637913711,0.006364702935690774,0.4985886332729392,1,13,fold_1,fold,1
112,A,0.30493538248179913,0.0030738023923397697,0.6919908151258607,1,13,fold_1,fold,1
112,C,0.4941996694827192,0.005977823179945952,0.4998225073373339,1,13,fold_1,fold,1
113,A,0.3045331537490053,0.002880777581781197,0.692586068669214,1,13,fold_1,fold,1
113,C,0.49340565407118714,0.005613105649932159,0.500981240278879,1,13,fold_1,fold,1
114,A,0.3041564322881357,0.002699648719333169,0.693143918992532,1,13,fold_1,fold,1
114,C,0.49266139814823484,0.005269448071430823,0.5020691537803337,1,13,fold_1,fold,1
115,A,0.3038036188482654,0.0025297073823130987,0.6936666737694218,1,13,fold_1,fold,1
115,C,0.49196386593461605,0.004945781683190204,0.5030903523821927,1,13,fold_1,fold,1
116,A,0.3034732124080057,0.0023702846234748077,0.6941565029685204,1,13,fold_1,fold,1
116,C,0.4913101963699709,0.004641073234933246,0.5040487303950959,1,13,fold_1,fold,1
117,A,0.3031638043691578,0.002220749072954473,0.6946154465578872,1,13,fold_1,fold,1
117,C,0.490697694418617,0.004354326426710866,0.5049479791546729,1,13,fold_1,fold,1
118,A,0.3028740730681323,0.00208050509651456,0.6950454218353534,1,13,fold_1,fold,1
118,C,0.49012382262611964,0.004084582859654399,0.5057915945142264,1,13,fold_1,fold,1
119,A,0.30260277859082146,0.0019489910128180903,0.6954482303963602,1,13,fold_1,fold,1
119,C,0.4895861929400397,0.003830922574695719,0.506582884485264,1,13,fold_1,fold,1
120,A,0.3023487578766471,0.001825677371984587,0.6958255647513681,1,13,fold_1,fold,1
120,C,0.48908255881537377,0.003592464235529061,0.5073249769490971,1,13,fold_1,fold,1
121,A,0.30211092009786716,0.001710065296902155,0.6961790146052297,1,13,fold_1,fold,1
121,C,0.4886108076165421,0.0033683650093813476,0.5080208273740768,1,13,fold_1,fold,1
122,A,0.3018882423006886,0.0016016848881328547,0.6965100728111782,1,13,fold_1,fold,1
122,C,0.48816895332294324,0.0031578201941012277,0.5086732264829559,1,13,fold_1,fold,1
123,A,0.3016797652951611,0.001500093692668616,0.6968201410121699,1,13,fold_1,fold,1
123,C,0.4877551295404307,0.002960062635582752,0.5092848078239858,1,13,fold_1,fold,1
124,A,0.3014845897812876,0.0014048752363509194,0.6971105349823612,1,13,fold_1,fold,1
124,C,0.48736758281872133,0.0027743619736230944,0.5098580552076547,1,13,fold_1,fold,1
125,A,0.3013018726991978,0.0013156376194141497,0.697382489681388,1,13,fold_1,fold,1
125,C,0.487004666272929,0.002600023748882001,0.5103953099781884,1,13,fold_1,fold,1
126,A,0.3011308237916962,0.0012320121743031852,0.6976371640340001,1,13,fold_1,fold,1
126,C,0.4866648335054593,0.0024363883995137036,0.5108987780950279,1,13,fold_1,fold,1
127,A,0.30097070236796175,0.001153652184643494,0.6978756454473944,1,13,fold_1,fold,1
127,C,0.48634663282252644,0.002282830172716996,0.5113705370047573,1,13,fold_1,fold,1
128,A,0.30082081425763674,0.0010802316640197945,0.6980989540783438,1,13,fold_1,fold,1
128,C,0.4860487017381237,0.0021387559731990873,0.5118125422886767,1,13,fold_1,fold,1
129,A,0.30068050894501314,0.0010114441930479954,0.6983080468619386,1,13,fold_1,fold,1
129,C,0.4857697617573503,0.0020036041673418613,0.5122266340753081,1,13,fold_1,fold,1
130,A,0.3005491768734684,9.470018130926221e-4,0.6985038213134394,1,13,fold_1,fold,1
130,C,0.485508613430331,0.0018768433590105732,0.5126145432106584,1,13,fold_1,fold,1
131,A,0.3004262469107375,8.866339748773571e-4,0.6986871191143853,1,13,fold_1,fold,1
131,C,0.4852641316674493,0.0017579711505738374,0.5129778971819772,1,13,fold_1,fold,1
132,A,0.3003111839660736,8.300865401566937e-4,0.69885872949377,1,13,fold_1,fold,1
132,C,0.4850352613061086,0.0016465129006684389,0.513318225793223,1,13,fold_1,fold,1
133,A,0.30020348675074865,7.771208345611715e-4,0.6990193924146907,1,13,fold_1,fold,1
133,C,0.4848210129190331,0.001542020488396404,0.5136369665925713,1,13,fold_1,fold,1
134,A,0.30010268567377235,7.275127496947582e-4,0.6991698015765326,1,13,fold_1,fold,1
134,C,0.4846204588539623,0.0014440710919665747,0.5139354700540711,1,13,fold_1,fold,1
135,A,0.3000083408651203,6.810518925469608e-4,0.699310607242331,1,13,fold_1,fold,1
135,C,0.48443272949462857,0.0013522659883327,0.5142150045170377,1,13,fold_1,fold,1
136,A,0.2999200403191287,6.375407802782652e-4,0.6994424189005927,1,13,fold_1,fold,1
136,C,0.48425700973294217,0.0012662293791319936,0.5144767608879269,1,13,fold_1,fold,1
137,A,0.2998373981511548,5.967940784136457e-4,0.6995658077704308,1,13,fold_1,fold,1
137,C,0.4840925356425357,0.0011856072470884927,0.5147218571103768,1,13,fold_1,fold,1
138,A,0.299760052960717,5.586378807210122e-4,0.6996813091585617,1,13,fold_1,fold,1
138,C,0.483938591343534,0.0011100662465605884,0.5149513424099047,1,13,fold_1,fold,1
139,A,0.29968766629514376,5.229090286176896e-4,0.6997894246762383,1,13,fold_1,fold,1
139,C,0.48379450604957946,0.0010392926301535164,0.5151662013202667,1,13,fold_1,fold,1
140,A,0.29961992120770464,4.894544684010785e-4,0.699890624323894,1,13,fold_1,fold,1
140,C,0.483659651287593,9.729912134620761e-4,0.5153673574989454,1,13,fold_1,fold,1
141,A,0.2995565209045996,4.581306445358322e-4,0.6999853484508642,1,13,fold_1,fold,1
141,C,0.4835334382812905,9.108843792074614e-4,0.5155556773395019,1,13,fold_1,fold,1
142,A,0.2994971874755285,4.2880292725497635e-4,0.7000740095972167,1,13,fold_1,fold,1
142,C,0.4834153154897566,8.52711121485132e-4,0.5157319733887589,1,13,fold_1,fold,1
143,A,0.29944166070285433,4.0134507274817326e-4,0.7001569942243984,1,13,fold_1,fold,1
143,C,0.4833047662928017,7.982261303446153e-4,0.5158970075768542,1,13,fold_1,fold,1
144,A,0.2993896969446837,3.7563871428487113e-4,0.7002346643410318,1,13,fold_1,fold,1
144,C,0.4832013068151389,7.471989166086223e-4,0.5160514942682523,1,13,fold_1,fold,1
145,A,0.2993410680873879,3.51572882701005e-4,0.700307359029912,1,13,fold_1,fold,1
145,C,0.4831044838816877,6.994129765962189e-4,0.5161961031417156,1,13,fold_1,fold,1
146,A,0.29929556056337014,3.2904355473664047e-4,0.700375395881894,1,13,fold_1,fold,1
146,C,0.483013873096661,6.546649961762825e-4,0.5163314619071616,1,13,fold_1,fold,1
147,A,0.29925297443011795,3.0795322775924085e-4,0.7004390723421231,1,13,fold_1,fold,1
147,C,0.4829290770394466,6.127640933587024e-4,0.5164581588671929,1,13,fold_1,fold,1
148,A,0.29921312250681575,2.882105194612424e-4,0.7004986669737233,1,13,fold_1,fold,1
148,C,0.48284972357060324,5.735310984645315e-4,0.5165767453309321,1,13,fold_1,fold,1
149,A,0.2991758295650068,2.6972979118337193e-4,0.7005544406438095,1,13,fold_1,fold,1
149,C,0.48277546424165063,5.36797870802576e-4,0.5166877378875456,1,13,fold_1,fold,1
150,A,0.29914093156999516,2.5243079357791854e-4,0.7006066376364268,1,13,fold_1,fold,1
150,C,0.4827059728026254,5.024066506962814e-4,0.5167916205466773,1,13,fold_1,fold,1
151,A,0.2991082749698727,2.3623833338394707e-4,0.7006554866967435,1,13,fold_1,fold,1
151,C,0.4826409438016639,4.702094456371105e-4,0.5168888467526996,1,13,fold_1,fold,1
152,A,0.29907771602923955,2.2108196014115704e-4,0.7007012020106193,1,13,fold_1,fold,1
152,C,0.482580091271194,4.400674492895953e-4,0.5169798412795168,1,13,fold_1,fold,1
153,A,0.2990491202048616,2.0689567172365843e-4,0.7007439841234141,1,13,fold_1,fold,1
153,C,0.48252314749561953,4.118504920425458e-4,0.5170650020123382,1,13,fold_1,fold,1
154,A,0.2990223615606738,1.9361763762957825e-4,0.7007840208016979,1,13,fold_1,fold,1
154,C,0.48246986185560103,3.8543652178846694e-4,0.51714470162261,1,13,fold_1,fold,1
155,A,0.2989973222196841,1.8118993901553967e-4,0.7008214878413002,1,13,fold_1,fold,1
155,C,0.4824199997443731,3.6071111361345685e-4,0.5172192891420136,1,13,fold_1,fold,1
156,A,0.2989738918505019,1.6955832451561343e-4,0.7008565498249827,1,13,fold_1,fold,1
156,C,0.48237334155172507,3.375670070881321e-4,0.5172890914411852,1,13,fold_1,fold,1
157,A,0.29895196718632205,1.5867198092971068e-4,0.7008893608327486,1,13,fold_1,fold,1
157,C,0.48232968171159696,3.159036698581995e-4,0.5173544146185471,1,13,fold_1,fold,1
158,A,0.29893145157433704,1.4848331793469057e-4,0.7009200651077275,1,13,fold_1,fold,1
158,C,0.48228882780931626,2.956268863125127e-4,0.5174155453043713,1,13,fold_1,fold,1
159,A,0.2989122545536998,1.3894776597230427e-4,0.700948797680329,1,13,fold_1,fold,1
159,C,0.48225059974497964,2.76648370019128e-4,0.5174727518850016,1,13,fold_1,fold,1
160,A,0.2988942914602353,1.300235865520117e-4,0.7009756849532128,1,13,fold_1,fold,1
160,C,0.48221482894942325,2.588853987606817e-4,0.5175262856518148,1,13,fold_1,fold,1
161,A,0.2988774830562323,1.2167169423796796e-4,0.7010008452495299,1,13,fold_1,fold,1
161,C,0.4821813576496205,2.4226047100991426e-4,0.5175763818793707,1,13,fold_1,fold,1
162,A,0.29886175518373326,1.1385548962711777e-4,0.7010243893266398,1,13,fold_1,fold,1
162,C,0.48215003818038915,2.2670098271924122e-4,0.5176232608368925,1,13,fold_1,fold,1
163,A,0.2988470384398546,1.0654070266005115e-4,0.7010464208574859,1,13,fold_1,fold,1
163,C,0.4821207323396118,2.1213892333062632e-4,0.5176671287370567,1,13,fold_1,fold,1
164,A,0.2988332678727459,9.969524564463004e-5,0.7010670368816095,1,13,fold_1,fold,1
164,C,0.4820933107842224,1.9851058996017432e-4,0.5177081786258177,1,13,fold_1,fold,1
165,A,0.29882038269689876,9.328907540944432e-5,0.7010863282276918,1,13,fold_1,fold,1
165,C,0.4820676524644462,1.8575631876146254e-4,0.5177465912167933,1,13,fold_1,fold,1
166,A,0.2988083260265711,8.729406403720099e-5,0.70110437990939245,1,13,fold_1,fold,1
166,C,0.4820436440939088,1.7382023251482146e-4,0.5177825356735749,1,13,fold_1,fold,1
167,A,0.29879704462619555,8.168387765840927e-5,0.7011212714961467,1,13,fold_1,fold,1
167,C,0.4820211796533749,1.6265000352954303e-4,0.5178161703430947,1,13,fold_1,fold,1
168,A,0.2987864886766909,7.643386281504928e-5,0.7011370774604933,1,13,fold_1,fold,1
168,C,0.4820001599259856,1.521966309872343e-4,0.5178476434430266,1,13,fold_1,fold,1
169,A,0.29877661155667906,7.152093993256801e-5,0.7011518675033881,1,13,fold_1,fold,1
169,C,0.48198049206206073,1.4241423189745482e-4,0.5178770937060416,1,13,fold_1,fold,1
170,A,0.29876736963765016,6.692350346578901e-5,0.7011657068588837,1,13,fold_1,fold,1
170,C,0.4819620891715773,1.3325984487875782e-4,0.5179046509835432,1,13,fold_1,fold,1
171,A,0.298758722092209,6.26213283097463e-5,0.7011786565794811,1,13,fold_1,fold,1
171,C,0.481944869942604,1.2469324601794638e-4,0.5179304368113778,1,13,fold_1,fold,1
172,A,0.2987506307145619,5.8595482090319275e-5,0.7011907738033475,1,13,fold_1,fold,1
172,C,0.4819287582840333,1.16676776098267e-4,0.5179545649398695,1,13,fold_1,fold,1
173,A,0.29874305975247156,5.482824297223983e-5,0.7012021120045572,1,13,fold_1,fold,1
173,C,0.4819136829910995,1.0917517852429201e-4,0.517977141830376,1,13,fold_1,fold,1
174,A,0.29873597574994887,5.130302264362669e-5,0.7012127212274079,1,13,fold_1,fold,1
174,C,0.48189957743223955,1.021554473073156e-4,0.5179982671204529,1,13,fold_1,fold,1
175,A,0.2987293474000007,4.800429415661291e-5,0.7012226483058427,1,13,fold_1,fold,1
175,C,0.48188637925592587,9.558668450976753e-5,0.5180180340595636,1,13,fold_1,fold,1
176,A,0.2987231454067995,4.49175243228224e-5,0.7012319370688775,1,13,fold_1,fold,1
176,C,0.48187403011624025,8.943996658012072e-5,0.5180365299171807,1,13,fold_1,fold,1
177,A,0.2987173423566627,4.202911038029439e-5,0.7012406285329578,1,13,fold_1,fold,1
177,C,0.4818624754159646,8.368821904060394e-5,0.5180538363649952,1,13,fold_1,fold,1
178,A,0.2987119125972936,3.9326320667154826e-5,0.7012487610820392,1,13,fold_1,fold,1
178,C,0.4818516640661138,7.830609902454093e-5,0.5180700298348611,1,13,fold_1,fold,1
179,A,0.2987068321247482,3.679723905006569e-5,0.7012563706362008,1,13,fold_1,fold,1
179,C,0.4818415482608337,7.326988517970256e-5,0.5180851818539869,1,13,fold_1,fold,1
180,A,0.29870207847764635,3.443071287375708e-5,0.7012634908094804,1,13,fold_1,fold,1
180,C,0.48183208326670085,6.855737448992719e-5,0.5180993593588092,1,13,fold_1,fold,1
181,A,0.29869763063814847,3.2216304211461636e-5,0.7012701530576408,1,13,fold_1,fold,1
181,C,0.4818232272255215,6.414778559109688e-5,0.5181126249888871,1,13,fold_1,fold,1
182,A,0.2986934689392835,3.014424420937696e-5,0.7012763868165065,1,13,fold_1,fold,1
182,C,0.4818149409697435,6.0021668181755646e-5,0.5181250373620755,1,13,fold_1,fold,1
183,A,0.29868957497821425,2.8205390330709644e-5,0.7012822196314544,1,13,fold_1,fold,1
183,C,0.48180718784969156,5.6160818151398115e-5,0.5181366513321555,1,13,fold_1,fold,1
184,A,0.29868593153505796,2.639118631695139e-5,0.7012876772786251,1,13,fold_1,fold,1
184,C,0.4817999335718865,5.254819807215103e-5,0.5181475182300426,1,13,fold_1,fold,1
185,A,0.2986825224969139,2.4693624695456878e-5,0.7012927838783914,1,13,fold_1,fold,1
185,C,0.48179314604769735,4.916786272112077e-5,0.5181576860895807,1,13,fold_1,fold,1
186,A,0.29867933278676156,2.3105211672962967e-5,0.7012975620015659,1,13,fold_1,fold,1
186,C,0.48178679525173207,4.6004889320592084e-5,0.518167199858947,1,13,fold_1,fold,1
187,A,0.2986763482969214,2.161893426454228e-5,0.7013020327688129,1,13,fold_1,fold,1
187,C,0.4817808530892744,4.3045312201801404e-5,0.518176101598526,1,13,fold_1,fold,1
188,A,0.2986735558267792,2.0228229516787252e-5,0.7013062159437041,1,13,fold_1,fold,1
188,C,0.4817752932722414,4.027606161568615e-5,0.5181844306661424,1,13,fold_1,fold,1
189,A,0.2986709430245057,1.8926955692829597e-5,0.7013101300198006,1,13,fold_1,fold,1
189,C,0.4817700912031016,3.768490643087257e-5,0.5181922238904667,1,13,fold_1,fold,1
190,A,0.29866849833252557,1.770936529507893e-5,0.7013137923021796,1,13,fold_1,fold,1
190,C,0.481765223866227,3.526040047506998e-5,0.5181995157332985,1,13,fold_1,fold,1
191,A,0.2986662109364691,1.6570079809313227e-5,0.701317218983722,1,13,fold_1,fold,1
191,C,0.4817606697262248,3.299183229095138e-5,0.5182063384414849,1,13,fold_1,fold,1
192,A,0.2986640707174162,1.5504066061016652e-5,0.701320425216522,1,13,fold_1,fold,1
192,C,0.4817564086327987,3.086917809159883e-5,0.5182127221891097,1,13,fold_1,fold,1
193,A,0.2986620682072005,1.4506614081684326e-5,0.7013234251787193,1,13,fold_1,fold,1
193,C,0.4817524217317137,2.8883057713805094e-5,0.518218695210572,1,13,fold_1,fold,1
194,A,0.29866019454657455,1.3573316389234419e-5,0.7013262321370363,1,13,fold_1,fold,1
194,C,0.48174869138147697,2.7024693379997042e-5,0.518224283925143,1,13,fold_1,fold,1
195,A,0.2986584414460787,1.2700048592692997e-5,0.7013288585053281,1,13,fold_1,fold,1
195,C,0.4817452010753739,2.528587109127752e-5,0.5182295130535354,1,13,fold_1,fold,1
196,A,0.29865680114940796,1.1882951236963925e-5,0.7013313158993547,1,13,fold_1,fold,1
196,C,0.4817419353685042,2.3658904485099878e-5,0.5182344057270131,1,13,fold_1,fold,1
197,A,0.29865526639913786,1.1118412808778278e-5,0.7013336151880536,1,13,fold_1,fold,1
197,C,0.4817388798095095,2.213660100139252e-5,0.5182389835894897,1,13,fold_1,fold,1
198,A,0.29865383040465093,1.0403053830003177e-5,0.7013357665415193,1,13,fold_1,fold,1
198,C,0.4817360208766957,2.0712230210998787e-5,0.5182432668930939,1,13,fold_1,fold,1
199,A,0.29865248681212564,9.733711968912772e-6,0.7013377794759057,1,13,fold_1,fold,1
199,C,0.48173334591823747,1.93794941687866e-5,0.5182472745875952,1,13,fold_1,fold,1
200,A,0.2986512296764484,9.107428104618723e-6,0.7013396628954468,1,13,fold_1,fold,1
200,C,0.48173084309624703,1.8132499662984713e-5,0.5182510244040923,1,13,fold_1,fold,1
201,A,0.298650053434936,8.521433283901947e-6,0.7013414251317803,1,13,fold_1,fold,1
201,C,0.4817285013344231,1.6965732240213956e-5,0.5182545329333358,1,13,fold_1,fold,1
202,A,0.29864895288274207,7.973136513521781e-6,0.7013430739807445,1,13,fold_1,fold,1
202,C,0.48172631026907686,1.587403189321915e-5,0.5182578156990287,1,13,fold_1,fold,1
203,A,0.2986479231498486,7.460113334665526e-6,0.7013446167368173,1,13,fold_1,fold,1
203,C,0.4817242602032905,1.4852570305369176e-5,0.5182608872264041,1,13,fold_1,fold,1
204,A,0.2986469596795291,6.980095129593187e-6,0.7013460602253413,1,13,fold_1,fold,1
204,C,0.48172234206403397,1.3896829552699052e-5,0.5182637611064127,1,13,fold_1,fold,1
205,A,0.29864605820820467,6.530959113713389e-6,0.701347410832681,1,13,fold_1,fold,1
205,C,0.48172054736203734,1.3002582170567764e-5,0.5182664500557916,1,13,fold_1,fold,1
206,A,0.298645214746588,6.110718969296886e-6,0.7013486745344427,1,13,fold_1,fold,1
206,C,0.48171886815423653,1.2165872497877576e-5,0.5182689659732643,1,13,fold_1,fold,1
207,A,0.29864442556204274,5.717516079810931e-6,0.7013498569218771,1,13,fold_1,fold,1
207,C,0.48171729700864274,1.1382999217293438e-5,0.518271319992139,1,13,fold_1,fold,1
208,A,0.2986436871620762,5.349611326463389e-6,0.701350963226598,1,13,fold_1,fold,1
208,C,0.4817158269714609,1.065049901505875e-5,0.518273522529525,1,13,fold_1,fold,1
209,A,0.29864299627889207,5.0053774109912915e-6,0.7013519983436973,1,13,fold_1,fold,1
209,C,0.481714451536327,9.965131288856355e-6,0.518275583332383,1,13,fold_1,fold,1
210,A,0.2986423498549395,4.683291671020652e-6,0.7013529668533887,1,13,fold_1,fold,1
210,C,0.4817131646155329,9.323863836710815e-6,0.5182775115206278,1,13,fold_1,fold,1
211,A,0.29864174502938823,4.381929356469633e-6,0.7013538730412551,1,13,fold_1,fold,1
211,C,0.4817119605130839,8.723859464185301e-6,0.5182793156274528,1,13,fold_1,fold,1
212,A,0.29864117912547267,4.099957337475407e-6,0.7013547209171891,1,13,fold_1,fold,1
212,C,0.48171083389949476,8.162463451113387e-6,0.5182810036370533,1,13,fold_1,fold,1
213,A,0.298640649638655,3.8361282162076775e-6,0.7013555142331293,1,13,fold_1,fold,1
213,C,0.48170977978822316,7.637191822843735e-6,0.5182825830199531,1,13,fold_1,fold,1
214,A,0.2986401542255428,3.5892748166950462e-6,0.7013562564996407,1,13,fold_1,fold,1
214,C,0.48170879351359347,7.145720374480989e-6,0.5182840607660315,1,13,fold_1,fold,1
215,A,0.2986396906935234,3.3583050284425715e-6,0.7013569510014471,1,13,fold_1,fold,1
215,C,0.4817078707101575,6.685874399890639e-6,0.5182854434154427,1,13,fold_1,fold,1
216,A,0.2986392569910659,3.142196981165576e-6,0.7013576008119525,1,13,fold_1,fold,1
216,C,0.4817070072933776,6.255619080311063e-6,0.5182867370875427,1,13,fold_1,fold,1
217,A,0.2986388511986418,2.9399945294118784e-6,0.7013582088068296,1,13,fold_1,fold,1
217,C,0.48170619944155146,5.8530504902927385e-6,0.5182879475079578,1,13,fold_1,fold,1
218,A,0.29863847152023365,2.7508030272094184e-6,0.7013587776767393,1,13,fold_1,fold,1
218,C,0.48170544357890244,5.4763871814064045e-6,0.5182890800339167,1,13,fold_1,fold,1
219,A,0.29863811627539083,2.573785374129429e-6,0.701359309939235,1,13,fold_1,fold,1
219,C,0.48170473635975236,5.1239623066423075e-6,0.5182901396779398,1,13,fold_1,fold,1
220,A,0.2986377838917923,2.4081583153603233e-6,0.7013598079498929,1,13,fold_1,fold,1
220,C,0.48170407465372506,4.794216250833898e-6,0.518291131130024,1,13,fold_1,fold,1
221,A,0.29863747289829046,2.2531889794975004e-6,0.701360273912731,1,13,fold_1,fold,1
221,C,0.4817034555318773,4.485689734645186e-6,0.5182920587783876,1,13,fold_1,fold,1
222,A,0.29863718191840105,2.1081916387960042e-6,0.7013607098899606,1,13,fold_1,fold,1
222,C,0.48170287625375446,4.197017361734859e-6,0.5182929267288833,1,13,fold_1,fold,1
223,A,0.2986369096642141,1.972524677608329e-6,0.7013611178111084,1,13,fold_1,fold,1
223,C,0.4817023342552503,3.926921580650789e-6,0.5182937388231689,1,13,fold_1,fold,1
224,A,0.29863665493069375,1.8455877556444524e-6,0.7013614994815512,1,13,fold_1,fold,1
224,C,0.4817018271372643,3.674207034831618e-6,0.5182944986557002,1,13,fold_1,fold,1
225,A,0.29863641659034623,1.7268191535480621e-6,0.7013618565904999,1,13,fold_1,fold,1
225,C,0.48170135265508307,3.4377552757996076e-6,0.5182952095896404,1,13,fold_1,fold,1
226,A,0.29863619358823085,1.615693289084233e-6,0.7013621907184798,1,13,fold_1,fold,1
226,C,0.48170090870844734,3.216519816224661e-6,0.5182958747717369,1,13,fold_1,fold,1
227,A,0.2986359849372919,1.5117183929833875e-6,0.7013625033443153,1,13,fold_1,fold,1
227,C,0.4817004933322508,3.0095215010327667e-6,0.5182964971462477,1,13,fold_1,fold,1
228,A,0.29863578971399035,1.4144343341884826e-6,0.7013627958516757,1,13,fold_1,fold,1
228,C,0.48170010468785285,2.81584417613015e-6,0.5182970794679703,1,13,fold_1,fold,1
229,A,0.29863560705421593,1.3234105849097601e-6,0.7013630695351999,1,13,fold_1,fold,1
229,C,0.4816997410549313,2.6346306356248037e-6,0.5182976243144328,1,13,fold_1,fold,1
230,A,0.29863543614946503,1.2382443165069402e-6,0.701363325606218,1,13,fold_1,fold,1
230,C,0.4816994008238751,2.465078829653346e-6,0.518298134097296,1,13,fold_1,fold,1
231,A,0.29863527624326275,1.1585586177946073e-6,0.7013635651981198,1,13,fold_1,fold,1
231,C,0.4816990824886552,2.3064383160688766e-6,0.5182986110730299,1,13,fold_1,fold,1
232,A,0.29863512662781294,1.0840008279056572e-6,0.7013637893713599,1,13,fold_1,fold,1
232,C,0.4816987846401602,2.1580069403194463e-6,0.5182990573528995,1,13,fold_1,fold,1
233,A,0.2986349866408661,1.0142409763523021e-6,0.7013639991181575,1,13,fold_1,fold,1
233,C,0.4816985059599645,2.0191277288521025e-6,0.5182994749123068,1,13,fold_1,fold,1
234,A,0.2986348556627926,9.489703233963374e-7,0.7013641953668842,1,13,fold_1,fold,1
234,C,0.48169824521448573,1.889185982319039e-6,0.5182998655995315,1,13,fold_1,fold,1
235,A,0.29863473311383415,8.878999942826478e-7,0.7013643789861729,1,13,fold_1,fold,1
235,C,0.48169800124952855,1.7676065557430264e-6,0.5183002311439157,1,13,fold_1,fold,1
236,A,0.2986346184515421,8.307597013035902e-7,0.7013645507887567,1,13,fold_1,fold,1
236,C,0.48169777298517535,1.6538513136241985e-6,0.5183005731635134,1,13,fold_1,fold,1
237,A,0.2986345111683765,7.772965480491052e-7,0.7013647115350757,1,13,fold_1,fold,1
237,C,0.48169755941100256,1.547416748741321e-6,0.518300893172249,1,13,fold_1,fold,1
238,A,0.29863441078945746,7.272739105603826e-7,0.7013648619366322,1,13,fold_1,fold,1
238,C,0.48169735958161897,1.447831754124785e-6,0.5183011925866274,1,13,fold_1,fold,1
239,A,0.2986343168704664,6.804703904429872e-7,0.7013650026591425,1,13,fold_1,fold,1
239,C,0.4816971726124672,1.3546555383510164e-6,0.5183014727319931,1,13,fold_1,fold,1
240,A,0.2986342289956767,6.366788353138606e-7,0.7013651343254872,1,13,fold_1,fold,1
240,C,0.4816969976759204,1.267475674943835e-6,0.5183017348484042,1,13,fold_1,fold,1
241,A,0.29863414677611605,5.957054222534902e-7,0.7013652575184621,1,13,fold_1,fold,1
241,C,0.4816968339976101,1.1859062772593617e-6,0.518301980096114,1,13,fold_1,fold,1
242,A,0.29863406984784285,5.573688002124694e-7,0.7013653727833579,1,13,fold_1,fold,1
242,C,0.4816966808530035,1.1095862907851745e-6,0.5183022095607059,1,13,fold_1,fold,1
243,A,0.2986339978703365,5.214992875819201e-7,0.7013654806303762,1,13,fold_1,fold,1
243,C,0.4816965375641956,1.0381778953025117e-6,0.5183024242579094,1,13,fold_1,fold,1
244,A,0.29863393052499165,4.879381213807312e-7,0.701365581536887,1,13,fold_1,fold,1
244,C,0.4816964034969084,9.713650098458756e-7,0.5183026251380826,1,13,fold_1,fold,1
245,A,0.2986338675137043,4.5653675474058834e-7,0.7013656759495408,1,13,fold_1,fold,1
245,C,0.48169627805768184,9.088518938486107e-7,0.5183028130904249,1,13,fold_1,fold,1
246,A,0.29863380855755606,4.271561995830526e-7,0.7013657642862435,1,13,fold_1,fold,1
246,C,0.48169616069124876,8.503618382880561e-7,0.5183029889469134,1,13,fold_1,fold,1
247,A,0.29863375339557824,3.9966641158248463e-7,0.7013658469380106,1,13,fold_1,fold,1
247,C,0.4816960508780769,7.956359410414012e-7,0.5183031534859813,1,13,fold_1,fold,1
248,A,0.29863370178359444,3.7394571469539547e-7,0.7013659242706904,1,13,fold_1,fold,1
248,C,0.4816959481320697,7.444319610355069e-7,0.5183033074359696,1,13,fold_1,fold,1
249,A,0.2986336534931451,3.4988026271159927e-7,0.7013659966265924,1,13,fold_1,fold,1
249,C,0.4816958519984102,6.965232461222776e-7,0.5183034514783432,1,13,fold_1,fold,1
250,A,0.298633608310471,3.273635354461129e-7,0.7013660643259942,1,13,fold_1,fold,1
250,C,0.4816957620515554,6.516977299370095e-7,0.518303586250714,1,13,fold_1,fold,1
251,A,0.29863356603556945,3.062958673438142e-7,0.7013661276685631,1,13,fold_1,fold,1
251,C,0.4816956778933467,6.097569933021285e-7,0.5183037123496606,1,13,fold_1,fold,1
252,A,0.2986335264813097,2.865840064120938e-7,0.7013661869346844,1,13,fold_1,fold,1
252,C,0.4816955991512477,5.705153860240568e-7,0.5183038303333654,1,13,fold_1,fold,1
253,A,0.29863348947260304,2.6814070153076246e-7,0.7013662423866941,1,13,fold_1,fold,1
253,C,0.481695525476701,5.337992051979616e-7,0.5183039407240945,1,13,fold_1,fold,1
254,A,0.29863345484562975,2.508843163139001e-7,0.7013662942700539,1,13,fold_1,fold,1
254,C,0.4816954565435769,4.994459263849965e-7,0.518304044010499,1,13,fold_1,fold,1
255,A,0.2986334224471108,2.3473846781569714e-7,0.7013663428144217,1,13,fold_1,fold,1
255,C,0.48169539204673384,4.673034842604662e-7,0.5183041406497825,1,13,fold_1,fold,1
256,A,0.29863339213363294,2.1963168848215664e-7,0.7013663882346782,1,13,fold_1,fold,1
256,C,0.48169533170067297,4.3722959955011887e-7,0.5183042310697288,1,13,fold_1,fold,1
257,A,0.2986333637710118,2.0549710985328858e-7,0.7013664307318788,1,13,fold_1,fold,1
257,C,0.48169527523826267,4.0909114927643466e-7,0.5183043156705882,1,13,fold_1,fold,1
258,A,0.2986333372336982,1.9227216661663057e-7,0.7013664704941355,1,13,fold_1,fold,1
258,C,0.48169522240956814,3.827635775285001e-7,0.518304394826854,1,13,fold_1,fold,1
259,A,0.29863331240422264,1.7989831970281106e-7,0.701366507697457,1,13,fold_1,fold,1
259,C,0.48169517298073505,3.581303441479924e-7,0.5183044688889195,1,13,fold_1,fold,1
260,A,0.29863328917267706,1.6832079719816523e-7,0.7013665425065259,1,13,fold_1,fold,1
260,C,0.4816951267329643,3.350824088917858e-7,0.5183045381846277,1,13,fold_1,fold,1
261,A,0.29863326743622415,1.574883519281666e-7,0.7013665750754231,1,13,fold_1,fold,1
261,C,0.4816950834615313,3.1351774878853304e-7,0.5183046030207206,1,13,fold_1,fold,1
262,A,0.2986332470986466,1.4735303463916574e-7,0.7013666055483199,1,13,fold_1,fold,1
262,C,0.48169504297489074,2.9334090655342026e-7,0.518304663684203,1,13,fold_1,fold,1
263,A,0.2986332280699177,1.3786998177488754e-7,0.701366634060101,1,13,fold_1,fold,1
263,C,0.4816950050938251,2.744625680626608e-7,0.5183047204436076,1,13,fold_1,fold,1
264,A,0.29863321026580525,1.289972169087037e-7,0.7013666607369777,1,13,fold_1,fold,1
264,C,0.4816949696506471,2.5679916701787866e-7,0.5183047735501869,1,13,fold_1,fold,1
265,A,0.29863319360749857,1.2069546495309293e-7,0.7013666856970365,1,13,fold_1,fold,1
265,C,0.4816949364884641,2.402725150508308e-7,0.5183048232390207,1,13,fold_1,fold,1
266,A,0.2986331780212576,1.1292797832421438e-7,0.7013667090507639,1,13,fold_1,fold,1
266,C,0.48169490546048155,2.2480945563148616e-7,0.5183048697300646,1,13,fold_1,fold,1
267,A,0.29863316343808866,1.0566037429240604e-7,0.7013667309015373,1,13,fold_1,fold,1
267,C,0.4816948764293463,2.1034154024777897e-7,0.5183049132291135,1,13,fold_1,fold,1
268,A,0.2986331497934371,9.886048241990694e-8,0.7013667513460804,1,13,fold_1,fold,1
268,C,0.4816948492665495,1.968047246693996e-7,0.5183049539287256,1,13,fold_1,fold,1
269,A,0.2986331370269061,9.24982040307785e-8,0.7013667704748909,1,13,fold_1,fold,1
269,C,0.4816948238518568,1.8413908916764165e-7,0.5183049920090547,1,13,fold_1,fold,1
270,A,0.2986331250819751,8.654537292725799e-8,0.7013667883726513,1,13,fold_1,fold,1
270,C,0.48169480007275167,1.722885612178356e-7,0.5183050276386882,1,13,fold_1,fold,1
271,A,0.29863311390575825,8.097563251371558e-8,0.7013668051186097,1,13,fold_1,fold,1
271,C,0.48169477782394665,1.6120067086820624e-7,0.5183050609753819,1,13,fold_1,fold,1
272,A,0.2986331034487827,7.576432908337123e-8,0.7013668207868878,1,13,fold_1,fold,1
272,C,0.4816947570069599,1.5082633828788856e-7,0.5183050921667014,1,13,fold_1,fold,1
273,A,0.29863309366472424,7.088837616874296e-8,0.7013668354468998,1,13,fold_1,fold,1
273,C,0.48169473752956915,1.4111960370886956e-7,0.5183051213508266,1,13,fold_1,fold,1
274,A,0.29863308451044845,6.632627878025242e-8,0.7013668491632723,1,13,fold_1,fold,1
274,C,0.48169471930590796,1.3203767567342224e-7,0.5183051486564165,1,13,fold_1,fold,1
275,A,0.29863307594544775,6.205784881171274e-8,0.7013668619967044,1,13,fold_1,fold,1
275,C,0.48169470225533273,1.2354036445826754e-7,0.5183051742043037,1,13,fold_1,fold,1
276,A,0.2986330679319301,5.80642537568253e-8,0.7013668740038161,1,13,fold_1,fold,1
276,C,0.4816946863026128,1.155901790565643e-7,0.5183051981072084,1,13,fold_1,fold,1
277,A,0.298633060431436,5.4326326271639057e-8,0.701366885242238,1,13,fold_1,fold,1
277,C,0.4816946713711815,1.0814896191119919e-7,0.5183052204798559,1,13,fold_1,fold,1
278,A,0.29863305341790813,5.0831081104379866e-8,0.701366895751011,1,13,fold_1,fold,1
278,C,0.4816946574091701,1.0119086254519711e-7,0.518305241399968,1,13,fold_1,fold,1
279,A,0.2986330468480624,4.755694731088199e-8,0.7013669055949913,1,13,fold_1,fold,1
279,C,0.4816946443304078,9.467293848387528e-8,0.5183052609966546,1,13,fold_1,fold,1
280,A,0.2986330405725672,4.442950526150159e-8,0.7013669149979278,1,13,fold_1,fold,1
280,C,0.4816946318376185,8.844703951664475e-8,0.5183052797153413,1,13,fold_1,fold,1
281,A,0.2986330350118069,4.165825577491631e-8,0.7013669233299372,1,13,fold_1,fold,1
281,C,0.4816946207676723,8.293022688072215e-8,0.5183052963021002,1,13,fold_1,fold,1
282,A,0.2986330297981052,3.905996486230141e-8,0.7013669311419304,1,13,fold_1,fold,1
282,C,0.4816946103886237,7.775772930755894e-8,0.5183053118536457,1,13,fold_1,fold,1
283,A,0.2986330249095903,3.662373315104798e-8,0.7013669384666777,1,13,fold_1,fold,1
283,C,0.48169460065693487,7.290784890589296e-8,0.5183053264352164,1,13,fold_1,fold,1
284,A,0.29863302032598,3.433945280330092e-8,0.7013669453345677,1,13,fold_1,fold,1
284,C,0.48169459153222793,6.836046353561281e-8,0.5183053401073097,1,13,fold_1,fold,1
285,A,0.29863301602825665,3.219764641647092e-8,0.7013669517740965,1,13,fold_1,fold,1
285,C,0.4816945829766439,6.409670610340847e-8,0.51830535292665,1,13,fold_1,fold,1
286,A,0.29863301199859016,3.018942770276401e-8,0.7013669578119823,1,13,fold_1,fold,1
286,C,0.4816945749546861,6.00988862840109e-8,0.518305364946427,1,13,fold_1,fold,1
287,A,0.29863300822026034,2.830646462110448e-8,0.7013669634732757,1,13,fold_1,fold,1
287,C,0.4816945674330722,5.6350417123739194e-8,0.5183053762165111,1,13,fold_1,fold,1
288,A,0.29863300467759163,2.6540944808499918e-8,0.7013669687814647,1,13,fold_1,fold,1
288,C,0.48169456038059433,5.2835746221841525e-8,0.5183053867836608,1,13,fold_1,fold,1
289,A,0.2986330013558842,2.4885543167438014e-8,0.7013669737585726,1,13,fold_1,fold,1
289,C,0.48169455376799114,4.95402912041125e-8,0.518305396691718,1,13,fold_1,fold,1
290,A,0.2986329982413575,2.3333391474846955e-8,0.7013669784252505,1,13,fold_1,fold,1
290,C,0.48169454756782726,4.645037922107887e-8,0.5183054059817941,1,13,fold_1,fold,1
291,A,0.29863299532108933,2.1878049886538926e-8,0.7013669828008606,1,13,fold_1,fold,1
291,C,0.48169454175437676,4.355319021973642e-8,0.5183054146924315,1,13,fold_1,fold,1
292,A,0.2986329925829633,2.051348021891722e-8,0.7013669869035574,1,13,fold_1,fold,1
292,C,0.4816945363035235,4.0836703753487e-8,0.5183054228597731,1,13,fold_1,fold,1
293,A,0.29863299001561805,1.923402089710256e-8,0.7013669907503617,1,13,fold_1,fold,1
293,C,0.4816945311926478,3.828964910959099e-8,0.5183054305177025,1,13,fold_1,fold,1
294,A,0.2986329876084027,1.8034363465545998e-8,0.7013669943572342,1,13,fold_1,fold,1
294,C,0.4816945264005473,3.590145854722505e-8,0.5183054376979946,1,13,fold_1,fold,1
295,A,0.29863298535132937,1.6909530563677523e-8,0.7013669977391402,1,13,fold_1,fold,1
295,C,0.48169452190733747,3.366222345213214e-8,0.518305444430439,1,13,fold_1,fold,1
296,A,0.29863298323503334,1.5854855275217984e-8,0.701367000910111,1,13,fold_1,fold,1
296,C,0.4816945176943772,3.1562653225956324e-8,0.5183054507429701,1,13,fold_1,fold,1
297,A,0.2986329812507344,1.4865961765480066e-8,0.7013670038833028,1,13,fold_1,fold,1
297,C,0.481694513744186,2.959403673969687e-8,0.5183054566617777,1,13,fold_1,fold,1
298,A,0.2986329793901997,1.3938747126327422e-8,0.7013670066710523,1,13,fold_1,fold,1
298,C,0.48169451004037517,2.774820619135722e-8,0.5183054622114182,1,13,fold_1,fold,1
299,A,0.2986329776457099,1.3069364353471064e-8,0.7013670092849262,1,13,fold_1,fold,1
299,C,0.4816945065675773,2.6017503217836683e-8,0.5183054674149189,1,13,fold_1,fold,1
300,A,0.29863297601002675,1.2254206385479987e-8,0.7013670117357669,1,13,fold_1,fold,1
300,C,0.48169450331138536,2.4394747120465644e-8,0.5183054722938694,1,13,fold_1,fold,1
301,A,0.2986329744763639,1.1489891138489613e-8,0.7013670140337455,1,13,fold_1,fold,1
301,C,0.4816945002582859,2.287320507405101e-8,0.51830547686851,1,13,fold_1,fold,1
302,A,0.2986329730383575,1.0773247474281564e-8,0.7013670161883946,1,13,fold_1,fold,1
302,C,0.4816944973956138,2.144656419366161e-8,0.5183054811578226,1,13,fold_1,fold,1
303,A,0.2986329716900427,1.010130204164718e-8,0.7013670182086538,1,13,fold_1,fold,1
303,C,0.4816944947114915,2.0108905327635657e-8,0.5183054851796035,1,13,fold_1,fold,1
304,A,0.2986329704258247,9.471266942257792e-9,0.7013670201029077,1,13,fold_1,fold,1
304,C,0.48169449219478316,1.8854678518421432e-8,0.5183054889505397,1,13,fold_1,fold,1
305,A,0.2986329692404576,8.88052816300463e-9,0.7013670218790129,1,13,fold_1,fold,1
305,C,0.48169448983504565,1.767867996841708e-8,0.5183054924862753,1,13,fold_1,fold,1
306,A,0.2986329681290242,8.326634730565439e-9,0.7013670235443417,1,13,fold_1,fold,1
306,C,0.4816944876224881,1.657603044943322e-8,0.5183054958014811,1,13,fold_1,fold,1
307,A,0.29863296708691256,7.807288542409975e-9,0.7013670251057981,1,13,fold_1,fold,1
307,C,0.4816944855479328,1.554215505878788e-8,0.5183054989099126,1,13,fold_1,fold,1
308,A,0.2986329661097992,7.320334832054846e-9,0.7013670265698657,1,13,fold_1,fold,1
308,C,0.48169448360277006,1.4572764238042693e-8,0.5183055018244647,1,13,fold_1,fold,1
309,A,0.2986329651936302,6.8637532290090704e-9,0.7013670279426163,1,13,fold_1,fold,1
309,C,0.4816944817789312,1.3663835975628638e-8,0.518305504557232,1,13,fold_1,fold,1
310,A,0.2986329643346045,6.4356493763197005e-9,0.7013670292297469,1,13,fold_1,fold,1
310,C,0.4816944800688488,1.2811599119519767e-8,0.5183055071195518,1,13,fold_1,fold,1
311,A,0.2986329635291573,6.034247070939373e-9,0.7013670304365958,1,13,fold_1,fold,1
311,C,0.48169447846542707,1.2012517730720368e-8,0.5183055095220567,1,13,fold_1,fold,1
312,A,0.29863296277394696,5.657880894307398e-9,0.7013670315681719,1,13,fold_1,fold,1
312,C,0.4816944769620133,1.1263276412648813e-8,0.5183055117747115,1,13,fold_1,fold,1
313,A,0.2986329620658408,5.304989302569342e-9,0.7013670326291693,1,13,fold_1,fold,1
313,C,0.48169447555236916,1.0560766555549853e-8,0.5183055138868644,1,13,fold_1,fold,1
314,A,0.29863296140190015,4.974108147767335e-9,0.7013670336239911,1,13,fold_1,fold,1
314,C,0.48169447423064765,9.902073438863865e-9,0.518305515867279,1,13,fold_1,fold,1
315,A,0.2986329607793708,4.66386460312109e-9,0.701367034556764,1,13,fold_1,fold,1
315,C,0.4816944729913646,9.284464138041301e-9,0.5183055177241715,1,13,fold_1,fold,1
316,A,0.29863296019567037,4.3729714671961664e-9,0.7013670354313601,1,13,fold_1,fold,1
316,C,0.481694471829377,8.705376185627772e-9,0.5183055194652473,1,13,fold_1,fold,1
317,A,0.298632959648375,4.100221823328187e-9,0.7013670362514028,1,13,fold_1,fold,1
317,C,0.48169447073986454,8.162406939575088e-9,0.518305521097728,1,13,fold_1,fold,1
318,A,0.2986329591352162,3.844484032145211e-9,0.7013670370202993,1,13,fold_1,fold,1
318,C,0.4816944697183065,7.653303614667264e-9,0.5183055226283881,1,13,fold_1,fold,1
319,A,0.29863295865406375,3.604697036412769e-9,0.7013670377412384,1,13,fold_1,fold,1
319,C,0.48169446876046523,7.17595393570242e-9,0.5183055240635794,1,13,fold_1,fold,1
320,A,0.2986329582029218,3.379865958721637e-9,0.7013670384172123,1,13,fold_1,fold,1
320,C,0.48169446786236736,6.728377373650457e-9,0.5183055254092555,1,13,fold_1,fold,1
321,A,0.29863295777991816,3.1690579741916832e-9,0.7013670390510238,1,13,fold_1,fold,1
321,C,0.48169446702028407,6.30871692782874e-9,0.5183055266709985,1,13,fold_1,fold,1
322,A,0.29863295738329765,2.971398440484471e-9,0.7013670396453033,1,13,fold_1,fold,1
322,C,0.48169446623072365,5.915231420757587e-9,0.5183055278540452,1,13,fold_1,fold,1
323,A,0.2986329570114159,2.7860672650394377e-9,0.7013670402025177,1,13,fold_1,fold,1
323,C,0.48169446549040923,5.546288279228266e-9,0.5183055289633027,1,13,fold_1,fold,1
324,A,0.29863295666272843,2.6122955076829093e-9,0.7013670407249762,1,13,fold_1,fold,1
324,C,0.4816944647962684,5.200356753976752e-9,0.5183055300033736,1,13,fold_1,fold,1
325,A,0.2986329563357891,2.4493621882837247e-9,0.7013670412148486,1,13,fold_1,fold,1
325,C,0.48169446414542405,4.8760015711681894e-9,0.5183055309785743,1,13,fold_1,fold,1
326,A,0.298632956029242,2.2965912954113064e-9,0.7013670416741671,1,13,fold_1,fold,1
326,C,0.48169446353517326,4.571876977434327e-9,0.5183055318929488,1,13,fold_1,fold,1
327,A,0.2986329557418141,2.1533489815679786e-9,0.7013670421048369,1,13,fold_1,fold,1
327,C,0.48169446296298407,4.2867211563319834e-9,0.5183055327502936,1,13,fold_1,fold,1
328,A,0.29863295547231405,2.0190409333586017e-9,0.701367042508645,1,13,fold_1,fold,1
328,C,0.4816944624264848,4.019350993055908e-9,0.518305533554164,1,13,fold_1,fold,1
329,A,0.29863295521962324,1.8931099056865336e-9,0.7013670428872668,1,13,fold_1,fold,1
329,C,0.48169446192344667,3.768657165685218e-9,0.5183055343078948,1,13,fold_1,fold,1
330,A,0.2986329549826929,1.7750334097454225e-9,0.701367043242274,1,13,fold_1,fold,1
330,C,0.48169446145178524,3.533599542596925e-9,0.5183055350146153,1,13,fold_1,fold,1
331,A,0.29863295476054036,1.6643215452143221e-9,0.7013670435751383,1,13,fold_1,fold,1
331,C,0.4816944610095416,3.3132028669502155e-9,0.5183055356772569,1,13,fold_1,fold,1
332,A,0.29863295455224437,1.5605149676620787e-9,0.70136704388724,1,13,fold_1,fold,1
332,C,0.4816944605948806,3.10655271033676e-9,0.5183055362985669,1,13,fold_1,fold,1
333,A,0.2986329543569398,1.4631829827277372e-9,0.701367044179878,1,13,fold_1,fold,1
333,C,0.48169446020608453,2.9127916788084987e-9,0.5183055368811258,1,13,fold_1,fold,1
334,A,0.29863295417381663,1.37192175916979e-9,0.7013670444542625,1,13,fold_1,fold,1
334,C,0.48169445984153625,2.7311158555417254e-9,0.5183055374273476,1,13,fold_1,fold,1
335,A,0.2986329540021146,1.2863526533702885e-9,0.7013670447115318,1,13,fold_1,fold,1
335,C,0.48169445949972645,2.5607714653782844e-9,0.5183055379395021,1,13,fold_1,fold,1
336,A,0.29863295384112304,1.2061206383421629e-9,0.7013670449527568,1,13,fold_1,fold,1
336,C,0.48169445917923526,2.401051747404755e-9,0.5183055384197127,1,13,fold_1,fold,1
337,A,0.2986329536901724,1.130892830721788e-9,0.7013670451789351,1,13,fold_1,fold,1
337,C,0.4816944588787348,2.2512940225941994e-9,0.5183055388699722,1,13,fold_1,fold,1
338,A,0.29863295354863667,1.0603571096352946e-9,0.7013670453910062,1,13,fold_1,fold,1
338,C,0.4816944585969766,2.1108769443439746e-9,0.5183055392921475,1,13,fold_1,fold,1
339,A,0.2986329534159291,9.942208217083338e-10,0.7013670455898512,1,13,fold_1,fold,1
339,C,0.48169445833279145,1.979217920502138e-9,0.5183055396879903,1,13,fold_1,fold,1
340,A,0.29863295329149786,9.32209566846392e-10,0.7013670457762927,1,13,fold_1,fold,1
340,C,0.48169445808508565,1.855770696186396e-9,0.5183055400591458,1,13,fold_1,fold,1
341,A,0.29863295317482835,8.740660595615929e-10,0.7013670459511065,1,13,fold_1,fold,1
341,C,0.4816944578528281,1.7400230874827207e-9,0.5183055404071492,1,13,fold_1,fold,1
342,A,0.2986329530654355,8.195490613667012e-10,0.7013670461150151,1,13,fold_1,fold,1
342,C,0.4816944576350575,1.6314948564737347e-9,0.518305540733448,1,13,fold_1,fold,1
343,A,0.2986329529628654,7.684323815213772e-10,0.70136704626870106,1,13,fold_1,fold,1
343,C,0.4816944574308688,1.5297357177103565e-9,0.5183055410393957,1,13,fold_1,fold,1
344,A,0.2986329528666934,7.205039363905356e-10,0.7013670464128026,1,13,fold_1,fold,1
344,C,0.4816944572394166,1.4343234712874585e-9,0.5183055413262606,1,13,fold_1,fold,1
345,A,0.29863295277651974,6.755648703520717e-10,0.7013670465479166,1,13,fold_1,fold,1
345,C,0.4816944570599046,1.3448622506318075e-9,0.5183055415952321,1,13,fold_1,fold,1
346,A,0.29863295269196966,6.334287307438495e-10,0.7013670466746014,1,13,fold_1,fold,1
346,C,0.48169445689159107,1.2609808800471368e-9,0.5183055418474292,1,13,fold_1,fold,1
347,A,0.29863295261269385,5.939206942706154e-10,0.7013670467933856,1,13,fold_1,fold,1
347,C,0.4816944567337738,1.182331334701913e-9,0.5183055420838961,1,13,fold_1,fold,1
348,A,0.29863295253836236,5.568768416611423e-10,0.701367046904761,1,13,fold_1,fold,1
348,C,0.4816944565858003,1.1085872966703017e-9,0.5183055423056123,1,13,fold_1,fold,1
349,A,0.29863295246866667,5.221434775661812e-10,0.7013670470091892,1,13,fold_1,fold,1
349,C,0.4816944564470558,1.0394428010353095e-9,0.5183055425135011,1,13,fold_1,fold,1
350,A,0.29863295240331855,4.895764928754581e-10,0.7013670471071044,1,13,fold_1,fold,1
350,C,0.4816944563169649,9.746109664367824e-10,0.5183055427084221,1,13,fold_1,fold,1
351,A,0.29863295234204645,4.5904076680799575e-10,0.7013670471989133,1,13,fold_1,fold,1
351,C,0.48169445619498946,9.138228047972824e-10,0.5183055428911877,1,13,fold_1,fold,1
352,A,0.2986329522845956,4.304096062950123e-10,0.7013670472849958,1,13,fold_1,fold,1
352,C,0.48169445608062095,8.568261052873962e-10,0.5183055430625523,1,13,fold_1,fold,1
353,A,0.298632952230728,4.035642203294204e-10,0.7013670473657084,1,13,fold_1,fold,1
353,C,0.481694455973385,8.033843879000378e-10,0.5183055432232293,1,13,fold_1,fold,1
354,A,0.29863295218022035,3.783932271010004e-10,0.7013670474413868,1,13,fold_1,fold,1
354,C,0.4816944558728377,7.532759222921043e-10,0.5183055433738841,1,13,fold_1,fold,1
355,A,0.29863295213286295,3.5479219187235414e-10,0.7013670475123454,1,13,fold_1,fold,1
355,C,0.48169445577856274,7.062928078226516e-10,0.5183055435151436,1,13,fold_1,fold,1
356,A,0.2986329520884594,3.326631936782919e-10,0.7013670475788788,1,13,fold_1,fold,1
356,C,0.48169445569016844,6.622401109706638e-10,0.5183055436475922,1,13,fold_1,fold,1
357,A,0.2986329520468252,3.1191441905088925e-10,0.7013670476412609,1,13,fold_1,fold,1
357,C,0.48169445560728613,6.209350565535537e-10,0.518305543771778,1,13,fold_1,fold,1
358,A,0.29863295200778794,2.9245978108458774e-10,0.7013670476997526,1,13,fold_1,fold,1
358,C,0.48169445552957363,5.822062693907469e-10,0.51830554388822,1,13,fold_1,fold,1
359,A,0.29863295197118495,2.742185622608252e-10,0.7013670477545964,1,13,fold_1,fold,1
359,C,0.4816944554567086,5.458930632660007e-10,0.5183055439973986,1,13,fold_1,fold,1
360,A,0.2986329519368656,2.5711507955029343e-10,0.7013670478060189,1,13,fold_1,fold,1
360,C,0.48169445538838834,5.118447742383659e-10,0.5183055440997676,1,13,fold_1,fold,1
361,A,0.2986329519046866,2.41078370425666e-10,0.7013670478542353,1,13,fold_1,fold,1
361,C,0.48169445532432775,4.799201355949097e-10,0.518305544195751,1,13,fold_1,fold,1
362,A,0.2986329518745149,2.260418984540835e-10,0.7013670478994429,1,13,fold_1,fold,1
362,C,0.48169445526426474,4.499866917762939e-10,0.5183055442857489,1,13,fold_1,fold,1
363,A,0.2986329518462249,2.11943277041806e-10,0.7013670479418319,1,13,fold_1,fold,1
363,C,0.48169445520794685,4.2192024829780375e-10,0.5183055443701325,1,13,fold_1,fold,1
364,A,0.29863295181969957,1.9872401084221903e-10,0.701367047981577,1,13,fold_1,fold,1
364,C,0.4816944551551417,3.956043571398046e-10,0.5183055444492534,1,13,fold_1,fold,1
365,A,0.29863295179482824,1.8632925296348736e-10,0.7013670480188432,1,13,fold_1,fold,1
365,C,0.4816944551056301,3.709298333457002e-10,0.5183055445234395,1,13,fold_1,fold,1
0,A,0.9989999999999998,0.001,0,2,13,fold_1,fold,1
0,C,0.9990000000000002,0.001,0,2,13,fold_1,fold,1
1,A,0.9985318870374581,0.001244202253439291,2.2391070910271574e-4,2,13,fold_1,fold,1
1,C,0.9986905941521036,0.0010995580780656644,2.098477698315105e-4,2,13,fold_1,fold,1
2,A,0.9979821446094321,0.0015181385008201803,4.997168897476055e-4,2,13,fold_1,fold,1
2,C,0.9983536819582234,0.0012060208543210721,4.4029718745488205e-4,2,13,fold_1,fold,1
3,A,0.9973479359986577,0.0018190313568410836,8.33032644500929e-4,2,13,fold_1,fold,1
3,C,0.9979874928988572,0.0013197458946882985,6.92761206454103e-4,2,13,fold_1,fold,1
4,A,0.9966230335002764,0.0021476391003516743,0.0012293273993722656,2,13,fold_1,fold,1
4,C,0.9975898852459589,0.0014413487585533326,9.687659954869023e-4,2,13,fold_1,fold,1
5,A,0.9957982748268451,0.0025073103637941307,0.0016944148093603678,2,13,fold_1,fold,1
5,C,0.997158427800849,0.0015716197639639533,0.0012699524351883838,2,13,fold_1,fold,1
6,A,0.9948621344381187,0.002902871676991239,0.002234993884890185,2,13,fold_1,fold,1
6,C,0.9966903670949566,0.0017114842128786707,0.0015981486921645479,2,13,fold_1,fold,1
7,A,0.9938015094007192,0.0033397629487440152,0.0028587276505375944,2,13,fold_1,fold,1
7,C,0.9961826949105114,0.0018619465757101364,0.001955358513778445,2,13,fold_1,fold,1
8,A,0.9926018666145666,0.003823714430343549,0.0035744189550889803,2,13,fold_1,fold,1
8,C,0.9956321183796525,0.0020240810252950374,0.00234380059505275,2,13,fold_1,fold,1
9,A,0.9912472608057518,0.004360614771705348,0.004392124422542849,2,13,fold_1,fold,1
9,C,0.9950350358257878,0.0021990271330835573,0.002765937041128379,2,13,fold_1,fold,1
10,A,0.9897194887273698,0.004956751194230447,0.005323760078399642,2,13,fold_1,fold,1
10,C,0.9943873388639918,0.0023880413796134596,0.0032246197563951026,2,13,fold_1,fold,1
11,A,0.9880022297053673,0.005617509267892711,0.006380261026740226,2,13,fold_1,fold,1
11,C,0.9936853491996784,0.002592220580293176,0.0037224302200283632,2,13,fold_1,fold,1
12,A,0.9860745990255112,0.006349486029477039,0.0075759149450124645,2,13,fold_1,fold,1
12,C,0.992924363118342,0.002812933054708936,0.0042627038269503655,2,13,fold_1,fold,1
13,A,0.9839149863841269,0.007159211268757677,0.00892580234711446,2,13,fold_1,fold,1
13,C,0.9920995119772492,0.0030515605652486786,0.004848927457503052,2,13,fold_1,fold,1
14,A,0.9815016803795196,0.00805299467380022,0.01044532494668171,2,13,fold_1,fold,1
14,C,0.9912058938754699,0.0033094656576811246,0.005484640466849567,2,13,fold_1,fold,1
15,A,0.9788091058794466,0.009038010538665596,0.01215288358188765,2,13,fold_1,fold,1
15,C,0.9902377087720202,0.0035882336498034286,0.006174057578178416,2,13,fold_1,fold,1
16,A,0.9758117663728888,0.010121072904689598,0.014067160722421613,2,13,fold_1,fold,1
16,C,0.9891891229511341,0.0038894267763499935,0.006921450272515289,2,13,fold_1,fold,1
17,A,0.9724823074205774,0.011309090166714521,0.01620860241270814,2,13,fold_1,fold,1
17,C,0.9880537823288876,0.004214712994387912,0.007731504676724392,2,13,fold_1,fold,1
18,A,0.9687923152543491,0.012608881682629301,0.01859880306302155,2,13,fold_1,fold,1
18,C,0.9868249788548428,0.004565826443966555,0.008609194701189952,2,13,fold_1,fold,1
19,A,0.9647122587858677,0.014027032643244028,0.02126070857088847,2,13,fold_1,fold,1
19,C,0.9854955722553667,0.004944577226289905,0.009559850518344615,2,13,fold_1,fold,1
20,A,0.960211701826103,0.015569717060370584,0.02421858111352652,2,13,fold_1,fold,1
20,C,0.9840579702512894,0.005352849245601288,0.010589180503108758,2,13,fold_1,fold,1
21,A,0.9552597225686151,0.017242578863636105,0.027497698567748398,2,13,fold_1,fold,1
21,C,0.9825041944102688,0.005792582983205749,0.01170322260652542,2,13,fold_1,fold,1
22,A,0.9498250682734951,0.019050354287315267,0.03112457743918909,2,13,fold_1,fold,1
22,C,0.980825750755193,0.006265786231980653,0.012908463012823838,2,13,fold_1,fold,1
23,A,0.9438766645423348,0.02099656368519421,0.03512677177247098,2,13,fold_1,fold,1
23,C,0.9790136238202168,0.006774523185257302,0.01421185299452569,2,13,fold_1,fold,1
24,A,0.9373844256477969,0.023083275196700146,0.03953229915550275,2,13,fold_1,fold,1
24,C,0.977058379575264,0.007320884155089523,0.015620736269647117,2,13,fold_1,fold,1
25,A,0.9303198939417037,0.025310804047053527,0.04436930201124325,2,13,fold_1,fold,1
25,C,0.9749501917750241,0.007906964921789125,0.01714284330318528,2,13,fold_1,fold,1
26,A,0.9226568861983768,0.027677358320643716,0.04966575548097881,2,13,fold_1,fold,1
26,C,0.9726788372699638,0.008534848269135965,0.018786314460899036,2,13,fold_1,fold,1
27,A,0.9143722593128359,0.03017867786507084,0.05544906282209255,2,13,fold_1,fold,1
27,C,0.970233711032925,0.00920657940444734,0.020559709562627385,2,13,fold_1,fold,1
28,A,0.9054467815988975,0.03280769410591808,0.06174552429518388,2,13,fold_1,fold,1
28,C,0.9676038688208403,0.0099241338514943,0.022471997327664008,2,13,fold_1,fold,1
29,A,0.895866046277912,0.03555422830541333,0.06857972541667544,2,13,fold_1,fold,1
29,C,0.9647780876513935,0.01068937927989983,0.024532533068706366,2,13,fold_1,fold,1
30,A,0.8856213741605188,0.038404746067383276,0.07597387977209812,2,13,fold_1,fold,1
30,C,0.9617449373837962,0.01150403235062166,0.026751030265583044,2,13,fold_1,fold,1
31,A,0.8747106692083446,0.041342190152881396,0.08394714063877261,2,13,fold_1,fold,1
31,C,0.9584928636990274,0.012369610672202422,0.029137525628769544,2,13,fold_1,fold,1
32,A,0.8631391919372262,0.04434591641925953,0.09251489164351463,2,13,fold_1,fold,1
32,C,0.955010285479097,0.013287379659777486,0.03170233486112591,2,13,fold_1,fold,1
33,A,0.8509202079099224,0.0473917571362635,0.10168803495381318,2,13,fold_1,fold,1
33,C,0.951285708698218,0.014258294373636375,0.034455996928144446,2,13,fold_1,fold,1
34,A,0.8380754631528468,0.050452232209140344,0.11147230463801257,2,13,fold_1,fold,1
34,C,0.9473078573660668,0.015282936844744672,0.03740920578918865,2,13,fold_1,fold,1
35,A,0.824635439944993,0.05349692228440816,0.12186763777059906,2,13,fold_1,fold,1
35,C,0.9430658211643723,0.016361449753120545,0.04057272908250709,2,13,fold_1,fold,1
36,A,0.8106393565561649,0.05649295768540321,0.13286768575843183,2,13,fold_1,fold,1
36,C,0.9385492037888297,0.017493473998378625,0.04395732221279064,2,13,fold_1,fold,1
37,A,0.7961349317711421,0.05940576199511263,0.1444593062337441,2,13,fold_1,fold,1
37,C,0.9337483187316162,0.01867807091576269,0.04757361035262203,2,13,fold_1,fold,1
38,A,0.7811777885265557,0.06219996393571188,0.15662224753773163,2,13,fold_1,fold,1
38,C,0.928654400084672,0.0199136450157569,0.051431954899569796,2,13,fold_1,fold,1
39,A,0.7658304618756357,0.06484034775360216,0.16932919037076166,2,13,fold_1,fold,1
39,C,0.9232597939376508,0.02119788372387178,0.055542322338476925,2,13,fold_1,fold,1
40,A,0.7501612864726959,0.06729278265551038,0.18254593087179394,2,13,fold_1,fold,1
40,C,0.9175581443103861,0.022527706864722597,0.05991414882489052,2,13,fold_1,fold,1
41,A,0.7342430818578318,0.06952524721649236,0.19623167092567523,2,13,fold_1,fold,1
41,C,0.911544608337675,0.02389921238625813,0.06455617927606773,2,13,fold_1,fold,1
42,A,0.7181516616939403,0.07150885334320953,0.2103394849628503,2,13,fold_1,fold,1
42,C,0.9052160802358021,0.025307628844852315,0.06947629091934654,2,13,fold_1,fold,1
43,A,0.7019642068441706,0.07321876231001212,0.2248170308458177,2,13,fold_1,fold,1
43,C,0.8985714005248588,0.02674728581693621,0.07468131365820532,2,13,fold_1,fold,1
44,A,0.6857576104384313,0.07463492584459529,0.23960746371697234,2,13,fold_1,fold,1
44,C,0.8916115431527551,0.028211605402727612,0.08017685144451685,2,13,fold_1,fold,1
45,A,0.6696069011488659,0.07574262978290519,0.25465046906822936,2,13,fold_1,fold,1
45,C,0.8843397825917262,0.02969311359045053,0.08596710381782356,2,13,fold_1,fold,1
46,A,0.6535838105061458,0.07653282890753561,0.2698833605863177,2,13,fold_1,fold,1
46,C,0.8767618385100051,0.031183472135130057,0.09205468935486416,2,13,fold_1,fold,1
47,A,0.6377555226194365,0.0770022597060261,0.2852422176745366,2,13,fold_1,fold,1
47,C,0.8688859890702489,0.03267353409861423,0.09844047683113714,2,13,fold_1,fold,1
48,A,0.6221836410479679,0.07715332647610611,0.300663032475926,2,13,fold_1,fold,1
48,C,0.8607231434565873,0.03415342573450525,0.10512343080890699,2,13,fold_1,fold,1
49,A,0.6069234051079999,0.07699377555729511,0.3160828193347049,2,13,fold_1,fold,1
49,C,0.8522868677638629,0.035612655174829075,0.1121004770613086,2,13,fold_1,fold,1
50,A,0.5920231713182855,0.07653619028193849,0.33144063839977644,2,13,fold_1,fold,1
50,C,0.8435933610798534,0.037040246616867736,0.11936639230327953,2,13,fold_1,fold,1
51,A,0.5775241522207586,0.07579734852083131,0.3466784992584102,2,13,fold_1,fold,1
51,C,0.8346613793690711,0.038424897866722416,0.12691372276420765,2,13,fold_1,fold,1
52,A,0.5634603878002677,0.07479748704988046,0.361742125149852,2,13,fold_1,fold,1
52,C,0.8255121054130886,0.039755158366182645,0.1347327362207296,2,13,fold_1,fold,1
53,A,0.5498589174681319,0.07355951624073849,0.3765815662911295,2,13,fold_1,fold,1
53,C,0.8161689648138809,0.041019623709914375,0.14281141147620544,2,13,fold_1,fold,1
54,A,0.53674011787515,0.07210822620809444,0.3911516559167554,2,13,fold_1,fold,1
54,C,0.8066573905292345,0.042207141382690785,0.15113546808807524,2,13,fold_1,fold,1
55,A,0.5241181695644065,0.07046952104430762,0.4054123093912858,2,13,fold_1,fold,1
55,C,0.7970045407178946,0.04330702143367693,0.1596884378484286,2,13,fold_1,fold,1
56,A,0.5120016142663405,0.06866971100714529,0.4193286747265141,2,13,fold_1,fold,1
56,C,0.7872389765142699,0.04430924521867216,0.16845177826705787,2,13,fold_1,fold,1
57,A,0.5003939676656276,0.06673488332836185,0.43287114900601015,2,13,fold_1,fold,1
57,C,0.7773903078176307,0.04520466518018435,0.1774050270021857,2,13,fold_1,fold,1
58,A,0.4892943528108455,0.06469036846356505,0.44601527872558916,2,13,fold_1,fold,1
58,C,0.7674888165956314,0.04598518862460127,0.18652599477976778,2,13,fold_1,fold,1
59,A,0.478698128096335,0.06256030820785888,0.4587415636958052,2,13,fold_1,fold,1
59,C,0.7575650682995916,0.04664393877748385,0.19579099292292598,2,13,fold_1,fold,1
60,A,0.4685974971013975,0.060367318769360266,0.4710351841292423,2,13,fold_1,fold,1
60,C,0.7476495220553303,0.04717538758982144,0.20517509035484824,2,13,fold_1,fold,1
61,A,0.45898207894256154,0.058132250929214056,0.4828856701282251,2,13,fold_1,fold,1
61,C,0.7377721501891955,0.04757545586918832,0.2146523939416163,2,13,fold_1,fold,1
62,A,0.44983942974690116,0.055874038269568986,0.4942865319835297,2,13,fold_1,fold,1
62,C,0.7279620772473013,0.04784157745610986,0.22419634529658755,2,13,fold_1,fold,1
63,A,0.44115550947143894,0.053609622499672424,0.5052348680288882,2,13,fold_1,fold,1
63,C,0.71824724752092,0.04797272579889261,0.23378002668018694,2,13,fold_1,fold,1
64,A,0.43291509242043597,0.051353943251619315,0.5157309643279445,2,13,fold_1,fold,1
64,C,0.7086541286065029,0.04796940294660734,0.2433764684468895,2,13,fold_1,fold,1
65,A,0.4251021221641581,0.049119980048009354,0.5257778977878321,2,13,fold_1,fold,1
65,C,0.6992074567897226,0.04783359256270386,0.25295895064757484,2,13,fold_1,fold,1
66,A,0.41770001322065364,0.04691883491444682,0.5353811518649001,2,13,fold_1,fold,1
66,C,0.6899300281976771,0.04756867993704727,0.26250129186527604,2,13,fold_1,fold,1
67,A,0.4106919031920426,0.04475984491506899,0.5445482518928888,2,13,fold_1,fold,1
67,C,0.6808425378031219,0.047179343112342335,0.27197811908453623,2,13,fold_1,fold,1
68,A,0.4040608599992071,0.042650714915401094,0.5532884250853924,2,13,fold_1,fold,1
68,C,0.6719634665725003,0.046671420118314655,0.2813651133091854,2,13,fold_1,fold,1
69,A,0.39779004935134593,0.040597662216689354,0.5616122884319649,2,13,fold_1,fold,1
69,C,0.6633090154142046,0.046051757885970566,0.29063922669982506,2,13,fold_1,fold,1
70,A,0.39186286766257383,0.03860556620195535,0.5695315661354713,2,13,fold_1,fold,1
70,C,0.6548930831831843,0.04532804867066642,0.2997788681461492,2,13,fold_1,fold,1
71,A,0.38626304540848433,0.036678117587216834,0.5770588370042994,2,13,fold_1,fold,1
71,C,0.6467272848841527,0.04450865975901759,0.30876405535682905,2,13,fold_1,fold,1
72,A,0.38097472553321376,0.03481796317851025,0.5842073112882766,2,13,fold_1,fold,1
72,C,0.6388210054064253,0.0436024619149344,0.31757653267864017,2,13,fold_1,fold,1
73,A,0.3759825210738577,0.03302684316756289,0.5909906357585791,2,13,fold_1,fold,1
73,C,0.6311814836115561,0.042618661491410484,0.32619985489703196,2,13,fold_1,fold,1
74,A,0.3712715557143015,0.03130571895413871,0.5974227253315608,2,13,fold_1,fold,1
74,C,0.6238139213573158,0.041566640454546826,0.3346194381881369,2,13,fold_1,fold,1
75,A,0.36682749051926455,0.029654890275222442,0.6035176192055133,2,13,fold_1,fold,1
75,C,0.616721612045863,0.040455807789703466,0.3428225801644341,2,13,fold_1,fold,1
76,A,0.36263653962818265,0.028074101071183324,0.6092893593006348,2,13,fold_1,fold,1
76,C,0.6099060834912119,0.03929546493976153,0.35079845156902606,2,13,fold_1,fold,1
77,A,0.358685477188445,0.02656263407227413,0.6147518887392805,2,13,fold_1,fold,1
77,C,0.6033672504759703,0.03809468691893142,0.3585380626050987,2,13,fold_1,fold,1
78,A,0.3549616375713963,0.02511939430057819,0.6199189681280255,2,13,fold_1,fold,1
78,C,0.5971035720568186,0.0368622207372705,0.3660342072059113,2,13,fold_1,fold,1
79,A,0.3514529103892543,0.023742982123199235,0.6248041074875462,2,13,fold_1,fold,1
79,C,0.5911122098319462,0.03560640142986108,0.37328138873819294,2,13,fold_1,fold,1
80,A,0.34814773130574483,0.02243175686229513,0.6294205118319607,2,13,fold_1,fold,1
80,C,0.5853891852396678,0.034335084209162016,0.3802757305511714,2,13,fold_1,fold,1
81,A,0.3450350700434223,0.021183891402417585,0.6337810385541593,2,13,fold_1,fold,1
81,C,0.5799295319096768,0.03305559342182942,0.3870148746684921,2,13,fold_1,fold,1
82,A,0.3421044163181775,0.019997418758196165,0.6378981649236264,2,13,fold_1,fold,1
82,C,0.5747274411902268,0.03177468700191884,0.39349787180785434,2,13,fold_1,fold,1
83,A,0.3393457642865063,0.018870271540578493,0.6417839641729157,2,13,fold_1,fold,1
83,C,0.5697763993478107,0.030498534940945378,0.39972506571124394,2,13,fold_1,fold,1
84,A,0.3367495959584199,0.017800315205532342,0.6454500888360474,2,13,fold_1,fold,1
84,C,0.565069315452885,0.029232710098783282,0.40569797444833106,2,13,fold_1,fold,1
85,A,0.3343068639747868,0.016785375848105157,0.6489077601771076,2,13,fold_1,fold,1
85,C,0.560598639243937,0.027982189761117722,0.41141917099494546,2,13,fold_1,fold,1
86,A,0.33200897407120716,0.01582326323466842,0.6521677626941252,2,13,fold_1,fold,1
86,C,0.5563564685541993,0.026751366385293136,0.4168921650605063,2,13,fold_1,fold,1
87,A,0.3298477674544056,0.014911789733670907,0.6552404428119235,2,13,fold_1,fold,1
87,C,0.552334646207262,0.02554406595247914,0.4221212878402572,2,13,fold_1,fold,1
88,A,0.32781550324405384,0.014048785754577353,0.6581357110013689,2,13,fold_1,fold,1
88,C,0.5485248465616764,0.024363572370642517,0.4271115810676807,2,13,fold_1,fold,1
89,A,0.3259048410964916,0.01323211222397747,0.6608630466795304,2,13,fold_1,fold,1
89,C,0.5449186520701554,0.023212656491955485,0.43186869143788814,2,13,fold_1,fold,1
90,A,0.32410882410708974,0.012459670546505817,0.6634315053464038,2,13,fold_1,fold,1
90,C,0.5415076203366617,0.02209360847222857,0.43639877119110876,2,13,fold_1,fold,1
91,A,0.32242086206580933,0.011729410437672248,0.6658497274965185,2,13,fold_1,fold,1
91,C,0.5382833422385644,0.021008272356425953,0.4407083854050092,2,13,fold_1,fold,1
92,A,0.32083471511614853,0.011039335969844195,0.6681259489140067,2,13,fold_1,fold,1
92,C,0.5352374917444465,0.019958081914471532,0.4448044263410837,2,13,fold_1,fold,1
93,A,0.319344477849894,0.010387510127419088,0.6702680120226872,2,13,fold_1,fold,1
93,C,0.5323618680977982,0.018944096889846704,0.44869403501235516,2,13,fold_1,fold,1
94,A,0.31794456386104597,0.009772058120503265,0.6722833780184507,2,13,fold_1,fold,1
94,C,0.5296484310501994,0.017967038965219607,0.45238452998458206,2,13,fold_1,fold,1
95,A,0.31662969077696645,0.009191169665148474,0.6741791395578849,2,13,fold_1,fold,1
95,C,0.5270893298191102,0.01702732688577103,0.4558833432951188,2,13,fold_1,fold,1
96,A,0.3153948657788937,0.008643100406148357,0.6759620338149578,2,13,fold_1,fold,1
96,C,0.5246769264233653,0.01612511030260177,0.45919796327403184,2,13,fold_1,fold,1
97,A,0.3142353716151779,0.008126172635182472,0.6776384557496408,2,13,fold_1,fold,1
97,C,0.5224038140018437,0.015260302020073231,0.4623358839780845,2,13,fold_1,fold,1
98,A,0.31314675311673507,0.0076387754237393895,0.6792144714595258,2,13,fold_1,fold,1
98,C,0.5202628307531344,0.014432608357561535,0.4653045608893049,2,13,fold_1,fold,1
99,A,0.31212480421326594,0.007179364278156346,0.6806958315085776,2,13,fold_1,fold,1
99,C,0.5182470700394358,0.013641557474790294,0.4681113724857747,2,13,fold_1,fold,1
100,A,0.31116555543050145,0.00674646042150961,0.6820879841479897,2,13,fold_1,fold,1
100,C,0.5163498870477052,0.012886525677298756,0.470763587274996,2,13,fold_1,fold,1
101,A,0.3102652618825732,0.0063386497570637875,0.6833960883603643,2,13,fold_1,fold,1
101,C,0.5145649025874368,0.01216676154336774,0.4732683358691956,2,13,fold_1,fold,1
102,A,0.3094203917497272,0.005954581579384067,0.6846250266708884,2,13,fold_1,fold,1
102,C,0.5128860044223728,0.011481407903899154,0.4756325876737286,2,13,fold_1,fold,1
103,A,0.30862761523238363,0.005592967087497162,0.6857794176801187,2,13,fold_1,fold,1
103,C,0.5113073465041998,0.010829521733738851,0.4778631317620616,2,13,fold_1,fold,1
104,A,0.30788379397114135,0.00525257774569149,0.686863628283166,2,13,fold_1,fold,1
104,C,0.5098233464334929,0.010210092040723331,0.47996656152578376,2,13,fold_1,fold,1
105,A,0.3071859709234513,0.004932243527828965,0.6878817855487199,2,13,fold_1,fold,1
105,C,0.5084286814487002,0.009622055842654223,0.4819492627086453,2,13,fold_1,fold,1
106,A,0.30653136068746445,0.004630851074630021,0.6888377882379048,2,13,fold_1,fold,1
106,C,0.5071182832138664,0.009064312332408522,0.48381740445372656,2,13,fold_1,fold,1
107,A,0.3059173402622069,0.00434734178957704,0.6897353179482165,2,13,fold_1,fold,1
107,C,0.505887331639709,0.008535735347307668,0.4855769330129834,2,13,fold_1,fold,1
108,A,0.30534144023200543,0.004080709895664803,0.6905778498723295,2,13,fold_1,fold,1
108,C,0.5047312479393318,0.008035184269089696,0.4872335677915798,2,13,fold_1,fold,1
109,A,0.3048013363627036,0.0038300004714799667,0.6913686631658166,2,13,fold_1,fold,1
109,C,0.5036456870932823,0.007561513481445371,0.48879279942527176,2,13,fold_1,fold,1
110,A,0.3042948415970861,0.0035943074816654364,0.6921108509212474,2,13,fold_1,fold,1
110,C,0.5026265298767384,0.007113580508106668,0.49025988961515393,2,13,fold_1,fold,1
111,A,0.30381989843680485,0.003372771814252091,0.6928073297489429,2,13,fold_1,fold,1
111,C,0.5016698745809297,0.006690252950745927,0.491639872468324,2,13,fold_1,fold,1
112,A,0.3033745716977743,0.003164579335432757,0.6934608489667936,2,13,fold_1,fold,1
112,C,0.5007720285412984,0.006290414342613117,0.49293755711608794,2,13,fold_1,fold,1
113,A,0.30295704162577675,0.0029689589706844463,0.6940739994035383,2,13,fold_1,fold,1
113,C,0.4999294995672172,0.005912969029044068,0.4941575314037386,2,13,fold_1,fold,1
114,A,0.30256559735896366,0.0027851808195549044,0.6946492218214818,2,13,fold_1,fold,1
114,C,0.4991389873529953,0.005556846179282627,0.49530416646772263,2,13,fold_1,fold,1
115,A,0.3021986307239567,0.0026125543100146806,0.6951888149660281,2,13,fold_1,fold,1
115,C,0.49839737493699793,0.005221003026583805,0.4963816220364193,2,13,fold_1,fold,1
116,A,0.30185463035239923,0.0024504263971245484,0.6956949432504757,2,13,fold_1,fold,1
116,C,0.49770172026431764,0.004904427426298714,0.49739385230938216,2,13,fold_1,fold,1
117,A,0.3015321761048899,0.0022981798098218485,0.6961696440852889,2,13,fold_1,fold,1
117,C,0.49704924789735233,0.004606139815545982,0.49834461228710225,2,13,fold_1,fold,1
118,A,0.30122993378934276,0.0021552313488541904,0.6966148348618025,2,13,fold_1,fold,1
118,C,0.4964373409135324,0.004325194647523043,0.4992374644389443,2,13,fold_1,fold,1
119,A,0.3009466501610373,0.002021030238139015,0.6970323196008249,2,13,fold_1,fold,1
119,C,0.4958635330183596,0.004060681370296822,0.5000757856113446,2,13,fold_1,fold,1
120,A,0.30068114819195085,0.0018950565310879668,0.6974237952769616,2,13,fold_1,fold,1
120,C,0.49532550088980676,0.0038117250182740947,0.5008627740919195,2,13,fold_1,fold,1
121,A,0.3004323225971752,0.001776819572994004,0.6977908578298302,2,13,fold_1,fold,1
121,C,0.4948210567782085,0.003577486464725308,0.5016014567570657,2,13,fold_1,fold,1
122,A,0.3001991356064954,0.0016658565201094328,0.6981350078733956,2,13,fold_1,fold,1
122,C,0.49434814137197675,0.0033571623872613978,0.502294696240762,2,13,fold_1,fold,1
123,A,0.29998061296957357,0.0015617309156175593,0.6984576561148107,2,13,fold_1,fold,1
123,C,0.4939048169363925,0.003149984991979758,0.5029451980716263,2,13,fold_1,fold,1
124,A,0.2997758401835223,0.0014640313223444011,0.6987601284941332,2,13,fold_1,fold,1
124,C,0.4934892607292601,0.002955221536754196,0.5035555177339855,2,13,fold_1,fold,1
125,A,0.2995839589320023,0.0013723700117660642,0.6990436710562314,2,13,fold_1,fold,1
125,C,0.49309975869517625,0.002772173688442727,0.5041280676163813,2,13,fold_1,fold,1
126,A,0.2994041637253331,0.0012863817086226446,0.6993094545660441,2,13,fold_1,fold,1
126,C,0.4927346994380323,0.0026001767444146892,0.504665123817554,2,13,fold_1,fold,1
127,A,0.2992356987314897,0.001205722390236992,0.6995585788782732,2,13,fold_1,fold,1
127,C,0.4923925684690468,0.002438598745467845,0.5051688327854852,2,13,fold_1,fold,1
128,A,0.2990778547882365,0.0011300681394560985,0.6997920770723078,2,13,fold_1,fold,1
128,C,0.49207194272577875,0.0022868395040397693,0.5056412177701816,2,13,fold_1,fold,1
129,A,0.29892996658701254,0.0010591140499853543,0.7000109193630012,2,13,fold_1,fold,1
129,C,0.4917714853563031,0.002144329568373787,0.5060841850753238,2,13,fold_1,fold,1
130,A,0.29879141001958576,9.925731827674484e-4,0.7002160167976463,2,13,fold_1,fold,1
130,C,0.49148994076186237,0.0020105291403029386,0.5064995300978339,2,13,fold_1,fold,1
131,A,0.2986615996788358,9.301755719632448e-4,0.7004082247492011,2,13,fold_1,fold,1
131,C,0.4912261298905311,0.001884926961800644,0.5068889431476674,2,13,fold_1,fold,1
132,A,0.29853998650542646,8.716672790179817e-4,0.7005883462155559,2,13,fold_1,fold,1
132,C,0.49097894577378287,0.0017670391833213034,0.507254015042896,2,13,fold_1,fold,1
133,A,0.29842605557247376,8.168094932408852e-4,0.7007571349342859,2,13,fold_1,fold,1
133,C,0.49074734929738467,0.0016564082250343063,0.5075962424775815,2,13,fold_1,fold,1
134,A,0.2983193240006748,7.653776772874624e-4,0.7009152983220379,2,13,fold_1,fold,1
134,C,0.49053036519775156,0.0015526016402858645,0.5079170331619639,2,13,fold_1,fold,1
135,A,0.2982193389967229,7.171607559094955e-4,0.7010635002473681,2,13,fold_1,fold,1
135,C,0.49032707827473393,0.0014552109890527333,0.5082177107362135,2,13,fold_1,fold,1
136,A,0.29812567600815726,6.719603463262044e-4,0.7012023636455167,2,13,fold_1,fold,1
136,C,0.49013662981175843,0.0013638507278053186,0.508499519460437,2,13,fold_1,fold,1
137,A,0.2980379369881724,6.295900285433216e-4,0.7013324729832848,2,13,fold_1,fold,1
137,C,0.4899582141942863,0.0012781571209859134,0.5087636286847279,2,13,fold_1,fold,1
138,A,0.29795574876410436,5.898746540614475e-4,0.7014543765818335,2,13,fold_1,fold,1
138,C,0.48979107571743496,0.001197787178508486,0.5090111371040552,2,13,fold_1,fold,1
139,A,0.2978787615037301,5.526496913353839e-4,0.7015685888049351,2,13,fold_1,fold,1
139,C,0.48963450557386784,0.0011224176225952225,0.5092430768035372,2,13,fold_1,fold,1
140,A,0.2978066472739615,5.177606062113328e-4,0.7016755921198271,2,13,fold_1,fold,1
140,C,0.4894878390136499,0.0010517438861627894,0.5094604171001879,2,13,fold_1,fold,1
141,A,0.2977390986864615,4.850622759761114e-4,0.7017758390375634,2,13,fold_1,fold,1
141,C,0.4893504526671953,9.854791450827354e-4,0.5096640681877216,2,13,fold_1,fold,1
142,A,0.29767582762517547,4.544184354456777e-4,0.7018697539393787,2,13,fold_1,fold,1
142,C,0.48922176202311635,9.233533855891505e-4,0.5098548845912948,2,13,fold_1,fold,1
143,A,0.29761656405105774,4.2570115357709983e-4,0.7019577347953642,2,13,fold_1,fold,1
143,C,0.48910121905303766,8.651125076588432e-4,0.5100336684393044,2,13,fold_1,fold,1
144,A,0.29756105487948226,3.987903391293797e-4,0.7020401547813877,2,13,fold_1,fold,1
144,C,0.48898830997571024,8.105174647792165e-4,0.5102011725595101,2,13,fold_1,fold,1
145,A,0.297509062926097,3.7357327396855415e-4,0.7021173637999345,2,13,fold_1,fold,1
145,C,0.4888825531530075,7.593434402286127e-4,0.5103581034067638,2,13,fold_1,fold,1
146,A,0.29746036591707065,3.4994417266481515e-4,0.7021896899102642,2,13,fold_1,fold,1
146,C,0.4887834971106507,7.113790597210979e-4,0.5105051238296286,2,13,fold_1,fold,1
147,A,0.2974147555599293,3.2780376706620455e-4,0.7022574406730044,2,13,fold_1,fold,1
147,C,0.48869071867685754,6.664256400086243e-4,0.5106428556831328,2,13,fold_1,fold,1
148,A,0.2973720366713829,3.0705891457357895e-4,0.7023209044140447,2,13,fold_1,fold,1
148,C,0.4886038212323856,6.242964728222781e-4,0.5107718822947921,2,13,fold_1,fold,1
149,A,0.29733202635875045,2.876222288916309e-4,0.7023803514123574,2,13,fold_1,fold,1
149,C,0.48852243306573856,5.84816143380488e-4,0.5108927507908795,2,13,fold_1,fold,1
150,A,0.29729455325178955,2.694117320837205e-4,0.7024360350161276,2,13,fold_1,fold,1
150,C,0.4884462058276191,5.478198825766843e-4,0.5110059742898045,2,13,fold_1,fold,1
151,A,0.2972594567818849,2.523505268076173e-4,0.702488192691308,2,13,fold_1,fold,1
151,C,0.4883748130789503,5.131529518638305e-4,0.511112033969187,2,13,fold_1,fold,1
152,A,0.2972265865057734,2.3636648765531552e-4,0.7025370470065717,2,13,fold_1,fold,1
152,C,0.4883079489271141,4.806700597760059e-4,0.5112113810131101,2,13,fold_1,fold,1
153,A,0.2971958014710904,2.2139197056591137e-4,0.7025828065583443,2,13,fold_1,fold,1
153,C,0.488245326745282,4.5023480897124756e-4,0.5113044384457455,2,13,fold_1,fold,1
154,A,0.2971669696212285,2.0736353932717272e-4,0.7026256668394443,2,13,fold_1,fold,1
154,C,0.4881866779700188,4.2171917264496774e-4,0.5113916028573361,2,13,fold_1,fold,1
155,A,0.2971399672371107,1.9422170822745832e-4,0.7026658110546619,2,13,fold_1,fold,1
155,C,0.48813175097255374,3.9500299914394546e-4,0.511473246028302,2,13,fold_1,fold,1
156,A,0.29711467841363887,1.819106999639769e-4,0.7027034108863965,2,13,fold_1,fold,1
156,C,0.4880803099993956,3.6997354360263773e-4,0.511549716457002,2,13,fold_1,fold,1
157,A,0.29709099456870436,1.703782179533451e-4,0.7027386272133425,2,13,fold_1,fold,1
157,C,0.48803213417817104,3.4652502541717616e-4,0.5116213407964134,2,13,fold_1,fold,1
158,A,0.297068813982759,1.5957523224272027e-4,0.7027716107849984,2,13,fold_1,fold,1
158,C,0.48798701658479027,3.2455821041159447e-4,0.5116884252047973,2,13,fold_1,fold,1
159,A,0.297048041367087,1.4945577825007376e-4,0.702802502854662,2,13,fold_1,fold,1
159,C,0.48794476336827847,3.039800165404092e-4,0.511751256615181,2,13,fold_1,fold,1
160,A,0.2970285874590207,1.3997676758494804e-4,0.7028314357733941,2,13,fold_1,fold,1
160,C,0.4879051929298346,2.847031419514616e-4,0.5118101039282152,2,13,fold_1,fold,1
161,A,0.29701036864243324,1.31097810277605e-4,0.702858533547289,2,13,fold_1,fold,1
161,C,0.48786813515282157,2.66645714367041e-4,0.5118652191328112,2,13,fold_1,fold,1
162,A,0.2969933065919589,1.2278104775526085e-4,0.7028839123602861,2,13,fold_1,fold,1
162,C,0.48783343068060664,2.4973096070274954e-4,0.5119168383586914,2,13,fold_1,fold,1
163,A,0.29697732793946396,1.1499099594064249e-4,0.7029076810645959,2,13,fold_1,fold,1
163,C,0.4878009302393262,2.3388689588214664e-4,0.5119651828647922,2,13,fold_1,fold,1
164,A,0.29696236396141373,1.0769439788126278e-4,0.7029299416407042,2,13,fold_1,fold,1
164,C,0.4877704940028831,2.190460298413675e-4,0.5120104599672748,2,13,fold_1,fold,1
165,A,0.29694835028582783,1.0086008535224245e-4,0.7029507896288194,2,13,fold_1,fold,1
165,C,0.48774199099756554,2.0514509176273272e-4,0.5120528639106716,2,13,fold_1,fold,1
166,A,0.29693522661761573,9.445884890645068e-5,0.7029703145334778,2,13,fold_1,fold,1
166,C,0.48771529854386053,1.921247706158893e-4,0.5120925766855224,2,13,fold_1,fold,1
167,A,0.29692293648115076,8.846331587358296e-5,0.7029886002029756,2,13,fold_1,fold,1
167,C,0.4876903017331951,1.7992947111992495e-4,0.512129768795685,2,13,fold_1,fold,1
168,A,0.2969114269790134,8.284783583654488e-5,0.7030057251851505,2,13,fold_1,fold,1
168,C,0.4876668929374323,1.6850708427583943e-4,0.512164599978291,2,13,fold_1,fold,1
169,A,0.2969006485658921,7.758837313994915e-5,0.7030217630609682,2,13,fold_1,fold,1
169,C,0.48764497134911905,1.5780877165746376e-4,0.5121972198792227,2,13,fold_1,fold,1
170,A,0.2968905548367071,7.266240601098589e-5,0.7030367827572815,2,13,fold_1,fold,1
170,C,0.48762444255057974,1.4778876268785833e-4,0.5122277686867339,2,13,fold_1,fold,1
171,A,0.29688110232806364,6.804883189676927e-5,0.7030508488400399,2,13,fold_1,fold,1
171,C,0.4876052181100584,1.384041641653412e-4,0.5122563777257753,2,13,fold_1,fold,1
172,A,0.2968722503322006,6.372787864462755e-5,0.7030640217891552,2,13,fold_1,fold,1
172,C,0.4875872152032618,1.2961478133862993e-4,0.5122831700154001,2,13,fold_1,fold,1
173,A,0.29686396072266524,5.968102117306591e-5,0.7030763582561618,2,13,fold_1,fold,1
173,C,0.48757035625867456,1.2138294986520218e-4,0.5123082607914593,2,13,fold_1,fold,1
174,A,0.29685619779096795,5.589090330145358e-5,0.7030879113057318,2,13,fold_1,fold,1
174,C,0.48755456862522667,1.1367337802108008e-4,0.5123317579967532,2,13,fold_1,fold,1
175,A,0.29684892809353647,5.234126442578894e-5,0.7030987306420379,2,13,fold_1,fold,1
175,C,0.48753978426086636,1.0645299856327232e-4,0.5123537627405704,2,13,fold_1,fold,1
176,A,0.29684212030832474,4.9016870746123825e-5,0.7031088628209293,2,13,fold_1,fold,1
176,C,0.487525939440777,9.969082967778443e-5,0.5123743697295465,2,13,fold_1,fold,1
177,A,0.2968357451004689,4.590345076820676e-5,0.7031183514487627,2,13,fold_1,fold,1
177,C,0.48751297448397507,9.335784447575772e-5,0.5123936676715491,2,13,fold_1,fold,1
178,A,0.2968297749964245,4.298763481905045e-5,0.703127237368756,2,13,fold_1,fold,1
178,C,0.4875008334971739,8.742684853181376e-5,0.5124117396542953,2,13,fold_1,fold,1
179,A,0.29682418426605073,4.02568983307315e-5,0.7031355588356182,2,13,fold_1,fold,1
179,C,0.4874894641347898,8.187236498430831e-5,0.5124286635002271,2,13,fold_1,fold,1
180,A,0.29681894881214316,3.769950866001267e-5,0.7031433516791974,2,13,fold_1,fold,1
180,C,0.48747881737412807,7.667052674035555e-5,0.512444512099132,2,13,fold_1,fold,1
181,A,0.2968140460669512,3.530447522823407e-5,0.7031506494578204,2,13,fold_1,fold,1
181,C,0.48746884730475837,7.179897536272301e-5,0.512459353719878,2,13,fold_1,fold,1
182,A,0.2968094548952334,3.306150277687852e-5,0.7031574836019902,2,13,fold_1,fold,1
182,C,0.48745951093120643,6.72367662341641e-5,0.5124732523025577,2,13,fold_1,fold,1
183,A,0.2968051555034436,3.096094754661404e-5,0.7031638835490095,2,13,fold_1,fold,1
183,C,0.4874507679881167,6.296427961821781e-5,0.5124862677322654,2,13,fold_1,fold,1
184,A,0.2968011293546608,2.899377619916349e-5,0.7031698768691405,2,13,fold_1,fold,1
184,C,0.4874425807671008,5.896313725747197e-5,0.5124984560956402,2,13,fold_1,fold,1
185,A,0.2967973590889023,2.7151527312450037e-5,0.7031754893837854,2,13,fold_1,fold,1
185,C,0.48743491395456584,5.5216124171732095e-5,0.512509869921262,2,13,fold_1,fold,1
186,A,0.2967938284484789,2.5426275289776838e-5,0.7031807452762305,2,13,fold_1,fold,1
186,C,0.4874277344797694,5.170711533838993e-5,0.5125205584048932,2,13,fold_1,fold,1
187,A,0.2967905222080782,2.3810596533370678e-5,0.7031856671953894,2,13,fold_1,fold,1
187,C,0.4874210113725215,4.8421006955692156e-5,0.5125305676205226,2,13,fold_1,fold,1
188,A,0.29678742610926673,2.2297537741655387e-5,0.703190276352992,2,13,fold_1,fold,1
188,C,0.4874147156298931,4.534365200708642e-5,0.5125399407180983,2,13,fold_1,fold,1
189,A,0.29678452679914996,2.0880586198201257e-5,0.7031945926146516,2,13,fold_1,fold,1
189,C,0.48740882009135855,4.246179986160812e-5,0.5125487181087798,2,13,fold_1,fold,1
190,A,0.2967818117729111,1.9553641928394996e-5,0.7031986345851607,2,13,fold_1,fold,1
190,C,0.48740329932185084,3.976303966118943e-5,0.5125569376384886,2,13,fold_1,fold,1
191,A,0.2967792693199921,1.8310991607471166e-5,0.7032024196884006,2,13,fold_1,fold,1
191,C,0.4873981295022355,3.7235747260721195e-5,0.5125646347505042,2,13,fold_1,fold,1
192,A,0.29677688847368516,1.7147284110666756e-5,0.7032059642422049,2,13,fold_1,fold,1
192,C,0.4873932883267223,3.486903550073033e-5,0.5125718426377771,2,13,fold_1,fold,1
193,A,0.29677465896391925,1.605750760296037e-5,0.7032092835284772,2,13,fold_1,fold,1
193,C,0.48738875490677713,3.2652707605799643e-5,0.5125785923856175,2,13,fold_1,fold,1
194,A,0.2967725711730385,1.5036968072172748e-5,0.7032123918588895,2,13,fold_1,fold,1
194,C,0.4873845096811297,3.057721351439559e-5,0.5125849131053574,2,13,fold_1,fold,1
195,A,0.2967706160943847,1.4081269215141417e-5,0.7032153026363992,2,13,fold_1,fold,1
195,C,0.4873805343314897,2.8633608957609787e-5,0.512590832059552,2,13,fold_1,fold,1
196,A,0.29676878529350814,1.318629359226283e-5,0.7032180284128999,2,13,fold_1,fold,1
196,C,0.4873768117036116,2.6813517115445773e-5,0.5125963747792719,2,13,fold_1,fold,1
197,A,0.29676707087183096,1.2348184970912315e-5,0.7032205809431985,2,13,fold_1,fold,1
197,C,0.48737332573335673,2.5109092689708742e-5,0.5126015651739547,2,13,fold_1,fold,1
198,A,0.2967654654326263,1.1563331783241495e-5,0.7032229712355904,2,13,fold_1,fold,1
198,C,0.4873700613774554,2.3512988242594475e-5,0.512606425634303,2,13,fold_1,fold,1
199,A,0.29676396204914607,1.0828351628414542e-5,0.7032252095992253,2,13,fold_1,fold,1
199,C,0.4873670045486621,2.2018322659186145e-5,0.5126109771286773,2,13,fold_1,fold,1
200,A,0.2967625542347754,1.0140076753593806e-5,0.7032273056884701,2,13,fold_1,fold,1
200,C,0.4873641420550277,2.0618651600539498e-5,0.5126152392933702,2,13,fold_1,fold,1
201,A,0.2967612359150805,9.495540452296072e-6,0.7032292685444672,2,13,fold_1,fold,1
201,C,0.48736146154301646,1.930793982290034e-5,0.5126192305171606,2,13,fold_1,fold,1
202,A,0.2967600014016265,8.89196432241926e-6,0.7032311066340514,2,13,fold_1,fold,1
202,C,0.487358951444242,1.8080535245890483e-5,0.5126229680205114,2,13,fold_1,fold,1
203,A,0.29675884536746194,8.32674632984586e-6,0.7032328278862083,2,13,fold_1,fold,1
203,C,0.48735660092558636,1.693114465978122e-5,0.5126264679297552,2,13,fold_1,fold,1
204,A,0.29675776282415833,7.797449626903379e-6,0.703234439726214,2,13,fold_1,fold,1
204,C,0.4873543998424787,1.5854810968795912e-5,0.5126297453465531,2,13,fold_1,fold,1
205,A,0.2967567491003033,7.301792078146397e-6,0.703235949107619,2,13,fold_1,fold,1
205,C,0.48735233869514905,1.4846891873837105e-5,0.5126328144129775,2,13,fold_1,fold,1
206,A,0.2967557998213613,6.83763644889927e-6,0.7032373625421895,2,13,fold_1,fold,1
206,C,0.487350408587655,1.3903039904056263e-5,0.5126356883724422,2,13,fold_1,fold,1
207,A,0.29675491089081557,6.402981214781801e-6,0.7032386861279695,2,13,fold_1,fold,1
207,C,0.48734860118950485,1.3019183712314264e-5,0.5126383796267809,2,13,fold_1,fold,1
208,A,0.29675407847250307,5.995951953050456e-6,0.7032399255755434,2,13,fold_1,fold,1
208,C,0.48734690869973973,1.2191510554867734e-5,0.5126408997897057,2,13,fold_1,fold,1
209,A,0.29675329897407327,5.6147932790442125e-6,0.7032410862326474,2,13,fold_1,fold,1
209,C,0.4873453238132616,1.141644988059885e-5,0.5126432597368561,2,13,fold_1,fold,1
210,A,0.2967525690314962,5.2578612933288455e-6,0.7032421731072108,2,13,fold_1,fold,1
210,C,0.48734383968934064,1.0690657959787915e-5,0.5126454696526993,2,13,fold_1,fold,1
211,A,0.296751885494557,4.923616507293302e-6,0.7032431908889358,2,13,fold_1,fold,1
211,C,0.4873424499220857,1.0011003486812643e-5,0.5126475390744263,2,13,fold_1,fold,1
212,A,0.2967512454132679,4.610617216976681e-6,0.7032441439695151,2,13,fold_1,fold,1
212,C,0.4873411485128229,9.374554095269027e-6,0.5126494769330808,2,13,fold_1,fold,1
213,A,0.2967506460251448,4.317513296802201e-6,0.7032450364615581,2,13,fold_1,fold,1
213,C,0.48733992984420577,8.778563727864558e-6,0.5126512915920682,2,13,fold_1,fold,1
214,A,0.2967500847432952,4.04304038667619e-6,0.703245872216318,2,13,fold_1,fold,1
214,C,0.4873387886559767,8.220460807056422e-6,0.5126529908832161,2,13,fold_1,fold,1
215,A,0.2967495591452545,3.786014447580437e-6,0.703246654840299,2,13,fold_1,fold,1
215,C,0.48733772002228076,7.697837155804528e-6,0.5126545821405648,2,13,fold_1,fold,1
216,A,0.2967490669625413,3.545326662352225e-6,0.7032473877107964,2,13,fold_1,fold,1
216,C,0.4873367193304003,7.208437620993357e-6,0.5126560722319784,2,13,fold_1,fold,1
217,A,0.2967486060708702,3.319938659813049e-6,0.7032480739904704,2,13,fold_1,fold,1
217,C,0.4873357822608558,6.750150355059944e-6,0.512657467588789,2,13,fold_1,fold,1
218,A,0.296748174480987,3.1088780417875686e-6,0.7032487166409709,2,13,fold_1,fold,1
218,C,0.48733490476876823,6.320997714177384e-6,0.512658774233517,2,13,fold_1,fold,1
219,A,0.2967477703300881,2.9112341938403063e-6,0.703249318435717,2,13,fold_1,fold,1
219,C,0.48733408306640186,5.9191277339571366e-6,0.5126599978058637,2,13,fold_1,fold,1
220,A,0.2967473918737819,2.726154361760152e-6,0.7032498819718562,2,13,fold_1,fold,1
220,C,0.4873333136068173,5.542806146075228e-6,0.5126611435870363,2,13,fold_1,fold,1
221,A,0.29674703747856546,2.5528399769725523e-6,0.7032504096814572,2,13,fold_1,fold,1
221,C,0.48733259306856913,5.190408901582907e-6,0.5126622165225291,2,13,fold_1,fold,1
222,A,0.2967467056147745,2.3905432151111832e-6,0.7032509038420098,2,13,fold_1,fold,1
222,C,0.4873319183413686,4.860415168794245e-6,0.5126632212434623,2,13,fold_1,fold,1
223,A,0.2967463948499855,2.2385637729772007e-6,0.7032513665862414,2,13,fold_1,fold,1
223,C,0.48733128651266244,4.551400775671947e-6,0.5126641620865622,2,13,fold_1,fold,1
224,A,0.2967461038428319,2.096245850047448e-6,0.7032517999113175,2,13,fold_1,fold,1
224,C,0.48733069485506264,4.262032068533771e-6,0.5126650431128696,2,13,fold_1,fold,1
225,A,0.2967458313372203,1.962975321568683e-6,0.703252205687457,2,13,fold_1,fold,1
225,C,0.48733014081457304,3.99106016068601e-6,0.5126658681252658,2,13,fold_1,fold,1
226,A,0.29674557615690783,1.8381770910944457e-6,0.7032525856660007,2,13,fold_1,fold,1
226,C,0.48732962199957325,3.737315546260285e-6,0.5126666406848802,2,13,fold_1,fold,1
227,A,0.29674533720042645,1.7213126110888216e-6,0.7032529414869618,2,13,fold_1,fold,1
227,C,0.4873291361704895,3.499703056092118e-6,0.5126673641264539,2,13,fold_1,fold,1
228,A,0.2967451134363309,1.6118775609405345e-6,0.7032532746861079,2,13,fold_1,fold,1
228,C,0.4873286812301328,3.277197133944419e-6,0.5126680415727342,2,13,fold_1,fold,1
229,A,0.2967449038987478,1.5093996724050018e-6,0.703253586701579,2,13,fold_1,fold,1
229,C,0.4873282552146431,3.0688374127522774e-6,0.5126686759479443,2,13,fold_1,fold,1
230,A,0.2967447076832071,1.4134366931240521e-6,0.7032538788801008,2,13,fold_1,fold,1
230,C,0.4873278562850199,2.8737245718531523e-6,0.5126692699904094,2,13,fold_1,fold,1
231,A,0.29674452394273704,1.323574479464878e-6,0.7032541524827827,2,13,fold_1,fold,1
231,C,0.4873274827191765,2.691016457371595e-6,0.5126698262643661,2,13,fold_1,fold,1
232,A,0.2967443518842135,1.239425210474249e-6,0.7032544086905751,2,13,fold_1,fold,1
232,C,0.4873271329045167,2.519924449057438e-6,0.5126703471710348,2,13,fold_1,fold,1
233,A,0.2967441907649333,1.1606257152635648e-6,0.7032546486093518,2,13,fold_1,fold,1
233,C,0.48732680533096256,2.3597100579339394e-6,0.5126708349589787,2,13,fold_1,fold,1
234,A,0.29674403988940967,1.0868359066270826e-6,0.7032548732746853,2,13,fold_1,fold,1
234,C,0.4873264985844497,2.2096817401040496e-6,0.5126712917338104,2,13,fold_1,fold,1
235,A,0.2967438986063714,1.017737314151654e-6,0.703255083656315,2,13,fold_1,fold,1
235,C,0.4873262113408112,2.069191912991622e-6,0.5126717194672747,2,13,fold_1,fold,1
236,A,0.29674376630595173,9.530317105036023e-7,0.7032552806623386,2,13,fold_1,fold,1
236,C,0.4873259423600715,1.9376341611645883e-6,0.5126721200057662,2,13,fold_1,fold,1
237,A,0.2967436424170572,8.924398249783482e-7,0.7032554651431182,2,13,fold_1,fold,1
237,C,0.48732569048108854,1.814440619701732e-6,0.5126724950782916,2,13,fold_1,fold,1
238,A,0.29674352640490054,8.357001387737799e-7,0.70325563789496,2,13,fold_1,fold,1
238,C,0.4873254546165444,1.6990795238291513e-6,0.5126728463039328,2,13,fold_1,fold,1
239,A,0.2967434177686956,7.825677567991112e-7,0.7032557996635477,2,13,fold_1,fold,1
239,C,0.4873252337482484,1.5910529142667474e-6,0.512673175198837,2,13,fold_1,fold,1
240,A,0.29674331603949355,7.328133511594804e-7,0.7032559511471562,2,13,fold_1,fold,1
240,C,0.4873250269227508,1.489894488393567e-6,0.5126734831827622,2,13,fold_1,fold,1
241,A,0.29674322077815746,6.862221717659661e-7,0.7032560929996702,2,13,fold_1,fold,1
241,C,0.48732483324721365,1.3951675879718164e-6,0.5126737715851989,2,13,fold_1,fold,1
242,A,0.29674313157347365,6.425931198085512e-7,0.7032562258334065,2,13,fold_1,fold,1
242,C,0.48732465188556895,1.306463314754908e-6,0.5126740416511163,2,13,fold_1,fold,1
243,A,0.2967430480403678,6.01737880099938e-7,0.7032563502217526,2,13,fold_1,fold,1
243,C,0.4873244820549052,1.2233987658554521e-6,0.5126742945463304,2,13,fold_1,fold,1
244,A,0.2967429698182492,5.634801085514916e-7,0.7032564667016414,2,13,fold_1,fold,1
244,C,0.4873243230220839,1.1456153812648457e-6,0.5126745313625353,2,13,fold_1,fold,1
245,A,0.29674289656945396,5.276546712797888e-7,0.7032565757758744,2,13,fold_1,fold,1
245,C,0.4873241741005836,1.0727773963993477e-6,0.5126747531220203,2,13,fold_1,fold,1
246,A,0.2967428279777828,4.941069320645438e-7,0.7032566779152852,2,13,fold_1,fold,1
246,C,0.4873240346475283,1.0045703929999125e-6,0.5126749607820809,2,13,fold_1,fold,1
247,A,0.29674276374714115,4.6269208508671697e-7,0.7032567735607737,2,13,fold_1,fold,1
247,C,0.48732390406091286,9.406999421365925e-7,0.5126751552391449,2,13,fold_1,fold,1
248,A,0.2967427036002606,4.3327453007053723e-7,0.7032568631252101,2,13,fold_1,fold,1
248,C,0.4873237817770143,8.808903334651649e-7,0.5126753373326517,2,13,fold_1,fold,1
249,A,0.2967426472774983,4.0572728713573187e-7,0.7032569469952141,2,13,fold_1,fold,1
249,C,0.48732366726794474,8.248833852551127e-7,0.51267550784867,2,13,fold_1,fold,1
250,A,0.2967425945357213,3.799314488372759e-7,0.7032570255328293,2,13,fold_1,fold,1
250,C,0.487323560039383,7.72437330056414e-7,0.5126756675232881,2,13,fold_1,fold,1
251,A,0.2967425451472531,3.557756670301305e-7,0.7032570990770799,2,13,fold_1,fold,1
251,C,0.48732345962843177,7.233257711984504e-7,0.5126758170457972,2,13,fold_1,fold,1
252,A,0.29674249889889337,3.3315567234644116e-7,0.7032571679454341,2,13,fold_1,fold,1
252,C,0.48732336560162987,6.773367056196819e-7,0.5126759570616644,2,13,fold_1,fold,1
253,A,0.296742455590996,3.119738242131424e-7,0.7032572324351806,2,13,fold_1,fold,1
253,C,0.48732327755307236,6.342716088126534e-7,0.5126760881753181,2,13,fold_1,fold,1
254,A,0.296742415036608,2.9213868946948567e-7,0.703257292824702,2,13,fold_1,fold,1
254,C,0.48732319510266253,5.939445779366638e-7,0.5126762109527593,2,13,fold_1,fold,1
255,A,0.29674237706066336,2.735646477672593e-7,0.7032573493746894,2,13,fold_1,fold,1
255,C,0.4873231178944682,5.561815294012663e-7,0.512676325924001,2,13,fold_1,fold,1
256,A,0.2967423414992257,2.5617152205185426e-7,0.7032574023292526,2,13,fold_1,fold,1
256,C,0.4873230455951927,5.208194474585866e-7,0.5126764335853607,2,13,fold_1,fold,1
257,A,0.2967423081987817,2.398842325304353e-7,0.7032574519169854,2,13,fold_1,fold,1
257,C,0.48732297789272067,4.877056805624114e-7,0.5126765344015967,2,13,fold_1,fold,1
258,A,0.2967422770155794,2.2463247263471182e-7,0.7032574983519486,2,13,fold_1,fold,1
258,C,0.4873229144947922,4.566972824580804e-7,0.5126766288079249,2,13,fold_1,fold,1
259,A,0.2967422478150036,2.1035040558058583e-7,0.7032575418345909,2,13,fold_1,fold,1
259,C,0.4873228551277217,4.2766039515998436e-7,0.5126767172118827,2,13,fold_1,fold,1
260,A,0.2967422204710017,1.9697638021572312e-7,0.7032575825526189,2,13,fold_1,fold,1
260,C,0.4873227995352263,4.0046967115413e-7,0.5126767999951021,2,13,fold_1,fold,1
261,A,0.2967421948655316,1.8445266492930064e-7,0.7032576206818031,2,13,fold_1,fold,1
261,C,0.48732274747731835,3.7500773233259844e-7,0.5126768775149495,2,13,fold_1,fold,1
262,A,0.29674217088805904,1.7272519847603128e-7,0.7032576563867428,2,13,fold_1,fold,1
262,C,0.4873226987292678,3.511646633250251e-7,0.5126769501060696,2,13,fold_1,fold,1
263,A,0.29674214843507607,1.6174335663947175e-7,0.7032576898215687,2,13,fold_1,fold,1
263,C,0.48732265308063305,3.2883753704065137e-7,0.5126770180818306,2,13,fold_1,fold,1
264,A,0.29674212740965494,1.5145973372793987e-7,0.7032577211306119,2,13,fold_1,fold,1
264,C,0.48732261033435215,3.079299703733838e-7,0.5126770817356769,2,13,fold_1,fold,1
265,A,0.2967421077210328,1.4182993796031945e-7,0.7032577504490289,2,13,fold_1,fold,1
265,C,0.48732257030589554,2.8835170815250787e-7,0.5126771413423966,2,13,fold_1,fold,1
266,A,0.29674208928421575,1.3281239985893556e-7,0.7032577779033843,2,13,fold_1,fold,1
266,C,0.4873225328224593,2.700182335435264e-7,0.5126771971593065,2,13,fold_1,fold,1
267,A,0.2967420720196139,1.2436819282278107e-7,0.7032578036121925,2,13,fold_1,fold,1
267,C,0.4873224977222336,2.528504032177324e-7,0.512677249427363,2,13,fold_1,fold,1
268,A,0.29674205585269825,1.1646086510689798e-7,0.7032578276864371,2,13,fold_1,fold,1
268,C,0.48732246485369213,2.3677410571595106e-7,0.512677298372203,2,13,fold_1,fold,1
269,A,0.2967420407136779,1.0905628248291902e-7,0.7032578502300386,2,13,fold_1,fold,1
269,C,0.48732243407494263,2.2171994153200464e-7,0.5126773442051159,2,13,fold_1,fold,1
270,A,0.2967420265371988,1.0212248090184917e-7,0.7032578713403204,2,13,fold_1,fold,1
270,C,0.48732240525311765,2.0762292353514622e-7,0.5126773871239598,2,13,fold_1,fold,1
271,A,0.29674201326206323,9.562952852330099e-8,0.7032578911084085,2,13,fold_1,fold,1
271,C,0.48732237826379304,1.9442219643848361e-7,0.5126774273140092,2,13,fold_1,fold,1
272,A,0.2967420008309633,8.954939651581643e-8,0.703257909619639,2,13,fold_1,fold,1
272,C,0.48732235299046034,1.8206077410260463e-7,0.5126774649487645,2,13,fold_1,fold,1
273,A,0.2967419891902353,8.385583807073526e-8,0.703257926953926,2,13,fold_1,fold,1
273,C,0.4873223293240161,1.7048529354056127e-7,0.5126775001906911,2,13,fold_1,fold,1
274,A,0.2967419782896277,7.852427510750042e-8,0.703257943186096,2,13,fold_1,fold,1
274,C,0.4873223071622922,1.5964578456246332e-7,0.5126775331919249,2,13,fold_1,fold,1
275,A,0.29674196808208336,7.353169218143985e-8,0.7032579583862244,2,13,fold_1,fold,1
275,C,0.4873222864096177,1.4949545406531133e-7,0.5126775640949292,2,13,fold_1,fold,1
276,A,0.29674195852353613,6.885653663537517e-8,0.7032579726199274,2,13,fold_1,fold,1
276,C,0.4873222669764035,1.3999048301885075e-7,0.5126775930331126,2,13,fold_1,fold,1
277,A,0.29674194957271244,6.447862146413428e-8,0.7032579859486662,2,13,fold_1,fold,1
277,C,0.4873222487787384,1.3108982896788991e-7,0.5126776201314324,2,13,fold_1,fold,1
278,A,0.2967419411909692,6.037904665994062e-8,0.7032579984299843,2,13,fold_1,fold,1
278,C,0.48732223173805694,1.2275506611111507e-7,0.512677645506877,2,13,fold_1,fold,1
279,A,0.2967419333421329,5.654011930961563e-8,0.7032580101177482,2,13,fold_1,fold,1
279,C,0.4873222157808137,1.1495022284254025e-7,0.5126776692689627,2,13,fold_1,fold,1
280,A,0.29674192599232824,5.294527140129912e-8,0.7032580210624013,2,13,fold_1,fold,1
280,C,0.4873222008381409,1.076416146362102e-7,0.5126776915202451,2,13,fold_1,fold,1
281,A,0.2967419191099144,4.957902693511473e-8,0.7032580313110585,2,13,fold_1,fold,1
281,C,0.48732218684570705,1.0079777717311085e-7,0.512677712356516,2,13,fold_1,fold,1
282,A,0.29674191266530603,4.642691600485375e-8,0.7032580409077777,2,13,fold_1,fold,1
282,C,0.4873221737433647,9.438929165522045e-8,0.5126777318673446,2,13,fold_1,fold,1
283,A,0.2967419066305818,4.347528169095363e-8,0.7032580498941373,2,13,fold_1,fold,1
283,C,0.48732216147434476,8.838839218991363e-8,0.5126777501372636,2,13,fold_1,fold,1
284,A,0.2967419009795652,4.071132163045473e-8,0.7032580583091135,2,13,fold_1,fold,1
284,C,0.4873221499854324,8.276905030547849e-8,0.5126777672455184,2,13,fold_1,fold,1
285,A,0.2967418956841757,3.812130112855118e-8,0.7032580661945226,2,13,fold_1,fold,1
285,C,0.48732213921953504,7.750334203229313e-8,0.5126777832771229,2,13,fold_1,fold,1
286,A,0.2967418907229743,3.569473418553344e-8,0.7032580735822921,2,13,fold_1,fold,1
286,C,0.4873221291330649,7.256994833230816e-8,0.5126777982969861,2,13,fold_1,fold,1
287,A,0.29674188607356555,3.3420667578458045e-8,0.7032580805057667,2,13,fold_1,fold,1
287,C,0.4873221196804934,6.794660029486666e-8,0.5126778123729061,2,13,fold_1,fold,1
288,A,0.2967418818615775,3.1360546477706266e-8,0.7032580867778762,2,13,fold_1,fold,1
288,C,0.4873221111172297,6.375822079226443e-8,0.5126778251245506,2,13,fold_1,fold,1
289,A,0.2967418779092251,2.9427415424029087e-8,0.7032580926633588,2,13,fold_1,fold,1
289,C,0.48732210308182433,5.982802218255685e-8,0.5126778370901545,2,13,fold_1,fold,1
290,A,0.29674187420050474,2.761344651697043e-8,0.7032580981860488,2,13,fold_1,fold,1
290,C,0.48732209554173794,5.6140089647250675e-8,0.5126778483181723,2,13,fold_1,fold,1
291,A,0.2967418707203981,2.5911294377947184e-8,0.7032581033683073,2,13,fold_1,fold,1
291,C,0.4873220884664406,5.267948938685474e-8,0.5126778588540708,2,13,fold_1,fold,1
292,A,0.29674186745481296,2.4314066409199456e-8,0.7032581082311204,2,13,fold_1,fold,1
292,C,0.48732208182728015,4.9432208151673924e-8,0.512677868740512,2,13,fold_1,fold,1
293,A,0.2967418643905258,2.2815294883885806e-8,0.7032581127941802,2,13,fold_1,fold,1
293,C,0.48732207559737173,4.63850964974288e-8,0.5126778780175313,2,13,fold_1,fold,1
294,A,0.29674186151512755,2.1408910756552637e-8,0.7032581170759619,2,13,fold_1,fold,1
294,C,0.4873220697514906,4.352581553868275e-8,0.5126778867226955,2,13,fold_1,fold,1
295,A,0.2967418588169751,2.0089219087934632e-8,0.7032581210938053,2,13,fold_1,fold,1
295,C,0.48732206426596103,4.0842786984467625e-8,0.512677894891252,2,13,fold_1,fold,1
296,A,0.2967418562851432,1.8850875984580984e-8,0.7032581248639811,2,13,fold_1,fold,1
296,C,0.48732205911857224,3.8325146253791765e-8,0.5126779025562807,2,13,fold_1,fold,1
297,A,0.29674185390937874,1.768886695993454e-8,0.703258128401754,2,13,fold_1,fold,1
297,C,0.4873220542884805,3.596269848118238e-8,0.5126779097488204,2,13,fold_1,fold,1
298,A,0.2967418516800619,1.6598486629247198e-8,0.7032581317214516,2,13,fold_1,fold,1
298,C,0.4873220497561266,3.3745877234118246e-8,0.5126779164979962,2,13,fold_1,fold,1
299,A,0.29674184958816496,1.5575319656113658e-8,0.7032581348365158,2,13,fold_1,fold,1
299,C,0.48732204550315644,3.166570577518849e-8,0.5126779228311367,2,13,fold_1,fold,1
300,A,0.29674184762521727,1.4615222873475455e-8,0.7032581377595598,2,13,fold_1,fold,1
300,C,0.48732204151234976,2.9713760712118268e-8,0.5126779287738895,2,13,fold_1,fold,1
301,A,0.29674184578326973,1.3714308506700651e-8,0.703258140502422,2,13,fold_1,fold,1
301,C,0.487322037767545,2.788213788846921e-8,0.512677934350317,2,13,fold_1,fold,1
302,A,0.29674184405486403,1.2868928430807572e-8,0.7032581430762072,2,13,fold_1,fold,1
302,C,0.487322034253579,2.6163420376897582e-8,0.5126779395830016,2,13,fold_1,fold,1
303,A,0.2967418424330011,1.2075659398088702e-8,0.7032581454913396,2,13,fold_1,fold,1
303,C,0.4873220309562209,2.455064844536515e-8,0.512677944493132,2,13,fold_1,fold,1
304,A,0.2967418409111138,1.1331289176318289e-8,0.7032581477575972,2,13,fold_1,fold,1
304,C,0.4873220278621211,2.303729137468765e-8,0.5126779491005898,2,13,fold_1,fold,1
305,A,0.29674183948303895,1.0632803541416217e-8,0.703258149884158,2,13,fold_1,fold,1
305,C,0.4873220249587458,2.1617221013301205e-8,0.5126779534240332,2,13,fold_1,fold,1
306,A,0.29674183814299315,9.97737407189858e-9,0.7032581518796326,2,13,fold_1,fold,1
306,C,0.4873220222343425,2.0284686962162898e-8,0.5126779574809709,2,13,fold_1,fold,1
307,A,0.29674183688555134,9.36234669569296e-9,0.7032581537521024,2,13,fold_1,fold,1
307,C,0.4873220196778767,1.903429328930019e-8,0.5126779612878289,2,13,fold_1,fold,1
308,A,0.29674183570562057,8.78523094348084e-9,0.7032581555091476,2,13,fold_1,fold,1
308,C,0.48732201727899854,1.786097667703583e-8,0.5126779648600244,2,13,fold_1,fold,1
309,A,0.2967418345984241,8.243689862296649e-9,0.7032581571578868,2,13,fold_1,fold,1
309,C,0.48732201502799194,1.675998592665328e-8,0.512677968212022,2,13,fold_1,fold,1
310,A,0.2967418335594769,7.73553055408483e-9,0.703258158704992,2,13,fold_1,fold,1
310,C,0.487322012915743,1.5726862711825698e-8,0.5126779713573941,2,13,fold_1,fold,1
311,A,0.2967418325845735,7.2586952955334095e-9,0.7032581601567316,2,13,fold_1,fold,1
311,C,0.4873220109336975,1.475742352676239e-8,0.5126779743088788,2,13,fold_1,fold,1
312,A,0.29674183166976453,6.811253205548151e-9,0.7032581615189817,2,13,fold_1,fold,1
312,C,0.48732200907383016,1.3847742746140542e-8,0.5126779770784289,2,13,fold_1,fold,1
313,A,0.29674183081134703,6.391392426465472e-9,0.7032581627972597,2,13,fold_1,fold,1
313,C,0.48732200732860825,1.2994136728803373e-8,0.5126779796772548,2,13,fold_1,fold,1
314,A,0.2967418300058443,5.997412787227202e-9,0.703258163996743,2,13,fold_1,fold,1
314,C,0.48732200569096606,1.2193148901338646e-8,0.5126779821158848,2,13,fold_1,fold,1
315,A,0.29674182924999415,5.627718918808583e-9,0.703258165122286,2,13,fold_1,fold,1
315,C,0.48732200415427207,1.1441535761135374e-8,0.5126779844041919,2,13,fold_1,fold,1
316,A,0.2967418285407364,5.280813794022259e-9,0.7032581661784493,2,13,fold_1,fold,1
316,C,0.48732200271230325,1.0736253742240935e-8,0.5126779865514424,2,13,fold_1,fold,1
317,A,0.296741827875199,4.9552926655392266e-9,0.7032581671695083,2,13,fold_1,fold,1
317,C,0.48732200135922116,1.0074446890833648e-8,0.5126779885663325,2,13,fold_1,fold,1
318,A,0.2967418272506871,4.6498373775801196e-9,0.7032581680994755,2,13,fold_1,fold,1
318,C,0.48732200008954546,9.453435300404766e-9,0.512677990457019,2,13,fold_1,fold,1
319,A,0.29674182666467136,4.363211028243467e-9,0.7032581689721178,2,13,fold_1,fold,1
319,C,0.48732199889813527,8.870704259819797e-9,0.5126779922311591,2,13,fold_1,fold,1
320,A,0.29674182611477884,4.094252960857182e-9,0.7032581697909683,2,13,fold_1,fold,1
320,C,0.48732199778016727,8.32389407031626e-9,0.5126779938959387,2,13,fold_1,fold,1
321,A,0.2967418255987825,3.841874064071775e-9,0.7032581705593433,2,13,fold_1,fold,1
321,C,0.48732199673111265,7.810790490202693e-9,0.5126779954580972,2,13,fold_1,fold,1
322,A,0.29674182511459385,3.605052361664206e-9,0.7032581712803534,2,13,fold_1,fold,1
322,C,0.48732199574672475,7.329315768566957e-9,0.5126779969239609,2,13,fold_1,fold,1
323,A,0.29674182466025156,3.3828288741940283e-9,0.7032581719569193,2,13,fold_1,fold,1
323,C,0.4873219948230159,6.877520231685594e-9,0.5126779982994641,2,13,fold_1,fold,1
324,A,0.2967418242339164,3.1743037357546082e-9,0.7032581725917807,2,13,fold_1,fold,1
324,C,0.4873219939562468,6.4535743880647865e-9,0.5126779995901788,2,13,fold_1,fold,1
325,A,0.296741823833861,2.9786325500949174e-9,0.7032581731875072,2,13,fold_1,fold,1
325,C,0.48732199314290703,6.055761520143529e-9,0.5126780008013317,2,13,fold_1,fold,1
326,A,0.29674182345846595,2.795022971356705e-9,0.7032581737465115,2,13,fold_1,fold,1
326,C,0.487321992379703,5.68247073266009e-9,0.5126780019378253,2,13,fold_1,fold,1
327,A,0.2967418231062108,2.622731495581488e-9,0.7032581742710572,2,13,fold_1,fold,1
327,C,0.4873219916635463,5.332190429532053e-9,0.5126780030042632,2,13,fold_1,fold,1
328,A,0.2967418227756699,2.4610604511506735e-9,0.7032581747632695,2,13,fold_1,fold,1
328,C,0.4873219909915337,5.00350219398215e-9,0.5126780040049632,2,13,fold_1,fold,1
329,A,0.296741822465504,2.3093551702319912e-9,0.70325817522514,2,13,fold_1,fold,1
329,C,0.4873219903609456,4.695075041449152e-9,0.5126780049439791,2,13,fold_1,fold,1
330,A,0.2967418221744576,2.1670013409773935e-9,0.7032581756585413,2,13,fold_1,fold,1
330,C,0.48732198976922925,4.405660033058515e-9,0.5126780058251107,2,13,fold_1,fold,1
331,A,0.29674182190135234,2.0334225192548383e-9,0.7032581760652249,2,13,fold_1,fold,1
331,C,0.48732198921398606,4.134085217520082e-9,0.5126780066519276,2,13,fold_1,fold,1
332,A,0.2967418216450809,1.908077794200916e-9,0.7032581764468405,2,13,fold_1,fold,1
332,C,0.4873219886929712,3.87925088524513e-9,0.5126780074277792,2,13,fold_1,fold,1
333,A,0.29674182140460775,1.7904595978752182e-9,0.7032581768049321,2,13,fold_1,fold,1
333,C,0.48732198820407185,3.6401251152071634e-9,0.5126780081558034,2,13,fold_1,fold,1
334,A,0.29674182117895703,1.6800916499319835e-9,0.7032581771409506,2,13,fold_1,fold,1
334,C,0.487321987745309,3.4157395963042624e-9,0.5126780088389513,2,13,fold_1,fold,1
335,A,0.29674182096721624,1.5765270289862936e-9,0.7032581774562566,2,13,fold_1,fold,1
335,C,0.48732198731482634,3.2051857063016617e-9,0.5126780094799888,2,13,fold_1,fold,1
336,A,0.2967418207685276,1.4793463628651423e-9,0.7032581777521248,2,13,fold_1,fold,1
336,C,0.48732198691087925,3.007610832476926e-9,0.5126780100815101,2,13,fold_1,fold,1
337,A,0.296741820582087,1.3881561304151585e-9,0.7032581780297572,2,13,fold_1,fold,1
337,C,0.48732198653183156,2.8222149190687492e-9,0.512678010645954,2,13,fold_1,fold,1
338,A,0.2967418204071384,1.3025870679903216e-9,0.703258178290274,2,13,fold_1,fold,1
338,C,0.48732198617614925,2.6482472275485275e-9,0.5126780111756029,2,13,fold_1,fold,1
339,A,0.29674182024297424,1.2222926741671283e-9,0.7032581785347329,2,13,fold_1,fold,1
339,C,0.4873219858423932,2.485003296596031e-9,0.5126780116726035,2,13,fold_1,fold,1
340,A,0.2967418200889291,1.1469478066321559e-9,0.7032581787641221,2,13,fold_1,fold,1
340,C,0.4873219855292103,2.3318220894688495e-9,0.5126780121389677,2,13,fold_1,fold,1
341,A,0.2967418199443806,1.0762473655604215e-9,0.7032581789793722,2,13,fold_1,fold,1
341,C,0.48732198523533155,2.1880833172143234e-9,0.5126780125765843,2,13,fold_1,fold,1
342,A,0.2967418198087421,1.0099050581530426e-9,0.7032581791813537,2,13,fold_1,fold,1
342,C,0.4873219849595699,2.053204926884628e-9,0.5126780129872262,2,13,fold_1,fold,1
343,A,0.29674181968146446,9.476522393313882e-10,0.7032581793708844,2,13,fold_1,fold,1
343,C,0.48732198470080584,1.9266407445838258e-9,0.5126780133725541,2,13,fold_1,fold,1
344,A,0.29674181956203244,8.892368238932746e-10,0.7032581795487304,2,13,fold_1,fold,1
344,C,0.48732198445799196,1.8078782638027801e-9,0.5126780137341291,2,13,fold_1,fold,1
345,A,0.2967418194499625,8.34422265726149e-10,0.7032581797156157,2,13,fold_1,fold,1
345,C,0.48732198423014644,1.696436570086005e-9,0.5126780140734167,2,13,fold_1,fold,1
346,A,0.2967418193448007,7.829865999437374e-10,0.7032581798722124,2,13,fold_1,fold,1
346,C,0.48732198401634597,1.5918643936266568e-9,0.5126780143917895,2,13,fold_1,fold,1
347,A,0.2967418192461213,7.347215440674223e-10,0.7032581800191571,2,13,fold_1,fold,1
347,C,0.4873219838157238,1.493738281903904e-9,0.5126780146905366,2,13,fold_1,fold,1
348,A,0.296741819153525,6.894316544748158e-10,0.7032581801570439,2,13,fold_1,fold,1
348,C,0.48732198362747003,1.4016608854238002e-9,0.5126780149708694,2,13,fold_1,fold,1
349,A,0.2967418190666366,6.469335353954749e-10,0.7032581802864306,2,13,fold_1,fold,1
349,C,0.48732198345081934,1.3152593473379449e-9,0.512678015233922,2,13,fold_1,fold,1
350,A,0.29674181898510404,6.070550958708323e-10,0.703258180407841,2,13,fold_1,fold,1
350,C,0.48732198328505827,1.234183794865426e-9,0.512678015480758,2,13,fold_1,fold,1
351,A,0.2967418189085972,5.696348529857248e-10,0.7032581805217684,2,13,fold_1,fold,1
351,C,0.4873219831295146,1.1581059222508381e-9,0.512678015712379,2,13,fold_1,fold,1
352,A,0.29674181883680645,5.345212779913545e-10,0.7032581806286724,2,13,fold_1,fold,1
352,C,0.4873219829835595,1.086717661244682e-9,0.5126780159297231,2,13,fold_1,fold,1
353,A,0.29674181876944133,5.015721827085682e-10,0.7032581807289875,2,13,fold_1,fold,1
353,C,0.4873219828466015,1.0197299336180008e-9,0.512678016133668,2,13,fold_1,fold,1
354,A,0.29674181870622807,4.706541437545593e-10,0.7032581808231175,2,13,fold_1,fold,1
354,C,0.4873219827180857,9.568714805748574e-10,0.5126780163250443,2,13,fold_1,fold,1
355,A,0.2967418186469123,4.4164196226148717e-10,0.7032581809114457,2,13,fold_1,fold,1
355,C,0.48732198259749093,8.978877643223928e-10,0.5126780165046201,2,13,fold_1,fold,1
356,A,0.29674181859125204,4.144181568992024e-10,0.70325818099433,2,13,fold_1,fold,1
356,C,0.48732198248433123,8.425399373506273e-10,0.5126780166731285,2,13,fold_1,fold,1
357,A,0.2967418185390236,3.888724881491595e-10,0.7032581810721041,2,13,fold_1,fold,1
357,C,0.4873219823781464,7.906038752480985e-10,0.5126780168312487,2,13,fold_1,fold,1
358,A,0.29674181849001396,3.649015119031107e-10,0.7032581811450839,2,13,fold_1,fold,1
358,C,0.48732198227850754,7.418692691369726e-10,0.5126780169796228,2,13,fold_1,fold,1
359,A,0.29674181844402564,3.424081605789551e-10,0.7032581812135665,2,13,fold_1,fold,1
359,C,0.4873219821850115,6.961387740524539e-10,0.512678017118851,2,13,fold_1,fold,1
360,A,0.2967418184008725,3.2130135005751463e-10,0.7032581812778264,2,13,fold_1,fold,1
360,C,0.4873219820972764,6.532272098180179e-10,0.5126780172494968,2,13,fold_1,fold,1
361,A,0.2967418183603788,3.0149561084858637e-10,0.7032581813381256,2,13,fold_1,fold,1
361,C,0.48732198201494964,6.129608111804802e-10,0.5126780173720888,2,13,fold_1,fold,1
362,A,0.29674181832238133,2.8291074199273377e-10,0.7032581813947066,2,13,fold_1,fold,1
362,C,0.4873219819377004,5.751765241684319e-10,0.5126780174871243,2,13,fold_1,fold,1
363,A,0.2967418182867271,2.6547148629732144e-10,0.7032581814478025,2,13,fold_1,fold,1
363,C,0.4873219818652106,5.39721345824713e-10,0.5126780175950689,2,13,fold_1,fold,1
364,A,0.29674181825326945,2.4910722559172125e-10,0.7032581814976239,2,13,fold_1,fold,1
364,C,0.4873219817971895,5.064517046392654e-10,0.5126780176963582,2,13,fold_1,fold,1
365,A,0.2967418182218746,2.3375169476765716e-10,0.7032581815443736,2,13,fold_1,fold,1
365,C,0.48732198173336083,4.752328791734989e-10,0.5126780177914043,2,13,fold_1,fold,1
0,A,0.9990000000000001,0.001,0,3,13,fold_1,fold,1
0,C,0.9989999999999997,0.0010000000000000002,0,3,13,fold_1,fold,1
1,A,0.99859531389612,0.0011863323847123622,2.1835371916764076e-4,3,13,fold_1,fold,1
1,C,0.9986915447141815,0.0010986856409214091,2.0976964489800826e-4,3,13,fold_1,fold,1
2,A,0.998133113315448,0.0013910751105089027,4.758115740422992e-4,3,13,fold_1,fold,1
2,C,0.9983557682143903,0.0012042782473207444,4.399535382889799e-4,3,13,fold_1,fold,1
3,A,0.9976105920455902,0.0016134262199072346,7.759817345022088e-4,3,13,fold_1,fold,1
3,C,0.997990878737972,0.0013171443891188655,6.919768729084546e-4,3,13,fold_1,fold,1
4,A,0.9970231748630809,0.0018542416249368659,0.001122583511981254,3,13,fold_1,fold,1
4,C,0.9975946731513748,0.0014379130492370932,9.674137993881686e-4,3,13,fold_1,fold,1
5,A,0.9963653296616887,0.00211533672868678,0.0015193336096248965,3,13,fold_1,fold,1
5,C,0.9971648223576486,0.0015673254187073575,0.0012678522236450082,3,13,fold_1,fold,1
6,A,0.99563015013487,0.0023992511220921058,0.001970598743037992,3,13,fold_1,fold,1
6,C,0.9966985832233002,0.0017062826434902623,0.0015951341332105318,3,13,fold_1,fold,1
7,A,0.994810182442996,0.002708745769082563,0.002481071787921996,3,13,fold_1,fold,1
7,C,0.9961930630214499,0.0018557335929753225,0.00195120338557452,3,13,fold_1,fold,1
8,A,0.9938970089956068,0.003046841378590234,0.003056149625803718,3,13,fold_1,fold,1
8,C,0.9956450219799109,0.002016721752915638,0.0023382562671741738,3,13,fold_1,fold,1
9,A,0.9928806704646508,0.0034168969900449713,0.0037024325453052613,3,13,fold_1,fold,1
9,C,0.9950506174596899,0.0021904458807128495,0.002758936659596806,3,13,fold_1,fold,1
10,A,0.9917517863657245,0.0038219045469595598,0.004426309087315069,3,13,fold_1,fold,1
10,C,0.9944062156147424,0.002378004804308427,0.0032157795809487476,3,13,fold_1,fold,1
11,A,0.9905006976506068,0.004264837402065663,0.005234464947327205,3,13,fold_1,fold,1
11,C,0.993708065622429,0.0025805076948942724,0.003711426682676507,3,13,fold_1,fold,1
12,A,0.989115653561557,0.004749165918969339,0.0061351805194731985,3,13,fold_1,fold,1
12,C,0.992951588498279,0.0027992753597706056,0.004249136141949743,3,13,fold_1,fold,1
13,A,0.9875845516493804,0.005278324920005514,0.007137123430613599,3,13,fold_1,fold,1
13,C,0.9921320485457883,0.003035640177320388,0.004832311276893129,3,13,fold_1,fold,1
14,A,0.9858944082240195,0.005855882052127905,0.008249709723852588,3,13,fold_1,fold,1
14,C,0.9912443426372032,0.00329100886175627,0.005464648501042097,3,13,fold_1,fold,1
15,A,0.9840314572382168,0.006485486604496849,0.009483056157286309,3,13,fold_1,fold,1
15,C,0.9902830245683455,0.0035668510693782694,0.006150124362276994,3,13,fold_1,fold,1
16,A,0.9819812442730984,0.007170857488196815,0.010847898238704986,3,13,fold_1,fold,1
16,C,0.9892423365337548,0.003864695138421909,0.00689296832782336,3,13,fold_1,fold,1
17,A,0.9797284720018605,0.007915797176164755,0.012355730821975096,3,13,fold_1,fold,1
17,C,0.9881161301575555,0.004186144310438944,0.007697725532006625,3,13,fold_1,fold,1
18,A,0.9772570072692695,0.008724158304805864,0.01401883442592518,3,13,fold_1,fold,1
18,C,0.9868978464886146,0.004532876461529669,0.008569277049856104,3,13,fold_1,fold,1
19,A,0.9745500175231303,0.009599803967922984,0.015850178508946294,3,13,fold_1,fold,1
19,C,0.9855805580239115,0.004906633013249896,0.009512808962838348,3,13,fold_1,fold,1
20,A,0.9715898733797201,0.010546564032019637,0.017863562588260596,3,13,fold_1,fold,1
20,C,0.9841568833834683,0.005309228452150949,0.010533888164379496,3,13,fold_1,fold,1
21,A,0.9683581406056883,0.011568176202777202,0.0200736831915352,3,13,fold_1,fold,1
21,C,0.9826189376875085,0.005742551866432398,0.011638510446058261,3,13,fold_1,fold,1
22,A,0.9648358538812605,0.012668203938618188,0.02249594218012145,3,13,fold_1,fold,1
22,C,0.9809584093562398,0.00620854508736442,0.012833045556395398,3,13,fold_1,fold,1
23,A,0.9610036896384154,0.013849952225127676,0.02514635813645785,3,13,fold_1,fold,1
23,C,0.979166587417404,0.006709187054430584,0.014124225528165318,3,13,fold_1,fold,1
24,A,0.9568420726375082,0.015116375865366112,0.028041551497126713,3,13,fold_1,fold,1
24,C,0.9772343465329788,0.007246483650971151,0.015519169816052242,3,13,fold_1,fold,1
25,A,0.9523313261480915,0.016469973601889242,0.03119870025002039,3,13,fold_1,fold,1
25,C,0.9751521416448702,0.00782245378513949,0.017025404569990014,3,13,fold_1,fold,1
26,A,0.9474518912172513,0.017912667781163898,0.03463544100158542,3,13,fold_1,fold,1
26,C,0.9729100255614181,0.008439109118097908,0.018650865320484118,3,13,fold_1,fold,1
27,A,0.94218459652818,0.01944567231345243,0.038369731158367455,3,13,fold_1,fold,1
27,C,0.9704976823563122,0.009098428399836368,0.02040388924385153,3,13,fold_1,fold,1
28,A,0.9365109613615278,0.02106935192650974,0.04241968671196376,3,13,fold_1,fold,1
28,C,0.9679044696545847,0.009802327467250672,0.022293202878165375,3,13,fold_1,fold,1
29,A,0.93041350313546,0.022783085960137024,0.04680341090440366,3,13,fold_1,fold,1
29,C,0.9651194653823992,0.010552627502575027,0.024327907115026505,3,13,fold_1,fold,1
30,A,0.9238761176967836,0.02458510983642721,0.05153877246678905,3,13,fold_1,fold,1
30,C,0.9621315315424307,0.011351014142985281,0.02651745431458438,3,13,fold_1,fold,1
31,A,0.9168845106297594,0.026472348185655657,0.056643141184584654,3,13,fold_1,fold,1
31,C,0.9589293947937437,0.012198989162642683,0.028871616043613546,3,13,fold_1,fold,1
32,A,0.9094266057715739,0.02844027971222087,0.06213311451620534,3,13,fold_1,fold,1
32,C,0.9555017380154611,0.013097821934050803,0.03140044005048775,3,13,fold_1,fold,1
33,A,0.9014929281493306,0.03048283098166035,0.06802424086900988,3,13,fold_1,fold,1
33,C,0.9518372998498997,0.014048499680459946,0.03411420046964159,3,13,fold_1,fold,1
34,A,0.8930770218858467,0.03259227417023721,0.0743307039439162,3,13,fold_1,fold,1
34,C,0.9479249933368449,0.015051669732537094,0.03702333693061747,3,13,fold_1,fold,1
35,A,0.8841758863183399,0.03475914124624002,0.08106497243542005,3,13,fold_1,fold,1
35,C,0.9437540449218397,0.016107574914305835,0.04013838016385471,3,13,fold_1,fold,1
36,A,0.8747903835252596,0.03697217878254017,0.08823743769220072,3,13,fold_1,fold,1
36,C,0.939314150240595,0.017215986251307734,0.043469863508097104,3,13,fold_1,fold,1
37,A,0.8649255840200788,0.039218357818750875,0.0958560581611712,3,13,fold_1,fold,1
37,C,0.9345956438527465,0.018376135358510952,0.04702822078874251,3,13,fold_1,fold,1
38,A,0.8545910477801925,0.04148293779657072,0.10392601442323678,3,13,fold_1,fold,1
38,C,0.9295896795812437,0.01958664791882217,0.050823672499936474,3,13,fold_1,fold,1
39,A,0.8438010351366307,0.04374958559898187,0.11244937926438862,3,13,fold_1,fold,1
39,C,0.9242884236822967,0.02084547792245666,0.0548660983952459,3,13,fold_1,fold,1
40,A,0.8325746314299586,0.046000554142324436,0.1214248144277163,3,13,fold_1,fold,1
40,C,0.9186852579369172,0.02214984521773121,0.05916489684535163,3,13,fold_1,fold,1
41,A,0.8209357661301979,0.04821692427046271,0.13084730959934032,3,13,fold_1,fold,1
41,C,0.9127749883075316,0.02349617962354044,0.06372883206892704,3,13,fold_1,fold,1
42,A,0.8089131143681636,0.05037890812755161,0.14070797750428554,3,13,fold_1,fold,1
42,C,0.90655405402106,0.024880074771968005,0.06856587120697201,3,13,fold_1,fold,1
43,A,0.7965398772978504,0.05246620687864232,0.15099391582350657,3,13,fold_1,fold,1
43,C,0.9000207319407999,0.0262962545185947,0.07368301354060458,3,13,fold_1,fold,1
44,A,0.7838534428216326,0.05445841240743751,0.1616881447709294,3,13,fold_1,fold,1
44,C,0.8931753306963042,0.027738554787848646,0.07908611451584688,3,13,fold_1,fold,1
45,A,0.7708949318347381,0.05633544027097291,0.1727696278942887,3,13,fold_1,fold,1
45,C,0.8860203682683959,0.029199923867704602,0.08477970786389999,3,13,fold_1,fold,1
46,A,0.7577086399765572,0.058077978651890655,0.18421338137155124,3,13,fold_1,fold,1
46,C,0.8785607261515359,0.03067244402951925,0.09076682981894454,3,13,fold_1,fold,1
47,A,0.7443413907806947,0.05966793572074898,0.19599067349855637,3,13,fold_1,fold,1
47,C,0.870803773151584,0.03214737684303401,0.0970488500053834,3,13,fold_1,fold,1
48,A,0.7308418213132923,0.06108886665139247,0.20806931203531506,3,13,fold_1,fold,1
48,C,0.8627594522447438,0.033615233825233175,0.10362531393002367,3,13,fold_1,fold,1
49,A,0.7172596247670746,0.062326361922104515,0.22041401331082142,3,13,fold_1,fold,1
49,C,0.8544403245747513,0.03506587320590856,0.11049380221934033,3,13,fold_1,fold,1
50,A,0.7036447760935672,0.06336838027485191,0.23298684363158056,3,13,fold_1,fold,1
50,C,0.8458615655895487,0.03648862260680758,0.1176498118036448,3,13,fold_1,fold,1
51,A,0.6900467669753223,0.06420551246324196,0.24574772056143473,3,13,fold_1,fold,1
51,C,0.8370409095823599,0.03787242629863747,0.12508666411900224,3,13,fold_1,fold,1
52,A,0.6765138753312431,0.0648311654977524,0.25865495917100484,3,13,fold_1,fold,1
52,C,0.827998540515846,0.03920601446671841,0.13279544501743648,3,13,fold_1,fold,1
53,A,0.6630924920318804,0.06524166131767307,0.27166584665044663,3,13,fold_1,fold,1
53,C,0.8187569288928764,0.040478090675886105,0.14076498043123745,3,13,fold_1,fold,1
54,A,0.6498265237113698,0.06543624837625052,0.28473722791237904,3,13,fold_1,fold,1
54,C,0.8093406164724877,0.041677532576977636,0.14898185095053434,3,13,fold_1,fold,1
55,A,0.6367568851667392,0.06541702978459416,0.29782608504866653,3,13,fold_1,fold,1
55,C,0.7997759527732496,0.042793599852817596,0.15743044737393216,3,13,fold_1,fold,1
56,A,0.6239210911566532,0.06518881430638256,0.31089009453696415,3,13,fold_1,fold,1
56,C,0.7900907890937483,0.04381614287093501,0.1660930680353162,3,13,fold_1,fold,1
57,A,0.6113529578738606,0.0647588948392437,0.32388814728689563,3,13,fold_1,fold,1
57,C,0.7803141370228149,0.04473580558044231,0.17495005739674344,3,13,fold_1,fold,1
58,A,0.599082399062463,0.06413678139162934,0.3367808195459067,3,13,fold_1,fold,1
58,C,0.770475802483674,0.04554421364186259,0.1839799838744651,3,13,fold_1,fold,1
59,A,0.5871353234799354,0.06333389088492718,0.34953078563513856,3,13,fold_1,fold,1
59,C,0.7606060036682349,0.0462341428772515,0.19315985345451228,3,13,fold_1,fold,1
60,A,0.5755336234095012,0.062363210593544355,0.36210316599695386,3,13,fold_1,fold,1
60,C,0.7507349839795031,0.04679966158125183,0.20246535443924438,3,13,fold_1,fold,1
61,A,0.564295243900621,0.061238949529949065,0.3744658065694299,3,13,fold_1,fold,1
61,C,0.7408926307413142,0.047236241654088844,0.211871127604596,3,13,fold_1,fold,1
62,A,0.5534343199949611,0.05997619168067316,0.3865894883243658,3,13,fold_1,fold,1
62,C,0.731108110051986,0.04754083479324803,0.22135105515476713,3,13,fold_1,fold,1
63,A,0.5429613690510636,0.05859056243098763,0.39844806851794884,3,13,fold_1,fold,1
63,C,0.7214095270907271,0.047711911666208084,0.23087856124306375,3,13,fold_1,fold,1
64,A,0.5328835256878192,0.05709791698629548,0.41001855732588566,3,13,fold_1,fold,1
64,C,0.71182361979147,0.04774946364194234,0.2404269165665876,3,13,fold_1,fold,1
65,A,0.5232048074102913,0.05551405757234731,0.4212811350173621,3,13,fold_1,fold,1
65,C,0.7023754921968507,0.04765496817513265,0.24996953962801688,3,13,fold_1,fold,1
66,A,0.513926399798742,0.05385448430895325,0.4322191158923041,3,13,fold_1,fold,1
66,C,0.693088392038777,0.04743132032884818,0.259480287632375,3,13,fold_1,fold,1
67,A,0.5050469513419282,0.05213418266744792,0.44281886599062376,3,13,fold_1,fold,1
67,C,0.6839835352334163,0.047082734159525734,0.2689337306070564,3,13,fold_1,fold,1
68,A,0.4965628694727226,0.05036744849996596,0.4530696820273116,3,13,fold_1,fold,1
68,C,0.6750799781452281,0.04661461868237081,0.27830540317240116,3,13,fold_1,fold,1
69,A,0.48846861092284,0.0485677500167467,0.4629636390604136,3,13,fold_1,fold,1
69,C,0.6663945367850339,0.046033433809894116,0.28757202940507215,3,13,fold_1,fold,1
70,A,0.48075696100298354,0.046747624874164256,0.4724954141228525,3,13,fold_1,fold,1
70,C,0.6579417506458459,0.045346531994619875,0.2967117173595342,3,13,fold_1,fold,1
71,A,0.47341929776218394,0.044918609670979964,0.48166209256683684,3,13,fold_1,fold,1
71,C,0.649733887692379,0.04456199133735489,0.30570412097026495,3,13,fold_1,fold,1
72,A,0.46644583816806173,0.04309119856280874,0.49046296326912936,3,13,fold_1,fold,1
72,C,0.641780986124079,0.04368844568733423,0.3145305681885861,3,13,fold_1,fold,1
73,A,0.4598258644840262,0.04127482735324364,0.49889930816273004,3,13,fold_1,fold,1
73,C,0.634090927927756,0.04273491680406564,0.32317415526817744,3,13,fold_1,fold,1
74,A,0.4535479299034972,0.03947787927692915,0.5069741908195743,3,13,fold_1,fold,1
74,C,0.6266695389122311,0.04171065302146345,0.33161980806630553,3,13,fold_1,fold,1
75,A,0.4476000433329932,0.037707708627781326,0.5146922480392259,3,13,fold_1,fold,1
75,C,0.6195207099332635,0.04062497802981828,0.3398543120369189,3,13,fold_1,fold,1
76,A,0.44196983357409253,0.03597067876705024,0.5220594876588581,3,13,fold_1,fold,1
76,C,0.6126465340210606,0.039487152730173766,0.34786631324876477,3,13,fold_1,fold,1
77,A,0.4366446928145276,0.03427221199718474,0.5290830951882874,3,13,fold_1,fold,1
77,C,0.606047453787246,0.03830625289384254,0.355646293318911,3,13,fold_1,fold,1
78,A,0.4316119026733414,0.032616846178479215,0.5357712511481788,3,13,fold_1,fold,1
78,C,0.599722416189944,0.0370910623845981,0.3631865214254595,3,13,fold_1,fold,1
79,A,0.4268587422350239,0.03100829736355527,0.5421329604014213,3,13,fold_1,fold,1
79,C,0.5936690295835388,0.03584998370007386,0.37048098671638735,3,13,fold_1,fold,1
80,A,0.4223725798524309,0.029449525802218497,0.5481778943453508,3,13,fold_1,fold,1
80,C,0.5878837198363978,0.03459096564139137,0.3775253145222118,3,13,fold_1,fold,1
81,A,0.4181409501936465,0.027942803341415752,0.5539162464649372,3,13,fold_1,fold,1
81,C,0.5823618826894545,0.03332144754791007,0.3843166697626332,3,13,fold_1,fold,1
82,A,0.41415161811434464,0.026489780510258167,0.5593586013753972,3,13,fold_1,fold,1
82,C,0.5770980301883525,0.03204831903271242,0.3908536507789353,3,13,fold_1,fold,1
83,A,0.4103926307663238,0.025091552074725368,0.5645158171589508,3,13,fold_1,fold,1
83,C,0.5720859294822798,0.030777893947774762,0.3971361765699458,3,13,fold_1,fold,1
84,A,0.40685235922617285,0.02374872019493214,0.5693989205788949,3,13,fold_1,fold,1
84,C,0.5673187327080862,0.029515897165984316,0.4031653701259302,3,13,fold_1,fold,1
85,A,0.40351953088250386,0.02246145450174778,0.5740190146157478,3,13,fold_1,fold,1
85,C,0.5627890971059976,0.02826746262971087,0.40894344026429014,3,13,fold_1,fold,1
86,A,0.40038325377502154,0.02122954856074826,0.5783871976642302,3,13,fold_1,fold,1
86,C,0.5584892949041602,0.02703714103289375,0.41447356406294555,3,13,fold_1,fold,1
87,A,0.3974330339871587,0.020052472374845948,0.5825144936379949,3,13,fold_1,fold,1
87,C,0.5544113128248964,0.025828915514130253,0.419759771660973,3,13,fold_1,fold,1
88,A,0.39465878707690616,0.01892942075633989,0.5864117921667552,3,13,fold_1,fold,1
88,C,0.5505469413066034,0.024646223821037126,0.4248068348723608,3,13,fold_1,fold,1
89,A,0.39205084442214844,0.017859357529705525,0.5900897980481459,3,13,fold_1,fold,1
89,C,0.5468878537215569,0.0234919855198119,0.42962016075863113,3,13,fold_1,fold,1
90,A,0.3895999552663053,0.016841055610254604,0.5935589891234396,3,13,fold_1,fold,1
90,C,0.5434256760163733,0.02236863294785688,0.43420569103577167,3,13,fold_1,fold,1
91,A,0.38729728516757933,0.015873133066990047,0.5968295817654309,3,13,fold_1,fold,1
91,C,0.5401520473117553,0.02127814474156415,0.4385698079466801,3,13,fold_1,fold,1
92,A,0.38513441147384053,0.014954085333610567,0.5999115031925489,3,13,fold_1,fold,1
92,C,0.5370586720722212,0.02022208091679266,0.44271924701098625,3,13,fold_1,fold,1
93,A,0.38310331636677325,0.01408231377542643,0.6028143698577995,3,13,fold_1,fold,1
93,C,0.5341373644981706,0.019201618629085117,0.4466610168727446,3,13,fold_1,fold,1
94,A,0.38119637794758443,0.013256150846978069,0.6055474712054384,3,13,fold_1,fold,1
94,C,0.5313800858094878,0.0182175878846707,0.45040232630584226,3,13,fold_1,fold,1
95,A,0.3794063597653612,0.012473882095774208,0.6081197581388645,3,13,fold_1,fold,1
95,C,0.5287789750795707,0.0172705066143906,0.4539505183060395,3,13,fold_1,fold,1
96,A,0.3777263991493094,0.011733765256460712,0.6105398355942303,3,13,fold_1,fold,1
96,C,0.5263263742796653,0.016360614627796227,0.4573130110925392,3,13,fold_1,fold,1
97,A,0.37614999471464333,0.011034046626986748,0.6128159586583695,3,13,fold_1,fold,1
97,C,0.5240148482331988,0.015487906015150502,0.4604972457516498,3,13,fold_1,fold,1
98,A,0.3746709931293424,0.010372975143487163,0.6149560317271704,3,13,fold_1,fold,1
98,C,0.521837199903686,0.014652159897442953,0.46351064019887217,3,13,fold_1,fold,1
99,A,0.37328357550286256,0.009748814245443422,0.6169676102516941,3,13,fold_1,fold,1
99,C,0.519786481702483,0.013852969203815612,0.46636054909370084,3,13,fold_1,fold,1
100,A,0.37198224355132703,0.009159851787504537,0.6188579046611686,3,13,fold_1,fold,1
100,C,0.5178560033069669,0.013089767385466272,0.46905422930756663,3,13,fold_1,fold,1
101,A,0.37076180568846584,0.008604408219131639,0.6206337860924019,3,13,fold_1,fold,1
101,C,0.5160393364585724,0.012361853016812054,0.4715988105246161,3,13,fold_1,fold,1
102,A,0.3696173631572874,0.008080843244161622,0.6223017935985512,3,13,fold_1,fold,1
102,C,0.5143303171578453,0.01166841229138044,0.4740012705507738,3,13,fold_1,fold,1
103,A,0.3685442963065013,0.007587561141489833,0.6238681425520093,3,13,fold_1,fold,1
103,C,0.5127230456416584,0.01100853944545809,0.47626841491288374,3,13,fold_1,fold,1
104,A,0.36753825110163946,0.007123014906878359,0.6253387339914828,3,13,fold_1,fold,1
104,C,0.5112118844938507,0.010381255165970044,0.47840686034018165,3,13,fold_1,fold,1
105,A,0.36659512594045196,0.006685709366456957,0.6267191646930912,3,13,fold_1,fold,1
105,C,0.5097914552010175,0.009785523065585262,0.48042302173339724,3,13,fold_1,fold,1
106,A,0.3657110588233733,0.006274203403328442,0.6280147377732997,3,13,fold_1,fold,1
106,C,0.5084566334261831,0.009220264329422039,0.4823231022443953,3,13,fold_1,fold,1
107,A,0.3648824149171974,0.005887111424182932,0.6292304736586195,3,13,fold_1,fold,1
107,C,0.5072025432396391,0.008684370648931548,0.48411308611142834,3,13,fold_1,fold,1
108,A,0.3641057745415549,0.005523104176708806,0.6303711212817363,3,13,fold_1,fold,1
108,C,0.5060245505178176,0.008176715562607325,0.48579873391957606,3,13,fold_1,fold,1
109,A,0.3633779215998987,0.005180909015457121,0.6314411693846447,3,13,fold_1,fold,1
109,C,0.5049182556948285,0.007696164324886286,0.48738557998028487,3,13,fold_1,fold,1
110,A,0.3626958324688083,0.004859309703740926,0.6324448578274517,3,13,fold_1,fold,1
110,C,0.5038794860266727,0.0072415824253429005,0.4888789315479848,3,13,fold_1,fold,1
111,A,0.36205666535246056,0.004557145829801227,0.6333861888177381,3,13,fold_1,fold,1
111,C,0.5029042875053883,0.0068118428789346284,0.4902838696156775,3,13,fold_1,fold,1
112,A,0.3614577501039527,0.004273311905841355,0.6342689379902064,3,13,fold_1,fold,1
112,C,0.501988916540536,0.006405832404113146,0.4916052510553507,3,13,fold_1,fold,1
113,A,0.36089657851123125,0.0040067562093837475,0.6350966652793849,3,13,fold_1,fold,1
113,C,0.5011298315080084,0.006022456599934719,0.4928477118920572,3,13,fold_1,fold,1
114,A,0.36037079504217495,0.0037564794185489586,0.635872725539275,3,13,fold_1,fold,1
114,C,0.500323684250854,0.005660644226987597,0.49401567152215903,3,13,fold_1,fold,1
115,A,0.359878188040414,0.003521533086280601,0.6366002788733055,3,13,fold_1,fold,1
115,C,0.4995673116022675,0.005319350691198884,0.49511333770653315,3,13,fold_1,fold,1
116,A,0.35941668136141186,0.0033010179923039814,0.6372823006462849,3,13,fold_1,fold,1
116,C,0.49885772699054903,0.00499756082103525,0.49614471218841577,3,13,fold_1,fold,1
117,A,0.3589843264373374,0.0030940824054182425,0.6379215911572443,3,13,fold_1,fold,1
117,C,0.4981921121812596,0.004694291016181263,0.4971135968025602,3,13,fold_1,fold,1
118,A,0.35857929475481287,0.0028999202868098934,0.6385207849583773,3,13,fold_1,fold,1
118,C,0.4975678091775702,0.004408590862954595,0.4980235999594746,3,13,fold_1,fold,1
119,A,0.3581998707332803,0.002717769456177262,0.6390823598105421,3,13,fold_1,fold,1
119,C,0.49698231232589374,0.004139544270597732,0.49887814340350817,3,13,fold_1,fold,1
120,A,0.3578444449883717,0.002546909741518572,0.6396086452701095,3,13,fold_1,fold,1
120,C,0.4964332606478827,0.003886270195775202,0.49968046915634123,3,13,fold_1,fold,1
121,A,0.35751150796470277,0.0023866611297187743,0.6401018309055787,3,13,fold_1,fold,1
121,C,0.49591843041702194,0.003647923013787438,0.5004336465691906,3,13,fold_1,fold,1
122,A,0.3571996439222293,0.0022363819321927596,0.6405639741455775,3,13,fold_1,fold,1
122,C,0.49543572799210406,0.0034236925896315423,0.501140579418265,3,13,fold_1,fold,1
123,A,0.35690752526048525,0.00209546697706063,0.6409970077624555,3,13,fold_1,fold,1
123,C,0.49498318291703225,0.003212804094803016,0.5018040129881657,3,13,fold_1,fold,1
124,A,0.3566339071651693,0.001963345837079597,0.6414027469977517,3,13,fold_1,fold,1
124,C,0.4945589412932619,0.0030145176100567048,0.5024265410966824,3,13,fold_1,fold,1
125,A,0.35637762256173716,0.0018394811007682367,0.6417828963374951,3,13,fold_1,fold,1
125,C,0.49416125942781625,0.0028281275502979996,0.503010613021887,3,13,fold_1,fold,1
126,A,0.35613757736087276,0.0017233666926036563,0.6421390559465237,3,13,fold_1,fold,1
126,C,0.49378849775680433,0.002652961944047285,0.5035585402991479,3,13,fold_1,fold,1
127,A,0.3559127459811077,0.0016145262467545602,0.6424727277721383,3,13,fold_1,fold,1
127,C,0.49343911504223914,0.0024883815959162534,0.5040725033618451,3,13,fold_1,fold,1
128,A,0.3557021671343065,0.0015125115375752317,0.6427853213281182,3,13,fold_1,fold,1
128,C,0.4931116628384278,0.0023337791566601426,0.5045545580049131,3,13,fold_1,fold,1
129,A,0.35550493986021503,0.0014169009690659193,0.6430781591707182,3,13,fold_1,fold,1
129,C,0.49280478022293106,0.002188578122078626,0.5050066416549892,3,13,fold_1,fold,1
130,A,0.3553202197967542,0.0013272981246719982,0.6433524820785734,3,13,fold_1,fold,1
130,C,0.49251718878588835,0.002052231779292624,0.5054305794348185,3,13,fold_1,fold,1
131,A,0.3551472156732583,0.0012433303780919893,0.6436094539486501,3,13,fold_1,fold,1
131,C,0.4922476878705554,0.0019242221164525316,0.5058280900129941,3,13,fold_1,fold,1
132,A,0.3549851860143584,0.0011646475651640683,0.6438501664204777,3,13,fold_1,fold,1
132,C,0.49199515005724925,0.0018040587096169137,0.506200791233134,3,13,fold_1,fold,1
133,A,0.3548334360427728,0.0010909207163999526,0.6440756432408283,3,13,fold_1,fold,1
133,C,0.4917585168824199,0.0016912775984420318,0.5065502055191389,3,13,fold_1,fold,1
134,A,0.35469131476977417,0.0010218408493315929,0.6442868443808947,3,13,fold_1,fold,1
134,C,0.4915367947842055,0.001585440160505555,0.5068777650552896,3,13,fold_1,fold,1
135,A,0.3545582122626773,9.571178194863003e-4,0.644484669917836,3,13,fold_1,fold,1
135,C,0.49132905126571963,0.0014861319924905595,0.5071848167417893,3,13,fold_1,fold,1
136,A,0.3544335570791305,8.964792286114354e-4,0.6446699636922577,3,13,fold_1,fold,1
136,C,0.4911344112670444,0.0013929618051428498,0.5074726269278137,3,13,fold_1,fold,1
137,A,0.3543168138582728,8.396693887753236e-4,0.6448435167529525,3,13,fold_1,fold,1
137,C,0.4909520537366614,0.0013055603379206995,0.5077423859254169,3,13,fold_1,fold,1
138,A,0.3542074810602269,7.864483399371567e-4,0.6450060705998361,3,13,fold_1,fold,1
138,C,0.49078120839412065,0.0012235792972038518,0.5079952123086768,3,13,fold_1,fold,1
139,A,0.35410508884468345,7.365909196550422e-4,0.6451583202356613,3,13,fold_1,fold,1
139,C,0.49062115267452105,0.0011466903222893596,0.5082321570031895,3,13,fold_1,fold,1
140,A,0.35400919708043543,6.898858828693575e-4,0.6453009170366948,3,13,fold_1,fold,1
140,C,0.4904712088463007,0.0010745839819041316,0.5084542071717939,3,13,fold_1,fold,1
141,A,0.3539193934780764,6.461350697357116e-4,0.645434471452188,3,13,fold_1,fold,1
141,C,0.4903307412938341,0.0010069688033601978,0.5086622899028075,3,13,fold_1,fold,1
142,A,0.3538352918385154,6.051526194330332e-4,0.6455595555420521,3,13,fold_1,fold,1
142,C,0.49019915395666036,9.435703358512872e-4,0.5088572757074893,3,13,fold_1,fold,1
143,A,0.35375653041034916,5.667642279231702e-4,0.6456767053617282,3,13,fold_1,fold,1
143,C,0.4900758879173721,8.841302489355567e-4,0.5090399818336918,3,13,fold_1,fold,1
144,A,0.35368277034949197,5.30806447674689e-4,0.645786423202835,3,13,fold_1,fold,1
144,C,0.48996041913039895,8.284054668428044e-4,0.5092111754027594,3,13,fold_1,fold,1
145,A,0.35361369427483835,4.971260273737471e-4,0.6458891796977879,3,13,fold_1,fold,1
145,C,0.4898522562842362,7.761673388634106e-4,0.5093715763769003,3,13,fold_1,fold,1
146,A,0.3535490049141298,4.655792896647529e-4,0.645985415796205,3,13,fold_1,fold,1
146,C,0.489750938790004,7.272008457503467e-4,0.5095218603642471,3,13,fold_1,fold,1
147,A,0.35348842383449847,4.360315450114907e-4,0.6460755446204911,3,13,fold_1,fold,1
147,C,0.4896560348894272,6.813038418113675e-4,0.5096626612687617,3,13,fold_1,fold,1
148,A,0.3534316902525085,4.083565398331812e-4,0.6461599532076588,3,13,fold_1,fold,1
148,C,0.48956713987572736,6.382863321693706e-4,0.5097945737921026,3,13,fold_1,fold,1
149,A,0.353378559918801,3.824359371327014e-4,0.646239004144067,3,13,fold_1,fold,1
149,C,0.489483874421108,5.979697845032154e-4,0.5099181557943877,3,13,fold_1,fold,1
150,A,0.3533288040727401,3.581588278937631e-4,0.6463130370993664,3,13,fold_1,fold,1
150,C,0.48940588300486065,5.601864744419942e-4,0.5100339305206986,3,13,fold_1,fold,1
151,A,0.35328220846273245,3.354212715859286e-4,0.6463823702656815,3,13,fold_1,fold,1
151,C,0.4893328324363878,5.24778863675178e-4,0.5101423886999381,3,13,fold_1,fold,1
152,A,0.35323857242815515,3.141258641834319e-4,0.6464473017076607,3,13,fold_1,fold,1
152,C,0.4892644104677303,4.915990097591339e-4,0.510243990522511,3,13,fold_1,fold,1
153,A,0.3531977080390662,2.9418133217308414e-4,0.6465081106287602,3,13,fold_1,fold,1
153,C,0.4892003244904194,4.60508006541807e-4,0.5103391675030388,3,13,fold_1,fold,1
154,A,0.3531594392901067,2.7550215109478816e-4,0.6465650585587996,3,13,fold_1,fold,1
154,C,0.4891403003117886,4.313754540860084e-4,0.5104283242341244,3,13,fold_1,fold,1
155,A,0.35312360134521054,2.580081872217024e-4,0.6466183904675679,3,13,fold_1,fold,1
155,C,0.4890840810060939,4.040789569393837e-4,0.5105118400369664,3,13,fold_1,fold,1
156,A,0.3530900398299703,2.41624361059083e-4,0.6466683358089722,3,13,fold_1,fold,1
156,C,0.48903142583605125,3.785036495958867e-4,0.5105900705143521,3,13,fold_1,fold,1
157,A,0.3530586101686257,2.2628033142694167e-4,0.6467151094999469,3,13,fold_1,fold,1
157,C,0.48898210924059077,3.5454174802716765e-4,0.5106633490113823,3,13,fold_1,fold,1
158,A,0.35302917696297514,2.1191019886441292e-4,0.6467589128381604,3,13,fold_1,fold,1
158,C,0.48893591988499685,3.3209212601396053e-4,0.5107319879889881,3,13,fold_1,fold,1
159,A,0.35300161341050523,1.9845222727864017e-4,0.6467999343622155,3,13,fold_1,fold,1
159,C,0.48889265976964047,3.110599152332996e-4,0.510796280315126,3,13,fold_1,fold,1
160,A,0.352975800759314,1.858485827515572e-4,0.6468383506579349,3,13,fold_1,fold,1
160,C,0.48885214339379035,2.9135612795957294e-4,0.5108565004782504,3,13,fold_1,fold,1
161,A,0.35295162779749356,1.7404508848411175e-4,0.6468743271140234,3,13,fold_1,fold,1
161,C,0.4888141969712117,2.728973012774667e-4,0.5109129057275104,3,13,fold_1,fold,1
162,A,0.35292899037482767,1.6299099491002476e-4,0.6469080186302623,3,13,fold_1,fold,1
162,C,0.4887786576944273,2.556051617296023e-4,0.5109657371438424,3,13,fold_1,fold,1
163,A,0.3529077909547681,1.5263876406969992e-4,0.6469395702811629,3,13,fold_1,fold,1
163,C,0.48874537304468446,2.3940630936362042e-4,0.5110152206459522,3,13,fold_1,fold,1
164,A,0.3528879381947667,1.4294386738775733e-4,0.6469691179378454,3,13,fold_1,fold,1
164,C,0.4887142001448558,2.2423192018160626e-4,0.5110615679349632,3,13,fold_1,fold,1
165,A,0.3528693465532017,1.3386459604410898e-4,0.6469967888507545,3,13,fold_1,fold,1
165,C,0.48868500515266106,2.1001746602719985e-4,0.5111049773813131,3,13,fold_1,fold,1
166,A,0.35285193592119307,1.253618831726025e-4,0.6470227021956342,3,13,fold_1,fold,1
166,C,0.4886576626917295,1.9670245097916936e-4,0.5111456348572911,3,13,fold_1,fold,1
167,A,0.3528356312777622,1.1739913716526743e-4,0.6470469695850722,3,13,fold_1,fold,1
167,C,0.48863205531820186,1.842301633579805e-4,0.5111837145184402,3,13,fold_1,fold,1
168,A,0.3528203623668398,1.0994208540291869e-4,0.647069695547758,3,13,fold_1,fold,1
168,C,0.4886080730206749,1.7254744249140422e-4,0.5112193795368342,3,13,fold_1,fold,1
169,A,0.3528060633947584,1.0295862777287528e-4,0.6470909779774681,3,13,fold_1,fold,1
169,C,0.48858561275144835,1.616044594234633e-4,0.5112527827891277,3,13,fold_1,fold,1
170,A,0.35279267274692977,9.64186993717619e-5,0.6471109085536995,3,13,fold_1,fold,1
170,C,0.48856457798713504,1.5135451078753578e-4,0.511284067502078,3,13,fold_1,fold,1
171,A,0.35278013272248254,9.02941418266122e-5,0.6471295731356914,3,13,fold_1,fold,1
171,C,0.48854487831681603,1.4175382510044494e-4,0.511313367858083,3,13,fold_1,fold,1
172,A,0.3527683892857449,8.45585827012166e-5,0.6471470521315539,3,13,fold_1,fold,1
172,C,0.4885264290560535,1.327613807702854e-4,0.5113408095631767,3,13,fold_1,fold,1
173,A,0.3527573918334889,7.918732248668518e-5,0.6471634208440248,3,13,fold_1,fold,1
173,C,0.4885091508851265,1.243387351459993e-4,0.5113665103797288,3,13,fold_1,fold,1
174,A,0.3527470929769433,7.41572287053654e-5,0.6471787497943509,3,13,fold_1,fold,1
174,C,0.48849296951001897,1.1644986397075636e-4,0.5113905806260105,3,13,fold_1,fold,1
175,A,0.35273744833764664,6.944663668537853e-5,0.6471931050256674,3,13,fold_1,fold,1
175,C,0.488477815344722,1.0906101063345402e-4,0.5114131236446449,3,13,fold_1,fold,1
176,A,0.3527284163562497,6.503525659029265e-5,0.6472065483871589,3,13,fold_1,fold,1
176,C,0.48846362321352765,1.0214054464515724e-4,0.511434236241828,3,13,fold_1,fold,1
177,A,0.35271995811346385,6.090408631540441e-5,0.6472191378002201,3,13,fold_1,fold,1
177,C,0.48845033207206723,9.565882880084273e-5,0.5114540090991319,3,13,fold_1,fold,1
178,A,0.3527120371623661,5.703532987888108e-5,0.647230927507754,3,13,fold_1,fold,1
178,C,0.488437884745933,8.958809450302533e-5,0.5114725271595643,3,13,fold_1,fold,1
179,A,0.35270461937136094,5.341232096812274e-5,0.6472419683076713,3,13,fold_1,fold,1
179,C,0.48842622768577,8.390232476986036e-5,0.5114898699894612,3,13,fold_1,fold,1
180,A,0.3526976727771071,5.001945131745211e-5,0.6472523077715764,3,13,fold_1,fold,1
180,C,0.488415310737813,7.857714446707611e-5,0.5115061121177202,3,13,fold_1,fold,1
181,A,0.35269116744678697,4.684210361383569e-5,0.6472619904495986,3,13,fold_1,fold,1
181,C,0.4884050869289064,7.358971732997342e-5,0.5115213233537643,3,13,fold_1,fold,1
182,A,0.3526850753491208,4.386658864585546e-5,0.6472710580622332,3,13,fold_1,fold,1
182,C,0.4883955122650875,6.891864936579842e-5,0.511535569085547,3,13,fold_1,fold,1
183,A,0.35267937023356805,4.108008642919914e-5,0.6472795496800025,3,13,fold_1,fold,1
183,C,0.48838654554289346,6.454389825089826e-5,0.5115489105588557,3,13,fold_1,fold,1
184,A,0.35267402751721,3.8470591058663035e-5,0.647287501891731,3,13,fold_1,fold,1
184,C,0.4883781481725895,6.04466883594964e-5,0.5115614051390522,3,13,fold_1,fold,1
185,A,0.35266902417881085,3.602685905206396e-5,0.6472949489621372,3,13,fold_1,fold,1
185,C,0.48837028401255544,5.6609431081621564e-5,0.5115731065563623,3,13,fold_1,fold,1
186,A,0.3526643386596058,3.373836096591639e-5,0.6473019229794283,3,13,fold_1,fold,1
186,C,0.48836291921416364,5.3015650107342755e-5,0.5115840651357276,3,13,fold_1,fold,1
187,A,0.3526599507703975,3.1595236076464e-5,0.6473084539935255,3,13,fold_1,fold,1
187,C,0.4883560220764449,4.964991137335952e-5,0.5115943280121816,3,13,fold_1,fold,1
188,A,0.35265584160454844,2.95882499326258e-5,0.6473145701455192,3,13,fold_1,fold,1
188,C,0.48834956290995285,4.6497757386034754e-5,0.5116039393326612,3,13,fold_1,fold,1
189,A,0.352651993456501,2.7708754599544844e-5,0.6473202977889003,3,13,fold_1,fold,1
189,C,0.488343513909246,4.3545645651920536e-5,0.5116129404451,3,13,fold_1,fold,1
190,A,0.35264838974547463,2.594865142276203e-5,0.647325661603102,3,13,fold_1,fold,1
190,C,0.4883378490334438,4.078089096276049e-5,0.5116213700755949,3,13,fold_1,fold,1
191,A,0.3526450149440133,2.4300356153668973e-5,0.6473306846998325,3,13,fold_1,fold,1
191,C,0.48833254389431496,3.819161129701233e-5,0.5116292644943862,3,13,fold_1,fold,1
192,A,0.35264185451106406,2.2756766286899606e-5,0.6473353887226494,3,13,fold_1,fold,1
192,C,0.48832757565149987,3.576667711420851e-5,0.5116366576713866,3,13,fold_1,fold,1
193,A,0.352638894829313,2.1311230469719785e-5,0.6473397939402172,3,13,fold_1,fold,1
193,C,0.488322922914314,3.349566383196385e-5,0.5116435814218542,3,13,fold_1,fold,1
194,A,0.35263612314650344,1.99575198522811e-5,0.6473439193336454,3,13,fold_1,fold,1
194,C,0.48831856564981546,3.136880728815366e-5,0.5116500655428964,3,13,fold_1,fold,1
195,A,0.35263352752047483,1.8689801255838432e-5,0.6473477826782698,3,13,fold_1,fold,1
195,C,0.488314485096668,2.93769620027102e-5,0.5116561379413302,3,13,fold_1,fold,1
196,A,0.35263109676770305,1.750261204380802e-5,0.6473514006202531,3,13,fold_1,fold,1
196,C,0.4883106636844745,2.751156206483141e-5,0.5116618247534611,3,13,fold_1,fold,1
197,A,0.35262882041510046,1.6390836587923032e-5,0.6473547887483109,3,13,fold_1,fold,1
197,C,0.4883070849582186,2.576458448225077e-5,0.5116671504573014,3,13,fold_1,fold,1
198,A,0.3526266886548863,1.5349684228030966e-5,0.6473579616608844,3,13,fold_1,fold,1
198,C,0.4883037335074923,2.4128514838248426e-5,0.5116721379776696,3,13,fold_1,fold,1
199,A,0.3526246923023182,1.4374668631172613e-5,0.6473609330290507,3,13,fold_1,fold,1
199,C,0.4883005949002201,2.2596315112844074e-5,0.5116768087846661,3,13,fold_1,fold,1
200,A,0.35262282275611073,1.346158846116435e-5,0.647363715655428,3,13,fold_1,fold,1
200,C,0.4882976556205679,2.1161393532722383e-5,0.5116811829858982,3,13,fold_1,fold,1
201,A,0.35262107196137205,1.2606509275564988e-5,0.6473663215293535,3,13,fold_1,fold,1
201,C,0.48829490301080686,1.9817576322868796e-5,0.5116852794128697,3,13,fold_1,fold,1
202,A,0.35261943237489024,1.180574657214847e-5,0.6473687618785381,3,13,fold_1,fold,1
202,C,0.4882923252168459,1.8559081240705996e-5,0.511689115701914,3,13,fold_1,fold,1
203,A,0.3526178969326289,1.105584991196202e-5,0.6473710472174592,3,13,fold_1,fold,1
203,C,0.48828991113723264,1.7380492780954012e-5,0.5116927083699869,3,13,fold_1,fold,1
204,A,0.35261645901928407,1.0353588050676942e-5,0.6473731873926656,3,13,fold_1,fold,1
204,C,0.4882876503753827,1.6276738946384244e-5,0.5116960728856702,3,13,fold_1,fold,1
205,A,0.3526151124397808,9.69593501425398e-6,0.6473751916252051,3,13,fold_1,fold,1
205,C,0.4882855331948403,1.5243069486122884e-5,0.5116992237356722,3,13,fold_1,fold,1
206,A,0.3526138513925721,9.080057058985393e-6,0.647377068550369,3,13,fold_1,fold,1
206,C,0.4882835504773719,1.4275035509247498e-5,0.5117021744871186,3,13,fold_1,fold,1
207,A,0.3526126704446451,8.503300459774082e-6,0.6473788262548947,3,13,fold_1,fold,1
207,C,0.4882816936837281,1.3368470387163494e-5,0.5117049378458851,3,13,fold_1,fold,1
208,A,0.3526115645081052,7.963180074072784e-6,0.64738047231182,3,13,fold_1,fold,1
208,C,0.4882799548168839,1.251947186364942e-5,0.5117075257112514,3,13,fold_1,fold,1
209,A,0.35261052881825394,7.457368632241914e-6,0.6473820138131137,3,13,fold_1,fold,1
209,C,0.4882783263876236,1.1724385296523216e-5,0.5117099492270796,3,13,fold_1,fold,1
210,A,0.3526095589130561,6.9836867082044045e-6,0.6473834574002368,3,13,fold_1,fold,1
210,C,0.4882768013822954,1.0979787959629571e-5,0.5117122188297447,3,13,fold_1,fold,1
211,A,0.3526086506139136,6.540093327199205e-6,0.6473848092927589,3,13,fold_1,fold,1
211,C,0.48827537323262454,1.028247433830139e-5,0.5117143442930354,3,13,fold_1,fold,1
212,A,0.35260780000766334,6.124677170175251e-6,0.6473860753151677,3,13,fold_1,fold,1
212,C,0.4882740357874363,9.629442355633938e-6,0.5117163347702074,3,13,fold_1,fold,1
213,A,0.35260700342970736,5.735648336934962e-6,0.6473872609219561,3,13,fold_1,fold,1
213,C,0.4882727832861715,9.0178804708375e-6,0.5117181988333571,3,13,fold_1,fold,1
214,A,0.35260625744823043,5.371330632541971e-6,0.6473883712211367,3,13,fold_1,fold,1
214,C,0.4882716103340877,8.445155594618734e-6,0.5117199445103175,3,13,fold_1,fold,1
215,A,0.35260555884941003,5.030154343756955e-6,0.6473894109962456,3,13,fold_1,fold,1
215,C,0.4882705118790332,7.908801769991949e-6,0.5117215793191968,3,13,fold_1,fold,1
216,A,0.3526049046235682,4.710649474377986e-6,0.6473903847269569,3,13,fold_1,fold,1
216,C,0.48826948318969265,7.406509570167267e-6,0.5117231103007376,3,13,fold_1,fold,1
217,A,0.35260429195220233,4.411439410346128e-6,0.6473912966083871,3,13,fold_1,fold,1
217,C,0.48826851983521624,6.936116168218161e-6,0.5117245440486166,3,13,fold_1,fold,1
218,A,0.35260371819584335,4.131234987290141e-6,0.6473921505691694,3,13,fold_1,fold,1
218,C,0.48826761766614074,6.495596036009425e-6,0.5117258867378235,3,13,fold_1,fold,1
219,A,0.35260318088268183,3.868828934968512e-6,0.6473929502883836,3,13,fold_1,fold,1
219,C,0.48826677279652236,6.083052232638364e-6,0.5117271441512453,3,13,fold_1,fold,1
220,A,0.3526026776979171,3.6230906746619816e-6,0.6473936992114082,3,13,fold_1,fold,1
220,C,0.4882659815872019,5.6967082450921624e-6,0.5117283217045524,3,13,fold_1,fold,1
221,A,0.3526022064737858,3.3929614470935937e-6,0.6473944005647666,3,13,fold_1,fold,1
221,C,0.48826524063013793,5.334900346180936e-6,0.5117294244695165,3,13,fold_1,fold,1
222,A,0.3526017651802181,3.1774497498763697e-6,0.6473950573700311,3,13,fold_1,fold,1
222,C,0.488264546733723,4.996070437006121e-6,0.5117304571958385,3,13,fold_1,fold,1
223,A,0.35260135191609554,2.9756270648245458e-6,0.6473956724568393,3,13,fold_1,fold,1
223,C,0.48826389690905003,4.678759343293755e-6,0.511731424331606,3,13,fold_1,fold,1
224,A,0.3526009649010549,2.7866238567142655e-6,0.6473962484750868,3,13,fold_1,fold,1
224,C,0.48826328835703137,4.381600536858894e-6,0.5117323300424333,3,13,fold_1,fold,1
225,A,0.3526006024678219,2.609625826248546e-6,0.6473967879063516,3,13,fold_1,fold,1
225,C,0.488262718456345,4.103314255279968e-6,0.5117331782293996,3,13,fold_1,fold,1
226,A,0.3526002630550252,2.4438704010759997e-6,0.6473972930745745,3,13,fold_1,fold,1
226,C,0.4882621847521554,3.842701994560335e-6,0.5117339725458512,3,13,fold_1,fold,1
227,A,0.35259994520046917,2.2886434497386173e-6,0.6473977661560812,3,13,fold_1,fold,1
227,C,0.4882616849455275,3.5986413511474044e-6,0.5117347164131211,3,13,fold_1,fold,1
228,A,0.3525996475348367,2.1432762043854686e-6,0.6473982091889586,3,13,fold_1,fold,1
228,C,0.4882612168835369,3.3700811911744255e-6,0.5117354130352725,3,13,fold_1,fold,1
229,A,0.3525993687757859,2.0071423789885963e-6,0.647398624081835,3,13,fold_1,fold,1
229,C,0.4882607785499901,3.1560371261889817e-6,0.5117360654128847,3,13,fold_1,fold,1
230,A,0.35259910772242764,1.8796554706403963e-6,0.6473990126221005,3,13,fold_1,fold,1
230,C,0.48826036805674555,2.9555872759435687e-6,0.5117366763559794,3,13,fold_1,fold,1
231,A,0.3525988632501533,1.7602662323003774e-6,0.6473993764836149,3,13,fold_1,fold,1
231,C,0.4882599836355789,2.7678683000518194e-6,0.5117372484961215,3,13,fold_1,fold,1
232,A,0.35259863430578287,1.6484603060984157e-6,0.6473997172339112,3,13,fold_1,fold,1
232,C,0.4882596236305691,2.592071681465213e-6,0.5117377842977504,3,13,fold_1,fold,1
233,A,0.35259841990303603,1.5437560069936872e-6,0.6474000363409567,3,13,fold_1,fold,1
233,C,0.48825928649096406,2.427440245804083e-6,0.5117382860687901,3,13,fold_1,fold,1
234,A,0.3525982191182775,1.445702247236588e-6,0.6474003351794739,3,13,fold_1,fold,1
234,C,0.48825897076450503,2.2732649015872797e-6,0.511738755970595,3,13,fold_1,fold,1
235,A,0.35259803108653875,1.3538765926878215e-6,0.6474006150368674,3,13,fold_1,fold,1
235,C,0.48825867509116616,2.128881587351617e-6,0.5117391960272479,3,13,fold_1,fold,1
236,A,0.35259785499779395,1.2678834426173026e-6,0.6474008771187638,3,13,fold_1,fold,1
236,C,0.48825839819730127,1.9936684125395865e-6,0.511739608134285,3,13,fold_1,fold,1
237,A,0.35259769009346525,1.1873523251385778e-6,0.6474011225542097,3,13,fold_1,fold,1
237,C,0.4882581388901603,1.8670429798661302e-6,0.5117399940668599,3,13,fold_1,fold,1
238,A,0.35259753566315993,1.1119363009299563e-6,0.6474013524005406,3,13,fold_1,fold,1
238,C,0.48825789605274134,1.7484598776487515e-6,0.5117403554873808,3,13,fold_1,fold,1
239,A,0.35259739104160526,1.041310468364304e-6,0.6474015676479259,3,13,fold_1,fold,1
239,C,0.4882576686389899,1.6374083313217167e-6,0.5117406939526795,3,13,fold_1,fold,1
240,A,0.35259725560578753,9.751705636044176e-7,0.6474017692236483,3,13,fold_1,fold,1
240,C,0.4882574556692885,1.5334100040343308e-6,0.5117410109207078,3,13,fold_1,fold,1
241,A,0.35259712877226435,9.132316496304453e-7,0.6474019579960865,3,13,fold_1,fold,1
241,C,0.4882572562262386,1.4360169368739768e-6,0.5117413077568255,3,13,fold_1,fold,1
242,A,0.35259700999464966,8.55226888549197e-7,0.6474021347784621,3,13,fold_1,fold,1
242,C,0.48825706945070824,1.3448096198539457e-6,0.5117415857396729,3,13,fold_1,fold,1
243,A,0.3525968987612634,8.009063918942656e-7,0.6474023003323439,3,13,fold_1,fold,1
243,C,0.48825689453813126,1.2593951853681823e-6,0.5117418460666839,3,13,fold_1,fold,1
244,A,0.3525967945929286,7.500361439621957e-7,0.6474024553709276,3,13,fold_1,fold,1
244,C,0.4882567307350414,1.1794057163412226e-6,0.5117420898592412,3,13,fold_1,fold,1
245,A,0.3525966970408997,7.023969935446364e-7,0.6474026005621075,3,13,fold_1,fold,1
245,C,0.48825657733583316,1.104496661794385e-6,0.5117423181675059,3,13,fold_1,fold,1
246,A,0.35259660568493617,6.577837097112322e-7,0.6474027365313549,3,13,fold_1,fold,1
246,C,0.48825643367970667,1.0343453530106644e-6,0.5117425319749405,3,13,fold_1,fold,1
247,A,0.35259652013148884,6.160040975740395e-7,0.6474028638644135,3,13,fold_1,fold,1
247,C,0.48825629914784,9.68649613913344e-7,0.5117427322025451,3,13,fold_1,fold,1
248,A,0.35259644001200696,5.768781702228559e-7,0.6474029831098228,3,13,fold_1,fold,1
248,C,0.4882561731607115,9.071264596781488e-7,0.511742919712827,3,13,fold_1,fold,1
249,A,0.3525963649813468,5.40237373262939e-7,0.6474030947812797,3,13,fold_1,fold,1
249,C,0.4882560551756098,8.495108779783861e-7,0.5117430953135118,3,13,fold_1,fold,1
250,A,0.3525962947162899,5.059238586133779e-7,0.6474031993598517,3,13,fold_1,fold,1
250,C,0.4882559446842889,7.955546876176014e-7,0.5117432597610245,3,13,fold_1,fold,1
251,A,0.35259622891414377,4.737898044365922e-7,0.6474032972960524,3,13,fold_1,fold,1
251,C,0.48825584121078536,7.450254696371669e-7,0.5117434137637455,3,13,fold_1,fold,1
252,A,0.3525961672914434,4.4369677826836174e-7,0.6474033890117782,3,13,fold_1,fold,1
252,C,0.48825574430936874,6.977055662978538e-7,0.5117435579850653,3,13,fold_1,fold,1
253,A,0.3525961095827293,4.155151406039184e-7,0.6474034749021286,3,13,fold_1,fold,1
253,C,0.48825565356261375,6.533911436264488e-7,0.5117436930462428,3,13,fold_1,fold,1
254,A,0.3525960555394036,3.8912348637003574e-7,0.6474035553371112,3,13,fold_1,fold,1
254,C,0.4882555685796117,6.118913134918433e-7,0.5117438195290746,3,13,fold_1,fold,1
255,A,0.3525960049286541,3.644081218763166e-7,0.6474036306632244,3,13,fold_1,fold,1
255,C,0.488255488994281,5.730273114311735e-7,0.5117439379784067,3,13,fold_1,fold,1
256,A,0.3525959575324606,3.4126257499182004e-7,0.6474037012049644,3,13,fold_1,fold,1
256,C,0.4882554144637901,5.366317266864253e-7,0.5117440489044833,3,13,fold_1,fold,1
257,A,0.3525959131466479,3.1958713643636105e-7,0.6474037672662154,3,13,fold_1,fold,1
257,C,0.4882553446670837,5.025477811366983e-7,0.5117441527851362,3,13,fold_1,fold,1
258,A,0.35259587158001154,2.992884302097861e-7,0.647403829131559,3,13,fold_1,fold,1
258,C,0.48825527930349677,4.7062865402124445e-7,0.5117442500678488,3,13,fold_1,fold,1
259,A,0.352595832653489,2.802790113083139e-7,0.6474038870674993,3,13,fold_1,fold,1
259,C,0.4882552180914618,4.4073684954611e-7,0.5117443411716884,3,13,fold_1,fold,1
260,A,0.3525957961993926,2.6247698899450523e-7,0.6474039413236178,3,13,fold_1,fold,1
260,C,0.48825516076729536,4.127436046513849e-7,0.5117444264891,3,13,fold_1,fold,1
261,A,0.3525957620606855,2.4580567399755666e-7,0.6474039921336402,3,13,fold_1,fold,1
261,C,0.4882551070840595,3.865283343889564e-7,0.5117445063876064,3,13,fold_1,fold,1
262,A,0.3525957300903048,2.301932481237537e-7,0.6474040397164472,3,13,fold_1,fold,1
262,C,0.4882550568105023,3.6197811252256967e-7,0.5117445812113853,3,13,fold_1,fold,1
263,A,0.35259570015052794,2.1557245485348686e-7,0.6474040842770177,3,13,fold_1,fold,1
263,C,0.4882550097300595,3.3898718511355985e-7,0.5117446512827557,3,13,fold_1,fold,1
264,A,0.3525956721123804,2.0188030959169168e-7,0.6474041260073101,3,13,fold_1,fold,1
264,C,0.48825496563992055,3.1745651499771587e-7,0.5117447169035636,3,13,fold_1,fold,1
265,A,0.3525956458550802,1.8905782832325603e-7,0.6474041650870923,3,13,fold_1,fold,1
265,C,0.48825492435015816,2.972933551916263e-7,0.511744778356485,3,13,fold_1,fold,1
266,A,0.3525956212655157,1.7704977350424878e-7,0.6474042016847107,3,13,fold_1,fold,1
266,C,0.4882548856829072,2.784108493914348e-7,0.5117448359062424,3,13,fold_1,fold,1
267,A,0.3525955982377605,1.6580441609409482e-7,0.6474042359578244,3,13,fold_1,fold,1
267,C,0.48825484947159914,2.607276578435452e-7,0.511744889800742,3,13,fold_1,fold,1
268,A,0.35259557667261593,1.5527331270338604e-7,0.6474042680540728,3,13,fold_1,fold,1
268,C,0.48825481556024486,2.44167606976077e-7,0.5117449402721472,3,13,fold_1,fold,1
269,A,0.3525955564771823,1.4541109689713863e-7,0.6474042981117205,3,13,fold_1,fold,1
269,C,0.48825478380276693,2.2865936128214704e-7,0.5117449875378731,3,13,fold_1,fold,1
270,A,0.35259553756446516,1.3617528375432462e-7,0.6474043262602523,3,13,fold_1,fold,1
270,C,0.48825475406235674,2.1413611604188912e-7,0.5117450318015274,3,13,fold_1,fold,1
271,A,0.35259551985298976,1.2752608684159867e-7,0.6474043526209231,3,13,fold_1,fold,1
271,C,0.48825472621090443,2.0053530955982663e-7,0.511745073253787,3,13,fold_1,fold,1
272,A,0.3525955032664602,1.1942624681266757e-7,0.6474043773072933,3,13,fold_1,fold,1
272,C,0.48825470012843225,1.8779835367824745e-7,0.5117451120732144,3,13,fold_1,fold,1
273,A,0.35259548773342553,1.1184087089481128e-7,0.6474044004257039,3,13,fold_1,fold,1
273,C,0.48825467570258374,1.758703814059401e-7,0.5117451484270343,3,13,fold_1,fold,1
274,A,0.35259547318697176,1.0473728256403018e-7,0.6474044220757441,3,13,fold_1,fold,1
274,C,0.4882546528281393,1.6470001056437095e-7,0.5117451824718501,3,13,fold_1,fold,1
275,A,0.3525954595644368,9.80848803703524e-8,0.647404442350683,3,13,fold_1,fold,1
275,C,0.48825463140656106,1.542391218187711e-7,0.511745214354318,3,13,fold_1,fold,1
276,A,0.3525954468071236,9.185500083040303e-8,0.647404461337876,3,13,fold_1,fold,1
276,C,0.48825461134554793,1.4444264310293602e-7,0.5117452442118084,3,13,fold_1,fold,1
277,A,0.35259543486007106,8.602080354663287e-8,0.6474044791191262,3,13,fold_1,fold,1
277,C,0.4882545925586763,1.3526836898967033e-7,0.5117452721729564,3,13,fold_1,fold,1
278,A,0.3525954236718236,8.055716094534139e-8,0.6474044957710149,3,13,fold_1,fold,1
278,C,0.4882545749650299,1.2667678732228752e-7,0.5117452983581829,3,13,fold_1,fold,1
279,A,0.3525954131941949,7.544054173674246e-8,0.6474045113652614,3,13,fold_1,fold,1
279,C,0.4882545584888378,1.1863089597444505e-7,0.511745322880265,3,13,fold_1,fold,1
280,A,0.352595403382152,7.064895332059706e-8,0.6474045259688934,3,13,fold_1,fold,1
280,C,0.4882545430592824,1.1109611229633806e-7,0.5117453458446052,3,13,fold_1,fold,1
281,A,0.35259539419361047,6.616184516742743e-8,0.6474045396445445,3,13,fold_1,fold,1
281,C,0.4882545286101889,1.0404012119420279e-7,0.5117453673496892,3,13,fold_1,fold,1
282,A,0.35259538558889153,6.195984050469359e-8,0.6474045524512679,3,13,fold_1,fold,1
282,C,0.4882545150791625,9.743245323177644e-8,0.5117453874883844,3,13,fold_1,fold,1
283,A,0.35259537753049236,5.802462463180858e-8,0.6474045644448824,3,13,fold_1,fold,1
283,C,0.488254502407228,9.124430901176872e-8,0.511745406348463,3,13,fold_1,fold,1
284,A,0.3525953699801782,5.4337526456490336e-8,0.6474045756822944,3,13,fold_1,fold,1
284,C,0.4882544905342621,8.544632867338301e-8,0.5117454240194097,3,13,fold_1,fold,1
285,A,0.352595362905075,5.088249162770618e-8,0.6474045862124327,3,13,fold_1,fold,1
285,C,0.4882544794085696,8.001326708708563e-8,0.511745440578164,3,13,fold_1,fold,1
286,A,0.35259535625055155,4.7632841929120895e-8,0.6474045961166065,3,13,fold_1,fold,1
286,C,0.4882544689442418,7.490317303413742e-8,0.5117454561525837,3,13,fold_1,fold,1
287,A,0.3525953502439035,4.4699574757092587e-8,0.6474046050565216,3,13,fold_1,fold,1
287,C,0.4882544594987063,7.029058998660137e-8,0.5117454702107013,3,13,fold_1,fold,1
288,A,0.3525953446071495,4.1946940673930375e-8,0.6474046134459097,3,13,fold_1,fold,1
288,C,0.48825445063483414,6.596205246228273e-8,0.5117454834031128,3,13,fold_1,fold,1
289,A,0.35259533931751136,3.936381611657072e-8,0.6474046213186739,3,13,fold_1,fold,1
289,C,0.48825444231680387,6.190006878359316e-8,0.5117454957831269,3,13,fold_1,fold,1
290,A,0.35259533435361196,3.69397625247565e-8,0.6474046287066251,3,13,fold_1,fold,1
290,C,0.48825443451100314,5.8088224427222285e-8,0.5117455074007704,3,13,fold_1,fold,1
291,A,0.3525953296953938,3.466498415693378e-8,0.6474046356396225,3,13,fold_1,fold,1
291,C,0.4882544271858902,5.451111568271774e-8,0.5117455183029949,3,13,fold_1,fold,1
292,A,0.35259532532403143,3.253028850451799e-8,0.6474046421456795,3,13,fold_1,fold,1
292,C,0.488254420311861,5.115428740645305e-8,0.5117455285338528,3,13,fold_1,fold,1
293,A,0.35259532122186105,3.052704914392969e-8,0.6474046482510895,3,13,fold_1,fold,1
293,C,0.4882544138611384,4.800417460869414e-8,0.5117455381346872,3,13,fold_1,fold,1
294,A,0.3525953173723049,2.864717087627484e-8,0.6474046539805248,3,13,fold_1,fold,1
294,C,0.48825440780765605,4.504804763772037e-8,0.5117455471442969,3,13,fold_1,fold,1
295,A,0.3525953137598068,2.6883057013790383e-8,0.647404659357135,3,13,fold_1,fold,1
295,C,0.4882544021269499,4.22739607395002e-8,0.5117455555990889,3,13,fold_1,fold,1
296,A,0.35259531036976977,2.522757868085157e-8,0.6474046644026511,3,13,fold_1,fold,1
296,C,0.48825439679606647,3.967070378505783e-8,0.5117455635332301,3,13,fold_1,fold,1
297,A,0.3525953071884938,2.3674046005478317e-8,0.6474046691374606,3,13,fold_1,fold,1
297,C,0.4882543917934623,3.722775697046455e-8,0.511745570978781,3,13,fold_1,fold,1
298,A,0.3525953042031222,2.2216181084919457e-8,0.647404673580696,3,13,fold_1,fold,1
298,C,0.488254387098921,3.4935248306404905e-8,0.5117455779658318,3,13,fold_1,fold,1
299,A,0.3525953014015923,2.0848092616062976e-8,0.6474046777503155,3,13,fold_1,fold,1
299,C,0.4882543826934724,3.2783913725535295e-8,0.5117455845226133,3,13,fold_1,fold,1
300,A,0.35259529877258244,1.9564252088147092e-8,0.6474046816631656,3,13,fold_1,fold,1
300,C,0.4882543785593157,3.0765059646434886e-8,0.5117455906756256,3,13,fold_1,fold,1
301,A,0.3525952963054685,1.835947144156355e-8,0.6474046853350605,3,13,fold_1,fold,1
301,C,0.48825437467974114,2.8870527842870054e-8,0.5117455964497308,3,13,fold_1,fold,1
302,A,0.35259529399028167,1.722888210246682e-8,0.6474046887808359,3,13,fold_1,fold,1
302,C,0.488254371039073,2.7092662476415856e-8,0.5117456018682627,3,13,fold_1,fold,1
303,A,0.3525952918176656,1.6167915308464504e-8,0.6474046920144199,3,13,fold_1,fold,1
303,C,0.4882543676226017,2.54242791592121e-8,0.5117456069531193,3,13,fold_1,fold,1
304,A,0.35259528977884014,1.517228364588147e-8,0.6474046950488752,3,13,fold_1,fold,1
304,C,0.4882543644165175,2.3858635921840983e-8,0.5117456117248466,3,13,fold_1,fold,1
305,A,0.3525952878655676,1.4237963723986446e-8,0.6474046978964689,3,13,fold_1,fold,1
305,C,0.4882543614078667,2.2389405969009407e-8,0.5117456162027272,3,13,fold_1,fold,1
306,A,0.35259528607011575,1.3361179916164483e-8,0.6474047005687049,3,13,fold_1,fold,1
306,C,0.4882543585844889,2.1010652112941752e-8,0.5117456204048575,3,13,fold_1,fold,1
307,A,0.3525952843852283,1.2538389103090634e-8,0.6474047030763828,3,13,fold_1,fold,1
307,C,0.48825435593497785,1.9716802778603938e-8,0.5117456243482184,3,13,fold_1,fold,1
308,A,0.35259528280409824,1.1766266352668353e-8,0.6474047054296366,3,13,fold_1,fold,1
308,C,0.48825435344862655,1.850262949550168e-8,0.511745628048745,3,13,fold_1,fold,1
309,A,0.3525952813203342,1.1041691485090296e-8,0.6474047076379725,3,13,fold_1,fold,1
309,C,0.48825435111538507,1.736322576552136e-8,0.51174563152139,3,13,fold_1,fold,1
310,A,0.35259527992794226,1.036173646448209e-8,0.6474047097103222,3,13,fold_1,fold,1
310,C,0.4882543489258253,1.62939872340146e-8,0.5117456347801871,3,13,fold_1,fold,1
311,A,0.35259527862129447,9.723653565965439e-9,0.6474047116550529,3,13,fold_1,fold,1
311,C,0.48825434687110114,1.5290593085134438e-8,0.5117456378383055,3,13,fold_1,fold,1
312,A,0.3525952773951107,9.124864271924943e-9,0.6474047134800256,3,13,fold_1,fold,1
312,C,0.4882543449429074,1.434898858137261e-8,0.5117456407081031,3,13,fold_1,fold,1
313,A,0.3525952762444361,8.562948852056513e-9,0.6474047151926151,3,13,fold_1,fold,1
313,C,0.48825434313345356,1.3465368678318988e-8,0.5117456434011769,3,13,fold_1,fold,1
314,A,0.35259527516462064,8.035636585088858e-9,0.647404716799742,3,13,fold_1,fold,1
314,C,0.4882543414354271,1.2636162648429868e-8,0.511745645928409,3,13,fold_1,fold,1
315,A,0.3525952741513018,7.540796582663245e-9,0.6474047183079017,3,13,fold_1,fold,1
315,C,0.4882543398419678,1.185801965167155e-8,0.5117456483000141,3,13,fold_1,fold,1
316,A,0.35259527320038403,7.076429178289144e-9,0.6474047197231879,3,13,fold_1,fold,1
316,C,0.48825433834663234,1.1127795194729115e-8,0.5117456505255722,3,13,fold_1,fold,1
317,A,0.3525952723080232,6.640657846578289e-9,0.647404721051319,3,13,fold_1,fold,1
317,C,0.48825433694338094,1.0442538424063587e-8,0.5117456526140803,3,13,fold_1,fold,1
318,A,0.35259527147061503,6.2317216201009585e-9,0.647404722297663,3,13,fold_1,fold,1
318,C,0.4882543356265438,9.79948020146796e-9,0.5117456545739766,3,13,fold_1,fold,1
319,A,0.3525952706847755,5.847967973220901e-9,0.6474047234672573,3,13,fold_1,fold,1
319,C,0.4882543343907978,9.1960219139359e-9,0.5117456564131805,3,13,fold_1,fold,1
320,A,0.3525952699473277,5.487846144151374e-9,0.6474047245648258,3,13,fold_1,fold,1
320,C,0.4882543332311495,8.629724972624357e-9,0.5117456581391261,3,13,fold_1,fold,1
321,A,0.35259526925529333,5.149900868246136e-9,0.6474047255948062,3,13,fold_1,fold,1
321,C,0.48825433214291336,8.098300958474725e-9,0.5117456597587857,3,13,fold_1,fold,1
322,A,0.3525952686058742,4.83276649720091e-9,0.647404726561359,3,13,fold_1,fold,1
322,C,0.4882543311216912,7.599602374671754e-9,0.5117456612787066,3,13,fold_1,fold,1
323,A,0.35259526799644714,4.535161480400604e-9,0.647404727468392,3,13,fold_1,fold,1
323,C,0.4882543301633567,7.131613968570516e-9,0.5117456627050294,3,13,fold_1,fold,1
324,A,0.35259526742454883,4.255883186110725e-9,0.647404728319569,3,13,fold_1,fold,1
324,C,0.4882543292640372,6.6924445880236505e-9,0.5117456640435185,3,13,fold_1,fold,1
325,A,0.35259526688786835,3.993803041585099e-9,0.6474047291183294,3,13,fold_1,fold,1
325,C,0.48825432842009886,6.2803195392000734e-9,0.5117456652995821,3,13,fold_1,fold,1
326,A,0.35259526638423644,3.747861972450471e-9,0.6474047298679021,3,13,fold_1,fold,1
326,C,0.48825432762813004,5.893573415013412e-9,0.5117456664782962,3,13,fold_1,fold,1
327,A,0.35259526591161966,3.517066123949649e-9,0.6474047305713154,3,13,fold_1,fold,1
327,C,0.48825432688493187,5.5306433676313064e-9,0.5117456675844254,3,13,fold_1,fold,1
328,A,0.3525952654681058,3.3004828421561625e-9,0.6474047312314117,3,13,fold_1,fold,1
328,C,0.48825432618749953,5.190062786677707e-9,0.5117456686224378,3,13,fold_1,fold,1
329,A,0.3525952650519045,3.097236906579555e-9,0.6474047318508586,3,13,fold_1,fold,1
329,C,0.48825432553301545,4.870455376369626e-9,0.5117456695965293,3,13,fold_1,fold,1
330,A,0.3525952646613333,2.906506994035779e-9,0.6474047324321596,3,13,fold_1,fold,1
330,C,0.4882543249188354,4.570529595511185e-9,0.5117456705106348,3,13,fold_1,fold,1
331,A,0.352595264294813,2.7275223590326746e-9,0.6474047329776642,3,13,fold_1,fold,1
331,C,0.48825432434247595,4.289073436822853e-9,0.5117456713684487,3,13,fold_1,fold,1
332,A,0.35259526395086344,2.559559719155027e-9,0.64740473348957694,3,13,fold_1,fold,1
332,C,0.4882543238016111,4.024949529194468e-9,0.5117456721734397,3,13,fold_1,fold,1
333,A,0.3525952636280949,2.4019403322503938e-9,0.6474047339699645,3,13,fold_1,fold,1
333,C,0.48825432329405144,3.7770905415443766e-9,0.5117456729288573,3,13,fold_1,fold,1
334,A,0.3525952633252026,2.2540272536044613e-9,0.647404734420769,3,13,fold_1,fold,1
334,C,0.4882543228177489,3.544494869711572e-9,0.5117456736377562,3,13,fold_1,fold,1
335,A,0.3525952630409631,2.115222762021938e-9,0.6474047348438144,3,13,fold_1,fold,1
335,C,0.4882543223707763,3.3262225889514926e-9,0.511745674303002,3,13,fold_1,fold,1
336,A,0.35259526277422637,1.9849659444116306e-9,0.6474047352408074,3,13,fold_1,fold,1
336,C,0.4882543219513286,3.1213916556794744e-9,0.5117456749272795,3,13,fold_1,fold,1
337,A,0.3525952625239161,1.8627304291149005e-9,0.647404735613354,3,13,fold_1,fold,1
337,C,0.4882543215577115,2.9291743431131857e-9,0.5117456755131145,3,13,fold_1,fold,1
338,A,0.3525952622890196,1.7480222588176566e-9,0.6474047359629583,3,13,fold_1,fold,1
338,C,0.48825432118833345,2.7487938964101813e-9,0.511745676062874,3,13,fold_1,fold,1
339,A,0.3525952620685881,1.640377894450251e-9,0.6474047362910335,3,13,fold_1,fold,1
339,C,0.48825432084170106,2.5795213937841544e-9,0.511745676578777,3,13,fold_1,fold,1
340,A,0.3525952618617314,1.5393623420089068e-9,0.6474047365989064,3,13,fold_1,fold,1
340,C,0.4882543205164149,2.4206728009155543e-9,0.5117456770629112,3,13,fold_1,fold,1
341,A,0.352595261667613,1.4445673947290096e-9,0.6474047368878202,3,13,fold_1,fold,1
341,C,0.4882543202111595,2.2716062067532826e-9,0.5117456775172329,3,13,fold_1,fold,1
342,A,0.3525952614854487,1.3556099835068617e-9,0.6474047371589419,3,13,fold_1,fold,1
342,C,0.4882543199247041,2.1317192295375045e-9,0.5117456779435771,3,13,fold_1,fold,1
343,A,0.3525952613145019,1.2721306289037708e-9,0.6474047374133683,3,13,fold_1,fold,1
343,C,0.48825431965588634,2.000446582561028e-9,0.5117456783436659,3,13,fold_1,fold,1
344,A,0.3525952611540817,1.1937919884770005e-9,0.6474047376521262,3,13,fold_1,fold,1
344,C,0.4882543194036241,1.8772577898327156e-9,0.5117456787191182,3,13,fold_1,fold,1
345,A,0.35259526100354077,1.1202774935672505e-9,0.6474047378761816,3,13,fold_1,fold,1
345,C,0.48825431916689577,1.7616550424116177e-9,0.5117456790714483,3,13,fold_1,fold,1
346,A,0.3525952608622699,1.0512900700338353e-9,0.6474047380864406,3,13,fold_1,fold,1
346,C,0.4882543189447469,1.6531711867494628e-9,0.5117456794020833,3,13,fold_1,fold,1
347,A,0.35259526072969943,9.865509374495219e-10,0.6474047382837503,3,13,fold_1,fold,1
347,C,0.48825431873627456,1.5513678361065164e-9,0.5117456797123565,3,13,fold_1,fold,1
348,A,0.35259526060529217,9.257984833481458e-10,0.6474047384689102,3,13,fold_1,fold,1
348,C,0.4882543185406429,1.4558336010862604e-9,0.5117456800035232,3,13,fold_1,fold,1
349,A,0.3525952604885453,8.687872055702582e-10,0.6474047386426671,3,13,fold_1,fold,1
349,C,0.48825431835705796,1.3661824259794347e-9,0.5117456802767605,3,13,fold_1,fold,1
350,A,0.352595260378989,8.152867199683835e-10,0.6474047388057248,3,13,fold_1,fold,1
350,C,0.4882543181847776,1.2820520281666415e-9,0.5117456805331703,3,13,fold_1,fold,1
351,A,0.35259526027617893,7.650808296088384e-10,0.6474047389587414,3,13,fold_1,fold,1
351,C,0.4882543180231064,1.203102434624192e-9,0.5117456807737906,3,13,fold_1,fold,1
352,A,0.35259526017970005,7.179666511130117e-10,0.6474047391023344,3,13,fold_1,fold,1
352,C,0.48825431787139084,1.1290146080850726e-9,0.5117456809995936,3,13,fold_1,fold,1
353,A,0.3525952600891613,6.737537947992189e-10,0.6474047392370846,3,13,fold_1,fold,1
353,C,0.4882543177290189,1.0594891578018045e-9,0.5117456812114912,3,13,fold_1,fold,1
354,A,0.3525952600041986,6.322635953120316e-10,0.6474047393635369,3,13,fold_1,fold,1
354,C,0.4882543175954139,9.942451297012759e-10,0.5117456814103397,3,13,fold_1,fold,1
355,A,0.352595259924468,5.933283896300313e-10,0.6474047394822029,3,13,fold_1,fold,1
355,C,0.4882543174700374,9.3301887104265e-10,0.5117456815969441,3,13,fold_1,fold,1
356,A,0.35259525984964774,5.567908395343769e-10,0.6474047395935619,3,13,fold_1,fold,1
356,C,0.48825431735237995,8.755629649902987e-10,0.5117456817720559,3,13,fold_1,fold,1
357,A,0.3525952597794352,5.225032958002586e-10,0.6474047396980622,3,13,fold_1,fold,1
357,C,0.48825431724196844,8.216452307964244e-10,0.5117456819363855,3,13,fold_1,fold,1
358,A,0.35259525971354566,4.903272015419048e-10,0.6474047397961274,3,13,fold_1,fold,1
358,C,0.4882543171383565,7.710477855530531e-10,0.5117456820905951,3,13,fold_1,fold,1
359,A,0.3525952596517138,4.6013253230003767e-10,0.6474047398881541,3,13,fold_1,fold,1
359,C,0.4882543170411257,7.235661637219263e-10,0.511745682235309,3,13,fold_1,fold,1
360,A,0.35259525959368987,4.3179727060914556e-10,0.6474047399745134,3,13,fold_1,fold,1
360,C,0.48825431694988153,6.790084908843045e-10,0.5117456823711111,3,13,fold_1,fold,1
361,A,0.35259525953923887,4.0520691292128173e-10,0.6474047400555552,3,13,fold_1,fold,1
361,C,0.4882543168642554,6.371947083717615e-10,0.5117456824985495,3,13,fold_1,fold,1
362,A,0.3525952594881406,3.802540068938511e-10,0.6474047401316055,3,13,fold_1,fold,1
362,C,0.4882543167839027,5.979558456447236e-10,0.5117456826181406,3,13,fold_1,fold,1
363,A,0.352595259440189,3.568377171715451e-10,0.6474047402029733,3,13,fold_1,fold,1
363,C,0.48825431670849945,5.611333374783817e-10,0.5117456827303668,3,13,fold_1,fold,1
364,A,0.35259525939519115,3.3486341790772776e-10,0.6474047402699451,3,13,fold_1,fold,1
364,C,0.488254316637739,5.265783831967351e-10,0.5117456828356829,3,13,fold_1,fold,1
365,A,0.35259525935296326,3.1424231037865076e-10,0.6474047403327939,3,13,fold_1,fold,1
365,C,0.4882543165713349,4.941513453654068e-10,0.5117456829345132,3,13,fold_1,fold,1
0,A,0.9989999999999999,0.0010000000000000005,0,4,13,fold_1,fold,1
0,C,0.999,0.0010000000000000002,0,4,13,fold_1,fold,1
1,A,0.998568097879796,0.0012111799831422312,2.2072213706245624e-4,4,13,fold_1,fold,1
1,C,0.9986749830907636,0.0011137794645704258,2.1123744466581843e-4,4,13,fold_1,fold,1
2,A,0.9980671634875551,0.0014466957318145545,4.8614078063011207e-4,4,13,fold_1,fold,1
2,C,0.9983171642807824,0.0012366971355095462,4.4613858370831156e-4,4,13,fold_1,fold,1
3,A,0.9974938856703035,0.0017051193367972454,8.009949929003236e-4,4,13,fold_1,fold,1
3,C,0.997924369435655,0.0013690547683125826,7.065757960306162e-4,4,13,fold_1,fold,1
4,A,0.9968425191986281,0.001987498893791028,0.0011699819075806715,4,13,fold_1,fold,1
4,C,0.9974938634818286,0.0015116099011421036,9.945266170313417e-4,4,13,fold_1,fold,1
5,A,0.996105314648736,0.002296586060795221,0.0015980992904681083,4,13,fold_1,fold,1
5,C,0.9970224545751784,0.0016654336405256512,0.0013121117842955067,4,13,fold_1,fold,1
6,A,0.9952729461411557,0.0026360750719427607,0.0020909787869011383,4,13,fold_1,fold,1
6,C,0.9965065122144255,0.0018318085513605246,0.001661679234213552,4,13,fold_1,fold,1
7,A,0.994334634521729,0.0030102692749168266,0.0026550962033541907,4,13,fold_1,fold,1
7,C,0.99594193661362,0.002012190824539704,0.0020458725618429313,4,13,fold_1,fold,1
8,A,0.9932784170024104,0.003423748403740673,0.003297834593848766,4,13,fold_1,fold,1
8,C,0.9953242009564894,0.0022081533929890207,0.002467645650521294,4,13,fold_1,fold,1
9,A,0.9920910225720438,0.0038812993484637843,0.004027678079491363,4,13,fold_1,fold,1
9,C,0.9946482709270918,0.002421387401493892,0.0029303416714136677,4,13,fold_1,fold,1
10,A,0.9907588005352238,0.004387592014503764,0.004853607450271838,4,13,fold_1,fold,1
10,C,0.993908954495063,0.0026535804626772316,0.0034374650422589743,4,13,fold_1,fold,1
11,A,0.9892659170016997,0.004947833914077263,0.005786249084222951,4,13,fold_1,fold,1
11,C,0.9931002165839041,0.002906644335130971,0.003993139080966656,4,13,fold_1,fold,1
12,A,0.9875960810310592,0.005567156096858395,0.006836762872083373,4,13,fold_1,fold,1
12,C,0.9922158306738944,0.0031824959247753527,0.004601673401330419,4,13,fold_1,fold,1
13,A,0.9857313585524908,0.006250998723718116,0.0080176427237905485,4,13,fold_1,fold,1
13,C,0.9912489153164639,0.003483202458790624,0.005267882224746479,4,13,fold_1,fold,1
14,A,0.9836527321420184,0.007004979045682444,0.009342288812299007,4,13,fold_1,fold,1
14,C,0.9901921428925793,0.0038109287133546274,0.005996928394064375,4,13,fold_1,fold,1
15,A,0.9813398221725298,0.007834919370160188,0.010825258457309642,4,13,fold_1,fold,1
15,C,0.9890376104958912,0.004167964483097197,0.006794425021012453,4,13,fold_1,fold,1
16,A,0.978770858429276,0.008746821222047969,0.012482320348676404,4,13,fold_1,fold,1
16,C,0.9877768024896022,0.0045567306010674755,0.007666466909331555,4,13,fold_1,fold,1
17,A,0.9759229287447029,0.009746793277863713,0.014330277977432913,4,13,fold_1,fold,1
17,C,0.9864006689965291,0.004979758447137571,0.008619572556333641,4,13,fold_1,fold,1
18,A,0.972771609891913,0.01084103355291449,0.01638735655517333,4,13,fold_1,fold,1
18,C,0.9848994173085902,0.005439727188880587,0.00966085550253041,4,13,fold_1,fold,1
19,A,0.969291063262801,0.012035736283820913,0.018673200453378627,4,13,fold_1,fold,1
19,C,0.9832624891622708,0.005939460130038514,0.010798050707689686,4,13,fold_1,fold,1
20,A,0.9654544647385495,0.013336940182592376,0.021208595078858306,4,13,fold_1,fold,1
20,C,0.9814786746558959,0.006481888720104544,0.012039436623998563,4,13,fold_1,fold,1
21,A,0.9612342075415712,0.014750388281592442,0.024015404176835994,4,13,fold_1,fold,1
21,C,0.9795361170354222,0.007070035649646324,0.013393847314930719,4,13,fold_1,fold,1
22,A,0.9566020492658124,0.016281376015890584,0.02711657471829682,4,13,fold_1,fold,1
22,C,0.977422276785721,0.007707003164714025,0.014870720049564946,4,13,fold_1,fold,1
23,A,0.9515293588191256,0.0179345669278448,0.030536074253029195,4,13,fold_1,fold,1
23,C,0.9751239203479513,0.008395952739100196,0.01648012691294706,4,13,fold_1,fold,1
24,A,0.9459874845199931,0.019713773822718404,0.03429874165728846,4,13,fold_1,fold,1
24,C,0.972627143317791,0.009140073366003084,0.018232783316206425,4,13,fold_1,fold,1
25,A,0.9399482110726846,0.02162171148572518,0.038430077441590105,4,13,fold_1,fold,1
25,C,0.9699174159541443,0.009942540345765801,0.02014004370008977,4,13,fold_1,fold,1
26,A,0.9333842829060087,0.023659727518690127,0.0429559895753005,4,13,fold_1,fold,1
26,C,0.9669796433732107,0.01080646580958499,0.02221389081720433,4,13,fold_1,fold,1
27,A,0.9262699337321644,0.025827544810897603,0.047902521456937734,4,13,fold_1,fold,1
27,C,0.963798234563197,0.011734846175608243,0.02446691926119498,4,13,fold_1,fold,1
28,A,0.9185816014415649,0.028122932044041333,0.05329546651439355,4,13,fold_1,fold,1
28,C,0.9603572061020642,0.012730487906166009,0.026912305991768953,4,13,fold_1,fold,1
29,A,0.9102987102175947,0.030541376083670135,0.05915991369873463,4,13,fold_1,fold,1
29,C,0.9566403153302269,0.013795922223941345,0.02956376244583083,4,13,fold_1,fold,1
30,A,0.9014043887597771,0.033075826698759726,0.06551978454146336,4,13,fold_1,fold,1
30,C,0.9526312105942822,0.01493331957259628,0.0324354698331214,4,13,fold_1,fold,1
31,A,0.891886180631779,0.03571648189020778,0.07239733747801327,4,13,fold_1,fold,1
31,C,0.9483136046007173,0.016144396182513353,0.03554199921676916,4,13,fold_1,fold,1
32,A,0.8817368186475678,0.03845058339395201,0.07981259795848036,4,13,fold_1,fold,1
32,C,0.9436714843085025,0.017430304110072722,0.03889821158142424,4,13,fold_1,fold,1
33,A,0.8709550078047757,0.0412622603980697,0.08778273179715557,4,13,fold_1,fold,1
33,C,0.9386893576659672,0.018791508979112546,0.04251913335492039,4,13,fold_1,fold,1
34,A,0.8595461211998238,0.0441324740187843,0.09632140478139288,4,13,fold_1,fold,1
34,C,0.9333525333342775,0.02022766202682411,0.04641980463889825,4,13,fold_1,fold,1
35,A,0.8475227586387839,0.047039083725349616,0.10543815763586742,4,13,fold_1,fold,1
35,C,0.9276474259627925,0.021737471466577233,0.050615102570629324,4,13,fold_1,fold,1
36,A,0.8349051546147004,0.049957036238737075,0.11513780914656246,4,13,fold_1,fold,1
36,C,0.9215618846360104,0.023318574703121573,0.055119540660868584,4,13,fold_1,fold,1
37,A,0.8217214149423354,0.05285868088939448,0.12541990416826931,4,13,fold_1,fold,1
37,C,0.915085543693887,0.024967413570501727,0.05994704273561037,4,13,fold_1,fold,1
38,A,0.8080075467506873,0.055714219050396856,0.13627823419891655,4,13,fold_1,fold,1
38,C,0.9082101894004059,0.02667911854533256,0.06511069205426287,4,13,fold_1,fold,1
39,A,0.7938072497065797,0.058492288033595054,0.1477004622598263,4,13,fold_1,fold,1
39,C,0.9009301321825666,0.028447409398318663,0.07062245841911462,4,13,fold_1,fold,1
40,A,0.7791714554031427,0.061160665451037315,0.15966787914581904,4,13,fold_1,fold,1
40,C,0.8932425726329518,0.0302645195397693,0.07649290782727806,4,13,fold_1,fold,1
41,A,0.7641576210788081,0.06368706784888511,0.17215531107230692,4,13,fold_1,fold,1
41,C,0.8851479489368282,0.03212115086975379,0.08273090019341756,4,13,fold_1,fold,1
42,A,0.7488287972403315,0.06604000981921321,0.18513119294045494,4,13,fold_1,fold,1
42,C,0.8766502523562144,0.03400646593809712,0.08934328170568934,4,13,fold_1,fold,1
43,A,0.733252499832787,0.06818968451275279,0.1985578156544601,4,13,fold_1,fold,1
43,C,0.8677572961454102,0.035908124065264384,0.09633457978932644,4,13,fold_1,fold,1
44,A,0.7174994294131082,0.07010882235275245,0.21239174823414025,4,13,fold_1,fold,1
44,C,0.8584809227709023,0.037812367131733776,0.10370671009736407,4,13,fold_1,fold,1
45,A,0.7016420907304732,0.07177348314499025,0.22658442612453603,4,13,fold_1,fold,1
45,C,0.8488371350473698,0.03970415896335737,0.11145870598927307,4,13,fold_1,fold,1
46,A,0.6857533728949557,0.07316373928219304,0.24108288782285114,4,13,fold_1,fold,1
46,C,0.8388461386488499,0.04156737990117763,0.11958648144997337,4,13,fold_1,fold,1
47,A,0.6699051514890939,0.07426421441926775,0.2558306340916388,4,13,fold_1,fold,1
47,C,0.828532286166232,0.04338507544479571,0.12808263838897258,4,13,fold_1,fold,1
48,A,0.6541669702348442,0.07506445169120596,0.2707685780739492,4,13,fold_1,fold,1
48,C,0.8179239163815708,0.04513975487248979,0.13693632874594072,4,13,fold_1,fold,1
49,A,0.6386048524034461,0.07555909692614032,0.285836050670413,4,13,fold_1,fold,1
49,C,0.8070530866868605,0.04681373258283164,0.14613318073030612,4,13,fold_1,fold,1
50,A,0.623280281923797,0.07574789431135763,0.3009718237648463,4,13,fold_1,fold,1
50,C,0.7959552014168627,0.048389501809813995,0.15565529677332393,4,13,fold_1,fold,1
51,A,0.6082493818914325,0.075635503629212,0.3161151144793554,4,13,fold_1,fold,1
51,C,0.784668543947727,0.049850127643229956,0.1654813284090429,4,13,fold_1,fold,1
52,A,0.5935623050266501,0.07523115845207913,0.3312065365212709,4,13,fold_1,fold,1
52,C,0.7732337253207373,0.05117964422523322,0.17558663045402992,4,13,fold_1,fold,1
53,A,0.5792628342441087,0.07454819601615441,0.34618896973973756,4,13,fold_1,fold,1
53,C,0.7616930664582816,0.05236343984480744,0.1859434936969104,4,13,fold_1,fold,1
54,A,0.5653881971676629,0.07360347852978197,0.36100832430255486,4,13,fold_1,fold,1
54,C,0.7500899342084613,0.05338861374499088,0.19652145204654853,4,13,fold_1,fold,1
55,A,0.5519690637846726,0.07241675361861749,0.3756141825967099,4,13,fold_1,fold,1
55,C,0.738468054900705,0.05424428827050118,0.20728765682879596,4,13,fold_1,fold,1
56,A,0.5390296989165534,0.0710099911247075,0.3899603099587398,4,13,fold_1,fold,1
56,C,0.7268708288362511,0.0549218632115496,0.2182073079521983,4,13,fold_1,fold,1
57,A,0.5265882507697319,0.06940671723256346,0.4040050319977043,4,13,fold_1,fold,1
57,C,0.7153406682283676,0.055415202471161024,0.22924412930047106,4,13,fold_1,fold,1
58,A,0.514657145919537,0.06763137291145427,0.41771148116900875,4,13,fold_1,fold,1
58,C,0.7039183801136049,0.05572074586122976,0.24036087402516476,4,13,fold_1,fold,1
59,A,0.5032435599147544,0.06570872048095451,0.43104771960429106,4,13,fold_1,fold,1
59,C,0.6926426128052857,0.055837542788114355,0.25151984440659914,4,13,fold_1,fold,1
60,A,0.49234993487897205,0.06366331575302116,0.44398674936800697,4,13,fold_1,fold,1
60,C,0.6815493804296109,0.055767208866362133,0.2626834107040268,4,13,fold_1,fold,1
61,A,0.48197452031810556,0.0615190552605777,0.4565064244213168,4,13,fold_1,fold,1
61,C,0.6706716755030308,0.055513810496191904,0.2738145140007779,4,13,fold_1,fold,1
62,A,0.4721119177674037,0.0592988022330051,0.46858927999959116,4,13,fold_1,fold,1
62,C,0.6600391749208873,0.055083685676341615,0.2848771394027717,4,13,fold_1,fold,1
63,A,0.4627536134814846,0.0570240912902461,0.48022229522826987,4,13,fold_1,fold,1
63,C,0.6496780403830495,0.054485211733635956,0.2958367478833149,4,13,fold_1,fold,1
64,A,0.4538884867068097,0.054714908964088683,0.49139660432910154,4,13,fold_1,fold,1
64,C,0.6396108103422763,0.05372853227323762,0.3066606573844858,4,13,fold_1,fold,1
65,A,0.44550328445929566,0.05238954455094856,0.5021071709897551,4,13,fold_1,fold,1
65,C,0.6298563772048902,0.052825256467344504,0.317318366327766,4,13,fold_1,fold,1
66,A,0.43758305694124144,0.05006450377257333,0.5123524392861855,4,13,fold_1,fold,1
66,C,0.6204300409068593,0.051788143780617496,0.3277818153125238,4,13,fold_1,fold,1
67,A,0.430111550466905,0.04775447660006582,0.5221339729330297,4,13,fold_1,fold,1
67,C,0.6113436282140846,0.05063078644806136,0.33802558533785415,4,13,fold_1,fold,1
68,A,0.423071556892441,0.045472350306542265,0.5314560928010178,4,13,fold_1,fold,1
68,C,0.6026056661316964,0.04936730064457791,0.3480270332237263,4,13,fold_1,fold,1
69,A,0.4164452201045193,0.04322925906261738,0.5403255208328646,4,13,fold_1,fold,1
69,C,0.5942215975573816,0.04801203551906598,0.3577663669235523,4,13,fold_1,fold,1
70,A,0.4102143012380691,0.04103466193833189,0.5487510368235994,4,13,fold_1,fold,1
70,C,0.5861940276508983,0.046579307294056994,0.3672266650550453,4,13,fold_1,fold,1
71,A,0.4043604050907124,0.03889644190396911,0.5567431530053178,4,13,fold_1,fold,1
71,C,0.5785229901842402,0.04508316360506604,0.376393846210695,4,13,fold_1,fold,1
72,A,0.39886517074830813,0.03682101927028993,0.5643138099814021,4,13,fold_1,fold,1
72,C,0.5712062242564204,0.04353718129658017,0.38525659444700017,4,13,fold_1,fold,1
73,A,0.39371042999152267,0.03481347370784581,0.5714760963006325,4,13,fold_1,fold,1
73,C,0.5642394537435336,0.041954298495415904,0.39380624776105055,4,13,fold_1,fold,1
74,A,0.3888783360362809,0.03287767099310381,0.5782439929706149,4,13,fold_1,fold,1
74,C,0.557616660284378,0.04034668309215973,0.4020366566234612,4,13,fold_1,fold,1
75,A,0.3843514668457671,0.0310163897877191,0.5846321433665139,4,13,fold_1,fold,1
75,C,0.5513303464974335,0.038725634005839386,0.4099440194967286,4,13,fold_1,fold,1
76,A,0.38011290642781076,0.02923144532238399,0.5906556482498051,4,13,fold_1,fold,1
76,C,0.545371786010503,0.0371015122910592,0.41752670169843853,4,13,fold_1,fold,1
77,A,0.3761463064591126,0.027523808448064943,0.5963298850928208,4,13,fold_1,fold,1
77,C,0.5397312556822117,0.03548370090635145,0.4247850434114366,4,13,fold_1,fold,1
78,A,0.3724359310551363,0.025893718365281843,0.6016703505795822,4,13,fold_1,fold,1
78,C,0.5343982480952414,0.03388058974049558,0.4317211621642627,4,13,fold_1,fold,1
79,A,0.3689666873574066,0.024340787737498936,0.6066925249050933,4,13,fold_1,fold,1
79,C,0.5293616636775759,0.032299581834964536,0.4383387544874594,4,13,fold_1,fold,1
80,A,0.36572414429916006,0.02286409941700857,0.6114117562838307,4,13,fold_1,fold,1
80,C,0.5246099825112603,0.030747116846531426,0.4446429006422097,4,13,fold_1,fold,1
81,A,0.3626945415165121,0.02146229453465986,0.6158431639488284,4,13,fold_1,fold,1
81,C,0.52013141612058,0.029228708373689023,0.45063987550573,4,13,fold_1,fold,1
82,A,0.3598647900980586,0.02013365200270254,0.6200015578992382,4,13,fold_1,fold,1
82,C,0.5159140398441738,0.027748992122029466,0.45633696803379753,4,13,fold_1,fold,1
83,A,0.3572224666857558,0.01887615961804905,0.6239013736961959,4,13,fold_1,fold,1
83,C,0.5119459068116551,0.026311782016978102,0.4617423111713661,4,13,fold_1,fold,1
84,A,0.35475580226518266,0.017687577068747923,0.6275566206660703,4,13,fold_1,fold,1
84,C,0.5082151448617157,0.02492013158284763,0.46686472355543795,4,13,fold_1,fold,1
85,A,0.352453666788913,0.01656549127426238,0.6309808419368246,4,13,fold_1,fold,1
85,C,0.504710037867389,0.023576398291344672,0.4717135638412663,4,13,fold_1,fold,1
86,A,0.3503055505913443,0.015507364587766699,0.6341870848208904,4,13,fold_1,fold,1
86,C,0.5014190929424134,0.022282309015660376,0.4762985980419268,4,13,fold_1,fold,1
87,A,0.3483015433996038,0.014510576431172865,0.6371878801692242,4,13,fold_1,fold,1
87,C,0.4983310949777428,0.0210390250886622,0.4806298799335944,4,13,fold_1,fold,1
88,A,0.3464323116189149,0.013572458939223452,0.6399952294418618,4,13,fold_1,fold,1
88,C,0.49543514992666404,0.019847205750971028,0.48471764432236564,4,13,fold_1,fold,1
89,A,0.3446890744601722,0.012690327182927381,0.6426205983569001,4,13,fold_1,fold,1
89,C,0.4927207182058989,0.018707069034934663,0.4885722127591669,4,13,fold_1,fold,1
90,A,0.3430635793785209,0.011861504530946726,0.6450749160905328,4,13,fold_1,fold,1
90,C,0.4901776394982469,0.01761844938275159,0.49220391111900136,4,13,fold_1,fold,1
91,A,0.34154807720605024,0.011083343685572272,0.6473685791083776,4,13,fold_1,fold,1
91,C,0.48779615013853517,0.016580851524253225,0.49562299833721096,4,13,fold_1,fold,1
92,A,0.34013529728907804,0.01035324389779624,0.6495114588131254,4,13,fold_1,fold,1
92,C,0.4855668941551654,0.015593500324968302,0.49883960551986595,4,13,fold_1,fold,1
93,A,0.3388184228590939,0.009668664847237825,0.6515129122936678,4,13,fold_1,fold,1
93,C,0.48348092888872046,0.014655386501460248,0.5018636846098187,4,13,fold_1,fold,1
94,A,0.33759106690377216,0.00902713754934223,0.6533817955468868,4,13,fold_1,fold,1
94,C,0.481529726215786,0.013765308018955704,0.5047049657652583,4,13,fold_1,fold,1
95,A,0.33644724861837283,0.008426272756607723,0.6551264786250198,4,13,fold_1,fold,1
95,C,0.47970516998930346,0.012921907400826108,0.5073729226098697,4,13,fold_1,fold,1
96,A,0.3353813705352863,0.007863767222656871,0.6567548622420569,4,13,fold_1,fold,1
96,C,0.47799955032601116,0.012123705127064418,0.5098767445469239,4,13,fold_1,fold,1
97,A,0.33438819647308404,0.007337408087024816,0.6582743954398901,4,13,fold_1,fold,1
97,C,0.4764055554545282,0.01136912918160887,0.5122253153638634,4,13,fold_1,fold,1
98,A,0.33346283036290497,0.0068450756672504874,0.6596920939698447,4,13,fold_1,fold,1
98,C,0.4749162616348551,0.010656540980173209,0.5144271973849721,4,13,fold_1,fold,1
99,A,0.3326006959766168,0.006384744926979232,0.661014559096405,4,13,fold_1,fold,1
99,C,0.473525121561272,0.009984257966075806,0.5164906204726508,4,13,fold_1,fold,1
100,A,0.3317975175681766,0.005954485851461533,0.6622479965803616,4,13,fold_1,fold,1
100,C,0.47222595160346115,0.009350573160739074,0.5184234752357992,4,13,fold_1,fold,1
101,A,0.3310493014391826,0.005552462917871601,0.6633982356429459,4,13,fold_1,fold,1
101,C,0.47101291821218955,0.0087537719242819,0.5202333098635284,4,13,fold_1,fold,1
102,A,0.3303523184317391,0.005176933820505952,0.6644707477477542,4,13,fold_1,fold,1
102,C,0.4698805237738535,0.00819214617207731,0.5219273300540695,4,13,fold_1,fold,1
103,A,0.3297030873378178,0.0048262475959469295,0.6654706650662344,4,13,fold_1,fold,1
103,C,0.46882359214434494,0.0076640063002128,0.5235124015554413,4,13,fold_1,fold,1
104,A,0.32909835920358016,0.004498842277492991,0.6664027985189275,4,13,fold_1,fold,1
104,C,0.4678372540461412,0.007167691070969375,0.524995054882889,4,13,fold_1,fold,1
105,A,0.3285351025027188,0.004193242188092681,0.6672716553091896,4,13,fold_1,fold,1
105,C,0.46691693248022187,0.006701575691922298,0.5263814918278554,4,13,fold_1,fold,1
106,A,0.3280104891511814,0.00390805496193713,0.6680814558868812,4,13,fold_1,fold,1
106,C,0.4660583282801057,0.006264078300269618,0.5276775934196253,4,13,fold_1,fold,1
107,A,0.3275218813334266,0.003641968370617652,0.6688361502959541,4,13,fold_1,fold,1
107,C,0.46525740591204046,0.005853665046652058,0.5288889290413079,4,13,fold_1,fold,1
108,A,0.32706681910753493,0.0033937470190095824,0.6695394338734553,4,13,fold_1,fold,1
108,C,0.46451037960286135,0.0054688539589483965,0.5300207664381892,4,13,fold_1,fold,1
109,A,0.3266430087546949,0.0031622289660568864,0.6701947622792473,4,13,fold_1,fold,1
109,C,0.46381369985760224,0.005108217751768663,0.5310780823906299,4,13,fold_1,fold,1
110,A,0.3262483118381295,0.002946322315793849,0.6708053658460766,4,13,fold_1,fold,1
110,C,0.4631640404136861,0.004770385730665475,0.5320655738556485,4,13,fold_1,fold,1
111,A,0.3258807349367783,0.00274500181527383,0.6713742632479482,4,13,fold_1,fold,1
111,C,0.4625582856663782,0.004454044923657551,0.5329876694099644,4,13,fold_1,fold,1
112,A,0.32553842001943645,0.0025573054891534102,0.6719042744914101,4,13,fold_1,fold,1
112,C,0.4619935185896487,0.004157940558163269,0.5338485408521899,4,13,fold_1,fold,1
113,A,0.3252196354257831,0.0023823313347373625,0.672398033239479,4,13,fold_1,fold,1
113,C,0.4614670091668578,0.0038808759891425285,0.5346521148439994,4,13,fold_1,fold,1
114,A,0.32492276741997234,0.0022192340977059887,0.6728579984823222,4,13,fold_1,fold,1
114,C,0.46097620334092365,0.0036217121694196597,0.5354020844896573,4,13,fold_1,fold,1
115,A,0.32464631228561347,0.002067222142144043,0.6732864655722434,4,13,fold_1,fold,1
115,C,0.46051871248250376,0.0033793667465872135,0.5361019207709095,4,13,fold_1,fold,1
116,A,0.3243888689315048,0.0019255544254497793,0.6736855766430458,4,13,fold_1,fold,1
116,C,0.4600923033722016,0.0031528128579027224,0.5367548837698952,4,13,fold_1,fold,1
117,A,0.3241491319775036,0.0017935375868519908,0.6740573304356445,4,13,fold_1,fold,1
117,C,0.45969488869123604,0.002941077682865135,0.5373640336258982,4,13,fold_1,fold,1
118,A,0.32392588529188476,0.0016705231549254027,0.6744035915531915,4,13,fold_1,fold,1
118,C,0.45932451800963603,0.002743240807338443,0.5379322411830253,4,13,fold_1,fold,1
119,A,0.3237179959530411,0.001555904877120736,0.6747260991698386,4,13,fold_1,fold,1
119,C,0.4589793692581027,0.0025584324460747243,0.5384621982958232,4,13,fold_1,fold,1
120,A,0.32352440860966303,0.00144911617257913,0.6750264752177565,4,13,fold_1,fold,1
120,C,0.45865774066807097,0.0023858315633995797,0.5389564277685291,4,13,fold_1,fold,1
121,A,0.3233441402146779,0.0013496277082682474,0.6753062320770529,4,13,fold_1,fold,1
121,C,0.45835804316365547,0.002224663925273941,0.53941729291107,4,13,fold_1,fold,1
122,A,0.3231762751094519,0.0012569450973848684,0.6755667797931632,4,13,fold_1,fold,1
122,C,0.4580787931882632,0.0020742001107195004,0.5398470067010182,4,13,fold_1,fold,1
123,A,0.32301996043604597,0.001170606717964427,0.6758094328459898,4,13,fold_1,fold,1
123,C,0.4578186059478422,0.0019337535063491196,0.5402476405458092,4,13,fold_1,fold,1
124,A,0.3228744018566309,0.001090181648837714,0.6760354164945309,4,13,fold_1,fold,1
124,C,0.45757618905225556,0.0018026783038888091,0.5406211326438561,4,13,fold_1,fold,1
125,A,0.32273885956030895,0.0010152677195194532,0.676245872720172,4,13,fold_1,fold,1
125,C,0.4573503365362035,0.0016803675169828087,0.5409692959468148,4,13,fold_1,fold,1
126,A,0.3226126445387475,9.454896702288959e-4,0.6764418657910232,4,13,fold_1,fold,1
126,C,0.45713992324131814,0.0015662510304265632,0.5412938257282537,4,13,fold_1,fold,1
127,A,0.32249511511310197,8.8049741795031e-4,0.6766243874689485,4,13,fold_1,fold,1
127,C,0.4569438995412975,0.001459793692364751,0.5415963067663373,4,13,fold_1,fold,1
128,A,0.322385673695746,8.199644242214101e-4,0.676794361880032,4,13,fold_1,fold,1
128,C,0.4567612863922503,0.0013604934578082418,0.541878220149941,4,13,fold_1,fold,1
129,A,0.32228376377137585,7.635861602016147e-4,0.676952650068423,4,13,fold_1,fold,1
129,C,0.4565911706909071,0.0012678795899226359,0.5421409497191696,4,13,fold_1,fold,1
130,A,0.3221888670829576,7.110786645159093e-4,0.6771000542525267,4,13,fold_1,fold,1
130,C,0.45643270092382254,0.001181510923875671,0.5423857881523017,4,13,fold_1,fold,1
131,A,0.32210050100893817,6.621771893732875e-4,0.6772373218016903,4,13,fold_1,fold,1
131,C,0.45628508309133287,0.001100974196616775,0.5426139427120495,4,13,fold_1,fold,1
132,A,0.3220182161189583,6.166349305009007e-4,0.6773651489505405,4,13,fold_1,fold,1
132,C,0.4561475768906349,0.0010258824447918768,0.542826540664573,4,13,fold_1,fold,1
133,A,0.32194159389619903,5.742218364501784e-4,0.6774841842673508,4,13,fold_1,fold,1
133,C,0.4560194921430904,9.558734719322947e-4,0.5430246343849777,4,13,fold_1,fold,1
134,A,0.3218702446149628,5.347234932062286e-4,0.6775950318918301,4,13,fold_1,fold,1
134,C,0.45590018545104494,8.906083856909491e-4,0.5432092061632628,4,13,fold_1,fold,1
135,A,0.3218038053632622,4.979400797134875e-4,0.6776982545570244,4,13,fold_1,fold,1
135,C,0.4557890570708406,8.297702045002222e-4,0.5433811727246588,4,13,fold_1,fold,1
136,A,0.32174193820069774,4.636853902443516e-4,0.6777943764090577,4,13,fold_1,fold,1
136,C,0.4556855479890828,7.730625327517423e-4,0.5435413894781668,4,13,fold_1,fold,1
137,A,0.32168432844233746,4.3178591992243647e-4,0.6778838856377403,4,13,fold_1,fold,1
137,C,0.4555891371895346,7.202083035394402e-4,0.5436906545069267,4,13,fold_1,fold,1
138,A,0.32163068306004894,4.0208000968327445e-4,0.6779672369302677,4,13,fold_1,fold,1
138,C,0.45549933909889995,6.70948587354842e-4,0.543829712313745,4,13,fold_1,fold,1
139,A,0.3215807291933649,3.744170470736191e-4,0.6780448537595615,4,13,fold_1,fold,1
139,C,0.45541570120043595,6.250414647762806e-4,0.543959257334787,4,13,fold_1,fold,1
140,A,0.3215342127624644,3.486567194722985e-4,0.6781171305180631,4,13,fold_1,fold,1
140,C,0.4553378018049461,5.822609610122996e-4,0.5440799372340407,4,13,fold_1,fold,1
141,A,0.3214908971763145,3.2466831652752334e-4,0.6781844345071585,4,13,fold_1,fold,1
141,C,0.45526524796922463,5.423960400845375e-4,0.5441923559906903,4,13,fold_1,fold,1
142,A,0.32145056212947776,3.023300787781835e-4,0.6782471077917437,4,13,fold_1,fold,1
142,C,0.4551976735525539,5.052496563466324e-4,0.5442970767911004,4,13,fold_1,fold,1
143,A,0.3214130024815336,2.815285895675057e-4,0.6783054689288993,4,13,fold_1,fold,1
143,C,0.45513473740243177,4.706378609386833e-4,0.5443946247366295,4,13,fold_1,fold,1
144,A,0.3213780272134598,2.621582075011293e-4,0.6783598145790387,4,13,fold_1,fold,1
144,C,0.45507612166124817,4.3838896072328137e-4,0.5444854893780297,4,13,fold_1,fold,1
145,A,0.321345458455749,2.441205368581946e-4,0.6784104210073931,4,13,fold_1,fold,1
145,C,0.45502153018608,4.0834272725139643e-4,0.5445701270866679,4,13,fold_1,fold,1
146,A,0.3213151305833174,2.273239335193826e-4,0.6784575454831641,4,13,fold_1,fold,1
146,C,0.4549706870743008,3.803496533377587e-4,0.5446489632723623,4,13,fold_1,fold,1
147,A,0.32128688937265615,2.1168304411871828e-4,0.6785014275832257,4,13,fold_1,fold,1
147,C,0.4549233352880698,3.5427025486302826e-4,0.5447223944570668,4,13,fold_1,fold,1
148,A,0.32126059121694556,1.9711837625798476e-4,0.6785422904067968,4,13,fold_1,fold,1
148,C,0.4548792353712654,3.299744154638366e-4,0.5447907902132718,4,13,fold_1,fold,1
149,A,0.32123610239516254,1.8355589775001136e-4,0.6785803417070878,4,13,fold_1,fold,1
149,C,0.4548381642527558,3.073407718289577e-4,0.5448544949754145,4,13,fold_1,fold,1
150,A,0.3212132983914733,1.7092666298145e-4,0.6786157749455453,4,13,fold_1,fold,1
150,C,0.45479991413036097,2.8625613739100133e-4,0.5449138297322483,4,13,fold_1,fold,1
151,A,0.3211920632614696,1.5916646460460834e-4,0.6786487702739262,4,13,fold_1,fold,1
151,C,0.45476429143012753,2.6661496228143306e-4,0.5449690936075918,4,13,fold_1,fold,1
152,A,0.3211722890420166,1.482155088795596e-4,0.6786794954491043,4,13,fold_1,fold,1
152,C,0.45473111583596765,2.483188274977294e-4,0.5450205653365355,4,13,fold_1,fold,1
153,A,0.3211538752017319,0.00013801811308875777,0.6787081066851792,4,13,fold_1,fold,1
153,C,0.4547002193849594,2.3127597130606598e-4,0.5450685046437335,4,13,fold_1,fold,1
154,A,0.3211367281292849,1.2852242356453048e-4,0.6787347494471511,4,13,fold_1,fold,1
154,C,0.4546714456239266,2.1540084602464162e-4,0.5451131535300487,4,13,fold_1,fold,1
155,A,0.32112076065692324,1.1968015293396164e-4,0.6787595591901425,4,13,fold_1,fold,1
155,C,0.45464464882321604,2.006137033587301e-4,0.545154737473425,4,13,fold_1,fold,1
156,A,0.3211058916168209,1.1144633528674962e-4,0.6787826620478922,4,13,fold_1,fold,1
156,C,0.4546196932438719,1.868402065687791e-4,0.5451934665495594,4,13,fold_1,fold,1
157,A,0.32109204542796776,1.0377909807126557e-4,0.67880417547396,4,13,fold_1,fold,1
157,C,0.4545964524545924,1.740110678692825e-4,0.5452295364775387,4,13,fold_1,fold,1
158,A,0.32107915171150475,9.663944958980844e-5,0.6788242088389049,4,13,fold_1,fold,1
158,C,0.45457480869512823,1.6206170951339134e-4,0.5452631295953574,4,13,fold_1,fold,1
159,A,0.32106714493254646,8.999108103498491e-5,0.6788428639864187,4,13,fold_1,fold,1
159,C,0.4545546522830043,1.5093194709321165e-4,0.5452944157699022,4,13,fold_1,fold,1
160,A,0.3210559640666727,8.380018207981138e-5,0.6788602357512477,4,13,fold_1,fold,1
160,C,0.4545358810606464,1.4056569366722494e-4,0.5453235532456872,4,13,fold_1,fold,1
161,A,0.3210455522893892,7.803526910255275e-5,0.6788764124415073,4,13,fold_1,fold,1
161,C,0.4545183998801879,1.3091068340919312e-4,0.5453506894364026,4,13,fold_1,fold,1
162,A,0.3210358566869733,7.266702518902616e-5,0.6788914762878382,4,13,fold_1,fold,1
162,C,0.4545021201234128,1.219182135475916e-4,0.5453759616630401,4,13,fold_1,fold,1
163,A,0.32102682798723037,6.766815111097618e-5,0.6789055038616587,4,13,fold_1,fold,1
163,C,0.4544869592544412,1.1354290343234954e-4,0.5453994978421266,4,13,fold_1,fold,1
164,A,0.3210184203087989,6.30132265318366e-5,0.67891856646467,4,13,fold_1,fold,1
164,C,0.4544728404029643,1.0574246963148561e-4,0.5454214171274031,4,13,fold_1,fold,1
165,A,0.3210105909277142,5.867858074167295e-5,0.6789307304915441,4,13,fold_1,fold,1
165,C,0.4544596919759336,9.847751602550904e-5,0.5454418305080418,4,13,fold_1,fold,1
166,A,0.3210033000600529,5.464217227060663e-5,0.6789420577676756,4,13,fold_1,fold,1
166,C,0.4544474472957895,9.171133793023198e-5,0.5454608413662811,4,13,fold_1,fold,1
167,A,0.32099651065954365,5.0883476773998645e-5,0.6789526058636826,4,13,fold_1,fold,1
167,C,0.45443604426342427,8.540973933738052e-5,0.5454785459972382,4,13,fold_1,fold,1
168,A,0.32099018822911535,4.738338262343673e-5,0.6789624283882618,4,13,fold_1,fold,1
168,C,0.45442542504418976,7.954086241743544e-5,0.5454950340933924,4,13,fold_1,fold,1
169,A,0.3209843006454243,4.4124093675740436e-5,0.6789715752609001,4,13,fold_1,fold,1
169,C,0.454415535775387,7.407502848155584e-5,0.545510389196131,4,13,fold_1,fold,1
170,A,0.3209788179954646,4.108903872804895e-5,0.6789800929658076,4,13,fold_1,fold,1
170,C,0.45440632629377803,6.898458964945691e-5,0.5455246891165719,4,13,fold_1,fold,1
171,A,0.32097371242442846,3.8262787200572645e-5,0.6789880247883716,4,13,fold_1,fold,1
171,C,0.454397749881748,6.424379051750118e-5,0.5455380063277347,4,13,fold_1,fold,1
172,A,0.32096895799404374,3.5630970619802186e-5,0.6789954110353372,4,13,fold_1,fold,1
172,C,0.45438976303085377,5.982863916580516e-5,0.5455504083299797,4,13,fold_1,fold,1
173,A,0.32096453055066493,3.318020950379766e-5,0.6790022892398307,4,13,fold_1,fold,1
173,C,0.45438232522157007,5.571678688457446e-5,0.5455619579915447,4,13,fold_1,fold,1
174,A,0.32096040760244926,3.089804527943383e-5,0.6790086943522703,4,13,fold_1,fold,1
174,C,0.4543753987181228,5.188741604169156e-5,0.5455727138658351,4,13,fold_1,fold,1
175,A,0.3209565682049852,2.8772876885019022e-5,0.6790146589181295,4,13,fold_1,fold,1
175,C,0.4543689483773834,4.832113554710513e-5,0.54558273048707,4,13,fold_1,fold,1
176,A,0.32095299285479706,2.679390173606609e-5,0.6790202132434657,4,13,fold_1,fold,1
176,C,0.45436294147086764,4.499988340614337e-5,0.5455920586457256,4,13,fold_1,fold,1
177,A,0.3209496633901871,2.4951060754982326e-5,0.6790253855490581,4,13,fold_1,fold,1
177,C,0.45435734751893986,4.190683588876878e-5,0.5456007456451705,4,13,fold_1,fold,1
178,A,0.32094656289889273,2.3234987185211938e-5,0.6790302021139222,4,13,fold_1,fold,1
178,C,0.45435213813637737,3.902632287107312e-5,0.5456088355407513,4,13,fold_1,fold,1
179,A,0.3209436756321139,2.1636958929334753e-5,0.6790346874089581,4,13,fold_1,fold,1
179,C,0.4543472868885387,3.634374893394848e-5,0.5456163693625263,4,13,fold_1,fold,1
180,A,0.3209409869244455,2.0148854168547268e-5,0.6790388642213849,4,13,fold_1,fold,1
180,C,0.45434276915739336,3.3845519831250174e-5,0.545623385322776,4,13,fold_1,fold,1
181,A,0.3209384831193384,1.8763110037779788e-5,0.6790427537706246,4,13,fold_1,fold,1
181,C,0.45433856201673894,3.151897396570267e-5,0.5456299190092946,4,13,fold_1,fold,1
182,A,0.3209361514996683,1.747268414624417e-5,0.6790463758161853,4,13,fold_1,fold,1
182,C,0.4543346441159964,2.9352318534782904e-5,0.5456360035654693,4,13,fold_1,fold,1
183,A,0.3209339802231086,1.6271018747568596e-5,0.6790497487581433,4,13,fold_1,fold,1
183,C,0.45433099557195983,2.733457003102579e-5,0.5456416698580089,4,13,fold_1,fold,1
184,A,0.3209319582619338,1.515200737707934e-5,0.6790528897306903,4,13,fold_1,fold,1
184,C,0.45432759786799437,2.5455498802055262e-5,0.5456469466332017,4,13,fold_1,fold,1
185,A,0.32093007534697265,1.4109963786348254e-5,0.6790558146892409,4,13,fold_1,fold,1
185,C,0.45432443376014703,2.3705577395305255e-5,0.545651860662459,4,13,fold_1,fold,1
186,A,0.3209283219154216,1.3139593016837288e-5,0.6790585384915625,4,13,fold_1,fold,1
186,C,0.45432148718969295,2.2075932430830675e-5,0.545656436877877,4,13,fold_1,fold,1
187,A,0.32092668906224125,1.2235964465358042e-5,0.6790610749732935,4,13,fold_1,fold,1
187,C,0.4543187432017118,2.055829976278628e-5,0.5456606984985264,4,13,fold_1,fold,1
188,A,0.32092516849490865,1.1394486804184521e-5,0.679063437018287,4,13,fold_1,fold,1
188,C,0.45431618786922867,1.9144982706164786e-5,0.5456646671480646,4,13,fold_1,fold,1
189,A,0.3209237524912756,1.0610884628086196e-5,0.679065636624097,4,13,fold_1,fold,1
189,C,0.4543138082225844,1.782881312037108e-5,0.5456683629642959,4,13,fold_1,fold,1
190,A,0.3209224338603289,9.881176709344801e-6,0.6790676849629614,4,13,fold_1,fold,1
190,C,0.45431159218363965,1.6603115155234415e-5,0.5456718047012042,4,13,fold_1,fold,1
191,A,0.3209212059056526,9.201655750011514e-6,0.679069592438595,4,13,fold_1,fold,1
191,C,0.45430952850451817,1.546167147817079e-5,0.5456750098240037,4,13,fold_1,fold,1
192,A,0.3209200623914059,8.56886952828719e-6,0.6790713687390669,4,13,fold_1,fold,1
192,C,0.4543076067105375,1.4398691813438133e-5,0.5456779945976507,4,13,fold_1,fold,1
193,A,0.3209189975106305,7.979603342992786e-6,0.6790730228860264,4,13,fold_1,fold,1
193,C,0.4543058170470727,1.3408783635814094e-5,0.5456807741692916,4,13,fold_1,fold,1
194,A,0.3209180058557614,7.430863666774765e-6,0.6790745632805714,4,13,fold_1,fold,1
194,C,0.4543041504300689,1.2486924871822249e-5,0.5456833626450581,4,13,fold_1,fold,1
195,A,0.3209170823911427,6.919862924741502e-6,0.6790759977459323,4,13,fold_1,fold,1
195,C,0.45430259839995263,1.1628438471362445e-5,0.5456857731615757,4,13,fold_1,fold,1
196,A,0.3209162224274482,6.4440053210053335e-6,0.6790773335672304,4,13,fold_1,fold,1
196,C,0.45430115307870655,1.0828968721984552e-5,0.5456880179525718,4,13,fold_1,fold,1
197,A,0.32091542159786085,6.000873640999319e-6,0.6790785775284982,4,13,fold_1,fold,1
197,C,0.45429980712989454,1.0084459186828076e-5,0.545690108410919,4,13,fold_1,fold,1
198,A,0.3209146758358862,5.588216962364577e-6,0.6790797359471518,4,13,fold_1,fold,1
198,C,0.45429855372144295,9.391132155241374e-6,0.5456920551464016,4,13,fold_1,fold,1
199,A,0.3209139813546964,5.20393921182315e-6,0.679080814706092,4,13,fold_1,fold,1
199,C,0.454297386490965,8.745469502614141e-6,0.5456938680395326,4,13,fold_1,fold,1
200,A,0.3209133346278935,4.846088509766319e-6,0.6790818192835966,4,13,fold_1,fold,1
200,C,0.45429629951347844,8.144194863004524e-6,0.5456955562916587,4,13,fold_1,fold,1
201,A,0.320912732371597,4.5128472483135204e-6,0.6790827547811541,4,13,fold_1,fold,1
201,C,0.4542952872713364,7.584257024730074e-6,0.545697128471639,4,13,fold_1,fold,1
202,A,0.32091217152776425,4.202522852336298e-6,0.6790836259493834,4,13,fold_1,fold,1
202,C,0.4542943446262281,7.0628144652162185e-6,0.545698592559307,4,13,fold_1,fold,1
203,A,0.32091164924865534,3.913539176417115e-6,0.6790844372121685,4,13,fold_1,fold,1
203,C,0.45429346679310173,6.577220947092509e-6,0.5456999559859513,4,13,fold_1,fold,1
204,A,0.3209111628823696,3.644428493949622e-6,0.6790851926891368,4,13,fold_1,fold,1
204,C,0.45429264931588004,6.1250121028413365e-6,0.5457012256720174,4,13,fold_1,fold,1
205,A,0.3209107099593776,3.393824037604783e-6,0.6790858962165838,4,13,fold_1,fold,1
205,C,0.4542918880448445,5.70389294026723e-6,0.5457024080622135,4,13,fold_1,fold,1
206,A,0.3209102881799771,3.1604530531986033e-6,0.6790865513669706,4,13,fold_1,fold,1
206,C,0.45429117911557787,5.311726205684653e-6,0.5457035091582163,4,13,fold_1,fold,1
207,A,0.3209098954026114,2.9431303316123937e-6,0.6790871614670575,4,13,fold_1,fold,1
207,C,0.4542905189293462,4.946521546033454e-6,0.5457045345491083,4,13,fold_1,fold,1
208,A,0.3209095296329959,2.740752185851408e-6,0.6790877296148182,4,13,fold_1,fold,1
208,C,0.45428990413483616,4.606425415147703e-6,0.5457054894397491,4,13,fold_1,fold,1
209,A,0.32090918901398774,2.552290842593851e-6,0.679088258695169,4,13,fold_1,fold,1
209,C,0.4542893316111469,4.2897116731475625e-6,0.5457063786771796,4,13,fold_1,fold,1
210,A,0.3209088718161547,2.3767892196940395e-6,0.6790887513946269,4,13,fold_1,fold,1
210,C,0.45428879845194703,3.994772831415002e-6,0.5457072067752209,4,13,fold_1,fold,1
211,A,0.32090857642899084,2.2133560630691944e-6,0.6790892102149457,4,13,fold_1,fold,1
211,C,0.45428830195072556,3.7201118988679127e-6,0.5457079779373747,4,13,fold_1,fold,1
212,A,0.3209083013527395,2.0611614182295953e-6,0.6790896374858413,4,13,fold_1,fold,1
212,C,0.4542878395870525,3.4643347882784447e-6,0.545708696078159,4,13,fold_1,fold,1
213,A,0.3209080451907768,1.919432413414836e-6,0.6790900353768109,4,13,fold_1,fold,1
213,C,0.4542874090137862,3.226143244204316e-6,0.5457093648429692,4,13,fold_1,fold,1
214,A,0.32090780664251506,1.7874493328892893e-06,0.6790904059081511,4,13,fold_1,fold,1
214,C,0.45428700804516065,3.0043282567412324e-6,0.5457099876265821,4,13,fold_1,fold,1
215,A,0.3209075844968064,1.6645419604209875e-6,0.6790907509612331,4,13,fold_1,fold,1
215,C,0.45428663464568997,2.797763927744711e-6,0.5457105675903825,4,13,fold_1,fold,1
216,A,0.32090737762578436,1.5500861743459963e-6,0.6790910722880416,4,13,fold_1,fold,1
216,C,0.454286286919836,2.6054017584596004e-6,0.5457111076784048,4,13,fold_1,fold,1
217,A,0.3209071849791384,1.4435007769044932e-6,0.6790913715200844,4,13,fold_1,fold,1
217,C,0.45428596310238867,2.426265329631467e-6,0.5457116106322811,4,13,fold_1,fold,1
218,A,0.32090700557878377,1.3442445417242808e-6,0.6790916501766737,4,13,fold_1,fold,1
218,C,0.45428566154950434,2.2594453471515924e-6,0.5457120790051488,4,13,fold_1,fold,1
219,A,0.32090683851389257,1.2518134644373898e-6,0.6790919096726428,4,13,fold_1,fold,1
219,C,0.4542853807303594,2.1040950281341705e-6,0.5457125151746129,4,13,fold_1,fold,1
220,A,0.32090668293626723,1.1657382024492002e-6,0.6790921513255307,4,13,fold_1,fold,1
220,C,0.45428511921938347,1.959425804046058e-6,0.5457129213548118,4,13,fold_1,fold,1
221,A,0.3209065380560351,1.0855816908429461e-6,0.6790923763622737,4,13,fold_1,fold,1
221,C,0.45428487568902237,1.8247033191146446e-6,0.5457132996076589,4,13,fold_1,fold,1
222,A,0.3209064031376385,1.0109369222986755e-6,0.6790925859254391,4,13,fold_1,fold,1
222,C,0.45428464890299647,1.6992437037334499e-6,0.5457136518532996,4,13,fold_1,fold,1
223,A,0.3209062774960979,9.414248797400434e-7,0.6790927810790226,4,13,fold_1,fold,1
223,C,0.4542844377100282,1.582410103976139e-6,0.5457139798798674,4,13,fold_1,fold,1
224,A,0.3209061604935345,8.766926111991309e-7,0.6790929628138547,4,13,fold_1,fold,1
224,C,0.4542842410379956,1.4736094496255375e-6,0.5457142853525553,4,13,fold_1,fold,1
225,A,0.32090605153593166,8.164114371130263e-7,0.6790931320526308,4,13,fold_1,fold,1
225,C,0.4542840578884916,1.3722894443318228e-6,0.5457145698220627,4,13,fold_1,fold,1
226,A,0.3209059500701191,7.602752809396987e-7,0.6790932896546004,4,13,fold_1,fold,1
226,C,0.45428388733175784,1.2779357626392558e-6,0.5457148347324801,4,13,fold_1,fold,1
227,A,0.32090585558096146,7.079991146079721e-7,0.679093436419924,4,13,fold_1,fold,1
227,C,0.4542837285019573,1.190069439668336e-6,0.5457150814286041,4,13,fold_1,fold,1
228,A,0.3209057675887474,6.593175109004188e-7,0.6790935730937425,4,13,fold_1,fold,1
228,C,0.45428358059278645,1.1082444402161519e-6,0.5457153111627724,4,13,fold_1,fold,1
229,A,0.32090568564674904,6.139832954117952e-7,0.679093700369956,4,13,fold_1,fold,1
229,C,0.4542834428533829,1.0320453949465097e-6,0.545715525101221,4,13,fold_1,fold,1
230,A,0.32090560933895723,5.71766291232056e-7,0.6790938188947521,4,13,fold_1,fold,1
230,C,0.4542833145845067,9.610854921880543e-7,0.54571572433,4,13,fold_1,fold,1
231,A,0.3209055382779679,5.324521499744957e-7,0.6790939292698819,4,13,fold_1,fold,1
231,C,0.4542831951349971,8.950045146472436e-7,0.5457159098604878,4,13,fold_1,fold,1
232,A,0.32090547210301523,4.958412632086602e-7,0.6790940320557223,4,13,fold_1,fold,1
232,C,0.4542830838984628,8.334670110774183e-7,0.5457160826345258,4,13,fold_1,fold,1
233,A,0.32090541047813836,4.61747748766376e-7,0.6790941277741125,4,13,fold_1,fold,1
233,C,0.45428298031020914,7.761605936291824e-7,0.5457162435291996,4,13,fold_1,fold,1
234,A,0.32090535309047885,4.299985067701794e-7,0.6790942169110129,4,13,fold_1,fold,1
234,C,0.45428288384436094,7.227943522448207e-7,0.545716393361286,4,13,fold_1,fold,1
235,A,0.32090529964869147,4.004323405875205e-7,0.6790942999189679,4,13,fold_1,fold,1
235,C,0.4542827940112087,6.730973780522026e-7,0.5457165328914124,4,13,fold_1,fold,1
236,A,0.32090524988146074,3.7289913824431994e-7,0.6790943772194002,4,13,fold_1,fold,1
236,C,0.45428271035470924,6.26817388266448e-7,0.5457166628279023,4,13,fold_1,fold,1
237,A,0.32090520353612945,3.472591101389775e-7,0.6790944492047597,4,13,fold_1,fold,1
237,C,0.4542826324501763,5.837194456228805e-7,0.5457167838303799,4,13,fold_1,fold,1
238,A,0.3209051603774126,3.2338207918395184e-7,0.6790945162405095,4,13,fold_1,fold,1
238,C,0.4542825599021198,5.435847658437345e-7,0.5457168965131144,4,13,fold_1,fold,1
239,A,0.32090512018620154,3.0114681976849406e-7,0.6790945786669786,4,13,fold_1,fold,1
239,C,0.4542824923422479,5.062096070874923e-7,0.5457170014481448,4,13,fold_1,fold,1
240,A,0.32090508275845625,2.804404421842709e-7,0.6790946368011016,4,13,fold_1,fold,1
240,C,0.45428242942758895,4.714042357455839e-7,0.5457170991681756,4,13,fold_1,fold,1
241,A,0.32090504790416413,2.611578193866796e-7,0.6790946909380167,4,13,fold_1,fold,1
241,C,0.45428237083875256,4.389919633384697e-7,0.5457171901692853,4,13,fold_1,fold,1
242,A,0.32090501544637934,2.4320105317986164e-7,0.6790947413525681,4,13,fold_1,fold,1
242,C,0.4542823162783072,4.0880824962381596e-7,0.5457172749134435,4,13,fold_1,fold,1
243,A,0.3209049852203212,2.264789771137097e-7,0.6790947883007012,4,13,fold_1,fold,1
243,C,0.4542822654692743,3.8069986736529027e-7,0.5457173538308578,4,13,fold_1,fold,1
244,A,0.32090495707253985,2.1090669356775014e-7,0.679094832020765,4,13,fold_1,fold,1
244,C,0.45428221815371883,3.545241245232951e-7,0.5457174273221571,4,13,fold_1,fold,1
245,A,0.32090493086013844,1.9640514267047396e-7,0.6790948727347195,4,13,fold_1,fold,1
245,C,0.4542821740914383,3.3014813992027006e-7,0.5457174957604206,4,13,fold_1,fold,1
246,A,0.32090490645004116,1.8290070086448193e-7,0.6790949106492572,4,13,fold_1,fold,1
246,C,0.45428213305875104,3.074481687045395e-7,0.545717559493082,4,13,fold_1,fold,1
247,A,0.32090488371832654,1.7032480707843435e-7,0.6790949459568666,4,13,fold_1,fold,1
247,C,0.45428209484734644,2.86308974189283e-7,0.5457176188436789,4,13,fold_1,fold,1
248,A,0.32090486254959205,1.5861361460705882e-7,0.6790949788367933,4,13,fold_1,fold,1
248,C,0.4542820592632458,2.6662324287858646e-7,0.5457176741135105,4,13,fold_1,fold,1
249,A,0.32090484283636955,1.4770766693108847e-7,0.6790950094559629,4,13,fold_1,fold,1
249,C,0.4542820261258015,2.482910397115715e-7,0.5457177255831572,4,13,fold_1,fold,1
250,A,0.32090482447858154,1.3755159583062685e-7,0.6790950379698221,4,13,fold_1,fold,1
250,C,0.4542819952667907,2.312193007597503e-7,0.5457177735139082,4,13,fold_1,fold,1
251,A,0.32090480738303145,1.280938402586954e-7,0.679095064523129,4,13,fold_1,fold,1
251,C,0.4542819665295537,2.1532136080276524e-7,0.5457178181490854,4,13,fold_1,fold,1
252,A,0.3209047914629289,1.192863845471916e-7,0.6790950892506858,4,13,fold_1,fold,1
252,C,0.4542819397682043,2.005165133846851e-7,0.5457178597152819,4,13,fold_1,fold,1
253,A,0.32090477663745437,1.1108451461568591e-7,0.6790951122780308,4,13,fold_1,fold,1
253,C,0.4542819148468856,1.8672960111783728e-7,0.5457178984235126,4,13,fold_1,fold,1
254,A,0.3209047628313429,1.0344659094495314e-7,0.6790951337220668,4,13,fold_1,fold,1
254,C,0.45428189163908356,1.7389063415469625e-7,0.5457179344702806,4,13,fold_1,fold,1
255,A,0.3209047499745029,9.633383609166734e-8,0.6790951536916607,4,13,fold_1,fold,1
255,C,0.4542818700269793,1.6193443309155898e-7,0.5457179680385881,4,13,fold_1,fold,1
256,A,0.3209047380016447,8.971012870340648e-8,0.6790951722882262,4,13,fold_1,fold,1
256,C,0.45428184990082093,1.5080028279341758e-7,0.5457179992988962,4,13,fold_1,fold,1
257,A,0.32090472685198185,8.354183930936041e-8,0.6790951896061782,4,13,fold_1,fold,1
257,C,0.45428183115843085,1.4043165642125007e-7,0.5457180284099125,4,13,fold_1,fold,1
258,A,0.32090471646892893,7.779766233709817e-8,0.6790952057334098,4,13,fold_1,fold,1
258,C,0.45428181370469045,1.3077593311422814e-7,0.5457180555193754,4,13,fold_1,fold,1
259,A,0.32090470679979005,7.244844469628546e-8,0.6790952207517661,4,13,fold_1,fold,1
259,C,0.45428179745102254,1.2178410990060082e-7,0.5457180807648673,4,13,fold_1,fold,1
260,A,0.3209046977956316,6.746711461560541e-8,0.6790952347372526,4,13,fold_1,fold,1
260,C,0.45428178231517086,1.1341068211126013e-7,0.5457181042741475,4,13,fold_1,fold,1
261,A,0.32090468941095374,6.282849928960143e-8,0.6790952477605477,4,13,fold_1,fold,1
261,C,0.4542817682206505,1.0561333689133786e-7,0.5457181261660138,4,13,fold_1,fold,1
262,A,0.3209046816030066,5.8508948356231447e-8,0.6790952598880452,4,13,fold_1,fold,1
262,C,0.4542817550956012,9.835232035443238e-8,0.5457181465520793,4,13,fold_1,fold,1
263,A,0.32090467433196074,5.448642697021958e-8,0.6790952711816117,4,13,fold_1,fold,1
263,C,0.45428174287307244,9.159059403084807e-8,0.5457181655363333,4,13,fold_1,fold,1
264,A,0.3209046675550675,5.073728430427949e-8,0.6790952817076488,4,13,fold_1,fold,1
264,C,0.4542817314812026,8.528840301201112e-8,0.5457181832303941,4,13,fold_1,fold,1
265,A,0.32090466124054334,4.724393729852843e-8,0.6790952915155197,4,13,fold_1,fold,1
265,C,0.45428172086656776,7.941619166500569e-8,0.54571819971724,4,13,fold_1,fold,1
266,A,0.32090465535924056,4.399025993631426e-8,0.6790953006504995,4,13,fold_1,fold,1
266,C,0.45428171098016806,7.394685345468435e-8,0.5457182150729781,4,13,fold_1,fold,1
267,A,0.3209046500715312,4.106497455618121e-8,0.6790953088634949,4,13,fold_1,fold,1
267,C,0.4542817020915888,6.902952720315483e-8,0.5457182288788838,4,13,fold_1,fold,1
268,A,0.3209046451354453,3.8334216789108533e-8,0.6790953165303374,4,13,fold_1,fold,1
268,C,0.4542816937940839,6.443919371480561e-8,0.5457182417667227,4,13,fold_1,fold,1
269,A,0.3209046405276011,3.5785050743510223e-8,0.6790953236873489,4,13,fold_1,fold,1
269,C,0.4542816860483468,6.015410861914432e-8,0.5457182537975446,4,13,fold_1,fold,1
270,A,0.3209046362261711,3.34054007584737e-8,0.6790953303684284,4,13,fold_1,fold,1
270,C,0.45428167881768744,5.615397349923094e-8,0.545718265028339,4,13,fold_1,fold,1
271,A,0.3209046322107785,3.118399419789316e-8,0.6790953366052268,4,13,fold_1,fold,1
271,C,0.4542816720678542,5.24198397407357e-8,0.5457182755123073,4,13,fold_1,fold,1
272,A,0.3209046284624032,2.9110308049134812e-8,0.6790953424272884,4,13,fold_1,fold,1
272,C,0.4542816657668711,4.893401877313307e-8,0.5457182852991105,4,13,fold_1,fold,1
273,A,0.32090462496328875,2.7174519072969836e-8,0.6790953478621927,4,13,fold_1,fold,1
273,C,0.45428165988489144,4.5679998279617867e-8,0.5457182944351104,4,13,fold_1,fold,1
274,A,0.3209046216968587,2.5367457268603546e-8,0.6790953529356843,4,13,fold_1,fold,1
274,C,0.454281654394053,4.2642363978846374e-8,0.5457183029635829,4,13,fold_1,fold,1
275,A,0.3209046186476413,2.368056243333616e-8,0.6790953576717959,4,13,fold_1,fold,1
275,C,0.45428164926834474,3.980672660799253e-8,0.5457183109249283,4,13,fold_1,fold,1
276,A,0.32090461580119173,2.210584361105263e-8,0.6790953620929661,4,13,fold_1,fold,1
276,C,0.4542816444834866,3.71596537612476e-8,0.545718318356859,4,13,fold_1,fold,1
277,A,0.32090461314402546,2.063584123742601e-8,0.6790953662201327,4,13,fold_1,fold,1
277,C,0.45428164001681365,3.468860626089264e-8,0.5457183252945803,4,13,fold_1,fold,1
278,A,0.3209046106635568,1.9263591802496694e-8,0.6790953700728519,4,13,fold_1,fold,1
278,C,0.45428163584716547,3.2381878759539274e-8,0.5457183317709566,4,13,fold_1,fold,1
279,A,0.32090460834803436,1.7982594863214608e-8,0.6790953736693708,4,13,fold_1,fold,1
279,C,0.4542816319547907,3.022854429218075e-8,0.5457183378166647,4,13,fold_1,fold,1
280,A,0.3209046061864904,1.6786782249667497e-8,0.6790953770267267,4,13,fold_1,fold,1
280,C,0.4542816283212523,2.8218402515399495e-8,0.545718343460346,4,13,fold_1,fold,1
281,A,0.32090460416868544,1.5670489319110363e-8,0.6790953801608252,4,13,fold_1,fold,1
281,C,0.45428162492933744,2.634193138854801e-8,0.5457183487287319,4,13,fold_1,fold,1
282,A,0.32090460228506135,1.4628428121612934e-8,0.67909538308651,4,13,fold_1,fold,1
282,C,0.45428162176297815,2.459024206801993e-8,0.5457183536467806,4,13,fold_1,fold,1
283,A,0.3209046005266946,1.3655662350200033e-8,0.6790953858176434,4,13,fold_1,fold,1
283,C,0.4542816188071759,2.2955036800949423e-8,0.5457183582377879,4,13,fold_1,fold,1
284,A,0.3209045988852564,1.2747583956812305e-8,0.6790953883671597,4,13,fold_1,fold,1
284,C,0.45428161604792894,2.14285696188858e-8,0.5457183625235015,4,13,fold_1,fold,1
285,A,0.32090459735297056,1.1899891323308825e-8,0.679095390747138,4,13,fold_1,fold,1
285,C,0.45428161347216617,2.0003609645250895e-8,0.5457183665242225,4,13,fold_1,fold,1
286,A,0.3209045959225793,1.1108568884098457e-8,0.6790953929688525,4,13,fold_1,fold,1
286,C,0.45428161106768866,1.8673406842770712e-8,0.545718370258905,4,13,fold_1,fold,1
287,A,0.320904594587306,1.0369868105349568e-8,0.6790953950428246,4,13,fold_1,fold,1
287,C,0.4542816088231033,1.7431660062979657e-8,0.5457183737452365,4,13,fold_1,fold,1
288,A,0.320904593340827,9.680289723568342e-9,0.6790953969788835,4,13,fold_1,fold,1
288,C,0.45428160672777795,1.6272487122250516e-8,0.545718376999734,4,13,fold_1,fold,1
289,A,0.3209045921772362,9.03656717283764e-9,0.679095398786198,4,13,fold_1,fold,1
289,C,0.4542816047717899,1.5190397015201085e-8,0.5457183800378136,4,13,fold_1,fold,1
290,A,0.3209045910910219,8.435651109718806e-9,0.6790954004733274,4,13,fold_1,fold,1
290,C,0.4542816029458704,1.4180263878597443e-8,0.5457183828738659,4,13,fold_1,fold,1
291,A,0.3209045900770388,7.874694968128817e-9,0.6790954020482665,4,13,fold_1,fold,1
291,C,0.4542816012413705,1.3237302709313627e-8,0.5457183855213263,4,13,fold_1,fold,1
292,A,0.320904589130484,7.351041474844569e-9,0.6790954035184745,4,13,fold_1,fold,1
292,C,0.45428159965021686,1.2357046697803932e-8,0.5457183879927358,4,13,fold_1,fold,1
293,A,0.3209045882468733,6.862210061720034e-9,0.6790954048909164,4,13,fold_1,fold,1
293,C,0.45428159816487235,1.15353260688527e-8,0.5457183902998013,4,13,fold_1,fold,1
294,A,0.32090458742202094,6.405885114984406e-9,0.679095406172093,4,13,fold_1,fold,1
294,C,0.45428159677830027,1.076824832937041e-8,0.5457183924534507,4,13,fold_1,fold,1
295,A,0.32090458665202054,5.979905005955253e-9,0.6790954073680744,4,13,fold_1,fold,1
295,C,0.45428159548393354,1.0052179829671421e-8,0.5457183944638879,4,13,fold_1,fold,1
296,A,0.32090458593322335,5.58225185120223e-9,0.6790954084845244,4,13,fold_1,fold,1
296,C,0.4542815942756387,9.383728550888907e-9,0.5457183963406332,4,13,fold_1,fold,1
297,A,0.3209045852622253,5.211041953653083e-9,0.679095409526734,4,13,fold_1,fold,1
297,C,0.45428159314769306,8.759728036992597e-9,0.5457183980925782,4,13,fold_1,fold,1
298,A,0.32090458463584653,4.864516879358941e-9,0.6790954104996368,4,13,fold_1,fold,1
298,C,0.4542815920947552,8.177222395294624e-9,0.5457183997280233,4,13,fold_1,fold,1
299,A,0.3209045840511211,4.54103512764806e-9,0.6790954114078434,4,13,fold_1,fold,1
299,C,0.4542815911118345,7.633452294392073e-9,0.5457184012547138,4,13,fold_1,fold,1
300,A,0.32090458350527895,4.239064355207128e-9,0.679095412255656,4,13,fold_1,fold,1
300,C,0.4542815901942767,7.125841893218579e-9,0.5457184026798825,4,13,fold_1,fold,1
301,A,0.3209045829957344,3.957174117254776e-9,0.6790954130470915,4,13,fold_1,fold,1
301,C,0.45428158933773477,6.651986639288065e-9,0.5457184040102792,4,13,fold_1,fold,1
302,A,0.3209045825200739,3.6940290914202437e-9,0.6790954137858962,4,13,fold_1,fold,1
302,C,0.45428158853814965,6.2096418783313444e-9,0.5457184052522065,4,13,fold_1,fold,1
303,A,0.32090458207604355,3.4483827522277977e-9,0.6790954144755739,4,13,fold_1,fold,1
303,C,0.45428158779173794,5.796712221369458e-9,0.54571840641155,4,13,fold_1,fold,1
304,A,0.3209045816615403,3.2190714662216667e-9,0.6790954151193881,4,13,fold_1,fold,1
304,C,0.45428158709496036,5.41124161885597e-9,0.5457184074937982,4,13,fold_1,fold,1
305,A,0.32090458127460125,3.0050089797591376e-9,0.6790954157203896,4,13,fold_1,fold,1
305,C,0.45428158644451727,5.051404094869382e-9,0.5457184085040793,4,13,fold_1,fold,1
306,A,0.3209045809133928,2.8051812733595913e-9,0.6790954162814268,4,13,fold_1,fold,1
306,C,0.4542815858373277,4.7154950974638065e-9,0.5457184094471786,4,13,fold_1,fold,1
307,A,0.32090458057620386,2.6186417571670776e-9,0.6790954168051545,4,13,fold_1,fold,1
307,C,0.45428158527051393,4.401923423737355e-9,0.5457184103275621,4,13,fold_1,fold,1
308,A,0.3209045802614375,2.444506790215328e-9,0.6790954172940563,4,13,fold_1,fold,1
308,C,0.45428158474139285,4.109203683741167e-9,0.5457184111494039,4,13,fold_1,fold,1
309,A,0.32090457996760235,2.281951491171623e-9,0.6790954177504462,4,13,fold_1,fold,1
309,C,0.4542815842474582,3.8359492627232264e-9,0.5457184119165938,4,13,fold_1,fold,1
310,A,0.32090457969330716,2.130205831942904e-9,0.6790954181764877,4,13,fold_1,fold,1
310,C,0.45428158378636696,3.5808657532045342e-9,0.5457184126327654,4,13,fold_1,fold,1
311,A,0.3209045794372517,1.9885509900517403e-9,0.6790954185741973,4,13,fold_1,fold,1
311,C,0.45428158335594,3.3427448233843767e-9,0.545718413301316,4,13,fold_1,fold,1
312,A,0.32090457919822313,1.8563159435392291e-9,0.6790954189454605,4,13,fold_1,fold,1
312,C,0.4542815829541342,3.1204584932697286e-9,0.5457184139254072,4,13,fold_1,fold,1
313,A,0.32090457897509034,1.7328742923025047e-9,0.6790954192920354,4,13,fold_1,fold,1
313,C,0.4542815825790484,2.912953791431292e-9,0.5457184145079983,4,13,fold_1,fold,1
314,A,0.32090457876679485,1.6176412908092047e-9,0.6790954196155633,4,13,fold_1,fold,1
314,C,0.4542815822289043,2.7192477670749122e-9,0.545718415051848,4,13,fold_1,fold,1
315,A,0.3209045785723515,1.5100710781324871e-9,0.6790954199175777,4,13,fold_1,fold,1
315,C,0.454281581902046,2.5384228338008585e-9,0.5457184155595327,4,13,fold_1,fold,1
316,A,0.32090457839083714,1.409654092184992e-9,0.6790954201995081,4,13,fold_1,fold,1
316,C,0.4542815815969208,2.3696224229941977e-9,0.5457184160334566,4,13,fold_1,fold,1
317,A,0.320904578221394,1.3159146559027078e-9,0.6790954204626911,4,13,fold_1,fold,1
317,C,0.45428158131208685,2.212046926256532e-9,0.5457184164758667,4,13,fold_1,fold,1
318,A,0.32090457806321787,1.2284087239442472e-9,0.6790954207083731,4,13,fold_1,fold,1
318,C,0.4542815810461943,2.0649499076582635e-9,0.5457184168888557,4,13,fold_1,fold,1
319,A,0.3209045779155602,1.1467217792314719e-9,0.6790954209377171,4,13,fold_1,fold,1
319,C,0.45428158079798237,1.927634567868989e-9,0.5457184172743829,4,13,fold_1,fold,1
320,A,0.3209045777777214,1.0704668693671316e-9,0.6790954211518103,4,13,fold_1,fold,1
320,C,0.4542815805662771,1.7994504434164852e-9,0.5457184176342732,4,13,fold_1,fold,1
321,A,0.3209045776490493,9.992827736279166e-10,0.6790954213516679,4,13,fold_1,fold,1
321,C,0.45428158034997834,1.6797903254387893e-9,0.54571841797023,4,13,fold_1,fold,1
322,A,0.32090457752893325,9.328322918497806e-10,0.6790954215382347,4,13,fold_1,fold,1
322,C,0.4542815801480632,1.5680873833334357e-9,0.5457184182838475,4,13,fold_1,fold,1
323,A,0.32090457741680506,8.708006470998687e-10,0.6790954217123948,4,13,fold_1,fold,1
323,C,0.4542815799595763,1.4638124796785918e-9,0.5457184185766109,4,13,fold_1,fold,1
324,A,0.32090457731213273,8.128939945683692e-10,0.679095421874973,4,13,fold_1,fold,1
324,C,0.45428157978362366,1.3664716637069188e-9,0.5457184188499055,4,13,fold_1,fold,1
325,A,0.320904577214421,7.588380296168106e-10,0.6790954220267408,4,13,fold_1,fold,1
325,C,0.4542815796193701,1.2756038314586924e-9,0.5457184191050262,4,13,fold_1,fold,1
326,A,0.3209045771232072,7.083766883890271e-10,0.6790954221684153,4,13,fold_1,fold,1
326,C,0.4542815794660392,1.190778541530347e-9,0.5457184193431809,4,13,fold_1,fold,1
327,A,0.32090457703805936,6.61270934613251e-10,0.679095422300671,4,13,fold_1,fold,1
327,C,0.4542815793229049,1.1115939753510978e-9,0.5457184195655009,4,13,fold_1,fold,1
328,A,0.32090457695857244,6.172976279409127e-10,0.6790954224241292,4,13,fold_1,fold,1
328,C,0.45428157918928985,1.037675035997163e-9,0.5457184197730365,4,13,fold_1,fold,1
329,A,0.32090457688437235,5.762484662618696e-10,0.6790954225393805,4,13,fold_1,fold,1
329,C,0.45428157906455807,9.686715690775916e-10,0.5457184199667694,4,13,fold_1,fold,1
330,A,0.32090457681510565,5.37928999183718e-10,0.6790954226469651,4,13,fold_1,fold,1
330,C,0.4542815789481223,9.042567047940994e-10,0.5457184201476208,4,13,fold_1,fold,1
331,A,0.32090457675044526,5.021577069228617e-10,0.6790954227473969,4,13,fold_1,fold,1
331,C,0.45428157883942755,8.441253095827843e-10,0.5457184203164456,4,13,fold_1,fold,1
332,A,0.32090457669008554,4.687651404410457e-10,0.6790954228411495,4,13,fold_1,fold,1
332,C,0.4542815787379628,7.879925406950393e-10,0.5457184204740451,4,13,fold_1,fold,1
333,A,0.3209045766337385,4.3759311876144125e-10,0.6790954229286679,4,13,fold_1,fold,1
333,C,0.4542815786432442,7.355924968960946e-10,0.5457184206211635,4,13,fold_1,fold,1
334,A,0.3209045765811388,4.0849397966190864e-10,0.6790954230103675,4,13,fold_1,fold,1
334,C,0.4542815785548244,6.866769588896206e-10,0.5457184207584984,4,13,fold_1,fold,1
335,A,0.32090457653203713,3.813298801959265e-10,0.6790954230866338,4,13,fold_1,fold,1
335,C,0.4542815784722839,6.410142135017181e-10,0.5457184208867011,4,13,fold_1,fold,1
336,A,0.32090457648619986,3.5597214372774044e-10,0.6790954231578267,4,13,fold_1,fold,1
336,C,0.4542815783952323,5.983879560544792e-10,0.5457184210063786,4,13,fold_1,fold,1
337,A,0.32090457644341175,3.323006503885888e-10,0.6790954232242886,4,13,fold_1,fold,1
337,C,0.4542815783233053,5.585962657296618e-10,0.5457184211180982,4,13,fold_1,fold,1
338,A,0.32090457640346853,3.102032680665745e-10,0.679095423286329,4,13,fold_1,fold,1
338,C,0.45428157825616083,5.214506490687627e-10,0.5457184212223886,4,13,fold_1,fold,1
339,A,0.32090457636618114,2.895753212347671e-10,0.6790954233442443,4,13,fold_1,fold,1
339,C,0.45428157819348086,4.867751470785493e-10,0.5457184213197434,4,13,fold_1,fold,1
340,A,0.32090457633137354,2.7031909510133764e-10,0.6790954233983071,4,13,fold_1,fold,1
340,C,0.4542815781349691,4.5440550171241736e-10,0.5457184214106245,4,13,fold_1,fold,1
341,A,0.3209045762988809,2.5234337273287575e-10,0.6790954234487766,4,13,fold_1,fold,1
341,C,0.45428157808034936,4.2418837777917156e-10,0.5457184214954621,4,13,fold_1,fold,1
342,A,0.32090457626854824,2.3556300295822533e-10,0.679095423495889,4,13,fold_1,fold,1
342,C,0.4542815780293611,3.9598063659342815e-10,0.5457184215746588,4,13,fold_1,fold,1
343,A,0.32090457624023316,2.1989849700597572e-10,0.6790954235398677,4,13,fold_1,fold,1
343,C,0.4542815779817635,3.6964865792692133e-10,0.5457184216485883,4,13,fold_1,fold,1
344,A,0.3209045762138004,2.0527565196487896e-10,0.6790954235809227,4,13,fold_1,fold,1
344,C,0.45428157793733115,3.4506770704876734e-10,0.5457184217176015,4,13,fold_1,fold,1
345,A,0.3209045761891263,1.9162519928349495e-10,0.6790954236192482,4,13,fold_1,fold,1
345,C,0.4542815778958528,3.221213438563907e-10,0.5457184217820263,4,13,fold_1,fold,1
346,A,0.32090457616609247,1.7888247664401386e-10,0.6790954236550245,4,13,fold_1,fold,1
346,C,0.45428157785713325,3.0070087129813233e-10,0.545718421842166,4,13,fold_1,fold,1
347,A,0.3209045761445906,1.6698712173199758e-10,0.6790954236884228,4,13,fold_1,fold,1
347,C,0.45428157782098727,2.8070482059348936e-10,0.5457184218983067,4,13,fold_1,fold,1
348,A,0.32090457612451845,1.5588278606380204e-10,0.6790954237196001,4,13,fold_1,fold,1
348,C,0.45428157778724704,2.620384702079498e-10,0.5457184219507144,4,13,fold_1,fold,1
349,A,0.3209045761057808,1.4551686830327945e-10,0.6790954237487031,4,13,fold_1,fold,1
349,C,0.4542815777557496,2.446133975306487e-10,0.545718421999638,4,13,fold_1,fold,1
350,A,0.3209045760882894,1.358402650103027e-10,0.6790954237758703,4,13,fold_1,fold,1
350,C,0.4542815777263457,2.2834705989436932e-10,0.5457184220453067,4,13,fold_1,fold,1
351,A,0.3209045760719607,1.2680713803443e-10,0.6790954238012322,4,13,fold_1,fold,1
351,C,0.4542815776988996,2.1316240356630223e-10,0.5457184220879396,4,13,fold_1,fold,1
352,A,0.3209045760567187,1.18374697378986e-10,0.679095423824907,4,13,fold_1,fold,1
352,C,0.4542815776732756,1.9898749874407124e-10,0.5457184221277361,4,13,fold_1,fold,1
353,A,0.3209045760424893,1.1050299850430048e-10,0.679095423847007,4,13,fold_1,fold,1
353,C,0.45428157764935745,1.8575519882386043e-10,0.5457184221648875,4,13,fold_1,fold,1
354,A,0.3209045760292073,1.0315475310992517e-10,0.679095423867638,4,13,fold_1,fold,1
354,C,0.4542815776270289,1.734028223265674e-10,0.5457184221995686,4,13,fold_1,fold,1
355,A,0.32090457601680716,9.629515249949919e-11,0.6790954238868969,4,13,fold_1,fold,1
355,C,0.45428157760618465,1.6187185597528678e-10,0.5457184222319423,4,13,fold_1,fold,1
356,A,0.320904576005233,8.989170269154228e-11,0.6790954239048755,4,13,fold_1,fold,1
356,C,0.45428157758672755,1.5110767751758532e-10,0.545718422262164,4,13,fold_1,fold,1
357,A,0.3209045759944276,8.39140704950851e-11,0.6790954239216583,4,13,fold_1,fold,1
357,C,0.4542815775685645,1.4105929697958653e-10,0.5457184222903767,4,13,fold_1,fold,1
358,A,0.3209045759843407,7.833393982100163e-11,0.6790954239373256,4,13,fold_1,fold,1
358,C,0.4542815775516086,1.316791151261764e-10,0.5457184223167111,4,13,fold_1,fold,1
359,A,0.32090457597492505,7.312487754838122e-11,0.6790954239519504,4,13,fold_1,fold,1
359,C,0.4542815775357813,1.2292269798316028e-10,0.545718422341297,4,13,fold_1,fold,1
360,A,0.32090457596613475,6.826220831054795e-11,0.6790954239656012,4,13,fold_1,fold,1
360,C,0.4542815775210053,1.1474856635327597e-10,0.545718422364247,4,13,fold_1,fold,1
361,A,0.3209045759579297,6.372289760758925e-11,0.6790954239783471,4,13,fold_1,fold,1
361,C,0.45428157750721226,1.0711799932900612e-10,0.5457184223856701,4,13,fold_1,fold,1
362,A,0.32090457595027044,5.948544269168972e-11,0.6790954239902443,4,13,fold_1,fold,1
362,C,0.4542815774943361,9.999485087142019e-11,0.5457184224056687,4,13,fold_1,fold,1
363,A,0.32090457594312005,5.5529770708397494e-11,0.6790954240013508,4,13,fold_1,fold,1
363,C,0.4542815774823172,9.334537858618645e-11,0.545718422424338,4,13,fold_1,fold,1
364,A,0.320904575936445,5.183714361131349e-11,0.6790954240117179,4,13,fold_1,fold,1
364,C,0.4542815774710962,8.713808388566092e-11,0.5457184224417653,4,13,fold_1,fold,1
365,A,0.3209045759302143,4.839006939978273e-11,0.6790954240213954,4,13,fold_1,fold,1
365,C,0.4542815774606229,8.134356277990135e-11,0.5457184224580349,4,13,fold_1,fold,1
0,A,0.9990000000000003,0.0010000000000000005,0,5,13,fold_1,fold,1
0,C,0.9989999999999999,0.0010000000000000002,0,5,13,fold_1,fold,1
1,A,0.9985200415006533,0.0012549866555627211,2.2497184378378855e-4,5,13,fold_1,fold,1
1,C,0.9986815658167771,0.0011077871635339557,2.1064701968979705e-4,5,13,fold_1,fold,1
2,A,0.9979548146021021,0.0015410477399420122,5.04137657956335e-4,5,13,fold_1,fold,1
2,C,0.9983322528878269,0.0012240458588813413,4.4370125329421857e-4,5,13,fold_1,fold,1
3,A,0.9973009330085404,0.0018556673788580923,8.433996126016741e-4,5,13,fold_1,fold,1
3,C,0.9979499512873592,0.0013491572603183202,7.008914523227547e-4,5,13,fold_1,fold,1
4,A,0.9965512314079551,0.0022002188915747054,0.0012485497004703664,5,13,fold_1,fold,1
4,C,0.9975321047375902,0.001483841932966983,9.840533294432033e-4,5,13,fold_1,fold,1
5,A,0.9956951864146861,0.0025788636363879946,0.0017259499489265355,5,13,fold_1,fold,1
5,C,0.9970757176174558,0.001629089211130089,0.00129519317141305,5,13,fold_1,fold,1
6,A,0.9947195953397013,0.0029973690262538677,0.002283035634045512,5,13,fold_1,fold,1
6,C,0.9965773497880095,0.001786093646992463,0.001636556564997008,5,13,fold_1,fold,1
7,A,0.9936093826630974,0.003462160277316033,0.002928457059586858,5,13,fold_1,fold,1
7,C,0.996033181893061,0.001956181863898466,0.002010636243039921,5,13,fold_1,fold,1
8,A,0.9923480014117086,0.003979900791258128,0.0036720977970330325,5,13,fold_1,fold,1
8,C,0.9954390481475808,0.0021407733378216213,0.0024201785145981348,5,13,fold_1,fold,1
9,A,0.9909171658433757,0.004557500126750407,0.004525334029874147,5,13,fold_1,fold,1
9,C,0.9947903436352825,0.0023413952348610065,0.0028682611298564216,5,13,fold_1,fold,1
10,A,0.9892974214473622,0.005201913669804305,0.0055006648828334415,5,13,fold_1,fold,1
10,C,0.9940821649176866,0.0025596315141259277,0.003358203568187883,5,13,fold_1,fold,1
11,A,0.9874674149892014,0.00592041216862866,0.006612172842169299,5,13,fold_1,fold,1
11,C,0.9933091247453457,0.0027971789245047492,0.0038936963301489684,5,13,fold_1,fold,1
12,A,0.9854043642720558,0.0067204377170004366,0.007875198010944441,5,13,fold_1,fold,1
12,C,0.9924654685400941,0.0030558095428862442,0.004478721917017356,5,13,fold_1,fold,1
13,A,0.983083274259316,0.007609848043671832,0.009306877697012194,5,13,fold_1,fold,1
13,C,0.991544868120231,0.003337432117136836,0.005117699762632407,5,13,fold_1,fold,1
14,A,0.9804769088689765,0.00859688979919823,0.010926201331825851,5,13,fold_1,fold,1
14,C,0.9905403983940922,0.0036440952086113816,0.005815506397295083,5,13,fold_1,fold,1
15,A,0.9775571155650182,0.009689766345399925,0.012753118089582956,5,13,fold_1,fold,1
15,C,0.9894448491554201,0.003977894118899184,0.006577256725680563,5,13,fold_1,fold,1
16,A,0.9742933758907399,0.01089700294175922,0.014809621167501228,5,13,fold_1,fold,1
16,C,0.9882503184174131,0.004341085922645988,0.007408595659940771,5,13,fold_1,fold,1
17,A,0.9706525451691999,0.012227439579699873,0.01712001525109953,5,13,fold_1,fold,1
17,C,0.9869480970712609,0.004736117275391483,0.008315785653347446,5,13,fold_1,fold,1
18,A,0.9666008885599836,0.013689470305687203,0.01970964113432946,5,13,fold_1,fold,1
18,C,0.9855291037799808,0.005165484524640991,0.009305411695378052,5,13,fold_1,fold,1
19,A,0.962103027666403,0.015291301523502955,0.022605670810094104,5,13,fold_1,fold,1
19,C,0.9839835581346466,0.005631826119592684,0.010384615745761185,5,13,fold_1,fold,1
20,A,0.95712262730293,0.01704063637967844,0.025836736317391508,5,13,fold_1,fold,1
20,C,0.9823010778206944,0.006137884801837642,0.011561037377468279,5,13,fold_1,fold,1
21,A,0.9516226459556413,0.01894436992047303,0.029432984123884787,5,13,fold_1,fold,1
21,C,0.9804706003116963,0.006686509076804813,0.01284289061149911,5,13,fold_1,fold,1
22,A,0.9455658760139671,0.021008371282738438,0.03342575270329346,5,13,fold_1,fold,1
22,C,0.9784804492584939,0.007280627515985186,0.014238923225520693,5,13,fold_1,fold,1
23,A,0.9389155362863393,0.02323702915367736,0.03784743455998358,5,13,fold_1,fold,1
23,C,0.9763182883155489,0.007923233725507833,0.015758477958943203,5,13,fold_1,fold,1
24,A,0.9316359714866393,0.025632639126517538,0.042731389386843066,5,13,fold_1,fold,1
24,C,0.9739710242546789,0.00861737171280056,0.017411604032520317,5,13,fold_1,fold,1
25,A,0.9236937857227356,0.028195010244862973,0.04811120403240053,5,13,fold_1,fold,1
25,C,0.97142493734544,0.009366084053059682,0.019208978601499144,5,13,fold_1,fold,1
26,A,0.9150588703409483,0.030921127065519215,0.054020002593532415,5,13,fold_1,fold,1
26,C,0.9686658150288117,0.010172355379782953,0.021161829591405824,5,13,fold_1,fold,1
27,A,0.905705416279857,0.0338046731070514,0.06048991061309134,5,13,fold_1,fold,1
27,C,0.9656789950938734,0.011039062684009195,0.023281942222116662,5,13,fold_1,fold,1
28,A,0.8956130214206295,0.036835544209101984,0.0675514343702688,5,13,fold_1,fold,1
28,C,0.9624494191363846,0.011968917287711926,0.025581663575902944,5,13,fold_1,fold,1
29,A,0.8847678859667331,0.039999433920507026,0.07523268011275928,5,13,fold_1,fold,1
29,C,0.9589617354937374,0.012964392951810256,0.02807387155445291,5,13,fold_1,fold,1
30,A,0.8731640085000242,0.04327752980938602,0.08355846169058956,5,13,fold_1,fold,1
30,C,0.9552004446323917,0.014027641573693152,0.03077191379391436,5,13,fold_1,fold,1
31,A,0.8608042911051014,0.04664634605786928,0.092549362837029,5,13,fold_1,fold,1
31,C,0.951150072684114,0.015160399159637825,0.03368952815624791,5,13,fold_1,fold,1
32,A,0.8477014826884148,0.050077721150965294,0.10222079616062013,5,13,fold_1,fold,1
32,C,0.9467953684917326,0.01636388365263434,0.03684074785563244,5,13,fold_1,fold,1
33,A,0.8338788999100657,0.0535390123472801,0.11258208774265425,5,13,fold_1,fold,1
33,C,0.942121526382287,0.017638685646868033,0.040239787970845126,5,13,fold_1,fold,1
34,A,0.819370864739942,0.05699351366857801,0.12363562159147996,5,13,fold_1,fold,1
34,C,0.9371144368565757,0.01898465354938119,0.0439009095940446,5,13,fold_1,fold,1
35,A,0.8042227997281229,0.060401111839827465,0.13537608843204985,5,13,fold_1,fold,1
35,C,0.9317609643377,0.020400775742244796,0.04783825992005581,5,13,fold_1,fold,1
36,A,0.7884909347671626,0.06371917692647158,0.1477898883063651,5,13,fold_1,fold,1
36,C,0.926049248256194,0.021885063304086384,0.05206568843971879,5,13,fold_1,fold,1
37,A,0.7722416378435426,0.0669036190486313,0.1608547431078259,5,13,fold_1,fold,1
37,C,0.9199690098090401,0.023434441623822903,0.05659654856713742,5,13,fold_1,fold,1
38,A,0.7555503350496899,0.0699101386287168,0.1745395263215933,5,13,fold_1,fold,1
38,C,0.9135118781370245,0.025044648745996375,0.06144347311698074,5,13,fold_1,fold,1
39,A,0.7384999760742222,0.07269576812300499,0.18880425580277357,5,13,fold_1,fold,1
39,C,0.9066717756102894,0.026710129304770337,0.06661809508494049,5,13,fold_1,fold,1
40,A,0.7211789866593834,0.07522039114774866,0.2036006221928673,5,13,fold_1,fold,1
40,C,0.8994452563956447,0.028423966321076247,0.07213077728327798,5,13,fold_1,fold,1
41,A,0.7036793798048462,0.07744790137417654,0.21887271882097697,5,13,fold_1,fold,1
41,C,0.8918317689691873,0.030177860477024934,0.07799037055378477,5,13,fold_1,fold,1
42,A,0.6860946898693366,0.07934734778992411,0.23455796234073903,5,13,fold_1,fold,1
42,C,0.8838339254847739,0.031962128309084625,0.08420394620614116,5,13,fold_1,fold,1
43,A,0.6685178024866307,0.0808940163367669,0.25058818117660236,5,13,fold_1,fold,1
43,C,0.8754577704823188,0.033765723124339814,0.09077650639334196,5,13,fold_1,fold,1
44,A,0.6510388314160591,0.08207024346226426,0.2668909251216772,5,13,fold_1,fold,1
44,C,0.8667129939896837,0.03557630074981708,0.09771070526049941,5,13,fold_1,fold,1
45,A,0.6337432065576251,0.08286584896103416,0.2833909444813404,5,13,fold_1,fold,1
45,C,0.8576130591804213,0.03738033862443903,0.1050066021951402,5,13,fold_1,fold,1
46,A,0.6167100767049754,0.08327820132820628,0.300011721966818,5,13,fold_1,fold,1
46,C,0.8481752468601746,0.039163304294700975,0.11266144884512375,5,13,fold_1,fold,1
47,A,0.6000110577781562,0.08331197888973492,0.31667696333210943,5,13,fold_1,fold,1
47,C,0.8384206235404548,0.04090986679791861,0.12066950966162855,5,13,fold_1,fold,1
48,A,0.5837093306703608,0.08297866847189155,0.3333120008577482,5,13,fold_1,fold,1
48,C,0.8283739276670049,0.04260414794267131,0.12902192439032276,5,13,fold_1,fold,1
49,A,0.5678590897613209,0.08229583078043244,0.34984507945824656,5,13,fold_1,fold,1
49,C,0.8180633644159983,0.044230010663656054,0.13770662492034613,5,13,fold_1,fold,1
50,A,0.5525053343095795,0.08128617964262905,0.36620848604779194,5,13,fold_1,fold,1
50,C,0.8075203071783934,0.04577137759912649,0.14670831522247968,5,13,fold_1,fold,1
51,A,0.5376839731317159,0.07997654442180079,0.38233948244648286,5,13,fold_1,fold,1
51,C,0.7967789131699056,0.04721256889596587,0.15600851793412832,5,13,fold_1,fold,1
52,A,0.5234221910569141,0.07839678871336904,0.3981810202297169,5,13,fold_1,fold,1
52,C,0.7858756649691818,0.04853864640934734,0.16558568862146972,5,13,fold_1,fold,1
53,A,0.509739015876148,0.07657874650681105,0.41368223761704154,5,13,fold_1,fold,1
53,C,0.774848851015838,0.04973575125150326,0.1754153977326597,5,13,fold_1,fold,1
54,A,0.49664602686505593,0.07455522224214052,0.4287987508928041,5,13,fold_1,fold,1
54,C,0.7637379998651977,0.05079142175118932,0.18547057838361278,5,13,fold_1,fold,1
55,A,0.4841481529456634,0.07235908972271674,0.4434927573316203,5,13,fold_1,fold,1
55,C,0.7525832857792161,0.051694879134612126,0.19572183508617116,5,13,fold_1,fold,1
56,A,0.47224451496743375,0.07002251491462695,0.45773297011794006,5,13,fold_1,fold,1
56,C,0.7414249252813315,0.05243726919838187,0.2061378055202868,5,13,fold_1,fold,1
57,A,0.46092927256971405,0.06757631692626843,0.4714944105040186,5,13,fold_1,fold,1
57,C,0.7303025844976753,0.05301185022384642,0.2166855652784774,5,13,fold_1,fold,1
58,A,0.4501924438997731,0.06504947026267938,0.4847580858375468,5,13,fold_1,fold,1
58,C,0.7192548155124059,0.05341412037642874,0.22733106411116558,5,13,fold_1,fold,1
59,A,0.44002067628629143,0.06246874170663726,0.4975105820070716,5,13,fold_1,fold,1
59,C,0.7083185371549086,0.05364188152196766,0.2380395813231238,5,13,fold_1,fold,1
60,A,0.4303979410435159,0.0598584617197549,0.5097435972367291,5,13,fold_1,fold,1
60,C,0.697528580291459,0.053695232709896026,0.24877618699864498,5,13,fold_1,fold,1
61,A,0.42130616520925557,0.05724039447188825,0.5214534403188563,5,13,fold_1,fold,1
61,C,0.6869172974404784,0.053576506412129875,0.25950619614739145,5,13,fold_1,fold,1
62,A,0.41272578369089236,0.054633703490356816,0.5326405128187501,5,13,fold_1,fold,1
62,C,0.6765142500705087,0.053290146014008506,0.27019560391548286,5,13,fold_1,fold,1
63,A,0.4046362138962218,0.052054994089822254,0.5433087920139565,5,13,fold_1,fold,1
63,C,0.6663459761392455,0.05284253267562078,0.28081149118513454,5,13,fold_1,fold,1
64,A,0.39701625603008395,0.049518415504801815,0.5534653284651139,5,13,fold_1,fold,1
64,C,0.6564358379057504,0.052241770775565674,0.29132239131868287,5,13,fold_1,fold,1
65,A,0.3898444259601658,0.047035805378748054,0.5631197686610858,5,13,fold_1,fold,1
65,C,0.6468039461502982,0.05149744309609723,0.30169861075360366,5,13,fold_1,fold,1
66,A,0.38309922793332546,0.044616862343165885,0.5722839097235078,5,13,fold_1,fold,1
66,C,0.6374671547556972,0.05062034678428922,0.3119124984600138,5,13,fold_1,fold,1
67,A,0.3767593740282536,0.04226933552752728,0.5809712904442186,5,13,fold_1,fold,1
67,C,0.6284391181006398,0.049622220378873,0.3219386615204881,5,13,fold_1,fold,1
68,A,0.37080395709579056,0.03999922188028521,0.5891968210239241,5,13,fold_1,fold,1
68,C,0.6197304024976814,0.04851547143378861,0.33175412606853,5,13,fold_1,fold,1
69,A,0.365212583897822,0.0378109637274187,0.5969764523747595,5,13,fold_1,fold,1
69,C,0.6113486420932408,0.04731291333897078,0.34133844456778906,5,13,fold_1,fold,1
70,A,0.3599654748394449,0.035707640659274245,0.6043268845012817,5,13,fold_1,fold,1
70,C,0.6032987294133463,0.046027518603720625,0.35067375198293416,5,13,fold_1,fold,1
71,A,0.355043536058931,0.033691151569258254,0.6112653123718107,5,13,fold_1,fold,1
71,C,0.5955830310641647,0.04467219421796144,0.35974477471787303,5,13,fold_1,fold,1
72,A,0.35042840886740806,0.031762384164551065,0.6178092069680412,5,13,fold_1,fold,1
72,C,0.5882016198140897,0.043259583008886514,0.3685387971770242,5,13,fold_1,fold,1
73,A,0.3461025007767517,0.029921370404560766,0.6239761288186877,5,13,fold_1,fold,1
73,C,0.5811525152244531,0.041801893353555115,0.37704559142199146,5,13,fold_1,fold,1
74,A,0.3420490017029959,0.028167427155922242,0.6297835711410815,5,13,fold_1,fold,1
74,C,0.5744319260498547,0.04031075824168867,0.3852573157084576,5,13,fold_1,fold,1
75,A,0.33825188839236964,0.02649928197174077,0.6352488296358904,5,13,fold_1,fold,1
75,C,0.568034488735467,0.03879712350296585,0.3931683877615675,5,13,fold_1,fold,1
76,A,0.33469591964487466,0.024915184366534407,0.6403888959885912,5,13,fold_1,fold,1
76,C,0.5619534974518068,0.03727116402975503,0.4007753385184392,5,13,fold_1,fold,1
77,A,0.33136662446339715,0.023413003303844493,0.645220372232758,5,13,fold_1,fold,1
77,C,0.5561811221785857,0.03574222606245551,0.40807665175895724,5,13,fold_1,fold,1
78,A,0.3282502848354427,0.02199031185820934,0.6497594033063476,5,13,fold_1,fold,1
78,C,0.5507086123911319,0.03421879301353072,0.4150725945953379,5,13,fold_1,fold,1
79,A,0.3253339144995826,0.02064446015275693,0.6540216253476604,5,13,fold_1,fold,1
79,C,0.5455264849026166,0.03270847186145046,0.4217650432359336,5,13,fold_1,fold,1
80,A,0.32260523492361953,0.019372637584110303,0.6580221274922708,5,13,fold_1,fold,1
80,C,0.5406246933647276,0.031217998663127553,0.42815730797214524,5,13,fold_1,fold,1
81,A,0.3200526491377655,0.018171925698438323,0.6617754251637961,5,13,fold_1,fold,1
81,C,0.5359927820386103,0.029753257318658067,0.43425396064273214,5,13,fold_1,fold,1
82,A,0.317665214345365,0.017039342583074883,0.6652954430715593,5,13,fold_1,fold,1
82,C,0.5316200220338639,0.028319310782152576,0.44006066718398434,5,13,fold_1,fold,1
83,A,0.3154326138615682,0.015971879809263945,0.6685955063291673,5,13,fold_1,fold,1
83,C,0.5274955307946265,0.026920441824716052,0.44558402738065794,5,13,fold_1,fold,1
84,A,0.31334512879708903,0.014966532902721662,0.6716883383001897,5,13,fold_1,fold,1
84,C,0.5236083756572351,0.02556020084892421,0.45083142349384064,5,13,fold_1,fold,1
85,A,0.3113936097924172,0.014020326242938651,0.6745860639646436,5,13,fold_1,fold,1
85,C,0.5199476627120566,0.024241458323731258,0.4558108789642119,5,13,fold_1,fold,1
86,A,0.3095694490706165,0.013130333158100697,0.6773002177712829,5,13,fold_1,fold,1
86,C,0.5165026121585525,0.022966459920276364,0.46053092792117073,5,13,fold_1,fold,1
87,A,0.30786455303498483,0.012293691879238323,0.6798417550857765,5,13,fold_1,fold,1
87,C,0.5132626212724424,0.02173688286685283,0.46500049586070324,5,13,fold_1,fold,1
88,A,0.3062713155723878,0.011507617958858777,0.6822210664687542,5,13,fold_1,fold,1
88,C,0.5102173161352904,0.020553892270020455,0.46922879159468917,5,13,fold_1,fold,1
89,A,0.3047825921640429,0.010769413705521504,0.6844479941304359,5,13,fold_1,fold,1
89,C,0.5073565933262607,0.019418196310485563,0.4732252103632539,5,13,fold_1,fold,1
90,A,0.3033916748741092,0.010076475113137346,0.6865318500127536,5,13,fold_1,fold,1
90,C,0.5046706527555157,0.018330099438265433,0.47699924780621933,5,13,fold_1,fold,1
91,A,0.3020922682720343,0.009426296687671929,0.6884814350402937,5,13,fold_1,fold,1
91,C,0.5021500227352386,0.01728955293921867,0.48056042432554413,5,13,fold_1,fold,1
92,A,0.3008784663285228,0.008816474515237361,0.6903050591562402,5,13,fold_1,fold,1
92,C,0.49978557828823955,0.01629620245192276,0.4839182192598373,5,13,fold_1,fold,1
93,A,0.29974473030412885,0.008244707873539842,0.6920105618223306,5,13,fold_1,fold,1
93,C,0.4975685536120204,0.015349432159254125,0.4870820142287259,5,13,fold_1,fold,1
94,A,0.29868586763224336,0.007708799650253493,0.6936053327175029,5,13,fold_1,fold,1
94,C,0.49549054954215,0.014448405490320329,0.4900610449675301,5,13,fold_1,fold,1
95,A,0.2976970117890573,0.007206655791735559,0.6950963324192067,5,13,fold_1,fold,1
95,C,0.4935435367807492,0.013592102269595872,0.4928643609496545,5,13,fold_1,fold,1
96,A,0.29677360313815304,0.006736283968658142,0.6964901128931892,5,13,fold_1,fold,1
96,C,0.4917198555729803,0.012779352340270604,0.4955007920867497,5,13,fold_1,fold,1
97,A,0.29591137073195517,0.006295791616288218,0.6977928376517569,5,13,fold_1,fold,1
97,C,0.4900122124339107,0.012008865758095982,0.4979789218079935,5,13,fold_1,fold,1
98,A,0.29510631504568674,0.005883383485060024,0.6990103014692526,5,13,fold_1,fold,1
98,C,0.48841367445089934,0.011279259702971538,0.5003070658461289,5,13,fold_1,fold,1
99,A,0.2943546916137907,0.005497358817814814,0.7001479495683949,5,13,fold_1,fold,1
99,C,0.48691766161143435,0.010589082295681123,0.5024932560928843,5,13,fold_1,fold,1
100,A,0.293652995552055,0.005136108236466379,0.7012108962114786,5,13,fold_1,fold,1
100,C,0.48551793767357293,0.009936833410776995,0.504545228915651,5,13,fold_1,fold,1
101,A,0.29299794690903674,0.004798110441942737,0.7022039426490211,5,13,fold_1,fold,1
101,C,0.48420859972218494,0.00932098290311062,0.5064704173747047,5,13,fold_1,fold,1
102,A,0.29238647683091523,0.00448192877581294,0.7031315943932722,5,13,fold_1,fold,1
102,C,0.4829840668487248,0.008739986323457802,0.5082759468278156,5,13,fold_1,fold,1
103,A,0.2918157145040698,0.004186207700468943,0.7039980777954614,5,13,fold_1,fold,1
103,C,0.48183906819506117,0.008192298355878107,0.5099686334490623,5,13,fold_1,fold,1
104,A,0.2912829748413639,0.003909669243707098,0.7048073559149293,5,13,fold_1,fold,1
104,C,0.4807686305774068,0.007676384195571216,0.511554985227023,5,13,fold_1,fold,1
105,A,0.29078574687649855,0.0036511094467367024,0.7055631436767648,5,13,fold_1,fold,1
105,C,0.47976806585659615,0.007190729092683514,0.5130412050507204,5,13,fold_1,fold,1
106,A,0.29032168283262194,0.0034093948456041774,0.7062689223217727,5,13,fold_1,fold,1
106,C,0.47883295820287786,0.006733846260897799,0.5144331955362246,5,13,fold_1,fold,1
107,A,0.289888587832993,0.0031834590089377867,0.7069279531580696,5,13,fold_1,fold,1
107,C,0.47795915138687556,0.006304283326766349,0.5157365652863584,5,13,fold_1,fold,1
108,A,0.289484410222018,0.002972299150443185,0.7075432906275381,5,13,fold_1,fold,1
108,C,0.4771427362039837,0.00590062748663002,0.5169566363093848,5,13,fold_1,fold,1
109,A,0.2891072324652464,0.002774972831167326,0.7081177947035856,5,13,fold_1,fold,1
109,C,0.4763800381144769,0.005521509531834776,0.5180984523536883,5,13,fold_1,fold,1
110,A,0.28875526259768736,0.002590594763090819,0.7086541426392222,5,13,fold_1,fold,1
110,C,0.4756676051630228,0.005165606890679874,0.5191667879462959,5,13,fold_1,fold,1
111,A,0.2884268261910559,0.002418333722287858,0.7091548400866565,5,13,fold_1,fold,1
111,C,0.4750021962286884,0.004831645819144554,0.5201661579521678,5,13,fold_1,fold,1
112,A,0.28812035881177933,0.0022574095772289826,0.709622231610991,5,13,fold_1,fold,1
112,C,0.47438076964571896,0.004518402857753245,0.5211008274965292,5,13,fold_1,fold,1
113,A,0.28783439894272006,0.0021070904358456797,0.7100585106214345,5,13,fold_1,fold,1
113,C,0.4738004722249424,0.004224705660598439,0.5219748221144588,5,13,fold_1,fold,1
114,A,0.2875675813425922,0.001966689913417999,0.710465728743989,5,13,fold_1,fold,1
114,C,0.4732586286959329,0.003949433292433746,0.5227919380116337,5,13,fold_1,fold,1
115,A,0.2873186308181824,0.001835564521964711,0.7108458046598528,5,13,fold_1,fold,1
115,C,0.47275273158241105,0.003691516079252609,0.5235557523383373,5,13,fold_1,fold,1
116,A,0.28708635638560115,0.0017131111806123133,0.711200532433787,5,13,fold_1,fold,1
116,C,0.47228043151751753,0.0034499350873217344,0.5242696333951605,5,13,fold_1,fold,1
117,A,0.28686964579798163,0.0015987648454643135,0.7115315893565536,5,13,fold_1,fold,1
117,C,0.4718395280007721,0.003223721296284603,0.5249367507029427,5,13,fold_1,fold,1
118,A,0.28666746041815133,0.0014919962567416629,0.711840543325107,5,13,fold_1,fold,1
118,C,0.4714279605944152,0.00301195452390745,0.5255600848816783,5,13,fold_1,fold,1
119,A,0.2864788304159692,0.001392309800335564,0.712128859783695,5,13,fold_1,fold,1
119,C,0.4710438005533628,0.0028137621528337925,0.5261424372938034,5,13,fold_1,fold,1
120,A,0.28630285026998176,0.0012992414814837437,0.7123979082485337,5,13,fold_1,fold,1
120,C,0.4706852428803052,0.0026283177030134,0.526686439416681,5,13,fold_1,fold,1
121,A,0.2861386745566923,0.0012123570053426953,0.7126489684379648,5,13,fold_1,fold,1
121,C,0.4703505987949834,0.002454839287699002,0.5271945619173177,5,13,fold_1,fold,1
122,A,0.2859855140089796,0.001131249961785178,0.7128832360292355,5,13,fold_1,fold,1
122,C,0.47003828860587876,0.0022925879847881738,0.5276691234093329,5,13,fold_1,fold,1
123,A,0.28584263182732245,0.0010555401103670998,0.7131018280623114,5,13,fold_1,fold,1
123,C,0.46974683497083014,0.0021408661510785984,0.5281122988780912,5,13,fold_1,fold,1
124,A,0.28570934022827515,9.848717613857357e-4,0.7133057880103386,5,13,fold_1,fold,1
124,C,0.4694748565322106,0.001999015702827165,0.5285261277649606,5,13,fold_1,fold,1
125,A,0.2855849972156405,9.189122487693353e-4,0.7134960905355905,5,13,fold_1,fold,1
125,C,0.4692210619117586,0.0018664163822838449,0.5289125217059572,5,13,fold_1,fold,1
126,A,0.2854690035605364,8.573504906447516e-4,0.7136736459488191,5,13,fold_1,fold,1
126,C,0.46898424404980493,0.0017424840265211753,0.5292732719236741,5,13,fold_1,fold,1
127,A,0.28536079997728186,7.998956335465918e-4,0.713839304389171,5,13,fold_1,fold,1
127,C,0.4687632748736207,0.0016266688520247125,0.5296100562743543,5,13,fold_1,fold,1
128,A,0.28525986448277385,7.462757762685379e-4,0.7139938597409583,5,13,fold_1,fold,1
128,C,0.4685571002794997,0.0015184537660929878,0.529924445954408,5,13,fold_1,fold,1
129,A,0.28516570992778895,6.962367693843714e-4,0.7141380533028282,5,13,fold_1,fold,1
129,C,0.468364735413372,0.0014173527139905299,0.5302179118726377,5,13,fold_1,fold,1
130,A,0.2850778816893677,6.495410865509431e-4,0.7142725772240814,5,13,fold_1,fold,1
130,C,0.4681852602349812,0.0013229090689391048,0.5304918306960805,5,13,fold_1,fold,1
131,A,0.2849959555140311,6.059667638376065e-4,0.7143980777221312,5,13,fold_1,fold,1
131,C,0.46801781535098685,0.0012346940704218378,0.5307474905785908,5,13,fold_1,fold,1
132,A,0.2849195355022281,5.653064034641712e-4,0.714515158094308,5,13,fold_1,fold,1
132,C,0.46786159810281297,0.0011523053149143695,0.5309860965822734,5,13,fold_1,fold,1
133,A,0.2848482522249743,5.273662384556329e-4,0.7146243815365706,5,13,fold_1,fold,1
133,C,0.46771585889543427,0.0010753653020122405,0.5312087758025531,5,13,fold_1,fold,1
134,A,0.284781760964196,4.91965254847936e-4,0.7147262737809565,5,13,fold_1,fold,1
134,C,0.4675798977538483,0.001003520037951767,0.5314165822082,5,13,fold_1,fold,1
135,A,0.28471974006882844,4.589343682149365e-4,0.7148213255629569,5,13,fold_1,fold,1
135,C,0.4674530610944248,9.364376976940731e-4,0.531610501207879,5,13,fold_1,fold,1
136,A,0.2846618894191995,4.281156514295971e-4,0.7149099949293715,5,13,fold_1,fold,1
136,C,0.4673347386989156,8.738073460486705e-4,0.5317914539550351,5,13,fold_1,fold,1
137,A,0.2846079289926943,3.9936161071430024e-4,0.7149927093965905,5,13,fold_1,fold,1
137,C,0.46722436087937275,8.153377177410964e-4,0.5319603014028845,5,13,fold_1,fold,1
138,A,0.28455759752414067,3.7253450716866573e-4,0.7150698679686915,5,13,fold_1,fold,1
138,C,0.46712139582285606,7.607560558526205e-4,0.5321178481212915,5,13,fold_1,fold,1
139,A,0.2845106512547743,3.4750572108863695e-4,0.7151418430241373,5,13,fold_1,fold,1
139,C,0.4670253471052765,7.098070076572128e-4,0.5322648458870666,5,13,fold_1,fold,1
140,A,0.2844668627639007,3.241551566494203e-4,0.7152089820794498,5,13,fold_1,fold,1
140,C,0.46693575136400106,6.62251576881265e-4,0.5324019970591175,5,13,fold_1,fold,1
141,A,0.2844260198780614,3.023706843320704e-4,0.7152716094376061,5,13,fold_1,fold,1
141,C,0.4668521761201175,6.17866130378316e-4,0.5325299577495053,5,13,fold_1,fold,1
142,A,0.2843879246525114,2.8204761895521315e-4,0.7153300277285338,5,13,fold_1,fold,1
142,C,0.466774217740918,5.764414578994446e-4,0.5326493408011836,5,13,fold_1,fold,1
143,A,0.28435239242027993,2.6308823113771045e-4,0.7153845193485828,5,13,fold_1,fold,1
143,C,0.46670149953404005,5.377818831154382e-4,0.5327607185828452,5,13,fold_1,fold,1
144,A,0.2843192509043892,2.4540129014629855e-4,0.7154353478054648,5,13,fold_1,fold,1
144,C,0.4666336699650913,5.017044239722517e-4,0.5328646256109371,5,13,fold_1,fold,1
145,A,0.28428833938908815,2.2890163617929275e-4,0.7154827589747331,5,13,fold_1,fold,1
145,C,0.46657040099113906,4.680380003582444e-4,0.532961561008503,5,13,fold_1,fold,1
146,A,0.2842595079462256,2.135097802608448e-4,0.7155269822735127,5,13,fold_1,fold,1
146,C,0.4665113865027974,4.366226870643617e-4,0.5330519908101375,5,13,fold_1,fold,1
147,A,0.28423261671313094,1.99151530034903e-4,0.7155682317568338,5,13,fold_1,fold,1
147,C,0.4664563408680731,4.073090100335621e-4,0.5331363501218913,5,13,fold_1,fold,1
148,A,0.28420753521859393,1.857576398441139e-4,0.7156067071415622,5,13,fold_1,fold,1
148,C,0.4664049975715264,3.799572838941621e-4,0.5332150451445783,5,13,fold_1,fold,1
149,A,0.2841841417537731,1.7326348356642266e-4,0.7156425947626608,5,13,fold_1,fold,1
149,C,0.46635710794266527,3.5443698877626764e-4,0.5332884550685594,5,13,fold_1,fold,1
150,A,0.28416232278506265,1.616087487702882e-4,0.7156760684661669,5,13,fold_1,fold,1
150,C,0.4663124399679135,3.306261844419006e-4,0.5333569338476446,5,13,fold_1,fold,1
151,A,0.2841419724061406,1.5073715083727652e-4,0.7157072904430228,5,13,fold_1,fold,1
151,C,0.466270777180779,3.0841095981188374e-4,0.5334208118594098,5,13,fold_1,fold,1
152,A,0.2841229918266048,1.4059616578351736e-4,0.7157364120076117,5,13,fold_1,fold,1
152,C,0.4662319176251893,2.8768491603034784e-4,0.5334803974587793,5,13,fold_1,fold,1
153,A,0.28410528889476494,1.311367805875884e-4,0.7157635743246471,5,13,fold_1,fold,1
153,C,0.46619567288728847,2.683486812650337e-4,0.5335359784314464,5,13,fold_1,fold,1
154,A,0.28408877765233526,1.2231325990374778e-4,0.7157889090877612,5,13,fold_1,fold,1
154,C,0.4661618671912319,2.503094555017307e-4,0.5335878233532655,5,13,fold_1,fold,1
155,A,0.2840733779188915,1.1408292810774189e-4,0.7158125391530018,5,13,fold_1,fold,1
155,C,0.4661303365548715,2.3348058365723305e-4,0.5336361828614719,5,13,fold_1,fold,1
156,A,0.28405901490412944,1.0640596568762441e-4,0.7158345791301823,5,13,fold_1,fold,1
156,C,0.46610092800138064,2.1778115540497484e-4,0.5336812908432136,5,13,fold_1,fold,1
157,A,0.28404561884606877,9.924521905346125e-5,0.7158551359348775,5,13,fold_1,fold,1
157,C,0.4660734988232177,2.0313563017784872e-4,0.5337233655466056,5,13,fold_1,fold,1
158,A,0.2840331246734746,9.25660228970627e-5,0.7158743093036282,5,13,fold_1,fold,1
158,C,0.4660479158949605,1.894734858812408e-4,0.5337626106191573,5,13,fold_1,fold,1
159,A,0.2840214716908867,8.633603428637914e-5,0.7158921922748265,5,13,fold_1,fold,1
159,C,0.46602405503186156,1.767288899162993e-4,0.5337992160782221,5,13,fold_1,fold,1
160,A,0.28401060328474076,8.052507773926329e-5,0.7159088716375195,5,13,fold_1,fold,1
160,C,0.46600180039104616,1.648403912063599e-4,0.5338333592177469,5,13,fold_1,fold,1
161,A,0.2840004666491867,7.510500054650318e-5,0.7159244283502662,5,13,fold_1,fold,1
161,C,0.46598104391263634,1.537506319229488e-4,0.5338652054554408,5,13,fold_1,fold,1
162,A,0.2839910125302861,7.004953768474312e-5,0.7159389379320297,5,13,fold_1,fold,1
162,C,0.4659616847981106,1.434060777442809e-4,0.5338949091241453,5,13,fold_1,fold,1
163,A,0.28398219498735555,6.533418569120763e-5,0.7159524708269528,5,13,fold_1,fold,1
163,C,0.46594362902346736,1.3375676551096526e-4,0.5339226142110224,5,13,fold_1,fold,1
164,A,0.28397397117031764,6.0936084912924633e-5,0.7159650927447688,5,13,fold_1,fold,1
164,C,0.4659267888848703,1.247560672068437e-4,0.5339484550479233,5,13,fold_1,fold,1
165,A,0.28396630111198357,5.6833909579605736e-5,0.7159768649784375,5,13,fold_1,fold,1
165,C,0.46591108257465486,1.1636046924905825e-4,0.5339725569560956,5,13,fold_1,fold,1
166,A,0.28395914753427265,5.300776518571582e-5,0.7159878447005421,5,13,fold_1,fold,1
166,C,0.465896433785662,1.0852936613161697e-4,0.5339950368482062,5,13,fold_1,fold,1
167,A,0.283952475667441,4.943909270117843e-5,0.7159980852398575,5,13,fold_1,fold,1
167,C,0.46588277134202893,1.0122486752352461e-4,0.5340160037904451,5,13,fold_1,fold,1
168,A,0.2839462530814383,4.611057916102303e-5,0.7160076363394006,5,13,fold_1,fold,1
168,C,0.46587002885469087,9.441161797391674e-5,0.5340355595273346,5,13,fold_1,fold,1
169,A,0.28394044952858827,4.300607421293865e-5,0.7160165443971982,5,13,fold_1,fold,1
169,C,0.46585814439991957,8.805662842486243e-5,0.5340537989716556,5,13,fold_1,fold,1
170,A,0.28393503679683424,4.011051222889969e-5,0.7160248526909372,5,13,fold_1,fold,1
170,C,0.4658470602194064,8.212911877955436e-5,0.5340708106618135,5,13,fold_1,fold,1
171,A,0.2839299885728393,3.740983961281939e-5,0.7160326015875487,5,13,fold_1,fold,1
171,C,0.465836722440427,7.660037081919586e-5,0.534086677188755,5,13,fold_1,fold,1
172,A,0.28392528031428177,3.489094696030445e-5,0.7160398287387584,5,13,fold_1,fold,1
172,C,0.4658270808147561,7.144359080495976e-5,0.5341014755944382,5,13,fold_1,fold,1
173,A,0.2839208891307303,3.254160574900662e-5,0.7160465692635202,5,13,fold_1,fold,1
173,C,0.46581808847509465,6.663378114167115e-5,0.5341152777437639,5,13,fold_1,fold,1
174,A,0.2839167936725254,3.0350409259023978e-5,0.7160528559182157,5,13,fold_1,fold,1
174,C,0.46580970170781466,6.214762051785409e-5,0.5341281506716686,5,13,fold_1,fold,1
175,A,0.2839129740271229,2.8306717442472665e-5,0.7160587192554353,5,13,fold_1,fold,1
175,C,0.46580187974096376,5.796335197292302e-5,0.5341401569070642,5,13,fold_1,fold,1
176,A,0.28390941162240807,2.6400605479818228e-5,0.716064187772113,5,13,fold_1,fold,1
176,C,0.4657945845464831,5.4060678376565805e-5,0.5341513547751406,5,13,fold_1,fold,1
177,A,0.2839060891365086,2.4622815777820755e-5,0.7160692880477134,5,13,fold_1,fold,1
177,C,0.4657877806557059,5.042066483765261e-5,0.5341617986794571,5,13,fold_1,fold,1
178,A,0.28390299041367,2.2964713180062633e-5,0.7160740448731499,5,13,fold_1,fold,1
178,C,0.46578143498723645,4.702564759028865e-5,0.5341715393651748,5,13,fold_1,fold,1
179,A,0.28390010038578334,2.141824317606359e-5,0.7160784813710399,5,13,fold_1,fold,1
179,C,0.4657755166863904,4.3859148933067384e-5,0.5341806241646764,5,13,fold_1,fold,1
180,A,0.2838974049991965,1.9975892909675646e-5,0.7160826191078945,5,13,fold_1,fold,1
180,C,0.46576999697541976,4.0905797826094444e-5,0.5341890972267531,5,13,fold_1,fold,1
181,A,0.2838948911464376,1.8630654799182943e-5,0.7160864781987626,5,13,fold_1,fold,1
181,C,0.4657648490137926,3.815125577151739e-5,0.5341969997304349,5,13,fold_1,fold,1
182,A,0.28389254660254115,1.737599259550093e-5,0.7160900774048625,5,13,fold_1,fold,1
182,C,0.46576004776786645,3.5582147631740836e-5,0.5342043700845025,5,13,fold_1,fold,1
183,A,0.2838903599656485,1.6205809715680764e-5,0.7160934342246364,5,13,fold_1,fold,1
183,C,0.4657555698893129,3.318599705977597e-5,0.5342112441136263,5,13,fold_1,fold,1
184,A,0.2838883206016036,1.5114419699762753e-5,0.716096564978696,5,13,fold_1,fold,1
184,C,0.46575139360172735,3.0951166237269564e-5,0.5342176552320353,5,13,fold_1,fold,1
185,A,0.28388641859228575,1.4096518649025984e-5,0.7160994848890656,5,13,fold_1,fold,1
185,C,0.46574749859483783,2.8866799635250682e-5,0.5342236346055264,5,13,fold_1,fold,1
186,A,0.2838846446874027,1.3147159513172109e-5,0.7161022081530827,5,13,fold_1,fold,1
186,C,0.46574386592585176,2.6922771531324757e-5,0.5342292113026167,5,13,fold_1,fold,1
187,A,0.28388299025954145,1.2261728102831243e-5,0.7161047480123568,5,13,fold_1,fold,1
187,C,0.46574047792741297,2.510963703450821e-5,0.5342344124355527,5,13,fold_1,fold,1
188,A,0.2838814472622327,1.1435920711987008e-5,0.716107116817055,5,13,fold_1,fold,1
188,C,0.4657373181217648,2.34185863850829e-5,0.53423926329185,5,13,fold_1,fold,1
189,A,0.28388000819084513,1.0665723242569018e-5,0.7161093260859126,5,13,fold_1,fold,1
189,C,0.4657343711406773,2.1841402311959435e-5,0.534243787457009,5,13,fold_1,fold,1
190,A,0.28387866604610507,9.947391730627658e-6,0.7161113865621646,5,13,fold_1,fold,1
190,C,0.46573162265076723,2.0370420244266276e-5,0.5342480069289883,5,13,fold_1,fold,1
191,A,0.28387741430007407,9.277434180221027e-6,0.7161133082657458,5,13,fold_1,fold,1
191,C,0.4657290592838298,1.899849118726012e-5,0.5342519422249836,5,13,fold_1,fold,1
192,A,0.28387624686441615,8.65259361741e-6,0.716115100541967,5,13,fold_1,fold,1
192,C,0.46572666857186756,1.7718947085164012e-5,0.5342556124810465,5,13,fold_1,fold,1
193,A,0.2838751580607996,8.069832282600482e-6,0.7161167721069167,5,13,fold_1,fold,1
193,C,0.4657244388864935,1.6525568505212702e-5,0.5342590355450019,5,13,fold_1,fold,1
194,A,0.2838741425932924,7.526316884924142e-6,0.7161183310898236,5,13,fold_1,fold,1
194,C,0.46572235938239503,1.541255448809809e-5,0.5342622280631163,5,13,fold_1,fold,1
195,A,0.2838731955226117,7.019404847443681e-6,0.7161197850725407,5,13,fold_1,fold,1
195,C,0.46572041994462365,1.4374494420232366e-5,0.5342652055609561,5,13,fold_1,fold,1
196,A,0.28387231224211396,6.546631476729282e-6,0.7161211411264091,5,13,fold_1,fold,1
196,C,0.4657186111394112,1.3406341792814092e-5,0.5342679825187959,5,13,fold_1,fold,1
197,A,0.28387148845539284,6.105697994795448e-6,0.7161224058466115,5,13,fold_1,fold,1
197,C,0.4657169241683126,1.2503389721631167e-5,0.5342705724419652,5,13,fold_1,fold,1
198,A,0.28387072015539244,5.6944603755339605e-6,0.7161235853842317,5,13,fold_1,fold,1
198,C,0.4657153508254249,1.1661248109886767e-5,0.5342729879264648,5,13,fold_1,fold,1
199,A,0.28387000360492,5.310918931645437e-6,0.7161246854761489,5,13,fold_1,fold,1
199,C,0.46571388345748876,1.0875822344136954e-5,0.5342752407201673,5,13,fold_1,fold,1
200,A,0.2838693353184757,4.953208601721376e-6,0.7161257114729227,5,13,fold_1,fold,1
200,C,0.46571251492667715,1.0143293420831351e-5,0.5342773417799012,5,13,fold_1,fold,1
201,A,0.2838687120453047,4.6195898904102555e-6,0.7161266683648045,5,13,fold_1,fold,1
201,C,0.4657112385758889,9.460099407512694e-6,0.5342793013247041,5,13,fold_1,fold,1
202,A,0.2838681307535863,4.308440417850178e-6,0.716127560805995,5,13,fold_1,fold,1
202,C,0.4657100481963713,8.822918149395159e-6,0.5342811288854785,5,13,fold_1,fold,1
203,A,0.2838675886156941,4.01824703744441e-6,0.7161283931372697,5,13,fold_1,fold,1
203,C,0.4657089379975375,8.22865113786871e-6,0.5342828333513246,5,13,fold_1,fold,1
204,A,0.283867082994441,3.74759848380073e-6,0.7161291694070747,5,13,fold_1,fold,1
204,C,0.4657079025787951,7.674408463045137e-6,0.5342844230127399,5,13,fold_1,fold,1
205,A,0.28386661143025904,3.4951785152110083e-6,0.7161298933912252,5,13,fold_1,fold,1
205,C,0.4657069369032956,7.157494777646375e-6,0.5342859056019273,5,13,fold_1,fold,1
206,A,0.2838661716292334,3.2597595174392697e-6,0.7161305686112488,5,13,fold_1,fold,1
206,C,0.465706036273425,6.675396204400116e-6,0.5342872883303693,5,13,fold_1,fold,1
207,A,0.28386576145194914,3.040196537819018e-6,0.7161311983515138,5,13,fold_1,fold,1
207,C,0.4657051963079719,6.225768123650058e-6,0.5342885779239056,5,13,fold_1,fold,1
208,A,0.2838653789030856,2.83542172073914e-6,0.7161317856751945,5,13,fold_1,fold,1
208,C,0.46570441292080433,5.806423782113783e-6,0.5342897806554133,5,13,fold_1,fold,1
209,A,0.28386502212171133,2.6444391175365284e-6,0.716132333439172,5,13,fold_1,fold,1
209,C,0.4657036823010117,5.415323667667655e-6,0.5342909023753206,5,13,fold_1,fold,1
210,A,0.28386468937223464,2.4663198456240484e-6,0.7161328443079196,5,13,fold_1,fold,1
210,C,0.46570300089436045,5.050565598723018e-6,0.5342919485400409,5,13,fold_1,fold,1
211,A,0.28386437903596146,2.3001975733727953e-6,0.7161333207664646,5,13,fold_1,fold,1
211,C,0.4657023653860073,4.710375480204622e-6,0.5342929242385126,5,13,fold_1,fold,1
212,A,0.2838640896032232,2.1452643088446695e-6,0.7161337651324682,5,13,fold_1,fold,1
212,C,0.46570177268437996,4.393098681356792e-6,0.5342938342169384,5,13,fold_1,fold,1
213,A,0.283863819666031,2.000766471942048e-6,0.7161341795674967,5,13,fold_1,fold,1
213,C,0.46570121990613866,4.097191993601959e-6,0.5342946829018675,5,13,fold_1,fold,1
214,A,0.2838635679112328,1.8660012309134863e-6,0.7161345660875357,5,13,fold_1,fold,1
214,C,0.46570070436215155,3.821216129474847e-6,0.5342954744217189,5,13,fold_1,fold,1
215,A,0.28386333311412193,1.7403130854346029e-6,0.7161349265727921,5,13,fold_1,fold,1
215,C,0.46570022354441326,3.563828726268446e-6,0.5342962126268611,5,13,fold_1,fold,1
216,A,0.2838631141324812,1.6230906796781415e-6,0.7161352627768389,5,13,fold_1,fold,1
216,C,0.46569977511384614,3.3237778204668603e-6,0.5342969011083338,5,13,fold_1,fold,1
217,A,0.2838629099010282,1.5137638299016628e-6,0.716135576335142,5,13,fold_1,fold,1
217,C,0.4656993568889258,3.099895761316395e-6,0.5342975432153133,5,13,fold_1,fold,1
218,A,0.2838627194262319,1.4118007521211064e-6,0.7161358687730165,5,13,fold_1,fold,1
218,C,0.4656989668350643,2.891093534009238e-6,0.5342981420714009,5,13,fold_1,fold,1
219,A,0.2838625417814818,1.3167054764080668e-6,0.7161361415130423,5,13,fold_1,fold,1
219,C,0.4656986030547194,2.696355464935485e-6,0.5342987005898164,5,13,fold_1,fold,1
220,A,0.2838623761025796,1.2280154352558983e-6,0.7161363958819839,5,13,fold_1,fold,1
220,C,0.4656982637781575,2.5147342833143778e-6,0.5342992214875611,5,13,fold_1,fold,1
221,A,0.28386222158353674,1.1452992142981475e-6,0.7161366331172483,5,13,fold_1,fold,1
221,C,0.46569794735484804,2.3453465152248166e-6,0.5342997072986362,5,13,fold_1,fold,1
222,A,0.2838620774726503,1.0681544544566293e-6,0.7161368543728943,5,13,fold_1,fold,1
222,C,0.4656976522454396,2.187368187683535e-6,0.5343001603863727,5,13,fold_1,fold,1
223,A,0.2838619430688534,9.962058953283813e-7,0.7161370607252522,5,13,fold_1,fold,1
223,C,0.4656973770142635,2.0400308219127066e-6,0.5343005829549149,5,13,fold_1,fold,1
224,A,0.2838618177182954,9.291035503060544e-7,0.7161372531781536,5,13,fold_1,fold,1
224,C,0.46569712032235505,1.9026176963411906e-6,0.5343009770599496,5,13,fold_1,fold,1
225,A,0.28386170081117157,8.665210045654727e-7,0.7161374326678235,5,13,fold_1,fold,1
225,C,0.4656968809209365,1.7744603611897407e-6,0.5343013446187036,5,13,fold_1,fold,1
226,A,0.28386159177874837,8.08153827650552e-7,0.7161376000674247,5,13,fold_1,fold,1
226,C,0.46569665764534834,1.6549353877115676e-6,0.5343016874192651,5,13,fold_1,fold,1
227,A,0.2838614900906016,7.537180929423184e-7,0.7161377561913053,5,13,fold_1,fold,1
227,C,0.4656964494093767,1.5434613362978732e-6,0.5343020071292874,5,13,fold_1,fold,1
228,A,0.2838613952520353,7.029489968175526e-7,0.716137901798968,5,13,fold_1,fold,1
228,C,0.46569625519997426,1.4394959287196837e-6,0.534302305304097,5,13,fold_1,fold,1
229,A,0.2838613068016737,6.55599570786508e-7,0.716138037598755,5,13,fold_1,fold,1
229,C,0.46569607407233143,1.3425334107671094e-6,0.534302583394259,5,13,fold_1,fold,1
230,A,0.28386122430921923,6.114394803506069e-7,0.7161381642512996,5,13,fold_1,fold,1
230,C,0.4656959051452751,1.2521020924710691e-6,0.5343028427526326,5,13,fold_1,fold,1
231,A,0.28386114737335716,5.702539047421958e-7,0.7161382823727375,5,13,fold_1,fold,1
231,C,0.46569574759699145,1.1677620539545464e-6,0.5343030846409554,5,13,fold_1,fold,1
232,A,0.2838610756198046,5.318424921012912e-7,0.716138392537704,5,13,fold_1,fold,1
232,C,0.46569560066101806,1.0891030057644649e-6,0.5343033102359767,5,13,fold_1,fold,1
233,A,0.283861008699489,4.960183850106865e-7,0.7161384952821261,5,13,fold_1,fold,1
233,C,0.4656954636225236,1.0157422932853358e-6,0.5343035206351837,5,13,fold_1,fold,1
234,A,0.2838609462868511,4.6260731165249523e-7,0.716138591105837,5,13,fold_1,fold,1
234,C,0.46569533581482414,9.473230355351669e-7,0.5343037168621396,5,13,fold_1,fold,1
235,A,0.2838608880782607,4.3144673816802623e-7,0.7161386804750006,5,13,fold_1,fold,1
235,C,0.4656952166161441,8.835123892968743e-7,0.534303899871468,5,13,fold_1,fold,1
236,A,0.28386083379053995,4.023850781002394e-7,0.7161387638243819,5,13,fold_1,fold,1
236,C,0.46569510544658765,8.2399993014707e-7,0.5343040705534823,5,13,fold_1,fold,1
237,A,0.28386078315958285,3.752809550753759e-7,0.7161388415594607,5,13,fold_1,fold,1
237,C,0.46569500176532214,7.684961425119862e-7,0.5343042297385351,5,13,fold_1,fold,1
238,A,0.28386073593907596,3.5000251513906614e-7,0.7161389140584082,5,13,fold_1,fold,1
238,C,0.46569490506794375,7.16731011409879e-7,0.5343043782010439,5,13,fold_1,fold,1
239,A,0.2838606918992955,3.2642678540346654e-7,0.7161389816739184,5,13,fold_1,fold,1
239,C,0.46569481488402575,6.684527090332554e-7,0.5343045166632661,5,13,fold_1,fold,1
240,A,0.283860650825992,3.044390758872007e-7,0.7161390447349321,5,13,fold_1,fold,1
240,C,0.4656947307748258,6.23426369785383e-7,0.5343046457988052,5,13,fold_1,fold,1
241,A,0.2838606125193472,2.839324216394389e-7,0.7161391035482312,5,13,fold_1,fold,1
241,C,0.46569465233115687,5.814329478145631e-7,0.534304766235896,5,13,fold_1,fold,1
242,A,0.28386057679300214,2.6480706243563e-7,0.7161391583999359,5,13,fold_1,fold,1
242,C,0.4656945791713945,5.42268151491425e-7,0.5343048785604545,5,13,fold_1,fold,1
243,A,0.2838605434731504,2.4696995751483245e-7,0.7161392095568915,5,13,fold_1,fold,1
243,C,0.4656945109396187,5.057414496480564e-7,0.5343049833189308,5,13,fold_1,fold,1
244,A,0.2838605123976941,2.3033433299895195e-7,0.7161392572679738,5,13,fold_1,fold,1
244,C,0.46569444730388637,4.716751447465804e-7,0.5343050810209703,5,13,fold_1,fold,1
245,A,0.2838604834154532,2.1481925979303335e-7,0.7161393017652876,5,13,fold_1,fold,1
245,C,0.4656943879546094,4.399035084700747e-7,0.5343051721418813,5,13,fold_1,fold,1
246,A,0.28386045638543056,2.0034925991395697e-7,0.71613934326531,5,13,fold_1,fold,1
246,C,0.465694332603058,4.1027197553219673e-7,0.5343052571249677,5,13,fold_1,fold,1
247,A,0.28386043117612697,1.8685393933308282e-7,0.7161393819699338,5,13,fold_1,fold,1
247,C,0.46569428097994664,3.826363917848962e-7,0.5343053363836618,5,13,fold_1,fold,1
248,A,0.2838604076649013,1.7426764554730787e-7,0.716139418067454,5,13,fold_1,fold,1
248,C,0.4656942328341318,3.568623129676126e-7,0.5343054103035544,5,13,fold_1,fold,1
249,A,0.28386038573737155,1.625291482132035e-7,0.7161394517334797,5,13,fold_1,fold,1
249,C,0.46569418793138573,3.3282435068744494e-7,0.5343054792442629,5,13,fold_1,fold,1
250,A,0.2838603652868626,1.5158134129103812e-7,0.7161394831317952,5,13,fold_1,fold,1
250,C,0.4656941460532568,3.104055624495129e-7,0.5343055435411787,5,13,fold_1,fold,1
251,A,0.2838603462138837,1.4137096525007447e-7,0.716139512415151,5,13,fold_1,fold,1
251,C,0.4656941069960117,2.894968827708343e-7,0.5343056035071067,5,13,fold_1,fold,1
252,A,0.28386032842564485,1.3184834798407572e-7,0.7161395397260069,5,13,fold_1,fold,1
252,C,0.4656940705696335,2.699965926108398e-7,0.5343056594337733,5,13,fold_1,fold,1
253,A,0.2838603118356082,1.2296716317694045e-7,0.7161395651972287,5,13,fold_1,fold,1
253,C,0.4656940365969131,2.5180982453797437e-7,0.5343057115932631,5,13,fold_1,fold,1
254,A,0.28386029636306337,1.1468420494321964e-7,0.7161395889527321,5,13,fold_1,fold,1
254,C,0.4656940049125709,2.348481012255562e-7,0.5343057602393275,5,13,fold_1,fold,1
255,A,0.2838602819327371,1.06959177647432e-7,0.7161396111080864,5,13,fold_1,fold,1
255,C,0.46569397536246615,2.1902890503219143e-7,0.5343058056086294,5,13,fold_1,fold,1
256,A,0.2838602684744267,9.975449987988493e-8,0.7161396317710738,5,13,fold_1,fold,1
256,C,0.46569394780283546,2.0427527657316265e-7,0.5343058479218874,5,13,fold_1,fold,1
257,A,0.2838602559226578,9.303512163556933e-8,0.7161396510422211,5,13,fold_1,fold,1
257,C,0.4656939220996033,1.9051544033022523e-7,0.5343058873849557,5,13,fold_1,fold,1
258,A,0.2838602442163666,8.676835371133848e-8,0.7161396690152801,5,13,fold_1,fold,1
258,C,0.4656938981277243,1.7768245528304982e-7,0.5343059241898205,5,13,fold_1,fold,1
259,A,0.2838602332986024,8.092370900396934e-8,0.7161396857776886,5,13,fold_1,fold,1
259,C,0.46569387577057547,1.6571388991226716e-7,0.5343059585155351,5,13,fold_1,fold,1
260,A,0.28386022311624176,7.54727489047872e-8,0.7161397014110088,5,13,fold_1,fold,1
260,C,0.4656938549193704,1.545515076398387e-7,0.5343059905291225,5,13,fold_1,fold,1
261,A,0.2838602136197365,7.038894912458927e-8,0.7161397159913137,5,13,fold_1,fold,1
261,C,0.46569383547264553,1.441409920599277e-7,0.5343060203863617,5,13,fold_1,fold,1
262,A,0.2838602047628937,6.564758084622153e-8,0.7161397295895245,5,13,fold_1,fold,1
262,C,0.46569381733580906,1.3443170355874478e-7,0.5343060482324881,5,13,fold_1,fold,1
263,A,0.28386019650262323,6.122557700756243e-8,0.7161397422717997,5,13,fold_1,fold,1
263,C,0.4656938004206195,1.2537640548423586e-7,0.5343060742029743,5,13,fold_1,fold,1
264,A,0.2838601887988369,5.7101477155294166e-8,0.7161397540996856,5,13,fold_1,fold,1
264,C,0.4656937846449868,1.1693115121412572e-7,0.5343060984238616,5,13,fold_1,fold,1
265,A,0.2838601816141924,5.325529087553257e-8,0.7161397651305165,5,13,fold_1,fold,1
265,C,0.4656937699324414,1.090550044855767e-7,0.5343061210125545,5,13,fold_1,fold,1
266,A,0.28386017491373844,4.966830767102753e-8,0.7161397754179543,5,13,fold_1,fold,1
266,C,0.4656937562114106,1.017096500583706e-7,0.53430614207893945,5,13,fold_1,fold,1
267,A,0.28386016866365427,4.6322422356231675e-8,0.7161397850139232,5,13,fold_1,fold,1
267,C,0.46569374341263836,9.485801226050159e-8,0.5343061617293497,5,13,fold_1,fold,1
268,A,0.2838601628342613,4.320174693676356e-8,0.7161397939639916,5,13,fold_1,fold,1
268,C,0.4656937314753475,8.846755578398526e-8,0.5343061800570972,5,13,fold_1,fold,1
269,A,0.28386015739234627,4.028850153394684e-8,0.7161398023191522,5,13,fold_1,fold,1
269,C,0.46569372033152423,8.250187114725722e-8,0.5343061971666043,5,13,fold_1,fold,1
270,A,0.2838601522549598,3.753828023980321e-8,0.7161398102067602,5,13,fold_1,fold,1
270,C,0.4656937098113093,7.687002459510004e-8,0.5343062133186667,5,13,fold_1,fold,1
271,A,0.28386014768381507,3.509118736249243e-8,0.7161398172249976,5,13,fold_1,fold,1
271,C,0.4656937004506302,7.185891925146471e-8,0.5343062276904497,5,13,fold_1,fold,1
272,A,0.28386014341066057,3.2803618501996833e-8,0.7161398237857208,5,13,fold_1,fold,1
272,C,0.4656936917001686,6.717448433676123e-8,0.534306241125347,5,13,fold_1,fold,1
273,A,0.2838601394160695,3.066517442877224e-8,0.7161398299187569,5,13,fold_1,fold,1
273,C,0.4656936835201431,6.279542446283688e-8,0.5343062536844327,5,13,fold_1,fold,1
274,A,0.28386013568188345,2.866613383429723e-8,0.7161398356519828,5,13,fold_1,fold,1
274,C,0.46569367587336913,5.8701832461504106e-8,0.5343062654247988,5,13,fold_1,fold,1
275,A,0.2838601321911262,2.679740913135153e-8,0.7161398410114648,5,13,fold_1,fold,1
275,C,0.46569366872508255,5.487509889566829e-8,0.5343062763998191,5,13,fold_1,fold,1
276,A,0.2838601289279293,2.5050505142638186e-8,0.716139846021566,5,13,fold_1,fold,1
276,C,0.4656936620427886,5.129782746162447e-8,0.534306286659384,5,13,fold_1,fold,1
277,A,0.28386012587745785,2.3417480482412135e-8,0.7161398507050625,5,13,fold_1,fold,1
277,C,0.46569365579610783,4.7953755906153854e-8,0.5343062962501346,5,13,fold_1,fold,1
278,A,0.2838601230258443,2.1890911455565443e-8,0.7161398550832443,5,13,fold_1,fold,1
278,C,0.4656936499566469,4.482768209892744e-8,0.5343063052156709,5,13,fold_1,fold,1
279,A,0.2838601203601261,2.0463858310064303e-8,0.7161398591760162,5,13,fold_1,fold,1
279,C,0.46569364449785333,4.19053949241458e-8,0.53430631359675,5,13,fold_1,fold,1
280,A,0.2838601178681838,1.912983368932795e-8,0.7161398630019823,5,13,fold_1,fold,1
280,C,0.4656936393949178,3.9173609677266205e-8,0.5343063214314722,5,13,fold_1,fold,1
281,A,0.28386011553868995,1.7882773141142492e-8,0.7161398665785371,5,13,fold_1,fold,1
281,C,0.4656936346246381,3.661990767313234e-8,0.5343063287554538,5,13,fold_1,fold,1
282,A,0.2838601133610537,1.6717007549048e-8,0.7161398699219379,5,13,fold_1,fold,1
282,C,0.4656936301653306,3.423267979097717e-8,0.5343063356019904,5,13,fold_1,fold,1
283,A,0.2838601113253767,1.562723736087809e-8,0.7161398730473859,5,13,fold_1,fold,1
283,C,0.4656936259967218,3.20010736996591e-8,0.5343063420022045,5,13,fold_1,fold,1
284,A,0.2838601094224038,1.4608508497299807e-8,0.7161398759690875,5,13,fold_1,fold,1
284,C,0.46569362209986165,2.9914944523224006e-8,0.5343063479851942,5,13,fold_1,fold,1
285,A,0.28386010764348474,1.365618983083802e-8,0.7161398787003259,5,13,fold_1,fold,1
285,C,0.46569361845703616,2.7964808722523314e-8,0.5343063535781555,5,13,fold_1,fold,1
286,A,0.2838601059805316,1.2765952133008104e-8,0.7161398812535165,5,13,fold_1,fold,1
286,C,0.4656936150516834,2.6141800983238908e-8,0.5343063588065152,5,13,fold_1,fold,1
287,A,0.2838601044259856,1.1933748393854227e-8,0.7161398836402658,5,13,fold_1,fold,1
287,C,0.4656936118683236,2.4437633914331772e-8,0.5343063636940417,5,13,fold_1,fold,1
288,A,0.28386010297277964,1.1155795424428366e-8,0.7161398858714253,5,13,fold_1,fold,1
288,C,0.46569360889248557,2.2844560373706174e-8,0.5343063682629554,5,13,fold_1,fold,1
289,A,0.28386010161430714,1.0428556658578168e-8,0.7161398879571366,5,13,fold_1,fold,1
289,C,0.46569360611063965,2.135533824982582e-8,0.5343063725340225,5,13,fold_1,fold,1
290,A,0.2838601003443927,9.748726075863097e-9,0.7161398899068822,5,13,fold_1,fold,1
290,C,0.4656936035101404,1.996319753918173e-8,0.5343063765266616,5,13,fold_1,fold,1
291,A,0.28386009915726235,9.113213169177984e-9,0.7161398917295242,5,13,fold_1,fold,1
291,C,0.46569360107916674,1.8661809569180843e-8,0.5343063802590231,5,13,fold_1,fold,1
292,A,0.28386009804752127,8.519128901163421e-9,0.7161398934333496,5,13,fold_1,fold,1
292,C,0.4656935988066661,1.7445258229360383e-8,0.5343063837480743,5,13,fold_1,fold,1
293,A,0.283860097010123,7.963772574686524e-9,0.716139895026104,5,13,fold_1,fold,1
293,C,0.46569359668230886,1.6308013077753052e-8,0.5343063870096776,5,13,fold_1,fold,1
294,A,0.28386009604035234,7.444619543721576e-9,0.7161398965150285,5,13,fold_1,fold,1
294,C,0.46569359469643795,1.5244904196907083e-8,0.5343063900586589,5,13,fold_1,fold,1
295,A,0.2838600951337998,6.959309741874285e-9,0.7161398979068905,5,13,fold_1,fold,1
295,C,0.4656935928400237,1.425109869268288e-8,0.5343063929088782,5,13,fold_1,fold,1
296,A,0.28386009428634523,6.505636953589536e-9,0.7161398992080178,5,13,fold_1,fold,1
296,C,0.4656935911046274,1.3322078723957816e-8,0.5343063955732935,5,13,fold_1,fold,1
297,A,0.28386009349413566,6.081538784757051e-9,0.7161399004243258,5,13,fold_1,fold,1
297,C,0.46569358948236084,1.2453620964555498e-8,0.5343063980640187,5,13,fold_1,fold,1
298,A,0.28386009275357027,5.685087287122072e-9,0.7161399015613437,5,13,fold_1,fold,1
298,C,0.46569358796584853,1.1641777404034556e-8,0.5343064003923736,5,13,fold_1,fold,1
299,A,0.283860092061281,5.3144801938804265e-9,0.7161399026242402,5,13,fold_1,fold,1
299,C,0.4656935865481978,1.0882857400057658e-8,0.5343064025689448,5,13,fold_1,fold,1
300,A,0.2838600914141219,4.968032726615594e-9,0.7161399036178446,5,13,fold_1,fold,1
300,C,0.46569358522296095,1.0173410900752092e-8,0.5343064046036267,5,13,fold_1,fold,1
301,A,0.2838600908091504,4.64416993633277e-9,0.7161399045466785,5,13,fold_1,fold,1
301,C,0.46569358398411753,9.51021276079089e-9,0.5343064065056699,5,13,fold_1,fold,1
302,A,0.2838600902436172,4.341419543772941e-9,0.7161399054149635,5,13,fold_1,fold,1
302,C,0.46569358282603285,8.890248079895971e-9,0.5343064082837202,5,13,fold_1,fold,1
303,A,0.2838600897149504,4.058405246459494e-9,0.7161399062266436,5,13,fold_1,fold,1
303,C,0.4656935817434423,8.310698497112844e-9,0.5343064099458591,5,13,fold_1,fold,1
304,A,0.28386008922074707,3.793840462051789e-9,0.7161399069854133,5,13,fold_1,fold,1
304,C,0.46569358073142564,7.768929378550779e-9,0.5343064114996448,5,13,fold_1,fold,1
305,A,0.2838600887587607,3.5465224795632484e-9,0.7161399076947172,5,13,fold_1,fold,1
305,C,0.4656935797853815,7.262477840344332e-9,0.5343064129521401,5,13,fold_1,fold,1
306,A,0.28386008832689,3.315326991855992e-9,0.7161399083577817,5,13,fold_1,fold,1
306,C,0.4656935789010093,6.789041552388785e-9,0.5343064143099486,5,13,fold_1,fold,1
307,A,0.28386008792317396,3.099202984556926e-9,0.7161399089776228,5,13,fold_1,fold,1
307,C,0.4656935780742887,6.346468271951775e-9,0.5343064155792424,5,13,fold_1,fold,1
308,A,0.28386008754577535,2.8971679581605814e-9,0.7161399095570559,5,13,fold_1,fold,1
308,C,0.4656935773014623,5.932746059580885e-9,0.5343064167657922,5,13,fold_1,fold,1
309,A,0.2838600871929792,2.708303461598806e-9,0.7161399100987165,5,13,fold_1,fold,1
309,C,0.46569357657901483,5.545994132829045e-9,0.5343064178749904,5,13,fold_1,fold,1
310,A,0.28386008686318176,2.5317509169729404e-9,0.7161399106050677,5,13,fold_1,fold,1
310,C,0.4656935759036655,5.184454316218801e-9,0.5343064189118821,5,13,fold_1,fold,1
311,A,0.28386008655488315,2.3667077175004924e-9,0.7161399110784092,5,13,fold_1,fold,1
311,C,0.4656935752723384,4.846483047363983e-9,0.5343064198811774,5,13,fold_1,fold,1
312,A,0.2838600862666829,2.2124235770639815e-9,0.716139911520894,5,13,fold_1,fold,1
312,C,0.46569357468216854,4.530543907397984e-9,0.5343064207872865,5,13,fold_1,fold,1
313,A,0.28386008599726964,2.0681971182221258e-9,0.7161399119345332,5,13,fold_1,fold,1
313,C,0.4656935741304727,4.2352006378656035e-9,0.5343064216343274,5,13,fold_1,fold,1
314,A,0.28386008574542004,1.9333726874789476e-9,0.7161399123212078,5,13,fold_1,fold,1
314,C,0.46569357361474045,3.9591106072347456e-9,0.5343064224261489,5,13,fold_1,fold,1
315,A,0.2838600855099879,1.8073373729331998e-9,0.7161399126826753,5,13,fold_1,fold,1
315,C,0.46569357313262844,3.7010187092472805e-9,0.5343064231663528,5,13,fold_1,fold,1
316,A,0.28386008528990275,1.6895182179853306e-9,0.7161399130205778,5,13,fold_1,fold,1
316,C,0.46569357268194556,3.459751657204886e-9,0.5343064238583025,5,13,fold_1,fold,1
317,A,0.28386008508416566,1.5793796166805378e-9,0.7161399133364545,5,13,fold_1,fold,1
317,C,0.46569357226064134,3.2342126502064475e-9,0.5343064245051459,5,13,fold_1,fold,1
318,A,0.2838600848918405,1.4764208788472795e-9,0.716139913631739,5,13,fold_1,fold,1
318,C,0.46569357186680316,3.023376387089751e-9,0.5343064251098213,5,13,fold_1,fold,1
319,A,0.28386008471205243,1.380173953962538e-9,0.7161399139077743,5,13,fold_1,fold,1
319,C,0.4656935714986391,2.826284405410849e-9,0.5343064256750787,5,13,fold_1,fold,1
320,A,0.2838600845439846,1.2902013033965018e-9,0.7161399141658131,5,13,fold_1,fold,1
320,C,0.465693571154473,2.6420407242721803e-9,0.534306426203486,5,13,fold_1,fold,1
321,A,0.28386008438687343,1.206093911364034e-9,0.7161399144070326,5,13,fold_1,fold,1
321,C,0.4656935708327454,2.4698077711917373e-9,0.5343064266974477,5,13,fold_1,fold,1
322,A,0.2838600842400041,1.1274694255406854e-9,0.7161399146325269,5,13,fold_1,fold,1
322,C,0.4656935705319898,2.3088025744968166e-9,0.5343064271592081,5,13,fold_1,fold,1
323,A,0.28386008410270885,1.0539704188905616e-9,0.7161399148433203,5,13,fold_1,fold,1
323,C,0.46569357025084024,2.158293203933101e-9,0.5343064275908663,5,13,fold_1,fold,1
324,A,0.2838600839743638,9.852627648043596e-10,0.7161399150403736,5,13,fold_1,fold,1
324,C,0.4656935699880174,2.0175954433079735e-9,0.5343064279943848,5,13,fold_1,fold,1
325,A,0.2838600838543857,9.210341181609036e-10,0.7161399152245799,5,13,fold_1,fold,1
325,C,0.4656935697423315,1.8860696800420006e-9,0.5343064283715997,5,13,fold_1,fold,1
326,A,0.28386008374222854,8.609924954072006e-10,0.7161399153967779,5,13,fold_1,fold,1
326,C,0.46569356951265883,1.7631179974884683e-9,0.5343064287242234,5,13,fold_1,fold,1
327,A,0.28386008363738324,8.048649472020059e-10,0.7161399155577514,5,13,fold_1,fold,1
327,C,0.46569356929795935,1.6481814568026509e-9,0.5343064290538603,5,13,fold_1,fold,1
328,A,0.28386008353937303,7.52396317588792e-10,0.7161399157082311,5,13,fold_1,fold,1
328,C,0.4656935690972553,1.5407375560042142e-9,0.5343064293620072,5,13,fold_1,fold,1
329,A,0.2838600834477513,7.033480840573114e-10,0.7161399158489004,5,13,fold_1,fold,1
329,C,0.4656935689096349,1.4402978546816915e-9,0.5343064296500666,5,13,fold_1,fold,1
330,A,0.2838600833621028,6.574972732207308e-10,0.7161399159803997,5,13,fold_1,fold,1
330,C,0.46569356873424667,1.3464057535408395e-9,0.5343064299193474,5,13,fold_1,fold,1
331,A,0.2838600832820376,6.146354471110545e-10,0.7161399161033271,5,13,fold_1,fold,1
331,C,0.46569356857029137,1.2586344193017029e-9,0.5343064301710747,5,13,fold_1,fold,1
332,A,0.28386008320719186,5.74567755749274e-10,0.7161399162182402,5,13,fold_1,fold,1
332,C,0.4656935684170242,1.1765848432938218e-9,0.5343064304063919,5,13,fold_1,fold,1
333,A,0.28386008313722527,5.371120514283328e-10,0.7161399163256631,5,13,fold_1,fold,1
333,C,0.4656935682737482,1.0998840268455892e-9,0.534306430626369,5,13,fold_1,fold,1
334,A,0.2838600830718193,5.020980604058225e-10,0.7161399164260827,5,13,fold_1,fold,1
334,C,0.46569356813981144,1.0281832877343455e-9,0.5343064308320055,5,13,fold_1,fold,1
335,A,0.2838600830106774,4.693666089725655e-10,0.7161399165199561,5,13,fold_1,fold,1
335,C,0.4656935680146069,9.611566741086167e-10,0.5343064310242366,5,13,fold_1,fold,1
336,A,0.28386008295352116,4.3876889984894946e-10,0.7161399166077101,5,13,fold_1,fold,1
336,C,0.4656935678975642,8.984994827098045e-10,0.5343064312039363,5,13,fold_1,fold,1
337,A,0.28386008290009124,4.1016583575248005e-10,0.7161399166897429,5,13,fold_1,fold,1
337,C,0.4656935677881504,8.39926873690047e-10,0.5343064313719209,5,13,fold_1,fold,1
338,A,0.28386008285014447,3.8342738706149407e-10,0.716139916766428,5,13,fold_1,fold,1
338,C,0.46569356768587167,7.851725757292115e-10,0.5343064315289565,5,13,fold_1,fold,1
339,A,0.2838600828034535,3.584320007004319e-10,0.7161399168381142,5,13,fold_1,fold,1
339,C,0.4656935675902591,7.339876755644489e-10,0.5343064316757549,5,13,fold_1,fold,1
340,A,0.28386008275980573,3.3506604755945907e-10,0.7161399169051285,5,13,fold_1,fold,1
340,C,0.465693567500879,6.861394864295617e-10,0.5343064318129819,5,13,fold_1,fold,1
341,A,0.28386008271900426,3.1322330593642384e-10,0.7161399169677736,5,13,fold_1,fold,1
341,C,0.46569356741732526,6.414104902600749e-10,0.5343064319412631,5,13,fold_1,fold,1
342,A,0.28386008268086216,2.928044786528686e-10,0.7161399170263335,5,13,fold_1,fold,1
342,C,0.4656935673392198,5.995973488552638e-10,0.5343064320611833,5,13,fold_1,fold,1
343,A,0.2838600826452064,2.7371674164891943e-10,0.7161399170810767,5,13,fold_1,fold,1
343,C,0.4656935672662049,5.605099795019111e-10,0.5343064321732844,5,13,fold_1,fold,1
344,A,0.28386008261187506,2.5587332200496025e-10,0.7161399171322509,5,13,fold_1,fold,1
344,C,0.46569356719795013,5.239706908575569e-10,0.5343064322780797,5,13,fold_1,fold,1
345,A,0.28386008258071654,2.391931034717876e-10,0.7161399171800898,5,13,fold_1,fold,1
345,C,0.46569356713414384,4.898133751649548e-10,0.5343064323760413,5,13,fold_1,fold,1
346,A,0.2838600825515897,2.236002577159859e-10,0.7161399172248109,5,13,fold_1,fold,1
346,C,0.4656935670744984,4.578827531255648e-10,0.5343064324676182,5,13,fold_1,fold,1
347,A,0.283860082524361,2.0902389960416577e-10,0.7161399172666144,5,13,fold_1,fold,1
347,C,0.46569356701874104,4.2803366799924395e-10,0.5343064325532255,5,13,fold_1,fold,1
348,A,0.28386008249890776,1.9539776495899354e-10,0.7161399173056943,5,13,fold_1,fold,1
348,C,0.4656935669666177,4.0013042572113763e-10,0.5343064326332516,5,13,fold_1,fold,1
349,A,0.28386008247511363,1.8265990932208382e-10,0.7161399173422257,5,13,fold_1,fold,1
349,C,0.4656935669178933,3.740461780359231e-10,0.5343064327080601,5,13,fold_1,fold,1
350,A,0.28386008245287053,1.7075242635434318e-10,0.716139917376376,5,13,fold_1,fold,1
350,C,0.46569356687234426,3.4966234584514037e-10,0.5343064327779935,5,13,fold_1,fold,1
351,A,0.28386008243207766,1.596211845442346e-10,0.7161399174083015,5,13,fold_1,fold,1
351,C,0.46569356682976537,3.2686808015252095e-10,0.5343064328433669,5,13,fold_1,fold,1
352,A,0.2838600824126404,1.492155812111605e-10,0.7161399174381443,5,13,fold_1,fold,1
352,C,0.4656935667899618,3.055597581329641e-10,0.534306432904479,5,13,fold_1,fold,1
353,A,0.2838600823944698,1.3948831252358665e-10,0.7161399174660417,5,13,fold_1,fold,1
353,C,0.4656935667527524,2.856405120552671e-10,0.5343064329616064,5,13,fold_1,fold,1
354,A,0.2838600823774841,1.3039515827971774e-10,0.7161399174921204,5,13,fold_1,fold,1
354,C,0.46569356671796946,2.67019788943815e-10,0.5343064330150104,5,13,fold_1,fold,1
355,A,0.28386008236160515,1.2189478096425573e-10,0.7161399175165,5,13,fold_1,fold,1
355,C,0.46569356668545364,2.4961293891373297e-10,0.5343064330649333,5,13,fold_1,fold,1
356,A,0.28386008234676197,1.1394853782794024e-10,0.7161399175392889,5,13,fold_1,fold,1
356,C,0.46569356665505723,2.3334083035216896e-10,0.5343064331116006,5,13,fold_1,fold,1
357,A,0.283860082332886,1.0652030521750703e-10,0.7161399175605934,5,13,fold_1,fold,1
357,C,0.4656935666266433,2.1812949018566537e-10,0.5343064331552273,5,13,fold_1,fold,1
358,A,0.2838600823199148,9.957631435745849e-11,0.7161399175805093,5,13,fold_1,fold,1
358,C,0.4656935666000803,2.039097675982676e-10,0.5343064331960089,5,13,fold_1,fold,1
359,A,0.2838600823077889,9.308499783711503e-11,0.7161399175991258,5,13,fold_1,fold,1
359,C,0.46569356657525046,1.906170196716364e-10,0.5343064332341332,5,13,fold_1,fold,1
360,A,0.28386008229645376,8.701684610507118e-11,0.7161399176165292,5,13,fold_1,fold,1
360,C,0.465693566552038,1.7819081751807672e-10,0.5343064332697713,5,13,fold_1,fold,1
361,A,0.28386008228585774,8.134427331868355e-11,0.7161399176327987,5,13,fold_1,fold,1
361,C,0.4656935665303393,1.6657467157057186e-10,0.5343064333030855,5,13,fold_1,fold,1
362,A,0.2838600822759521,7.604149193874088e-11,0.7161399176480073,5,13,fold_1,fold,1
362,C,0.4656935665100556,1.557157747809799e-10,0.5343064333342291,5,13,fold_1,fold,1
363,A,0.2838600822666926,7.108439549922362e-11,0.7161399176622233,5,13,fold_1,fold,1
363,C,0.4656935664910938,1.455647625589773e-10,0.5343064333633432,5,13,fold_1,fold,1
364,A,0.28386008225803594,6.645044901922685e-11,0.7161399176755138,5,13,fold_1,fold,1
364,C,0.46569356647336746,1.3607548836042962e-10,0.5343064333905567,5,13,fold_1,fold,1
365,A,0.2838600822499438,6.211858655885594e-11,0.7161399176879363,5,13,fold_1,fold,1
365,C,0.465693566456797,1.2720481390501318e-10,0.5343064334159984,5,13,fold_1,fold,1
0,A,0.999,0.001,0,6,13,fold_1,fold,1
0,C,0.9990000000000001,0.001,0,6,13,fold_1,fold,1
1,A,0.9984864479180852,0.0012856901552188086,2.2786192669613234e-4,6,13,fold_1,fold,1
1,C,0.9986571633500888,0.001130030361555166,2.128062883557533e-4,6,13,fold_1,fold,1
2,A,0.9978704236727172,0.001612492554788153,5.170837724939703e-4,6,13,fold_1,fold,1
2,C,0.9982749391257477,0.0012722167814695129,4.528440927817915e-4,6,13,fold_1,fold,1
3,A,0.9971472377702109,0.001977283461450626,8.75478768338837e-4,6,13,fold_1,fold,1
3,C,0.9978507154897406,0.0014267380624605843,7.225464477988644e-4,6,13,fold_1,fold,1
4,A,0.9963069254675779,0.002382264672192325,0.001310809860229683,6,13,fold_1,fold,1
4,C,0.9973809793472155,0.0015945490461005787,0.0010244716066855114,6,13,fold_1,fold,1
5,A,0.9953343301896784,0.0028338167648413095,0.0018318530454802839,6,13,fold_1,fold,1
5,C,0.9968612758178914,0.0017772487620191404,0.0013614754200883795,6,13,fold_1,fold,1
6,A,0.9942111208625991,0.0033402790333573553,0.0024486001040428663,6,13,fold_1,fold,1
6,C,0.9962865375167197,0.001976782670702228,0.0017366798125781375,6,13,fold_1,fold,1
7,A,0.9929151932312387,0.003911487446478882,0.003173319322282059,6,13,fold_1,fold,1
7,C,0.9956507763517977,0.002195453525646009,0.002153770122555348,6,13,fold_1,fold,1
8,A,0.9914231513463996,0.0045573147934265005,0.004019533860174341,6,13,fold_1,fold,1
8,C,0.9949476840528867,0.0024356277272019906,0.0026166882199128126,6,13,fold_1,fold,1
9,A,0.989710137777451,0.00528771666084746,0.0050021455617019,6,13,fold_1,fold,1
9,C,0.9941705691752895,0.0026997432120563166,0.003129687612654742,6,13,fold_1,fold,1
10,A,0.9877443995487837,0.006114888007175178,0.006140712444041895,6,13,fold_1,fold,1
10,C,0.9933108893191517,0.0029908350307556713,0.003698275650092916,6,13,fold_1,fold,1
11,A,0.985494326829519,0.0070502295026204816,0.007455443667860603,6,13,fold_1,fold,1
11,C,0.99236014165466635,0.003311808352942398,0.004328049992391883,6,13,fold_1,fold,1
12,A,0.9829251885084271,0.008105878903745726,0.00896893258782748,6,13,fold_1,fold,1
12,C,0.9913089805433067,0.0036657907957982697,0.005025228660895867,6,13,fold_1,fold,1
13,A,0.9799985788628416,0.00929479711526363,0.010706624021893702,6,13,fold_1,fold,1
13,C,0.9901470435412937,0.004056180042851204,0.005796776415854776,6,13,fold_1,fold,1
14,A,0.9766726731631122,0.010630608828254822,0.012696718008634152,6,13,fold_1,fold,1
14,C,0.9888629799914553,0.004486630354934273,0.006650389653611465,6,13,fold_1,fold,1
15,A,0.9729026987566386,0.012127237722767163,0.014970063520594254,6,13,fold_1,fold,1
15,C,0.9874444892871891,0.004961021203494107,0.00759448950931599,6,13,fold_1,fold,1
16,A,0.9686408273110946,0.013798912661522616,0.017560260027382545,6,13,fold_1,fold,1
16,C,0.9858782242208632,0.0054834926539600905,0.008638283125175575,6,13,fold_1,fold,1
17,A,0.9638365875366797,0.0156598354030031,0.020503577060317073,6,13,fold_1,fold,1
17,C,0.9841497912355941,0.006058428420634274,0.009791780343772942,6,13,fold_1,fold,1
18,A,0.9584369905041139,0.01772384676840072,0.02383916272748516,6,13,fold_1,fold,1
18,C,0.9822436150886842,0.006690471880668224,0.011065913030647507,6,13,fold_1,fold,1
19,A,0.9523871464646876,0.02000394535097269,0.0276089081843396,6,13,fold_1,fold,1
19,C,0.980142909866484,0.007384509324608708,0.012472580808907837,6,13,fold_1,fold,1
20,A,0.9456311177370643,0.02251169409843654,0.03185718816449877,6,13,fold_1,fold,1
20,C,0.9778296714279756,0.008145640681951224,0.014024687890074234,6,13,fold_1,fold,1
21,A,0.9381129953150069,0.025256517440821746,0.03663048724417096,6,13,fold_1,fold,1
21,C,0.9752846846513559,0.008979138363297617,0.01573617698534733,6,13,fold_1,fold,1
22,A,0.9297782184624652,0.028244889365672807,0.04197689217186233,6,13,fold_1,fold,1
22,C,0.9724875480998338,0.009890391790628889,0.017622060109538228,6,13,fold_1,fold,1
23,A,0.9205748030124838,0.03147985380981145,0.04794534317770425,6,13,fold_1,fold,1
23,C,0.9694168442552281,0.0108848320749686,0.019698323669803498,6,13,fold_1,fold,1
24,A,0.910455384790098,0.0349596410793352,0.05458497413056709,6,13,fold_1,fold,1
24,C,0.9660500928430218,0.011967853133610849,0.021982054023366702,6,13,fold_1,fold,1
25,A,0.8993795197764574,0.038676168061568136,0.06194431216197503,6,13,fold_1,fold,1
25,C,0.9623636967222001,0.013144702967659927,0.024491600310138667,6,13,fold_1,fold,1
26,A,0.8873161843327423,0.04261433277160269,0.0700694828956548,6,13,fold_1,fold,1
26,C,0.9583333338694292,0.01442032269014167,0.02724634344042778,6,13,fold_1,fold,1
27,A,0.8742457264610498,0.04675158688526282,0.07900268665368702,6,13,fold_1,fold,1
27,C,0.9539343153019308,0.015799175405659744,0.0302665092924099,6,13,fold_1,fold,1
28,A,0.8601620204876985,0.05105722889797035,0.08878075061433097,6,13,fold_1,fold,1
28,C,0.9491418325210939,0.0172850628434839,0.03357310463542156,6,13,fold_1,fold,1
29,A,0.8450745474126187,0.0554919115363485,0.0994335410510325,6,13,fold_1,fold,1
29,C,0.9439312646597321,0.018880914973360634,0.0371878203669085,6,13,fold_1,fold,1
30,A,0.8290101620292685,0.060007608541391845,0.11098222942933926,6,13,fold_1,fold,1
30,C,0.9382786017145499,0.0205885513196442,0.041132846965806234,6,13,fold_1,fold,1
31,A,0.8120143078353776,0.06454812599033614,0.12343756617428656,6,13,fold_1,fold,1
31,C,0.9321609627008619,0.02240842153079605,0.04543061576834165,6,13,fold_1,fold,1
32,A,0.7941515053169768,0.06905017092950483,0.13679832375351858,6,13,fold_1,fold,1
32,C,0.9255571773306,0.02433933484888144,0.05010348782051909,6,13,fold_1,fold,1
33,A,0.7755050413237234,0.07344487661999942,0.15105008205627718,6,13,fold_1,fold,1
33,C,0.9184483833919833,0.02637820138037108,0.05517341522764596,6,13,fold_1,fold,1
34,A,0.7561757793277005,0.07765992488948169,0.16616429578281836,6,13,fold_1,fold,1
34,C,0.910818699451544,0.028519766916944748,0.060661533631510924,6,13,fold_1,fold,1
35,A,0.7362801001153941,0.08162230564501355,0.18209759423959224,6,13,fold_1,fold,1
35,C,0.9026560106726026,0.030756333277315882,0.06658765605008152,6,13,fold_1,fold,1
36,A,0.7159465431077097,0.08526133668481081,0.19879212020747897,6,13,fold_1,fold,1
36,C,0.8939526944255038,0.0330775525773621,0.07296975299713365,6,13,fold_1,fold,1
37,A,0.6953122015555923,0.08851132734198607,0.21617647110242116,6,13,fold_1,fold,1
37,C,0.8847061901664862,0.03547033754981986,0.07982347228369335,6,13,fold_1,fold,1
38,A,0.6745188032951767,0.09131423597230102,0.23416696073252302,6,13,fold_1,fold,1
38,C,0.8749196023539406,0.0379188023310836,0.0871615953149742,6,13,fold_1,fold,1
39,A,0.6537085621850653,0.09362217468410887,0.2526692631308263,6,13,fold_1,fold,1
39,C,0.8646022820142178,0.040404266136158294,0.094993451849623,6,13,fold_1,fold,1
40,A,0.633020011109692,0.09539940552136099,0.2715805833689474,6,13,fold_1,fold,1
40,C,0.8537702781092923,0.0429053696917965,0.10332435219891052,6,13,fold_1,fold,1
41,A,0.6125841465899293,0.09662358113712,0.2907922722729513,6,13,fold_1,fold,1
41,C,0.8424465934566414,0.045398328281681485,0.11215507826167735,6,13,fold_1,fold,1
42,A,0.5925211956079596,0.09728618326210597,0.3101926211299344,6,13,fold_1,fold,1
42,C,0.8306612424673298,0.04785731258013442,0.12148144495253552,6,13,fold_1,fold,1
43,A,0.5729381611450741,0.09739222683397694,0.32966961202094874,6,13,fold_1,fold,1
43,C,0.818451115817902,0.050254942488926875,0.13129394169317163,6,13,fold_1,fold,1
44,A,0.5539271691781653,0.09695932010602935,0.3491135107158058,6,13,fold_1,fold,1
44,C,0.8058596388953354,0.05256288449352797,0.14157747661113645,6,13,fold_1,fold,1
45,A,0.5355645864335495,0.09601618284700748,0.36841923071944366,6,13,fold_1,fold,1
45,C,0.7929362096296197,0.05475253998714494,0.1523112503832356,6,13,fold_1,fold,1
46,A,0.5179108598741514,0.09460075912369129,0.38748838100215766,6,13,fold_1,fold,1
46,C,0.7797354215273486,0.05679580008583419,0.16346877838681748,6,13,fold_1,fold,1
47,A,0.5010109949734501,0.09275809334680483,0.40623091167974523,6,13,fold_1,fold,1
47,C,0.7663160997811421,0.058665831504962004,0.17501806871389736,6,13,fold_1,fold,1
48,A,0.48489554467294604,0.09053814088641143,0.42456631444064313,6,13,fold_1,fold,1
48,C,0.7527401905207252,0.06033785348595101,0.1869219559933228,6,13,fold_1,fold,1
49,A,0.4695819565051934,0.0879936584258775,0.44242438506892917,6,13,fold_1,fold,1
49,C,0.7390715485644587,0.06178986607306601,0.19913858536247497,6,13,fold_1,fold,1
50,A,0.45507613353167736,0.08517828180035547,0.4597455846679661,6,13,fold_1,fold,1
50,C,0.7253746732762107,0.06300329249695648,0.2116220342268331,6,13,fold_1,fold,1
51,A,0.4413740903862051,0.0821448634443249,0.4764810461694694,6,13,fold_1,fold,1
51,C,0.7117134457658586,0.06396350258393259,0.22432305165021,6,13,fold_1,fold,1
52,A,0.4284636110270184,0.07894411052316982,0.4925922784498124,6,13,fold_1,fold,1
52,C,0.6981499207296973,0.06466019084198513,0.23718988842831729,6,13,fold_1,fold,1
53,A,0.4163258353462566,0.07562353722650017,0.5080506274272435,6,13,fold_1,fold,1
53,C,0.684743221214916,0.0650875922484801,0.2501691865366049,6,13,fold_1,fold,1
54,A,0.40493672148831117,0.07222672119629533,0.5228365573153941,6,13,fold_1,fold,1
54,C,0.6715485756783626,0.06524452961207422,0.26320689470956427,6,13,fold_1,fold,1
55,A,0.3942683523610982,0.06879283568333341,0.5369388119555678,6,13,fold_1,fold,1
55,C,0.6586165247969803,0.0651342981765522,0.2762491770264679,6,13,fold_1,fold,1
56,A,0.38429007399849163,0.06535641821750286,0.5503535077840055,6,13,fold_1,fold,1
56,C,0.6459923133439743,0.06476440323358879,0.28924328342243694,6,13,fold_1,fold,1
57,A,0.37496944440017665,0.061947353162491385,0.563083202437332,6,13,fold_1,fold,1
57,C,0.6337154937182016,0.0641461532148214,0.3021383530669771,6,13,fold_1,fold,1
58,A,0.3662730425980008,0.05859098420463002,0.5751359731973694,6,13,fold_1,fold,1
58,C,0.6218196971255123,0.0632941748988395,0.3148861279756487,6,13,fold_1,fold,1
59,A,0.35816712114260474,0.05530834783579722,0.5865245310215987,6,13,fold_1,fold,1
59,C,0.6103325859089175,0.06222585311315357,0.3274415609779286,6,13,fold_1,fold,1
60,A,0.3506181229707463,0.052116487641652304,0.5972653893876017,6,13,fold_1,fold,1
60,C,0.5992759624650971,0.060960729936691875,0.3397633075982082,6,13,fold_1,fold,1
61,A,0.3435930801106771,0.04902881855674014,0.6073781013325831,6,13,fold_1,fold,1
61,C,0.588666010674429,0.059519892854653186,0.3518140964709168,6,13,fold_1,fold,1
62,A,0.337059914584733,0.04605551325256481,0.6168845721627013,6,13,fold_1,fold,1
62,C,0.5785136408667488,0.057925380571994256,0.3635609785612569,6,13,fold_1,fold,1
63,A,0.33098765878108993,0.04320389106500729,0.6258084501539029,6,13,fold_1,fold,1
63,C,0.5688249105850048,0.05619962846139244,0.3749754609536024,6,13,fold_1,fold,1
64,A,0.32534660927269304,0.04047879662802101,0.6341745940992864,6,13,fold_1,fold,1
64,C,0.5596014961145781,0.05436496884930399,0.3860335350361191,6,13,fold_1,fold,1
65,A,0.32010842626874353,0.0378829591430833,0.6420086145881729,6,13,fold_1,fold,1
65,C,0.5508411923214824,0.052443196369738904,0.39671561130877914,6,13,fold_1,fold,1
66,A,0.31524618978559116,0.03541732562509327,0.6493364845893163,6,13,fold_1,fold,1
66,C,0.5425384210225266,0.05045520457609704,0.40700637440137644,6,13,fold_1,fold,1
67,A,0.31073442224876746,0.03308136394167266,0.6561842138095595,6,13,fold_1,fold,1
67,C,0.5346847313391537,0.0484206959752888,0.41689457268555774,6,13,fold_1,fold,1
68,A,0.30654908551064664,0.030873333939148626,0.6625775805502037,6,13,fold_1,fold,1
68,C,0.5272692791314191,0.04635796381376709,0.4263727570548149,6,13,fold_1,fold,1
69,A,0.30266755859263544,0.028790526830026485,0.6685419145773386,6,13,fold_1,fold,1
69,C,0.5202792761946627,0.044283740926199244,0.4354369828791376,6,13,fold_1,fold,1
70,A,0.29906860112363876,0.026829474128524086,0.6741019247478369,6,13,fold_1,fold,1
70,C,0.5137004030466836,0.042213109010696664,0.44408648794261985,6,13,fold_1,fold,1
71,A,0.2957323064651931,0.024986128011564367,0.6792815655232426,6,13,fold_1,fold,1
71,C,0.50751718171207,0.040159460631135235,0.4523233576567951,6,13,fold_1,fold,1
72,A,0.29264004776214675,0.0232560153291764,0.6841039369086764,6,13,fold_1,fold,1
72,C,0.5017133069778287,0.03813450577746218,0.4601521872447097,6,13,fold_1,fold,1
73,A,0.28977441951001437,0.021634367708914356,0.6885912127810707,6,13,fold_1,fold,1
73,C,0.4962719362442873,0.036148314771221074,0.4675797489844932,6,13,fold_1,fold,1
74,A,0.28711917663518116,0.02011623030720164,0.6927645930576183,6,13,fold_1,fold,1
74,C,0.4911759393777818,0.03420938961809907,0.4746146710041179,6,13,fold_1,fold,1
75,A,0.28465917255389306,0.018696551762997636,0.696644275683109,6,13,fold_1,fold,1
75,C,0.4864081109381976,0.03232475648043877,0.48126713258136294,6,13,fold_1,fold,1
76,A,0.2823802972807709,0.017370257788888274,0.7002494449303408,6,13,fold_1,fold,1
76,C,0.48195134775028764,0.03050007274906311,0.48754857950065006,6,13,fold_1,fold,1
77,A,0.2802694167096823,0.016132310340650005,0.7035982729496674,6,13,fold_1,fold,1
77,C,0.4777887942258574,0.028739743901667083,0.4934714618724752,6,13,fold_1,fold,1
78,A,0.2783143131079354,0.014977754951284108,0.7067079319407799,6,13,fold_1,fold,1
78,C,0.47390396060063755,0.027047043673739946,0.49904899572562217,6,13,fold_1,fold,1
79,A,0.2765036277368124,0.01390175755836586,0.7095946147048218,6,13,fold_1,fold,1
79,C,0.47028081591436327,0.02542423526987202,0.504294948815764,6,13,fold_1,fold,1
80,A,0.2748268058402304,0.01289963249879699,0.7122735616609724,6,13,fold_1,fold,1
80,C,0.46690385923186983,0.023872690303816866,0.5092234504643132,6,13,fold_1,fold,1
81,A,0.27327404415413015,0.011966863140562643,0.7147590927053074,6,13,fold_1,fold,1
81,C,0.46375817215710247,0.022393003095406434,0.5138488247474918,6,13,fold_1,fold,1
82,A,0.27183624098110654,0.01109911645292698,0.7170646425659659,6,13,fold_1,fold,1
82,C,0.4608294555430132,0.020985098519818193,0.5181854459371691,6,13,fold_1,fold,1
83,A,0.2705049488832259,0.010292252564954158,0.7192027985518207,6,13,fold_1,fold,1
83,C,0.45810405290079187,0.019648332317453544,0.5222476147817541,6,13,fold_1,fold,1
84,A,0.2692723300301212,0.009542330182354413,0.7211853397875251,6,13,fold_1,fold,1
84,C,0.4555689626772699,0.018381583284390848,0.5260494540383394,6,13,fold_1,fold,1
85,A,0.268131114175063,0.008845608638109079,0.7230232771868281,6,13,fold_1,fold,1
85,C,0.4532118413417762,0.017183337062132827,0.5296048215960919,6,13,fold_1,fold,1
86,A,0.2670745591748687,0.008198547267595137,0.7247268935575361,6,13,fold_1,fold,1
86,C,0.45102099902085124,0.016051761468351883,0.5329272395107973,6,13,fold_1,fold,1
87,A,0.2660964139551393,0.00759780268472179,0.7263057833601402,6,13,fold_1,fold,1
87,C,0.44898538919121417,0.014984773530938762,0.5360298372778471,6,13,fold_1,fold,1
88,A,0.26519088382906814,0.0070402244208964595,0.7277688917500348,6,13,fold_1,fold,1
88,C,0.44709459370853166,0.013980098577799303,0.5389253077136681,6,13,fold_1,fold,1
89,A,0.2643525980748591,0.00652284930758465,0.7291245526175563,6,13,fold_1,fold,1
89,C,0.445338804246979,0.01303532185573714,0.541625873897285,6,13,fold_1,fold,1
90,A,0.2635765796621826,0.006042894930000299,0.7303805254078156,6,13,fold_1,fold,1
90,C,0.44370880105892196,0.012147933210941335,0.5441432657301362,6,13,fold_1,fold,1
91,A,0.2628582170093113,0.005597752429256227,0.7315440305614321,6,13,fold_1,fold,1
91,C,0.4421959298218571,0.011315365392786042,0.5464887047853566,6,13,fold_1,fold,1
92,A,0.26219323765587077,0.005184978875709099,0.7326217834684189,6,13,fold_1,fold,1
92,C,0.44079207721054686,0.010535026559215765,0.5486728962302376,6,13,fold_1,fold,1
93,A,0.2615776837429438,0.004802289388412313,0.733620026868644,6,13,fold_1,fold,1
93,C,0.43948964571676835,0.009804327564050346,0.5507060267191812,6,13,fold_1,fold,1
94,A,0.261007889194673,0.004447549141957764,0.7345445616633695,6,13,fold_1,fold,1
94,C,0.43828152814048765,0.00912070459054707,0.5525977672689656,6,13,fold_1,fold,1
95,A,0.26048045849570667,0.00411876537718288,0.7354007761271115,6,13,fold_1,fold,1
95,C,0.43716108209010845,0.008481637669883893,0.554357280240008,6,13,fold_1,fold,1
96,A,0.2599922469618836,0.003814079508489902,0.7361936735296253,6,13,fold_1,fold,1
96,C,0.43612210475847335,0.007884665589150833,0.555993229652376,6,13,fold_1,fold,1
97,A,0.2595403424089493,0.0035317593964615313,0.7369278981945907,6,13,fold_1,fold,1
97,C,0.43515880826848063,0.007327397576447045,0.5575137941550732,6,13,fold_1,fold,1
98,A,0.25912204812508693,0.0032701918408110636,0.7376077600341013,6,13,fold_1,fold,1
98,C,0.4342657955894665,0.006807522348822997,0.5589266820617089,6,13,fold_1,fold,1
99,A,0.25873486706365734,0.003027875329348269,0.7382372576069939,6,13,fold_1,fold,1
99,C,0.4334380372690327,0.0063228147815379354,0.5602391479494299,6,13,fold_1,fold,1
100,A,0.25837648717250555,0.002803413072333975,0.7388200997551602,6,13,fold_1,fold,1
100,C,0.43267084904979025,0.005871140563062863,0.5614580103871458,6,13,fold_1,fold,1
101,A,0.25804476778173896,0.002595506341410389,0.7393597258768497,6,13,fold_1,fold,1
101,C,0.4319598704296787,0.005450459149523139,0.5625896704207981,6,13,fold_1,fold,1
102,A,0.2577377269768377,0.0024029481240937785,0.7398593248990678,6,13,fold_1,fold,1
102,C,0.43130104419143583,0.005058825305766062,0.5636401305027973,6,13,fold_1,fold,1
103,A,0.2574535298887552,0.002224617098378615,0.7403218530128656,6,13,fold_1,fold,1
103,C,0.4306905969191346,0.004694389473262225,0.564615013607603,6,13,fold_1,fold,1
104,A,0.2571904778367986,0.0020594719275320856,0.7407500502356695,6,13,fold_1,fold,1
104,C,0.43012502051145046,0.004355397167603889,0.5655195823209461,6,13,fold_1,fold,1
105,A,0.25694699826399214,0.0019065458716798227,0.7411464558643286,6,13,fold_1,fold,1
105,C,0.42960105468720267,0.004040187585267307,0.5663587577275293,6,13,fold_1,fold,1
106,A,0.25672163540859694,0.0017649417097939052,0.741513422881609,6,13,fold_1,fold,1
106,C,0.42911567046509436,0.0037471915801782457,0.5671371379547265,6,13,fold_1,fold,1
107,A,0.25651304165926886,0.0016338269633431846,0.7418531313773878,6,13,fold_1,fold,1
107,C,0.4286660545916181,0.003474929148567576,0.5678590162598137,6,13,fold_1,fold,1
108,A,0.2563199695448519,0.0015124294112538006,0.742167601043895,6,13,fold_1,fold,1
108,C,0.42824959488750236,0.0032220065379854417,0.5685283985745115,6,13,fold_1,fold,1
109,A,0.25614126431310485,0.0014000328847482665,0.7424587028021471,6,13,fold_1,fold,1
109,C,0.4278638664802981,0.0029871130775677916,0.5691490204421327,6,13,fold_1,fold,1
110,A,0.25597585705579856,0.0012959733298724887,0.7427281696143303,6,13,fold_1,fold,1
110,C,0.4275066188876704,0.0027690178121753902,0.5697243633001539,6,13,fold_1,fold,1
111,A,0.2558227583405889,0.0011996351250372526,0.7429776065343731,6,13,fold_1,fold,1
111,C,0.42717576391346535,0.0025665660105765598,0.5702576700759584,6,13,fold_1,fold,1
112,A,0.25568105231283006,0.0011104476406909541,0.7432085000464791,6,13,fold_1,fold,1
112,C,0.4268693643175469,0.002378675606033265,0.5707519600764206,6,13,fold_1,fold,1
113,A,0.2555498912330593,0.0010278820282400712,0.7434222267387011,6,13,fold_1,fold,1
113,C,0.42658562322029175,0.002204333616887998,0.5712100431628194,6,13,fold_1,fold,1
114,A,0.2554284904183362,9.514482254736265e-4,0.7436200613561902,6,13,fold_1,fold,1
114,C,0.42632287420306086,0.0020425925857391293,0.5716345332112001,6,13,fold_1,fold,1
115,A,0.2553161235579363,8.806921659477112e-4,0.7438031842761162,6,13,fold_1,fold,1
115,C,0.42607957206653235,0.0018925670683357205,0.5720278608651327,6,13,fold_1,fold,1
116,A,0.2552121183760464,8.151931801151975e-4,0.7439726884438368,6,13,fold_1,fold,1
116,C,0.4258542842096589,0.0017534301970007677,0.5723922855933399,6,13,fold_1,fold,1
117,A,0.2551158526148705,7.54561577535341e-4,0.7441295858075926,6,13,fold_1,fold,1
117,C,0.4256456825907239,0.0016244103400195448,0.5727299070692581,6,13,fold_1,fold,1
118,A,0.2550267503166519,6.984363967699622e-4,0.7442748132865795,6,13,fold_1,fold,1
118,C,0.4254525362394531,0.0015047878676481747,0.5730426758928983,6,13,fold_1,fold,1
119,A,0.25494427838115724,6.464833137773905e-4,0.7444092383050649,6,13,fold_1,fold,1
119,C,0.4252737042837311,0.0013938920383814207,0.5733324036778866,6,13,fold_1,fold,1
120,A,0.2548679433785276,5.983926983314826e-4,0.7445336639231408,6,13,fold_1,fold,1
120,C,0.4251081294590747,0.0012910980126014581,0.5736007725283229,6,13,fold_1,fold,1
121,A,0.2547972885986116,5.538778086934011e-4,0.744648833592695,6,13,fold_1,fold,1
121,C,0.4249548320701492,0.001195823998343616,0.5738493439315073,6,13,fold_1,fold,1
122,A,0.2547318913194574,5.126731151496832e-4,0.7447554355653934,6,13,fold_1,fold,1
122,C,0.4248129043753725,0.0011075285313931942,0.5740795670932329,6,13,fold_1,fold,1
123,A,0.25467136027877707,4.74532743697721e-4,0.7448541069775252,6,13,fold_1,fold,1
123,C,0.4246815053670138,0.001025707890357845,0.5742927867426293,6,13,fold_1,fold,1
124,A,0.25461533333331404,4.3922903175869205e-4,0.7449454376349279,6,13,fold_1,fold,1
124,C,0.42455985592048984,9.498936460573981e-4,0.5744902504334534,6,13,fold_1,fold,1
125,A,0.2545634752921594,4.0655118825076725e-4,0.7450299735195889,6,13,fold_1,fold,1
125,C,0.4244472342881289,8.796503433257037e-4,0.5746731153685456,6,13,fold_1,fold,1
126,A,0.25451547591112816,3.7630405076382294e-4,0.7451082200381076,6,13,fold_1,fold,1
126,C,0.424342971914116,8.145733122618488e-4,0.5748424547736222,6,13,fold_1,fold,1
127,A,0.25447104803626847,3.483069330199737e-4,0.7451806450307116,6,13,fold_1,fold,1
127,C,0.42424644954880913,7.542866052203758e-4,0.5749992638459687,6,13,fold_1,fold,1
128,A,0.25442992588545116,3.223925562644997e-4,0.745247681558285,6,13,fold_1,fold,1
128,C,0.42415709364189214,6.984410553343093e-4,0.5751444653027737,6,13,fold_1,fold,1
129,A,0.25439186345778264,2.9840605866088786e-4,0.7453097304835579,6,13,fold_1,fold,1
129,C,0.4240743729950774,6.467124520019647e-4,0.5752789145529207,6,13,fold_1,fold,1
130,A,0.2543566330613415,2.762040771491078e-4,0.745367162861509,6,13,fold_1,fold,1
130,C,0.4239977956563255,5.987998284867936e-4,0.5754034045151882,6,13,fold_1,fold,1
131,A,0.2543240239504531,2.556538965858849e-4,0.7454203221529604,6,13,fold_1,fold,1
131,C,0.42392690603866706,5.544238565902666e-4,0.5755186701047439,6,13,fold_1,fold,1
132,A,0.25429384106435965,2.3663266133383605e-4,0.7454695262743063,6,13,fold_1,fold,1
132,C,0.42386128224787184,5.133253432707902e-4,0.5756253924088572,6,13,fold_1,fold,1
133,A,0.2542659038597551,2.1902664480058756e-4,0.7455150694954439,6,13,fold_1,fold,1
133,C,0.4238005336042079,4.7526382407599133e-4,0.575724202571716,6,13,fold_1,fold,1
134,A,0.25424004523020854,2.027305727417584e-4,0.74555722419705,6,13,fold_1,fold,1
134,C,0.4237442983445323,4.40016248301772e-4,0.5758156854071659,6,13,fold_1,fold,1
135,A,0.25421611050600795,1.8764699642839495e-4,0.7455962424975632,6,13,fold_1,fold,1
135,C,0.4236922414918844,4.0737575086468393e-4,0.5759003827572509,6,13,fold_1,fold,1
136,A,0.25419395652846194,1.7368571204881382e-4,0.7456323577594902,6,13,fold_1,fold,1
136,C,0.4236440528806343,3.7715050598520944e-4,0.5759787966133809,6,13,fold_1,fold,1
137,A,0.2541734507930394,1.607632230367131e-4,0.7456657859839241,6,13,fold_1,fold,1
137,C,0.4235994453258484,3.491626581152508e-4,0.5760513920160371,6,13,fold_1,fold,1
138,A,0.2541544706563678,1.4880224206688416e-4,0.7456967271015651,6,13,fold_1,fold,1
138,C,0.42355815292686577,3.232473251622316e-4,0.5761185997479724,6,13,fold_1,fold,1
139,A,0.254136902602237,1.3773122990559861e-4,0.745725366167857,6,13,fold_1,fold,1
139,C,0.42351992949516903,2.9925166988637624e-4,0.5761808188349455,6,13,fold_1,fold,1
140,A,0.25412064156223735,1.2748396840239182e-4,0.7457518744693601,6,13,fold_1,fold,1
140,C,0.42348454709758737,2.7703403522059907e-4,0.5762384188671925,6,13,fold_1,fold,1
141,A,0.25410559028696716,1.1799916511444963e-4,0.7457764105479182,6,13,fold_1,fold,1
141,C,0.42345179470649946,2.564631394842529e-4,0.5762917421540167,6,13,fold_1,fold,1
142,A,0.2540916587640473,1.0922008722752235e-4,0.7457991211487256,6,13,fold_1,fold,1
142,C,0.42342147694928095,2.3741732763538632e-4,0.5763411057230821,6,13,fold_1,fold,1
143,A,0.2540787636794654,1.010942226149902e-4,0.7458201420979188,6,13,fold_1,fold,1
143,C,0.42339341294979527,2.1978387493115455e-4,0.576386803175272,6,13,fold_1,fold,1
144,A,0.2540668279190218,9.357296603900029e-5,0.7458395991149391,6,13,fold_1,fold,1
144,C,0.4233674352552027,2.0345833957664429e-4,0.5764291064052193,6,13,fold_1,fold,1
145,A,0.25405578010688384,8.661132864081315e-5,0.7458576085644752,6,13,fold_1,fold,1
145,C,0.423343388841873,1.8834396112444562e-4,0.5764682671970017,6,13,fold_1,fold,1
146,A,0.25404555417849495,8.01676689989126e-5,0.7458742781525058,6,13,fold_1,fold,1
146,C,0.42332113019460904,1.7435110156018414e-4,0.5765045187038313,6,13,fold_1,fold,1
147,A,0.254036088985274,7.420344415858396e-5,0.7458897075705674,6,13,fold_1,fold,1
147,C,0.4233005264538235,1.6139672618720974e-4,0.5765380768199887,6,13,fold_1,fold,1
148,A,0.2540273279287439,6.86829791550804e-5,0.7459039890921019,6,13,fold_1,fold,1
148,C,0.4232814546257055,1.494039216018387e-4,0.5765691414526929,6,13,fold_1,fold,1
149,A,0.254019218621893,6.357325366185835e-5,0.7459172081244455,6,13,fold_1,fold,1
149,C,0.4232638008507347,1.383014482191905e-4,0.5765978977010451,6,13,fold_1,fold,1
150,A,0.2540117125757501,5.884370449555749e-5,0.7459294437197541,6,13,fold_1,fold,1
150,C,0.42324745972627287,1.280233249665135e-4,0.5766245169487594,6,13,fold_1,fold,1
151,A,0.2540047649092847,5.4466042802077736e-5,0.7459407690479134,6,13,fold_1,fold,1
151,C,0.4232323336792544,1.1850844390973145e-4,0.5766491578768357,6,13,fold_1,fold,1
152,A,0.25399833408090283,5.0414084834619034e-5,0.7459512518342626,6,13,fold_1,fold,1
152,C,0.4232183323852894,1.0970021272231967e-4,0.5766719674019892,6,13,fold_1,fold,1
153,A,0.25399238163993126,4.666359531512242e-5,0.7459609547647535,6,13,fold_1,fold,1
153,C,0.4232053722307655,1.0154622304268788e-4,0.5766930815461925,6,13,fold_1,fold,1
154,A,0.2539868719965982,4.31921424451706e-5,0.7459699358609565,6,13,fold_1,fold,1
154,C,0.42319337581478045,9.399794289538945e-5,0.5767126262423238,6,13,fold_1,fold,1
155,A,0.2539817722091354,3.997896370122049e-5,0.7459782488271645,6,13,fold_1,fold,1
155,C,0.42318227148796284,8.701043147217912e-5,0.5767307180805664,6,13,fold_1,fold,1
156,A,0.253977051786727,3.700484161284214e-5,0.7459859433716594,6,13,fold_1,fold,1
156,C,0.42317199292546354,8.054207468281077e-5,0.5767474649998531,6,13,fold_1,fold,1
157,A,0.2539726825071251,3.425198878510874e-5,0.7459930655040894,6,13,fold_1,fold,1
157,C,0.42316247873159796,7.455434000286379e-5,0.5767629669283991,6,13,fold_1,fold,1
158,A,0.2539686382478372,3.170394147220835e-5,0.7459996578106906,6,13,fold_1,fold,1
158,C,0.423153672073792,6.901154921944143e-5,0.5767773163769883,6,13,fold_1,fold,1
159,A,0.2539648948298831,2.9345461070893932e-5,0.7460057597090468,6,13,fold_1,fold,1
159,C,0.423145520343681,6.388066780346294e-5,0.5767905989885158,6,13,fold_1,fold,1
160,A,0.25396142987317666,2.7162442944368692e-5,0.7460114076838783,6,13,fold_1,fold,1
160,C,0.42313797484333937,5.9131109710106024e-5,0.5768028940469506,6,13,fold_1,fold,1
161,A,0.25395822266267315,2.5141832031392113e-5,0.7460166355052963,6,13,fold_1,fold,1
161,C,0.4231309904947874,5.473455649369269e-5,0.5768142749487188,6,13,fold_1,fold,1
162,A,0.2539552540244731,2.3271544735469112e-5,0.7460214744307899,6,13,fold_1,fold,1
162,C,0.42312452557105534,5.0664789700108936e-5,0.5768248096392451,6,13,fold_1,fold,1
163,A,0.25395250621115606,2.1540396626913432e-5,0.7460259533922168,6,13,fold_1,fold,1
163,C,0.42311854144719846,4.689753557420303e-5,0.5768345610172266,6,13,fold_1,fold,1
164,A,0.2539499627956359,1.9938035525549937e-5,0.7460300991688378,6,13,fold_1,fold,1
164,C,0.4231130023698079,4.3410321188474606e-5,0.5768435873090041,6,13,fold_1,fold,1
165,A,0.2539476085729267,1.8454879563847723e-5,0.7460339365475099,6,13,fold_1,fold,1
165,C,0.4231078752436155,4.018234116240942e-5,0.5768519424152228,6,13,fold_1,fold,1
166,A,0.2539454294692116,1.7082059859840466e-5,0.7460374884709288,6,13,fold_1,fold,1
166,C,0.4231031294339551,3.719433420036565e-5,0.5768596762318439,6,13,fold_1,fold,1
167,A,0.25394341245768065,1.581136745671592e-5,0.7460407761748619,6,13,fold_1,fold,1
167,C,0.42309873658388986,3.442846873100633e-5,0.5768668349473794,6,13,fold_1,fold,1
168,A,0.253941545480633,1.4635204211541018e-5,0.7460438193151551,6,13,fold_1,fold,1
168,C,0.4230946704449126,3.186823698293348e-5,0.5768734613181036,6,13,fold_1,fold,1
169,A,0.2539398173773725,1.3546537339251967e-5,0.7460466360852888,6,13,fold_1,fold,1
169,C,0.42309090672023636,2.9498356879156643e-5,0.5768795949228837,6,13,fold_1,fold,1
170,A,0.2539382178174703,1.2538857339880058e-5,0.7460492433251897,6,13,fold_1,fold,1
170,C,0.42308742291970985,2.7304681177443544e-5,0.5768852723991128,6,13,fold_1,fold,1
171,A,0.2539367372389971,1.16061390571921e-5,0.7460516566219457,6,13,fold_1,fold,1
171,C,0.42308419822552196,2.5274113324894803e-5,0.5768905276611533,6,13,fold_1,fold,1
172,A,0.2539353667913435,1.0742805635654673e-5,0.7460538904030198,6,13,fold_1,fold,1
172,C,0.42308121336788235,2.339452953356877e-5,0.5768953921025843,6,13,fold_1,fold,1
173,A,0.253934098282303,9.943695159988819e-6,0.7460559580225372,6,13,fold_1,fold,1
173,C,0.4230784505099329,2.165470661981952e-5,0.5768998947834477,6,13,fold_1,fold,1
174,A,0.2539329241290863,9.204029777643442e-6,0.7460578718411361,6,13,fold_1,fold,1
174,C,0.42307589314121863,2.0044255183282864e-5,0.5769040626035977,6,13,fold_1,fold,1
175,A,0.25393183731298574,8.519387119366623e-6,0.7460596432998938,6,13,fold_1,fold,1
175,C,0.4230735259790731,1.8553557732291784e-5,0.5769079204631947,6,13,fold_1,fold,1
176,A,0.25393083133740874,7.885673846801402e-6,0.7460612829887446,6,13,fold_1,fold,1
176,C,0.4230713348773308,1.7173711391154622e-5,0.5769114914112793,6,13,fold_1,fold,1
177,A,0.2539299001890344,7.299101168911481e-6,0.7460628007097965,6,13,fold_1,fold,1
177,C,0.42306930674182275,1.5896474851809662e-5,0.5769147967833246,6,13,fold_1,fold,1
178,A,0.2539290383018634,6.75616218041241e-6,0.7460642055359562,6,13,fold_1,fold,1
178,C,0.4230674294521648,1.4714219255806597e-5,0.5769178563285798,6,13,fold_1,fold,1
179,A,0.25392824052393825,6.253610886782805e-6,0.746065505865174,6,13,fold_1,fold,1
179,C,0.4230656917893395,1.361988271703295e-5,0.5769206883279437,6,13,fold_1,fold,1
180,A,0.2539275020865438,5.788442790288844e-6,0.7460667094706658,6,13,fold_1,fold,1
180,C,0.42306408336867873,1.2606928216138198e-5,0.5769233097031033,6,13,fold_1,fold,1
181,A,0.2539268185756932,5.3578769208232475e-6,0.7460678235473863,6,13,fold_1,fold,1
181,C,0.42306259457782486,1.1669304617416453e-5,0.5769257361175576,6,13,fold_1,fold,1
182,A,0.2539261859057433,4.959339203993114e-6,0.7460688547550529,6,13,fold_1,fold,1
182,C,0.4230612165192901,1.0801410577170788e-5,0.5769279820701325,6,13,fold_1,fold,1
183,A,0.2539256002949669,4.590447066917534e-6,0.7460698092579667,6,13,fold_1,fold,1
183,C,0.42305994095730814,9.998061129635557e-6,0.5769300609815632,6,13,fold_1,fold,1
184,A,0.2539250582429441,4.2489951896189055e-6,0.7460706927618668,6,13,fold_1,fold,1
184,C,0.42305876026861955,9.254456752321047e-6,0.5769319852746281,6,13,fold_1,fold,1
185,A,0.2539245565096362,3.9329423167454075e-6,0.7460715105480473,6,13,fold_1,fold,1
185,C,0.42305766739692835,8.56615472722401e-6,0.5769337664483455,6,13,fold_1,fold,1
186,A,0.253924092096017,3.6403990507012057e-6,0.7460722675049312,6,13,fold_1,fold,1
186,C,0.42305665581072943,7.929042627852372e-6,0.5769354151466416,6,13,fold_1,fold,1
187,A,0.253923662226143,3.369616553135156e-6,0.7460729681573035,6,13,fold_1,fold,1
187,C,0.4230557194642954,7.33931377455385e-6,0.5769369412219303,6,13,fold_1,fold,1
188,A,0.25392326433055806,3.1189760871800698e-6,0.7460736166933544,6,13,fold_1,fold,1
188,C,0.42305485276153765,6.793444512277555e-6,0.5769383537939502,6,13,fold_1,fold,1
189,A,0.25392289603093526,2.886979337870164e-6,0.746074216989727,6,13,fold_1,fold,1
189,C,0.4230540505225745,6.288173175678593e-6,0.5769396613042491,6,13,fold_1,fold,1
190,A,0.2539225551258571,2.6722394528211616e-6,0.7460747726346901,6,13,fold_1,fold,1
190,C,0.42305330795277624,5.820480616454733e-6,0.5769408715666079,6,13,fold_1,fold,1
191,A,0.2539222395776571,2.4734727495678384e-6,0.7460752869495931,6,13,fold_1,fold,1
191,C,0.4230526206141108,5.387572177049462e-6,0.5769419918137113,6,13,fold_1,fold,1
192,A,0.2539219475002384,2.2894910399437976e-6,0.7460757630087207,6,13,fold_1,fold,1
192,C,0.4230519843986314,4.986861003425435e-6,0.5769430287403661,6,13,fold_1,fold,1
193,A,0.25392167714779895,2.119194525582232e-6,0.7460762036576757,6,13,fold_1,fold,1
193,C,0.4230513955039164,4.61595259755431e-6,0.576943988543485,6,13,fold_1,fold,1
194,A,0.253921426904395,1.9615652220350704e-6,0.7460766115303833,6,13,fold_1,fold,1
194,C,0.42305085041035756,4.2726305176249824e-6,0.5769448769591246,6,13,fold_1,fold,1
195,A,0.25392119527428264,1.8156608721712184e-6,0.7460769890648457,6,13,fold_1,fold,1
195,C,0.4230503458601199,3.954843140783231e-6,0.5769456992967391,6,13,fold_1,fold,1
196,A,0.2539209808729755,1.6806093124424665e-6,0.7460773385177131,6,13,fold_1,fold,1
196,C,0.4230498788376733,3.6606914095248335e-6,0.5769464604709168,6,13,fold_1,fold,1
197,A,0.25392078241897015,1.5556032583221094e-6,0.7460776619777719,6,13,fold_1,fold,1
197,C,0.4230494465517733,3.3884174887291234e-6,0.576947165030738,6,13,fold_1,fold,1
198,A,0.25392059872608386,1.4398954777119824e-6,0.7460779613784385,6,13,fold_1,fold,1
198,C,0.42304904641878044,3.1363942656754863e-6,0.5769478171869539,6,13,fold_1,fold,1
199,A,0.25392042869636583,1.332794323456204e-6,0.7460782385093101,6,13,fold_1,fold,1
199,C,0.4230486760472165,2.903115630467329e-6,0.5769484208371534,6,13,fold_1,fold,1
200,A,0.2539202713135343,1.2336595982386248e-6,0.7460784950268674,6,13,fold_1,fold,1
200,C,0.42304833322347657,2.687187478897088e-6,0.5769489795890443,6,13,fold_1,fold,1
201,A,0.2539201256368987,1.1418987271307255e-6,0.7460787324643723,6,13,fold_1,fold,1
201,C,0.4230480158985974,2.4873193840877796e-6,0.5769494967820176,6,13,fold_1,fold,1
202,A,0.25391999079574207,1.0569632148967938e-6,0.7460789522410434,6,13,fold_1,fold,1
202,C,0.423047722176013,2.3023168872259417e-6,0.5769499755071003,6,13,fold_1,fold,1
203,A,0.25391986598411,9.783453668678467e-7,0.7460791556705236,6,13,fold_1,fold,1
203,C,0.42304745030021657,2.1310743613902767e-6,0.5769504186254208,6,13,fold_1,fold,1
204,A,0.2539197504559978,9.055752537731769e-7,0.7460793439687482,6,13,fold_1,fold,1
204,C,0.42304719864627754,1.972568405895921e-6,0.5769508287853172,6,13,fold_1,fold,1
205,A,0.2539196435208909,8.382179023777322e-7,0.746079518261207,6,13,fold_1,fold,1
205,C,0.4230469657101176,1.8258517317340657e-6,0.5769512084381504,6,13,fold_1,fold,1
206,A,0.2539195445396348,7.758706951240364e-7,0.7460796795896698,6,13,fold_1,fold,1
206,C,0.4230467500995339,1.6900475016122053e-6,0.5769515598529633,6,13,fold_1,fold,1
207,A,0.25391945292061735,7.181609632276705e-7,0.7460798289184195,6,13,fold_1,fold,1
207,C,0.42304655052587126,1.5643440908095268e-6,0.5769518851300366,6,13,fold_1,fold,1
208,A,0.2539193681162308,6.647437588326435e-7,0.7460799671400107,6,13,fold_1,fold,1
208,C,0.4230463657963226,1.4479902375717252e-6,0.5769521862134395,6,13,fold_1,fold,1
209,A,0.2539192896195991,6.152997929042897e-7,0.7460800950806084,6,13,fold_1,fold,1
209,C,0.4230461948067988,1.3402905540925171e-6,0.5769524649026478,6,13,fold_1,fold,1
210,A,0.2539192169615483,5.695335265285902e-7,0.7460802135049242,6,13,fold_1,fold,1
210,C,0.4230460365353317,1.2406013712795105e-6,0.5769527228632978,6,13,fold_1,fold,1
211,A,0.2539191497078031,5.271714042044037e-7,0.7460803231207921,6,13,fold_1,fold,1
211,C,0.4230458900359664,1.1483268924928675e-6,0.576952961637142,6,13,fold_1,fold,1
212,A,0.2539190874563888,4.879602185643388e-7,0.7460804245833917,6,13,fold_1,fold,1
212,C,0.4230457544331053,1.0629156332884904e-6,0.5769531826512613,6,13,fold_1,fold,1
213,A,0.25391902983523046,4.516655967461696e-7,0.7460805184991721,6,13,fold_1,fold,1
213,C,0.42304562891627817,9.838571259040398e-7,0.5769533872265966,6,13,fold_1,fold,1
214,A,0.25391897649992856,4.1807059936421727e-7,0.7460806054294727,6,13,fold_1,fold,1
214,C,0.4230455127352943,9.10678868805998e-7,0.5769535765858363,6,13,fold_1,fold,1
215,A,0.25391892713169967,3.8697442370360013e-7,0.7460806858938772,6,13,fold_1,fold,1
215,C,0.42304540519576417,8.429435030784737e-7,0.5769537518607329,6,13,fold_1,fold,1
216,A,0.25391888143547303,3.5819120338352437e-7,0.7460807603733237,6,13,fold_1,fold,1
216,C,0.4230453056549433,7.80246198788312e-7,0.5769539140988587,6,13,fold_1,fold,1
217,A,0.2539188391381233,3.315488973129983e-7,0.7460808293129796,6,13,fold_1,fold,1
217,C,0.42304521351789437,7.222122357155657e-7,0.5769540642698705,6,13,fold_1,fold,1
218,A,0.2539187999868431,3.0688826129553e-7,0.746080893124895,6,13,fold_1,fold,1
218,C,0.423045128233932,6.684947639957807e-7,0.5769542032713051,6,13,fold_1,fold,1
219,A,0.25391876374762623,2.8406189613458963e-7,0.746080952190477,6,13,fold_1,fold,1
219,C,0.42304504929332903,6.187727312981795e-7,0.5769543319339396,6,13,fold_1,fold,1
220,A,0.25391873020387484,2.6293336654863226e-7,0.746081006862759,6,13,fold_1,fold,1
220,C,0.42304497622427134,5.727489641565584e-7,0.5769544510267639,6,13,fold_1,fold,1
221,A,0.25391869915509896,2.43376385627936e-7,0.7460810574685164,6,13,fold_1,fold,1
221,C,0.4230449085900394,5.301483919902951e-7,0.5769545612615683,6,13,fold_1,fold,1
222,A,0.2539186704157222,2.2527405995740342e-7,0.7460811043102175,6,13,fold_1,fold,1
222,C,0.42304484598639375,4.907164032048687e-7,0.5769546632972024,6,13,fold_1,fold,1
223,A,0.25391864381397233,2.0851819089227866e-7,0.7460811476678363,6,13,fold_1,fold,1
223,C,0.42304478803916445,4.542173235502845e-7,0.5769547577435116,6,13,fold_1,fold,1
224,A,0.2539186191908529,1.9300862780950804e-7,0.7460811878005191,6,13,fold_1,fold,1
224,C,0.4230447344020109,4.204330076460426e-7,0.5769548451649819,6,13,fold_1,fold,1
225,A,0.2539185963991928,1.7865266946826567e-7,0.7460812249481369,6,13,fold_1,fold,1
225,C,0.4230446847543517,3.8916153525719354e-7,0.576954926084113,6,13,fold_1,fold,1
226,A,0.25391857530276923,1.6536450990078634e-7,0.7460812593327202,6,13,fold_1,fold,1
226,C,0.4230446387994529,3.6021600453162375e-7,0.5769550009845436,6,13,fold_1,fold,1
227,A,0.25391855577549055,1.5306472552090531e-7,0.7460812911597846,6,13,fold_1,fold,1
227,C,0.42304459626264734,3.334234149879204e-7,0.576955070313937,6,13,fold_1,fold,1
228,A,0.25391853770064376,1.4167980038415414e-7,0.7460813206195563,6,13,fold_1,fold,1
228,C,0.42304455688970255,3.0862363357931475e-7,0.5769551344866638,6,13,fold_1,fold,1
229,A,0.2539185209701972,1.3114168676137126e-7,0.7460813478881162,6,13,fold_1,fold,1
229,C,0.4230445204452906,2.856684376555069e-7,0.5769551938862711,6,13,fold_1,fold,1
230,A,0.2539185054841544,1.213873982796387e-7,0.7460813731284479,6,13,fold_1,fold,1
230,C,0.42304448671159084,2.644206288438032e-7,0.5769552488677809,6,13,fold_1,fold,1
231,A,0.25391849114995724,1.1235863363218189e-7,0.7460813964914085,6,13,fold_1,fold,1
231,C,0.4230444554869801,2.447532134988852e-7,0.5769552997598069,6,13,fold_1,fold,1
232,A,0.25391847788191135,1.0400141521940786e-7,0.7460814181166723,6,13,fold_1,fold,1
232,C,0.42304442658479036,2.265486156653286e-7,0.5769553468665932,6,13,fold_1,fold,1
233,A,0.25391846560069536,9.626577987245863e-8,0.7460814381335246,6,13,fold_1,fold,1
233,C,0.4230443998322372,2.0969800346903712e-7,0.5769553904697602,6,13,fold_1,fold,1
234,A,0.253918454232922,8.910550200932572e-8,0.7460814566615763,6,13,fold_1,fold,1
234,C,0.42304437506945686,1.9410068614004805e-7,0.576955430829857,6,13,fold_1,fold,1
235,A,0.2539184437106587,8.247779254922026e-8,0.7460814738115483,6,13,fold_1,fold,1
235,C,0.423044352148474,1.796634582321598e-7,0.5769554681880666,6,13,fold_1,fold,1
236,A,0.25391843397117336,7.634313708155662e-8,0.7460814896856899,6,13,fold_1,fold,1
236,C,0.4230443309326368,1.6630024716065028e-7,0.5769555027671163,6,13,fold_1,fold,1
237,A,0.25391842495651973,7.066503671319497e-8,0.7460815043784432,6,13,fold_1,fold,1
237,C,0.4230443112957203,1.5393154874265298e-7,0.576955534772731,6,13,fold_1,fold,1
238,A,0.2539184166127561,6.540951412985203e-8,0.7460815179777299,6,13,fold_1,fold,1
238,C,0.423044293120221,1.424833513196804e-7,0.5769555643964284,6,13,fold_1,fold,1
239,A,0.25391840888862793,6.054428567611238e-8,0.7460815305670863,6,13,fold_1,fold,1
239,C,0.4230442762944932,1.3188533234989156e-7,0.5769555918201762,6,13,fold_1,fold,1
240,A,0.25391840173690844,5.6039603860035406e-8,0.7460815422234879,6,13,fold_1,fold,1
240,C,0.42304426071565865,1.2207269360417328e-7,0.5769556172116476,6,13,fold_1,fold,1
241,A,0.25391839511008996,5.186554448674432e-8,0.7460815530243655,6,13,fold_1,fold,1
241,C,0.4230442462802318,1.1298025184373047e-7,0.576955640739516,6,13,fold_1,fold,1
242,A,0.25391838891141744,4.7961163995024576e-8,0.7460815631274176,6,13,fold_1,fold,1
242,C,0.4230442327774479,1.0447525369861655e-7,0.5769556627472964,6,13,fold_1,fold,1
243,A,0.2539183834483983,4.452015303141626e-8,0.7460815720314486,6,13,fold_1,fold,1
243,C,0.42304422087716126,9.697961797088802e-8,0.5769556821432206,6,13,fold_1,fold,1
244,A,0.25391837837732667,4.132602041575387e-8,0.7460815802966524,6,13,fold_1,fold,1
244,C,0.4230442098306665,9.002176052950373e-8,0.576955700147573,6,13,fold_1,fold,1
245,A,0.25391837367008274,3.836105361134899e-8,0.7460815879688633,6,13,fold_1,fold,1
245,C,0.42304419957670886,8.356309824577356e-8,0.5769557168601924,6,13,fold_1,fold,1
246,A,0.25391836930056355,3.560881088325132e-8,0.746081595090626,6,13,fold_1,fold,1
246,C,0.4230441900584281,7.756781613370572e-8,0.5769557323737557,6,13,fold_1,fold,1
247,A,0.2539183652445379,3.305403012958704e-8,0.7460816017014318,6,13,fold_1,fold,1
247,C,0.4230441812230415,7.200266876530844e-8,0.5769557467742892,6,13,fold_1,fold,1
248,A,0.25391836147951463,3.0682544246828946e-8,0.7460816078379404,6,13,fold_1,fold,1
248,C,0.4230441730215555,6.683679591742298e-8,0.5769557601416498,6,13,fold_1,fold,1
249,A,0.25391835798461615,2.8481202567379448e-8,0.7460816135341815,6,13,fold_1,fold,1
249,C,0.42304416540848905,6.204155144490671e-8,0.5769557725499588,6,13,fold_1,fold,1
250,A,0.2539183547404611,2.643779793378702e-8,0.7460816188217408,6,13,fold_1,fold,1
250,C,0.4230441583416272,5.759034443126147e-8,0.57695578406802694,6,13,fold_1,fold,1
251,A,0.2539183517290603,2.4540999005180183e-8,0.7460816237299409,6,13,fold_1,fold,1
251,C,0.4230441517817827,5.345849173587169e-8,0.5769557947597264,6,13,fold_1,fold,1
252,A,0.25391834893371434,2.2780287420514945e-8,0.7460816282859979,6,13,fold_1,fold,1
252,C,0.42304414569257637,4.962308112021475e-8,0.5769558046843418,6,13,fold_1,fold,1
253,A,0.2539183463389226,2.114589947017078e-8,0.7460816325151783,6,13,fold_1,fold,1
253,C,0.42304414004024476,4.606284419406539e-8,0.5769558138969122,6,13,fold_1,fold,1
254,A,0.2539183439302955,1.962877195243017e-8,0.7460816364409323,6,13,fold_1,fold,1
254,C,0.42304413479344277,4.275803847716206e-8,0.5769558224485188,6,13,fold_1,fold,1
255,A,0.2539183416944772,1.822049191458609e-8,0.7460816400850311,6,13,fold_1,fold,1
255,C,0.423044129923076,3.969033792235821e-8,0.5769558303865873,6,13,fold_1,fold,1
256,A,0.25391833961906907,1.6913249999964442e-8,0.746081643467681,6,13,fold_1,fold,1
256,C,0.42304412540213576,3.6842731293188376e-8,0.5769558377551333,6,13,fold_1,fold,1
257,A,0.25391833769256267,1.5699797142145873e-8,0.7460816466076411,6,13,fold_1,fold,1
257,C,0.42304412120555396,3.419942783234266e-8,0.5769558445950184,6,13,fold_1,fold,1
258,A,0.2539183359042742,1.4573404366234404e-8,0.746081649522321,6,13,fold_1,fold,1
258,C,0.4230441173100576,3.174576969796368e-8,0.5769558509441723,6,13,fold_1,fold,1
259,A,0.2539183342442883,1.3527825474250102e-8,0.7460816522278862,6,13,fold_1,fold,1
259,C,0.42304411369404654,2.9468150682212324e-8,0.5769558568378025,6,13,fold_1,fold,1
260,A,0.2539183327033988,1.2557262407717706e-8,0.746081654739339,6,13,fold_1,fold,1
260,C,0.4230441103374686,2.7353940761382377e-8,0.5769558623085904,6,13,fold_1,fold,1
261,A,0.2539183312730615,1.1656333095370621e-8,0.7460816570706053,6,13,fold_1,fold,1
261,C,0.4230441072217101,2.53914160591812e-8,0.5769558673868738,6,13,fold_1,fold,1
262,A,0.25391832994534486,1.0820041607669596e-8,0.7460816592346142,6,13,fold_1,fold,1
262,C,0.42304410432949313,2.3569693834809885e-8,0.5769558721008125,6,13,fold_1,fold,1
263,A,0.25391832871288594,1.0043750451920612e-8,0.7460816612433652,6,13,fold_1,fold,1
263,C,0.4230441016447809,2.187867212912361e-8,0.5769558764765472,6,13,fold_1,fold,1
264,A,0.2539183275688503,9.323154857155287e-9,0.7460816631079946,6,13,fold_1,fold,1
264,C,0.4230440991526845,2.030897375945416e-8,0.5769558805383417,6,13,fold_1,fold,1
265,A,0.25391832650689455,8.65425890284504e-9,0.7460816648388469,6,13,fold_1,fold,1
265,C,0.4230440968393849,1.8851894321128823e-8,0.5769558843087206,6,13,fold_1,fold,1
266,A,0.2539183255211294,8.033353358588341e-9,0.746081666445517,6,13,fold_1,fold,1
266,C,0.4230440946920549,1.7499353904655513e-8,0.576955887808592,6,13,fold_1,fold,1
267,A,0.25391832460608843,7.456995115925795e-9,0.7460816679369163,6,13,fold_1,fold,1
267,C,0.423044092698785,1.6243852298001883e-8,0.5769558910573616,6,13,fold_1,fold,1
268,A,0.2539183237566979,6.921988095150208e-9,0.746081669321313,6,13,fold_1,fold,1
268,C,0.42304409084852557,1.5078427395923828e-8,0.5769558940730469,6,13,fold_1,fold,1
269,A,0.25391832296824773,6.42536552198191e-9,0.7460816706063872,6,13,fold_1,fold,1
269,C,0.4230440891310123,1.3996616593231527e-8,0.5769558968723703,6,13,fold_1,fold,1
270,A,0.25391832223636485,5.964373475825679e-9,0.7460816717992622,6,13,fold_1,fold,1
270,C,0.42304408753672423,1.2992420947911047e-8,0.5769558994708549,6,13,fold_1,fold,1
271,A,0.2539183215569914,5.536455618378103e-9,0.7460816729065535,6,13,fold_1,fold,1
271,C,0.42304408605681887,1.2060271915376554e-8,0.5769559018829096,6,13,fold_1,fold,1
272,A,0.25391832092636074,5.139239017898681e-9,0.7460816739344012,6,13,fold_1,fold,1
272,C,0.4230440846830896,1.1195000469387432e-8,0.5769559041219094,6,13,fold_1,fold,1
273,A,0.2539183203409741,4.770520990535146e-9,0.7460816748885045,6,13,fold_1,fold,1
273,C,0.423044083407921,1.0391808438398147e-8,0.5769559062002707,6,13,fold_1,fold,1
274,A,0.2539183197975872,4.428256885732563e-9,0.7460816757741561,6,13,fold_1,fold,1
274,C,0.4230440822242386,9.646241898394366e-9,0.5769559081295197,6,13,fold_1,fold,1
275,A,0.25391831929318526,4.110548747991677e-9,0.7460816765962659,6,13,fold_1,fold,1
275,C,0.42304408112548114,8.954166474671666e-9,0.5769559099203533,6,13,fold_1,fold,1
276,A,0.2539183188249724,3.815634792101808e-9,0.7460816773593926,6,13,fold_1,fold,1
276,C,0.42304408010555383,8.311744415599647e-9,0.5769559115827014,6,13,fold_1,fold,1
277,A,0.2539183183903515,3.541879633484119e-9,0.7460816780677687,6,13,fold_1,fold,1
277,C,0.42304407915880227,7.7154133112395e-9,0.5769559131257839,6,13,fold_1,fold,1
278,A,0.25391831798691306,3.287765219469084e-9,0.746081678725322,6,13,fold_1,fold,1
278,C,0.4230440782799758,7.1618663388045516e-9,0.5769559145581573,6,13,fold_1,fold,1
279,A,0.2539183176124189,3.0518824112187226e-9,0.7460816793356982,6,13,fold_1,fold,1
279,C,0.4230440774642014,6.648033925419888e-9,0.5769559158877646,6,13,fold_1,fold,1
280,A,0.25391831726479375,2.8329231696121723e-9,0.7460816799022827,6,13,fold_1,fold,1
280,C,0.42304407670695554,6.171066726496236e-9,0.5769559171219781,6,13,fold_1,fold,1
281,A,0.25391831694210915,2.6296733017625725e-9,0.7460816804282175,6,13,fold_1,fold,1
281,C,0.4230440760040382,5.728319825329253e-9,0.5769559182676415,6,13,fold_1,fold,1
282,A,0.25391831664257536,2.441005727942098e-9,0.746081680916418,6,13,fold_1,fold,1
282,C,0.4230440753515526,5.3173380663064074e-9,0.5769559193311103,6,13,fold_1,fold,1
283,A,0.2539183163645324,2.2658742326153306e-9,0.7460816813695935,6,13,fold_1,fold,1
283,C,0.4230440747458802,4.935842441843031e-9,0.5769559203182777,6,13,fold_1,fold,1
284,A,0.2539183161064372,2.1033076606996854e-9,0.7460816817902554,6,13,fold_1,fold,1
284,C,0.4230440741836615,4.581717451645064e-9,0.5769559212346219,6,13,fold_1,fold,1
285,A,0.25391831586685953,1.9524045321512103e-9,0.7460816821807356,6,13,fold_1,fold,1
285,C,0.4230440736617794,4.2529993715822555e-9,0.5769559220852206,6,13,fold_1,fold,1
286,A,0.25391831564447037,1.8123280454338037e-9,0.7460816825432018,6,13,fold_1,fold,1
286,C,0.4230440731773401,3.9478653677173155e-9,0.5769559228747937,6,13,fold_1,fold,1
287,A,0.25391831543803667,1.6823014359295117e-9,0.7460816828796614,6,13,fold_1,fold,1
287,C,0.4230440727276582,3.6646233864094973e-9,0.5769559236077197,6,13,fold_1,fold,1
288,A,0.25391831524641334,1.5616036685436663e-9,0.7460816831919823,6,13,fold_1,fold,1
288,C,0.42304407231023805,3.401702771406864e-9,0.5769559242880601,6,13,fold_1,fold,1
289,A,0.25391831506853857,1.449565439347717e-9,0.7460816834818955,6,13,fold_1,fold,1
289,C,0.42304407192276633,3.1576455541204033e-9,0.5769559249195891,6,13,fold_1,fold,1
290,A,0.25391831490342515,1.3455654640875814e-9,0.7460816837510086,6,13,fold_1,fold,1
290,C,0.4230440715630927,2.9310983687821787e-9,0.5769559255058075,6,13,fold_1,fold,1
291,A,0.2539183147501587,1.2490270329761354e-9,0.746081684000814,6,13,fold_1,fold,1
291,C,0.42304407122922627,2.7208049476550342e-9,0.5769559260499693,6,13,fold_1,fold,1
292,A,0.2539183146078879,1.1594148126649652e-9,0.7460816842326962,6,13,fold_1,fold,1
292,C,0.423044070919312,2.5255991546776123e-9,0.5769559265550892,6,13,fold_1,fold,1
293,A,0.2539183144758246,1.0762318776613327e-9,0.7460816844479434,6,13,fold_1,fold,1
293,C,0.4230440706316338,2.3443985189145255e-9,0.576955927023969,6,13,fold_1,fold,1
294,A,0.253918314353236,9.990169547285587e-10,0.7460816846477466,6,13,fold_1,fold,1
294,C,0.423044070364593,2.176198231952761e-9,0.5769559274592085,6,13,fold_1,fold,1
295,A,0.2539183142394427,9.27341864989127e-10,0.7460816848332148,6,13,fold_1,fold,1
295,C,0.42304407011671274,2.020065575958345e-9,0.5769559278632213,6,13,fold_1,fold,1
296,A,0.2539183141338138,8.60809149546148e-10,0.7460816850053772,6,13,fold_1,fold,1
296,C,0.4230440698866167,1.8751347514952644e-9,0.5769559282382489,6,13,fold_1,fold,1
297,A,0.2539183140357628,7.990498654564926e-10,0.7460816851651871,6,13,fold_1,fold,1
297,C,0.42304406967302843,1.740602076425459e-9,0.5769559285863688,6,13,fold_1,fold,1
298,A,0.25391831394474706,7.417215398335542e-10,0.7460816853135325,6,13,fold_1,fold,1
298,C,0.42304406947476547,1.6157215292665982e-9,0.576955928909513,6,13,fold_1,fold,1
299,A,0.2539183138602607,6.885062707344646e-10,0.7460816854512324,6,13,fold_1,fold,1
299,C,0.42304406929072563,1.4998006122941399e-9,0.5769559292094734,6,13,fold_1,fold,1
300,A,0.25391831378183655,6.391089643006421e-10,0.7460816855790552,6,13,fold_1,fold,1
300,C,0.4230440691198901,1.3921965114475985e-9,0.5769559294879124,6,13,fold_1,fold,1
301,A,0.2539183137090385,5.932556983759869e-10,0.7460816856977057,6,13,fold_1,fold,1
301,C,0.42304406896131264,1.2923125317465641e-9,0.5769559297463756,6,13,fold_1,fold,1
302,A,0.2539183136414636,5.506922035285323e-10,0.7460816858078445,6,13,fold_1,fold,1
302,C,0.42304406881411155,1.1995947884498549e-9,0.5769559299862947,6,13,fold_1,fold,1
303,A,0.25391831357873684,5.111824529129967e-10,0.7460816859100812,6,13,fold_1,fold,1
303,C,0.4230440686774713,1.1135291353538244e-9,0.5769559302090003,6,13,fold_1,fold,1
304,A,0.25391831352051086,4.745073537200471e-10,0.7460816860049827,6,13,fold_1,fold,1
304,C,0.42304406855063403,1.0336383142353822e-9,0.5769559304157273,6,13,fold_1,fold,1
305,A,0.25391831346646176,4.404635322543202e-10,0.7460816860930746,6,13,fold_1,fold,1
305,C,0.42304406843289716,9.594793083397525e-10,0.5769559306076232,6,13,fold_1,fold,1
306,A,0.2539183134162907,4.088622058418325e-10,0.7460816861748474,6,13,fold_1,fold,1
306,C,0.4230440683236074,8.906408851276857e-10,0.5769559307857511,6,13,fold_1,fold,1
307,A,0.25391831336971915,3.795281361426505e-10,0.7460816862507524,6,13,fold_1,fold,1
307,C,0.4230440682221589,8.267413161855066e-10,0.5769559309511001,6,13,fold_1,fold,1
308,A,0.2539183133264888,3.5229865740365763e-10,0.7460816863212124,6,13,fold_1,fold,1
308,C,0.42304406812798884,7.674262604340096e-10,0.5769559311045857,6,13,fold_1,fold,1
309,A,0.2539183132863601,3.270227744300207e-10,0.7460816863866171,6,13,fold_1,fold,1
309,C,0.4230440680405742,7.123667992077955e-10,0.5769559312470587,6,13,fold_1,fold,1
310,A,0.25391831324911057,3.03560325273323e-10,0.7460816864473299,6,13,fold_1,fold,1
310,C,0.42304406795943233,6.612576123090164e-10,0.5769559313793106,6,13,fold_1,fold,1
311,A,0.25391831321453306,2.8178120399321436e-10,0.7460816865036853,6,13,fold_1,fold,1
311,C,0.4230440678841118,6.138152849211905e-10,0.5769559315020731,6,13,fold_1,fold,1
312,A,0.2539183131824369,2.6156463918255976e-10,0.7460816865559987,6,13,fold_1,fold,1
312,C,0.42304406781419485,5.697767359945173e-10,0.5769559316160279,6,13,fold_1,fold,1
313,A,0.25391831315264324,2.427985242552854e-10,0.7460816866045581,6,13,fold_1,fold,1
313,C,0.4230440677492937,5.288977593875995e-10,0.5769559317218075,6,13,fold_1,fold,1
314,A,0.25391831312498714,2.2537879578317573e-10,0.7460816866496336,6,13,fold_1,fold,1
314,C,0.42304406768904995,4.909516696758273e-10,0.5769559318199982,6,13,fold_1,fold,1
315,A,0.25391831309931545,2.0920885643431385e-10,0.7460816866914762,6,13,fold_1,fold,1
315,C,0.42304406763312785,4.557280451170386e-10,0.5769559319111435,6,13,fold_1,fold,1
316,A,0.25391831307548524,1.9419903931318708e-10,0.7460816867303147,6,13,fold_1,fold,1
316,C,0.4230440675812184,4.230315608038571e-10,0.5769559319957505,6,13,fold_1,fold,1
317,A,0.25391831305336504,1.8026611073207072e-10,0.7460816867663683,6,13,fold_1,fold,1
317,C,0.4230440675330324,3.926809055322113e-10,0.576955932074286,6,13,fold_1,fold,1
318,A,0.2539183130328317,1.6733280865640349e-10,0.7460816867998348,6,13,fold_1,fold,1
318,C,0.42304406748830403,3.6450777637976697e-10,0.5769559321471883,6,13,fold_1,fold,1
319,A,0.2539183130137719,1.5532741426471006e-10,0.7460816868309013,6,13,fold_1,fold,1
319,C,0.42304406744678424,3.3835594541892633e-10,0.5769559322148592,6,13,fold_1,fold,1
320,A,0.2539183129960794,1.4418335424723428e-10,0.7460816868597364,6,13,fold_1,fold,1
320,C,0.42304406740824363,3.1408039338906836e-10,0.5769559322776753,6,13,fold_1,fold,1
321,A,0.2539183129796559,1.338388316379227e-10,0.746081686886505,6,13,fold_1,fold,1
321,C,0.4230440673724682,2.9154650552398426e-10,0.5769559323359836,6,13,fold_1,fold,1
322,A,0.2539183129644111,1.242364831326062e-10,0.7460816869113531,6,13,fold_1,fold,1
322,C,0.42304406733926003,2.7062932507516137e-10,0.5769559323901097,6,13,fold_1,fold,1
323,A,0.25391831295025963,1.1532306102194895e-10,0.7460816869344169,6,13,fold_1,fold,1
323,C,0.4230440673084332,2.512128604809197e-10,0.5769559324403521,6,13,fold_1,fold,1
324,A,0.25391831293712375,1.0704913785882176e-10,0.7460816869558267,6,13,fold_1,fold,1
324,C,0.4230440672798202,2.3318944197540236e-10,0.5769559324869911,6,13,fold_1,fold,1
325,A,0.2539183129249304,9.936883236615562e-11,0.7460816869757003,6,13,fold_1,fold,1
325,C,0.42304406725325855,2.1645912452363674e-10,0.5769559325302829,6,13,fold_1,fold,1
326,A,0.25391831291361205,9.2239555079232e-11,0.7460816869941482,6,13,fold_1,fold,1
326,C,0.4230440672286027,2.0092913380891425e-10,0.5769559325704681,6,13,fold_1,fold,1
327,A,0.25391831290310574,8.562177214094581e-11,0.7460816870112743,6,13,fold_1,fold,1
327,C,0.4230440672057157,1.8651335166397365e-10,0.5769559326077708,6,13,fold_1,fold,1
328,A,0.2539183128933528,7.947878607530933e-11,0.7460816870271687,6,13,fold_1,fold,1
328,C,0.423044067184471,1.731318385215327e-10,0.5769559326423982,6,13,fold_1,fold,1
329,A,0.25391831288429967,7.377653228950138e-11,0.7460816870419243,6,13,fold_1,fold,1
329,C,0.42304406716475046,1.6071039012689683e-10,0.5769559326745397,6,13,fold_1,fold,1
330,A,0.2539183128758962,6.848339017600467e-11,0.7460816870556216,6,13,fold_1,fold,1
330,C,0.4230440671464438,1.4918012605448636e-10,0.5769559327043755,6,13,fold_1,fold,1
331,A,0.2539183128680951,6.357000776734312e-11,0.7460816870683336,6,13,fold_1,fold,1
331,C,0.4230440671294521,1.3847710774649621e-10,0.5769559327320712,6,13,fold_1,fold,1
332,A,0.2539183128608545,5.900913897107802e-11,0.7460816870801366,6,13,fold_1,fold,1
332,C,0.4230440671136787,1.2854198395560055e-10,0.5769559327577791,6,13,fold_1,fold,1
333,A,0.25391831285413297,5.477549248248208e-11,0.7460816870910917,6,13,fold_1,fold,1
333,C,0.42304406709903736,1.1931966162558952e-10,0.5769559327816436,6,13,fold_1,fold,1
334,A,0.25391831284789357,5.084559153707357e-11,0.7460816871012607,6,13,fold_1,fold,1
334,C,0.4230440670854464,1.1075900038486988e-10,0.5769559328037959,6,13,fold_1,fold,1
335,A,0.25391831284210187,4.71976437252924e-11,0.7460816871107002,6,13,fold_1,fold,1
335,C,0.4230440670728299,1.0281252895871771e-10,0.5769559328243572,6,13,fold_1,fold,1
336,A,0.25391831283672595,4.3811420147406546e-11,0.7460816871194619,6,13,fold_1,fold,1
336,C,0.4230440670611191,9.543618192770515e-11,0.5769559328434452,6,13,fold_1,fold,1
337,A,0.25391831283173566,4.0668143238526604e-11,0.7460816871275957,6,13,fold_1,fold,1
337,C,0.423044067050248,8.858905537255143e-11,0.5769559328611623,6,13,fold_1,fold,1
338,A,0.2539183128271032,3.7750382641685896e-11,0.7460816871351456,6,13,fold_1,fold,1
338,C,0.42304406704015796,8.223318005038498e-11,0.5769559328776107,6,13,fold_1,fold,1
339,A,0.2539183128228031,3.504195855157207e-11,0.7460816871421544,6,13,fold_1,fold,1
339,C,0.4230440670307908,7.633331084460947e-11,0.57695593289287594,6,13,fold_1,fold,1
340,A,0.2539183128188121,3.252785199292425e-11,0.7460816871486605,6,13,fold_1,fold,1
340,C,0.4230440670220962,7.085673132081858e-11,0.5769559329070475,6,13,fold_1,fold,1
341,A,0.25391831281510713,3.019412153606242e-11,0.7460816871546989,6,13,fold_1,fold,1
341,C,0.42304406701402547,6.57730723049631e-11,0.576955932920203,6,13,fold_1,fold,1
342,A,0.25391831281166755,2.802782598771457e-11,0.7460816871603044,6,13,fold_1,fold,1
342,C,0.42304406700653274,6.105414347773835e-11,0.5769559329324133,6,13,fold_1,fold,1
343,A,0.25391831280847527,2.6016952622905397e-11,0.7460816871655082,6,13,fold_1,fold,1
343,C,0.4230440669995786,5.667377706086772e-11,0.5769559329437474,6,13,fold_1,fold,1
344,A,0.25391831280551186,2.4150350582759495e-11,0.7460816871703376,6,13,fold_1,fold,1
344,C,0.4230440669931228,5.260768268962688e-11,0.5769559329542684,6,13,fold_1,fold,1
345,A,0.25391831280276067,2.241766903984767e-11,0.746081687174822,6,13,fold_1,fold,1
345,C,0.4230440669871302,4.88333127153759e-11,0.5769559329640349,6,13,fold_1,fold,1
346,A,0.2539183128002077,2.0809299786543565e-11,0.7460816871789844,6,13,fold_1,fold,1
346,C,0.4230440669815684,4.532973719501187e-11,0.576955932973101,6,13,fold_1,fold,1
347,A,0.2539183127978368,1.9316323961945668e-11,0.7460816871828453,6,13,fold_1,fold,1
347,C,0.4230440669764058,4.2077527816845365e-11,0.5769559329815176,6,13,fold_1,fold,1
348,A,0.25391831279563665,1.7930462594273317e-11,0.7460816871864329,6,13,fold_1,fold,1
348,C,0.4230440669716121,3.9058650165147587e-11,0.5769559329893288,6,13,fold_1,fold,1
349,A,0.25391831279359434,1.6644030691629456e-11,0.7460816871897611,6,13,fold_1,fold,1
349,C,0.4230440669671638,3.6256363714242845e-11,0.5769559329965813,6,13,fold_1,fold,1
350,A,0.2539183127916987,1.54498946265504e-11,0.7460816871928513,6,13,fold_1,fold,1
350,C,0.42304406696303337,3.365512899758456e-11,0.5769559330033105,6,13,fold_1,fold,1
351,A,0.2539183127899388,1.4341432578027326e-11,0.7460816871957204,6,13,fold_1,fold,1
351,C,0.4230440669592003,3.124052143704263e-11,0.5769559330095594,6,13,fold_1,fold,1
352,A,0.2539183127883054,1.3312497811639264e-11,0.7460816871983824,6,13,fold_1,fold,1
352,C,0.42304406695564206,2.8999151354559642e-11,0.5769559330153596,6,13,fold_1,fold,1
353,A,0.2539183127867889,1.2357384594175202e-11,0.7460816872008545,6,13,fold_1,fold,1
353,C,0.42304406695233926,2.6918589722620038e-11,0.5769559330207435,6,13,fold_1,fold,1
354,A,0.2539183127853809,1.1470796553732704e-11,0.7460816872031468,6,13,fold_1,fold,1
354,C,0.4230440669492723,2.4987299241796497e-11,0.5769559330257404,6,13,fold_1,fold,1
355,A,0.2539183127840747,1.0647817309840583e-11,0.7460816872052781,6,13,fold_1,fold,1
355,C,0.4230440669464262,2.319457036317919e-11,0.5769559330303798,6,13,fold_1,fold,1
356,A,0.25391831278286187,9.883883210741027e-12,0.7460816872072543,6,13,fold_1,fold,1
356,C,0.4230440669437839,2.1530461900914772e-11,0.5769559330346857,6,13,fold_1,fold,1
357,A,0.25391831278173604,9.174758026652628e-12,0.7460816872090896,6,13,fold_1,fold,1
357,C,0.42304406694133057,1.998574590553449e-11,0.5769559330386822,6,13,fold_1,fold,1
358,A,0.2539183127806907,8.516509458680398e-12,0.7460816872107928,6,13,fold_1,fold,1
358,C,0.42304406693905516,1.8551856492379074e-11,0.576955933042393,6,13,fold_1,fold,1
359,A,0.2539183127797206,7.905487333108454e-12,0.7460816872123729,6,13,fold_1,fold,1
359,C,0.42304406693694285,1.7220842341358657e-11,0.5769559330458381,6,13,fold_1,fold,1
360,A,0.2539183127788202,7.338303360156686e-12,0.7460816872138409,6,13,fold_1,fold,1
360,C,0.42304406693498064,1.598532260464652e-11,0.5769559330490344,6,13,fold_1,fold,1
361,A,0.25391831277798443,6.8118123449577e-12,0.7460816872152042,6,13,fold_1,fold,1
361,C,0.42304406693316005,1.4838445977802135e-11,0.5769559330520014,6,13,fold_1,fold,1
362,A,0.2539183127772087,6.32309474656379e-12,0.7460816872164677,6,13,fold_1,fold,1
362,C,0.4230440669314695,1.3773852707360609e-11,0.5769559330547563,6,13,fold_1,fold,1
363,A,0.2539183127764883,5.869440487881124e-12,0.7460816872176416,6,13,fold_1,fold,1
363,C,0.42304406692990043,1.2785639322589899e-11,0.5769559330573143,6,13,fold_1,fold,1
364,A,0.25391831277581967,5.448333928311104e-12,0.7460816872187315,6,13,fold_1,fold,1
364,C,0.42304406692844393,1.186832590244677e-11,0.5769559330596873,6,13,fold_1,fold,1
365,A,0.2539183127751994,5.057439913862015e-12,0.7460816872197432,6,13,fold_1,fold,1
365,C,0.4230440669270929,1.1016825687972664e-11,0.5769559330618909,6,13,fold_1,fold,1
